t,category,name,lat,lon,rotation_deg,visible,text_val,num_val
1790445971.609,hud,speed,,,,,"0.0 / 0.0",0.000
1790445971.610,hud,heading,,,,,"0° / 0°",0.000
1790445971.610,hud,drift,,,,,"0.00%",0.000
1790445971.611,hud,turns,,,,,"✗ turns: 0/15",
1790445971.611,hud,calib_s,,,,,"✗ Buffer (need 6s)",
1790445971.611,marker,reconciled,0.00000000,0.00000000,0.00,false,,
1790445975.089,hud,speed,,,,,"0.0 / 0.0",0.000
1790445975.089,hud,heading,,,,,"0° / 0°",0.000
1790445975.089,hud,drift,,,,,"0.00%",0.000
1790445975.090,hud,turns,,,,,"✗ turns: 0/15",
1790445975.090,hud,calib_s,,,,,"✗ Buffer (need 6s)",
1790445975.090,marker,reconciled,0.00000000,0.00000000,0.00,false,,
1790445975.136,hud,speed,,,,,"0.0 / 0.0",0.000
1790445975.136,hud,heading,,,,,"0° / 0°",0.000
1790445975.136,hud,drift,,,,,"0.00%",0.000
1790445975.136,hud,turns,,,,,"✗ turns: 0/15",
1790445975.137,hud,calib_s,,,,,"✗ Buffer (need 6s)",
1790445975.137,marker,reconciled,0.00000000,0.00000000,0.00,false,,
1790445975.184,hud,speed,,,,,"0.0 / 0.0",0.000
1790445975.185,hud,heading,,,,,"0° / 0°",0.000
1790445975.185,hud,drift,,,,,"0.00%",0.000
1790445975.185,hud,turns,,,,,"✗ turns: 0/15",
1790445975.186,hud,calib_s,,,,,"✗ Buffer (need 6s)",
1790445975.186,marker,reconciled,0.00000000,0.00000000,0.00,false,,
1790445975.235,hud,speed,,,,,"0.0 / 0.0",0.000
1790445975.235,hud,heading,,,,,"0° / 0°",0.000
1790445975.236,hud,drift,,,,,"0.00%",0.000
1790445975.236,hud,turns,,,,,"✗ turns: 0/15",
1790445975.236,hud,calib_s,,,,,"✗ Buffer (need 6s)",
1790445975.237,marker,reconciled,0.00000000,0.00000000,0.00,false,,
1790445975.287,hud,speed,,,,,"0.0 / 0.0",0.000
1790445975.288,hud,heading,,,,,"0° / 0°",0.000
1790445975.288,hud,drift,,,,,"0.00%",0.000
1790445975.288,hud,turns,,,,,"✗ turns: 0/15",
1790445975.288,hud,calib_s,,,,,"✗ Buffer (need 6s)",
1790445975.289,marker,reconciled,0.00000000,0.00000000,0.00,false,,
1790445975.338,hud,speed,,,,,"0.0 / 0.0",0.000
1790445975.339,hud,heading,,,,,"0° / 0°",0.000
1790445975.339,hud,drift,,,,,"0.00%",0.000
1790445975.339,hud,turns,,,,,"✗ turns: 0/15",
1790445975.340,hud,calib_s,,,,,"✗ Buffer (need 6s)",
1790445975.340,marker,reconciled,0.00000000,0.00000000,0.00,false,,
1790445975.392,hud,speed,,,,,"0.0 / 0.0",0.000
1790445975.393,hud,heading,,,,,"0° / 0°",0.000
1790445975.393,hud,drift,,,,,"0.00%",0.000
1790445975.393,hud,turns,,,,,"✗ turns: 0/15",
1790445975.394,hud,calib_s,,,,,"✗ Buffer (need 6s)",
1790445975.394,marker,reconciled,0.00000000,0.00000000,0.00,false,,
1790445975.443,hud,speed,,,,,"0.0 / 0.0",0.000
1790445975.443,hud,heading,,,,,"0° / 0°",0.000
1790445975.444,hud,drift,,,,,"0.00%",0.000
1790445975.444,hud,turns,,,,,"✗ turns: 0/15",
1790445975.444,hud,calib_s,,,,,"✗ Buffer (need 6s)",
1790445975.444,marker,reconciled,0.00000000,0.00000000,0.00,false,,
1790445975.492,hud,speed,,,,,"0.0 / 0.0",0.000
1790445975.492,hud,heading,,,,,"0° / 0°",0.000
1790445975.493,hud,drift,,,,,"0.00%",0.000
1790445975.493,hud,turns,,,,,"✗ turns: 0/15",
1790445975.493,hud,calib_s,,,,,"✗ Buffer (need 6s)",
1790445975.493,marker,reconciled,0.00000000,0.00000000,0.00,false,,
1790445975.543,hud,speed,,,,,"0.0 / 0.0",0.000
1790445975.544,hud,heading,,,,,"0° / 0°",0.000
1790445975.544,hud,drift,,,,,"0.00%",0.000
1790445975.544,hud,turns,,,,,"✗ turns: 0/15",
1790445975.545,hud,calib_s,,,,,"✗ Buffer (need 6s)",
1790445975.545,marker,reconciled,0.00000000,0.00000000,0.00,false,,
1790445975.595,hud,speed,,,,,"0.0 / 0.0",0.000
1790445975.596,hud,heading,,,,,"0° / 0°",0.000
1790445975.596,hud,drift,,,,,"0.00%",0.000
1790445975.596,hud,turns,,,,,"✗ turns: 0/15",
1790445975.596,hud,calib_s,,,,,"✗ Buffer (need 6s)",
1790445975.596,marker,reconciled,0.00000000,0.00000000,0.00,false,,
1790445975.645,hud,speed,,,,,"0.0 / 0.0",0.000
1790445975.645,hud,heading,,,,,"0° / 0°",0.000
1790445975.646,hud,drift,,,,,"0.00%",0.000
1790445975.646,hud,turns,,,,,"✗ turns: 0/15",
1790445975.647,hud,calib_s,,,,,"✗ Buffer (need 6s)",
1790445975.647,marker,reconciled,0.00000000,0.00000000,0.00,false,,
1790445975.695,hud,speed,,,,,"0.0 / 0.0",0.000
1790445975.696,hud,heading,,,,,"0° / 0°",0.000
1790445975.696,hud,drift,,,,,"0.00%",0.000
1790445975.696,hud,turns,,,,,"✗ turns: 0/15",
1790445975.696,hud,calib_s,,,,,"✗ Buffer (need 6s)",
1790445975.696,marker,reconciled,0.00000000,0.00000000,0.00,false,,
1790445975.749,hud,speed,,,,,"0.0 / 0.0",0.000
1790445975.749,hud,heading,,,,,"0° / 0°",0.000
1790445975.750,hud,drift,,,,,"0.00%",0.000
1790445975.750,hud,turns,,,,,"✗ turns: 0/15",
1790445975.750,hud,calib_s,,,,,"✗ Buffer (need 6s)",
1790445975.751,marker,reconciled,0.00000000,0.00000000,0.00,false,,
1790445975.799,hud,speed,,,,,"0.0 / 0.0",0.000
1790445975.799,hud,heading,,,,,"0° / 0°",0.000
1790445975.799,hud,drift,,,,,"0.00%",0.000
1790445975.800,hud,turns,,,,,"✗ turns: 0/15",
1790445975.800,hud,calib_s,,,,,"✗ Buffer (need 6s)",
1790445975.800,marker,reconciled,0.00000000,0.00000000,0.00,false,,
1790445975.852,hud,speed,,,,,"0.0 / 0.0",0.000
1790445975.852,hud,heading,,,,,"0° / 0°",0.000
1790445975.853,hud,drift,,,,,"0.00%",0.000
1790445975.853,hud,turns,,,,,"✗ turns: 0/15",
1790445975.853,hud,calib_s,,,,,"✗ Buffer (need 6s)",
1790445975.853,marker,reconciled,0.00000000,0.00000000,0.00,false,,
1790445975.903,hud,speed,,,,,"0.0 / 0.0",0.000
1790445975.903,hud,heading,,,,,"0° / 0°",0.000
1790445975.903,hud,drift,,,,,"0.00%",0.000
1790445975.904,hud,turns,,,,,"✗ turns: 0/15",
1790445975.904,hud,calib_s,,,,,"✗ Buffer (need 6s)",
1790445975.904,marker,reconciled,0.00000000,0.00000000,0.00,false,,
1790445975.950,hud,speed,,,,,"0.0 / 0.0",0.000
1790445975.950,hud,heading,,,,,"0° / 0°",0.000
1790445975.951,hud,drift,,,,,"0.00%",0.000
1790445975.951,hud,turns,,,,,"✗ turns: 0/15",
1790445975.951,hud,calib_s,,,,,"✗ Buffer (need 6s)",
1790445975.952,marker,reconciled,0.00000000,0.00000000,0.00,false,,
1790445976.004,hud,speed,,,,,"0.0 / 0.0",0.000
1790445976.004,hud,heading,,,,,"0° / 0°",0.000
1790445976.005,hud,drift,,,,,"0.00%",0.000
1790445976.005,hud,turns,,,,,"✗ turns: 0/15",
1790445976.005,hud,calib_s,,,,,"✗ Buffer (need 6s)",
1790445976.006,marker,reconciled,0.00000000,0.00000000,0.00,false,,
1790445976.055,hud,speed,,,,,"0.0 / 0.0",0.000
1790445976.055,hud,heading,,,,,"0° / 0°",0.000
1790445976.055,hud,drift,,,,,"0.00%",0.000
1790445976.056,hud,turns,,,,,"✗ turns: 0/15",
1790445976.056,hud,calib_s,,,,,"✗ Buffer (need 6s)",
1790445976.056,marker,reconciled,0.00000000,0.00000000,0.00,false,,
1790445976.107,hud,speed,,,,,"0.0 / 0.0",0.000
1790445976.107,hud,heading,,,,,"0° / 0°",0.000
1790445976.107,hud,drift,,,,,"0.00%",0.000
1790445976.108,hud,turns,,,,,"✗ turns: 0/15",
1790445976.108,hud,calib_s,,,,,"✗ Buffer (need 6s)",
1790445976.108,marker,reconciled,0.00000000,0.00000000,0.00,false,,
1790445976.154,hud,speed,,,,,"0.0 / 0.0",0.000
1790445976.155,hud,heading,,,,,"0° / 0°",0.000
1790445976.155,hud,drift,,,,,"0.00%",0.000
1790445976.156,hud,turns,,,,,"✗ turns: 0/15",
1790445976.156,hud,calib_s,,,,,"✗ Buffer (need 6s)",
1790445976.156,marker,reconciled,0.00000000,0.00000000,0.00,false,,
1790445976.207,hud,speed,,,,,"0.0 / 0.0",0.000
1790445976.207,hud,heading,,,,,"0° / 0°",0.000
1790445976.208,hud,drift,,,,,"0.00%",0.000
1790445976.208,hud,turns,,,,,"✗ turns: 0/15",
1790445976.208,hud,calib_s,,,,,"✗ Buffer (need 6s)",
1790445976.208,marker,reconciled,0.00000000,0.00000000,0.00,false,,
1790445976.262,hud,speed,,,,,"0.0 / 0.0",0.000
1790445976.263,hud,heading,,,,,"0° / 0°",0.000
1790445976.263,hud,drift,,,,,"0.00%",0.000
1790445976.263,hud,turns,,,,,"✗ turns: 0/15",
1790445976.263,hud,calib_s,,,,,"✗ Buffer (need 6s)",
1790445976.264,marker,reconciled,0.00000000,0.00000000,0.00,false,,
1790445976.309,hud,speed,,,,,"0.0 / 0.0",0.000
1790445976.310,hud,heading,,,,,"0° / 0°",0.000
1790445976.310,hud,drift,,,,,"0.00%",0.000
1790445976.311,hud,turns,,,,,"✗ turns: 0/15",
1790445976.311,hud,calib_s,,,,,"✗ Buffer (need 6s)",
1790445976.311,marker,reconciled,0.00000000,0.00000000,0.00,false,,
1790445976.361,hud,speed,,,,,"0.0 / 0.0",0.000
1790445976.361,hud,heading,,,,,"0° / 0°",0.000
1790445976.361,hud,drift,,,,,"0.00%",0.000
1790445976.362,hud,turns,,,,,"✗ turns: 0/15",
1790445976.362,hud,calib_s,,,,,"✗ Buffer (need 6s)",
1790445976.363,marker,reconciled,0.00000000,0.00000000,0.00,false,,
1790445976.410,hud,speed,,,,,"0.0 / 0.0",0.000
1790445976.410,hud,heading,,,,,"0° / 0°",0.000
1790445976.411,hud,drift,,,,,"0.00%",0.000
1790445976.411,hud,turns,,,,,"✗ turns: 0/15",
1790445976.412,hud,calib_s,,,,,"✗ Buffer (need 6s)",
1790445976.412,marker,reconciled,0.00000000,0.00000000,0.00,false,,
1790445976.460,hud,speed,,,,,"0.0 / 0.0",0.000
1790445976.461,hud,heading,,,,,"0° / 0°",0.000
1790445976.461,hud,drift,,,,,"0.00%",0.000
1790445976.461,hud,turns,,,,,"✗ turns: 0/15",
1790445976.462,hud,calib_s,,,,,"✗ Buffer (need 6s)",
1790445976.462,marker,reconciled,0.00000000,0.00000000,0.00,false,,
1790445976.512,hud,speed,,,,,"0.0 / 0.0",0.000
1790445976.512,hud,heading,,,,,"0° / 0°",0.000
1790445976.513,hud,drift,,,,,"0.00%",0.000
1790445976.513,hud,turns,,,,,"✗ turns: 0/15",
1790445976.513,hud,calib_s,,,,,"✗ Buffer (need 6s)",
1790445976.513,marker,reconciled,0.00000000,0.00000000,0.00,false,,
1790445976.564,hud,speed,,,,,"0.0 / 0.0",0.000
1790445976.564,hud,heading,,,,,"0° / 0°",0.000
1790445976.565,hud,drift,,,,,"0.00%",0.000
1790445976.565,hud,turns,,,,,"✗ turns: 0/15",
1790445976.565,hud,calib_s,,,,,"✗ Buffer (need 6s)",
1790445976.565,marker,reconciled,0.00000000,0.00000000,0.00,false,,
1790445976.623,hud,speed,,,,,"0.0 / 0.0",0.000
1790445976.624,hud,heading,,,,,"0° / 0°",0.000
1790445976.624,hud,drift,,,,,"0.00%",0.000
1790445976.625,hud,turns,,,,,"✗ turns: 0/15",
1790445976.625,hud,calib_s,,,,,"✗ Buffer (need 6s)",
1790445976.628,marker,gnss,52.37286400,-1.24189100,113.90,true,,
1790445976.629,marker,reconciled,0.00000000,0.00000000,0.00,false,,
1790445976.672,hud,speed,,,,,"0.0 / 0.0",0.000
1790445976.672,hud,heading,,,,,"0° / 0°",0.000
1790445976.672,hud,drift,,,,,"0.00%",0.000
1790445976.673,hud,turns,,,,,"✗ turns: 0/15",
1790445976.673,hud,calib_s,,,,,"✗ Buffer (need 6s)",
1790445976.673,marker,gnss,52.37286400,-1.24189100,113.90,true,,
1790445976.674,marker,reconciled,0.00000000,0.00000000,0.00,false,,
1790445976.717,hud,speed,,,,,"0.0 / 0.0",0.000
1790445976.718,hud,heading,,,,,"0° / 0°",0.000
1790445976.718,hud,drift,,,,,"0.00%",0.000
1790445976.718,hud,turns,,,,,"✗ turns: 0/15",
1790445976.718,hud,calib_s,,,,,"✗ Buffer (need 6s)",
1790445976.719,marker,gnss,52.37286400,-1.24189100,113.90,true,,
1790445976.719,marker,reconciled,0.00000000,0.00000000,0.00,false,,
1790445976.770,hud,speed,,,,,"0.0 / 0.0",0.000
1790445976.770,hud,heading,,,,,"0° / 0°",0.000
1790445976.771,hud,drift,,,,,"0.00%",0.000
1790445976.771,hud,turns,,,,,"✗ turns: 0/15",
1790445976.771,hud,calib_s,,,,,"✗ Buffer (need 6s)",
1790445976.771,marker,gnss,52.37286400,-1.24189100,113.90,true,,
1790445976.772,marker,reconciled,0.00000000,0.00000000,0.00,false,,
1790445976.825,hud,speed,,,,,"0.0 / 0.0",0.000
1790445976.825,hud,heading,,,,,"0° / 0°",0.000
1790445976.826,hud,drift,,,,,"0.00%",0.000
1790445976.826,hud,turns,,,,,"✗ turns: 0/15",
1790445976.826,hud,calib_s,,,,,"✗ Buffer (need 6s)",
1790445976.827,marker,gnss,52.37286400,-1.24189100,113.90,true,,
1790445976.827,marker,reconciled,0.00000000,0.00000000,0.00,false,,
1790445976.881,hud,speed,,,,,"0.0 / 0.0",0.000
1790445976.881,hud,heading,,,,,"0° / 0°",0.000
1790445976.881,hud,drift,,,,,"0.00%",0.000
1790445976.881,hud,turns,,,,,"✗ turns: 0/15",
1790445976.882,hud,calib_s,,,,,"✗ Buffer (need 6s)",
1790445976.882,marker,gnss,52.37286400,-1.24189100,113.90,true,,
1790445976.882,marker,reconciled,0.00000000,0.00000000,0.00,false,,
1790445976.927,hud,speed,,,,,"0.0 / 0.0",0.000
1790445976.927,hud,heading,,,,,"0° / 0°",0.000
1790445976.928,hud,drift,,,,,"0.00%",0.000
1790445976.928,hud,turns,,,,,"✗ turns: 0/15",
1790445976.928,hud,calib_s,,,,,"✗ Buffer (need 6s)",
1790445976.928,marker,gnss,52.37286400,-1.24189100,113.90,true,,
1790445976.929,marker,reconciled,0.00000000,0.00000000,0.00,false,,
1790445976.980,hud,speed,,,,,"0.0 / 0.0",0.000
1790445976.981,hud,heading,,,,,"0° / 0°",0.000
1790445976.981,hud,drift,,,,,"0.00%",0.000
1790445976.981,hud,turns,,,,,"✗ turns: 0/15",
1790445976.981,hud,calib_s,,,,,"✗ Buffer (need 6s)",
1790445976.982,marker,gnss,52.37286400,-1.24189100,113.90,true,,
1790445976.982,marker,reconciled,0.00000000,0.00000000,0.00,false,,
1790445977.026,hud,speed,,,,,"0.0 / 0.0",0.000
1790445977.026,hud,heading,,,,,"0° / 0°",0.000
1790445977.027,hud,drift,,,,,"0.00%",0.000
1790445977.027,hud,turns,,,,,"✗ turns: 0/15",
1790445977.027,hud,calib_s,,,,,"✗ Buffer (need 6s)",
1790445977.028,marker,gnss,52.37286400,-1.24189100,113.90,true,,
1790445977.028,marker,reconciled,0.00000000,0.00000000,0.00,false,,
1790445977.080,hud,speed,,,,,"0.0 / 0.0",0.000
1790445977.080,hud,heading,,,,,"0° / 0°",0.000
1790445977.081,hud,drift,,,,,"0.00%",0.000
1790445977.081,hud,turns,,,,,"✗ turns: 0/15",
1790445977.081,hud,calib_s,,,,,"✗ Buffer (need 6s)",
1790445977.081,marker,gnss,52.37286400,-1.24189100,113.90,true,,
1790445977.082,marker,reconciled,0.00000000,0.00000000,0.00,false,,
1790445977.135,hud,speed,,,,,"0.0 / 0.0",0.000
1790445977.136,hud,heading,,,,,"0° / 0°",0.000
1790445977.136,hud,drift,,,,,"0.00%",0.000
1790445977.136,hud,turns,,,,,"✗ turns: 0/15",
1790445977.136,hud,calib_s,,,,,"✗ Buffer (need 6s)",
1790445977.137,marker,gnss,52.37286400,-1.24189100,113.90,true,,
1790445977.137,marker,reconciled,0.00000000,0.00000000,0.00,false,,
1790445977.181,hud,speed,,,,,"0.0 / 0.0",0.000
1790445977.182,hud,heading,,,,,"0° / 0°",0.000
1790445977.182,hud,drift,,,,,"0.00%",0.000
1790445977.182,hud,turns,,,,,"✗ turns: 0/15",
1790445977.182,hud,calib_s,,,,,"✗ Buffer (need 6s)",
1790445977.183,marker,gnss,52.37286400,-1.24189100,113.90,true,,
1790445977.183,marker,reconciled,0.00000000,0.00000000,0.00,false,,
1790445977.237,hud,speed,,,,,"0.0 / 0.0",0.000
1790445977.238,hud,heading,,,,,"0° / 0°",0.000
1790445977.239,hud,drift,,,,,"0.00%",0.000
1790445977.239,hud,turns,,,,,"✗ turns: 0/15",
1790445977.239,hud,calib_s,,,,,"✗ Buffer (need 6s)",
1790445977.240,marker,gnss,52.37286400,-1.24189100,113.90,true,,
1790445977.240,marker,reconciled,0.00000000,0.00000000,0.00,false,,
1790445977.286,hud,speed,,,,,"0.0 / 0.0",0.000
1790445977.287,hud,heading,,,,,"0° / 0°",0.000
1790445977.287,hud,drift,,,,,"0.00%",0.000
1790445977.288,hud,turns,,,,,"✗ turns: 0/15",
1790445977.288,hud,calib_s,,,,,"✗ Buffer (need 6s)",
1790445977.288,marker,gnss,52.37286400,-1.24189100,113.90,true,,
1790445977.289,marker,reconciled,0.00000000,0.00000000,0.00,false,,
1790445977.335,hud,speed,,,,,"0.0 / 0.0",0.000
1790445977.335,hud,heading,,,,,"0° / 0°",0.000
1790445977.335,hud,drift,,,,,"0.00%",0.000
1790445977.335,hud,turns,,,,,"✗ turns: 0/15",
1790445977.336,hud,calib_s,,,,,"✗ Buffer (need 6s)",
1790445977.336,marker,gnss,52.37286400,-1.24189100,113.90,true,,
1790445977.336,marker,reconciled,0.00000000,0.00000000,0.00,false,,
1790445977.386,hud,speed,,,,,"0.0 / 0.0",0.000
1790445977.386,hud,heading,,,,,"0° / 0°",0.000
1790445977.387,hud,drift,,,,,"0.00%",0.000
1790445977.387,hud,turns,,,,,"✗ turns: 0/15",
1790445977.387,hud,calib_s,,,,,"✗ Buffer (need 6s)",
1790445977.387,marker,gnss,52.37286400,-1.24189100,113.90,true,,
1790445977.388,marker,reconciled,0.00000000,0.00000000,0.00,false,,
1790445977.438,hud,speed,,,,,"0.0 / 0.0",0.000
1790445977.438,hud,heading,,,,,"0° / 0°",0.000
1790445977.439,hud,drift,,,,,"0.00%",0.000
1790445977.439,hud,turns,,,,,"✗ turns: 0/15",
1790445977.439,hud,calib_s,,,,,"✗ Buffer (need 6s)",
1790445977.439,marker,gnss,52.37286400,-1.24189100,113.90,true,,
1790445977.440,marker,reconciled,0.00000000,0.00000000,0.00,false,,
1790445977.486,hud,speed,,,,,"0.0 / 0.0",0.000
1790445977.487,hud,heading,,,,,"0° / 0°",0.000
1790445977.487,hud,drift,,,,,"0.00%",0.000
1790445977.487,hud,turns,,,,,"✗ turns: 0/15",
1790445977.487,hud,calib_s,,,,,"✗ Buffer (need 6s)",
1790445977.488,marker,gnss,52.37286400,-1.24189100,113.90,true,,
1790445977.488,marker,reconciled,0.00000000,0.00000000,0.00,false,,
1790445977.538,hud,speed,,,,,"0.0 / 0.0",0.000
1790445977.539,hud,heading,,,,,"0° / 0°",0.000
1790445977.539,hud,drift,,,,,"0.00%",0.000
1790445977.539,hud,turns,,,,,"✗ turns: 0/15",
1790445977.540,hud,calib_s,,,,,"✗ Buffer (need 6s)",
1790445977.540,marker,gnss,52.37286400,-1.24189100,113.90,true,,
1790445977.540,marker,reconciled,0.00000000,0.00000000,0.00,false,,
1790445977.592,hud,speed,,,,,"0.0 / 0.0",0.000
1790445977.593,hud,heading,,,,,"0° / 0°",0.000
1790445977.593,hud,drift,,,,,"0.00%",0.000
1790445977.593,hud,turns,,,,,"✗ turns: 0/15",
1790445977.594,hud,calib_s,,,,,"✗ Buffer (need 6s)",
1790445977.594,marker,gnss,52.37286400,-1.24189100,113.90,true,,
1790445977.594,marker,reconciled,0.00000000,0.00000000,0.00,false,,
1790445977.639,hud,speed,,,,,"0.0 / 0.0",0.000
1790445977.639,hud,heading,,,,,"0° / 0°",0.000
1790445977.640,hud,drift,,,,,"0.00%",0.000
1790445977.640,hud,turns,,,,,"✗ turns: 0/15",
1790445977.640,hud,calib_s,,,,,"✗ Buffer (need 6s)",
1790445977.641,marker,gnss,52.37286400,-1.24189100,113.90,true,,
1790445977.641,marker,reconciled,0.00000000,0.00000000,0.00,false,,
1790445977.684,hud,speed,,,,,"0.0 / 0.0",0.000
1790445977.684,hud,heading,,,,,"0° / 0°",0.000
1790445977.684,hud,drift,,,,,"0.00%",0.000
1790445977.684,hud,turns,,,,,"✗ turns: 0/15",
1790445977.684,hud,calib_s,,,,,"✗ Buffer (need 6s)",
1790445977.685,marker,gnss,52.37286400,-1.24189100,113.90,true,,
1790445977.685,marker,reconciled,0.00000000,0.00000000,0.00,false,,
1790445977.739,hud,speed,,,,,"0.0 / 0.0",0.000
1790445977.739,hud,heading,,,,,"0° / 0°",0.000
1790445977.739,hud,drift,,,,,"0.00%",0.000
1790445977.739,hud,turns,,,,,"✗ turns: 0/15",
1790445977.740,hud,calib_s,,,,,"✗ Buffer (need 6s)",
1790445977.740,marker,gnss,52.37286400,-1.24189100,113.90,true,,
1790445977.740,marker,reconciled,0.00000000,0.00000000,0.00,false,,
1790445977.790,hud,speed,,,,,"0.0 / 0.0",0.000
1790445977.790,hud,heading,,,,,"0° / 0°",0.000
1790445977.791,hud,drift,,,,,"0.00%",0.000
1790445977.791,hud,turns,,,,,"✗ turns: 0/15",
1790445977.791,hud,calib_s,,,,,"✗ Buffer (need 6s)",
1790445977.791,marker,gnss,52.37286400,-1.24189100,113.90,true,,
1790445977.792,marker,reconciled,0.00000000,0.00000000,0.00,false,,
1790445977.840,hud,speed,,,,,"0.0 / 0.0",0.000
1790445977.841,hud,heading,,,,,"0° / 0°",0.000
1790445977.841,hud,drift,,,,,"0.00%",0.000
1790445977.841,hud,turns,,,,,"✗ turns: 0/15",
1790445977.841,hud,calib_s,,,,,"✗ Buffer (need 6s)",
1790445977.842,marker,gnss,52.37286400,-1.24189100,113.90,true,,
1790445977.842,marker,reconciled,0.00000000,0.00000000,0.00,false,,
1790445977.894,hud,speed,,,,,"0.0 / 0.0",0.000
1790445977.895,hud,heading,,,,,"0° / 0°",0.000
1790445977.895,hud,drift,,,,,"0.00%",0.000
1790445977.895,hud,turns,,,,,"✗ turns: 0/15",
1790445977.895,hud,calib_s,,,,,"✗ Buffer (need 6s)",
1790445977.896,marker,gnss,52.37286400,-1.24189100,113.90,true,,
1790445977.896,marker,reconciled,0.00000000,0.00000000,0.00,false,,
1790445977.943,hud,speed,,,,,"0.0 / 0.0",0.000
1790445977.944,hud,heading,,,,,"0° / 0°",0.000
1790445977.944,hud,drift,,,,,"0.00%",0.000
1790445977.944,hud,turns,,,,,"✗ turns: 0/15",
1790445977.945,hud,calib_s,,,,,"✗ Buffer (need 6s)",
1790445977.945,marker,gnss,52.37286400,-1.24189100,113.90,true,,
1790445977.945,marker,reconciled,0.00000000,0.00000000,0.00,false,,
1790445977.994,hud,speed,,,,,"0.0 / 0.0",0.000
1790445977.994,hud,heading,,,,,"0° / 0°",0.000
1790445977.995,hud,drift,,,,,"0.00%",0.000
1790445977.995,hud,turns,,,,,"✗ turns: 0/15",
1790445977.995,hud,calib_s,,,,,"✗ Buffer (need 6s)",
1790445977.996,marker,gnss,52.37286400,-1.24189100,113.90,true,,
1790445977.996,marker,reconciled,0.00000000,0.00000000,0.00,false,,
1790445978.042,hud,speed,,,,,"0.0 / 0.0",0.000
1790445978.042,hud,heading,,,,,"0° / 0°",0.000
1790445978.043,hud,drift,,,,,"0.00%",0.000
1790445978.043,hud,turns,,,,,"✗ turns: 0/15",
1790445978.043,hud,calib_s,,,,,"✗ Buffer (need 6s)",
1790445978.043,marker,gnss,52.37286400,-1.24189100,113.90,true,,
1790445978.044,marker,reconciled,0.00000000,0.00000000,0.00,false,,
1790445978.098,hud,speed,,,,,"0.0 / 0.0",0.000
1790445978.098,hud,heading,,,,,"0° / 0°",0.000
1790445978.099,hud,drift,,,,,"0.00%",0.000
1790445978.099,hud,turns,,,,,"✗ turns: 0/15",
1790445978.099,hud,calib_s,,,,,"✓ Buffer 6s",
1790445978.100,marker,gnss,52.37286400,-1.24189100,113.90,true,,
1790445978.100,marker,reconciled,0.00000000,0.00000000,0.00,false,,
1790445978.145,hud,speed,,,,,"0.0 / 0.0",0.000
1790445978.146,hud,heading,,,,,"0° / 0°",0.000
1790445978.146,hud,drift,,,,,"0.00%",0.000
1790445978.146,hud,turns,,,,,"✗ turns: 0/15",
1790445978.147,hud,calib_s,,,,,"✓ Buffer 6s",
1790445978.147,marker,gnss,52.37286400,-1.24189100,113.90,true,,
1790445978.148,marker,reconciled,0.00000000,0.00000000,0.00,false,,
1790445978.201,hud,speed,,,,,"0.0 / 0.0",0.000
1790445978.202,hud,heading,,,,,"0° / 0°",0.000
1790445978.202,hud,drift,,,,,"0.00%",0.000
1790445978.202,hud,turns,,,,,"✗ turns: 0/15",
1790445978.203,hud,calib_s,,,,,"✓ Buffer 6s",
1790445978.203,marker,gnss,52.37286400,-1.24189100,113.90,true,,
1790445978.203,marker,reconciled,0.00000000,0.00000000,0.00,false,,
1790445978.247,hud,speed,,,,,"0.0 / 0.0",0.000
1790445978.247,hud,heading,,,,,"0° / 0°",0.000
1790445978.248,hud,drift,,,,,"0.00%",0.000
1790445978.248,hud,turns,,,,,"✗ turns: 0/15",
1790445978.248,hud,calib_s,,,,,"✓ Buffer 6s",
1790445978.249,marker,gnss,52.37286400,-1.24189100,113.90,true,,
1790445978.249,marker,reconciled,0.00000000,0.00000000,0.00,false,,
1790445978.302,hud,speed,,,,,"0.0 / 0.0",0.000
1790445978.302,hud,heading,,,,,"0° / 0°",0.000
1790445978.303,hud,drift,,,,,"0.00%",0.000
1790445978.303,hud,turns,,,,,"✗ turns: 0/15",
1790445978.303,hud,calib_s,,,,,"✓ Buffer 6s",
1790445978.303,marker,gnss,52.37286400,-1.24189100,113.90,true,,
1790445978.304,marker,reconciled,0.00000000,0.00000000,0.00,false,,
1790445978.348,hud,speed,,,,,"0.0 / 0.0",0.000
1790445978.349,hud,heading,,,,,"0° / 0°",0.000
1790445978.349,hud,drift,,,,,"0.00%",0.000
1790445978.349,hud,turns,,,,,"✗ turns: 0/15",
1790445978.349,hud,calib_s,,,,,"✓ Buffer 6s",
1790445978.349,marker,gnss,52.37286400,-1.24189100,113.90,true,,
1790445978.350,marker,reconciled,0.00000000,0.00000000,0.00,false,,
1790445978.407,hud,speed,,,,,"0.0 / 0.0",0.000
1790445978.408,hud,heading,,,,,"0° / 0°",0.000
1790445978.408,hud,drift,,,,,"0.00%",0.000
1790445978.409,hud,turns,,,,,"✗ turns: 0/15",
1790445978.409,hud,calib_s,,,,,"✓ Buffer 6s",
1790445978.410,marker,gnss,52.37286400,-1.24189100,113.90,true,,
1790445978.410,marker,reconciled,0.00000000,0.00000000,0.00,false,,
1790445978.451,hud,speed,,,,,"0.0 / 0.0",0.000
1790445978.452,hud,heading,,,,,"0° / 0°",0.000
1790445978.452,hud,drift,,,,,"0.00%",0.000
1790445978.452,hud,turns,,,,,"✗ turns: 0/15",
1790445978.453,hud,calib_s,,,,,"✓ Buffer 6s",
1790445978.453,marker,gnss,52.37286400,-1.24189100,113.90,true,,
1790445978.454,marker,reconciled,0.00000000,0.00000000,0.00,false,,
1790445978.503,hud,speed,,,,,"0.0 / 0.0",0.000
1790445978.504,hud,heading,,,,,"0° / 0°",0.000
1790445978.504,hud,drift,,,,,"0.00%",0.000
1790445978.505,hud,turns,,,,,"✗ turns: 0/15",
1790445978.505,hud,calib_s,,,,,"✓ Buffer 6s",
1790445978.505,marker,gnss,52.37286400,-1.24189100,113.90,true,,
1790445978.506,marker,reconciled,0.00000000,0.00000000,0.00,false,,
1790445978.557,hud,speed,,,,,"0.0 / 0.0",0.000
1790445978.557,hud,heading,,,,,"0° / 0°",0.000
1790445978.558,hud,drift,,,,,"0.00%",0.000
1790445978.558,hud,turns,,,,,"✗ turns: 0/15",
1790445978.558,hud,calib_s,,,,,"✓ Buffer 6s",
1790445978.559,marker,gnss,52.37286400,-1.24189100,113.90,true,,
1790445978.559,marker,reconciled,0.00000000,0.00000000,0.00,false,,
1790445978.604,hud,speed,,,,,"0.0 / 0.0",0.000
1790445978.605,hud,heading,,,,,"0° / 0°",0.000
1790445978.605,hud,drift,,,,,"0.00%",0.000
1790445978.605,hud,turns,,,,,"✗ turns: 0/15",
1790445978.605,hud,calib_s,,,,,"✓ Buffer 6s",
1790445978.605,marker,gnss,52.37286400,-1.24189100,113.90,true,,
1790445978.606,marker,reconciled,0.00000000,0.00000000,0.00,false,,
1790445978.659,hud,speed,,,,,"0.0 / 0.0",0.000
1790445978.660,hud,heading,,,,,"0° / 0°",0.000
1790445978.660,hud,drift,,,,,"0.00%",0.000
1790445978.660,hud,turns,,,,,"✗ turns: 0/15",
1790445978.660,hud,calib_s,,,,,"✓ Buffer 6s",
1790445978.661,marker,gnss,52.37286400,-1.24189100,113.90,true,,
1790445978.661,marker,reconciled,0.00000000,0.00000000,0.00,false,,
1790445978.707,hud,speed,,,,,"0.0 / 0.0",0.000
1790445978.708,hud,heading,,,,,"0° / 0°",0.000
1790445978.708,hud,drift,,,,,"0.00%",0.000
1790445978.708,hud,turns,,,,,"✗ turns: 0/15",
1790445978.709,hud,calib_s,,,,,"✓ Buffer 6s",
1790445978.709,marker,gnss,52.37286400,-1.24189100,113.90,true,,
1790445978.709,marker,reconciled,0.00000000,0.00000000,0.00,false,,
1790445978.759,hud,speed,,,,,"0.0 / 0.0",0.000
1790445978.760,hud,heading,,,,,"0° / 0°",0.000
1790445978.760,hud,drift,,,,,"0.00%",0.000
1790445978.760,hud,turns,,,,,"✗ turns: 0/15",
1790445978.761,hud,calib_s,,,,,"✓ Buffer 6s",
1790445978.761,marker,gnss,52.37286400,-1.24189100,113.90,true,,
1790445978.761,marker,reconciled,0.00000000,0.00000000,0.00,false,,
1790445978.809,hud,speed,,,,,"0.0 / 0.0",0.000
1790445978.809,hud,heading,,,,,"0° / 0°",0.000
1790445978.809,hud,drift,,,,,"0.00%",0.000
1790445978.809,hud,turns,,,,,"✗ turns: 0/15",
1790445978.810,hud,calib_s,,,,,"✓ Buffer 6s",
1790445978.810,marker,gnss,52.37286400,-1.24189100,113.90,true,,
1790445978.811,marker,reconciled,0.00000000,0.00000000,0.00,false,,
1790445978.860,hud,speed,,,,,"0.0 / 0.0",0.000
1790445978.860,hud,heading,,,,,"0° / 0°",0.000
1790445978.861,hud,drift,,,,,"0.00%",0.000
1790445978.861,hud,turns,,,,,"✗ turns: 0/15",
1790445978.861,hud,calib_s,,,,,"✓ Buffer 6s",
1790445978.862,marker,gnss,52.37286400,-1.24189100,113.90,true,,
1790445978.862,marker,reconciled,0.00000000,0.00000000,0.00,false,,
1790445978.915,hud,speed,,,,,"0.0 / 0.0",0.000
1790445978.915,hud,heading,,,,,"0° / 0°",0.000
1790445978.915,hud,drift,,,,,"0.00%",0.000
1790445978.916,hud,turns,,,,,"✗ turns: 0/15",
1790445978.916,hud,calib_s,,,,,"✓ Buffer 6s",
1790445978.916,marker,gnss,52.37286400,-1.24189100,113.90,true,,
1790445978.916,marker,reconciled,0.00000000,0.00000000,0.00,false,,
1790445978.964,hud,speed,,,,,"0.0 / 0.0",0.000
1790445978.964,hud,heading,,,,,"0° / 0°",0.000
1790445978.964,hud,drift,,,,,"0.00%",0.000
1790445978.965,hud,turns,,,,,"✗ turns: 0/15",
1790445978.965,hud,calib_s,,,,,"✓ Buffer 6s",
1790445978.965,marker,gnss,52.37286400,-1.24189100,113.90,true,,
1790445978.966,marker,reconciled,0.00000000,0.00000000,0.00,false,,
1790445979.016,hud,speed,,,,,"0.0 / 0.0",0.000
1790445979.016,hud,heading,,,,,"0° / 0°",0.000
1790445979.017,hud,drift,,,,,"0.00%",0.000
1790445979.017,hud,turns,,,,,"✗ turns: 0/15",
1790445979.017,hud,calib_s,,,,,"✓ Buffer 6s",
1790445979.018,marker,gnss,52.37286400,-1.24189100,113.90,true,,
1790445979.018,marker,reconciled,0.00000000,0.00000000,0.00,false,,
1790445979.064,hud,speed,,,,,"0.0 / 0.0",0.000
1790445979.065,hud,heading,,,,,"0° / 0°",0.000
1790445979.065,hud,drift,,,,,"0.00%",0.000
1790445979.065,hud,turns,,,,,"✗ turns: 0/15",
1790445979.065,hud,calib_s,,,,,"✓ Buffer 6s",
1790445979.066,marker,gnss,52.37286400,-1.24189100,113.90,true,,
1790445979.066,marker,reconciled,0.00000000,0.00000000,0.00,false,,
1790445979.118,hud,speed,,,,,"0.0 / 0.0",0.000
1790445979.119,hud,heading,,,,,"0° / 0°",0.000
1790445979.119,hud,drift,,,,,"0.00%",0.000
1790445979.119,hud,turns,,,,,"✗ turns: 0/15",
1790445979.120,hud,calib_s,,,,,"✓ Buffer 6s",
1790445979.120,marker,gnss,52.37286400,-1.24189100,113.90,true,,
1790445979.120,marker,reconciled,0.00000000,0.00000000,0.00,false,,
1790445979.167,hud,speed,,,,,"0.0 / 0.0",0.000
1790445979.168,hud,heading,,,,,"0° / 0°",0.000
1790445979.168,hud,drift,,,,,"0.00%",0.000
1790445979.168,hud,turns,,,,,"✗ turns: 0/15",
1790445979.168,hud,calib_s,,,,,"✓ Buffer 6s",
1790445979.169,marker,gnss,52.37286400,-1.24189100,113.90,true,,
1790445979.169,marker,reconciled,0.00000000,0.00000000,0.00,false,,
1790445979.220,hud,speed,,,,,"0.0 / 0.0",0.000
1790445979.220,hud,heading,,,,,"0° / 0°",0.000
1790445979.221,hud,drift,,,,,"0.00%",0.000
1790445979.221,hud,turns,,,,,"✗ turns: 0/15",
1790445979.221,hud,calib_s,,,,,"✓ Buffer 6s",
1790445979.222,marker,gnss,52.37286400,-1.24189100,113.90,true,,
1790445979.222,marker,reconciled,0.00000000,0.00000000,0.00,false,,
1790445979.269,hud,speed,,,,,"0.0 / 0.0",0.000
1790445979.269,hud,heading,,,,,"0° / 0°",0.000
1790445979.269,hud,drift,,,,,"0.00%",0.000
1790445979.270,hud,turns,,,,,"✗ turns: 0/15",
1790445979.270,hud,calib_s,,,,,"✓ Buffer 6s",
1790445979.270,marker,gnss,52.37286400,-1.24189100,113.90,true,,
1790445979.271,marker,reconciled,0.00000000,0.00000000,0.00,false,,
1790445979.317,hud,speed,,,,,"0.0 / 0.0",0.000
1790445979.317,hud,heading,,,,,"0° / 0°",0.000
1790445979.317,hud,drift,,,,,"0.00%",0.000
1790445979.318,hud,turns,,,,,"✗ turns: 0/15",
1790445979.318,hud,calib_s,,,,,"✓ Buffer 6s",
1790445979.319,marker,gnss,52.37286400,-1.24189100,113.90,true,,
1790445979.319,marker,reconciled,0.00000000,0.00000000,0.00,false,,
1790445979.372,hud,speed,,,,,"0.0 / 0.0",0.000
1790445979.372,hud,heading,,,,,"0° / 0°",0.000
1790445979.372,hud,drift,,,,,"0.00%",0.000
1790445979.373,hud,turns,,,,,"✗ turns: 0/15",
1790445979.373,hud,calib_s,,,,,"✓ Buffer 6s",
1790445979.373,marker,gnss,52.37286400,-1.24189100,113.90,true,,
1790445979.374,marker,reconciled,0.00000000,0.00000000,0.00,false,,
1790445979.425,hud,speed,,,,,"0.0 / 0.0",0.000
1790445979.425,hud,heading,,,,,"0° / 0°",0.000
1790445979.426,hud,drift,,,,,"0.00%",0.000
1790445979.426,hud,turns,,,,,"✗ turns: 0/15",
1790445979.426,hud,calib_s,,,,,"✓ Buffer 6s",
1790445979.427,marker,gnss,52.37286400,-1.24189100,113.90,true,,
1790445979.427,marker,reconciled,0.00000000,0.00000000,0.00,false,,
1790445979.474,hud,speed,,,,,"0.0 / 0.0",0.000
1790445979.474,hud,heading,,,,,"0° / 0°",0.000
1790445979.474,hud,drift,,,,,"0.00%",0.000
1790445979.475,hud,turns,,,,,"✗ turns: 0/15",
1790445979.475,hud,calib_s,,,,,"✓ Buffer 6s",
1790445979.475,marker,gnss,52.37286400,-1.24189100,113.90,true,,
1790445979.476,marker,reconciled,0.00000000,0.00000000,0.00,false,,
1790445979.523,hud,speed,,,,,"0.0 / 0.0",0.000
1790445979.523,hud,heading,,,,,"0° / 0°",0.000
1790445979.523,hud,drift,,,,,"0.00%",0.000
1790445979.524,hud,turns,,,,,"✗ turns: 0/15",
1790445979.524,hud,calib_s,,,,,"✓ Buffer 6s",
1790445979.524,marker,gnss,52.37286400,-1.24189100,113.90,true,,
1790445979.525,marker,reconciled,0.00000000,0.00000000,0.00,false,,
1790445979.576,hud,speed,,,,,"0.0 / 0.0",0.000
1790445979.577,hud,heading,,,,,"0° / 0°",0.000
1790445979.577,hud,drift,,,,,"0.00%",0.000
1790445979.577,hud,turns,,,,,"✗ turns: 0/15",
1790445979.578,hud,calib_s,,,,,"✓ Buffer 6s",
1790445979.578,marker,gnss,52.37286400,-1.24189100,113.90,true,,
1790445979.578,marker,reconciled,0.00000000,0.00000000,0.00,false,,
1790445979.625,hud,speed,,,,,"0.0 / 0.0",0.000
1790445979.625,hud,heading,,,,,"0° / 0°",0.000
1790445979.625,hud,drift,,,,,"0.00%",0.000
1790445979.625,hud,turns,,,,,"✗ turns: 0/15",
1790445979.626,hud,calib_s,,,,,"✓ Buffer 6s",
1790445979.626,marker,gnss,52.37286400,-1.24189100,113.90,true,,
1790445979.626,marker,reconciled,0.00000000,0.00000000,0.00,false,,
1790445979.683,hud,speed,,,,,"0.0 / 0.0",0.000
1790445979.683,hud,heading,,,,,"0° / 0°",0.000
1790445979.683,hud,drift,,,,,"0.00%",0.000
1790445979.683,hud,turns,,,,,"✗ turns: 0/15",
1790445979.684,hud,calib_s,,,,,"✓ Buffer 6s",
1790445979.684,marker,gnss,52.37286400,-1.24189100,113.90,true,,
1790445979.684,marker,reconciled,0.00000000,0.00000000,0.00,false,,
1790445979.726,hud,speed,,,,,"0.0 / 0.0",0.000
1790445979.726,hud,heading,,,,,"0° / 0°",0.000
1790445979.727,hud,drift,,,,,"0.00%",0.000
1790445979.727,hud,turns,,,,,"✗ turns: 0/15",
1790445979.727,hud,calib_s,,,,,"✓ Buffer 6s",
1790445979.727,marker,gnss,52.37286400,-1.24189100,113.90,true,,
1790445979.728,marker,reconciled,0.00000000,0.00000000,0.00,false,,
1790445979.780,hud,speed,,,,,"0.0 / 0.0",0.000
1790445979.780,hud,heading,,,,,"0° / 0°",0.000
1790445979.780,hud,drift,,,,,"0.00%",0.000
1790445979.781,hud,turns,,,,,"✗ turns: 0/15",
1790445979.781,hud,calib_s,,,,,"✓ Buffer 6s",
1790445979.781,marker,gnss,52.37286400,-1.24189100,113.90,true,,
1790445979.782,marker,reconciled,0.00000000,0.00000000,0.00,false,,
1790445979.829,hud,speed,,,,,"0.0 / 0.0",0.000
1790445979.829,hud,heading,,,,,"0° / 0°",0.000
1790445979.830,hud,drift,,,,,"0.00%",0.000
1790445979.830,hud,turns,,,,,"✗ turns: 0/15",
1790445979.830,hud,calib_s,,,,,"✓ Buffer 6s",
1790445979.831,marker,gnss,52.37286400,-1.24189100,113.90,true,,
1790445979.831,marker,reconciled,0.00000000,0.00000000,0.00,false,,
1790445979.883,hud,speed,,,,,"0.0 / 0.0",0.000
1790445979.884,hud,heading,,,,,"0° / 0°",0.000
1790445979.884,hud,drift,,,,,"0.00%",0.000
1790445979.884,hud,turns,,,,,"✗ turns: 0/15",
1790445979.884,hud,calib_s,,,,,"✓ Buffer 6s",
1790445979.885,marker,gnss,52.37286400,-1.24189100,113.90,true,,
1790445979.885,marker,reconciled,0.00000000,0.00000000,0.00,false,,
1790445979.934,hud,speed,,,,,"0.0 / 0.0",0.000
1790445979.934,hud,heading,,,,,"0° / 0°",0.000
1790445979.935,hud,drift,,,,,"0.00%",0.000
1790445979.935,hud,turns,,,,,"✗ turns: 0/15",
1790445979.935,hud,calib_s,,,,,"✓ Buffer 6s",
1790445979.935,marker,gnss,52.37286400,-1.24189100,113.90,true,,
1790445979.936,marker,reconciled,0.00000000,0.00000000,0.00,false,,
1790445979.985,hud,speed,,,,,"0.0 / 0.0",0.000
1790445979.985,hud,heading,,,,,"0° / 0°",0.000
1790445979.986,hud,drift,,,,,"0.00%",0.000
1790445979.986,hud,turns,,,,,"✗ turns: 0/15",
1790445979.986,hud,calib_s,,,,,"✓ Buffer 6s",
1790445979.987,marker,gnss,52.37286400,-1.24189100,113.90,true,,
1790445979.987,marker,reconciled,0.00000000,0.00000000,0.00,false,,
1790445980.033,hud,speed,,,,,"0.0 / 0.0",0.000
1790445980.033,hud,heading,,,,,"0° / 0°",0.000
1790445980.033,hud,drift,,,,,"0.00%",0.000
1790445980.033,hud,turns,,,,,"✗ turns: 0/15",
1790445980.033,hud,calib_s,,,,,"✓ Buffer 6s",
1790445980.034,marker,gnss,52.37286400,-1.24189100,113.90,true,,
1790445980.034,marker,reconciled,0.00000000,0.00000000,0.00,false,,
1790445980.087,hud,speed,,,,,"0.0 / 0.0",0.000
1790445980.087,hud,heading,,,,,"0° / 0°",0.000
1790445980.087,hud,drift,,,,,"0.00%",0.000
1790445980.087,hud,turns,,,,,"✗ turns: 0/15",
1790445980.088,hud,calib_s,,,,,"✓ Buffer 6s",
1790445980.088,marker,gnss,52.37286400,-1.24189100,113.90,true,,
1790445980.088,marker,reconciled,0.00000000,0.00000000,0.00,false,,
1790445980.135,hud,speed,,,,,"0.0 / 0.0",0.000
1790445980.135,hud,heading,,,,,"0° / 0°",0.000
1790445980.136,hud,drift,,,,,"0.00%",0.000
1790445980.136,hud,turns,,,,,"✗ turns: 0/15",
1790445980.136,hud,calib_s,,,,,"✓ Buffer 6s",
1790445980.136,marker,gnss,52.37286400,-1.24189100,113.90,true,,
1790445980.137,marker,reconciled,0.00000000,0.00000000,0.00,false,,
1790445980.195,hud,speed,,,,,"0.0 / 0.0",0.000
1790445980.196,hud,heading,,,,,"0° / 0°",0.000
1790445980.196,hud,drift,,,,,"0.00%",0.000
1790445980.197,hud,turns,,,,,"✗ turns: 0/15",
1790445980.197,hud,calib_s,,,,,"✓ Buffer 6s",
1790445980.198,marker,gnss,52.37286400,-1.24189100,113.90,true,,
1790445980.198,marker,reconciled,0.00000000,0.00000000,0.00,false,,
1790445980.239,hud,speed,,,,,"0.0 / 0.0",0.000
1790445980.240,hud,heading,,,,,"0° / 0°",0.000
1790445980.240,hud,drift,,,,,"0.00%",0.000
1790445980.240,hud,turns,,,,,"✗ turns: 0/15",
1790445980.241,hud,calib_s,,,,,"✓ Buffer 6s",
1790445980.241,marker,gnss,52.37286400,-1.24189100,113.90,true,,
1790445980.241,marker,reconciled,0.00000000,0.00000000,0.00,false,,
1790445980.290,hud,speed,,,,,"0.0 / 0.0",0.000
1790445980.290,hud,heading,,,,,"0° / 0°",0.000
1790445980.291,hud,drift,,,,,"0.00%",0.000
1790445980.291,hud,turns,,,,,"✗ turns: 0/15",
1790445980.291,hud,calib_s,,,,,"✓ Buffer 6s",
1790445980.292,marker,gnss,52.37286400,-1.24189100,113.90,true,,
1790445980.292,marker,reconciled,0.00000000,0.00000000,0.00,false,,
1790445980.343,hud,speed,,,,,"0.0 / 0.0",0.000
1790445980.343,hud,heading,,,,,"0° / 0°",0.000
1790445980.344,hud,drift,,,,,"0.00%",0.000
1790445980.344,hud,turns,,,,,"✗ turns: 0/15",
1790445980.344,hud,calib_s,,,,,"✓ Buffer 6s",
1790445980.344,marker,gnss,52.37286400,-1.24189100,113.90,true,,
1790445980.345,marker,reconciled,0.00000000,0.00000000,0.00,false,,
1790445980.393,hud,speed,,,,,"0.0 / 0.0",0.000
1790445980.393,hud,heading,,,,,"0° / 0°",0.000
1790445980.394,hud,drift,,,,,"0.00%",0.000
1790445980.394,hud,turns,,,,,"✗ turns: 0/15",
1790445980.394,hud,calib_s,,,,,"✓ Buffer 6s",
1790445980.395,marker,gnss,52.37286400,-1.24189100,113.90,true,,
1790445980.395,marker,reconciled,0.00000000,0.00000000,0.00,false,,
1790445980.447,hud,speed,,,,,"0.0 / 0.0",0.000
1790445980.447,hud,heading,,,,,"0° / 0°",0.000
1790445980.448,hud,drift,,,,,"0.00%",0.000
1790445980.448,hud,turns,,,,,"✗ turns: 0/15",
1790445980.448,hud,calib_s,,,,,"✓ Buffer 6s",
1790445980.448,marker,gnss,52.37286400,-1.24189100,113.90,true,,
1790445980.449,marker,reconciled,0.00000000,0.00000000,0.00,false,,
1790445980.493,hud,speed,,,,,"0.0 / 0.0",0.000
1790445980.493,hud,heading,,,,,"0° / 0°",0.000
1790445980.494,hud,drift,,,,,"0.00%",0.000
1790445980.494,hud,turns,,,,,"✗ turns: 0/15",
1790445980.494,hud,calib_s,,,,,"✓ Buffer 6s",
1790445980.495,marker,gnss,52.37286400,-1.24189100,113.90,true,,
1790445980.495,marker,reconciled,0.00000000,0.00000000,0.00,false,,
1790445980.546,hud,speed,,,,,"0.0 / 0.0",0.000
1790445980.546,hud,heading,,,,,"0° / 0°",0.000
1790445980.546,hud,drift,,,,,"0.00%",0.000
1790445980.547,hud,turns,,,,,"✗ turns: 0/15",
1790445980.547,hud,calib_s,,,,,"✓ Buffer 6s",
1790445980.547,marker,gnss,52.37286400,-1.24189100,113.90,true,,
1790445980.548,marker,reconciled,0.00000000,0.00000000,0.00,false,,
1790445980.597,hud,speed,,,,,"0.0 / 0.0",0.000
1790445980.597,hud,heading,,,,,"0° / 0°",0.000
1790445980.597,hud,drift,,,,,"0.00%",0.000
1790445980.598,hud,turns,,,,,"✗ turns: 0/15",
1790445980.598,hud,calib_s,,,,,"✓ Buffer 6s",
1790445980.599,marker,gnss,52.37286400,-1.24189100,113.90,true,,
1790445980.599,marker,reconciled,0.00000000,0.00000000,0.00,false,,
1790445980.649,hud,speed,,,,,"0.0 / 0.0",0.000
1790445980.649,hud,heading,,,,,"0° / 0°",0.000
1790445980.650,hud,drift,,,,,"0.00%",0.000
1790445980.650,hud,turns,,,,,"✗ turns: 0/15",
1790445980.650,hud,calib_s,,,,,"✓ Buffer 6s",
1790445980.651,marker,gnss,52.37286400,-1.24189100,113.90,true,,
1790445980.651,marker,reconciled,0.00000000,0.00000000,0.00,false,,
1790445980.699,hud,speed,,,,,"0.0 / 0.0",0.000
1790445980.699,hud,heading,,,,,"0° / 0°",0.000
1790445980.699,hud,drift,,,,,"0.00%",0.000
1790445980.700,hud,turns,,,,,"✗ turns: 0/15",
1790445980.700,hud,calib_s,,,,,"✓ Buffer 6s",
1790445980.700,marker,gnss,52.37286400,-1.24189100,113.90,true,,
1790445980.700,marker,reconciled,0.00000000,0.00000000,0.00,false,,
1790445980.749,hud,speed,,,,,"0.0 / 0.0",0.000
1790445980.750,hud,heading,,,,,"0° / 0°",0.000
1790445980.750,hud,drift,,,,,"0.00%",0.000
1790445980.750,hud,turns,,,,,"✗ turns: 0/15",
1790445980.751,hud,calib_s,,,,,"✓ Buffer 6s",
1790445980.751,marker,gnss,52.37286400,-1.24189100,113.90,true,,
1790445980.751,marker,reconciled,0.00000000,0.00000000,0.00,false,,
1790445980.800,hud,speed,,,,,"0.0 / 0.0",0.000
1790445980.800,hud,heading,,,,,"0° / 0°",0.000
1790445980.800,hud,drift,,,,,"0.00%",0.000
1790445980.801,hud,turns,,,,,"✗ turns: 0/15",
1790445980.801,hud,calib_s,,,,,"✓ Buffer 6s",
1790445980.801,marker,gnss,52.37286400,-1.24189100,113.90,true,,
1790445980.801,marker,reconciled,0.00000000,0.00000000,0.00,false,,
1790445980.854,hud,speed,,,,,"0.0 / 0.0",0.000
1790445980.854,hud,heading,,,,,"0° / 0°",0.000
1790445980.854,hud,drift,,,,,"0.00%",0.000
1790445980.855,hud,turns,,,,,"✗ turns: 0/15",
1790445980.855,hud,calib_s,,,,,"✓ Buffer 6s",
1790445980.855,marker,gnss,52.37286400,-1.24189100,113.90,true,,
1790445980.855,marker,reconciled,0.00000000,0.00000000,0.00,false,,
1790445980.905,hud,speed,,,,,"0.0 / 0.0",0.000
1790445980.906,hud,heading,,,,,"0° / 0°",0.000
1790445980.906,hud,drift,,,,,"0.00%",0.000
1790445980.906,hud,turns,,,,,"✗ turns: 0/15",
1790445980.906,hud,calib_s,,,,,"✓ Buffer 6s",
1790445980.907,marker,gnss,52.37286400,-1.24189100,113.90,true,,
1790445980.907,marker,reconciled,0.00000000,0.00000000,0.00,false,,
1790445980.955,hud,speed,,,,,"0.0 / 0.0",0.000
1790445980.955,hud,heading,,,,,"0° / 0°",0.000
1790445980.955,hud,drift,,,,,"0.00%",0.000
1790445980.956,hud,turns,,,,,"✗ turns: 0/15",
1790445980.956,hud,calib_s,,,,,"✓ Buffer 6s",
1790445980.956,marker,gnss,52.37286400,-1.24189100,113.90,true,,
1790445980.957,marker,reconciled,0.00000000,0.00000000,0.00,false,,
1790445981.007,hud,speed,,,,,"0.0 / 0.0",0.000
1790445981.007,hud,heading,,,,,"0° / 0°",0.000
1790445981.007,hud,drift,,,,,"0.00%",0.000
1790445981.008,hud,turns,,,,,"✗ turns: 0/15",
1790445981.008,hud,calib_s,,,,,"✓ Buffer 6s",
1790445981.008,marker,gnss,52.37286400,-1.24189100,113.90,true,,
1790445981.008,marker,reconciled,0.00000000,0.00000000,0.00,false,,
1790445981.054,hud,speed,,,,,"0.0 / 0.0",0.000
1790445981.054,hud,heading,,,,,"0° / 0°",0.000
1790445981.055,hud,drift,,,,,"0.00%",0.000
1790445981.055,hud,turns,,,,,"✗ turns: 0/15",
1790445981.055,hud,calib_s,,,,,"✓ Buffer 6s",
1790445981.055,marker,gnss,52.37286400,-1.24189100,113.90,true,,
1790445981.056,marker,reconciled,0.00000000,0.00000000,0.00,false,,
1790445981.108,hud,speed,,,,,"0.0 / 0.0",0.000
1790445981.109,hud,heading,,,,,"0° / 0°",0.000
1790445981.109,hud,drift,,,,,"0.00%",0.000
1790445981.109,hud,turns,,,,,"✗ turns: 0/15",
1790445981.110,hud,calib_s,,,,,"✓ Buffer 6s",
1790445981.110,marker,gnss,52.37286400,-1.24189100,113.90,true,,
1790445981.110,marker,reconciled,0.00000000,0.00000000,0.00,false,,
1790445981.156,hud,speed,,,,,"0.0 / 0.0",0.000
1790445981.156,hud,heading,,,,,"0° / 0°",0.000
1790445981.156,hud,drift,,,,,"0.00%",0.000
1790445981.157,hud,turns,,,,,"✗ turns: 0/15",
1790445981.157,hud,calib_s,,,,,"✓ Buffer 6s",
1790445981.157,marker,gnss,52.37286400,-1.24189100,113.90,true,,
1790445981.157,marker,reconciled,0.00000000,0.00000000,0.00,false,,
1790445981.216,hud,speed,,,,,"0.0 / 0.0",0.000
1790445981.217,hud,heading,,,,,"0° / 0°",0.000
1790445981.217,hud,drift,,,,,"0.00%",0.000
1790445981.217,hud,turns,,,,,"✗ turns: 1/15",
1790445981.217,hud,calib_s,,,,,"✓ Buffer 6s",
1790445981.218,marker,gnss,52.37262300,-1.24278900,195.10,true,,
1790445981.218,marker,reconciled,0.00000000,0.00000000,0.00,false,,
1790445981.260,hud,speed,,,,,"0.0 / 0.0",0.000
1790445981.260,hud,heading,,,,,"0° / 0°",0.000
1790445981.260,hud,drift,,,,,"0.00%",0.000
1790445981.260,hud,turns,,,,,"✗ turns: 1/15",
1790445981.261,hud,calib_s,,,,,"✓ Buffer 6s",
1790445981.261,marker,gnss,52.37262300,-1.24278900,195.10,true,,
1790445981.261,marker,reconciled,0.00000000,0.00000000,0.00,false,,
1790445981.309,hud,speed,,,,,"0.0 / 0.0",0.000
1790445981.309,hud,heading,,,,,"0° / 0°",0.000
1790445981.309,hud,drift,,,,,"0.00%",0.000
1790445981.310,hud,turns,,,,,"✗ turns: 1/15",
1790445981.310,hud,calib_s,,,,,"✓ Buffer 6s",
1790445981.310,marker,gnss,52.37262300,-1.24278900,195.10,true,,
1790445981.311,marker,reconciled,0.00000000,0.00000000,0.00,false,,
1790445981.365,hud,speed,,,,,"0.0 / 0.0",0.000
1790445981.366,hud,heading,,,,,"0° / 0°",0.000
1790445981.366,hud,drift,,,,,"0.00%",0.000
1790445981.366,hud,turns,,,,,"✗ turns: 1/15",
1790445981.367,hud,calib_s,,,,,"✓ Buffer 6s",
1790445981.367,marker,gnss,52.37262300,-1.24278900,195.10,true,,
1790445981.367,marker,reconciled,0.00000000,0.00000000,0.00,false,,
1790445981.413,hud,speed,,,,,"0.0 / 0.0",0.000
1790445981.413,hud,heading,,,,,"0° / 0°",0.000
1790445981.414,hud,drift,,,,,"0.00%",0.000
1790445981.414,hud,turns,,,,,"✗ turns: 1/15",
1790445981.414,hud,calib_s,,,,,"✓ Buffer 6s",
1790445981.415,marker,gnss,52.37262300,-1.24278900,195.10,true,,
1790445981.415,marker,reconciled,0.00000000,0.00000000,0.00,false,,
1790445981.472,hud,speed,,,,,"0.0 / 0.0",0.000
1790445981.473,hud,heading,,,,,"0° / 0°",0.000
1790445981.473,hud,drift,,,,,"0.00%",0.000
1790445981.474,hud,turns,,,,,"✗ turns: 1/15",
1790445981.474,hud,calib_s,,,,,"✓ Buffer 6s",
1790445981.475,marker,gnss,52.37262300,-1.24278900,195.10,true,,
1790445981.476,marker,reconciled,0.00000000,0.00000000,0.00,false,,
1790445981.517,hud,speed,,,,,"0.0 / 0.0",0.000
1790445981.518,hud,heading,,,,,"0° / 0°",0.000
1790445981.518,hud,drift,,,,,"0.00%",0.000
1790445981.518,hud,turns,,,,,"✗ turns: 1/15",
1790445981.519,hud,calib_s,,,,,"✓ Buffer 6s",
1790445981.519,marker,gnss,52.37262300,-1.24278900,195.10,true,,
1790445981.519,marker,reconciled,0.00000000,0.00000000,0.00,false,,
1790445981.568,hud,speed,,,,,"0.0 / 0.0",0.000
1790445981.569,hud,heading,,,,,"0° / 0°",0.000
1790445981.569,hud,drift,,,,,"0.00%",0.000
1790445981.569,hud,turns,,,,,"✗ turns: 1/15",
1790445981.570,hud,calib_s,,,,,"✓ Buffer 6s",
1790445981.570,marker,gnss,52.37262300,-1.24278900,195.10,true,,
1790445981.571,marker,reconciled,0.00000000,0.00000000,0.00,false,,
1790445981.622,hud,speed,,,,,"0.0 / 0.0",0.000
1790445981.622,hud,heading,,,,,"0° / 0°",0.000
1790445981.623,hud,drift,,,,,"0.00%",0.000
1790445981.623,hud,turns,,,,,"✗ turns: 1/15",
1790445981.623,hud,calib_s,,,,,"✓ Buffer 6s",
1790445981.624,marker,gnss,52.37262300,-1.24278900,195.10,true,,
1790445981.624,marker,reconciled,0.00000000,0.00000000,0.00,false,,
1790445981.670,hud,speed,,,,,"0.0 / 0.0",0.000
1790445981.671,hud,heading,,,,,"0° / 0°",0.000
1790445981.671,hud,drift,,,,,"0.00%",0.000
1790445981.671,hud,turns,,,,,"✗ turns: 1/15",
1790445981.671,hud,calib_s,,,,,"✓ Buffer 6s",
1790445981.672,marker,gnss,52.37262300,-1.24278900,195.10,true,,
1790445981.672,marker,reconciled,0.00000000,0.00000000,0.00,false,,
1790445981.725,hud,speed,,,,,"0.0 / 0.0",0.000
1790445981.725,hud,heading,,,,,"0° / 0°",0.000
1790445981.726,hud,drift,,,,,"0.00%",0.000
1790445981.726,hud,turns,,,,,"✗ turns: 1/15",
1790445981.726,hud,calib_s,,,,,"✓ Buffer 6s",
1790445981.727,marker,gnss,52.37262300,-1.24278900,195.10,true,,
1790445981.727,marker,reconciled,0.00000000,0.00000000,0.00,false,,
1790445981.770,hud,speed,,,,,"0.0 / 0.0",0.000
1790445981.771,hud,heading,,,,,"0° / 0°",0.000
1790445981.771,hud,drift,,,,,"0.00%",0.000
1790445981.771,hud,turns,,,,,"✗ turns: 1/15",
1790445981.772,hud,calib_s,,,,,"✓ Buffer 6s",
1790445981.772,marker,gnss,52.37262300,-1.24278900,195.10,true,,
1790445981.772,marker,reconciled,0.00000000,0.00000000,0.00,false,,
1790445981.825,hud,speed,,,,,"0.0 / 0.0",0.000
1790445981.825,hud,heading,,,,,"0° / 0°",0.000
1790445981.826,hud,drift,,,,,"0.00%",0.000
1790445981.826,hud,turns,,,,,"✗ turns: 1/15",
1790445981.826,hud,calib_s,,,,,"✓ Buffer 6s",
1790445981.827,marker,gnss,52.37262300,-1.24278900,195.10,true,,
1790445981.827,marker,reconciled,0.00000000,0.00000000,0.00,false,,
1790445981.873,hud,speed,,,,,"0.0 / 0.0",0.000
1790445981.874,hud,heading,,,,,"0° / 0°",0.000
1790445981.874,hud,drift,,,,,"0.00%",0.000
1790445981.874,hud,turns,,,,,"✗ turns: 1/15",
1790445981.875,hud,calib_s,,,,,"✓ Buffer 6s",
1790445981.875,marker,gnss,52.37262300,-1.24278900,195.10,true,,
1790445981.875,marker,reconciled,0.00000000,0.00000000,0.00,false,,
1790445981.927,hud,speed,,,,,"0.0 / 0.0",0.000
1790445981.927,hud,heading,,,,,"0° / 0°",0.000
1790445981.928,hud,drift,,,,,"0.00%",0.000
1790445981.928,hud,turns,,,,,"✗ turns: 1/15",
1790445981.928,hud,calib_s,,,,,"✓ Buffer 6s",
1790445981.928,marker,gnss,52.37262300,-1.24278900,195.10,true,,
1790445981.929,marker,reconciled,0.00000000,0.00000000,0.00,false,,
1790445981.978,hud,speed,,,,,"0.0 / 0.0",0.000
1790445981.978,hud,heading,,,,,"0° / 0°",0.000
1790445981.979,hud,drift,,,,,"0.00%",0.000
1790445981.979,hud,turns,,,,,"✗ turns: 1/15",
1790445981.979,hud,calib_s,,,,,"✓ Buffer 6s",
1790445981.979,marker,gnss,52.37262300,-1.24278900,195.10,true,,
1790445981.980,marker,reconciled,0.00000000,0.00000000,0.00,false,,
1790445982.029,hud,speed,,,,,"0.0 / 0.0",0.000
1790445982.029,hud,heading,,,,,"0° / 0°",0.000
1790445982.029,hud,drift,,,,,"0.00%",0.000
1790445982.030,hud,turns,,,,,"✗ turns: 1/15",
1790445982.030,hud,calib_s,,,,,"✓ Buffer 6s",
1790445982.030,marker,gnss,52.37262300,-1.24278900,195.10,true,,
1790445982.031,marker,reconciled,0.00000000,0.00000000,0.00,false,,
1790445982.078,hud,speed,,,,,"0.0 / 0.0",0.000
1790445982.078,hud,heading,,,,,"0° / 0°",0.000
1790445982.078,hud,drift,,,,,"0.00%",0.000
1790445982.079,hud,turns,,,,,"✗ turns: 1/15",
1790445982.079,hud,calib_s,,,,,"✓ Buffer 6s",
1790445982.079,marker,gnss,52.37262300,-1.24278900,195.10,true,,
1790445982.080,marker,reconciled,0.00000000,0.00000000,0.00,false,,
1790445982.132,hud,speed,,,,,"0.0 / 0.0",0.000
1790445982.133,hud,heading,,,,,"0° / 0°",0.000
1790445982.133,hud,drift,,,,,"0.00%",0.000
1790445982.133,hud,turns,,,,,"✗ turns: 1/15",
1790445982.133,hud,calib_s,,,,,"✓ Buffer 6s",
1790445982.134,marker,gnss,52.37262300,-1.24278900,195.10,true,,
1790445982.134,marker,reconciled,0.00000000,0.00000000,0.00,false,,
1790445982.180,hud,speed,,,,,"0.0 / 0.0",0.000
1790445982.180,hud,heading,,,,,"0° / 0°",0.000
1790445982.181,hud,drift,,,,,"0.00%",0.000
1790445982.181,hud,turns,,,,,"✗ turns: 1/15",
1790445982.181,hud,calib_s,,,,,"✓ Buffer 6s",
1790445982.181,marker,gnss,52.37262300,-1.24278900,195.10,true,,
1790445982.182,marker,reconciled,0.00000000,0.00000000,0.00,false,,
1790445982.236,hud,speed,,,,,"0.0 / 0.0",0.000
1790445982.237,hud,heading,,,,,"0° / 0°",0.000
1790445982.237,hud,drift,,,,,"0.00%",0.000
1790445982.237,hud,turns,,,,,"✗ turns: 1/15",
1790445982.238,hud,calib_s,,,,,"✓ Buffer 6s",
1790445982.238,marker,gnss,52.37262300,-1.24278900,195.10,true,,
1790445982.239,marker,reconciled,0.00000000,0.00000000,0.00,false,,
1790445982.281,hud,speed,,,,,"0.0 / 0.0",0.000
1790445982.281,hud,heading,,,,,"0° / 0°",0.000
1790445982.282,hud,drift,,,,,"0.00%",0.000
1790445982.282,hud,turns,,,,,"✗ turns: 1/15",
1790445982.282,hud,calib_s,,,,,"✓ Buffer 6s",
1790445982.283,marker,gnss,52.37262300,-1.24278900,195.10,true,,
1790445982.283,marker,reconciled,0.00000000,0.00000000,0.00,false,,
1790445982.333,hud,speed,,,,,"0.0 / 0.0",0.000
1790445982.333,hud,heading,,,,,"0° / 0°",0.000
1790445982.333,hud,drift,,,,,"0.00%",0.000
1790445982.334,hud,turns,,,,,"✗ turns: 1/15",
1790445982.334,hud,calib_s,,,,,"✓ Buffer 6s",
1790445982.335,marker,gnss,52.37262300,-1.24278900,195.10,true,,
1790445982.335,marker,reconciled,0.00000000,0.00000000,0.00,false,,
1790445982.386,hud,speed,,,,,"0.0 / 0.0",0.000
1790445982.387,hud,heading,,,,,"0° / 0°",0.000
1790445982.387,hud,drift,,,,,"0.00%",0.000
1790445982.387,hud,turns,,,,,"✗ turns: 1/15",
1790445982.388,hud,calib_s,,,,,"✓ Buffer 6s",
1790445982.388,marker,gnss,52.37262300,-1.24278900,195.10,true,,
1790445982.388,marker,reconciled,0.00000000,0.00000000,0.00,false,,
1790445982.433,hud,speed,,,,,"0.0 / 0.0",0.000
1790445982.433,hud,heading,,,,,"0° / 0°",0.000
1790445982.433,hud,drift,,,,,"0.00%",0.000
1790445982.434,hud,turns,,,,,"✗ turns: 1/15",
1790445982.434,hud,calib_s,,,,,"✓ Buffer 6s",
1790445982.434,marker,gnss,52.37262300,-1.24278900,195.10,true,,
1790445982.434,marker,reconciled,0.00000000,0.00000000,0.00,false,,
1790445982.491,hud,speed,,,,,"0.0 / 0.0",0.000
1790445982.491,hud,heading,,,,,"0° / 0°",0.000
1790445982.491,hud,drift,,,,,"0.00%",0.000
1790445982.492,hud,turns,,,,,"✗ turns: 1/15",
1790445982.492,hud,calib_s,,,,,"✓ Buffer 6s",
1790445982.492,marker,gnss,52.37262300,-1.24278900,195.10,true,,
1790445982.493,marker,reconciled,0.00000000,0.00000000,0.00,false,,
1790445982.537,hud,speed,,,,,"0.0 / 0.0",0.000
1790445982.537,hud,heading,,,,,"0° / 0°",0.000
1790445982.538,hud,drift,,,,,"0.00%",0.000
1790445982.538,hud,turns,,,,,"✗ turns: 1/15",
1790445982.538,hud,calib_s,,,,,"✓ Buffer 6s",
1790445982.538,marker,gnss,52.37262300,-1.24278900,195.10,true,,
1790445982.539,marker,reconciled,0.00000000,0.00000000,0.00,false,,
1790445982.591,hud,speed,,,,,"0.0 / 0.0",0.000
1790445982.592,hud,heading,,,,,"0° / 0°",0.000
1790445982.592,hud,drift,,,,,"0.00%",0.000
1790445982.592,hud,turns,,,,,"✗ turns: 1/15",
1790445982.593,hud,calib_s,,,,,"✓ Buffer 6s",
1790445982.593,marker,gnss,52.37262300,-1.24278900,195.10,true,,
1790445982.593,marker,reconciled,0.00000000,0.00000000,0.00,false,,
1790445982.641,hud,speed,,,,,"0.0 / 0.0",0.000
1790445982.641,hud,heading,,,,,"0° / 0°",0.000
1790445982.641,hud,drift,,,,,"0.00%",0.000
1790445982.642,hud,turns,,,,,"✗ turns: 1/15",
1790445982.642,hud,calib_s,,,,,"✓ Buffer 6s",
1790445982.642,marker,gnss,52.37262300,-1.24278900,195.10,true,,
1790445982.643,marker,reconciled,0.00000000,0.00000000,0.00,false,,
1790445982.693,hud,speed,,,,,"0.0 / 0.0",0.000
1790445982.694,hud,heading,,,,,"0° / 0°",0.000
1790445982.694,hud,drift,,,,,"0.00%",0.000
1790445982.695,hud,turns,,,,,"✗ turns: 1/15",
1790445982.696,hud,calib_s,,,,,"✓ Buffer 6s",
1790445982.696,marker,gnss,52.37262300,-1.24278900,195.10,true,,
1790445982.697,marker,reconciled,0.00000000,0.00000000,0.00,false,,
1790445982.744,hud,speed,,,,,"0.0 / 0.0",0.000
1790445982.744,hud,heading,,,,,"0° / 0°",0.000
1790445982.745,hud,drift,,,,,"0.00%",0.000
1790445982.745,hud,turns,,,,,"✗ turns: 1/15",
1790445982.745,hud,calib_s,,,,,"✓ Buffer 6s",
1790445982.745,marker,gnss,52.37262300,-1.24278900,195.10,true,,
1790445982.746,marker,reconciled,0.00000000,0.00000000,0.00,false,,
1790445982.794,hud,speed,,,,,"0.0 / 0.0",0.000
1790445982.795,hud,heading,,,,,"0° / 0°",0.000
1790445982.795,hud,drift,,,,,"0.00%",0.000
1790445982.795,hud,turns,,,,,"✗ turns: 1/15",
1790445982.796,hud,calib_s,,,,,"✓ Buffer 6s",
1790445982.796,marker,gnss,52.37262300,-1.24278900,195.10,true,,
1790445982.796,marker,reconciled,0.00000000,0.00000000,0.00,false,,
1790445982.845,hud,speed,,,,,"0.0 / 0.0",0.000
1790445982.845,hud,heading,,,,,"0° / 0°",0.000
1790445982.845,hud,drift,,,,,"0.00%",0.000
1790445982.845,hud,turns,,,,,"✗ turns: 1/15",
1790445982.846,hud,calib_s,,,,,"✓ Buffer 6s",
1790445982.846,marker,gnss,52.37262300,-1.24278900,195.10,true,,
1790445982.847,marker,reconciled,0.00000000,0.00000000,0.00,false,,
1790445982.897,hud,speed,,,,,"0.0 / 0.0",0.000
1790445982.897,hud,heading,,,,,"0° / 0°",0.000
1790445982.897,hud,drift,,,,,"0.00%",0.000
1790445982.898,hud,turns,,,,,"✗ turns: 1/15",
1790445982.898,hud,calib_s,,,,,"✓ Buffer 6s",
1790445982.898,marker,gnss,52.37262300,-1.24278900,195.10,true,,
1790445982.899,marker,reconciled,0.00000000,0.00000000,0.00,false,,
1790445982.948,hud,speed,,,,,"0.0 / 0.0",0.000
1790445982.948,hud,heading,,,,,"0° / 0°",0.000
1790445982.948,hud,drift,,,,,"0.00%",0.000
1790445982.949,hud,turns,,,,,"✗ turns: 1/15",
1790445982.949,hud,calib_s,,,,,"✓ Buffer 6s",
1790445982.949,marker,gnss,52.37262300,-1.24278900,195.10,true,,
1790445982.950,marker,reconciled,0.00000000,0.00000000,0.00,false,,
1790445983.003,hud,speed,,,,,"0.0 / 0.0",0.000
1790445983.003,hud,heading,,,,,"0° / 0°",0.000
1790445983.003,hud,drift,,,,,"0.00%",0.000
1790445983.004,hud,turns,,,,,"✗ turns: 1/15",
1790445983.004,hud,calib_s,,,,,"✓ Buffer 6s",
1790445983.004,marker,gnss,52.37262300,-1.24278900,195.10,true,,
1790445983.005,marker,reconciled,0.00000000,0.00000000,0.00,false,,
1790445983.049,hud,speed,,,,,"0.0 / 0.0",0.000
1790445983.050,hud,heading,,,,,"0° / 0°",0.000
1790445983.050,hud,drift,,,,,"0.00%",0.000
1790445983.051,hud,turns,,,,,"✗ turns: 1/15",
1790445983.051,hud,calib_s,,,,,"✓ Buffer 6s",
1790445983.051,marker,gnss,52.37262300,-1.24278900,195.10,true,,
1790445983.052,marker,reconciled,0.00000000,0.00000000,0.00,false,,
1790445983.103,hud,speed,,,,,"0.0 / 0.0",0.000
1790445983.103,hud,heading,,,,,"0° / 0°",0.000
1790445983.103,hud,drift,,,,,"0.00%",0.000
1790445983.103,hud,turns,,,,,"✗ turns: 1/15",
1790445983.104,hud,calib_s,,,,,"✓ Buffer 6s",
1790445983.104,marker,gnss,52.37262300,-1.24278900,195.10,true,,
1790445983.104,marker,reconciled,0.00000000,0.00000000,0.00,false,,
1790445983.155,hud,speed,,,,,"0.0 / 0.0",0.000
1790445983.155,hud,heading,,,,,"0° / 0°",0.000
1790445983.156,hud,drift,,,,,"0.00%",0.000
1790445983.156,hud,turns,,,,,"✗ turns: 1/15",
1790445983.156,hud,calib_s,,,,,"✓ Buffer 6s",
1790445983.157,marker,gnss,52.37262300,-1.24278900,195.10,true,,
1790445983.157,marker,reconciled,0.00000000,0.00000000,0.00,false,,
1790445983.202,hud,speed,,,,,"0.0 / 0.0",0.000
1790445983.202,hud,heading,,,,,"0° / 0°",0.000
1790445983.202,hud,drift,,,,,"0.00%",0.000
1790445983.203,hud,turns,,,,,"✗ turns: 1/15",
1790445983.203,hud,calib_s,,,,,"✓ Buffer 6s",
1790445983.203,marker,gnss,52.37262300,-1.24278900,195.10,true,,
1790445983.204,marker,reconciled,0.00000000,0.00000000,0.00,false,,
1790445983.259,hud,speed,,,,,"0.0 / 0.0",0.000
1790445983.260,hud,heading,,,,,"0° / 0°",0.000
1790445983.260,hud,drift,,,,,"0.00%",0.000
1790445983.260,hud,turns,,,,,"✗ turns: 1/15",
1790445983.260,hud,calib_s,,,,,"✓ Buffer 6s",
1790445983.261,marker,gnss,52.37262300,-1.24278900,195.10,true,,
1790445983.261,marker,reconciled,0.00000000,0.00000000,0.00,false,,
1790445983.305,hud,speed,,,,,"0.0 / 0.0",0.000
1790445983.305,hud,heading,,,,,"0° / 0°",0.000
1790445983.306,hud,drift,,,,,"0.00%",0.000
1790445983.306,hud,turns,,,,,"✗ turns: 1/15",
1790445983.306,hud,calib_s,,,,,"✓ Buffer 6s",
1790445983.307,marker,gnss,52.37262300,-1.24278900,195.10,true,,
1790445983.307,marker,reconciled,0.00000000,0.00000000,0.00,false,,
1790445983.357,hud,speed,,,,,"0.0 / 0.0",0.000
1790445983.357,hud,heading,,,,,"0° / 0°",0.000
1790445983.357,hud,drift,,,,,"0.00%",0.000
1790445983.358,hud,turns,,,,,"✗ turns: 1/15",
1790445983.358,hud,calib_s,,,,,"✓ Buffer 6s",
1790445983.358,marker,gnss,52.37262300,-1.24278900,195.10,true,,
1790445983.359,marker,reconciled,0.00000000,0.00000000,0.00,false,,
1790445983.406,hud,speed,,,,,"0.0 / 0.0",0.000
1790445983.407,hud,heading,,,,,"0° / 0°",0.000
1790445983.407,hud,drift,,,,,"0.00%",0.000
1790445983.407,hud,turns,,,,,"✗ turns: 1/15",
1790445983.408,hud,calib_s,,,,,"✓ Buffer 6s",
1790445983.408,marker,gnss,52.37262300,-1.24278900,195.10,true,,
1790445983.408,marker,reconciled,0.00000000,0.00000000,0.00,false,,
1790445983.459,hud,speed,,,,,"0.0 / 0.0",0.000
1790445983.460,hud,heading,,,,,"0° / 0°",0.000
1790445983.460,hud,drift,,,,,"0.00%",0.000
1790445983.460,hud,turns,,,,,"✗ turns: 1/15",
1790445983.460,hud,calib_s,,,,,"✓ Buffer 6s",
1790445983.461,marker,gnss,52.37262300,-1.24278900,195.10,true,,
1790445983.461,marker,reconciled,0.00000000,0.00000000,0.00,false,,
1790445983.513,hud,speed,,,,,"0.0 / 0.0",0.000
1790445983.513,hud,heading,,,,,"0° / 0°",0.000
1790445983.513,hud,drift,,,,,"0.00%",0.000
1790445983.514,hud,turns,,,,,"✗ turns: 1/15",
1790445983.514,hud,calib_s,,,,,"✓ Buffer 6s",
1790445983.514,marker,gnss,52.37262300,-1.24278900,195.10,true,,
1790445983.515,marker,reconciled,0.00000000,0.00000000,0.00,false,,
1790445983.561,hud,speed,,,,,"0.0 / 0.0",0.000
1790445983.561,hud,heading,,,,,"0° / 0°",0.000
1790445983.561,hud,drift,,,,,"0.00%",0.000
1790445983.562,hud,turns,,,,,"✗ turns: 1/15",
1790445983.562,hud,calib_s,,,,,"✓ Buffer 6s",
1790445983.562,marker,gnss,52.37262300,-1.24278900,195.10,true,,
1790445983.563,marker,reconciled,0.00000000,0.00000000,0.00,false,,
1790445983.610,hud,speed,,,,,"0.0 / 0.0",0.000
1790445983.610,hud,heading,,,,,"0° / 0°",0.000
1790445983.610,hud,drift,,,,,"0.00%",0.000
1790445983.611,hud,turns,,,,,"✗ turns: 1/15",
1790445983.611,hud,calib_s,,,,,"✓ Buffer 6s",
1790445983.611,marker,gnss,52.37262300,-1.24278900,195.10,true,,
1790445983.611,marker,reconciled,0.00000000,0.00000000,0.00,false,,
1790445983.662,hud,speed,,,,,"0.0 / 0.0",0.000
1790445983.663,hud,heading,,,,,"0° / 0°",0.000
1790445983.663,hud,drift,,,,,"0.00%",0.000
1790445983.663,hud,turns,,,,,"✗ turns: 1/15",
1790445983.663,hud,calib_s,,,,,"✓ Buffer 6s",
1790445983.664,marker,gnss,52.37262300,-1.24278900,195.10,true,,
1790445983.664,marker,reconciled,0.00000000,0.00000000,0.00,false,,
1790445983.716,hud,speed,,,,,"0.0 / 0.0",0.000
1790445983.716,hud,heading,,,,,"0° / 0°",0.000
1790445983.717,hud,drift,,,,,"0.00%",0.000
1790445983.717,hud,turns,,,,,"✗ turns: 1/15",
1790445983.717,hud,calib_s,,,,,"✓ Buffer 6s",
1790445983.718,marker,gnss,52.37262300,-1.24278900,195.10,true,,
1790445983.718,marker,reconciled,0.00000000,0.00000000,0.00,false,,
1790445983.766,hud,speed,,,,,"0.0 / 0.0",0.000
1790445983.767,hud,heading,,,,,"0° / 0°",0.000
1790445983.767,hud,drift,,,,,"0.00%",0.000
1790445983.767,hud,turns,,,,,"✗ turns: 1/15",
1790445983.767,hud,calib_s,,,,,"✓ Buffer 6s",
1790445983.768,marker,gnss,52.37262300,-1.24278900,195.10,true,,
1790445983.768,marker,reconciled,0.00000000,0.00000000,0.00,false,,
1790445983.818,hud,speed,,,,,"0.0 / 0.0",0.000
1790445983.818,hud,heading,,,,,"0° / 0°",0.000
1790445983.819,hud,drift,,,,,"0.00%",0.000
1790445983.819,hud,turns,,,,,"✗ turns: 1/15",
1790445983.819,hud,calib_s,,,,,"✓ Buffer 6s",
1790445983.820,marker,gnss,52.37262300,-1.24278900,195.10,true,,
1790445983.820,marker,reconciled,0.00000000,0.00000000,0.00,false,,
1790445983.864,hud,speed,,,,,"0.0 / 0.0",0.000
1790445983.865,hud,heading,,,,,"0° / 0°",0.000
1790445983.865,hud,drift,,,,,"0.00%",0.000
1790445983.865,hud,turns,,,,,"✗ turns: 1/15",
1790445983.865,hud,calib_s,,,,,"✓ Buffer 6s",
1790445983.865,marker,gnss,52.37262300,-1.24278900,195.10,true,,
1790445983.866,marker,reconciled,0.00000000,0.00000000,0.00,false,,
1790445983.919,hud,speed,,,,,"0.0 / 0.0",0.000
1790445983.919,hud,heading,,,,,"0° / 0°",0.000
1790445983.920,hud,drift,,,,,"0.00%",0.000
1790445983.920,hud,turns,,,,,"✗ turns: 1/15",
1790445983.920,hud,calib_s,,,,,"✓ Buffer 6s",
1790445983.921,marker,gnss,52.37262300,-1.24278900,195.10,true,,
1790445983.921,marker,reconciled,0.00000000,0.00000000,0.00,false,,
1790445983.969,hud,speed,,,,,"0.0 / 0.0",0.000
1790445983.969,hud,heading,,,,,"0° / 0°",0.000
1790445983.969,hud,drift,,,,,"0.00%",0.000
1790445983.970,hud,turns,,,,,"✗ turns: 1/15",
1790445983.970,hud,calib_s,,,,,"✓ Buffer 6s",
1790445983.970,marker,gnss,52.37262300,-1.24278900,195.10,true,,
1790445983.971,marker,reconciled,0.00000000,0.00000000,0.00,false,,
1790445984.025,hud,speed,,,,,"0.0 / 0.0",0.000
1790445984.025,hud,heading,,,,,"0° / 0°",0.000
1790445984.026,hud,drift,,,,,"0.00%",0.000
1790445984.026,hud,turns,,,,,"✗ turns: 1/15",
1790445984.026,hud,calib_s,,,,,"✓ Buffer 6s",
1790445984.027,marker,gnss,52.37262300,-1.24278900,195.10,true,,
1790445984.027,marker,reconciled,0.00000000,0.00000000,0.00,false,,
1790445984.073,hud,speed,,,,,"0.0 / 0.0",0.000
1790445984.073,hud,heading,,,,,"0° / 0°",0.000
1790445984.073,hud,drift,,,,,"0.00%",0.000
1790445984.074,hud,turns,,,,,"✗ turns: 1/15",
1790445984.074,hud,calib_s,,,,,"✓ Buffer 6s",
1790445984.074,marker,gnss,52.37262300,-1.24278900,195.10,true,,
1790445984.075,marker,reconciled,0.00000000,0.00000000,0.00,false,,
1790445984.121,hud,speed,,,,,"0.0 / 0.0",0.000
1790445984.121,hud,heading,,,,,"0° / 0°",0.000
1790445984.122,hud,drift,,,,,"0.00%",0.000
1790445984.122,hud,turns,,,,,"✗ turns: 1/15",
1790445984.122,hud,calib_s,,,,,"✓ Buffer 6s",
1790445984.123,marker,gnss,52.37262300,-1.24278900,195.10,true,,
1790445984.123,marker,reconciled,0.00000000,0.00000000,0.00,false,,
1790445984.173,hud,speed,,,,,"0.0 / 0.0",0.000
1790445984.174,hud,heading,,,,,"0° / 0°",0.000
1790445984.174,hud,drift,,,,,"0.00%",0.000
1790445984.175,hud,turns,,,,,"✗ turns: 1/15",
1790445984.175,hud,calib_s,,,,,"✓ Buffer 6s",
1790445984.175,marker,gnss,52.37262300,-1.24278900,195.10,true,,
1790445984.176,marker,reconciled,0.00000000,0.00000000,0.00,false,,
1790445984.224,hud,speed,,,,,"0.0 / 0.0",0.000
1790445984.225,hud,heading,,,,,"0° / 0°",0.000
1790445984.225,hud,drift,,,,,"0.00%",0.000
1790445984.225,hud,turns,,,,,"✗ turns: 1/15",
1790445984.225,hud,calib_s,,,,,"✓ Buffer 6s",
1790445984.226,marker,gnss,52.37262300,-1.24278900,195.10,true,,
1790445984.226,marker,reconciled,0.00000000,0.00000000,0.00,false,,
1790445984.277,hud,speed,,,,,"0.0 / 0.0",0.000
1790445984.278,hud,heading,,,,,"0° / 0°",0.000
1790445984.278,hud,drift,,,,,"0.00%",0.000
1790445984.278,hud,turns,,,,,"✗ turns: 1/15",
1790445984.278,hud,calib_s,,,,,"✓ Buffer 6s",
1790445984.279,marker,gnss,52.37262300,-1.24278900,195.10,true,,
1790445984.279,marker,reconciled,0.00000000,0.00000000,0.00,false,,
1790445984.324,hud,speed,,,,,"0.0 / 0.0",0.000
1790445984.324,hud,heading,,,,,"0° / 0°",0.000
1790445984.325,hud,drift,,,,,"0.00%",0.000
1790445984.325,hud,turns,,,,,"✗ turns: 1/15",
1790445984.325,hud,calib_s,,,,,"✓ Buffer 6s",
1790445984.325,marker,gnss,52.37262300,-1.24278900,195.10,true,,
1790445984.326,marker,reconciled,0.00000000,0.00000000,0.00,false,,
1790445984.379,hud,speed,,,,,"0.0 / 0.0",0.000
1790445984.379,hud,heading,,,,,"0° / 0°",0.000
1790445984.379,hud,drift,,,,,"0.00%",0.000
1790445984.380,hud,turns,,,,,"✗ turns: 1/15",
1790445984.380,hud,calib_s,,,,,"✓ Buffer 6s",
1790445984.380,marker,gnss,52.37262300,-1.24278900,195.10,true,,
1790445984.381,marker,reconciled,0.00000000,0.00000000,0.00,false,,
1790445984.428,hud,speed,,,,,"0.0 / 0.0",0.000
1790445984.428,hud,heading,,,,,"0° / 0°",0.000
1790445984.429,hud,drift,,,,,"0.00%",0.000
1790445984.429,hud,turns,,,,,"✗ turns: 1/15",
1790445984.429,hud,calib_s,,,,,"✓ Buffer 6s",
1790445984.429,marker,gnss,52.37262300,-1.24278900,195.10,true,,
1790445984.429,marker,reconciled,0.00000000,0.00000000,0.00,false,,
1790445984.482,hud,speed,,,,,"0.0 / 0.0",0.000
1790445984.482,hud,heading,,,,,"0° / 0°",0.000
1790445984.483,hud,drift,,,,,"0.00%",0.000
1790445984.483,hud,turns,,,,,"✗ turns: 1/15",
1790445984.483,hud,calib_s,,,,,"✓ Buffer 6s",
1790445984.484,marker,gnss,52.37262300,-1.24278900,195.10,true,,
1790445984.484,marker,reconciled,0.00000000,0.00000000,0.00,false,,
1790445984.529,hud,speed,,,,,"0.0 / 0.0",0.000
1790445984.530,hud,heading,,,,,"0° / 0°",0.000
1790445984.530,hud,drift,,,,,"0.00%",0.000
1790445984.530,hud,turns,,,,,"✗ turns: 1/15",
1790445984.531,hud,calib_s,,,,,"✓ Buffer 6s",
1790445984.531,marker,gnss,52.37262300,-1.24278900,195.10,true,,
1790445984.531,marker,reconciled,0.00000000,0.00000000,0.00,false,,
1790445984.584,hud,speed,,,,,"0.0 / 0.0",0.000
1790445984.585,hud,heading,,,,,"0° / 0°",0.000
1790445984.585,hud,drift,,,,,"0.00%",0.000
1790445984.585,hud,turns,,,,,"✗ turns: 1/15",
1790445984.586,hud,calib_s,,,,,"✓ Buffer 6s",
1790445984.586,marker,gnss,52.37262300,-1.24278900,195.10,true,,
1790445984.587,marker,reconciled,0.00000000,0.00000000,0.00,false,,
1790445984.634,hud,speed,,,,,"0.0 / 0.0",0.000
1790445984.635,hud,heading,,,,,"0° / 0°",0.000
1790445984.635,hud,drift,,,,,"0.00%",0.000
1790445984.635,hud,turns,,,,,"✗ turns: 1/15",
1790445984.636,hud,calib_s,,,,,"✓ Buffer 6s",
1790445984.636,marker,gnss,52.37262300,-1.24278900,195.10,true,,
1790445984.636,marker,reconciled,0.00000000,0.00000000,0.00,false,,
1790445984.683,hud,speed,,,,,"0.0 / 0.0",0.000
1790445984.683,hud,heading,,,,,"0° / 0°",0.000
1790445984.684,hud,drift,,,,,"0.00%",0.000
1790445984.684,hud,turns,,,,,"✗ turns: 1/15",
1790445984.684,hud,calib_s,,,,,"✓ Buffer 6s",
1790445984.684,marker,gnss,52.37262300,-1.24278900,195.10,true,,
1790445984.685,marker,reconciled,0.00000000,0.00000000,0.00,false,,
1790445984.738,hud,speed,,,,,"0.0 / 0.0",0.000
1790445984.738,hud,heading,,,,,"0° / 0°",0.000
1790445984.739,hud,drift,,,,,"0.00%",0.000
1790445984.739,hud,turns,,,,,"✗ turns: 1/15",
1790445984.739,hud,calib_s,,,,,"✓ Buffer 6s",
1790445984.740,marker,gnss,52.37262300,-1.24278900,195.10,true,,
1790445984.741,marker,reconciled,0.00000000,0.00000000,0.00,false,,
1790445984.793,hud,speed,,,,,"0.0 / 0.0",0.000
1790445984.793,hud,heading,,,,,"0° / 0°",0.000
1790445984.793,hud,drift,,,,,"0.00%",0.000
1790445984.794,hud,turns,,,,,"✗ turns: 1/15",
1790445984.794,hud,calib_s,,,,,"✓ Buffer 6s",
1790445984.794,marker,gnss,52.37262300,-1.24278900,195.10,true,,
1790445984.795,marker,reconciled,0.00000000,0.00000000,0.00,false,,
1790445984.844,hud,speed,,,,,"0.0 / 0.0",0.000
1790445984.844,hud,heading,,,,,"0° / 0°",0.000
1790445984.844,hud,drift,,,,,"0.00%",0.000
1790445984.844,hud,turns,,,,,"✗ turns: 1/15",
1790445984.845,hud,calib_s,,,,,"✓ Buffer 6s",
1790445984.845,marker,gnss,52.37262300,-1.24278900,195.10,true,,
1790445984.845,marker,reconciled,0.00000000,0.00000000,0.00,false,,
1790445984.892,hud,speed,,,,,"0.0 / 0.0",0.000
1790445984.893,hud,heading,,,,,"0° / 0°",0.000
1790445984.893,hud,drift,,,,,"0.00%",0.000
1790445984.893,hud,turns,,,,,"✗ turns: 1/15",
1790445984.893,hud,calib_s,,,,,"✓ Buffer 6s",
1790445984.894,marker,gnss,52.37262300,-1.24278900,195.10,true,,
1790445984.894,marker,reconciled,0.00000000,0.00000000,0.00,false,,
1790445984.946,hud,speed,,,,,"0.0 / 0.0",0.000
1790445984.946,hud,heading,,,,,"0° / 0°",0.000
1790445984.947,hud,drift,,,,,"0.00%",0.000
1790445984.947,hud,turns,,,,,"✗ turns: 1/15",
1790445984.947,hud,calib_s,,,,,"✓ Buffer 6s",
1790445984.947,marker,gnss,52.37262300,-1.24278900,195.10,true,,
1790445984.948,marker,reconciled,0.00000000,0.00000000,0.00,false,,
1790445984.997,hud,speed,,,,,"0.0 / 0.0",0.000
1790445984.997,hud,heading,,,,,"0° / 0°",0.000
1790445984.998,hud,drift,,,,,"0.00%",0.000
1790445984.998,hud,turns,,,,,"✗ turns: 1/15",
1790445984.998,hud,calib_s,,,,,"✓ Buffer 6s",
1790445984.999,marker,gnss,52.37262300,-1.24278900,195.10,true,,
1790445984.999,marker,reconciled,0.00000000,0.00000000,0.00,false,,
1790445985.049,hud,speed,,,,,"0.0 / 0.0",0.000
1790445985.050,hud,heading,,,,,"0° / 0°",0.000
1790445985.050,hud,drift,,,,,"0.00%",0.000
1790445985.050,hud,turns,,,,,"✗ turns: 1/15",
1790445985.051,hud,calib_s,,,,,"✓ Buffer 6s",
1790445985.051,marker,gnss,52.37262300,-1.24278900,195.10,true,,
1790445985.051,marker,reconciled,0.00000000,0.00000000,0.00,false,,
1790445985.096,hud,speed,,,,,"0.0 / 0.0",0.000
1790445985.096,hud,heading,,,,,"0° / 0°",0.000
1790445985.097,hud,drift,,,,,"0.00%",0.000
1790445985.097,hud,turns,,,,,"✗ turns: 1/15",
1790445985.097,hud,calib_s,,,,,"✓ Buffer 6s",
1790445985.097,marker,gnss,52.37262300,-1.24278900,195.10,true,,
1790445985.098,marker,reconciled,0.00000000,0.00000000,0.00,false,,
1790445985.148,hud,speed,,,,,"0.0 / 0.0",0.000
1790445985.149,hud,heading,,,,,"0° / 0°",0.000
1790445985.149,hud,drift,,,,,"0.00%",0.000
1790445985.150,hud,turns,,,,,"✗ turns: 1/15",
1790445985.150,hud,calib_s,,,,,"✓ Buffer 6s",
1790445985.150,marker,gnss,52.37262300,-1.24278900,195.10,true,,
1790445985.151,marker,reconciled,0.00000000,0.00000000,0.00,false,,
1790445985.200,hud,speed,,,,,"0.0 / 0.0",0.000
1790445985.200,hud,heading,,,,,"0° / 0°",0.000
1790445985.200,hud,drift,,,,,"0.00%",0.000
1790445985.201,hud,turns,,,,,"✗ turns: 1/15",
1790445985.201,hud,calib_s,,,,,"✓ Buffer 6s",
1790445985.201,marker,gnss,52.37262300,-1.24278900,195.10,true,,
1790445985.202,marker,reconciled,0.00000000,0.00000000,0.00,false,,
1790445985.254,hud,speed,,,,,"0.0 / 0.0",0.000
1790445985.255,hud,heading,,,,,"0° / 0°",0.000
1790445985.255,hud,drift,,,,,"0.00%",0.000
1790445985.255,hud,turns,,,,,"✗ turns: 1/15",
1790445985.255,hud,calib_s,,,,,"✓ Buffer 6s",
1790445985.256,marker,gnss,52.37262300,-1.24278900,195.10,true,,
1790445985.256,marker,reconciled,0.00000000,0.00000000,0.00,false,,
1790445985.301,hud,speed,,,,,"0.0 / 0.0",0.000
1790445985.301,hud,heading,,,,,"0° / 0°",0.000
1790445985.302,hud,drift,,,,,"0.00%",0.000
1790445985.302,hud,turns,,,,,"✗ turns: 1/15",
1790445985.302,hud,calib_s,,,,,"✓ Buffer 6s",
1790445985.302,marker,gnss,52.37262300,-1.24278900,195.10,true,,
1790445985.303,marker,reconciled,0.00000000,0.00000000,0.00,false,,
1790445985.356,hud,speed,,,,,"0.0 / 0.0",0.000
1790445985.356,hud,heading,,,,,"0° / 0°",0.000
1790445985.357,hud,drift,,,,,"0.00%",0.000
1790445985.357,hud,turns,,,,,"✗ turns: 1/15",
1790445985.357,hud,calib_s,,,,,"✓ Buffer 6s",
1790445985.357,marker,gnss,52.37262300,-1.24278900,195.10,true,,
1790445985.358,marker,reconciled,0.00000000,0.00000000,0.00,false,,
1790445985.404,hud,speed,,,,,"0.0 / 0.0",0.000
1790445985.405,hud,heading,,,,,"0° / 0°",0.000
1790445985.405,hud,drift,,,,,"0.00%",0.000
1790445985.405,hud,turns,,,,,"✗ turns: 1/15",
1790445985.405,hud,calib_s,,,,,"✓ Buffer 6s",
1790445985.406,marker,gnss,52.37262300,-1.24278900,195.10,true,,
1790445985.407,marker,reconciled,0.00000000,0.00000000,0.00,false,,
1790445985.458,hud,speed,,,,,"0.0 / 0.0",0.000
1790445985.458,hud,heading,,,,,"0° / 0°",0.000
1790445985.458,hud,drift,,,,,"0.00%",0.000
1790445985.459,hud,turns,,,,,"✗ turns: 1/15",
1790445985.459,hud,calib_s,,,,,"✓ Buffer 6s",
1790445985.459,marker,gnss,52.37262300,-1.24278900,195.10,true,,
1790445985.460,marker,reconciled,0.00000000,0.00000000,0.00,false,,
1790445985.505,hud,speed,,,,,"0.0 / 0.0",0.000
1790445985.505,hud,heading,,,,,"0° / 0°",0.000
1790445985.505,hud,drift,,,,,"0.00%",0.000
1790445985.505,hud,turns,,,,,"✗ turns: 1/15",
1790445985.506,hud,calib_s,,,,,"✓ Buffer 6s",
1790445985.506,marker,gnss,52.37262300,-1.24278900,195.10,true,,
1790445985.506,marker,reconciled,0.00000000,0.00000000,0.00,false,,
1790445985.564,hud,speed,,,,,"0.0 / 0.0",0.000
1790445985.564,hud,heading,,,,,"0° / 0°",0.000
1790445985.565,hud,drift,,,,,"0.00%",0.000
1790445985.565,hud,turns,,,,,"✗ turns: 1/15",
1790445985.565,hud,calib_s,,,,,"✓ Buffer 6s",
1790445985.565,marker,gnss,52.37262300,-1.24278900,195.10,true,,
1790445985.566,marker,reconciled,0.00000000,0.00000000,0.00,false,,
1790445985.608,hud,speed,,,,,"0.0 / 0.0",0.000
1790445985.608,hud,heading,,,,,"0° / 0°",0.000
1790445985.609,hud,drift,,,,,"0.00%",0.000
1790445985.609,hud,turns,,,,,"✗ turns: 1/15",
1790445985.609,hud,calib_s,,,,,"✓ Buffer 6s",
1790445985.609,marker,gnss,52.37262300,-1.24278900,195.10,true,,
1790445985.610,marker,reconciled,0.00000000,0.00000000,0.00,false,,
1790445985.659,hud,speed,,,,,"0.0 / 0.0",0.000
1790445985.660,hud,heading,,,,,"0° / 0°",0.000
1790445985.660,hud,drift,,,,,"0.00%",0.000
1790445985.661,hud,turns,,,,,"✗ turns: 1/15",
1790445985.661,hud,calib_s,,,,,"✓ Buffer 6s",
1790445985.661,marker,gnss,52.37262300,-1.24278900,195.10,true,,
1790445985.661,marker,reconciled,0.00000000,0.00000000,0.00,false,,
1790445985.712,hud,speed,,,,,"0.0 / 0.0",0.000
1790445985.712,hud,heading,,,,,"0° / 0°",0.000
1790445985.713,hud,drift,,,,,"0.00%",0.000
1790445985.713,hud,turns,,,,,"✗ turns: 1/15",
1790445985.713,hud,calib_s,,,,,"✓ Buffer 6s",
1790445985.714,marker,gnss,52.37262300,-1.24278900,195.10,true,,
1790445985.714,marker,reconciled,0.00000000,0.00000000,0.00,false,,
1790445985.761,hud,speed,,,,,"0.0 / 0.0",0.000
1790445985.761,hud,heading,,,,,"0° / 0°",0.000
1790445985.761,hud,drift,,,,,"0.00%",0.000
1790445985.762,hud,turns,,,,,"✗ turns: 1/15",
1790445985.762,hud,calib_s,,,,,"✓ Buffer 6s",
1790445985.762,marker,gnss,52.37262300,-1.24278900,195.10,true,,
1790445985.763,marker,reconciled,0.00000000,0.00000000,0.00,false,,
1790445985.825,hud,speed,,,,,"0.0 / 0.0",0.000
1790445985.826,hud,heading,,,,,"0° / 0°",0.000
1790445985.826,hud,drift,,,,,"0.00%",0.000
1790445985.827,hud,turns,,,,,"✗ turns: 2/15",
1790445985.827,hud,calib_s,,,,,"✓ Buffer 6s",
1790445985.828,marker,gnss,52.37222300,-1.24261500,199.70,true,,
1790445985.828,marker,reconciled,0.00000000,0.00000000,0.00,false,,
1790445985.863,hud,speed,,,,,"0.0 / 0.0",0.000
1790445985.863,hud,heading,,,,,"0° / 0°",0.000
1790445985.863,hud,drift,,,,,"0.00%",0.000
1790445985.864,hud,turns,,,,,"✗ turns: 2/15",
1790445985.864,hud,calib_s,,,,,"✓ Buffer 6s",
1790445985.864,marker,gnss,52.37222300,-1.24261500,199.70,true,,
1790445985.865,marker,reconciled,0.00000000,0.00000000,0.00,false,,
1790445985.913,hud,speed,,,,,"0.0 / 0.0",0.000
1790445985.913,hud,heading,,,,,"0° / 0°",0.000
1790445985.913,hud,drift,,,,,"0.00%",0.000
1790445985.914,hud,turns,,,,,"✗ turns: 2/15",
1790445985.914,hud,calib_s,,,,,"✓ Buffer 6s",
1790445985.914,marker,gnss,52.37222300,-1.24261500,199.70,true,,
1790445985.915,marker,reconciled,0.00000000,0.00000000,0.00,false,,
1790445985.967,hud,speed,,,,,"0.0 / 0.0",0.000
1790445985.967,hud,heading,,,,,"0° / 0°",0.000
1790445985.968,hud,drift,,,,,"0.00%",0.000
1790445985.968,hud,turns,,,,,"✗ turns: 2/15",
1790445985.968,hud,calib_s,,,,,"✓ Buffer 6s",
1790445985.968,marker,gnss,52.37222300,-1.24261500,199.70,true,,
1790445985.969,marker,reconciled,0.00000000,0.00000000,0.00,false,,
1790445986.016,hud,speed,,,,,"0.0 / 0.0",0.000
1790445986.017,hud,heading,,,,,"0° / 0°",0.000
1790445986.017,hud,drift,,,,,"0.00%",0.000
1790445986.017,hud,turns,,,,,"✗ turns: 2/15",
1790445986.017,hud,calib_s,,,,,"✓ Buffer 6s",
1790445986.018,marker,gnss,52.37222300,-1.24261500,199.70,true,,
1790445986.018,marker,reconciled,0.00000000,0.00000000,0.00,false,,
1790445986.071,hud,speed,,,,,"0.0 / 0.0",0.000
1790445986.072,hud,heading,,,,,"0° / 0°",0.000
1790445986.072,hud,drift,,,,,"0.00%",0.000
1790445986.072,hud,turns,,,,,"✗ turns: 2/15",
1790445986.072,hud,calib_s,,,,,"✓ Buffer 6s",
1790445986.073,marker,gnss,52.37222300,-1.24261500,199.70,true,,
1790445986.073,marker,reconciled,0.00000000,0.00000000,0.00,false,,
1790445986.116,hud,speed,,,,,"0.0 / 0.0",0.000
1790445986.116,hud,heading,,,,,"0° / 0°",0.000
1790445986.116,hud,drift,,,,,"0.00%",0.000
1790445986.117,hud,turns,,,,,"✗ turns: 2/15",
1790445986.117,hud,calib_s,,,,,"✓ Buffer 6s",
1790445986.117,marker,gnss,52.37222300,-1.24261500,199.70,true,,
1790445986.117,marker,reconciled,0.00000000,0.00000000,0.00,false,,
1790445986.169,hud,speed,,,,,"0.0 / 0.0",0.000
1790445986.170,hud,heading,,,,,"0° / 0°",0.000
1790445986.170,hud,drift,,,,,"0.00%",0.000
1790445986.171,hud,turns,,,,,"✗ turns: 2/15",
1790445986.171,hud,calib_s,,,,,"✓ Buffer 6s",
1790445986.171,marker,gnss,52.37222300,-1.24261500,199.70,true,,
1790445986.172,marker,reconciled,0.00000000,0.00000000,0.00,false,,
1790445986.219,hud,speed,,,,,"0.0 / 0.0",0.000
1790445986.219,hud,heading,,,,,"0° / 0°",0.000
1790445986.219,hud,drift,,,,,"0.00%",0.000
1790445986.220,hud,turns,,,,,"✗ turns: 2/15",
1790445986.220,hud,calib_s,,,,,"✓ Buffer 6s",
1790445986.220,marker,gnss,52.37222300,-1.24261500,199.70,true,,
1790445986.221,marker,reconciled,0.00000000,0.00000000,0.00,false,,
1790445986.273,hud,speed,,,,,"0.0 / 0.0",0.000
1790445986.274,hud,heading,,,,,"0° / 0°",0.000
1790445986.274,hud,drift,,,,,"0.00%",0.000
1790445986.274,hud,turns,,,,,"✗ turns: 2/15",
1790445986.275,hud,calib_s,,,,,"✓ Buffer 6s",
1790445986.275,marker,gnss,52.37222300,-1.24261500,199.70,true,,
1790445986.275,marker,reconciled,0.00000000,0.00000000,0.00,false,,
1790445986.321,hud,speed,,,,,"0.0 / 0.0",0.000
1790445986.321,hud,heading,,,,,"0° / 0°",0.000
1790445986.322,hud,drift,,,,,"0.00%",0.000
1790445986.322,hud,turns,,,,,"✗ turns: 2/15",
1790445986.322,hud,calib_s,,,,,"✓ Buffer 6s",
1790445986.323,marker,gnss,52.37222300,-1.24261500,199.70,true,,
1790445986.323,marker,reconciled,0.00000000,0.00000000,0.00,false,,
1790445986.380,hud,speed,,,,,"0.0 / 0.0",0.000
1790445986.381,hud,heading,,,,,"0° / 0°",0.000
1790445986.381,hud,drift,,,,,"0.00%",0.000
1790445986.382,hud,turns,,,,,"✗ turns: 2/15",
1790445986.382,hud,calib_s,,,,,"✓ Buffer 6s",
1790445986.383,marker,gnss,52.37222300,-1.24261500,199.70,true,,
1790445986.384,marker,reconciled,0.00000000,0.00000000,0.00,false,,
1790445986.423,hud,speed,,,,,"0.0 / 0.0",0.000
1790445986.423,hud,heading,,,,,"0° / 0°",0.000
1790445986.424,hud,drift,,,,,"0.00%",0.000
1790445986.424,hud,turns,,,,,"✗ turns: 2/15",
1790445986.424,hud,calib_s,,,,,"✓ Buffer 6s",
1790445986.424,marker,gnss,52.37222300,-1.24261500,199.70,true,,
1790445986.425,marker,reconciled,0.00000000,0.00000000,0.00,false,,
1790445986.476,hud,speed,,,,,"0.0 / 0.0",0.000
1790445986.477,hud,heading,,,,,"0° / 0°",0.000
1790445986.477,hud,drift,,,,,"0.00%",0.000
1790445986.477,hud,turns,,,,,"✗ turns: 2/15",
1790445986.478,hud,calib_s,,,,,"✓ Buffer 6s",
1790445986.478,marker,gnss,52.37222300,-1.24261500,199.70,true,,
1790445986.478,marker,reconciled,0.00000000,0.00000000,0.00,false,,
1790445986.527,hud,speed,,,,,"0.0 / 0.0",0.000
1790445986.528,hud,heading,,,,,"0° / 0°",0.000
1790445986.528,hud,drift,,,,,"0.00%",0.000
1790445986.528,hud,turns,,,,,"✗ turns: 2/15",
1790445986.529,hud,calib_s,,,,,"✓ Buffer 6s",
1790445986.529,marker,gnss,52.37222300,-1.24261500,199.70,true,,
1790445986.529,marker,reconciled,0.00000000,0.00000000,0.00,false,,
1790445986.579,hud,speed,,,,,"0.0 / 0.0",0.000
1790445986.579,hud,heading,,,,,"0° / 0°",0.000
1790445986.580,hud,drift,,,,,"0.00%",0.000
1790445986.580,hud,turns,,,,,"✗ turns: 2/15",
1790445986.580,hud,calib_s,,,,,"✓ Buffer 6s",
1790445986.580,marker,gnss,52.37222300,-1.24261500,199.70,true,,
1790445986.581,marker,reconciled,0.00000000,0.00000000,0.00,false,,
1790445986.630,hud,speed,,,,,"0.0 / 0.0",0.000
1790445986.631,hud,heading,,,,,"0° / 0°",0.000
1790445986.631,hud,drift,,,,,"0.00%",0.000
1790445986.631,hud,turns,,,,,"✗ turns: 2/15",
1790445986.631,hud,calib_s,,,,,"✓ Buffer 6s",
1790445986.632,marker,gnss,52.37222300,-1.24261500,199.70,true,,
1790445986.632,marker,reconciled,0.00000000,0.00000000,0.00,false,,
1790445986.680,hud,speed,,,,,"0.0 / 0.0",0.000
1790445986.681,hud,heading,,,,,"0° / 0°",0.000
1790445986.681,hud,drift,,,,,"0.00%",0.000
1790445986.681,hud,turns,,,,,"✗ turns: 2/15",
1790445986.681,hud,calib_s,,,,,"✓ Buffer 6s",
1790445986.682,marker,gnss,52.37222300,-1.24261500,199.70,true,,
1790445986.682,marker,reconciled,0.00000000,0.00000000,0.00,false,,
1790445986.733,hud,speed,,,,,"0.0 / 0.0",0.000
1790445986.734,hud,heading,,,,,"0° / 0°",0.000
1790445986.734,hud,drift,,,,,"0.00%",0.000
1790445986.734,hud,turns,,,,,"✗ turns: 2/15",
1790445986.735,hud,calib_s,,,,,"✓ Buffer 6s",
1790445986.735,marker,gnss,52.37222300,-1.24261500,199.70,true,,
1790445986.735,marker,reconciled,0.00000000,0.00000000,0.00,false,,
1790445986.781,hud,speed,,,,,"0.0 / 0.0",0.000
1790445986.781,hud,heading,,,,,"0° / 0°",0.000
1790445986.781,hud,drift,,,,,"0.00%",0.000
1790445986.781,hud,turns,,,,,"✗ turns: 2/15",
1790445986.782,hud,calib_s,,,,,"✓ Buffer 6s",
1790445986.782,marker,gnss,52.37222300,-1.24261500,199.70,true,,
1790445986.782,marker,reconciled,0.00000000,0.00000000,0.00,false,,
1790445986.838,hud,speed,,,,,"0.0 / 0.0",0.000
1790445986.839,hud,heading,,,,,"0° / 0°",0.000
1790445986.839,hud,drift,,,,,"0.00%",0.000
1790445986.840,hud,turns,,,,,"✗ turns: 2/15",
1790445986.840,hud,calib_s,,,,,"✓ Buffer 6s",
1790445986.841,marker,gnss,52.37222300,-1.24261500,199.70,true,,
1790445986.841,marker,reconciled,0.00000000,0.00000000,0.00,false,,
1790445986.885,hud,speed,,,,,"0.0 / 0.0",0.000
1790445986.886,hud,heading,,,,,"0° / 0°",0.000
1790445986.886,hud,drift,,,,,"0.00%",0.000
1790445986.887,hud,turns,,,,,"✗ turns: 2/15",
1790445986.887,hud,calib_s,,,,,"✓ Buffer 6s",
1790445986.887,marker,gnss,52.37222300,-1.24261500,199.70,true,,
1790445986.888,marker,reconciled,0.00000000,0.00000000,0.00,false,,
1790445986.934,hud,speed,,,,,"0.0 / 0.0",0.000
1790445986.934,hud,heading,,,,,"0° / 0°",0.000
1790445986.935,hud,drift,,,,,"0.00%",0.000
1790445986.935,hud,turns,,,,,"✗ turns: 2/15",
1790445986.935,hud,calib_s,,,,,"✓ Buffer 6s",
1790445986.936,marker,gnss,52.37222300,-1.24261500,199.70,true,,
1790445986.936,marker,reconciled,0.00000000,0.00000000,0.00,false,,
1790445986.988,hud,speed,,,,,"0.0 / 0.0",0.000
1790445986.988,hud,heading,,,,,"0° / 0°",0.000
1790445986.989,hud,drift,,,,,"0.00%",0.000
1790445986.989,hud,turns,,,,,"✗ turns: 2/15",
1790445986.989,hud,calib_s,,,,,"✓ Buffer 6s",
1790445986.990,marker,gnss,52.37222300,-1.24261500,199.70,true,,
1790445986.990,marker,reconciled,0.00000000,0.00000000,0.00,false,,
1790445987.037,hud,speed,,,,,"0.0 / 0.0",0.000
1790445987.037,hud,heading,,,,,"0° / 0°",0.000
1790445987.037,hud,drift,,,,,"0.00%",0.000
1790445987.037,hud,turns,,,,,"✗ turns: 2/15",
1790445987.037,hud,calib_s,,,,,"✓ Buffer 6s",
1790445987.038,marker,gnss,52.37222300,-1.24261500,199.70,true,,
1790445987.038,marker,reconciled,0.00000000,0.00000000,0.00,false,,
1790445987.093,hud,speed,,,,,"0.0 / 0.0",0.000
1790445987.094,hud,heading,,,,,"0° / 0°",0.000
1790445987.094,hud,drift,,,,,"0.00%",0.000
1790445987.094,hud,turns,,,,,"✗ turns: 2/15",
1790445987.095,hud,calib_s,,,,,"✓ Buffer 6s",
1790445987.095,marker,gnss,52.37222300,-1.24261500,199.70,true,,
1790445987.095,marker,reconciled,0.00000000,0.00000000,0.00,false,,
1790445987.140,hud,speed,,,,,"0.0 / 0.0",0.000
1790445987.141,hud,heading,,,,,"0° / 0°",0.000
1790445987.141,hud,drift,,,,,"0.00%",0.000
1790445987.141,hud,turns,,,,,"✗ turns: 2/15",
1790445987.141,hud,calib_s,,,,,"✓ Buffer 6s",
1790445987.142,marker,gnss,52.37222300,-1.24261500,199.70,true,,
1790445987.142,marker,reconciled,0.00000000,0.00000000,0.00,false,,
1790445987.193,hud,speed,,,,,"0.0 / 0.0",0.000
1790445987.194,hud,heading,,,,,"0° / 0°",0.000
1790445987.194,hud,drift,,,,,"0.00%",0.000
1790445987.195,hud,turns,,,,,"✗ turns: 2/15",
1790445987.195,hud,calib_s,,,,,"✓ Buffer 6s",
1790445987.195,marker,gnss,52.37222300,-1.24261500,199.70,true,,
1790445987.196,marker,reconciled,0.00000000,0.00000000,0.00,false,,
1790445987.242,hud,speed,,,,,"0.0 / 0.0",0.000
1790445987.243,hud,heading,,,,,"0° / 0°",0.000
1790445987.243,hud,drift,,,,,"0.00%",0.000
1790445987.243,hud,turns,,,,,"✗ turns: 2/15",
1790445987.243,hud,calib_s,,,,,"✓ Buffer 6s",
1790445987.244,marker,gnss,52.37222300,-1.24261500,199.70,true,,
1790445987.244,marker,reconciled,0.00000000,0.00000000,0.00,false,,
1790445987.297,hud,speed,,,,,"0.0 / 0.0",0.000
1790445987.297,hud,heading,,,,,"0° / 0°",0.000
1790445987.298,hud,drift,,,,,"0.00%",0.000
1790445987.298,hud,turns,,,,,"✗ turns: 2/15",
1790445987.299,hud,calib_s,,,,,"✓ Buffer 6s",
1790445987.299,marker,gnss,52.37222300,-1.24261500,199.70,true,,
1790445987.300,marker,reconciled,0.00000000,0.00000000,0.00,false,,
1790445987.347,hud,speed,,,,,"0.0 / 0.0",0.000
1790445987.348,hud,heading,,,,,"0° / 0°",0.000
1790445987.348,hud,drift,,,,,"0.00%",0.000
1790445987.348,hud,turns,,,,,"✗ turns: 2/15",
1790445987.348,hud,calib_s,,,,,"✓ Buffer 6s",
1790445987.349,marker,gnss,52.37222300,-1.24261500,199.70,true,,
1790445987.349,marker,reconciled,0.00000000,0.00000000,0.00,false,,
1790445987.397,hud,speed,,,,,"0.0 / 0.0",0.000
1790445987.397,hud,heading,,,,,"0° / 0°",0.000
1790445987.397,hud,drift,,,,,"0.00%",0.000
1790445987.398,hud,turns,,,,,"✗ turns: 2/15",
1790445987.398,hud,calib_s,,,,,"✓ Buffer 6s",
1790445987.399,marker,gnss,52.37222300,-1.24261500,199.70,true,,
1790445987.399,marker,reconciled,0.00000000,0.00000000,0.00,false,,
1790445987.447,hud,speed,,,,,"0.0 / 0.0",0.000
1790445987.448,hud,heading,,,,,"0° / 0°",0.000
1790445987.448,hud,drift,,,,,"0.00%",0.000
1790445987.448,hud,turns,,,,,"✗ turns: 2/15",
1790445987.448,hud,calib_s,,,,,"✓ Buffer 6s",
1790445987.449,marker,gnss,52.37222300,-1.24261500,199.70,true,,
1790445987.449,marker,reconciled,0.00000000,0.00000000,0.00,false,,
1790445987.501,hud,speed,,,,,"0.0 / 0.0",0.000
1790445987.502,hud,heading,,,,,"0° / 0°",0.000
1790445987.502,hud,drift,,,,,"0.00%",0.000
1790445987.503,hud,turns,,,,,"✗ turns: 2/15",
1790445987.503,hud,calib_s,,,,,"✓ Buffer 6s",
1790445987.503,marker,gnss,52.37222300,-1.24261500,199.70,true,,
1790445987.504,marker,reconciled,0.00000000,0.00000000,0.00,false,,
1790445987.546,hud,speed,,,,,"0.0 / 0.0",0.000
1790445987.546,hud,heading,,,,,"0° / 0°",0.000
1790445987.546,hud,drift,,,,,"0.00%",0.000
1790445987.546,hud,turns,,,,,"✗ turns: 2/15",
1790445987.547,hud,calib_s,,,,,"✓ Buffer 6s",
1790445987.547,marker,gnss,52.37222300,-1.24261500,199.70,true,,
1790445987.547,marker,reconciled,0.00000000,0.00000000,0.00,false,,
1790445987.604,hud,speed,,,,,"0.0 / 0.0",0.000
1790445987.604,hud,heading,,,,,"0° / 0°",0.000
1790445987.605,hud,drift,,,,,"0.00%",0.000
1790445987.605,hud,turns,,,,,"✗ turns: 2/15",
1790445987.605,hud,calib_s,,,,,"✓ Buffer 6s",
1790445987.606,marker,gnss,52.37222300,-1.24261500,199.70,true,,
1790445987.606,marker,reconciled,0.00000000,0.00000000,0.00,false,,
1790445987.649,hud,speed,,,,,"0.0 / 0.0",0.000
1790445987.649,hud,heading,,,,,"0° / 0°",0.000
1790445987.650,hud,drift,,,,,"0.00%",0.000
1790445987.650,hud,turns,,,,,"✗ turns: 2/15",
1790445987.650,hud,calib_s,,,,,"✓ Buffer 6s",
1790445987.651,marker,gnss,52.37222300,-1.24261500,199.70,true,,
1790445987.651,marker,reconciled,0.00000000,0.00000000,0.00,false,,
1790445987.702,hud,speed,,,,,"0.0 / 0.0",0.000
1790445987.702,hud,heading,,,,,"0° / 0°",0.000
1790445987.703,hud,drift,,,,,"0.00%",0.000
1790445987.703,hud,turns,,,,,"✗ turns: 2/15",
1790445987.703,hud,calib_s,,,,,"✓ Buffer 6s",
1790445987.704,marker,gnss,52.37222300,-1.24261500,199.70,true,,
1790445987.704,marker,reconciled,0.00000000,0.00000000,0.00,false,,
1790445987.753,hud,speed,,,,,"0.0 / 0.0",0.000
1790445987.753,hud,heading,,,,,"0° / 0°",0.000
1790445987.753,hud,drift,,,,,"0.00%",0.000
1790445987.754,hud,turns,,,,,"✗ turns: 2/15",
1790445987.754,hud,calib_s,,,,,"✓ Buffer 6s",
1790445987.755,marker,gnss,52.37222300,-1.24261500,199.70,true,,
1790445987.755,marker,reconciled,0.00000000,0.00000000,0.00,false,,
1790445987.804,hud,speed,,,,,"0.0 / 0.0",0.000
1790445987.805,hud,heading,,,,,"0° / 0°",0.000
1790445987.805,hud,drift,,,,,"0.00%",0.000
1790445987.805,hud,turns,,,,,"✗ turns: 2/15",
1790445987.806,hud,calib_s,,,,,"✓ Buffer 6s",
1790445987.806,marker,gnss,52.37222300,-1.24261500,199.70,true,,
1790445987.807,marker,reconciled,0.00000000,0.00000000,0.00,false,,
1790445987.858,hud,speed,,,,,"0.0 / 0.0",0.000
1790445987.858,hud,heading,,,,,"0° / 0°",0.000
1790445987.859,hud,drift,,,,,"0.00%",0.000
1790445987.859,hud,turns,,,,,"✗ turns: 2/15",
1790445987.859,hud,calib_s,,,,,"✓ Buffer 6s",
1790445987.860,marker,gnss,52.37222300,-1.24261500,199.70,true,,
1790445987.860,marker,reconciled,0.00000000,0.00000000,0.00,false,,
1790445987.907,hud,speed,,,,,"0.0 / 0.0",0.000
1790445987.907,hud,heading,,,,,"0° / 0°",0.000
1790445987.908,hud,drift,,,,,"0.00%",0.000
1790445987.908,hud,turns,,,,,"✗ turns: 2/15",
1790445987.908,hud,calib_s,,,,,"✓ Buffer 6s",
1790445987.909,marker,gnss,52.37222300,-1.24261500,199.70,true,,
1790445987.909,marker,reconciled,0.00000000,0.00000000,0.00,false,,
1790445987.955,hud,speed,,,,,"0.0 / 0.0",0.000
1790445987.955,hud,heading,,,,,"0° / 0°",0.000
1790445987.956,hud,drift,,,,,"0.00%",0.000
1790445987.956,hud,turns,,,,,"✗ turns: 2/15",
1790445987.956,hud,calib_s,,,,,"✓ Buffer 6s",
1790445987.956,marker,gnss,52.37222300,-1.24261500,199.70,true,,
1790445987.957,marker,reconciled,0.00000000,0.00000000,0.00,false,,
1790445988.009,hud,speed,,,,,"0.0 / 0.0",0.000
1790445988.009,hud,heading,,,,,"0° / 0°",0.000
1790445988.009,hud,drift,,,,,"0.00%",0.000
1790445988.010,hud,turns,,,,,"✗ turns: 2/15",
1790445988.010,hud,calib_s,,,,,"✓ Buffer 6s",
1790445988.010,marker,gnss,52.37222300,-1.24261500,199.70,true,,
1790445988.011,marker,reconciled,0.00000000,0.00000000,0.00,false,,
1790445988.059,hud,speed,,,,,"0.0 / 0.0",0.000
1790445988.059,hud,heading,,,,,"0° / 0°",0.000
1790445988.059,hud,drift,,,,,"0.00%",0.000
1790445988.060,hud,turns,,,,,"✗ turns: 2/15",
1790445988.060,hud,calib_s,,,,,"✓ Buffer 6s",
1790445988.060,marker,gnss,52.37222300,-1.24261500,199.70,true,,
1790445988.061,marker,reconciled,0.00000000,0.00000000,0.00,false,,
1790445988.114,hud,speed,,,,,"0.0 / 0.0",0.000
1790445988.115,hud,heading,,,,,"0° / 0°",0.000
1790445988.115,hud,drift,,,,,"0.00%",0.000
1790445988.115,hud,turns,,,,,"✗ turns: 2/15",
1790445988.116,hud,calib_s,,,,,"✓ Buffer 6s",
1790445988.116,marker,gnss,52.37222300,-1.24261500,199.70,true,,
1790445988.116,marker,reconciled,0.00000000,0.00000000,0.00,false,,
1790445988.161,hud,speed,,,,,"0.0 / 0.0",0.000
1790445988.161,hud,heading,,,,,"0° / 0°",0.000
1790445988.161,hud,drift,,,,,"0.00%",0.000
1790445988.162,hud,turns,,,,,"✗ turns: 2/15",
1790445988.162,hud,calib_s,,,,,"✓ Buffer 6s",
1790445988.162,marker,gnss,52.37222300,-1.24261500,199.70,true,,
1790445988.163,marker,reconciled,0.00000000,0.00000000,0.00,false,,
1790445988.213,hud,speed,,,,,"0.0 / 0.0",0.000
1790445988.213,hud,heading,,,,,"0° / 0°",0.000
1790445988.213,hud,drift,,,,,"0.00%",0.000
1790445988.214,hud,turns,,,,,"✗ turns: 2/15",
1790445988.214,hud,calib_s,,,,,"✓ Buffer 6s",
1790445988.214,marker,gnss,52.37222300,-1.24261500,199.70,true,,
1790445988.215,marker,reconciled,0.00000000,0.00000000,0.00,false,,
1790445988.263,hud,speed,,,,,"0.0 / 0.0",0.000
1790445988.264,hud,heading,,,,,"0° / 0°",0.000
1790445988.264,hud,drift,,,,,"0.00%",0.000
1790445988.264,hud,turns,,,,,"✗ turns: 2/15",
1790445988.265,hud,calib_s,,,,,"✓ Buffer 6s",
1790445988.265,marker,gnss,52.37222300,-1.24261500,199.70,true,,
1790445988.265,marker,reconciled,0.00000000,0.00000000,0.00,false,,
1790445988.316,hud,speed,,,,,"0.0 / 0.0",0.000
1790445988.317,hud,heading,,,,,"0° / 0°",0.000
1790445988.317,hud,drift,,,,,"0.00%",0.000
1790445988.318,hud,turns,,,,,"✗ turns: 2/15",
1790445988.318,hud,calib_s,,,,,"✓ Buffer 6s",
1790445988.318,marker,gnss,52.37222300,-1.24261500,199.70,true,,
1790445988.319,marker,reconciled,0.00000000,0.00000000,0.00,false,,
1790445988.367,hud,speed,,,,,"0.0 / 0.0",0.000
1790445988.367,hud,heading,,,,,"0° / 0°",0.000
1790445988.367,hud,drift,,,,,"0.00%",0.000
1790445988.368,hud,turns,,,,,"✗ turns: 2/15",
1790445988.368,hud,calib_s,,,,,"✓ Buffer 6s",
1790445988.368,marker,gnss,52.37222300,-1.24261500,199.70,true,,
1790445988.368,marker,reconciled,0.00000000,0.00000000,0.00,false,,
1790445988.419,hud,speed,,,,,"0.0 / 0.0",0.000
1790445988.420,hud,heading,,,,,"0° / 0°",0.000
1790445988.420,hud,drift,,,,,"0.00%",0.000
1790445988.420,hud,turns,,,,,"✗ turns: 2/15",
1790445988.420,hud,calib_s,,,,,"✓ Buffer 6s",
1790445988.421,marker,gnss,52.37222300,-1.24261500,199.70,true,,
1790445988.421,marker,reconciled,0.00000000,0.00000000,0.00,false,,
1790445988.469,hud,speed,,,,,"0.0 / 0.0",0.000
1790445988.470,hud,heading,,,,,"0° / 0°",0.000
1790445988.470,hud,drift,,,,,"0.00%",0.000
1790445988.471,hud,turns,,,,,"✗ turns: 2/15",
1790445988.471,hud,calib_s,,,,,"✓ Buffer 6s",
1790445988.471,marker,gnss,52.37222300,-1.24261500,199.70,true,,
1790445988.472,marker,reconciled,0.00000000,0.00000000,0.00,false,,
1790445988.520,hud,speed,,,,,"0.0 / 0.0",0.000
1790445988.520,hud,heading,,,,,"0° / 0°",0.000
1790445988.520,hud,drift,,,,,"0.00%",0.000
1790445988.521,hud,turns,,,,,"✗ turns: 2/15",
1790445988.521,hud,calib_s,,,,,"✓ Buffer 6s",
1790445988.521,marker,gnss,52.37222300,-1.24261500,199.70,true,,
1790445988.522,marker,reconciled,0.00000000,0.00000000,0.00,false,,
1790445988.569,hud,speed,,,,,"0.0 / 0.0",0.000
1790445988.570,hud,heading,,,,,"0° / 0°",0.000
1790445988.570,hud,drift,,,,,"0.00%",0.000
1790445988.570,hud,turns,,,,,"✗ turns: 2/15",
1790445988.571,hud,calib_s,,,,,"✓ Buffer 6s",
1790445988.571,marker,gnss,52.37222300,-1.24261500,199.70,true,,
1790445988.571,marker,reconciled,0.00000000,0.00000000,0.00,false,,
1790445988.624,hud,speed,,,,,"0.0 / 0.0",0.000
1790445988.625,hud,heading,,,,,"0° / 0°",0.000
1790445988.625,hud,drift,,,,,"0.00%",0.000
1790445988.625,hud,turns,,,,,"✗ turns: 2/15",
1790445988.625,hud,calib_s,,,,,"✓ Buffer 6s",
1790445988.626,marker,gnss,52.37222300,-1.24261500,199.70,true,,
1790445988.626,marker,reconciled,0.00000000,0.00000000,0.00,false,,
1790445988.675,hud,speed,,,,,"0.0 / 0.0",0.000
1790445988.675,hud,heading,,,,,"0° / 0°",0.000
1790445988.675,hud,drift,,,,,"0.00%",0.000
1790445988.676,hud,turns,,,,,"✗ turns: 2/15",
1790445988.676,hud,calib_s,,,,,"✓ Buffer 6s",
1790445988.676,marker,gnss,52.37222300,-1.24261500,199.70,true,,
1790445988.677,marker,reconciled,0.00000000,0.00000000,0.00,false,,
1790445988.723,hud,speed,,,,,"0.0 / 0.0",0.000
1790445988.723,hud,heading,,,,,"0° / 0°",0.000
1790445988.724,hud,drift,,,,,"0.00%",0.000
1790445988.724,hud,turns,,,,,"✗ turns: 2/15",
1790445988.724,hud,calib_s,,,,,"✓ Buffer 6s",
1790445988.725,marker,gnss,52.37222300,-1.24261500,199.70,true,,
1790445988.725,marker,reconciled,0.00000000,0.00000000,0.00,false,,
1790445988.777,hud,speed,,,,,"0.0 / 0.0",0.000
1790445988.777,hud,heading,,,,,"0° / 0°",0.000
1790445988.778,hud,drift,,,,,"0.00%",0.000
1790445988.778,hud,turns,,,,,"✗ turns: 2/15",
1790445988.778,hud,calib_s,,,,,"✓ Buffer 6s",
1790445988.778,marker,gnss,52.37222300,-1.24261500,199.70,true,,
1790445988.779,marker,reconciled,0.00000000,0.00000000,0.00,false,,
1790445988.825,hud,speed,,,,,"0.0 / 0.0",0.000
1790445988.825,hud,heading,,,,,"0° / 0°",0.000
1790445988.825,hud,drift,,,,,"0.00%",0.000
1790445988.825,hud,turns,,,,,"✗ turns: 2/15",
1790445988.825,hud,calib_s,,,,,"✓ Buffer 6s",
1790445988.826,marker,gnss,52.37222300,-1.24261500,199.70,true,,
1790445988.826,marker,reconciled,0.00000000,0.00000000,0.00,false,,
1790445988.880,hud,speed,,,,,"0.0 / 0.0",0.000
1790445988.880,hud,heading,,,,,"0° / 0°",0.000
1790445988.881,hud,drift,,,,,"0.00%",0.000
1790445988.881,hud,turns,,,,,"✗ turns: 2/15",
1790445988.881,hud,calib_s,,,,,"✓ Buffer 6s",
1790445988.881,marker,gnss,52.37222300,-1.24261500,199.70,true,,
1790445988.882,marker,reconciled,0.00000000,0.00000000,0.00,false,,
1790445988.929,hud,speed,,,,,"0.0 / 0.0",0.000
1790445988.929,hud,heading,,,,,"0° / 0°",0.000
1790445988.929,hud,drift,,,,,"0.00%",0.000
1790445988.929,hud,turns,,,,,"✗ turns: 2/15",
1790445988.929,hud,calib_s,,,,,"✓ Buffer 6s",
1790445988.930,marker,gnss,52.37222300,-1.24261500,199.70,true,,
1790445988.930,marker,reconciled,0.00000000,0.00000000,0.00,false,,
1790445988.982,hud,speed,,,,,"0.0 / 0.0",0.000
1790445988.982,hud,heading,,,,,"0° / 0°",0.000
1790445988.982,hud,drift,,,,,"0.00%",0.000
1790445988.983,hud,turns,,,,,"✗ turns: 2/15",
1790445988.983,hud,calib_s,,,,,"✓ Buffer 6s",
1790445988.983,marker,gnss,52.37222300,-1.24261500,199.70,true,,
1790445988.984,marker,reconciled,0.00000000,0.00000000,0.00,false,,
1790445989.028,hud,speed,,,,,"0.0 / 0.0",0.000
1790445989.029,hud,heading,,,,,"0° / 0°",0.000
1790445989.029,hud,drift,,,,,"0.00%",0.000
1790445989.029,hud,turns,,,,,"✗ turns: 2/15",
1790445989.029,hud,calib_s,,,,,"✓ Buffer 6s",
1790445989.030,marker,gnss,52.37222300,-1.24261500,199.70,true,,
1790445989.030,marker,reconciled,0.00000000,0.00000000,0.00,false,,
1790445989.083,hud,speed,,,,,"0.0 / 0.0",0.000
1790445989.083,hud,heading,,,,,"0° / 0°",0.000
1790445989.084,hud,drift,,,,,"0.00%",0.000
1790445989.084,hud,turns,,,,,"✗ turns: 2/15",
1790445989.084,hud,calib_s,,,,,"✓ Buffer 6s",
1790445989.084,marker,gnss,52.37222300,-1.24261500,199.70,true,,
1790445989.085,marker,reconciled,0.00000000,0.00000000,0.00,false,,
1790445989.133,hud,speed,,,,,"0.0 / 0.0",0.000
1790445989.134,hud,heading,,,,,"0° / 0°",0.000
1790445989.134,hud,drift,,,,,"0.00%",0.000
1790445989.135,hud,turns,,,,,"✗ turns: 2/15",
1790445989.135,hud,calib_s,,,,,"✓ Buffer 6s",
1790445989.135,marker,gnss,52.37222300,-1.24261500,199.70,true,,
1790445989.135,marker,reconciled,0.00000000,0.00000000,0.00,false,,
1790445989.185,hud,speed,,,,,"0.0 / 0.0",0.000
1790445989.185,hud,heading,,,,,"0° / 0°",0.000
1790445989.185,hud,drift,,,,,"0.00%",0.000
1790445989.185,hud,turns,,,,,"✗ turns: 2/15",
1790445989.186,hud,calib_s,,,,,"✓ Buffer 6s",
1790445989.186,marker,gnss,52.37222300,-1.24261500,199.70,true,,
1790445989.187,marker,reconciled,0.00000000,0.00000000,0.00,false,,
1790445989.236,hud,speed,,,,,"0.0 / 0.0",0.000
1790445989.236,hud,heading,,,,,"0° / 0°",0.000
1790445989.236,hud,drift,,,,,"0.00%",0.000
1790445989.237,hud,turns,,,,,"✗ turns: 2/15",
1790445989.237,hud,calib_s,,,,,"✓ Buffer 6s",
1790445989.237,marker,gnss,52.37222300,-1.24261500,199.70,true,,
1790445989.238,marker,reconciled,0.00000000,0.00000000,0.00,false,,
1790445989.285,hud,speed,,,,,"0.0 / 0.0",0.000
1790445989.285,hud,heading,,,,,"0° / 0°",0.000
1790445989.285,hud,drift,,,,,"0.00%",0.000
1790445989.286,hud,turns,,,,,"✗ turns: 2/15",
1790445989.286,hud,calib_s,,,,,"✓ Buffer 6s",
1790445989.287,marker,gnss,52.37222300,-1.24261500,199.70,true,,
1790445989.287,marker,reconciled,0.00000000,0.00000000,0.00,false,,
1790445989.338,hud,speed,,,,,"0.0 / 0.0",0.000
1790445989.338,hud,heading,,,,,"0° / 0°",0.000
1790445989.339,hud,drift,,,,,"0.00%",0.000
1790445989.339,hud,turns,,,,,"✗ turns: 2/15",
1790445989.339,hud,calib_s,,,,,"✓ Buffer 6s",
1790445989.340,marker,gnss,52.37222300,-1.24261500,199.70,true,,
1790445989.340,marker,reconciled,0.00000000,0.00000000,0.00,false,,
1790445989.389,hud,speed,,,,,"0.0 / 0.0",0.000
1790445989.390,hud,heading,,,,,"0° / 0°",0.000
1790445989.390,hud,drift,,,,,"0.00%",0.000
1790445989.390,hud,turns,,,,,"✗ turns: 2/15",
1790445989.390,hud,calib_s,,,,,"✓ Buffer 6s",
1790445989.391,marker,gnss,52.37222300,-1.24261500,199.70,true,,
1790445989.391,marker,reconciled,0.00000000,0.00000000,0.00,false,,
1790445989.440,hud,speed,,,,,"0.0 / 0.0",0.000
1790445989.440,hud,heading,,,,,"0° / 0°",0.000
1790445989.441,hud,drift,,,,,"0.00%",0.000
1790445989.441,hud,turns,,,,,"✗ turns: 2/15",
1790445989.441,hud,calib_s,,,,,"✓ Buffer 6s",
1790445989.441,marker,gnss,52.37222300,-1.24261500,199.70,true,,
1790445989.442,marker,reconciled,0.00000000,0.00000000,0.00,false,,
1790445989.492,hud,speed,,,,,"0.0 / 0.0",0.000
1790445989.492,hud,heading,,,,,"0° / 0°",0.000
1790445989.492,hud,drift,,,,,"0.00%",0.000
1790445989.493,hud,turns,,,,,"✗ turns: 2/15",
1790445989.493,hud,calib_s,,,,,"✓ Buffer 6s",
1790445989.493,marker,gnss,52.37222300,-1.24261500,199.70,true,,
1790445989.494,marker,reconciled,0.00000000,0.00000000,0.00,false,,
1790445989.541,hud,speed,,,,,"0.0 / 0.0",0.000
1790445989.542,hud,heading,,,,,"0° / 0°",0.000
1790445989.542,hud,drift,,,,,"0.00%",0.000
1790445989.543,hud,turns,,,,,"✗ turns: 2/15",
1790445989.543,hud,calib_s,,,,,"✓ Buffer 6s",
1790445989.543,marker,gnss,52.37222300,-1.24261500,199.70,true,,
1790445989.544,marker,reconciled,0.00000000,0.00000000,0.00,false,,
1790445989.594,hud,speed,,,,,"0.0 / 0.0",0.000
1790445989.594,hud,heading,,,,,"0° / 0°",0.000
1790445989.594,hud,drift,,,,,"0.00%",0.000
1790445989.595,hud,turns,,,,,"✗ turns: 2/15",
1790445989.595,hud,calib_s,,,,,"✓ Buffer 6s",
1790445989.596,marker,gnss,52.37222300,-1.24261500,199.70,true,,
1790445989.596,marker,reconciled,0.00000000,0.00000000,0.00,false,,
1790445989.644,hud,speed,,,,,"0.0 / 0.0",0.000
1790445989.645,hud,heading,,,,,"0° / 0°",0.000
1790445989.645,hud,drift,,,,,"0.00%",0.000
1790445989.645,hud,turns,,,,,"✗ turns: 2/15",
1790445989.646,hud,calib_s,,,,,"✓ Buffer 6s",
1790445989.646,marker,gnss,52.37222300,-1.24261500,199.70,true,,
1790445989.646,marker,reconciled,0.00000000,0.00000000,0.00,false,,
1790445989.698,hud,speed,,,,,"0.0 / 0.0",0.000
1790445989.699,hud,heading,,,,,"0° / 0°",0.000
1790445989.699,hud,drift,,,,,"0.00%",0.000
1790445989.699,hud,turns,,,,,"✗ turns: 2/15",
1790445989.700,hud,calib_s,,,,,"✓ Buffer 6s",
1790445989.700,marker,gnss,52.37222300,-1.24261500,199.70,true,,
1790445989.700,marker,reconciled,0.00000000,0.00000000,0.00,false,,
1790445989.745,hud,speed,,,,,"0.0 / 0.0",0.000
1790445989.745,hud,heading,,,,,"0° / 0°",0.000
1790445989.746,hud,drift,,,,,"0.00%",0.000
1790445989.746,hud,turns,,,,,"✗ turns: 2/15",
1790445989.747,hud,calib_s,,,,,"✓ Buffer 6s",
1790445989.747,marker,gnss,52.37222300,-1.24261500,199.70,true,,
1790445989.748,marker,reconciled,0.00000000,0.00000000,0.00,false,,
1790445989.799,hud,speed,,,,,"0.0 / 0.0",0.000
1790445989.799,hud,heading,,,,,"0° / 0°",0.000
1790445989.800,hud,drift,,,,,"0.00%",0.000
1790445989.800,hud,turns,,,,,"✗ turns: 2/15",
1790445989.800,hud,calib_s,,,,,"✓ Buffer 6s",
1790445989.801,marker,gnss,52.37222300,-1.24261500,199.70,true,,
1790445989.801,marker,reconciled,0.00000000,0.00000000,0.00,false,,
1790445989.849,hud,speed,,,,,"0.0 / 0.0",0.000
1790445989.849,hud,heading,,,,,"0° / 0°",0.000
1790445989.850,hud,drift,,,,,"0.00%",0.000
1790445989.850,hud,turns,,,,,"✗ turns: 2/15",
1790445989.850,hud,calib_s,,,,,"✓ Buffer 6s",
1790445989.851,marker,gnss,52.37222300,-1.24261500,199.70,true,,
1790445989.851,marker,reconciled,0.00000000,0.00000000,0.00,false,,
1790445989.903,hud,speed,,,,,"0.0 / 0.0",0.000
1790445989.903,hud,heading,,,,,"0° / 0°",0.000
1790445989.903,hud,drift,,,,,"0.00%",0.000
1790445989.904,hud,turns,,,,,"✗ turns: 2/15",
1790445989.904,hud,calib_s,,,,,"✓ Buffer 6s",
1790445989.904,marker,gnss,52.37222300,-1.24261500,199.70,true,,
1790445989.905,marker,reconciled,0.00000000,0.00000000,0.00,false,,
1790445989.949,hud,speed,,,,,"0.0 / 0.0",0.000
1790445989.949,hud,heading,,,,,"0° / 0°",0.000
1790445989.949,hud,drift,,,,,"0.00%",0.000
1790445989.950,hud,turns,,,,,"✗ turns: 2/15",
1790445989.950,hud,calib_s,,,,,"✓ Buffer 6s",
1790445989.950,marker,gnss,52.37222300,-1.24261500,199.70,true,,
1790445989.951,marker,reconciled,0.00000000,0.00000000,0.00,false,,
1790445990.002,hud,speed,,,,,"0.0 / 0.0",0.000
1790445990.002,hud,heading,,,,,"0° / 0°",0.000
1790445990.003,hud,drift,,,,,"0.00%",0.000
1790445990.003,hud,turns,,,,,"✗ turns: 2/15",
1790445990.003,hud,calib_s,,,,,"✓ Buffer 6s",
1790445990.003,marker,gnss,52.37222300,-1.24261500,199.70,true,,
1790445990.004,marker,reconciled,0.00000000,0.00000000,0.00,false,,
1790445990.052,hud,speed,,,,,"0.0 / 0.0",0.000
1790445990.053,hud,heading,,,,,"0° / 0°",0.000
1790445990.053,hud,drift,,,,,"0.00%",0.000
1790445990.053,hud,turns,,,,,"✗ turns: 2/15",
1790445990.053,hud,calib_s,,,,,"✓ Buffer 6s",
1790445990.054,marker,gnss,52.37222300,-1.24261500,199.70,true,,
1790445990.054,marker,reconciled,0.00000000,0.00000000,0.00,false,,
1790445990.105,hud,speed,,,,,"0.0 / 0.0",0.000
1790445990.105,hud,heading,,,,,"0° / 0°",0.000
1790445990.105,hud,drift,,,,,"0.00%",0.000
1790445990.105,hud,turns,,,,,"✗ turns: 2/15",
1790445990.106,hud,calib_s,,,,,"✓ Buffer 6s",
1790445990.106,marker,gnss,52.37222300,-1.24261500,199.70,true,,
1790445990.107,marker,reconciled,0.00000000,0.00000000,0.00,false,,
1790445990.156,hud,speed,,,,,"0.0 / 0.0",0.000
1790445990.156,hud,heading,,,,,"0° / 0°",0.000
1790445990.157,hud,drift,,,,,"0.00%",0.000
1790445990.157,hud,turns,,,,,"✗ turns: 2/15",
1790445990.157,hud,calib_s,,,,,"✓ Buffer 6s",
1790445990.157,marker,gnss,52.37222300,-1.24261500,199.70,true,,
1790445990.158,marker,reconciled,0.00000000,0.00000000,0.00,false,,
1790445990.206,hud,speed,,,,,"0.0 / 0.0",0.000
1790445990.207,hud,heading,,,,,"0° / 0°",0.000
1790445990.207,hud,drift,,,,,"0.00%",0.000
1790445990.208,hud,turns,,,,,"✗ turns: 2/15",
1790445990.208,hud,calib_s,,,,,"✓ Buffer 6s",
1790445990.208,marker,gnss,52.37222300,-1.24261500,199.70,true,,
1790445990.209,marker,reconciled,0.00000000,0.00000000,0.00,false,,
1790445990.257,hud,speed,,,,,"0.0 / 0.0",0.000
1790445990.257,hud,heading,,,,,"0° / 0°",0.000
1790445990.257,hud,drift,,,,,"0.00%",0.000
1790445990.258,hud,turns,,,,,"✗ turns: 2/15",
1790445990.258,hud,calib_s,,,,,"✓ Buffer 6s",
1790445990.258,marker,gnss,52.37222300,-1.24261500,199.70,true,,
1790445990.259,marker,reconciled,0.00000000,0.00000000,0.00,false,,
1790445990.316,hud,speed,,,,,"0.0 / 0.0",0.000
1790445990.317,hud,heading,,,,,"0° / 0°",0.000
1790445990.317,hud,drift,,,,,"0.00%",0.000
1790445990.317,hud,turns,,,,,"✗ turns: 2/15",
1790445990.317,hud,calib_s,,,,,"✓ Buffer 6s",
1790445990.318,marker,gnss,52.37222300,-1.24261500,199.70,true,,
1790445990.318,marker,reconciled,0.00000000,0.00000000,0.00,false,,
1790445990.361,hud,speed,,,,,"0.0 / 0.0",0.000
1790445990.361,hud,heading,,,,,"0° / 0°",0.000
1790445990.362,hud,drift,,,,,"0.00%",0.000
1790445990.362,hud,turns,,,,,"✗ turns: 2/15",
1790445990.362,hud,calib_s,,,,,"✓ Buffer 6s",
1790445990.362,marker,gnss,52.37222300,-1.24261500,199.70,true,,
1790445990.363,marker,reconciled,0.00000000,0.00000000,0.00,false,,
1790445990.439,hud,speed,,,,,"5.7 / 5.6",5.700
1790445990.439,hud,heading,,,,,"236° / 82°",235.900
1790445990.440,hud,drift,,,,,"95.90%",95.900
1790445990.440,hud,turns,,,,,"✗ turns: 3/15",
1790445990.440,hud,calib_s,,,,,"✓ Buffer 6s",
1790445990.441,marker,gnss,52.37159700,-1.24225300,277.60,true,,
1790445990.441,marker,dr,52.37159489,-1.24226664,124.10,true,,
1790445990.441,marker,reconciled,0.00000000,0.00000000,0.00,false,,
1790445990.482,hud,speed,,,,,"5.9 / 5.6",5.900
1790445990.482,hud,heading,,,,,"236° / 82°",236.300
1790445990.483,hud,drift,,,,,"206.76%",206.760
1790445990.483,hud,turns,,,,,"✗ turns: 3/15",
1790445990.483,hud,calib_s,,,,,"✓ Buffer 6s",
1790445990.483,marker,gnss,52.37159700,-1.24225300,277.60,true,,
1790445990.484,marker,dr,52.37159157,-1.24227349,123.70,true,,
1790445990.484,marker,reconciled,0.00000000,0.00000000,0.00,false,,
1790445990.516,hud,speed,,,,,"6.0 / 5.6",6.030
1790445990.516,hud,heading,,,,,"236° / 82°",236.400
1790445990.516,hud,drift,,,,,"266.00%",266.000
1790445990.517,hud,turns,,,,,"✗ turns: 3/15",
1790445990.517,hud,calib_s,,,,,"✓ Buffer 6s",
1790445990.517,marker,gnss,52.37159700,-1.24225300,277.60,true,,
1790445990.517,marker,dr,52.37158813,-1.24228017,123.60,true,,
1790445990.518,marker,reconciled,0.00000000,0.00000000,0.00,false,,
1790445990.569,hud,speed,,,,,"6.0 / 5.6",6.030
1790445990.570,hud,heading,,,,,"237° / 82°",236.500
1790445990.570,hud,drift,,,,,"238.52%",238.520
1790445990.570,hud,turns,,,,,"✗ turns: 3/15",
1790445990.571,hud,calib_s,,,,,"✓ Buffer 6s",
1790445990.571,marker,gnss,52.37159700,-1.24225300,277.60,true,,
1790445990.571,marker,dr,52.37158461,-1.24228687,123.50,true,,
1790445990.572,marker,reconciled,0.00000000,0.00000000,0.00,false,,
1790445990.623,hud,speed,,,,,"5.8 / 5.6",5.820
1790445990.623,hud,heading,,,,,"237° / 82°",236.700
1790445990.624,hud,drift,,,,,"225.93%",225.930
1790445990.624,hud,turns,,,,,"✗ turns: 3/15",
1790445990.624,hud,calib_s,,,,,"✓ Buffer 6s",
1790445990.625,marker,gnss,52.37159700,-1.24225300,277.60,true,,
1790445990.625,marker,dr,52.37158116,-1.24229330,123.30,true,,
1790445990.625,marker,reconciled,0.00000000,0.00000000,0.00,false,,
1790445990.676,hud,speed,,,,,"5.8 / 5.6",5.780
1790445990.677,hud,heading,,,,,"237° / 82°",237.100
1790445990.677,hud,drift,,,,,"218.28%",218.280
1790445990.677,hud,turns,,,,,"✗ turns: 3/15",
1790445990.677,hud,calib_s,,,,,"✓ Buffer 6s",
1790445990.678,marker,gnss,52.37159700,-1.24225300,277.60,true,,
1790445990.678,marker,dr,52.37157766,-1.24229970,122.90,true,,
1790445990.679,marker,reconciled,0.00000000,0.00000000,0.00,false,,
1790445990.723,hud,speed,,,,,"5.8 / 5.6",5.790
1790445990.724,hud,heading,,,,,"237° / 82°",236.900
1790445990.724,hud,drift,,,,,"213.15%",213.150
1790445990.724,hud,turns,,,,,"✗ turns: 3/15",
1790445990.724,hud,calib_s,,,,,"✓ Buffer 6s",
1790445990.725,marker,gnss,52.37159700,-1.24225300,277.60,true,,
1790445990.725,marker,dr,52.37157416,-1.24230590,123.10,true,,
1790445990.726,marker,reconciled,0.00000000,0.00000000,0.00,false,,
1790445990.776,hud,speed,,,,,"5.8 / 5.6",5.820
1790445990.777,hud,heading,,,,,"237° / 82°",236.700
1790445990.777,hud,drift,,,,,"209.39%",209.390
1790445990.777,hud,turns,,,,,"✗ turns: 3/15",
1790445990.778,hud,calib_s,,,,,"✓ Buffer 6s",
1790445990.778,marker,gnss,52.37159700,-1.24225300,277.60,true,,
1790445990.779,marker,dr,52.37157065,-1.24231223,123.30,true,,
1790445990.779,marker,reconciled,0.00000000,0.00000000,0.00,false,,
1790445990.825,hud,speed,,,,,"5.8 / 5.6",5.840
1790445990.825,hud,heading,,,,,"236° / 82°",236.400
1790445990.826,hud,drift,,,,,"206.52%",206.520
1790445990.826,hud,turns,,,,,"✗ turns: 3/15",
1790445990.826,hud,calib_s,,,,,"✓ Buffer 6s",
1790445990.827,marker,gnss,52.37159700,-1.24225300,277.60,true,,
1790445990.827,marker,dr,52.37156712,-1.24231857,123.60,true,,
1790445990.828,marker,reconciled,0.00000000,0.00000000,0.00,false,,
1790445990.880,hud,speed,,,,,"5.9 / 5.6",5.870
1790445990.881,hud,heading,,,,,"236° / 82°",236.200
1790445990.881,hud,drift,,,,,"204.28%",204.280
1790445990.881,hud,turns,,,,,"✗ turns: 3/15",
1790445990.882,hud,calib_s,,,,,"✓ Buffer 6s",
1790445990.882,marker,gnss,52.37159700,-1.24225300,277.60,true,,
1790445990.883,marker,dr,52.37156360,-1.24232509,123.80,true,,
1790445990.883,marker,reconciled,0.00000000,0.00000000,0.00,false,,
1790445990.930,hud,speed,,,,,"5.9 / 5.6",5.880
1790445990.930,hud,heading,,,,,"236° / 82°",236.000
1790445990.931,hud,drift,,,,,"202.56%",202.560
1790445990.931,hud,turns,,,,,"✗ turns: 3/15",
1790445990.931,hud,calib_s,,,,,"✓ Buffer 6s",
1790445990.932,marker,gnss,52.37159700,-1.24225300,277.60,true,,
1790445990.932,marker,dr,52.37156023,-1.24233163,124.00,true,,
1790445990.932,marker,reconciled,0.00000000,0.00000000,0.00,false,,
1790445990.983,hud,speed,,,,,"5.9 / 5.6",5.850
1790445990.983,hud,heading,,,,,"236° / 82°",236.000
1790445990.984,hud,drift,,,,,"201.22%",201.220
1790445990.984,hud,turns,,,,,"✗ turns: 3/15",
1790445990.984,hud,calib_s,,,,,"✓ Buffer 6s",
1790445990.985,marker,gnss,52.37159700,-1.24225300,277.60,true,,
1790445990.985,marker,dr,52.37155687,-1.24233833,124.00,true,,
1790445990.986,marker,reconciled,0.00000000,0.00000000,0.00,false,,
1790445991.032,hud,speed,,,,,"5.9 / 5.6",5.900
1790445991.033,hud,heading,,,,,"236° / 82°",235.900
1790445991.033,hud,drift,,,,,"200.07%",200.070
1790445991.033,hud,turns,,,,,"✗ turns: 3/15",
1790445991.033,hud,calib_s,,,,,"✓ Buffer 6s",
1790445991.034,marker,gnss,52.37159700,-1.24225300,277.60,true,,
1790445991.035,marker,dr,52.37155360,-1.24234501,124.10,true,,
1790445991.035,marker,reconciled,0.00000000,0.00000000,0.00,false,,
1790445991.085,hud,speed,,,,,"5.9 / 5.6",5.940
1790445991.085,hud,heading,,,,,"236° / 82°",236.000
1790445991.085,hud,drift,,,,,"199.07%",199.070
1790445991.086,hud,turns,,,,,"✗ turns: 3/15",
1790445991.086,hud,calib_s,,,,,"✓ Buffer 6s",
1790445991.086,marker,gnss,52.37159700,-1.24225300,277.60,true,,
1790445991.087,marker,dr,52.37155036,-1.24235193,124.00,true,,
1790445991.087,marker,reconciled,0.00000000,0.00000000,0.00,false,,
1790445991.132,hud,speed,,,,,"6.0 / 5.6",6.030
1790445991.132,hud,heading,,,,,"236° / 82°",236.100
1790445991.132,hud,drift,,,,,"198.15%",198.150
1790445991.133,hud,turns,,,,,"✗ turns: 3/15",
1790445991.133,hud,calib_s,,,,,"✓ Buffer 6s",
1790445991.133,marker,gnss,52.37159700,-1.24225300,277.60,true,,
1790445991.133,marker,dr,52.37154717,-1.24235908,123.90,true,,
1790445991.133,marker,reconciled,0.00000000,0.00000000,0.00,false,,
1790445991.192,hud,speed,,,,,"6.1 / 5.6",6.110
1790445991.193,hud,heading,,,,,"236° / 82°",236.100
1790445991.193,hud,drift,,,,,"197.27%",197.270
1790445991.194,hud,turns,,,,,"✗ turns: 3/15",
1790445991.194,hud,calib_s,,,,,"✓ Buffer 6s",
1790445991.195,marker,gnss,52.37159700,-1.24225300,277.60,true,,
1790445991.195,marker,dr,52.37154399,-1.24236651,123.90,true,,
1790445991.196,marker,reconciled,0.00000000,0.00000000,0.00,false,,
1790445991.232,hud,speed,,,,,"6.2 / 5.6",6.190
1790445991.233,hud,heading,,,,,"236° / 82°",236.400
1790445991.233,hud,drift,,,,,"196.47%",196.470
1790445991.234,hud,turns,,,,,"✗ turns: 3/15",
1790445991.234,hud,calib_s,,,,,"✓ Buffer 6s",
1790445991.234,marker,gnss,52.37159700,-1.24225300,277.60,true,,
1790445991.235,marker,dr,52.37154095,-1.24237402,123.60,true,,
1790445991.236,marker,reconciled,0.00000000,0.00000000,0.00,false,,
1790445991.288,hud,speed,,,,,"6.3 / 5.6",6.340
1790445991.289,hud,heading,,,,,"237° / 82°",236.600
1790445991.289,hud,drift,,,,,"195.61%",195.610
1790445991.290,hud,turns,,,,,"✗ turns: 3/15",
1790445991.290,hud,calib_s,,,,,"✓ Buffer 6s",
1790445991.290,marker,gnss,52.37159700,-1.24225300,277.60,true,,
1790445991.291,marker,dr,52.37153776,-1.24238184,123.40,true,,
1790445991.291,marker,reconciled,0.00000000,0.00000000,0.00,false,,
1790445991.340,hud,speed,,,,,"6.4 / 5.6",6.410
1790445991.341,hud,heading,,,,,"237° / 82°",236.500
1790445991.341,hud,drift,,,,,"194.80%",194.800
1790445991.341,hud,turns,,,,,"✗ turns: 3/15",
1790445991.341,hud,calib_s,,,,,"✓ Buffer 6s",
1790445991.342,marker,gnss,52.37159700,-1.24225300,277.60,true,,
1790445991.343,marker,dr,52.37153460,-1.24238970,123.50,true,,
1790445991.343,marker,reconciled,0.00000000,0.00000000,0.00,false,,
1790445991.394,hud,speed,,,,,"6.5 / 5.6",6.460
1790445991.394,hud,heading,,,,,"237° / 82°",236.600
1790445991.395,hud,drift,,,,,"194.07%",194.070
1790445991.395,hud,turns,,,,,"✗ turns: 3/15",
1790445991.395,hud,calib_s,,,,,"✓ Buffer 6s",
1790445991.396,marker,gnss,52.37159700,-1.24225300,277.60,true,,
1790445991.396,marker,dr,52.37153153,-1.24239763,123.40,true,,
1790445991.397,marker,reconciled,0.00000000,0.00000000,0.00,false,,
1790445991.444,hud,speed,,,,,"6.5 / 5.6",6.520
1790445991.445,hud,heading,,,,,"237° / 82°",236.800
1790445991.445,hud,drift,,,,,"193.38%",193.380
1790445991.445,hud,turns,,,,,"✗ turns: 3/15",
1790445991.445,hud,calib_s,,,,,"✓ Buffer 6s",
1790445991.446,marker,gnss,52.37159700,-1.24225300,277.60,true,,
1790445991.447,marker,dr,52.37152849,-1.24240582,123.20,true,,
1790445991.447,marker,reconciled,0.00000000,0.00000000,0.00,false,,
1790445991.489,hud,speed,,,,,"6.6 / 5.6",6.600
1790445991.490,hud,heading,,,,,"237° / 82°",236.900
1790445991.490,hud,drift,,,,,"192.69%",192.690
1790445991.491,hud,turns,,,,,"✗ turns: 3/15",
1790445991.491,hud,calib_s,,,,,"✓ Buffer 6s",
1790445991.491,marker,gnss,52.37159700,-1.24225300,277.60,true,,
1790445991.492,marker,dr,52.37152540,-1.24241420,123.10,true,,
1790445991.492,marker,reconciled,0.00000000,0.00000000,0.00,false,,
1790445991.544,hud,speed,,,,,"6.8 / 5.6",6.760
1790445991.544,hud,heading,,,,,"237° / 82°",236.700
1790445991.545,hud,drift,,,,,"191.98%",191.980
1790445991.545,hud,turns,,,,,"✗ turns: 3/15",
1790445991.545,hud,calib_s,,,,,"✓ Buffer 6s",
1790445991.546,marker,gnss,52.37159700,-1.24225300,277.60,true,,
1790445991.546,marker,dr,52.37152231,-1.24242263,123.30,true,,
1790445991.547,marker,reconciled,0.00000000,0.00000000,0.00,false,,
1790445991.592,hud,speed,,,,,"6.9 / 5.6",6.860
1790445991.593,hud,heading,,,,,"237° / 82°",236.800
1790445991.593,hud,drift,,,,,"191.27%",191.270
1790445991.593,hud,turns,,,,,"✗ turns: 3/15",
1790445991.594,hud,calib_s,,,,,"✓ Buffer 6s",
1790445991.594,marker,gnss,52.37159700,-1.24225300,277.60,true,,
1790445991.595,marker,dr,52.37151922,-1.24243134,123.20,true,,
1790445991.595,marker,reconciled,0.00000000,0.00000000,0.00,false,,
1790445991.648,hud,speed,,,,,"6.9 / 5.6",6.920
1790445991.648,hud,heading,,,,,"237° / 82°",236.900
1790445991.648,hud,drift,,,,,"190.60%",190.600
1790445991.649,hud,turns,,,,,"✗ turns: 3/15",
1790445991.649,hud,calib_s,,,,,"✓ Buffer 6s",
1790445991.649,marker,gnss,52.37159700,-1.24225300,277.60,true,,
1790445991.650,marker,dr,52.37151609,-1.24244011,123.10,true,,
1790445991.650,marker,reconciled,0.00000000,0.00000000,0.00,false,,
1790445991.695,hud,speed,,,,,"6.9 / 5.6",6.870
1790445991.695,hud,heading,,,,,"237° / 82°",236.700
1790445991.696,hud,drift,,,,,"190.00%",190.000
1790445991.696,hud,turns,,,,,"✗ turns: 3/15",
1790445991.696,hud,calib_s,,,,,"✓ Buffer 6s",
1790445991.696,marker,gnss,52.37159700,-1.24225300,277.60,true,,
1790445991.697,marker,dr,52.37151295,-1.24244893,123.30,true,,
1790445991.697,marker,reconciled,0.00000000,0.00000000,0.00,false,,
1790445991.747,hud,speed,,,,,"6.9 / 5.6",6.880
1790445991.747,hud,heading,,,,,"237° / 82°",236.600
1790445991.748,hud,drift,,,,,"189.47%",189.470
1790445991.748,hud,turns,,,,,"✗ turns: 3/15",
1790445991.748,hud,calib_s,,,,,"✓ Buffer 6s",
1790445991.748,marker,gnss,52.37159700,-1.24225300,277.60,true,,
1790445991.749,marker,dr,52.37151000,-1.24245771,123.40,true,,
1790445991.749,marker,reconciled,0.00000000,0.00000000,0.00,false,,
1790445991.794,hud,speed,,,,,"6.9 / 5.6",6.940
1790445991.795,hud,heading,,,,,"237° / 82°",237.000
1790445991.795,hud,drift,,,,,"211.43%",211.430
1790445991.795,hud,turns,,,,,"✗ turns: 3/15",
1790445991.795,hud,calib_s,,,,,"✓ Buffer 6s",
1790445991.796,marker,gnss,52.37159700,-1.24225300,277.60,true,,
1790445991.796,marker,dr,52.37150697,-1.24246673,123.00,true,,
1790445991.797,marker,reconciled,0.00000000,0.00000000,0.00,false,,
1790445991.850,hud,speed,,,,,"7.0 / 5.6",7.040
1790445991.850,hud,heading,,,,,"237° / 82°",237.200
1790445991.851,hud,drift,,,,,"211.82%",211.820
1790445991.851,hud,turns,,,,,"✗ turns: 3/15",
1790445991.851,hud,calib_s,,,,,"✓ Buffer 6s",
1790445991.851,marker,gnss,52.37159700,-1.24225300,277.60,true,,
1790445991.852,marker,dr,52.37150404,-1.24247577,122.80,true,,
1790445991.852,marker,reconciled,0.00000000,0.00000000,0.00,false,,
1790445991.897,hud,speed,,,,,"7.1 / 5.6",7.090
1790445991.897,hud,heading,,,,,"238° / 82°",237.500
1790445991.898,hud,drift,,,,,"212.23%",212.230
1790445991.898,hud,turns,,,,,"✗ turns: 3/15",
1790445991.898,hud,calib_s,,,,,"✓ Buffer 6s",
1790445991.898,marker,gnss,52.37159700,-1.24225300,277.60,true,,
1790445991.899,marker,dr,52.37150115,-1.24248515,122.50,true,,
1790445991.899,marker,reconciled,0.00000000,0.00000000,0.00,false,,
1790445991.954,hud,speed,,,,,"7.0 / 5.6",7.040
1790445991.954,hud,heading,,,,,"237° / 82°",237.300
1790445991.955,hud,drift,,,,,"212.58%",212.580
1790445991.955,hud,turns,,,,,"✗ turns: 3/15",
1790445991.955,hud,calib_s,,,,,"✓ Buffer 6s",
1790445991.955,marker,gnss,52.37159700,-1.24225300,277.60,true,,
1790445991.956,marker,dr,52.37149831,-1.24249439,122.70,true,,
1790445991.956,marker,reconciled,0.00000000,0.00000000,0.00,false,,
1790445992.003,hud,speed,,,,,"7.1 / 5.6",7.070
1790445992.003,hud,heading,,,,,"237° / 82°",237.300
1790445992.003,hud,drift,,,,,"212.92%",212.920
1790445992.004,hud,turns,,,,,"✗ turns: 3/15",
1790445992.004,hud,calib_s,,,,,"✓ Buffer 6s",
1790445992.004,marker,gnss,52.37159700,-1.24225300,277.60,true,,
1790445992.005,marker,dr,52.37149541,-1.24250361,122.70,true,,
1790445992.005,marker,reconciled,0.00000000,0.00000000,0.00,false,,
1790445992.054,hud,speed,,,,,"7.0 / 5.6",7.010
1790445992.054,hud,heading,,,,,"237° / 82°",236.700
1790445992.055,hud,drift,,,,,"213.21%",213.210
1790445992.055,hud,turns,,,,,"✗ turns: 3/15",
1790445992.055,hud,calib_s,,,,,"✓ Buffer 6s",
1790445992.056,marker,gnss,52.37159700,-1.24225300,277.60,true,,
1790445992.056,marker,dr,52.37149255,-1.24251267,123.30,true,,
1790445992.056,marker,reconciled,0.00000000,0.00000000,0.00,false,,
1790445992.105,hud,speed,,,,,"6.9 / 5.6",6.860
1790445992.105,hud,heading,,,,,"237° / 82°",237.000
1790445992.106,hud,drift,,,,,"213.41%",213.410
1790445992.106,hud,turns,,,,,"✗ turns: 3/15",
1790445992.106,hud,calib_s,,,,,"✓ Buffer 6s",
1790445992.106,marker,gnss,52.37159700,-1.24225300,277.60,true,,
1790445992.107,marker,dr,52.37148989,-1.24252178,123.00,true,,
1790445992.107,marker,reconciled,0.00000000,0.00000000,0.00,false,,
1790445992.157,hud,speed,,,,,"6.9 / 5.6",6.890
1790445992.157,hud,heading,,,,,"237° / 82°",237.000
1790445992.157,hud,drift,,,,,"213.63%",213.630
1790445992.158,hud,turns,,,,,"✗ turns: 3/15",
1790445992.158,hud,calib_s,,,,,"✓ Buffer 6s",
1790445992.158,marker,gnss,52.37159700,-1.24225300,277.60,true,,
1790445992.159,marker,dr,52.37148721,-1.24253092,123.00,true,,
1790445992.159,marker,reconciled,0.00000000,0.00000000,0.00,false,,
1790445992.205,hud,speed,,,,,"7.1 / 5.6",7.120
1790445992.206,hud,heading,,,,,"237° / 82°",236.600
1790445992.206,hud,drift,,,,,"213.94%",213.940
1790445992.206,hud,turns,,,,,"✗ turns: 3/15",
1790445992.207,hud,calib_s,,,,,"✓ Buffer 6s",
1790445992.207,marker,gnss,52.37159700,-1.24225300,277.60,true,,
1790445992.208,marker,dr,52.37148425,-1.24254032,123.40,true,,
1790445992.208,marker,reconciled,0.00000000,0.00000000,0.00,false,,
1790445992.258,hud,speed,,,,,"7.2 / 5.6",7.220
1790445992.259,hud,heading,,,,,"236° / 82°",236.400
1790445992.259,hud,drift,,,,,"214.29%",214.290
1790445992.259,hud,turns,,,,,"✗ turns: 3/15",
1790445992.259,hud,calib_s,,,,,"✓ Buffer 6s",
1790445992.260,marker,gnss,52.37159700,-1.24225300,277.60,true,,
1790445992.260,marker,dr,52.37148140,-1.24254976,123.60,true,,
1790445992.261,marker,reconciled,0.00000000,0.00000000,0.00,false,,
1790445992.308,hud,speed,,,,,"7.2 / 5.6",7.150
1790445992.308,hud,heading,,,,,"237° / 82°",236.700
1790445992.308,hud,drift,,,,,"214.59%",214.590
1790445992.308,hud,turns,,,,,"✗ turns: 3/15",
1790445992.309,hud,calib_s,,,,,"✓ Buffer 6s",
1790445992.309,marker,gnss,52.37159700,-1.24225300,277.60,true,,
1790445992.309,marker,dr,52.37147869,-1.24255931,123.30,true,,
1790445992.310,marker,reconciled,0.00000000,0.00000000,0.00,false,,
1790445992.361,hud,speed,,,,,"7.2 / 5.6",7.210
1790445992.361,hud,heading,,,,,"237° / 82°",237.000
1790445992.362,hud,drift,,,,,"214.90%",214.900
1790445992.362,hud,turns,,,,,"✗ turns: 3/15",
1790445992.362,hud,calib_s,,,,,"✓ Buffer 6s",
1790445992.363,marker,gnss,52.37159700,-1.24225300,277.60,true,,
1790445992.363,marker,dr,52.37147582,-1.24256893,123.00,true,,
1790445992.364,marker,reconciled,0.00000000,0.00000000,0.00,false,,
1790445992.411,hud,speed,,,,,"7.4 / 5.6",7.350
1790445992.412,hud,heading,,,,,"237° / 82°",237.000
1790445992.412,hud,drift,,,,,"215.26%",215.260
1790445992.412,hud,turns,,,,,"✗ turns: 3/15",
1790445992.412,hud,calib_s,,,,,"✓ Buffer 6s",
1790445992.413,marker,gnss,52.37159700,-1.24225300,277.60,true,,
1790445992.414,marker,dr,52.37147290,-1.24257862,123.00,true,,
1790445992.414,marker,reconciled,0.00000000,0.00000000,0.00,false,,
1790445992.461,hud,speed,,,,,"7.5 / 5.6",7.500
1790445992.461,hud,heading,,,,,"237° / 82°",237.000
1790445992.461,hud,drift,,,,,"215.66%",215.660
1790445992.462,hud,turns,,,,,"✗ turns: 3/15",
1790445992.462,hud,calib_s,,,,,"✓ Buffer 6s",
1790445992.462,marker,gnss,52.37159700,-1.24225300,277.60,true,,
1790445992.463,marker,dr,52.37146993,-1.24258840,123.00,true,,
1790445992.463,marker,reconciled,0.00000000,0.00000000,0.00,false,,
1790445992.514,hud,speed,,,,,"7.3 / 5.6",7.340
1790445992.514,hud,heading,,,,,"237° / 82°",236.800
1790445992.515,hud,drift,,,,,"215.97%",215.970
1790445992.515,hud,turns,,,,,"✗ turns: 3/15",
1790445992.515,hud,calib_s,,,,,"✓ Buffer 6s",
1790445992.516,marker,gnss,52.37159700,-1.24225300,277.60,true,,
1790445992.516,marker,dr,52.37146693,-1.24259801,123.20,true,,
1790445992.517,marker,reconciled,0.00000000,0.00000000,0.00,false,,
1790445992.562,hud,speed,,,,,"7.3 / 5.6",7.280
1790445992.562,hud,heading,,,,,"237° / 82°",236.700
1790445992.563,hud,drift,,,,,"216.24%",216.240
1790445992.563,hud,turns,,,,,"✗ turns: 3/15",
1790445992.563,hud,calib_s,,,,,"✓ Buffer 6s",
1790445992.564,marker,gnss,52.37159700,-1.24225300,277.60,true,,
1790445992.564,marker,dr,52.37146388,-1.24260750,123.30,true,,
1790445992.564,marker,reconciled,0.00000000,0.00000000,0.00,false,,
1790445992.617,hud,speed,,,,,"7.3 / 5.6",7.250
1790445992.618,hud,heading,,,,,"237° / 82°",236.800
1790445992.618,hud,drift,,,,,"216.48%",216.480
1790445992.618,hud,turns,,,,,"✗ turns: 3/15",
1790445992.619,hud,calib_s,,,,,"✓ Buffer 6s",
1790445992.619,marker,gnss,52.37159700,-1.24225300,277.60,true,,
1790445992.620,marker,dr,52.37146082,-1.24261691,123.20,true,,
1790445992.620,marker,reconciled,0.00000000,0.00000000,0.00,false,,
1790445992.666,hud,speed,,,,,"7.3 / 5.6",7.310
1790445992.666,hud,heading,,,,,"237° / 82°",236.700
1790445992.666,hud,drift,,,,,"216.74%",216.740
1790445992.666,hud,turns,,,,,"✗ turns: 3/15",
1790445992.667,hud,calib_s,,,,,"✓ Buffer 6s",
1790445992.667,marker,gnss,52.37159700,-1.24225300,277.60,true,,
1790445992.668,marker,dr,52.37145776,-1.24262643,123.30,true,,
1790445992.668,marker,reconciled,0.00000000,0.00000000,0.00,false,,
1790445992.722,hud,speed,,,,,"7.3 / 5.6",7.330
1790445992.722,hud,heading,,,,,"237° / 82°",236.600
1790445992.723,hud,drift,,,,,"216.99%",216.990
1790445992.723,hud,turns,,,,,"✗ turns: 3/15",
1790445992.723,hud,calib_s,,,,,"✓ Buffer 6s",
1790445992.723,marker,gnss,52.37159700,-1.24225300,277.60,true,,
1790445992.724,marker,dr,52.37145467,-1.24263596,123.40,true,,
1790445992.724,marker,reconciled,0.00000000,0.00000000,0.00,false,,
1790445992.768,hud,speed,,,,,"7.5 / 5.6",7.490
1790445992.768,hud,heading,,,,,"237° / 82°",236.800
1790445992.768,hud,drift,,,,,"217.30%",217.300
1790445992.769,hud,turns,,,,,"✗ turns: 3/15",
1790445992.769,hud,calib_s,,,,,"✓ Buffer 6s",
1790445992.769,marker,gnss,52.37159700,-1.24225300,277.60,true,,
1790445992.770,marker,dr,52.37145145,-1.24264575,123.20,true,,
1790445992.770,marker,reconciled,0.00000000,0.00000000,0.00,false,,
1790445992.823,hud,speed,,,,,"7.4 / 5.6",7.400
1790445992.823,hud,heading,,,,,"237° / 82°",237.100
1790445992.824,hud,drift,,,,,"217.55%",217.550
1790445992.824,hud,turns,,,,,"✗ turns: 3/15",
1790445992.824,hud,calib_s,,,,,"✓ Buffer 6s",
1790445992.824,marker,gnss,52.37159700,-1.24225300,277.60,true,,
1790445992.825,marker,dr,52.37144834,-1.24265535,122.90,true,,
1790445992.825,marker,reconciled,0.00000000,0.00000000,0.00,false,,
1790445992.873,hud,speed,,,,,"7.5 / 5.6",7.510
1790445992.873,hud,heading,,,,,"237° / 82°",237.100
1790445992.874,hud,drift,,,,,"217.83%",217.830
1790445992.874,hud,turns,,,,,"✗ turns: 3/15",
1790445992.874,hud,calib_s,,,,,"✓ Buffer 6s",
1790445992.874,marker,gnss,52.37159700,-1.24225300,277.60,true,,
1790445992.875,marker,dr,52.37144517,-1.24266497,122.90,true,,
1790445992.875,marker,reconciled,0.00000000,0.00000000,0.00,false,,
1790445992.923,hud,speed,,,,,"7.5 / 5.6",7.510
1790445992.924,hud,heading,,,,,"237° / 82°",237.400
1790445992.924,hud,drift,,,,,"218.09%",218.090
1790445992.924,hud,turns,,,,,"✗ turns: 3/15",
1790445992.924,hud,calib_s,,,,,"✓ Buffer 6s",
1790445992.925,marker,gnss,52.37159700,-1.24225300,277.60,true,,
1790445992.925,marker,dr,52.37144200,-1.24267469,122.60,true,,
1790445992.926,marker,reconciled,0.00000000,0.00000000,0.00,false,,
1790445992.973,hud,speed,,,,,"7.8 / 5.6",7.750
1790445992.974,hud,heading,,,,,"238° / 82°",237.600
1790445992.974,hud,drift,,,,,"218.44%",218.440
1790445992.974,hud,turns,,,,,"✗ turns: 3/15",
1790445992.974,hud,calib_s,,,,,"✓ Buffer 6s",
1790445992.975,marker,gnss,52.37159700,-1.24225300,277.60,true,,
1790445992.975,marker,dr,52.37143877,-1.24268476,122.40,true,,
1790445992.976,marker,reconciled,0.00000000,0.00000000,0.00,false,,
1790445993.027,hud,speed,,,,,"7.7 / 5.6",7.660
1790445993.027,hud,heading,,,,,"238° / 82°",237.500
1790445993.028,hud,drift,,,,,"218.74%",218.740
1790445993.028,hud,turns,,,,,"✗ turns: 3/15",
1790445993.028,hud,calib_s,,,,,"✓ Buffer 6s",
1790445993.029,marker,gnss,52.37159700,-1.24225300,277.60,true,,
1790445993.029,marker,dr,52.37143547,-1.24269474,122.50,true,,
1790445993.030,marker,reconciled,0.00000000,0.00000000,0.00,false,,
1790445993.077,hud,speed,,,,,"7.8 / 5.6",7.800
1790445993.078,hud,heading,,,,,"237° / 82°",237.100
1790445993.078,hud,drift,,,,,"219.07%",219.070
1790445993.078,hud,turns,,,,,"✗ turns: 3/15",
1790445993.079,hud,calib_s,,,,,"✓ Buffer 6s",
1790445993.079,marker,gnss,52.37159700,-1.24225300,277.60,true,,
1790445993.080,marker,dr,52.37143210,-1.24270478,122.90,true,,
1790445993.080,marker,reconciled,0.00000000,0.00000000,0.00,false,,
1790445993.132,hud,speed,,,,,"7.7 / 5.6",7.740
1790445993.133,hud,heading,,,,,"237° / 82°",237.100
1790445993.133,hud,drift,,,,,"219.37%",219.370
1790445993.133,hud,turns,,,,,"✗ turns: 3/15",
1790445993.134,hud,calib_s,,,,,"✓ Buffer 6s",
1790445993.134,marker,gnss,52.37159700,-1.24225300,277.60,true,,
1790445993.135,marker,dr,52.37142882,-1.24271481,122.90,true,,
1790445993.135,marker,reconciled,0.00000000,0.00000000,0.00,false,,
1790445993.180,hud,speed,,,,,"7.9 / 5.6",7.940
1790445993.180,hud,heading,,,,,"237° / 82°",237.300
1790445993.181,hud,drift,,,,,"219.73%",219.730
1790445993.181,hud,turns,,,,,"✗ turns: 3/15",
1790445993.181,hud,calib_s,,,,,"✓ Buffer 6s",
1790445993.182,marker,gnss,52.37159700,-1.24225300,277.60,true,,
1790445993.182,marker,dr,52.37142542,-1.24272507,122.70,true,,
1790445993.183,marker,reconciled,0.00000000,0.00000000,0.00,false,,
1790445993.236,hud,speed,,,,,"8.0 / 5.6",7.990
1790445993.237,hud,heading,,,,,"237° / 82°",237.000
1790445993.237,hud,drift,,,,,"220.09%",220.090
1790445993.237,hud,turns,,,,,"✗ turns: 3/15",
1790445993.238,hud,calib_s,,,,,"✓ Buffer 6s",
1790445993.238,marker,gnss,52.37159700,-1.24225300,277.60,true,,
1790445993.239,marker,dr,52.37142193,-1.24273533,123.00,true,,
1790445993.239,marker,reconciled,0.00000000,0.00000000,0.00,false,,
1790445993.280,hud,speed,,,,,"7.9 / 5.6",7.940
1790445993.280,hud,heading,,,,,"237° / 82°",237.100
1790445993.280,hud,drift,,,,,"220.41%",220.410
1790445993.281,hud,turns,,,,,"✗ turns: 3/15",
1790445993.281,hud,calib_s,,,,,"✓ Buffer 6s",
1790445993.281,marker,gnss,52.37159700,-1.24225300,277.60,true,,
1790445993.282,marker,dr,52.37141843,-1.24274536,122.90,true,,
1790445993.282,marker,reconciled,0.00000000,0.00000000,0.00,false,,
1790445993.334,hud,speed,,,,,"7.8 / 5.6",7.780
1790445993.335,hud,heading,,,,,"237° / 82°",237.200
1790445993.335,hud,drift,,,,,"220.67%",220.670
1790445993.335,hud,turns,,,,,"✗ turns: 3/15",
1790445993.336,hud,calib_s,,,,,"✓ Buffer 6s",
1790445993.336,marker,gnss,52.37159700,-1.24225300,277.60,true,,
1790445993.336,marker,dr,52.37141486,-1.24275532,122.80,true,,
1790445993.337,marker,reconciled,0.00000000,0.00000000,0.00,false,,
1790445993.384,hud,speed,,,,,"8.0 / 5.6",7.950
1790445993.384,hud,heading,,,,,"238° / 82°",237.500
1790445993.384,hud,drift,,,,,"220.95%",220.950
1790445993.385,hud,turns,,,,,"✗ turns: 3/15",
1790445993.385,hud,calib_s,,,,,"✓ Buffer 6s",
1790445993.385,marker,gnss,52.37159700,-1.24225300,277.60,true,,
1790445993.386,marker,dr,52.37141120,-1.24276521,122.50,true,,
1790445993.386,marker,reconciled,0.00000000,0.00000000,0.00,false,,
1790445993.433,hud,speed,,,,,"8.0 / 5.6",8.030
1790445993.433,hud,heading,,,,,"238° / 82°",237.600
1790445993.433,hud,drift,,,,,"221.26%",221.260
1790445993.433,hud,turns,,,,,"✗ turns: 3/15",
1790445993.434,hud,calib_s,,,,,"✓ Buffer 6s",
1790445993.434,marker,gnss,52.37159700,-1.24225300,277.60,true,,
1790445993.434,marker,dr,52.37140745,-1.24277526,122.40,true,,
1790445993.434,marker,reconciled,0.00000000,0.00000000,0.00,false,,
1790445993.490,hud,speed,,,,,"8.4 / 5.6",8.360
1790445993.490,hud,heading,,,,,"238° / 82°",237.700
1790445993.490,hud,drift,,,,,"221.64%",221.640
1790445993.491,hud,turns,,,,,"✗ turns: 3/15",
1790445993.491,hud,calib_s,,,,,"✓ Buffer 6s",
1790445993.491,marker,gnss,52.37159700,-1.24225300,277.60,true,,
1790445993.492,marker,dr,52.37140340,-1.24278574,122.30,true,,
1790445993.492,marker,reconciled,0.00000000,0.00000000,0.00,false,,
1790445993.538,hud,speed,,,,,"8.2 / 5.6",8.220
1790445993.538,hud,heading,,,,,"238° / 82°",237.700
1790445993.538,hud,drift,,,,,"221.97%",221.970
1790445993.539,hud,turns,,,,,"✗ turns: 3/15",
1790445993.539,hud,calib_s,,,,,"✓ Buffer 6s",
1790445993.539,marker,gnss,52.37159700,-1.24225300,277.60,true,,
1790445993.540,marker,dr,52.37139935,-1.24279585,122.30,true,,
1790445993.540,marker,reconciled,0.00000000,0.00000000,0.00,false,,
1790445993.588,hud,speed,,,,,"8.3 / 5.6",8.250
1790445993.589,hud,heading,,,,,"237° / 82°",237.400
1790445993.589,hud,drift,,,,,"222.28%",222.280
1790445993.589,hud,turns,,,,,"✗ turns: 3/15",
1790445993.590,hud,calib_s,,,,,"✓ Buffer 6s",
1790445993.590,marker,gnss,52.37159700,-1.24225300,277.60,true,,
1790445993.591,marker,dr,52.37139521,-1.24280574,122.60,true,,
1790445993.591,marker,reconciled,0.00000000,0.00000000,0.00,false,,
1790445993.640,hud,speed,,,,,"8.1 / 5.6",8.110
1790445993.640,hud,heading,,,,,"237° / 82°",237.200
1790445993.640,hud,drift,,,,,"222.53%",222.530
1790445993.641,hud,turns,,,,,"✗ turns: 3/15",
1790445993.641,hud,calib_s,,,,,"✓ Buffer 6s",
1790445993.641,marker,gnss,52.37159700,-1.24225300,277.60,true,,
1790445993.642,marker,dr,52.37139100,-1.24281561,122.80,true,,
1790445993.642,marker,reconciled,0.00000000,0.00000000,0.00,false,,
1790445993.689,hud,speed,,,,,"8.1 / 5.6",8.110
1790445993.689,hud,heading,,,,,"237° / 82°",237.400
1790445993.689,hud,drift,,,,,"222.78%",222.780
1790445993.690,hud,turns,,,,,"✗ turns: 3/15",
1790445993.690,hud,calib_s,,,,,"✓ Buffer 6s",
1790445993.690,marker,gnss,52.37159700,-1.24225300,277.60,true,,
1790445993.691,marker,dr,52.37138682,-1.24282522,122.60,true,,
1790445993.691,marker,reconciled,0.00000000,0.00000000,0.00,false,,
1790445993.745,hud,speed,,,,,"8.1 / 5.6",8.070
1790445993.746,hud,heading,,,,,"238° / 82°",237.700
1790445993.746,hud,drift,,,,,"223.00%",223.000
1790445993.747,hud,turns,,,,,"✗ turns: 3/15",
1790445993.747,hud,calib_s,,,,,"✓ Buffer 6s",
1790445993.747,marker,gnss,52.37159700,-1.24225300,277.60,true,,
1790445993.748,marker,dr,52.37138257,-1.24283484,122.30,true,,
1790445993.748,marker,reconciled,0.00000000,0.00000000,0.00,false,,
1790445993.791,hud,speed,,,,,"8.1 / 5.6",8.110
1790445993.791,hud,heading,,,,,"238° / 82°",237.700
1790445993.792,hud,drift,,,,,"223.21%",223.210
1790445993.792,hud,turns,,,,,"✗ turns: 3/15",
1790445993.792,hud,calib_s,,,,,"✓ Buffer 6s",
1790445993.793,marker,gnss,52.37159700,-1.24225300,277.60,true,,
1790445993.793,marker,dr,52.37137811,-1.24284431,122.30,true,,
1790445993.793,marker,reconciled,0.00000000,0.00000000,0.00,false,,
1790445993.844,hud,speed,,,,,"8.1 / 5.6",8.070
1790445993.845,hud,heading,,,,,"238° / 82°",237.700
1790445993.845,hud,drift,,,,,"223.41%",223.410
1790445993.845,hud,turns,,,,,"✗ turns: 3/15",
1790445993.845,hud,calib_s,,,,,"✓ Buffer 6s",
1790445993.846,marker,gnss,52.37159700,-1.24225300,277.60,true,,
1790445993.846,marker,dr,52.37137362,-1.24285367,122.30,true,,
1790445993.847,marker,reconciled,0.00000000,0.00000000,0.00,false,,
1790445993.895,hud,speed,,,,,"8.1 / 5.6",8.050
1790445993.895,hud,heading,,,,,"238° / 82°",237.800
1790445993.895,hud,drift,,,,,"223.59%",223.590
1790445993.896,hud,turns,,,,,"✗ turns: 3/15",
1790445993.896,hud,calib_s,,,,,"✓ Buffer 6s",
1790445993.896,marker,gnss,52.37159700,-1.24225300,277.60,true,,
1790445993.897,marker,dr,52.37136907,-1.24286307,122.20,true,,
1790445993.897,marker,reconciled,0.00000000,0.00000000,0.00,false,,
1790445993.945,hud,speed,,,,,"7.9 / 5.6",7.920
1790445993.945,hud,heading,,,,,"238° / 82°",238.000
1790445993.945,hud,drift,,,,,"223.72%",223.720
1790445993.946,hud,turns,,,,,"✗ turns: 3/15",
1790445993.946,hud,calib_s,,,,,"✓ Buffer 6s",
1790445993.946,marker,gnss,52.37159700,-1.24225300,277.60,true,,
1790445993.947,marker,dr,52.37136462,-1.24287205,122.00,true,,
1790445993.947,marker,reconciled,0.00000000,0.00000000,0.00,false,,
1790445994.000,hud,speed,,,,,"7.9 / 5.6",7.850
1790445994.000,hud,heading,,,,,"238° / 82°",238.200
1790445994.000,hud,drift,,,,,"223.83%",223.830
1790445994.001,hud,turns,,,,,"✗ turns: 3/15",
1790445994.001,hud,calib_s,,,,,"✓ Buffer 6s",
1790445994.001,marker,gnss,52.37159700,-1.24225300,277.60,true,,
1790445994.003,marker,dr,52.37135996,-1.24288095,121.80,true,,
1790445994.003,marker,reconciled,0.00000000,0.00000000,0.00,false,,
1790445994.051,hud,speed,,,,,"7.8 / 5.6",7.770
1790445994.051,hud,heading,,,,,"238° / 82°",238.100
1790445994.052,hud,drift,,,,,"223.90%",223.900
1790445994.052,hud,turns,,,,,"✗ turns: 3/15",
1790445994.052,hud,calib_s,,,,,"✓ Buffer 6s",
1790445994.053,marker,gnss,52.37159700,-1.24225300,277.60,true,,
1790445994.053,marker,dr,52.37135536,-1.24288951,121.90,true,,
1790445994.054,marker,reconciled,0.00000000,0.00000000,0.00,false,,
1790445994.098,hud,speed,,,,,"7.8 / 5.6",7.780
1790445994.098,hud,heading,,,,,"238° / 82°",238.000
1790445994.099,hud,drift,,,,,"223.96%",223.960
1790445994.099,hud,turns,,,,,"✗ turns: 3/15",
1790445994.099,hud,calib_s,,,,,"✓ Buffer 6s",
1790445994.099,marker,gnss,52.37159700,-1.24225300,277.60,true,,
1790445994.100,marker,dr,52.37135060,-1.24289812,122.00,true,,
1790445994.100,marker,reconciled,0.00000000,0.00000000,0.00,false,,
1790445994.151,hud,speed,,,,,"7.8 / 5.6",7.750
1790445994.151,hud,heading,,,,,"238° / 82°",237.900
1790445994.151,hud,drift,,,,,"224.02%",224.020
1790445994.152,hud,turns,,,,,"✗ turns: 3/15",
1790445994.152,hud,calib_s,,,,,"✓ Buffer 6s",
1790445994.152,marker,gnss,52.37159700,-1.24225300,277.60,true,,
1790445994.153,marker,dr,52.37134595,-1.24290652,122.10,true,,
1790445994.153,marker,reconciled,0.00000000,0.00000000,0.00,false,,
1790445994.201,hud,speed,,,,,"7.8 / 5.6",7.780
1790445994.201,hud,heading,,,,,"238° / 82°",238.000
1790445994.201,hud,drift,,,,,"224.08%",224.080
1790445994.202,hud,turns,,,,,"✗ turns: 3/15",
1790445994.202,hud,calib_s,,,,,"✓ Buffer 6s",
1790445994.203,marker,gnss,52.37159700,-1.24225300,277.60,true,,
1790445994.203,marker,dr,52.37134119,-1.24291514,122.00,true,,
1790445994.204,marker,reconciled,0.00000000,0.00000000,0.00,false,,
1790445994.256,hud,speed,,,,,"7.8 / 5.6",7.780
1790445994.256,hud,heading,,,,,"238° / 82°",237.900
1790445994.256,hud,drift,,,,,"224.14%",224.140
1790445994.256,hud,turns,,,,,"✗ turns: 3/15",
1790445994.257,hud,calib_s,,,,,"✓ Buffer 6s",
1790445994.257,marker,gnss,52.37159700,-1.24225300,277.60,true,,
1790445994.258,marker,dr,52.37133654,-1.24292374,122.10,true,,
1790445994.258,marker,reconciled,0.00000000,0.00000000,0.00,false,,
1790445994.299,hud,speed,,,,,"7.7 / 5.6",7.720
1790445994.300,hud,heading,,,,,"238° / 82°",237.900
1790445994.300,hud,drift,,,,,"224.19%",224.190
1790445994.300,hud,turns,,,,,"✗ turns: 3/15",
1790445994.300,hud,calib_s,,,,,"✓ Buffer 6s",
1790445994.301,marker,gnss,52.37159700,-1.24225300,277.60,true,,
1790445994.301,marker,dr,52.37133195,-1.24293216,122.10,true,,
1790445994.301,marker,reconciled,0.00000000,0.00000000,0.00,false,,
1790445994.355,hud,speed,,,,,"7.6 / 5.6",7.610
1790445994.356,hud,heading,,,,,"238° / 82°",238.000
1790445994.356,hud,drift,,,,,"224.22%",224.220
1790445994.357,hud,turns,,,,,"✗ turns: 3/15",
1790445994.357,hud,calib_s,,,,,"✓ Buffer 6s",
1790445994.357,marker,gnss,52.37159700,-1.24225300,277.60,true,,
1790445994.358,marker,dr,52.37132744,-1.24294063,122.00,true,,
1790445994.358,marker,reconciled,0.00000000,0.00000000,0.00,false,,
1790445994.401,hud,speed,,,,,"7.6 / 5.6",7.630
1790445994.401,hud,heading,,,,,"238° / 82°",238.100
1790445994.401,hud,drift,,,,,"224.26%",224.260
1790445994.402,hud,turns,,,,,"✗ turns: 3/15",
1790445994.402,hud,calib_s,,,,,"✓ Buffer 6s",
1790445994.402,marker,gnss,52.37159700,-1.24225300,277.60,true,,
1790445994.403,marker,dr,52.37132297,-1.24294921,121.90,true,,
1790445994.403,marker,reconciled,0.00000000,0.00000000,0.00,false,,
1790445994.458,hud,speed,,,,,"7.5 / 5.6",7.540
1790445994.458,hud,heading,,,,,"238° / 82°",237.900
1790445994.458,hud,drift,,,,,"224.28%",224.280
1790445994.459,hud,turns,,,,,"✗ turns: 3/15",
1790445994.459,hud,calib_s,,,,,"✓ Buffer 6s",
1790445994.459,marker,gnss,52.37159700,-1.24225300,277.60,true,,
1790445994.460,marker,dr,52.37131859,-1.24295782,122.10,true,,
1790445994.460,marker,reconciled,0.00000000,0.00000000,0.00,false,,
1790445994.506,hud,speed,,,,,"7.5 / 5.6",7.540
1790445994.506,hud,heading,,,,,"238° / 82°",237.700
1790445994.506,hud,drift,,,,,"224.30%",224.300
1790445994.507,hud,turns,,,,,"✗ turns: 3/15",
1790445994.507,hud,calib_s,,,,,"✓ Buffer 6s",
1790445994.507,marker,gnss,52.37159700,-1.24225300,277.60,true,,
1790445994.507,marker,dr,52.37131431,-1.24296641,122.30,true,,
1790445994.508,marker,reconciled,0.00000000,0.00000000,0.00,false,,
1790445994.559,hud,speed,,,,,"7.6 / 5.6",7.600
1790445994.559,hud,heading,,,,,"238° / 82°",237.500
1790445994.559,hud,drift,,,,,"224.34%",224.340
1790445994.560,hud,turns,,,,,"✗ turns: 3/15",
1790445994.560,hud,calib_s,,,,,"✓ Buffer 6s",
1790445994.560,marker,gnss,52.37159700,-1.24225300,277.60,true,,
1790445994.561,marker,dr,52.37131011,-1.24297520,122.50,true,,
1790445994.561,marker,reconciled,0.00000000,0.00000000,0.00,false,,
1790445994.607,hud,speed,,,,,"7.6 / 5.6",7.610
1790445994.607,hud,heading,,,,,"237° / 82°",237.400
1790445994.608,hud,drift,,,,,"224.40%",224.400
1790445994.608,hud,turns,,,,,"✗ turns: 3/15",
1790445994.608,hud,calib_s,,,,,"✓ Buffer 6s",
1790445994.608,marker,gnss,52.37159700,-1.24225300,277.60,true,,
1790445994.609,marker,dr,52.37130608,-1.24298420,122.60,true,,
1790445994.609,marker,reconciled,0.00000000,0.00000000,0.00,false,,
1790445994.665,hud,speed,,,,,"7.6 / 5.6",7.590
1790445994.666,hud,heading,,,,,"238° / 82°",237.600
1790445994.666,hud,drift,,,,,"224.47%",224.470
1790445994.666,hud,turns,,,,,"✗ turns: 3/15",
1790445994.666,hud,calib_s,,,,,"✓ Buffer 6s",
1790445994.667,marker,gnss,52.37159700,-1.24225300,277.60,true,,
1790445994.667,marker,dr,52.37130223,-1.24299341,122.40,true,,
1790445994.668,marker,reconciled,0.00000000,0.00000000,0.00,false,,
1790445994.713,hud,speed,,,,,"7.6 / 5.6",7.590
1790445994.714,hud,heading,,,,,"238° / 82°",237.600
1790445994.714,hud,drift,,,,,"224.54%",224.540
1790445994.714,hud,turns,,,,,"✗ turns: 3/15",
1790445994.714,hud,calib_s,,,,,"✓ Buffer 6s",
1790445994.715,marker,gnss,52.37159700,-1.24225300,277.60,true,,
1790445994.715,marker,dr,52.37129855,-1.24300266,122.40,true,,
1790445994.716,marker,reconciled,0.00000000,0.00000000,0.00,false,,
1790445994.763,hud,speed,,,,,"7.5 / 5.6",7.510
1790445994.763,hud,heading,,,,,"238° / 82°",237.500
1790445994.763,hud,drift,,,,,"224.60%",224.600
1790445994.763,hud,turns,,,,,"✗ turns: 3/15",
1790445994.764,hud,calib_s,,,,,"✓ Buffer 6s",
1790445994.764,marker,gnss,52.37159700,-1.24225300,277.60,true,,
1790445994.764,marker,dr,52.37129501,-1.24301205,122.50,true,,
1790445994.765,marker,reconciled,0.00000000,0.00000000,0.00,false,,
1790445994.814,hud,speed,,,,,"7.5 / 5.6",7.500
1790445994.814,hud,heading,,,,,"238° / 82°",237.500
1790445994.815,hud,drift,,,,,"224.66%",224.660
1790445994.815,hud,turns,,,,,"✗ turns: 3/15",
1790445994.815,hud,calib_s,,,,,"✓ Buffer 6s",
1790445994.815,marker,gnss,52.37159700,-1.24225300,277.60,true,,
1790445994.816,marker,dr,52.37129161,-1.24302168,122.50,true,,
1790445994.816,marker,reconciled,0.00000000,0.00000000,0.00,false,,
1790445994.862,hud,speed,,,,,"7.5 / 5.6",7.500
1790445994.862,hud,heading,,,,,"237° / 82°",237.400
1790445994.862,hud,drift,,,,,"224.73%",224.730
1790445994.863,hud,turns,,,,,"✗ turns: 3/15",
1790445994.863,hud,calib_s,,,,,"✓ Buffer 6s",
1790445994.863,marker,gnss,52.37159700,-1.24225300,277.60,true,,
1790445994.864,marker,dr,52.37128843,-1.24303128,122.60,true,,
1790445994.864,marker,reconciled,0.00000000,0.00000000,0.00,false,,
1790445994.917,hud,speed,,,,,"7.5 / 5.6",7.500
1790445994.917,hud,heading,,,,,"238° / 82°",237.600
1790445994.917,hud,drift,,,,,"224.81%",224.810
1790445994.918,hud,turns,,,,,"✗ turns: 3/15",
1790445994.918,hud,calib_s,,,,,"✓ Buffer 6s",
1790445994.919,marker,gnss,52.37159700,-1.24225300,277.60,true,,
1790445994.919,marker,dr,52.37128541,-1.24304114,122.40,true,,
1790445994.919,marker,reconciled,0.00000000,0.00000000,0.00,false,,
1790445994.968,hud,speed,,,,,"7.4 / 5.6",7.350
1790445994.968,hud,heading,,,,,"238° / 82°",237.800
1790445994.968,hud,drift,,,,,"224.85%",224.850
1790445994.969,hud,turns,,,,,"✗ turns: 3/15",
1790445994.969,hud,calib_s,,,,,"✓ Buffer 6s",
1790445994.969,marker,gnss,52.37159700,-1.24225300,277.60,true,,
1790445994.970,marker,dr,52.37128263,-1.24305106,122.20,true,,
1790445994.970,marker,reconciled,0.00000000,0.00000000,0.00,false,,
1790445995.018,hud,speed,,,,,"7.3 / 5.6",7.280
1790445995.019,hud,heading,,,,,"238° / 95°",237.800
1790445995.019,hud,drift,,,,,"210.99%",210.990
1790445995.019,hud,turns,,,,,"✗ turns: 3/15",
1790445995.019,hud,calib_s,,,,,"✓ Buffer 6s",
1790445995.020,marker,gnss,52.37166200,-1.24143400,265.20,true,,
1790445995.020,marker,dr,52.37128008,-1.24306092,122.20,true,,
1790445995.021,marker,reconciled,0.00000000,0.00000000,0.00,false,,
1790445995.067,hud,speed,,,,,"7.2 / 5.6",7.200
1790445995.068,hud,heading,,,,,"238° / 95°",237.800
1790445995.068,hud,drift,,,,,"211.06%",211.060
1790445995.068,hud,turns,,,,,"✗ turns: 3/15",
1790445995.068,hud,calib_s,,,,,"✓ Buffer 6s",
1790445995.069,marker,gnss,52.37166200,-1.24143400,265.20,true,,
1790445995.069,marker,dr,52.37127767,-1.24307075,122.20,true,,
1790445995.070,marker,reconciled,0.00000000,0.00000000,0.00,false,,
1790445995.120,hud,speed,,,,,"7.3 / 5.6",7.290
1790445995.120,hud,heading,,,,,"238° / 95°",237.900
1790445995.120,hud,drift,,,,,"211.14%",211.140
1790445995.121,hud,turns,,,,,"✗ turns: 3/15",
1790445995.121,hud,calib_s,,,,,"✓ Buffer 6s",
1790445995.121,marker,gnss,52.37166200,-1.24143400,265.20,true,,
1790445995.122,marker,dr,52.37127536,-1.24308079,122.10,true,,
1790445995.122,marker,reconciled,0.00000000,0.00000000,0.00,false,,
1790445995.166,hud,speed,,,,,"7.3 / 5.6",7.260
1790445995.166,hud,heading,,,,,"238° / 95°",238.100
1790445995.166,hud,drift,,,,,"211.22%",211.220
1790445995.166,hud,turns,,,,,"✗ turns: 3/15",
1790445995.167,hud,calib_s,,,,,"✓ Buffer 6s",
1790445995.167,marker,gnss,52.37166200,-1.24143400,265.20,true,,
1790445995.168,marker,dr,52.37127316,-1.24309083,121.90,true,,
1790445995.168,marker,reconciled,0.00000000,0.00000000,0.00,false,,
1790445995.220,hud,speed,,,,,"7.3 / 5.6",7.270
1790445995.221,hud,heading,,,,,"238° / 95°",238.200
1790445995.221,hud,drift,,,,,"211.29%",211.290
1790445995.221,hud,turns,,,,,"✗ turns: 3/15",
1790445995.221,hud,calib_s,,,,,"✓ Buffer 6s",
1790445995.222,marker,gnss,52.37166200,-1.24143400,265.20,true,,
1790445995.223,marker,dr,52.37127108,-1.24310096,121.80,true,,
1790445995.223,marker,reconciled,0.00000000,0.00000000,0.00,false,,
1790445995.273,hud,speed,,,,,"7.3 / 5.6",7.280
1790445995.273,hud,heading,,,,,"238° / 95°",238.300
1790445995.273,hud,drift,,,,,"211.37%",211.370
1790445995.274,hud,turns,,,,,"✗ turns: 3/15",
1790445995.274,hud,calib_s,,,,,"✓ Buffer 6s",
1790445995.274,marker,gnss,52.37166200,-1.24143400,265.20,true,,
1790445995.275,marker,dr,52.37126910,-1.24311104,121.70,true,,
1790445995.275,marker,reconciled,0.00000000,0.00000000,0.00,false,,
1790445995.318,hud,speed,,,,,"7.3 / 5.6",7.260
1790445995.318,hud,heading,,,,,"238° / 95°",238.400
1790445995.319,hud,drift,,,,,"211.44%",211.440
1790445995.319,hud,turns,,,,,"✗ turns: 3/15",
1790445995.319,hud,calib_s,,,,,"✓ Buffer 6s",
1790445995.319,marker,gnss,52.37166200,-1.24143400,265.20,true,,
1790445995.320,marker,dr,52.37126713,-1.24312120,121.60,true,,
1790445995.320,marker,reconciled,0.00000000,0.00000000,0.00,false,,
1790445995.372,hud,speed,,,,,"7.4 / 5.6",7.430
1790445995.372,hud,heading,,,,,"238° / 95°",238.400
1790445995.372,hud,drift,,,,,"211.54%",211.540
1790445995.372,hud,turns,,,,,"✗ turns: 3/15",
1790445995.373,hud,calib_s,,,,,"✓ Buffer 6s",
1790445995.373,marker,gnss,52.37166200,-1.24143400,265.20,true,,
1790445995.373,marker,dr,52.37126510,-1.24313159,121.60,true,,
1790445995.374,marker,reconciled,0.00000000,0.00000000,0.00,false,,
1790445995.422,hud,speed,,,,,"7.6 / 5.6",7.580
1790445995.422,hud,heading,,,,,"238° / 95°",238.400
1790445995.423,hud,drift,,,,,"211.67%",211.670
1790445995.423,hud,turns,,,,,"✗ turns: 3/15",
1790445995.423,hud,calib_s,,,,,"✓ Buffer 6s",
1790445995.423,marker,gnss,52.37166200,-1.24143400,265.20,true,,
1790445995.424,marker,dr,52.37126304,-1.24314222,121.60,true,,
1790445995.424,marker,reconciled,0.00000000,0.00000000,0.00,false,,
1790445995.475,hud,speed,,,,,"7.5 / 5.6",7.490
1790445995.476,hud,heading,,,,,"238° / 95°",238.400
1790445995.476,hud,drift,,,,,"211.78%",211.780
1790445995.476,hud,turns,,,,,"✗ turns: 3/15",
1790445995.477,hud,calib_s,,,,,"✓ Buffer 6s",
1790445995.477,marker,gnss,52.37166200,-1.24143400,265.20,true,,
1790445995.478,marker,dr,52.37126102,-1.24315287,121.60,true,,
1790445995.478,marker,reconciled,0.00000000,0.00000000,0.00,false,,
1790445995.528,hud,speed,,,,,"7.6 / 5.6",7.570
1790445995.528,hud,heading,,,,,"238° / 95°",238.300
1790445995.528,hud,drift,,,,,"211.90%",211.900
1790445995.528,hud,turns,,,,,"✗ turns: 3/15",
1790445995.529,hud,calib_s,,,,,"✓ Buffer 6s",
1790445995.529,marker,gnss,52.37166200,-1.24143400,265.20,true,,
1790445995.529,marker,dr,52.37125901,-1.24316341,121.70,true,,
1790445995.530,marker,reconciled,0.00000000,0.00000000,0.00,false,,
1790445995.577,hud,speed,,,,,"7.7 / 5.6",7.730
1790445995.577,hud,heading,,,,,"238° / 95°",238.100
1790445995.577,hud,drift,,,,,"212.05%",212.050
1790445995.578,hud,turns,,,,,"✗ turns: 3/15",
1790445995.578,hud,calib_s,,,,,"✓ Buffer 6s",
1790445995.578,marker,gnss,52.37166200,-1.24143400,265.20,true,,
1790445995.579,marker,dr,52.37125690,-1.24317430,121.90,true,,
1790445995.579,marker,reconciled,0.00000000,0.00000000,0.00,false,,
1790445995.626,hud,speed,,,,,"7.8 / 5.6",7.780
1790445995.626,hud,heading,,,,,"238° / 95°",238.200
1790445995.627,hud,drift,,,,,"212.21%",212.210
1790445995.627,hud,turns,,,,,"✗ turns: 3/15",
1790445995.627,hud,calib_s,,,,,"✓ Buffer 6s",
1790445995.628,marker,gnss,52.37166200,-1.24143400,265.20,true,,
1790445995.628,marker,dr,52.37125487,-1.24318533,121.80,true,,
1790445995.628,marker,reconciled,0.00000000,0.00000000,0.00,false,,
1790445995.679,hud,speed,,,,,"8.0 / 5.6",8.020
1790445995.679,hud,heading,,,,,"238° / 95°",238.400
1790445995.679,hud,drift,,,,,"212.40%",212.400
1790445995.680,hud,turns,,,,,"✗ turns: 3/15",
1790445995.680,hud,calib_s,,,,,"✓ Buffer 6s",
1790445995.680,marker,gnss,52.37166200,-1.24143400,265.20,true,,
1790445995.681,marker,dr,52.37125267,-1.24319657,121.60,true,,
1790445995.681,marker,reconciled,0.00000000,0.00000000,0.00,false,,
1790445995.725,hud,speed,,,,,"8.2 / 5.6",8.190
1790445995.725,hud,heading,,,,,"239° / 95°",238.700
1790445995.725,hud,drift,,,,,"212.61%",212.610
1790445995.725,hud,turns,,,,,"✗ turns: 3/15",
1790445995.726,hud,calib_s,,,,,"✓ Buffer 6s",
1790445995.726,marker,gnss,52.37166200,-1.24143400,265.20,true,,
1790445995.726,marker,dr,52.37125044,-1.24320803,121.30,true,,
1790445995.727,marker,reconciled,0.00000000,0.00000000,0.00,false,,
1790445995.781,hud,speed,,,,,"8.2 / 5.6",8.170
1790445995.781,hud,heading,,,,,"239° / 95°",238.500
1790445995.781,hud,drift,,,,,"212.82%",212.820
1790445995.781,hud,turns,,,,,"✗ turns: 3/15",
1790445995.782,hud,calib_s,,,,,"✓ Buffer 6s",
1790445995.782,marker,gnss,52.37166200,-1.24143400,265.20,true,,
1790445995.783,marker,dr,52.37124822,-1.24321950,121.50,true,,
1790445995.783,marker,reconciled,0.00000000,0.00000000,0.00,false,,
1790445995.828,hud,speed,,,,,"8.3 / 5.6",8.280
1790445995.828,hud,heading,,,,,"238° / 95°",238.200
1790445995.828,hud,drift,,,,,"213.04%",213.040
1790445995.828,hud,turns,,,,,"✗ turns: 3/15",
1790445995.829,hud,calib_s,,,,,"✓ Buffer 6s",
1790445995.829,marker,gnss,52.37166200,-1.24143400,265.20,true,,
1790445995.829,marker,dr,52.37124590,-1.24323125,121.80,true,,
1790445995.830,marker,reconciled,0.00000000,0.00000000,0.00,false,,
1790445995.879,hud,speed,,,,,"8.4 / 5.6",8.360
1790445995.880,hud,heading,,,,,"238° / 95°",238.200
1790445995.880,hud,drift,,,,,"213.28%",213.280
1790445995.880,hud,turns,,,,,"✗ turns: 3/15",
1790445995.880,hud,calib_s,,,,,"✓ Buffer 6s",
1790445995.881,marker,gnss,52.37166200,-1.24143400,265.20,true,,
1790445995.881,marker,dr,52.37124356,-1.24324290,121.80,true,,
1790445995.882,marker,reconciled,0.00000000,0.00000000,0.00,false,,
1790445995.929,hud,speed,,,,,"8.5 / 5.6",8.510
1790445995.930,hud,heading,,,,,"238° / 95°",238.200
1790445995.930,hud,drift,,,,,"213.53%",213.530
1790445995.930,hud,turns,,,,,"✗ turns: 3/15",
1790445995.931,hud,calib_s,,,,,"✓ Buffer 6s",
1790445995.931,marker,gnss,52.37166200,-1.24143400,265.20,true,,
1790445995.932,marker,dr,52.37124102,-1.24325477,121.80,true,,
1790445995.932,marker,reconciled,0.00000000,0.00000000,0.00,false,,
1790445995.982,hud,speed,,,,,"8.6 / 5.6",8.640
1790445995.983,hud,heading,,,,,"238° / 95°",238.400
1790445995.983,hud,drift,,,,,"213.80%",213.800
1790445995.983,hud,turns,,,,,"✗ turns: 3/15",
1790445995.984,hud,calib_s,,,,,"✓ Buffer 6s",
1790445995.984,marker,gnss,52.37166200,-1.24143400,265.20,true,,
1790445995.985,marker,dr,52.37123827,-1.24326665,121.60,true,,
1790445995.985,marker,reconciled,0.00000000,0.00000000,0.00,false,,
1790445996.035,hud,speed,,,,,"8.7 / 5.6",8.700
1790445996.036,hud,heading,,,,,"238° / 95°",238.300
1790445996.036,hud,drift,,,,,"214.07%",214.070
1790445996.036,hud,turns,,,,,"✗ turns: 3/15",
1790445996.037,hud,calib_s,,,,,"✓ Buffer 6s",
1790445996.037,marker,gnss,52.37166200,-1.24143400,265.20,true,,
1790445996.038,marker,dr,52.37123540,-1.24327858,121.70,true,,
1790445996.038,marker,reconciled,0.00000000,0.00000000,0.00,false,,
1790445996.081,hud,speed,,,,,"8.8 / 5.6",8.780
1790445996.081,hud,heading,,,,,"238° / 95°",238.400
1790445996.081,hud,drift,,,,,"214.35%",214.350
1790445996.081,hud,turns,,,,,"✗ turns: 3/15",
1790445996.081,hud,calib_s,,,,,"✓ Buffer 6s",
1790445996.082,marker,gnss,52.37166200,-1.24143400,265.20,true,,
1790445996.082,marker,dr,52.37123242,-1.24329069,121.60,true,,
1790445996.083,marker,reconciled,0.00000000,0.00000000,0.00,false,,
1790445996.135,hud,speed,,,,,"8.9 / 5.6",8.880
1790445996.135,hud,heading,,,,,"238° / 95°",238.400
1790445996.136,hud,drift,,,,,"214.63%",214.630
1790445996.136,hud,turns,,,,,"✗ turns: 3/15",
1790445996.136,hud,calib_s,,,,,"✓ Buffer 6s",
1790445996.136,marker,gnss,52.37166200,-1.24143400,265.20,true,,
1790445996.137,marker,dr,52.37122936,-1.24330262,121.60,true,,
1790445996.137,marker,reconciled,0.00000000,0.00000000,0.00,false,,
1790445996.183,hud,speed,,,,,"8.9 / 5.6",8.930
1790445996.183,hud,heading,,,,,"238° / 95°",238.400
1790445996.183,hud,drift,,,,,"214.92%",214.920
1790445996.184,hud,turns,,,,,"✗ turns: 3/15",
1790445996.184,hud,calib_s,,,,,"✓ Buffer 6s",
1790445996.184,marker,gnss,52.37166200,-1.24143400,265.20,true,,
1790445996.185,marker,dr,52.37122613,-1.24331480,121.60,true,,
1790445996.185,marker,reconciled,0.00000000,0.00000000,0.00,false,,
1790445996.237,hud,speed,,,,,"9.0 / 5.6",8.990
1790445996.237,hud,heading,,,,,"239° / 95°",238.500
1790445996.238,hud,drift,,,,,"215.20%",215.200
1790445996.238,hud,turns,,,,,"✗ turns: 3/15",
1790445996.238,hud,calib_s,,,,,"✓ Buffer 6s",
1790445996.239,marker,gnss,52.37166200,-1.24143400,265.20,true,,
1790445996.239,marker,dr,52.37122284,-1.24332671,121.50,true,,
1790445996.240,marker,reconciled,0.00000000,0.00000000,0.00,false,,
1790445996.286,hud,speed,,,,,"9.0 / 5.6",9.030
1790445996.287,hud,heading,,,,,"239° / 95°",238.500
1790445996.287,hud,drift,,,,,"215.49%",215.490
1790445996.287,hud,turns,,,,,"✗ turns: 3/15",
1790445996.287,hud,calib_s,,,,,"✓ Buffer 6s",
1790445996.288,marker,gnss,52.37166200,-1.24143400,265.20,true,,
1790445996.288,marker,dr,52.37121943,-1.24333875,121.50,true,,
1790445996.288,marker,reconciled,0.00000000,0.00000000,0.00,false,,
1790445996.340,hud,speed,,,,,"9.0 / 5.6",9.010
1790445996.340,hud,heading,,,,,"239° / 95°",238.500
1790445996.340,hud,drift,,,,,"215.76%",215.760
1790445996.341,hud,turns,,,,,"✗ turns: 3/15",
1790445996.341,hud,calib_s,,,,,"✓ Buffer 6s",
1790445996.341,marker,gnss,52.37166200,-1.24143400,265.20,true,,
1790445996.342,marker,dr,52.37121597,-1.24335070,121.50,true,,
1790445996.342,marker,reconciled,0.00000000,0.00000000,0.00,false,,
1790445996.393,hud,speed,,,,,"8.9 / 5.6",8.900
1790445996.393,hud,heading,,,,,"239° / 95°",238.800
1790445996.394,hud,drift,,,,,"216.02%",216.020
1790445996.394,hud,turns,,,,,"✗ turns: 3/15",
1790445996.394,hud,calib_s,,,,,"✓ Buffer 6s",
1790445996.395,marker,gnss,52.37166200,-1.24143400,265.20,true,,
1790445996.395,marker,dr,52.37121251,-1.24336247,121.20,true,,
1790445996.396,marker,reconciled,0.00000000,0.00000000,0.00,false,,
1790445996.444,hud,speed,,,,,"8.9 / 5.6",8.880
1790445996.444,hud,heading,,,,,"239° / 95°",238.900
1790445996.444,hud,drift,,,,,"216.27%",216.270
1790445996.445,hud,turns,,,,,"✗ turns: 3/15",
1790445996.445,hud,calib_s,,,,,"✓ Buffer 6s",
1790445996.445,marker,gnss,52.37166200,-1.24143400,265.20,true,,
1790445996.445,marker,dr,52.37120903,-1.24337433,121.10,true,,
1790445996.446,marker,reconciled,0.00000000,0.00000000,0.00,false,,
1790445996.493,hud,speed,,,,,"8.8 / 5.6",8.770
1790445996.493,hud,heading,,,,,"239° / 95°",238.900
1790445996.493,hud,drift,,,,,"216.50%",216.500
1790445996.493,hud,turns,,,,,"✗ turns: 3/15",
1790445996.493,hud,calib_s,,,,,"✓ Buffer 6s",
1790445996.494,marker,gnss,52.37166200,-1.24143400,265.20,true,,
1790445996.494,marker,dr,52.37120561,-1.24338591,121.10,true,,
1790445996.495,marker,reconciled,0.00000000,0.00000000,0.00,false,,
1790445996.547,hud,speed,,,,,"8.6 / 5.6",8.600
1790445996.547,hud,heading,,,,,"239° / 95°",239.000
1790445996.548,hud,drift,,,,,"216.70%",216.700
1790445996.548,hud,turns,,,,,"✗ turns: 3/15",
1790445996.548,hud,calib_s,,,,,"✓ Buffer 6s",
1790445996.548,marker,gnss,52.37166200,-1.24143400,265.20,true,,
1790445996.549,marker,dr,52.37120222,-1.24339725,121.00,true,,
1790445996.549,marker,reconciled,0.00000000,0.00000000,0.00,false,,
1790445996.594,hud,speed,,,,,"8.5 / 5.6",8.450
1790445996.595,hud,heading,,,,,"239° / 95°",238.900
1790445996.595,hud,drift,,,,,"216.88%",216.880
1790445996.595,hud,turns,,,,,"✗ turns: 3/15",
1790445996.595,hud,calib_s,,,,,"✓ Buffer 6s",
1790445996.596,marker,gnss,52.37166200,-1.24143400,265.20,true,,
1790445996.596,marker,dr,52.37119891,-1.24340826,121.10,true,,
1790445996.597,marker,reconciled,0.00000000,0.00000000,0.00,false,,
1790445996.644,hud,speed,,,,,"8.4 / 5.6",8.380
1790445996.645,hud,heading,,,,,"239° / 95°",239.100
1790445996.645,hud,drift,,,,,"217.05%",217.050
1790445996.645,hud,turns,,,,,"✗ turns: 3/15",
1790445996.645,hud,calib_s,,,,,"✓ Buffer 6s",
1790445996.646,marker,gnss,52.37166200,-1.24143400,265.20,true,,
1790445996.646,marker,dr,52.37119555,-1.24341939,120.90,true,,
1790445996.647,marker,reconciled,0.00000000,0.00000000,0.00,false,,
1790445996.698,hud,speed,,,,,"8.3 / 5.6",8.270
1790445996.698,hud,heading,,,,,"239° / 95°",239.200
1790445996.699,hud,drift,,,,,"217.20%",217.200
1790445996.699,hud,turns,,,,,"✗ turns: 3/15",
1790445996.699,hud,calib_s,,,,,"✓ Buffer 6s",
1790445996.700,marker,gnss,52.37166200,-1.24143400,265.20,true,,
1790445996.700,marker,dr,52.37119228,-1.24343027,120.80,true,,
1790445996.701,marker,reconciled,0.00000000,0.00000000,0.00,false,,
1790445996.748,hud,speed,,,,,"8.2 / 5.6",8.150
1790445996.748,hud,heading,,,,,"239° / 95°",239.200
1790445996.748,hud,drift,,,,,"217.33%",217.330
1790445996.749,hud,turns,,,,,"✗ turns: 3/15",
1790445996.749,hud,calib_s,,,,,"✓ Buffer 6s",
1790445996.749,marker,gnss,52.37166200,-1.24143400,265.20,true,,
1790445996.750,marker,dr,52.37118903,-1.24344096,120.80,true,,
1790445996.750,marker,reconciled,0.00000000,0.00000000,0.00,false,,
1790445996.805,hud,speed,,,,,"8.0 / 5.6",7.990
1790445996.805,hud,heading,,,,,"240° / 95°",239.500
1790445996.805,hud,drift,,,,,"217.44%",217.440
1790445996.805,hud,turns,,,,,"✗ turns: 3/15",
1790445996.806,hud,calib_s,,,,,"✓ Buffer 6s",
1790445996.806,marker,gnss,52.37166200,-1.24143400,265.20,true,,
1790445996.807,marker,dr,52.37118585,-1.24345146,120.50,true,,
1790445996.807,marker,reconciled,0.00000000,0.00000000,0.00,false,,
1790445996.852,hud,speed,,,,,"7.8 / 5.6",7.820
1790445996.853,hud,heading,,,,,"239° / 95°",239.400
1790445996.853,hud,drift,,,,,"217.52%",217.520
1790445996.853,hud,turns,,,,,"✗ turns: 3/15",
1790445996.854,hud,calib_s,,,,,"✓ Buffer 6s",
1790445996.854,marker,gnss,52.37166200,-1.24143400,265.20,true,,
1790445996.855,marker,dr,52.37118272,-1.24346172,120.60,true,,
1790445996.855,marker,reconciled,0.00000000,0.00000000,0.00,false,,
1790445996.899,hud,speed,,,,,"7.7 / 5.6",7.700
1790445996.900,hud,heading,,,,,"239° / 95°",239.400
1790445996.900,hud,drift,,,,,"217.59%",217.590
1790445996.900,hud,turns,,,,,"✗ turns: 3/15",
1790445996.900,hud,calib_s,,,,,"✓ Buffer 6s",
1790445996.901,marker,gnss,52.37166200,-1.24143400,265.20,true,,
1790445996.901,marker,dr,52.37117966,-1.24347184,120.60,true,,
1790445996.902,marker,reconciled,0.00000000,0.00000000,0.00,false,,
1790445996.955,hud,speed,,,,,"7.5 / 5.6",7.510
1790445996.955,hud,heading,,,,,"239° / 95°",239.400
1790445996.955,hud,drift,,,,,"217.63%",217.630
1790445996.956,hud,turns,,,,,"✗ turns: 3/15",
1790445996.956,hud,calib_s,,,,,"✓ Buffer 6s",
1790445996.956,marker,gnss,52.37166200,-1.24143400,265.20,true,,
1790445996.957,marker,dr,52.37117666,-1.24348170,120.60,true,,
1790445996.957,marker,reconciled,0.00000000,0.00000000,0.00,false,,
1790445997.003,hud,speed,,,,,"7.5 / 5.6",7.480
1790445997.003,hud,heading,,,,,"239° / 95°",239.400
1790445997.003,hud,drift,,,,,"217.67%",217.670
1790445997.003,hud,turns,,,,,"✗ turns: 3/15",
1790445997.004,hud,calib_s,,,,,"✓ Buffer 6s",
1790445997.004,marker,gnss,52.37166200,-1.24143400,265.20,true,,
1790445997.004,marker,dr,52.37117366,-1.24349151,120.60,true,,
1790445997.005,marker,reconciled,0.00000000,0.00000000,0.00,false,,
1790445997.057,hud,speed,,,,,"7.4 / 5.6",7.410
1790445997.058,hud,heading,,,,,"239° / 95°",239.300
1790445997.058,hud,drift,,,,,"217.70%",217.700
1790445997.058,hud,turns,,,,,"✗ turns: 3/15",
1790445997.059,hud,calib_s,,,,,"✓ Buffer 6s",
1790445997.059,marker,gnss,52.37166200,-1.24143400,265.20,true,,
1790445997.059,marker,dr,52.37117069,-1.24350113,120.70,true,,
1790445997.060,marker,reconciled,0.00000000,0.00000000,0.00,false,,
1790445997.107,hud,speed,,,,,"7.4 / 5.6",7.410
1790445997.107,hud,heading,,,,,"239° / 95°",239.400
1790445997.107,hud,drift,,,,,"217.73%",217.730
1790445997.108,hud,turns,,,,,"✗ turns: 3/15",
1790445997.108,hud,calib_s,,,,,"✓ Buffer 6s",
1790445997.108,marker,gnss,52.37166200,-1.24143400,265.20,true,,
1790445997.108,marker,dr,52.37116764,-1.24351092,120.60,true,,
1790445997.109,marker,reconciled,0.00000000,0.00000000,0.00,false,,
1790445997.156,hud,speed,,,,,"7.4 / 5.6",7.390
1790445997.156,hud,heading,,,,,"239° / 95°",239.300
1790445997.156,hud,drift,,,,,"217.76%",217.760
1790445997.157,hud,turns,,,,,"✗ turns: 3/15",
1790445997.157,hud,calib_s,,,,,"✓ Buffer 6s",
1790445997.157,marker,gnss,52.37166200,-1.24143400,265.20,true,,
1790445997.158,marker,dr,52.37116465,-1.24352049,120.70,true,,
1790445997.158,marker,reconciled,0.00000000,0.00000000,0.00,false,,
1790445997.209,hud,speed,,,,,"7.3 / 5.6",7.300
1790445997.209,hud,heading,,,,,"239° / 95°",239.300
1790445997.209,hud,drift,,,,,"217.77%",217.770
1790445997.210,hud,turns,,,,,"✗ turns: 3/15",
1790445997.210,hud,calib_s,,,,,"✓ Buffer 6s",
1790445997.210,marker,gnss,52.37166200,-1.24143400,265.20,true,,
1790445997.211,marker,dr,52.37116166,-1.24353015,120.70,true,,
1790445997.211,marker,reconciled,0.00000000,0.00000000,0.00,false,,
1790445997.259,hud,speed,,,,,"7.3 / 5.6",7.310
1790445997.259,hud,heading,,,,,"240° / 95°",239.500
1790445997.260,hud,drift,,,,,"217.79%",217.790
1790445997.260,hud,turns,,,,,"✗ turns: 3/15",
1790445997.260,hud,calib_s,,,,,"✓ Buffer 6s",
1790445997.261,marker,gnss,52.37166200,-1.24143400,265.20,true,,
1790445997.261,marker,dr,52.37115873,-1.24353963,120.50,true,,
1790445997.261,marker,reconciled,0.00000000,0.00000000,0.00,false,,
1790445997.309,hud,speed,,,,,"7.2 / 5.6",7.240
1790445997.309,hud,heading,,,,,"239° / 95°",239.400
1790445997.309,hud,drift,,,,,"217.80%",217.800
1790445997.309,hud,turns,,,,,"✗ turns: 3/15",
1790445997.310,hud,calib_s,,,,,"✓ Buffer 6s",
1790445997.310,marker,gnss,52.37166200,-1.24143400,265.20,true,,
1790445997.311,marker,dr,52.37115578,-1.24354910,120.60,true,,
1790445997.311,marker,reconciled,0.00000000,0.00000000,0.00,false,,
1790445997.361,hud,speed,,,,,"7.2 / 5.6",7.180
1790445997.362,hud,heading,,,,,"240° / 95°",239.500
1790445997.362,hud,drift,,,,,"217.80%",217.800
1790445997.362,hud,turns,,,,,"✗ turns: 3/15",
1790445997.363,hud,calib_s,,,,,"✓ Buffer 6s",
1790445997.363,marker,gnss,52.37166200,-1.24143400,265.20,true,,
1790445997.364,marker,dr,52.37115283,-1.24355860,120.50,true,,
1790445997.364,marker,reconciled,0.00000000,0.00000000,0.00,false,,
1790445997.409,hud,speed,,,,,"7.1 / 5.6",7.050
1790445997.409,hud,heading,,,,,"240° / 95°",239.500
1790445997.409,hud,drift,,,,,"217.79%",217.790
1790445997.409,hud,turns,,,,,"✗ turns: 3/15",
1790445997.409,hud,calib_s,,,,,"✓ Buffer 6s",
1790445997.410,marker,gnss,52.37166200,-1.24143400,265.20,true,,
1790445997.410,marker,dr,52.37115000,-1.24356786,120.50,true,,
1790445997.411,marker,reconciled,0.00000000,0.00000000,0.00,false,,
1790445997.463,hud,speed,,,,,"7.0 / 5.6",6.970
1790445997.464,hud,heading,,,,,"239° / 95°",239.200
1790445997.464,hud,drift,,,,,"217.77%",217.770
1790445997.464,hud,turns,,,,,"✗ turns: 3/15",
1790445997.465,hud,calib_s,,,,,"✓ Buffer 6s",
1790445997.465,marker,gnss,52.37166200,-1.24143400,265.20,true,,
1790445997.465,marker,dr,52.37114731,-1.24357700,120.80,true,,
1790445997.466,marker,reconciled,0.00000000,0.00000000,0.00,false,,
1790445997.511,hud,speed,,,,,"6.8 / 5.6",6.820
1790445997.512,hud,heading,,,,,"239° / 95°",239.100
1790445997.512,hud,drift,,,,,"217.73%",217.730
1790445997.512,hud,turns,,,,,"✗ turns: 3/15",
1790445997.512,hud,calib_s,,,,,"✓ Buffer 6s",
1790445997.512,marker,gnss,52.37166200,-1.24143400,265.20,true,,
1790445997.513,marker,dr,52.37114475,-1.24358614,120.90,true,,
1790445997.513,marker,reconciled,0.00000000,0.00000000,0.00,false,,
1790445997.568,hud,speed,,,,,"6.8 / 5.6",6.780
1790445997.568,hud,heading,,,,,"239° / 95°",239.100
1790445997.569,hud,drift,,,,,"217.70%",217.700
1790445997.569,hud,turns,,,,,"✗ turns: 3/15",
1790445997.569,hud,calib_s,,,,,"✓ Buffer 6s",
1790445997.569,marker,gnss,52.37166200,-1.24143400,265.20,true,,
1790445997.570,marker,dr,52.37114230,-1.24359530,120.90,true,,
1790445997.570,marker,reconciled,0.00000000,0.00000000,0.00,false,,
1790445997.614,hud,speed,,,,,"6.6 / 5.6",6.610
1790445997.615,hud,heading,,,,,"239° / 95°",238.700
1790445997.615,hud,drift,,,,,"217.64%",217.640
1790445997.615,hud,turns,,,,,"✗ turns: 3/15",
1790445997.616,hud,calib_s,,,,,"✓ Buffer 6s",
1790445997.616,marker,gnss,52.37166200,-1.24143400,265.20,true,,
1790445997.617,marker,dr,52.37113997,-1.24360437,121.30,true,,
1790445997.617,marker,reconciled,0.00000000,0.00000000,0.00,false,,
1790445997.662,hud,speed,,,,,"6.4 / 5.6",6.410
1790445997.662,hud,heading,,,,,"239° / 95°",238.700
1790445997.663,hud,drift,,,,,"217.57%",217.570
1790445997.663,hud,turns,,,,,"✗ turns: 3/15",
1790445997.663,hud,calib_s,,,,,"✓ Buffer 6s",
1790445997.664,marker,gnss,52.37166200,-1.24143400,265.20,true,,
1790445997.664,marker,dr,52.37113785,-1.24361311,121.30,true,,
1790445997.664,marker,reconciled,0.00000000,0.00000000,0.00,false,,
1790445997.719,hud,speed,,,,,"6.3 / 5.6",6.260
1790445997.720,hud,heading,,,,,"239° / 95°",238.600
1790445997.720,hud,drift,,,,,"217.48%",217.480
1790445997.720,hud,turns,,,,,"✗ turns: 3/15",
1790445997.721,hud,calib_s,,,,,"✓ Buffer 6s",
1790445997.721,marker,gnss,52.37166200,-1.24143400,265.20,true,,
1790445997.722,marker,dr,52.37113582,-1.24362179,121.40,true,,
1790445997.722,marker,reconciled,0.00000000,0.00000000,0.00,false,,
1790445997.771,hud,speed,,,,,"6.1 / 5.6",6.070
1790445997.772,hud,heading,,,,,"238° / 95°",238.400
1790445997.772,hud,drift,,,,,"217.38%",217.380
1790445997.772,hud,turns,,,,,"✗ turns: 3/15",
1790445997.772,hud,calib_s,,,,,"✓ Buffer 6s",
1790445997.773,marker,gnss,52.37166200,-1.24143400,265.20,true,,
1790445997.773,marker,dr,52.37113391,-1.24363025,121.60,true,,
1790445997.773,marker,reconciled,0.00000000,0.00000000,0.00,false,,
1790445997.820,hud,speed,,,,,"5.9 / 5.6",5.910
1790445997.820,hud,heading,,,,,"238° / 95°",238.200
1790445997.821,hud,drift,,,,,"217.26%",217.260
1790445997.821,hud,turns,,,,,"✗ turns: 3/15",
1790445997.821,hud,calib_s,,,,,"✓ Buffer 6s",
1790445997.821,marker,gnss,52.37166200,-1.24143400,265.20,true,,
1790445997.822,marker,dr,52.37113215,-1.24363860,121.80,true,,
1790445997.823,marker,reconciled,0.00000000,0.00000000,0.00,false,,
1790445997.866,hud,speed,,,,,"5.8 / 5.6",5.790
1790445997.866,hud,heading,,,,,"238° / 95°",238.200
1790445997.867,hud,drift,,,,,"217.13%",217.130
1790445997.867,hud,turns,,,,,"✗ turns: 3/15",
1790445997.867,hud,calib_s,,,,,"✓ Buffer 6s",
1790445997.868,marker,gnss,52.37166200,-1.24143400,265.20,true,,
1790445997.868,marker,dr,52.37113047,-1.24364683,121.80,true,,
1790445997.868,marker,reconciled,0.00000000,0.00000000,0.00,false,,
1790445997.924,hud,speed,,,,,"5.7 / 5.6",5.690
1790445997.924,hud,heading,,,,,"238° / 95°",238.100
1790445997.925,hud,drift,,,,,"216.99%",216.990
1790445997.925,hud,turns,,,,,"✗ turns: 3/15",
1790445997.925,hud,calib_s,,,,,"✓ Buffer 6s",
1790445997.926,marker,gnss,52.37166200,-1.24143400,265.20,true,,
1790445997.926,marker,dr,52.37112887,-1.24365493,121.90,true,,
1790445997.927,marker,reconciled,0.00000000,0.00000000,0.00,false,,
1790445997.970,hud,speed,,,,,"5.6 / 5.6",5.630
1790445997.970,hud,heading,,,,,"238° / 95°",237.900
1790445997.970,hud,drift,,,,,"216.85%",216.850
1790445997.971,hud,turns,,,,,"✗ turns: 3/15",
1790445997.971,hud,calib_s,,,,,"✓ Buffer 6s",
1790445997.971,marker,gnss,52.37166200,-1.24143400,265.20,true,,
1790445997.972,marker,dr,52.37112733,-1.24366307,122.10,true,,
1790445997.972,marker,reconciled,0.00000000,0.00000000,0.00,false,,
1790445998.024,hud,speed,,,,,"5.5 / 5.6",5.510
1790445998.025,hud,heading,,,,,"238° / 95°",237.700
1790445998.025,hud,drift,,,,,"216.70%",216.700
1790445998.025,hud,turns,,,,,"✗ turns: 3/15",
1790445998.025,hud,calib_s,,,,,"✓ Buffer 6s",
1790445998.026,marker,gnss,52.37166200,-1.24143400,265.20,true,,
1790445998.026,marker,dr,52.37112588,-1.24367121,122.30,true,,
1790445998.027,marker,reconciled,0.00000000,0.00000000,0.00,false,,
1790445998.079,hud,speed,,,,,"5.4 / 5.6",5.360
1790445998.080,hud,heading,,,,,"238° / 95°",237.700
1790445998.080,hud,drift,,,,,"216.54%",216.540
1790445998.081,hud,turns,,,,,"✗ turns: 3/15",
1790445998.081,hud,calib_s,,,,,"✓ Buffer 6s",
1790445998.081,marker,gnss,52.37166200,-1.24143400,265.20,true,,
1790445998.082,marker,dr,52.37112462,-1.24367880,122.30,true,,
1790445998.082,marker,reconciled,0.00000000,0.00000000,0.00,false,,
1790445998.126,hud,speed,,,,,"5.3 / 5.6",5.300
1790445998.126,hud,heading,,,,,"238° / 95°",237.700
1790445998.126,hud,drift,,,,,"216.37%",216.370
1790445998.127,hud,turns,,,,,"✗ turns: 3/15",
1790445998.127,hud,calib_s,,,,,"✓ Buffer 6s",
1790445998.127,marker,gnss,52.37166200,-1.24143400,265.20,true,,
1790445998.128,marker,dr,52.37112339,-1.24368655,122.30,true,,
1790445998.128,marker,reconciled,0.00000000,0.00000000,0.00,false,,
1790445998.175,hud,speed,,,,,"5.3 / 5.6",5.250
1790445998.175,hud,heading,,,,,"238° / 95°",237.600
1790445998.176,hud,drift,,,,,"216.20%",216.200
1790445998.176,hud,turns,,,,,"✗ turns: 3/15",
1790445998.176,hud,calib_s,,,,,"✓ Buffer 6s",
1790445998.176,marker,gnss,52.37166200,-1.24143400,265.20,true,,
1790445998.177,marker,dr,52.37112215,-1.24369421,122.40,true,,
1790445998.177,marker,reconciled,0.00000000,0.00000000,0.00,false,,
1790445998.229,hud,speed,,,,,"5.2 / 5.6",5.170
1790445998.229,hud,heading,,,,,"238° / 95°",237.500
1790445998.230,hud,drift,,,,,"216.02%",216.020
1790445998.230,hud,turns,,,,,"✗ turns: 3/15",
1790445998.230,hud,calib_s,,,,,"✓ Buffer 6s",
1790445998.231,marker,gnss,52.37166200,-1.24143400,265.20,true,,
1790445998.231,marker,dr,52.37112091,-1.24370174,122.50,true,,
1790445998.232,marker,reconciled,0.00000000,0.00000000,0.00,false,,
1790445998.280,hud,speed,,,,,"5.2 / 5.6",5.170
1790445998.281,hud,heading,,,,,"237° / 95°",237.200
1790445998.281,hud,drift,,,,,"215.84%",215.840
1790445998.281,hud,turns,,,,,"✗ turns: 3/15",
1790445998.282,hud,calib_s,,,,,"✓ Buffer 6s",
1790445998.282,marker,gnss,52.37166200,-1.24143400,265.20,true,,
1790445998.283,marker,dr,52.37111961,-1.24370927,122.80,true,,
1790445998.283,marker,reconciled,0.00000000,0.00000000,0.00,false,,
1790445998.335,hud,speed,,,,,"5.1 / 5.6",5.080
1790445998.335,hud,heading,,,,,"237° / 95°",237.200
1790445998.336,hud,drift,,,,,"215.65%",215.650
1790445998.336,hud,turns,,,,,"✗ turns: 3/15",
1790445998.336,hud,calib_s,,,,,"✓ Buffer 6s",
1790445998.337,marker,gnss,52.37166200,-1.24143400,265.20,true,,
1790445998.337,marker,dr,52.37111835,-1.24371670,122.80,true,,
1790445998.338,marker,reconciled,0.00000000,0.00000000,0.00,false,,
1790445998.382,hud,speed,,,,,"5.0 / 5.6",5.040
1790445998.383,hud,heading,,,,,"237° / 95°",237.000
1790445998.383,hud,drift,,,,,"215.47%",215.470
1790445998.383,hud,turns,,,,,"✗ turns: 3/15",
1790445998.384,hud,calib_s,,,,,"✓ Buffer 6s",
1790445998.384,marker,gnss,52.37166200,-1.24143400,265.20,true,,
1790445998.385,marker,dr,52.37111706,-1.24372410,123.00,true,,
1790445998.385,marker,reconciled,0.00000000,0.00000000,0.00,false,,
1790445998.432,hud,speed,,,,,"5.1 / 5.6",5.080
1790445998.432,hud,heading,,,,,"237° / 95°",237.100
1790445998.433,hud,drift,,,,,"215.29%",215.290
1790445998.433,hud,turns,,,,,"✗ turns: 3/15",
1790445998.433,hud,calib_s,,,,,"✓ Buffer 6s",
1790445998.433,marker,gnss,52.37166200,-1.24143400,265.20,true,,
1790445998.434,marker,dr,52.37111574,-1.24373129,122.90,true,,
1790445998.434,marker,reconciled,0.00000000,0.00000000,0.00,false,,
1790445998.486,hud,speed,,,,,"5.2 / 5.6",5.170
1790445998.486,hud,heading,,,,,"237° / 95°",237.100
1790445998.486,hud,drift,,,,,"215.12%",215.120
1790445998.487,hud,turns,,,,,"✗ turns: 3/15",
1790445998.487,hud,calib_s,,,,,"✓ Buffer 6s",
1790445998.487,marker,gnss,52.37166200,-1.24143400,265.20,true,,
1790445998.488,marker,dr,52.37111430,-1.24373866,122.90,true,,
1790445998.488,marker,reconciled,0.00000000,0.00000000,0.00,false,,
1790445998.533,hud,speed,,,,,"5.3 / 5.6",5.260
1790445998.533,hud,heading,,,,,"237° / 95°",237.200
1790445998.534,hud,drift,,,,,"214.96%",214.960
1790445998.534,hud,turns,,,,,"✗ turns: 3/15",
1790445998.534,hud,calib_s,,,,,"✓ Buffer 6s",
1790445998.535,marker,gnss,52.37166200,-1.24143400,265.20,true,,
1790445998.535,marker,dr,52.37111270,-1.24374613,122.80,true,,
1790445998.536,marker,reconciled,0.00000000,0.00000000,0.00,false,,
1790445998.588,hud,speed,,,,,"5.3 / 5.6",5.340
1790445998.589,hud,heading,,,,,"237° / 95°",237.300
1790445998.589,hud,drift,,,,,"214.80%",214.800
1790445998.589,hud,turns,,,,,"✗ turns: 3/15",
1790445998.590,hud,calib_s,,,,,"✓ Buffer 6s",
1790445998.590,marker,gnss,52.37166200,-1.24143400,265.20,true,,
1790445998.591,marker,dr,52.37111100,-1.24375353,122.70,true,,
1790445998.591,marker,reconciled,0.00000000,0.00000000,0.00,false,,
1790445998.633,hud,speed,,,,,"5.4 / 5.6",5.420
1790445998.634,hud,heading,,,,,"237° / 95°",237.300
1790445998.634,hud,drift,,,,,"214.65%",214.650
1790445998.634,hud,turns,,,,,"✗ turns: 3/15",
1790445998.635,hud,calib_s,,,,,"✓ Buffer 6s",
1790445998.635,marker,gnss,52.37166200,-1.24143400,265.20,true,,
1790445998.635,marker,dr,52.37110918,-1.24376088,122.70,true,,
1790445998.636,marker,reconciled,0.00000000,0.00000000,0.00,false,,
1790445998.685,hud,speed,,,,,"5.6 / 5.6",5.550
1790445998.686,hud,heading,,,,,"237° / 95°",237.300
1790445998.686,hud,drift,,,,,"214.51%",214.510
1790445998.686,hud,turns,,,,,"✗ turns: 3/15",
1790445998.687,hud,calib_s,,,,,"✓ Buffer 6s",
1790445998.687,marker,gnss,52.37166200,-1.24143400,265.20,true,,
1790445998.688,marker,dr,52.37110720,-1.24376850,122.70,true,,
1790445998.688,marker,reconciled,0.00000000,0.00000000,0.00,false,,
1790445998.732,hud,speed,,,,,"5.7 / 5.6",5.660
1790445998.733,hud,heading,,,,,"237° / 95°",237.400
1790445998.733,hud,drift,,,,,"214.39%",214.390
1790445998.733,hud,turns,,,,,"✗ turns: 3/15",
1790445998.733,hud,calib_s,,,,,"✓ Buffer 6s",
1790445998.734,marker,gnss,52.37166200,-1.24143400,265.20,true,,
1790445998.734,marker,dr,52.37110512,-1.24377612,122.60,true,,
1790445998.734,marker,reconciled,0.00000000,0.00000000,0.00,false,,
1790445998.788,hud,speed,,,,,"5.7 / 5.6",5.730
1790445998.788,hud,heading,,,,,"237° / 95°",237.200
1790445998.788,hud,drift,,,,,"214.27%",214.270
1790445998.789,hud,turns,,,,,"✗ turns: 3/15",
1790445998.789,hud,calib_s,,,,,"✓ Buffer 6s",
1790445998.789,marker,gnss,52.37166200,-1.24143400,265.20,true,,
1790445998.790,marker,dr,52.37110297,-1.24378371,122.80,true,,
1790445998.790,marker,reconciled,0.00000000,0.00000000,0.00,false,,
1790445998.838,hud,speed,,,,,"5.8 / 5.6",5.780
1790445998.838,hud,heading,,,,,"237° / 95°",237.300
1790445998.838,hud,drift,,,,,"214.16%",214.160
1790445998.839,hud,turns,,,,,"✗ turns: 3/15",
1790445998.839,hud,calib_s,,,,,"✓ Buffer 6s",
1790445998.840,marker,gnss,52.37166200,-1.24143400,265.20,true,,
1790445998.840,marker,dr,52.37110073,-1.24379151,122.70,true,,
1790445998.840,marker,reconciled,0.00000000,0.00000000,0.00,false,,
1790445998.889,hud,speed,,,,,"5.9 / 5.6",5.880
1790445998.889,hud,heading,,,,,"237° / 95°",237.400
1790445998.890,hud,drift,,,,,"214.06%",214.060
1790445998.890,hud,turns,,,,,"✗ turns: 3/15",
1790445998.890,hud,calib_s,,,,,"✓ Buffer 6s",
1790445998.891,marker,gnss,52.37166200,-1.24143400,265.20,true,,
1790445998.891,marker,dr,52.37109844,-1.24379931,122.60,true,,
1790445998.892,marker,reconciled,0.00000000,0.00000000,0.00,false,,
1790445998.940,hud,speed,,,,,"6.0 / 5.6",6.030
1790445998.940,hud,heading,,,,,"237° / 95°",237.300
1790445998.941,hud,drift,,,,,"213.98%",213.980
1790445998.941,hud,turns,,,,,"✗ turns: 3/15",
1790445998.941,hud,calib_s,,,,,"✓ Buffer 6s",
1790445998.941,marker,gnss,52.37166200,-1.24143400,265.20,true,,
1790445998.942,marker,dr,52.37109606,-1.24380719,122.70,true,,
1790445998.942,marker,reconciled,0.00000000,0.00000000,0.00,false,,
1790445998.989,hud,speed,,,,,"6.1 / 5.6",6.090
1790445998.989,hud,heading,,,,,"237° / 95°",237.400
1790445998.990,hud,drift,,,,,"213.89%",213.890
1790445998.990,hud,turns,,,,,"✗ turns: 3/15",
1790445998.990,hud,calib_s,,,,,"✓ Buffer 6s",
1790445998.991,marker,gnss,52.37166200,-1.24143400,265.20,true,,
1790445998.991,marker,dr,52.37109358,-1.24381518,122.60,true,,
1790445998.991,marker,reconciled,0.00000000,0.00000000,0.00,false,,
1790445999.043,hud,speed,,,,,"6.4 / 5.6",6.400
1790445999.043,hud,heading,,,,,"237° / 95°",237.400
1790445999.043,hud,drift,,,,,"213.84%",213.840
1790445999.044,hud,turns,,,,,"✗ turns: 3/15",
1790445999.044,hud,calib_s,,,,,"✓ Buffer 6s",
1790445999.044,marker,gnss,52.37166200,-1.24143400,265.20,true,,
1790445999.045,marker,dr,52.37109094,-1.24382353,122.60,true,,
1790445999.045,marker,reconciled,0.00000000,0.00000000,0.00,false,,
1790445999.096,hud,speed,,,,,"6.4 / 5.6",6.430
1790445999.097,hud,heading,,,,,"237° / 95°",237.400
1790445999.097,hud,drift,,,,,"213.79%",213.790
1790445999.097,hud,turns,,,,,"✗ turns: 3/15",
1790445999.097,hud,calib_s,,,,,"✓ Buffer 6s",
1790445999.098,marker,gnss,52.37166200,-1.24143400,265.20,true,,
1790445999.099,marker,dr,52.37108827,-1.24383202,122.60,true,,
1790445999.099,marker,reconciled,0.00000000,0.00000000,0.00,false,,
1790445999.142,hud,speed,,,,,"6.7 / 5.6",6.720
1790445999.142,hud,heading,,,,,"237° / 95°",237.300
1790445999.142,hud,drift,,,,,"213.78%",213.780
1790445999.143,hud,turns,,,,,"✗ turns: 3/15",
1790445999.143,hud,calib_s,,,,,"✓ Buffer 6s",
1790445999.143,marker,gnss,52.37166200,-1.24143400,265.20,true,,
1790445999.144,marker,dr,52.37108551,-1.24384069,122.70,true,,
1790445999.144,marker,reconciled,0.00000000,0.00000000,0.00,false,,
1790445999.191,hud,speed,,,,,"6.9 / 5.6",6.890
1790445999.191,hud,heading,,,,,"237° / 95°",237.000
1790445999.192,hud,drift,,,,,"213.77%",213.770
1790445999.192,hud,turns,,,,,"✗ turns: 3/15",
1790445999.192,hud,calib_s,,,,,"✓ Buffer 6s",
1790445999.193,marker,gnss,52.37166200,-1.24143400,265.20,true,,
1790445999.193,marker,dr,52.37108262,-1.24384967,123.00,true,,
1790445999.193,marker,reconciled,0.00000000,0.00000000,0.00,false,,
1790445999.246,hud,speed,,,,,"7.1 / 5.6",7.060
1790445999.247,hud,heading,,,,,"237° / 95°",236.700
1790445999.247,hud,drift,,,,,"213.79%",213.790
1790445999.247,hud,turns,,,,,"✗ turns: 3/15",
1790445999.248,hud,calib_s,,,,,"✓ Buffer 6s",
1790445999.248,marker,gnss,52.37166200,-1.24143400,265.20,true,,
1790445999.248,marker,dr,52.37107966,-1.24385887,123.30,true,,
1790445999.249,marker,reconciled,0.00000000,0.00000000,0.00,false,,
1790445999.292,hud,speed,,,,,"7.0 / 5.6",7.000
1790445999.292,hud,heading,,,,,"236° / 95°",236.300
1790445999.292,hud,drift,,,,,"213.80%",213.800
1790445999.293,hud,turns,,,,,"✗ turns: 3/15",
1790445999.293,hud,calib_s,,,,,"✓ Buffer 6s",
1790445999.293,marker,gnss,52.37166200,-1.24143400,265.20,true,,
1790445999.293,marker,dr,52.37107670,-1.24386823,123.70,true,,
1790445999.293,marker,reconciled,0.00000000,0.00000000,0.00,false,,
1790445999.350,hud,speed,,,,,"6.9 / 5.6",6.910
1790445999.350,hud,heading,,,,,"236° / 95°",236.300
1790445999.351,hud,drift,,,,,"213.80%",213.800
1790445999.351,hud,turns,,,,,"✗ turns: 3/15",
1790445999.351,hud,calib_s,,,,,"✓ Buffer 6s",
1790445999.351,marker,gnss,52.37166200,-1.24143400,265.20,true,,
1790445999.352,marker,dr,52.37107389,-1.24387716,123.70,true,,
1790445999.352,marker,reconciled,0.00000000,0.00000000,0.00,false,,
1790445999.399,hud,speed,,,,,"6.9 / 5.6",6.910
1790445999.400,hud,heading,,,,,"236° / 95°",236.300
1790445999.400,hud,drift,,,,,"213.80%",213.800
1790445999.400,hud,turns,,,,,"✗ turns: 3/15",
1790445999.400,hud,calib_s,,,,,"✓ Buffer 6s",
1790445999.401,marker,gnss,52.37166200,-1.24143400,265.20,true,,
1790445999.402,marker,dr,52.37107097,-1.24388620,123.70,true,,
1790445999.402,marker,reconciled,0.00000000,0.00000000,0.00,false,,
1790445999.448,hud,speed,,,,,"7.0 / 5.6",6.950
1790445999.448,hud,heading,,,,,"236° / 95°",236.200
1790445999.449,hud,drift,,,,,"213.81%",213.810
1790445999.449,hud,turns,,,,,"✗ turns: 3/15",
1790445999.449,hud,calib_s,,,,,"✓ Buffer 6s",
1790445999.450,marker,gnss,52.37166200,-1.24143400,265.20,true,,
1790445999.450,marker,dr,52.37106796,-1.24389533,123.80,true,,
1790445999.451,marker,reconciled,0.00000000,0.00000000,0.00,false,,
1790445999.500,hud,speed,,,,,"6.9 / 5.6",6.910
1790445999.500,hud,heading,,,,,"236° / 95°",236.100
1790445999.500,hud,drift,,,,,"213.81%",213.810
1790445999.501,hud,turns,,,,,"✗ turns: 3/15",
1790445999.501,hud,calib_s,,,,,"✓ Buffer 6s",
1790445999.501,marker,gnss,52.37166200,-1.24143400,265.20,true,,
1790445999.502,marker,dr,52.37106498,-1.24390432,123.90,true,,
1790445999.502,marker,reconciled,0.00000000,0.00000000,0.00,false,,
1790445999.548,hud,speed,,,,,"6.9 / 5.6",6.910
1790445999.549,hud,heading,,,,,"236° / 95°",235.900
1790445999.549,hud,drift,,,,,"213.81%",213.810
1790445999.549,hud,turns,,,,,"✗ turns: 3/15",
1790445999.549,hud,calib_s,,,,,"✓ Buffer 6s",
1790445999.550,marker,gnss,52.37166200,-1.24143400,265.20,true,,
1790445999.550,marker,dr,52.37106200,-1.24391328,124.10,true,,
1790445999.551,marker,reconciled,0.00000000,0.00000000,0.00,false,,
1790445999.607,hud,speed,,,,,"6.8 / 4.5",6.770
1790445999.608,hud,heading,,,,,"236° / 255°",235.800
1790445999.608,hud,drift,,,,,"195.83%",195.830
1790445999.608,hud,turns,,,,,"✗ turns: 3/15",
1790445999.609,hud,calib_s,,,,,"✓ Buffer 6s",
1790445999.609,marker,gnss,52.37162800,-1.24080000,105.00,true,,
1790445999.610,marker,dr,52.37105909,-1.24392198,124.20,true,,
1790445999.610,marker,reconciled,0.00000000,0.00000000,0.00,false,,
1790445999.650,hud,speed,,,,,"6.7 / 4.5",6.700
1790445999.650,hud,heading,,,,,"236° / 255°",235.700
1790445999.651,hud,drift,,,,,"195.22%",195.220
1790445999.651,hud,turns,,,,,"✗ turns: 3/15",
1790445999.651,hud,calib_s,,,,,"✓ Buffer 6s",
1790445999.651,marker,gnss,52.37162800,-1.24080000,105.00,true,,
1790445999.652,marker,dr,52.37105616,-1.24393076,124.30,true,,
1790445999.652,marker,reconciled,0.00000000,0.00000000,0.00,false,,
1790445999.701,hud,speed,,,,,"6.6 / 4.5",6.600
1790445999.702,hud,heading,,,,,"236° / 255°",235.800
1790445999.702,hud,drift,,,,,"194.62%",194.620
1790445999.703,hud,turns,,,,,"✗ turns: 3/15",
1790445999.703,hud,calib_s,,,,,"✓ Buffer 6s",
1790445999.703,marker,gnss,52.37162800,-1.24080000,105.00,true,,
1790445999.704,marker,dr,52.37105326,-1.24393917,124.20,true,,
1790445999.704,marker,reconciled,0.00000000,0.00000000,0.00,false,,
1790445999.755,hud,speed,,,,,"6.5 / 4.5",6.510
1790445999.756,hud,heading,,,,,"236° / 255°",235.800
1790445999.756,hud,drift,,,,,"194.01%",194.010
1790445999.756,hud,turns,,,,,"✗ turns: 3/15",
1790445999.756,hud,calib_s,,,,,"✓ Buffer 6s",
1790445999.757,marker,gnss,52.37162800,-1.24080000,105.00,true,,
1790445999.757,marker,dr,52.37105029,-1.24394757,124.20,true,,
1790445999.758,marker,reconciled,0.00000000,0.00000000,0.00,false,,
1790445999.807,hud,speed,,,,,"6.5 / 4.5",6.490
1790445999.808,hud,heading,,,,,"236° / 255°",235.900
1790445999.808,hud,drift,,,,,"193.40%",193.400
1790445999.808,hud,turns,,,,,"✗ turns: 3/15",
1790445999.808,hud,calib_s,,,,,"✓ Buffer 6s",
1790445999.809,marker,gnss,52.37162800,-1.24080000,105.00,true,,
1790445999.809,marker,dr,52.37104731,-1.24395578,124.10,true,,
1790445999.809,marker,reconciled,0.00000000,0.00000000,0.00,false,,
1790445999.860,hud,speed,,,,,"6.5 / 4.5",6.520
1790445999.860,hud,heading,,,,,"236° / 255°",235.900
1790445999.861,hud,drift,,,,,"192.80%",192.800
1790445999.861,hud,turns,,,,,"✗ turns: 3/15",
1790445999.861,hud,calib_s,,,,,"✓ Buffer 6s",
1790445999.861,marker,gnss,52.37162800,-1.24080000,105.00,true,,
1790445999.862,marker,dr,52.37104428,-1.24396399,124.10,true,,
1790445999.862,marker,reconciled,0.00000000,0.00000000,0.00,false,,
1790445999.910,hud,speed,,,,,"6.4 / 4.5",6.410
1790445999.911,hud,heading,,,,,"236° / 255°",235.900
1790445999.911,hud,drift,,,,,"192.20%",192.200
1790445999.911,hud,turns,,,,,"✗ turns: 3/15",
1790445999.912,hud,calib_s,,,,,"✓ Buffer 6s",
1790445999.912,marker,gnss,52.37162800,-1.24080000,105.00,true,,
1790445999.913,marker,dr,52.37104130,-1.24397196,124.10,true,,
1790445999.913,marker,reconciled,0.00000000,0.00000000,0.00,false,,
1790445999.958,hud,speed,,,,,"6.3 / 4.5",6.330
1790445999.959,hud,heading,,,,,"236° / 255°",235.800
1790445999.959,hud,drift,,,,,"191.59%",191.590
1790445999.959,hud,turns,,,,,"✗ turns: 3/15",
1790445999.960,hud,calib_s,,,,,"✓ Buffer 6s",
1790445999.960,marker,gnss,52.37162800,-1.24080000,105.00,true,,
1790445999.960,marker,dr,52.37103829,-1.24397985,124.20,true,,
1790445999.961,marker,reconciled,0.00000000,0.00000000,0.00,false,,
1790446000.013,hud,speed,,,,,"6.2 / 4.5",6.220
1790446000.013,hud,heading,,,,,"236° / 255°",235.900
1790446000.014,hud,drift,,,,,"190.97%",190.970
1790446000.014,hud,turns,,,,,"✗ turns: 3/15",
1790446000.014,hud,calib_s,,,,,"✓ Buffer 6s",
1790446000.015,marker,gnss,52.37162800,-1.24080000,105.00,true,,
1790446000.015,marker,dr,52.37103529,-1.24398756,124.10,true,,
1790446000.016,marker,reconciled,0.00000000,0.00000000,0.00,false,,
1790446000.061,hud,speed,,,,,"6.2 / 4.5",6.210
1790446000.061,hud,heading,,,,,"236° / 255°",235.900
1790446000.062,hud,drift,,,,,"190.35%",190.350
1790446000.062,hud,turns,,,,,"✗ turns: 3/15",
1790446000.062,hud,calib_s,,,,,"✓ Buffer 6s",
1790446000.063,marker,gnss,52.37162800,-1.24080000,105.00,true,,
1790446000.063,marker,dr,52.37103221,-1.24399526,124.10,true,,
1790446000.064,marker,reconciled,0.00000000,0.00000000,0.00,false,,
1790446000.116,hud,speed,,,,,"6.2 / 4.5",6.190
1790446000.116,hud,heading,,,,,"236° / 255°",235.900
1790446000.116,hud,drift,,,,,"189.73%",189.730
1790446000.117,hud,turns,,,,,"✗ turns: 3/15",
1790446000.117,hud,calib_s,,,,,"✓ Buffer 6s",
1790446000.117,marker,gnss,52.37162800,-1.24080000,105.00,true,,
1790446000.118,marker,dr,52.37102909,-1.24400279,124.10,true,,
1790446000.118,marker,reconciled,0.00000000,0.00000000,0.00,false,,
1790446000.165,hud,speed,,,,,"6.2 / 4.5",6.160
1790446000.166,hud,heading,,,,,"236° / 255°",235.900
1790446000.166,hud,drift,,,,,"189.12%",189.120
1790446000.166,hud,turns,,,,,"✗ turns: 3/15",
1790446000.167,hud,calib_s,,,,,"✓ Buffer 6s",
1790446000.167,marker,gnss,52.37162800,-1.24080000,105.00,true,,
1790446000.167,marker,dr,52.37102592,-1.24401021,124.10,true,,
1790446000.168,marker,reconciled,0.00000000,0.00000000,0.00,false,,
1790446000.212,hud,speed,,,,,"6.1 / 4.5",6.070
1790446000.213,hud,heading,,,,,"236° / 255°",236.000
1790446000.213,hud,drift,,,,,"188.50%",188.500
1790446000.213,hud,turns,,,,,"✗ turns: 3/15",
1790446000.213,hud,calib_s,,,,,"✓ Buffer 6s",
1790446000.214,marker,gnss,52.37162800,-1.24080000,105.00,true,,
1790446000.214,marker,dr,52.37102274,-1.24401745,124.00,true,,
1790446000.215,marker,reconciled,0.00000000,0.00000000,0.00,false,,
1790446000.267,hud,speed,,,,,"6.1 / 4.5",6.080
1790446000.267,hud,heading,,,,,"236° / 255°",236.000
1790446000.268,hud,drift,,,,,"187.89%",187.890
1790446000.268,hud,turns,,,,,"✗ turns: 3/15",
1790446000.268,hud,calib_s,,,,,"✓ Buffer 6s",
1790446000.269,marker,gnss,52.37162800,-1.24080000,105.00,true,,
1790446000.269,marker,dr,52.37101951,-1.24402465,124.00,true,,
1790446000.270,marker,reconciled,0.00000000,0.00000000,0.00,false,,
1790446000.317,hud,speed,,,,,"6.0 / 4.5",5.960
1790446000.318,hud,heading,,,,,"236° / 255°",236.000
1790446000.318,hud,drift,,,,,"187.27%",187.270
1790446000.318,hud,turns,,,,,"✗ turns: 3/15",
1790446000.319,hud,calib_s,,,,,"✓ Buffer 6s",
1790446000.319,marker,gnss,52.37162800,-1.24080000,105.00,true,,
1790446000.320,marker,dr,52.37101630,-1.24403166,124.00,true,,
1790446000.320,marker,reconciled,0.00000000,0.00000000,0.00,false,,
1790446000.367,hud,speed,,,,,"5.9 / 4.5",5.940
1790446000.368,hud,heading,,,,,"236° / 255°",235.800
1790446000.368,hud,drift,,,,,"186.65%",186.650
1790446000.368,hud,turns,,,,,"✗ turns: 3/15",
1790446000.368,hud,calib_s,,,,,"✓ Buffer 6s",
1790446000.369,marker,gnss,52.37162800,-1.24080000,105.00,true,,
1790446000.369,marker,dr,52.37101307,-1.24403859,124.20,true,,
1790446000.370,marker,reconciled,0.00000000,0.00000000,0.00,false,,
1790446000.419,hud,speed,,,,,"5.8 / 4.5",5.750
1790446000.419,hud,heading,,,,,"236° / 255°",235.600
1790446000.420,hud,drift,,,,,"186.03%",186.030
1790446000.420,hud,turns,,,,,"✗ turns: 3/15",
1790446000.420,hud,calib_s,,,,,"✓ Buffer 6s",
1790446000.420,marker,gnss,52.37162800,-1.24080000,105.00,true,,
1790446000.421,marker,dr,52.37100993,-1.24404518,124.40,true,,
1790446000.422,marker,reconciled,0.00000000,0.00000000,0.00,false,,
1790446000.469,hud,speed,,,,,"5.6 / 4.5",5.600
1790446000.470,hud,heading,,,,,"235° / 255°",235.300
1790446000.470,hud,drift,,,,,"185.39%",185.390
1790446000.470,hud,turns,,,,,"✗ turns: 3/15",
1790446000.470,hud,calib_s,,,,,"✓ Buffer 6s",
1790446000.471,marker,gnss,52.37162800,-1.24080000,105.00,true,,
1790446000.471,marker,dr,52.37100680,-1.24405159,124.70,true,,
1790446000.472,marker,reconciled,0.00000000,0.00000000,0.00,false,,
1790446000.520,hud,speed,,,,,"5.6 / 4.5",5.620
1790446000.521,hud,heading,,,,,"236° / 255°",235.600
1790446000.521,hud,drift,,,,,"184.74%",184.740
1790446000.521,hud,turns,,,,,"✗ turns: 3/15",
1790446000.521,hud,calib_s,,,,,"✓ Buffer 6s",
1790446000.522,marker,gnss,52.37162800,-1.24080000,105.00,true,,
1790446000.522,marker,dr,52.37100353,-1.24405800,124.40,true,,
1790446000.523,marker,reconciled,0.00000000,0.00000000,0.00,false,,
1790446000.571,hud,speed,,,,,"5.7 / 4.5",5.700
1790446000.571,hud,heading,,,,,"236° / 255°",235.800
1790446000.572,hud,drift,,,,,"184.12%",184.120
1790446000.572,hud,turns,,,,,"✗ turns: 3/15",
1790446000.572,hud,calib_s,,,,,"✓ Buffer 6s",
1790446000.572,marker,gnss,52.37162800,-1.24080000,105.00,true,,
1790446000.573,marker,dr,52.37100025,-1.24406432,124.20,true,,
1790446000.573,marker,reconciled,0.00000000,0.00000000,0.00,false,,
1790446000.625,hud,speed,,,,,"5.7 / 4.5",5.720
1790446000.626,hud,heading,,,,,"236° / 255°",235.800
1790446000.626,hud,drift,,,,,"183.50%",183.500
1790446000.626,hud,turns,,,,,"✗ turns: 3/15",
1790446000.627,hud,calib_s,,,,,"✓ Buffer 6s",
1790446000.627,marker,gnss,52.37162800,-1.24080000,105.00,true,,
1790446000.627,marker,dr,52.37099691,-1.24407071,124.20,true,,
1790446000.628,marker,reconciled,0.00000000,0.00000000,0.00,false,,
1790446000.670,hud,speed,,,,,"5.8 / 4.5",5.760
1790446000.671,hud,heading,,,,,"236° / 255°",235.700
1790446000.671,hud,drift,,,,,"182.88%",182.880
1790446000.671,hud,turns,,,,,"✗ turns: 3/15",
1790446000.671,hud,calib_s,,,,,"✓ Buffer 6s",
1790446000.672,marker,gnss,52.37162800,-1.24080000,105.00,true,,
1790446000.672,marker,dr,52.37099351,-1.24407720,124.30,true,,
1790446000.673,marker,reconciled,0.00000000,0.00000000,0.00,false,,
1790446000.726,hud,speed,,,,,"5.8 / 4.5",5.760
1790446000.727,hud,heading,,,,,"236° / 255°",235.600
1790446000.727,hud,drift,,,,,"182.27%",182.270
1790446000.727,hud,turns,,,,,"✗ turns: 3/15",
1790446000.728,hud,calib_s,,,,,"✓ Buffer 6s",
1790446000.728,marker,gnss,52.37162800,-1.24080000,105.00,true,,
1790446000.729,marker,dr,52.37099014,-1.24408361,124.40,true,,
1790446000.729,marker,reconciled,0.00000000,0.00000000,0.00,false,,
1790446000.774,hud,speed,,,,,"5.8 / 4.5",5.790
1790446000.775,hud,heading,,,,,"236° / 255°",235.600
1790446000.775,hud,drift,,,,,"181.67%",181.670
1790446000.775,hud,turns,,,,,"✗ turns: 3/15",
1790446000.776,hud,calib_s,,,,,"✓ Buffer 6s",
1790446000.776,marker,gnss,52.37162800,-1.24080000,105.00,true,,
1790446000.776,marker,dr,52.37098673,-1.24409004,124.40,true,,
1790446000.777,marker,reconciled,0.00000000,0.00000000,0.00,false,,
1790446000.829,hud,speed,,,,,"5.9 / 4.5",5.880
1790446000.829,hud,heading,,,,,"236° / 255°",235.700
1790446000.829,hud,drift,,,,,"181.09%",181.090
1790446000.830,hud,turns,,,,,"✗ turns: 3/15",
1790446000.830,hud,calib_s,,,,,"✓ Buffer 6s",
1790446000.830,marker,gnss,52.37162800,-1.24080000,105.00,true,,
1790446000.831,marker,dr,52.37098332,-1.24409654,124.30,true,,
1790446000.831,marker,reconciled,0.00000000,0.00000000,0.00,false,,
1790446000.879,hud,speed,,,,,"5.9 / 4.5",5.910
1790446000.879,hud,heading,,,,,"236° / 255°",235.700
1790446000.880,hud,drift,,,,,"180.50%",180.500
1790446000.880,hud,turns,,,,,"✗ turns: 3/15",
1790446000.880,hud,calib_s,,,,,"✓ Buffer 6s",
1790446000.880,marker,gnss,52.37162800,-1.24080000,105.00,true,,
1790446000.881,marker,dr,52.37097983,-1.24410310,124.30,true,,
1790446000.881,marker,reconciled,0.00000000,0.00000000,0.00,false,,
1790446000.925,hud,speed,,,,,"6.0 / 4.5",5.970
1790446000.926,hud,heading,,,,,"236° / 255°",235.900
1790446000.926,hud,drift,,,,,"179.93%",179.930
1790446000.927,hud,turns,,,,,"✗ turns: 3/15",
1790446000.927,hud,calib_s,,,,,"✓ Buffer 6s",
1790446000.927,marker,gnss,52.37162800,-1.24080000,105.00,true,,
1790446000.928,marker,dr,52.37097627,-1.24410971,124.10,true,,
1790446000.928,marker,reconciled,0.00000000,0.00000000,0.00,false,,
1790446000.981,hud,speed,,,,,"6.0 / 4.5",6.020
1790446000.981,hud,heading,,,,,"236° / 255°",236.000
1790446000.982,hud,drift,,,,,"179.36%",179.360
1790446000.982,hud,turns,,,,,"✗ turns: 3/15",
1790446000.982,hud,calib_s,,,,,"✓ Buffer 6s",
1790446000.983,marker,gnss,52.37162800,-1.24080000,105.00,true,,
1790446000.983,marker,dr,52.37097265,-1.24411634,124.00,true,,
1790446000.984,marker,reconciled,0.00000000,0.00000000,0.00,false,,
1790446001.034,hud,speed,,,,,"6.2 / 4.5",6.200
1790446001.035,hud,heading,,,,,"236° / 255°",236.100
1790446001.035,hud,drift,,,,,"178.80%",178.800
1790446001.036,hud,turns,,,,,"✗ turns: 3/15",
1790446001.036,hud,calib_s,,,,,"✓ Buffer 6s",
1790446001.036,marker,gnss,52.37162800,-1.24080000,105.00,true,,
1790446001.037,marker,dr,52.37096891,-1.24412327,123.90,true,,
1790446001.037,marker,reconciled,0.00000000,0.00000000,0.00,false,,
1790446001.081,hud,speed,,,,,"6.4 / 4.5",6.360
1790446001.082,hud,heading,,,,,"236° / 255°",236.000
1790446001.082,hud,drift,,,,,"178.28%",178.280
1790446001.082,hud,turns,,,,,"✗ turns: 3/15",
1790446001.083,hud,calib_s,,,,,"✓ Buffer 6s",
1790446001.083,marker,gnss,52.37162800,-1.24080000,105.00,true,,
1790446001.083,marker,dr,52.37096516,-1.24413025,124.00,true,,
1790446001.084,marker,reconciled,0.00000000,0.00000000,0.00,false,,
1790446001.133,hud,speed,,,,,"6.5 / 4.5",6.450
1790446001.133,hud,heading,,,,,"236° / 255°",236.200
1790446001.133,hud,drift,,,,,"177.75%",177.750
1790446001.134,hud,turns,,,,,"✗ turns: 3/15",
1790446001.134,hud,calib_s,,,,,"✓ Buffer 6s",
1790446001.134,marker,gnss,52.37162800,-1.24080000,105.00,true,,
1790446001.135,marker,dr,52.37096133,-1.24413742,123.80,true,,
1790446001.135,marker,reconciled,0.00000000,0.00000000,0.00,false,,
1790446001.184,hud,speed,,,,,"6.5 / 4.5",6.470
1790446001.185,hud,heading,,,,,"236° / 255°",236.100
1790446001.185,hud,drift,,,,,"177.23%",177.230
1790446001.185,hud,turns,,,,,"✗ turns: 3/15",
1790446001.186,hud,calib_s,,,,,"✓ Buffer 6s",
1790446001.186,marker,gnss,52.37162800,-1.24080000,105.00,true,,
1790446001.187,marker,dr,52.37095743,-1.24414465,123.90,true,,
1790446001.187,marker,reconciled,0.00000000,0.00000000,0.00,false,,
1790446001.233,hud,speed,,,,,"6.6 / 4.5",6.600
1790446001.233,hud,heading,,,,,"236° / 255°",236.200
1790446001.234,hud,drift,,,,,"176.73%",176.730
1790446001.234,hud,turns,,,,,"✗ turns: 3/15",
1790446001.234,hud,calib_s,,,,,"✓ Buffer 6s",
1790446001.235,marker,gnss,52.37162800,-1.24080000,105.00,true,,
1790446001.235,marker,dr,52.37095357,-1.24415194,123.80,true,,
1790446001.235,marker,reconciled,0.00000000,0.00000000,0.00,false,,
1790446001.288,hud,speed,,,,,"6.8 / 4.5",6.770
1790446001.289,hud,heading,,,,,"236° / 255°",236.300
1790446001.289,hud,drift,,,,,"176.24%",176.240
1790446001.289,hud,turns,,,,,"✗ turns: 3/15",
1790446001.289,hud,calib_s,,,,,"✓ Buffer 6s",
1790446001.290,marker,gnss,52.37162800,-1.24080000,105.00,true,,
1790446001.290,marker,dr,52.37094954,-1.24415961,123.70,true,,
1790446001.291,marker,reconciled,0.00000000,0.00000000,0.00,false,,
1790446001.336,hud,speed,,,,,"6.7 / 4.5",6.710
1790446001.336,hud,heading,,,,,"236° / 255°",235.700
1790446001.337,hud,drift,,,,,"175.76%",175.760
1790446001.337,hud,turns,,,,,"✗ turns: 3/15",
1790446001.337,hud,calib_s,,,,,"✓ Buffer 6s",
1790446001.337,marker,gnss,52.37162800,-1.24080000,105.00,true,,
1790446001.338,marker,dr,52.37094566,-1.24416714,124.30,true,,
1790446001.338,marker,reconciled,0.00000000,0.00000000,0.00,false,,
1790446001.388,hud,speed,,,,,"6.7 / 4.5",6.660
1790446001.388,hud,heading,,,,,"235° / 255°",235.400
1790446001.388,hud,drift,,,,,"175.27%",175.270
1790446001.389,hud,turns,,,,,"✗ turns: 3/15",
1790446001.389,hud,calib_s,,,,,"✓ Buffer 6s",
1790446001.389,marker,gnss,52.37162800,-1.24080000,105.00,true,,
1790446001.390,marker,dr,52.37094176,-1.24417453,124.60,true,,
1790446001.390,marker,reconciled,0.00000000,0.00000000,0.00,false,,
1790446001.439,hud,speed,,,,,"6.6 / 4.5",6.640
1790446001.439,hud,heading,,,,,"236° / 255°",235.600
1790446001.439,hud,drift,,,,,"174.78%",174.780
1790446001.440,hud,turns,,,,,"✗ turns: 3/15",
1790446001.440,hud,calib_s,,,,,"✓ Buffer 6s",
1790446001.440,marker,gnss,52.37162800,-1.24080000,105.00,true,,
1790446001.441,marker,dr,52.37093786,-1.24418189,124.40,true,,
1790446001.441,marker,reconciled,0.00000000,0.00000000,0.00,false,,
1790446001.487,hud,speed,,,,,"6.7 / 4.5",6.720
1790446001.487,hud,heading,,,,,"236° / 255°",235.900
1790446001.488,hud,drift,,,,,"174.31%",174.310
1790446001.488,hud,turns,,,,,"✗ turns: 3/15",
1790446001.488,hud,calib_s,,,,,"✓ Buffer 6s",
1790446001.488,marker,gnss,52.37162800,-1.24080000,105.00,true,,
1790446001.489,marker,dr,52.37093396,-1.24418930,124.10,true,,
1790446001.489,marker,reconciled,0.00000000,0.00000000,0.00,false,,
1790446001.541,hud,speed,,,,,"6.8 / 4.5",6.770
1790446001.541,hud,heading,,,,,"236° / 255°",236.100
1790446001.542,hud,drift,,,,,"173.84%",173.840
1790446001.542,hud,turns,,,,,"✗ turns: 3/15",
1790446001.542,hud,calib_s,,,,,"✓ Buffer 6s",
1790446001.543,marker,gnss,52.37162800,-1.24080000,105.00,true,,
1790446001.543,marker,dr,52.37093008,-1.24419699,123.90,true,,
1790446001.543,marker,reconciled,0.00000000,0.00000000,0.00,false,,
1790446001.591,hud,speed,,,,,"7.1 / 4.5",7.090
1790446001.591,hud,heading,,,,,"236° / 255°",236.100
1790446001.591,hud,drift,,,,,"173.41%",173.410
1790446001.592,hud,turns,,,,,"✗ turns: 3/15",
1790446001.592,hud,calib_s,,,,,"✓ Buffer 6s",
1790446001.592,marker,gnss,52.37162800,-1.24080000,105.00,true,,
1790446001.593,marker,dr,52.37092619,-1.24420526,123.90,true,,
1790446001.593,marker,reconciled,0.00000000,0.00000000,0.00,false,,
1790446001.640,hud,speed,,,,,"7.1 / 4.5",7.140
1790446001.640,hud,heading,,,,,"236° / 255°",235.900
1790446001.640,hud,drift,,,,,"172.98%",172.980
1790446001.641,hud,turns,,,,,"✗ turns: 3/15",
1790446001.641,hud,calib_s,,,,,"✓ Buffer 6s",
1790446001.641,marker,gnss,52.37162800,-1.24080000,105.00,true,,
1790446001.641,marker,dr,52.37092231,-1.24421362,124.10,true,,
1790446001.642,marker,reconciled,0.00000000,0.00000000,0.00,false,,
1790446001.693,hud,speed,,,,,"7.1 / 4.5",7.110
1790446001.693,hud,heading,,,,,"236° / 255°",235.500
1790446001.693,hud,drift,,,,,"172.56%",172.560
1790446001.694,hud,turns,,,,,"✗ turns: 3/15",
1790446001.694,hud,calib_s,,,,,"✓ Buffer 6s",
1790446001.694,marker,gnss,52.37162800,-1.24080000,105.00,true,,
1790446001.695,marker,dr,52.37091844,-1.24422205,124.50,true,,
1790446001.695,marker,reconciled,0.00000000,0.00000000,0.00,false,,
1790446001.741,hud,speed,,,,,"7.1 / 4.5",7.140
1790446001.741,hud,heading,,,,,"236° / 255°",235.800
1790446001.742,hud,drift,,,,,"172.14%",172.140
1790446001.742,hud,turns,,,,,"✗ turns: 3/15",
1790446001.742,hud,calib_s,,,,,"✓ Buffer 6s",
1790446001.743,marker,gnss,52.37162800,-1.24080000,105.00,true,,
1790446001.743,marker,dr,52.37091457,-1.24423042,124.20,true,,
1790446001.744,marker,reconciled,0.00000000,0.00000000,0.00,false,,
1790446001.792,hud,speed,,,,,"7.4 / 4.5",7.400
1790446001.793,hud,heading,,,,,"236° / 255°",235.900
1790446001.793,hud,drift,,,,,"171.74%",171.740
1790446001.793,hud,turns,,,,,"✗ turns: 3/15",
1790446001.793,hud,calib_s,,,,,"✓ Buffer 6s",
1790446001.794,marker,gnss,52.37162800,-1.24080000,105.00,true,,
1790446001.794,marker,dr,52.37091058,-1.24423911,124.10,true,,
1790446001.795,marker,reconciled,0.00000000,0.00000000,0.00,false,,
1790446001.842,hud,speed,,,,,"7.4 / 4.5",7.390
1790446001.842,hud,heading,,,,,"236° / 255°",236.000
1790446001.843,hud,drift,,,,,"171.35%",171.350
1790446001.843,hud,turns,,,,,"✗ turns: 3/15",
1790446001.843,hud,calib_s,,,,,"✓ Buffer 6s",
1790446001.843,marker,gnss,52.37162800,-1.24080000,105.00,true,,
1790446001.843,marker,dr,52.37090672,-1.24424782,124.00,true,,
1790446001.844,marker,reconciled,0.00000000,0.00000000,0.00,false,,
1790446001.897,hud,speed,,,,,"7.7 / 4.5",7.660
1790446001.898,hud,heading,,,,,"236° / 255°",236.000
1790446001.898,hud,drift,,,,,"170.98%",170.980
1790446001.898,hud,turns,,,,,"✗ turns: 3/15",
1790446001.899,hud,calib_s,,,,,"✓ Buffer 6s",
1790446001.899,marker,gnss,52.37162800,-1.24080000,105.00,true,,
1790446001.900,marker,dr,52.37090272,-1.24425712,124.00,true,,
1790446001.900,marker,reconciled,0.00000000,0.00000000,0.00,false,,
1790446001.947,hud,speed,,,,,"7.8 / 4.5",7.830
1790446001.947,hud,heading,,,,,"236° / 255°",235.700
1790446001.948,hud,drift,,,,,"170.63%",170.630
1790446001.948,hud,turns,,,,,"✗ turns: 3/15",
1790446001.948,hud,calib_s,,,,,"✓ Buffer 6s",
1790446001.949,marker,gnss,52.37162800,-1.24080000,105.00,true,,
1790446001.949,marker,dr,52.37089867,-1.24426653,124.30,true,,
1790446001.950,marker,reconciled,0.00000000,0.00000000,0.00,false,,
1790446001.995,hud,speed,,,,,"8.0 / 4.5",7.960
1790446001.996,hud,heading,,,,,"236° / 255°",235.500
1790446001.996,hud,drift,,,,,"170.29%",170.290
1790446001.996,hud,turns,,,,,"✗ turns: 3/15",
1790446001.996,hud,calib_s,,,,,"✓ Buffer 6s",
1790446001.997,marker,gnss,52.37162800,-1.24080000,105.00,true,,
1790446001.997,marker,dr,52.37089458,-1.24427596,124.50,true,,
1790446001.998,marker,reconciled,0.00000000,0.00000000,0.00,false,,
1790446002.051,hud,speed,,,,,"8.0 / 4.5",7.990
1790446002.051,hud,heading,,,,,"236° / 255°",235.600
1790446002.052,hud,drift,,,,,"169.95%",169.950
1790446002.052,hud,turns,,,,,"✗ turns: 3/15",
1790446002.052,hud,calib_s,,,,,"✓ Buffer 6s",
1790446002.053,marker,gnss,52.37162800,-1.24080000,105.00,true,,
1790446002.053,marker,dr,52.37089036,-1.24428559,124.40,true,,
1790446002.053,marker,reconciled,0.00000000,0.00000000,0.00,false,,
1790446002.099,hud,speed,,,,,"8.0 / 4.5",8.040
1790446002.099,hud,heading,,,,,"236° / 255°",235.600
1790446002.100,hud,drift,,,,,"169.63%",169.630
1790446002.100,hud,turns,,,,,"✗ turns: 3/15",
1790446002.100,hud,calib_s,,,,,"✓ Buffer 6s",
1790446002.100,marker,gnss,52.37162800,-1.24080000,105.00,true,,
1790446002.101,marker,dr,52.37088623,-1.24429513,124.40,true,,
1790446002.101,marker,reconciled,0.00000000,0.00000000,0.00,false,,
1790446002.149,hud,speed,,,,,"8.1 / 4.5",8.060
1790446002.149,hud,heading,,,,,"235° / 255°",235.400
1790446002.149,hud,drift,,,,,"169.30%",169.300
1790446002.150,hud,turns,,,,,"✗ turns: 3/15",
1790446002.150,hud,calib_s,,,,,"✓ Buffer 6s",
1790446002.151,marker,gnss,52.37162800,-1.24080000,105.00,true,,
1790446002.151,marker,dr,52.37088210,-1.24430484,124.60,true,,
1790446002.151,marker,reconciled,0.00000000,0.00000000,0.00,false,,
1790446002.201,hud,speed,,,,,"8.0 / 4.5",8.040
1790446002.202,hud,heading,,,,,"236° / 255°",235.500
1790446002.202,hud,drift,,,,,"168.97%",168.970
1790446002.202,hud,turns,,,,,"✗ turns: 3/15",
1790446002.203,hud,calib_s,,,,,"✓ Buffer 6s",
1790446002.203,marker,gnss,52.37162800,-1.24080000,105.00,true,,
1790446002.204,marker,dr,52.37087794,-1.24431463,124.50,true,,
1790446002.204,marker,reconciled,0.00000000,0.00000000,0.00,false,,
1790446002.250,hud,speed,,,,,"8.0 / 4.5",8.010
1790446002.251,hud,heading,,,,,"235° / 255°",235.400
1790446002.251,hud,drift,,,,,"168.65%",168.650
1790446002.251,hud,turns,,,,,"✗ turns: 3/15",
1790446002.252,hud,calib_s,,,,,"✓ Buffer 6s",
1790446002.252,marker,gnss,52.37162800,-1.24080000,105.00,true,,
1790446002.252,marker,dr,52.37087391,-1.24432422,124.60,true,,
1790446002.253,marker,reconciled,0.00000000,0.00000000,0.00,false,,
1790446002.304,hud,speed,,,,,"8.0 / 4.5",7.990
1790446002.304,hud,heading,,,,,"235° / 255°",235.200
1790446002.305,hud,drift,,,,,"168.33%",168.330
1790446002.305,hud,turns,,,,,"✗ turns: 3/15",
1790446002.305,hud,calib_s,,,,,"✓ Buffer 6s",
1790446002.306,marker,gnss,52.37162800,-1.24080000,105.00,true,,
1790446002.306,marker,dr,52.37086980,-1.24433398,124.80,true,,
1790446002.307,marker,reconciled,0.00000000,0.00000000,0.00,false,,
1790446002.352,hud,speed,,,,,"7.9 / 4.5",7.900
1790446002.353,hud,heading,,,,,"235° / 255°",235.000
1790446002.353,hud,drift,,,,,"168.00%",168.000
1790446002.353,hud,turns,,,,,"✗ turns: 3/15",
1790446002.353,hud,calib_s,,,,,"✓ Buffer 6s",
1790446002.354,marker,gnss,52.37162800,-1.24080000,105.00,true,,
1790446002.355,marker,dr,52.37086577,-1.24434353,125.00,true,,
1790446002.355,marker,reconciled,0.00000000,0.00000000,0.00,false,,
1790446002.408,hud,speed,,,,,"7.9 / 4.5",7.850
1790446002.408,hud,heading,,,,,"235° / 255°",235.000
1790446002.408,hud,drift,,,,,"167.67%",167.670
1790446002.409,hud,turns,,,,,"✗ turns: 3/15",
1790446002.409,hud,calib_s,,,,,"✓ Buffer 6s",
1790446002.409,marker,gnss,52.37162800,-1.24080000,105.00,true,,
1790446002.410,marker,dr,52.37086178,-1.24435305,125.00,true,,
1790446002.410,marker,reconciled,0.00000000,0.00000000,0.00,false,,
1790446002.456,hud,speed,,,,,"7.8 / 4.5",7.800
1790446002.456,hud,heading,,,,,"235° / 255°",235.100
1790446002.457,hud,drift,,,,,"167.34%",167.340
1790446002.457,hud,turns,,,,,"✗ turns: 3/15",
1790446002.457,hud,calib_s,,,,,"✓ Buffer 6s",
1790446002.458,marker,gnss,52.37162800,-1.24080000,105.00,true,,
1790446002.458,marker,dr,52.37085784,-1.24436252,124.90,true,,
1790446002.459,marker,reconciled,0.00000000,0.00000000,0.00,false,,
1790446002.508,hud,speed,,,,,"7.7 / 4.5",7.740
1790446002.508,hud,heading,,,,,"235° / 255°",235.100
1790446002.509,hud,drift,,,,,"167.01%",167.010
1790446002.509,hud,turns,,,,,"✗ turns: 3/15",
1790446002.509,hud,calib_s,,,,,"✓ Buffer 6s",
1790446002.509,marker,gnss,52.37162800,-1.24080000,105.00,true,,
1790446002.510,marker,dr,52.37085393,-1.24437192,124.90,true,,
1790446002.510,marker,reconciled,0.00000000,0.00000000,0.00,false,,
1790446002.557,hud,speed,,,,,"7.7 / 4.5",7.670
1790446002.558,hud,heading,,,,,"235° / 255°",235.200
1790446002.558,hud,drift,,,,,"166.68%",166.680
1790446002.558,hud,turns,,,,,"✗ turns: 3/15",
1790446002.559,hud,calib_s,,,,,"✓ Buffer 6s",
1790446002.559,marker,gnss,52.37162800,-1.24080000,105.00,true,,
1790446002.559,marker,dr,52.37085004,-1.24438122,124.80,true,,
1790446002.560,marker,reconciled,0.00000000,0.00000000,0.00,false,,
1790446002.614,hud,speed,,,,,"7.6 / 4.5",7.590
1790446002.614,hud,heading,,,,,"235° / 255°",235.200
1790446002.615,hud,drift,,,,,"166.35%",166.350
1790446002.615,hud,turns,,,,,"✗ turns: 3/15",
1790446002.615,hud,calib_s,,,,,"✓ Buffer 6s",
1790446002.616,marker,gnss,52.37162800,-1.24080000,105.00,true,,
1790446002.616,marker,dr,52.37084621,-1.24439045,124.80,true,,
1790446002.617,marker,reconciled,0.00000000,0.00000000,0.00,false,,
1790446002.665,hud,speed,,,,,"7.5 / 4.5",7.510
1790446002.666,hud,heading,,,,,"235° / 255°",235.100
1790446002.666,hud,drift,,,,,"166.01%",166.010
1790446002.666,hud,turns,,,,,"✗ turns: 3/15",
1790446002.666,hud,calib_s,,,,,"✓ Buffer 6s",
1790446002.667,marker,gnss,52.37162800,-1.24080000,105.00,true,,
1790446002.667,marker,dr,52.37084243,-1.24439959,124.90,true,,
1790446002.668,marker,reconciled,0.00000000,0.00000000,0.00,false,,
1790446002.714,hud,speed,,,,,"7.4 / 4.5",7.430
1790446002.715,hud,heading,,,,,"235° / 255°",234.900
1790446002.715,hud,drift,,,,,"165.67%",165.670
1790446002.715,hud,turns,,,,,"✗ turns: 3/15",
1790446002.716,hud,calib_s,,,,,"✓ Buffer 6s",
1790446002.716,marker,gnss,52.37162800,-1.24080000,105.00,true,,
1790446002.717,marker,dr,52.37083870,-1.24440851,125.10,true,,
1790446002.717,marker,reconciled,0.00000000,0.00000000,0.00,false,,
1790446002.762,hud,speed,,,,,"7.3 / 4.5",7.340
1790446002.762,hud,heading,,,,,"235° / 255°",234.900
1790446002.763,hud,drift,,,,,"165.32%",165.320
1790446002.763,hud,turns,,,,,"✗ turns: 3/15",
1790446002.763,hud,calib_s,,,,,"✓ Buffer 6s",
1790446002.764,marker,gnss,52.37162800,-1.24080000,105.00,true,,
1790446002.764,marker,dr,52.37083495,-1.24441738,125.10,true,,
1790446002.764,marker,reconciled,0.00000000,0.00000000,0.00,false,,
1790446002.815,hud,speed,,,,,"7.3 / 4.5",7.250
1790446002.815,hud,heading,,,,,"235° / 255°",235.000
1790446002.816,hud,drift,,,,,"164.97%",164.970
1790446002.816,hud,turns,,,,,"✗ turns: 3/15",
1790446002.816,hud,calib_s,,,,,"✓ Buffer 6s",
1790446002.817,marker,gnss,52.37162800,-1.24080000,105.00,true,,
1790446002.817,marker,dr,52.37083122,-1.24442610,125.00,true,,
1790446002.817,marker,reconciled,0.00000000,0.00000000,0.00,false,,
1790446002.868,hud,speed,,,,,"7.1 / 4.5",7.140
1790446002.868,hud,heading,,,,,"235° / 255°",234.900
1790446002.869,hud,drift,,,,,"164.61%",164.610
1790446002.869,hud,turns,,,,,"✗ turns: 3/15",
1790446002.869,hud,calib_s,,,,,"✓ Buffer 6s",
1790446002.869,marker,gnss,52.37162800,-1.24080000,105.00,true,,
1790446002.870,marker,dr,52.37082749,-1.24443464,125.10,true,,
1790446002.870,marker,reconciled,0.00000000,0.00000000,0.00,false,,
1790446002.919,hud,speed,,,,,"7.0 / 4.5",7.030
1790446002.920,hud,heading,,,,,"235° / 255°",234.800
1790446002.920,hud,drift,,,,,"164.25%",164.250
1790446002.920,hud,turns,,,,,"✗ turns: 3/15",
1790446002.920,hud,calib_s,,,,,"✓ Buffer 6s",
1790446002.921,marker,gnss,52.37162800,-1.24080000,105.00,true,,
1790446002.921,marker,dr,52.37082376,-1.24444297,125.20,true,,
1790446002.922,marker,reconciled,0.00000000,0.00000000,0.00,false,,
1790446002.964,hud,speed,,,,,"6.9 / 4.5",6.910
1790446002.965,hud,heading,,,,,"235° / 255°",234.700
1790446002.965,hud,drift,,,,,"163.87%",163.870
1790446002.965,hud,turns,,,,,"✗ turns: 3/15",
1790446002.965,hud,calib_s,,,,,"✓ Buffer 6s",
1790446002.965,marker,gnss,52.37162800,-1.24080000,105.00,true,,
1790446002.966,marker,dr,52.37082000,-1.24445116,125.30,true,,
1790446002.966,marker,reconciled,0.00000000,0.00000000,0.00,false,,
1790446003.020,hud,speed,,,,,"6.8 / 4.5",6.790
1790446003.020,hud,heading,,,,,"235° / 255°",234.600
1790446003.021,hud,drift,,,,,"163.50%",163.500
1790446003.021,hud,turns,,,,,"✗ turns: 3/15",
1790446003.021,hud,calib_s,,,,,"✓ Buffer 6s",
1790446003.021,marker,gnss,52.37162800,-1.24080000,105.00,true,,
1790446003.022,marker,dr,52.37081631,-1.24445894,125.40,true,,
1790446003.022,marker,reconciled,0.00000000,0.00000000,0.00,false,,
1790446003.070,hud,speed,,,,,"6.7 / 4.5",6.700
1790446003.070,hud,heading,,,,,"234° / 255°",234.300
1790446003.071,hud,drift,,,,,"163.11%",163.110
1790446003.071,hud,turns,,,,,"✗ turns: 3/15",
1790446003.071,hud,calib_s,,,,,"✓ Buffer 6s",
1790446003.072,marker,gnss,52.37162800,-1.24080000,105.00,true,,
1790446003.072,marker,dr,52.37081248,-1.24446664,125.70,true,,
1790446003.073,marker,reconciled,0.00000000,0.00000000,0.00,false,,
1790446003.122,hud,speed,,,,,"6.6 / 4.5",6.600
1790446003.123,hud,heading,,,,,"234° / 255°",234.200
1790446003.123,hud,drift,,,,,"162.71%",162.710
1790446003.123,hud,turns,,,,,"✗ turns: 3/15",
1790446003.123,hud,calib_s,,,,,"✓ Buffer 6s",
1790446003.124,marker,gnss,52.37162800,-1.24080000,105.00,true,,
1790446003.124,marker,dr,52.37080867,-1.24447401,125.80,true,,
1790446003.125,marker,reconciled,0.00000000,0.00000000,0.00,false,,
1790446003.171,hud,speed,,,,,"6.5 / 4.5",6.480
1790446003.171,hud,heading,,,,,"234° / 255°",234.100
1790446003.171,hud,drift,,,,,"162.31%",162.310
1790446003.171,hud,turns,,,,,"✗ turns: 3/15",
1790446003.172,hud,calib_s,,,,,"✓ Buffer 6s",
1790446003.172,marker,gnss,52.37162800,-1.24080000,105.00,true,,
1790446003.172,marker,dr,52.37080490,-1.24448105,125.90,true,,
1790446003.173,marker,reconciled,0.00000000,0.00000000,0.00,false,,
1790446003.222,hud,speed,,,,,"6.4 / 4.5",6.390
1790446003.222,hud,heading,,,,,"234° / 255°",234.100
1790446003.223,hud,drift,,,,,"161.90%",161.900
1790446003.223,hud,turns,,,,,"✗ turns: 3/15",
1790446003.223,hud,calib_s,,,,,"✓ Buffer 6s",
1790446003.223,marker,gnss,52.37162800,-1.24080000,105.00,true,,
1790446003.224,marker,dr,52.37080101,-1.24448799,125.90,true,,
1790446003.224,marker,reconciled,0.00000000,0.00000000,0.00,false,,
1790446003.276,hud,speed,,,,,"6.2 / 4.5",6.240
1790446003.276,hud,heading,,,,,"234° / 255°",234.100
1790446003.276,hud,drift,,,,,"161.48%",161.480
1790446003.277,hud,turns,,,,,"✗ turns: 3/15",
1790446003.277,hud,calib_s,,,,,"✓ Buffer 6s",
1790446003.277,marker,gnss,52.37162800,-1.24080000,105.00,true,,
1790446003.278,marker,dr,52.37079715,-1.24449457,125.90,true,,
1790446003.279,marker,reconciled,0.00000000,0.00000000,0.00,false,,
1790446003.323,hud,speed,,,,,"6.1 / 4.5",6.110
1790446003.324,hud,heading,,,,,"234° / 255°",234.300
1790446003.324,hud,drift,,,,,"161.06%",161.060
1790446003.324,hud,turns,,,,,"✗ turns: 3/15",
1790446003.324,hud,calib_s,,,,,"✓ Buffer 6s",
1790446003.325,marker,gnss,52.37162800,-1.24080000,105.00,true,,
1790446003.325,marker,dr,52.37079330,-1.24450083,125.70,true,,
1790446003.325,marker,reconciled,0.00000000,0.00000000,0.00,false,,
1790446003.377,hud,speed,,,,,"6.0 / 4.5",6.040
1790446003.377,hud,heading,,,,,"234° / 255°",234.400
1790446003.378,hud,drift,,,,,"160.62%",160.620
1790446003.378,hud,turns,,,,,"✗ turns: 3/15",
1790446003.379,hud,calib_s,,,,,"✓ Buffer 6s",
1790446003.379,marker,gnss,52.37162800,-1.24080000,105.00,true,,
1790446003.380,marker,dr,52.37078933,-1.24450701,125.60,true,,
1790446003.380,marker,reconciled,0.00000000,0.00000000,0.00,false,,
1790446003.434,hud,speed,,,,,"6.0 / 4.5",5.990
1790446003.434,hud,heading,,,,,"234° / 255°",234.300
1790446003.435,hud,drift,,,,,"160.19%",160.190
1790446003.435,hud,turns,,,,,"✗ turns: 3/15",
1790446003.435,hud,calib_s,,,,,"✓ Buffer 6s",
1790446003.436,marker,gnss,52.37162800,-1.24080000,105.00,true,,
1790446003.436,marker,dr,52.37078537,-1.24451299,125.70,true,,
1790446003.436,marker,reconciled,0.00000000,0.00000000,0.00,false,,
1790446003.479,hud,speed,,,,,"6.0 / 4.5",5.960
1790446003.480,hud,heading,,,,,"234° / 255°",234.300
1790446003.480,hud,drift,,,,,"159.75%",159.750
1790446003.480,hud,turns,,,,,"✗ turns: 3/15",
1790446003.480,hud,calib_s,,,,,"✓ Buffer 6s",
1790446003.481,marker,gnss,52.37162800,-1.24080000,105.00,true,,
1790446003.481,marker,dr,52.37078139,-1.24451889,125.70,true,,
1790446003.482,marker,reconciled,0.00000000,0.00000000,0.00,false,,
1790446003.527,hud,speed,,,,,"6.0 / 4.5",6.000
1790446003.528,hud,heading,,,,,"234° / 255°",234.200
1790446003.528,hud,drift,,,,,"159.32%",159.320
1790446003.528,hud,turns,,,,,"✗ turns: 3/15",
1790446003.529,hud,calib_s,,,,,"✓ Buffer 6s",
1790446003.529,marker,gnss,52.37162800,-1.24080000,105.00,true,,
1790446003.529,marker,dr,52.37077737,-1.24452475,125.80,true,,
1790446003.530,marker,reconciled,0.00000000,0.00000000,0.00,false,,
1790446003.583,hud,speed,,,,,"6.0 / 4.5",6.020
1790446003.583,hud,heading,,,,,"234° / 255°",234.100
1790446003.584,hud,drift,,,,,"158.90%",158.900
1790446003.584,hud,turns,,,,,"✗ turns: 3/15",
1790446003.584,hud,calib_s,,,,,"✓ Buffer 6s",
1790446003.585,marker,gnss,52.37162800,-1.24080000,105.00,true,,
1790446003.585,marker,dr,52.37077333,-1.24453048,125.90,true,,
1790446003.585,marker,reconciled,0.00000000,0.00000000,0.00,false,,
1790446003.630,hud,speed,,,,,"6.0 / 4.5",6.010
1790446003.630,hud,heading,,,,,"234° / 255°",234.300
1790446003.630,hud,drift,,,,,"158.47%",158.470
1790446003.631,hud,turns,,,,,"✗ turns: 3/15",
1790446003.631,hud,calib_s,,,,,"✓ Buffer 6s",
1790446003.631,marker,gnss,52.37162800,-1.24080000,105.00,true,,
1790446003.632,marker,dr,52.37076919,-1.24453623,125.70,true,,
1790446003.632,marker,reconciled,0.00000000,0.00000000,0.00,false,,
1790446003.680,hud,speed,,,,,"6.1 / 4.5",6.050
1790446003.681,hud,heading,,,,,"234° / 255°",234.400
1790446003.681,hud,drift,,,,,"158.05%",158.050
1790446003.681,hud,turns,,,,,"✗ turns: 3/15",
1790446003.681,hud,calib_s,,,,,"✓ Buffer 6s",
1790446003.681,marker,gnss,52.37162800,-1.24080000,105.00,true,,
1790446003.682,marker,dr,52.37076498,-1.24454198,125.60,true,,
1790446003.683,marker,reconciled,0.00000000,0.00000000,0.00,false,,
1790446003.732,hud,speed,,,,,"6.1 / 4.5",6.110
1790446003.733,hud,heading,,,,,"234° / 255°",234.400
1790446003.733,hud,drift,,,,,"157.63%",157.630
1790446003.733,hud,turns,,,,,"✗ turns: 3/15",
1790446003.734,hud,calib_s,,,,,"✓ Buffer 6s",
1790446003.734,marker,gnss,52.37162800,-1.24080000,105.00,true,,
1790446003.735,marker,dr,52.37076077,-1.24454786,125.60,true,,
1790446003.735,marker,reconciled,0.00000000,0.00000000,0.00,false,,
1790446003.780,hud,speed,,,,,"6.2 / 4.5",6.200
1790446003.781,hud,heading,,,,,"234° / 255°",234.300
1790446003.781,hud,drift,,,,,"157.22%",157.220
1790446003.781,hud,turns,,,,,"✗ turns: 3/15",
1790446003.782,hud,calib_s,,,,,"✓ Buffer 6s",
1790446003.782,marker,gnss,52.37162800,-1.24080000,105.00,true,,
1790446003.783,marker,dr,52.37075650,-1.24455391,125.70,true,,
1790446003.783,marker,reconciled,0.00000000,0.00000000,0.00,false,,
1790446003.834,hud,speed,,,,,"6.3 / 4.5",6.270
1790446003.834,hud,heading,,,,,"234° / 255°",234.100
1790446003.835,hud,drift,,,,,"156.82%",156.820
1790446003.835,hud,turns,,,,,"✗ turns: 3/15",
1790446003.835,hud,calib_s,,,,,"✓ Buffer 6s",
1790446003.835,marker,gnss,52.37162800,-1.24080000,105.00,true,,
1790446003.836,marker,dr,52.37075227,-1.24456000,125.90,true,,
1790446003.836,marker,reconciled,0.00000000,0.00000000,0.00,false,,
1790446003.882,hud,speed,,,,,"6.4 / 4.5",6.350
1790446003.883,hud,heading,,,,,"234° / 255°",234.200
1790446003.883,hud,drift,,,,,"156.43%",156.430
1790446003.883,hud,turns,,,,,"✗ turns: 3/15",
1790446003.884,hud,calib_s,,,,,"✓ Buffer 6s",
1790446003.884,marker,gnss,52.37162800,-1.24080000,105.00,true,,
1790446003.885,marker,dr,52.37074802,-1.24456626,125.80,true,,
1790446003.885,marker,reconciled,0.00000000,0.00000000,0.00,false,,
1790446003.938,hud,speed,,,,,"6.4 / 4.5",6.380
1790446003.939,hud,heading,,,,,"234° / 255°",234.300
1790446003.939,hud,drift,,,,,"156.05%",156.050
1790446003.939,hud,turns,,,,,"✗ turns: 3/15",
1790446003.940,hud,calib_s,,,,,"✓ Buffer 6s",
1790446003.940,marker,gnss,52.37162800,-1.24080000,105.00,true,,
1790446003.940,marker,dr,52.37074379,-1.24457264,125.70,true,,
1790446003.941,marker,reconciled,0.00000000,0.00000000,0.00,false,,
1790446003.985,hud,speed,,,,,"6.4 / 4.5",6.400
1790446003.985,hud,heading,,,,,"234° / 255°",234.300
1790446003.985,hud,drift,,,,,"155.68%",155.680
1790446003.985,hud,turns,,,,,"✗ turns: 3/15",
1790446003.986,hud,calib_s,,,,,"✓ Buffer 6s",
1790446003.986,marker,gnss,52.37162800,-1.24080000,105.00,true,,
1790446003.987,marker,dr,52.37073963,-1.24457918,125.70,true,,
1790446003.987,marker,reconciled,0.00000000,0.00000000,0.00,false,,
1790446004.039,hud,speed,,,,,"6.5 / 4.5",6.470
1790446004.040,hud,heading,,,,,"234° / 255°",234.100
1790446004.040,hud,drift,,,,,"155.31%",155.310
1790446004.040,hud,turns,,,,,"✗ turns: 3/15",
1790446004.040,hud,calib_s,,,,,"✓ Buffer 6s",
1790446004.041,marker,gnss,52.37162800,-1.24080000,105.00,true,,
1790446004.041,marker,dr,52.37073556,-1.24458595,125.90,true,,
1790446004.041,marker,reconciled,0.00000000,0.00000000,0.00,false,,
1790446004.093,hud,speed,,,,,"6.5 / 4.5",6.500
1790446004.093,hud,heading,,,,,"234° / 255°",234.000
1790446004.093,hud,drift,,,,,"154.96%",154.960
1790446004.094,hud,turns,,,,,"✗ turns: 3/15",
1790446004.094,hud,calib_s,,,,,"✓ Buffer 6s",
1790446004.095,marker,gnss,52.37162800,-1.24080000,105.00,true,,
1790446004.095,marker,dr,52.37073159,-1.24459279,126.00,true,,
1790446004.096,marker,reconciled,0.00000000,0.00000000,0.00,false,,
1790446004.137,hud,speed,,,,,"6.6 / 4.5",6.550
1790446004.137,hud,heading,,,,,"234° / 255°",233.900
1790446004.138,hud,drift,,,,,"154.61%",154.610
1790446004.138,hud,turns,,,,,"✗ turns: 3/15",
1790446004.138,hud,calib_s,,,,,"✓ Buffer 6s",
1790446004.139,marker,gnss,52.37162800,-1.24080000,105.00,true,,
1790446004.139,marker,dr,52.37072763,-1.24459987,126.10,true,,
1790446004.139,marker,reconciled,0.00000000,0.00000000,0.00,false,,
1790446004.193,hud,speed,,,,,"6.6 / 5.5",6.570
1790446004.193,hud,heading,,,,,"234° / 49°",233.800
1790446004.193,hud,drift,,,,,"151.25%",151.250
1790446004.194,hud,turns,,,,,"✗ turns: 3/15",
1790446004.194,hud,calib_s,,,,,"✓ Buffer 6s",
1790446004.194,marker,gnss,52.37153000,-1.24140500,310.80,true,,
1790446004.195,marker,dr,52.37072374,-1.24460710,126.20,true,,
1790446004.195,marker,reconciled,0.00000000,0.00000000,0.00,false,,
1790446004.242,hud,speed,,,,,"6.6 / 5.5",6.580
1790446004.242,hud,heading,,,,,"234° / 49°",233.600
1790446004.242,hud,drift,,,,,"151.45%",151.450
1790446004.242,hud,turns,,,,,"✗ turns: 3/15",
1790446004.243,hud,calib_s,,,,,"✓ Buffer 6s",
1790446004.243,marker,gnss,52.37153000,-1.24140500,310.80,true,,
1790446004.244,marker,dr,52.37071990,-1.24461454,126.40,true,,
1790446004.244,marker,reconciled,0.00000000,0.00000000,0.00,false,,
1790446004.289,hud,speed,,,,,"6.6 / 5.5",6.630
1790446004.290,hud,heading,,,,,"234° / 49°",233.500
1790446004.290,hud,drift,,,,,"151.66%",151.660
1790446004.290,hud,turns,,,,,"✗ turns: 3/15",
1790446004.291,hud,calib_s,,,,,"✓ Buffer 6s",
1790446004.291,marker,gnss,52.37153000,-1.24140500,310.80,true,,
1790446004.291,marker,dr,52.37071610,-1.24462199,126.50,true,,
1790446004.292,marker,reconciled,0.00000000,0.00000000,0.00,false,,
1790446004.344,hud,speed,,,,,"6.6 / 5.5",6.640
1790446004.344,hud,heading,,,,,"233° / 49°",233.400
1790446004.344,hud,drift,,,,,"151.87%",151.870
1790446004.345,hud,turns,,,,,"✗ turns: 3/15",
1790446004.345,hud,calib_s,,,,,"✓ Buffer 6s",
1790446004.345,marker,gnss,52.37153000,-1.24140500,310.80,true,,
1790446004.346,marker,dr,52.37071236,-1.24462955,126.60,true,,
1790446004.346,marker,reconciled,0.00000000,0.00000000,0.00,false,,
1790446004.394,hud,speed,,,,,"6.6 / 5.5",6.640
1790446004.395,hud,heading,,,,,"233° / 49°",233.400
1790446004.395,hud,drift,,,,,"152.07%",152.070
1790446004.395,hud,turns,,,,,"✗ turns: 3/15",
1790446004.396,hud,calib_s,,,,,"✓ Buffer 6s",
1790446004.396,marker,gnss,52.37153000,-1.24140500,310.80,true,,
1790446004.396,marker,dr,52.37070875,-1.24463717,126.60,true,,
1790446004.397,marker,reconciled,0.00000000,0.00000000,0.00,false,,
1790446004.449,hud,speed,,,,,"6.6 / 5.5",6.590
1790446004.449,hud,heading,,,,,"234° / 49°",233.600
1790446004.449,hud,drift,,,,,"152.28%",152.280
1790446004.449,hud,turns,,,,,"✗ turns: 3/15",
1790446004.450,hud,calib_s,,,,,"✓ Buffer 6s",
1790446004.450,marker,gnss,52.37153000,-1.24140500,310.80,true,,
1790446004.451,marker,dr,52.37070516,-1.24464498,126.40,true,,
1790446004.451,marker,reconciled,0.00000000,0.00000000,0.00,false,,
1790446004.495,hud,speed,,,,,"6.6 / 5.5",6.560
1790446004.496,hud,heading,,,,,"234° / 49°",233.600
1790446004.496,hud,drift,,,,,"152.48%",152.480
1790446004.496,hud,turns,,,,,"✗ turns: 3/15",
1790446004.496,hud,calib_s,,,,,"✓ Buffer 6s",
1790446004.497,marker,gnss,52.37153000,-1.24140500,310.80,true,,
1790446004.497,marker,dr,52.37070174,-1.24465271,126.40,true,,
1790446004.498,marker,reconciled,0.00000000,0.00000000,0.00,false,,
1790446004.547,hud,speed,,,,,"6.6 / 5.5",6.550
1790446004.547,hud,heading,,,,,"234° / 49°",233.600
1790446004.548,hud,drift,,,,,"152.69%",152.690
1790446004.548,hud,turns,,,,,"✗ turns: 3/15",
1790446004.548,hud,calib_s,,,,,"✓ Buffer 6s",
1790446004.548,marker,gnss,52.37153000,-1.24140500,310.80,true,,
1790446004.549,marker,dr,52.37069838,-1.24466062,126.40,true,,
1790446004.549,marker,reconciled,0.00000000,0.00000000,0.00,false,,
1790446004.598,hud,speed,,,,,"6.6 / 5.5",6.550
1790446004.598,hud,heading,,,,,"234° / 49°",233.500
1790446004.599,hud,drift,,,,,"152.90%",152.900
1790446004.599,hud,turns,,,,,"✗ turns: 3/15",
1790446004.599,hud,calib_s,,,,,"✓ Buffer 6s",
1790446004.599,marker,gnss,52.37153000,-1.24140500,310.80,true,,
1790446004.600,marker,dr,52.37069508,-1.24466871,126.50,true,,
1790446004.600,marker,reconciled,0.00000000,0.00000000,0.00,false,,
1790446004.648,hud,speed,,,,,"6.6 / 5.5",6.620
1790446004.648,hud,heading,,,,,"233° / 49°",233.300
1790446004.649,hud,drift,,,,,"153.11%",153.110
1790446004.649,hud,turns,,,,,"✗ turns: 3/15",
1790446004.649,hud,calib_s,,,,,"✓ Buffer 6s",
1790446004.649,marker,gnss,52.37153000,-1.24140500,310.80,true,,
1790446004.650,marker,dr,52.37069183,-1.24467688,126.70,true,,
1790446004.650,marker,reconciled,0.00000000,0.00000000,0.00,false,,
1790446004.702,hud,speed,,,,,"6.7 / 5.5",6.680
1790446004.703,hud,heading,,,,,"233° / 49°",233.300
1790446004.703,hud,drift,,,,,"153.32%",153.320
1790446004.703,hud,turns,,,,,"✗ turns: 3/15",
1790446004.703,hud,calib_s,,,,,"✓ Buffer 6s",
1790446004.704,marker,gnss,52.37153000,-1.24140500,310.80,true,,
1790446004.704,marker,dr,52.37068859,-1.24468518,126.70,true,,
1790446004.705,marker,reconciled,0.00000000,0.00000000,0.00,false,,
1790446004.749,hud,speed,,,,,"6.8 / 5.5",6.800
1790446004.750,hud,heading,,,,,"234° / 49°",233.500
1790446004.750,hud,drift,,,,,"153.54%",153.540
1790446004.750,hud,turns,,,,,"✗ turns: 3/15",
1790446004.751,hud,calib_s,,,,,"✓ Buffer 6s",
1790446004.751,marker,gnss,52.37153000,-1.24140500,310.80,true,,
1790446004.751,marker,dr,52.37068533,-1.24469351,126.50,true,,
1790446004.752,marker,reconciled,0.00000000,0.00000000,0.00,false,,
1790446004.799,hud,speed,,,,,"6.9 / 5.5",6.870
1790446004.800,hud,heading,,,,,"234° / 49°",233.700
1790446004.800,hud,drift,,,,,"153.76%",153.760
1790446004.800,hud,turns,,,,,"✗ turns: 3/15",
1790446004.800,hud,calib_s,,,,,"✓ Buffer 6s",
1790446004.801,marker,gnss,52.37153000,-1.24140500,310.80,true,,
1790446004.801,marker,dr,52.37068202,-1.24470203,126.30,true,,
1790446004.802,marker,reconciled,0.00000000,0.00000000,0.00,false,,
1790446004.853,hud,speed,,,,,"6.9 / 5.5",6.920
1790446004.854,hud,heading,,,,,"234° / 49°",233.800
1790446004.854,hud,drift,,,,,"153.98%",153.980
1790446004.854,hud,turns,,,,,"✗ turns: 3/15",
1790446004.855,hud,calib_s,,,,,"✓ Buffer 6s",
1790446004.855,marker,gnss,52.37153000,-1.24140500,310.80,true,,
1790446004.856,marker,dr,52.37067875,-1.24471065,126.20,true,,
1790446004.856,marker,reconciled,0.00000000,0.00000000,0.00,false,,
1790446004.904,hud,speed,,,,,"6.9 / 5.5",6.900
1790446004.904,hud,heading,,,,,"233° / 49°",233.400
1790446004.904,hud,drift,,,,,"154.21%",154.210
1790446004.904,hud,turns,,,,,"✗ turns: 3/15",
1790446004.905,hud,calib_s,,,,,"✓ Buffer 6s",
1790446004.905,marker,gnss,52.37153000,-1.24140500,310.80,true,,
1790446004.905,marker,dr,52.37067554,-1.24471947,126.60,true,,
1790446004.906,marker,reconciled,0.00000000,0.00000000,0.00,false,,
1790446004.953,hud,speed,,,,,"7.0 / 5.5",6.980
1790446004.953,hud,heading,,,,,"233° / 49°",233.200
1790446004.953,hud,drift,,,,,"154.43%",154.430
1790446004.953,hud,turns,,,,,"✗ turns: 3/15",
1790446004.953,hud,calib_s,,,,,"✓ Buffer 6s",
1790446004.954,marker,gnss,52.37153000,-1.24140500,310.80,true,,
1790446004.954,marker,dr,52.37067236,-1.24472835,126.80,true,,
1790446004.954,marker,reconciled,0.00000000,0.00000000,0.00,false,,
1790446005.007,hud,speed,,,,,"7.1 / 5.5",7.110
1790446005.007,hud,heading,,,,,"233° / 49°",233.200
1790446005.008,hud,drift,,,,,"154.67%",154.670
1790446005.008,hud,turns,,,,,"✗ turns: 3/15",
1790446005.008,hud,calib_s,,,,,"✓ Buffer 6s",
1790446005.009,marker,gnss,52.37153000,-1.24140500,310.80,true,,
1790446005.009,marker,dr,52.37066908,-1.24473764,126.80,true,,
1790446005.009,marker,reconciled,0.00000000,0.00000000,0.00,false,,
1790446005.057,hud,speed,,,,,"7.3 / 5.5",7.260
1790446005.057,hud,heading,,,,,"233° / 49°",233.400
1790446005.057,hud,drift,,,,,"154.91%",154.910
1790446005.058,hud,turns,,,,,"✗ turns: 3/15",
1790446005.058,hud,calib_s,,,,,"✓ Buffer 6s",
1790446005.058,marker,gnss,52.37153000,-1.24140500,310.80,true,,
1790446005.059,marker,dr,52.37066583,-1.24474666,126.60,true,,
1790446005.059,marker,reconciled,0.00000000,0.00000000,0.00,false,,
1790446005.106,hud,speed,,,,,"7.4 / 5.5",7.360
1790446005.106,hud,heading,,,,,"234° / 49°",233.600
1790446005.107,hud,drift,,,,,"155.16%",155.160
1790446005.107,hud,turns,,,,,"✗ turns: 3/15",
1790446005.107,hud,calib_s,,,,,"✓ Buffer 6s",
1790446005.108,marker,gnss,52.37153000,-1.24140500,310.80,true,,
1790446005.108,marker,dr,52.37066249,-1.24475600,126.40,true,,
1790446005.108,marker,reconciled,0.00000000,0.00000000,0.00,false,,
1790446005.160,hud,speed,,,,,"7.4 / 5.5",7.410
1790446005.160,hud,heading,,,,,"234° / 49°",233.700
1790446005.160,hud,drift,,,,,"155.40%",155.400
1790446005.161,hud,turns,,,,,"✗ turns: 3/15",
1790446005.161,hud,calib_s,,,,,"✓ Buffer 6s",
1790446005.161,marker,gnss,52.37153000,-1.24140500,310.80,true,,
1790446005.162,marker,dr,52.37065916,-1.24476542,126.30,true,,
1790446005.162,marker,reconciled,0.00000000,0.00000000,0.00,false,,
1790446005.210,hud,speed,,,,,"7.5 / 5.5",7.460
1790446005.210,hud,heading,,,,,"234° / 49°",233.700
1790446005.210,hud,drift,,,,,"155.65%",155.650
1790446005.211,hud,turns,,,,,"✗ turns: 3/15",
1790446005.211,hud,calib_s,,,,,"✓ Buffer 6s",
1790446005.211,marker,gnss,52.37153000,-1.24140500,310.80,true,,
1790446005.212,marker,dr,52.37065582,-1.24477490,126.30,true,,
1790446005.212,marker,reconciled,0.00000000,0.00000000,0.00,false,,
1790446005.261,hud,speed,,,,,"7.6 / 5.5",7.550
1790446005.262,hud,heading,,,,,"233° / 49°",233.400
1790446005.262,hud,drift,,,,,"155.90%",155.900
1790446005.263,hud,turns,,,,,"✗ turns: 3/15",
1790446005.263,hud,calib_s,,,,,"✓ Buffer 6s",
1790446005.263,marker,gnss,52.37153000,-1.24140500,310.80,true,,
1790446005.264,marker,dr,52.37065239,-1.24478449,126.60,true,,
1790446005.264,marker,reconciled,0.00000000,0.00000000,0.00,false,,
1790446005.309,hud,speed,,,,,"7.6 / 5.5",7.640
1790446005.309,hud,heading,,,,,"233° / 49°",233.000
1790446005.309,hud,drift,,,,,"156.16%",156.160
1790446005.310,hud,turns,,,,,"✗ turns: 3/15",
1790446005.310,hud,calib_s,,,,,"✓ Buffer 6s",
1790446005.310,marker,gnss,52.37153000,-1.24140500,310.80,true,,
1790446005.311,marker,dr,52.37064903,-1.24479420,127.00,true,,
1790446005.311,marker,reconciled,0.00000000,0.00000000,0.00,false,,
1790446005.363,hud,speed,,,,,"7.7 / 5.5",7.730
1790446005.363,hud,heading,,,,,"233° / 49°",232.700
1790446005.364,hud,drift,,,,,"156.42%",156.420
1790446005.364,hud,turns,,,,,"✗ turns: 3/15",
1790446005.364,hud,calib_s,,,,,"✓ Buffer 6s",
1790446005.364,marker,gnss,52.37153000,-1.24140500,310.80,true,,
1790446005.365,marker,dr,52.37064565,-1.24480424,127.30,true,,
1790446005.365,marker,reconciled,0.00000000,0.00000000,0.00,false,,
1790446005.413,hud,speed,,,,,"7.8 / 5.5",7.840
1790446005.413,hud,heading,,,,,"233° / 49°",232.600
1790446005.414,hud,drift,,,,,"156.70%",156.700
1790446005.414,hud,turns,,,,,"✗ turns: 3/15",
1790446005.414,hud,calib_s,,,,,"✓ Buffer 6s",
1790446005.415,marker,gnss,52.37153000,-1.24140500,310.80,true,,
1790446005.415,marker,dr,52.37064223,-1.24481453,127.40,true,,
1790446005.416,marker,reconciled,0.00000000,0.00000000,0.00,false,,
1790446005.467,hud,speed,,,,,"8.0 / 5.5",7.970
1790446005.467,hud,heading,,,,,"233° / 49°",232.600
1790446005.467,hud,drift,,,,,"156.98%",156.980
1790446005.467,hud,turns,,,,,"✗ turns: 3/15",
1790446005.468,hud,calib_s,,,,,"✓ Buffer 6s",
1790446005.468,marker,gnss,52.37153000,-1.24140500,310.80,true,,
1790446005.468,marker,dr,52.37063871,-1.24482494,127.40,true,,
1790446005.469,marker,reconciled,0.00000000,0.00000000,0.00,false,,
1790446005.513,hud,speed,,,,,"8.1 / 5.5",8.100
1790446005.513,hud,heading,,,,,"233° / 49°",232.700
1790446005.514,hud,drift,,,,,"157.26%",157.260
1790446005.514,hud,turns,,,,,"✗ turns: 3/15",
1790446005.514,hud,calib_s,,,,,"✓ Buffer 6s",
1790446005.515,marker,gnss,52.37153000,-1.24140500,310.80,true,,
1790446005.515,marker,dr,52.37063518,-1.24483549,127.30,true,,
1790446005.515,marker,reconciled,0.00000000,0.00000000,0.00,false,,
1790446005.567,hud,speed,,,,,"8.2 / 5.5",8.170
1790446005.567,hud,heading,,,,,"233° / 49°",232.500
1790446005.568,hud,drift,,,,,"157.55%",157.550
1790446005.568,hud,turns,,,,,"✗ turns: 3/15",
1790446005.568,hud,calib_s,,,,,"✓ Buffer 6s",
1790446005.569,marker,gnss,52.37153000,-1.24140500,310.80,true,,
1790446005.569,marker,dr,52.37063153,-1.24484619,127.50,true,,
1790446005.570,marker,reconciled,0.00000000,0.00000000,0.00,false,,
1790446005.613,hud,speed,,,,,"8.2 / 5.5",8.200
1790446005.613,hud,heading,,,,,"232° / 49°",232.400
1790446005.613,hud,drift,,,,,"157.83%",157.830
1790446005.614,hud,turns,,,,,"✗ turns: 3/15",
1790446005.614,hud,calib_s,,,,,"✓ Buffer 6s",
1790446005.614,marker,gnss,52.37153000,-1.24140500,310.80,true,,
1790446005.615,marker,dr,52.37062794,-1.24485688,127.60,true,,
1790446005.615,marker,reconciled,0.00000000,0.00000000,0.00,false,,
1790446005.663,hud,speed,,,,,"8.3 / 5.5",8.300
1790446005.664,hud,heading,,,,,"232° / 49°",232.100
1790446005.664,hud,drift,,,,,"158.12%",158.120
1790446005.664,hud,turns,,,,,"✗ turns: 3/15",
1790446005.665,hud,calib_s,,,,,"✓ Buffer 6s",
1790446005.665,marker,gnss,52.37153000,-1.24140500,310.80,true,,
1790446005.666,marker,dr,52.37062437,-1.24486775,127.90,true,,
1790446005.666,marker,reconciled,0.00000000,0.00000000,0.00,false,,
1790446005.719,hud,speed,,,,,"8.4 / 5.5",8.350
1790446005.719,hud,heading,,,,,"232° / 49°",232.000
1790446005.720,hud,drift,,,,,"158.41%",158.410
1790446005.720,hud,turns,,,,,"✗ turns: 3/15",
1790446005.720,hud,calib_s,,,,,"✓ Buffer 6s",
1790446005.721,marker,gnss,52.37153000,-1.24140500,310.80,true,,
1790446005.721,marker,dr,52.37062090,-1.24487873,128.00,true,,
1790446005.722,marker,reconciled,0.00000000,0.00000000,0.00,false,,
1790446005.765,hud,speed,,,,,"8.4 / 5.5",8.410
1790446005.766,hud,heading,,,,,"232° / 49°",232.000
1790446005.766,hud,drift,,,,,"158.72%",158.720
1790446005.767,hud,turns,,,,,"✗ turns: 3/15",
1790446005.767,hud,calib_s,,,,,"✓ Buffer 6s",
1790446005.767,marker,gnss,52.37153000,-1.24140500,310.80,true,,
1790446005.768,marker,dr,52.37061736,-1.24489012,128.00,true,,
1790446005.768,marker,reconciled,0.00000000,0.00000000,0.00,false,,
1790446005.819,hud,speed,,,,,"8.5 / 5.5",8.460
1790446005.819,hud,heading,,,,,"232° / 49°",232.000
1790446005.820,hud,drift,,,,,"159.01%",159.010
1790446005.820,hud,turns,,,,,"✗ turns: 3/15",
1790446005.820,hud,calib_s,,,,,"✓ Buffer 6s",
1790446005.821,marker,gnss,52.37153000,-1.24140500,310.80,true,,
1790446005.821,marker,dr,52.37061391,-1.24490136,128.00,true,,
1790446005.822,marker,reconciled,0.00000000,0.00000000,0.00,false,,
1790446005.871,hud,speed,,,,,"8.5 / 5.5",8.540
1790446005.872,hud,heading,,,,,"232° / 49°",232.000
1790446005.872,hud,drift,,,,,"159.32%",159.320
1790446005.872,hud,turns,,,,,"✗ turns: 3/15",
1790446005.873,hud,calib_s,,,,,"✓ Buffer 6s",
1790446005.873,marker,gnss,52.37153000,-1.24140500,310.80,true,,
1790446005.874,marker,dr,52.37061041,-1.24491291,128.00,true,,
1790446005.874,marker,reconciled,0.00000000,0.00000000,0.00,false,,
1790446005.922,hud,speed,,,,,"8.6 / 5.5",8.610
1790446005.922,hud,heading,,,,,"232° / 49°",231.700
1790446005.923,hud,drift,,,,,"159.62%",159.620
1790446005.923,hud,turns,,,,,"✗ turns: 3/15",
1790446005.923,hud,calib_s,,,,,"✓ Buffer 6s",
1790446005.924,marker,gnss,52.37153000,-1.24140500,310.80,true,,
1790446005.924,marker,dr,52.37060692,-1.24492434,128.30,true,,
1790446005.925,marker,reconciled,0.00000000,0.00000000,0.00,false,,
1790446005.976,hud,speed,,,,,"8.5 / 5.5",8.530
1790446005.976,hud,heading,,,,,"232° / 49°",231.600
1790446005.976,hud,drift,,,,,"159.92%",159.920
1790446005.977,hud,turns,,,,,"✗ turns: 3/15",
1790446005.977,hud,calib_s,,,,,"✓ Buffer 6s",
1790446005.977,marker,gnss,52.37153000,-1.24140500,310.80,true,,
1790446005.978,marker,dr,52.37060359,-1.24493602,128.40,true,,
1790446005.978,marker,reconciled,0.00000000,0.00000000,0.00,false,,
1790446006.023,hud,speed,,,,,"8.6 / 5.5",8.550
1790446006.024,hud,heading,,,,,"231° / 49°",231.400
1790446006.024,hud,drift,,,,,"160.22%",160.220
1790446006.024,hud,turns,,,,,"✗ turns: 3/15",
1790446006.024,hud,calib_s,,,,,"✓ Buffer 6s",
1790446006.025,marker,gnss,52.37153000,-1.24140500,310.80,true,,
1790446006.025,marker,dr,52.37060030,-1.24494770,128.60,true,,
1790446006.025,marker,reconciled,0.00000000,0.00000000,0.00,false,,
1790446006.075,hud,speed,,,,,"8.5 / 5.5",8.500
1790446006.075,hud,heading,,,,,"231° / 49°",231.400
1790446006.075,hud,drift,,,,,"160.52%",160.520
1790446006.075,hud,turns,,,,,"✗ turns: 3/15",
1790446006.076,hud,calib_s,,,,,"✓ Buffer 6s",
1790446006.076,marker,gnss,52.37153000,-1.24140500,310.80,true,,
1790446006.076,marker,dr,52.37059713,-1.24495953,128.60,true,,
1790446006.077,marker,reconciled,0.00000000,0.00000000,0.00,false,,
1790446006.127,hud,speed,,,,,"8.6 / 5.5",8.600
1790446006.127,hud,heading,,,,,"232° / 49°",231.600
1790446006.127,hud,drift,,,,,"160.81%",160.810
1790446006.128,hud,turns,,,,,"✗ turns: 3/15",
1790446006.128,hud,calib_s,,,,,"✓ Buffer 6s",
1790446006.128,marker,gnss,52.37153000,-1.24140500,310.80,true,,
1790446006.129,marker,dr,52.37059400,-1.24497131,128.40,true,,
1790446006.129,marker,reconciled,0.00000000,0.00000000,0.00,false,,
1790446006.178,hud,speed,,,,,"8.6 / 5.5",8.570
1790446006.179,hud,heading,,,,,"232° / 49°",231.700
1790446006.179,hud,drift,,,,,"161.10%",161.100
1790446006.179,hud,turns,,,,,"✗ turns: 3/15",
1790446006.179,hud,calib_s,,,,,"✓ Buffer 6s",
1790446006.180,marker,gnss,52.37153000,-1.24140500,310.80,true,,
1790446006.180,marker,dr,52.37059098,-1.24498303,128.30,true,,
1790446006.180,marker,reconciled,0.00000000,0.00000000,0.00,false,,
1790446006.230,hud,speed,,,,,"8.5 / 5.5",8.510
1790446006.231,hud,heading,,,,,"232° / 49°",231.900
1790446006.231,hud,drift,,,,,"161.38%",161.380
1790446006.231,hud,turns,,,,,"✗ turns: 3/15",
1790446006.231,hud,calib_s,,,,,"✓ Buffer 6s",
1790446006.232,marker,gnss,52.37153000,-1.24140500,310.80,true,,
1790446006.232,marker,dr,52.37058802,-1.24499464,128.10,true,,
1790446006.233,marker,reconciled,0.00000000,0.00000000,0.00,false,,
1790446006.280,hud,speed,,,,,"8.4 / 5.5",8.430
1790446006.280,hud,heading,,,,,"232° / 49°",231.800
1790446006.281,hud,drift,,,,,"161.66%",161.660
1790446006.281,hud,turns,,,,,"✗ turns: 3/15",
1790446006.281,hud,calib_s,,,,,"✓ Buffer 6s",
1790446006.281,marker,gnss,52.37153000,-1.24140500,310.80,true,,
1790446006.282,marker,dr,52.37058514,-1.24500629,128.20,true,,
1790446006.283,marker,reconciled,0.00000000,0.00000000,0.00,false,,
1790446006.329,hud,speed,,,,,"8.3 / 5.5",8.290
1790446006.330,hud,heading,,,,,"232° / 49°",231.900
1790446006.330,hud,drift,,,,,"161.93%",161.930
1790446006.330,hud,turns,,,,,"✗ turns: 3/15",
1790446006.331,hud,calib_s,,,,,"✓ Buffer 6s",
1790446006.331,marker,gnss,52.37153000,-1.24140500,310.80,true,,
1790446006.332,marker,dr,52.37058237,-1.24501786,128.10,true,,
1790446006.332,marker,reconciled,0.00000000,0.00000000,0.00,false,,
1790446006.379,hud,speed,,,,,"8.1 / 5.5",8.120
1790446006.379,hud,heading,,,,,"232° / 49°",231.900
1790446006.379,hud,drift,,,,,"162.19%",162.190
1790446006.380,hud,turns,,,,,"✗ turns: 3/15",
1790446006.380,hud,calib_s,,,,,"✓ Buffer 6s",
1790446006.380,marker,gnss,52.37153000,-1.24140500,310.80,true,,
1790446006.381,marker,dr,52.37057973,-1.24502903,128.10,true,,
1790446006.381,marker,reconciled,0.00000000,0.00000000,0.00,false,,
1790446006.429,hud,speed,,,,,"8.0 / 5.5",7.970
1790446006.429,hud,heading,,,,,"232° / 49°",231.800
1790446006.429,hud,drift,,,,,"162.44%",162.440
1790446006.430,hud,turns,,,,,"✗ turns: 3/15",
1790446006.430,hud,calib_s,,,,,"✓ Buffer 6s",
1790446006.430,marker,gnss,52.37153000,-1.24140500,310.80,true,,
1790446006.431,marker,dr,52.37057709,-1.24504024,128.20,true,,
1790446006.431,marker,reconciled,0.00000000,0.00000000,0.00,false,,
1790446006.487,hud,speed,,,,,"7.9 / 5.5",7.870
1790446006.487,hud,heading,,,,,"232° / 49°",231.800
1790446006.488,hud,drift,,,,,"162.67%",162.670
1790446006.488,hud,turns,,,,,"✗ turns: 3/15",
1790446006.488,hud,calib_s,,,,,"✓ Buffer 6s",
1790446006.488,marker,gnss,52.37153000,-1.24140500,310.80,true,,
1790446006.489,marker,dr,52.37057456,-1.24505113,128.20,true,,
1790446006.489,marker,reconciled,0.00000000,0.00000000,0.00,false,,
1790446006.534,hud,speed,,,,,"7.8 / 5.5",7.780
1790446006.534,hud,heading,,,,,"232° / 49°",231.800
1790446006.534,hud,drift,,,,,"162.91%",162.910
1790446006.535,hud,turns,,,,,"✗ turns: 3/15",
1790446006.535,hud,calib_s,,,,,"✓ Buffer 6s",
1790446006.535,marker,gnss,52.37153000,-1.24140500,310.80,true,,
1790446006.536,marker,dr,52.37057200,-1.24506205,128.20,true,,
1790446006.536,marker,reconciled,0.00000000,0.00000000,0.00,false,,
1790446006.584,hud,speed,,,,,"7.7 / 5.5",7.710
1790446006.584,hud,heading,,,,,"232° / 49°",231.800
1790446006.585,hud,drift,,,,,"163.14%",163.140
1790446006.585,hud,turns,,,,,"✗ turns: 3/15",
1790446006.585,hud,calib_s,,,,,"✓ Buffer 6s",
1790446006.585,marker,gnss,52.37153000,-1.24140500,310.80,true,,
1790446006.586,marker,dr,52.37056944,-1.24507276,128.20,true,,
1790446006.586,marker,reconciled,0.00000000,0.00000000,0.00,false,,
1790446006.633,hud,speed,,,,,"7.7 / 5.5",7.680
1790446006.633,hud,heading,,,,,"232° / 49°",231.700
1790446006.633,hud,drift,,,,,"163.36%",163.360
1790446006.634,hud,turns,,,,,"✗ turns: 3/15",
1790446006.634,hud,calib_s,,,,,"✓ Buffer 6s",
1790446006.634,marker,gnss,52.37153000,-1.24140500,310.80,true,,
1790446006.635,marker,dr,52.37056693,-1.24508334,128.30,true,,
1790446006.635,marker,reconciled,0.00000000,0.00000000,0.00,false,,
1790446006.687,hud,speed,,,,,"7.6 / 5.5",7.630
1790446006.687,hud,heading,,,,,"232° / 49°",231.600
1790446006.687,hud,drift,,,,,"163.59%",163.590
1790446006.688,hud,turns,,,,,"✗ turns: 3/15",
1790446006.688,hud,calib_s,,,,,"✓ Buffer 6s",
1790446006.688,marker,gnss,52.37153000,-1.24140500,310.80,true,,
1790446006.688,marker,dr,52.37056434,-1.24509406,128.40,true,,
1790446006.689,marker,reconciled,0.00000000,0.00000000,0.00,false,,
1790446006.739,hud,speed,,,,,"7.5 / 5.5",7.530
1790446006.740,hud,heading,,,,,"231° / 49°",231.400
1790446006.740,hud,drift,,,,,"163.81%",163.810
1790446006.740,hud,turns,,,,,"✗ turns: 3/15",
1790446006.740,hud,calib_s,,,,,"✓ Buffer 6s",
1790446006.741,marker,gnss,52.37153000,-1.24140500,310.80,true,,
1790446006.741,marker,dr,52.37056185,-1.24510461,128.60,true,,
1790446006.742,marker,reconciled,0.00000000,0.00000000,0.00,false,,
1790446006.789,hud,speed,,,,,"7.6 / 5.5",7.550
1790446006.789,hud,heading,,,,,"232° / 49°",231.500
1790446006.789,hud,drift,,,,,"164.02%",164.020
1790446006.790,hud,turns,,,,,"✗ turns: 3/15",
1790446006.790,hud,calib_s,,,,,"✓ Buffer 6s",
1790446006.790,marker,gnss,52.37153000,-1.24140500,310.80,true,,
1790446006.791,marker,dr,52.37055934,-1.24511503,128.50,true,,
1790446006.791,marker,reconciled,0.00000000,0.00000000,0.00,false,,
1790446006.839,hud,speed,,,,,"7.6 / 5.5",7.550
1790446006.839,hud,heading,,,,,"232° / 49°",231.700
1790446006.840,hud,drift,,,,,"164.23%",164.230
1790446006.840,hud,turns,,,,,"✗ turns: 3/15",
1790446006.840,hud,calib_s,,,,,"✓ Buffer 6s",
1790446006.841,marker,gnss,52.37153000,-1.24140500,310.80,true,,
1790446006.841,marker,dr,52.37055679,-1.24512543,128.30,true,,
1790446006.841,marker,reconciled,0.00000000,0.00000000,0.00,false,,
1790446006.891,hud,speed,,,,,"7.6 / 5.5",7.630
1790446006.892,hud,heading,,,,,"232° / 49°",231.800
1790446006.892,hud,drift,,,,,"164.45%",164.450
1790446006.892,hud,turns,,,,,"✗ turns: 3/15",
1790446006.893,hud,calib_s,,,,,"✓ Buffer 6s",
1790446006.893,marker,gnss,52.37153000,-1.24140500,310.80,true,,
1790446006.894,marker,dr,52.37055415,-1.24513587,128.20,true,,
1790446006.894,marker,reconciled,0.00000000,0.00000000,0.00,false,,
1790446006.942,hud,speed,,,,,"7.6 / 5.5",7.630
1790446006.942,hud,heading,,,,,"232° / 49°",231.800
1790446006.943,hud,drift,,,,,"164.66%",164.660
1790446006.943,hud,turns,,,,,"✗ turns: 3/15",
1790446006.943,hud,calib_s,,,,,"✓ Buffer 6s",
1790446006.943,marker,gnss,52.37153000,-1.24140500,310.80,true,,
1790446006.944,marker,dr,52.37055140,-1.24514623,128.20,true,,
1790446006.944,marker,reconciled,0.00000000,0.00000000,0.00,false,,
1790446006.995,hud,speed,,,,,"7.7 / 5.5",7.690
1790446006.996,hud,heading,,,,,"232° / 49°",231.900
1790446006.996,hud,drift,,,,,"164.87%",164.870
1790446006.996,hud,turns,,,,,"✗ turns: 3/15",
1790446006.996,hud,calib_s,,,,,"✓ Buffer 6s",
1790446006.997,marker,gnss,52.37153000,-1.24140500,310.80,true,,
1790446006.997,marker,dr,52.37054852,-1.24515652,128.10,true,,
1790446006.997,marker,reconciled,0.00000000,0.00000000,0.00,false,,
1790446007.043,hud,speed,,,,,"7.7 / 5.5",7.710
1790446007.043,hud,heading,,,,,"232° / 49°",231.800
1790446007.043,hud,drift,,,,,"165.09%",165.090
1790446007.043,hud,turns,,,,,"✗ turns: 3/15",
1790446007.044,hud,calib_s,,,,,"✓ Buffer 6s",
1790446007.044,marker,gnss,52.37153000,-1.24140500,310.80,true,,
1790446007.044,marker,dr,52.37054554,-1.24516679,128.20,true,,
1790446007.045,marker,reconciled,0.00000000,0.00000000,0.00,false,,
1790446007.098,hud,speed,,,,,"7.8 / 5.5",7.760
1790446007.098,hud,heading,,,,,"232° / 49°",231.800
1790446007.098,hud,drift,,,,,"165.30%",165.300
1790446007.099,hud,turns,,,,,"✗ turns: 3/15",
1790446007.099,hud,calib_s,,,,,"✓ Buffer 6s",
1790446007.099,marker,gnss,52.37153000,-1.24140500,310.80,true,,
1790446007.101,marker,dr,52.37054243,-1.24517703,128.20,true,,
1790446007.101,marker,reconciled,0.00000000,0.00000000,0.00,false,,
1790446007.147,hud,speed,,,,,"7.8 / 5.5",7.830
1790446007.148,hud,heading,,,,,"232° / 49°",231.900
1790446007.148,hud,drift,,,,,"165.52%",165.520
1790446007.148,hud,turns,,,,,"✗ turns: 3/15",
1790446007.149,hud,calib_s,,,,,"✓ Buffer 6s",
1790446007.149,marker,gnss,52.37153000,-1.24140500,310.80,true,,
1790446007.150,marker,dr,52.37053919,-1.24518739,128.10,true,,
1790446007.150,marker,reconciled,0.00000000,0.00000000,0.00,false,,
1790446007.196,hud,speed,,,,,"7.9 / 5.5",7.940
1790446007.196,hud,heading,,,,,"232° / 49°",232.100
1790446007.196,hud,drift,,,,,"165.74%",165.740
1790446007.196,hud,turns,,,,,"✗ turns: 3/15",
1790446007.197,hud,calib_s,,,,,"✓ Buffer 6s",
1790446007.198,marker,gnss,52.37153000,-1.24140500,310.80,true,,
1790446007.199,marker,dr,52.37053583,-1.24519792,127.90,true,,
1790446007.199,marker,reconciled,0.00000000,0.00000000,0.00,false,,
1790446007.252,hud,speed,,,,,"8.0 / 5.5",8.040
1790446007.252,hud,heading,,,,,"232° / 49°",232.200
1790446007.252,hud,drift,,,,,"165.96%",165.960
1790446007.253,hud,turns,,,,,"✗ turns: 3/15",
1790446007.253,hud,calib_s,,,,,"✓ Buffer 6s",
1790446007.253,marker,gnss,52.37153000,-1.24140500,310.80,true,,
1790446007.254,marker,dr,52.37053256,-1.24520799,127.80,true,,
1790446007.254,marker,reconciled,0.00000000,0.00000000,0.00,false,,
1790446007.302,hud,speed,,,,,"8.1 / 5.5",8.140
1790446007.302,hud,heading,,,,,"232° / 49°",232.300
1790446007.302,hud,drift,,,,,"166.18%",166.180
1790446007.303,hud,turns,,,,,"✗ turns: 3/15",
1790446007.303,hud,calib_s,,,,,"✓ Buffer 6s",
1790446007.303,marker,gnss,52.37153000,-1.24140500,310.80,true,,
1790446007.305,marker,dr,52.37052905,-1.24521841,127.70,true,,
1790446007.305,marker,reconciled,0.00000000,0.00000000,0.00,false,,
1790446007.354,hud,speed,,,,,"8.2 / 5.5",8.200
1790446007.354,hud,heading,,,,,"232° / 49°",232.300
1790446007.355,hud,drift,,,,,"166.41%",166.410
1790446007.355,hud,turns,,,,,"✗ turns: 3/15",
1790446007.355,hud,calib_s,,,,,"✓ Buffer 6s",
1790446007.356,marker,gnss,52.37153000,-1.24140500,310.80,true,,
1790446007.356,marker,dr,52.37052543,-1.24522885,127.70,true,,
1790446007.357,marker,reconciled,0.00000000,0.00000000,0.00,false,,
1790446007.398,hud,speed,,,,,"8.3 / 5.5",8.290
1790446007.398,hud,heading,,,,,"232° / 49°",232.300
1790446007.398,hud,drift,,,,,"166.64%",166.640
1790446007.399,hud,turns,,,,,"✗ turns: 3/15",
1790446007.399,hud,calib_s,,,,,"✓ Buffer 6s",
1790446007.400,marker,gnss,52.37153000,-1.24140500,310.80,true,,
1790446007.401,marker,dr,52.37052168,-1.24523931,127.70,true,,
1790446007.401,marker,reconciled,0.00000000,0.00000000,0.00,false,,
1790446007.452,hud,speed,,,,,"8.4 / 5.5",8.360
1790446007.452,hud,heading,,,,,"232° / 49°",232.400
1790446007.452,hud,drift,,,,,"166.87%",166.870
1790446007.453,hud,turns,,,,,"✗ turns: 3/15",
1790446007.453,hud,calib_s,,,,,"✓ Buffer 6s",
1790446007.453,marker,gnss,52.37153000,-1.24140500,310.80,true,,
1790446007.454,marker,dr,52.37051777,-1.24524987,127.60,true,,
1790446007.454,marker,reconciled,0.00000000,0.00000000,0.00,false,,
1790446007.502,hud,speed,,,,,"8.4 / 5.5",8.420
1790446007.502,hud,heading,,,,,"232° / 49°",232.300
1790446007.503,hud,drift,,,,,"167.11%",167.110
1790446007.503,hud,turns,,,,,"✗ turns: 3/15",
1790446007.503,hud,calib_s,,,,,"✓ Buffer 6s",
1790446007.504,marker,gnss,52.37153000,-1.24140500,310.80,true,,
1790446007.505,marker,dr,52.37051384,-1.24526041,127.70,true,,
1790446007.506,marker,reconciled,0.00000000,0.00000000,0.00,false,,
1790446007.554,hud,speed,,,,,"8.4 / 5.5",8.360
1790446007.555,hud,heading,,,,,"232° / 49°",232.400
1790446007.555,hud,drift,,,,,"167.34%",167.340
1790446007.555,hud,turns,,,,,"✗ turns: 3/15",
1790446007.556,hud,calib_s,,,,,"✓ Buffer 6s",
1790446007.556,marker,gnss,52.37153000,-1.24140500,310.80,true,,
1790446007.557,marker,dr,52.37050994,-1.24527074,127.60,true,,
1790446007.557,marker,reconciled,0.00000000,0.00000000,0.00,false,,
1790446007.601,hud,speed,,,,,"8.4 / 5.5",8.360
1790446007.601,hud,heading,,,,,"232° / 49°",232.200
1790446007.602,hud,drift,,,,,"167.57%",167.570
1790446007.602,hud,turns,,,,,"✗ turns: 3/15",
1790446007.602,hud,calib_s,,,,,"✓ Buffer 6s",
1790446007.604,marker,gnss,52.37153000,-1.24140500,310.80,true,,
1790446007.604,marker,dr,52.37050596,-1.24528115,127.80,true,,
1790446007.605,marker,reconciled,0.00000000,0.00000000,0.00,false,,
1790446007.658,hud,speed,,,,,"8.4 / 5.5",8.390
1790446007.659,hud,heading,,,,,"232° / 49°",232.300
1790446007.659,hud,drift,,,,,"167.80%",167.800
1790446007.659,hud,turns,,,,,"✗ turns: 3/15",
1790446007.660,hud,calib_s,,,,,"✓ Buffer 6s",
1790446007.660,marker,gnss,52.37153000,-1.24140500,310.80,true,,
1790446007.661,marker,dr,52.37050187,-1.24529163,127.70,true,,
1790446007.661,marker,reconciled,0.00000000,0.00000000,0.00,false,,
1790446007.704,hud,speed,,,,,"8.4 / 5.5",8.420
1790446007.704,hud,heading,,,,,"232° / 49°",232.100
1790446007.705,hud,drift,,,,,"168.03%",168.030
1790446007.705,hud,turns,,,,,"✗ turns: 3/15",
1790446007.705,hud,calib_s,,,,,"✓ Buffer 6s",
1790446007.705,marker,gnss,52.37153000,-1.24140500,310.80,true,,
1790446007.707,marker,dr,52.37049774,-1.24530201,127.90,true,,
1790446007.707,marker,reconciled,0.00000000,0.00000000,0.00,false,,
1790446007.759,hud,speed,,,,,"8.5 / 5.5",8.490
1790446007.760,hud,heading,,,,,"232° / 49°",232.200
1790446007.760,hud,drift,,,,,"168.25%",168.250
1790446007.760,hud,turns,,,,,"✗ turns: 3/15",
1790446007.760,hud,calib_s,,,,,"✓ Buffer 6s",
1790446007.761,marker,gnss,52.37153000,-1.24140500,310.80,true,,
1790446007.762,marker,dr,52.37049360,-1.24531234,127.80,true,,
1790446007.762,marker,reconciled,0.00000000,0.00000000,0.00,false,,
1790446007.803,hud,speed,,,,,"8.5 / 5.5",8.460
1790446007.803,hud,heading,,,,,"232° / 49°",232.200
1790446007.803,hud,drift,,,,,"168.49%",168.490
1790446007.803,hud,turns,,,,,"✗ turns: 3/15",
1790446007.803,hud,calib_s,,,,,"✓ Buffer 6s",
1790446007.805,marker,gnss,52.37153000,-1.24140500,310.80,true,,
1790446007.805,marker,dr,52.37048937,-1.24532281,127.80,true,,
1790446007.806,marker,reconciled,0.00000000,0.00000000,0.00,false,,
1790446007.856,hud,speed,,,,,"8.5 / 5.5",8.490
1790446007.856,hud,heading,,,,,"232° / 49°",232.400
1790446007.857,hud,drift,,,,,"168.71%",168.710
1790446007.857,hud,turns,,,,,"✗ turns: 3/15",
1790446007.857,hud,calib_s,,,,,"✓ Buffer 6s",
1790446007.857,marker,gnss,52.37153000,-1.24140500,310.80,true,,
1790446007.858,marker,dr,52.37048515,-1.24533305,127.60,true,,
1790446007.858,marker,reconciled,0.00000000,0.00000000,0.00,false,,
1790446007.907,hud,speed,,,,,"8.7 / 5.5",8.650
1790446007.907,hud,heading,,,,,"232° / 49°",232.300
1790446007.908,hud,drift,,,,,"168.95%",168.950
1790446007.908,hud,turns,,,,,"✗ turns: 3/15",
1790446007.908,hud,calib_s,,,,,"✓ Buffer 6s",
1790446007.908,marker,gnss,52.37153000,-1.24140500,310.80,true,,
1790446007.910,marker,dr,52.37048075,-1.24534352,127.70,true,,
1790446007.910,marker,reconciled,0.00000000,0.00000000,0.00,false,,
1790446007.963,hud,speed,,,,,"8.6 / 5.5",8.560
1790446007.963,hud,heading,,,,,"232° / 49°",232.300
1790446007.964,hud,drift,,,,,"169.18%",169.180
1790446007.964,hud,turns,,,,,"✗ turns: 3/15",
1790446007.964,hud,calib_s,,,,,"✓ Buffer 6s",
1790446007.964,marker,gnss,52.37153000,-1.24140500,310.80,true,,
1790446007.965,marker,dr,52.37047634,-1.24535396,127.70,true,,
1790446007.966,marker,reconciled,0.00000000,0.00000000,0.00,false,,
1790446008.011,hud,speed,,,,,"8.5 / 5.5",8.480
1790446008.011,hud,heading,,,,,"232° / 49°",232.300
1790446008.011,hud,drift,,,,,"169.40%",169.400
1790446008.011,hud,turns,,,,,"✗ turns: 3/15",
1790446008.012,hud,calib_s,,,,,"✓ Buffer 6s",
1790446008.013,marker,gnss,52.37153000,-1.24140500,310.80,true,,
1790446008.013,marker,dr,52.37047201,-1.24536420,127.70,true,,
1790446008.014,marker,reconciled,0.00000000,0.00000000,0.00,false,,
1790446008.064,hud,speed,,,,,"8.4 / 5.5",8.380
1790446008.064,hud,heading,,,,,"232° / 49°",232.100
1790446008.065,hud,drift,,,,,"169.61%",169.610
1790446008.065,hud,turns,,,,,"✗ turns: 3/15",
1790446008.065,hud,calib_s,,,,,"✓ Buffer 6s",
1790446008.066,marker,gnss,52.37153000,-1.24140500,310.80,true,,
1790446008.066,marker,dr,52.37046774,-1.24537421,127.90,true,,
1790446008.067,marker,reconciled,0.00000000,0.00000000,0.00,false,,
1790446008.112,hud,speed,,,,,"8.3 / 5.5",8.290
1790446008.112,hud,heading,,,,,"232° / 49°",232.200
1790446008.112,hud,drift,,,,,"169.83%",169.830
1790446008.112,hud,turns,,,,,"✗ turns: 3/15",
1790446008.113,hud,calib_s,,,,,"✓ Buffer 6s",
1790446008.113,marker,gnss,52.37153000,-1.24140500,310.80,true,,
1790446008.114,marker,dr,52.37046347,-1.24538418,127.80,true,,
1790446008.115,marker,reconciled,0.00000000,0.00000000,0.00,false,,
1790446008.167,hud,speed,,,,,"8.2 / 5.5",8.220
1790446008.167,hud,heading,,,,,"232° / 49°",232.100
1790446008.167,hud,drift,,,,,"170.03%",170.030
1790446008.168,hud,turns,,,,,"✗ turns: 3/15",
1790446008.168,hud,calib_s,,,,,"✓ Buffer 6s",
1790446008.168,marker,gnss,52.37153000,-1.24140500,310.80,true,,
1790446008.169,marker,dr,52.37045921,-1.24539406,127.90,true,,
1790446008.169,marker,reconciled,0.00000000,0.00000000,0.00,false,,
1790446008.213,hud,speed,,,,,"8.1 / 5.5",8.080
1790446008.213,hud,heading,,,,,"232° / 49°",232.100
1790446008.213,hud,drift,,,,,"170.23%",170.230
1790446008.213,hud,turns,,,,,"✗ turns: 3/15",
1790446008.214,hud,calib_s,,,,,"✓ Buffer 6s",
1790446008.215,marker,gnss,52.37153000,-1.24140500,310.80,true,,
1790446008.216,marker,dr,52.37045499,-1.24540387,127.90,true,,
1790446008.216,marker,reconciled,0.00000000,0.00000000,0.00,false,,
1790446008.272,hud,speed,,,,,"8.0 / 5.5",7.950
1790446008.272,hud,heading,,,,,"232° / 49°",232.100
1790446008.273,hud,drift,,,,,"170.42%",170.420
1790446008.273,hud,turns,,,,,"✗ turns: 3/15",
1790446008.274,hud,calib_s,,,,,"✓ Buffer 6s",
1790446008.275,marker,gnss,52.37153000,-1.24140500,310.80,true,,
1790446008.276,marker,dr,52.37045093,-1.24541334,127.90,true,,
1790446008.277,marker,reconciled,0.00000000,0.00000000,0.00,false,,
1790446008.316,hud,speed,,,,,"7.8 / 5.5",7.840
1790446008.317,hud,heading,,,,,"232° / 49°",232.200
1790446008.317,hud,drift,,,,,"170.61%",170.610
1790446008.317,hud,turns,,,,,"✗ turns: 3/15",
1790446008.317,hud,calib_s,,,,,"✓ Buffer 6s",
1790446008.318,marker,gnss,52.37153000,-1.24140500,310.80,true,,
1790446008.319,marker,dr,52.37044688,-1.24542277,127.80,true,,
1790446008.320,marker,reconciled,0.00000000,0.00000000,0.00,false,,
1790446008.367,hud,speed,,,,,"7.7 / 5.5",7.700
1790446008.367,hud,heading,,,,,"232° / 49°",232.200
1790446008.367,hud,drift,,,,,"170.78%",170.780
1790446008.368,hud,turns,,,,,"✗ turns: 3/15",
1790446008.368,hud,calib_s,,,,,"✓ Buffer 6s",
1790446008.368,marker,gnss,52.37153000,-1.24140500,310.80,true,,
1790446008.369,marker,dr,52.37044289,-1.24543200,127.80,true,,
1790446008.369,marker,reconciled,0.00000000,0.00000000,0.00,false,,
1790446008.418,hud,speed,,,,,"7.6 / 5.5",7.560
1790446008.418,hud,heading,,,,,"232° / 49°",232.200
1790446008.419,hud,drift,,,,,"170.95%",170.950
1790446008.419,hud,turns,,,,,"✗ turns: 3/15",
1790446008.419,hud,calib_s,,,,,"✓ Buffer 6s",
1790446008.420,marker,gnss,52.37153000,-1.24140500,310.80,true,,
1790446008.421,marker,dr,52.37043896,-1.24544105,127.80,true,,
1790446008.421,marker,reconciled,0.00000000,0.00000000,0.00,false,,
1790446008.475,hud,speed,,,,,"7.5 / 5.5",7.480
1790446008.476,hud,heading,,,,,"232° / 49°",232.200
1790446008.476,hud,drift,,,,,"171.12%",171.120
1790446008.476,hud,turns,,,,,"✗ turns: 3/15",
1790446008.477,hud,calib_s,,,,,"✓ Buffer 6s",
1790446008.477,marker,gnss,52.37153000,-1.24140500,310.80,true,,
1790446008.478,marker,dr,52.37043505,-1.24545010,127.80,true,,
1790446008.478,marker,reconciled,0.00000000,0.00000000,0.00,false,,
1790446008.523,hud,speed,,,,,"7.3 / 5.5",7.310
1790446008.523,hud,heading,,,,,"232° / 49°",232.200
1790446008.523,hud,drift,,,,,"171.27%",171.270
1790446008.524,hud,turns,,,,,"✗ turns: 3/15",
1790446008.524,hud,calib_s,,,,,"✓ Buffer 6s",
1790446008.524,marker,gnss,52.37153000,-1.24140500,310.80,true,,
1790446008.526,marker,dr,52.37043127,-1.24545890,127.80,true,,
1790446008.526,marker,reconciled,0.00000000,0.00000000,0.00,false,,
1790446008.574,hud,speed,,,,,"7.1 / 5.5",7.130
1790446008.574,hud,heading,,,,,"232° / 49°",232.300
1790446008.575,hud,drift,,,,,"171.42%",171.420
1790446008.575,hud,turns,,,,,"✗ turns: 3/15",
1790446008.575,hud,calib_s,,,,,"✓ Buffer 6s",
1790446008.576,marker,gnss,52.37153000,-1.24140500,310.80,true,,
1790446008.576,marker,dr,52.37042765,-1.24546740,127.70,true,,
1790446008.577,marker,reconciled,0.00000000,0.00000000,0.00,false,,
1790446008.624,hud,speed,,,,,"7.0 / 5.5",6.990
1790446008.625,hud,heading,,,,,"232° / 49°",232.400
1790446008.625,hud,drift,,,,,"171.56%",171.560
1790446008.625,hud,turns,,,,,"✗ turns: 3/15",
1790446008.626,hud,calib_s,,,,,"✓ Buffer 6s",
1790446008.627,marker,gnss,52.37153000,-1.24140500,310.80,true,,
1790446008.628,marker,dr,52.37042402,-1.24547589,127.60,true,,
1790446008.629,marker,reconciled,0.00000000,0.00000000,0.00,false,,
1790446008.677,hud,speed,,,,,"6.8 / 5.5",6.830
1790446008.678,hud,heading,,,,,"232° / 49°",232.300
1790446008.678,hud,drift,,,,,"171.69%",171.690
1790446008.679,hud,turns,,,,,"✗ turns: 3/15",
1790446008.679,hud,calib_s,,,,,"✓ Buffer 6s",
1790446008.679,marker,gnss,52.37153000,-1.24140500,310.80,true,,
1790446008.680,marker,dr,52.37042057,-1.24548406,127.70,true,,
1790446008.681,marker,reconciled,0.00000000,0.00000000,0.00,false,,
1790446008.724,hud,speed,,,,,"6.6 / 5.5",6.600
1790446008.724,hud,heading,,,,,"232° / 49°",232.100
1790446008.725,hud,drift,,,,,"171.81%",171.810
1790446008.725,hud,turns,,,,,"✗ turns: 3/15",
1790446008.725,hud,calib_s,,,,,"✓ Buffer 6s",
1790446008.725,marker,gnss,52.37153000,-1.24140500,310.80,true,,
1790446008.727,marker,dr,52.37041727,-1.24549212,127.90,true,,
1790446008.727,marker,reconciled,0.00000000,0.00000000,0.00,false,,
1790446008.784,hud,speed,,,,,"6.5 / 5.7",6.490
1790446008.784,hud,heading,,,,,"232° / 173°",232.000
1790446008.785,hud,drift,,,,,"153.64%",153.640
1790446008.785,hud,turns,,,,,"✗ turns: 3/15",
1790446008.785,hud,calib_s,,,,,"✓ Buffer 6s",
1790446008.785,marker,gnss,52.37172700,-1.24103000,186.80,true,,
1790446008.786,marker,dr,52.37041410,-1.24550015,128.00,true,,
1790446008.786,marker,reconciled,0.00000000,0.00000000,0.00,false,,
1790446008.828,hud,speed,,,,,"6.4 / 5.7",6.350
1790446008.828,hud,heading,,,,,"232° / 173°",232.000
1790446008.829,hud,drift,,,,,"153.44%",153.440
1790446008.829,hud,turns,,,,,"✗ turns: 3/15",
1790446008.829,hud,calib_s,,,,,"✓ Buffer 6s",
1790446008.831,marker,gnss,52.37172700,-1.24103000,186.80,true,,
1790446008.832,marker,dr,52.37041108,-1.24550811,128.00,true,,
1790446008.832,marker,reconciled,0.00000000,0.00000000,0.00,false,,
1790446008.882,hud,speed,,,,,"6.2 / 5.7",6.210
1790446008.882,hud,heading,,,,,"232° / 173°",231.900
1790446008.882,hud,drift,,,,,"153.25%",153.250
1790446008.883,hud,turns,,,,,"✗ turns: 3/15",
1790446008.883,hud,calib_s,,,,,"✓ Buffer 6s",
1790446008.883,marker,gnss,52.37172700,-1.24103000,186.80,true,,
1790446008.883,marker,dr,52.37040813,-1.24551603,128.10,true,,
1790446008.884,marker,reconciled,0.00000000,0.00000000,0.00,false,,
1790446008.930,hud,speed,,,,,"6.1 / 5.7",6.120
1790446008.930,hud,heading,,,,,"232° / 173°",231.800
1790446008.931,hud,drift,,,,,"153.05%",153.050
1790446008.931,hud,turns,,,,,"✗ turns: 3/15",
1790446008.931,hud,calib_s,,,,,"✓ Buffer 6s",
1790446008.931,marker,gnss,52.37172700,-1.24103000,186.80,true,,
1790446008.933,marker,dr,52.37040533,-1.24552386,128.20,true,,
1790446008.933,marker,reconciled,0.00000000,0.00000000,0.00,false,,
1790446008.987,hud,speed,,,,,"6.1 / 5.7",6.060
1790446008.987,hud,heading,,,,,"232° / 173°",231.600
1790446008.987,hud,drift,,,,,"152.85%",152.850
1790446008.988,hud,turns,,,,,"✗ turns: 3/15",
1790446008.988,hud,calib_s,,,,,"✓ Buffer 6s",
1790446008.988,marker,gnss,52.37172700,-1.24103000,186.80,true,,
1790446008.989,marker,dr,52.37040263,-1.24553159,128.40,true,,
1790446008.990,marker,reconciled,0.00000000,0.00000000,0.00,false,,
1790446009.034,hud,speed,,,,,"5.9 / 5.7",5.930
1790446009.035,hud,heading,,,,,"231° / 173°",231.300
1790446009.035,hud,drift,,,,,"152.65%",152.650
1790446009.035,hud,turns,,,,,"✗ turns: 3/15",
1790446009.036,hud,calib_s,,,,,"✓ Buffer 6s",
1790446009.037,marker,gnss,52.37172700,-1.24103000,186.80,true,,
1790446009.038,marker,dr,52.37040005,-1.24553936,128.70,true,,
1790446009.038,marker,reconciled,0.00000000,0.00000000,0.00,false,,
1790446009.083,hud,speed,,,,,"5.7 / 5.7",5.740
1790446009.084,hud,heading,,,,,"231° / 173°",231.200
1790446009.084,hud,drift,,,,,"152.45%",152.450
1790446009.084,hud,turns,,,,,"✗ turns: 3/15",
1790446009.084,hud,calib_s,,,,,"✓ Buffer 6s",
1790446009.084,marker,gnss,52.37172700,-1.24103000,186.80,true,,
1790446009.085,marker,dr,52.37039762,-1.24554706,128.80,true,,
1790446009.085,marker,reconciled,0.00000000,0.00000000,0.00,false,,
1790446009.135,hud,speed,,,,,"5.6 / 5.7",5.630
1790446009.136,hud,heading,,,,,"231° / 173°",231.000
1790446009.136,hud,drift,,,,,"152.24%",152.240
1790446009.136,hud,turns,,,,,"✗ turns: 3/15",
1790446009.136,hud,calib_s,,,,,"✓ Buffer 6s",
1790446009.137,marker,gnss,52.37172700,-1.24103000,186.80,true,,
1790446009.138,marker,dr,52.37039529,-1.24555466,129.00,true,,
1790446009.139,marker,reconciled,0.00000000,0.00000000,0.00,false,,
1790446009.187,hud,speed,,,,,"5.7 / 5.7",5.710
1790446009.187,hud,heading,,,,,"231° / 173°",230.800
1790446009.188,hud,drift,,,,,"152.03%",152.030
1790446009.188,hud,turns,,,,,"✗ turns: 3/15",
1790446009.188,hud,calib_s,,,,,"✓ Buffer 6s",
1790446009.189,marker,gnss,52.37172700,-1.24103000,186.80,true,,
1790446009.189,marker,dr,52.37039289,-1.24556241,129.20,true,,
1790446009.190,marker,reconciled,0.00000000,0.00000000,0.00,false,,
1790446009.232,hud,speed,,,,,"5.6 / 5.7",5.610
1790446009.232,hud,heading,,,,,"231° / 173°",230.700
1790446009.233,hud,drift,,,,,"151.83%",151.830
1790446009.233,hud,turns,,,,,"✗ turns: 3/15",
1790446009.233,hud,calib_s,,,,,"✓ Buffer 6s",
1790446009.234,marker,gnss,52.37172700,-1.24103000,186.80,true,,
1790446009.235,marker,dr,52.37039062,-1.24557003,129.30,true,,
1790446009.235,marker,reconciled,0.00000000,0.00000000,0.00,false,,
1790446009.291,hud,speed,,,,,"5.5 / 5.7",5.540
1790446009.291,hud,heading,,,,,"230° / 173°",230.400
1790446009.292,hud,drift,,,,,"151.63%",151.630
1790446009.292,hud,turns,,,,,"✗ turns: 3/15",
1790446009.292,hud,calib_s,,,,,"✓ Buffer 6s",
1790446009.292,marker,gnss,52.37172700,-1.24103000,186.80,true,,
1790446009.294,marker,dr,52.37038842,-1.24557765,129.60,true,,
1790446009.294,marker,reconciled,0.00000000,0.00000000,0.00,false,,
1790446009.336,hud,speed,,,,,"5.4 / 5.7",5.440
1790446009.337,hud,heading,,,,,"230° / 173°",230.200
1790446009.337,hud,drift,,,,,"151.42%",151.420
1790446009.337,hud,turns,,,,,"✗ turns: 3/15",
1790446009.338,hud,calib_s,,,,,"✓ Buffer 6s",
1790446009.338,marker,gnss,52.37172700,-1.24103000,186.80,true,,
1790446009.339,marker,dr,52.37038633,-1.24558525,129.80,true,,
1790446009.339,marker,reconciled,0.00000000,0.00000000,0.00,false,,
1790446009.383,hud,speed,,,,,"5.3 / 5.7",5.270
1790446009.384,hud,heading,,,,,"230° / 173°",230.000
1790446009.384,hud,drift,,,,,"151.21%",151.210
1790446009.384,hud,turns,,,,,"✗ turns: 3/15",
1790446009.385,hud,calib_s,,,,,"✓ Buffer 6s",
1790446009.386,marker,gnss,52.37172700,-1.24103000,186.80,true,,
1790446009.387,marker,dr,52.37038435,-1.24559287,130.00,true,,
1790446009.387,marker,reconciled,0.00000000,0.00000000,0.00,false,,
1790446009.439,hud,speed,,,,,"5.2 / 5.7",5.230
1790446009.439,hud,heading,,,,,"230° / 173°",230.000
1790446009.439,hud,drift,,,,,"151.00%",151.000
1790446009.440,hud,turns,,,,,"✗ turns: 3/15",
1790446009.440,hud,calib_s,,,,,"✓ Buffer 6s",
1790446009.440,marker,gnss,52.37172700,-1.24103000,186.80,true,,
1790446009.441,marker,dr,52.37038241,-1.24560035,130.00,true,,
1790446009.441,marker,reconciled,0.00000000,0.00000000,0.00,false,,
1790446009.489,hud,speed,,,,,"5.2 / 5.7",5.150
1790446009.489,hud,heading,,,,,"230° / 173°",230.000
1790446009.490,hud,drift,,,,,"150.78%",150.780
1790446009.490,hud,turns,,,,,"✗ turns: 3/15",
1790446009.490,hud,calib_s,,,,,"✓ Buffer 6s",
1790446009.491,marker,gnss,52.37172700,-1.24103000,186.80,true,,
1790446009.494,marker,dr,52.37038047,-1.24560763,130.00,true,,
1790446009.494,marker,reconciled,0.00000000,0.00000000,0.00,false,,
1790446009.546,hud,speed,,,,,"5.0 / 5.7",5.020
1790446009.546,hud,heading,,,,,"230° / 173°",229.800
1790446009.546,hud,drift,,,,,"150.56%",150.560
1790446009.547,hud,turns,,,,,"✗ turns: 3/15",
1790446009.547,hud,calib_s,,,,,"✓ Buffer 6s",
1790446009.547,marker,gnss,52.37172700,-1.24103000,186.80,true,,
1790446009.548,marker,dr,52.37037855,-1.24561465,130.20,true,,
1790446009.548,marker,reconciled,0.00000000,0.00000000,0.00,false,,
1790446009.589,hud,speed,,,,,"4.9 / 5.7",4.890
1790446009.589,hud,heading,,,,,"230° / 173°",229.700
1790446009.589,hud,drift,,,,,"150.34%",150.340
1790446009.590,hud,turns,,,,,"✗ turns: 3/15",
1790446009.590,hud,calib_s,,,,,"✓ Buffer 6s",
1790446009.592,marker,gnss,52.37172700,-1.24103000,186.80,true,,
1790446009.592,marker,dr,52.37037668,-1.24562142,130.30,true,,
1790446009.593,marker,reconciled,0.00000000,0.00000000,0.00,false,,
1790446009.643,hud,speed,,,,,"4.8 / 5.7",4.810
1790446009.643,hud,heading,,,,,"230° / 173°",229.600
1790446009.643,hud,drift,,,,,"150.11%",150.110
1790446009.644,hud,turns,,,,,"✗ turns: 3/15",
1790446009.644,hud,calib_s,,,,,"✓ Buffer 6s",
1790446009.645,marker,gnss,52.37172700,-1.24103000,186.80,true,,
1790446009.645,marker,dr,52.37037480,-1.24562821,130.40,true,,
1790446009.646,marker,reconciled,0.00000000,0.00000000,0.00,false,,
1790446009.689,hud,speed,,,,,"4.8 / 5.7",4.790
1790446009.690,hud,heading,,,,,"230° / 173°",229.500
1790446009.690,hud,drift,,,,,"149.88%",149.880
1790446009.690,hud,turns,,,,,"✗ turns: 3/15",
1790446009.691,hud,calib_s,,,,,"✓ Buffer 6s",
1790446009.691,marker,gnss,52.37172700,-1.24103000,186.80,true,,
1790446009.692,marker,dr,52.37037293,-1.24563480,130.50,true,,
1790446009.693,marker,reconciled,0.00000000,0.00000000,0.00,false,,
1790446009.739,hud,speed,,,,,"4.8 / 5.7",4.760
1790446009.739,hud,heading,,,,,"230° / 173°",229.600
1790446009.740,hud,drift,,,,,"149.65%",149.650
1790446009.740,hud,turns,,,,,"✗ turns: 3/15",
1790446009.740,hud,calib_s,,,,,"✓ Buffer 6s",
1790446009.740,marker,gnss,52.37172700,-1.24103000,186.80,true,,
1790446009.741,marker,dr,52.37037102,-1.24564138,130.40,true,,
1790446009.741,marker,reconciled,0.00000000,0.00000000,0.00,false,,
1790446009.790,hud,speed,,,,,"4.7 / 5.7",4.710
1790446009.791,hud,heading,,,,,"230° / 173°",229.500
1790446009.791,hud,drift,,,,,"149.42%",149.420
1790446009.791,hud,turns,,,,,"✗ turns: 3/15",
1790446009.791,hud,calib_s,,,,,"✓ Buffer 6s",
1790446009.793,marker,gnss,52.37172700,-1.24103000,186.80,true,,
1790446009.793,marker,dr,52.37036907,-1.24564776,130.50,true,,
1790446009.794,marker,reconciled,0.00000000,0.00000000,0.00,false,,
1790446009.843,hud,speed,,,,,"4.7 / 5.7",4.660
1790446009.843,hud,heading,,,,,"230° / 173°",229.500
1790446009.843,hud,drift,,,,,"149.19%",149.190
1790446009.844,hud,turns,,,,,"✗ turns: 3/15",
1790446009.844,hud,calib_s,,,,,"✓ Buffer 6s",
1790446009.844,marker,gnss,52.37172700,-1.24103000,186.80,true,,
1790446009.845,marker,dr,52.37036708,-1.24565398,130.50,true,,
1790446009.845,marker,reconciled,0.00000000,0.00000000,0.00,false,,
1790446009.893,hud,speed,,,,,"4.7 / 5.7",4.730
1790446009.893,hud,heading,,,,,"230° / 173°",229.500
1790446009.893,hud,drift,,,,,"148.96%",148.960
1790446009.893,hud,turns,,,,,"✗ turns: 3/15",
1790446009.894,hud,calib_s,,,,,"✓ Buffer 6s",
1790446009.894,marker,gnss,52.37172700,-1.24103000,186.80,true,,
1790446009.896,marker,dr,52.37036501,-1.24566013,130.50,true,,
1790446009.896,marker,reconciled,0.00000000,0.00000000,0.00,false,,
1790446009.944,hud,speed,,,,,"4.8 / 5.7",4.750
1790446009.944,hud,heading,,,,,"230° / 173°",229.500
1790446009.944,hud,drift,,,,,"148.73%",148.730
1790446009.944,hud,turns,,,,,"✗ turns: 3/15",
1790446009.945,hud,calib_s,,,,,"✓ Buffer 6s",
1790446009.945,marker,gnss,52.37172700,-1.24103000,186.80,true,,
1790446009.946,marker,dr,52.37036285,-1.24566627,130.50,true,,
1790446009.946,marker,reconciled,0.00000000,0.00000000,0.00,false,,
1790446009.995,hud,speed,,,,,"4.8 / 5.7",4.810
1790446009.995,hud,heading,,,,,"230° / 173°",229.600
1790446009.995,hud,drift,,,,,"148.51%",148.510
1790446009.996,hud,turns,,,,,"✗ turns: 3/15",
1790446009.996,hud,calib_s,,,,,"✓ Buffer 6s",
1790446009.998,marker,gnss,52.37172700,-1.24103000,186.80,true,,
1790446009.999,marker,dr,52.37036062,-1.24567240,130.40,true,,
1790446009.999,marker,reconciled,0.00000000,0.00000000,0.00,false,,
1790446010.050,hud,speed,,,,,"5.0 / 5.7",4.990
1790446010.051,hud,heading,,,,,"230° / 173°",229.800
1790446010.051,hud,drift,,,,,"148.29%",148.290
1790446010.051,hud,turns,,,,,"✗ turns: 3/15",
1790446010.051,hud,calib_s,,,,,"✓ Buffer 6s",
1790446010.052,marker,gnss,52.37172700,-1.24103000,186.80,true,,
1790446010.052,marker,dr,52.37035824,-1.24567865,130.20,true,,
1790446010.052,marker,reconciled,0.00000000,0.00000000,0.00,false,,
1790446010.096,hud,speed,,,,,"5.2 / 5.7",5.150
1790446010.096,hud,heading,,,,,"230° / 173°",229.800
1790446010.097,hud,drift,,,,,"148.08%",148.080
1790446010.097,hud,turns,,,,,"✗ turns: 3/15",
1790446010.097,hud,calib_s,,,,,"✓ Buffer 6s",
1790446010.097,marker,gnss,52.37172700,-1.24103000,186.80,true,,
1790446010.099,marker,dr,52.37035572,-1.24568500,130.20,true,,
1790446010.099,marker,reconciled,0.00000000,0.00000000,0.00,false,,
1790446010.149,hud,speed,,,,,"5.3 / 5.7",5.270
1790446010.150,hud,heading,,,,,"230° / 173°",229.900
1790446010.151,hud,drift,,,,,"147.87%",147.870
1790446010.151,hud,turns,,,,,"✗ turns: 3/15",
1790446010.151,hud,calib_s,,,,,"✓ Buffer 6s",
1790446010.152,marker,gnss,52.37172700,-1.24103000,186.80,true,,
1790446010.152,marker,dr,52.37035309,-1.24569145,130.10,true,,
1790446010.153,marker,reconciled,0.00000000,0.00000000,0.00,false,,
1790446010.206,hud,speed,,,,,"5.4 / 5.7",5.370
1790446010.206,hud,heading,,,,,"230° / 173°",229.800
1790446010.206,hud,drift,,,,,"147.67%",147.670
1790446010.207,hud,turns,,,,,"✗ turns: 3/15",
1790446010.207,hud,calib_s,,,,,"✓ Buffer 6s",
1790446010.208,marker,gnss,52.37172700,-1.24103000,186.80,true,,
1790446010.209,marker,dr,52.37035039,-1.24569800,130.20,true,,
1790446010.209,marker,reconciled,0.00000000,0.00000000,0.00,false,,
1790446010.251,hud,speed,,,,,"5.5 / 5.7",5.460
1790446010.251,hud,heading,,,,,"230° / 173°",229.800
1790446010.251,hud,drift,,,,,"147.47%",147.470
1790446010.252,hud,turns,,,,,"✗ turns: 3/15",
1790446010.252,hud,calib_s,,,,,"✓ Buffer 6s",
1790446010.252,marker,gnss,52.37172700,-1.24103000,186.80,true,,
1790446010.253,marker,dr,52.37034759,-1.24570461,130.20,true,,
1790446010.253,marker,reconciled,0.00000000,0.00000000,0.00,false,,
1790446010.297,hud,speed,,,,,"5.6 / 5.7",5.600
1790446010.297,hud,heading,,,,,"230° / 173°",229.700
1790446010.297,hud,drift,,,,,"147.28%",147.280
1790446010.297,hud,turns,,,,,"✗ turns: 3/15",
1790446010.297,hud,calib_s,,,,,"✓ Buffer 6s",
1790446010.298,marker,gnss,52.37172700,-1.24103000,186.80,true,,
1790446010.299,marker,dr,52.37034469,-1.24571133,130.30,true,,
1790446010.300,marker,reconciled,0.00000000,0.00000000,0.00,false,,
1790446010.351,hud,speed,,,,,"5.7 / 5.7",5.720
1790446010.351,hud,heading,,,,,"230° / 173°",229.800
1790446010.352,hud,drift,,,,,"147.10%",147.100
1790446010.352,hud,turns,,,,,"✗ turns: 3/15",
1790446010.353,hud,calib_s,,,,,"✓ Buffer 6s",
1790446010.353,marker,gnss,52.37172700,-1.24103000,186.80,true,,
1790446010.354,marker,dr,52.37034165,-1.24571823,130.20,true,,
1790446010.354,marker,reconciled,0.00000000,0.00000000,0.00,false,,
1790446010.397,hud,speed,,,,,"5.9 / 5.7",5.880
1790446010.398,hud,heading,,,,,"230° / 173°",229.800
1790446010.398,hud,drift,,,,,"146.92%",146.920
1790446010.398,hud,turns,,,,,"✗ turns: 3/15",
1790446010.398,hud,calib_s,,,,,"✓ Buffer 6s",
1790446010.400,marker,gnss,52.37172700,-1.24103000,186.80,true,,
1790446010.400,marker,dr,52.37033853,-1.24572521,130.20,true,,
1790446010.401,marker,reconciled,0.00000000,0.00000000,0.00,false,,
1790446010.451,hud,speed,,,,,"6.0 / 5.7",6.030
1790446010.452,hud,heading,,,,,"230° / 173°",229.800
1790446010.452,hud,drift,,,,,"146.75%",146.750
1790446010.453,hud,turns,,,,,"✗ turns: 3/15",
1790446010.453,hud,calib_s,,,,,"✓ Buffer 6s",
1790446010.454,marker,gnss,52.37172700,-1.24103000,186.80,true,,
1790446010.455,marker,dr,52.37033532,-1.24573234,130.20,true,,
1790446010.455,marker,reconciled,0.00000000,0.00000000,0.00,false,,
1790446010.502,hud,speed,,,,,"6.4 / 5.7",6.370
1790446010.502,hud,heading,,,,,"230° / 173°",229.600
1790446010.502,hud,drift,,,,,"146.60%",146.600
1790446010.503,hud,turns,,,,,"✗ turns: 3/15",
1790446010.503,hud,calib_s,,,,,"✓ Buffer 6s",
1790446010.504,marker,gnss,52.37172700,-1.24103000,186.80,true,,
1790446010.505,marker,dr,52.37033193,-1.24573978,130.40,true,,
1790446010.506,marker,reconciled,0.00000000,0.00000000,0.00,false,,
1790446010.557,hud,speed,,,,,"6.4 / 5.7",6.430
1790446010.557,hud,heading,,,,,"229° / 173°",229.400
1790446010.558,hud,drift,,,,,"146.45%",146.450
1790446010.558,hud,turns,,,,,"✗ turns: 3/15",
1790446010.558,hud,calib_s,,,,,"✓ Buffer 6s",
1790446010.559,marker,gnss,52.37172700,-1.24103000,186.80,true,,
1790446010.559,marker,dr,52.37032846,-1.24574737,130.60,true,,
1790446010.560,marker,reconciled,0.00000000,0.00000000,0.00,false,,
1790446010.603,hud,speed,,,,,"6.5 / 5.7",6.500
1790446010.603,hud,heading,,,,,"229° / 173°",228.900
1790446010.604,hud,drift,,,,,"146.30%",146.300
1790446010.604,hud,turns,,,,,"✗ turns: 3/15",
1790446010.604,hud,calib_s,,,,,"✓ Buffer 6s",
1790446010.606,marker,gnss,52.37172700,-1.24103000,186.80,true,,
1790446010.607,marker,dr,52.37032496,-1.24575507,131.10,true,,
1790446010.607,marker,reconciled,0.00000000,0.00000000,0.00,false,,
1790446010.658,hud,speed,,,,,"6.6 / 5.7",6.550
1790446010.658,hud,heading,,,,,"229° / 173°",228.500
1790446010.659,hud,drift,,,,,"146.15%",146.150
1790446010.659,hud,turns,,,,,"✗ turns: 3/15",
1790446010.659,hud,calib_s,,,,,"✓ Buffer 6s",
1790446010.660,marker,gnss,52.37172700,-1.24103000,186.80,true,,
1790446010.661,marker,dr,52.37032142,-1.24576295,131.50,true,,
1790446010.661,marker,reconciled,0.00000000,0.00000000,0.00,false,,
1790446010.706,hud,speed,,,,,"6.5 / 5.7",6.540
1790446010.706,hud,heading,,,,,"229° / 173°",228.600
1790446010.707,hud,drift,,,,,"146.01%",146.010
1790446010.707,hud,turns,,,,,"✗ turns: 3/15",
1790446010.708,hud,calib_s,,,,,"✓ Buffer 6s",
1790446010.709,marker,gnss,52.37172700,-1.24103000,186.80,true,,
1790446010.710,marker,dr,52.37031795,-1.24577073,131.40,true,,
1790446010.711,marker,reconciled,0.00000000,0.00000000,0.00,false,,
1790446010.757,hud,speed,,,,,"6.7 / 5.7",6.650
1790446010.757,hud,heading,,,,,"229° / 173°",228.800
1790446010.757,hud,drift,,,,,"145.87%",145.870
1790446010.758,hud,turns,,,,,"✗ turns: 3/15",
1790446010.758,hud,calib_s,,,,,"✓ Buffer 6s",
1790446010.758,marker,gnss,52.37172700,-1.24103000,186.80,true,,
1790446010.759,marker,dr,52.37031436,-1.24577876,131.20,true,,
1790446010.759,marker,reconciled,0.00000000,0.00000000,0.00,false,,
1790446010.805,hud,speed,,,,,"7.0 / 5.7",6.960
1790446010.806,hud,heading,,,,,"229° / 173°",228.700
1790446010.806,hud,drift,,,,,"145.75%",145.750
1790446010.806,hud,turns,,,,,"✗ turns: 3/15",
1790446010.806,hud,calib_s,,,,,"✓ Buffer 6s",
1790446010.808,marker,gnss,52.37172700,-1.24103000,186.80,true,,
1790446010.809,marker,dr,52.37031065,-1.24578696,131.30,true,,
1790446010.809,marker,reconciled,0.00000000,0.00000000,0.00,false,,
1790446010.860,hud,speed,,,,,"6.9 / 5.7",6.930
1790446010.861,hud,heading,,,,,"229° / 173°",228.500
1790446010.861,hud,drift,,,,,"145.62%",145.620
1790446010.862,hud,turns,,,,,"✗ turns: 3/15",
1790446010.862,hud,calib_s,,,,,"✓ Buffer 6s",
1790446010.863,marker,gnss,52.37172700,-1.24103000,186.80,true,,
1790446010.863,marker,dr,52.37030687,-1.24579529,131.50,true,,
1790446010.864,marker,reconciled,0.00000000,0.00000000,0.00,false,,
1790446010.907,hud,speed,,,,,"6.9 / 5.7",6.860
1790446010.907,hud,heading,,,,,"228° / 173°",228.200
1790446010.907,hud,drift,,,,,"145.50%",145.500
1790446010.908,hud,turns,,,,,"✗ turns: 3/15",
1790446010.908,hud,calib_s,,,,,"✓ Buffer 6s",
1790446010.908,marker,gnss,52.37172700,-1.24103000,186.80,true,,
1790446010.910,marker,dr,52.37030316,-1.24580345,131.80,true,,
1790446010.910,marker,reconciled,0.00000000,0.00000000,0.00,false,,
1790446010.959,hud,speed,,,,,"6.8 / 5.7",6.760
1790446010.959,hud,heading,,,,,"228° / 173°",228.000
1790446010.960,hud,drift,,,,,"145.37%",145.370
1790446010.960,hud,turns,,,,,"✗ turns: 3/15",
1790446010.960,hud,calib_s,,,,,"✓ Buffer 6s",
1790446010.960,marker,gnss,52.37172700,-1.24103000,186.80,true,,
1790446010.961,marker,dr,52.37029954,-1.24581147,132.00,true,,
1790446010.961,marker,reconciled,0.00000000,0.00000000,0.00,false,,
1790446011.008,hud,speed,,,,,"6.7 / 5.7",6.700
1790446011.008,hud,heading,,,,,"228° / 173°",228.100
1790446011.008,hud,drift,,,,,"145.24%",145.240
1790446011.009,hud,turns,,,,,"✗ turns: 3/15",
1790446011.009,hud,calib_s,,,,,"✓ Buffer 6s",
1790446011.010,marker,gnss,52.37172700,-1.24103000,186.80,true,,
1790446011.011,marker,dr,52.37029584,-1.24581948,131.90,true,,
1790446011.011,marker,reconciled,0.00000000,0.00000000,0.00,false,,
1790446011.066,hud,speed,,,,,"6.7 / 5.7",6.680
1790446011.067,hud,heading,,,,,"228° / 173°",228.200
1790446011.067,hud,drift,,,,,"145.10%",145.100
1790446011.067,hud,turns,,,,,"✗ turns: 3/15",
1790446011.068,hud,calib_s,,,,,"✓ Buffer 6s",
1790446011.068,marker,gnss,52.37172700,-1.24103000,186.80,true,,
1790446011.069,marker,dr,52.37029213,-1.24582729,131.80,true,,
1790446011.069,marker,reconciled,0.00000000,0.00000000,0.00,false,,
1790446011.108,hud,speed,,,,,"6.7 / 5.7",6.670
1790446011.109,hud,heading,,,,,"228° / 173°",228.300
1790446011.109,hud,drift,,,,,"144.97%",144.970
1790446011.109,hud,turns,,,,,"✗ turns: 3/15",
1790446011.109,hud,calib_s,,,,,"✓ Buffer 6s",
1790446011.110,marker,gnss,52.37172700,-1.24103000,186.80,true,,
1790446011.111,marker,dr,52.37028841,-1.24583502,131.70,true,,
1790446011.112,marker,reconciled,0.00000000,0.00000000,0.00,false,,
1790446011.162,hud,speed,,,,,"6.6 / 5.7",6.630
1790446011.163,hud,heading,,,,,"228° / 173°",228.400
1790446011.163,hud,drift,,,,,"144.83%",144.830
1790446011.163,hud,turns,,,,,"✗ turns: 3/15",
1790446011.163,hud,calib_s,,,,,"✓ Buffer 6s",
1790446011.164,marker,gnss,52.37172700,-1.24103000,186.80,true,,
1790446011.164,marker,dr,52.37028472,-1.24584255,131.60,true,,
1790446011.164,marker,reconciled,0.00000000,0.00000000,0.00,false,,
1790446011.212,hud,speed,,,,,"6.6 / 5.7",6.560
1790446011.213,hud,heading,,,,,"228° / 173°",228.200
1790446011.213,hud,drift,,,,,"144.69%",144.690
1790446011.213,hud,turns,,,,,"✗ turns: 3/15",
1790446011.213,hud,calib_s,,,,,"✓ Buffer 6s",
1790446011.215,marker,gnss,52.37172700,-1.24103000,186.80,true,,
1790446011.215,marker,dr,52.37028098,-1.24585003,131.80,true,,
1790446011.216,marker,reconciled,0.00000000,0.00000000,0.00,false,,
1790446011.265,hud,speed,,,,,"6.5 / 5.7",6.510
1790446011.265,hud,heading,,,,,"228° / 173°",228.200
1790446011.265,hud,drift,,,,,"144.55%",144.550
1790446011.266,hud,turns,,,,,"✗ turns: 3/15",
1790446011.266,hud,calib_s,,,,,"✓ Buffer 6s",
1790446011.266,marker,gnss,52.37172700,-1.24103000,186.80,true,,
1790446011.267,marker,dr,52.37027726,-1.24585745,131.80,true,,
1790446011.267,marker,reconciled,0.00000000,0.00000000,0.00,false,,
1790446011.316,hud,speed,,,,,"6.4 / 5.7",6.400
1790446011.316,hud,heading,,,,,"228° / 173°",228.100
1790446011.316,hud,drift,,,,,"144.41%",144.410
1790446011.316,hud,turns,,,,,"✗ turns: 3/15",
1790446011.317,hud,calib_s,,,,,"✓ Buffer 6s",
1790446011.317,marker,gnss,52.37172700,-1.24103000,186.80,true,,
1790446011.318,marker,dr,52.37027358,-1.24586468,131.90,true,,
1790446011.319,marker,reconciled,0.00000000,0.00000000,0.00,false,,
1790446011.368,hud,speed,,,,,"6.3 / 5.7",6.330
1790446011.368,hud,heading,,,,,"228° / 173°",228.200
1790446011.369,hud,drift,,,,,"144.26%",144.260
1790446011.369,hud,turns,,,,,"✗ turns: 3/15",
1790446011.369,hud,calib_s,,,,,"✓ Buffer 6s",
1790446011.370,marker,gnss,52.37172700,-1.24103000,186.80,true,,
1790446011.371,marker,dr,52.37026985,-1.24587184,131.80,true,,
1790446011.371,marker,reconciled,0.00000000,0.00000000,0.00,false,,
1790446011.416,hud,speed,,,,,"6.4 / 5.7",6.350
1790446011.417,hud,heading,,,,,"229° / 173°",228.500
1790446011.417,hud,drift,,,,,"144.11%",144.110
1790446011.417,hud,turns,,,,,"✗ turns: 3/15",
1790446011.418,hud,calib_s,,,,,"✓ Buffer 6s",
1790446011.420,marker,gnss,52.37172700,-1.24103000,186.80,true,,
1790446011.421,marker,dr,52.37026610,-1.24587887,131.50,true,,
1790446011.421,marker,reconciled,0.00000000,0.00000000,0.00,false,,
1790446011.480,hud,speed,,,,,"6.4 / 5.7",6.390
1790446011.481,hud,heading,,,,,"229° / 173°",228.700
1790446011.481,hud,drift,,,,,"143.97%",143.970
1790446011.482,hud,turns,,,,,"✗ turns: 3/15",
1790446011.482,hud,calib_s,,,,,"✓ Buffer 6s",
1790446011.483,marker,gnss,52.37172700,-1.24103000,186.80,true,,
1790446011.483,marker,dr,52.37026227,-1.24588588,131.30,true,,
1790446011.484,marker,reconciled,0.00000000,0.00000000,0.00,false,,
1790446011.516,hud,speed,,,,,"6.4 / 5.7",6.360
1790446011.517,hud,heading,,,,,"229° / 173°",228.700
1790446011.517,hud,drift,,,,,"143.82%",143.820
1790446011.517,hud,turns,,,,,"✗ turns: 3/15",
1790446011.518,hud,calib_s,,,,,"✓ Buffer 6s",
1790446011.518,marker,gnss,52.37172700,-1.24103000,186.80,true,,
1790446011.520,marker,dr,52.37025846,-1.24589272,131.30,true,,
1790446011.521,marker,reconciled,0.00000000,0.00000000,0.00,false,,
1790446011.573,hud,speed,,,,,"6.4 / 5.7",6.350
1790446011.573,hud,heading,,,,,"229° / 173°",228.700
1790446011.574,hud,drift,,,,,"143.67%",143.670
1790446011.574,hud,turns,,,,,"✗ turns: 3/15",
1790446011.574,hud,calib_s,,,,,"✓ Buffer 6s",
1790446011.575,marker,gnss,52.37172700,-1.24103000,186.80,true,,
1790446011.575,marker,dr,52.37025459,-1.24589959,131.30,true,,
1790446011.576,marker,reconciled,0.00000000,0.00000000,0.00,false,,
1790446011.620,hud,speed,,,,,"6.3 / 5.7",6.300
1790446011.620,hud,heading,,,,,"229° / 173°",228.800
1790446011.621,hud,drift,,,,,"143.52%",143.520
1790446011.621,hud,turns,,,,,"✗ turns: 3/15",
1790446011.621,hud,calib_s,,,,,"✓ Buffer 6s",
1790446011.622,marker,gnss,52.37172700,-1.24103000,186.80,true,,
1790446011.623,marker,dr,52.37025069,-1.24590632,131.20,true,,
1790446011.623,marker,reconciled,0.00000000,0.00000000,0.00,false,,
1790446011.677,hud,speed,,,,,"6.3 / 5.7",6.340
1790446011.677,hud,heading,,,,,"229° / 173°",229.000
1790446011.677,hud,drift,,,,,"143.38%",143.380
1790446011.678,hud,turns,,,,,"✗ turns: 3/15",
1790446011.678,hud,calib_s,,,,,"✓ Buffer 6s",
1790446011.678,marker,gnss,52.37172700,-1.24103000,186.80,true,,
1790446011.679,marker,dr,52.37024671,-1.24591304,131.00,true,,
1790446011.679,marker,reconciled,0.00000000,0.00000000,0.00,false,,
1790446011.726,hud,speed,,,,,"6.4 / 5.7",6.380
1790446011.727,hud,heading,,,,,"229° / 173°",229.100
1790446011.727,hud,drift,,,,,"143.23%",143.230
1790446011.727,hud,turns,,,,,"✗ turns: 3/15",
1790446011.727,hud,calib_s,,,,,"✓ Buffer 6s",
1790446011.728,marker,gnss,52.37172700,-1.24103000,186.80,true,,
1790446011.729,marker,dr,52.37024266,-1.24591974,130.90,true,,
1790446011.730,marker,reconciled,0.00000000,0.00000000,0.00,false,,
1790446011.776,hud,speed,,,,,"6.5 / 5.7",6.480
1790446011.776,hud,heading,,,,,"229° / 173°",229.100
1790446011.777,hud,drift,,,,,"143.09%",143.090
1790446011.777,hud,turns,,,,,"✗ turns: 3/15",
1790446011.777,hud,calib_s,,,,,"✓ Buffer 6s",
1790446011.777,marker,gnss,52.37172700,-1.24103000,186.80,true,,
1790446011.778,marker,dr,52.37023851,-1.24592660,130.90,true,,
1790446011.778,marker,reconciled,0.00000000,0.00000000,0.00,false,,
1790446011.825,hud,speed,,,,,"6.5 / 5.7",6.530
1790446011.826,hud,heading,,,,,"229° / 173°",229.100
1790446011.826,hud,drift,,,,,"142.95%",142.950
1790446011.826,hud,turns,,,,,"✗ turns: 3/15",
1790446011.826,hud,calib_s,,,,,"✓ Buffer 6s",
1790446011.828,marker,gnss,52.37172700,-1.24103000,186.80,true,,
1790446011.828,marker,dr,52.37023435,-1.24593342,130.90,true,,
1790446011.829,marker,reconciled,0.00000000,0.00000000,0.00,false,,
1790446011.881,hud,speed,,,,,"6.5 / 5.7",6.520
1790446011.881,hud,heading,,,,,"229° / 173°",229.100
1790446011.882,hud,drift,,,,,"142.81%",142.810
1790446011.882,hud,turns,,,,,"✗ turns: 3/15",
1790446011.882,hud,calib_s,,,,,"✓ Buffer 6s",
1790446011.883,marker,gnss,52.37172700,-1.24103000,186.80,true,,
1790446011.883,marker,dr,52.37023022,-1.24594015,130.90,true,,
1790446011.884,marker,reconciled,0.00000000,0.00000000,0.00,false,,
1790446011.929,hud,speed,,,,,"6.6 / 5.7",6.630
1790446011.929,hud,heading,,,,,"229° / 173°",229.300
1790446011.930,hud,drift,,,,,"142.67%",142.670
1790446011.930,hud,turns,,,,,"✗ turns: 3/15",
1790446011.930,hud,calib_s,,,,,"✓ Buffer 6s",
1790446011.930,marker,gnss,52.37172700,-1.24103000,186.80,true,,
1790446011.932,marker,dr,52.37022592,-1.24594710,130.70,true,,
1790446011.932,marker,reconciled,0.00000000,0.00000000,0.00,false,,
1790446011.979,hud,speed,,,,,"6.7 / 5.7",6.740
1790446011.980,hud,heading,,,,,"229° / 173°",229.300
1790446011.980,hud,drift,,,,,"142.54%",142.540
1790446011.980,hud,turns,,,,,"✗ turns: 3/15",
1790446011.981,hud,calib_s,,,,,"✓ Buffer 6s",
1790446011.981,marker,gnss,52.37172700,-1.24103000,186.80,true,,
1790446011.982,marker,dr,52.37022162,-1.24595404,130.70,true,,
1790446011.982,marker,reconciled,0.00000000,0.00000000,0.00,false,,
1790446012.028,hud,speed,,,,,"6.9 / 5.7",6.870
1790446012.028,hud,heading,,,,,"229° / 173°",229.300
1790446012.028,hud,drift,,,,,"142.42%",142.420
1790446012.029,hud,turns,,,,,"✗ turns: 3/15",
1790446012.029,hud,calib_s,,,,,"✓ Buffer 6s",
1790446012.030,marker,gnss,52.37172700,-1.24103000,186.80,true,,
1790446012.031,marker,dr,52.37021723,-1.24596119,130.70,true,,
1790446012.031,marker,reconciled,0.00000000,0.00000000,0.00,false,,
1790446012.090,hud,speed,,,,,"6.9 / 5.7",6.920
1790446012.090,hud,heading,,,,,"229° / 173°",229.300
1790446012.091,hud,drift,,,,,"142.30%",142.300
1790446012.091,hud,turns,,,,,"✗ turns: 3/15",
1790446012.091,hud,calib_s,,,,,"✓ Buffer 6s",
1790446012.092,marker,gnss,52.37172700,-1.24103000,186.80,true,,
1790446012.092,marker,dr,52.37021284,-1.24596846,130.70,true,,
1790446012.093,marker,reconciled,0.00000000,0.00000000,0.00,false,,
1790446012.128,hud,speed,,,,,"7.0 / 5.7",7.020
1790446012.129,hud,heading,,,,,"229° / 173°",229.200
1790446012.129,hud,drift,,,,,"142.18%",142.180
1790446012.129,hud,turns,,,,,"✗ turns: 3/15",
1790446012.129,hud,calib_s,,,,,"✓ Buffer 6s",
1790446012.129,marker,gnss,52.37172700,-1.24103000,186.80,true,,
1790446012.131,marker,dr,52.37020841,-1.24597583,130.80,true,,
1790446012.132,marker,reconciled,0.00000000,0.00000000,0.00,false,,
1790446012.183,hud,speed,,,,,"7.1 / 5.7",7.090
1790446012.183,hud,heading,,,,,"229° / 173°",229.100
1790446012.183,hud,drift,,,,,"142.06%",142.060
1790446012.184,hud,turns,,,,,"✗ turns: 3/15",
1790446012.184,hud,calib_s,,,,,"✓ Buffer 6s",
1790446012.184,marker,gnss,52.37172700,-1.24103000,186.80,true,,
1790446012.185,marker,dr,52.37020394,-1.24598325,130.90,true,,
1790446012.185,marker,reconciled,0.00000000,0.00000000,0.00,false,,
1790446012.233,hud,speed,,,,,"7.1 / 5.7",7.140
1790446012.233,hud,heading,,,,,"229° / 173°",229.000
1790446012.234,hud,drift,,,,,"141.95%",141.950
1790446012.234,hud,turns,,,,,"✗ turns: 3/15",
1790446012.234,hud,calib_s,,,,,"✓ Buffer 6s",
1790446012.235,marker,gnss,52.37172700,-1.24103000,186.80,true,,
1790446012.236,marker,dr,52.37019941,-1.24599081,131.00,true,,
1790446012.236,marker,reconciled,0.00000000,0.00000000,0.00,false,,
1790446012.289,hud,speed,,,,,"7.3 / 5.7",7.280
1790446012.290,hud,heading,,,,,"229° / 173°",229.000
1790446012.290,hud,drift,,,,,"141.84%",141.840
1790446012.290,hud,turns,,,,,"✗ turns: 3/15",
1790446012.291,hud,calib_s,,,,,"✓ Buffer 6s",
1790446012.291,marker,gnss,52.37172700,-1.24103000,186.80,true,,
1790446012.292,marker,dr,52.37019482,-1.24599842,131.00,true,,
1790446012.292,marker,reconciled,0.00000000,0.00000000,0.00,false,,
1790446012.338,hud,speed,,,,,"7.4 / 5.7",7.350
1790446012.338,hud,heading,,,,,"229° / 173°",229.000
1790446012.338,hud,drift,,,,,"141.74%",141.740
1790446012.339,hud,turns,,,,,"✗ turns: 3/15",
1790446012.339,hud,calib_s,,,,,"✓ Buffer 6s",
1790446012.339,marker,gnss,52.37172700,-1.24103000,186.80,true,,
1790446012.341,marker,dr,52.37019016,-1.24600608,131.00,true,,
1790446012.341,marker,reconciled,0.00000000,0.00000000,0.00,false,,
1790446012.389,hud,speed,,,,,"7.4 / 5.7",7.420
1790446012.390,hud,heading,,,,,"229° / 173°",229.000
1790446012.390,hud,drift,,,,,"141.63%",141.630
1790446012.391,hud,turns,,,,,"✗ turns: 3/15",
1790446012.391,hud,calib_s,,,,,"✓ Buffer 6s",
1790446012.391,marker,gnss,52.37172700,-1.24103000,186.80,true,,
1790446012.392,marker,dr,52.37018550,-1.24601373,131.00,true,,
1790446012.392,marker,reconciled,0.00000000,0.00000000,0.00,false,,
1790446012.433,hud,speed,,,,,"7.5 / 5.7",7.530
1790446012.434,hud,heading,,,,,"229° / 173°",229.200
1790446012.434,hud,drift,,,,,"141.54%",141.540
1790446012.434,hud,turns,,,,,"✗ turns: 3/15",
1790446012.435,hud,calib_s,,,,,"✓ Buffer 6s",
1790446012.436,marker,gnss,52.37172700,-1.24103000,186.80,true,,
1790446012.436,marker,dr,52.37018065,-1.24602163,130.80,true,,
1790446012.437,marker,reconciled,0.00000000,0.00000000,0.00,false,,
1790446012.485,hud,speed,,,,,"7.7 / 5.7",7.650
1790446012.485,hud,heading,,,,,"229° / 173°",229.000
1790446012.485,hud,drift,,,,,"141.44%",141.440
1790446012.485,hud,turns,,,,,"✗ turns: 3/15",
1790446012.486,hud,calib_s,,,,,"✓ Buffer 6s",
1790446012.486,marker,gnss,52.37172700,-1.24103000,186.80,true,,
1790446012.487,marker,dr,52.37017572,-1.24602962,131.00,true,,
1790446012.487,marker,reconciled,0.00000000,0.00000000,0.00,false,,
1790446012.540,hud,speed,,,,,"7.7 / 5.7",7.710
1790446012.540,hud,heading,,,,,"229° / 173°",228.900
1790446012.541,hud,drift,,,,,"141.35%",141.350
1790446012.541,hud,turns,,,,,"✗ turns: 3/15",
1790446012.541,hud,calib_s,,,,,"✓ Buffer 6s",
1790446012.542,marker,gnss,52.37172700,-1.24103000,186.80,true,,
1790446012.542,marker,dr,52.37017086,-1.24603735,131.10,true,,
1790446012.543,marker,reconciled,0.00000000,0.00000000,0.00,false,,
1790446012.588,hud,speed,,,,,"7.8 / 5.7",7.770
1790446012.589,hud,heading,,,,,"229° / 173°",229.100
1790446012.589,hud,drift,,,,,"141.26%",141.260
1790446012.589,hud,turns,,,,,"✗ turns: 3/15",
1790446012.589,hud,calib_s,,,,,"✓ Buffer 6s",
1790446012.591,marker,gnss,52.37172700,-1.24103000,186.80,true,,
1790446012.592,marker,dr,52.37016577,-1.24604536,130.90,true,,
1790446012.592,marker,reconciled,0.00000000,0.00000000,0.00,false,,
1790446012.637,hud,speed,,,,,"7.8 / 5.7",7.760
1790446012.638,hud,heading,,,,,"229° / 173°",229.100
1790446012.638,hud,drift,,,,,"141.17%",141.170
1790446012.638,hud,turns,,,,,"✗ turns: 3/15",
1790446012.638,hud,calib_s,,,,,"✓ Buffer 6s",
1790446012.638,marker,gnss,52.37172700,-1.24103000,186.80,true,,
1790446012.639,marker,dr,52.37016067,-1.24605317,130.90,true,,
1790446012.639,marker,reconciled,0.00000000,0.00000000,0.00,false,,
1790446012.691,hud,speed,,,,,"7.8 / 5.7",7.800
1790446012.692,hud,heading,,,,,"229° / 173°",229.200
1790446012.692,hud,drift,,,,,"141.08%",141.080
1790446012.692,hud,turns,,,,,"✗ turns: 3/15",
1790446012.692,hud,calib_s,,,,,"✓ Buffer 6s",
1790446012.693,marker,gnss,52.37172700,-1.24103000,186.80,true,,
1790446012.694,marker,dr,52.37015555,-1.24606103,130.80,true,,
1790446012.695,marker,reconciled,0.00000000,0.00000000,0.00,false,,
1790446012.740,hud,speed,,,,,"7.9 / 5.7",7.860
1790446012.741,hud,heading,,,,,"229° / 173°",229.000
1790446012.741,hud,drift,,,,,"140.99%",140.990
1790446012.741,hud,turns,,,,,"✗ turns: 3/15",
1790446012.741,hud,calib_s,,,,,"✓ Buffer 6s",
1790446012.742,marker,gnss,52.37172700,-1.24103000,186.80,true,,
1790446012.742,marker,dr,52.37015050,-1.24606894,131.00,true,,
1790446012.743,marker,reconciled,0.00000000,0.00000000,0.00,false,,
1790446012.794,hud,speed,,,,,"7.8 / 5.7",7.760
1790446012.795,hud,heading,,,,,"229° / 173°",228.500
1790446012.795,hud,drift,,,,,"140.90%",140.900
1790446012.796,hud,turns,,,,,"✗ turns: 3/15",
1790446012.797,hud,calib_s,,,,,"✓ Buffer 6s",
1790446012.798,marker,gnss,52.37172700,-1.24103000,186.80,true,,
1790446012.799,marker,dr,52.37014543,-1.24607690,131.50,true,,
1790446012.799,marker,reconciled,0.00000000,0.00000000,0.00,false,,
1790446012.852,hud,speed,,,,,"7.7 / 5.7",7.650
1790446012.853,hud,heading,,,,,"228° / 173°",228.200
1790446012.853,hud,drift,,,,,"140.80%",140.800
1790446012.853,hud,turns,,,,,"✗ turns: 3/15",
1790446012.853,hud,calib_s,,,,,"✓ Buffer 6s",
1790446012.854,marker,gnss,52.37172700,-1.24103000,186.80,true,,
1790446012.855,marker,dr,52.37014046,-1.24608457,131.80,true,,
1790446012.855,marker,reconciled,0.00000000,0.00000000,0.00,false,,
1790446012.892,hud,speed,,,,,"7.8 / 5.7",7.750
1790446012.892,hud,heading,,,,,"228° / 173°",228.000
1790446012.892,hud,drift,,,,,"140.71%",140.710
1790446012.893,hud,turns,,,,,"✗ turns: 3/15",
1790446012.893,hud,calib_s,,,,,"✓ Buffer 6s",
1790446012.893,marker,gnss,52.37172700,-1.24103000,186.80,true,,
1790446012.895,marker,dr,52.37013543,-1.24609210,132.00,true,,
1790446012.895,marker,reconciled,0.00000000,0.00000000,0.00,false,,
1790446012.943,hud,speed,,,,,"7.8 / 5.7",7.760
1790446012.943,hud,heading,,,,,"229° / 173°",228.500
1790446012.943,hud,drift,,,,,"140.62%",140.620
1790446012.944,hud,turns,,,,,"✗ turns: 3/15",
1790446012.944,hud,calib_s,,,,,"✓ Buffer 6s",
1790446012.944,marker,gnss,52.37172700,-1.24103000,186.80,true,,
1790446012.945,marker,dr,52.37013022,-1.24609983,131.50,true,,
1790446012.945,marker,reconciled,0.00000000,0.00000000,0.00,false,,
1790446012.996,hud,speed,,,,,"7.8 / 5.7",7.800
1790446012.996,hud,heading,,,,,"229° / 173°",228.900
1790446012.996,hud,drift,,,,,"140.53%",140.530
1790446012.996,hud,turns,,,,,"✗ turns: 3/15",
1790446012.997,hud,calib_s,,,,,"✓ Buffer 6s",
1790446012.998,marker,gnss,52.37172700,-1.24103000,186.80,true,,
1790446012.999,marker,dr,52.37012512,-1.24610754,131.10,true,,
1790446012.999,marker,reconciled,0.00000000,0.00000000,0.00,false,,
1790446013.051,hud,speed,,,,,"8.1 / 5.7",8.130
1790446013.051,hud,heading,,,,,"229° / 173°",228.700
1790446013.051,hud,drift,,,,,"140.46%",140.460
1790446013.052,hud,turns,,,,,"✗ turns: 3/15",
1790446013.052,hud,calib_s,,,,,"✓ Buffer 6s",
1790446013.052,marker,gnss,52.37172700,-1.24103000,186.80,true,,
1790446013.053,marker,dr,52.37011988,-1.24611586,131.30,true,,
1790446013.053,marker,reconciled,0.00000000,0.00000000,0.00,false,,
1790446013.101,hud,speed,,,,,"8.1 / 5.7",8.070
1790446013.101,hud,heading,,,,,"228° / 173°",228.200
1790446013.101,hud,drift,,,,,"140.38%",140.380
1790446013.101,hud,turns,,,,,"✗ turns: 3/15",
1790446013.102,hud,calib_s,,,,,"✓ Buffer 6s",
1790446013.102,marker,gnss,52.37172700,-1.24103000,186.80,true,,
1790446013.104,marker,dr,52.37011470,-1.24612428,131.80,true,,
1790446013.104,marker,reconciled,0.00000000,0.00000000,0.00,false,,
1790446013.152,hud,speed,,,,,"8.1 / 5.7",8.050
1790446013.152,hud,heading,,,,,"228° / 173°",228.000
1790446013.152,hud,drift,,,,,"140.30%",140.300
1790446013.153,hud,turns,,,,,"✗ turns: 3/15",
1790446013.153,hud,calib_s,,,,,"✓ Buffer 6s",
1790446013.153,marker,gnss,52.37172700,-1.24103000,186.80,true,,
1790446013.154,marker,dr,52.37010954,-1.24613248,132.00,true,,
1790446013.154,marker,reconciled,0.00000000,0.00000000,0.00,false,,
1790446013.198,hud,speed,,,,,"8.0 / 5.7",8.010
1790446013.199,hud,heading,,,,,"228° / 173°",228.000
1790446013.199,hud,drift,,,,,"140.22%",140.220
1790446013.199,hud,turns,,,,,"✗ turns: 3/15",
1790446013.199,hud,calib_s,,,,,"✓ Buffer 6s",
1790446013.200,marker,gnss,52.37172700,-1.24103000,186.80,true,,
1790446013.201,marker,dr,52.37010441,-1.24614062,132.00,true,,
1790446013.201,marker,reconciled,0.00000000,0.00000000,0.00,false,,
1790446013.247,hud,speed,,,,,"8.1 / 5.7",8.060
1790446013.247,hud,heading,,,,,"228° / 173°",228.000
1790446013.248,hud,drift,,,,,"140.15%",140.150
1790446013.248,hud,turns,,,,,"✗ turns: 3/15",
1790446013.248,hud,calib_s,,,,,"✓ Buffer 6s",
1790446013.248,marker,gnss,52.37172700,-1.24103000,186.80,true,,
1790446013.248,marker,dr,52.37009928,-1.24614891,132.00,true,,
1790446013.249,marker,reconciled,0.00000000,0.00000000,0.00,false,,
1790446013.299,hud,speed,,,,,"8.1 / 5.7",8.120
1790446013.300,hud,heading,,,,,"228° / 173°",228.400
1790446013.300,hud,drift,,,,,"140.08%",140.080
1790446013.300,hud,turns,,,,,"✗ turns: 3/15",
1790446013.300,hud,calib_s,,,,,"✓ Buffer 6s",
1790446013.301,marker,gnss,52.37172700,-1.24103000,186.80,true,,
1790446013.302,marker,dr,52.37009407,-1.24615743,131.60,true,,
1790446013.303,marker,reconciled,0.00000000,0.00000000,0.00,false,,
1790446013.357,hud,speed,,,,,"8.2 / 5.6",8.220
1790446013.358,hud,heading,,,,,"229° / 283°",228.600
1790446013.358,hud,drift,,,,,"129.79%",129.790
1790446013.358,hud,turns,,,,,"✗ turns: 3/15",
1790446013.359,hud,calib_s,,,,,"✓ Buffer 6s",
1790446013.359,marker,gnss,52.37152500,-1.24099200,76.80,true,,
1790446013.360,marker,dr,52.37008898,-1.24616587,131.40,true,,
1790446013.360,marker,reconciled,0.00000000,0.00000000,0.00,false,,
1790446013.403,hud,speed,,,,,"8.4 / 5.6",8.440
1790446013.403,hud,heading,,,,,"229° / 283°",228.500
1790446013.404,hud,drift,,,,,"129.66%",129.660
1790446013.404,hud,turns,,,,,"✗ turns: 3/15",
1790446013.404,hud,calib_s,,,,,"✓ Buffer 6s",
1790446013.406,marker,gnss,52.37152500,-1.24099200,76.80,true,,
1790446013.406,marker,dr,52.37008371,-1.24617480,131.50,true,,
1790446013.407,marker,reconciled,0.00000000,0.00000000,0.00,false,,
1790446013.453,hud,speed,,,,,"8.6 / 5.6",8.630
1790446013.454,hud,heading,,,,,"229° / 283°",228.500
1790446013.454,hud,drift,,,,,"129.55%",129.550
1790446013.454,hud,turns,,,,,"✗ turns: 3/15",
1790446013.455,hud,calib_s,,,,,"✓ Buffer 6s",
1790446013.455,marker,gnss,52.37152500,-1.24099200,76.80,true,,
1790446013.455,marker,dr,52.37007838,-1.24618400,131.50,true,,
1790446013.456,marker,reconciled,0.00000000,0.00000000,0.00,false,,
1790446013.505,hud,speed,,,,,"8.8 / 5.6",8.770
1790446013.505,hud,heading,,,,,"228° / 283°",228.400
1790446013.505,hud,drift,,,,,"129.44%",129.440
1790446013.506,hud,turns,,,,,"✗ turns: 3/15",
1790446013.506,hud,calib_s,,,,,"✓ Buffer 6s",
1790446013.507,marker,gnss,52.37152500,-1.24099200,76.80,true,,
1790446013.508,marker,dr,52.37007298,-1.24619337,131.60,true,,
1790446013.509,marker,reconciled,0.00000000,0.00000000,0.00,false,,
1790446013.557,hud,speed,,,,,"8.9 / 5.6",8.860
1790446013.557,hud,heading,,,,,"228° / 283°",228.400
1790446013.557,hud,drift,,,,,"129.33%",129.330
1790446013.558,hud,turns,,,,,"✗ turns: 3/15",
1790446013.558,hud,calib_s,,,,,"✓ Buffer 6s",
1790446013.558,marker,gnss,52.37152500,-1.24099200,76.80,true,,
1790446013.559,marker,dr,52.37006752,-1.24620283,131.60,true,,
1790446013.559,marker,reconciled,0.00000000,0.00000000,0.00,false,,
1790446013.606,hud,speed,,,,,"9.0 / 5.6",8.950
1790446013.606,hud,heading,,,,,"228° / 283°",228.400
1790446013.607,hud,drift,,,,,"129.23%",129.230
1790446013.607,hud,turns,,,,,"✗ turns: 3/15",
1790446013.607,hud,calib_s,,,,,"✓ Buffer 6s",
1790446013.608,marker,gnss,52.37152500,-1.24099200,76.80,true,,
1790446013.609,marker,dr,52.37006202,-1.24621242,131.60,true,,
1790446013.609,marker,reconciled,0.00000000,0.00000000,0.00,false,,
1790446013.661,hud,speed,,,,,"9.0 / 5.6",8.960
1790446013.661,hud,heading,,,,,"228° / 283°",228.200
1790446013.661,hud,drift,,,,,"129.13%",129.130
1790446013.662,hud,turns,,,,,"✗ turns: 3/15",
1790446013.662,hud,calib_s,,,,,"✓ Buffer 6s",
1790446013.662,marker,gnss,52.37152500,-1.24099200,76.80,true,,
1790446013.663,marker,dr,52.37005657,-1.24622209,131.80,true,,
1790446013.663,marker,reconciled,0.00000000,0.00000000,0.00,false,,
1790446013.707,hud,speed,,,,,"9.0 / 5.6",8.960
1790446013.707,hud,heading,,,,,"228° / 283°",228.200
1790446013.707,hud,drift,,,,,"129.03%",129.030
1790446013.708,hud,turns,,,,,"✗ turns: 3/15",
1790446013.708,hud,calib_s,,,,,"✓ Buffer 6s",
1790446013.708,marker,gnss,52.37152500,-1.24099200,76.80,true,,
1790446013.709,marker,dr,52.37005111,-1.24623175,131.80,true,,
1790446013.710,marker,reconciled,0.00000000,0.00000000,0.00,false,,
1790446013.761,hud,speed,,,,,"8.9 / 5.6",8.930
1790446013.761,hud,heading,,,,,"228° / 283°",228.300
1790446013.761,hud,drift,,,,,"128.93%",128.930
1790446013.762,hud,turns,,,,,"✗ turns: 3/15",
1790446013.762,hud,calib_s,,,,,"✓ Buffer 6s",
1790446013.762,marker,gnss,52.37152500,-1.24099200,76.80,true,,
1790446013.763,marker,dr,52.37004566,-1.24624137,131.70,true,,
1790446013.763,marker,reconciled,0.00000000,0.00000000,0.00,false,,
1790446013.808,hud,speed,,,,,"8.8 / 5.6",8.770
1790446013.809,hud,heading,,,,,"228° / 283°",228.300
1790446013.809,hud,drift,,,,,"128.82%",128.820
1790446013.809,hud,turns,,,,,"✗ turns: 3/15",
1790446013.810,hud,calib_s,,,,,"✓ Buffer 6s",
1790446013.811,marker,gnss,52.37152500,-1.24099200,76.80,true,,
1790446013.812,marker,dr,52.37004032,-1.24625084,131.70,true,,
1790446013.812,marker,reconciled,0.00000000,0.00000000,0.00,false,,
1790446013.866,hud,speed,,,,,"8.6 / 5.6",8.620
1790446013.866,hud,heading,,,,,"228° / 283°",228.300
1790446013.866,hud,drift,,,,,"128.72%",128.720
1790446013.867,hud,turns,,,,,"✗ turns: 3/15",
1790446013.867,hud,calib_s,,,,,"✓ Buffer 6s",
1790446013.867,marker,gnss,52.37152500,-1.24099200,76.80,true,,
1790446013.868,marker,dr,52.37003510,-1.24626018,131.70,true,,
1790446013.869,marker,reconciled,0.00000000,0.00000000,0.00,false,,
1790446013.907,hud,speed,,,,,"8.6 / 5.6",8.570
1790446013.908,hud,heading,,,,,"228° / 283°",228.400
1790446013.908,hud,drift,,,,,"128.61%",128.610
1790446013.908,hud,turns,,,,,"✗ turns: 3/15",
1790446013.908,hud,calib_s,,,,,"✓ Buffer 6s",
1790446013.908,marker,gnss,52.37152500,-1.24099200,76.80,true,,
1790446013.910,marker,dr,52.37002985,-1.24626957,131.60,true,,
1790446013.910,marker,reconciled,0.00000000,0.00000000,0.00,false,,
1790446013.959,hud,speed,,,,,"8.4 / 5.6",8.390
1790446013.959,hud,heading,,,,,"229° / 283°",228.500
1790446013.960,hud,drift,,,,,"128.49%",128.490
1790446013.960,hud,turns,,,,,"✗ turns: 3/15",
1790446013.960,hud,calib_s,,,,,"✓ Buffer 6s",
1790446013.960,marker,gnss,52.37152500,-1.24099200,76.80,true,,
1790446013.961,marker,dr,52.37002476,-1.24627865,131.50,true,,
1790446013.961,marker,reconciled,0.00000000,0.00000000,0.00,false,,
1790446014.016,hud,speed,,,,,"8.4 / 5.6",8.350
1790446014.016,hud,heading,,,,,"229° / 283°",228.600
1790446014.017,hud,drift,,,,,"128.38%",128.380
1790446014.017,hud,turns,,,,,"✗ turns: 3/15",
1790446014.017,hud,calib_s,,,,,"✓ Buffer 6s",
1790446014.018,marker,gnss,52.37152500,-1.24099200,76.80,true,,
1790446014.019,marker,dr,52.37001974,-1.24628761,131.40,true,,
1790446014.019,marker,reconciled,0.00000000,0.00000000,0.00,false,,
1790446014.065,hud,speed,,,,,"8.3 / 5.6",8.280
1790446014.065,hud,heading,,,,,"229° / 283°",228.700
1790446014.066,hud,drift,,,,,"128.26%",128.260
1790446014.066,hud,turns,,,,,"✗ turns: 3/15",
1790446014.067,hud,calib_s,,,,,"✓ Buffer 6s",
1790446014.067,marker,gnss,52.37152500,-1.24099200,76.80,true,,
1790446014.068,marker,dr,52.37001475,-1.24629663,131.30,true,,
1790446014.068,marker,reconciled,0.00000000,0.00000000,0.00,false,,
1790446014.117,hud,speed,,,,,"8.2 / 5.6",8.200
1790446014.117,hud,heading,,,,,"229° / 283°",228.600
1790446014.118,hud,drift,,,,,"128.14%",128.140
1790446014.118,hud,turns,,,,,"✗ turns: 3/15",
1790446014.118,hud,calib_s,,,,,"✓ Buffer 6s",
1790446014.119,marker,gnss,52.37152500,-1.24099200,76.80,true,,
1790446014.120,marker,dr,52.37000983,-1.24630559,131.40,true,,
1790446014.121,marker,reconciled,0.00000000,0.00000000,0.00,false,,
1790446014.169,hud,speed,,,,,"8.2 / 5.6",8.160
1790446014.169,hud,heading,,,,,"229° / 283°",228.700
1790446014.170,hud,drift,,,,,"128.03%",128.030
1790446014.170,hud,turns,,,,,"✗ turns: 3/15",
1790446014.171,hud,calib_s,,,,,"✓ Buffer 6s",
1790446014.171,marker,gnss,52.37152500,-1.24099200,76.80,true,,
1790446014.172,marker,dr,52.37000487,-1.24631459,131.30,true,,
1790446014.172,marker,reconciled,0.00000000,0.00000000,0.00,false,,
1790446014.213,hud,speed,,,,,"8.1 / 5.6",8.080
1790446014.213,hud,heading,,,,,"229° / 283°",228.700
1790446014.213,hud,drift,,,,,"127.91%",127.910
1790446014.213,hud,turns,,,,,"✗ turns: 3/15",
1790446014.214,hud,calib_s,,,,,"✓ Buffer 6s",
1790446014.215,marker,gnss,52.37152500,-1.24099200,76.80,true,,
1790446014.216,marker,dr,52.37000010,-1.24632339,131.30,true,,
1790446014.216,marker,reconciled,0.00000000,0.00000000,0.00,false,,
1790446014.264,hud,speed,,,,,"8.0 / 5.6",7.970
1790446014.265,hud,heading,,,,,"229° / 283°",228.800
1790446014.265,hud,drift,,,,,"127.78%",127.780
1790446014.265,hud,turns,,,,,"✗ turns: 3/15",
1790446014.265,hud,calib_s,,,,,"✓ Buffer 6s",
1790446014.266,marker,gnss,52.37152500,-1.24099200,76.80,true,,
1790446014.266,marker,dr,52.36999533,-1.24633227,131.20,true,,
1790446014.267,marker,reconciled,0.00000000,0.00000000,0.00,false,,
1790446014.315,hud,speed,,,,,"7.9 / 5.6",7.870
1790446014.315,hud,heading,,,,,"229° / 283°",228.900
1790446014.315,hud,drift,,,,,"127.66%",127.660
1790446014.316,hud,turns,,,,,"✗ turns: 3/15",
1790446014.316,hud,calib_s,,,,,"✓ Buffer 6s",
1790446014.316,marker,gnss,52.37152500,-1.24099200,76.80,true,,
1790446014.318,marker,dr,52.36999067,-1.24634097,131.10,true,,
1790446014.318,marker,reconciled,0.00000000,0.00000000,0.00,false,,
1790446014.374,hud,speed,,,,,"7.8 / 5.6",7.780
1790446014.374,hud,heading,,,,,"229° / 283°",228.700
1790446014.374,hud,drift,,,,,"127.53%",127.530
1790446014.375,hud,turns,,,,,"✗ turns: 3/15",
1790446014.375,hud,calib_s,,,,,"✓ Buffer 6s",
1790446014.375,marker,gnss,52.37152500,-1.24099200,76.80,true,,
1790446014.376,marker,dr,52.36998605,-1.24634956,131.30,true,,
1790446014.376,marker,reconciled,0.00000000,0.00000000,0.00,false,,
1790446014.417,hud,speed,,,,,"7.7 / 5.6",7.670
1790446014.417,hud,heading,,,,,"229° / 283°",228.700
1790446014.418,hud,drift,,,,,"127.41%",127.410
1790446014.418,hud,turns,,,,,"✗ turns: 3/15",
1790446014.418,hud,calib_s,,,,,"✓ Buffer 6s",
1790446014.420,marker,gnss,52.37152500,-1.24099200,76.80,true,,
1790446014.420,marker,dr,52.36998152,-1.24635790,131.30,true,,
1790446014.421,marker,reconciled,0.00000000,0.00000000,0.00,false,,
1790446014.467,hud,speed,,,,,"7.6 / 5.6",7.580
1790446014.468,hud,heading,,,,,"229° / 283°",228.800
1790446014.468,hud,drift,,,,,"127.27%",127.270
1790446014.468,hud,turns,,,,,"✗ turns: 3/15",
1790446014.468,hud,calib_s,,,,,"✓ Buffer 6s",
1790446014.469,marker,gnss,52.37152500,-1.24099200,76.80,true,,
1790446014.469,marker,dr,52.36997694,-1.24636629,131.20,true,,
1790446014.469,marker,reconciled,0.00000000,0.00000000,0.00,false,,
1790446014.520,hud,speed,,,,,"7.5 / 5.6",7.500
1790446014.521,hud,heading,,,,,"229° / 283°",228.700
1790446014.521,hud,drift,,,,,"127.14%",127.140
1790446014.521,hud,turns,,,,,"✗ turns: 3/15",
1790446014.522,hud,calib_s,,,,,"✓ Buffer 6s",
1790446014.522,marker,gnss,52.37152500,-1.24099200,76.80,true,,
1790446014.524,marker,dr,52.36997249,-1.24637442,131.30,true,,
1790446014.524,marker,reconciled,0.00000000,0.00000000,0.00,false,,
1790446014.575,hud,speed,,,,,"7.4 / 5.6",7.380
1790446014.575,hud,heading,,,,,"229° / 283°",228.600
1790446014.576,hud,drift,,,,,"127.01%",127.010
1790446014.576,hud,turns,,,,,"✗ turns: 3/15",
1790446014.577,hud,calib_s,,,,,"✓ Buffer 6s",
1790446014.577,marker,gnss,52.37152500,-1.24099200,76.80,true,,
1790446014.578,marker,dr,52.36996806,-1.24638247,131.40,true,,
1790446014.578,marker,reconciled,0.00000000,0.00000000,0.00,false,,
1790446014.625,hud,speed,,,,,"7.3 / 5.6",7.260
1790446014.626,hud,heading,,,,,"229° / 283°",228.500
1790446014.626,hud,drift,,,,,"126.87%",126.870
1790446014.626,hud,turns,,,,,"✗ turns: 3/15",
1790446014.627,hud,calib_s,,,,,"✓ Buffer 6s",
1790446014.628,marker,gnss,52.37152500,-1.24099200,76.80,true,,
1790446014.629,marker,dr,52.36996361,-1.24639026,131.50,true,,
1790446014.629,marker,reconciled,0.00000000,0.00000000,0.00,false,,
1790446014.675,hud,speed,,,,,"7.1 / 5.6",7.130
1790446014.675,hud,heading,,,,,"228° / 283°",228.400
1790446014.675,hud,drift,,,,,"126.72%",126.720
1790446014.676,hud,turns,,,,,"✗ turns: 3/15",
1790446014.676,hud,calib_s,,,,,"✓ Buffer 6s",
1790446014.676,marker,gnss,52.37152500,-1.24099200,76.80,true,,
1790446014.677,marker,dr,52.36995914,-1.24639772,131.60,true,,
1790446014.677,marker,reconciled,0.00000000,0.00000000,0.00,false,,
1790446014.725,hud,speed,,,,,"7.0 / 5.6",7.000
1790446014.725,hud,heading,,,,,"228° / 283°",228.100
1790446014.725,hud,drift,,,,,"126.57%",126.570
1790446014.725,hud,turns,,,,,"✗ turns: 3/15",
1790446014.726,hud,calib_s,,,,,"✓ Buffer 6s",
1790446014.726,marker,gnss,52.37152500,-1.24099200,76.80,true,,
1790446014.728,marker,dr,52.36995462,-1.24640497,131.90,true,,
1790446014.728,marker,reconciled,0.00000000,0.00000000,0.00,false,,
1790446014.773,hud,speed,,,,,"7.0 / 5.6",6.950
1790446014.773,hud,heading,,,,,"228° / 283°",228.000
1790446014.773,hud,drift,,,,,"126.41%",126.410
1790446014.774,hud,turns,,,,,"✗ turns: 3/15",
1790446014.774,hud,calib_s,,,,,"✓ Buffer 6s",
1790446014.775,marker,gnss,52.37152500,-1.24099200,76.80,true,,
1790446014.775,marker,dr,52.36995012,-1.24641180,132.00,true,,
1790446014.776,marker,reconciled,0.00000000,0.00000000,0.00,false,,
1790446014.827,hud,speed,,,,,"6.9 / 5.6",6.920
1790446014.828,hud,heading,,,,,"228° / 283°",227.700
1790446014.828,hud,drift,,,,,"126.25%",126.250
1790446014.828,hud,turns,,,,,"✗ turns: 3/15",
1790446014.828,hud,calib_s,,,,,"✓ Buffer 6s",
1790446014.830,marker,gnss,52.37152500,-1.24099200,76.80,true,,
1790446014.831,marker,dr,52.36994540,-1.24641841,132.30,true,,
1790446014.831,marker,reconciled,0.00000000,0.00000000,0.00,false,,
1790446014.880,hud,speed,,,,,"7.0 / 5.6",6.980
1790446014.880,hud,heading,,,,,"228° / 283°",227.700
1790446014.881,hud,drift,,,,,"126.10%",126.100
1790446014.881,hud,turns,,,,,"✗ turns: 3/15",
1790446014.881,hud,calib_s,,,,,"✓ Buffer 6s",
1790446014.882,marker,gnss,52.37152500,-1.24099200,76.80,true,,
1790446014.882,marker,dr,52.36994064,-1.24642467,132.30,true,,
1790446014.883,marker,reconciled,0.00000000,0.00000000,0.00,false,,
1790446014.925,hud,speed,,,,,"7.0 / 5.6",6.990
1790446014.925,hud,heading,,,,,"228° / 283°",227.800
1790446014.926,hud,drift,,,,,"125.94%",125.940
1790446014.926,hud,turns,,,,,"✗ turns: 3/15",
1790446014.926,hud,calib_s,,,,,"✓ Buffer 6s",
1790446014.927,marker,gnss,52.37152500,-1.24099200,76.80,true,,
1790446014.928,marker,dr,52.36993569,-1.24643096,132.20,true,,
1790446014.929,marker,reconciled,0.00000000,0.00000000,0.00,false,,
1790446014.977,hud,speed,,,,,"7.0 / 5.6",7.000
1790446014.978,hud,heading,,,,,"228° / 283°",227.800
1790446014.978,hud,drift,,,,,"125.78%",125.780
1790446014.978,hud,turns,,,,,"✗ turns: 3/15",
1790446014.978,hud,calib_s,,,,,"✓ Buffer 6s",
1790446014.979,marker,gnss,52.37152500,-1.24099200,76.80,true,,
1790446014.979,marker,dr,52.36993074,-1.24643700,132.20,true,,
1790446014.980,marker,reconciled,0.00000000,0.00000000,0.00,false,,
1790446015.026,hud,speed,,,,,"7.0 / 5.6",7.020
1790446015.027,hud,heading,,,,,"228° / 283°",227.600
1790446015.027,hud,drift,,,,,"125.62%",125.620
1790446015.027,hud,turns,,,,,"✗ turns: 3/15",
1790446015.027,hud,calib_s,,,,,"✓ Buffer 6s",
1790446015.029,marker,gnss,52.37152500,-1.24099200,76.80,true,,
1790446015.029,marker,dr,52.36992569,-1.24644300,132.40,true,,
1790446015.030,marker,reconciled,0.00000000,0.00000000,0.00,false,,
1790446015.081,hud,speed,,,,,"7.1 / 5.6",7.060
1790446015.082,hud,heading,,,,,"228° / 283°",227.500
1790446015.082,hud,drift,,,,,"125.46%",125.460
1790446015.082,hud,turns,,,,,"✗ turns: 3/15",
1790446015.082,hud,calib_s,,,,,"✓ Buffer 6s",
1790446015.083,marker,gnss,52.37152500,-1.24099200,76.80,true,,
1790446015.083,marker,dr,52.36992057,-1.24644889,132.50,true,,
1790446015.084,marker,reconciled,0.00000000,0.00000000,0.00,false,,
1790446015.129,hud,speed,,,,,"7.1 / 5.6",7.060
1790446015.129,hud,heading,,,,,"228° / 283°",227.600
1790446015.130,hud,drift,,,,,"125.30%",125.300
1790446015.130,hud,turns,,,,,"✗ turns: 3/15",
1790446015.130,hud,calib_s,,,,,"✓ Buffer 6s",
1790446015.131,marker,gnss,52.37152500,-1.24099200,76.80,true,,
1790446015.132,marker,dr,52.36991537,-1.24645467,132.40,true,,
1790446015.132,marker,reconciled,0.00000000,0.00000000,0.00,false,,
1790446015.184,hud,speed,,,,,"7.1 / 5.6",7.050
1790446015.184,hud,heading,,,,,"228° / 283°",227.700
1790446015.185,hud,drift,,,,,"125.14%",125.140
1790446015.185,hud,turns,,,,,"✗ turns: 3/15",
1790446015.185,hud,calib_s,,,,,"✓ Buffer 6s",
1790446015.186,marker,gnss,52.37152500,-1.24099200,76.80,true,,
1790446015.186,marker,dr,52.36991009,-1.24646051,132.30,true,,
1790446015.187,marker,reconciled,0.00000000,0.00000000,0.00,false,,
1790446015.227,hud,speed,,,,,"7.1 / 5.6",7.050
1790446015.228,hud,heading,,,,,"228° / 283°",227.600
1790446015.228,hud,drift,,,,,"124.99%",124.990
1790446015.228,hud,turns,,,,,"✗ turns: 3/15",
1790446015.228,hud,calib_s,,,,,"✓ Buffer 6s",
1790446015.229,marker,gnss,52.37152500,-1.24099200,76.80,true,,
1790446015.230,marker,dr,52.36990492,-1.24646621,132.40,true,,
1790446015.230,marker,reconciled,0.00000000,0.00000000,0.00,false,,
1790446015.288,hud,speed,,,,,"7.1 / 5.6",7.080
1790446015.288,hud,heading,,,,,"228° / 283°",227.500
1790446015.288,hud,drift,,,,,"124.83%",124.830
1790446015.289,hud,turns,,,,,"✗ turns: 3/15",
1790446015.289,hud,calib_s,,,,,"✓ Buffer 6s",
1790446015.289,marker,gnss,52.37152500,-1.24099200,76.80,true,,
1790446015.290,marker,dr,52.36989968,-1.24647196,132.50,true,,
1790446015.290,marker,reconciled,0.00000000,0.00000000,0.00,false,,
1790446015.331,hud,speed,,,,,"7.1 / 5.6",7.090
1790446015.331,hud,heading,,,,,"227° / 283°",227.300
1790446015.331,hud,drift,,,,,"124.68%",124.680
1790446015.332,hud,turns,,,,,"✗ turns: 3/15",
1790446015.332,hud,calib_s,,,,,"✓ Buffer 6s",
1790446015.332,marker,gnss,52.37152500,-1.24099200,76.80,true,,
1790446015.334,marker,dr,52.36989441,-1.24647776,132.70,true,,
1790446015.334,marker,reconciled,0.00000000,0.00000000,0.00,false,,
1790446015.390,hud,speed,,,,,"7.1 / 5.6",7.050
1790446015.390,hud,heading,,,,,"227° / 283°",227.400
1790446015.390,hud,drift,,,,,"124.52%",124.520
1790446015.391,hud,turns,,,,,"✗ turns: 3/15",
1790446015.391,hud,calib_s,,,,,"✓ Buffer 6s",
1790446015.391,marker,gnss,52.37152500,-1.24099200,76.80,true,,
1790446015.392,marker,dr,52.36988917,-1.24648352,132.60,true,,
1790446015.392,marker,reconciled,0.00000000,0.00000000,0.00,false,,
1790446015.435,hud,speed,,,,,"6.9 / 5.6",6.920
1790446015.435,hud,heading,,,,,"228° / 283°",227.600
1790446015.435,hud,drift,,,,,"124.37%",124.370
1790446015.436,hud,turns,,,,,"✗ turns: 3/15",
1790446015.436,hud,calib_s,,,,,"✓ Buffer 6s",
1790446015.437,marker,gnss,52.37152500,-1.24099200,76.80,true,,
1790446015.438,marker,dr,52.36988410,-1.24648926,132.40,true,,
1790446015.439,marker,reconciled,0.00000000,0.00000000,0.00,false,,
1790446015.488,hud,speed,,,,,"6.7 / 5.6",6.730
1790446015.488,hud,heading,,,,,"228° / 283°",227.700
1790446015.489,hud,drift,,,,,"124.21%",124.210
1790446015.489,hud,turns,,,,,"✗ turns: 3/15",
1790446015.489,hud,calib_s,,,,,"✓ Buffer 6s",
1790446015.490,marker,gnss,52.37152500,-1.24099200,76.80,true,,
1790446015.490,marker,dr,52.36987915,-1.24649507,132.30,true,,
1790446015.491,marker,reconciled,0.00000000,0.00000000,0.00,false,,
1790446015.535,hud,speed,,,,,"6.6 / 5.6",6.560
1790446015.536,hud,heading,,,,,"228° / 283°",227.800
1790446015.536,hud,drift,,,,,"124.06%",124.060
1790446015.536,hud,turns,,,,,"✗ turns: 3/15",
1790446015.537,hud,calib_s,,,,,"✓ Buffer 6s",
1790446015.537,marker,gnss,52.37152500,-1.24099200,76.80,true,,
1790446015.539,marker,dr,52.36987444,-1.24650098,132.20,true,,
1790446015.539,marker,reconciled,0.00000000,0.00000000,0.00,false,,
1790446015.587,hud,speed,,,,,"6.5 / 5.6",6.490
1790446015.587,hud,heading,,,,,"228° / 283°",227.800
1790446015.588,hud,drift,,,,,"123.90%",123.900
1790446015.588,hud,turns,,,,,"✗ turns: 3/15",
1790446015.588,hud,calib_s,,,,,"✓ Buffer 6s",
1790446015.589,marker,gnss,52.37152500,-1.24099200,76.80,true,,
1790446015.589,marker,dr,52.36986989,-1.24650701,132.20,true,,
1790446015.590,marker,reconciled,0.00000000,0.00000000,0.00,false,,
1790446015.633,hud,speed,,,,,"6.4 / 5.6",6.390
1790446015.634,hud,heading,,,,,"228° / 283°",227.800
1790446015.634,hud,drift,,,,,"123.74%",123.740
1790446015.634,hud,turns,,,,,"✗ turns: 3/15",
1790446015.634,hud,calib_s,,,,,"✓ Buffer 6s",
1790446015.636,marker,gnss,52.37152500,-1.24099200,76.80,true,,
1790446015.636,marker,dr,52.36986547,-1.24651321,132.20,true,,
1790446015.637,marker,reconciled,0.00000000,0.00000000,0.00,false,,
1790446015.685,hud,speed,,,,,"6.3 / 5.6",6.260
1790446015.685,hud,heading,,,,,"228° / 283°",228.000
1790446015.686,hud,drift,,,,,"123.58%",123.580
1790446015.686,hud,turns,,,,,"✗ turns: 3/15",
1790446015.686,hud,calib_s,,,,,"✓ Buffer 6s",
1790446015.687,marker,gnss,52.37152500,-1.24099200,76.80,true,,
1790446015.687,marker,dr,52.36986128,-1.24651941,132.00,true,,
1790446015.687,marker,reconciled,0.00000000,0.00000000,0.00,false,,
1790446015.741,hud,speed,,,,,"6.2 / 5.6",6.160
1790446015.742,hud,heading,,,,,"228° / 283°",228.000
1790446015.742,hud,drift,,,,,"123.43%",123.430
1790446015.743,hud,turns,,,,,"✗ turns: 3/15",
1790446015.743,hud,calib_s,,,,,"✓ Buffer 6s",
1790446015.743,marker,gnss,52.37152500,-1.24099200,76.80,true,,
1790446015.745,marker,dr,52.36985731,-1.24652563,132.00,true,,
1790446015.745,marker,reconciled,0.00000000,0.00000000,0.00,false,,
1790446015.793,hud,speed,,,,,"6.0 / 5.6",5.970
1790446015.793,hud,heading,,,,,"228° / 283°",227.900
1790446015.793,hud,drift,,,,,"123.26%",123.260
1790446015.794,hud,turns,,,,,"✗ turns: 3/15",
1790446015.794,hud,calib_s,,,,,"✓ Buffer 6s",
1790446015.794,marker,gnss,52.37152500,-1.24099200,76.80,true,,
1790446015.795,marker,dr,52.36985353,-1.24653184,132.10,true,,
1790446015.795,marker,reconciled,0.00000000,0.00000000,0.00,false,,
1790446015.836,hud,speed,,,,,"6.0 / 5.6",5.950
1790446015.836,hud,heading,,,,,"228° / 283°",227.900
1790446015.837,hud,drift,,,,,"123.10%",123.100
1790446015.837,hud,turns,,,,,"✗ turns: 3/15",
1790446015.837,hud,calib_s,,,,,"✓ Buffer 6s",
1790446015.838,marker,gnss,52.37152500,-1.24099200,76.80,true,,
1790446015.839,marker,dr,52.36984981,-1.24653814,132.10,true,,
1790446015.839,marker,reconciled,0.00000000,0.00000000,0.00,false,,
1790446015.895,hud,speed,,,,,"6.0 / 5.6",5.950
1790446015.895,hud,heading,,,,,"228° / 283°",227.900
1790446015.896,hud,drift,,,,,"122.94%",122.940
1790446015.896,hud,turns,,,,,"✗ turns: 3/15",
1790446015.896,hud,calib_s,,,,,"✓ Buffer 6s",
1790446015.897,marker,gnss,52.37152500,-1.24099200,76.80,true,,
1790446015.897,marker,dr,52.36984617,-1.24654454,132.10,true,,
1790446015.898,marker,reconciled,0.00000000,0.00000000,0.00,false,,
1790446015.939,hud,speed,,,,,"5.9 / 5.6",5.920
1790446015.939,hud,heading,,,,,"228° / 283°",227.800
1790446015.939,hud,drift,,,,,"122.78%",122.780
1790446015.940,hud,turns,,,,,"✗ turns: 3/15",
1790446015.940,hud,calib_s,,,,,"✓ Buffer 6s",
1790446015.940,marker,gnss,52.37152500,-1.24099200,76.80,true,,
1790446015.942,marker,dr,52.36984265,-1.24655106,132.20,true,,
1790446015.942,marker,reconciled,0.00000000,0.00000000,0.00,false,,
1790446015.998,hud,speed,,,,,"6.0 / 5.6",5.950
1790446015.999,hud,heading,,,,,"228° / 283°",227.900
1790446015.999,hud,drift,,,,,"122.63%",122.630
1790446015.999,hud,turns,,,,,"✗ turns: 3/15",
1790446016.000,hud,calib_s,,,,,"✓ Buffer 6s",
1790446016.000,marker,gnss,52.37152500,-1.24099200,76.80,true,,
1790446016.001,marker,dr,52.36983917,-1.24655780,132.10,true,,
1790446016.001,marker,reconciled,0.00000000,0.00000000,0.00,false,,
1790446016.041,hud,speed,,,,,"5.8 / 5.6",5.760
1790446016.041,hud,heading,,,,,"228° / 283°",228.000
1790446016.042,hud,drift,,,,,"122.46%",122.460
1790446016.042,hud,turns,,,,,"✗ turns: 3/15",
1790446016.042,hud,calib_s,,,,,"✓ Buffer 6s",
1790446016.044,marker,gnss,52.37152500,-1.24099200,76.80,true,,
1790446016.044,marker,dr,52.36983594,-1.24656440,132.00,true,,
1790446016.045,marker,reconciled,0.00000000,0.00000000,0.00,false,,
1790446016.093,hud,speed,,,,,"5.8 / 5.6",5.750
1790446016.094,hud,heading,,,,,"228° / 283°",227.900
1790446016.094,hud,drift,,,,,"122.30%",122.300
1790446016.094,hud,turns,,,,,"✗ turns: 3/15",
1790446016.095,hud,calib_s,,,,,"✓ Buffer 6s",
1790446016.095,marker,gnss,52.37152500,-1.24099200,76.80,true,,
1790446016.095,marker,dr,52.36983280,-1.24657111,132.10,true,,
1790446016.096,marker,reconciled,0.00000000,0.00000000,0.00,false,,
1790446016.145,hud,speed,,,,,"5.8 / 5.6",5.820
1790446016.145,hud,heading,,,,,"228° / 283°",228.000
1790446016.145,hud,drift,,,,,"122.15%",122.150
1790446016.145,hud,turns,,,,,"✗ turns: 3/15",
1790446016.146,hud,calib_s,,,,,"✓ Buffer 6s",
1790446016.146,marker,gnss,52.37152500,-1.24099200,76.80,true,,
1790446016.147,marker,dr,52.36982972,-1.24657790,132.00,true,,
1790446016.148,marker,reconciled,0.00000000,0.00000000,0.00,false,,
1790446016.197,hud,speed,,,,,"5.8 / 5.6",5.760
1790446016.197,hud,heading,,,,,"228° / 283°",227.900
1790446016.198,hud,drift,,,,,"121.99%",121.990
1790446016.198,hud,turns,,,,,"✗ turns: 3/15",
1790446016.198,hud,calib_s,,,,,"✓ Buffer 6s",
1790446016.199,marker,gnss,52.37152500,-1.24099200,76.80,true,,
1790446016.199,marker,dr,52.36982671,-1.24658478,132.10,true,,
1790446016.200,marker,reconciled,0.00000000,0.00000000,0.00,false,,
1790446016.243,hud,speed,,,,,"5.8 / 5.6",5.840
1790446016.244,hud,heading,,,,,"228° / 283°",227.900
1790446016.244,hud,drift,,,,,"121.84%",121.840
1790446016.244,hud,turns,,,,,"✗ turns: 3/15",
1790446016.244,hud,calib_s,,,,,"✓ Buffer 6s",
1790446016.246,marker,gnss,52.37152500,-1.24099200,76.80,true,,
1790446016.247,marker,dr,52.36982368,-1.24659191,132.10,true,,
1790446016.247,marker,reconciled,0.00000000,0.00000000,0.00,false,,
1790446016.298,hud,speed,,,,,"5.9 / 5.6",5.870
1790446016.298,hud,heading,,,,,"228° / 283°",227.900
1790446016.299,hud,drift,,,,,"121.69%",121.690
1790446016.299,hud,turns,,,,,"✗ turns: 3/15",
1790446016.299,hud,calib_s,,,,,"✓ Buffer 6s",
1790446016.300,marker,gnss,52.37152500,-1.24099200,76.80,true,,
1790446016.300,marker,dr,52.36982076,-1.24659899,132.10,true,,
1790446016.301,marker,reconciled,0.00000000,0.00000000,0.00,false,,
1790446016.346,hud,speed,,,,,"5.9 / 5.6",5.930
1790446016.346,hud,heading,,,,,"228° / 283°",227.800
1790446016.347,hud,drift,,,,,"121.54%",121.540
1790446016.347,hud,turns,,,,,"✗ turns: 3/15",
1790446016.347,hud,calib_s,,,,,"✓ Buffer 6s",
1790446016.347,marker,gnss,52.37152500,-1.24099200,76.80,true,,
1790446016.349,marker,dr,52.36981778,-1.24660638,132.20,true,,
1790446016.349,marker,reconciled,0.00000000,0.00000000,0.00,false,,
1790446016.402,hud,speed,,,,,"6.0 / 5.6",6.040
1790446016.402,hud,heading,,,,,"228° / 283°",227.700
1790446016.402,hud,drift,,,,,"121.39%",121.390
1790446016.403,hud,turns,,,,,"✗ turns: 3/15",
1790446016.403,hud,calib_s,,,,,"✓ Buffer 6s",
1790446016.403,marker,gnss,52.37152500,-1.24099200,76.80,true,,
1790446016.404,marker,dr,52.36981482,-1.24661379,132.30,true,,
1790446016.404,marker,reconciled,0.00000000,0.00000000,0.00,false,,
1790446016.450,hud,speed,,,,,"6.1 / 5.6",6.140
1790446016.450,hud,heading,,,,,"228° / 283°",227.800
1790446016.451,hud,drift,,,,,"121.25%",121.250
1790446016.451,hud,turns,,,,,"✗ turns: 3/15",
1790446016.451,hud,calib_s,,,,,"✓ Buffer 6s",
1790446016.453,marker,gnss,52.37152500,-1.24099200,76.80,true,,
1790446016.453,marker,dr,52.36981176,-1.24662145,132.20,true,,
1790446016.454,marker,reconciled,0.00000000,0.00000000,0.00,false,,
1790446016.501,hud,speed,,,,,"6.1 / 5.6",6.090
1790446016.501,hud,heading,,,,,"228° / 283°",228.000
1790446016.501,hud,drift,,,,,"121.11%",121.110
1790446016.501,hud,turns,,,,,"✗ turns: 3/15",
1790446016.502,hud,calib_s,,,,,"✓ Buffer 6s",
1790446016.502,marker,gnss,52.37152500,-1.24099200,76.80,true,,
1790446016.503,marker,dr,52.36980883,-1.24662888,132.00,true,,
1790446016.503,marker,reconciled,0.00000000,0.00000000,0.00,false,,
1790446016.551,hud,speed,,,,,"6.0 / 5.6",6.010
1790446016.552,hud,heading,,,,,"228° / 283°",227.900
1790446016.552,hud,drift,,,,,"120.96%",120.960
1790446016.552,hud,turns,,,,,"✗ turns: 3/15",
1790446016.552,hud,calib_s,,,,,"✓ Buffer 6s",
1790446016.553,marker,gnss,52.37152500,-1.24099200,76.80,true,,
1790446016.555,marker,dr,52.36980599,-1.24663653,132.10,true,,
1790446016.555,marker,reconciled,0.00000000,0.00000000,0.00,false,,
1790446016.603,hud,speed,,,,,"6.2 / 5.6",6.150
1790446016.603,hud,heading,,,,,"228° / 283°",228.300
1790446016.604,hud,drift,,,,,"120.82%",120.820
1790446016.604,hud,turns,,,,,"✗ turns: 3/15",
1790446016.604,hud,calib_s,,,,,"✓ Buffer 6s",
1790446016.605,marker,gnss,52.37152500,-1.24099200,76.80,true,,
1790446016.605,marker,dr,52.36980320,-1.24664429,131.70,true,,
1790446016.606,marker,reconciled,0.00000000,0.00000000,0.00,false,,
1790446016.656,hud,speed,,,,,"6.3 / 5.6",6.250
1790446016.656,hud,heading,,,,,"228° / 283°",227.800
1790446016.656,hud,drift,,,,,"120.69%",120.690
1790446016.656,hud,turns,,,,,"✗ turns: 3/15",
1790446016.657,hud,calib_s,,,,,"✓ Buffer 6s",
1790446016.658,marker,gnss,52.37152500,-1.24099200,76.80,true,,
1790446016.659,marker,dr,52.36980045,-1.24665235,132.20,true,,
1790446016.659,marker,reconciled,0.00000000,0.00000000,0.00,false,,
1790446016.704,hud,speed,,,,,"6.1 / 5.6",6.080
1790446016.704,hud,heading,,,,,"228° / 283°",227.700
1790446016.705,hud,drift,,,,,"120.55%",120.550
1790446016.705,hud,turns,,,,,"✗ turns: 3/15",
1790446016.705,hud,calib_s,,,,,"✓ Buffer 6s",
1790446016.706,marker,gnss,52.37152500,-1.24099200,76.80,true,,
1790446016.707,marker,dr,52.36979778,-1.24666031,132.30,true,,
1790446016.707,marker,reconciled,0.00000000,0.00000000,0.00,false,,
1790446016.754,hud,speed,,,,,"6.2 / 5.6",6.150
1790446016.754,hud,heading,,,,,"228° / 283°",227.900
1790446016.754,hud,drift,,,,,"120.42%",120.420
1790446016.755,hud,turns,,,,,"✗ turns: 3/15",
1790446016.755,hud,calib_s,,,,,"✓ Buffer 6s",
1790446016.755,marker,gnss,52.37152500,-1.24099200,76.80,true,,
1790446016.757,marker,dr,52.36979505,-1.24666811,132.10,true,,
1790446016.757,marker,reconciled,0.00000000,0.00000000,0.00,false,,
1790446016.804,hud,speed,,,,,"6.2 / 5.6",6.190
1790446016.805,hud,heading,,,,,"228° / 283°",228.400
1790446016.805,hud,drift,,,,,"120.28%",120.280
1790446016.805,hud,turns,,,,,"✗ turns: 3/15",
1790446016.806,hud,calib_s,,,,,"✓ Buffer 6s",
1790446016.806,marker,gnss,52.37152500,-1.24099200,76.80,true,,
1790446016.807,marker,dr,52.36979229,-1.24667605,131.60,true,,
1790446016.807,marker,reconciled,0.00000000,0.00000000,0.00,false,,
1790446016.856,hud,speed,,,,,"6.0 / 5.6",5.980
1790446016.856,hud,heading,,,,,"228° / 283°",228.400
1790446016.856,hud,drift,,,,,"120.13%",120.130
1790446016.857,hud,turns,,,,,"✗ turns: 3/15",
1790446016.857,hud,calib_s,,,,,"✓ Buffer 6s",
1790446016.858,marker,gnss,52.37152500,-1.24099200,76.80,true,,
1790446016.859,marker,dr,52.36978984,-1.24668377,131.60,true,,
1790446016.859,marker,reconciled,0.00000000,0.00000000,0.00,false,,
1790446016.910,hud,speed,,,,,"5.9 / 5.6",5.860
1790446016.910,hud,heading,,,,,"228° / 283°",228.200
1790446016.911,hud,drift,,,,,"119.99%",119.990
1790446016.911,hud,turns,,,,,"✗ turns: 3/15",
1790446016.911,hud,calib_s,,,,,"✓ Buffer 6s",
1790446016.912,marker,gnss,52.37152500,-1.24099200,76.80,true,,
1790446016.912,marker,dr,52.36978745,-1.24669144,131.80,true,,
1790446016.913,marker,reconciled,0.00000000,0.00000000,0.00,false,,
1790446016.956,hud,speed,,,,,"5.7 / 5.6",5.740
1790446016.956,hud,heading,,,,,"228° / 283°",227.900
1790446016.957,hud,drift,,,,,"119.84%",119.840
1790446016.957,hud,turns,,,,,"✗ turns: 3/15",
1790446016.957,hud,calib_s,,,,,"✓ Buffer 6s",
1790446016.957,marker,gnss,52.37152500,-1.24099200,76.80,true,,
1790446016.959,marker,dr,52.36978510,-1.24669894,132.10,true,,
1790446016.959,marker,reconciled,0.00000000,0.00000000,0.00,false,,
1790446017.012,hud,speed,,,,,"5.8 / 5.6",5.750
1790446017.012,hud,heading,,,,,"228° / 283°",227.900
1790446017.013,hud,drift,,,,,"119.70%",119.700
1790446017.013,hud,turns,,,,,"✗ turns: 3/15",
1790446017.013,hud,calib_s,,,,,"✓ Buffer 6s",
1790446017.013,marker,gnss,52.37152500,-1.24099200,76.80,true,,
1790446017.014,marker,dr,52.36978270,-1.24670652,132.10,true,,
1790446017.015,marker,reconciled,0.00000000,0.00000000,0.00,false,,
1790446017.057,hud,speed,,,,,"5.7 / 5.6",5.680
1790446017.057,hud,heading,,,,,"228° / 283°",228.100
1790446017.058,hud,drift,,,,,"119.55%",119.550
1790446017.058,hud,turns,,,,,"✗ turns: 3/15",
1790446017.058,hud,calib_s,,,,,"✓ Buffer 6s",
1790446017.059,marker,gnss,52.37152500,-1.24099200,76.80,true,,
1790446017.060,marker,dr,52.36978028,-1.24671399,131.90,true,,
1790446017.060,marker,reconciled,0.00000000,0.00000000,0.00,false,,
1790446017.113,hud,speed,,,,,"5.7 / 5.6",5.670
1790446017.114,hud,heading,,,,,"228° / 283°",228.300
1790446017.114,hud,drift,,,,,"119.40%",119.400
1790446017.114,hud,turns,,,,,"✗ turns: 3/15",
1790446017.115,hud,calib_s,,,,,"✓ Buffer 6s",
1790446017.115,marker,gnss,52.37152500,-1.24099200,76.80,true,,
1790446017.116,marker,dr,52.36977789,-1.24672132,131.70,true,,
1790446017.116,marker,reconciled,0.00000000,0.00000000,0.00,false,,
1790446017.160,hud,speed,,,,,"5.7 / 5.6",5.680
1790446017.160,hud,heading,,,,,"228° / 283°",228.300
1790446017.161,hud,drift,,,,,"119.25%",119.250
1790446017.161,hud,turns,,,,,"✗ turns: 3/15",
1790446017.161,hud,calib_s,,,,,"✓ Buffer 6s",
1790446017.162,marker,gnss,52.37152500,-1.24099200,76.80,true,,
1790446017.163,marker,dr,52.36977556,-1.24672860,131.70,true,,
1790446017.163,marker,reconciled,0.00000000,0.00000000,0.00,false,,
1790446017.209,hud,speed,,,,,"5.6 / 5.6",5.600
1790446017.210,hud,heading,,,,,"228° / 283°",228.200
1790446017.210,hud,drift,,,,,"119.11%",119.110
1790446017.211,hud,turns,,,,,"✗ turns: 3/15",
1790446017.211,hud,calib_s,,,,,"✓ Buffer 6s",
1790446017.211,marker,gnss,52.37152500,-1.24099200,76.80,true,,
1790446017.212,marker,dr,52.36977322,-1.24673589,131.80,true,,
1790446017.212,marker,reconciled,0.00000000,0.00000000,0.00,false,,
1790446017.259,hud,speed,,,,,"5.6 / 5.6",5.620
1790446017.260,hud,heading,,,,,"228° / 283°",228.200
1790446017.260,hud,drift,,,,,"118.96%",118.960
1790446017.260,hud,turns,,,,,"✗ turns: 3/15",
1790446017.260,hud,calib_s,,,,,"✓ Buffer 6s",
1790446017.262,marker,gnss,52.37152500,-1.24099200,76.80,true,,
1790446017.262,marker,dr,52.36977083,-1.24674329,131.80,true,,
1790446017.263,marker,reconciled,0.00000000,0.00000000,0.00,false,,
1790446017.315,hud,speed,,,,,"5.6 / 5.6",5.570
1790446017.316,hud,heading,,,,,"228° / 283°",228.200
1790446017.316,hud,drift,,,,,"118.81%",118.810
1790446017.316,hud,turns,,,,,"✗ turns: 3/15",
1790446017.317,hud,calib_s,,,,,"✓ Buffer 6s",
1790446017.317,marker,gnss,52.37152500,-1.24099200,76.80,true,,
1790446017.318,marker,dr,52.36976845,-1.24675053,131.80,true,,
1790446017.318,marker,reconciled,0.00000000,0.00000000,0.00,false,,
1790446017.363,hud,speed,,,,,"5.6 / 5.6",5.550
1790446017.364,hud,heading,,,,,"228° / 283°",228.300
1790446017.364,hud,drift,,,,,"118.66%",118.660
1790446017.364,hud,turns,,,,,"✗ turns: 3/15",
1790446017.364,hud,calib_s,,,,,"✓ Buffer 6s",
1790446017.365,marker,gnss,52.37152500,-1.24099200,76.80,true,,
1790446017.366,marker,dr,52.36976605,-1.24675757,131.70,true,,
1790446017.366,marker,reconciled,0.00000000,0.00000000,0.00,false,,
1790446017.417,hud,speed,,,,,"5.6 / 5.6",5.610
1790446017.417,hud,heading,,,,,"229° / 283°",228.500
1790446017.418,hud,drift,,,,,"118.51%",118.510
1790446017.418,hud,turns,,,,,"✗ turns: 3/15",
1790446017.418,hud,calib_s,,,,,"✓ Buffer 6s",
1790446017.419,marker,gnss,52.37152500,-1.24099200,76.80,true,,
1790446017.419,marker,dr,52.36976359,-1.24676470,131.50,true,,
1790446017.420,marker,reconciled,0.00000000,0.00000000,0.00,false,,
1790446017.468,hud,speed,,,,,"5.8 / 5.6",5.780
1790446017.469,hud,heading,,,,,"228° / 283°",228.400
1790446017.469,hud,drift,,,,,"118.37%",118.370
1790446017.469,hud,turns,,,,,"✗ turns: 3/15",
1790446017.469,hud,calib_s,,,,,"✓ Buffer 6s",
1790446017.471,marker,gnss,52.37152500,-1.24099200,76.80,true,,
1790446017.472,marker,dr,52.36976101,-1.24677222,131.60,true,,
1790446017.472,marker,reconciled,0.00000000,0.00000000,0.00,false,,
1790446017.517,hud,speed,,,,,"5.7 / 5.6",5.670
1790446017.517,hud,heading,,,,,"229° / 283°",228.500
1790446017.517,hud,drift,,,,,"118.23%",118.230
1790446017.518,hud,turns,,,,,"✗ turns: 3/15",
1790446017.518,hud,calib_s,,,,,"✓ Buffer 6s",
1790446017.519,marker,gnss,52.37152500,-1.24099200,76.80,true,,
1790446017.519,marker,dr,52.36975851,-1.24677931,131.50,true,,
1790446017.520,marker,reconciled,0.00000000,0.00000000,0.00,false,,
1790446017.569,hud,speed,,,,,"5.6 / 5.6",5.630
1790446017.570,hud,heading,,,,,"228° / 283°",228.400
1790446017.570,hud,drift,,,,,"118.08%",118.080
1790446017.570,hud,turns,,,,,"✗ turns: 3/15",
1790446017.570,hud,calib_s,,,,,"✓ Buffer 6s",
1790446017.571,marker,gnss,52.37152500,-1.24099200,76.80,true,,
1790446017.572,marker,dr,52.36975591,-1.24678643,131.60,true,,
1790446017.572,marker,reconciled,0.00000000,0.00000000,0.00,false,,
1790446017.618,hud,speed,,,,,"5.5 / 5.6",5.540
1790446017.619,hud,heading,,,,,"228° / 283°",228.400
1790446017.619,hud,drift,,,,,"117.94%",117.940
1790446017.619,hud,turns,,,,,"✗ turns: 3/15",
1790446017.619,hud,calib_s,,,,,"✓ Buffer 6s",
1790446017.620,marker,gnss,52.37152500,-1.24099200,76.80,true,,
1790446017.620,marker,dr,52.36975332,-1.24679336,131.60,true,,
1790446017.621,marker,reconciled,0.00000000,0.00000000,0.00,false,,
1790446017.670,hud,speed,,,,,"5.5 / 5.6",5.510
1790446017.670,hud,heading,,,,,"228° / 283°",228.200
1790446017.670,hud,drift,,,,,"117.79%",117.790
1790446017.671,hud,turns,,,,,"✗ turns: 3/15",
1790446017.671,hud,calib_s,,,,,"✓ Buffer 6s",
1790446017.672,marker,gnss,52.37152500,-1.24099200,76.80,true,,
1790446017.673,marker,dr,52.36975070,-1.24680027,131.80,true,,
1790446017.673,marker,reconciled,0.00000000,0.00000000,0.00,false,,
1790446017.721,hud,speed,,,,,"5.6 / 5.6",5.550
1790446017.721,hud,heading,,,,,"228° / 283°",228.400
1790446017.722,hud,drift,,,,,"117.65%",117.650
1790446017.722,hud,turns,,,,,"✗ turns: 3/15",
1790446017.722,hud,calib_s,,,,,"✓ Buffer 6s",
1790446017.723,marker,gnss,52.37152500,-1.24099200,76.80,true,,
1790446017.723,marker,dr,52.36974805,-1.24680716,131.60,true,,
1790446017.724,marker,reconciled,0.00000000,0.00000000,0.00,false,,
1790446017.768,hud,speed,,,,,"5.7 / 5.6",5.680
1790446017.768,hud,heading,,,,,"229° / 283°",228.500
1790446017.769,hud,drift,,,,,"117.51%",117.510
1790446017.769,hud,turns,,,,,"✗ turns: 3/15",
1790446017.769,hud,calib_s,,,,,"✓ Buffer 6s",
1790446017.770,marker,gnss,52.37152500,-1.24099200,76.80,true,,
1790446017.771,marker,dr,52.36974536,-1.24681413,131.50,true,,
1790446017.772,marker,reconciled,0.00000000,0.00000000,0.00,false,,
1790446017.823,hud,speed,,,,,"5.5 / 5.6",5.510
1790446017.823,hud,heading,,,,,"229° / 283°",228.700
1790446017.823,hud,drift,,,,,"117.36%",117.360
1790446017.824,hud,turns,,,,,"✗ turns: 3/15",
1790446017.824,hud,calib_s,,,,,"✓ Buffer 6s",
1790446017.824,marker,gnss,52.37152500,-1.24099200,76.80,true,,
1790446017.825,marker,dr,52.36974272,-1.24682101,131.30,true,,
1790446017.825,marker,reconciled,0.00000000,0.00000000,0.00,false,,
1790446017.871,hud,speed,,,,,"5.6 / 5.6",5.570
1790446017.871,hud,heading,,,,,"229° / 283°",228.600
1790446017.871,hud,drift,,,,,"117.22%",117.220
1790446017.872,hud,turns,,,,,"✗ turns: 3/15",
1790446017.872,hud,calib_s,,,,,"✓ Buffer 6s",
1790446017.873,marker,gnss,52.37152500,-1.24099200,76.80,true,,
1790446017.873,marker,dr,52.36974006,-1.24682779,131.40,true,,
1790446017.874,marker,reconciled,0.00000000,0.00000000,0.00,false,,
1790446017.927,hud,speed,,,,,"5.5 / 6.3",5.470
1790446017.928,hud,heading,,,,,"228° / 267°",228.400
1790446017.928,hud,drift,,,,,"116.88%",116.880
1790446017.928,hud,turns,,,,,"✗ turns: 3/15",
1790446017.929,hud,calib_s,,,,,"✓ Buffer 6s",
1790446017.929,marker,gnss,52.37162000,-1.24164500,93.00,true,,
1790446017.930,marker,dr,52.36973732,-1.24683458,131.60,true,,
1790446017.930,marker,reconciled,0.00000000,0.00000000,0.00,false,,
1790446017.981,hud,speed,,,,,"5.5 / 6.3",5.480
1790446017.981,hud,heading,,,,,"228° / 267°",228.400
1790446017.982,hud,drift,,,,,"116.66%",116.660
1790446017.982,hud,turns,,,,,"✗ turns: 3/15",
1790446017.982,hud,calib_s,,,,,"✓ Buffer 6s",
1790446017.983,marker,gnss,52.37162000,-1.24164500,93.00,true,,
1790446017.984,marker,dr,52.36973464,-1.24684125,131.60,true,,
1790446017.985,marker,reconciled,0.00000000,0.00000000,0.00,false,,
1790446018.028,hud,speed,,,,,"5.5 / 6.3",5.530
1790446018.028,hud,heading,,,,,"229° / 267°",228.600
1790446018.029,hud,drift,,,,,"116.45%",116.450
1790446018.029,hud,turns,,,,,"✗ turns: 3/15",
1790446018.029,hud,calib_s,,,,,"✓ Buffer 6s",
1790446018.030,marker,gnss,52.37162000,-1.24164500,93.00,true,,
1790446018.031,marker,dr,52.36973185,-1.24684796,131.40,true,,
1790446018.031,marker,reconciled,0.00000000,0.00000000,0.00,false,,
1790446018.075,hud,speed,,,,,"5.5 / 6.3",5.490
1790446018.075,hud,heading,,,,,"228° / 267°",228.300
1790446018.075,hud,drift,,,,,"116.24%",116.240
1790446018.075,hud,turns,,,,,"✗ turns: 3/15",
1790446018.075,hud,calib_s,,,,,"✓ Buffer 6s",
1790446018.077,marker,gnss,52.37162000,-1.24164500,93.00,true,,
1790446018.077,marker,dr,52.36972908,-1.24685467,131.70,true,,
1790446018.078,marker,reconciled,0.00000000,0.00000000,0.00,false,,
1790446018.131,hud,speed,,,,,"5.5 / 6.3",5.530
1790446018.132,hud,heading,,,,,"229° / 267°",228.500
1790446018.132,hud,drift,,,,,"116.03%",116.030
1790446018.132,hud,turns,,,,,"✗ turns: 3/15",
1790446018.132,hud,calib_s,,,,,"✓ Buffer 6s",
1790446018.133,marker,gnss,52.37162000,-1.24164500,93.00,true,,
1790446018.133,marker,dr,52.36972634,-1.24686143,131.50,true,,
1790446018.134,marker,reconciled,0.00000000,0.00000000,0.00,false,,
1790446018.181,hud,speed,,,,,"5.6 / 6.3",5.610
1790446018.182,hud,heading,,,,,"228° / 267°",228.400
1790446018.182,hud,drift,,,,,"115.83%",115.830
1790446018.182,hud,turns,,,,,"✗ turns: 3/15",
1790446018.182,hud,calib_s,,,,,"✓ Buffer 6s",
1790446018.183,marker,gnss,52.37162000,-1.24164500,93.00,true,,
1790446018.184,marker,dr,52.36972351,-1.24686828,131.60,true,,
1790446018.185,marker,reconciled,0.00000000,0.00000000,0.00,false,,
1790446018.235,hud,speed,,,,,"5.9 / 6.3",5.850
1790446018.235,hud,heading,,,,,"229° / 267°",228.800
1790446018.236,hud,drift,,,,,"115.63%",115.630
1790446018.236,hud,turns,,,,,"✗ turns: 3/15",
1790446018.236,hud,calib_s,,,,,"✓ Buffer 6s",
1790446018.237,marker,gnss,52.37162000,-1.24164500,93.00,true,,
1790446018.238,marker,dr,52.36972051,-1.24687542,131.20,true,,
1790446018.238,marker,reconciled,0.00000000,0.00000000,0.00,false,,
1790446018.285,hud,speed,,,,,"6.1 / 6.3",6.080
1790446018.285,hud,heading,,,,,"229° / 267°",228.600
1790446018.285,hud,drift,,,,,"115.43%",115.430
1790446018.286,hud,turns,,,,,"✗ turns: 3/15",
1790446018.286,hud,calib_s,,,,,"✓ Buffer 6s",
1790446018.288,marker,gnss,52.37162000,-1.24164500,93.00,true,,
1790446018.288,marker,dr,52.36971744,-1.24688268,131.40,true,,
1790446018.289,marker,reconciled,0.00000000,0.00000000,0.00,false,,
1790446018.332,hud,speed,,,,,"6.2 / 6.3",6.220
1790446018.332,hud,heading,,,,,"229° / 267°",228.900
1790446018.332,hud,drift,,,,,"115.25%",115.250
1790446018.333,hud,turns,,,,,"✗ turns: 3/15",
1790446018.333,hud,calib_s,,,,,"✓ Buffer 6s",
1790446018.333,marker,gnss,52.37162000,-1.24164500,93.00,true,,
1790446018.334,marker,dr,52.36971422,-1.24689009,131.10,true,,
1790446018.334,marker,reconciled,0.00000000,0.00000000,0.00,false,,
1790446018.383,hud,speed,,,,,"6.4 / 6.3",6.360
1790446018.383,hud,heading,,,,,"229° / 267°",228.800
1790446018.384,hud,drift,,,,,"115.06%",115.060
1790446018.384,hud,turns,,,,,"✗ turns: 3/15",
1790446018.384,hud,calib_s,,,,,"✓ Buffer 6s",
1790446018.384,marker,gnss,52.37162000,-1.24164500,93.00,true,,
1790446018.386,marker,dr,52.36971087,-1.24689761,131.20,true,,
1790446018.386,marker,reconciled,0.00000000,0.00000000,0.00,false,,
1790446018.436,hud,speed,,,,,"6.5 / 6.3",6.490
1790446018.436,hud,heading,,,,,"229° / 267°",229.000
1790446018.437,hud,drift,,,,,"114.88%",114.880
1790446018.437,hud,turns,,,,,"✗ turns: 3/15",
1790446018.437,hud,calib_s,,,,,"✓ Buffer 6s",
1790446018.438,marker,gnss,52.37162000,-1.24164500,93.00,true,,
1790446018.438,marker,dr,52.36970747,-1.24690529,131.00,true,,
1790446018.439,marker,reconciled,0.00000000,0.00000000,0.00,false,,
1790446018.484,hud,speed,,,,,"6.6 / 6.3",6.610
1790446018.484,hud,heading,,,,,"229° / 267°",229.100
1790446018.484,hud,drift,,,,,"114.71%",114.710
1790446018.485,hud,turns,,,,,"✗ turns: 3/15",
1790446018.485,hud,calib_s,,,,,"✓ Buffer 6s",
1790446018.486,marker,gnss,52.37162000,-1.24164500,93.00,true,,
1790446018.487,marker,dr,52.36970396,-1.24691316,130.90,true,,
1790446018.487,marker,reconciled,0.00000000,0.00000000,0.00,false,,
1790446018.535,hud,speed,,,,,"6.7 / 6.3",6.670
1790446018.536,hud,heading,,,,,"229° / 267°",228.900
1790446018.536,hud,drift,,,,,"114.54%",114.540
1790446018.536,hud,turns,,,,,"✗ turns: 3/15",
1790446018.537,hud,calib_s,,,,,"✓ Buffer 6s",
1790446018.537,marker,gnss,52.37162000,-1.24164500,93.00,true,,
1790446018.538,marker,dr,52.36970046,-1.24692097,131.10,true,,
1790446018.538,marker,reconciled,0.00000000,0.00000000,0.00,false,,
1790446018.585,hud,speed,,,,,"6.8 / 6.3",6.770
1790446018.585,hud,heading,,,,,"229° / 267°",229.100
1790446018.586,hud,drift,,,,,"114.36%",114.360
1790446018.586,hud,turns,,,,,"✗ turns: 3/15",
1790446018.586,hud,calib_s,,,,,"✓ Buffer 6s",
1790446018.586,marker,gnss,52.37162000,-1.24164500,93.00,true,,
1790446018.588,marker,dr,52.36969684,-1.24692904,130.90,true,,
1790446018.588,marker,reconciled,0.00000000,0.00000000,0.00,false,,
1790446018.641,hud,speed,,,,,"6.9 / 6.3",6.910
1790446018.642,hud,heading,,,,,"229° / 267°",229.200
1790446018.642,hud,drift,,,,,"114.20%",114.200
1790446018.643,hud,turns,,,,,"✗ turns: 3/15",
1790446018.643,hud,calib_s,,,,,"✓ Buffer 6s",
1790446018.643,marker,gnss,52.37162000,-1.24164500,93.00,true,,
1790446018.644,marker,dr,52.36969320,-1.24693719,130.80,true,,
1790446018.644,marker,reconciled,0.00000000,0.00000000,0.00,false,,
1790446018.692,hud,speed,,,,,"7.0 / 6.3",6.990
1790446018.692,hud,heading,,,,,"229° / 267°",229.000
1790446018.693,hud,drift,,,,,"114.04%",114.040
1790446018.693,hud,turns,,,,,"✗ turns: 3/15",
1790446018.693,hud,calib_s,,,,,"✓ Buffer 6s",
1790446018.695,marker,gnss,52.37162000,-1.24164500,93.00,true,,
1790446018.696,marker,dr,52.36968955,-1.24694540,131.00,true,,
1790446018.696,marker,reconciled,0.00000000,0.00000000,0.00,false,,
1790446018.741,hud,speed,,,,,"7.1 / 6.3",7.060
1790446018.741,hud,heading,,,,,"229° / 267°",228.500
1790446018.742,hud,drift,,,,,"113.88%",113.880
1790446018.742,hud,turns,,,,,"✗ turns: 3/15",
1790446018.742,hud,calib_s,,,,,"✓ Buffer 6s",
1790446018.743,marker,gnss,52.37162000,-1.24164500,93.00,true,,
1790446018.743,marker,dr,52.36968581,-1.24695394,131.50,true,,
1790446018.744,marker,reconciled,0.00000000,0.00000000,0.00,false,,
1790446018.786,hud,speed,,,,,"7.1 / 6.3",7.110
1790446018.786,hud,heading,,,,,"229° / 267°",228.500
1790446018.786,hud,drift,,,,,"113.73%",113.730
1790446018.787,hud,turns,,,,,"✗ turns: 3/15",
1790446018.787,hud,calib_s,,,,,"✓ Buffer 6s",
1790446018.787,marker,gnss,52.37162000,-1.24164500,93.00,true,,
1790446018.788,marker,dr,52.36968212,-1.24696244,131.50,true,,
1790446018.789,marker,reconciled,0.00000000,0.00000000,0.00,false,,
1790446018.842,hud,speed,,,,,"7.2 / 6.3",7.230
1790446018.842,hud,heading,,,,,"228° / 267°",228.300
1790446018.842,hud,drift,,,,,"113.58%",113.580
1790446018.843,hud,turns,,,,,"✗ turns: 3/15",
1790446018.843,hud,calib_s,,,,,"✓ Buffer 6s",
1790446018.843,marker,gnss,52.37162000,-1.24164500,93.00,true,,
1790446018.844,marker,dr,52.36967828,-1.24697109,131.70,true,,
1790446018.844,marker,reconciled,0.00000000,0.00000000,0.00,false,,
1790446018.892,hud,speed,,,,,"7.3 / 6.3",7.330
1790446018.892,hud,heading,,,,,"228° / 267°",228.100
1790446018.892,hud,drift,,,,,"113.43%",113.430
1790446018.893,hud,turns,,,,,"✗ turns: 3/15",
1790446018.893,hud,calib_s,,,,,"✓ Buffer 6s",
1790446018.895,marker,gnss,52.37162000,-1.24164500,93.00,true,,
1790446018.895,marker,dr,52.36967431,-1.24697994,131.90,true,,
1790446018.896,marker,reconciled,0.00000000,0.00000000,0.00,false,,
1790446018.949,hud,speed,,,,,"7.4 / 6.3",7.370
1790446018.949,hud,heading,,,,,"228° / 267°",227.900
1790446018.949,hud,drift,,,,,"113.28%",113.280
1790446018.950,hud,turns,,,,,"✗ turns: 3/15",
1790446018.950,hud,calib_s,,,,,"✓ Buffer 6s",
1790446018.951,marker,gnss,52.37162000,-1.24164500,93.00,true,,
1790446018.951,marker,dr,52.36967037,-1.24698865,132.10,true,,
1790446018.952,marker,reconciled,0.00000000,0.00000000,0.00,false,,
1790446018.992,hud,speed,,,,,"7.5 / 6.3",7.480
1790446018.993,hud,heading,,,,,"228° / 267°",228.200
1790446018.993,hud,drift,,,,,"113.14%",113.140
1790446018.993,hud,turns,,,,,"✗ turns: 3/15",
1790446018.993,hud,calib_s,,,,,"✓ Buffer 6s",
1790446018.994,marker,gnss,52.37162000,-1.24164500,93.00,true,,
1790446018.995,marker,dr,52.36966633,-1.24699749,131.80,true,,
1790446018.996,marker,reconciled,0.00000000,0.00000000,0.00,false,,
1790446019.044,hud,speed,,,,,"7.6 / 6.3",7.550
1790446019.044,hud,heading,,,,,"228° / 267°",228.100
1790446019.045,hud,drift,,,,,"113.00%",113.000
1790446019.045,hud,turns,,,,,"✗ turns: 3/15",
1790446019.045,hud,calib_s,,,,,"✓ Buffer 6s",
1790446019.045,marker,gnss,52.37162000,-1.24164500,93.00,true,,
1790446019.046,marker,dr,52.36966223,-1.24700657,131.90,true,,
1790446019.046,marker,reconciled,0.00000000,0.00000000,0.00,false,,
1790446019.094,hud,speed,,,,,"7.7 / 6.3",7.650
1790446019.095,hud,heading,,,,,"228° / 267°",227.900
1790446019.095,hud,drift,,,,,"112.86%",112.860
1790446019.095,hud,turns,,,,,"✗ turns: 3/15",
1790446019.095,hud,calib_s,,,,,"✓ Buffer 6s",
1790446019.097,marker,gnss,52.37162000,-1.24164500,93.00,true,,
1790446019.097,marker,dr,52.36965810,-1.24701553,132.10,true,,
1790446019.098,marker,reconciled,0.00000000,0.00000000,0.00,false,,
1790446019.149,hud,speed,,,,,"7.7 / 6.3",7.690
1790446019.149,hud,heading,,,,,"228° / 267°",227.700
1790446019.150,hud,drift,,,,,"112.73%",112.730
1790446019.150,hud,turns,,,,,"✗ turns: 3/15",
1790446019.151,hud,calib_s,,,,,"✓ Buffer 6s",
1790446019.151,marker,gnss,52.37162000,-1.24164500,93.00,true,,
1790446019.152,marker,dr,52.36965377,-1.24702459,132.30,true,,
1790446019.152,marker,reconciled,0.00000000,0.00000000,0.00,false,,
1790446019.201,hud,speed,,,,,"7.7 / 6.3",7.720
1790446019.202,hud,heading,,,,,"228° / 267°",227.800
1790446019.202,hud,drift,,,,,"112.59%",112.590
1790446019.202,hud,turns,,,,,"✗ turns: 3/15",
1790446019.203,hud,calib_s,,,,,"✓ Buffer 6s",
1790446019.203,marker,gnss,52.37162000,-1.24164500,93.00,true,,
1790446019.205,marker,dr,52.36964951,-1.24703350,132.20,true,,
1790446019.205,marker,reconciled,0.00000000,0.00000000,0.00,false,,
1790446019.255,hud,speed,,,,,"7.8 / 6.3",7.830
1790446019.255,hud,heading,,,,,"228° / 267°",227.700
1790446019.256,hud,drift,,,,,"112.46%",112.460
1790446019.256,hud,turns,,,,,"✗ turns: 3/15",
1790446019.256,hud,calib_s,,,,,"✓ Buffer 6s",
1790446019.256,marker,gnss,52.37162000,-1.24164500,93.00,true,,
1790446019.257,marker,dr,52.36964506,-1.24704266,132.30,true,,
1790446019.257,marker,reconciled,0.00000000,0.00000000,0.00,false,,
1790446019.301,hud,speed,,,,,"7.9 / 6.3",7.920
1790446019.302,hud,heading,,,,,"227° / 267°",227.400
1790446019.302,hud,drift,,,,,"112.33%",112.330
1790446019.302,hud,turns,,,,,"✗ turns: 3/15",
1790446019.302,hud,calib_s,,,,,"✓ Buffer 6s",
1790446019.304,marker,gnss,52.37162000,-1.24164500,93.00,true,,
1790446019.304,marker,dr,52.36964061,-1.24705167,132.60,true,,
1790446019.305,marker,reconciled,0.00000000,0.00000000,0.00,false,,
1790446019.348,hud,speed,,,,,"7.9 / 6.3",7.920
1790446019.348,hud,heading,,,,,"227° / 267°",227.300
1790446019.348,hud,drift,,,,,"112.20%",112.200
1790446019.348,hud,turns,,,,,"✗ turns: 3/15",
1790446019.349,hud,calib_s,,,,,"✓ Buffer 6s",
1790446019.349,marker,gnss,52.37162000,-1.24164500,93.00,true,,
1790446019.349,marker,dr,52.36963605,-1.24706069,132.70,true,,
1790446019.349,marker,reconciled,0.00000000,0.00000000,0.00,false,,
1790446019.401,hud,speed,,,,,"8.0 / 6.3",7.990
1790446019.402,hud,heading,,,,,"227° / 267°",227.100
1790446019.402,hud,drift,,,,,"112.08%",112.080
1790446019.402,hud,turns,,,,,"✗ turns: 3/15",
1790446019.402,hud,calib_s,,,,,"✓ Buffer 6s",
1790446019.403,marker,gnss,52.37162000,-1.24164500,93.00,true,,
1790446019.404,marker,dr,52.36963140,-1.24706970,132.90,true,,
1790446019.405,marker,reconciled,0.00000000,0.00000000,0.00,false,,
1790446019.454,hud,speed,,,,,"8.0 / 6.3",8.010
1790446019.454,hud,heading,,,,,"227° / 267°",226.900
1790446019.455,hud,drift,,,,,"111.95%",111.950
1790446019.455,hud,turns,,,,,"✗ turns: 3/15",
1790446019.455,hud,calib_s,,,,,"✓ Buffer 6s",
1790446019.456,marker,gnss,52.37162000,-1.24164500,93.00,true,,
1790446019.456,marker,dr,52.36962673,-1.24707876,133.10,true,,
1790446019.457,marker,reconciled,0.00000000,0.00000000,0.00,false,,
1790446019.505,hud,speed,,,,,"8.1 / 6.3",8.070
1790446019.505,hud,heading,,,,,"227° / 267°",226.700
1790446019.505,hud,drift,,,,,"111.83%",111.830
1790446019.506,hud,turns,,,,,"✗ turns: 3/15",
1790446019.506,hud,calib_s,,,,,"✓ Buffer 6s",
1790446019.508,marker,gnss,52.37162000,-1.24164500,93.00,true,,
1790446019.508,marker,dr,52.36962194,-1.24708796,133.30,true,,
1790446019.509,marker,reconciled,0.00000000,0.00000000,0.00,false,,
1790446019.557,hud,speed,,,,,"8.1 / 6.3",8.090
1790446019.557,hud,heading,,,,,"227° / 267°",226.600
1790446019.558,hud,drift,,,,,"111.71%",111.710
1790446019.558,hud,turns,,,,,"✗ turns: 3/15",
1790446019.558,hud,calib_s,,,,,"✓ Buffer 6s",
1790446019.559,marker,gnss,52.37162000,-1.24164500,93.00,true,,
1790446019.560,marker,dr,52.36961719,-1.24709689,133.40,true,,
1790446019.560,marker,reconciled,0.00000000,0.00000000,0.00,false,,
1790446019.603,hud,speed,,,,,"8.1 / 6.3",8.130
1790446019.603,hud,heading,,,,,"227° / 267°",226.600
1790446019.603,hud,drift,,,,,"111.59%",111.590
1790446019.604,hud,turns,,,,,"✗ turns: 3/15",
1790446019.604,hud,calib_s,,,,,"✓ Buffer 6s",
1790446019.604,marker,gnss,52.37162000,-1.24164500,93.00,true,,
1790446019.606,marker,dr,52.36961230,-1.24710601,133.40,true,,
1790446019.607,marker,reconciled,0.00000000,0.00000000,0.00,false,,
1790446019.655,hud,speed,,,,,"8.2 / 6.3",8.150
1790446019.655,hud,heading,,,,,"227° / 267°",226.600
1790446019.656,hud,drift,,,,,"111.47%",111.470
1790446019.656,hud,turns,,,,,"✗ turns: 3/15",
1790446019.656,hud,calib_s,,,,,"✓ Buffer 6s",
1790446019.657,marker,gnss,52.37162000,-1.24164500,93.00,true,,
1790446019.657,marker,dr,52.36960741,-1.24711498,133.40,true,,
1790446019.658,marker,reconciled,0.00000000,0.00000000,0.00,false,,
1790446019.709,hud,speed,,,,,"8.3 / 6.3",8.290
1790446019.710,hud,heading,,,,,"226° / 267°",226.300
1790446019.710,hud,drift,,,,,"111.35%",111.350
1790446019.710,hud,turns,,,,,"✗ turns: 3/15",
1790446019.710,hud,calib_s,,,,,"✓ Buffer 6s",
1790446019.711,marker,gnss,52.37162000,-1.24164500,93.00,true,,
1790446019.712,marker,dr,52.36960246,-1.24712411,133.70,true,,
1790446019.712,marker,reconciled,0.00000000,0.00000000,0.00,false,,
1790446019.760,hud,speed,,,,,"8.4 / 6.3",8.370
1790446019.760,hud,heading,,,,,"226° / 267°",226.200
1790446019.761,hud,drift,,,,,"111.24%",111.240
1790446019.761,hud,turns,,,,,"✗ turns: 3/15",
1790446019.761,hud,calib_s,,,,,"✓ Buffer 6s",
1790446019.762,marker,gnss,52.37162000,-1.24164500,93.00,true,,
1790446019.763,marker,dr,52.36959744,-1.24713317,133.80,true,,
1790446019.763,marker,reconciled,0.00000000,0.00000000,0.00,false,,
1790446019.807,hud,speed,,,,,"8.5 / 6.3",8.480
1790446019.807,hud,heading,,,,,"226° / 267°",226.000
1790446019.808,hud,drift,,,,,"111.13%",111.130
1790446019.808,hud,turns,,,,,"✗ turns: 3/15",
1790446019.808,hud,calib_s,,,,,"✓ Buffer 6s",
1790446019.808,marker,gnss,52.37162000,-1.24164500,93.00,true,,
1790446019.810,marker,dr,52.36959223,-1.24714228,134.00,true,,
1790446019.810,marker,reconciled,0.00000000,0.00000000,0.00,false,,
1790446019.860,hud,speed,,,,,"8.5 / 6.3",8.540
1790446019.861,hud,heading,,,,,"226° / 267°",226.300
1790446019.861,hud,drift,,,,,"111.01%",111.010
1790446019.861,hud,turns,,,,,"✗ turns: 3/15",
1790446019.862,hud,calib_s,,,,,"✓ Buffer 6s",
1790446019.862,marker,gnss,52.37162000,-1.24164500,93.00,true,,
1790446019.863,marker,dr,52.36958686,-1.24715142,133.70,true,,
1790446019.863,marker,reconciled,0.00000000,0.00000000,0.00,false,,
1790446019.908,hud,speed,,,,,"8.6 / 6.3",8.590
1790446019.909,hud,heading,,,,,"226° / 267°",226.100
1790446019.909,hud,drift,,,,,"110.91%",110.910
1790446019.909,hud,turns,,,,,"✗ turns: 3/15",
1790446019.909,hud,calib_s,,,,,"✓ Buffer 6s",
1790446019.911,marker,gnss,52.37162000,-1.24164500,93.00,true,,
1790446019.911,marker,dr,52.36958152,-1.24716051,133.90,true,,
1790446019.912,marker,reconciled,0.00000000,0.00000000,0.00,false,,
1790446019.968,hud,speed,,,,,"8.6 / 6.3",8.590
1790446019.969,hud,heading,,,,,"226° / 267°",225.800
1790446019.969,hud,drift,,,,,"110.80%",110.800
1790446019.969,hud,turns,,,,,"✗ turns: 3/15",
1790446019.969,hud,calib_s,,,,,"✓ Buffer 6s",
1790446019.970,marker,gnss,52.37162000,-1.24164500,93.00,true,,
1790446019.971,marker,dr,52.36957618,-1.24716962,134.20,true,,
1790446019.971,marker,reconciled,0.00000000,0.00000000,0.00,false,,
1790446020.009,hud,speed,,,,,"8.6 / 6.3",8.570
1790446020.010,hud,heading,,,,,"226° / 267°",225.700
1790446020.010,hud,drift,,,,,"110.69%",110.690
1790446020.011,hud,turns,,,,,"✗ turns: 3/15",
1790446020.011,hud,calib_s,,,,,"✓ Buffer 6s",
1790446020.011,marker,gnss,52.37162000,-1.24164500,93.00,true,,
1790446020.013,marker,dr,52.36957088,-1.24717857,134.30,true,,
1790446020.014,marker,reconciled,0.00000000,0.00000000,0.00,false,,
1790446020.062,hud,speed,,,,,"8.6 / 6.3",8.610
1790446020.062,hud,heading,,,,,"226° / 267°",225.700
1790446020.062,hud,drift,,,,,"110.58%",110.580
1790446020.062,hud,turns,,,,,"✗ turns: 3/15",
1790446020.063,hud,calib_s,,,,,"✓ Buffer 6s",
1790446020.063,marker,gnss,52.37162000,-1.24164500,93.00,true,,
1790446020.063,marker,dr,52.36956538,-1.24718762,134.30,true,,
1790446020.064,marker,reconciled,0.00000000,0.00000000,0.00,false,,
1790446020.111,hud,speed,,,,,"8.7 / 6.3",8.650
1790446020.111,hud,heading,,,,,"226° / 267°",225.700
1790446020.112,hud,drift,,,,,"110.48%",110.480
1790446020.112,hud,turns,,,,,"✗ turns: 3/15",
1790446020.112,hud,calib_s,,,,,"✓ Buffer 6s",
1790446020.113,marker,gnss,52.37162000,-1.24164500,93.00,true,,
1790446020.114,marker,dr,52.36955994,-1.24719646,134.30,true,,
1790446020.114,marker,reconciled,0.00000000,0.00000000,0.00,false,,
