t,category,name,lat,lon,rotation_deg,visible,text_val,num_val
1790445919.199,hud,speed,,,,,"0.0 / 0.0",0.000
1790445919.200,hud,heading,,,,,"0° / 0°",0.000
1790445919.200,hud,drift,,,,,"0.00%",0.000
1790445919.200,hud,turns,,,,,"✗ turns: 0/15",
1790445919.201,hud,calib_s,,,,,"✗ Buffer (need 6s)",
1790445919.201,marker,reconciled,0.00000000,0.00000000,0.00,false,,
1790445922.642,hud,speed,,,,,"0.0 / 0.0",0.000
1790445922.643,hud,heading,,,,,"0° / 0°",0.000
1790445922.643,hud,drift,,,,,"0.00%",0.000
1790445922.644,hud,turns,,,,,"✗ turns: 0/15",
1790445922.645,hud,calib_s,,,,,"✗ Buffer (need 6s)",
1790445922.645,marker,reconciled,0.00000000,0.00000000,0.00,false,,
1790445922.690,hud,speed,,,,,"0.0 / 0.0",0.000
1790445922.691,hud,heading,,,,,"0° / 0°",0.000
1790445922.691,hud,drift,,,,,"0.00%",0.000
1790445922.691,hud,turns,,,,,"✗ turns: 0/15",
1790445922.692,hud,calib_s,,,,,"✗ Buffer (need 6s)",
1790445922.692,marker,reconciled,0.00000000,0.00000000,0.00,false,,
1790445922.748,hud,speed,,,,,"0.0 / 0.0",0.000
1790445922.748,hud,heading,,,,,"0° / 0°",0.000
1790445922.749,hud,drift,,,,,"0.00%",0.000
1790445922.749,hud,turns,,,,,"✗ turns: 0/15",
1790445922.749,hud,calib_s,,,,,"✗ Buffer (need 6s)",
1790445922.750,marker,reconciled,0.00000000,0.00000000,0.00,false,,
1790445922.792,hud,speed,,,,,"0.0 / 0.0",0.000
1790445922.793,hud,heading,,,,,"0° / 0°",0.000
1790445922.793,hud,drift,,,,,"0.00%",0.000
1790445922.793,hud,turns,,,,,"✗ turns: 0/15",
1790445922.793,hud,calib_s,,,,,"✗ Buffer (need 6s)",
1790445922.793,marker,reconciled,0.00000000,0.00000000,0.00,false,,
1790445922.843,hud,speed,,,,,"0.0 / 0.0",0.000
1790445922.844,hud,heading,,,,,"0° / 0°",0.000
1790445922.844,hud,drift,,,,,"0.00%",0.000
1790445922.844,hud,turns,,,,,"✗ turns: 0/15",
1790445922.845,hud,calib_s,,,,,"✗ Buffer (need 6s)",
1790445922.845,marker,reconciled,0.00000000,0.00000000,0.00,false,,
1790445922.896,hud,speed,,,,,"0.0 / 0.0",0.000
1790445922.896,hud,heading,,,,,"0° / 0°",0.000
1790445922.897,hud,drift,,,,,"0.00%",0.000
1790445922.897,hud,turns,,,,,"✗ turns: 0/15",
1790445922.897,hud,calib_s,,,,,"✗ Buffer (need 6s)",
1790445922.897,marker,reconciled,0.00000000,0.00000000,0.00,false,,
1790445922.948,hud,speed,,,,,"0.0 / 0.0",0.000
1790445922.948,hud,heading,,,,,"0° / 0°",0.000
1790445922.949,hud,drift,,,,,"0.00%",0.000
1790445922.949,hud,turns,,,,,"✗ turns: 0/15",
1790445922.949,hud,calib_s,,,,,"✗ Buffer (need 6s)",
1790445922.949,marker,reconciled,0.00000000,0.00000000,0.00,false,,
1790445923.001,hud,speed,,,,,"0.0 / 0.0",0.000
1790445923.001,hud,heading,,,,,"0° / 0°",0.000
1790445923.002,hud,drift,,,,,"0.00%",0.000
1790445923.002,hud,turns,,,,,"✗ turns: 0/15",
1790445923.002,hud,calib_s,,,,,"✗ Buffer (need 6s)",
1790445923.003,marker,reconciled,0.00000000,0.00000000,0.00,false,,
1790445923.055,hud,speed,,,,,"0.0 / 0.0",0.000
1790445923.055,hud,heading,,,,,"0° / 0°",0.000
1790445923.056,hud,drift,,,,,"0.00%",0.000
1790445923.056,hud,turns,,,,,"✗ turns: 0/15",
1790445923.056,hud,calib_s,,,,,"✗ Buffer (need 6s)",
1790445923.056,marker,reconciled,0.00000000,0.00000000,0.00,false,,
1790445923.105,hud,speed,,,,,"0.0 / 0.0",0.000
1790445923.106,hud,heading,,,,,"0° / 0°",0.000
1790445923.106,hud,drift,,,,,"0.00%",0.000
1790445923.107,hud,turns,,,,,"✗ turns: 0/15",
1790445923.107,hud,calib_s,,,,,"✗ Buffer (need 6s)",
1790445923.107,marker,reconciled,0.00000000,0.00000000,0.00,false,,
1790445923.156,hud,speed,,,,,"0.0 / 0.0",0.000
1790445923.156,hud,heading,,,,,"0° / 0°",0.000
1790445923.157,hud,drift,,,,,"0.00%",0.000
1790445923.157,hud,turns,,,,,"✗ turns: 0/15",
1790445923.157,hud,calib_s,,,,,"✗ Buffer (need 6s)",
1790445923.157,marker,reconciled,0.00000000,0.00000000,0.00,false,,
1790445923.205,hud,speed,,,,,"0.0 / 0.0",0.000
1790445923.206,hud,heading,,,,,"0° / 0°",0.000
1790445923.206,hud,drift,,,,,"0.00%",0.000
1790445923.207,hud,turns,,,,,"✗ turns: 0/15",
1790445923.207,hud,calib_s,,,,,"✗ Buffer (need 6s)",
1790445923.207,marker,reconciled,0.00000000,0.00000000,0.00,false,,
1790445923.259,hud,speed,,,,,"0.0 / 0.0",0.000
1790445923.259,hud,heading,,,,,"0° / 0°",0.000
1790445923.259,hud,drift,,,,,"0.00%",0.000
1790445923.259,hud,turns,,,,,"✗ turns: 0/15",
1790445923.260,hud,calib_s,,,,,"✗ Buffer (need 6s)",
1790445923.260,marker,reconciled,0.00000000,0.00000000,0.00,false,,
1790445923.313,hud,speed,,,,,"0.0 / 0.0",0.000
1790445923.314,hud,heading,,,,,"0° / 0°",0.000
1790445923.314,hud,drift,,,,,"0.00%",0.000
1790445923.315,hud,turns,,,,,"✗ turns: 0/15",
1790445923.315,hud,calib_s,,,,,"✗ Buffer (need 6s)",
1790445923.315,marker,reconciled,0.00000000,0.00000000,0.00,false,,
1790445923.360,hud,speed,,,,,"0.0 / 0.0",0.000
1790445923.360,hud,heading,,,,,"0° / 0°",0.000
1790445923.360,hud,drift,,,,,"0.00%",0.000
1790445923.361,hud,turns,,,,,"✗ turns: 0/15",
1790445923.361,hud,calib_s,,,,,"✗ Buffer (need 6s)",
1790445923.361,marker,reconciled,0.00000000,0.00000000,0.00,false,,
1790445923.415,hud,speed,,,,,"0.0 / 0.0",0.000
1790445923.416,hud,heading,,,,,"0° / 0°",0.000
1790445923.416,hud,drift,,,,,"0.00%",0.000
1790445923.416,hud,turns,,,,,"✗ turns: 0/15",
1790445923.417,hud,calib_s,,,,,"✗ Buffer (need 6s)",
1790445923.417,marker,reconciled,0.00000000,0.00000000,0.00,false,,
1790445923.489,hud,speed,,,,,"0.0 / 0.0",0.000
1790445923.490,hud,heading,,,,,"0° / 0°",0.000
1790445923.491,hud,drift,,,,,"0.00%",0.000
1790445923.491,hud,turns,,,,,"✗ turns: 0/15",
1790445923.491,hud,calib_s,,,,,"✗ Buffer (need 6s)",
1790445923.492,marker,reconciled,0.00000000,0.00000000,0.00,false,,
1790445923.531,hud,speed,,,,,"0.0 / 0.0",0.000
1790445923.531,hud,heading,,,,,"0° / 0°",0.000
1790445923.532,hud,drift,,,,,"0.00%",0.000
1790445923.532,hud,turns,,,,,"✗ turns: 0/15",
1790445923.532,hud,calib_s,,,,,"✗ Buffer (need 6s)",
1790445923.532,marker,reconciled,0.00000000,0.00000000,0.00,false,,
1790445923.562,hud,speed,,,,,"0.0 / 0.0",0.000
1790445923.563,hud,heading,,,,,"0° / 0°",0.000
1790445923.563,hud,drift,,,,,"0.00%",0.000
1790445923.563,hud,turns,,,,,"✗ turns: 0/15",
1790445923.563,hud,calib_s,,,,,"✗ Buffer (need 6s)",
1790445923.563,marker,reconciled,0.00000000,0.00000000,0.00,false,,
1790445923.615,hud,speed,,,,,"0.0 / 0.0",0.000
1790445923.615,hud,heading,,,,,"0° / 0°",0.000
1790445923.615,hud,drift,,,,,"0.00%",0.000
1790445923.615,hud,turns,,,,,"✗ turns: 0/15",
1790445923.616,hud,calib_s,,,,,"✗ Buffer (need 6s)",
1790445923.616,marker,reconciled,0.00000000,0.00000000,0.00,false,,
1790445923.670,hud,speed,,,,,"0.0 / 0.0",0.000
1790445923.670,hud,heading,,,,,"0° / 0°",0.000
1790445923.671,hud,drift,,,,,"0.00%",0.000
1790445923.671,hud,turns,,,,,"✗ turns: 0/15",
1790445923.671,hud,calib_s,,,,,"✗ Buffer (need 6s)",
1790445923.671,marker,reconciled,0.00000000,0.00000000,0.00,false,,
1790445923.716,hud,speed,,,,,"0.0 / 0.0",0.000
1790445923.716,hud,heading,,,,,"0° / 0°",0.000
1790445923.716,hud,drift,,,,,"0.00%",0.000
1790445923.716,hud,turns,,,,,"✗ turns: 0/15",
1790445923.716,hud,calib_s,,,,,"✗ Buffer (need 6s)",
1790445923.717,marker,reconciled,0.00000000,0.00000000,0.00,false,,
1790445923.768,hud,speed,,,,,"0.0 / 0.0",0.000
1790445923.768,hud,heading,,,,,"0° / 0°",0.000
1790445923.768,hud,drift,,,,,"0.00%",0.000
1790445923.768,hud,turns,,,,,"✗ turns: 0/15",
1790445923.769,hud,calib_s,,,,,"✗ Buffer (need 6s)",
1790445923.769,marker,reconciled,0.00000000,0.00000000,0.00,false,,
1790445923.817,hud,speed,,,,,"0.0 / 0.0",0.000
1790445923.817,hud,heading,,,,,"0° / 0°",0.000
1790445923.817,hud,drift,,,,,"0.00%",0.000
1790445923.817,hud,turns,,,,,"✗ turns: 0/15",
1790445923.818,hud,calib_s,,,,,"✗ Buffer (need 6s)",
1790445923.818,marker,reconciled,0.00000000,0.00000000,0.00,false,,
1790445923.867,hud,speed,,,,,"0.0 / 0.0",0.000
1790445923.867,hud,heading,,,,,"0° / 0°",0.000
1790445923.868,hud,drift,,,,,"0.00%",0.000
1790445923.868,hud,turns,,,,,"✗ turns: 0/15",
1790445923.868,hud,calib_s,,,,,"✗ Buffer (need 6s)",
1790445923.868,marker,reconciled,0.00000000,0.00000000,0.00,false,,
1790445923.924,hud,speed,,,,,"0.0 / 0.0",0.000
1790445923.924,hud,heading,,,,,"0° / 0°",0.000
1790445923.925,hud,drift,,,,,"0.00%",0.000
1790445923.925,hud,turns,,,,,"✗ turns: 0/15",
1790445923.925,hud,calib_s,,,,,"✗ Buffer (need 6s)",
1790445923.925,marker,reconciled,0.00000000,0.00000000,0.00,false,,
1790445923.970,hud,speed,,,,,"0.0 / 0.0",0.000
1790445923.971,hud,heading,,,,,"0° / 0°",0.000
1790445923.971,hud,drift,,,,,"0.00%",0.000
1790445923.971,hud,turns,,,,,"✗ turns: 0/15",
1790445923.971,hud,calib_s,,,,,"✗ Buffer (need 6s)",
1790445923.972,marker,reconciled,0.00000000,0.00000000,0.00,false,,
1790445924.021,hud,speed,,,,,"0.0 / 0.0",0.000
1790445924.022,hud,heading,,,,,"0° / 0°",0.000
1790445924.022,hud,drift,,,,,"0.00%",0.000
1790445924.022,hud,turns,,,,,"✗ turns: 0/15",
1790445924.022,hud,calib_s,,,,,"✗ Buffer (need 6s)",
1790445924.023,marker,reconciled,0.00000000,0.00000000,0.00,false,,
1790445924.073,hud,speed,,,,,"0.0 / 0.0",0.000
1790445924.073,hud,heading,,,,,"0° / 0°",0.000
1790445924.074,hud,drift,,,,,"0.00%",0.000
1790445924.074,hud,turns,,,,,"✗ turns: 0/15",
1790445924.075,hud,calib_s,,,,,"✗ Buffer (need 6s)",
1790445924.075,marker,reconciled,0.00000000,0.00000000,0.00,false,,
1790445924.127,hud,speed,,,,,"0.0 / 0.0",0.000
1790445924.127,hud,heading,,,,,"0° / 0°",0.000
1790445924.128,hud,drift,,,,,"0.00%",0.000
1790445924.128,hud,turns,,,,,"✗ turns: 0/15",
1790445924.128,hud,calib_s,,,,,"✗ Buffer (need 6s)",
1790445924.128,marker,reconciled,0.00000000,0.00000000,0.00,false,,
1790445924.189,hud,speed,,,,,"0.0 / 0.0",0.000
1790445924.190,hud,heading,,,,,"0° / 0°",0.000
1790445924.190,hud,drift,,,,,"0.00%",0.000
1790445924.190,hud,turns,,,,,"✗ turns: 0/15",
1790445924.191,hud,calib_s,,,,,"✗ Buffer (need 6s)",
1790445924.192,marker,gnss,52.37286400,-1.24189100,113.90,true,,
1790445924.193,marker,reconciled,0.00000000,0.00000000,0.00,false,,
1790445924.229,hud,speed,,,,,"0.0 / 0.0",0.000
1790445924.230,hud,heading,,,,,"0° / 0°",0.000
1790445924.230,hud,drift,,,,,"0.00%",0.000
1790445924.230,hud,turns,,,,,"✗ turns: 0/15",
1790445924.231,hud,calib_s,,,,,"✗ Buffer (need 6s)",
1790445924.231,marker,gnss,52.37286400,-1.24189100,113.90,true,,
1790445924.231,marker,reconciled,0.00000000,0.00000000,0.00,false,,
1790445924.282,hud,speed,,,,,"0.0 / 0.0",0.000
1790445924.282,hud,heading,,,,,"0° / 0°",0.000
1790445924.283,hud,drift,,,,,"0.00%",0.000
1790445924.283,hud,turns,,,,,"✗ turns: 0/15",
1790445924.283,hud,calib_s,,,,,"✗ Buffer (need 6s)",
1790445924.284,marker,gnss,52.37286400,-1.24189100,113.90,true,,
1790445924.284,marker,reconciled,0.00000000,0.00000000,0.00,false,,
1790445924.329,hud,speed,,,,,"0.0 / 0.0",0.000
1790445924.329,hud,heading,,,,,"0° / 0°",0.000
1790445924.330,hud,drift,,,,,"0.00%",0.000
1790445924.330,hud,turns,,,,,"✗ turns: 0/15",
1790445924.330,hud,calib_s,,,,,"✗ Buffer (need 6s)",
1790445924.330,marker,gnss,52.37286400,-1.24189100,113.90,true,,
1790445924.331,marker,reconciled,0.00000000,0.00000000,0.00,false,,
1790445924.382,hud,speed,,,,,"0.0 / 0.0",0.000
1790445924.382,hud,heading,,,,,"0° / 0°",0.000
1790445924.382,hud,drift,,,,,"0.00%",0.000
1790445924.382,hud,turns,,,,,"✗ turns: 0/15",
1790445924.383,hud,calib_s,,,,,"✗ Buffer (need 6s)",
1790445924.383,marker,gnss,52.37286400,-1.24189100,113.90,true,,
1790445924.383,marker,reconciled,0.00000000,0.00000000,0.00,false,,
1790445924.437,hud,speed,,,,,"0.0 / 0.0",0.000
1790445924.437,hud,heading,,,,,"0° / 0°",0.000
1790445924.438,hud,drift,,,,,"0.00%",0.000
1790445924.438,hud,turns,,,,,"✗ turns: 0/15",
1790445924.438,hud,calib_s,,,,,"✗ Buffer (need 6s)",
1790445924.438,marker,gnss,52.37286400,-1.24189100,113.90,true,,
1790445924.439,marker,reconciled,0.00000000,0.00000000,0.00,false,,
1790445924.481,hud,speed,,,,,"0.0 / 0.0",0.000
1790445924.482,hud,heading,,,,,"0° / 0°",0.000
1790445924.482,hud,drift,,,,,"0.00%",0.000
1790445924.482,hud,turns,,,,,"✗ turns: 0/15",
1790445924.483,hud,calib_s,,,,,"✗ Buffer (need 6s)",
1790445924.483,marker,gnss,52.37286400,-1.24189100,113.90,true,,
1790445924.483,marker,reconciled,0.00000000,0.00000000,0.00,false,,
1790445924.530,hud,speed,,,,,"0.0 / 0.0",0.000
1790445924.531,hud,heading,,,,,"0° / 0°",0.000
1790445924.531,hud,drift,,,,,"0.00%",0.000
1790445924.531,hud,turns,,,,,"✗ turns: 0/15",
1790445924.531,hud,calib_s,,,,,"✗ Buffer (need 6s)",
1790445924.532,marker,gnss,52.37286400,-1.24189100,113.90,true,,
1790445924.532,marker,reconciled,0.00000000,0.00000000,0.00,false,,
1790445924.582,hud,speed,,,,,"0.0 / 0.0",0.000
1790445924.582,hud,heading,,,,,"0° / 0°",0.000
1790445924.583,hud,drift,,,,,"0.00%",0.000
1790445924.583,hud,turns,,,,,"✗ turns: 0/15",
1790445924.583,hud,calib_s,,,,,"✗ Buffer (need 6s)",
1790445924.583,marker,gnss,52.37286400,-1.24189100,113.90,true,,
1790445924.583,marker,reconciled,0.00000000,0.00000000,0.00,false,,
1790445924.638,hud,speed,,,,,"0.0 / 0.0",0.000
1790445924.639,hud,heading,,,,,"0° / 0°",0.000
1790445924.639,hud,drift,,,,,"0.00%",0.000
1790445924.639,hud,turns,,,,,"✗ turns: 0/15",
1790445924.640,hud,calib_s,,,,,"✗ Buffer (need 6s)",
1790445924.640,marker,gnss,52.37286400,-1.24189100,113.90,true,,
1790445924.640,marker,reconciled,0.00000000,0.00000000,0.00,false,,
1790445924.685,hud,speed,,,,,"0.0 / 0.0",0.000
1790445924.686,hud,heading,,,,,"0° / 0°",0.000
1790445924.686,hud,drift,,,,,"0.00%",0.000
1790445924.686,hud,turns,,,,,"✗ turns: 0/15",
1790445924.687,hud,calib_s,,,,,"✗ Buffer (need 6s)",
1790445924.687,marker,gnss,52.37286400,-1.24189100,113.90,true,,
1790445924.687,marker,reconciled,0.00000000,0.00000000,0.00,false,,
1790445924.737,hud,speed,,,,,"0.0 / 0.0",0.000
1790445924.738,hud,heading,,,,,"0° / 0°",0.000
1790445924.738,hud,drift,,,,,"0.00%",0.000
1790445924.738,hud,turns,,,,,"✗ turns: 0/15",
1790445924.738,hud,calib_s,,,,,"✗ Buffer (need 6s)",
1790445924.739,marker,gnss,52.37286400,-1.24189100,113.90,true,,
1790445924.739,marker,reconciled,0.00000000,0.00000000,0.00,false,,
1790445924.785,hud,speed,,,,,"0.0 / 0.0",0.000
1790445924.786,hud,heading,,,,,"0° / 0°",0.000
1790445924.786,hud,drift,,,,,"0.00%",0.000
1790445924.786,hud,turns,,,,,"✗ turns: 0/15",
1790445924.786,hud,calib_s,,,,,"✗ Buffer (need 6s)",
1790445924.787,marker,gnss,52.37286400,-1.24189100,113.90,true,,
1790445924.787,marker,reconciled,0.00000000,0.00000000,0.00,false,,
1790445924.840,hud,speed,,,,,"0.0 / 0.0",0.000
1790445924.840,hud,heading,,,,,"0° / 0°",0.000
1790445924.841,hud,drift,,,,,"0.00%",0.000
1790445924.841,hud,turns,,,,,"✗ turns: 0/15",
1790445924.841,hud,calib_s,,,,,"✗ Buffer (need 6s)",
1790445924.842,marker,gnss,52.37286400,-1.24189100,113.90,true,,
1790445924.842,marker,reconciled,0.00000000,0.00000000,0.00,false,,
1790445924.895,hud,speed,,,,,"0.0 / 0.0",0.000
1790445924.895,hud,heading,,,,,"0° / 0°",0.000
1790445924.896,hud,drift,,,,,"0.00%",0.000
1790445924.896,hud,turns,,,,,"✗ turns: 0/15",
1790445924.896,hud,calib_s,,,,,"✗ Buffer (need 6s)",
1790445924.896,marker,gnss,52.37286400,-1.24189100,113.90,true,,
1790445924.897,marker,reconciled,0.00000000,0.00000000,0.00,false,,
1790445924.950,hud,speed,,,,,"0.0 / 0.0",0.000
1790445924.951,hud,heading,,,,,"0° / 0°",0.000
1790445924.951,hud,drift,,,,,"0.00%",0.000
1790445924.951,hud,turns,,,,,"✗ turns: 0/15",
1790445924.951,hud,calib_s,,,,,"✗ Buffer (need 6s)",
1790445924.952,marker,gnss,52.37286400,-1.24189100,113.90,true,,
1790445924.952,marker,reconciled,0.00000000,0.00000000,0.00,false,,
1790445924.994,hud,speed,,,,,"0.0 / 0.0",0.000
1790445924.995,hud,heading,,,,,"0° / 0°",0.000
1790445924.995,hud,drift,,,,,"0.00%",0.000
1790445924.995,hud,turns,,,,,"✗ turns: 0/15",
1790445924.995,hud,calib_s,,,,,"✗ Buffer (need 6s)",
1790445924.996,marker,gnss,52.37286400,-1.24189100,113.90,true,,
1790445924.996,marker,reconciled,0.00000000,0.00000000,0.00,false,,
1790445925.043,hud,speed,,,,,"0.0 / 0.0",0.000
1790445925.043,hud,heading,,,,,"0° / 0°",0.000
1790445925.044,hud,drift,,,,,"0.00%",0.000
1790445925.044,hud,turns,,,,,"✗ turns: 0/15",
1790445925.044,hud,calib_s,,,,,"✗ Buffer (need 6s)",
1790445925.044,marker,gnss,52.37286400,-1.24189100,113.90,true,,
1790445925.045,marker,reconciled,0.00000000,0.00000000,0.00,false,,
1790445925.095,hud,speed,,,,,"0.0 / 0.0",0.000
1790445925.096,hud,heading,,,,,"0° / 0°",0.000
1790445925.096,hud,drift,,,,,"0.00%",0.000
1790445925.096,hud,turns,,,,,"✗ turns: 0/15",
1790445925.096,hud,calib_s,,,,,"✗ Buffer (need 6s)",
1790445925.097,marker,gnss,52.37286400,-1.24189100,113.90,true,,
1790445925.097,marker,reconciled,0.00000000,0.00000000,0.00,false,,
1790445925.151,hud,speed,,,,,"0.0 / 0.0",0.000
1790445925.151,hud,heading,,,,,"0° / 0°",0.000
1790445925.151,hud,drift,,,,,"0.00%",0.000
1790445925.152,hud,turns,,,,,"✗ turns: 0/15",
1790445925.152,hud,calib_s,,,,,"✗ Buffer (need 6s)",
1790445925.152,marker,gnss,52.37286400,-1.24189100,113.90,true,,
1790445925.152,marker,reconciled,0.00000000,0.00000000,0.00,false,,
1790445925.198,hud,speed,,,,,"0.0 / 0.0",0.000
1790445925.198,hud,heading,,,,,"0° / 0°",0.000
1790445925.198,hud,drift,,,,,"0.00%",0.000
1790445925.199,hud,turns,,,,,"✗ turns: 0/15",
1790445925.199,hud,calib_s,,,,,"✗ Buffer (need 6s)",
1790445925.199,marker,gnss,52.37286400,-1.24189100,113.90,true,,
1790445925.199,marker,reconciled,0.00000000,0.00000000,0.00,false,,
1790445925.247,hud,speed,,,,,"0.0 / 0.0",0.000
1790445925.247,hud,heading,,,,,"0° / 0°",0.000
1790445925.248,hud,drift,,,,,"0.00%",0.000
1790445925.248,hud,turns,,,,,"✗ turns: 0/15",
1790445925.248,hud,calib_s,,,,,"✗ Buffer (need 6s)",
1790445925.248,marker,gnss,52.37286400,-1.24189100,113.90,true,,
1790445925.249,marker,reconciled,0.00000000,0.00000000,0.00,false,,
1790445925.296,hud,speed,,,,,"0.0 / 0.0",0.000
1790445925.297,hud,heading,,,,,"0° / 0°",0.000
1790445925.297,hud,drift,,,,,"0.00%",0.000
1790445925.297,hud,turns,,,,,"✗ turns: 0/15",
1790445925.297,hud,calib_s,,,,,"✗ Buffer (need 6s)",
1790445925.298,marker,gnss,52.37286400,-1.24189100,113.90,true,,
1790445925.298,marker,reconciled,0.00000000,0.00000000,0.00,false,,
1790445925.349,hud,speed,,,,,"0.0 / 0.0",0.000
1790445925.349,hud,heading,,,,,"0° / 0°",0.000
1790445925.349,hud,drift,,,,,"0.00%",0.000
1790445925.350,hud,turns,,,,,"✗ turns: 0/15",
1790445925.350,hud,calib_s,,,,,"✗ Buffer (need 6s)",
1790445925.351,marker,gnss,52.37286400,-1.24189100,113.90,true,,
1790445925.351,marker,reconciled,0.00000000,0.00000000,0.00,false,,
1790445925.401,hud,speed,,,,,"0.0 / 0.0",0.000
1790445925.402,hud,heading,,,,,"0° / 0°",0.000
1790445925.402,hud,drift,,,,,"0.00%",0.000
1790445925.403,hud,turns,,,,,"✗ turns: 0/15",
1790445925.403,hud,calib_s,,,,,"✗ Buffer (need 6s)",
1790445925.403,marker,gnss,52.37286400,-1.24189100,113.90,true,,
1790445925.404,marker,reconciled,0.00000000,0.00000000,0.00,false,,
1790445925.453,hud,speed,,,,,"0.0 / 0.0",0.000
1790445925.453,hud,heading,,,,,"0° / 0°",0.000
1790445925.454,hud,drift,,,,,"0.00%",0.000
1790445925.454,hud,turns,,,,,"✗ turns: 0/15",
1790445925.454,hud,calib_s,,,,,"✗ Buffer (need 6s)",
1790445925.455,marker,gnss,52.37286400,-1.24189100,113.90,true,,
1790445925.455,marker,reconciled,0.00000000,0.00000000,0.00,false,,
1790445925.503,hud,speed,,,,,"0.0 / 0.0",0.000
1790445925.504,hud,heading,,,,,"0° / 0°",0.000
1790445925.504,hud,drift,,,,,"0.00%",0.000
1790445925.504,hud,turns,,,,,"✗ turns: 0/15",
1790445925.504,hud,calib_s,,,,,"✗ Buffer (need 6s)",
1790445925.505,marker,gnss,52.37286400,-1.24189100,113.90,true,,
1790445925.505,marker,reconciled,0.00000000,0.00000000,0.00,false,,
1790445925.553,hud,speed,,,,,"0.0 / 0.0",0.000
1790445925.553,hud,heading,,,,,"0° / 0°",0.000
1790445925.553,hud,drift,,,,,"0.00%",0.000
1790445925.554,hud,turns,,,,,"✗ turns: 0/15",
1790445925.554,hud,calib_s,,,,,"✗ Buffer (need 6s)",
1790445925.554,marker,gnss,52.37286400,-1.24189100,113.90,true,,
1790445925.555,marker,reconciled,0.00000000,0.00000000,0.00,false,,
1790445925.604,hud,speed,,,,,"0.0 / 0.0",0.000
1790445925.605,hud,heading,,,,,"0° / 0°",0.000
1790445925.605,hud,drift,,,,,"0.00%",0.000
1790445925.605,hud,turns,,,,,"✗ turns: 0/15",
1790445925.605,hud,calib_s,,,,,"✗ Buffer (need 6s)",
1790445925.605,marker,gnss,52.37286400,-1.24189100,113.90,true,,
1790445925.606,marker,reconciled,0.00000000,0.00000000,0.00,false,,
1790445925.657,hud,speed,,,,,"0.0 / 0.0",0.000
1790445925.657,hud,heading,,,,,"0° / 0°",0.000
1790445925.657,hud,drift,,,,,"0.00%",0.000
1790445925.658,hud,turns,,,,,"✗ turns: 0/15",
1790445925.658,hud,calib_s,,,,,"✓ Buffer 6s",
1790445925.659,marker,gnss,52.37286400,-1.24189100,113.90,true,,
1790445925.659,marker,reconciled,0.00000000,0.00000000,0.00,false,,
1790445925.707,hud,speed,,,,,"0.0 / 0.0",0.000
1790445925.708,hud,heading,,,,,"0° / 0°",0.000
1790445925.708,hud,drift,,,,,"0.00%",0.000
1790445925.708,hud,turns,,,,,"✗ turns: 0/15",
1790445925.708,hud,calib_s,,,,,"✓ Buffer 6s",
1790445925.708,marker,gnss,52.37286400,-1.24189100,113.90,true,,
1790445925.709,marker,reconciled,0.00000000,0.00000000,0.00,false,,
1790445925.757,hud,speed,,,,,"0.0 / 0.0",0.000
1790445925.757,hud,heading,,,,,"0° / 0°",0.000
1790445925.758,hud,drift,,,,,"0.00%",0.000
1790445925.758,hud,turns,,,,,"✗ turns: 0/15",
1790445925.758,hud,calib_s,,,,,"✓ Buffer 6s",
1790445925.759,marker,gnss,52.37286400,-1.24189100,113.90,true,,
1790445925.759,marker,reconciled,0.00000000,0.00000000,0.00,false,,
1790445925.809,hud,speed,,,,,"0.0 / 0.0",0.000
1790445925.810,hud,heading,,,,,"0° / 0°",0.000
1790445925.810,hud,drift,,,,,"0.00%",0.000
1790445925.811,hud,turns,,,,,"✗ turns: 0/15",
1790445925.811,hud,calib_s,,,,,"✓ Buffer 6s",
1790445925.811,marker,gnss,52.37286400,-1.24189100,113.90,true,,
1790445925.812,marker,reconciled,0.00000000,0.00000000,0.00,false,,
1790445925.858,hud,speed,,,,,"0.0 / 0.0",0.000
1790445925.858,hud,heading,,,,,"0° / 0°",0.000
1790445925.858,hud,drift,,,,,"0.00%",0.000
1790445925.859,hud,turns,,,,,"✗ turns: 0/15",
1790445925.859,hud,calib_s,,,,,"✓ Buffer 6s",
1790445925.859,marker,gnss,52.37286400,-1.24189100,113.90,true,,
1790445925.860,marker,reconciled,0.00000000,0.00000000,0.00,false,,
1790445925.911,hud,speed,,,,,"0.0 / 0.0",0.000
1790445925.911,hud,heading,,,,,"0° / 0°",0.000
1790445925.912,hud,drift,,,,,"0.00%",0.000
1790445925.912,hud,turns,,,,,"✗ turns: 0/15",
1790445925.912,hud,calib_s,,,,,"✓ Buffer 6s",
1790445925.913,marker,gnss,52.37286400,-1.24189100,113.90,true,,
1790445925.913,marker,reconciled,0.00000000,0.00000000,0.00,false,,
1790445925.969,hud,speed,,,,,"0.0 / 0.0",0.000
1790445925.969,hud,heading,,,,,"0° / 0°",0.000
1790445925.970,hud,drift,,,,,"0.00%",0.000
1790445925.971,hud,turns,,,,,"✗ turns: 0/15",
1790445925.971,hud,calib_s,,,,,"✓ Buffer 6s",
1790445925.971,marker,gnss,52.37286400,-1.24189100,113.90,true,,
1790445925.971,marker,reconciled,0.00000000,0.00000000,0.00,false,,
1790445926.012,hud,speed,,,,,"0.0 / 0.0",0.000
1790445926.013,hud,heading,,,,,"0° / 0°",0.000
1790445926.013,hud,drift,,,,,"0.00%",0.000
1790445926.013,hud,turns,,,,,"✗ turns: 0/15",
1790445926.013,hud,calib_s,,,,,"✓ Buffer 6s",
1790445926.013,marker,gnss,52.37286400,-1.24189100,113.90,true,,
1790445926.014,marker,reconciled,0.00000000,0.00000000,0.00,false,,
1790445926.065,hud,speed,,,,,"0.0 / 0.0",0.000
1790445926.066,hud,heading,,,,,"0° / 0°",0.000
1790445926.066,hud,drift,,,,,"0.00%",0.000
1790445926.067,hud,turns,,,,,"✗ turns: 0/15",
1790445926.067,hud,calib_s,,,,,"✓ Buffer 6s",
1790445926.067,marker,gnss,52.37286400,-1.24189100,113.90,true,,
1790445926.068,marker,reconciled,0.00000000,0.00000000,0.00,false,,
1790445926.116,hud,speed,,,,,"0.0 / 0.0",0.000
1790445926.116,hud,heading,,,,,"0° / 0°",0.000
1790445926.116,hud,drift,,,,,"0.00%",0.000
1790445926.117,hud,turns,,,,,"✗ turns: 0/15",
1790445926.117,hud,calib_s,,,,,"✓ Buffer 6s",
1790445926.117,marker,gnss,52.37286400,-1.24189100,113.90,true,,
1790445926.117,marker,reconciled,0.00000000,0.00000000,0.00,false,,
1790445926.165,hud,speed,,,,,"0.0 / 0.0",0.000
1790445926.165,hud,heading,,,,,"0° / 0°",0.000
1790445926.165,hud,drift,,,,,"0.00%",0.000
1790445926.166,hud,turns,,,,,"✗ turns: 0/15",
1790445926.166,hud,calib_s,,,,,"✓ Buffer 6s",
1790445926.167,marker,gnss,52.37286400,-1.24189100,113.90,true,,
1790445926.167,marker,reconciled,0.00000000,0.00000000,0.00,false,,
1790445926.216,hud,speed,,,,,"0.0 / 0.0",0.000
1790445926.217,hud,heading,,,,,"0° / 0°",0.000
1790445926.217,hud,drift,,,,,"0.00%",0.000
1790445926.217,hud,turns,,,,,"✗ turns: 0/15",
1790445926.217,hud,calib_s,,,,,"✓ Buffer 6s",
1790445926.218,marker,gnss,52.37286400,-1.24189100,113.90,true,,
1790445926.218,marker,reconciled,0.00000000,0.00000000,0.00,false,,
1790445926.265,hud,speed,,,,,"0.0 / 0.0",0.000
1790445926.265,hud,heading,,,,,"0° / 0°",0.000
1790445926.265,hud,drift,,,,,"0.00%",0.000
1790445926.265,hud,turns,,,,,"✗ turns: 0/15",
1790445926.266,hud,calib_s,,,,,"✓ Buffer 6s",
1790445926.266,marker,gnss,52.37286400,-1.24189100,113.90,true,,
1790445926.266,marker,reconciled,0.00000000,0.00000000,0.00,false,,
1790445926.321,hud,speed,,,,,"0.0 / 0.0",0.000
1790445926.322,hud,heading,,,,,"0° / 0°",0.000
1790445926.322,hud,drift,,,,,"0.00%",0.000
1790445926.323,hud,turns,,,,,"✗ turns: 0/15",
1790445926.323,hud,calib_s,,,,,"✓ Buffer 6s",
1790445926.323,marker,gnss,52.37286400,-1.24189100,113.90,true,,
1790445926.324,marker,reconciled,0.00000000,0.00000000,0.00,false,,
1790445926.369,hud,speed,,,,,"0.0 / 0.0",0.000
1790445926.369,hud,heading,,,,,"0° / 0°",0.000
1790445926.370,hud,drift,,,,,"0.00%",0.000
1790445926.370,hud,turns,,,,,"✗ turns: 0/15",
1790445926.370,hud,calib_s,,,,,"✓ Buffer 6s",
1790445926.371,marker,gnss,52.37286400,-1.24189100,113.90,true,,
1790445926.371,marker,reconciled,0.00000000,0.00000000,0.00,false,,
1790445926.420,hud,speed,,,,,"0.0 / 0.0",0.000
1790445926.421,hud,heading,,,,,"0° / 0°",0.000
1790445926.421,hud,drift,,,,,"0.00%",0.000
1790445926.421,hud,turns,,,,,"✗ turns: 0/15",
1790445926.421,hud,calib_s,,,,,"✓ Buffer 6s",
1790445926.422,marker,gnss,52.37286400,-1.24189100,113.90,true,,
1790445926.422,marker,reconciled,0.00000000,0.00000000,0.00,false,,
1790445926.472,hud,speed,,,,,"0.0 / 0.0",0.000
1790445926.473,hud,heading,,,,,"0° / 0°",0.000
1790445926.473,hud,drift,,,,,"0.00%",0.000
1790445926.474,hud,turns,,,,,"✗ turns: 0/15",
1790445926.474,hud,calib_s,,,,,"✓ Buffer 6s",
1790445926.474,marker,gnss,52.37286400,-1.24189100,113.90,true,,
1790445926.475,marker,reconciled,0.00000000,0.00000000,0.00,false,,
1790445926.520,hud,speed,,,,,"0.0 / 0.0",0.000
1790445926.521,hud,heading,,,,,"0° / 0°",0.000
1790445926.521,hud,drift,,,,,"0.00%",0.000
1790445926.521,hud,turns,,,,,"✗ turns: 0/15",
1790445926.521,hud,calib_s,,,,,"✓ Buffer 6s",
1790445926.521,marker,gnss,52.37286400,-1.24189100,113.90,true,,
1790445926.522,marker,reconciled,0.00000000,0.00000000,0.00,false,,
1790445926.576,hud,speed,,,,,"0.0 / 0.0",0.000
1790445926.576,hud,heading,,,,,"0° / 0°",0.000
1790445926.577,hud,drift,,,,,"0.00%",0.000
1790445926.577,hud,turns,,,,,"✗ turns: 0/15",
1790445926.577,hud,calib_s,,,,,"✓ Buffer 6s",
1790445926.578,marker,gnss,52.37286400,-1.24189100,113.90,true,,
1790445926.579,marker,reconciled,0.00000000,0.00000000,0.00,false,,
1790445926.624,hud,speed,,,,,"0.0 / 0.0",0.000
1790445926.625,hud,heading,,,,,"0° / 0°",0.000
1790445926.625,hud,drift,,,,,"0.00%",0.000
1790445926.625,hud,turns,,,,,"✗ turns: 0/15",
1790445926.626,hud,calib_s,,,,,"✓ Buffer 6s",
1790445926.626,marker,gnss,52.37286400,-1.24189100,113.90,true,,
1790445926.627,marker,reconciled,0.00000000,0.00000000,0.00,false,,
1790445926.676,hud,speed,,,,,"0.0 / 0.0",0.000
1790445926.677,hud,heading,,,,,"0° / 0°",0.000
1790445926.677,hud,drift,,,,,"0.00%",0.000
1790445926.677,hud,turns,,,,,"✗ turns: 0/15",
1790445926.677,hud,calib_s,,,,,"✓ Buffer 6s",
1790445926.678,marker,gnss,52.37286400,-1.24189100,113.90,true,,
1790445926.678,marker,reconciled,0.00000000,0.00000000,0.00,false,,
1790445926.732,hud,speed,,,,,"0.0 / 0.0",0.000
1790445926.733,hud,heading,,,,,"0° / 0°",0.000
1790445926.733,hud,drift,,,,,"0.00%",0.000
1790445926.733,hud,turns,,,,,"✗ turns: 0/15",
1790445926.733,hud,calib_s,,,,,"✓ Buffer 6s",
1790445926.734,marker,gnss,52.37286400,-1.24189100,113.90,true,,
1790445926.734,marker,reconciled,0.00000000,0.00000000,0.00,false,,
1790445926.777,hud,speed,,,,,"0.0 / 0.0",0.000
1790445926.778,hud,heading,,,,,"0° / 0°",0.000
1790445926.778,hud,drift,,,,,"0.00%",0.000
1790445926.779,hud,turns,,,,,"✗ turns: 0/15",
1790445926.779,hud,calib_s,,,,,"✓ Buffer 6s",
1790445926.779,marker,gnss,52.37286400,-1.24189100,113.90,true,,
1790445926.780,marker,reconciled,0.00000000,0.00000000,0.00,false,,
1790445926.831,hud,speed,,,,,"0.0 / 0.0",0.000
1790445926.832,hud,heading,,,,,"0° / 0°",0.000
1790445926.832,hud,drift,,,,,"0.00%",0.000
1790445926.832,hud,turns,,,,,"✗ turns: 0/15",
1790445926.833,hud,calib_s,,,,,"✓ Buffer 6s",
1790445926.833,marker,gnss,52.37286400,-1.24189100,113.90,true,,
1790445926.833,marker,reconciled,0.00000000,0.00000000,0.00,false,,
1790445926.880,hud,speed,,,,,"0.0 / 0.0",0.000
1790445926.881,hud,heading,,,,,"0° / 0°",0.000
1790445926.881,hud,drift,,,,,"0.00%",0.000
1790445926.881,hud,turns,,,,,"✗ turns: 0/15",
1790445926.881,hud,calib_s,,,,,"✓ Buffer 6s",
1790445926.882,marker,gnss,52.37286400,-1.24189100,113.90,true,,
1790445926.882,marker,reconciled,0.00000000,0.00000000,0.00,false,,
1790445926.932,hud,speed,,,,,"0.0 / 0.0",0.000
1790445926.933,hud,heading,,,,,"0° / 0°",0.000
1790445926.933,hud,drift,,,,,"0.00%",0.000
1790445926.933,hud,turns,,,,,"✗ turns: 0/15",
1790445926.933,hud,calib_s,,,,,"✓ Buffer 6s",
1790445926.934,marker,gnss,52.37286400,-1.24189100,113.90,true,,
1790445926.934,marker,reconciled,0.00000000,0.00000000,0.00,false,,
1790445926.987,hud,speed,,,,,"0.0 / 0.0",0.000
1790445926.988,hud,heading,,,,,"0° / 0°",0.000
1790445926.988,hud,drift,,,,,"0.00%",0.000
1790445926.988,hud,turns,,,,,"✗ turns: 0/15",
1790445926.988,hud,calib_s,,,,,"✓ Buffer 6s",
1790445926.989,marker,gnss,52.37286400,-1.24189100,113.90,true,,
1790445926.989,marker,reconciled,0.00000000,0.00000000,0.00,false,,
1790445927.034,hud,speed,,,,,"0.0 / 0.0",0.000
1790445927.034,hud,heading,,,,,"0° / 0°",0.000
1790445927.035,hud,drift,,,,,"0.00%",0.000
1790445927.035,hud,turns,,,,,"✗ turns: 0/15",
1790445927.035,hud,calib_s,,,,,"✓ Buffer 6s",
1790445927.035,marker,gnss,52.37286400,-1.24189100,113.90,true,,
1790445927.036,marker,reconciled,0.00000000,0.00000000,0.00,false,,
1790445927.087,hud,speed,,,,,"0.0 / 0.0",0.000
1790445927.088,hud,heading,,,,,"0° / 0°",0.000
1790445927.088,hud,drift,,,,,"0.00%",0.000
1790445927.089,hud,turns,,,,,"✗ turns: 0/15",
1790445927.089,hud,calib_s,,,,,"✓ Buffer 6s",
1790445927.089,marker,gnss,52.37286400,-1.24189100,113.90,true,,
1790445927.089,marker,reconciled,0.00000000,0.00000000,0.00,false,,
1790445927.137,hud,speed,,,,,"0.0 / 0.0",0.000
1790445927.138,hud,heading,,,,,"0° / 0°",0.000
1790445927.138,hud,drift,,,,,"0.00%",0.000
1790445927.138,hud,turns,,,,,"✗ turns: 0/15",
1790445927.139,hud,calib_s,,,,,"✓ Buffer 6s",
1790445927.139,marker,gnss,52.37286400,-1.24189100,113.90,true,,
1790445927.139,marker,reconciled,0.00000000,0.00000000,0.00,false,,
1790445927.188,hud,speed,,,,,"0.0 / 0.0",0.000
1790445927.188,hud,heading,,,,,"0° / 0°",0.000
1790445927.189,hud,drift,,,,,"0.00%",0.000
1790445927.189,hud,turns,,,,,"✗ turns: 0/15",
1790445927.189,hud,calib_s,,,,,"✓ Buffer 6s",
1790445927.189,marker,gnss,52.37286400,-1.24189100,113.90,true,,
1790445927.190,marker,reconciled,0.00000000,0.00000000,0.00,false,,
1790445927.241,hud,speed,,,,,"0.0 / 0.0",0.000
1790445927.241,hud,heading,,,,,"0° / 0°",0.000
1790445927.241,hud,drift,,,,,"0.00%",0.000
1790445927.242,hud,turns,,,,,"✗ turns: 0/15",
1790445927.242,hud,calib_s,,,,,"✓ Buffer 6s",
1790445927.242,marker,gnss,52.37286400,-1.24189100,113.90,true,,
1790445927.243,marker,reconciled,0.00000000,0.00000000,0.00,false,,
1790445927.290,hud,speed,,,,,"0.0 / 0.0",0.000
1790445927.291,hud,heading,,,,,"0° / 0°",0.000
1790445927.291,hud,drift,,,,,"0.00%",0.000
1790445927.292,hud,turns,,,,,"✗ turns: 0/15",
1790445927.292,hud,calib_s,,,,,"✓ Buffer 6s",
1790445927.292,marker,gnss,52.37286400,-1.24189100,113.90,true,,
1790445927.293,marker,reconciled,0.00000000,0.00000000,0.00,false,,
1790445927.338,hud,speed,,,,,"0.0 / 0.0",0.000
1790445927.338,hud,heading,,,,,"0° / 0°",0.000
1790445927.339,hud,drift,,,,,"0.00%",0.000
1790445927.339,hud,turns,,,,,"✗ turns: 0/15",
1790445927.339,hud,calib_s,,,,,"✓ Buffer 6s",
1790445927.340,marker,gnss,52.37286400,-1.24189100,113.90,true,,
1790445927.340,marker,reconciled,0.00000000,0.00000000,0.00,false,,
1790445927.390,hud,speed,,,,,"0.0 / 0.0",0.000
1790445927.390,hud,heading,,,,,"0° / 0°",0.000
1790445927.391,hud,drift,,,,,"0.00%",0.000
1790445927.391,hud,turns,,,,,"✗ turns: 0/15",
1790445927.391,hud,calib_s,,,,,"✓ Buffer 6s",
1790445927.392,marker,gnss,52.37286400,-1.24189100,113.90,true,,
1790445927.392,marker,reconciled,0.00000000,0.00000000,0.00,false,,
1790445927.441,hud,speed,,,,,"0.0 / 0.0",0.000
1790445927.442,hud,heading,,,,,"0° / 0°",0.000
1790445927.442,hud,drift,,,,,"0.00%",0.000
1790445927.442,hud,turns,,,,,"✗ turns: 0/15",
1790445927.443,hud,calib_s,,,,,"✓ Buffer 6s",
1790445927.443,marker,gnss,52.37286400,-1.24189100,113.90,true,,
1790445927.443,marker,reconciled,0.00000000,0.00000000,0.00,false,,
1790445927.494,hud,speed,,,,,"0.0 / 0.0",0.000
1790445927.495,hud,heading,,,,,"0° / 0°",0.000
1790445927.495,hud,drift,,,,,"0.00%",0.000
1790445927.495,hud,turns,,,,,"✗ turns: 0/15",
1790445927.495,hud,calib_s,,,,,"✓ Buffer 6s",
1790445927.496,marker,gnss,52.37286400,-1.24189100,113.90,true,,
1790445927.496,marker,reconciled,0.00000000,0.00000000,0.00,false,,
1790445927.543,hud,speed,,,,,"0.0 / 0.0",0.000
1790445927.544,hud,heading,,,,,"0° / 0°",0.000
1790445927.544,hud,drift,,,,,"0.00%",0.000
1790445927.544,hud,turns,,,,,"✗ turns: 0/15",
1790445927.544,hud,calib_s,,,,,"✓ Buffer 6s",
1790445927.545,marker,gnss,52.37286400,-1.24189100,113.90,true,,
1790445927.545,marker,reconciled,0.00000000,0.00000000,0.00,false,,
1790445927.593,hud,speed,,,,,"0.0 / 0.0",0.000
1790445927.594,hud,heading,,,,,"0° / 0°",0.000
1790445927.594,hud,drift,,,,,"0.00%",0.000
1790445927.594,hud,turns,,,,,"✗ turns: 0/15",
1790445927.595,hud,calib_s,,,,,"✓ Buffer 6s",
1790445927.595,marker,gnss,52.37286400,-1.24189100,113.90,true,,
1790445927.595,marker,reconciled,0.00000000,0.00000000,0.00,false,,
1790445927.646,hud,speed,,,,,"0.0 / 0.0",0.000
1790445927.646,hud,heading,,,,,"0° / 0°",0.000
1790445927.647,hud,drift,,,,,"0.00%",0.000
1790445927.647,hud,turns,,,,,"✗ turns: 0/15",
1790445927.647,hud,calib_s,,,,,"✓ Buffer 6s",
1790445927.648,marker,gnss,52.37286400,-1.24189100,113.90,true,,
1790445927.648,marker,reconciled,0.00000000,0.00000000,0.00,false,,
1790445927.698,hud,speed,,,,,"0.0 / 0.0",0.000
1790445927.698,hud,heading,,,,,"0° / 0°",0.000
1790445927.699,hud,drift,,,,,"0.00%",0.000
1790445927.699,hud,turns,,,,,"✗ turns: 0/15",
1790445927.699,hud,calib_s,,,,,"✓ Buffer 6s",
1790445927.700,marker,gnss,52.37286400,-1.24189100,113.90,true,,
1790445927.700,marker,reconciled,0.00000000,0.00000000,0.00,false,,
1790445927.751,hud,speed,,,,,"0.0 / 0.0",0.000
1790445927.751,hud,heading,,,,,"0° / 0°",0.000
1790445927.751,hud,drift,,,,,"0.00%",0.000
1790445927.752,hud,turns,,,,,"✗ turns: 0/15",
1790445927.752,hud,calib_s,,,,,"✓ Buffer 6s",
1790445927.752,marker,gnss,52.37286400,-1.24189100,113.90,true,,
1790445927.753,marker,reconciled,0.00000000,0.00000000,0.00,false,,
1790445927.802,hud,speed,,,,,"0.0 / 0.0",0.000
1790445927.802,hud,heading,,,,,"0° / 0°",0.000
1790445927.803,hud,drift,,,,,"0.00%",0.000
1790445927.803,hud,turns,,,,,"✗ turns: 0/15",
1790445927.803,hud,calib_s,,,,,"✓ Buffer 6s",
1790445927.804,marker,gnss,52.37286400,-1.24189100,113.90,true,,
1790445927.804,marker,reconciled,0.00000000,0.00000000,0.00,false,,
1790445927.853,hud,speed,,,,,"0.0 / 0.0",0.000
1790445927.853,hud,heading,,,,,"0° / 0°",0.000
1790445927.854,hud,drift,,,,,"0.00%",0.000
1790445927.854,hud,turns,,,,,"✗ turns: 0/15",
1790445927.854,hud,calib_s,,,,,"✓ Buffer 6s",
1790445927.855,marker,gnss,52.37286400,-1.24189100,113.90,true,,
1790445927.855,marker,reconciled,0.00000000,0.00000000,0.00,false,,
1790445927.903,hud,speed,,,,,"0.0 / 0.0",0.000
1790445927.903,hud,heading,,,,,"0° / 0°",0.000
1790445927.903,hud,drift,,,,,"0.00%",0.000
1790445927.904,hud,turns,,,,,"✗ turns: 0/15",
1790445927.904,hud,calib_s,,,,,"✓ Buffer 6s",
1790445927.904,marker,gnss,52.37286400,-1.24189100,113.90,true,,
1790445927.905,marker,reconciled,0.00000000,0.00000000,0.00,false,,
1790445927.954,hud,speed,,,,,"0.0 / 0.0",0.000
1790445927.955,hud,heading,,,,,"0° / 0°",0.000
1790445927.955,hud,drift,,,,,"0.00%",0.000
1790445927.955,hud,turns,,,,,"✗ turns: 0/15",
1790445927.955,hud,calib_s,,,,,"✓ Buffer 6s",
1790445927.956,marker,gnss,52.37286400,-1.24189100,113.90,true,,
1790445927.956,marker,reconciled,0.00000000,0.00000000,0.00,false,,
1790445928.006,hud,speed,,,,,"0.0 / 0.0",0.000
1790445928.007,hud,heading,,,,,"0° / 0°",0.000
1790445928.007,hud,drift,,,,,"0.00%",0.000
1790445928.007,hud,turns,,,,,"✗ turns: 0/15",
1790445928.008,hud,calib_s,,,,,"✓ Buffer 6s",
1790445928.008,marker,gnss,52.37286400,-1.24189100,113.90,true,,
1790445928.008,marker,reconciled,0.00000000,0.00000000,0.00,false,,
1790445928.057,hud,speed,,,,,"0.0 / 0.0",0.000
1790445928.057,hud,heading,,,,,"0° / 0°",0.000
1790445928.057,hud,drift,,,,,"0.00%",0.000
1790445928.057,hud,turns,,,,,"✗ turns: 0/15",
1790445928.058,hud,calib_s,,,,,"✓ Buffer 6s",
1790445928.058,marker,gnss,52.37286400,-1.24189100,113.90,true,,
1790445928.059,marker,reconciled,0.00000000,0.00000000,0.00,false,,
1790445928.108,hud,speed,,,,,"0.0 / 0.0",0.000
1790445928.109,hud,heading,,,,,"0° / 0°",0.000
1790445928.109,hud,drift,,,,,"0.00%",0.000
1790445928.109,hud,turns,,,,,"✗ turns: 0/15",
1790445928.109,hud,calib_s,,,,,"✓ Buffer 6s",
1790445928.110,marker,gnss,52.37286400,-1.24189100,113.90,true,,
1790445928.111,marker,reconciled,0.00000000,0.00000000,0.00,false,,
1790445928.159,hud,speed,,,,,"0.0 / 0.0",0.000
1790445928.159,hud,heading,,,,,"0° / 0°",0.000
1790445928.160,hud,drift,,,,,"0.00%",0.000
1790445928.160,hud,turns,,,,,"✗ turns: 0/15",
1790445928.160,hud,calib_s,,,,,"✓ Buffer 6s",
1790445928.160,marker,gnss,52.37286400,-1.24189100,113.90,true,,
1790445928.161,marker,reconciled,0.00000000,0.00000000,0.00,false,,
1790445928.209,hud,speed,,,,,"0.0 / 0.0",0.000
1790445928.209,hud,heading,,,,,"0° / 0°",0.000
1790445928.209,hud,drift,,,,,"0.00%",0.000
1790445928.210,hud,turns,,,,,"✗ turns: 0/15",
1790445928.210,hud,calib_s,,,,,"✓ Buffer 6s",
1790445928.210,marker,gnss,52.37286400,-1.24189100,113.90,true,,
1790445928.211,marker,reconciled,0.00000000,0.00000000,0.00,false,,
1790445928.261,hud,speed,,,,,"0.0 / 0.0",0.000
1790445928.261,hud,heading,,,,,"0° / 0°",0.000
1790445928.261,hud,drift,,,,,"0.00%",0.000
1790445928.261,hud,turns,,,,,"✗ turns: 0/15",
1790445928.262,hud,calib_s,,,,,"✓ Buffer 6s",
1790445928.262,marker,gnss,52.37286400,-1.24189100,113.90,true,,
1790445928.262,marker,reconciled,0.00000000,0.00000000,0.00,false,,
1790445928.317,hud,speed,,,,,"0.0 / 0.0",0.000
1790445928.317,hud,heading,,,,,"0° / 0°",0.000
1790445928.317,hud,drift,,,,,"0.00%",0.000
1790445928.318,hud,turns,,,,,"✗ turns: 0/15",
1790445928.318,hud,calib_s,,,,,"✓ Buffer 6s",
1790445928.318,marker,gnss,52.37286400,-1.24189100,113.90,true,,
1790445928.319,marker,reconciled,0.00000000,0.00000000,0.00,false,,
1790445928.366,hud,speed,,,,,"0.0 / 0.0",0.000
1790445928.366,hud,heading,,,,,"0° / 0°",0.000
1790445928.366,hud,drift,,,,,"0.00%",0.000
1790445928.367,hud,turns,,,,,"✗ turns: 0/15",
1790445928.367,hud,calib_s,,,,,"✓ Buffer 6s",
1790445928.367,marker,gnss,52.37286400,-1.24189100,113.90,true,,
1790445928.368,marker,reconciled,0.00000000,0.00000000,0.00,false,,
1790445928.418,hud,speed,,,,,"0.0 / 0.0",0.000
1790445928.418,hud,heading,,,,,"0° / 0°",0.000
1790445928.419,hud,drift,,,,,"0.00%",0.000
1790445928.419,hud,turns,,,,,"✗ turns: 0/15",
1790445928.419,hud,calib_s,,,,,"✓ Buffer 6s",
1790445928.420,marker,gnss,52.37286400,-1.24189100,113.90,true,,
1790445928.420,marker,reconciled,0.00000000,0.00000000,0.00,false,,
1790445928.468,hud,speed,,,,,"0.0 / 0.0",0.000
1790445928.469,hud,heading,,,,,"0° / 0°",0.000
1790445928.469,hud,drift,,,,,"0.00%",0.000
1790445928.469,hud,turns,,,,,"✗ turns: 0/15",
1790445928.470,hud,calib_s,,,,,"✓ Buffer 6s",
1790445928.470,marker,gnss,52.37286400,-1.24189100,113.90,true,,
1790445928.471,marker,reconciled,0.00000000,0.00000000,0.00,false,,
1790445928.524,hud,speed,,,,,"0.0 / 0.0",0.000
1790445928.524,hud,heading,,,,,"0° / 0°",0.000
1790445928.524,hud,drift,,,,,"0.00%",0.000
1790445928.525,hud,turns,,,,,"✗ turns: 0/15",
1790445928.525,hud,calib_s,,,,,"✓ Buffer 6s",
1790445928.526,marker,gnss,52.37286400,-1.24189100,113.90,true,,
1790445928.527,marker,reconciled,0.00000000,0.00000000,0.00,false,,
1790445928.570,hud,speed,,,,,"0.0 / 0.0",0.000
1790445928.570,hud,heading,,,,,"0° / 0°",0.000
1790445928.571,hud,drift,,,,,"0.00%",0.000
1790445928.571,hud,turns,,,,,"✗ turns: 0/15",
1790445928.571,hud,calib_s,,,,,"✓ Buffer 6s",
1790445928.572,marker,gnss,52.37286400,-1.24189100,113.90,true,,
1790445928.572,marker,reconciled,0.00000000,0.00000000,0.00,false,,
1790445928.622,hud,speed,,,,,"0.0 / 0.0",0.000
1790445928.623,hud,heading,,,,,"0° / 0°",0.000
1790445928.623,hud,drift,,,,,"0.00%",0.000
1790445928.623,hud,turns,,,,,"✗ turns: 0/15",
1790445928.624,hud,calib_s,,,,,"✓ Buffer 6s",
1790445928.624,marker,gnss,52.37286400,-1.24189100,113.90,true,,
1790445928.625,marker,reconciled,0.00000000,0.00000000,0.00,false,,
1790445928.674,hud,speed,,,,,"0.0 / 0.0",0.000
1790445928.674,hud,heading,,,,,"0° / 0°",0.000
1790445928.675,hud,drift,,,,,"0.00%",0.000
1790445928.675,hud,turns,,,,,"✗ turns: 0/15",
1790445928.675,hud,calib_s,,,,,"✓ Buffer 6s",
1790445928.675,marker,gnss,52.37286400,-1.24189100,113.90,true,,
1790445928.676,marker,reconciled,0.00000000,0.00000000,0.00,false,,
1790445928.725,hud,speed,,,,,"0.0 / 0.0",0.000
1790445928.725,hud,heading,,,,,"0° / 0°",0.000
1790445928.725,hud,drift,,,,,"0.00%",0.000
1790445928.726,hud,turns,,,,,"✗ turns: 0/15",
1790445928.726,hud,calib_s,,,,,"✓ Buffer 6s",
1790445928.726,marker,gnss,52.37286400,-1.24189100,113.90,true,,
1790445928.727,marker,reconciled,0.00000000,0.00000000,0.00,false,,
1790445928.780,hud,speed,,,,,"0.0 / 0.0",0.000
1790445928.780,hud,heading,,,,,"0° / 0°",0.000
1790445928.781,hud,drift,,,,,"0.00%",0.000
1790445928.781,hud,turns,,,,,"✗ turns: 1/15",
1790445928.781,hud,calib_s,,,,,"✓ Buffer 6s",
1790445928.781,marker,gnss,52.37262300,-1.24278900,195.10,true,,
1790445928.782,marker,reconciled,0.00000000,0.00000000,0.00,false,,
1790445928.824,hud,speed,,,,,"0.0 / 0.0",0.000
1790445928.824,hud,heading,,,,,"0° / 0°",0.000
1790445928.824,hud,drift,,,,,"0.00%",0.000
1790445928.824,hud,turns,,,,,"✗ turns: 1/15",
1790445928.825,hud,calib_s,,,,,"✓ Buffer 6s",
1790445928.825,marker,gnss,52.37262300,-1.24278900,195.10,true,,
1790445928.825,marker,reconciled,0.00000000,0.00000000,0.00,false,,
1790445928.877,hud,speed,,,,,"0.0 / 0.0",0.000
1790445928.877,hud,heading,,,,,"0° / 0°",0.000
1790445928.878,hud,drift,,,,,"0.00%",0.000
1790445928.878,hud,turns,,,,,"✗ turns: 1/15",
1790445928.878,hud,calib_s,,,,,"✓ Buffer 6s",
1790445928.879,marker,gnss,52.37262300,-1.24278900,195.10,true,,
1790445928.879,marker,reconciled,0.00000000,0.00000000,0.00,false,,
1790445928.926,hud,speed,,,,,"0.0 / 0.0",0.000
1790445928.926,hud,heading,,,,,"0° / 0°",0.000
1790445928.927,hud,drift,,,,,"0.00%",0.000
1790445928.927,hud,turns,,,,,"✗ turns: 1/15",
1790445928.927,hud,calib_s,,,,,"✓ Buffer 6s",
1790445928.928,marker,gnss,52.37262300,-1.24278900,195.10,true,,
1790445928.928,marker,reconciled,0.00000000,0.00000000,0.00,false,,
1790445928.977,hud,speed,,,,,"0.0 / 0.0",0.000
1790445928.978,hud,heading,,,,,"0° / 0°",0.000
1790445928.978,hud,drift,,,,,"0.00%",0.000
1790445928.979,hud,turns,,,,,"✗ turns: 1/15",
1790445928.979,hud,calib_s,,,,,"✓ Buffer 6s",
1790445928.979,marker,gnss,52.37262300,-1.24278900,195.10,true,,
1790445928.980,marker,reconciled,0.00000000,0.00000000,0.00,false,,
1790445929.029,hud,speed,,,,,"0.0 / 0.0",0.000
1790445929.029,hud,heading,,,,,"0° / 0°",0.000
1790445929.030,hud,drift,,,,,"0.00%",0.000
1790445929.030,hud,turns,,,,,"✗ turns: 1/15",
1790445929.030,hud,calib_s,,,,,"✓ Buffer 6s",
1790445929.030,marker,gnss,52.37262300,-1.24278900,195.10,true,,
1790445929.031,marker,reconciled,0.00000000,0.00000000,0.00,false,,
1790445929.080,hud,speed,,,,,"0.0 / 0.0",0.000
1790445929.081,hud,heading,,,,,"0° / 0°",0.000
1790445929.081,hud,drift,,,,,"0.00%",0.000
1790445929.081,hud,turns,,,,,"✗ turns: 1/15",
1790445929.081,hud,calib_s,,,,,"✓ Buffer 6s",
1790445929.082,marker,gnss,52.37262300,-1.24278900,195.10,true,,
1790445929.082,marker,reconciled,0.00000000,0.00000000,0.00,false,,
1790445929.129,hud,speed,,,,,"0.0 / 0.0",0.000
1790445929.130,hud,heading,,,,,"0° / 0°",0.000
1790445929.130,hud,drift,,,,,"0.00%",0.000
1790445929.130,hud,turns,,,,,"✗ turns: 1/15",
1790445929.131,hud,calib_s,,,,,"✓ Buffer 6s",
1790445929.131,marker,gnss,52.37262300,-1.24278900,195.10,true,,
1790445929.131,marker,reconciled,0.00000000,0.00000000,0.00,false,,
1790445929.183,hud,speed,,,,,"0.0 / 0.0",0.000
1790445929.184,hud,heading,,,,,"0° / 0°",0.000
1790445929.184,hud,drift,,,,,"0.00%",0.000
1790445929.184,hud,turns,,,,,"✗ turns: 1/15",
1790445929.185,hud,calib_s,,,,,"✓ Buffer 6s",
1790445929.185,marker,gnss,52.37262300,-1.24278900,195.10,true,,
1790445929.185,marker,reconciled,0.00000000,0.00000000,0.00,false,,
1790445929.231,hud,speed,,,,,"0.0 / 0.0",0.000
1790445929.231,hud,heading,,,,,"0° / 0°",0.000
1790445929.231,hud,drift,,,,,"0.00%",0.000
1790445929.232,hud,turns,,,,,"✗ turns: 1/15",
1790445929.232,hud,calib_s,,,,,"✓ Buffer 6s",
1790445929.232,marker,gnss,52.37262300,-1.24278900,195.10,true,,
1790445929.233,marker,reconciled,0.00000000,0.00000000,0.00,false,,
1790445929.288,hud,speed,,,,,"0.0 / 0.0",0.000
1790445929.289,hud,heading,,,,,"0° / 0°",0.000
1790445929.289,hud,drift,,,,,"0.00%",0.000
1790445929.289,hud,turns,,,,,"✗ turns: 1/15",
1790445929.290,hud,calib_s,,,,,"✓ Buffer 6s",
1790445929.290,marker,gnss,52.37262300,-1.24278900,195.10,true,,
1790445929.290,marker,reconciled,0.00000000,0.00000000,0.00,false,,
1790445929.334,hud,speed,,,,,"0.0 / 0.0",0.000
1790445929.334,hud,heading,,,,,"0° / 0°",0.000
1790445929.335,hud,drift,,,,,"0.00%",0.000
1790445929.335,hud,turns,,,,,"✗ turns: 1/15",
1790445929.335,hud,calib_s,,,,,"✓ Buffer 6s",
1790445929.336,marker,gnss,52.37262300,-1.24278900,195.10,true,,
1790445929.336,marker,reconciled,0.00000000,0.00000000,0.00,false,,
1790445929.384,hud,speed,,,,,"0.0 / 0.0",0.000
1790445929.385,hud,heading,,,,,"0° / 0°",0.000
1790445929.385,hud,drift,,,,,"0.00%",0.000
1790445929.385,hud,turns,,,,,"✗ turns: 1/15",
1790445929.385,hud,calib_s,,,,,"✓ Buffer 6s",
1790445929.386,marker,gnss,52.37262300,-1.24278900,195.10,true,,
1790445929.386,marker,reconciled,0.00000000,0.00000000,0.00,false,,
1790445929.437,hud,speed,,,,,"0.0 / 0.0",0.000
1790445929.437,hud,heading,,,,,"0° / 0°",0.000
1790445929.437,hud,drift,,,,,"0.00%",0.000
1790445929.438,hud,turns,,,,,"✗ turns: 1/15",
1790445929.438,hud,calib_s,,,,,"✓ Buffer 6s",
1790445929.438,marker,gnss,52.37262300,-1.24278900,195.10,true,,
1790445929.439,marker,reconciled,0.00000000,0.00000000,0.00,false,,
1790445929.489,hud,speed,,,,,"0.0 / 0.0",0.000
1790445929.489,hud,heading,,,,,"0° / 0°",0.000
1790445929.489,hud,drift,,,,,"0.00%",0.000
1790445929.490,hud,turns,,,,,"✗ turns: 1/15",
1790445929.490,hud,calib_s,,,,,"✓ Buffer 6s",
1790445929.491,marker,gnss,52.37262300,-1.24278900,195.10,true,,
1790445929.491,marker,reconciled,0.00000000,0.00000000,0.00,false,,
1790445929.540,hud,speed,,,,,"0.0 / 0.0",0.000
1790445929.541,hud,heading,,,,,"0° / 0°",0.000
1790445929.541,hud,drift,,,,,"0.00%",0.000
1790445929.541,hud,turns,,,,,"✗ turns: 1/15",
1790445929.541,hud,calib_s,,,,,"✓ Buffer 6s",
1790445929.542,marker,gnss,52.37262300,-1.24278900,195.10,true,,
1790445929.542,marker,reconciled,0.00000000,0.00000000,0.00,false,,
1790445929.589,hud,speed,,,,,"0.0 / 0.0",0.000
1790445929.590,hud,heading,,,,,"0° / 0°",0.000
1790445929.590,hud,drift,,,,,"0.00%",0.000
1790445929.590,hud,turns,,,,,"✗ turns: 1/15",
1790445929.591,hud,calib_s,,,,,"✓ Buffer 6s",
1790445929.591,marker,gnss,52.37262300,-1.24278900,195.10,true,,
1790445929.591,marker,reconciled,0.00000000,0.00000000,0.00,false,,
1790445929.640,hud,speed,,,,,"0.0 / 0.0",0.000
1790445929.640,hud,heading,,,,,"0° / 0°",0.000
1790445929.640,hud,drift,,,,,"0.00%",0.000
1790445929.641,hud,turns,,,,,"✗ turns: 1/15",
1790445929.641,hud,calib_s,,,,,"✓ Buffer 6s",
1790445929.641,marker,gnss,52.37262300,-1.24278900,195.10,true,,
1790445929.641,marker,reconciled,0.00000000,0.00000000,0.00,false,,
1790445929.696,hud,speed,,,,,"0.0 / 0.0",0.000
1790445929.696,hud,heading,,,,,"0° / 0°",0.000
1790445929.697,hud,drift,,,,,"0.00%",0.000
1790445929.697,hud,turns,,,,,"✗ turns: 1/15",
1790445929.698,hud,calib_s,,,,,"✓ Buffer 6s",
1790445929.698,marker,gnss,52.37262300,-1.24278900,195.10,true,,
1790445929.699,marker,reconciled,0.00000000,0.00000000,0.00,false,,
1790445929.740,hud,speed,,,,,"0.0 / 0.0",0.000
1790445929.741,hud,heading,,,,,"0° / 0°",0.000
1790445929.741,hud,drift,,,,,"0.00%",0.000
1790445929.741,hud,turns,,,,,"✗ turns: 1/15",
1790445929.741,hud,calib_s,,,,,"✓ Buffer 6s",
1790445929.741,marker,gnss,52.37262300,-1.24278900,195.10,true,,
1790445929.742,marker,reconciled,0.00000000,0.00000000,0.00,false,,
1790445929.794,hud,speed,,,,,"0.0 / 0.0",0.000
1790445929.794,hud,heading,,,,,"0° / 0°",0.000
1790445929.795,hud,drift,,,,,"0.00%",0.000
1790445929.795,hud,turns,,,,,"✗ turns: 1/15",
1790445929.795,hud,calib_s,,,,,"✓ Buffer 6s",
1790445929.796,marker,gnss,52.37262300,-1.24278900,195.10,true,,
1790445929.796,marker,reconciled,0.00000000,0.00000000,0.00,false,,
1790445929.844,hud,speed,,,,,"0.0 / 0.0",0.000
1790445929.845,hud,heading,,,,,"0° / 0°",0.000
1790445929.845,hud,drift,,,,,"0.00%",0.000
1790445929.845,hud,turns,,,,,"✗ turns: 1/15",
1790445929.846,hud,calib_s,,,,,"✓ Buffer 6s",
1790445929.846,marker,gnss,52.37262300,-1.24278900,195.10,true,,
1790445929.847,marker,reconciled,0.00000000,0.00000000,0.00,false,,
1790445929.893,hud,speed,,,,,"0.0 / 0.0",0.000
1790445929.894,hud,heading,,,,,"0° / 0°",0.000
1790445929.894,hud,drift,,,,,"0.00%",0.000
1790445929.894,hud,turns,,,,,"✗ turns: 1/15",
1790445929.895,hud,calib_s,,,,,"✓ Buffer 6s",
1790445929.895,marker,gnss,52.37262300,-1.24278900,195.10,true,,
1790445929.895,marker,reconciled,0.00000000,0.00000000,0.00,false,,
1790445929.949,hud,speed,,,,,"0.0 / 0.0",0.000
1790445929.950,hud,heading,,,,,"0° / 0°",0.000
1790445929.950,hud,drift,,,,,"0.00%",0.000
1790445929.951,hud,turns,,,,,"✗ turns: 1/15",
1790445929.951,hud,calib_s,,,,,"✓ Buffer 6s",
1790445929.952,marker,gnss,52.37262300,-1.24278900,195.10,true,,
1790445929.952,marker,reconciled,0.00000000,0.00000000,0.00,false,,
1790445929.997,hud,speed,,,,,"0.0 / 0.0",0.000
1790445929.997,hud,heading,,,,,"0° / 0°",0.000
1790445929.998,hud,drift,,,,,"0.00%",0.000
1790445929.998,hud,turns,,,,,"✗ turns: 1/15",
1790445929.998,hud,calib_s,,,,,"✓ Buffer 6s",
1790445929.999,marker,gnss,52.37262300,-1.24278900,195.10,true,,
1790445929.999,marker,reconciled,0.00000000,0.00000000,0.00,false,,
1790445930.058,hud,speed,,,,,"0.0 / 0.0",0.000
1790445930.059,hud,heading,,,,,"0° / 0°",0.000
1790445930.059,hud,drift,,,,,"0.00%",0.000
1790445930.060,hud,turns,,,,,"✗ turns: 1/15",
1790445930.060,hud,calib_s,,,,,"✓ Buffer 6s",
1790445930.061,marker,gnss,52.37262300,-1.24278900,195.10,true,,
1790445930.061,marker,reconciled,0.00000000,0.00000000,0.00,false,,
1790445930.099,hud,speed,,,,,"0.0 / 0.0",0.000
1790445930.100,hud,heading,,,,,"0° / 0°",0.000
1790445930.100,hud,drift,,,,,"0.00%",0.000
1790445930.100,hud,turns,,,,,"✗ turns: 1/15",
1790445930.101,hud,calib_s,,,,,"✓ Buffer 6s",
1790445930.101,marker,gnss,52.37262300,-1.24278900,195.10,true,,
1790445930.101,marker,reconciled,0.00000000,0.00000000,0.00,false,,
1790445930.151,hud,speed,,,,,"0.0 / 0.0",0.000
1790445930.151,hud,heading,,,,,"0° / 0°",0.000
1790445930.152,hud,drift,,,,,"0.00%",0.000
1790445930.152,hud,turns,,,,,"✗ turns: 1/15",
1790445930.152,hud,calib_s,,,,,"✓ Buffer 6s",
1790445930.152,marker,gnss,52.37262300,-1.24278900,195.10,true,,
1790445930.153,marker,reconciled,0.00000000,0.00000000,0.00,false,,
1790445930.201,hud,speed,,,,,"0.0 / 0.0",0.000
1790445930.201,hud,heading,,,,,"0° / 0°",0.000
1790445930.202,hud,drift,,,,,"0.00%",0.000
1790445930.202,hud,turns,,,,,"✗ turns: 1/15",
1790445930.202,hud,calib_s,,,,,"✓ Buffer 6s",
1790445930.203,marker,gnss,52.37262300,-1.24278900,195.10,true,,
1790445930.203,marker,reconciled,0.00000000,0.00000000,0.00,false,,
1790445930.253,hud,speed,,,,,"0.0 / 0.0",0.000
1790445930.253,hud,heading,,,,,"0° / 0°",0.000
1790445930.253,hud,drift,,,,,"0.00%",0.000
1790445930.254,hud,turns,,,,,"✗ turns: 1/15",
1790445930.254,hud,calib_s,,,,,"✓ Buffer 6s",
1790445930.254,marker,gnss,52.37262300,-1.24278900,195.10,true,,
1790445930.254,marker,reconciled,0.00000000,0.00000000,0.00,false,,
1790445930.311,hud,speed,,,,,"0.0 / 0.0",0.000
1790445930.312,hud,heading,,,,,"0° / 0°",0.000
1790445930.312,hud,drift,,,,,"0.00%",0.000
1790445930.312,hud,turns,,,,,"✗ turns: 1/15",
1790445930.313,hud,calib_s,,,,,"✓ Buffer 6s",
1790445930.313,marker,gnss,52.37262300,-1.24278900,195.10,true,,
1790445930.314,marker,reconciled,0.00000000,0.00000000,0.00,false,,
1790445930.356,hud,speed,,,,,"0.0 / 0.0",0.000
1790445930.357,hud,heading,,,,,"0° / 0°",0.000
1790445930.357,hud,drift,,,,,"0.00%",0.000
1790445930.357,hud,turns,,,,,"✗ turns: 1/15",
1790445930.357,hud,calib_s,,,,,"✓ Buffer 6s",
1790445930.357,marker,gnss,52.37262300,-1.24278900,195.10,true,,
1790445930.358,marker,reconciled,0.00000000,0.00000000,0.00,false,,
1790445930.409,hud,speed,,,,,"0.0 / 0.0",0.000
1790445930.409,hud,heading,,,,,"0° / 0°",0.000
1790445930.410,hud,drift,,,,,"0.00%",0.000
1790445930.410,hud,turns,,,,,"✗ turns: 1/15",
1790445930.411,hud,calib_s,,,,,"✓ Buffer 6s",
1790445930.411,marker,gnss,52.37262300,-1.24278900,195.10,true,,
1790445930.411,marker,reconciled,0.00000000,0.00000000,0.00,false,,
1790445930.458,hud,speed,,,,,"0.0 / 0.0",0.000
1790445930.459,hud,heading,,,,,"0° / 0°",0.000
1790445930.459,hud,drift,,,,,"0.00%",0.000
1790445930.459,hud,turns,,,,,"✗ turns: 1/15",
1790445930.459,hud,calib_s,,,,,"✓ Buffer 6s",
1790445930.460,marker,gnss,52.37262300,-1.24278900,195.10,true,,
1790445930.460,marker,reconciled,0.00000000,0.00000000,0.00,false,,
1790445930.513,hud,speed,,,,,"0.0 / 0.0",0.000
1790445930.513,hud,heading,,,,,"0° / 0°",0.000
1790445930.514,hud,drift,,,,,"0.00%",0.000
1790445930.514,hud,turns,,,,,"✗ turns: 1/15",
1790445930.514,hud,calib_s,,,,,"✓ Buffer 6s",
1790445930.516,marker,gnss,52.37262300,-1.24278900,195.10,true,,
1790445930.517,marker,reconciled,0.00000000,0.00000000,0.00,false,,
1790445930.564,hud,speed,,,,,"0.0 / 0.0",0.000
1790445930.565,hud,heading,,,,,"0° / 0°",0.000
1790445930.565,hud,drift,,,,,"0.00%",0.000
1790445930.565,hud,turns,,,,,"✗ turns: 1/15",
1790445930.565,hud,calib_s,,,,,"✓ Buffer 6s",
1790445930.566,marker,gnss,52.37262300,-1.24278900,195.10,true,,
1790445930.566,marker,reconciled,0.00000000,0.00000000,0.00,false,,
1790445930.613,hud,speed,,,,,"0.0 / 0.0",0.000
1790445930.613,hud,heading,,,,,"0° / 0°",0.000
1790445930.614,hud,drift,,,,,"0.00%",0.000
1790445930.614,hud,turns,,,,,"✗ turns: 1/15",
1790445930.614,hud,calib_s,,,,,"✓ Buffer 6s",
1790445930.615,marker,gnss,52.37262300,-1.24278900,195.10,true,,
1790445930.615,marker,reconciled,0.00000000,0.00000000,0.00,false,,
1790445930.672,hud,speed,,,,,"0.0 / 0.0",0.000
1790445930.672,hud,heading,,,,,"0° / 0°",0.000
1790445930.673,hud,drift,,,,,"0.00%",0.000
1790445930.673,hud,turns,,,,,"✗ turns: 1/15",
1790445930.673,hud,calib_s,,,,,"✓ Buffer 6s",
1790445930.673,marker,gnss,52.37262300,-1.24278900,195.10,true,,
1790445930.674,marker,reconciled,0.00000000,0.00000000,0.00,false,,
1790445930.717,hud,speed,,,,,"0.0 / 0.0",0.000
1790445930.717,hud,heading,,,,,"0° / 0°",0.000
1790445930.717,hud,drift,,,,,"0.00%",0.000
1790445930.718,hud,turns,,,,,"✗ turns: 1/15",
1790445930.718,hud,calib_s,,,,,"✓ Buffer 6s",
1790445930.718,marker,gnss,52.37262300,-1.24278900,195.10,true,,
1790445930.719,marker,reconciled,0.00000000,0.00000000,0.00,false,,
1790445930.767,hud,speed,,,,,"0.0 / 0.0",0.000
1790445930.768,hud,heading,,,,,"0° / 0°",0.000
1790445930.768,hud,drift,,,,,"0.00%",0.000
1790445930.768,hud,turns,,,,,"✗ turns: 1/15",
1790445930.768,hud,calib_s,,,,,"✓ Buffer 6s",
1790445930.769,marker,gnss,52.37262300,-1.24278900,195.10,true,,
1790445930.769,marker,reconciled,0.00000000,0.00000000,0.00,false,,
1790445930.820,hud,speed,,,,,"0.0 / 0.0",0.000
1790445930.821,hud,heading,,,,,"0° / 0°",0.000
1790445930.821,hud,drift,,,,,"0.00%",0.000
1790445930.821,hud,turns,,,,,"✗ turns: 1/15",
1790445930.822,hud,calib_s,,,,,"✓ Buffer 6s",
1790445930.822,marker,gnss,52.37262300,-1.24278900,195.10,true,,
1790445930.823,marker,reconciled,0.00000000,0.00000000,0.00,false,,
1790445930.869,hud,speed,,,,,"0.0 / 0.0",0.000
1790445930.869,hud,heading,,,,,"0° / 0°",0.000
1790445930.870,hud,drift,,,,,"0.00%",0.000
1790445930.870,hud,turns,,,,,"✗ turns: 1/15",
1790445930.871,hud,calib_s,,,,,"✓ Buffer 6s",
1790445930.871,marker,gnss,52.37262300,-1.24278900,195.10,true,,
1790445930.872,marker,reconciled,0.00000000,0.00000000,0.00,false,,
1790445930.921,hud,speed,,,,,"0.0 / 0.0",0.000
1790445930.922,hud,heading,,,,,"0° / 0°",0.000
1790445930.922,hud,drift,,,,,"0.00%",0.000
1790445930.922,hud,turns,,,,,"✗ turns: 1/15",
1790445930.923,hud,calib_s,,,,,"✓ Buffer 6s",
1790445930.923,marker,gnss,52.37262300,-1.24278900,195.10,true,,
1790445930.924,marker,reconciled,0.00000000,0.00000000,0.00,false,,
1790445930.970,hud,speed,,,,,"0.0 / 0.0",0.000
1790445930.970,hud,heading,,,,,"0° / 0°",0.000
1790445930.970,hud,drift,,,,,"0.00%",0.000
1790445930.970,hud,turns,,,,,"✗ turns: 1/15",
1790445930.971,hud,calib_s,,,,,"✓ Buffer 6s",
1790445930.971,marker,gnss,52.37262300,-1.24278900,195.10,true,,
1790445930.971,marker,reconciled,0.00000000,0.00000000,0.00,false,,
1790445931.023,hud,speed,,,,,"0.0 / 0.0",0.000
1790445931.023,hud,heading,,,,,"0° / 0°",0.000
1790445931.023,hud,drift,,,,,"0.00%",0.000
1790445931.024,hud,turns,,,,,"✗ turns: 1/15",
1790445931.024,hud,calib_s,,,,,"✓ Buffer 6s",
1790445931.024,marker,gnss,52.37262300,-1.24278900,195.10,true,,
1790445931.025,marker,reconciled,0.00000000,0.00000000,0.00,false,,
1790445931.081,hud,speed,,,,,"0.0 / 0.0",0.000
1790445931.082,hud,heading,,,,,"0° / 0°",0.000
1790445931.082,hud,drift,,,,,"0.00%",0.000
1790445931.083,hud,turns,,,,,"✗ turns: 1/15",
1790445931.083,hud,calib_s,,,,,"✓ Buffer 6s",
1790445931.084,marker,gnss,52.37262300,-1.24278900,195.10,true,,
1790445931.084,marker,reconciled,0.00000000,0.00000000,0.00,false,,
1790445931.125,hud,speed,,,,,"0.0 / 0.0",0.000
1790445931.125,hud,heading,,,,,"0° / 0°",0.000
1790445931.125,hud,drift,,,,,"0.00%",0.000
1790445931.126,hud,turns,,,,,"✗ turns: 1/15",
1790445931.126,hud,calib_s,,,,,"✓ Buffer 6s",
1790445931.126,marker,gnss,52.37262300,-1.24278900,195.10,true,,
1790445931.127,marker,reconciled,0.00000000,0.00000000,0.00,false,,
1790445931.177,hud,speed,,,,,"0.0 / 0.0",0.000
1790445931.178,hud,heading,,,,,"0° / 0°",0.000
1790445931.178,hud,drift,,,,,"0.00%",0.000
1790445931.178,hud,turns,,,,,"✗ turns: 1/15",
1790445931.179,hud,calib_s,,,,,"✓ Buffer 6s",
1790445931.179,marker,gnss,52.37262300,-1.24278900,195.10,true,,
1790445931.180,marker,reconciled,0.00000000,0.00000000,0.00,false,,
1790445931.233,hud,speed,,,,,"0.0 / 0.0",0.000
1790445931.233,hud,heading,,,,,"0° / 0°",0.000
1790445931.234,hud,drift,,,,,"0.00%",0.000
1790445931.235,hud,turns,,,,,"✗ turns: 1/15",
1790445931.235,hud,calib_s,,,,,"✓ Buffer 6s",
1790445931.235,marker,gnss,52.37262300,-1.24278900,195.10,true,,
1790445931.235,marker,reconciled,0.00000000,0.00000000,0.00,false,,
1790445931.280,hud,speed,,,,,"0.0 / 0.0",0.000
1790445931.280,hud,heading,,,,,"0° / 0°",0.000
1790445931.281,hud,drift,,,,,"0.00%",0.000
1790445931.281,hud,turns,,,,,"✗ turns: 1/15",
1790445931.281,hud,calib_s,,,,,"✓ Buffer 6s",
1790445931.281,marker,gnss,52.37262300,-1.24278900,195.10,true,,
1790445931.282,marker,reconciled,0.00000000,0.00000000,0.00,false,,
1790445931.336,hud,speed,,,,,"0.0 / 0.0",0.000
1790445931.337,hud,heading,,,,,"0° / 0°",0.000
1790445931.337,hud,drift,,,,,"0.00%",0.000
1790445931.338,hud,turns,,,,,"✗ turns: 1/15",
1790445931.338,hud,calib_s,,,,,"✓ Buffer 6s",
1790445931.339,marker,gnss,52.37262300,-1.24278900,195.10,true,,
1790445931.339,marker,reconciled,0.00000000,0.00000000,0.00,false,,
1790445931.379,hud,speed,,,,,"0.0 / 0.0",0.000
1790445931.379,hud,heading,,,,,"0° / 0°",0.000
1790445931.380,hud,drift,,,,,"0.00%",0.000
1790445931.380,hud,turns,,,,,"✗ turns: 1/15",
1790445931.380,hud,calib_s,,,,,"✓ Buffer 6s",
1790445931.380,marker,gnss,52.37262300,-1.24278900,195.10,true,,
1790445931.381,marker,reconciled,0.00000000,0.00000000,0.00,false,,
1790445931.433,hud,speed,,,,,"0.0 / 0.0",0.000
1790445931.434,hud,heading,,,,,"0° / 0°",0.000
1790445931.434,hud,drift,,,,,"0.00%",0.000
1790445931.434,hud,turns,,,,,"✗ turns: 1/15",
1790445931.435,hud,calib_s,,,,,"✓ Buffer 6s",
1790445931.435,marker,gnss,52.37262300,-1.24278900,195.10,true,,
1790445931.435,marker,reconciled,0.00000000,0.00000000,0.00,false,,
1790445931.484,hud,speed,,,,,"0.0 / 0.0",0.000
1790445931.485,hud,heading,,,,,"0° / 0°",0.000
1790445931.485,hud,drift,,,,,"0.00%",0.000
1790445931.485,hud,turns,,,,,"✗ turns: 1/15",
1790445931.486,hud,calib_s,,,,,"✓ Buffer 6s",
1790445931.486,marker,gnss,52.37262300,-1.24278900,195.10,true,,
1790445931.487,marker,reconciled,0.00000000,0.00000000,0.00,false,,
1790445931.536,hud,speed,,,,,"0.0 / 0.0",0.000
1790445931.537,hud,heading,,,,,"0° / 0°",0.000
1790445931.537,hud,drift,,,,,"0.00%",0.000
1790445931.537,hud,turns,,,,,"✗ turns: 1/15",
1790445931.538,hud,calib_s,,,,,"✓ Buffer 6s",
1790445931.538,marker,gnss,52.37262300,-1.24278900,195.10,true,,
1790445931.539,marker,reconciled,0.00000000,0.00000000,0.00,false,,
1790445931.588,hud,speed,,,,,"0.0 / 0.0",0.000
1790445931.588,hud,heading,,,,,"0° / 0°",0.000
1790445931.588,hud,drift,,,,,"0.00%",0.000
1790445931.589,hud,turns,,,,,"✗ turns: 1/15",
1790445931.589,hud,calib_s,,,,,"✓ Buffer 6s",
1790445931.589,marker,gnss,52.37262300,-1.24278900,195.10,true,,
1790445931.589,marker,reconciled,0.00000000,0.00000000,0.00,false,,
1790445931.637,hud,speed,,,,,"0.0 / 0.0",0.000
1790445931.637,hud,heading,,,,,"0° / 0°",0.000
1790445931.638,hud,drift,,,,,"0.00%",0.000
1790445931.638,hud,turns,,,,,"✗ turns: 1/15",
1790445931.638,hud,calib_s,,,,,"✓ Buffer 6s",
1790445931.639,marker,gnss,52.37262300,-1.24278900,195.10,true,,
1790445931.639,marker,reconciled,0.00000000,0.00000000,0.00,false,,
1790445931.694,hud,speed,,,,,"0.0 / 0.0",0.000
1790445931.695,hud,heading,,,,,"0° / 0°",0.000
1790445931.695,hud,drift,,,,,"0.00%",0.000
1790445931.695,hud,turns,,,,,"✗ turns: 1/15",
1790445931.696,hud,calib_s,,,,,"✓ Buffer 6s",
1790445931.696,marker,gnss,52.37262300,-1.24278900,195.10,true,,
1790445931.697,marker,reconciled,0.00000000,0.00000000,0.00,false,,
1790445931.737,hud,speed,,,,,"0.0 / 0.0",0.000
1790445931.737,hud,heading,,,,,"0° / 0°",0.000
1790445931.737,hud,drift,,,,,"0.00%",0.000
1790445931.738,hud,turns,,,,,"✗ turns: 1/15",
1790445931.738,hud,calib_s,,,,,"✓ Buffer 6s",
1790445931.738,marker,gnss,52.37262300,-1.24278900,195.10,true,,
1790445931.739,marker,reconciled,0.00000000,0.00000000,0.00,false,,
1790445931.793,hud,speed,,,,,"0.0 / 0.0",0.000
1790445931.793,hud,heading,,,,,"0° / 0°",0.000
1790445931.794,hud,drift,,,,,"0.00%",0.000
1790445931.794,hud,turns,,,,,"✗ turns: 1/15",
1790445931.794,hud,calib_s,,,,,"✓ Buffer 6s",
1790445931.795,marker,gnss,52.37262300,-1.24278900,195.10,true,,
1790445931.795,marker,reconciled,0.00000000,0.00000000,0.00,false,,
1790445931.841,hud,speed,,,,,"0.0 / 0.0",0.000
1790445931.841,hud,heading,,,,,"0° / 0°",0.000
1790445931.841,hud,drift,,,,,"0.00%",0.000
1790445931.842,hud,turns,,,,,"✗ turns: 1/15",
1790445931.842,hud,calib_s,,,,,"✓ Buffer 6s",
1790445931.842,marker,gnss,52.37262300,-1.24278900,195.10,true,,
1790445931.843,marker,reconciled,0.00000000,0.00000000,0.00,false,,
1790445931.893,hud,speed,,,,,"0.0 / 0.0",0.000
1790445931.893,hud,heading,,,,,"0° / 0°",0.000
1790445931.894,hud,drift,,,,,"0.00%",0.000
1790445931.894,hud,turns,,,,,"✗ turns: 1/15",
1790445931.894,hud,calib_s,,,,,"✓ Buffer 6s",
1790445931.895,marker,gnss,52.37262300,-1.24278900,195.10,true,,
1790445931.895,marker,reconciled,0.00000000,0.00000000,0.00,false,,
1790445931.943,hud,speed,,,,,"0.0 / 0.0",0.000
1790445931.944,hud,heading,,,,,"0° / 0°",0.000
1790445931.944,hud,drift,,,,,"0.00%",0.000
1790445931.944,hud,turns,,,,,"✗ turns: 1/15",
1790445931.944,hud,calib_s,,,,,"✓ Buffer 6s",
1790445931.945,marker,gnss,52.37262300,-1.24278900,195.10,true,,
1790445931.945,marker,reconciled,0.00000000,0.00000000,0.00,false,,
1790445932.000,hud,speed,,,,,"0.0 / 0.0",0.000
1790445932.001,hud,heading,,,,,"0° / 0°",0.000
1790445932.002,hud,drift,,,,,"0.00%",0.000
1790445932.002,hud,turns,,,,,"✗ turns: 1/15",
1790445932.003,hud,calib_s,,,,,"✓ Buffer 6s",
1790445932.003,marker,gnss,52.37262300,-1.24278900,195.10,true,,
1790445932.004,marker,reconciled,0.00000000,0.00000000,0.00,false,,
1790445932.046,hud,speed,,,,,"0.0 / 0.0",0.000
1790445932.046,hud,heading,,,,,"0° / 0°",0.000
1790445932.047,hud,drift,,,,,"0.00%",0.000
1790445932.047,hud,turns,,,,,"✗ turns: 1/15",
1790445932.047,hud,calib_s,,,,,"✓ Buffer 6s",
1790445932.048,marker,gnss,52.37262300,-1.24278900,195.10,true,,
1790445932.048,marker,reconciled,0.00000000,0.00000000,0.00,false,,
1790445932.097,hud,speed,,,,,"0.0 / 0.0",0.000
1790445932.098,hud,heading,,,,,"0° / 0°",0.000
1790445932.098,hud,drift,,,,,"0.00%",0.000
1790445932.098,hud,turns,,,,,"✗ turns: 1/15",
1790445932.099,hud,calib_s,,,,,"✓ Buffer 6s",
1790445932.099,marker,gnss,52.37262300,-1.24278900,195.10,true,,
1790445932.099,marker,reconciled,0.00000000,0.00000000,0.00,false,,
1790445932.147,hud,speed,,,,,"0.0 / 0.0",0.000
1790445932.147,hud,heading,,,,,"0° / 0°",0.000
1790445932.148,hud,drift,,,,,"0.00%",0.000
1790445932.148,hud,turns,,,,,"✗ turns: 1/15",
1790445932.148,hud,calib_s,,,,,"✓ Buffer 6s",
1790445932.148,marker,gnss,52.37262300,-1.24278900,195.10,true,,
1790445932.149,marker,reconciled,0.00000000,0.00000000,0.00,false,,
1790445932.199,hud,speed,,,,,"0.0 / 0.0",0.000
1790445932.199,hud,heading,,,,,"0° / 0°",0.000
1790445932.199,hud,drift,,,,,"0.00%",0.000
1790445932.200,hud,turns,,,,,"✗ turns: 1/15",
1790445932.200,hud,calib_s,,,,,"✓ Buffer 6s",
1790445932.200,marker,gnss,52.37262300,-1.24278900,195.10,true,,
1790445932.200,marker,reconciled,0.00000000,0.00000000,0.00,false,,
1790445932.248,hud,speed,,,,,"0.0 / 0.0",0.000
1790445932.248,hud,heading,,,,,"0° / 0°",0.000
1790445932.249,hud,drift,,,,,"0.00%",0.000
1790445932.249,hud,turns,,,,,"✗ turns: 1/15",
1790445932.249,hud,calib_s,,,,,"✓ Buffer 6s",
1790445932.249,marker,gnss,52.37262300,-1.24278900,195.10,true,,
1790445932.249,marker,reconciled,0.00000000,0.00000000,0.00,false,,
1790445932.302,hud,speed,,,,,"0.0 / 0.0",0.000
1790445932.303,hud,heading,,,,,"0° / 0°",0.000
1790445932.303,hud,drift,,,,,"0.00%",0.000
1790445932.303,hud,turns,,,,,"✗ turns: 1/15",
1790445932.304,hud,calib_s,,,,,"✓ Buffer 6s",
1790445932.304,marker,gnss,52.37262300,-1.24278900,195.10,true,,
1790445932.305,marker,reconciled,0.00000000,0.00000000,0.00,false,,
1790445932.354,hud,speed,,,,,"0.0 / 0.0",0.000
1790445932.355,hud,heading,,,,,"0° / 0°",0.000
1790445932.355,hud,drift,,,,,"0.00%",0.000
1790445932.355,hud,turns,,,,,"✗ turns: 1/15",
1790445932.356,hud,calib_s,,,,,"✓ Buffer 6s",
1790445932.356,marker,gnss,52.37262300,-1.24278900,195.10,true,,
1790445932.356,marker,reconciled,0.00000000,0.00000000,0.00,false,,
1790445932.404,hud,speed,,,,,"0.0 / 0.0",0.000
1790445932.405,hud,heading,,,,,"0° / 0°",0.000
1790445932.405,hud,drift,,,,,"0.00%",0.000
1790445932.405,hud,turns,,,,,"✗ turns: 1/15",
1790445932.405,hud,calib_s,,,,,"✓ Buffer 6s",
1790445932.406,marker,gnss,52.37262300,-1.24278900,195.10,true,,
1790445932.406,marker,reconciled,0.00000000,0.00000000,0.00,false,,
1790445932.453,hud,speed,,,,,"0.0 / 0.0",0.000
1790445932.453,hud,heading,,,,,"0° / 0°",0.000
1790445932.454,hud,drift,,,,,"0.00%",0.000
1790445932.454,hud,turns,,,,,"✗ turns: 1/15",
1790445932.454,hud,calib_s,,,,,"✓ Buffer 6s",
1790445932.455,marker,gnss,52.37262300,-1.24278900,195.10,true,,
1790445932.455,marker,reconciled,0.00000000,0.00000000,0.00,false,,
1790445932.511,hud,speed,,,,,"0.0 / 0.0",0.000
1790445932.511,hud,heading,,,,,"0° / 0°",0.000
1790445932.512,hud,drift,,,,,"0.00%",0.000
1790445932.512,hud,turns,,,,,"✗ turns: 1/15",
1790445932.512,hud,calib_s,,,,,"✓ Buffer 6s",
1790445932.513,marker,gnss,52.37262300,-1.24278900,195.10,true,,
1790445932.513,marker,reconciled,0.00000000,0.00000000,0.00,false,,
1790445932.556,hud,speed,,,,,"0.0 / 0.0",0.000
1790445932.556,hud,heading,,,,,"0° / 0°",0.000
1790445932.556,hud,drift,,,,,"0.00%",0.000
1790445932.556,hud,turns,,,,,"✗ turns: 1/15",
1790445932.556,hud,calib_s,,,,,"✓ Buffer 6s",
1790445932.557,marker,gnss,52.37262300,-1.24278900,195.10,true,,
1790445932.557,marker,reconciled,0.00000000,0.00000000,0.00,false,,
1790445932.615,hud,speed,,,,,"0.0 / 0.0",0.000
1790445932.615,hud,heading,,,,,"0° / 0°",0.000
1790445932.616,hud,drift,,,,,"0.00%",0.000
1790445932.616,hud,turns,,,,,"✗ turns: 1/15",
1790445932.616,hud,calib_s,,,,,"✓ Buffer 6s",
1790445932.617,marker,gnss,52.37262300,-1.24278900,195.10,true,,
1790445932.618,marker,reconciled,0.00000000,0.00000000,0.00,false,,
1790445932.660,hud,speed,,,,,"0.0 / 0.0",0.000
1790445932.661,hud,heading,,,,,"0° / 0°",0.000
1790445932.661,hud,drift,,,,,"0.00%",0.000
1790445932.661,hud,turns,,,,,"✗ turns: 1/15",
1790445932.661,hud,calib_s,,,,,"✓ Buffer 6s",
1790445932.661,marker,gnss,52.37262300,-1.24278900,195.10,true,,
1790445932.662,marker,reconciled,0.00000000,0.00000000,0.00,false,,
1790445932.719,hud,speed,,,,,"0.0 / 0.0",0.000
1790445932.719,hud,heading,,,,,"0° / 0°",0.000
1790445932.720,hud,drift,,,,,"0.00%",0.000
1790445932.720,hud,turns,,,,,"✗ turns: 1/15",
1790445932.720,hud,calib_s,,,,,"✓ Buffer 6s",
1790445932.721,marker,gnss,52.37262300,-1.24278900,195.10,true,,
1790445932.721,marker,reconciled,0.00000000,0.00000000,0.00,false,,
1790445932.765,hud,speed,,,,,"0.0 / 0.0",0.000
1790445932.766,hud,heading,,,,,"0° / 0°",0.000
1790445932.766,hud,drift,,,,,"0.00%",0.000
1790445932.767,hud,turns,,,,,"✗ turns: 1/15",
1790445932.767,hud,calib_s,,,,,"✓ Buffer 6s",
1790445932.767,marker,gnss,52.37262300,-1.24278900,195.10,true,,
1790445932.768,marker,reconciled,0.00000000,0.00000000,0.00,false,,
1790445932.816,hud,speed,,,,,"0.0 / 0.0",0.000
1790445932.816,hud,heading,,,,,"0° / 0°",0.000
1790445932.817,hud,drift,,,,,"0.00%",0.000
1790445932.817,hud,turns,,,,,"✗ turns: 1/15",
1790445932.817,hud,calib_s,,,,,"✓ Buffer 6s",
1790445932.818,marker,gnss,52.37262300,-1.24278900,195.10,true,,
1790445932.818,marker,reconciled,0.00000000,0.00000000,0.00,false,,
1790445932.868,hud,speed,,,,,"0.0 / 0.0",0.000
1790445932.869,hud,heading,,,,,"0° / 0°",0.000
1790445932.869,hud,drift,,,,,"0.00%",0.000
1790445932.869,hud,turns,,,,,"✗ turns: 1/15",
1790445932.870,hud,calib_s,,,,,"✓ Buffer 6s",
1790445932.870,marker,gnss,52.37262300,-1.24278900,195.10,true,,
1790445932.870,marker,reconciled,0.00000000,0.00000000,0.00,false,,
1790445932.917,hud,speed,,,,,"0.0 / 0.0",0.000
1790445932.918,hud,heading,,,,,"0° / 0°",0.000
1790445932.918,hud,drift,,,,,"0.00%",0.000
1790445932.918,hud,turns,,,,,"✗ turns: 1/15",
1790445932.919,hud,calib_s,,,,,"✓ Buffer 6s",
1790445932.919,marker,gnss,52.37262300,-1.24278900,195.10,true,,
1790445932.919,marker,reconciled,0.00000000,0.00000000,0.00,false,,
1790445932.969,hud,speed,,,,,"0.0 / 0.0",0.000
1790445932.969,hud,heading,,,,,"0° / 0°",0.000
1790445932.969,hud,drift,,,,,"0.00%",0.000
1790445932.970,hud,turns,,,,,"✗ turns: 1/15",
1790445932.970,hud,calib_s,,,,,"✓ Buffer 6s",
1790445932.971,marker,gnss,52.37262300,-1.24278900,195.10,true,,
1790445932.971,marker,reconciled,0.00000000,0.00000000,0.00,false,,
1790445933.020,hud,speed,,,,,"0.0 / 0.0",0.000
1790445933.021,hud,heading,,,,,"0° / 0°",0.000
1790445933.021,hud,drift,,,,,"0.00%",0.000
1790445933.021,hud,turns,,,,,"✗ turns: 1/15",
1790445933.022,hud,calib_s,,,,,"✓ Buffer 6s",
1790445933.022,marker,gnss,52.37262300,-1.24278900,195.10,true,,
1790445933.023,marker,reconciled,0.00000000,0.00000000,0.00,false,,
1790445933.076,hud,speed,,,,,"0.0 / 0.0",0.000
1790445933.077,hud,heading,,,,,"0° / 0°",0.000
1790445933.077,hud,drift,,,,,"0.00%",0.000
1790445933.077,hud,turns,,,,,"✗ turns: 1/15",
1790445933.078,hud,calib_s,,,,,"✓ Buffer 6s",
1790445933.079,marker,gnss,52.37262300,-1.24278900,195.10,true,,
1790445933.079,marker,reconciled,0.00000000,0.00000000,0.00,false,,
1790445933.124,hud,speed,,,,,"0.0 / 0.0",0.000
1790445933.124,hud,heading,,,,,"0° / 0°",0.000
1790445933.125,hud,drift,,,,,"0.00%",0.000
1790445933.125,hud,turns,,,,,"✗ turns: 1/15",
1790445933.125,hud,calib_s,,,,,"✓ Buffer 6s",
1790445933.125,marker,gnss,52.37262300,-1.24278900,195.10,true,,
1790445933.126,marker,reconciled,0.00000000,0.00000000,0.00,false,,
1790445933.172,hud,speed,,,,,"0.0 / 0.0",0.000
1790445933.173,hud,heading,,,,,"0° / 0°",0.000
1790445933.173,hud,drift,,,,,"0.00%",0.000
1790445933.173,hud,turns,,,,,"✗ turns: 1/15",
1790445933.173,hud,calib_s,,,,,"✓ Buffer 6s",
1790445933.174,marker,gnss,52.37262300,-1.24278900,195.10,true,,
1790445933.174,marker,reconciled,0.00000000,0.00000000,0.00,false,,
1790445933.225,hud,speed,,,,,"0.0 / 0.0",0.000
1790445933.226,hud,heading,,,,,"0° / 0°",0.000
1790445933.226,hud,drift,,,,,"0.00%",0.000
1790445933.226,hud,turns,,,,,"✗ turns: 1/15",
1790445933.227,hud,calib_s,,,,,"✓ Buffer 6s",
1790445933.227,marker,gnss,52.37262300,-1.24278900,195.10,true,,
1790445933.228,marker,reconciled,0.00000000,0.00000000,0.00,false,,
1790445933.276,hud,speed,,,,,"0.0 / 0.0",0.000
1790445933.276,hud,heading,,,,,"0° / 0°",0.000
1790445933.277,hud,drift,,,,,"0.00%",0.000
1790445933.277,hud,turns,,,,,"✗ turns: 1/15",
1790445933.277,hud,calib_s,,,,,"✓ Buffer 6s",
1790445933.278,marker,gnss,52.37262300,-1.24278900,195.10,true,,
1790445933.278,marker,reconciled,0.00000000,0.00000000,0.00,false,,
1790445933.324,hud,speed,,,,,"0.0 / 0.0",0.000
1790445933.324,hud,heading,,,,,"0° / 0°",0.000
1790445933.325,hud,drift,,,,,"0.00%",0.000
1790445933.325,hud,turns,,,,,"✗ turns: 1/15",
1790445933.325,hud,calib_s,,,,,"✓ Buffer 6s",
1790445933.325,marker,gnss,52.37262300,-1.24278900,195.10,true,,
1790445933.325,marker,reconciled,0.00000000,0.00000000,0.00,false,,
1790445933.387,hud,speed,,,,,"0.0 / 0.0",0.000
1790445933.387,hud,heading,,,,,"0° / 0°",0.000
1790445933.388,hud,drift,,,,,"0.00%",0.000
1790445933.388,hud,turns,,,,,"✗ turns: 2/15",
1790445933.388,hud,calib_s,,,,,"✓ Buffer 6s",
1790445933.389,marker,gnss,52.37222300,-1.24261500,199.70,true,,
1790445933.389,marker,reconciled,0.00000000,0.00000000,0.00,false,,
1790445933.423,hud,speed,,,,,"0.0 / 0.0",0.000
1790445933.424,hud,heading,,,,,"0° / 0°",0.000
1790445933.424,hud,drift,,,,,"0.00%",0.000
1790445933.424,hud,turns,,,,,"✗ turns: 2/15",
1790445933.424,hud,calib_s,,,,,"✓ Buffer 6s",
1790445933.424,marker,gnss,52.37222300,-1.24261500,199.70,true,,
1790445933.425,marker,reconciled,0.00000000,0.00000000,0.00,false,,
1790445933.477,hud,speed,,,,,"0.0 / 0.0",0.000
1790445933.478,hud,heading,,,,,"0° / 0°",0.000
1790445933.478,hud,drift,,,,,"0.00%",0.000
1790445933.479,hud,turns,,,,,"✗ turns: 2/15",
1790445933.479,hud,calib_s,,,,,"✓ Buffer 6s",
1790445933.479,marker,gnss,52.37222300,-1.24261500,199.70,true,,
1790445933.480,marker,reconciled,0.00000000,0.00000000,0.00,false,,
1790445933.529,hud,speed,,,,,"0.0 / 0.0",0.000
1790445933.529,hud,heading,,,,,"0° / 0°",0.000
1790445933.530,hud,drift,,,,,"0.00%",0.000
1790445933.530,hud,turns,,,,,"✗ turns: 2/15",
1790445933.530,hud,calib_s,,,,,"✓ Buffer 6s",
1790445933.531,marker,gnss,52.37222300,-1.24261500,199.70,true,,
1790445933.531,marker,reconciled,0.00000000,0.00000000,0.00,false,,
1790445933.581,hud,speed,,,,,"0.0 / 0.0",0.000
1790445933.581,hud,heading,,,,,"0° / 0°",0.000
1790445933.581,hud,drift,,,,,"0.00%",0.000
1790445933.582,hud,turns,,,,,"✗ turns: 2/15",
1790445933.582,hud,calib_s,,,,,"✓ Buffer 6s",
1790445933.582,marker,gnss,52.37222300,-1.24261500,199.70,true,,
1790445933.583,marker,reconciled,0.00000000,0.00000000,0.00,false,,
1790445933.633,hud,speed,,,,,"0.0 / 0.0",0.000
1790445933.633,hud,heading,,,,,"0° / 0°",0.000
1790445933.633,hud,drift,,,,,"0.00%",0.000
1790445933.633,hud,turns,,,,,"✗ turns: 2/15",
1790445933.634,hud,calib_s,,,,,"✓ Buffer 6s",
1790445933.634,marker,gnss,52.37222300,-1.24261500,199.70,true,,
1790445933.635,marker,reconciled,0.00000000,0.00000000,0.00,false,,
1790445933.680,hud,speed,,,,,"0.0 / 0.0",0.000
1790445933.681,hud,heading,,,,,"0° / 0°",0.000
1790445933.681,hud,drift,,,,,"0.00%",0.000
1790445933.681,hud,turns,,,,,"✗ turns: 2/15",
1790445933.681,hud,calib_s,,,,,"✓ Buffer 6s",
1790445933.681,marker,gnss,52.37222300,-1.24261500,199.70,true,,
1790445933.682,marker,reconciled,0.00000000,0.00000000,0.00,false,,
1790445933.734,hud,speed,,,,,"0.0 / 0.0",0.000
1790445933.734,hud,heading,,,,,"0° / 0°",0.000
1790445933.735,hud,drift,,,,,"0.00%",0.000
1790445933.735,hud,turns,,,,,"✗ turns: 2/15",
1790445933.735,hud,calib_s,,,,,"✓ Buffer 6s",
1790445933.736,marker,gnss,52.37222300,-1.24261500,199.70,true,,
1790445933.736,marker,reconciled,0.00000000,0.00000000,0.00,false,,
1790445933.785,hud,speed,,,,,"0.0 / 0.0",0.000
1790445933.786,hud,heading,,,,,"0° / 0°",0.000
1790445933.786,hud,drift,,,,,"0.00%",0.000
1790445933.786,hud,turns,,,,,"✗ turns: 2/15",
1790445933.787,hud,calib_s,,,,,"✓ Buffer 6s",
1790445933.787,marker,gnss,52.37222300,-1.24261500,199.70,true,,
1790445933.788,marker,reconciled,0.00000000,0.00000000,0.00,false,,
1790445933.836,hud,speed,,,,,"0.0 / 0.0",0.000
1790445933.837,hud,heading,,,,,"0° / 0°",0.000
1790445933.837,hud,drift,,,,,"0.00%",0.000
1790445933.837,hud,turns,,,,,"✗ turns: 2/15",
1790445933.838,hud,calib_s,,,,,"✓ Buffer 6s",
1790445933.838,marker,gnss,52.37222300,-1.24261500,199.70,true,,
1790445933.839,marker,reconciled,0.00000000,0.00000000,0.00,false,,
1790445933.889,hud,speed,,,,,"0.0 / 0.0",0.000
1790445933.890,hud,heading,,,,,"0° / 0°",0.000
1790445933.890,hud,drift,,,,,"0.00%",0.000
1790445933.891,hud,turns,,,,,"✗ turns: 2/15",
1790445933.891,hud,calib_s,,,,,"✓ Buffer 6s",
1790445933.891,marker,gnss,52.37222300,-1.24261500,199.70,true,,
1790445933.892,marker,reconciled,0.00000000,0.00000000,0.00,false,,
1790445933.938,hud,speed,,,,,"0.0 / 0.0",0.000
1790445933.938,hud,heading,,,,,"0° / 0°",0.000
1790445933.939,hud,drift,,,,,"0.00%",0.000
1790445933.939,hud,turns,,,,,"✗ turns: 2/15",
1790445933.939,hud,calib_s,,,,,"✓ Buffer 6s",
1790445933.939,marker,gnss,52.37222300,-1.24261500,199.70,true,,
1790445933.940,marker,reconciled,0.00000000,0.00000000,0.00,false,,
1790445933.989,hud,speed,,,,,"0.0 / 0.0",0.000
1790445933.989,hud,heading,,,,,"0° / 0°",0.000
1790445933.989,hud,drift,,,,,"0.00%",0.000
1790445933.989,hud,turns,,,,,"✗ turns: 2/15",
1790445933.990,hud,calib_s,,,,,"✓ Buffer 6s",
1790445933.990,marker,gnss,52.37222300,-1.24261500,199.70,true,,
1790445933.990,marker,reconciled,0.00000000,0.00000000,0.00,false,,
1790445934.041,hud,speed,,,,,"0.0 / 0.0",0.000
1790445934.041,hud,heading,,,,,"0° / 0°",0.000
1790445934.041,hud,drift,,,,,"0.00%",0.000
1790445934.042,hud,turns,,,,,"✗ turns: 2/15",
1790445934.042,hud,calib_s,,,,,"✓ Buffer 6s",
1790445934.042,marker,gnss,52.37222300,-1.24261500,199.70,true,,
1790445934.042,marker,reconciled,0.00000000,0.00000000,0.00,false,,
1790445934.093,hud,speed,,,,,"0.0 / 0.0",0.000
1790445934.094,hud,heading,,,,,"0° / 0°",0.000
1790445934.094,hud,drift,,,,,"0.00%",0.000
1790445934.095,hud,turns,,,,,"✗ turns: 2/15",
1790445934.095,hud,calib_s,,,,,"✓ Buffer 6s",
1790445934.095,marker,gnss,52.37222300,-1.24261500,199.70,true,,
1790445934.096,marker,reconciled,0.00000000,0.00000000,0.00,false,,
1790445934.148,hud,speed,,,,,"0.0 / 0.0",0.000
1790445934.148,hud,heading,,,,,"0° / 0°",0.000
1790445934.148,hud,drift,,,,,"0.00%",0.000
1790445934.149,hud,turns,,,,,"✗ turns: 2/15",
1790445934.149,hud,calib_s,,,,,"✓ Buffer 6s",
1790445934.149,marker,gnss,52.37222300,-1.24261500,199.70,true,,
1790445934.150,marker,reconciled,0.00000000,0.00000000,0.00,false,,
1790445934.196,hud,speed,,,,,"0.0 / 0.0",0.000
1790445934.197,hud,heading,,,,,"0° / 0°",0.000
1790445934.197,hud,drift,,,,,"0.00%",0.000
1790445934.197,hud,turns,,,,,"✗ turns: 2/15",
1790445934.197,hud,calib_s,,,,,"✓ Buffer 6s",
1790445934.198,marker,gnss,52.37222300,-1.24261500,199.70,true,,
1790445934.198,marker,reconciled,0.00000000,0.00000000,0.00,false,,
1790445934.247,hud,speed,,,,,"0.0 / 0.0",0.000
1790445934.248,hud,heading,,,,,"0° / 0°",0.000
1790445934.248,hud,drift,,,,,"0.00%",0.000
1790445934.248,hud,turns,,,,,"✗ turns: 2/15",
1790445934.249,hud,calib_s,,,,,"✓ Buffer 6s",
1790445934.249,marker,gnss,52.37222300,-1.24261500,199.70,true,,
1790445934.249,marker,reconciled,0.00000000,0.00000000,0.00,false,,
1790445934.300,hud,speed,,,,,"0.0 / 0.0",0.000
1790445934.300,hud,heading,,,,,"0° / 0°",0.000
1790445934.300,hud,drift,,,,,"0.00%",0.000
1790445934.301,hud,turns,,,,,"✗ turns: 2/15",
1790445934.301,hud,calib_s,,,,,"✓ Buffer 6s",
1790445934.301,marker,gnss,52.37222300,-1.24261500,199.70,true,,
1790445934.302,marker,reconciled,0.00000000,0.00000000,0.00,false,,
1790445934.349,hud,speed,,,,,"0.0 / 0.0",0.000
1790445934.349,hud,heading,,,,,"0° / 0°",0.000
1790445934.349,hud,drift,,,,,"0.00%",0.000
1790445934.349,hud,turns,,,,,"✗ turns: 2/15",
1790445934.349,hud,calib_s,,,,,"✓ Buffer 6s",
1790445934.350,marker,gnss,52.37222300,-1.24261500,199.70,true,,
1790445934.350,marker,reconciled,0.00000000,0.00000000,0.00,false,,
1790445934.407,hud,speed,,,,,"0.0 / 0.0",0.000
1790445934.408,hud,heading,,,,,"0° / 0°",0.000
1790445934.408,hud,drift,,,,,"0.00%",0.000
1790445934.409,hud,turns,,,,,"✗ turns: 2/15",
1790445934.409,hud,calib_s,,,,,"✓ Buffer 6s",
1790445934.410,marker,gnss,52.37222300,-1.24261500,199.70,true,,
1790445934.411,marker,reconciled,0.00000000,0.00000000,0.00,false,,
1790445934.452,hud,speed,,,,,"0.0 / 0.0",0.000
1790445934.452,hud,heading,,,,,"0° / 0°",0.000
1790445934.452,hud,drift,,,,,"0.00%",0.000
1790445934.453,hud,turns,,,,,"✗ turns: 2/15",
1790445934.453,hud,calib_s,,,,,"✓ Buffer 6s",
1790445934.453,marker,gnss,52.37222300,-1.24261500,199.70,true,,
1790445934.454,marker,reconciled,0.00000000,0.00000000,0.00,false,,
1790445934.501,hud,speed,,,,,"0.0 / 0.0",0.000
1790445934.502,hud,heading,,,,,"0° / 0°",0.000
1790445934.502,hud,drift,,,,,"0.00%",0.000
1790445934.502,hud,turns,,,,,"✗ turns: 2/15",
1790445934.503,hud,calib_s,,,,,"✓ Buffer 6s",
1790445934.503,marker,gnss,52.37222300,-1.24261500,199.70,true,,
1790445934.503,marker,reconciled,0.00000000,0.00000000,0.00,false,,
1790445934.553,hud,speed,,,,,"0.0 / 0.0",0.000
1790445934.553,hud,heading,,,,,"0° / 0°",0.000
1790445934.553,hud,drift,,,,,"0.00%",0.000
1790445934.553,hud,turns,,,,,"✗ turns: 2/15",
1790445934.554,hud,calib_s,,,,,"✓ Buffer 6s",
1790445934.554,marker,gnss,52.37222300,-1.24261500,199.70,true,,
1790445934.554,marker,reconciled,0.00000000,0.00000000,0.00,false,,
1790445934.605,hud,speed,,,,,"0.0 / 0.0",0.000
1790445934.606,hud,heading,,,,,"0° / 0°",0.000
1790445934.606,hud,drift,,,,,"0.00%",0.000
1790445934.606,hud,turns,,,,,"✗ turns: 2/15",
1790445934.607,hud,calib_s,,,,,"✓ Buffer 6s",
1790445934.607,marker,gnss,52.37222300,-1.24261500,199.70,true,,
1790445934.607,marker,reconciled,0.00000000,0.00000000,0.00,false,,
1790445934.657,hud,speed,,,,,"0.0 / 0.0",0.000
1790445934.657,hud,heading,,,,,"0° / 0°",0.000
1790445934.657,hud,drift,,,,,"0.00%",0.000
1790445934.657,hud,turns,,,,,"✗ turns: 2/15",
1790445934.657,hud,calib_s,,,,,"✓ Buffer 6s",
1790445934.658,marker,gnss,52.37222300,-1.24261500,199.70,true,,
1790445934.658,marker,reconciled,0.00000000,0.00000000,0.00,false,,
1790445934.706,hud,speed,,,,,"0.0 / 0.0",0.000
1790445934.706,hud,heading,,,,,"0° / 0°",0.000
1790445934.707,hud,drift,,,,,"0.00%",0.000
1790445934.707,hud,turns,,,,,"✗ turns: 2/15",
1790445934.707,hud,calib_s,,,,,"✓ Buffer 6s",
1790445934.708,marker,gnss,52.37222300,-1.24261500,199.70,true,,
1790445934.708,marker,reconciled,0.00000000,0.00000000,0.00,false,,
1790445934.758,hud,speed,,,,,"0.0 / 0.0",0.000
1790445934.759,hud,heading,,,,,"0° / 0°",0.000
1790445934.759,hud,drift,,,,,"0.00%",0.000
1790445934.759,hud,turns,,,,,"✗ turns: 2/15",
1790445934.759,hud,calib_s,,,,,"✓ Buffer 6s",
1790445934.760,marker,gnss,52.37222300,-1.24261500,199.70,true,,
1790445934.760,marker,reconciled,0.00000000,0.00000000,0.00,false,,
1790445934.810,hud,speed,,,,,"0.0 / 0.0",0.000
1790445934.810,hud,heading,,,,,"0° / 0°",0.000
1790445934.810,hud,drift,,,,,"0.00%",0.000
1790445934.811,hud,turns,,,,,"✗ turns: 2/15",
1790445934.811,hud,calib_s,,,,,"✓ Buffer 6s",
1790445934.811,marker,gnss,52.37222300,-1.24261500,199.70,true,,
1790445934.812,marker,reconciled,0.00000000,0.00000000,0.00,false,,
1790445934.863,hud,speed,,,,,"0.0 / 0.0",0.000
1790445934.863,hud,heading,,,,,"0° / 0°",0.000
1790445934.864,hud,drift,,,,,"0.00%",0.000
1790445934.864,hud,turns,,,,,"✗ turns: 2/15",
1790445934.864,hud,calib_s,,,,,"✓ Buffer 6s",
1790445934.865,marker,gnss,52.37222300,-1.24261500,199.70,true,,
1790445934.865,marker,reconciled,0.00000000,0.00000000,0.00,false,,
1790445934.914,hud,speed,,,,,"0.0 / 0.0",0.000
1790445934.914,hud,heading,,,,,"0° / 0°",0.000
1790445934.914,hud,drift,,,,,"0.00%",0.000
1790445934.915,hud,turns,,,,,"✗ turns: 2/15",
1790445934.915,hud,calib_s,,,,,"✓ Buffer 6s",
1790445934.915,marker,gnss,52.37222300,-1.24261500,199.70,true,,
1790445934.915,marker,reconciled,0.00000000,0.00000000,0.00,false,,
1790445934.963,hud,speed,,,,,"0.0 / 0.0",0.000
1790445934.963,hud,heading,,,,,"0° / 0°",0.000
1790445934.964,hud,drift,,,,,"0.00%",0.000
1790445934.964,hud,turns,,,,,"✗ turns: 2/15",
1790445934.964,hud,calib_s,,,,,"✓ Buffer 6s",
1790445934.965,marker,gnss,52.37222300,-1.24261500,199.70,true,,
1790445934.965,marker,reconciled,0.00000000,0.00000000,0.00,false,,
1790445935.017,hud,speed,,,,,"0.0 / 0.0",0.000
1790445935.018,hud,heading,,,,,"0° / 0°",0.000
1790445935.018,hud,drift,,,,,"0.00%",0.000
1790445935.018,hud,turns,,,,,"✗ turns: 2/15",
1790445935.019,hud,calib_s,,,,,"✓ Buffer 6s",
1790445935.019,marker,gnss,52.37222300,-1.24261500,199.70,true,,
1790445935.020,marker,reconciled,0.00000000,0.00000000,0.00,false,,
1790445935.066,hud,speed,,,,,"0.0 / 0.0",0.000
1790445935.066,hud,heading,,,,,"0° / 0°",0.000
1790445935.066,hud,drift,,,,,"0.00%",0.000
1790445935.067,hud,turns,,,,,"✗ turns: 2/15",
1790445935.067,hud,calib_s,,,,,"✓ Buffer 6s",
1790445935.067,marker,gnss,52.37222300,-1.24261500,199.70,true,,
1790445935.068,marker,reconciled,0.00000000,0.00000000,0.00,false,,
1790445935.117,hud,speed,,,,,"0.0 / 0.0",0.000
1790445935.117,hud,heading,,,,,"0° / 0°",0.000
1790445935.117,hud,drift,,,,,"0.00%",0.000
1790445935.118,hud,turns,,,,,"✗ turns: 2/15",
1790445935.118,hud,calib_s,,,,,"✓ Buffer 6s",
1790445935.118,marker,gnss,52.37222300,-1.24261500,199.70,true,,
1790445935.119,marker,reconciled,0.00000000,0.00000000,0.00,false,,
1790445935.169,hud,speed,,,,,"0.0 / 0.0",0.000
1790445935.169,hud,heading,,,,,"0° / 0°",0.000
1790445935.169,hud,drift,,,,,"0.00%",0.000
1790445935.169,hud,turns,,,,,"✗ turns: 2/15",
1790445935.170,hud,calib_s,,,,,"✓ Buffer 6s",
1790445935.170,marker,gnss,52.37222300,-1.24261500,199.70,true,,
1790445935.170,marker,reconciled,0.00000000,0.00000000,0.00,false,,
1790445935.219,hud,speed,,,,,"0.0 / 0.0",0.000
1790445935.220,hud,heading,,,,,"0° / 0°",0.000
1790445935.220,hud,drift,,,,,"0.00%",0.000
1790445935.220,hud,turns,,,,,"✗ turns: 2/15",
1790445935.221,hud,calib_s,,,,,"✓ Buffer 6s",
1790445935.221,marker,gnss,52.37222300,-1.24261500,199.70,true,,
1790445935.221,marker,reconciled,0.00000000,0.00000000,0.00,false,,
1790445935.273,hud,speed,,,,,"0.0 / 0.0",0.000
1790445935.273,hud,heading,,,,,"0° / 0°",0.000
1790445935.274,hud,drift,,,,,"0.00%",0.000
1790445935.274,hud,turns,,,,,"✗ turns: 2/15",
1790445935.274,hud,calib_s,,,,,"✓ Buffer 6s",
1790445935.275,marker,gnss,52.37222300,-1.24261500,199.70,true,,
1790445935.278,marker,reconciled,0.00000000,0.00000000,0.00,false,,
1790445935.325,hud,speed,,,,,"0.0 / 0.0",0.000
1790445935.325,hud,heading,,,,,"0° / 0°",0.000
1790445935.326,hud,drift,,,,,"0.00%",0.000
1790445935.326,hud,turns,,,,,"✗ turns: 2/15",
1790445935.327,hud,calib_s,,,,,"✓ Buffer 6s",
1790445935.327,marker,gnss,52.37222300,-1.24261500,199.70,true,,
1790445935.328,marker,reconciled,0.00000000,0.00000000,0.00,false,,
1790445935.376,hud,speed,,,,,"0.0 / 0.0",0.000
1790445935.377,hud,heading,,,,,"0° / 0°",0.000
1790445935.377,hud,drift,,,,,"0.00%",0.000
1790445935.377,hud,turns,,,,,"✗ turns: 2/15",
1790445935.378,hud,calib_s,,,,,"✓ Buffer 6s",
1790445935.378,marker,gnss,52.37222300,-1.24261500,199.70,true,,
1790445935.379,marker,reconciled,0.00000000,0.00000000,0.00,false,,
1790445935.432,hud,speed,,,,,"0.0 / 0.0",0.000
1790445935.433,hud,heading,,,,,"0° / 0°",0.000
1790445935.433,hud,drift,,,,,"0.00%",0.000
1790445935.434,hud,turns,,,,,"✗ turns: 2/15",
1790445935.434,hud,calib_s,,,,,"✓ Buffer 6s",
1790445935.435,marker,gnss,52.37222300,-1.24261500,199.70,true,,
1790445935.435,marker,reconciled,0.00000000,0.00000000,0.00,false,,
1790445935.479,hud,speed,,,,,"0.0 / 0.0",0.000
1790445935.480,hud,heading,,,,,"0° / 0°",0.000
1790445935.480,hud,drift,,,,,"0.00%",0.000
1790445935.481,hud,turns,,,,,"✗ turns: 2/15",
1790445935.481,hud,calib_s,,,,,"✓ Buffer 6s",
1790445935.481,marker,gnss,52.37222300,-1.24261500,199.70,true,,
1790445935.482,marker,reconciled,0.00000000,0.00000000,0.00,false,,
1790445935.530,hud,speed,,,,,"0.0 / 0.0",0.000
1790445935.531,hud,heading,,,,,"0° / 0°",0.000
1790445935.531,hud,drift,,,,,"0.00%",0.000
1790445935.531,hud,turns,,,,,"✗ turns: 2/15",
1790445935.532,hud,calib_s,,,,,"✓ Buffer 6s",
1790445935.532,marker,gnss,52.37222300,-1.24261500,199.70,true,,
1790445935.532,marker,reconciled,0.00000000,0.00000000,0.00,false,,
1790445935.580,hud,speed,,,,,"0.0 / 0.0",0.000
1790445935.580,hud,heading,,,,,"0° / 0°",0.000
1790445935.581,hud,drift,,,,,"0.00%",0.000
1790445935.581,hud,turns,,,,,"✗ turns: 2/15",
1790445935.581,hud,calib_s,,,,,"✓ Buffer 6s",
1790445935.581,marker,gnss,52.37222300,-1.24261500,199.70,true,,
1790445935.582,marker,reconciled,0.00000000,0.00000000,0.00,false,,
1790445935.631,hud,speed,,,,,"0.0 / 0.0",0.000
1790445935.631,hud,heading,,,,,"0° / 0°",0.000
1790445935.632,hud,drift,,,,,"0.00%",0.000
1790445935.632,hud,turns,,,,,"✗ turns: 2/15",
1790445935.632,hud,calib_s,,,,,"✓ Buffer 6s",
1790445935.632,marker,gnss,52.37222300,-1.24261500,199.70,true,,
1790445935.632,marker,reconciled,0.00000000,0.00000000,0.00,false,,
1790445935.686,hud,speed,,,,,"0.0 / 0.0",0.000
1790445935.686,hud,heading,,,,,"0° / 0°",0.000
1790445935.687,hud,drift,,,,,"0.00%",0.000
1790445935.687,hud,turns,,,,,"✗ turns: 2/15",
1790445935.687,hud,calib_s,,,,,"✓ Buffer 6s",
1790445935.687,marker,gnss,52.37222300,-1.24261500,199.70,true,,
1790445935.688,marker,reconciled,0.00000000,0.00000000,0.00,false,,
1790445935.733,hud,speed,,,,,"0.0 / 0.0",0.000
1790445935.734,hud,heading,,,,,"0° / 0°",0.000
1790445935.734,hud,drift,,,,,"0.00%",0.000
1790445935.734,hud,turns,,,,,"✗ turns: 2/15",
1790445935.735,hud,calib_s,,,,,"✓ Buffer 6s",
1790445935.735,marker,gnss,52.37222300,-1.24261500,199.70,true,,
1790445935.736,marker,reconciled,0.00000000,0.00000000,0.00,false,,
1790445935.786,hud,speed,,,,,"0.0 / 0.0",0.000
1790445935.787,hud,heading,,,,,"0° / 0°",0.000
1790445935.787,hud,drift,,,,,"0.00%",0.000
1790445935.787,hud,turns,,,,,"✗ turns: 2/15",
1790445935.787,hud,calib_s,,,,,"✓ Buffer 6s",
1790445935.788,marker,gnss,52.37222300,-1.24261500,199.70,true,,
1790445935.788,marker,reconciled,0.00000000,0.00000000,0.00,false,,
1790445935.837,hud,speed,,,,,"0.0 / 0.0",0.000
1790445935.837,hud,heading,,,,,"0° / 0°",0.000
1790445935.837,hud,drift,,,,,"0.00%",0.000
1790445935.837,hud,turns,,,,,"✗ turns: 2/15",
1790445935.838,hud,calib_s,,,,,"✓ Buffer 6s",
1790445935.838,marker,gnss,52.37222300,-1.24261500,199.70,true,,
1790445935.839,marker,reconciled,0.00000000,0.00000000,0.00,false,,
1790445935.887,hud,speed,,,,,"0.0 / 0.0",0.000
1790445935.887,hud,heading,,,,,"0° / 0°",0.000
1790445935.888,hud,drift,,,,,"0.00%",0.000
1790445935.888,hud,turns,,,,,"✗ turns: 2/15",
1790445935.888,hud,calib_s,,,,,"✓ Buffer 6s",
1790445935.889,marker,gnss,52.37222300,-1.24261500,199.70,true,,
1790445935.889,marker,reconciled,0.00000000,0.00000000,0.00,false,,
1790445935.941,hud,speed,,,,,"0.0 / 0.0",0.000
1790445935.942,hud,heading,,,,,"0° / 0°",0.000
1790445935.942,hud,drift,,,,,"0.00%",0.000
1790445935.942,hud,turns,,,,,"✗ turns: 2/15",
1790445935.943,hud,calib_s,,,,,"✓ Buffer 6s",
1790445935.943,marker,gnss,52.37222300,-1.24261500,199.70,true,,
1790445935.944,marker,reconciled,0.00000000,0.00000000,0.00,false,,
1790445935.989,hud,speed,,,,,"0.0 / 0.0",0.000
1790445935.989,hud,heading,,,,,"0° / 0°",0.000
1790445935.990,hud,drift,,,,,"0.00%",0.000
1790445935.990,hud,turns,,,,,"✗ turns: 2/15",
1790445935.990,hud,calib_s,,,,,"✓ Buffer 6s",
1790445935.991,marker,gnss,52.37222300,-1.24261500,199.70,true,,
1790445935.991,marker,reconciled,0.00000000,0.00000000,0.00,false,,
1790445936.041,hud,speed,,,,,"0.0 / 0.0",0.000
1790445936.042,hud,heading,,,,,"0° / 0°",0.000
1790445936.042,hud,drift,,,,,"0.00%",0.000
1790445936.042,hud,turns,,,,,"✗ turns: 2/15",
1790445936.043,hud,calib_s,,,,,"✓ Buffer 6s",
1790445936.043,marker,gnss,52.37222300,-1.24261500,199.70,true,,
1790445936.044,marker,reconciled,0.00000000,0.00000000,0.00,false,,
1790445936.089,hud,speed,,,,,"0.0 / 0.0",0.000
1790445936.090,hud,heading,,,,,"0° / 0°",0.000
1790445936.090,hud,drift,,,,,"0.00%",0.000
1790445936.090,hud,turns,,,,,"✗ turns: 2/15",
1790445936.091,hud,calib_s,,,,,"✓ Buffer 6s",
1790445936.091,marker,gnss,52.37222300,-1.24261500,199.70,true,,
1790445936.091,marker,reconciled,0.00000000,0.00000000,0.00,false,,
1790445936.141,hud,speed,,,,,"0.0 / 0.0",0.000
1790445936.142,hud,heading,,,,,"0° / 0°",0.000
1790445936.142,hud,drift,,,,,"0.00%",0.000
1790445936.142,hud,turns,,,,,"✗ turns: 2/15",
1790445936.142,hud,calib_s,,,,,"✓ Buffer 6s",
1790445936.143,marker,gnss,52.37222300,-1.24261500,199.70,true,,
1790445936.143,marker,reconciled,0.00000000,0.00000000,0.00,false,,
1790445936.193,hud,speed,,,,,"0.0 / 0.0",0.000
1790445936.193,hud,heading,,,,,"0° / 0°",0.000
1790445936.194,hud,drift,,,,,"0.00%",0.000
1790445936.194,hud,turns,,,,,"✗ turns: 2/15",
1790445936.194,hud,calib_s,,,,,"✓ Buffer 6s",
1790445936.195,marker,gnss,52.37222300,-1.24261500,199.70,true,,
1790445936.195,marker,reconciled,0.00000000,0.00000000,0.00,false,,
1790445936.245,hud,speed,,,,,"0.0 / 0.0",0.000
1790445936.245,hud,heading,,,,,"0° / 0°",0.000
1790445936.245,hud,drift,,,,,"0.00%",0.000
1790445936.246,hud,turns,,,,,"✗ turns: 2/15",
1790445936.246,hud,calib_s,,,,,"✓ Buffer 6s",
1790445936.247,marker,gnss,52.37222300,-1.24261500,199.70,true,,
1790445936.247,marker,reconciled,0.00000000,0.00000000,0.00,false,,
1790445936.294,hud,speed,,,,,"0.0 / 0.0",0.000
1790445936.294,hud,heading,,,,,"0° / 0°",0.000
1790445936.295,hud,drift,,,,,"0.00%",0.000
1790445936.295,hud,turns,,,,,"✗ turns: 2/15",
1790445936.295,hud,calib_s,,,,,"✓ Buffer 6s",
1790445936.296,marker,gnss,52.37222300,-1.24261500,199.70,true,,
1790445936.296,marker,reconciled,0.00000000,0.00000000,0.00,false,,
1790445936.355,hud,speed,,,,,"0.0 / 0.0",0.000
1790445936.355,hud,heading,,,,,"0° / 0°",0.000
1790445936.356,hud,drift,,,,,"0.00%",0.000
1790445936.356,hud,turns,,,,,"✗ turns: 2/15",
1790445936.356,hud,calib_s,,,,,"✓ Buffer 6s",
1790445936.357,marker,gnss,52.37222300,-1.24261500,199.70,true,,
1790445936.357,marker,reconciled,0.00000000,0.00000000,0.00,false,,
1790445936.396,hud,speed,,,,,"0.0 / 0.0",0.000
1790445936.397,hud,heading,,,,,"0° / 0°",0.000
1790445936.397,hud,drift,,,,,"0.00%",0.000
1790445936.397,hud,turns,,,,,"✗ turns: 2/15",
1790445936.397,hud,calib_s,,,,,"✓ Buffer 6s",
1790445936.398,marker,gnss,52.37222300,-1.24261500,199.70,true,,
1790445936.398,marker,reconciled,0.00000000,0.00000000,0.00,false,,
1790445936.453,hud,speed,,,,,"0.0 / 0.0",0.000
1790445936.454,hud,heading,,,,,"0° / 0°",0.000
1790445936.454,hud,drift,,,,,"0.00%",0.000
1790445936.454,hud,turns,,,,,"✗ turns: 2/15",
1790445936.455,hud,calib_s,,,,,"✓ Buffer 6s",
1790445936.455,marker,gnss,52.37222300,-1.24261500,199.70,true,,
1790445936.455,marker,reconciled,0.00000000,0.00000000,0.00,false,,
1790445936.500,hud,speed,,,,,"0.0 / 0.0",0.000
1790445936.500,hud,heading,,,,,"0° / 0°",0.000
1790445936.500,hud,drift,,,,,"0.00%",0.000
1790445936.501,hud,turns,,,,,"✗ turns: 2/15",
1790445936.501,hud,calib_s,,,,,"✓ Buffer 6s",
1790445936.501,marker,gnss,52.37222300,-1.24261500,199.70,true,,
1790445936.502,marker,reconciled,0.00000000,0.00000000,0.00,false,,
1790445936.554,hud,speed,,,,,"0.0 / 0.0",0.000
1790445936.554,hud,heading,,,,,"0° / 0°",0.000
1790445936.555,hud,drift,,,,,"0.00%",0.000
1790445936.555,hud,turns,,,,,"✗ turns: 2/15",
1790445936.555,hud,calib_s,,,,,"✓ Buffer 6s",
1790445936.556,marker,gnss,52.37222300,-1.24261500,199.70,true,,
1790445936.556,marker,reconciled,0.00000000,0.00000000,0.00,false,,
1790445936.601,hud,speed,,,,,"0.0 / 0.0",0.000
1790445936.601,hud,heading,,,,,"0° / 0°",0.000
1790445936.601,hud,drift,,,,,"0.00%",0.000
1790445936.601,hud,turns,,,,,"✗ turns: 2/15",
1790445936.601,hud,calib_s,,,,,"✓ Buffer 6s",
1790445936.602,marker,gnss,52.37222300,-1.24261500,199.70,true,,
1790445936.602,marker,reconciled,0.00000000,0.00000000,0.00,false,,
1790445936.653,hud,speed,,,,,"0.0 / 0.0",0.000
1790445936.653,hud,heading,,,,,"0° / 0°",0.000
1790445936.654,hud,drift,,,,,"0.00%",0.000
1790445936.654,hud,turns,,,,,"✗ turns: 2/15",
1790445936.655,hud,calib_s,,,,,"✓ Buffer 6s",
1790445936.655,marker,gnss,52.37222300,-1.24261500,199.70,true,,
1790445936.655,marker,reconciled,0.00000000,0.00000000,0.00,false,,
1790445936.705,hud,speed,,,,,"0.0 / 0.0",0.000
1790445936.705,hud,heading,,,,,"0° / 0°",0.000
1790445936.705,hud,drift,,,,,"0.00%",0.000
1790445936.706,hud,turns,,,,,"✗ turns: 2/15",
1790445936.706,hud,calib_s,,,,,"✓ Buffer 6s",
1790445936.706,marker,gnss,52.37222300,-1.24261500,199.70,true,,
1790445936.707,marker,reconciled,0.00000000,0.00000000,0.00,false,,
1790445936.755,hud,speed,,,,,"0.0 / 0.0",0.000
1790445936.755,hud,heading,,,,,"0° / 0°",0.000
1790445936.755,hud,drift,,,,,"0.00%",0.000
1790445936.756,hud,turns,,,,,"✗ turns: 2/15",
1790445936.756,hud,calib_s,,,,,"✓ Buffer 6s",
1790445936.756,marker,gnss,52.37222300,-1.24261500,199.70,true,,
1790445936.757,marker,reconciled,0.00000000,0.00000000,0.00,false,,
1790445936.805,hud,speed,,,,,"0.0 / 0.0",0.000
1790445936.805,hud,heading,,,,,"0° / 0°",0.000
1790445936.806,hud,drift,,,,,"0.00%",0.000
1790445936.806,hud,turns,,,,,"✗ turns: 2/15",
1790445936.806,hud,calib_s,,,,,"✓ Buffer 6s",
1790445936.807,marker,gnss,52.37222300,-1.24261500,199.70,true,,
1790445936.807,marker,reconciled,0.00000000,0.00000000,0.00,false,,
1790445936.856,hud,speed,,,,,"0.0 / 0.0",0.000
1790445936.856,hud,heading,,,,,"0° / 0°",0.000
1790445936.856,hud,drift,,,,,"0.00%",0.000
1790445936.857,hud,turns,,,,,"✗ turns: 2/15",
1790445936.857,hud,calib_s,,,,,"✓ Buffer 6s",
1790445936.857,marker,gnss,52.37222300,-1.24261500,199.70,true,,
1790445936.858,marker,reconciled,0.00000000,0.00000000,0.00,false,,
1790445936.905,hud,speed,,,,,"0.0 / 0.0",0.000
1790445936.905,hud,heading,,,,,"0° / 0°",0.000
1790445936.906,hud,drift,,,,,"0.00%",0.000
1790445936.906,hud,turns,,,,,"✗ turns: 2/15",
1790445936.906,hud,calib_s,,,,,"✓ Buffer 6s",
1790445936.906,marker,gnss,52.37222300,-1.24261500,199.70,true,,
1790445936.907,marker,reconciled,0.00000000,0.00000000,0.00,false,,
1790445936.962,hud,speed,,,,,"0.0 / 0.0",0.000
1790445936.962,hud,heading,,,,,"0° / 0°",0.000
1790445936.963,hud,drift,,,,,"0.00%",0.000
1790445936.963,hud,turns,,,,,"✗ turns: 2/15",
1790445936.963,hud,calib_s,,,,,"✓ Buffer 6s",
1790445936.963,marker,gnss,52.37222300,-1.24261500,199.70,true,,
1790445936.964,marker,reconciled,0.00000000,0.00000000,0.00,false,,
1790445937.008,hud,speed,,,,,"0.0 / 0.0",0.000
1790445937.008,hud,heading,,,,,"0° / 0°",0.000
1790445937.009,hud,drift,,,,,"0.00%",0.000
1790445937.009,hud,turns,,,,,"✗ turns: 2/15",
1790445937.009,hud,calib_s,,,,,"✓ Buffer 6s",
1790445937.009,marker,gnss,52.37222300,-1.24261500,199.70,true,,
1790445937.010,marker,reconciled,0.00000000,0.00000000,0.00,false,,
1790445937.058,hud,speed,,,,,"0.0 / 0.0",0.000
1790445937.059,hud,heading,,,,,"0° / 0°",0.000
1790445937.059,hud,drift,,,,,"0.00%",0.000
1790445937.059,hud,turns,,,,,"✗ turns: 2/15",
1790445937.059,hud,calib_s,,,,,"✓ Buffer 6s",
1790445937.060,marker,gnss,52.37222300,-1.24261500,199.70,true,,
1790445937.060,marker,reconciled,0.00000000,0.00000000,0.00,false,,
1790445937.117,hud,speed,,,,,"0.0 / 0.0",0.000
1790445937.118,hud,heading,,,,,"0° / 0°",0.000
1790445937.118,hud,drift,,,,,"0.00%",0.000
1790445937.119,hud,turns,,,,,"✗ turns: 2/15",
1790445937.119,hud,calib_s,,,,,"✓ Buffer 6s",
1790445937.119,marker,gnss,52.37222300,-1.24261500,199.70,true,,
1790445937.120,marker,reconciled,0.00000000,0.00000000,0.00,false,,
1790445937.161,hud,speed,,,,,"0.0 / 0.0",0.000
1790445937.162,hud,heading,,,,,"0° / 0°",0.000
1790445937.162,hud,drift,,,,,"0.00%",0.000
1790445937.162,hud,turns,,,,,"✗ turns: 2/15",
1790445937.162,hud,calib_s,,,,,"✓ Buffer 6s",
1790445937.163,marker,gnss,52.37222300,-1.24261500,199.70,true,,
1790445937.163,marker,reconciled,0.00000000,0.00000000,0.00,false,,
1790445937.216,hud,speed,,,,,"0.0 / 0.0",0.000
1790445937.217,hud,heading,,,,,"0° / 0°",0.000
1790445937.217,hud,drift,,,,,"0.00%",0.000
1790445937.217,hud,turns,,,,,"✗ turns: 2/15",
1790445937.217,hud,calib_s,,,,,"✓ Buffer 6s",
1790445937.218,marker,gnss,52.37222300,-1.24261500,199.70,true,,
1790445937.218,marker,reconciled,0.00000000,0.00000000,0.00,false,,
1790445937.265,hud,speed,,,,,"0.0 / 0.0",0.000
1790445937.265,hud,heading,,,,,"0° / 0°",0.000
1790445937.265,hud,drift,,,,,"0.00%",0.000
1790445937.266,hud,turns,,,,,"✗ turns: 2/15",
1790445937.266,hud,calib_s,,,,,"✓ Buffer 6s",
1790445937.267,marker,gnss,52.37222300,-1.24261500,199.70,true,,
1790445937.267,marker,reconciled,0.00000000,0.00000000,0.00,false,,
1790445937.313,hud,speed,,,,,"0.0 / 0.0",0.000
1790445937.314,hud,heading,,,,,"0° / 0°",0.000
1790445937.314,hud,drift,,,,,"0.00%",0.000
1790445937.314,hud,turns,,,,,"✗ turns: 2/15",
1790445937.315,hud,calib_s,,,,,"✓ Buffer 6s",
1790445937.315,marker,gnss,52.37222300,-1.24261500,199.70,true,,
1790445937.315,marker,reconciled,0.00000000,0.00000000,0.00,false,,
1790445937.368,hud,speed,,,,,"0.0 / 0.0",0.000
1790445937.368,hud,heading,,,,,"0° / 0°",0.000
1790445937.369,hud,drift,,,,,"0.00%",0.000
1790445937.369,hud,turns,,,,,"✗ turns: 2/15",
1790445937.369,hud,calib_s,,,,,"✓ Buffer 6s",
1790445937.369,marker,gnss,52.37222300,-1.24261500,199.70,true,,
1790445937.370,marker,reconciled,0.00000000,0.00000000,0.00,false,,
1790445937.416,hud,speed,,,,,"0.0 / 0.0",0.000
1790445937.416,hud,heading,,,,,"0° / 0°",0.000
1790445937.416,hud,drift,,,,,"0.00%",0.000
1790445937.416,hud,turns,,,,,"✗ turns: 2/15",
1790445937.417,hud,calib_s,,,,,"✓ Buffer 6s",
1790445937.417,marker,gnss,52.37222300,-1.24261500,199.70,true,,
1790445937.417,marker,reconciled,0.00000000,0.00000000,0.00,false,,
1790445937.469,hud,speed,,,,,"0.0 / 0.0",0.000
1790445937.469,hud,heading,,,,,"0° / 0°",0.000
1790445937.469,hud,drift,,,,,"0.00%",0.000
1790445937.470,hud,turns,,,,,"✗ turns: 2/15",
1790445937.470,hud,calib_s,,,,,"✓ Buffer 6s",
1790445937.470,marker,gnss,52.37222300,-1.24261500,199.70,true,,
1790445937.471,marker,reconciled,0.00000000,0.00000000,0.00,false,,
1790445937.517,hud,speed,,,,,"0.0 / 0.0",0.000
1790445937.517,hud,heading,,,,,"0° / 0°",0.000
1790445937.517,hud,drift,,,,,"0.00%",0.000
1790445937.517,hud,turns,,,,,"✗ turns: 2/15",
1790445937.517,hud,calib_s,,,,,"✓ Buffer 6s",
1790445937.518,marker,gnss,52.37222300,-1.24261500,199.70,true,,
1790445937.518,marker,reconciled,0.00000000,0.00000000,0.00,false,,
1790445937.568,hud,speed,,,,,"0.0 / 0.0",0.000
1790445937.568,hud,heading,,,,,"0° / 0°",0.000
1790445937.568,hud,drift,,,,,"0.00%",0.000
1790445937.569,hud,turns,,,,,"✗ turns: 2/15",
1790445937.569,hud,calib_s,,,,,"✓ Buffer 6s",
1790445937.569,marker,gnss,52.37222300,-1.24261500,199.70,true,,
1790445937.569,marker,reconciled,0.00000000,0.00000000,0.00,false,,
1790445937.621,hud,speed,,,,,"0.0 / 0.0",0.000
1790445937.622,hud,heading,,,,,"0° / 0°",0.000
1790445937.622,hud,drift,,,,,"0.00%",0.000
1790445937.623,hud,turns,,,,,"✗ turns: 2/15",
1790445937.623,hud,calib_s,,,,,"✓ Buffer 6s",
1790445937.624,marker,gnss,52.37222300,-1.24261500,199.70,true,,
1790445937.624,marker,reconciled,0.00000000,0.00000000,0.00,false,,
1790445937.671,hud,speed,,,,,"0.0 / 0.0",0.000
1790445937.671,hud,heading,,,,,"0° / 0°",0.000
1790445937.671,hud,drift,,,,,"0.00%",0.000
1790445937.672,hud,turns,,,,,"✗ turns: 2/15",
1790445937.672,hud,calib_s,,,,,"✓ Buffer 6s",
1790445937.672,marker,gnss,52.37222300,-1.24261500,199.70,true,,
1790445937.673,marker,reconciled,0.00000000,0.00000000,0.00,false,,
1790445937.725,hud,speed,,,,,"0.0 / 0.0",0.000
1790445937.725,hud,heading,,,,,"0° / 0°",0.000
1790445937.725,hud,drift,,,,,"0.00%",0.000
1790445937.726,hud,turns,,,,,"✗ turns: 2/15",
1790445937.726,hud,calib_s,,,,,"✓ Buffer 6s",
1790445937.726,marker,gnss,52.37222300,-1.24261500,199.70,true,,
1790445937.727,marker,reconciled,0.00000000,0.00000000,0.00,false,,
1790445937.773,hud,speed,,,,,"0.0 / 0.0",0.000
1790445937.773,hud,heading,,,,,"0° / 0°",0.000
1790445937.774,hud,drift,,,,,"0.00%",0.000
1790445937.774,hud,turns,,,,,"✗ turns: 2/15",
1790445937.774,hud,calib_s,,,,,"✓ Buffer 6s",
1790445937.775,marker,gnss,52.37222300,-1.24261500,199.70,true,,
1790445937.775,marker,reconciled,0.00000000,0.00000000,0.00,false,,
1790445937.823,hud,speed,,,,,"0.0 / 0.0",0.000
1790445937.824,hud,heading,,,,,"0° / 0°",0.000
1790445937.824,hud,drift,,,,,"0.00%",0.000
1790445937.824,hud,turns,,,,,"✗ turns: 2/15",
1790445937.824,hud,calib_s,,,,,"✓ Buffer 6s",
1790445937.825,marker,gnss,52.37222300,-1.24261500,199.70,true,,
1790445937.825,marker,reconciled,0.00000000,0.00000000,0.00,false,,
1790445937.874,hud,speed,,,,,"0.0 / 0.0",0.000
1790445937.875,hud,heading,,,,,"0° / 0°",0.000
1790445937.875,hud,drift,,,,,"0.00%",0.000
1790445937.875,hud,turns,,,,,"✗ turns: 2/15",
1790445937.875,hud,calib_s,,,,,"✓ Buffer 6s",
1790445937.876,marker,gnss,52.37222300,-1.24261500,199.70,true,,
1790445937.876,marker,reconciled,0.00000000,0.00000000,0.00,false,,
1790445937.925,hud,speed,,,,,"0.0 / 0.0",0.000
1790445937.925,hud,heading,,,,,"0° / 0°",0.000
1790445937.926,hud,drift,,,,,"0.00%",0.000
1790445937.926,hud,turns,,,,,"✗ turns: 2/15",
1790445937.926,hud,calib_s,,,,,"✓ Buffer 6s",
1790445937.926,marker,gnss,52.37222300,-1.24261500,199.70,true,,
1790445937.927,marker,reconciled,0.00000000,0.00000000,0.00,false,,
1790445937.996,hud,speed,,,,,"5.7 / 5.6",5.700
1790445937.996,hud,heading,,,,,"236° / 82°",235.900
1790445937.997,hud,drift,,,,,"95.90%",95.900
1790445937.997,hud,turns,,,,,"✗ turns: 3/15",
1790445937.997,hud,calib_s,,,,,"✓ Buffer 6s",
1790445937.997,marker,gnss,52.37159700,-1.24225300,277.60,true,,
1790445937.998,marker,dr,52.37159489,-1.24226664,124.10,true,,
1790445937.998,marker,reconciled,0.00000000,0.00000000,0.00,false,,
1790445938.035,hud,speed,,,,,"5.9 / 5.6",5.900
1790445938.035,hud,heading,,,,,"236° / 82°",236.300
1790445938.035,hud,drift,,,,,"206.76%",206.760
1790445938.036,hud,turns,,,,,"✗ turns: 3/15",
1790445938.036,hud,calib_s,,,,,"✓ Buffer 6s",
1790445938.036,marker,gnss,52.37159700,-1.24225300,277.60,true,,
1790445938.037,marker,dr,52.37159157,-1.24227349,123.70,true,,
1790445938.037,marker,reconciled,0.00000000,0.00000000,0.00,false,,
1790445938.078,hud,speed,,,,,"6.0 / 5.6",6.030
1790445938.078,hud,heading,,,,,"236° / 82°",236.400
1790445938.079,hud,drift,,,,,"266.00%",266.000
1790445938.079,hud,turns,,,,,"✗ turns: 3/15",
1790445938.079,hud,calib_s,,,,,"✓ Buffer 6s",
1790445938.080,marker,gnss,52.37159700,-1.24225300,277.60,true,,
1790445938.080,marker,dr,52.37158813,-1.24228017,123.60,true,,
1790445938.080,marker,reconciled,0.00000000,0.00000000,0.00,false,,
1790445938.129,hud,speed,,,,,"6.0 / 5.6",6.030
1790445938.129,hud,heading,,,,,"237° / 82°",236.500
1790445938.129,hud,drift,,,,,"238.52%",238.520
1790445938.129,hud,turns,,,,,"✗ turns: 3/15",
1790445938.130,hud,calib_s,,,,,"✓ Buffer 6s",
1790445938.130,marker,gnss,52.37159700,-1.24225300,277.60,true,,
1790445938.130,marker,dr,52.37158461,-1.24228687,123.50,true,,
1790445938.131,marker,reconciled,0.00000000,0.00000000,0.00,false,,
1790445938.180,hud,speed,,,,,"5.8 / 5.6",5.820
1790445938.180,hud,heading,,,,,"237° / 82°",236.700
1790445938.180,hud,drift,,,,,"225.93%",225.930
1790445938.181,hud,turns,,,,,"✗ turns: 3/15",
1790445938.181,hud,calib_s,,,,,"✓ Buffer 6s",
1790445938.181,marker,gnss,52.37159700,-1.24225300,277.60,true,,
1790445938.181,marker,dr,52.37158116,-1.24229330,123.30,true,,
1790445938.182,marker,reconciled,0.00000000,0.00000000,0.00,false,,
1790445938.235,hud,speed,,,,,"5.8 / 5.6",5.780
1790445938.235,hud,heading,,,,,"237° / 82°",237.100
1790445938.236,hud,drift,,,,,"218.28%",218.280
1790445938.236,hud,turns,,,,,"✗ turns: 3/15",
1790445938.236,hud,calib_s,,,,,"✓ Buffer 6s",
1790445938.237,marker,gnss,52.37159700,-1.24225300,277.60,true,,
1790445938.237,marker,dr,52.37157766,-1.24229970,122.90,true,,
1790445938.237,marker,reconciled,0.00000000,0.00000000,0.00,false,,
1790445938.284,hud,speed,,,,,"5.8 / 5.6",5.790
1790445938.284,hud,heading,,,,,"237° / 82°",236.900
1790445938.285,hud,drift,,,,,"213.15%",213.150
1790445938.285,hud,turns,,,,,"✗ turns: 3/15",
1790445938.285,hud,calib_s,,,,,"✓ Buffer 6s",
1790445938.285,marker,gnss,52.37159700,-1.24225300,277.60,true,,
1790445938.286,marker,dr,52.37157416,-1.24230590,123.10,true,,
1790445938.286,marker,reconciled,0.00000000,0.00000000,0.00,false,,
1790445938.337,hud,speed,,,,,"5.8 / 5.6",5.820
1790445938.337,hud,heading,,,,,"237° / 82°",236.700
1790445938.338,hud,drift,,,,,"209.39%",209.390
1790445938.338,hud,turns,,,,,"✗ turns: 3/15",
1790445938.338,hud,calib_s,,,,,"✓ Buffer 6s",
1790445938.339,marker,gnss,52.37159700,-1.24225300,277.60,true,,
1790445938.339,marker,dr,52.37157065,-1.24231223,123.30,true,,
1790445938.340,marker,reconciled,0.00000000,0.00000000,0.00,false,,
1790445938.384,hud,speed,,,,,"5.8 / 5.6",5.840
1790445938.385,hud,heading,,,,,"236° / 82°",236.400
1790445938.385,hud,drift,,,,,"206.52%",206.520
1790445938.385,hud,turns,,,,,"✗ turns: 3/15",
1790445938.385,hud,calib_s,,,,,"✓ Buffer 6s",
1790445938.385,marker,gnss,52.37159700,-1.24225300,277.60,true,,
1790445938.386,marker,dr,52.37156712,-1.24231857,123.60,true,,
1790445938.386,marker,reconciled,0.00000000,0.00000000,0.00,false,,
1790445938.439,hud,speed,,,,,"5.9 / 5.6",5.870
1790445938.439,hud,heading,,,,,"236° / 82°",236.200
1790445938.440,hud,drift,,,,,"204.28%",204.280
1790445938.440,hud,turns,,,,,"✗ turns: 3/15",
1790445938.440,hud,calib_s,,,,,"✓ Buffer 6s",
1790445938.440,marker,gnss,52.37159700,-1.24225300,277.60,true,,
1790445938.441,marker,dr,52.37156360,-1.24232509,123.80,true,,
1790445938.441,marker,reconciled,0.00000000,0.00000000,0.00,false,,
1790445938.490,hud,speed,,,,,"5.9 / 5.6",5.880
1790445938.491,hud,heading,,,,,"236° / 82°",236.000
1790445938.491,hud,drift,,,,,"202.56%",202.560
1790445938.491,hud,turns,,,,,"✗ turns: 3/15",
1790445938.492,hud,calib_s,,,,,"✓ Buffer 6s",
1790445938.492,marker,gnss,52.37159700,-1.24225300,277.60,true,,
1790445938.492,marker,dr,52.37156023,-1.24233163,124.00,true,,
1790445938.493,marker,reconciled,0.00000000,0.00000000,0.00,false,,
1790445938.541,hud,speed,,,,,"5.9 / 5.6",5.850
1790445938.541,hud,heading,,,,,"236° / 82°",236.000
1790445938.541,hud,drift,,,,,"201.22%",201.220
1790445938.542,hud,turns,,,,,"✗ turns: 3/15",
1790445938.542,hud,calib_s,,,,,"✓ Buffer 6s",
1790445938.542,marker,gnss,52.37159700,-1.24225300,277.60,true,,
1790445938.543,marker,dr,52.37155687,-1.24233833,124.00,true,,
1790445938.544,marker,reconciled,0.00000000,0.00000000,0.00,false,,
1790445938.590,hud,speed,,,,,"5.9 / 5.6",5.900
1790445938.590,hud,heading,,,,,"236° / 82°",235.900
1790445938.590,hud,drift,,,,,"200.07%",200.070
1790445938.591,hud,turns,,,,,"✗ turns: 3/15",
1790445938.591,hud,calib_s,,,,,"✓ Buffer 6s",
1790445938.591,marker,gnss,52.37159700,-1.24225300,277.60,true,,
1790445938.592,marker,dr,52.37155360,-1.24234501,124.10,true,,
1790445938.592,marker,reconciled,0.00000000,0.00000000,0.00,false,,
1790445938.641,hud,speed,,,,,"5.9 / 5.6",5.940
1790445938.641,hud,heading,,,,,"236° / 82°",236.000
1790445938.641,hud,drift,,,,,"199.07%",199.070
1790445938.642,hud,turns,,,,,"✗ turns: 3/15",
1790445938.642,hud,calib_s,,,,,"✓ Buffer 6s",
1790445938.642,marker,gnss,52.37159700,-1.24225300,277.60,true,,
1790445938.643,marker,dr,52.37155036,-1.24235193,124.00,true,,
1790445938.643,marker,reconciled,0.00000000,0.00000000,0.00,false,,
1790445938.694,hud,speed,,,,,"6.0 / 5.6",6.030
1790445938.694,hud,heading,,,,,"236° / 82°",236.100
1790445938.694,hud,drift,,,,,"198.15%",198.150
1790445938.695,hud,turns,,,,,"✗ turns: 3/15",
1790445938.695,hud,calib_s,,,,,"✓ Buffer 6s",
1790445938.695,marker,gnss,52.37159700,-1.24225300,277.60,true,,
1790445938.696,marker,dr,52.37154717,-1.24235908,123.90,true,,
1790445938.696,marker,reconciled,0.00000000,0.00000000,0.00,false,,
1790445938.747,hud,speed,,,,,"6.1 / 5.6",6.110
1790445938.748,hud,heading,,,,,"236° / 82°",236.100
1790445938.748,hud,drift,,,,,"197.27%",197.270
1790445938.748,hud,turns,,,,,"✗ turns: 3/15",
1790445938.749,hud,calib_s,,,,,"✓ Buffer 6s",
1790445938.749,marker,gnss,52.37159700,-1.24225300,277.60,true,,
1790445938.749,marker,dr,52.37154399,-1.24236651,123.90,true,,
1790445938.750,marker,reconciled,0.00000000,0.00000000,0.00,false,,
1790445938.796,hud,speed,,,,,"6.2 / 5.6",6.190
1790445938.796,hud,heading,,,,,"236° / 82°",236.400
1790445938.796,hud,drift,,,,,"196.47%",196.470
1790445938.797,hud,turns,,,,,"✗ turns: 3/15",
1790445938.797,hud,calib_s,,,,,"✓ Buffer 6s",
1790445938.797,marker,gnss,52.37159700,-1.24225300,277.60,true,,
1790445938.798,marker,dr,52.37154095,-1.24237402,123.60,true,,
1790445938.798,marker,reconciled,0.00000000,0.00000000,0.00,false,,
1790445938.851,hud,speed,,,,,"6.3 / 5.6",6.340
1790445938.852,hud,heading,,,,,"237° / 82°",236.600
1790445938.852,hud,drift,,,,,"195.61%",195.610
1790445938.852,hud,turns,,,,,"✗ turns: 3/15",
1790445938.853,hud,calib_s,,,,,"✓ Buffer 6s",
1790445938.853,marker,gnss,52.37159700,-1.24225300,277.60,true,,
1790445938.854,marker,dr,52.37153776,-1.24238184,123.40,true,,
1790445938.854,marker,reconciled,0.00000000,0.00000000,0.00,false,,
1790445938.901,hud,speed,,,,,"6.4 / 5.6",6.410
1790445938.902,hud,heading,,,,,"237° / 82°",236.500
1790445938.902,hud,drift,,,,,"194.80%",194.800
1790445938.902,hud,turns,,,,,"✗ turns: 3/15",
1790445938.903,hud,calib_s,,,,,"✓ Buffer 6s",
1790445938.903,marker,gnss,52.37159700,-1.24225300,277.60,true,,
1790445938.904,marker,dr,52.37153460,-1.24238970,123.50,true,,
1790445938.904,marker,reconciled,0.00000000,0.00000000,0.00,false,,
1790445938.949,hud,speed,,,,,"6.5 / 5.6",6.460
1790445938.950,hud,heading,,,,,"237° / 82°",236.600
1790445938.950,hud,drift,,,,,"194.07%",194.070
1790445938.950,hud,turns,,,,,"✗ turns: 3/15",
1790445938.951,hud,calib_s,,,,,"✓ Buffer 6s",
1790445938.951,marker,gnss,52.37159700,-1.24225300,277.60,true,,
1790445938.952,marker,dr,52.37153153,-1.24239763,123.40,true,,
1790445938.952,marker,reconciled,0.00000000,0.00000000,0.00,false,,
1790445939.003,hud,speed,,,,,"6.5 / 5.6",6.520
1790445939.004,hud,heading,,,,,"237° / 82°",236.800
1790445939.004,hud,drift,,,,,"193.38%",193.380
1790445939.004,hud,turns,,,,,"✗ turns: 3/15",
1790445939.004,hud,calib_s,,,,,"✓ Buffer 6s",
1790445939.005,marker,gnss,52.37159700,-1.24225300,277.60,true,,
1790445939.005,marker,dr,52.37152849,-1.24240582,123.20,true,,
1790445939.005,marker,reconciled,0.00000000,0.00000000,0.00,false,,
1790445939.053,hud,speed,,,,,"6.6 / 5.6",6.600
1790445939.053,hud,heading,,,,,"237° / 82°",236.900
1790445939.054,hud,drift,,,,,"192.69%",192.690
1790445939.054,hud,turns,,,,,"✗ turns: 3/15",
1790445939.054,hud,calib_s,,,,,"✓ Buffer 6s",
1790445939.055,marker,gnss,52.37159700,-1.24225300,277.60,true,,
1790445939.055,marker,dr,52.37152540,-1.24241420,123.10,true,,
1790445939.056,marker,reconciled,0.00000000,0.00000000,0.00,false,,
1790445939.104,hud,speed,,,,,"6.8 / 5.6",6.760
1790445939.104,hud,heading,,,,,"237° / 82°",236.700
1790445939.105,hud,drift,,,,,"191.98%",191.980
1790445939.105,hud,turns,,,,,"✗ turns: 3/15",
1790445939.105,hud,calib_s,,,,,"✓ Buffer 6s",
1790445939.106,marker,gnss,52.37159700,-1.24225300,277.60,true,,
1790445939.106,marker,dr,52.37152231,-1.24242263,123.30,true,,
1790445939.107,marker,reconciled,0.00000000,0.00000000,0.00,false,,
1790445939.157,hud,speed,,,,,"6.9 / 5.6",6.860
1790445939.157,hud,heading,,,,,"237° / 82°",236.800
1790445939.157,hud,drift,,,,,"191.27%",191.270
1790445939.158,hud,turns,,,,,"✗ turns: 3/15",
1790445939.158,hud,calib_s,,,,,"✓ Buffer 6s",
1790445939.159,marker,gnss,52.37159700,-1.24225300,277.60,true,,
1790445939.159,marker,dr,52.37151922,-1.24243134,123.20,true,,
1790445939.160,marker,reconciled,0.00000000,0.00000000,0.00,false,,
1790445939.206,hud,speed,,,,,"6.9 / 5.6",6.920
1790445939.206,hud,heading,,,,,"237° / 82°",236.900
1790445939.206,hud,drift,,,,,"190.60%",190.600
1790445939.207,hud,turns,,,,,"✗ turns: 3/15",
1790445939.207,hud,calib_s,,,,,"✓ Buffer 6s",
1790445939.207,marker,gnss,52.37159700,-1.24225300,277.60,true,,
1790445939.208,marker,dr,52.37151609,-1.24244011,123.10,true,,
1790445939.208,marker,reconciled,0.00000000,0.00000000,0.00,false,,
1790445939.259,hud,speed,,,,,"6.9 / 5.6",6.870
1790445939.260,hud,heading,,,,,"237° / 82°",236.700
1790445939.260,hud,drift,,,,,"190.00%",190.000
1790445939.260,hud,turns,,,,,"✗ turns: 3/15",
1790445939.260,hud,calib_s,,,,,"✓ Buffer 6s",
1790445939.261,marker,gnss,52.37159700,-1.24225300,277.60,true,,
1790445939.261,marker,dr,52.37151295,-1.24244893,123.30,true,,
1790445939.261,marker,reconciled,0.00000000,0.00000000,0.00,false,,
1790445939.308,hud,speed,,,,,"6.9 / 5.6",6.880
1790445939.309,hud,heading,,,,,"237° / 82°",236.600
1790445939.309,hud,drift,,,,,"189.47%",189.470
1790445939.309,hud,turns,,,,,"✗ turns: 3/15",
1790445939.309,hud,calib_s,,,,,"✓ Buffer 6s",
1790445939.310,marker,gnss,52.37159700,-1.24225300,277.60,true,,
1790445939.310,marker,dr,52.37151000,-1.24245771,123.40,true,,
1790445939.311,marker,reconciled,0.00000000,0.00000000,0.00,false,,
1790445939.360,hud,speed,,,,,"6.9 / 5.6",6.940
1790445939.360,hud,heading,,,,,"237° / 82°",237.000
1790445939.361,hud,drift,,,,,"211.43%",211.430
1790445939.361,hud,turns,,,,,"✗ turns: 3/15",
1790445939.361,hud,calib_s,,,,,"✓ Buffer 6s",
1790445939.361,marker,gnss,52.37159700,-1.24225300,277.60,true,,
1790445939.362,marker,dr,52.37150697,-1.24246673,123.00,true,,
1790445939.363,marker,reconciled,0.00000000,0.00000000,0.00,false,,
1790445939.412,hud,speed,,,,,"7.0 / 5.6",7.040
1790445939.413,hud,heading,,,,,"237° / 82°",237.200
1790445939.413,hud,drift,,,,,"211.82%",211.820
1790445939.413,hud,turns,,,,,"✗ turns: 3/15",
1790445939.413,hud,calib_s,,,,,"✓ Buffer 6s",
1790445939.414,marker,gnss,52.37159700,-1.24225300,277.60,true,,
1790445939.414,marker,dr,52.37150404,-1.24247577,122.80,true,,
1790445939.415,marker,reconciled,0.00000000,0.00000000,0.00,false,,
1790445939.461,hud,speed,,,,,"7.1 / 5.6",7.090
1790445939.461,hud,heading,,,,,"238° / 82°",237.500
1790445939.461,hud,drift,,,,,"212.23%",212.230
1790445939.461,hud,turns,,,,,"✗ turns: 3/15",
1790445939.462,hud,calib_s,,,,,"✓ Buffer 6s",
1790445939.462,marker,gnss,52.37159700,-1.24225300,277.60,true,,
1790445939.463,marker,dr,52.37150115,-1.24248515,122.50,true,,
1790445939.463,marker,reconciled,0.00000000,0.00000000,0.00,false,,
1790445939.514,hud,speed,,,,,"7.0 / 5.6",7.040
1790445939.515,hud,heading,,,,,"237° / 82°",237.300
1790445939.515,hud,drift,,,,,"212.58%",212.580
1790445939.515,hud,turns,,,,,"✗ turns: 3/15",
1790445939.515,hud,calib_s,,,,,"✓ Buffer 6s",
1790445939.516,marker,gnss,52.37159700,-1.24225300,277.60,true,,
1790445939.516,marker,dr,52.37149831,-1.24249439,122.70,true,,
1790445939.516,marker,reconciled,0.00000000,0.00000000,0.00,false,,
1790445939.568,hud,speed,,,,,"7.1 / 5.6",7.070
1790445939.568,hud,heading,,,,,"237° / 82°",237.300
1790445939.569,hud,drift,,,,,"212.92%",212.920
1790445939.569,hud,turns,,,,,"✗ turns: 3/15",
1790445939.569,hud,calib_s,,,,,"✓ Buffer 6s",
1790445939.569,marker,gnss,52.37159700,-1.24225300,277.60,true,,
1790445939.570,marker,dr,52.37149541,-1.24250361,122.70,true,,
1790445939.571,marker,reconciled,0.00000000,0.00000000,0.00,false,,
1790445939.613,hud,speed,,,,,"7.0 / 5.6",7.010
1790445939.614,hud,heading,,,,,"237° / 82°",236.700
1790445939.614,hud,drift,,,,,"213.21%",213.210
1790445939.614,hud,turns,,,,,"✗ turns: 3/15",
1790445939.615,hud,calib_s,,,,,"✓ Buffer 6s",
1790445939.615,marker,gnss,52.37159700,-1.24225300,277.60,true,,
1790445939.616,marker,dr,52.37149255,-1.24251267,123.30,true,,
1790445939.616,marker,reconciled,0.00000000,0.00000000,0.00,false,,
1790445939.670,hud,speed,,,,,"6.9 / 5.6",6.860
1790445939.670,hud,heading,,,,,"237° / 82°",237.000
1790445939.671,hud,drift,,,,,"213.41%",213.410
1790445939.671,hud,turns,,,,,"✗ turns: 3/15",
1790445939.671,hud,calib_s,,,,,"✓ Buffer 6s",
1790445939.672,marker,gnss,52.37159700,-1.24225300,277.60,true,,
1790445939.672,marker,dr,52.37148989,-1.24252178,123.00,true,,
1790445939.672,marker,reconciled,0.00000000,0.00000000,0.00,false,,
1790445939.717,hud,speed,,,,,"6.9 / 5.6",6.890
1790445939.717,hud,heading,,,,,"237° / 82°",237.000
1790445939.717,hud,drift,,,,,"213.63%",213.630
1790445939.718,hud,turns,,,,,"✗ turns: 3/15",
1790445939.718,hud,calib_s,,,,,"✓ Buffer 6s",
1790445939.718,marker,gnss,52.37159700,-1.24225300,277.60,true,,
1790445939.719,marker,dr,52.37148721,-1.24253092,123.00,true,,
1790445939.719,marker,reconciled,0.00000000,0.00000000,0.00,false,,
1790445939.772,hud,speed,,,,,"7.1 / 5.6",7.120
1790445939.772,hud,heading,,,,,"237° / 82°",236.600
1790445939.772,hud,drift,,,,,"213.94%",213.940
1790445939.772,hud,turns,,,,,"✗ turns: 3/15",
1790445939.773,hud,calib_s,,,,,"✓ Buffer 6s",
1790445939.773,marker,gnss,52.37159700,-1.24225300,277.60,true,,
1790445939.774,marker,dr,52.37148425,-1.24254032,123.40,true,,
1790445939.774,marker,reconciled,0.00000000,0.00000000,0.00,false,,
1790445939.817,hud,speed,,,,,"7.2 / 5.6",7.220
1790445939.817,hud,heading,,,,,"236° / 82°",236.400
1790445939.817,hud,drift,,,,,"214.29%",214.290
1790445939.817,hud,turns,,,,,"✗ turns: 3/15",
1790445939.818,hud,calib_s,,,,,"✓ Buffer 6s",
1790445939.818,marker,gnss,52.37159700,-1.24225300,277.60,true,,
1790445939.819,marker,dr,52.37148140,-1.24254976,123.60,true,,
1790445939.819,marker,reconciled,0.00000000,0.00000000,0.00,false,,
1790445939.874,hud,speed,,,,,"7.2 / 5.6",7.150
1790445939.875,hud,heading,,,,,"237° / 82°",236.700
1790445939.875,hud,drift,,,,,"214.59%",214.590
1790445939.875,hud,turns,,,,,"✗ turns: 3/15",
1790445939.876,hud,calib_s,,,,,"✓ Buffer 6s",
1790445939.876,marker,gnss,52.37159700,-1.24225300,277.60,true,,
1790445939.877,marker,dr,52.37147869,-1.24255931,123.30,true,,
1790445939.877,marker,reconciled,0.00000000,0.00000000,0.00,false,,
1790445939.923,hud,speed,,,,,"7.2 / 5.6",7.210
1790445939.923,hud,heading,,,,,"237° / 82°",237.000
1790445939.923,hud,drift,,,,,"214.90%",214.900
1790445939.924,hud,turns,,,,,"✗ turns: 3/15",
1790445939.924,hud,calib_s,,,,,"✓ Buffer 6s",
1790445939.924,marker,gnss,52.37159700,-1.24225300,277.60,true,,
1790445939.925,marker,dr,52.37147582,-1.24256893,123.00,true,,
1790445939.925,marker,reconciled,0.00000000,0.00000000,0.00,false,,
1790445939.978,hud,speed,,,,,"7.4 / 5.6",7.350
1790445939.978,hud,heading,,,,,"237° / 82°",237.000
1790445939.979,hud,drift,,,,,"215.26%",215.260
1790445939.979,hud,turns,,,,,"✗ turns: 3/15",
1790445939.979,hud,calib_s,,,,,"✓ Buffer 6s",
1790445939.980,marker,gnss,52.37159700,-1.24225300,277.60,true,,
1790445939.980,marker,dr,52.37147290,-1.24257862,123.00,true,,
1790445939.981,marker,reconciled,0.00000000,0.00000000,0.00,false,,
1790445940.026,hud,speed,,,,,"7.5 / 5.6",7.500
1790445940.026,hud,heading,,,,,"237° / 82°",237.000
1790445940.027,hud,drift,,,,,"215.66%",215.660
1790445940.027,hud,turns,,,,,"✗ turns: 3/15",
1790445940.027,hud,calib_s,,,,,"✓ Buffer 6s",
1790445940.027,marker,gnss,52.37159700,-1.24225300,277.60,true,,
1790445940.028,marker,dr,52.37146993,-1.24258840,123.00,true,,
1790445940.028,marker,reconciled,0.00000000,0.00000000,0.00,false,,
1790445940.080,hud,speed,,,,,"7.3 / 5.6",7.340
1790445940.080,hud,heading,,,,,"237° / 82°",236.800
1790445940.080,hud,drift,,,,,"215.97%",215.970
1790445940.080,hud,turns,,,,,"✗ turns: 3/15",
1790445940.081,hud,calib_s,,,,,"✓ Buffer 6s",
1790445940.081,marker,gnss,52.37159700,-1.24225300,277.60,true,,
1790445940.082,marker,dr,52.37146693,-1.24259801,123.20,true,,
1790445940.082,marker,reconciled,0.00000000,0.00000000,0.00,false,,
1790445940.128,hud,speed,,,,,"7.3 / 5.6",7.280
1790445940.128,hud,heading,,,,,"237° / 82°",236.700
1790445940.128,hud,drift,,,,,"216.24%",216.240
1790445940.129,hud,turns,,,,,"✗ turns: 3/15",
1790445940.129,hud,calib_s,,,,,"✓ Buffer 6s",
1790445940.129,marker,gnss,52.37159700,-1.24225300,277.60,true,,
1790445940.130,marker,dr,52.37146388,-1.24260750,123.30,true,,
1790445940.130,marker,reconciled,0.00000000,0.00000000,0.00,false,,
1790445940.182,hud,speed,,,,,"7.3 / 5.6",7.250
1790445940.183,hud,heading,,,,,"237° / 82°",236.800
1790445940.183,hud,drift,,,,,"216.48%",216.480
1790445940.184,hud,turns,,,,,"✗ turns: 3/15",
1790445940.184,hud,calib_s,,,,,"✓ Buffer 6s",
1790445940.184,marker,gnss,52.37159700,-1.24225300,277.60,true,,
1790445940.185,marker,dr,52.37146082,-1.24261691,123.20,true,,
1790445940.185,marker,reconciled,0.00000000,0.00000000,0.00,false,,
1790445940.228,hud,speed,,,,,"7.3 / 5.6",7.310
1790445940.229,hud,heading,,,,,"237° / 82°",236.700
1790445940.229,hud,drift,,,,,"216.74%",216.740
1790445940.229,hud,turns,,,,,"✗ turns: 3/15",
1790445940.229,hud,calib_s,,,,,"✓ Buffer 6s",
1790445940.230,marker,gnss,52.37159700,-1.24225300,277.60,true,,
1790445940.230,marker,dr,52.37145776,-1.24262643,123.30,true,,
1790445940.231,marker,reconciled,0.00000000,0.00000000,0.00,false,,
1790445940.286,hud,speed,,,,,"7.3 / 5.6",7.330
1790445940.287,hud,heading,,,,,"237° / 82°",236.600
1790445940.287,hud,drift,,,,,"216.99%",216.990
1790445940.287,hud,turns,,,,,"✗ turns: 3/15",
1790445940.287,hud,calib_s,,,,,"✓ Buffer 6s",
1790445940.288,marker,gnss,52.37159700,-1.24225300,277.60,true,,
1790445940.288,marker,dr,52.37145467,-1.24263596,123.40,true,,
1790445940.289,marker,reconciled,0.00000000,0.00000000,0.00,false,,
1790445940.331,hud,speed,,,,,"7.5 / 5.6",7.490
1790445940.331,hud,heading,,,,,"237° / 82°",236.800
1790445940.331,hud,drift,,,,,"217.30%",217.300
1790445940.332,hud,turns,,,,,"✗ turns: 3/15",
1790445940.332,hud,calib_s,,,,,"✓ Buffer 6s",
1790445940.332,marker,gnss,52.37159700,-1.24225300,277.60,true,,
1790445940.333,marker,dr,52.37145145,-1.24264575,123.20,true,,
1790445940.333,marker,reconciled,0.00000000,0.00000000,0.00,false,,
1790445940.386,hud,speed,,,,,"7.4 / 5.6",7.400
1790445940.387,hud,heading,,,,,"237° / 82°",237.100
1790445940.387,hud,drift,,,,,"217.55%",217.550
1790445940.387,hud,turns,,,,,"✗ turns: 3/15",
1790445940.387,hud,calib_s,,,,,"✓ Buffer 6s",
1790445940.388,marker,gnss,52.37159700,-1.24225300,277.60,true,,
1790445940.388,marker,dr,52.37144834,-1.24265535,122.90,true,,
1790445940.389,marker,reconciled,0.00000000,0.00000000,0.00,false,,
1790445940.432,hud,speed,,,,,"7.5 / 5.6",7.510
1790445940.433,hud,heading,,,,,"237° / 82°",237.100
1790445940.433,hud,drift,,,,,"217.83%",217.830
1790445940.433,hud,turns,,,,,"✗ turns: 3/15",
1790445940.434,hud,calib_s,,,,,"✓ Buffer 6s",
1790445940.434,marker,gnss,52.37159700,-1.24225300,277.60,true,,
1790445940.435,marker,dr,52.37144517,-1.24266497,122.90,true,,
1790445940.435,marker,reconciled,0.00000000,0.00000000,0.00,false,,
1790445940.487,hud,speed,,,,,"7.5 / 5.6",7.510
1790445940.488,hud,heading,,,,,"237° / 82°",237.400
1790445940.488,hud,drift,,,,,"218.09%",218.090
1790445940.488,hud,turns,,,,,"✗ turns: 3/15",
1790445940.489,hud,calib_s,,,,,"✓ Buffer 6s",
1790445940.489,marker,gnss,52.37159700,-1.24225300,277.60,true,,
1790445940.490,marker,dr,52.37144200,-1.24267469,122.60,true,,
1790445940.490,marker,reconciled,0.00000000,0.00000000,0.00,false,,
1790445940.536,hud,speed,,,,,"7.8 / 5.6",7.750
1790445940.537,hud,heading,,,,,"238° / 82°",237.600
1790445940.537,hud,drift,,,,,"218.44%",218.440
1790445940.537,hud,turns,,,,,"✗ turns: 3/15",
1790445940.537,hud,calib_s,,,,,"✓ Buffer 6s",
1790445940.538,marker,gnss,52.37159700,-1.24225300,277.60,true,,
1790445940.538,marker,dr,52.37143877,-1.24268476,122.40,true,,
1790445940.539,marker,reconciled,0.00000000,0.00000000,0.00,false,,
1790445940.589,hud,speed,,,,,"7.7 / 5.6",7.660
1790445940.589,hud,heading,,,,,"238° / 82°",237.500
1790445940.589,hud,drift,,,,,"218.74%",218.740
1790445940.590,hud,turns,,,,,"✗ turns: 3/15",
1790445940.590,hud,calib_s,,,,,"✓ Buffer 6s",
1790445940.590,marker,gnss,52.37159700,-1.24225300,277.60,true,,
1790445940.591,marker,dr,52.37143547,-1.24269474,122.50,true,,
1790445940.591,marker,reconciled,0.00000000,0.00000000,0.00,false,,
1790445940.637,hud,speed,,,,,"7.8 / 5.6",7.800
1790445940.637,hud,heading,,,,,"237° / 82°",237.100
1790445940.637,hud,drift,,,,,"219.07%",219.070
1790445940.638,hud,turns,,,,,"✗ turns: 3/15",
1790445940.638,hud,calib_s,,,,,"✓ Buffer 6s",
1790445940.638,marker,gnss,52.37159700,-1.24225300,277.60,true,,
1790445940.639,marker,dr,52.37143210,-1.24270478,122.90,true,,
1790445940.639,marker,reconciled,0.00000000,0.00000000,0.00,false,,
1790445940.694,hud,speed,,,,,"7.7 / 5.6",7.740
1790445940.694,hud,heading,,,,,"237° / 82°",237.100
1790445940.694,hud,drift,,,,,"219.37%",219.370
1790445940.695,hud,turns,,,,,"✗ turns: 3/15",
1790445940.695,hud,calib_s,,,,,"✓ Buffer 6s",
1790445940.695,marker,gnss,52.37159700,-1.24225300,277.60,true,,
1790445940.696,marker,dr,52.37142882,-1.24271481,122.90,true,,
1790445940.696,marker,reconciled,0.00000000,0.00000000,0.00,false,,
1790445940.742,hud,speed,,,,,"7.9 / 5.6",7.940
1790445940.743,hud,heading,,,,,"237° / 82°",237.300
1790445940.743,hud,drift,,,,,"219.73%",219.730
1790445940.743,hud,turns,,,,,"✗ turns: 3/15",
1790445940.744,hud,calib_s,,,,,"✓ Buffer 6s",
1790445940.744,marker,gnss,52.37159700,-1.24225300,277.60,true,,
1790445940.744,marker,dr,52.37142542,-1.24272507,122.70,true,,
1790445940.745,marker,reconciled,0.00000000,0.00000000,0.00,false,,
1790445940.798,hud,speed,,,,,"8.0 / 5.6",7.990
1790445940.798,hud,heading,,,,,"237° / 82°",237.000
1790445940.799,hud,drift,,,,,"220.09%",220.090
1790445940.799,hud,turns,,,,,"✗ turns: 3/15",
1790445940.799,hud,calib_s,,,,,"✓ Buffer 6s",
1790445940.800,marker,gnss,52.37159700,-1.24225300,277.60,true,,
1790445940.800,marker,dr,52.37142193,-1.24273533,123.00,true,,
1790445940.800,marker,reconciled,0.00000000,0.00000000,0.00,false,,
1790445940.843,hud,speed,,,,,"7.9 / 5.6",7.940
1790445940.844,hud,heading,,,,,"237° / 82°",237.100
1790445940.844,hud,drift,,,,,"220.41%",220.410
1790445940.844,hud,turns,,,,,"✗ turns: 3/15",
1790445940.844,hud,calib_s,,,,,"✓ Buffer 6s",
1790445940.845,marker,gnss,52.37159700,-1.24225300,277.60,true,,
1790445940.845,marker,dr,52.37141843,-1.24274536,122.90,true,,
1790445940.845,marker,reconciled,0.00000000,0.00000000,0.00,false,,
1790445940.896,hud,speed,,,,,"7.8 / 5.6",7.780
1790445940.897,hud,heading,,,,,"237° / 82°",237.200
1790445940.897,hud,drift,,,,,"220.67%",220.670
1790445940.897,hud,turns,,,,,"✗ turns: 3/15",
1790445940.897,hud,calib_s,,,,,"✓ Buffer 6s",
1790445940.898,marker,gnss,52.37159700,-1.24225300,277.60,true,,
1790445940.898,marker,dr,52.37141486,-1.24275532,122.80,true,,
1790445940.899,marker,reconciled,0.00000000,0.00000000,0.00,false,,
1790445940.942,hud,speed,,,,,"8.0 / 5.6",7.950
1790445940.942,hud,heading,,,,,"238° / 82°",237.500
1790445940.943,hud,drift,,,,,"220.95%",220.950
1790445940.943,hud,turns,,,,,"✗ turns: 3/15",
1790445940.943,hud,calib_s,,,,,"✓ Buffer 6s",
1790445940.944,marker,gnss,52.37159700,-1.24225300,277.60,true,,
1790445940.944,marker,dr,52.37141120,-1.24276521,122.50,true,,
1790445940.944,marker,reconciled,0.00000000,0.00000000,0.00,false,,
1790445940.998,hud,speed,,,,,"8.0 / 5.6",8.030
1790445940.999,hud,heading,,,,,"238° / 82°",237.600
1790445940.999,hud,drift,,,,,"221.26%",221.260
1790445940.999,hud,turns,,,,,"✗ turns: 3/15",
1790445941.000,hud,calib_s,,,,,"✓ Buffer 6s",
1790445941.000,marker,gnss,52.37159700,-1.24225300,277.60,true,,
1790445941.001,marker,dr,52.37140745,-1.24277526,122.40,true,,
1790445941.001,marker,reconciled,0.00000000,0.00000000,0.00,false,,
1790445941.045,hud,speed,,,,,"8.4 / 5.6",8.360
1790445941.045,hud,heading,,,,,"238° / 82°",237.700
1790445941.045,hud,drift,,,,,"221.64%",221.640
1790445941.045,hud,turns,,,,,"✗ turns: 3/15",
1790445941.045,hud,calib_s,,,,,"✓ Buffer 6s",
1790445941.046,marker,gnss,52.37159700,-1.24225300,277.60,true,,
1790445941.046,marker,dr,52.37140340,-1.24278574,122.30,true,,
1790445941.047,marker,reconciled,0.00000000,0.00000000,0.00,false,,
1790445941.100,hud,speed,,,,,"8.2 / 5.6",8.220
1790445941.100,hud,heading,,,,,"238° / 82°",237.700
1790445941.101,hud,drift,,,,,"221.97%",221.970
1790445941.101,hud,turns,,,,,"✗ turns: 3/15",
1790445941.101,hud,calib_s,,,,,"✓ Buffer 6s",
1790445941.102,marker,gnss,52.37159700,-1.24225300,277.60,true,,
1790445941.102,marker,dr,52.37139935,-1.24279585,122.30,true,,
1790445941.103,marker,reconciled,0.00000000,0.00000000,0.00,false,,
1790445941.147,hud,speed,,,,,"8.3 / 5.6",8.250
1790445941.148,hud,heading,,,,,"237° / 82°",237.400
1790445941.148,hud,drift,,,,,"222.28%",222.280
1790445941.148,hud,turns,,,,,"✗ turns: 3/15",
1790445941.148,hud,calib_s,,,,,"✓ Buffer 6s",
1790445941.149,marker,gnss,52.37159700,-1.24225300,277.60,true,,
1790445941.149,marker,dr,52.37139521,-1.24280574,122.60,true,,
1790445941.149,marker,reconciled,0.00000000,0.00000000,0.00,false,,
1790445941.201,hud,speed,,,,,"8.1 / 5.6",8.110
1790445941.202,hud,heading,,,,,"237° / 82°",237.200
1790445941.202,hud,drift,,,,,"222.53%",222.530
1790445941.202,hud,turns,,,,,"✗ turns: 3/15",
1790445941.203,hud,calib_s,,,,,"✓ Buffer 6s",
1790445941.203,marker,gnss,52.37159700,-1.24225300,277.60,true,,
1790445941.204,marker,dr,52.37139100,-1.24281561,122.80,true,,
1790445941.204,marker,reconciled,0.00000000,0.00000000,0.00,false,,
1790445941.246,hud,speed,,,,,"8.1 / 5.6",8.110
1790445941.247,hud,heading,,,,,"237° / 82°",237.400
1790445941.247,hud,drift,,,,,"222.78%",222.780
1790445941.247,hud,turns,,,,,"✗ turns: 3/15",
1790445941.248,hud,calib_s,,,,,"✓ Buffer 6s",
1790445941.248,marker,gnss,52.37159700,-1.24225300,277.60,true,,
1790445941.248,marker,dr,52.37138682,-1.24282522,122.60,true,,
1790445941.249,marker,reconciled,0.00000000,0.00000000,0.00,false,,
1790445941.306,hud,speed,,,,,"8.1 / 5.6",8.070
1790445941.307,hud,heading,,,,,"238° / 82°",237.700
1790445941.307,hud,drift,,,,,"223.00%",223.000
1790445941.307,hud,turns,,,,,"✗ turns: 3/15",
1790445941.307,hud,calib_s,,,,,"✓ Buffer 6s",
1790445941.308,marker,gnss,52.37159700,-1.24225300,277.60,true,,
1790445941.308,marker,dr,52.37138257,-1.24283484,122.30,true,,
1790445941.308,marker,reconciled,0.00000000,0.00000000,0.00,false,,
1790445941.353,hud,speed,,,,,"8.1 / 5.6",8.110
1790445941.354,hud,heading,,,,,"238° / 82°",237.700
1790445941.354,hud,drift,,,,,"223.21%",223.210
1790445941.355,hud,turns,,,,,"✗ turns: 3/15",
1790445941.355,hud,calib_s,,,,,"✓ Buffer 6s",
1790445941.355,marker,gnss,52.37159700,-1.24225300,277.60,true,,
1790445941.356,marker,dr,52.37137811,-1.24284431,122.30,true,,
1790445941.357,marker,reconciled,0.00000000,0.00000000,0.00,false,,
1790445941.404,hud,speed,,,,,"8.1 / 5.6",8.070
1790445941.404,hud,heading,,,,,"238° / 82°",237.700
1790445941.404,hud,drift,,,,,"223.41%",223.410
1790445941.404,hud,turns,,,,,"✗ turns: 3/15",
1790445941.405,hud,calib_s,,,,,"✓ Buffer 6s",
1790445941.405,marker,gnss,52.37159700,-1.24225300,277.60,true,,
1790445941.405,marker,dr,52.37137362,-1.24285367,122.30,true,,
1790445941.405,marker,reconciled,0.00000000,0.00000000,0.00,false,,
1790445941.452,hud,speed,,,,,"8.1 / 5.6",8.050
1790445941.453,hud,heading,,,,,"238° / 82°",237.800
1790445941.453,hud,drift,,,,,"223.59%",223.590
1790445941.453,hud,turns,,,,,"✗ turns: 3/15",
1790445941.453,hud,calib_s,,,,,"✓ Buffer 6s",
1790445941.454,marker,gnss,52.37159700,-1.24225300,277.60,true,,
1790445941.454,marker,dr,52.37136907,-1.24286307,122.20,true,,
1790445941.455,marker,reconciled,0.00000000,0.00000000,0.00,false,,
1790445941.508,hud,speed,,,,,"7.9 / 5.6",7.920
1790445941.509,hud,heading,,,,,"238° / 82°",238.000
1790445941.509,hud,drift,,,,,"223.72%",223.720
1790445941.509,hud,turns,,,,,"✗ turns: 3/15",
1790445941.510,hud,calib_s,,,,,"✓ Buffer 6s",
1790445941.510,marker,gnss,52.37159700,-1.24225300,277.60,true,,
1790445941.511,marker,dr,52.37136462,-1.24287205,122.00,true,,
1790445941.511,marker,reconciled,0.00000000,0.00000000,0.00,false,,
1790445941.558,hud,speed,,,,,"7.9 / 5.6",7.850
1790445941.558,hud,heading,,,,,"238° / 82°",238.200
1790445941.559,hud,drift,,,,,"223.83%",223.830
1790445941.559,hud,turns,,,,,"✗ turns: 3/15",
1790445941.559,hud,calib_s,,,,,"✓ Buffer 6s",
1790445941.559,marker,gnss,52.37159700,-1.24225300,277.60,true,,
1790445941.560,marker,dr,52.37135996,-1.24288095,121.80,true,,
1790445941.560,marker,reconciled,0.00000000,0.00000000,0.00,false,,
1790445941.611,hud,speed,,,,,"7.8 / 5.6",7.770
1790445941.612,hud,heading,,,,,"238° / 82°",238.100
1790445941.612,hud,drift,,,,,"223.90%",223.900
1790445941.613,hud,turns,,,,,"✗ turns: 3/15",
1790445941.613,hud,calib_s,,,,,"✓ Buffer 6s",
1790445941.613,marker,gnss,52.37159700,-1.24225300,277.60,true,,
1790445941.614,marker,dr,52.37135536,-1.24288951,121.90,true,,
1790445941.614,marker,reconciled,0.00000000,0.00000000,0.00,false,,
1790445941.656,hud,speed,,,,,"7.8 / 5.6",7.780
1790445941.657,hud,heading,,,,,"238° / 82°",238.000
1790445941.657,hud,drift,,,,,"223.96%",223.960
1790445941.657,hud,turns,,,,,"✗ turns: 3/15",
1790445941.657,hud,calib_s,,,,,"✓ Buffer 6s",
1790445941.658,marker,gnss,52.37159700,-1.24225300,277.60,true,,
1790445941.658,marker,dr,52.37135060,-1.24289812,122.00,true,,
1790445941.659,marker,reconciled,0.00000000,0.00000000,0.00,false,,
1790445941.715,hud,speed,,,,,"7.8 / 5.6",7.750
1790445941.715,hud,heading,,,,,"238° / 82°",237.900
1790445941.716,hud,drift,,,,,"224.02%",224.020
1790445941.716,hud,turns,,,,,"✗ turns: 3/15",
1790445941.716,hud,calib_s,,,,,"✓ Buffer 6s",
1790445941.717,marker,gnss,52.37159700,-1.24225300,277.60,true,,
1790445941.717,marker,dr,52.37134595,-1.24290652,122.10,true,,
1790445941.718,marker,reconciled,0.00000000,0.00000000,0.00,false,,
1790445941.762,hud,speed,,,,,"7.8 / 5.6",7.780
1790445941.762,hud,heading,,,,,"238° / 82°",238.000
1790445941.763,hud,drift,,,,,"224.08%",224.080
1790445941.763,hud,turns,,,,,"✗ turns: 3/15",
1790445941.763,hud,calib_s,,,,,"✓ Buffer 6s",
1790445941.764,marker,gnss,52.37159700,-1.24225300,277.60,true,,
1790445941.764,marker,dr,52.37134119,-1.24291514,122.00,true,,
1790445941.764,marker,reconciled,0.00000000,0.00000000,0.00,false,,
1790445941.820,hud,speed,,,,,"7.8 / 5.6",7.780
1790445941.820,hud,heading,,,,,"238° / 82°",237.900
1790445941.821,hud,drift,,,,,"224.14%",224.140
1790445941.821,hud,turns,,,,,"✗ turns: 3/15",
1790445941.821,hud,calib_s,,,,,"✓ Buffer 6s",
1790445941.821,marker,gnss,52.37159700,-1.24225300,277.60,true,,
1790445941.822,marker,dr,52.37133654,-1.24292374,122.10,true,,
1790445941.822,marker,reconciled,0.00000000,0.00000000,0.00,false,,
1790445941.862,hud,speed,,,,,"7.7 / 5.6",7.720
1790445941.862,hud,heading,,,,,"238° / 82°",237.900
1790445941.862,hud,drift,,,,,"224.19%",224.190
1790445941.863,hud,turns,,,,,"✗ turns: 3/15",
1790445941.863,hud,calib_s,,,,,"✓ Buffer 6s",
1790445941.863,marker,gnss,52.37159700,-1.24225300,277.60,true,,
1790445941.864,marker,dr,52.37133195,-1.24293216,122.10,true,,
1790445941.864,marker,reconciled,0.00000000,0.00000000,0.00,false,,
1790445941.917,hud,speed,,,,,"7.6 / 5.6",7.610
1790445941.918,hud,heading,,,,,"238° / 82°",238.000
1790445941.918,hud,drift,,,,,"224.22%",224.220
1790445941.919,hud,turns,,,,,"✗ turns: 3/15",
1790445941.919,hud,calib_s,,,,,"✓ Buffer 6s",
1790445941.919,marker,gnss,52.37159700,-1.24225300,277.60,true,,
1790445941.920,marker,dr,52.37132744,-1.24294063,122.00,true,,
1790445941.920,marker,reconciled,0.00000000,0.00000000,0.00,false,,
1790445941.964,hud,speed,,,,,"7.6 / 5.6",7.630
1790445941.965,hud,heading,,,,,"238° / 82°",238.100
1790445941.965,hud,drift,,,,,"224.26%",224.260
1790445941.965,hud,turns,,,,,"✗ turns: 3/15",
1790445941.965,hud,calib_s,,,,,"✓ Buffer 6s",
1790445941.965,marker,gnss,52.37159700,-1.24225300,277.60,true,,
1790445941.966,marker,dr,52.37132297,-1.24294921,121.90,true,,
1790445941.966,marker,reconciled,0.00000000,0.00000000,0.00,false,,
1790445942.021,hud,speed,,,,,"7.5 / 5.6",7.540
1790445942.022,hud,heading,,,,,"238° / 82°",237.900
1790445942.022,hud,drift,,,,,"224.28%",224.280
1790445942.022,hud,turns,,,,,"✗ turns: 3/15",
1790445942.022,hud,calib_s,,,,,"✓ Buffer 6s",
1790445942.023,marker,gnss,52.37159700,-1.24225300,277.60,true,,
1790445942.023,marker,dr,52.37131859,-1.24295782,122.10,true,,
1790445942.024,marker,reconciled,0.00000000,0.00000000,0.00,false,,
1790445942.070,hud,speed,,,,,"7.5 / 5.6",7.540
1790445942.071,hud,heading,,,,,"238° / 82°",237.700
1790445942.071,hud,drift,,,,,"224.30%",224.300
1790445942.071,hud,turns,,,,,"✗ turns: 3/15",
1790445942.071,hud,calib_s,,,,,"✓ Buffer 6s",
1790445942.072,marker,gnss,52.37159700,-1.24225300,277.60,true,,
1790445942.072,marker,dr,52.37131431,-1.24296641,122.30,true,,
1790445942.073,marker,reconciled,0.00000000,0.00000000,0.00,false,,
1790445942.125,hud,speed,,,,,"7.6 / 5.6",7.600
1790445942.125,hud,heading,,,,,"238° / 82°",237.500
1790445942.126,hud,drift,,,,,"224.34%",224.340
1790445942.126,hud,turns,,,,,"✗ turns: 3/15",
1790445942.126,hud,calib_s,,,,,"✓ Buffer 6s",
1790445942.127,marker,gnss,52.37159700,-1.24225300,277.60,true,,
1790445942.127,marker,dr,52.37131011,-1.24297520,122.50,true,,
1790445942.128,marker,reconciled,0.00000000,0.00000000,0.00,false,,
1790445942.173,hud,speed,,,,,"7.6 / 5.6",7.610
1790445942.173,hud,heading,,,,,"237° / 82°",237.400
1790445942.173,hud,drift,,,,,"224.40%",224.400
1790445942.174,hud,turns,,,,,"✗ turns: 3/15",
1790445942.174,hud,calib_s,,,,,"✓ Buffer 6s",
1790445942.175,marker,gnss,52.37159700,-1.24225300,277.60,true,,
1790445942.175,marker,dr,52.37130608,-1.24298420,122.60,true,,
1790445942.175,marker,reconciled,0.00000000,0.00000000,0.00,false,,
1790445942.234,hud,speed,,,,,"7.6 / 5.6",7.590
1790445942.235,hud,heading,,,,,"238° / 82°",237.600
1790445942.235,hud,drift,,,,,"224.47%",224.470
1790445942.235,hud,turns,,,,,"✗ turns: 3/15",
1790445942.235,hud,calib_s,,,,,"✓ Buffer 6s",
1790445942.236,marker,gnss,52.37159700,-1.24225300,277.60,true,,
1790445942.236,marker,dr,52.37130223,-1.24299341,122.40,true,,
1790445942.236,marker,reconciled,0.00000000,0.00000000,0.00,false,,
1790445942.281,hud,speed,,,,,"7.6 / 5.6",7.590
1790445942.282,hud,heading,,,,,"238° / 82°",237.600
1790445942.282,hud,drift,,,,,"224.54%",224.540
1790445942.283,hud,turns,,,,,"✗ turns: 3/15",
1790445942.283,hud,calib_s,,,,,"✓ Buffer 6s",
1790445942.284,marker,gnss,52.37159700,-1.24225300,277.60,true,,
1790445942.284,marker,dr,52.37129855,-1.24300266,122.40,true,,
1790445942.285,marker,reconciled,0.00000000,0.00000000,0.00,false,,
1790445942.347,hud,speed,,,,,"7.5 / 5.6",7.510
1790445942.347,hud,heading,,,,,"238° / 82°",237.500
1790445942.348,hud,drift,,,,,"224.60%",224.600
1790445942.348,hud,turns,,,,,"✗ turns: 3/15",
1790445942.348,hud,calib_s,,,,,"✓ Buffer 6s",
1790445942.349,marker,gnss,52.37159700,-1.24225300,277.60,true,,
1790445942.350,marker,dr,52.37129501,-1.24301205,122.50,true,,
1790445942.350,marker,reconciled,0.00000000,0.00000000,0.00,false,,
1790445942.391,hud,speed,,,,,"7.5 / 5.6",7.500
1790445942.392,hud,heading,,,,,"238° / 82°",237.500
1790445942.392,hud,drift,,,,,"224.66%",224.660
1790445942.392,hud,turns,,,,,"✗ turns: 3/15",
1790445942.392,hud,calib_s,,,,,"✓ Buffer 6s",
1790445942.393,marker,gnss,52.37159700,-1.24225300,277.60,true,,
1790445942.393,marker,dr,52.37129161,-1.24302168,122.50,true,,
1790445942.393,marker,reconciled,0.00000000,0.00000000,0.00,false,,
1790445942.434,hud,speed,,,,,"7.5 / 5.6",7.500
1790445942.435,hud,heading,,,,,"237° / 82°",237.400
1790445942.435,hud,drift,,,,,"224.73%",224.730
1790445942.435,hud,turns,,,,,"✗ turns: 3/15",
1790445942.435,hud,calib_s,,,,,"✓ Buffer 6s",
1790445942.436,marker,gnss,52.37159700,-1.24225300,277.60,true,,
1790445942.436,marker,dr,52.37128843,-1.24303128,122.60,true,,
1790445942.436,marker,reconciled,0.00000000,0.00000000,0.00,false,,
1790445942.493,hud,speed,,,,,"7.5 / 5.6",7.500
1790445942.493,hud,heading,,,,,"238° / 82°",237.600
1790445942.493,hud,drift,,,,,"224.81%",224.810
1790445942.494,hud,turns,,,,,"✗ turns: 3/15",
1790445942.494,hud,calib_s,,,,,"✓ Buffer 6s",
1790445942.494,marker,gnss,52.37159700,-1.24225300,277.60,true,,
1790445942.495,marker,dr,52.37128541,-1.24304114,122.40,true,,
1790445942.495,marker,reconciled,0.00000000,0.00000000,0.00,false,,
1790445942.526,hud,speed,,,,,"7.4 / 5.6",7.350
1790445942.527,hud,heading,,,,,"238° / 82°",237.800
1790445942.527,hud,drift,,,,,"224.85%",224.850
1790445942.527,hud,turns,,,,,"✗ turns: 3/15",
1790445942.527,hud,calib_s,,,,,"✓ Buffer 6s",
1790445942.527,marker,gnss,52.37159700,-1.24225300,277.60,true,,
1790445942.528,marker,dr,52.37128263,-1.24305106,122.20,true,,
1790445942.528,marker,reconciled,0.00000000,0.00000000,0.00,false,,
1790445942.577,hud,speed,,,,,"7.3 / 5.6",7.280
1790445942.577,hud,heading,,,,,"238° / 95°",237.800
1790445942.577,hud,drift,,,,,"210.99%",210.990
1790445942.577,hud,turns,,,,,"✗ turns: 3/15",
1790445942.577,hud,calib_s,,,,,"✓ Buffer 6s",
1790445942.578,marker,gnss,52.37166200,-1.24143400,265.20,true,,
1790445942.578,marker,dr,52.37128008,-1.24306092,122.20,true,,
1790445942.579,marker,reconciled,0.00000000,0.00000000,0.00,false,,
1790445942.626,hud,speed,,,,,"7.2 / 5.6",7.200
1790445942.626,hud,heading,,,,,"238° / 95°",237.800
1790445942.627,hud,drift,,,,,"211.06%",211.060
1790445942.627,hud,turns,,,,,"✗ turns: 3/15",
1790445942.627,hud,calib_s,,,,,"✓ Buffer 6s",
1790445942.627,marker,gnss,52.37166200,-1.24143400,265.20,true,,
1790445942.628,marker,dr,52.37127767,-1.24307075,122.20,true,,
1790445942.628,marker,reconciled,0.00000000,0.00000000,0.00,false,,
1790445942.677,hud,speed,,,,,"7.3 / 5.6",7.290
1790445942.677,hud,heading,,,,,"238° / 95°",237.900
1790445942.678,hud,drift,,,,,"211.14%",211.140
1790445942.678,hud,turns,,,,,"✗ turns: 3/15",
1790445942.678,hud,calib_s,,,,,"✓ Buffer 6s",
1790445942.679,marker,gnss,52.37166200,-1.24143400,265.20,true,,
1790445942.679,marker,dr,52.37127536,-1.24308079,122.10,true,,
1790445942.679,marker,reconciled,0.00000000,0.00000000,0.00,false,,
1790445942.729,hud,speed,,,,,"7.3 / 5.6",7.260
1790445942.730,hud,heading,,,,,"238° / 95°",238.100
1790445942.730,hud,drift,,,,,"211.22%",211.220
1790445942.730,hud,turns,,,,,"✗ turns: 3/15",
1790445942.731,hud,calib_s,,,,,"✓ Buffer 6s",
1790445942.731,marker,gnss,52.37166200,-1.24143400,265.20,true,,
1790445942.732,marker,dr,52.37127316,-1.24309083,121.90,true,,
1790445942.732,marker,reconciled,0.00000000,0.00000000,0.00,false,,
1790445942.792,hud,speed,,,,,"7.3 / 5.6",7.270
1790445942.792,hud,heading,,,,,"238° / 95°",238.200
1790445942.793,hud,drift,,,,,"211.29%",211.290
1790445942.793,hud,turns,,,,,"✗ turns: 3/15",
1790445942.793,hud,calib_s,,,,,"✓ Buffer 6s",
1790445942.794,marker,gnss,52.37166200,-1.24143400,265.20,true,,
1790445942.794,marker,dr,52.37127108,-1.24310096,121.80,true,,
1790445942.795,marker,reconciled,0.00000000,0.00000000,0.00,false,,
1790445942.869,hud,speed,,,,,"7.3 / 5.6",7.280
1790445942.869,hud,heading,,,,,"238° / 95°",238.300
1790445942.870,hud,drift,,,,,"211.37%",211.370
1790445942.870,hud,turns,,,,,"✗ turns: 3/15",
1790445942.871,hud,calib_s,,,,,"✓ Buffer 6s",
1790445942.871,marker,gnss,52.37166200,-1.24143400,265.20,true,,
1790445942.872,marker,dr,52.37126910,-1.24311104,121.70,true,,
1790445942.872,marker,reconciled,0.00000000,0.00000000,0.00,false,,
1790445942.904,hud,speed,,,,,"7.3 / 5.6",7.260
1790445942.905,hud,heading,,,,,"238° / 95°",238.400
1790445942.905,hud,drift,,,,,"211.44%",211.440
1790445942.905,hud,turns,,,,,"✗ turns: 3/15",
1790445942.906,hud,calib_s,,,,,"✓ Buffer 6s",
1790445942.906,marker,gnss,52.37166200,-1.24143400,265.20,true,,
1790445942.907,marker,dr,52.37126713,-1.24312120,121.60,true,,
1790445942.908,marker,reconciled,0.00000000,0.00000000,0.00,false,,
1790445942.950,hud,speed,,,,,"7.4 / 5.6",7.430
1790445942.951,hud,heading,,,,,"238° / 95°",238.400
1790445942.951,hud,drift,,,,,"211.54%",211.540
1790445942.951,hud,turns,,,,,"✗ turns: 3/15",
1790445942.951,hud,calib_s,,,,,"✓ Buffer 6s",
1790445942.952,marker,gnss,52.37166200,-1.24143400,265.20,true,,
1790445942.952,marker,dr,52.37126510,-1.24313159,121.60,true,,
1790445942.953,marker,reconciled,0.00000000,0.00000000,0.00,false,,
1790445943.009,hud,speed,,,,,"7.6 / 5.6",7.580
1790445943.009,hud,heading,,,,,"238° / 95°",238.400
1790445943.010,hud,drift,,,,,"211.67%",211.670
1790445943.010,hud,turns,,,,,"✗ turns: 3/15",
1790445943.011,hud,calib_s,,,,,"✓ Buffer 6s",
1790445943.011,marker,gnss,52.37166200,-1.24143400,265.20,true,,
1790445943.012,marker,dr,52.37126304,-1.24314222,121.60,true,,
1790445943.013,marker,reconciled,0.00000000,0.00000000,0.00,false,,
1790445943.047,hud,speed,,,,,"7.5 / 5.6",7.490
1790445943.047,hud,heading,,,,,"238° / 95°",238.400
1790445943.048,hud,drift,,,,,"211.78%",211.780
1790445943.048,hud,turns,,,,,"✗ turns: 3/15",
1790445943.048,hud,calib_s,,,,,"✓ Buffer 6s",
1790445943.049,marker,gnss,52.37166200,-1.24143400,265.20,true,,
1790445943.049,marker,dr,52.37126102,-1.24315287,121.60,true,,
1790445943.050,marker,reconciled,0.00000000,0.00000000,0.00,false,,
1790445943.090,hud,speed,,,,,"7.6 / 5.6",7.570
1790445943.091,hud,heading,,,,,"238° / 95°",238.300
1790445943.091,hud,drift,,,,,"211.90%",211.900
1790445943.091,hud,turns,,,,,"✗ turns: 3/15",
1790445943.091,hud,calib_s,,,,,"✓ Buffer 6s",
1790445943.092,marker,gnss,52.37166200,-1.24143400,265.20,true,,
1790445943.093,marker,dr,52.37125901,-1.24316341,121.70,true,,
1790445943.093,marker,reconciled,0.00000000,0.00000000,0.00,false,,
1790445943.135,hud,speed,,,,,"7.7 / 5.6",7.730
1790445943.136,hud,heading,,,,,"238° / 95°",238.100
1790445943.136,hud,drift,,,,,"212.05%",212.050
1790445943.136,hud,turns,,,,,"✗ turns: 3/15",
1790445943.136,hud,calib_s,,,,,"✓ Buffer 6s",
1790445943.137,marker,gnss,52.37166200,-1.24143400,265.20,true,,
1790445943.137,marker,dr,52.37125690,-1.24317430,121.90,true,,
1790445943.137,marker,reconciled,0.00000000,0.00000000,0.00,false,,
1790445943.186,hud,speed,,,,,"7.8 / 5.6",7.780
1790445943.187,hud,heading,,,,,"238° / 95°",238.200
1790445943.187,hud,drift,,,,,"212.21%",212.210
1790445943.187,hud,turns,,,,,"✗ turns: 3/15",
1790445943.188,hud,calib_s,,,,,"✓ Buffer 6s",
1790445943.188,marker,gnss,52.37166200,-1.24143400,265.20,true,,
1790445943.188,marker,dr,52.37125487,-1.24318533,121.80,true,,
1790445943.189,marker,reconciled,0.00000000,0.00000000,0.00,false,,
1790445943.237,hud,speed,,,,,"8.0 / 5.6",8.020
1790445943.237,hud,heading,,,,,"238° / 95°",238.400
1790445943.237,hud,drift,,,,,"212.40%",212.400
1790445943.237,hud,turns,,,,,"✗ turns: 3/15",
1790445943.237,hud,calib_s,,,,,"✓ Buffer 6s",
1790445943.238,marker,gnss,52.37166200,-1.24143400,265.20,true,,
1790445943.238,marker,dr,52.37125267,-1.24319657,121.60,true,,
1790445943.239,marker,reconciled,0.00000000,0.00000000,0.00,false,,
1790445943.290,hud,speed,,,,,"8.2 / 5.6",8.190
1790445943.291,hud,heading,,,,,"239° / 95°",238.700
1790445943.291,hud,drift,,,,,"212.61%",212.610
1790445943.291,hud,turns,,,,,"✗ turns: 3/15",
1790445943.292,hud,calib_s,,,,,"✓ Buffer 6s",
1790445943.292,marker,gnss,52.37166200,-1.24143400,265.20,true,,
1790445943.292,marker,dr,52.37125044,-1.24320803,121.30,true,,
1790445943.293,marker,reconciled,0.00000000,0.00000000,0.00,false,,
1790445943.340,hud,speed,,,,,"8.2 / 5.6",8.170
1790445943.340,hud,heading,,,,,"239° / 95°",238.500
1790445943.341,hud,drift,,,,,"212.82%",212.820
1790445943.341,hud,turns,,,,,"✗ turns: 3/15",
1790445943.341,hud,calib_s,,,,,"✓ Buffer 6s",
1790445943.341,marker,gnss,52.37166200,-1.24143400,265.20,true,,
1790445943.342,marker,dr,52.37124822,-1.24321950,121.50,true,,
1790445943.342,marker,reconciled,0.00000000,0.00000000,0.00,false,,
1790445943.391,hud,speed,,,,,"8.3 / 5.6",8.280
1790445943.392,hud,heading,,,,,"238° / 95°",238.200
1790445943.392,hud,drift,,,,,"213.04%",213.040
1790445943.392,hud,turns,,,,,"✗ turns: 3/15",
1790445943.393,hud,calib_s,,,,,"✓ Buffer 6s",
1790445943.393,marker,gnss,52.37166200,-1.24143400,265.20,true,,
1790445943.394,marker,dr,52.37124590,-1.24323125,121.80,true,,
1790445943.395,marker,reconciled,0.00000000,0.00000000,0.00,false,,
1790445943.441,hud,speed,,,,,"8.4 / 5.6",8.360
1790445943.441,hud,heading,,,,,"238° / 95°",238.200
1790445943.441,hud,drift,,,,,"213.28%",213.280
1790445943.441,hud,turns,,,,,"✗ turns: 3/15",
1790445943.442,hud,calib_s,,,,,"✓ Buffer 6s",
1790445943.442,marker,gnss,52.37166200,-1.24143400,265.20,true,,
1790445943.442,marker,dr,52.37124356,-1.24324290,121.80,true,,
1790445943.443,marker,reconciled,0.00000000,0.00000000,0.00,false,,
1790445943.493,hud,speed,,,,,"8.5 / 5.6",8.510
1790445943.493,hud,heading,,,,,"238° / 95°",238.200
1790445943.493,hud,drift,,,,,"213.53%",213.530
1790445943.494,hud,turns,,,,,"✗ turns: 3/15",
1790445943.494,hud,calib_s,,,,,"✓ Buffer 6s",
1790445943.494,marker,gnss,52.37166200,-1.24143400,265.20,true,,
1790445943.495,marker,dr,52.37124102,-1.24325477,121.80,true,,
1790445943.495,marker,reconciled,0.00000000,0.00000000,0.00,false,,
1790445943.543,hud,speed,,,,,"8.6 / 5.6",8.640
1790445943.543,hud,heading,,,,,"238° / 95°",238.400
1790445943.543,hud,drift,,,,,"213.80%",213.800
1790445943.544,hud,turns,,,,,"✗ turns: 3/15",
1790445943.544,hud,calib_s,,,,,"✓ Buffer 6s",
1790445943.544,marker,gnss,52.37166200,-1.24143400,265.20,true,,
1790445943.545,marker,dr,52.37123827,-1.24326665,121.60,true,,
1790445943.545,marker,reconciled,0.00000000,0.00000000,0.00,false,,
1790445943.597,hud,speed,,,,,"8.7 / 5.6",8.700
1790445943.597,hud,heading,,,,,"238° / 95°",238.300
1790445943.598,hud,drift,,,,,"214.07%",214.070
1790445943.598,hud,turns,,,,,"✗ turns: 3/15",
1790445943.598,hud,calib_s,,,,,"✓ Buffer 6s",
1790445943.599,marker,gnss,52.37166200,-1.24143400,265.20,true,,
1790445943.599,marker,dr,52.37123540,-1.24327858,121.70,true,,
1790445943.600,marker,reconciled,0.00000000,0.00000000,0.00,false,,
1790445943.644,hud,speed,,,,,"8.8 / 5.6",8.780
1790445943.645,hud,heading,,,,,"238° / 95°",238.400
1790445943.645,hud,drift,,,,,"214.35%",214.350
1790445943.645,hud,turns,,,,,"✗ turns: 3/15",
1790445943.645,hud,calib_s,,,,,"✓ Buffer 6s",
1790445943.645,marker,gnss,52.37166200,-1.24143400,265.20,true,,
1790445943.646,marker,dr,52.37123242,-1.24329069,121.60,true,,
1790445943.646,marker,reconciled,0.00000000,0.00000000,0.00,false,,
1790445943.695,hud,speed,,,,,"8.9 / 5.6",8.880
1790445943.695,hud,heading,,,,,"238° / 95°",238.400
1790445943.695,hud,drift,,,,,"214.63%",214.630
1790445943.696,hud,turns,,,,,"✗ turns: 3/15",
1790445943.696,hud,calib_s,,,,,"✓ Buffer 6s",
1790445943.696,marker,gnss,52.37166200,-1.24143400,265.20,true,,
1790445943.697,marker,dr,52.37122936,-1.24330262,121.60,true,,
1790445943.697,marker,reconciled,0.00000000,0.00000000,0.00,false,,
1790445943.745,hud,speed,,,,,"8.9 / 5.6",8.930
1790445943.745,hud,heading,,,,,"238° / 95°",238.400
1790445943.746,hud,drift,,,,,"214.92%",214.920
1790445943.746,hud,turns,,,,,"✗ turns: 3/15",
1790445943.746,hud,calib_s,,,,,"✓ Buffer 6s",
1790445943.747,marker,gnss,52.37166200,-1.24143400,265.20,true,,
1790445943.747,marker,dr,52.37122613,-1.24331480,121.60,true,,
1790445943.748,marker,reconciled,0.00000000,0.00000000,0.00,false,,
1790445943.796,hud,speed,,,,,"9.0 / 5.6",8.990
1790445943.796,hud,heading,,,,,"239° / 95°",238.500
1790445943.796,hud,drift,,,,,"215.20%",215.200
1790445943.797,hud,turns,,,,,"✗ turns: 3/15",
1790445943.797,hud,calib_s,,,,,"✓ Buffer 6s",
1790445943.797,marker,gnss,52.37166200,-1.24143400,265.20,true,,
1790445943.798,marker,dr,52.37122284,-1.24332671,121.50,true,,
1790445943.799,marker,reconciled,0.00000000,0.00000000,0.00,false,,
1790445943.849,hud,speed,,,,,"9.0 / 5.6",9.030
1790445943.850,hud,heading,,,,,"239° / 95°",238.500
1790445943.850,hud,drift,,,,,"215.49%",215.490
1790445943.850,hud,turns,,,,,"✗ turns: 3/15",
1790445943.851,hud,calib_s,,,,,"✓ Buffer 6s",
1790445943.851,marker,gnss,52.37166200,-1.24143400,265.20,true,,
1790445943.851,marker,dr,52.37121943,-1.24333875,121.50,true,,
1790445943.852,marker,reconciled,0.00000000,0.00000000,0.00,false,,
1790445943.895,hud,speed,,,,,"9.0 / 5.6",9.010
1790445943.895,hud,heading,,,,,"239° / 95°",238.500
1790445943.895,hud,drift,,,,,"215.76%",215.760
1790445943.895,hud,turns,,,,,"✗ turns: 3/15",
1790445943.896,hud,calib_s,,,,,"✓ Buffer 6s",
1790445943.896,marker,gnss,52.37166200,-1.24143400,265.20,true,,
1790445943.896,marker,dr,52.37121597,-1.24335070,121.50,true,,
1790445943.896,marker,reconciled,0.00000000,0.00000000,0.00,false,,
1790445943.951,hud,speed,,,,,"8.9 / 5.6",8.900
1790445943.952,hud,heading,,,,,"239° / 95°",238.800
1790445943.952,hud,drift,,,,,"216.02%",216.020
1790445943.952,hud,turns,,,,,"✗ turns: 3/15",
1790445943.952,hud,calib_s,,,,,"✓ Buffer 6s",
1790445943.953,marker,gnss,52.37166200,-1.24143400,265.20,true,,
1790445943.953,marker,dr,52.37121251,-1.24336247,121.20,true,,
1790445943.954,marker,reconciled,0.00000000,0.00000000,0.00,false,,
1790445944.000,hud,speed,,,,,"8.9 / 5.6",8.880
1790445944.000,hud,heading,,,,,"239° / 95°",238.900
1790445944.001,hud,drift,,,,,"216.27%",216.270
1790445944.001,hud,turns,,,,,"✗ turns: 3/15",
1790445944.001,hud,calib_s,,,,,"✓ Buffer 6s",
1790445944.002,marker,gnss,52.37166200,-1.24143400,265.20,true,,
1790445944.002,marker,dr,52.37120903,-1.24337433,121.10,true,,
1790445944.003,marker,reconciled,0.00000000,0.00000000,0.00,false,,
1790445944.051,hud,speed,,,,,"8.8 / 5.6",8.770
1790445944.051,hud,heading,,,,,"239° / 95°",238.900
1790445944.052,hud,drift,,,,,"216.50%",216.500
1790445944.052,hud,turns,,,,,"✗ turns: 3/15",
1790445944.052,hud,calib_s,,,,,"✓ Buffer 6s",
1790445944.053,marker,gnss,52.37166200,-1.24143400,265.20,true,,
1790445944.053,marker,dr,52.37120561,-1.24338591,121.10,true,,
1790445944.053,marker,reconciled,0.00000000,0.00000000,0.00,false,,
1790445944.103,hud,speed,,,,,"8.6 / 5.6",8.600
1790445944.103,hud,heading,,,,,"239° / 95°",239.000
1790445944.103,hud,drift,,,,,"216.70%",216.700
1790445944.104,hud,turns,,,,,"✗ turns: 3/15",
1790445944.104,hud,calib_s,,,,,"✓ Buffer 6s",
1790445944.104,marker,gnss,52.37166200,-1.24143400,265.20,true,,
1790445944.105,marker,dr,52.37120222,-1.24339725,121.00,true,,
1790445944.105,marker,reconciled,0.00000000,0.00000000,0.00,false,,
1790445944.152,hud,speed,,,,,"8.5 / 5.6",8.450
1790445944.153,hud,heading,,,,,"239° / 95°",238.900
1790445944.153,hud,drift,,,,,"216.88%",216.880
1790445944.153,hud,turns,,,,,"✗ turns: 3/15",
1790445944.153,hud,calib_s,,,,,"✓ Buffer 6s",
1790445944.153,marker,gnss,52.37166200,-1.24143400,265.20,true,,
1790445944.154,marker,dr,52.37119891,-1.24340826,121.10,true,,
1790445944.154,marker,reconciled,0.00000000,0.00000000,0.00,false,,
1790445944.203,hud,speed,,,,,"8.4 / 5.6",8.380
1790445944.203,hud,heading,,,,,"239° / 95°",239.100
1790445944.204,hud,drift,,,,,"217.05%",217.050
1790445944.204,hud,turns,,,,,"✗ turns: 3/15",
1790445944.204,hud,calib_s,,,,,"✓ Buffer 6s",
1790445944.205,marker,gnss,52.37166200,-1.24143400,265.20,true,,
1790445944.205,marker,dr,52.37119555,-1.24341939,120.90,true,,
1790445944.205,marker,reconciled,0.00000000,0.00000000,0.00,false,,
1790445944.254,hud,speed,,,,,"8.3 / 5.6",8.270
1790445944.254,hud,heading,,,,,"239° / 95°",239.200
1790445944.254,hud,drift,,,,,"217.20%",217.200
1790445944.255,hud,turns,,,,,"✗ turns: 3/15",
1790445944.255,hud,calib_s,,,,,"✓ Buffer 6s",
1790445944.255,marker,gnss,52.37166200,-1.24143400,265.20,true,,
1790445944.256,marker,dr,52.37119228,-1.24343027,120.80,true,,
1790445944.256,marker,reconciled,0.00000000,0.00000000,0.00,false,,
1790445944.308,hud,speed,,,,,"8.2 / 5.6",8.150
1790445944.309,hud,heading,,,,,"239° / 95°",239.200
1790445944.309,hud,drift,,,,,"217.33%",217.330
1790445944.309,hud,turns,,,,,"✗ turns: 3/15",
1790445944.309,hud,calib_s,,,,,"✓ Buffer 6s",
1790445944.310,marker,gnss,52.37166200,-1.24143400,265.20,true,,
1790445944.310,marker,dr,52.37118903,-1.24344096,120.80,true,,
1790445944.310,marker,reconciled,0.00000000,0.00000000,0.00,false,,
1790445944.361,hud,speed,,,,,"8.0 / 5.6",7.990
1790445944.361,hud,heading,,,,,"240° / 95°",239.500
1790445944.362,hud,drift,,,,,"217.44%",217.440
1790445944.362,hud,turns,,,,,"✗ turns: 3/15",
1790445944.362,hud,calib_s,,,,,"✓ Buffer 6s",
1790445944.363,marker,gnss,52.37166200,-1.24143400,265.20,true,,
1790445944.363,marker,dr,52.37118585,-1.24345146,120.50,true,,
1790445944.364,marker,reconciled,0.00000000,0.00000000,0.00,false,,
1790445944.410,hud,speed,,,,,"7.8 / 5.6",7.820
1790445944.410,hud,heading,,,,,"239° / 95°",239.400
1790445944.411,hud,drift,,,,,"217.52%",217.520
1790445944.411,hud,turns,,,,,"✗ turns: 3/15",
1790445944.411,hud,calib_s,,,,,"✓ Buffer 6s",
1790445944.411,marker,gnss,52.37166200,-1.24143400,265.20,true,,
1790445944.412,marker,dr,52.37118272,-1.24346172,120.60,true,,
1790445944.412,marker,reconciled,0.00000000,0.00000000,0.00,false,,
1790445944.461,hud,speed,,,,,"7.7 / 5.6",7.700
1790445944.462,hud,heading,,,,,"239° / 95°",239.400
1790445944.462,hud,drift,,,,,"217.59%",217.590
1790445944.462,hud,turns,,,,,"✗ turns: 3/15",
1790445944.463,hud,calib_s,,,,,"✓ Buffer 6s",
1790445944.463,marker,gnss,52.37166200,-1.24143400,265.20,true,,
1790445944.464,marker,dr,52.37117966,-1.24347184,120.60,true,,
1790445944.464,marker,reconciled,0.00000000,0.00000000,0.00,false,,
1790445944.511,hud,speed,,,,,"7.5 / 5.6",7.510
1790445944.512,hud,heading,,,,,"239° / 95°",239.400
1790445944.512,hud,drift,,,,,"217.63%",217.630
1790445944.512,hud,turns,,,,,"✗ turns: 3/15",
1790445944.513,hud,calib_s,,,,,"✓ Buffer 6s",
1790445944.513,marker,gnss,52.37166200,-1.24143400,265.20,true,,
1790445944.513,marker,dr,52.37117666,-1.24348170,120.60,true,,
1790445944.514,marker,reconciled,0.00000000,0.00000000,0.00,false,,
1790445944.564,hud,speed,,,,,"7.5 / 5.6",7.480
1790445944.565,hud,heading,,,,,"239° / 95°",239.400
1790445944.565,hud,drift,,,,,"217.67%",217.670
1790445944.565,hud,turns,,,,,"✗ turns: 3/15",
1790445944.565,hud,calib_s,,,,,"✓ Buffer 6s",
1790445944.566,marker,gnss,52.37166200,-1.24143400,265.20,true,,
1790445944.567,marker,dr,52.37117366,-1.24349151,120.60,true,,
1790445944.567,marker,reconciled,0.00000000,0.00000000,0.00,false,,
1790445944.616,hud,speed,,,,,"7.4 / 5.6",7.410
1790445944.616,hud,heading,,,,,"239° / 95°",239.300
1790445944.616,hud,drift,,,,,"217.70%",217.700
1790445944.617,hud,turns,,,,,"✗ turns: 3/15",
1790445944.617,hud,calib_s,,,,,"✓ Buffer 6s",
1790445944.617,marker,gnss,52.37166200,-1.24143400,265.20,true,,
1790445944.618,marker,dr,52.37117069,-1.24350113,120.70,true,,
1790445944.618,marker,reconciled,0.00000000,0.00000000,0.00,false,,
1790445944.664,hud,speed,,,,,"7.4 / 5.6",7.410
1790445944.665,hud,heading,,,,,"239° / 95°",239.400
1790445944.665,hud,drift,,,,,"217.73%",217.730
1790445944.665,hud,turns,,,,,"✗ turns: 3/15",
1790445944.665,hud,calib_s,,,,,"✓ Buffer 6s",
1790445944.666,marker,gnss,52.37166200,-1.24143400,265.20,true,,
1790445944.667,marker,dr,52.37116764,-1.24351092,120.60,true,,
1790445944.667,marker,reconciled,0.00000000,0.00000000,0.00,false,,
1790445944.716,hud,speed,,,,,"7.4 / 5.6",7.390
1790445944.717,hud,heading,,,,,"239° / 95°",239.300
1790445944.717,hud,drift,,,,,"217.76%",217.760
1790445944.717,hud,turns,,,,,"✗ turns: 3/15",
1790445944.718,hud,calib_s,,,,,"✓ Buffer 6s",
1790445944.718,marker,gnss,52.37166200,-1.24143400,265.20,true,,
1790445944.719,marker,dr,52.37116465,-1.24352049,120.70,true,,
1790445944.719,marker,reconciled,0.00000000,0.00000000,0.00,false,,
1790445944.764,hud,speed,,,,,"7.3 / 5.6",7.300
1790445944.765,hud,heading,,,,,"239° / 95°",239.300
1790445944.765,hud,drift,,,,,"217.77%",217.770
1790445944.765,hud,turns,,,,,"✗ turns: 3/15",
1790445944.765,hud,calib_s,,,,,"✓ Buffer 6s",
1790445944.765,marker,gnss,52.37166200,-1.24143400,265.20,true,,
1790445944.766,marker,dr,52.37116166,-1.24353015,120.70,true,,
1790445944.766,marker,reconciled,0.00000000,0.00000000,0.00,false,,
1790445944.818,hud,speed,,,,,"7.3 / 5.6",7.310
1790445944.819,hud,heading,,,,,"240° / 95°",239.500
1790445944.819,hud,drift,,,,,"217.79%",217.790
1790445944.819,hud,turns,,,,,"✗ turns: 3/15",
1790445944.820,hud,calib_s,,,,,"✓ Buffer 6s",
1790445944.820,marker,gnss,52.37166200,-1.24143400,265.20,true,,
1790445944.821,marker,dr,52.37115873,-1.24353963,120.50,true,,
1790445944.821,marker,reconciled,0.00000000,0.00000000,0.00,false,,
1790445944.871,hud,speed,,,,,"7.2 / 5.6",7.240
1790445944.871,hud,heading,,,,,"239° / 95°",239.400
1790445944.871,hud,drift,,,,,"217.80%",217.800
1790445944.872,hud,turns,,,,,"✗ turns: 3/15",
1790445944.872,hud,calib_s,,,,,"✓ Buffer 6s",
1790445944.872,marker,gnss,52.37166200,-1.24143400,265.20,true,,
1790445944.873,marker,dr,52.37115578,-1.24354910,120.60,true,,
1790445944.873,marker,reconciled,0.00000000,0.00000000,0.00,false,,
1790445944.922,hud,speed,,,,,"7.2 / 5.6",7.180
1790445944.923,hud,heading,,,,,"240° / 95°",239.500
1790445944.923,hud,drift,,,,,"217.80%",217.800
1790445944.923,hud,turns,,,,,"✗ turns: 3/15",
1790445944.923,hud,calib_s,,,,,"✓ Buffer 6s",
1790445944.924,marker,gnss,52.37166200,-1.24143400,265.20,true,,
1790445944.924,marker,dr,52.37115283,-1.24355860,120.50,true,,
1790445944.925,marker,reconciled,0.00000000,0.00000000,0.00,false,,
1790445944.973,hud,speed,,,,,"7.1 / 5.6",7.050
1790445944.974,hud,heading,,,,,"240° / 95°",239.500
1790445944.974,hud,drift,,,,,"217.79%",217.790
1790445944.975,hud,turns,,,,,"✗ turns: 3/15",
1790445944.975,hud,calib_s,,,,,"✓ Buffer 6s",
1790445944.975,marker,gnss,52.37166200,-1.24143400,265.20,true,,
1790445944.976,marker,dr,52.37115000,-1.24356786,120.50,true,,
1790445944.976,marker,reconciled,0.00000000,0.00000000,0.00,false,,
1790445945.022,hud,speed,,,,,"7.0 / 5.6",6.970
1790445945.023,hud,heading,,,,,"239° / 95°",239.200
1790445945.023,hud,drift,,,,,"217.77%",217.770
1790445945.023,hud,turns,,,,,"✗ turns: 3/15",
1790445945.024,hud,calib_s,,,,,"✓ Buffer 6s",
1790445945.024,marker,gnss,52.37166200,-1.24143400,265.20,true,,
1790445945.024,marker,dr,52.37114731,-1.24357700,120.80,true,,
1790445945.025,marker,reconciled,0.00000000,0.00000000,0.00,false,,
1790445945.072,hud,speed,,,,,"6.8 / 5.6",6.820
1790445945.072,hud,heading,,,,,"239° / 95°",239.100
1790445945.073,hud,drift,,,,,"217.73%",217.730
1790445945.073,hud,turns,,,,,"✗ turns: 3/15",
1790445945.073,hud,calib_s,,,,,"✓ Buffer 6s",
1790445945.073,marker,gnss,52.37166200,-1.24143400,265.20,true,,
1790445945.074,marker,dr,52.37114475,-1.24358614,120.90,true,,
1790445945.074,marker,reconciled,0.00000000,0.00000000,0.00,false,,
1790445945.127,hud,speed,,,,,"6.8 / 5.6",6.780
1790445945.127,hud,heading,,,,,"239° / 95°",239.100
1790445945.127,hud,drift,,,,,"217.70%",217.700
1790445945.128,hud,turns,,,,,"✗ turns: 3/15",
1790445945.128,hud,calib_s,,,,,"✓ Buffer 6s",
1790445945.128,marker,gnss,52.37166200,-1.24143400,265.20,true,,
1790445945.129,marker,dr,52.37114230,-1.24359530,120.90,true,,
1790445945.129,marker,reconciled,0.00000000,0.00000000,0.00,false,,
1790445945.177,hud,speed,,,,,"6.6 / 5.6",6.610
1790445945.177,hud,heading,,,,,"239° / 95°",238.700
1790445945.178,hud,drift,,,,,"217.64%",217.640
1790445945.178,hud,turns,,,,,"✗ turns: 3/15",
1790445945.178,hud,calib_s,,,,,"✓ Buffer 6s",
1790445945.179,marker,gnss,52.37166200,-1.24143400,265.20,true,,
1790445945.179,marker,dr,52.37113997,-1.24360437,121.30,true,,
1790445945.180,marker,reconciled,0.00000000,0.00000000,0.00,false,,
1790445945.226,hud,speed,,,,,"6.4 / 5.6",6.410
1790445945.226,hud,heading,,,,,"239° / 95°",238.700
1790445945.227,hud,drift,,,,,"217.57%",217.570
1790445945.227,hud,turns,,,,,"✗ turns: 3/15",
1790445945.227,hud,calib_s,,,,,"✓ Buffer 6s",
1790445945.228,marker,gnss,52.37166200,-1.24143400,265.20,true,,
1790445945.228,marker,dr,52.37113785,-1.24361311,121.30,true,,
1790445945.229,marker,reconciled,0.00000000,0.00000000,0.00,false,,
1790445945.279,hud,speed,,,,,"6.3 / 5.6",6.260
1790445945.279,hud,heading,,,,,"239° / 95°",238.600
1790445945.279,hud,drift,,,,,"217.48%",217.480
1790445945.280,hud,turns,,,,,"✗ turns: 3/15",
1790445945.280,hud,calib_s,,,,,"✓ Buffer 6s",
1790445945.280,marker,gnss,52.37166200,-1.24143400,265.20,true,,
1790445945.281,marker,dr,52.37113582,-1.24362179,121.40,true,,
1790445945.281,marker,reconciled,0.00000000,0.00000000,0.00,false,,
1790445945.326,hud,speed,,,,,"6.1 / 5.6",6.070
1790445945.327,hud,heading,,,,,"238° / 95°",238.400
1790445945.327,hud,drift,,,,,"217.38%",217.380
1790445945.327,hud,turns,,,,,"✗ turns: 3/15",
1790445945.328,hud,calib_s,,,,,"✓ Buffer 6s",
1790445945.328,marker,gnss,52.37166200,-1.24143400,265.20,true,,
1790445945.329,marker,dr,52.37113391,-1.24363025,121.60,true,,
1790445945.329,marker,reconciled,0.00000000,0.00000000,0.00,false,,
1790445945.381,hud,speed,,,,,"5.9 / 5.6",5.910
1790445945.381,hud,heading,,,,,"238° / 95°",238.200
1790445945.381,hud,drift,,,,,"217.26%",217.260
1790445945.382,hud,turns,,,,,"✗ turns: 3/15",
1790445945.382,hud,calib_s,,,,,"✓ Buffer 6s",
1790445945.382,marker,gnss,52.37166200,-1.24143400,265.20,true,,
1790445945.383,marker,dr,52.37113215,-1.24363860,121.80,true,,
1790445945.383,marker,reconciled,0.00000000,0.00000000,0.00,false,,
1790445945.433,hud,speed,,,,,"5.8 / 5.6",5.790
1790445945.433,hud,heading,,,,,"238° / 95°",238.200
1790445945.433,hud,drift,,,,,"217.13%",217.130
1790445945.434,hud,turns,,,,,"✗ turns: 3/15",
1790445945.434,hud,calib_s,,,,,"✓ Buffer 6s",
1790445945.435,marker,gnss,52.37166200,-1.24143400,265.20,true,,
1790445945.435,marker,dr,52.37113047,-1.24364683,121.80,true,,
1790445945.436,marker,reconciled,0.00000000,0.00000000,0.00,false,,
1790445945.481,hud,speed,,,,,"5.7 / 5.6",5.690
1790445945.482,hud,heading,,,,,"238° / 95°",238.100
1790445945.482,hud,drift,,,,,"216.99%",216.990
1790445945.483,hud,turns,,,,,"✗ turns: 3/15",
1790445945.483,hud,calib_s,,,,,"✓ Buffer 6s",
1790445945.483,marker,gnss,52.37166200,-1.24143400,265.20,true,,
1790445945.484,marker,dr,52.37112887,-1.24365493,121.90,true,,
1790445945.484,marker,reconciled,0.00000000,0.00000000,0.00,false,,
1790445945.532,hud,speed,,,,,"5.6 / 5.6",5.630
1790445945.533,hud,heading,,,,,"238° / 95°",237.900
1790445945.533,hud,drift,,,,,"216.85%",216.850
1790445945.533,hud,turns,,,,,"✗ turns: 3/15",
1790445945.533,hud,calib_s,,,,,"✓ Buffer 6s",
1790445945.534,marker,gnss,52.37166200,-1.24143400,265.20,true,,
1790445945.534,marker,dr,52.37112733,-1.24366307,122.10,true,,
1790445945.535,marker,reconciled,0.00000000,0.00000000,0.00,false,,
1790445945.582,hud,speed,,,,,"5.5 / 5.6",5.510
1790445945.582,hud,heading,,,,,"238° / 95°",237.700
1790445945.582,hud,drift,,,,,"216.70%",216.700
1790445945.583,hud,turns,,,,,"✗ turns: 3/15",
1790445945.583,hud,calib_s,,,,,"✓ Buffer 6s",
1790445945.583,marker,gnss,52.37166200,-1.24143400,265.20,true,,
1790445945.584,marker,dr,52.37112588,-1.24367121,122.30,true,,
1790445945.584,marker,reconciled,0.00000000,0.00000000,0.00,false,,
1790445945.634,hud,speed,,,,,"5.4 / 5.6",5.360
1790445945.635,hud,heading,,,,,"238° / 95°",237.700
1790445945.635,hud,drift,,,,,"216.54%",216.540
1790445945.635,hud,turns,,,,,"✗ turns: 3/15",
1790445945.636,hud,calib_s,,,,,"✓ Buffer 6s",
1790445945.636,marker,gnss,52.37166200,-1.24143400,265.20,true,,
1790445945.636,marker,dr,52.37112462,-1.24367880,122.30,true,,
1790445945.637,marker,reconciled,0.00000000,0.00000000,0.00,false,,
1790445945.684,hud,speed,,,,,"5.3 / 5.6",5.300
1790445945.684,hud,heading,,,,,"238° / 95°",237.700
1790445945.685,hud,drift,,,,,"216.37%",216.370
1790445945.685,hud,turns,,,,,"✗ turns: 3/15",
1790445945.685,hud,calib_s,,,,,"✓ Buffer 6s",
1790445945.685,marker,gnss,52.37166200,-1.24143400,265.20,true,,
1790445945.686,marker,dr,52.37112339,-1.24368655,122.30,true,,
1790445945.687,marker,reconciled,0.00000000,0.00000000,0.00,false,,
1790445945.735,hud,speed,,,,,"5.3 / 5.6",5.250
1790445945.736,hud,heading,,,,,"238° / 95°",237.600
1790445945.736,hud,drift,,,,,"216.20%",216.200
1790445945.736,hud,turns,,,,,"✗ turns: 3/15",
1790445945.737,hud,calib_s,,,,,"✓ Buffer 6s",
1790445945.737,marker,gnss,52.37166200,-1.24143400,265.20,true,,
1790445945.738,marker,dr,52.37112215,-1.24369421,122.40,true,,
1790445945.738,marker,reconciled,0.00000000,0.00000000,0.00,false,,
1790445945.784,hud,speed,,,,,"5.2 / 5.6",5.170
1790445945.784,hud,heading,,,,,"238° / 95°",237.500
1790445945.784,hud,drift,,,,,"216.02%",216.020
1790445945.785,hud,turns,,,,,"✗ turns: 3/15",
1790445945.785,hud,calib_s,,,,,"✓ Buffer 6s",
1790445945.785,marker,gnss,52.37166200,-1.24143400,265.20,true,,
1790445945.785,marker,dr,52.37112091,-1.24370174,122.50,true,,
1790445945.785,marker,reconciled,0.00000000,0.00000000,0.00,false,,
1790445945.837,hud,speed,,,,,"5.2 / 5.6",5.170
1790445945.838,hud,heading,,,,,"237° / 95°",237.200
1790445945.838,hud,drift,,,,,"215.84%",215.840
1790445945.838,hud,turns,,,,,"✗ turns: 3/15",
1790445945.839,hud,calib_s,,,,,"✓ Buffer 6s",
1790445945.839,marker,gnss,52.37166200,-1.24143400,265.20,true,,
1790445945.839,marker,dr,52.37111961,-1.24370927,122.80,true,,
1790445945.840,marker,reconciled,0.00000000,0.00000000,0.00,false,,
1790445945.888,hud,speed,,,,,"5.1 / 5.6",5.080
1790445945.889,hud,heading,,,,,"237° / 95°",237.200
1790445945.889,hud,drift,,,,,"215.65%",215.650
1790445945.889,hud,turns,,,,,"✗ turns: 3/15",
1790445945.889,hud,calib_s,,,,,"✓ Buffer 6s",
1790445945.890,marker,gnss,52.37166200,-1.24143400,265.20,true,,
1790445945.890,marker,dr,52.37111835,-1.24371670,122.80,true,,
1790445945.891,marker,reconciled,0.00000000,0.00000000,0.00,false,,
1790445945.941,hud,speed,,,,,"5.0 / 5.6",5.040
1790445945.941,hud,heading,,,,,"237° / 95°",237.000
1790445945.941,hud,drift,,,,,"215.47%",215.470
1790445945.942,hud,turns,,,,,"✗ turns: 3/15",
1790445945.942,hud,calib_s,,,,,"✓ Buffer 6s",
1790445945.942,marker,gnss,52.37166200,-1.24143400,265.20,true,,
1790445945.943,marker,dr,52.37111706,-1.24372410,123.00,true,,
1790445945.943,marker,reconciled,0.00000000,0.00000000,0.00,false,,
1790445945.992,hud,speed,,,,,"5.1 / 5.6",5.080
1790445945.992,hud,heading,,,,,"237° / 95°",237.100
1790445945.993,hud,drift,,,,,"215.29%",215.290
1790445945.993,hud,turns,,,,,"✗ turns: 3/15",
1790445945.993,hud,calib_s,,,,,"✓ Buffer 6s",
1790445945.993,marker,gnss,52.37166200,-1.24143400,265.20,true,,
1790445945.994,marker,dr,52.37111574,-1.24373129,122.90,true,,
1790445945.995,marker,reconciled,0.00000000,0.00000000,0.00,false,,
1790445946.044,hud,speed,,,,,"5.2 / 5.6",5.170
1790445946.044,hud,heading,,,,,"237° / 95°",237.100
1790445946.045,hud,drift,,,,,"215.12%",215.120
1790445946.045,hud,turns,,,,,"✗ turns: 3/15",
1790445946.045,hud,calib_s,,,,,"✓ Buffer 6s",
1790445946.045,marker,gnss,52.37166200,-1.24143400,265.20,true,,
1790445946.046,marker,dr,52.37111430,-1.24373866,122.90,true,,
1790445946.047,marker,reconciled,0.00000000,0.00000000,0.00,false,,
1790445946.093,hud,speed,,,,,"5.3 / 5.6",5.260
1790445946.094,hud,heading,,,,,"237° / 95°",237.200
1790445946.094,hud,drift,,,,,"214.96%",214.960
1790445946.095,hud,turns,,,,,"✗ turns: 3/15",
1790445946.095,hud,calib_s,,,,,"✓ Buffer 6s",
1790445946.095,marker,gnss,52.37166200,-1.24143400,265.20,true,,
1790445946.097,marker,dr,52.37111270,-1.24374613,122.80,true,,
1790445946.097,marker,reconciled,0.00000000,0.00000000,0.00,false,,
1790445946.145,hud,speed,,,,,"5.3 / 5.6",5.340
1790445946.145,hud,heading,,,,,"237° / 95°",237.300
1790445946.145,hud,drift,,,,,"214.80%",214.800
1790445946.145,hud,turns,,,,,"✗ turns: 3/15",
1790445946.146,hud,calib_s,,,,,"✓ Buffer 6s",
1790445946.146,marker,gnss,52.37166200,-1.24143400,265.20,true,,
1790445946.147,marker,dr,52.37111100,-1.24375353,122.70,true,,
1790445946.147,marker,reconciled,0.00000000,0.00000000,0.00,false,,
1790445946.192,hud,speed,,,,,"5.4 / 5.6",5.420
1790445946.193,hud,heading,,,,,"237° / 95°",237.300
1790445946.193,hud,drift,,,,,"214.65%",214.650
1790445946.193,hud,turns,,,,,"✗ turns: 3/15",
1790445946.193,hud,calib_s,,,,,"✓ Buffer 6s",
1790445946.194,marker,gnss,52.37166200,-1.24143400,265.20,true,,
1790445946.195,marker,dr,52.37110918,-1.24376088,122.70,true,,
1790445946.195,marker,reconciled,0.00000000,0.00000000,0.00,false,,
1790445946.264,hud,speed,,,,,"5.6 / 5.6",5.550
1790445946.264,hud,heading,,,,,"237° / 95°",237.300
1790445946.264,hud,drift,,,,,"214.51%",214.510
1790445946.264,hud,turns,,,,,"✗ turns: 3/15",
1790445946.265,hud,calib_s,,,,,"✓ Buffer 6s",
1790445946.265,marker,gnss,52.37166200,-1.24143400,265.20,true,,
1790445946.266,marker,dr,52.37110720,-1.24376850,122.70,true,,
1790445946.267,marker,reconciled,0.00000000,0.00000000,0.00,false,,
1790445946.302,hud,speed,,,,,"5.7 / 5.6",5.660
1790445946.303,hud,heading,,,,,"237° / 95°",237.400
1790445946.303,hud,drift,,,,,"214.39%",214.390
1790445946.303,hud,turns,,,,,"✗ turns: 3/15",
1790445946.303,hud,calib_s,,,,,"✓ Buffer 6s",
1790445946.304,marker,gnss,52.37166200,-1.24143400,265.20,true,,
1790445946.304,marker,dr,52.37110512,-1.24377612,122.60,true,,
1790445946.305,marker,reconciled,0.00000000,0.00000000,0.00,false,,
1790445946.343,hud,speed,,,,,"5.7 / 5.6",5.730
1790445946.343,hud,heading,,,,,"237° / 95°",237.200
1790445946.343,hud,drift,,,,,"214.27%",214.270
1790445946.343,hud,turns,,,,,"✗ turns: 3/15",
1790445946.344,hud,calib_s,,,,,"✓ Buffer 6s",
1790445946.344,marker,gnss,52.37166200,-1.24143400,265.20,true,,
1790445946.344,marker,dr,52.37110297,-1.24378371,122.80,true,,
1790445946.344,marker,reconciled,0.00000000,0.00000000,0.00,false,,
1790445946.401,hud,speed,,,,,"5.8 / 5.6",5.780
1790445946.401,hud,heading,,,,,"237° / 95°",237.300
1790445946.402,hud,drift,,,,,"214.16%",214.160
1790445946.402,hud,turns,,,,,"✗ turns: 3/15",
1790445946.402,hud,calib_s,,,,,"✓ Buffer 6s",
1790445946.403,marker,gnss,52.37166200,-1.24143400,265.20,true,,
1790445946.404,marker,dr,52.37110073,-1.24379151,122.70,true,,
1790445946.404,marker,reconciled,0.00000000,0.00000000,0.00,false,,
1790445946.465,hud,speed,,,,,"5.9 / 5.6",5.880
1790445946.465,hud,heading,,,,,"237° / 95°",237.400
1790445946.466,hud,drift,,,,,"214.06%",214.060
1790445946.466,hud,turns,,,,,"✗ turns: 3/15",
1790445946.466,hud,calib_s,,,,,"✓ Buffer 6s",
1790445946.467,marker,gnss,52.37166200,-1.24143400,265.20,true,,
1790445946.467,marker,dr,52.37109844,-1.24379931,122.60,true,,
1790445946.468,marker,reconciled,0.00000000,0.00000000,0.00,false,,
1790445946.517,hud,speed,,,,,"6.0 / 5.6",6.030
1790445946.518,hud,heading,,,,,"237° / 95°",237.300
1790445946.518,hud,drift,,,,,"213.98%",213.980
1790445946.518,hud,turns,,,,,"✗ turns: 3/15",
1790445946.519,hud,calib_s,,,,,"✓ Buffer 6s",
1790445946.519,marker,gnss,52.37166200,-1.24143400,265.20,true,,
1790445946.520,marker,dr,52.37109606,-1.24380719,122.70,true,,
1790445946.520,marker,reconciled,0.00000000,0.00000000,0.00,false,,
1790445946.570,hud,speed,,,,,"6.1 / 5.6",6.090
1790445946.571,hud,heading,,,,,"237° / 95°",237.400
1790445946.571,hud,drift,,,,,"213.89%",213.890
1790445946.571,hud,turns,,,,,"✗ turns: 3/15",
1790445946.571,hud,calib_s,,,,,"✓ Buffer 6s",
1790445946.572,marker,gnss,52.37166200,-1.24143400,265.20,true,,
1790445946.572,marker,dr,52.37109358,-1.24381518,122.60,true,,
1790445946.573,marker,reconciled,0.00000000,0.00000000,0.00,false,,
1790445946.622,hud,speed,,,,,"6.4 / 5.6",6.400
1790445946.623,hud,heading,,,,,"237° / 95°",237.400
1790445946.623,hud,drift,,,,,"213.84%",213.840
1790445946.624,hud,turns,,,,,"✗ turns: 3/15",
1790445946.624,hud,calib_s,,,,,"✓ Buffer 6s",
1790445946.624,marker,gnss,52.37166200,-1.24143400,265.20,true,,
1790445946.625,marker,dr,52.37109094,-1.24382353,122.60,true,,
1790445946.625,marker,reconciled,0.00000000,0.00000000,0.00,false,,
1790445946.673,hud,speed,,,,,"6.4 / 5.6",6.430
1790445946.674,hud,heading,,,,,"237° / 95°",237.400
1790445946.674,hud,drift,,,,,"213.79%",213.790
1790445946.675,hud,turns,,,,,"✗ turns: 3/15",
1790445946.675,hud,calib_s,,,,,"✓ Buffer 6s",
1790445946.676,marker,gnss,52.37166200,-1.24143400,265.20,true,,
1790445946.676,marker,dr,52.37108827,-1.24383202,122.60,true,,
1790445946.677,marker,reconciled,0.00000000,0.00000000,0.00,false,,
1790445946.725,hud,speed,,,,,"6.7 / 5.6",6.720
1790445946.725,hud,heading,,,,,"237° / 95°",237.300
1790445946.726,hud,drift,,,,,"213.78%",213.780
1790445946.726,hud,turns,,,,,"✗ turns: 3/15",
1790445946.726,hud,calib_s,,,,,"✓ Buffer 6s",
1790445946.727,marker,gnss,52.37166200,-1.24143400,265.20,true,,
1790445946.727,marker,dr,52.37108551,-1.24384069,122.70,true,,
1790445946.728,marker,reconciled,0.00000000,0.00000000,0.00,false,,
1790445946.778,hud,speed,,,,,"6.9 / 5.6",6.890
1790445946.779,hud,heading,,,,,"237° / 95°",237.000
1790445946.779,hud,drift,,,,,"213.77%",213.770
1790445946.780,hud,turns,,,,,"✗ turns: 3/15",
1790445946.780,hud,calib_s,,,,,"✓ Buffer 6s",
1790445946.781,marker,gnss,52.37166200,-1.24143400,265.20,true,,
1790445946.781,marker,dr,52.37108262,-1.24384967,123.00,true,,
1790445946.781,marker,reconciled,0.00000000,0.00000000,0.00,false,,
1790445946.801,hud,speed,,,,,"7.1 / 5.6",7.060
1790445946.801,hud,heading,,,,,"237° / 95°",236.700
1790445946.801,hud,drift,,,,,"213.79%",213.790
1790445946.802,hud,turns,,,,,"✗ turns: 3/15",
1790445946.802,hud,calib_s,,,,,"✓ Buffer 6s",
1790445946.802,marker,gnss,52.37166200,-1.24143400,265.20,true,,
1790445946.803,marker,dr,52.37107966,-1.24385887,123.30,true,,
1790445946.803,marker,reconciled,0.00000000,0.00000000,0.00,false,,
1790445946.850,hud,speed,,,,,"7.0 / 5.6",7.000
1790445946.851,hud,heading,,,,,"236° / 95°",236.300
1790445946.851,hud,drift,,,,,"213.80%",213.800
1790445946.851,hud,turns,,,,,"✗ turns: 3/15",
1790445946.851,hud,calib_s,,,,,"✓ Buffer 6s",
1790445946.851,marker,gnss,52.37166200,-1.24143400,265.20,true,,
1790445946.852,marker,dr,52.37107670,-1.24386823,123.70,true,,
1790445946.852,marker,reconciled,0.00000000,0.00000000,0.00,false,,
1790445946.904,hud,speed,,,,,"6.9 / 5.6",6.910
1790445946.904,hud,heading,,,,,"236° / 95°",236.300
1790445946.905,hud,drift,,,,,"213.80%",213.800
1790445946.905,hud,turns,,,,,"✗ turns: 3/15",
1790445946.905,hud,calib_s,,,,,"✓ Buffer 6s",
1790445946.905,marker,gnss,52.37166200,-1.24143400,265.20,true,,
1790445946.906,marker,dr,52.37107389,-1.24387716,123.70,true,,
1790445946.907,marker,reconciled,0.00000000,0.00000000,0.00,false,,
1790445946.951,hud,speed,,,,,"6.9 / 5.6",6.910
1790445946.952,hud,heading,,,,,"236° / 95°",236.300
1790445946.952,hud,drift,,,,,"213.80%",213.800
1790445946.952,hud,turns,,,,,"✗ turns: 3/15",
1790445946.953,hud,calib_s,,,,,"✓ Buffer 6s",
1790445946.953,marker,gnss,52.37166200,-1.24143400,265.20,true,,
1790445946.954,marker,dr,52.37107097,-1.24388620,123.70,true,,
1790445946.954,marker,reconciled,0.00000000,0.00000000,0.00,false,,
1790445947.004,hud,speed,,,,,"7.0 / 5.6",6.950
1790445947.004,hud,heading,,,,,"236° / 95°",236.200
1790445947.005,hud,drift,,,,,"213.81%",213.810
1790445947.005,hud,turns,,,,,"✗ turns: 3/15",
1790445947.005,hud,calib_s,,,,,"✓ Buffer 6s",
1790445947.005,marker,gnss,52.37166200,-1.24143400,265.20,true,,
1790445947.006,marker,dr,52.37106796,-1.24389533,123.80,true,,
1790445947.006,marker,reconciled,0.00000000,0.00000000,0.00,false,,
1790445947.054,hud,speed,,,,,"6.9 / 5.6",6.910
1790445947.054,hud,heading,,,,,"236° / 95°",236.100
1790445947.054,hud,drift,,,,,"213.81%",213.810
1790445947.055,hud,turns,,,,,"✗ turns: 3/15",
1790445947.055,hud,calib_s,,,,,"✓ Buffer 6s",
1790445947.055,marker,gnss,52.37166200,-1.24143400,265.20,true,,
1790445947.056,marker,dr,52.37106498,-1.24390432,123.90,true,,
1790445947.056,marker,reconciled,0.00000000,0.00000000,0.00,false,,
1790445947.105,hud,speed,,,,,"6.9 / 5.6",6.910
1790445947.105,hud,heading,,,,,"236° / 95°",235.900
1790445947.105,hud,drift,,,,,"213.81%",213.810
1790445947.106,hud,turns,,,,,"✗ turns: 3/15",
1790445947.106,hud,calib_s,,,,,"✓ Buffer 6s",
1790445947.106,marker,gnss,52.37166200,-1.24143400,265.20,true,,
1790445947.107,marker,dr,52.37106200,-1.24391328,124.10,true,,
1790445947.107,marker,reconciled,0.00000000,0.00000000,0.00,false,,
1790445947.161,hud,speed,,,,,"6.8 / 4.5",6.770
1790445947.161,hud,heading,,,,,"236° / 255°",235.800
1790445947.161,hud,drift,,,,,"195.83%",195.830
1790445947.162,hud,turns,,,,,"✗ turns: 3/15",
1790445947.162,hud,calib_s,,,,,"✓ Buffer 6s",
1790445947.164,marker,gnss,52.37162800,-1.24080000,105.00,true,,
1790445947.164,marker,dr,52.37105909,-1.24392198,124.20,true,,
1790445947.165,marker,reconciled,0.00000000,0.00000000,0.00,false,,
1790445947.206,hud,speed,,,,,"6.7 / 4.5",6.700
1790445947.207,hud,heading,,,,,"236° / 255°",235.700
1790445947.207,hud,drift,,,,,"195.22%",195.220
1790445947.207,hud,turns,,,,,"✗ turns: 3/15",
1790445947.207,hud,calib_s,,,,,"✓ Buffer 6s",
1790445947.208,marker,gnss,52.37162800,-1.24080000,105.00,true,,
1790445947.208,marker,dr,52.37105616,-1.24393076,124.30,true,,
1790445947.208,marker,reconciled,0.00000000,0.00000000,0.00,false,,
1790445947.257,hud,speed,,,,,"6.6 / 4.5",6.600
1790445947.258,hud,heading,,,,,"236° / 255°",235.800
1790445947.258,hud,drift,,,,,"194.62%",194.620
1790445947.259,hud,turns,,,,,"✗ turns: 3/15",
1790445947.259,hud,calib_s,,,,,"✓ Buffer 6s",
1790445947.259,marker,gnss,52.37162800,-1.24080000,105.00,true,,
1790445947.261,marker,dr,52.37105326,-1.24393917,124.20,true,,
1790445947.261,marker,reconciled,0.00000000,0.00000000,0.00,false,,
1790445947.339,hud,speed,,,,,"6.5 / 4.5",6.510
1790445947.339,hud,heading,,,,,"236° / 255°",235.800
1790445947.340,hud,drift,,,,,"194.01%",194.010
1790445947.340,hud,turns,,,,,"✗ turns: 3/15",
1790445947.340,hud,calib_s,,,,,"✓ Buffer 6s",
1790445947.341,marker,gnss,52.37162800,-1.24080000,105.00,true,,
1790445947.342,marker,dr,52.37105029,-1.24394757,124.20,true,,
1790445947.342,marker,reconciled,0.00000000,0.00000000,0.00,false,,
1790445947.389,hud,speed,,,,,"6.5 / 4.5",6.490
1790445947.390,hud,heading,,,,,"236° / 255°",235.900
1790445947.390,hud,drift,,,,,"193.40%",193.400
1790445947.391,hud,turns,,,,,"✗ turns: 3/15",
1790445947.391,hud,calib_s,,,,,"✓ Buffer 6s",
1790445947.393,marker,gnss,52.37162800,-1.24080000,105.00,true,,
1790445947.394,marker,dr,52.37104731,-1.24395578,124.10,true,,
1790445947.394,marker,reconciled,0.00000000,0.00000000,0.00,false,,
1790445947.444,hud,speed,,,,,"6.5 / 4.5",6.520
1790445947.445,hud,heading,,,,,"236° / 255°",235.900
1790445947.445,hud,drift,,,,,"192.80%",192.800
1790445947.446,hud,turns,,,,,"✗ turns: 3/15",
1790445947.446,hud,calib_s,,,,,"✓ Buffer 6s",
1790445947.447,marker,gnss,52.37162800,-1.24080000,105.00,true,,
1790445947.447,marker,dr,52.37104428,-1.24396399,124.10,true,,
1790445947.448,marker,reconciled,0.00000000,0.00000000,0.00,false,,
1790445947.467,hud,speed,,,,,"6.4 / 4.5",6.410
1790445947.468,hud,heading,,,,,"236° / 255°",235.900
1790445947.468,hud,drift,,,,,"192.20%",192.200
1790445947.468,hud,turns,,,,,"✗ turns: 3/15",
1790445947.468,hud,calib_s,,,,,"✓ Buffer 6s",
1790445947.469,marker,gnss,52.37162800,-1.24080000,105.00,true,,
1790445947.470,marker,dr,52.37104130,-1.24397196,124.10,true,,
1790445947.471,marker,reconciled,0.00000000,0.00000000,0.00,false,,
1790445947.518,hud,speed,,,,,"6.3 / 4.5",6.330
1790445947.518,hud,heading,,,,,"236° / 255°",235.800
1790445947.518,hud,drift,,,,,"191.59%",191.590
1790445947.519,hud,turns,,,,,"✗ turns: 3/15",
1790445947.519,hud,calib_s,,,,,"✓ Buffer 6s",
1790445947.519,marker,gnss,52.37162800,-1.24080000,105.00,true,,
1790445947.520,marker,dr,52.37103829,-1.24397985,124.20,true,,
1790445947.520,marker,reconciled,0.00000000,0.00000000,0.00,false,,
1790445947.574,hud,speed,,,,,"6.2 / 4.5",6.220
1790445947.574,hud,heading,,,,,"236° / 255°",235.900
1790445947.575,hud,drift,,,,,"190.97%",190.970
1790445947.575,hud,turns,,,,,"✗ turns: 3/15",
1790445947.575,hud,calib_s,,,,,"✓ Buffer 6s",
1790445947.576,marker,gnss,52.37162800,-1.24080000,105.00,true,,
1790445947.577,marker,dr,52.37103529,-1.24398756,124.10,true,,
1790445947.577,marker,reconciled,0.00000000,0.00000000,0.00,false,,
1790445947.616,hud,speed,,,,,"6.2 / 4.5",6.210
1790445947.616,hud,heading,,,,,"236° / 255°",235.900
1790445947.616,hud,drift,,,,,"190.35%",190.350
1790445947.617,hud,turns,,,,,"✗ turns: 3/15",
1790445947.617,hud,calib_s,,,,,"✓ Buffer 6s",
1790445947.617,marker,gnss,52.37162800,-1.24080000,105.00,true,,
1790445947.618,marker,dr,52.37103221,-1.24399526,124.10,true,,
1790445947.618,marker,reconciled,0.00000000,0.00000000,0.00,false,,
1790445947.666,hud,speed,,,,,"6.2 / 4.5",6.190
1790445947.667,hud,heading,,,,,"236° / 255°",235.900
1790445947.667,hud,drift,,,,,"189.73%",189.730
1790445947.667,hud,turns,,,,,"✗ turns: 3/15",
1790445947.668,hud,calib_s,,,,,"✓ Buffer 6s",
1790445947.668,marker,gnss,52.37162800,-1.24080000,105.00,true,,
1790445947.669,marker,dr,52.37102909,-1.24400279,124.10,true,,
1790445947.670,marker,reconciled,0.00000000,0.00000000,0.00,false,,
1790445947.716,hud,speed,,,,,"6.2 / 4.5",6.160
1790445947.716,hud,heading,,,,,"236° / 255°",235.900
1790445947.717,hud,drift,,,,,"189.12%",189.120
1790445947.717,hud,turns,,,,,"✗ turns: 3/15",
1790445947.717,hud,calib_s,,,,,"✓ Buffer 6s",
1790445947.717,marker,gnss,52.37162800,-1.24080000,105.00,true,,
1790445947.718,marker,dr,52.37102592,-1.24401021,124.10,true,,
1790445947.718,marker,reconciled,0.00000000,0.00000000,0.00,false,,
1790445947.767,hud,speed,,,,,"6.1 / 4.5",6.070
1790445947.767,hud,heading,,,,,"236° / 255°",236.000
1790445947.768,hud,drift,,,,,"188.50%",188.500
1790445947.768,hud,turns,,,,,"✗ turns: 3/15",
1790445947.768,hud,calib_s,,,,,"✓ Buffer 6s",
1790445947.770,marker,gnss,52.37162800,-1.24080000,105.00,true,,
1790445947.770,marker,dr,52.37102274,-1.24401745,124.00,true,,
1790445947.771,marker,reconciled,0.00000000,0.00000000,0.00,false,,
1790445947.818,hud,speed,,,,,"6.1 / 4.5",6.080
1790445947.818,hud,heading,,,,,"236° / 255°",236.000
1790445947.818,hud,drift,,,,,"187.89%",187.890
1790445947.818,hud,turns,,,,,"✗ turns: 3/15",
1790445947.819,hud,calib_s,,,,,"✓ Buffer 6s",
1790445947.819,marker,gnss,52.37162800,-1.24080000,105.00,true,,
1790445947.819,marker,dr,52.37101951,-1.24402465,124.00,true,,
1790445947.819,marker,reconciled,0.00000000,0.00000000,0.00,false,,
1790445947.868,hud,speed,,,,,"6.0 / 4.5",5.960
1790445947.868,hud,heading,,,,,"236° / 255°",236.000
1790445947.869,hud,drift,,,,,"187.27%",187.270
1790445947.869,hud,turns,,,,,"✗ turns: 3/15",
1790445947.869,hud,calib_s,,,,,"✓ Buffer 6s",
1790445947.869,marker,gnss,52.37162800,-1.24080000,105.00,true,,
1790445947.871,marker,dr,52.37101630,-1.24403166,124.00,true,,
1790445947.872,marker,reconciled,0.00000000,0.00000000,0.00,false,,
1790445947.921,hud,speed,,,,,"5.9 / 4.5",5.940
1790445947.921,hud,heading,,,,,"236° / 255°",235.800
1790445947.923,hud,drift,,,,,"186.65%",186.650
1790445947.923,hud,turns,,,,,"✗ turns: 3/15",
1790445947.923,hud,calib_s,,,,,"✓ Buffer 6s",
1790445947.924,marker,gnss,52.37162800,-1.24080000,105.00,true,,
1790445947.924,marker,dr,52.37101307,-1.24403859,124.20,true,,
1790445947.925,marker,reconciled,0.00000000,0.00000000,0.00,false,,
1790445947.971,hud,speed,,,,,"5.8 / 4.5",5.750
1790445947.971,hud,heading,,,,,"236° / 255°",235.600
1790445947.971,hud,drift,,,,,"186.03%",186.030
1790445947.972,hud,turns,,,,,"✗ turns: 3/15",
1790445947.972,hud,calib_s,,,,,"✓ Buffer 6s",
1790445947.973,marker,gnss,52.37162800,-1.24080000,105.00,true,,
1790445947.974,marker,dr,52.37100993,-1.24404518,124.40,true,,
1790445947.974,marker,reconciled,0.00000000,0.00000000,0.00,false,,
1790445948.021,hud,speed,,,,,"5.6 / 4.5",5.600
1790445948.021,hud,heading,,,,,"235° / 255°",235.300
1790445948.021,hud,drift,,,,,"185.39%",185.390
1790445948.021,hud,turns,,,,,"✗ turns: 3/15",
1790445948.022,hud,calib_s,,,,,"✓ Buffer 6s",
1790445948.022,marker,gnss,52.37162800,-1.24080000,105.00,true,,
1790445948.022,marker,dr,52.37100680,-1.24405159,124.70,true,,
1790445948.023,marker,reconciled,0.00000000,0.00000000,0.00,false,,
1790445948.072,hud,speed,,,,,"5.6 / 4.5",5.620
1790445948.073,hud,heading,,,,,"236° / 255°",235.600
1790445948.073,hud,drift,,,,,"184.74%",184.740
1790445948.073,hud,turns,,,,,"✗ turns: 3/15",
1790445948.073,hud,calib_s,,,,,"✓ Buffer 6s",
1790445948.073,marker,gnss,52.37162800,-1.24080000,105.00,true,,
1790445948.075,marker,dr,52.37100353,-1.24405800,124.40,true,,
1790445948.076,marker,reconciled,0.00000000,0.00000000,0.00,false,,
1790445948.123,hud,speed,,,,,"5.7 / 4.5",5.700
1790445948.124,hud,heading,,,,,"236° / 255°",235.800
1790445948.124,hud,drift,,,,,"184.12%",184.120
1790445948.124,hud,turns,,,,,"✗ turns: 3/15",
1790445948.124,hud,calib_s,,,,,"✓ Buffer 6s",
1790445948.125,marker,gnss,52.37162800,-1.24080000,105.00,true,,
1790445948.125,marker,dr,52.37100025,-1.24406432,124.20,true,,
1790445948.126,marker,reconciled,0.00000000,0.00000000,0.00,false,,
1790445948.176,hud,speed,,,,,"5.7 / 4.5",5.720
1790445948.176,hud,heading,,,,,"236° / 255°",235.800
1790445948.177,hud,drift,,,,,"183.50%",183.500
1790445948.177,hud,turns,,,,,"✗ turns: 3/15",
1790445948.177,hud,calib_s,,,,,"✓ Buffer 6s",
1790445948.179,marker,gnss,52.37162800,-1.24080000,105.00,true,,
1790445948.180,marker,dr,52.37099691,-1.24407071,124.20,true,,
1790445948.180,marker,reconciled,0.00000000,0.00000000,0.00,false,,
1790445948.225,hud,speed,,,,,"5.8 / 4.5",5.760
1790445948.225,hud,heading,,,,,"236° / 255°",235.700
1790445948.226,hud,drift,,,,,"182.88%",182.880
1790445948.226,hud,turns,,,,,"✗ turns: 3/15",
1790445948.226,hud,calib_s,,,,,"✓ Buffer 6s",
1790445948.227,marker,gnss,52.37162800,-1.24080000,105.00,true,,
1790445948.227,marker,dr,52.37099351,-1.24407720,124.30,true,,
1790445948.227,marker,reconciled,0.00000000,0.00000000,0.00,false,,
1790445948.275,hud,speed,,,,,"5.8 / 4.5",5.760
1790445948.275,hud,heading,,,,,"236° / 255°",235.600
1790445948.276,hud,drift,,,,,"182.27%",182.270
1790445948.276,hud,turns,,,,,"✗ turns: 3/15",
1790445948.276,hud,calib_s,,,,,"✓ Buffer 6s",
1790445948.277,marker,gnss,52.37162800,-1.24080000,105.00,true,,
1790445948.278,marker,dr,52.37099014,-1.24408361,124.40,true,,
1790445948.279,marker,reconciled,0.00000000,0.00000000,0.00,false,,
1790445948.328,hud,speed,,,,,"5.8 / 4.5",5.790
1790445948.329,hud,heading,,,,,"236° / 255°",235.600
1790445948.329,hud,drift,,,,,"181.67%",181.670
1790445948.329,hud,turns,,,,,"✗ turns: 3/15",
1790445948.329,hud,calib_s,,,,,"✓ Buffer 6s",
1790445948.330,marker,gnss,52.37162800,-1.24080000,105.00,true,,
1790445948.330,marker,dr,52.37098673,-1.24409004,124.40,true,,
1790445948.331,marker,reconciled,0.00000000,0.00000000,0.00,false,,
1790445948.378,hud,speed,,,,,"5.9 / 4.5",5.880
1790445948.378,hud,heading,,,,,"236° / 255°",235.700
1790445948.378,hud,drift,,,,,"181.09%",181.090
1790445948.379,hud,turns,,,,,"✗ turns: 3/15",
1790445948.379,hud,calib_s,,,,,"✓ Buffer 6s",
1790445948.381,marker,gnss,52.37162800,-1.24080000,105.00,true,,
1790445948.381,marker,dr,52.37098332,-1.24409654,124.30,true,,
1790445948.382,marker,reconciled,0.00000000,0.00000000,0.00,false,,
1790445948.431,hud,speed,,,,,"5.9 / 4.5",5.910
1790445948.431,hud,heading,,,,,"236° / 255°",235.700
1790445948.431,hud,drift,,,,,"180.50%",180.500
1790445948.432,hud,turns,,,,,"✗ turns: 3/15",
1790445948.432,hud,calib_s,,,,,"✓ Buffer 6s",
1790445948.432,marker,gnss,52.37162800,-1.24080000,105.00,true,,
1790445948.432,marker,dr,52.37097983,-1.24410310,124.30,true,,
1790445948.433,marker,reconciled,0.00000000,0.00000000,0.00,false,,
1790445948.480,hud,speed,,,,,"6.0 / 4.5",5.970
1790445948.480,hud,heading,,,,,"236° / 255°",235.900
1790445948.480,hud,drift,,,,,"179.93%",179.930
1790445948.481,hud,turns,,,,,"✗ turns: 3/15",
1790445948.481,hud,calib_s,,,,,"✓ Buffer 6s",
1790445948.481,marker,gnss,52.37162800,-1.24080000,105.00,true,,
1790445948.483,marker,dr,52.37097627,-1.24410971,124.10,true,,
1790445948.484,marker,reconciled,0.00000000,0.00000000,0.00,false,,
1790445948.531,hud,speed,,,,,"6.0 / 4.5",6.020
1790445948.532,hud,heading,,,,,"236° / 255°",236.000
1790445948.532,hud,drift,,,,,"179.36%",179.360
1790445948.532,hud,turns,,,,,"✗ turns: 3/15",
1790445948.532,hud,calib_s,,,,,"✓ Buffer 6s",
1790445948.533,marker,gnss,52.37162800,-1.24080000,105.00,true,,
1790445948.533,marker,dr,52.37097265,-1.24411634,124.00,true,,
1790445948.534,marker,reconciled,0.00000000,0.00000000,0.00,false,,
1790445948.581,hud,speed,,,,,"6.2 / 4.5",6.200
1790445948.581,hud,heading,,,,,"236° / 255°",236.100
1790445948.582,hud,drift,,,,,"178.80%",178.800
1790445948.582,hud,turns,,,,,"✗ turns: 3/15",
1790445948.582,hud,calib_s,,,,,"✓ Buffer 6s",
1790445948.584,marker,gnss,52.37162800,-1.24080000,105.00,true,,
1790445948.585,marker,dr,52.37096891,-1.24412327,123.90,true,,
1790445948.585,marker,reconciled,0.00000000,0.00000000,0.00,false,,
1790445948.631,hud,speed,,,,,"6.4 / 4.5",6.360
1790445948.631,hud,heading,,,,,"236° / 255°",236.000
1790445948.632,hud,drift,,,,,"178.28%",178.280
1790445948.632,hud,turns,,,,,"✗ turns: 3/15",
1790445948.632,hud,calib_s,,,,,"✓ Buffer 6s",
1790445948.632,marker,gnss,52.37162800,-1.24080000,105.00,true,,
1790445948.633,marker,dr,52.37096516,-1.24413025,124.00,true,,
1790445948.633,marker,reconciled,0.00000000,0.00000000,0.00,false,,
1790445948.685,hud,speed,,,,,"6.5 / 4.5",6.450
1790445948.685,hud,heading,,,,,"236° / 255°",236.200
1790445948.686,hud,drift,,,,,"177.75%",177.750
1790445948.686,hud,turns,,,,,"✗ turns: 3/15",
1790445948.686,hud,calib_s,,,,,"✓ Buffer 6s",
1790445948.687,marker,gnss,52.37162800,-1.24080000,105.00,true,,
1790445948.689,marker,dr,52.37096133,-1.24413742,123.80,true,,
1790445948.689,marker,reconciled,0.00000000,0.00000000,0.00,false,,
1790445948.733,hud,speed,,,,,"6.5 / 4.5",6.470
1790445948.733,hud,heading,,,,,"236° / 255°",236.100
1790445948.733,hud,drift,,,,,"177.23%",177.230
1790445948.734,hud,turns,,,,,"✗ turns: 3/15",
1790445948.734,hud,calib_s,,,,,"✓ Buffer 6s",
1790445948.734,marker,gnss,52.37162800,-1.24080000,105.00,true,,
1790445948.735,marker,dr,52.37095743,-1.24414465,123.90,true,,
1790445948.735,marker,reconciled,0.00000000,0.00000000,0.00,false,,
1790445948.783,hud,speed,,,,,"6.6 / 4.5",6.600
1790445948.783,hud,heading,,,,,"236° / 255°",236.200
1790445948.783,hud,drift,,,,,"176.73%",176.730
1790445948.784,hud,turns,,,,,"✗ turns: 3/15",
1790445948.784,hud,calib_s,,,,,"✓ Buffer 6s",
1790445948.785,marker,gnss,52.37162800,-1.24080000,105.00,true,,
1790445948.786,marker,dr,52.37095357,-1.24415194,123.80,true,,
1790445948.787,marker,reconciled,0.00000000,0.00000000,0.00,false,,
1790445948.834,hud,speed,,,,,"6.8 / 4.5",6.770
1790445948.834,hud,heading,,,,,"236° / 255°",236.300
1790445948.834,hud,drift,,,,,"176.24%",176.240
1790445948.835,hud,turns,,,,,"✗ turns: 3/15",
1790445948.835,hud,calib_s,,,,,"✓ Buffer 6s",
1790445948.835,marker,gnss,52.37162800,-1.24080000,105.00,true,,
1790445948.836,marker,dr,52.37094954,-1.24415961,123.70,true,,
1790445948.836,marker,reconciled,0.00000000,0.00000000,0.00,false,,
1790445948.885,hud,speed,,,,,"6.7 / 4.5",6.710
1790445948.885,hud,heading,,,,,"236° / 255°",235.700
1790445948.886,hud,drift,,,,,"175.76%",175.760
1790445948.886,hud,turns,,,,,"✗ turns: 3/15",
1790445948.886,hud,calib_s,,,,,"✓ Buffer 6s",
1790445948.887,marker,gnss,52.37162800,-1.24080000,105.00,true,,
1790445948.888,marker,dr,52.37094566,-1.24416714,124.30,true,,
1790445948.889,marker,reconciled,0.00000000,0.00000000,0.00,false,,
1790445948.938,hud,speed,,,,,"6.7 / 4.5",6.660
1790445948.939,hud,heading,,,,,"235° / 255°",235.400
1790445948.939,hud,drift,,,,,"175.27%",175.270
1790445948.939,hud,turns,,,,,"✗ turns: 3/15",
1790445948.940,hud,calib_s,,,,,"✓ Buffer 6s",
1790445948.940,marker,gnss,52.37162800,-1.24080000,105.00,true,,
1790445948.940,marker,dr,52.37094176,-1.24417453,124.60,true,,
1790445948.941,marker,reconciled,0.00000000,0.00000000,0.00,false,,
1790445948.986,hud,speed,,,,,"6.6 / 4.5",6.640
1790445948.986,hud,heading,,,,,"236° / 255°",235.600
1790445948.986,hud,drift,,,,,"174.78%",174.780
1790445948.987,hud,turns,,,,,"✗ turns: 3/15",
1790445948.987,hud,calib_s,,,,,"✓ Buffer 6s",
1790445948.988,marker,gnss,52.37162800,-1.24080000,105.00,true,,
1790445948.989,marker,dr,52.37093786,-1.24418189,124.40,true,,
1790445948.989,marker,reconciled,0.00000000,0.00000000,0.00,false,,
1790445949.037,hud,speed,,,,,"6.7 / 4.5",6.720
1790445949.038,hud,heading,,,,,"236° / 255°",235.900
1790445949.038,hud,drift,,,,,"174.31%",174.310
1790445949.038,hud,turns,,,,,"✗ turns: 3/15",
1790445949.039,hud,calib_s,,,,,"✓ Buffer 6s",
1790445949.039,marker,gnss,52.37162800,-1.24080000,105.00,true,,
1790445949.039,marker,dr,52.37093396,-1.24418930,124.10,true,,
1790445949.040,marker,reconciled,0.00000000,0.00000000,0.00,false,,
1790445949.087,hud,speed,,,,,"6.8 / 4.5",6.770
1790445949.087,hud,heading,,,,,"236° / 255°",236.100
1790445949.088,hud,drift,,,,,"173.84%",173.840
1790445949.088,hud,turns,,,,,"✗ turns: 3/15",
1790445949.088,hud,calib_s,,,,,"✓ Buffer 6s",
1790445949.089,marker,gnss,52.37162800,-1.24080000,105.00,true,,
1790445949.091,marker,dr,52.37093008,-1.24419699,123.90,true,,
1790445949.091,marker,reconciled,0.00000000,0.00000000,0.00,false,,
1790445949.138,hud,speed,,,,,"7.1 / 4.5",7.090
1790445949.138,hud,heading,,,,,"236° / 255°",236.100
1790445949.139,hud,drift,,,,,"173.41%",173.410
1790445949.139,hud,turns,,,,,"✗ turns: 3/15",
1790445949.139,hud,calib_s,,,,,"✓ Buffer 6s",
1790445949.140,marker,gnss,52.37162800,-1.24080000,105.00,true,,
1790445949.140,marker,dr,52.37092619,-1.24420526,123.90,true,,
1790445949.140,marker,reconciled,0.00000000,0.00000000,0.00,false,,
1790445949.192,hud,speed,,,,,"7.1 / 4.5",7.140
1790445949.193,hud,heading,,,,,"236° / 255°",235.900
1790445949.193,hud,drift,,,,,"172.98%",172.980
1790445949.193,hud,turns,,,,,"✗ turns: 3/15",
1790445949.193,hud,calib_s,,,,,"✓ Buffer 6s",
1790445949.194,marker,gnss,52.37162800,-1.24080000,105.00,true,,
1790445949.195,marker,dr,52.37092231,-1.24421362,124.10,true,,
1790445949.195,marker,reconciled,0.00000000,0.00000000,0.00,false,,
1790445949.240,hud,speed,,,,,"7.1 / 4.5",7.110
1790445949.240,hud,heading,,,,,"236° / 255°",235.500
1790445949.241,hud,drift,,,,,"172.56%",172.560
1790445949.241,hud,turns,,,,,"✗ turns: 3/15",
1790445949.241,hud,calib_s,,,,,"✓ Buffer 6s",
1790445949.241,marker,gnss,52.37162800,-1.24080000,105.00,true,,
1790445949.242,marker,dr,52.37091844,-1.24422205,124.50,true,,
1790445949.242,marker,reconciled,0.00000000,0.00000000,0.00,false,,
1790445949.293,hud,speed,,,,,"7.1 / 4.5",7.140
1790445949.294,hud,heading,,,,,"236° / 255°",235.800
1790445949.294,hud,drift,,,,,"172.14%",172.140
1790445949.294,hud,turns,,,,,"✗ turns: 3/15",
1790445949.295,hud,calib_s,,,,,"✓ Buffer 6s",
1790445949.295,marker,gnss,52.37162800,-1.24080000,105.00,true,,
1790445949.297,marker,dr,52.37091457,-1.24423042,124.20,true,,
1790445949.298,marker,reconciled,0.00000000,0.00000000,0.00,false,,
1790445949.342,hud,speed,,,,,"7.4 / 4.5",7.400
1790445949.342,hud,heading,,,,,"236° / 255°",235.900
1790445949.343,hud,drift,,,,,"171.74%",171.740
1790445949.343,hud,turns,,,,,"✗ turns: 3/15",
1790445949.343,hud,calib_s,,,,,"✓ Buffer 6s",
1790445949.344,marker,gnss,52.37162800,-1.24080000,105.00,true,,
1790445949.344,marker,dr,52.37091058,-1.24423911,124.10,true,,
1790445949.344,marker,reconciled,0.00000000,0.00000000,0.00,false,,
1790445949.395,hud,speed,,,,,"7.4 / 4.5",7.390
1790445949.396,hud,heading,,,,,"236° / 255°",236.000
1790445949.396,hud,drift,,,,,"171.35%",171.350
1790445949.396,hud,turns,,,,,"✗ turns: 3/15",
1790445949.397,hud,calib_s,,,,,"✓ Buffer 6s",
1790445949.398,marker,gnss,52.37162800,-1.24080000,105.00,true,,
1790445949.399,marker,dr,52.37090672,-1.24424782,124.00,true,,
1790445949.400,marker,reconciled,0.00000000,0.00000000,0.00,false,,
1790445949.447,hud,speed,,,,,"7.7 / 4.5",7.660
1790445949.447,hud,heading,,,,,"236° / 255°",236.000
1790445949.447,hud,drift,,,,,"170.98%",170.980
1790445949.448,hud,turns,,,,,"✗ turns: 3/15",
1790445949.448,hud,calib_s,,,,,"✓ Buffer 6s",
1790445949.448,marker,gnss,52.37162800,-1.24080000,105.00,true,,
1790445949.449,marker,dr,52.37090272,-1.24425712,124.00,true,,
1790445949.449,marker,reconciled,0.00000000,0.00000000,0.00,false,,
1790445949.496,hud,speed,,,,,"7.8 / 4.5",7.830
1790445949.496,hud,heading,,,,,"236° / 255°",235.700
1790445949.496,hud,drift,,,,,"170.63%",170.630
1790445949.497,hud,turns,,,,,"✗ turns: 3/15",
1790445949.497,hud,calib_s,,,,,"✓ Buffer 6s",
1790445949.497,marker,gnss,52.37162800,-1.24080000,105.00,true,,
1790445949.499,marker,dr,52.37089867,-1.24426653,124.30,true,,
1790445949.500,marker,reconciled,0.00000000,0.00000000,0.00,false,,
1790445949.546,hud,speed,,,,,"8.0 / 4.5",7.960
1790445949.546,hud,heading,,,,,"236° / 255°",235.500
1790445949.547,hud,drift,,,,,"170.29%",170.290
1790445949.547,hud,turns,,,,,"✗ turns: 3/15",
1790445949.547,hud,calib_s,,,,,"✓ Buffer 6s",
1790445949.548,marker,gnss,52.37162800,-1.24080000,105.00,true,,
1790445949.548,marker,dr,52.37089458,-1.24427596,124.50,true,,
1790445949.548,marker,reconciled,0.00000000,0.00000000,0.00,false,,
1790445949.600,hud,speed,,,,,"8.0 / 4.5",7.990
1790445949.600,hud,heading,,,,,"236° / 255°",235.600
1790445949.601,hud,drift,,,,,"169.95%",169.950
1790445949.601,hud,turns,,,,,"✗ turns: 3/15",
1790445949.601,hud,calib_s,,,,,"✓ Buffer 6s",
1790445949.603,marker,gnss,52.37162800,-1.24080000,105.00,true,,
1790445949.604,marker,dr,52.37089036,-1.24428559,124.40,true,,
1790445949.604,marker,reconciled,0.00000000,0.00000000,0.00,false,,
1790445949.649,hud,speed,,,,,"8.0 / 4.5",8.040
1790445949.649,hud,heading,,,,,"236° / 255°",235.600
1790445949.649,hud,drift,,,,,"169.63%",169.630
1790445949.649,hud,turns,,,,,"✗ turns: 3/15",
1790445949.650,hud,calib_s,,,,,"✓ Buffer 6s",
1790445949.650,marker,gnss,52.37162800,-1.24080000,105.00,true,,
1790445949.651,marker,dr,52.37088623,-1.24429513,124.40,true,,
1790445949.651,marker,reconciled,0.00000000,0.00000000,0.00,false,,
1790445949.701,hud,speed,,,,,"8.1 / 4.5",8.060
1790445949.702,hud,heading,,,,,"235° / 255°",235.400
1790445949.702,hud,drift,,,,,"169.30%",169.300
1790445949.702,hud,turns,,,,,"✗ turns: 3/15",
1790445949.702,hud,calib_s,,,,,"✓ Buffer 6s",
1790445949.703,marker,gnss,52.37162800,-1.24080000,105.00,true,,
1790445949.704,marker,dr,52.37088210,-1.24430484,124.60,true,,
1790445949.705,marker,reconciled,0.00000000,0.00000000,0.00,false,,
1790445949.749,hud,speed,,,,,"8.0 / 4.5",8.040
1790445949.749,hud,heading,,,,,"236° / 255°",235.500
1790445949.749,hud,drift,,,,,"168.97%",168.970
1790445949.749,hud,turns,,,,,"✗ turns: 3/15",
1790445949.750,hud,calib_s,,,,,"✓ Buffer 6s",
1790445949.750,marker,gnss,52.37162800,-1.24080000,105.00,true,,
1790445949.750,marker,dr,52.37087794,-1.24431463,124.50,true,,
1790445949.751,marker,reconciled,0.00000000,0.00000000,0.00,false,,
1790445949.801,hud,speed,,,,,"8.0 / 4.5",8.010
1790445949.801,hud,heading,,,,,"235° / 255°",235.400
1790445949.801,hud,drift,,,,,"168.65%",168.650
1790445949.801,hud,turns,,,,,"✗ turns: 3/15",
1790445949.802,hud,calib_s,,,,,"✓ Buffer 6s",
1790445949.804,marker,gnss,52.37162800,-1.24080000,105.00,true,,
1790445949.804,marker,dr,52.37087391,-1.24432422,124.60,true,,
1790445949.805,marker,reconciled,0.00000000,0.00000000,0.00,false,,
1790445949.853,hud,speed,,,,,"8.0 / 4.5",7.990
1790445949.853,hud,heading,,,,,"235° / 255°",235.200
1790445949.854,hud,drift,,,,,"168.33%",168.330
1790445949.854,hud,turns,,,,,"✗ turns: 3/15",
1790445949.854,hud,calib_s,,,,,"✓ Buffer 6s",
1790445949.854,marker,gnss,52.37162800,-1.24080000,105.00,true,,
1790445949.855,marker,dr,52.37086980,-1.24433398,124.80,true,,
1790445949.855,marker,reconciled,0.00000000,0.00000000,0.00,false,,
1790445949.907,hud,speed,,,,,"7.9 / 4.5",7.900
1790445949.907,hud,heading,,,,,"235° / 255°",235.000
1790445949.907,hud,drift,,,,,"168.00%",168.000
1790445949.908,hud,turns,,,,,"✗ turns: 3/15",
1790445949.908,hud,calib_s,,,,,"✓ Buffer 6s",
1790445949.908,marker,gnss,52.37162800,-1.24080000,105.00,true,,
1790445949.910,marker,dr,52.37086577,-1.24434353,125.00,true,,
1790445949.910,marker,reconciled,0.00000000,0.00000000,0.00,false,,
1790445949.961,hud,speed,,,,,"7.9 / 4.5",7.850
1790445949.961,hud,heading,,,,,"235° / 255°",235.000
1790445949.961,hud,drift,,,,,"167.67%",167.670
1790445949.961,hud,turns,,,,,"✗ turns: 3/15",
1790445949.962,hud,calib_s,,,,,"✓ Buffer 6s",
1790445949.962,marker,gnss,52.37162800,-1.24080000,105.00,true,,
1790445949.963,marker,dr,52.37086178,-1.24435305,125.00,true,,
1790445949.963,marker,reconciled,0.00000000,0.00000000,0.00,false,,
1790445950.006,hud,speed,,,,,"7.8 / 4.5",7.800
1790445950.007,hud,heading,,,,,"235° / 255°",235.100
1790445950.007,hud,drift,,,,,"167.34%",167.340
1790445950.007,hud,turns,,,,,"✗ turns: 3/15",
1790445950.007,hud,calib_s,,,,,"✓ Buffer 6s",
1790445950.009,marker,gnss,52.37162800,-1.24080000,105.00,true,,
1790445950.009,marker,dr,52.37085784,-1.24436252,124.90,true,,
1790445950.010,marker,reconciled,0.00000000,0.00000000,0.00,false,,
1790445950.059,hud,speed,,,,,"7.7 / 4.5",7.740
1790445950.059,hud,heading,,,,,"235° / 255°",235.100
1790445950.059,hud,drift,,,,,"167.01%",167.010
1790445950.059,hud,turns,,,,,"✗ turns: 3/15",
1790445950.060,hud,calib_s,,,,,"✓ Buffer 6s",
1790445950.060,marker,gnss,52.37162800,-1.24080000,105.00,true,,
1790445950.060,marker,dr,52.37085393,-1.24437192,124.90,true,,
1790445950.061,marker,reconciled,0.00000000,0.00000000,0.00,false,,
1790445950.113,hud,speed,,,,,"7.7 / 4.5",7.670
1790445950.114,hud,heading,,,,,"235° / 255°",235.200
1790445950.114,hud,drift,,,,,"166.68%",166.680
1790445950.115,hud,turns,,,,,"✗ turns: 3/15",
1790445950.115,hud,calib_s,,,,,"✓ Buffer 6s",
1790445950.115,marker,gnss,52.37162800,-1.24080000,105.00,true,,
1790445950.117,marker,dr,52.37085004,-1.24438122,124.80,true,,
1790445950.118,marker,reconciled,0.00000000,0.00000000,0.00,false,,
1790445950.160,hud,speed,,,,,"7.6 / 4.5",7.590
1790445950.160,hud,heading,,,,,"235° / 255°",235.200
1790445950.160,hud,drift,,,,,"166.35%",166.350
1790445950.160,hud,turns,,,,,"✗ turns: 3/15",
1790445950.161,hud,calib_s,,,,,"✓ Buffer 6s",
1790445950.161,marker,gnss,52.37162800,-1.24080000,105.00,true,,
1790445950.161,marker,dr,52.37084621,-1.24439045,124.80,true,,
1790445950.162,marker,reconciled,0.00000000,0.00000000,0.00,false,,
1790445950.212,hud,speed,,,,,"7.5 / 4.5",7.510
1790445950.212,hud,heading,,,,,"235° / 255°",235.100
1790445950.212,hud,drift,,,,,"166.01%",166.010
1790445950.213,hud,turns,,,,,"✗ turns: 3/15",
1790445950.213,hud,calib_s,,,,,"✓ Buffer 6s",
1790445950.215,marker,gnss,52.37162800,-1.24080000,105.00,true,,
1790445950.215,marker,dr,52.37084243,-1.24439959,124.90,true,,
1790445950.216,marker,reconciled,0.00000000,0.00000000,0.00,false,,
1790445950.261,hud,speed,,,,,"7.4 / 4.5",7.430
1790445950.261,hud,heading,,,,,"235° / 255°",234.900
1790445950.262,hud,drift,,,,,"165.67%",165.670
1790445950.262,hud,turns,,,,,"✗ turns: 3/15",
1790445950.262,hud,calib_s,,,,,"✓ Buffer 6s",
1790445950.263,marker,gnss,52.37162800,-1.24080000,105.00,true,,
1790445950.263,marker,dr,52.37083870,-1.24440851,125.10,true,,
1790445950.264,marker,reconciled,0.00000000,0.00000000,0.00,false,,
1790445950.313,hud,speed,,,,,"7.3 / 4.5",7.340
1790445950.313,hud,heading,,,,,"235° / 255°",234.900
1790445950.313,hud,drift,,,,,"165.32%",165.320
1790445950.314,hud,turns,,,,,"✗ turns: 3/15",
1790445950.314,hud,calib_s,,,,,"✓ Buffer 6s",
1790445950.314,marker,gnss,52.37162800,-1.24080000,105.00,true,,
1790445950.316,marker,dr,52.37083495,-1.24441738,125.10,true,,
1790445950.317,marker,reconciled,0.00000000,0.00000000,0.00,false,,
1790445950.362,hud,speed,,,,,"7.3 / 4.5",7.250
1790445950.363,hud,heading,,,,,"235° / 255°",235.000
1790445950.363,hud,drift,,,,,"164.97%",164.970
1790445950.363,hud,turns,,,,,"✗ turns: 3/15",
1790445950.363,hud,calib_s,,,,,"✓ Buffer 6s",
1790445950.364,marker,gnss,52.37162800,-1.24080000,105.00,true,,
1790445950.364,marker,dr,52.37083122,-1.24442610,125.00,true,,
1790445950.365,marker,reconciled,0.00000000,0.00000000,0.00,false,,
1790445950.413,hud,speed,,,,,"7.1 / 4.5",7.140
1790445950.413,hud,heading,,,,,"235° / 255°",234.900
1790445950.414,hud,drift,,,,,"164.61%",164.610
1790445950.414,hud,turns,,,,,"✗ turns: 3/15",
1790445950.414,hud,calib_s,,,,,"✓ Buffer 6s",
1790445950.416,marker,gnss,52.37162800,-1.24080000,105.00,true,,
1790445950.417,marker,dr,52.37082749,-1.24443464,125.10,true,,
1790445950.417,marker,reconciled,0.00000000,0.00000000,0.00,false,,
1790445950.466,hud,speed,,,,,"7.0 / 4.5",7.030
1790445950.467,hud,heading,,,,,"235° / 255°",234.800
1790445950.467,hud,drift,,,,,"164.25%",164.250
1790445950.467,hud,turns,,,,,"✗ turns: 3/15",
1790445950.467,hud,calib_s,,,,,"✓ Buffer 6s",
1790445950.467,marker,gnss,52.37162800,-1.24080000,105.00,true,,
1790445950.468,marker,dr,52.37082376,-1.24444297,125.20,true,,
1790445950.468,marker,reconciled,0.00000000,0.00000000,0.00,false,,
1790445950.517,hud,speed,,,,,"6.9 / 4.5",6.910
1790445950.517,hud,heading,,,,,"235° / 255°",234.700
1790445950.517,hud,drift,,,,,"163.87%",163.870
1790445950.518,hud,turns,,,,,"✗ turns: 3/15",
1790445950.518,hud,calib_s,,,,,"✓ Buffer 6s",
1790445950.519,marker,gnss,52.37162800,-1.24080000,105.00,true,,
1790445950.521,marker,dr,52.37082000,-1.24445116,125.30,true,,
1790445950.521,marker,reconciled,0.00000000,0.00000000,0.00,false,,
1790445950.566,hud,speed,,,,,"6.8 / 4.5",6.790
1790445950.567,hud,heading,,,,,"235° / 255°",234.600
1790445950.567,hud,drift,,,,,"163.50%",163.500
1790445950.567,hud,turns,,,,,"✗ turns: 3/15",
1790445950.567,hud,calib_s,,,,,"✓ Buffer 6s",
1790445950.568,marker,gnss,52.37162800,-1.24080000,105.00,true,,
1790445950.568,marker,dr,52.37081631,-1.24445894,125.40,true,,
1790445950.569,marker,reconciled,0.00000000,0.00000000,0.00,false,,
1790445950.620,hud,speed,,,,,"6.7 / 4.5",6.700
1790445950.620,hud,heading,,,,,"234° / 255°",234.300
1790445950.620,hud,drift,,,,,"163.11%",163.110
1790445950.620,hud,turns,,,,,"✗ turns: 3/15",
1790445950.621,hud,calib_s,,,,,"✓ Buffer 6s",
1790445950.622,marker,gnss,52.37162800,-1.24080000,105.00,true,,
1790445950.623,marker,dr,52.37081248,-1.24446664,125.70,true,,
1790445950.624,marker,reconciled,0.00000000,0.00000000,0.00,false,,
1790445950.670,hud,speed,,,,,"6.6 / 4.5",6.600
1790445950.670,hud,heading,,,,,"234° / 255°",234.200
1790445950.671,hud,drift,,,,,"162.71%",162.710
1790445950.671,hud,turns,,,,,"✗ turns: 3/15",
1790445950.671,hud,calib_s,,,,,"✓ Buffer 6s",
1790445950.671,marker,gnss,52.37162800,-1.24080000,105.00,true,,
1790445950.672,marker,dr,52.37080867,-1.24447401,125.80,true,,
1790445950.672,marker,reconciled,0.00000000,0.00000000,0.00,false,,
1790445950.754,hud,speed,,,,,"6.5 / 4.5",6.480
1790445950.755,hud,heading,,,,,"234° / 255°",234.100
1790445950.755,hud,drift,,,,,"162.31%",162.310
1790445950.756,hud,turns,,,,,"✗ turns: 3/15",
1790445950.756,hud,calib_s,,,,,"✓ Buffer 6s",
1790445950.757,marker,gnss,52.37162800,-1.24080000,105.00,true,,
1790445950.759,marker,dr,52.37080490,-1.24448105,125.90,true,,
1790445950.759,marker,reconciled,0.00000000,0.00000000,0.00,false,,
1790445950.808,hud,speed,,,,,"6.4 / 4.5",6.390
1790445950.809,hud,heading,,,,,"234° / 255°",234.100
1790445950.809,hud,drift,,,,,"161.90%",161.900
1790445950.810,hud,turns,,,,,"✗ turns: 3/15",
1790445950.810,hud,calib_s,,,,,"✓ Buffer 6s",
1790445950.811,marker,gnss,52.37162800,-1.24080000,105.00,true,,
1790445950.812,marker,dr,52.37080101,-1.24448799,125.90,true,,
1790445950.812,marker,reconciled,0.00000000,0.00000000,0.00,false,,
1790445950.862,hud,speed,,,,,"6.2 / 4.5",6.240
1790445950.862,hud,heading,,,,,"234° / 255°",234.100
1790445950.863,hud,drift,,,,,"161.48%",161.480
1790445950.863,hud,turns,,,,,"✗ turns: 3/15",
1790445950.864,hud,calib_s,,,,,"✓ Buffer 6s",
1790445950.865,marker,gnss,52.37162800,-1.24080000,105.00,true,,
1790445950.866,marker,dr,52.37079715,-1.24449457,125.90,true,,
1790445950.867,marker,reconciled,0.00000000,0.00000000,0.00,false,,
1790445950.902,hud,speed,,,,,"6.1 / 4.5",6.110
1790445950.903,hud,heading,,,,,"234° / 255°",234.300
1790445950.903,hud,drift,,,,,"161.06%",161.060
1790445950.904,hud,turns,,,,,"✗ turns: 3/15",
1790445950.904,hud,calib_s,,,,,"✓ Buffer 6s",
1790445950.905,marker,gnss,52.37162800,-1.24080000,105.00,true,,
1790445950.905,marker,dr,52.37079330,-1.24450083,125.70,true,,
1790445950.906,marker,reconciled,0.00000000,0.00000000,0.00,false,,
1790445950.955,hud,speed,,,,,"6.0 / 4.5",6.040
1790445950.955,hud,heading,,,,,"234° / 255°",234.400
1790445950.956,hud,drift,,,,,"160.62%",160.620
1790445950.956,hud,turns,,,,,"✗ turns: 3/15",
1790445950.957,hud,calib_s,,,,,"✓ Buffer 6s",
1790445950.957,marker,gnss,52.37162800,-1.24080000,105.00,true,,
1790445950.959,marker,dr,52.37078933,-1.24450701,125.60,true,,
1790445950.960,marker,reconciled,0.00000000,0.00000000,0.00,false,,
1790445951.014,hud,speed,,,,,"6.0 / 4.5",5.990
1790445951.014,hud,heading,,,,,"234° / 255°",234.300
1790445951.015,hud,drift,,,,,"160.19%",160.190
1790445951.015,hud,turns,,,,,"✗ turns: 3/15",
1790445951.016,hud,calib_s,,,,,"✓ Buffer 6s",
1790445951.016,marker,gnss,52.37162800,-1.24080000,105.00,true,,
1790445951.017,marker,dr,52.37078537,-1.24451299,125.70,true,,
1790445951.018,marker,reconciled,0.00000000,0.00000000,0.00,false,,
1790445951.067,hud,speed,,,,,"6.0 / 4.5",5.960
1790445951.067,hud,heading,,,,,"234° / 255°",234.300
1790445951.068,hud,drift,,,,,"159.75%",159.750
1790445951.068,hud,turns,,,,,"✗ turns: 3/15",
1790445951.068,hud,calib_s,,,,,"✓ Buffer 6s",
1790445951.070,marker,gnss,52.37162800,-1.24080000,105.00,true,,
1790445951.071,marker,dr,52.37078139,-1.24451889,125.70,true,,
1790445951.071,marker,reconciled,0.00000000,0.00000000,0.00,false,,
1790445951.106,hud,speed,,,,,"6.0 / 4.5",6.000
1790445951.107,hud,heading,,,,,"234° / 255°",234.200
1790445951.107,hud,drift,,,,,"159.32%",159.320
1790445951.107,hud,turns,,,,,"✗ turns: 3/15",
1790445951.108,hud,calib_s,,,,,"✓ Buffer 6s",
1790445951.108,marker,gnss,52.37162800,-1.24080000,105.00,true,,
1790445951.109,marker,dr,52.37077737,-1.24452475,125.80,true,,
1790445951.109,marker,reconciled,0.00000000,0.00000000,0.00,false,,
1790445951.159,hud,speed,,,,,"6.0 / 4.5",6.020
1790445951.159,hud,heading,,,,,"234° / 255°",234.100
1790445951.160,hud,drift,,,,,"158.90%",158.900
1790445951.160,hud,turns,,,,,"✗ turns: 3/15",
1790445951.160,hud,calib_s,,,,,"✓ Buffer 6s",
1790445951.161,marker,gnss,52.37162800,-1.24080000,105.00,true,,
1790445951.163,marker,dr,52.37077333,-1.24453048,125.90,true,,
1790445951.163,marker,reconciled,0.00000000,0.00000000,0.00,false,,
1790445951.200,hud,speed,,,,,"6.0 / 4.5",6.010
1790445951.200,hud,heading,,,,,"234° / 255°",234.300
1790445951.201,hud,drift,,,,,"158.47%",158.470
1790445951.201,hud,turns,,,,,"✗ turns: 3/15",
1790445951.201,hud,calib_s,,,,,"✓ Buffer 6s",
1790445951.202,marker,gnss,52.37162800,-1.24080000,105.00,true,,
1790445951.203,marker,dr,52.37076919,-1.24453623,125.70,true,,
1790445951.203,marker,reconciled,0.00000000,0.00000000,0.00,false,,
1790445951.236,hud,speed,,,,,"6.1 / 4.5",6.050
1790445951.236,hud,heading,,,,,"234° / 255°",234.400
1790445951.236,hud,drift,,,,,"158.05%",158.050
1790445951.237,hud,turns,,,,,"✗ turns: 3/15",
1790445951.237,hud,calib_s,,,,,"✓ Buffer 6s",
1790445951.238,marker,gnss,52.37162800,-1.24080000,105.00,true,,
1790445951.239,marker,dr,52.37076498,-1.24454198,125.60,true,,
1790445951.239,marker,reconciled,0.00000000,0.00000000,0.00,false,,
1790445951.285,hud,speed,,,,,"6.1 / 4.5",6.110
1790445951.285,hud,heading,,,,,"234° / 255°",234.400
1790445951.286,hud,drift,,,,,"157.63%",157.630
1790445951.286,hud,turns,,,,,"✗ turns: 3/15",
1790445951.286,hud,calib_s,,,,,"✓ Buffer 6s",
1790445951.287,marker,gnss,52.37162800,-1.24080000,105.00,true,,
1790445951.287,marker,dr,52.37076077,-1.24454786,125.60,true,,
1790445951.287,marker,reconciled,0.00000000,0.00000000,0.00,false,,
1790445951.337,hud,speed,,,,,"6.2 / 4.5",6.200
1790445951.337,hud,heading,,,,,"234° / 255°",234.300
1790445951.337,hud,drift,,,,,"157.22%",157.220
1790445951.338,hud,turns,,,,,"✗ turns: 3/15",
1790445951.338,hud,calib_s,,,,,"✓ Buffer 6s",
1790445951.338,marker,gnss,52.37162800,-1.24080000,105.00,true,,
1790445951.340,marker,dr,52.37075650,-1.24455391,125.70,true,,
1790445951.341,marker,reconciled,0.00000000,0.00000000,0.00,false,,
1790445951.401,hud,speed,,,,,"6.3 / 4.5",6.270
1790445951.401,hud,heading,,,,,"234° / 255°",234.100
1790445951.401,hud,drift,,,,,"156.82%",156.820
1790445951.402,hud,turns,,,,,"✗ turns: 3/15",
1790445951.402,hud,calib_s,,,,,"✓ Buffer 6s",
1790445951.403,marker,gnss,52.37162800,-1.24080000,105.00,true,,
1790445951.404,marker,dr,52.37075227,-1.24456000,125.90,true,,
1790445951.404,marker,reconciled,0.00000000,0.00000000,0.00,false,,
1790445951.448,hud,speed,,,,,"6.4 / 4.5",6.350
1790445951.448,hud,heading,,,,,"234° / 255°",234.200
1790445951.449,hud,drift,,,,,"156.43%",156.430
1790445951.449,hud,turns,,,,,"✗ turns: 3/15",
1790445951.449,hud,calib_s,,,,,"✓ Buffer 6s",
1790445951.449,marker,gnss,52.37162800,-1.24080000,105.00,true,,
1790445951.450,marker,dr,52.37074802,-1.24456626,125.80,true,,
1790445951.450,marker,reconciled,0.00000000,0.00000000,0.00,false,,
1790445951.501,hud,speed,,,,,"6.4 / 4.5",6.380
1790445951.502,hud,heading,,,,,"234° / 255°",234.300
1790445951.502,hud,drift,,,,,"156.05%",156.050
1790445951.502,hud,turns,,,,,"✗ turns: 3/15",
1790445951.503,hud,calib_s,,,,,"✓ Buffer 6s",
1790445951.503,marker,gnss,52.37162800,-1.24080000,105.00,true,,
1790445951.504,marker,dr,52.37074379,-1.24457264,125.70,true,,
1790445951.505,marker,reconciled,0.00000000,0.00000000,0.00,false,,
1790445951.548,hud,speed,,,,,"6.4 / 4.5",6.400
1790445951.548,hud,heading,,,,,"234° / 255°",234.300
1790445951.549,hud,drift,,,,,"155.68%",155.680
1790445951.549,hud,turns,,,,,"✗ turns: 3/15",
1790445951.549,hud,calib_s,,,,,"✓ Buffer 6s",
1790445951.549,marker,gnss,52.37162800,-1.24080000,105.00,true,,
1790445951.550,marker,dr,52.37073963,-1.24457918,125.70,true,,
1790445951.550,marker,reconciled,0.00000000,0.00000000,0.00,false,,
1790445951.599,hud,speed,,,,,"6.5 / 4.5",6.470
1790445951.600,hud,heading,,,,,"234° / 255°",234.100
1790445951.600,hud,drift,,,,,"155.31%",155.310
1790445951.600,hud,turns,,,,,"✗ turns: 3/15",
1790445951.600,hud,calib_s,,,,,"✓ Buffer 6s",
1790445951.602,marker,gnss,52.37162800,-1.24080000,105.00,true,,
1790445951.603,marker,dr,52.37073556,-1.24458595,125.90,true,,
1790445951.603,marker,reconciled,0.00000000,0.00000000,0.00,false,,
1790445951.650,hud,speed,,,,,"6.5 / 4.5",6.500
1790445951.650,hud,heading,,,,,"234° / 255°",234.000
1790445951.650,hud,drift,,,,,"154.96%",154.960
1790445951.651,hud,turns,,,,,"✗ turns: 3/15",
1790445951.651,hud,calib_s,,,,,"✓ Buffer 6s",
1790445951.651,marker,gnss,52.37162800,-1.24080000,105.00,true,,
1790445951.652,marker,dr,52.37073159,-1.24459279,126.00,true,,
1790445951.652,marker,reconciled,0.00000000,0.00000000,0.00,false,,
1790445951.701,hud,speed,,,,,"6.6 / 4.5",6.550
1790445951.702,hud,heading,,,,,"234° / 255°",233.900
1790445951.702,hud,drift,,,,,"154.61%",154.610
1790445951.703,hud,turns,,,,,"✗ turns: 3/15",
1790445951.703,hud,calib_s,,,,,"✓ Buffer 6s",
1790445951.703,marker,gnss,52.37162800,-1.24080000,105.00,true,,
1790445951.705,marker,dr,52.37072763,-1.24459987,126.10,true,,
1790445951.705,marker,reconciled,0.00000000,0.00000000,0.00,false,,
1790445951.753,hud,speed,,,,,"6.6 / 5.5",6.570
1790445951.753,hud,heading,,,,,"234° / 49°",233.800
1790445951.753,hud,drift,,,,,"151.25%",151.250
1790445951.754,hud,turns,,,,,"✗ turns: 3/15",
1790445951.754,hud,calib_s,,,,,"✓ Buffer 6s",
1790445951.754,marker,gnss,52.37153000,-1.24140500,310.80,true,,
1790445951.755,marker,dr,52.37072374,-1.24460710,126.20,true,,
1790445951.755,marker,reconciled,0.00000000,0.00000000,0.00,false,,
1790445951.802,hud,speed,,,,,"6.6 / 5.5",6.580
1790445951.803,hud,heading,,,,,"234° / 49°",233.600
1790445951.803,hud,drift,,,,,"151.45%",151.450
1790445951.803,hud,turns,,,,,"✗ turns: 3/15",
1790445951.803,hud,calib_s,,,,,"✓ Buffer 6s",
1790445951.805,marker,gnss,52.37153000,-1.24140500,310.80,true,,
1790445951.806,marker,dr,52.37071990,-1.24461454,126.40,true,,
1790445951.806,marker,reconciled,0.00000000,0.00000000,0.00,false,,
1790445951.854,hud,speed,,,,,"6.6 / 5.5",6.630
1790445951.854,hud,heading,,,,,"234° / 49°",233.500
1790445951.855,hud,drift,,,,,"151.66%",151.660
1790445951.855,hud,turns,,,,,"✗ turns: 3/15",
1790445951.855,hud,calib_s,,,,,"✓ Buffer 6s",
1790445951.855,marker,gnss,52.37153000,-1.24140500,310.80,true,,
1790445951.856,marker,dr,52.37071610,-1.24462199,126.50,true,,
1790445951.856,marker,reconciled,0.00000000,0.00000000,0.00,false,,
1790445951.904,hud,speed,,,,,"6.6 / 5.5",6.640
1790445951.905,hud,heading,,,,,"233° / 49°",233.400
1790445951.905,hud,drift,,,,,"151.87%",151.870
1790445951.905,hud,turns,,,,,"✗ turns: 3/15",
1790445951.906,hud,calib_s,,,,,"✓ Buffer 6s",
1790445951.906,marker,gnss,52.37153000,-1.24140500,310.80,true,,
1790445951.908,marker,dr,52.37071236,-1.24462955,126.60,true,,
1790445951.909,marker,reconciled,0.00000000,0.00000000,0.00,false,,
1790445951.955,hud,speed,,,,,"6.6 / 5.5",6.640
1790445951.955,hud,heading,,,,,"233° / 49°",233.400
1790445951.956,hud,drift,,,,,"152.07%",152.070
1790445951.956,hud,turns,,,,,"✗ turns: 3/15",
1790445951.956,hud,calib_s,,,,,"✓ Buffer 6s",
1790445951.956,marker,gnss,52.37153000,-1.24140500,310.80,true,,
1790445951.957,marker,dr,52.37070875,-1.24463717,126.60,true,,
1790445951.957,marker,reconciled,0.00000000,0.00000000,0.00,false,,
1790445952.005,hud,speed,,,,,"6.6 / 5.5",6.590
1790445952.005,hud,heading,,,,,"234° / 49°",233.600
1790445952.006,hud,drift,,,,,"152.28%",152.280
1790445952.006,hud,turns,,,,,"✗ turns: 3/15",
1790445952.006,hud,calib_s,,,,,"✓ Buffer 6s",
1790445952.008,marker,gnss,52.37153000,-1.24140500,310.80,true,,
1790445952.008,marker,dr,52.37070516,-1.24464498,126.40,true,,
1790445952.009,marker,reconciled,0.00000000,0.00000000,0.00,false,,
1790445952.057,hud,speed,,,,,"6.6 / 5.5",6.560
1790445952.057,hud,heading,,,,,"234° / 49°",233.600
1790445952.058,hud,drift,,,,,"152.48%",152.480
1790445952.058,hud,turns,,,,,"✗ turns: 3/15",
1790445952.058,hud,calib_s,,,,,"✓ Buffer 6s",
1790445952.059,marker,gnss,52.37153000,-1.24140500,310.80,true,,
1790445952.059,marker,dr,52.37070174,-1.24465271,126.40,true,,
1790445952.060,marker,reconciled,0.00000000,0.00000000,0.00,false,,
1790445952.108,hud,speed,,,,,"6.6 / 5.5",6.550
1790445952.109,hud,heading,,,,,"234° / 49°",233.600
1790445952.109,hud,drift,,,,,"152.69%",152.690
1790445952.109,hud,turns,,,,,"✗ turns: 3/15",
1790445952.110,hud,calib_s,,,,,"✓ Buffer 6s",
1790445952.110,marker,gnss,52.37153000,-1.24140500,310.80,true,,
1790445952.112,marker,dr,52.37069838,-1.24466062,126.40,true,,
1790445952.113,marker,reconciled,0.00000000,0.00000000,0.00,false,,
1790445952.158,hud,speed,,,,,"6.6 / 5.5",6.550
1790445952.158,hud,heading,,,,,"234° / 49°",233.500
1790445952.159,hud,drift,,,,,"152.90%",152.900
1790445952.159,hud,turns,,,,,"✗ turns: 3/15",
1790445952.159,hud,calib_s,,,,,"✓ Buffer 6s",
1790445952.159,marker,gnss,52.37153000,-1.24140500,310.80,true,,
1790445952.160,marker,dr,52.37069508,-1.24466871,126.50,true,,
1790445952.160,marker,reconciled,0.00000000,0.00000000,0.00,false,,
1790445952.209,hud,speed,,,,,"6.6 / 5.5",6.620
1790445952.209,hud,heading,,,,,"233° / 49°",233.300
1790445952.210,hud,drift,,,,,"153.11%",153.110
1790445952.210,hud,turns,,,,,"✗ turns: 3/15",
1790445952.210,hud,calib_s,,,,,"✓ Buffer 6s",
1790445952.212,marker,gnss,52.37153000,-1.24140500,310.80,true,,
1790445952.213,marker,dr,52.37069183,-1.24467688,126.70,true,,
1790445952.213,marker,reconciled,0.00000000,0.00000000,0.00,false,,
1790445952.259,hud,speed,,,,,"6.7 / 5.5",6.680
1790445952.259,hud,heading,,,,,"233° / 49°",233.300
1790445952.260,hud,drift,,,,,"153.32%",153.320
1790445952.260,hud,turns,,,,,"✗ turns: 3/15",
1790445952.260,hud,calib_s,,,,,"✓ Buffer 6s",
1790445952.260,marker,gnss,52.37153000,-1.24140500,310.80,true,,
1790445952.261,marker,dr,52.37068859,-1.24468518,126.70,true,,
1790445952.261,marker,reconciled,0.00000000,0.00000000,0.00,false,,
1790445952.311,hud,speed,,,,,"6.8 / 5.5",6.800
1790445952.312,hud,heading,,,,,"234° / 49°",233.500
1790445952.312,hud,drift,,,,,"153.54%",153.540
1790445952.312,hud,turns,,,,,"✗ turns: 3/15",
1790445952.312,hud,calib_s,,,,,"✓ Buffer 6s",
1790445952.313,marker,gnss,52.37153000,-1.24140500,310.80,true,,
1790445952.315,marker,dr,52.37068533,-1.24469351,126.50,true,,
1790445952.315,marker,reconciled,0.00000000,0.00000000,0.00,false,,
1790445952.363,hud,speed,,,,,"6.9 / 5.5",6.870
1790445952.363,hud,heading,,,,,"234° / 49°",233.700
1790445952.363,hud,drift,,,,,"153.76%",153.760
1790445952.364,hud,turns,,,,,"✗ turns: 3/15",
1790445952.364,hud,calib_s,,,,,"✓ Buffer 6s",
1790445952.364,marker,gnss,52.37153000,-1.24140500,310.80,true,,
1790445952.365,marker,dr,52.37068202,-1.24470203,126.30,true,,
1790445952.365,marker,reconciled,0.00000000,0.00000000,0.00,false,,
1790445952.414,hud,speed,,,,,"6.9 / 5.5",6.920
1790445952.414,hud,heading,,,,,"234° / 49°",233.800
1790445952.415,hud,drift,,,,,"153.98%",153.980
1790445952.415,hud,turns,,,,,"✗ turns: 3/15",
1790445952.415,hud,calib_s,,,,,"✓ Buffer 6s",
1790445952.417,marker,gnss,52.37153000,-1.24140500,310.80,true,,
1790445952.417,marker,dr,52.37067875,-1.24471065,126.20,true,,
1790445952.418,marker,reconciled,0.00000000,0.00000000,0.00,false,,
1790445952.468,hud,speed,,,,,"6.9 / 5.5",6.900
1790445952.469,hud,heading,,,,,"233° / 49°",233.400
1790445952.469,hud,drift,,,,,"154.21%",154.210
1790445952.469,hud,turns,,,,,"✗ turns: 3/15",
1790445952.470,hud,calib_s,,,,,"✓ Buffer 6s",
1790445952.470,marker,gnss,52.37153000,-1.24140500,310.80,true,,
1790445952.471,marker,dr,52.37067554,-1.24471947,126.60,true,,
1790445952.471,marker,reconciled,0.00000000,0.00000000,0.00,false,,
1790445952.515,hud,speed,,,,,"7.0 / 5.5",6.980
1790445952.516,hud,heading,,,,,"233° / 49°",233.200
1790445952.516,hud,drift,,,,,"154.43%",154.430
1790445952.516,hud,turns,,,,,"✗ turns: 3/15",
1790445952.516,hud,calib_s,,,,,"✓ Buffer 6s",
1790445952.517,marker,gnss,52.37153000,-1.24140500,310.80,true,,
1790445952.518,marker,dr,52.37067236,-1.24472835,126.80,true,,
1790445952.519,marker,reconciled,0.00000000,0.00000000,0.00,false,,
1790445952.566,hud,speed,,,,,"7.1 / 5.5",7.110
1790445952.567,hud,heading,,,,,"233° / 49°",233.200
1790445952.567,hud,drift,,,,,"154.67%",154.670
1790445952.567,hud,turns,,,,,"✗ turns: 3/15",
1790445952.568,hud,calib_s,,,,,"✓ Buffer 6s",
1790445952.568,marker,gnss,52.37153000,-1.24140500,310.80,true,,
1790445952.568,marker,dr,52.37066908,-1.24473764,126.80,true,,
1790445952.569,marker,reconciled,0.00000000,0.00000000,0.00,false,,
1790445952.617,hud,speed,,,,,"7.3 / 5.5",7.260
1790445952.618,hud,heading,,,,,"233° / 49°",233.400
1790445952.618,hud,drift,,,,,"154.91%",154.910
1790445952.618,hud,turns,,,,,"✗ turns: 3/15",
1790445952.618,hud,calib_s,,,,,"✓ Buffer 6s",
1790445952.620,marker,gnss,52.37153000,-1.24140500,310.80,true,,
1790445952.621,marker,dr,52.37066583,-1.24474666,126.60,true,,
1790445952.621,marker,reconciled,0.00000000,0.00000000,0.00,false,,
1790445952.667,hud,speed,,,,,"7.4 / 5.5",7.360
1790445952.667,hud,heading,,,,,"234° / 49°",233.600
1790445952.667,hud,drift,,,,,"155.16%",155.160
1790445952.668,hud,turns,,,,,"✗ turns: 3/15",
1790445952.668,hud,calib_s,,,,,"✓ Buffer 6s",
1790445952.668,marker,gnss,52.37153000,-1.24140500,310.80,true,,
1790445952.669,marker,dr,52.37066249,-1.24475600,126.40,true,,
1790445952.669,marker,reconciled,0.00000000,0.00000000,0.00,false,,
1790445952.719,hud,speed,,,,,"7.4 / 5.5",7.410
1790445952.719,hud,heading,,,,,"234° / 49°",233.700
1790445952.719,hud,drift,,,,,"155.40%",155.400
1790445952.719,hud,turns,,,,,"✗ turns: 3/15",
1790445952.720,hud,calib_s,,,,,"✓ Buffer 6s",
1790445952.720,marker,gnss,52.37153000,-1.24140500,310.80,true,,
1790445952.722,marker,dr,52.37065916,-1.24476542,126.30,true,,
1790445952.722,marker,reconciled,0.00000000,0.00000000,0.00,false,,
1790445952.773,hud,speed,,,,,"7.5 / 5.5",7.460
1790445952.773,hud,heading,,,,,"234° / 49°",233.700
1790445952.773,hud,drift,,,,,"155.65%",155.650
1790445952.774,hud,turns,,,,,"✗ turns: 3/15",
1790445952.774,hud,calib_s,,,,,"✓ Buffer 6s",
1790445952.774,marker,gnss,52.37153000,-1.24140500,310.80,true,,
1790445952.775,marker,dr,52.37065582,-1.24477490,126.30,true,,
1790445952.775,marker,reconciled,0.00000000,0.00000000,0.00,false,,
1790445952.821,hud,speed,,,,,"7.6 / 5.5",7.550
1790445952.821,hud,heading,,,,,"233° / 49°",233.400
1790445952.822,hud,drift,,,,,"155.90%",155.900
1790445952.822,hud,turns,,,,,"✗ turns: 3/15",
1790445952.822,hud,calib_s,,,,,"✓ Buffer 6s",
1790445952.824,marker,gnss,52.37153000,-1.24140500,310.80,true,,
1790445952.825,marker,dr,52.37065239,-1.24478449,126.60,true,,
1790445952.825,marker,reconciled,0.00000000,0.00000000,0.00,false,,
1790445952.873,hud,speed,,,,,"7.6 / 5.5",7.640
1790445952.873,hud,heading,,,,,"233° / 49°",233.000
1790445952.873,hud,drift,,,,,"156.16%",156.160
1790445952.874,hud,turns,,,,,"✗ turns: 3/15",
1790445952.874,hud,calib_s,,,,,"✓ Buffer 6s",
1790445952.874,marker,gnss,52.37153000,-1.24140500,310.80,true,,
1790445952.875,marker,dr,52.37064903,-1.24479420,127.00,true,,
1790445952.875,marker,reconciled,0.00000000,0.00000000,0.00,false,,
1790445952.924,hud,speed,,,,,"7.7 / 5.5",7.730
1790445952.924,hud,heading,,,,,"233° / 49°",232.700
1790445952.924,hud,drift,,,,,"156.42%",156.420
1790445952.925,hud,turns,,,,,"✗ turns: 3/15",
1790445952.925,hud,calib_s,,,,,"✓ Buffer 6s",
1790445952.925,marker,gnss,52.37153000,-1.24140500,310.80,true,,
1790445952.927,marker,dr,52.37064565,-1.24480424,127.30,true,,
1790445952.928,marker,reconciled,0.00000000,0.00000000,0.00,false,,
1790445952.976,hud,speed,,,,,"7.8 / 5.5",7.840
1790445952.976,hud,heading,,,,,"233° / 49°",232.600
1790445952.977,hud,drift,,,,,"156.70%",156.700
1790445952.977,hud,turns,,,,,"✗ turns: 3/15",
1790445952.977,hud,calib_s,,,,,"✓ Buffer 6s",
1790445952.978,marker,gnss,52.37153000,-1.24140500,310.80,true,,
1790445952.978,marker,dr,52.37064223,-1.24481453,127.40,true,,
1790445952.979,marker,reconciled,0.00000000,0.00000000,0.00,false,,
1790445953.028,hud,speed,,,,,"8.0 / 5.5",7.970
1790445953.029,hud,heading,,,,,"233° / 49°",232.600
1790445953.029,hud,drift,,,,,"156.98%",156.980
1790445953.029,hud,turns,,,,,"✗ turns: 3/15",
1790445953.029,hud,calib_s,,,,,"✓ Buffer 6s",
1790445953.031,marker,gnss,52.37153000,-1.24140500,310.80,true,,
1790445953.032,marker,dr,52.37063871,-1.24482494,127.40,true,,
1790445953.032,marker,reconciled,0.00000000,0.00000000,0.00,false,,
1790445953.076,hud,speed,,,,,"8.1 / 5.5",8.100
1790445953.077,hud,heading,,,,,"233° / 49°",232.700
1790445953.077,hud,drift,,,,,"157.26%",157.260
1790445953.077,hud,turns,,,,,"✗ turns: 3/15",
1790445953.077,hud,calib_s,,,,,"✓ Buffer 6s",
1790445953.078,marker,gnss,52.37153000,-1.24140500,310.80,true,,
1790445953.078,marker,dr,52.37063518,-1.24483549,127.30,true,,
1790445953.079,marker,reconciled,0.00000000,0.00000000,0.00,false,,
1790445953.129,hud,speed,,,,,"8.2 / 5.5",8.170
1790445953.129,hud,heading,,,,,"233° / 49°",232.500
1790445953.130,hud,drift,,,,,"157.55%",157.550
1790445953.130,hud,turns,,,,,"✗ turns: 3/15",
1790445953.130,hud,calib_s,,,,,"✓ Buffer 6s",
1790445953.131,marker,gnss,52.37153000,-1.24140500,310.80,true,,
1790445953.133,marker,dr,52.37063153,-1.24484619,127.50,true,,
1790445953.133,marker,reconciled,0.00000000,0.00000000,0.00,false,,
1790445953.177,hud,speed,,,,,"8.2 / 5.5",8.200
1790445953.178,hud,heading,,,,,"232° / 49°",232.400
1790445953.178,hud,drift,,,,,"157.83%",157.830
1790445953.178,hud,turns,,,,,"✗ turns: 3/15",
1790445953.178,hud,calib_s,,,,,"✓ Buffer 6s",
1790445953.179,marker,gnss,52.37153000,-1.24140500,310.80,true,,
1790445953.179,marker,dr,52.37062794,-1.24485688,127.60,true,,
1790445953.180,marker,reconciled,0.00000000,0.00000000,0.00,false,,
1790445953.230,hud,speed,,,,,"8.3 / 5.5",8.300
1790445953.230,hud,heading,,,,,"232° / 49°",232.100
1790445953.231,hud,drift,,,,,"158.12%",158.120
1790445953.231,hud,turns,,,,,"✗ turns: 3/15",
1790445953.231,hud,calib_s,,,,,"✓ Buffer 6s",
1790445953.233,marker,gnss,52.37153000,-1.24140500,310.80,true,,
1790445953.234,marker,dr,52.37062437,-1.24486775,127.90,true,,
1790445953.234,marker,reconciled,0.00000000,0.00000000,0.00,false,,
1790445953.284,hud,speed,,,,,"8.4 / 5.5",8.350
1790445953.284,hud,heading,,,,,"232° / 49°",232.000
1790445953.284,hud,drift,,,,,"158.41%",158.410
1790445953.285,hud,turns,,,,,"✗ turns: 3/15",
1790445953.285,hud,calib_s,,,,,"✓ Buffer 6s",
1790445953.285,marker,gnss,52.37153000,-1.24140500,310.80,true,,
1790445953.286,marker,dr,52.37062090,-1.24487873,128.00,true,,
1790445953.286,marker,reconciled,0.00000000,0.00000000,0.00,false,,
1790445953.332,hud,speed,,,,,"8.4 / 5.5",8.410
1790445953.332,hud,heading,,,,,"232° / 49°",232.000
1790445953.332,hud,drift,,,,,"158.72%",158.720
1790445953.333,hud,turns,,,,,"✗ turns: 3/15",
1790445953.333,hud,calib_s,,,,,"✓ Buffer 6s",
1790445953.333,marker,gnss,52.37153000,-1.24140500,310.80,true,,
1790445953.335,marker,dr,52.37061736,-1.24489012,128.00,true,,
1790445953.336,marker,reconciled,0.00000000,0.00000000,0.00,false,,
1790445953.384,hud,speed,,,,,"8.5 / 5.5",8.460
1790445953.384,hud,heading,,,,,"232° / 49°",232.000
1790445953.384,hud,drift,,,,,"159.01%",159.010
1790445953.384,hud,turns,,,,,"✗ turns: 3/15",
1790445953.385,hud,calib_s,,,,,"✓ Buffer 6s",
1790445953.385,marker,gnss,52.37153000,-1.24140500,310.80,true,,
1790445953.385,marker,dr,52.37061391,-1.24490136,128.00,true,,
1790445953.386,marker,reconciled,0.00000000,0.00000000,0.00,false,,
1790445953.433,hud,speed,,,,,"8.5 / 5.5",8.540
1790445953.434,hud,heading,,,,,"232° / 49°",232.000
1790445953.434,hud,drift,,,,,"159.32%",159.320
1790445953.434,hud,turns,,,,,"✗ turns: 3/15",
1790445953.434,hud,calib_s,,,,,"✓ Buffer 6s",
1790445953.435,marker,gnss,52.37153000,-1.24140500,310.80,true,,
1790445953.436,marker,dr,52.37061041,-1.24491291,128.00,true,,
1790445953.436,marker,reconciled,0.00000000,0.00000000,0.00,false,,
1790445953.484,hud,speed,,,,,"8.6 / 5.5",8.610
1790445953.484,hud,heading,,,,,"232° / 49°",231.700
1790445953.485,hud,drift,,,,,"159.62%",159.620
1790445953.485,hud,turns,,,,,"✗ turns: 3/15",
1790445953.485,hud,calib_s,,,,,"✓ Buffer 6s",
1790445953.485,marker,gnss,52.37153000,-1.24140500,310.80,true,,
1790445953.485,marker,dr,52.37060692,-1.24492434,128.30,true,,
1790445953.486,marker,reconciled,0.00000000,0.00000000,0.00,false,,
1790445953.539,hud,speed,,,,,"8.5 / 5.5",8.530
1790445953.540,hud,heading,,,,,"232° / 49°",231.600
1790445953.540,hud,drift,,,,,"159.92%",159.920
1790445953.540,hud,turns,,,,,"✗ turns: 3/15",
1790445953.541,hud,calib_s,,,,,"✓ Buffer 6s",
1790445953.541,marker,gnss,52.37153000,-1.24140500,310.80,true,,
1790445953.543,marker,dr,52.37060359,-1.24493602,128.40,true,,
1790445953.544,marker,reconciled,0.00000000,0.00000000,0.00,false,,
1790445953.586,hud,speed,,,,,"8.6 / 5.5",8.550
1790445953.586,hud,heading,,,,,"231° / 49°",231.400
1790445953.587,hud,drift,,,,,"160.22%",160.220
1790445953.587,hud,turns,,,,,"✗ turns: 3/15",
1790445953.587,hud,calib_s,,,,,"✓ Buffer 6s",
1790445953.587,marker,gnss,52.37153000,-1.24140500,310.80,true,,
1790445953.588,marker,dr,52.37060030,-1.24494770,128.60,true,,
1790445953.588,marker,reconciled,0.00000000,0.00000000,0.00,false,,
1790445953.637,hud,speed,,,,,"8.5 / 5.5",8.500
1790445953.637,hud,heading,,,,,"231° / 49°",231.400
1790445953.637,hud,drift,,,,,"160.52%",160.520
1790445953.637,hud,turns,,,,,"✗ turns: 3/15",
1790445953.638,hud,calib_s,,,,,"✓ Buffer 6s",
1790445953.639,marker,gnss,52.37153000,-1.24140500,310.80,true,,
1790445953.640,marker,dr,52.37059713,-1.24495953,128.60,true,,
1790445953.640,marker,reconciled,0.00000000,0.00000000,0.00,false,,
1790445953.692,hud,speed,,,,,"8.6 / 5.5",8.600
1790445953.692,hud,heading,,,,,"232° / 49°",231.600
1790445953.693,hud,drift,,,,,"160.81%",160.810
1790445953.693,hud,turns,,,,,"✗ turns: 3/15",
1790445953.693,hud,calib_s,,,,,"✓ Buffer 6s",
1790445953.694,marker,gnss,52.37153000,-1.24140500,310.80,true,,
1790445953.694,marker,dr,52.37059400,-1.24497131,128.40,true,,
1790445953.695,marker,reconciled,0.00000000,0.00000000,0.00,false,,
1790445953.738,hud,speed,,,,,"8.6 / 5.5",8.570
1790445953.738,hud,heading,,,,,"232° / 49°",231.700
1790445953.739,hud,drift,,,,,"161.10%",161.100
1790445953.739,hud,turns,,,,,"✗ turns: 3/15",
1790445953.739,hud,calib_s,,,,,"✓ Buffer 6s",
1790445953.740,marker,gnss,52.37153000,-1.24140500,310.80,true,,
1790445953.741,marker,dr,52.37059098,-1.24498303,128.30,true,,
1790445953.742,marker,reconciled,0.00000000,0.00000000,0.00,false,,
1790445953.793,hud,speed,,,,,"8.5 / 5.5",8.510
1790445953.793,hud,heading,,,,,"232° / 49°",231.900
1790445953.794,hud,drift,,,,,"161.38%",161.380
1790445953.794,hud,turns,,,,,"✗ turns: 3/15",
1790445953.794,hud,calib_s,,,,,"✓ Buffer 6s",
1790445953.795,marker,gnss,52.37153000,-1.24140500,310.80,true,,
1790445953.795,marker,dr,52.37058802,-1.24499464,128.10,true,,
1790445953.796,marker,reconciled,0.00000000,0.00000000,0.00,false,,
1790445953.844,hud,speed,,,,,"8.4 / 5.5",8.430
1790445953.845,hud,heading,,,,,"232° / 49°",231.800
1790445953.845,hud,drift,,,,,"161.66%",161.660
1790445953.845,hud,turns,,,,,"✗ turns: 3/15",
1790445953.845,hud,calib_s,,,,,"✓ Buffer 6s",
1790445953.847,marker,gnss,52.37153000,-1.24140500,310.80,true,,
1790445953.847,marker,dr,52.37058514,-1.24500629,128.20,true,,
1790445953.848,marker,reconciled,0.00000000,0.00000000,0.00,false,,
1790445953.898,hud,speed,,,,,"8.3 / 5.5",8.290
1790445953.899,hud,heading,,,,,"232° / 49°",231.900
1790445953.899,hud,drift,,,,,"161.93%",161.930
1790445953.899,hud,turns,,,,,"✗ turns: 3/15",
1790445953.900,hud,calib_s,,,,,"✓ Buffer 6s",
1790445953.900,marker,gnss,52.37153000,-1.24140500,310.80,true,,
1790445953.901,marker,dr,52.37058237,-1.24501786,128.10,true,,
1790445953.901,marker,reconciled,0.00000000,0.00000000,0.00,false,,
1790445953.945,hud,speed,,,,,"8.1 / 5.5",8.120
1790445953.945,hud,heading,,,,,"232° / 49°",231.900
1790445953.946,hud,drift,,,,,"162.19%",162.190
1790445953.946,hud,turns,,,,,"✗ turns: 3/15",
1790445953.946,hud,calib_s,,,,,"✓ Buffer 6s",
1790445953.947,marker,gnss,52.37153000,-1.24140500,310.80,true,,
1790445953.948,marker,dr,52.37057973,-1.24502903,128.10,true,,
1790445953.949,marker,reconciled,0.00000000,0.00000000,0.00,false,,
1790445953.996,hud,speed,,,,,"8.0 / 5.5",7.970
1790445953.997,hud,heading,,,,,"232° / 49°",231.800
1790445953.997,hud,drift,,,,,"162.44%",162.440
1790445953.997,hud,turns,,,,,"✗ turns: 3/15",
1790445953.997,hud,calib_s,,,,,"✓ Buffer 6s",
1790445953.998,marker,gnss,52.37153000,-1.24140500,310.80,true,,
1790445953.998,marker,dr,52.37057709,-1.24504024,128.20,true,,
1790445953.999,marker,reconciled,0.00000000,0.00000000,0.00,false,,
1790445954.049,hud,speed,,,,,"7.9 / 5.5",7.870
1790445954.049,hud,heading,,,,,"232° / 49°",231.800
1790445954.049,hud,drift,,,,,"162.67%",162.670
1790445954.050,hud,turns,,,,,"✗ turns: 3/15",
1790445954.050,hud,calib_s,,,,,"✓ Buffer 6s",
1790445954.051,marker,gnss,52.37153000,-1.24140500,310.80,true,,
1790445954.052,marker,dr,52.37057456,-1.24505113,128.20,true,,
1790445954.052,marker,reconciled,0.00000000,0.00000000,0.00,false,,
1790445954.097,hud,speed,,,,,"7.8 / 5.5",7.780
1790445954.097,hud,heading,,,,,"232° / 49°",231.800
1790445954.098,hud,drift,,,,,"162.91%",162.910
1790445954.098,hud,turns,,,,,"✗ turns: 3/15",
1790445954.098,hud,calib_s,,,,,"✓ Buffer 6s",
1790445954.099,marker,gnss,52.37153000,-1.24140500,310.80,true,,
1790445954.099,marker,dr,52.37057200,-1.24506205,128.20,true,,
1790445954.100,marker,reconciled,0.00000000,0.00000000,0.00,false,,
1790445954.149,hud,speed,,,,,"7.7 / 5.5",7.710
1790445954.150,hud,heading,,,,,"232° / 49°",231.800
1790445954.150,hud,drift,,,,,"163.14%",163.140
1790445954.150,hud,turns,,,,,"✗ turns: 3/15",
1790445954.151,hud,calib_s,,,,,"✓ Buffer 6s",
1790445954.151,marker,gnss,52.37153000,-1.24140500,310.80,true,,
1790445954.153,marker,dr,52.37056944,-1.24507276,128.20,true,,
1790445954.153,marker,reconciled,0.00000000,0.00000000,0.00,false,,
1790445954.202,hud,speed,,,,,"7.7 / 5.5",7.680
1790445954.202,hud,heading,,,,,"232° / 49°",231.700
1790445954.203,hud,drift,,,,,"163.36%",163.360
1790445954.203,hud,turns,,,,,"✗ turns: 3/15",
1790445954.203,hud,calib_s,,,,,"✓ Buffer 6s",
1790445954.204,marker,gnss,52.37153000,-1.24140500,310.80,true,,
1790445954.204,marker,dr,52.37056693,-1.24508334,128.30,true,,
1790445954.205,marker,reconciled,0.00000000,0.00000000,0.00,false,,
1790445954.248,hud,speed,,,,,"7.6 / 5.5",7.630
1790445954.248,hud,heading,,,,,"232° / 49°",231.600
1790445954.249,hud,drift,,,,,"163.59%",163.590
1790445954.249,hud,turns,,,,,"✗ turns: 3/15",
1790445954.249,hud,calib_s,,,,,"✓ Buffer 6s",
1790445954.251,marker,gnss,52.37153000,-1.24140500,310.80,true,,
1790445954.251,marker,dr,52.37056434,-1.24509406,128.40,true,,
1790445954.252,marker,reconciled,0.00000000,0.00000000,0.00,false,,
1790445954.302,hud,speed,,,,,"7.5 / 5.5",7.530
1790445954.302,hud,heading,,,,,"231° / 49°",231.400
1790445954.303,hud,drift,,,,,"163.81%",163.810
1790445954.303,hud,turns,,,,,"✗ turns: 3/15",
1790445954.303,hud,calib_s,,,,,"✓ Buffer 6s",
1790445954.303,marker,gnss,52.37153000,-1.24140500,310.80,true,,
1790445954.304,marker,dr,52.37056185,-1.24510461,128.60,true,,
1790445954.304,marker,reconciled,0.00000000,0.00000000,0.00,false,,
1790445954.350,hud,speed,,,,,"7.6 / 5.5",7.550
1790445954.351,hud,heading,,,,,"232° / 49°",231.500
1790445954.351,hud,drift,,,,,"164.02%",164.020
1790445954.351,hud,turns,,,,,"✗ turns: 3/15",
1790445954.351,hud,calib_s,,,,,"✓ Buffer 6s",
1790445954.352,marker,gnss,52.37153000,-1.24140500,310.80,true,,
1790445954.353,marker,dr,52.37055934,-1.24511503,128.50,true,,
1790445954.353,marker,reconciled,0.00000000,0.00000000,0.00,false,,
1790445954.402,hud,speed,,,,,"7.6 / 5.5",7.550
1790445954.402,hud,heading,,,,,"232° / 49°",231.700
1790445954.402,hud,drift,,,,,"164.23%",164.230
1790445954.403,hud,turns,,,,,"✗ turns: 3/15",
1790445954.403,hud,calib_s,,,,,"✓ Buffer 6s",
1790445954.403,marker,gnss,52.37153000,-1.24140500,310.80,true,,
1790445954.404,marker,dr,52.37055679,-1.24512543,128.30,true,,
1790445954.404,marker,reconciled,0.00000000,0.00000000,0.00,false,,
1790445954.453,hud,speed,,,,,"7.6 / 5.5",7.630
1790445954.454,hud,heading,,,,,"232° / 49°",231.800
1790445954.454,hud,drift,,,,,"164.45%",164.450
1790445954.454,hud,turns,,,,,"✗ turns: 3/15",
1790445954.454,hud,calib_s,,,,,"✓ Buffer 6s",
1790445954.456,marker,gnss,52.37153000,-1.24140500,310.80,true,,
1790445954.456,marker,dr,52.37055415,-1.24513587,128.20,true,,
1790445954.457,marker,reconciled,0.00000000,0.00000000,0.00,false,,
1790445954.505,hud,speed,,,,,"7.6 / 5.5",7.630
1790445954.506,hud,heading,,,,,"232° / 49°",231.800
1790445954.506,hud,drift,,,,,"164.66%",164.660
1790445954.506,hud,turns,,,,,"✗ turns: 3/15",
1790445954.507,hud,calib_s,,,,,"✓ Buffer 6s",
1790445954.507,marker,gnss,52.37153000,-1.24140500,310.80,true,,
1790445954.508,marker,dr,52.37055140,-1.24514623,128.20,true,,
1790445954.508,marker,reconciled,0.00000000,0.00000000,0.00,false,,
1790445954.556,hud,speed,,,,,"7.7 / 5.5",7.690
1790445954.556,hud,heading,,,,,"232° / 49°",231.900
1790445954.556,hud,drift,,,,,"164.87%",164.870
1790445954.557,hud,turns,,,,,"✗ turns: 3/15",
1790445954.557,hud,calib_s,,,,,"✓ Buffer 6s",
1790445954.557,marker,gnss,52.37153000,-1.24140500,310.80,true,,
1790445954.559,marker,dr,52.37054852,-1.24515652,128.10,true,,
1790445954.559,marker,reconciled,0.00000000,0.00000000,0.00,false,,
1790445954.610,hud,speed,,,,,"7.7 / 5.5",7.710
1790445954.610,hud,heading,,,,,"232° / 49°",231.800
1790445954.611,hud,drift,,,,,"165.09%",165.090
1790445954.611,hud,turns,,,,,"✗ turns: 3/15",
1790445954.611,hud,calib_s,,,,,"✓ Buffer 6s",
1790445954.612,marker,gnss,52.37153000,-1.24140500,310.80,true,,
1790445954.612,marker,dr,52.37054554,-1.24516679,128.20,true,,
1790445954.613,marker,reconciled,0.00000000,0.00000000,0.00,false,,
1790445954.659,hud,speed,,,,,"7.8 / 5.5",7.760
1790445954.660,hud,heading,,,,,"232° / 49°",231.800
1790445954.660,hud,drift,,,,,"165.30%",165.300
1790445954.660,hud,turns,,,,,"✗ turns: 3/15",
1790445954.661,hud,calib_s,,,,,"✓ Buffer 6s",
1790445954.662,marker,gnss,52.37153000,-1.24140500,310.80,true,,
1790445954.663,marker,dr,52.37054243,-1.24517703,128.20,true,,
1790445954.664,marker,reconciled,0.00000000,0.00000000,0.00,false,,
1790445954.709,hud,speed,,,,,"7.8 / 5.5",7.830
1790445954.709,hud,heading,,,,,"232° / 49°",231.900
1790445954.710,hud,drift,,,,,"165.52%",165.520
1790445954.710,hud,turns,,,,,"✗ turns: 3/15",
1790445954.710,hud,calib_s,,,,,"✓ Buffer 6s",
1790445954.711,marker,gnss,52.37153000,-1.24140500,310.80,true,,
1790445954.711,marker,dr,52.37053919,-1.24518739,128.10,true,,
1790445954.712,marker,reconciled,0.00000000,0.00000000,0.00,false,,
1790445954.760,hud,speed,,,,,"7.9 / 5.5",7.940
1790445954.760,hud,heading,,,,,"232° / 49°",232.100
1790445954.761,hud,drift,,,,,"165.74%",165.740
1790445954.761,hud,turns,,,,,"✗ turns: 3/15",
1790445954.761,hud,calib_s,,,,,"✓ Buffer 6s",
1790445954.761,marker,gnss,52.37153000,-1.24140500,310.80,true,,
1790445954.763,marker,dr,52.37053583,-1.24519792,127.90,true,,
1790445954.764,marker,reconciled,0.00000000,0.00000000,0.00,false,,
1790445954.819,hud,speed,,,,,"8.0 / 5.5",8.040
1790445954.819,hud,heading,,,,,"232° / 49°",232.200
1790445954.819,hud,drift,,,,,"165.96%",165.960
1790445954.820,hud,turns,,,,,"✗ turns: 3/15",
1790445954.820,hud,calib_s,,,,,"✓ Buffer 6s",
1790445954.820,marker,gnss,52.37153000,-1.24140500,310.80,true,,
1790445954.821,marker,dr,52.37053256,-1.24520799,127.80,true,,
1790445954.821,marker,reconciled,0.00000000,0.00000000,0.00,false,,
1790445954.862,hud,speed,,,,,"8.1 / 5.5",8.140
1790445954.863,hud,heading,,,,,"232° / 49°",232.300
1790445954.863,hud,drift,,,,,"166.18%",166.180
1790445954.863,hud,turns,,,,,"✗ turns: 3/15",
1790445954.864,hud,calib_s,,,,,"✓ Buffer 6s",
1790445954.865,marker,gnss,52.37153000,-1.24140500,310.80,true,,
1790445954.866,marker,dr,52.37052905,-1.24521841,127.70,true,,
1790445954.866,marker,reconciled,0.00000000,0.00000000,0.00,false,,
1790445954.912,hud,speed,,,,,"8.2 / 5.5",8.200
1790445954.912,hud,heading,,,,,"232° / 49°",232.300
1790445954.912,hud,drift,,,,,"166.41%",166.410
1790445954.913,hud,turns,,,,,"✗ turns: 3/15",
1790445954.913,hud,calib_s,,,,,"✓ Buffer 6s",
1790445954.913,marker,gnss,52.37153000,-1.24140500,310.80,true,,
1790445954.914,marker,dr,52.37052543,-1.24522885,127.70,true,,
1790445954.914,marker,reconciled,0.00000000,0.00000000,0.00,false,,
1790445954.964,hud,speed,,,,,"8.3 / 5.5",8.290
1790445954.964,hud,heading,,,,,"232° / 49°",232.300
1790445954.965,hud,drift,,,,,"166.64%",166.640
1790445954.965,hud,turns,,,,,"✗ turns: 3/15",
1790445954.965,hud,calib_s,,,,,"✓ Buffer 6s",
1790445954.965,marker,gnss,52.37153000,-1.24140500,310.80,true,,
1790445954.968,marker,dr,52.37052168,-1.24523931,127.70,true,,
1790445954.968,marker,reconciled,0.00000000,0.00000000,0.00,false,,
1790445955.020,hud,speed,,,,,"8.4 / 5.5",8.360
1790445955.020,hud,heading,,,,,"232° / 49°",232.400
1790445955.020,hud,drift,,,,,"166.87%",166.870
1790445955.021,hud,turns,,,,,"✗ turns: 3/15",
1790445955.021,hud,calib_s,,,,,"✓ Buffer 6s",
1790445955.022,marker,gnss,52.37153000,-1.24140500,310.80,true,,
1790445955.022,marker,dr,52.37051777,-1.24524987,127.60,true,,
1790445955.023,marker,reconciled,0.00000000,0.00000000,0.00,false,,
1790445955.068,hud,speed,,,,,"8.4 / 5.5",8.420
1790445955.068,hud,heading,,,,,"232° / 49°",232.300
1790445955.068,hud,drift,,,,,"167.11%",167.110
1790445955.068,hud,turns,,,,,"✗ turns: 3/15",
1790445955.068,hud,calib_s,,,,,"✓ Buffer 6s",
1790445955.070,marker,gnss,52.37153000,-1.24140500,310.80,true,,
1790445955.070,marker,dr,52.37051384,-1.24526041,127.70,true,,
1790445955.071,marker,reconciled,0.00000000,0.00000000,0.00,false,,
1790445955.115,hud,speed,,,,,"8.4 / 5.5",8.360
1790445955.116,hud,heading,,,,,"232° / 49°",232.400
1790445955.116,hud,drift,,,,,"167.34%",167.340
1790445955.116,hud,turns,,,,,"✗ turns: 3/15",
1790445955.116,hud,calib_s,,,,,"✓ Buffer 6s",
1790445955.117,marker,gnss,52.37153000,-1.24140500,310.80,true,,
1790445955.117,marker,dr,52.37050994,-1.24527074,127.60,true,,
1790445955.117,marker,reconciled,0.00000000,0.00000000,0.00,false,,
1790445955.166,hud,speed,,,,,"8.4 / 5.5",8.360
1790445955.166,hud,heading,,,,,"232° / 49°",232.200
1790445955.167,hud,drift,,,,,"167.57%",167.570
1790445955.167,hud,turns,,,,,"✗ turns: 3/15",
1790445955.167,hud,calib_s,,,,,"✓ Buffer 6s",
1790445955.167,marker,gnss,52.37153000,-1.24140500,310.80,true,,
1790445955.169,marker,dr,52.37050596,-1.24528115,127.80,true,,
1790445955.169,marker,reconciled,0.00000000,0.00000000,0.00,false,,
1790445955.220,hud,speed,,,,,"8.4 / 5.5",8.390
1790445955.220,hud,heading,,,,,"232° / 49°",232.300
1790445955.220,hud,drift,,,,,"167.80%",167.800
1790445955.220,hud,turns,,,,,"✗ turns: 3/15",
1790445955.221,hud,calib_s,,,,,"✓ Buffer 6s",
1790445955.221,marker,gnss,52.37153000,-1.24140500,310.80,true,,
1790445955.222,marker,dr,52.37050187,-1.24529163,127.70,true,,
1790445955.222,marker,reconciled,0.00000000,0.00000000,0.00,false,,
1790445955.266,hud,speed,,,,,"8.4 / 5.5",8.420
1790445955.267,hud,heading,,,,,"232° / 49°",232.100
1790445955.267,hud,drift,,,,,"168.03%",168.030
1790445955.267,hud,turns,,,,,"✗ turns: 3/15",
1790445955.267,hud,calib_s,,,,,"✓ Buffer 6s",
1790445955.269,marker,gnss,52.37153000,-1.24140500,310.80,true,,
1790445955.269,marker,dr,52.37049774,-1.24530201,127.90,true,,
1790445955.270,marker,reconciled,0.00000000,0.00000000,0.00,false,,
1790445955.319,hud,speed,,,,,"8.5 / 5.5",8.490
1790445955.320,hud,heading,,,,,"232° / 49°",232.200
1790445955.320,hud,drift,,,,,"168.25%",168.250
1790445955.320,hud,turns,,,,,"✗ turns: 3/15",
1790445955.320,hud,calib_s,,,,,"✓ Buffer 6s",
1790445955.321,marker,gnss,52.37153000,-1.24140500,310.80,true,,
1790445955.321,marker,dr,52.37049360,-1.24531234,127.80,true,,
1790445955.322,marker,reconciled,0.00000000,0.00000000,0.00,false,,
1790445955.369,hud,speed,,,,,"8.5 / 5.5",8.460
1790445955.369,hud,heading,,,,,"232° / 49°",232.200
1790445955.370,hud,drift,,,,,"168.49%",168.490
1790445955.370,hud,turns,,,,,"✗ turns: 3/15",
1790445955.370,hud,calib_s,,,,,"✓ Buffer 6s",
1790445955.371,marker,gnss,52.37153000,-1.24140500,310.80,true,,
1790445955.372,marker,dr,52.37048937,-1.24532281,127.80,true,,
1790445955.373,marker,reconciled,0.00000000,0.00000000,0.00,false,,
1790445955.424,hud,speed,,,,,"8.5 / 5.5",8.490
1790445955.425,hud,heading,,,,,"232° / 49°",232.400
1790445955.425,hud,drift,,,,,"168.71%",168.710
1790445955.425,hud,turns,,,,,"✗ turns: 3/15",
1790445955.426,hud,calib_s,,,,,"✓ Buffer 6s",
1790445955.426,marker,gnss,52.37153000,-1.24140500,310.80,true,,
1790445955.427,marker,dr,52.37048515,-1.24533305,127.60,true,,
1790445955.427,marker,reconciled,0.00000000,0.00000000,0.00,false,,
1790445955.469,hud,speed,,,,,"8.7 / 5.5",8.650
1790445955.469,hud,heading,,,,,"232° / 49°",232.300
1790445955.469,hud,drift,,,,,"168.95%",168.950
1790445955.469,hud,turns,,,,,"✗ turns: 3/15",
1790445955.470,hud,calib_s,,,,,"✓ Buffer 6s",
1790445955.472,marker,gnss,52.37153000,-1.24140500,310.80,true,,
1790445955.472,marker,dr,52.37048075,-1.24534352,127.70,true,,
1790445955.473,marker,reconciled,0.00000000,0.00000000,0.00,false,,
1790445955.524,hud,speed,,,,,"8.6 / 5.5",8.560
1790445955.525,hud,heading,,,,,"232° / 49°",232.300
1790445955.525,hud,drift,,,,,"169.18%",169.180
1790445955.525,hud,turns,,,,,"✗ turns: 3/15",
1790445955.526,hud,calib_s,,,,,"✓ Buffer 6s",
1790445955.526,marker,gnss,52.37153000,-1.24140500,310.80,true,,
1790445955.527,marker,dr,52.37047634,-1.24535396,127.70,true,,
1790445955.527,marker,reconciled,0.00000000,0.00000000,0.00,false,,
1790445955.574,hud,speed,,,,,"8.5 / 5.5",8.480
1790445955.574,hud,heading,,,,,"232° / 49°",232.300
1790445955.574,hud,drift,,,,,"169.40%",169.400
1790445955.574,hud,turns,,,,,"✗ turns: 3/15",
1790445955.575,hud,calib_s,,,,,"✓ Buffer 6s",
1790445955.575,marker,gnss,52.37153000,-1.24140500,310.80,true,,
1790445955.576,marker,dr,52.37047201,-1.24536420,127.70,true,,
1790445955.577,marker,reconciled,0.00000000,0.00000000,0.00,false,,
1790445955.625,hud,speed,,,,,"8.4 / 5.5",8.380
1790445955.625,hud,heading,,,,,"232° / 49°",232.100
1790445955.626,hud,drift,,,,,"169.61%",169.610
1790445955.626,hud,turns,,,,,"✗ turns: 3/15",
1790445955.627,hud,calib_s,,,,,"✓ Buffer 6s",
1790445955.627,marker,gnss,52.37153000,-1.24140500,310.80,true,,
1790445955.628,marker,dr,52.37046774,-1.24537421,127.90,true,,
1790445955.628,marker,reconciled,0.00000000,0.00000000,0.00,false,,
1790445955.678,hud,speed,,,,,"8.3 / 5.5",8.290
1790445955.679,hud,heading,,,,,"232° / 49°",232.200
1790445955.679,hud,drift,,,,,"169.83%",169.830
1790445955.679,hud,turns,,,,,"✗ turns: 3/15",
1790445955.679,hud,calib_s,,,,,"✓ Buffer 6s",
1790445955.681,marker,gnss,52.37153000,-1.24140500,310.80,true,,
1790445955.682,marker,dr,52.37046347,-1.24538418,127.80,true,,
1790445955.682,marker,reconciled,0.00000000,0.00000000,0.00,false,,
1790445955.728,hud,speed,,,,,"8.2 / 5.5",8.220
1790445955.728,hud,heading,,,,,"232° / 49°",232.100
1790445955.729,hud,drift,,,,,"170.03%",170.030
1790445955.729,hud,turns,,,,,"✗ turns: 3/15",
1790445955.729,hud,calib_s,,,,,"✓ Buffer 6s",
1790445955.730,marker,gnss,52.37153000,-1.24140500,310.80,true,,
1790445955.730,marker,dr,52.37045921,-1.24539406,127.90,true,,
1790445955.731,marker,reconciled,0.00000000,0.00000000,0.00,false,,
1790445955.775,hud,speed,,,,,"8.1 / 5.5",8.080
1790445955.775,hud,heading,,,,,"232° / 49°",232.100
1790445955.775,hud,drift,,,,,"170.23%",170.230
1790445955.776,hud,turns,,,,,"✗ turns: 3/15",
1790445955.776,hud,calib_s,,,,,"✓ Buffer 6s",
1790445955.776,marker,gnss,52.37153000,-1.24140500,310.80,true,,
1790445955.777,marker,dr,52.37045499,-1.24540387,127.90,true,,
1790445955.778,marker,reconciled,0.00000000,0.00000000,0.00,false,,
1790445955.833,hud,speed,,,,,"8.0 / 5.5",7.950
1790445955.833,hud,heading,,,,,"232° / 49°",232.100
1790445955.833,hud,drift,,,,,"170.42%",170.420
1790445955.834,hud,turns,,,,,"✗ turns: 3/15",
1790445955.834,hud,calib_s,,,,,"✓ Buffer 6s",
1790445955.835,marker,gnss,52.37153000,-1.24140500,310.80,true,,
1790445955.835,marker,dr,52.37045093,-1.24541334,127.90,true,,
1790445955.836,marker,reconciled,0.00000000,0.00000000,0.00,false,,
1790445955.880,hud,speed,,,,,"7.8 / 5.5",7.840
1790445955.880,hud,heading,,,,,"232° / 49°",232.200
1790445955.881,hud,drift,,,,,"170.61%",170.610
1790445955.881,hud,turns,,,,,"✗ turns: 3/15",
1790445955.881,hud,calib_s,,,,,"✓ Buffer 6s",
1790445955.882,marker,gnss,52.37153000,-1.24140500,310.80,true,,
1790445955.883,marker,dr,52.37044688,-1.24542277,127.80,true,,
1790445955.883,marker,reconciled,0.00000000,0.00000000,0.00,false,,
1790445955.931,hud,speed,,,,,"7.7 / 5.5",7.700
1790445955.931,hud,heading,,,,,"232° / 49°",232.200
1790445955.932,hud,drift,,,,,"170.78%",170.780
1790445955.932,hud,turns,,,,,"✗ turns: 3/15",
1790445955.932,hud,calib_s,,,,,"✓ Buffer 6s",
1790445955.933,marker,gnss,52.37153000,-1.24140500,310.80,true,,
1790445955.933,marker,dr,52.37044289,-1.24543200,127.80,true,,
1790445955.934,marker,reconciled,0.00000000,0.00000000,0.00,false,,
1790445955.980,hud,speed,,,,,"7.6 / 5.5",7.560
1790445955.981,hud,heading,,,,,"232° / 49°",232.200
1790445955.981,hud,drift,,,,,"170.95%",170.950
1790445955.981,hud,turns,,,,,"✗ turns: 3/15",
1790445955.981,hud,calib_s,,,,,"✓ Buffer 6s",
1790445955.982,marker,gnss,52.37153000,-1.24140500,310.80,true,,
1790445955.984,marker,dr,52.37043896,-1.24544105,127.80,true,,
1790445955.984,marker,reconciled,0.00000000,0.00000000,0.00,false,,
1790445956.038,hud,speed,,,,,"7.5 / 5.5",7.480
1790445956.039,hud,heading,,,,,"232° / 49°",232.200
1790445956.039,hud,drift,,,,,"171.12%",171.120
1790445956.040,hud,turns,,,,,"✗ turns: 3/15",
1790445956.040,hud,calib_s,,,,,"✓ Buffer 6s",
1790445956.040,marker,gnss,52.37153000,-1.24140500,310.80,true,,
1790445956.041,marker,dr,52.37043505,-1.24545010,127.80,true,,
1790445956.042,marker,reconciled,0.00000000,0.00000000,0.00,false,,
1790445956.083,hud,speed,,,,,"7.3 / 5.5",7.310
1790445956.083,hud,heading,,,,,"232° / 49°",232.200
1790445956.084,hud,drift,,,,,"171.27%",171.270
1790445956.084,hud,turns,,,,,"✗ turns: 3/15",
1790445956.084,hud,calib_s,,,,,"✓ Buffer 6s",
1790445956.085,marker,gnss,52.37153000,-1.24140500,310.80,true,,
1790445956.086,marker,dr,52.37043127,-1.24545890,127.80,true,,
1790445956.086,marker,reconciled,0.00000000,0.00000000,0.00,false,,
1790445956.132,hud,speed,,,,,"7.1 / 5.5",7.130
1790445956.133,hud,heading,,,,,"232° / 49°",232.300
1790445956.133,hud,drift,,,,,"171.42%",171.420
1790445956.133,hud,turns,,,,,"✗ turns: 3/15",
1790445956.133,hud,calib_s,,,,,"✓ Buffer 6s",
1790445956.134,marker,gnss,52.37153000,-1.24140500,310.80,true,,
1790445956.135,marker,dr,52.37042765,-1.24546740,127.70,true,,
1790445956.135,marker,reconciled,0.00000000,0.00000000,0.00,false,,
1790445956.184,hud,speed,,,,,"7.0 / 5.5",6.990
1790445956.184,hud,heading,,,,,"232° / 49°",232.400
1790445956.184,hud,drift,,,,,"171.56%",171.560
1790445956.184,hud,turns,,,,,"✗ turns: 3/15",
1790445956.185,hud,calib_s,,,,,"✓ Buffer 6s",
1790445956.185,marker,gnss,52.37153000,-1.24140500,310.80,true,,
1790445956.187,marker,dr,52.37042402,-1.24547589,127.60,true,,
1790445956.187,marker,reconciled,0.00000000,0.00000000,0.00,false,,
1790445956.241,hud,speed,,,,,"6.8 / 5.5",6.830
1790445956.241,hud,heading,,,,,"232° / 49°",232.300
1790445956.241,hud,drift,,,,,"171.69%",171.690
1790445956.242,hud,turns,,,,,"✗ turns: 3/15",
1790445956.242,hud,calib_s,,,,,"✓ Buffer 6s",
1790445956.243,marker,gnss,52.37153000,-1.24140500,310.80,true,,
1790445956.243,marker,dr,52.37042057,-1.24548406,127.70,true,,
1790445956.244,marker,reconciled,0.00000000,0.00000000,0.00,false,,
1790445956.288,hud,speed,,,,,"6.6 / 5.5",6.600
1790445956.288,hud,heading,,,,,"232° / 49°",232.100
1790445956.288,hud,drift,,,,,"171.81%",171.810
1790445956.288,hud,turns,,,,,"✗ turns: 3/15",
1790445956.289,hud,calib_s,,,,,"✓ Buffer 6s",
1790445956.290,marker,gnss,52.37153000,-1.24140500,310.80,true,,
1790445956.291,marker,dr,52.37041727,-1.24549212,127.90,true,,
1790445956.291,marker,reconciled,0.00000000,0.00000000,0.00,false,,
1790445956.339,hud,speed,,,,,"6.5 / 5.7",6.490
1790445956.340,hud,heading,,,,,"232° / 173°",232.000
1790445956.340,hud,drift,,,,,"153.64%",153.640
1790445956.340,hud,turns,,,,,"✗ turns: 3/15",
1790445956.340,hud,calib_s,,,,,"✓ Buffer 6s",
1790445956.341,marker,gnss,52.37172700,-1.24103000,186.80,true,,
1790445956.341,marker,dr,52.37041410,-1.24550015,128.00,true,,
1790445956.341,marker,reconciled,0.00000000,0.00000000,0.00,false,,
1790445956.388,hud,speed,,,,,"6.4 / 5.7",6.350
1790445956.388,hud,heading,,,,,"232° / 173°",232.000
1790445956.388,hud,drift,,,,,"153.44%",153.440
1790445956.389,hud,turns,,,,,"✗ turns: 3/15",
1790445956.389,hud,calib_s,,,,,"✓ Buffer 6s",
1790445956.389,marker,gnss,52.37172700,-1.24103000,186.80,true,,
1790445956.391,marker,dr,52.37041108,-1.24550811,128.00,true,,
1790445956.391,marker,reconciled,0.00000000,0.00000000,0.00,false,,
1790445956.442,hud,speed,,,,,"6.2 / 5.7",6.210
1790445956.442,hud,heading,,,,,"232° / 173°",231.900
1790445956.443,hud,drift,,,,,"153.25%",153.250
1790445956.443,hud,turns,,,,,"✗ turns: 3/15",
1790445956.443,hud,calib_s,,,,,"✓ Buffer 6s",
1790445956.444,marker,gnss,52.37172700,-1.24103000,186.80,true,,
1790445956.444,marker,dr,52.37040813,-1.24551603,128.10,true,,
1790445956.445,marker,reconciled,0.00000000,0.00000000,0.00,false,,
1790445956.488,hud,speed,,,,,"6.1 / 5.7",6.120
1790445956.489,hud,heading,,,,,"232° / 173°",231.800
1790445956.489,hud,drift,,,,,"153.05%",153.050
1790445956.489,hud,turns,,,,,"✗ turns: 3/15",
1790445956.489,hud,calib_s,,,,,"✓ Buffer 6s",
1790445956.491,marker,gnss,52.37172700,-1.24103000,186.80,true,,
1790445956.491,marker,dr,52.37040533,-1.24552386,128.20,true,,
1790445956.492,marker,reconciled,0.00000000,0.00000000,0.00,false,,
1790445956.539,hud,speed,,,,,"6.1 / 5.7",6.060
1790445956.539,hud,heading,,,,,"232° / 173°",231.600
1790445956.540,hud,drift,,,,,"152.85%",152.850
1790445956.540,hud,turns,,,,,"✗ turns: 3/15",
1790445956.540,hud,calib_s,,,,,"✓ Buffer 6s",
1790445956.540,marker,gnss,52.37172700,-1.24103000,186.80,true,,
1790445956.541,marker,dr,52.37040263,-1.24553159,128.40,true,,
1790445956.541,marker,reconciled,0.00000000,0.00000000,0.00,false,,
1790445956.593,hud,speed,,,,,"5.9 / 5.7",5.930
1790445956.594,hud,heading,,,,,"231° / 173°",231.300
1790445956.594,hud,drift,,,,,"152.65%",152.650
1790445956.594,hud,turns,,,,,"✗ turns: 3/15",
1790445956.594,hud,calib_s,,,,,"✓ Buffer 6s",
1790445956.595,marker,gnss,52.37172700,-1.24103000,186.80,true,,
1790445956.596,marker,dr,52.37040005,-1.24553936,128.70,true,,
1790445956.597,marker,reconciled,0.00000000,0.00000000,0.00,false,,
1790445956.643,hud,speed,,,,,"5.7 / 5.7",5.740
1790445956.644,hud,heading,,,,,"231° / 173°",231.200
1790445956.644,hud,drift,,,,,"152.45%",152.450
1790445956.644,hud,turns,,,,,"✗ turns: 3/15",
1790445956.644,hud,calib_s,,,,,"✓ Buffer 6s",
1790445956.645,marker,gnss,52.37172700,-1.24103000,186.80,true,,
1790445956.645,marker,dr,52.37039762,-1.24554706,128.80,true,,
1790445956.646,marker,reconciled,0.00000000,0.00000000,0.00,false,,
1790445956.697,hud,speed,,,,,"5.6 / 5.7",5.630
1790445956.697,hud,heading,,,,,"231° / 173°",231.000
1790445956.698,hud,drift,,,,,"152.24%",152.240
1790445956.698,hud,turns,,,,,"✗ turns: 3/15",
1790445956.699,hud,calib_s,,,,,"✓ Buffer 6s",
1790445956.700,marker,gnss,52.37172700,-1.24103000,186.80,true,,
1790445956.701,marker,dr,52.37039529,-1.24555466,129.00,true,,
1790445956.701,marker,reconciled,0.00000000,0.00000000,0.00,false,,
1790445956.751,hud,speed,,,,,"5.7 / 5.7",5.710
1790445956.751,hud,heading,,,,,"231° / 173°",230.800
1790445956.752,hud,drift,,,,,"152.03%",152.030
1790445956.752,hud,turns,,,,,"✗ turns: 3/15",
1790445956.752,hud,calib_s,,,,,"✓ Buffer 6s",
1790445956.752,marker,gnss,52.37172700,-1.24103000,186.80,true,,
1790445956.753,marker,dr,52.37039289,-1.24556241,129.20,true,,
1790445956.753,marker,reconciled,0.00000000,0.00000000,0.00,false,,
1790445956.792,hud,speed,,,,,"5.6 / 5.7",5.610
1790445956.792,hud,heading,,,,,"231° / 173°",230.700
1790445956.792,hud,drift,,,,,"151.83%",151.830
1790445956.793,hud,turns,,,,,"✗ turns: 3/15",
1790445956.793,hud,calib_s,,,,,"✓ Buffer 6s",
1790445956.793,marker,gnss,52.37172700,-1.24103000,186.80,true,,
1790445956.795,marker,dr,52.37039062,-1.24557003,129.30,true,,
1790445956.795,marker,reconciled,0.00000000,0.00000000,0.00,false,,
1790445956.852,hud,speed,,,,,"5.5 / 5.7",5.540
1790445956.852,hud,heading,,,,,"230° / 173°",230.400
1790445956.852,hud,drift,,,,,"151.63%",151.630
1790445956.853,hud,turns,,,,,"✗ turns: 3/15",
1790445956.853,hud,calib_s,,,,,"✓ Buffer 6s",
1790445956.854,marker,gnss,52.37172700,-1.24103000,186.80,true,,
1790445956.854,marker,dr,52.37038842,-1.24557765,129.60,true,,
1790445956.855,marker,reconciled,0.00000000,0.00000000,0.00,false,,
1790445956.897,hud,speed,,,,,"5.4 / 5.7",5.440
1790445956.897,hud,heading,,,,,"230° / 173°",230.200
1790445956.897,hud,drift,,,,,"151.42%",151.420
1790445956.898,hud,turns,,,,,"✗ turns: 3/15",
1790445956.898,hud,calib_s,,,,,"✓ Buffer 6s",
1790445956.900,marker,gnss,52.37172700,-1.24103000,186.80,true,,
1790445956.901,marker,dr,52.37038633,-1.24558525,129.80,true,,
1790445956.901,marker,reconciled,0.00000000,0.00000000,0.00,false,,
1790445956.949,hud,speed,,,,,"5.3 / 5.7",5.270
1790445956.949,hud,heading,,,,,"230° / 173°",230.000
1790445956.949,hud,drift,,,,,"151.21%",151.210
1790445956.950,hud,turns,,,,,"✗ turns: 3/15",
1790445956.950,hud,calib_s,,,,,"✓ Buffer 6s",
1790445956.950,marker,gnss,52.37172700,-1.24103000,186.80,true,,
1790445956.950,marker,dr,52.37038435,-1.24559287,130.00,true,,
1790445956.951,marker,reconciled,0.00000000,0.00000000,0.00,false,,
1790445957.003,hud,speed,,,,,"5.2 / 5.7",5.230
1790445957.003,hud,heading,,,,,"230° / 173°",230.000
1790445957.004,hud,drift,,,,,"151.00%",151.000
1790445957.004,hud,turns,,,,,"✗ turns: 3/15",
1790445957.004,hud,calib_s,,,,,"✓ Buffer 6s",
1790445957.005,marker,gnss,52.37172700,-1.24103000,186.80,true,,
1790445957.007,marker,dr,52.37038241,-1.24560035,130.00,true,,
1790445957.007,marker,reconciled,0.00000000,0.00000000,0.00,false,,
1790445957.056,hud,speed,,,,,"5.2 / 5.7",5.150
1790445957.056,hud,heading,,,,,"230° / 173°",230.000
1790445957.056,hud,drift,,,,,"150.78%",150.780
1790445957.057,hud,turns,,,,,"✗ turns: 3/15",
1790445957.057,hud,calib_s,,,,,"✓ Buffer 6s",
1790445957.057,marker,gnss,52.37172700,-1.24103000,186.80,true,,
1790445957.058,marker,dr,52.37038047,-1.24560763,130.00,true,,
1790445957.058,marker,reconciled,0.00000000,0.00000000,0.00,false,,
1790445957.103,hud,speed,,,,,"5.0 / 5.7",5.020
1790445957.103,hud,heading,,,,,"230° / 173°",229.800
1790445957.104,hud,drift,,,,,"150.56%",150.560
1790445957.104,hud,turns,,,,,"✗ turns: 3/15",
1790445957.104,hud,calib_s,,,,,"✓ Buffer 6s",
1790445957.105,marker,gnss,52.37172700,-1.24103000,186.80,true,,
1790445957.106,marker,dr,52.37037855,-1.24561465,130.20,true,,
1790445957.106,marker,reconciled,0.00000000,0.00000000,0.00,false,,
1790445957.153,hud,speed,,,,,"4.9 / 5.7",4.890
1790445957.153,hud,heading,,,,,"230° / 173°",229.700
1790445957.153,hud,drift,,,,,"150.34%",150.340
1790445957.153,hud,turns,,,,,"✗ turns: 3/15",
1790445957.154,hud,calib_s,,,,,"✓ Buffer 6s",
1790445957.154,marker,gnss,52.37172700,-1.24103000,186.80,true,,
1790445957.154,marker,dr,52.37037668,-1.24562142,130.30,true,,
1790445957.155,marker,reconciled,0.00000000,0.00000000,0.00,false,,
1790445957.204,hud,speed,,,,,"4.8 / 5.7",4.810
1790445957.205,hud,heading,,,,,"230° / 173°",229.600
1790445957.205,hud,drift,,,,,"150.11%",150.110
1790445957.205,hud,turns,,,,,"✗ turns: 3/15",
1790445957.205,hud,calib_s,,,,,"✓ Buffer 6s",
1790445957.206,marker,gnss,52.37172700,-1.24103000,186.80,true,,
1790445957.207,marker,dr,52.37037480,-1.24562821,130.40,true,,
1790445957.208,marker,reconciled,0.00000000,0.00000000,0.00,false,,
1790445957.260,hud,speed,,,,,"4.8 / 5.7",4.790
1790445957.260,hud,heading,,,,,"230° / 173°",229.500
1790445957.261,hud,drift,,,,,"149.88%",149.880
1790445957.261,hud,turns,,,,,"✗ turns: 3/15",
1790445957.261,hud,calib_s,,,,,"✓ Buffer 6s",
1790445957.262,marker,gnss,52.37172700,-1.24103000,186.80,true,,
1790445957.262,marker,dr,52.37037293,-1.24563480,130.50,true,,
1790445957.263,marker,reconciled,0.00000000,0.00000000,0.00,false,,
1790445957.311,hud,speed,,,,,"4.8 / 5.7",4.760
1790445957.311,hud,heading,,,,,"230° / 173°",229.600
1790445957.312,hud,drift,,,,,"149.65%",149.650
1790445957.312,hud,turns,,,,,"✗ turns: 3/15",
1790445957.312,hud,calib_s,,,,,"✓ Buffer 6s",
1790445957.313,marker,gnss,52.37172700,-1.24103000,186.80,true,,
1790445957.314,marker,dr,52.37037102,-1.24564138,130.40,true,,
1790445957.314,marker,reconciled,0.00000000,0.00000000,0.00,false,,
1790445957.368,hud,speed,,,,,"4.7 / 5.7",4.710
1790445957.368,hud,heading,,,,,"230° / 173°",229.500
1790445957.368,hud,drift,,,,,"149.42%",149.420
1790445957.369,hud,turns,,,,,"✗ turns: 3/15",
1790445957.369,hud,calib_s,,,,,"✓ Buffer 6s",
1790445957.370,marker,gnss,52.37172700,-1.24103000,186.80,true,,
1790445957.371,marker,dr,52.37036907,-1.24564776,130.50,true,,
1790445957.372,marker,reconciled,0.00000000,0.00000000,0.00,false,,
1790445957.421,hud,speed,,,,,"4.7 / 5.7",4.660
1790445957.422,hud,heading,,,,,"230° / 173°",229.500
1790445957.422,hud,drift,,,,,"149.19%",149.190
1790445957.422,hud,turns,,,,,"✗ turns: 3/15",
1790445957.422,hud,calib_s,,,,,"✓ Buffer 6s",
1790445957.423,marker,gnss,52.37172700,-1.24103000,186.80,true,,
1790445957.424,marker,dr,52.37036708,-1.24565398,130.50,true,,
1790445957.425,marker,reconciled,0.00000000,0.00000000,0.00,false,,
1790445957.463,hud,speed,,,,,"4.7 / 5.7",4.730
1790445957.464,hud,heading,,,,,"230° / 173°",229.500
1790445957.464,hud,drift,,,,,"148.96%",148.960
1790445957.464,hud,turns,,,,,"✗ turns: 3/15",
1790445957.465,hud,calib_s,,,,,"✓ Buffer 6s",
1790445957.465,marker,gnss,52.37172700,-1.24103000,186.80,true,,
1790445957.466,marker,dr,52.37036501,-1.24566013,130.50,true,,
1790445957.466,marker,reconciled,0.00000000,0.00000000,0.00,false,,
1790445957.512,hud,speed,,,,,"4.8 / 5.7",4.750
1790445957.512,hud,heading,,,,,"230° / 173°",229.500
1790445957.512,hud,drift,,,,,"148.73%",148.730
1790445957.512,hud,turns,,,,,"✗ turns: 3/15",
1790445957.513,hud,calib_s,,,,,"✓ Buffer 6s",
1790445957.514,marker,gnss,52.37172700,-1.24103000,186.80,true,,
1790445957.515,marker,dr,52.37036285,-1.24566627,130.50,true,,
1790445957.515,marker,reconciled,0.00000000,0.00000000,0.00,false,,
1790445957.567,hud,speed,,,,,"4.8 / 5.7",4.810
1790445957.568,hud,heading,,,,,"230° / 173°",229.600
1790445957.568,hud,drift,,,,,"148.51%",148.510
1790445957.568,hud,turns,,,,,"✗ turns: 3/15",
1790445957.569,hud,calib_s,,,,,"✓ Buffer 6s",
1790445957.569,marker,gnss,52.37172700,-1.24103000,186.80,true,,
1790445957.570,marker,dr,52.37036062,-1.24567240,130.40,true,,
1790445957.571,marker,reconciled,0.00000000,0.00000000,0.00,false,,
1790445957.616,hud,speed,,,,,"5.0 / 5.7",4.990
1790445957.617,hud,heading,,,,,"230° / 173°",229.800
1790445957.617,hud,drift,,,,,"148.29%",148.290
1790445957.617,hud,turns,,,,,"✗ turns: 3/15",
1790445957.617,hud,calib_s,,,,,"✓ Buffer 6s",
1790445957.618,marker,gnss,52.37172700,-1.24103000,186.80,true,,
1790445957.620,marker,dr,52.37035824,-1.24567865,130.20,true,,
1790445957.620,marker,reconciled,0.00000000,0.00000000,0.00,false,,
1790445957.664,hud,speed,,,,,"5.2 / 5.7",5.150
1790445957.665,hud,heading,,,,,"230° / 173°",229.800
1790445957.665,hud,drift,,,,,"148.08%",148.080
1790445957.665,hud,turns,,,,,"✗ turns: 3/15",
1790445957.665,hud,calib_s,,,,,"✓ Buffer 6s",
1790445957.666,marker,gnss,52.37172700,-1.24103000,186.80,true,,
1790445957.666,marker,dr,52.37035572,-1.24568500,130.20,true,,
1790445957.667,marker,reconciled,0.00000000,0.00000000,0.00,false,,
1790445957.712,hud,speed,,,,,"5.3 / 5.7",5.270
1790445957.712,hud,heading,,,,,"230° / 173°",229.900
1790445957.713,hud,drift,,,,,"147.87%",147.870
1790445957.713,hud,turns,,,,,"✗ turns: 3/15",
1790445957.713,hud,calib_s,,,,,"✓ Buffer 6s",
1790445957.714,marker,gnss,52.37172700,-1.24103000,186.80,true,,
1790445957.715,marker,dr,52.37035309,-1.24569145,130.10,true,,
1790445957.716,marker,reconciled,0.00000000,0.00000000,0.00,false,,
1790445957.768,hud,speed,,,,,"5.4 / 5.7",5.370
1790445957.768,hud,heading,,,,,"230° / 173°",229.800
1790445957.769,hud,drift,,,,,"147.67%",147.670
1790445957.769,hud,turns,,,,,"✗ turns: 3/15",
1790445957.769,hud,calib_s,,,,,"✓ Buffer 6s",
1790445957.770,marker,gnss,52.37172700,-1.24103000,186.80,true,,
1790445957.771,marker,dr,52.37035039,-1.24569800,130.20,true,,
1790445957.771,marker,reconciled,0.00000000,0.00000000,0.00,false,,
1790445957.815,hud,speed,,,,,"5.5 / 5.7",5.460
1790445957.816,hud,heading,,,,,"230° / 173°",229.800
1790445957.816,hud,drift,,,,,"147.47%",147.470
1790445957.816,hud,turns,,,,,"✗ turns: 3/15",
1790445957.817,hud,calib_s,,,,,"✓ Buffer 6s",
1790445957.817,marker,gnss,52.37172700,-1.24103000,186.80,true,,
1790445957.819,marker,dr,52.37034759,-1.24570461,130.20,true,,
1790445957.819,marker,reconciled,0.00000000,0.00000000,0.00,false,,
1790445957.871,hud,speed,,,,,"5.6 / 5.7",5.600
1790445957.872,hud,heading,,,,,"230° / 173°",229.700
1790445957.872,hud,drift,,,,,"147.28%",147.280
1790445957.872,hud,turns,,,,,"✗ turns: 3/15",
1790445957.872,hud,calib_s,,,,,"✓ Buffer 6s",
1790445957.873,marker,gnss,52.37172700,-1.24103000,186.80,true,,
1790445957.873,marker,dr,52.37034469,-1.24571133,130.30,true,,
1790445957.874,marker,reconciled,0.00000000,0.00000000,0.00,false,,
1790445957.918,hud,speed,,,,,"5.7 / 5.7",5.720
1790445957.918,hud,heading,,,,,"230° / 173°",229.800
1790445957.918,hud,drift,,,,,"147.10%",147.100
1790445957.919,hud,turns,,,,,"✗ turns: 3/15",
1790445957.919,hud,calib_s,,,,,"✓ Buffer 6s",
1790445957.920,marker,gnss,52.37172700,-1.24103000,186.80,true,,
1790445957.921,marker,dr,52.37034165,-1.24571823,130.20,true,,
1790445957.921,marker,reconciled,0.00000000,0.00000000,0.00,false,,
1790445957.971,hud,speed,,,,,"5.9 / 5.7",5.880
1790445957.971,hud,heading,,,,,"230° / 173°",229.800
1790445957.972,hud,drift,,,,,"146.92%",146.920
1790445957.972,hud,turns,,,,,"✗ turns: 3/15",
1790445957.973,hud,calib_s,,,,,"✓ Buffer 6s",
1790445957.973,marker,gnss,52.37172700,-1.24103000,186.80,true,,
1790445957.974,marker,dr,52.37033853,-1.24572521,130.20,true,,
1790445957.975,marker,reconciled,0.00000000,0.00000000,0.00,false,,
1790445958.021,hud,speed,,,,,"6.0 / 5.7",6.030
1790445958.021,hud,heading,,,,,"230° / 173°",229.800
1790445958.022,hud,drift,,,,,"146.75%",146.750
1790445958.022,hud,turns,,,,,"✗ turns: 3/15",
1790445958.023,hud,calib_s,,,,,"✓ Buffer 6s",
1790445958.023,marker,gnss,52.37172700,-1.24103000,186.80,true,,
1790445958.025,marker,dr,52.37033532,-1.24573234,130.20,true,,
1790445958.026,marker,reconciled,0.00000000,0.00000000,0.00,false,,
1790445958.076,hud,speed,,,,,"6.4 / 5.7",6.370
1790445958.076,hud,heading,,,,,"230° / 173°",229.600
1790445958.077,hud,drift,,,,,"146.60%",146.600
1790445958.077,hud,turns,,,,,"✗ turns: 3/15",
1790445958.077,hud,calib_s,,,,,"✓ Buffer 6s",
1790445958.078,marker,gnss,52.37172700,-1.24103000,186.80,true,,
1790445958.078,marker,dr,52.37033193,-1.24573978,130.40,true,,
1790445958.079,marker,reconciled,0.00000000,0.00000000,0.00,false,,
1790445958.128,hud,speed,,,,,"6.4 / 5.7",6.430
1790445958.128,hud,heading,,,,,"229° / 173°",229.400
1790445958.128,hud,drift,,,,,"146.45%",146.450
1790445958.128,hud,turns,,,,,"✗ turns: 3/15",
1790445958.129,hud,calib_s,,,,,"✓ Buffer 6s",
1790445958.130,marker,gnss,52.37172700,-1.24103000,186.80,true,,
1790445958.131,marker,dr,52.37032846,-1.24574737,130.60,true,,
1790445958.131,marker,reconciled,0.00000000,0.00000000,0.00,false,,
1790445958.174,hud,speed,,,,,"6.5 / 5.7",6.500
1790445958.174,hud,heading,,,,,"229° / 173°",228.900
1790445958.174,hud,drift,,,,,"146.30%",146.300
1790445958.175,hud,turns,,,,,"✗ turns: 3/15",
1790445958.175,hud,calib_s,,,,,"✓ Buffer 6s",
1790445958.175,marker,gnss,52.37172700,-1.24103000,186.80,true,,
1790445958.176,marker,dr,52.37032496,-1.24575507,131.10,true,,
1790445958.176,marker,reconciled,0.00000000,0.00000000,0.00,false,,
1790445958.222,hud,speed,,,,,"6.6 / 5.7",6.550
1790445958.222,hud,heading,,,,,"229° / 173°",228.500
1790445958.222,hud,drift,,,,,"146.15%",146.150
1790445958.223,hud,turns,,,,,"✗ turns: 3/15",
1790445958.223,hud,calib_s,,,,,"✓ Buffer 6s",
1790445958.223,marker,gnss,52.37172700,-1.24103000,186.80,true,,
1790445958.225,marker,dr,52.37032142,-1.24576295,131.50,true,,
1790445958.225,marker,reconciled,0.00000000,0.00000000,0.00,false,,
1790445958.278,hud,speed,,,,,"6.5 / 5.7",6.540
1790445958.279,hud,heading,,,,,"229° / 173°",228.600
1790445958.279,hud,drift,,,,,"146.01%",146.010
1790445958.279,hud,turns,,,,,"✗ turns: 3/15",
1790445958.280,hud,calib_s,,,,,"✓ Buffer 6s",
1790445958.280,marker,gnss,52.37172700,-1.24103000,186.80,true,,
1790445958.281,marker,dr,52.37031795,-1.24577073,131.40,true,,
1790445958.281,marker,reconciled,0.00000000,0.00000000,0.00,false,,
1790445958.324,hud,speed,,,,,"6.7 / 5.7",6.650
1790445958.325,hud,heading,,,,,"229° / 173°",228.800
1790445958.325,hud,drift,,,,,"145.87%",145.870
1790445958.325,hud,turns,,,,,"✗ turns: 3/15",
1790445958.325,hud,calib_s,,,,,"✓ Buffer 6s",
1790445958.327,marker,gnss,52.37172700,-1.24103000,186.80,true,,
1790445958.327,marker,dr,52.37031436,-1.24577876,131.20,true,,
1790445958.328,marker,reconciled,0.00000000,0.00000000,0.00,false,,
1790445958.383,hud,speed,,,,,"7.0 / 5.7",6.960
1790445958.384,hud,heading,,,,,"229° / 173°",228.700
1790445958.384,hud,drift,,,,,"145.75%",145.750
1790445958.384,hud,turns,,,,,"✗ turns: 3/15",
1790445958.384,hud,calib_s,,,,,"✓ Buffer 6s",
1790445958.385,marker,gnss,52.37172700,-1.24103000,186.80,true,,
1790445958.386,marker,dr,52.37031065,-1.24578696,131.30,true,,
1790445958.386,marker,reconciled,0.00000000,0.00000000,0.00,false,,
1790445958.427,hud,speed,,,,,"6.9 / 5.7",6.930
1790445958.427,hud,heading,,,,,"229° / 173°",228.500
1790445958.427,hud,drift,,,,,"145.62%",145.620
1790445958.428,hud,turns,,,,,"✗ turns: 3/15",
1790445958.428,hud,calib_s,,,,,"✓ Buffer 6s",
1790445958.428,marker,gnss,52.37172700,-1.24103000,186.80,true,,
1790445958.430,marker,dr,52.37030687,-1.24579529,131.50,true,,
1790445958.430,marker,reconciled,0.00000000,0.00000000,0.00,false,,
1790445958.478,hud,speed,,,,,"6.9 / 5.7",6.860
1790445958.479,hud,heading,,,,,"228° / 173°",228.200
1790445958.479,hud,drift,,,,,"145.50%",145.500
1790445958.479,hud,turns,,,,,"✗ turns: 3/15",
1790445958.479,hud,calib_s,,,,,"✓ Buffer 6s",
1790445958.480,marker,gnss,52.37172700,-1.24103000,186.80,true,,
1790445958.480,marker,dr,52.37030316,-1.24580345,131.80,true,,
1790445958.480,marker,reconciled,0.00000000,0.00000000,0.00,false,,
1790445958.528,hud,speed,,,,,"6.8 / 5.7",6.760
1790445958.529,hud,heading,,,,,"228° / 173°",228.000
1790445958.529,hud,drift,,,,,"145.37%",145.370
1790445958.529,hud,turns,,,,,"✗ turns: 3/15",
1790445958.529,hud,calib_s,,,,,"✓ Buffer 6s",
1790445958.531,marker,gnss,52.37172700,-1.24103000,186.80,true,,
1790445958.532,marker,dr,52.37029954,-1.24581147,132.00,true,,
1790445958.532,marker,reconciled,0.00000000,0.00000000,0.00,false,,
1790445958.584,hud,speed,,,,,"6.7 / 5.7",6.700
1790445958.585,hud,heading,,,,,"228° / 173°",228.100
1790445958.585,hud,drift,,,,,"145.24%",145.240
1790445958.585,hud,turns,,,,,"✗ turns: 3/15",
1790445958.585,hud,calib_s,,,,,"✓ Buffer 6s",
1790445958.586,marker,gnss,52.37172700,-1.24103000,186.80,true,,
1790445958.587,marker,dr,52.37029584,-1.24581948,131.90,true,,
1790445958.587,marker,reconciled,0.00000000,0.00000000,0.00,false,,
1790445958.635,hud,speed,,,,,"6.7 / 5.7",6.680
1790445958.635,hud,heading,,,,,"228° / 173°",228.200
1790445958.635,hud,drift,,,,,"145.10%",145.100
1790445958.636,hud,turns,,,,,"✗ turns: 3/15",
1790445958.636,hud,calib_s,,,,,"✓ Buffer 6s",
1790445958.636,marker,gnss,52.37172700,-1.24103000,186.80,true,,
1790445958.638,marker,dr,52.37029213,-1.24582729,131.80,true,,
1790445958.639,marker,reconciled,0.00000000,0.00000000,0.00,false,,
1790445958.682,hud,speed,,,,,"6.7 / 5.7",6.670
1790445958.682,hud,heading,,,,,"228° / 173°",228.300
1790445958.682,hud,drift,,,,,"144.97%",144.970
1790445958.683,hud,turns,,,,,"✗ turns: 3/15",
1790445958.683,hud,calib_s,,,,,"✓ Buffer 6s",
1790445958.684,marker,gnss,52.37172700,-1.24103000,186.80,true,,
1790445958.684,marker,dr,52.37028841,-1.24583502,131.70,true,,
1790445958.685,marker,reconciled,0.00000000,0.00000000,0.00,false,,
1790445958.729,hud,speed,,,,,"6.6 / 5.7",6.630
1790445958.729,hud,heading,,,,,"228° / 173°",228.400
1790445958.730,hud,drift,,,,,"144.83%",144.830
1790445958.730,hud,turns,,,,,"✗ turns: 3/15",
1790445958.730,hud,calib_s,,,,,"✓ Buffer 6s",
1790445958.732,marker,gnss,52.37172700,-1.24103000,186.80,true,,
1790445958.732,marker,dr,52.37028472,-1.24584255,131.60,true,,
1790445958.733,marker,reconciled,0.00000000,0.00000000,0.00,false,,
1790445958.783,hud,speed,,,,,"6.6 / 5.7",6.560
1790445958.783,hud,heading,,,,,"228° / 173°",228.200
1790445958.783,hud,drift,,,,,"144.69%",144.690
1790445958.783,hud,turns,,,,,"✗ turns: 3/15",
1790445958.784,hud,calib_s,,,,,"✓ Buffer 6s",
1790445958.784,marker,gnss,52.37172700,-1.24103000,186.80,true,,
1790445958.784,marker,dr,52.37028098,-1.24585003,131.80,true,,
1790445958.785,marker,reconciled,0.00000000,0.00000000,0.00,false,,
1790445958.833,hud,speed,,,,,"6.5 / 5.7",6.510
1790445958.834,hud,heading,,,,,"228° / 173°",228.200
1790445958.834,hud,drift,,,,,"144.55%",144.550
1790445958.834,hud,turns,,,,,"✗ turns: 3/15",
1790445958.835,hud,calib_s,,,,,"✓ Buffer 6s",
1790445958.835,marker,gnss,52.37172700,-1.24103000,186.80,true,,
1790445958.837,marker,dr,52.37027726,-1.24585745,131.80,true,,
1790445958.837,marker,reconciled,0.00000000,0.00000000,0.00,false,,
1790445958.886,hud,speed,,,,,"6.4 / 5.7",6.400
1790445958.886,hud,heading,,,,,"228° / 173°",228.100
1790445958.886,hud,drift,,,,,"144.41%",144.410
1790445958.887,hud,turns,,,,,"✗ turns: 3/15",
1790445958.887,hud,calib_s,,,,,"✓ Buffer 6s",
1790445958.887,marker,gnss,52.37172700,-1.24103000,186.80,true,,
1790445958.888,marker,dr,52.37027358,-1.24586468,131.90,true,,
1790445958.888,marker,reconciled,0.00000000,0.00000000,0.00,false,,
1790445958.935,hud,speed,,,,,"6.3 / 5.7",6.330
1790445958.935,hud,heading,,,,,"228° / 173°",228.200
1790445958.935,hud,drift,,,,,"144.26%",144.260
1790445958.935,hud,turns,,,,,"✗ turns: 3/15",
1790445958.935,hud,calib_s,,,,,"✓ Buffer 6s",
1790445958.937,marker,gnss,52.37172700,-1.24103000,186.80,true,,
1790445958.937,marker,dr,52.37026985,-1.24587184,131.80,true,,
1790445958.938,marker,reconciled,0.00000000,0.00000000,0.00,false,,
1790445958.989,hud,speed,,,,,"6.4 / 5.7",6.350
1790445958.990,hud,heading,,,,,"229° / 173°",228.500
1790445958.990,hud,drift,,,,,"144.11%",144.110
1790445958.990,hud,turns,,,,,"✗ turns: 3/15",
1790445958.991,hud,calib_s,,,,,"✓ Buffer 6s",
1790445958.991,marker,gnss,52.37172700,-1.24103000,186.80,true,,
1790445958.992,marker,dr,52.37026610,-1.24587887,131.50,true,,
1790445958.992,marker,reconciled,0.00000000,0.00000000,0.00,false,,
1790445959.034,hud,speed,,,,,"6.4 / 5.7",6.390
1790445959.035,hud,heading,,,,,"229° / 173°",228.700
1790445959.035,hud,drift,,,,,"143.97%",143.970
1790445959.035,hud,turns,,,,,"✗ turns: 3/15",
1790445959.035,hud,calib_s,,,,,"✓ Buffer 6s",
1790445959.036,marker,gnss,52.37172700,-1.24103000,186.80,true,,
1790445959.037,marker,dr,52.37026227,-1.24588588,131.30,true,,
1790445959.038,marker,reconciled,0.00000000,0.00000000,0.00,false,,
1790445959.087,hud,speed,,,,,"6.4 / 5.7",6.360
1790445959.087,hud,heading,,,,,"229° / 173°",228.700
1790445959.087,hud,drift,,,,,"143.82%",143.820
1790445959.087,hud,turns,,,,,"✗ turns: 3/15",
1790445959.088,hud,calib_s,,,,,"✓ Buffer 6s",
1790445959.088,marker,gnss,52.37172700,-1.24103000,186.80,true,,
1790445959.088,marker,dr,52.37025846,-1.24589272,131.30,true,,
1790445959.089,marker,reconciled,0.00000000,0.00000000,0.00,false,,
1790445959.144,hud,speed,,,,,"6.4 / 5.7",6.350
1790445959.144,hud,heading,,,,,"229° / 173°",228.700
1790445959.144,hud,drift,,,,,"143.67%",143.670
1790445959.145,hud,turns,,,,,"✗ turns: 3/15",
1790445959.145,hud,calib_s,,,,,"✓ Buffer 6s",
1790445959.146,marker,gnss,52.37172700,-1.24103000,186.80,true,,
1790445959.147,marker,dr,52.37025459,-1.24589959,131.30,true,,
1790445959.147,marker,reconciled,0.00000000,0.00000000,0.00,false,,
1790445959.193,hud,speed,,,,,"6.3 / 5.7",6.300
1790445959.194,hud,heading,,,,,"229° / 173°",228.800
1790445959.194,hud,drift,,,,,"143.52%",143.520
1790445959.194,hud,turns,,,,,"✗ turns: 3/15",
1790445959.195,hud,calib_s,,,,,"✓ Buffer 6s",
1790445959.195,marker,gnss,52.37172700,-1.24103000,186.80,true,,
1790445959.196,marker,dr,52.37025069,-1.24590632,131.20,true,,
1790445959.196,marker,reconciled,0.00000000,0.00000000,0.00,false,,
1790445959.239,hud,speed,,,,,"6.3 / 5.7",6.340
1790445959.239,hud,heading,,,,,"229° / 173°",229.000
1790445959.240,hud,drift,,,,,"143.38%",143.380
1790445959.240,hud,turns,,,,,"✗ turns: 3/15",
1790445959.240,hud,calib_s,,,,,"✓ Buffer 6s",
1790445959.241,marker,gnss,52.37172700,-1.24103000,186.80,true,,
1790445959.243,marker,dr,52.37024671,-1.24591304,131.00,true,,
1790445959.243,marker,reconciled,0.00000000,0.00000000,0.00,false,,
1790445959.294,hud,speed,,,,,"6.4 / 5.7",6.380
1790445959.295,hud,heading,,,,,"229° / 173°",229.100
1790445959.295,hud,drift,,,,,"143.23%",143.230
1790445959.295,hud,turns,,,,,"✗ turns: 3/15",
1790445959.295,hud,calib_s,,,,,"✓ Buffer 6s",
1790445959.296,marker,gnss,52.37172700,-1.24103000,186.80,true,,
1790445959.296,marker,dr,52.37024266,-1.24591974,130.90,true,,
1790445959.296,marker,reconciled,0.00000000,0.00000000,0.00,false,,
1790445959.341,hud,speed,,,,,"6.5 / 5.7",6.480
1790445959.341,hud,heading,,,,,"229° / 173°",229.100
1790445959.342,hud,drift,,,,,"143.09%",143.090
1790445959.342,hud,turns,,,,,"✗ turns: 3/15",
1790445959.342,hud,calib_s,,,,,"✓ Buffer 6s",
1790445959.344,marker,gnss,52.37172700,-1.24103000,186.80,true,,
1790445959.344,marker,dr,52.37023851,-1.24592660,130.90,true,,
1790445959.345,marker,reconciled,0.00000000,0.00000000,0.00,false,,
1790445959.396,hud,speed,,,,,"6.5 / 5.7",6.530
1790445959.396,hud,heading,,,,,"229° / 173°",229.100
1790445959.396,hud,drift,,,,,"142.95%",142.950
1790445959.396,hud,turns,,,,,"✗ turns: 3/15",
1790445959.397,hud,calib_s,,,,,"✓ Buffer 6s",
1790445959.397,marker,gnss,52.37172700,-1.24103000,186.80,true,,
1790445959.397,marker,dr,52.37023435,-1.24593342,130.90,true,,
1790445959.398,marker,reconciled,0.00000000,0.00000000,0.00,false,,
1790445959.444,hud,speed,,,,,"6.5 / 5.7",6.520
1790445959.444,hud,heading,,,,,"229° / 173°",229.100
1790445959.444,hud,drift,,,,,"142.81%",142.810
1790445959.445,hud,turns,,,,,"✗ turns: 3/15",
1790445959.445,hud,calib_s,,,,,"✓ Buffer 6s",
1790445959.445,marker,gnss,52.37172700,-1.24103000,186.80,true,,
1790445959.447,marker,dr,52.37023022,-1.24594015,130.90,true,,
1790445959.447,marker,reconciled,0.00000000,0.00000000,0.00,false,,
1790445959.496,hud,speed,,,,,"6.6 / 5.7",6.630
1790445959.496,hud,heading,,,,,"229° / 173°",229.300
1790445959.497,hud,drift,,,,,"142.67%",142.670
1790445959.497,hud,turns,,,,,"✗ turns: 3/15",
1790445959.497,hud,calib_s,,,,,"✓ Buffer 6s",
1790445959.497,marker,gnss,52.37172700,-1.24103000,186.80,true,,
1790445959.498,marker,dr,52.37022592,-1.24594710,130.70,true,,
1790445959.498,marker,reconciled,0.00000000,0.00000000,0.00,false,,
1790445959.546,hud,speed,,,,,"6.7 / 5.7",6.740
1790445959.546,hud,heading,,,,,"229° / 173°",229.300
1790445959.547,hud,drift,,,,,"142.54%",142.540
1790445959.547,hud,turns,,,,,"✗ turns: 3/15",
1790445959.547,hud,calib_s,,,,,"✓ Buffer 6s",
1790445959.548,marker,gnss,52.37172700,-1.24103000,186.80,true,,
1790445959.549,marker,dr,52.37022162,-1.24595404,130.70,true,,
1790445959.549,marker,reconciled,0.00000000,0.00000000,0.00,false,,
1790445959.599,hud,speed,,,,,"6.9 / 5.7",6.870
1790445959.600,hud,heading,,,,,"229° / 173°",229.300
1790445959.600,hud,drift,,,,,"142.42%",142.420
1790445959.600,hud,turns,,,,,"✗ turns: 3/15",
1790445959.600,hud,calib_s,,,,,"✓ Buffer 6s",
1790445959.601,marker,gnss,52.37172700,-1.24103000,186.80,true,,
1790445959.601,marker,dr,52.37021723,-1.24596119,130.70,true,,
1790445959.602,marker,reconciled,0.00000000,0.00000000,0.00,false,,
1790445959.647,hud,speed,,,,,"6.9 / 5.7",6.920
1790445959.648,hud,heading,,,,,"229° / 173°",229.300
1790445959.648,hud,drift,,,,,"142.30%",142.300
1790445959.648,hud,turns,,,,,"✗ turns: 3/15",
1790445959.648,hud,calib_s,,,,,"✓ Buffer 6s",
1790445959.649,marker,gnss,52.37172700,-1.24103000,186.80,true,,
1790445959.650,marker,dr,52.37021284,-1.24596846,130.70,true,,
1790445959.651,marker,reconciled,0.00000000,0.00000000,0.00,false,,
1790445959.699,hud,speed,,,,,"7.0 / 5.7",7.020
1790445959.699,hud,heading,,,,,"229° / 173°",229.200
1790445959.699,hud,drift,,,,,"142.18%",142.180
1790445959.700,hud,turns,,,,,"✗ turns: 3/15",
1790445959.700,hud,calib_s,,,,,"✓ Buffer 6s",
1790445959.700,marker,gnss,52.37172700,-1.24103000,186.80,true,,
1790445959.701,marker,dr,52.37020841,-1.24597583,130.80,true,,
1790445959.701,marker,reconciled,0.00000000,0.00000000,0.00,false,,
1790445959.749,hud,speed,,,,,"7.1 / 5.7",7.090
1790445959.749,hud,heading,,,,,"229° / 173°",229.100
1790445959.749,hud,drift,,,,,"142.06%",142.060
1790445959.749,hud,turns,,,,,"✗ turns: 3/15",
1790445959.750,hud,calib_s,,,,,"✓ Buffer 6s",
1790445959.751,marker,gnss,52.37172700,-1.24103000,186.80,true,,
1790445959.752,marker,dr,52.37020394,-1.24598325,130.90,true,,
1790445959.752,marker,reconciled,0.00000000,0.00000000,0.00,false,,
1790445959.803,hud,speed,,,,,"7.1 / 5.7",7.140
1790445959.804,hud,heading,,,,,"229° / 173°",229.000
1790445959.804,hud,drift,,,,,"141.95%",141.950
1790445959.804,hud,turns,,,,,"✗ turns: 3/15",
1790445959.804,hud,calib_s,,,,,"✓ Buffer 6s",
1790445959.805,marker,gnss,52.37172700,-1.24103000,186.80,true,,
1790445959.805,marker,dr,52.37019941,-1.24599081,131.00,true,,
1790445959.806,marker,reconciled,0.00000000,0.00000000,0.00,false,,
1790445959.857,hud,speed,,,,,"7.3 / 5.7",7.280
1790445959.857,hud,heading,,,,,"229° / 173°",229.000
1790445959.858,hud,drift,,,,,"141.84%",141.840
1790445959.858,hud,turns,,,,,"✗ turns: 3/15",
1790445959.858,hud,calib_s,,,,,"✓ Buffer 6s",
1790445959.859,marker,gnss,52.37172700,-1.24103000,186.80,true,,
1790445959.861,marker,dr,52.37019482,-1.24599842,131.00,true,,
1790445959.861,marker,reconciled,0.00000000,0.00000000,0.00,false,,
1790445959.907,hud,speed,,,,,"7.4 / 5.7",7.350
1790445959.907,hud,heading,,,,,"229° / 173°",229.000
1790445959.907,hud,drift,,,,,"141.74%",141.740
1790445959.908,hud,turns,,,,,"✗ turns: 3/15",
1790445959.908,hud,calib_s,,,,,"✓ Buffer 6s",
1790445959.908,marker,gnss,52.37172700,-1.24103000,186.80,true,,
1790445959.909,marker,dr,52.37019016,-1.24600608,131.00,true,,
1790445959.909,marker,reconciled,0.00000000,0.00000000,0.00,false,,
1790445959.950,hud,speed,,,,,"7.4 / 5.7",7.420
1790445959.950,hud,heading,,,,,"229° / 173°",229.000
1790445959.951,hud,drift,,,,,"141.63%",141.630
1790445959.951,hud,turns,,,,,"✗ turns: 3/15",
1790445959.951,hud,calib_s,,,,,"✓ Buffer 6s",
1790445959.952,marker,gnss,52.37172700,-1.24103000,186.80,true,,
1790445959.953,marker,dr,52.37018550,-1.24601373,131.00,true,,
1790445959.954,marker,reconciled,0.00000000,0.00000000,0.00,false,,
1790445960.008,hud,speed,,,,,"7.5 / 5.7",7.530
1790445960.008,hud,heading,,,,,"229° / 173°",229.200
1790445960.009,hud,drift,,,,,"141.54%",141.540
1790445960.009,hud,turns,,,,,"✗ turns: 3/15",
1790445960.010,hud,calib_s,,,,,"✓ Buffer 6s",
1790445960.010,marker,gnss,52.37172700,-1.24103000,186.80,true,,
1790445960.011,marker,dr,52.37018065,-1.24602163,130.80,true,,
1790445960.012,marker,reconciled,0.00000000,0.00000000,0.00,false,,
1790445960.053,hud,speed,,,,,"7.7 / 5.7",7.650
1790445960.054,hud,heading,,,,,"229° / 173°",229.000
1790445960.054,hud,drift,,,,,"141.44%",141.440
1790445960.054,hud,turns,,,,,"✗ turns: 3/15",
1790445960.055,hud,calib_s,,,,,"✓ Buffer 6s",
1790445960.055,marker,gnss,52.37172700,-1.24103000,186.80,true,,
1790445960.056,marker,dr,52.37017572,-1.24602962,131.00,true,,
1790445960.057,marker,reconciled,0.00000000,0.00000000,0.00,false,,
1790445960.107,hud,speed,,,,,"7.7 / 5.7",7.710
1790445960.108,hud,heading,,,,,"229° / 173°",228.900
1790445960.108,hud,drift,,,,,"141.35%",141.350
1790445960.108,hud,turns,,,,,"✗ turns: 3/15",
1790445960.109,hud,calib_s,,,,,"✓ Buffer 6s",
1790445960.109,marker,gnss,52.37172700,-1.24103000,186.80,true,,
1790445960.109,marker,dr,52.37017086,-1.24603735,131.10,true,,
1790445960.110,marker,reconciled,0.00000000,0.00000000,0.00,false,,
1790445960.157,hud,speed,,,,,"7.8 / 5.7",7.770
1790445960.157,hud,heading,,,,,"229° / 173°",229.100
1790445960.157,hud,drift,,,,,"141.26%",141.260
1790445960.158,hud,turns,,,,,"✗ turns: 3/15",
1790445960.158,hud,calib_s,,,,,"✓ Buffer 6s",
1790445960.159,marker,gnss,52.37172700,-1.24103000,186.80,true,,
1790445960.160,marker,dr,52.37016577,-1.24604536,130.90,true,,
1790445960.160,marker,reconciled,0.00000000,0.00000000,0.00,false,,
1790445960.206,hud,speed,,,,,"7.8 / 5.7",7.760
1790445960.206,hud,heading,,,,,"229° / 173°",229.100
1790445960.207,hud,drift,,,,,"141.17%",141.170
1790445960.207,hud,turns,,,,,"✗ turns: 3/15",
1790445960.207,hud,calib_s,,,,,"✓ Buffer 6s",
1790445960.207,marker,gnss,52.37172700,-1.24103000,186.80,true,,
1790445960.207,marker,dr,52.37016067,-1.24605317,130.90,true,,
1790445960.208,marker,reconciled,0.00000000,0.00000000,0.00,false,,
1790445960.258,hud,speed,,,,,"7.8 / 5.7",7.800
1790445960.258,hud,heading,,,,,"229° / 173°",229.200
1790445960.259,hud,drift,,,,,"141.08%",141.080
1790445960.259,hud,turns,,,,,"✗ turns: 3/15",
1790445960.259,hud,calib_s,,,,,"✓ Buffer 6s",
1790445960.259,marker,gnss,52.37172700,-1.24103000,186.80,true,,
1790445960.261,marker,dr,52.37015555,-1.24606103,130.80,true,,
1790445960.261,marker,reconciled,0.00000000,0.00000000,0.00,false,,
1790445960.312,hud,speed,,,,,"7.9 / 5.7",7.860
1790445960.312,hud,heading,,,,,"229° / 173°",229.000
1790445960.312,hud,drift,,,,,"140.99%",140.990
1790445960.313,hud,turns,,,,,"✗ turns: 3/15",
1790445960.313,hud,calib_s,,,,,"✓ Buffer 6s",
1790445960.313,marker,gnss,52.37172700,-1.24103000,186.80,true,,
1790445960.314,marker,dr,52.37015050,-1.24606894,131.00,true,,
1790445960.315,marker,reconciled,0.00000000,0.00000000,0.00,false,,
1790445960.362,hud,speed,,,,,"7.8 / 5.7",7.760
1790445960.362,hud,heading,,,,,"229° / 173°",228.500
1790445960.362,hud,drift,,,,,"140.90%",140.900
1790445960.363,hud,turns,,,,,"✗ turns: 3/15",
1790445960.363,hud,calib_s,,,,,"✓ Buffer 6s",
1790445960.364,marker,gnss,52.37172700,-1.24103000,186.80,true,,
1790445960.365,marker,dr,52.37014543,-1.24607690,131.50,true,,
1790445960.365,marker,reconciled,0.00000000,0.00000000,0.00,false,,
1790445960.417,hud,speed,,,,,"7.7 / 5.7",7.650
1790445960.417,hud,heading,,,,,"228° / 173°",228.200
1790445960.418,hud,drift,,,,,"140.80%",140.800
1790445960.418,hud,turns,,,,,"✗ turns: 3/15",
1790445960.419,hud,calib_s,,,,,"✓ Buffer 6s",
1790445960.419,marker,gnss,52.37172700,-1.24103000,186.80,true,,
1790445960.420,marker,dr,52.37014046,-1.24608457,131.80,true,,
1790445960.420,marker,reconciled,0.00000000,0.00000000,0.00,false,,
1790445960.465,hud,speed,,,,,"7.8 / 5.7",7.750
1790445960.466,hud,heading,,,,,"228° / 173°",228.000
1790445960.466,hud,drift,,,,,"140.71%",140.710
1790445960.466,hud,turns,,,,,"✗ turns: 3/15",
1790445960.467,hud,calib_s,,,,,"✓ Buffer 6s",
1790445960.467,marker,gnss,52.37172700,-1.24103000,186.80,true,,
1790445960.469,marker,dr,52.37013543,-1.24609210,132.00,true,,
1790445960.470,marker,reconciled,0.00000000,0.00000000,0.00,false,,
1790445960.515,hud,speed,,,,,"7.8 / 5.7",7.760
1790445960.516,hud,heading,,,,,"229° / 173°",228.500
1790445960.516,hud,drift,,,,,"140.62%",140.620
1790445960.516,hud,turns,,,,,"✗ turns: 3/15",
1790445960.516,hud,calib_s,,,,,"✓ Buffer 6s",
1790445960.517,marker,gnss,52.37172700,-1.24103000,186.80,true,,
1790445960.517,marker,dr,52.37013022,-1.24609983,131.50,true,,
1790445960.518,marker,reconciled,0.00000000,0.00000000,0.00,false,,
1790445960.561,hud,speed,,,,,"7.8 / 5.7",7.800
1790445960.561,hud,heading,,,,,"229° / 173°",228.900
1790445960.561,hud,drift,,,,,"140.53%",140.530
1790445960.562,hud,turns,,,,,"✗ turns: 3/15",
1790445960.562,hud,calib_s,,,,,"✓ Buffer 6s",
1790445960.563,marker,gnss,52.37172700,-1.24103000,186.80,true,,
1790445960.563,marker,dr,52.37012512,-1.24610754,131.10,true,,
1790445960.564,marker,reconciled,0.00000000,0.00000000,0.00,false,,
1790445960.620,hud,speed,,,,,"8.1 / 5.7",8.130
1790445960.620,hud,heading,,,,,"229° / 173°",228.700
1790445960.621,hud,drift,,,,,"140.46%",140.460
1790445960.621,hud,turns,,,,,"✗ turns: 3/15",
1790445960.621,hud,calib_s,,,,,"✓ Buffer 6s",
1790445960.621,marker,gnss,52.37172700,-1.24103000,186.80,true,,
1790445960.622,marker,dr,52.37011988,-1.24611586,131.30,true,,
1790445960.623,marker,reconciled,0.00000000,0.00000000,0.00,false,,
1790445960.667,hud,speed,,,,,"8.1 / 5.7",8.070
1790445960.667,hud,heading,,,,,"228° / 173°",228.200
1790445960.667,hud,drift,,,,,"140.38%",140.380
1790445960.668,hud,turns,,,,,"✗ turns: 3/15",
1790445960.668,hud,calib_s,,,,,"✓ Buffer 6s",
1790445960.668,marker,gnss,52.37172700,-1.24103000,186.80,true,,
1790445960.670,marker,dr,52.37011470,-1.24612428,131.80,true,,
1790445960.671,marker,reconciled,0.00000000,0.00000000,0.00,false,,
1790445960.716,hud,speed,,,,,"8.1 / 5.7",8.050
1790445960.717,hud,heading,,,,,"228° / 173°",228.000
1790445960.717,hud,drift,,,,,"140.30%",140.300
1790445960.717,hud,turns,,,,,"✗ turns: 3/15",
1790445960.717,hud,calib_s,,,,,"✓ Buffer 6s",
1790445960.718,marker,gnss,52.37172700,-1.24103000,186.80,true,,
1790445960.718,marker,dr,52.37010954,-1.24613248,132.00,true,,
1790445960.719,marker,reconciled,0.00000000,0.00000000,0.00,false,,
1790445960.766,hud,speed,,,,,"8.0 / 5.7",8.010
1790445960.767,hud,heading,,,,,"228° / 173°",228.000
1790445960.767,hud,drift,,,,,"140.22%",140.220
1790445960.767,hud,turns,,,,,"✗ turns: 3/15",
1790445960.767,hud,calib_s,,,,,"✓ Buffer 6s",
1790445960.769,marker,gnss,52.37172700,-1.24103000,186.80,true,,
1790445960.769,marker,dr,52.37010441,-1.24614062,132.00,true,,
1790445960.770,marker,reconciled,0.00000000,0.00000000,0.00,false,,
1790445960.818,hud,speed,,,,,"8.1 / 5.7",8.060
1790445960.819,hud,heading,,,,,"228° / 173°",228.000
1790445960.819,hud,drift,,,,,"140.15%",140.150
1790445960.819,hud,turns,,,,,"✗ turns: 3/15",
1790445960.820,hud,calib_s,,,,,"✓ Buffer 6s",
1790445960.820,marker,gnss,52.37172700,-1.24103000,186.80,true,,
1790445960.821,marker,dr,52.37009928,-1.24614891,132.00,true,,
1790445960.821,marker,reconciled,0.00000000,0.00000000,0.00,false,,
1790445960.868,hud,speed,,,,,"8.1 / 5.7",8.120
1790445960.868,hud,heading,,,,,"228° / 173°",228.400
1790445960.869,hud,drift,,,,,"140.08%",140.080
1790445960.869,hud,turns,,,,,"✗ turns: 3/15",
1790445960.869,hud,calib_s,,,,,"✓ Buffer 6s",
1790445960.869,marker,gnss,52.37172700,-1.24103000,186.80,true,,
1790445960.871,marker,dr,52.37009407,-1.24615743,131.60,true,,
1790445960.871,marker,reconciled,0.00000000,0.00000000,0.00,false,,
1790445960.930,hud,speed,,,,,"8.2 / 5.6",8.220
1790445960.930,hud,heading,,,,,"229° / 283°",228.600
1790445960.931,hud,drift,,,,,"129.79%",129.790
1790445960.931,hud,turns,,,,,"✗ turns: 3/15",
1790445960.931,hud,calib_s,,,,,"✓ Buffer 6s",
1790445960.932,marker,gnss,52.37152500,-1.24099200,76.80,true,,
1790445960.932,marker,dr,52.37008898,-1.24616587,131.40,true,,
1790445960.933,marker,reconciled,0.00000000,0.00000000,0.00,false,,
1790445960.972,hud,speed,,,,,"8.4 / 5.6",8.440
1790445960.972,hud,heading,,,,,"229° / 283°",228.500
1790445960.972,hud,drift,,,,,"129.66%",129.660
1790445960.973,hud,turns,,,,,"✗ turns: 3/15",
1790445960.973,hud,calib_s,,,,,"✓ Buffer 6s",
1790445960.974,marker,gnss,52.37152500,-1.24099200,76.80,true,,
1790445960.975,marker,dr,52.37008371,-1.24617480,131.50,true,,
1790445960.975,marker,reconciled,0.00000000,0.00000000,0.00,false,,
1790445961.023,hud,speed,,,,,"8.6 / 5.6",8.630
1790445961.023,hud,heading,,,,,"229° / 283°",228.500
1790445961.024,hud,drift,,,,,"129.55%",129.550
1790445961.024,hud,turns,,,,,"✗ turns: 3/15",
1790445961.024,hud,calib_s,,,,,"✓ Buffer 6s",
1790445961.024,marker,gnss,52.37152500,-1.24099200,76.80,true,,
1790445961.025,marker,dr,52.37007838,-1.24618400,131.50,true,,
1790445961.025,marker,reconciled,0.00000000,0.00000000,0.00,false,,
1790445961.072,hud,speed,,,,,"8.8 / 5.6",8.770
1790445961.073,hud,heading,,,,,"228° / 283°",228.400
1790445961.073,hud,drift,,,,,"129.44%",129.440
1790445961.073,hud,turns,,,,,"✗ turns: 3/15",
1790445961.073,hud,calib_s,,,,,"✓ Buffer 6s",
1790445961.074,marker,gnss,52.37152500,-1.24099200,76.80,true,,
1790445961.075,marker,dr,52.37007298,-1.24619337,131.60,true,,
1790445961.076,marker,reconciled,0.00000000,0.00000000,0.00,false,,
1790445961.127,hud,speed,,,,,"8.9 / 5.6",8.860
1790445961.127,hud,heading,,,,,"228° / 283°",228.400
1790445961.128,hud,drift,,,,,"129.33%",129.330
1790445961.128,hud,turns,,,,,"✗ turns: 3/15",
1790445961.128,hud,calib_s,,,,,"✓ Buffer 6s",
1790445961.129,marker,gnss,52.37152500,-1.24099200,76.80,true,,
1790445961.129,marker,dr,52.37006752,-1.24620283,131.60,true,,
1790445961.130,marker,reconciled,0.00000000,0.00000000,0.00,false,,
1790445961.178,hud,speed,,,,,"9.0 / 5.6",8.950
1790445961.179,hud,heading,,,,,"228° / 283°",228.400
1790445961.179,hud,drift,,,,,"129.23%",129.230
1790445961.179,hud,turns,,,,,"✗ turns: 3/15",
1790445961.179,hud,calib_s,,,,,"✓ Buffer 6s",
1790445961.181,marker,gnss,52.37152500,-1.24099200,76.80,true,,
1790445961.182,marker,dr,52.37006202,-1.24621242,131.60,true,,
1790445961.182,marker,reconciled,0.00000000,0.00000000,0.00,false,,
1790445961.227,hud,speed,,,,,"9.0 / 5.6",8.960
1790445961.228,hud,heading,,,,,"228° / 283°",228.200
1790445961.228,hud,drift,,,,,"129.13%",129.130
1790445961.228,hud,turns,,,,,"✗ turns: 3/15",
1790445961.229,hud,calib_s,,,,,"✓ Buffer 6s",
1790445961.229,marker,gnss,52.37152500,-1.24099200,76.80,true,,
1790445961.230,marker,dr,52.37005657,-1.24622209,131.80,true,,
1790445961.230,marker,reconciled,0.00000000,0.00000000,0.00,false,,
1790445961.275,hud,speed,,,,,"9.0 / 5.6",8.960
1790445961.275,hud,heading,,,,,"228° / 283°",228.200
1790445961.275,hud,drift,,,,,"129.03%",129.030
1790445961.276,hud,turns,,,,,"✗ turns: 3/15",
1790445961.276,hud,calib_s,,,,,"✓ Buffer 6s",
1790445961.276,marker,gnss,52.37152500,-1.24099200,76.80,true,,
1790445961.278,marker,dr,52.37005111,-1.24623175,131.80,true,,
1790445961.278,marker,reconciled,0.00000000,0.00000000,0.00,false,,
1790445961.333,hud,speed,,,,,"8.9 / 5.6",8.930
1790445961.334,hud,heading,,,,,"228° / 283°",228.300
1790445961.334,hud,drift,,,,,"128.93%",128.930
1790445961.334,hud,turns,,,,,"✗ turns: 3/15",
1790445961.334,hud,calib_s,,,,,"✓ Buffer 6s",
1790445961.335,marker,gnss,52.37152500,-1.24099200,76.80,true,,
1790445961.335,marker,dr,52.37004566,-1.24624137,131.70,true,,
1790445961.336,marker,reconciled,0.00000000,0.00000000,0.00,false,,
1790445961.379,hud,speed,,,,,"8.8 / 5.6",8.770
1790445961.380,hud,heading,,,,,"228° / 283°",228.300
1790445961.380,hud,drift,,,,,"128.82%",128.820
1790445961.380,hud,turns,,,,,"✗ turns: 3/15",
1790445961.380,hud,calib_s,,,,,"✓ Buffer 6s",
1790445961.382,marker,gnss,52.37152500,-1.24099200,76.80,true,,
1790445961.382,marker,dr,52.37004032,-1.24625084,131.70,true,,
1790445961.383,marker,reconciled,0.00000000,0.00000000,0.00,false,,
1790445961.432,hud,speed,,,,,"8.6 / 5.6",8.620
1790445961.432,hud,heading,,,,,"228° / 283°",228.300
1790445961.432,hud,drift,,,,,"128.72%",128.720
1790445961.433,hud,turns,,,,,"✗ turns: 3/15",
1790445961.433,hud,calib_s,,,,,"✓ Buffer 6s",
1790445961.433,marker,gnss,52.37152500,-1.24099200,76.80,true,,
1790445961.434,marker,dr,52.37003510,-1.24626018,131.70,true,,
1790445961.434,marker,reconciled,0.00000000,0.00000000,0.00,false,,
1790445961.481,hud,speed,,,,,"8.6 / 5.6",8.570
1790445961.482,hud,heading,,,,,"228° / 283°",228.400
1790445961.482,hud,drift,,,,,"128.61%",128.610
1790445961.482,hud,turns,,,,,"✗ turns: 3/15",
1790445961.482,hud,calib_s,,,,,"✓ Buffer 6s",
1790445961.483,marker,gnss,52.37152500,-1.24099200,76.80,true,,
1790445961.485,marker,dr,52.37002985,-1.24626957,131.60,true,,
1790445961.485,marker,reconciled,0.00000000,0.00000000,0.00,false,,
1790445961.534,hud,speed,,,,,"8.4 / 5.6",8.390
1790445961.535,hud,heading,,,,,"229° / 283°",228.500
1790445961.535,hud,drift,,,,,"128.49%",128.490
1790445961.535,hud,turns,,,,,"✗ turns: 3/15",
1790445961.535,hud,calib_s,,,,,"✓ Buffer 6s",
1790445961.536,marker,gnss,52.37152500,-1.24099200,76.80,true,,
1790445961.536,marker,dr,52.37002476,-1.24627865,131.50,true,,
1790445961.536,marker,reconciled,0.00000000,0.00000000,0.00,false,,
1790445961.581,hud,speed,,,,,"8.4 / 5.6",8.350
1790445961.581,hud,heading,,,,,"229° / 283°",228.600
1790445961.582,hud,drift,,,,,"128.38%",128.380
1790445961.582,hud,turns,,,,,"✗ turns: 3/15",
1790445961.582,hud,calib_s,,,,,"✓ Buffer 6s",
1790445961.584,marker,gnss,52.37152500,-1.24099200,76.80,true,,
1790445961.584,marker,dr,52.37001974,-1.24628761,131.40,true,,
1790445961.585,marker,reconciled,0.00000000,0.00000000,0.00,false,,
1790445961.632,hud,speed,,,,,"8.3 / 5.6",8.280
1790445961.632,hud,heading,,,,,"229° / 283°",228.700
1790445961.632,hud,drift,,,,,"128.26%",128.260
1790445961.632,hud,turns,,,,,"✗ turns: 3/15",
1790445961.633,hud,calib_s,,,,,"✓ Buffer 6s",
1790445961.633,marker,gnss,52.37152500,-1.24099200,76.80,true,,
1790445961.633,marker,dr,52.37001475,-1.24629663,131.30,true,,
1790445961.634,marker,reconciled,0.00000000,0.00000000,0.00,false,,
1790445961.685,hud,speed,,,,,"8.2 / 5.6",8.200
1790445961.685,hud,heading,,,,,"229° / 283°",228.600
1790445961.685,hud,drift,,,,,"128.14%",128.140
1790445961.685,hud,turns,,,,,"✗ turns: 3/15",
1790445961.686,hud,calib_s,,,,,"✓ Buffer 6s",
1790445961.686,marker,gnss,52.37152500,-1.24099200,76.80,true,,
1790445961.688,marker,dr,52.37000983,-1.24630559,131.40,true,,
1790445961.688,marker,reconciled,0.00000000,0.00000000,0.00,false,,
1790445961.738,hud,speed,,,,,"8.2 / 5.6",8.160
1790445961.738,hud,heading,,,,,"229° / 283°",228.700
1790445961.738,hud,drift,,,,,"128.03%",128.030
1790445961.739,hud,turns,,,,,"✗ turns: 3/15",
1790445961.739,hud,calib_s,,,,,"✓ Buffer 6s",
1790445961.739,marker,gnss,52.37152500,-1.24099200,76.80,true,,
1790445961.740,marker,dr,52.37000487,-1.24631459,131.30,true,,
1790445961.741,marker,reconciled,0.00000000,0.00000000,0.00,false,,
1790445961.783,hud,speed,,,,,"8.1 / 5.6",8.080
1790445961.783,hud,heading,,,,,"229° / 283°",228.700
1790445961.784,hud,drift,,,,,"127.91%",127.910
1790445961.784,hud,turns,,,,,"✗ turns: 3/15",
1790445961.784,hud,calib_s,,,,,"✓ Buffer 6s",
1790445961.786,marker,gnss,52.37152500,-1.24099200,76.80,true,,
1790445961.786,marker,dr,52.37000010,-1.24632339,131.30,true,,
1790445961.787,marker,reconciled,0.00000000,0.00000000,0.00,false,,
1790445961.833,hud,speed,,,,,"8.0 / 5.6",7.970
1790445961.834,hud,heading,,,,,"229° / 283°",228.800
1790445961.834,hud,drift,,,,,"127.78%",127.780
1790445961.834,hud,turns,,,,,"✗ turns: 3/15",
1790445961.834,hud,calib_s,,,,,"✓ Buffer 6s",
1790445961.835,marker,gnss,52.37152500,-1.24099200,76.80,true,,
1790445961.835,marker,dr,52.36999533,-1.24633227,131.20,true,,
1790445961.836,marker,reconciled,0.00000000,0.00000000,0.00,false,,
1790445961.888,hud,speed,,,,,"7.9 / 5.6",7.870
1790445961.888,hud,heading,,,,,"229° / 283°",228.900
1790445961.888,hud,drift,,,,,"127.66%",127.660
1790445961.889,hud,turns,,,,,"✗ turns: 3/15",
1790445961.889,hud,calib_s,,,,,"✓ Buffer 6s",
1790445961.889,marker,gnss,52.37152500,-1.24099200,76.80,true,,
1790445961.891,marker,dr,52.36999067,-1.24634097,131.10,true,,
1790445961.891,marker,reconciled,0.00000000,0.00000000,0.00,false,,
1790445961.937,hud,speed,,,,,"7.8 / 5.6",7.780
1790445961.937,hud,heading,,,,,"229° / 283°",228.700
1790445961.938,hud,drift,,,,,"127.53%",127.530
1790445961.938,hud,turns,,,,,"✗ turns: 3/15",
1790445961.938,hud,calib_s,,,,,"✓ Buffer 6s",
1790445961.938,marker,gnss,52.37152500,-1.24099200,76.80,true,,
1790445961.939,marker,dr,52.36998605,-1.24634956,131.30,true,,
1790445961.939,marker,reconciled,0.00000000,0.00000000,0.00,false,,
1790445961.987,hud,speed,,,,,"7.7 / 5.6",7.670
1790445961.987,hud,heading,,,,,"229° / 283°",228.700
1790445961.988,hud,drift,,,,,"127.41%",127.410
1790445961.988,hud,turns,,,,,"✗ turns: 3/15",
1790445961.988,hud,calib_s,,,,,"✓ Buffer 6s",
1790445961.990,marker,gnss,52.37152500,-1.24099200,76.80,true,,
1790445961.990,marker,dr,52.36998152,-1.24635790,131.30,true,,
1790445961.991,marker,reconciled,0.00000000,0.00000000,0.00,false,,
1790445962.041,hud,speed,,,,,"7.6 / 5.6",7.580
1790445962.041,hud,heading,,,,,"229° / 283°",228.800
1790445962.042,hud,drift,,,,,"127.27%",127.270
1790445962.042,hud,turns,,,,,"✗ turns: 3/15",
1790445962.043,hud,calib_s,,,,,"✓ Buffer 6s",
1790445962.043,marker,gnss,52.37152500,-1.24099200,76.80,true,,
1790445962.044,marker,dr,52.36997694,-1.24636629,131.20,true,,
1790445962.044,marker,reconciled,0.00000000,0.00000000,0.00,false,,
1790445962.086,hud,speed,,,,,"7.5 / 5.6",7.500
1790445962.086,hud,heading,,,,,"229° / 283°",228.700
1790445962.087,hud,drift,,,,,"127.14%",127.140
1790445962.087,hud,turns,,,,,"✗ turns: 3/15",
1790445962.087,hud,calib_s,,,,,"✓ Buffer 6s",
1790445962.087,marker,gnss,52.37152500,-1.24099200,76.80,true,,
1790445962.089,marker,dr,52.36997249,-1.24637442,131.30,true,,
1790445962.089,marker,reconciled,0.00000000,0.00000000,0.00,false,,
1790445962.138,hud,speed,,,,,"7.4 / 5.6",7.380
1790445962.139,hud,heading,,,,,"229° / 283°",228.600
1790445962.139,hud,drift,,,,,"127.01%",127.010
1790445962.139,hud,turns,,,,,"✗ turns: 3/15",
1790445962.139,hud,calib_s,,,,,"✓ Buffer 6s",
1790445962.140,marker,gnss,52.37152500,-1.24099200,76.80,true,,
1790445962.140,marker,dr,52.36996806,-1.24638247,131.40,true,,
1790445962.140,marker,reconciled,0.00000000,0.00000000,0.00,false,,
1790445962.193,hud,speed,,,,,"7.3 / 5.6",7.260
1790445962.193,hud,heading,,,,,"229° / 283°",228.500
1790445962.193,hud,drift,,,,,"126.87%",126.870
1790445962.194,hud,turns,,,,,"✗ turns: 3/15",
1790445962.194,hud,calib_s,,,,,"✓ Buffer 6s",
1790445962.196,marker,gnss,52.37152500,-1.24099200,76.80,true,,
1790445962.196,marker,dr,52.36996361,-1.24639026,131.50,true,,
1790445962.197,marker,reconciled,0.00000000,0.00000000,0.00,false,,
1790445962.245,hud,speed,,,,,"7.1 / 5.6",7.130
1790445962.246,hud,heading,,,,,"228° / 283°",228.400
1790445962.246,hud,drift,,,,,"126.72%",126.720
1790445962.246,hud,turns,,,,,"✗ turns: 3/15",
1790445962.247,hud,calib_s,,,,,"✓ Buffer 6s",
1790445962.247,marker,gnss,52.37152500,-1.24099200,76.80,true,,
1790445962.248,marker,dr,52.36995914,-1.24639772,131.60,true,,
1790445962.248,marker,reconciled,0.00000000,0.00000000,0.00,false,,
1790445962.294,hud,speed,,,,,"7.0 / 5.6",7.000
1790445962.294,hud,heading,,,,,"228° / 283°",228.100
1790445962.295,hud,drift,,,,,"126.57%",126.570
1790445962.295,hud,turns,,,,,"✗ turns: 3/15",
1790445962.296,hud,calib_s,,,,,"✓ Buffer 6s",
1790445962.296,marker,gnss,52.37152500,-1.24099200,76.80,true,,
1790445962.298,marker,dr,52.36995462,-1.24640497,131.90,true,,
1790445962.299,marker,reconciled,0.00000000,0.00000000,0.00,false,,
1790445962.347,hud,speed,,,,,"7.0 / 5.6",6.950
1790445962.347,hud,heading,,,,,"228° / 283°",228.000
1790445962.347,hud,drift,,,,,"126.41%",126.410
1790445962.348,hud,turns,,,,,"✗ turns: 3/15",
1790445962.348,hud,calib_s,,,,,"✓ Buffer 6s",
1790445962.348,marker,gnss,52.37152500,-1.24099200,76.80,true,,
1790445962.349,marker,dr,52.36995012,-1.24641180,132.00,true,,
1790445962.349,marker,reconciled,0.00000000,0.00000000,0.00,false,,
1790445962.391,hud,speed,,,,,"6.9 / 5.6",6.920
1790445962.391,hud,heading,,,,,"228° / 283°",227.700
1790445962.392,hud,drift,,,,,"126.25%",126.250
1790445962.392,hud,turns,,,,,"✗ turns: 3/15",
1790445962.392,hud,calib_s,,,,,"✓ Buffer 6s",
1790445962.393,marker,gnss,52.37152500,-1.24099200,76.80,true,,
1790445962.394,marker,dr,52.36994540,-1.24641841,132.30,true,,
1790445962.395,marker,reconciled,0.00000000,0.00000000,0.00,false,,
1790445962.449,hud,speed,,,,,"7.0 / 5.6",6.980
1790445962.450,hud,heading,,,,,"228° / 283°",227.700
1790445962.450,hud,drift,,,,,"126.10%",126.100
1790445962.451,hud,turns,,,,,"✗ turns: 3/15",
1790445962.451,hud,calib_s,,,,,"✓ Buffer 6s",
1790445962.451,marker,gnss,52.37152500,-1.24099200,76.80,true,,
1790445962.452,marker,dr,52.36994064,-1.24642467,132.30,true,,
1790445962.452,marker,reconciled,0.00000000,0.00000000,0.00,false,,
1790445962.497,hud,speed,,,,,"7.0 / 5.6",6.990
1790445962.498,hud,heading,,,,,"228° / 283°",227.800
1790445962.498,hud,drift,,,,,"125.94%",125.940
1790445962.498,hud,turns,,,,,"✗ turns: 3/15",
1790445962.499,hud,calib_s,,,,,"✓ Buffer 6s",
1790445962.500,marker,gnss,52.37152500,-1.24099200,76.80,true,,
1790445962.502,marker,dr,52.36993569,-1.24643096,132.20,true,,
1790445962.502,marker,reconciled,0.00000000,0.00000000,0.00,false,,
1790445962.555,hud,speed,,,,,"7.0 / 5.6",7.000
1790445962.555,hud,heading,,,,,"228° / 283°",227.800
1790445962.556,hud,drift,,,,,"125.78%",125.780
1790445962.556,hud,turns,,,,,"✗ turns: 3/15",
1790445962.556,hud,calib_s,,,,,"✓ Buffer 6s",
1790445962.557,marker,gnss,52.37152500,-1.24099200,76.80,true,,
1790445962.557,marker,dr,52.36993074,-1.24643700,132.20,true,,
1790445962.558,marker,reconciled,0.00000000,0.00000000,0.00,false,,
1790445962.596,hud,speed,,,,,"7.0 / 5.6",7.020
1790445962.596,hud,heading,,,,,"228° / 283°",227.600
1790445962.596,hud,drift,,,,,"125.62%",125.620
1790445962.596,hud,turns,,,,,"✗ turns: 3/15",
1790445962.596,hud,calib_s,,,,,"✓ Buffer 6s",
1790445962.598,marker,gnss,52.37152500,-1.24099200,76.80,true,,
1790445962.598,marker,dr,52.36992569,-1.24644300,132.40,true,,
1790445962.599,marker,reconciled,0.00000000,0.00000000,0.00,false,,
1790445962.648,hud,speed,,,,,"7.1 / 5.6",7.060
1790445962.648,hud,heading,,,,,"228° / 283°",227.500
1790445962.649,hud,drift,,,,,"125.46%",125.460
1790445962.649,hud,turns,,,,,"✗ turns: 3/15",
1790445962.649,hud,calib_s,,,,,"✓ Buffer 6s",
1790445962.649,marker,gnss,52.37152500,-1.24099200,76.80,true,,
1790445962.650,marker,dr,52.36992057,-1.24644889,132.50,true,,
1790445962.650,marker,reconciled,0.00000000,0.00000000,0.00,false,,
1790445962.700,hud,speed,,,,,"7.1 / 5.6",7.060
1790445962.701,hud,heading,,,,,"228° / 283°",227.600
1790445962.701,hud,drift,,,,,"125.30%",125.300
1790445962.701,hud,turns,,,,,"✗ turns: 3/15",
1790445962.701,hud,calib_s,,,,,"✓ Buffer 6s",
1790445962.702,marker,gnss,52.37152500,-1.24099200,76.80,true,,
1790445962.703,marker,dr,52.36991537,-1.24645467,132.40,true,,
1790445962.704,marker,reconciled,0.00000000,0.00000000,0.00,false,,
1790445962.751,hud,speed,,,,,"7.1 / 5.6",7.050
1790445962.752,hud,heading,,,,,"228° / 283°",227.700
1790445962.752,hud,drift,,,,,"125.14%",125.140
1790445962.752,hud,turns,,,,,"✗ turns: 3/15",
1790445962.752,hud,calib_s,,,,,"✓ Buffer 6s",
1790445962.753,marker,gnss,52.37152500,-1.24099200,76.80,true,,
1790445962.753,marker,dr,52.36991009,-1.24646051,132.30,true,,
1790445962.754,marker,reconciled,0.00000000,0.00000000,0.00,false,,
1790445962.800,hud,speed,,,,,"7.1 / 5.6",7.050
1790445962.800,hud,heading,,,,,"228° / 283°",227.600
1790445962.800,hud,drift,,,,,"124.99%",124.990
1790445962.800,hud,turns,,,,,"✗ turns: 3/15",
1790445962.801,hud,calib_s,,,,,"✓ Buffer 6s",
1790445962.802,marker,gnss,52.37152500,-1.24099200,76.80,true,,
1790445962.803,marker,dr,52.36990492,-1.24646621,132.40,true,,
1790445962.803,marker,reconciled,0.00000000,0.00000000,0.00,false,,
1790445962.854,hud,speed,,,,,"7.1 / 5.6",7.080
1790445962.854,hud,heading,,,,,"228° / 283°",227.500
1790445962.855,hud,drift,,,,,"124.83%",124.830
1790445962.855,hud,turns,,,,,"✗ turns: 3/15",
1790445962.855,hud,calib_s,,,,,"✓ Buffer 6s",
1790445962.855,marker,gnss,52.37152500,-1.24099200,76.80,true,,
1790445962.856,marker,dr,52.36989968,-1.24647196,132.50,true,,
1790445962.856,marker,reconciled,0.00000000,0.00000000,0.00,false,,
1790445962.904,hud,speed,,,,,"7.1 / 5.6",7.090
1790445962.904,hud,heading,,,,,"227° / 283°",227.300
1790445962.904,hud,drift,,,,,"124.68%",124.680
1790445962.905,hud,turns,,,,,"✗ turns: 3/15",
1790445962.905,hud,calib_s,,,,,"✓ Buffer 6s",
1790445962.905,marker,gnss,52.37152500,-1.24099200,76.80,true,,
1790445962.906,marker,dr,52.36989441,-1.24647776,132.70,true,,
1790445962.907,marker,reconciled,0.00000000,0.00000000,0.00,false,,
1790445962.959,hud,speed,,,,,"7.1 / 5.6",7.050
1790445962.959,hud,heading,,,,,"227° / 283°",227.400
1790445962.960,hud,drift,,,,,"124.52%",124.520
1790445962.960,hud,turns,,,,,"✗ turns: 3/15",
1790445962.960,hud,calib_s,,,,,"✓ Buffer 6s",
1790445962.961,marker,gnss,52.37152500,-1.24099200,76.80,true,,
1790445962.961,marker,dr,52.36988917,-1.24648352,132.60,true,,
1790445962.962,marker,reconciled,0.00000000,0.00000000,0.00,false,,
1790445963.000,hud,speed,,,,,"6.9 / 5.6",6.920
1790445963.000,hud,heading,,,,,"228° / 283°",227.600
1790445963.000,hud,drift,,,,,"124.37%",124.370
1790445963.000,hud,turns,,,,,"✗ turns: 3/15",
1790445963.000,hud,calib_s,,,,,"✓ Buffer 6s",
1790445963.002,marker,gnss,52.37152500,-1.24099200,76.80,true,,
1790445963.003,marker,dr,52.36988410,-1.24648926,132.40,true,,
1790445963.003,marker,reconciled,0.00000000,0.00000000,0.00,false,,
1790445963.057,hud,speed,,,,,"6.7 / 5.6",6.730
1790445963.057,hud,heading,,,,,"228° / 283°",227.700
1790445963.057,hud,drift,,,,,"124.21%",124.210
1790445963.058,hud,turns,,,,,"✗ turns: 3/15",
1790445963.058,hud,calib_s,,,,,"✓ Buffer 6s",
1790445963.059,marker,gnss,52.37152500,-1.24099200,76.80,true,,
1790445963.059,marker,dr,52.36987915,-1.24649507,132.30,true,,
1790445963.060,marker,reconciled,0.00000000,0.00000000,0.00,false,,
1790445963.106,hud,speed,,,,,"6.6 / 5.6",6.560
1790445963.106,hud,heading,,,,,"228° / 283°",227.800
1790445963.106,hud,drift,,,,,"124.06%",124.060
1790445963.107,hud,turns,,,,,"✗ turns: 3/15",
1790445963.107,hud,calib_s,,,,,"✓ Buffer 6s",
1790445963.107,marker,gnss,52.37152500,-1.24099200,76.80,true,,
1790445963.108,marker,dr,52.36987444,-1.24650098,132.20,true,,
1790445963.109,marker,reconciled,0.00000000,0.00000000,0.00,false,,
1790445963.160,hud,speed,,,,,"6.5 / 5.6",6.490
1790445963.161,hud,heading,,,,,"228° / 283°",227.800
1790445963.161,hud,drift,,,,,"123.90%",123.900
1790445963.161,hud,turns,,,,,"✗ turns: 3/15",
1790445963.162,hud,calib_s,,,,,"✓ Buffer 6s",
1790445963.162,marker,gnss,52.37152500,-1.24099200,76.80,true,,
1790445963.163,marker,dr,52.36986989,-1.24650701,132.20,true,,
1790445963.163,marker,reconciled,0.00000000,0.00000000,0.00,false,,
1790445963.211,hud,speed,,,,,"6.4 / 5.6",6.390
1790445963.211,hud,heading,,,,,"228° / 283°",227.800
1790445963.212,hud,drift,,,,,"123.74%",123.740
1790445963.212,hud,turns,,,,,"✗ turns: 3/15",
1790445963.212,hud,calib_s,,,,,"✓ Buffer 6s",
1790445963.214,marker,gnss,52.37152500,-1.24099200,76.80,true,,
1790445963.215,marker,dr,52.36986547,-1.24651321,132.20,true,,
1790445963.215,marker,reconciled,0.00000000,0.00000000,0.00,false,,
1790445963.262,hud,speed,,,,,"6.3 / 5.6",6.260
1790445963.262,hud,heading,,,,,"228° / 283°",228.000
1790445963.262,hud,drift,,,,,"123.58%",123.580
1790445963.263,hud,turns,,,,,"✗ turns: 3/15",
1790445963.263,hud,calib_s,,,,,"✓ Buffer 6s",
1790445963.263,marker,gnss,52.37152500,-1.24099200,76.80,true,,
1790445963.264,marker,dr,52.36986128,-1.24651941,132.00,true,,
1790445963.264,marker,reconciled,0.00000000,0.00000000,0.00,false,,
1790445963.308,hud,speed,,,,,"6.2 / 5.6",6.160
1790445963.308,hud,heading,,,,,"228° / 283°",228.000
1790445963.309,hud,drift,,,,,"123.43%",123.430
1790445963.309,hud,turns,,,,,"✗ turns: 3/15",
1790445963.309,hud,calib_s,,,,,"✓ Buffer 6s",
1790445963.309,marker,gnss,52.37152500,-1.24099200,76.80,true,,
1790445963.311,marker,dr,52.36985731,-1.24652563,132.00,true,,
1790445963.311,marker,reconciled,0.00000000,0.00000000,0.00,false,,
1790445963.366,hud,speed,,,,,"6.0 / 5.6",5.970
1790445963.367,hud,heading,,,,,"228° / 283°",227.900
1790445963.367,hud,drift,,,,,"123.26%",123.260
1790445963.367,hud,turns,,,,,"✗ turns: 3/15",
1790445963.368,hud,calib_s,,,,,"✓ Buffer 6s",
1790445963.368,marker,gnss,52.37152500,-1.24099200,76.80,true,,
1790445963.369,marker,dr,52.36985353,-1.24653184,132.10,true,,
1790445963.369,marker,reconciled,0.00000000,0.00000000,0.00,false,,
1790445963.416,hud,speed,,,,,"6.0 / 5.6",5.950
1790445963.416,hud,heading,,,,,"228° / 283°",227.900
1790445963.417,hud,drift,,,,,"123.10%",123.100
1790445963.417,hud,turns,,,,,"✗ turns: 3/15",
1790445963.417,hud,calib_s,,,,,"✓ Buffer 6s",
1790445963.419,marker,gnss,52.37152500,-1.24099200,76.80,true,,
1790445963.419,marker,dr,52.36984981,-1.24653814,132.10,true,,
1790445963.420,marker,reconciled,0.00000000,0.00000000,0.00,false,,
1790445963.467,hud,speed,,,,,"6.0 / 5.6",5.950
1790445963.467,hud,heading,,,,,"228° / 283°",227.900
1790445963.467,hud,drift,,,,,"122.94%",122.940
1790445963.467,hud,turns,,,,,"✗ turns: 3/15",
1790445963.468,hud,calib_s,,,,,"✓ Buffer 6s",
1790445963.468,marker,gnss,52.37152500,-1.24099200,76.80,true,,
1790445963.468,marker,dr,52.36984617,-1.24654454,132.10,true,,
1790445963.469,marker,reconciled,0.00000000,0.00000000,0.00,false,,
1790445963.515,hud,speed,,,,,"5.9 / 5.6",5.920
1790445963.515,hud,heading,,,,,"228° / 283°",227.800
1790445963.515,hud,drift,,,,,"122.78%",122.780
1790445963.516,hud,turns,,,,,"✗ turns: 3/15",
1790445963.516,hud,calib_s,,,,,"✓ Buffer 6s",
1790445963.516,marker,gnss,52.37152500,-1.24099200,76.80,true,,
1790445963.518,marker,dr,52.36984265,-1.24655106,132.20,true,,
1790445963.518,marker,reconciled,0.00000000,0.00000000,0.00,false,,
1790445963.567,hud,speed,,,,,"6.0 / 5.6",5.950
1790445963.568,hud,heading,,,,,"228° / 283°",227.900
1790445963.568,hud,drift,,,,,"122.63%",122.630
1790445963.569,hud,turns,,,,,"✗ turns: 3/15",
1790445963.569,hud,calib_s,,,,,"✓ Buffer 6s",
1790445963.569,marker,gnss,52.37152500,-1.24099200,76.80,true,,
1790445963.570,marker,dr,52.36983917,-1.24655780,132.10,true,,
1790445963.571,marker,reconciled,0.00000000,0.00000000,0.00,false,,
1790445963.616,hud,speed,,,,,"5.8 / 5.6",5.760
1790445963.617,hud,heading,,,,,"228° / 283°",228.000
1790445963.617,hud,drift,,,,,"122.46%",122.460
1790445963.617,hud,turns,,,,,"✗ turns: 3/15",
1790445963.618,hud,calib_s,,,,,"✓ Buffer 6s",
1790445963.619,marker,gnss,52.37152500,-1.24099200,76.80,true,,
1790445963.620,marker,dr,52.36983594,-1.24656440,132.00,true,,
1790445963.620,marker,reconciled,0.00000000,0.00000000,0.00,false,,
1790445963.672,hud,speed,,,,,"5.8 / 5.6",5.750
1790445963.672,hud,heading,,,,,"228° / 283°",227.900
1790445963.672,hud,drift,,,,,"122.30%",122.300
1790445963.673,hud,turns,,,,,"✗ turns: 3/15",
1790445963.673,hud,calib_s,,,,,"✓ Buffer 6s",
1790445963.673,marker,gnss,52.37152500,-1.24099200,76.80,true,,
1790445963.674,marker,dr,52.36983280,-1.24657111,132.10,true,,
1790445963.674,marker,reconciled,0.00000000,0.00000000,0.00,false,,
1790445963.721,hud,speed,,,,,"5.8 / 5.6",5.820
1790445963.722,hud,heading,,,,,"228° / 283°",228.000
1790445963.722,hud,drift,,,,,"122.15%",122.150
1790445963.722,hud,turns,,,,,"✗ turns: 3/15",
1790445963.723,hud,calib_s,,,,,"✓ Buffer 6s",
1790445963.723,marker,gnss,52.37152500,-1.24099200,76.80,true,,
1790445963.725,marker,dr,52.36982972,-1.24657790,132.00,true,,
1790445963.725,marker,reconciled,0.00000000,0.00000000,0.00,false,,
1790445963.771,hud,speed,,,,,"5.8 / 5.6",5.760
1790445963.771,hud,heading,,,,,"228° / 283°",227.900
1790445963.772,hud,drift,,,,,"121.99%",121.990
1790445963.772,hud,turns,,,,,"✗ turns: 3/15",
1790445963.772,hud,calib_s,,,,,"✓ Buffer 6s",
1790445963.773,marker,gnss,52.37152500,-1.24099200,76.80,true,,
1790445963.773,marker,dr,52.36982671,-1.24658478,132.10,true,,
1790445963.774,marker,reconciled,0.00000000,0.00000000,0.00,false,,
1790445963.820,hud,speed,,,,,"5.8 / 5.6",5.840
1790445963.820,hud,heading,,,,,"228° / 283°",227.900
1790445963.821,hud,drift,,,,,"121.84%",121.840
1790445963.821,hud,turns,,,,,"✗ turns: 3/15",
1790445963.821,hud,calib_s,,,,,"✓ Buffer 6s",
1790445963.822,marker,gnss,52.37152500,-1.24099200,76.80,true,,
1790445963.823,marker,dr,52.36982368,-1.24659191,132.10,true,,
1790445963.823,marker,reconciled,0.00000000,0.00000000,0.00,false,,
1790445963.875,hud,speed,,,,,"5.9 / 5.6",5.870
1790445963.875,hud,heading,,,,,"228° / 283°",227.900
1790445963.875,hud,drift,,,,,"121.69%",121.690
1790445963.876,hud,turns,,,,,"✗ turns: 3/15",
1790445963.876,hud,calib_s,,,,,"✓ Buffer 6s",
1790445963.876,marker,gnss,52.37152500,-1.24099200,76.80,true,,
1790445963.877,marker,dr,52.36982076,-1.24659899,132.10,true,,
1790445963.877,marker,reconciled,0.00000000,0.00000000,0.00,false,,
1790445963.922,hud,speed,,,,,"5.9 / 5.6",5.930
1790445963.922,hud,heading,,,,,"228° / 283°",227.800
1790445963.922,hud,drift,,,,,"121.54%",121.540
1790445963.922,hud,turns,,,,,"✗ turns: 3/15",
1790445963.923,hud,calib_s,,,,,"✓ Buffer 6s",
1790445963.923,marker,gnss,52.37152500,-1.24099200,76.80,true,,
1790445963.924,marker,dr,52.36981778,-1.24660638,132.20,true,,
1790445963.925,marker,reconciled,0.00000000,0.00000000,0.00,false,,
1790445963.975,hud,speed,,,,,"6.0 / 5.6",6.040
1790445963.976,hud,heading,,,,,"228° / 283°",227.700
1790445963.976,hud,drift,,,,,"121.39%",121.390
1790445963.976,hud,turns,,,,,"✗ turns: 3/15",
1790445963.976,hud,calib_s,,,,,"✓ Buffer 6s",
1790445963.977,marker,gnss,52.37152500,-1.24099200,76.80,true,,
1790445963.977,marker,dr,52.36981482,-1.24661379,132.30,true,,
1790445963.977,marker,reconciled,0.00000000,0.00000000,0.00,false,,
1790445964.026,hud,speed,,,,,"6.1 / 5.6",6.140
1790445964.026,hud,heading,,,,,"228° / 283°",227.800
1790445964.027,hud,drift,,,,,"121.25%",121.250
1790445964.027,hud,turns,,,,,"✗ turns: 3/15",
1790445964.027,hud,calib_s,,,,,"✓ Buffer 6s",
1790445964.029,marker,gnss,52.37152500,-1.24099200,76.80,true,,
1790445964.029,marker,dr,52.36981176,-1.24662145,132.20,true,,
1790445964.030,marker,reconciled,0.00000000,0.00000000,0.00,false,,
1790445964.076,hud,speed,,,,,"6.1 / 5.6",6.090
1790445964.076,hud,heading,,,,,"228° / 283°",228.000
1790445964.076,hud,drift,,,,,"121.11%",121.110
1790445964.077,hud,turns,,,,,"✗ turns: 3/15",
1790445964.077,hud,calib_s,,,,,"✓ Buffer 6s",
1790445964.077,marker,gnss,52.37152500,-1.24099200,76.80,true,,
1790445964.078,marker,dr,52.36980883,-1.24662888,132.00,true,,
1790445964.079,marker,reconciled,0.00000000,0.00000000,0.00,false,,
1790445964.126,hud,speed,,,,,"6.0 / 5.6",6.010
1790445964.127,hud,heading,,,,,"228° / 283°",227.900
1790445964.127,hud,drift,,,,,"120.96%",120.960
1790445964.127,hud,turns,,,,,"✗ turns: 3/15",
1790445964.127,hud,calib_s,,,,,"✓ Buffer 6s",
1790445964.128,marker,gnss,52.37152500,-1.24099200,76.80,true,,
1790445964.129,marker,dr,52.36980599,-1.24663653,132.10,true,,
1790445964.130,marker,reconciled,0.00000000,0.00000000,0.00,false,,
1790445964.179,hud,speed,,,,,"6.2 / 5.6",6.150
1790445964.179,hud,heading,,,,,"228° / 283°",228.300
1790445964.179,hud,drift,,,,,"120.82%",120.820
1790445964.179,hud,turns,,,,,"✗ turns: 3/15",
1790445964.179,hud,calib_s,,,,,"✓ Buffer 6s",
1790445964.180,marker,gnss,52.37152500,-1.24099200,76.80,true,,
1790445964.180,marker,dr,52.36980320,-1.24664429,131.70,true,,
1790445964.180,marker,reconciled,0.00000000,0.00000000,0.00,false,,
1790445964.230,hud,speed,,,,,"6.3 / 5.6",6.250
1790445964.230,hud,heading,,,,,"228° / 283°",227.800
1790445964.231,hud,drift,,,,,"120.69%",120.690
1790445964.231,hud,turns,,,,,"✗ turns: 3/15",
1790445964.231,hud,calib_s,,,,,"✓ Buffer 6s",
1790445964.232,marker,gnss,52.37152500,-1.24099200,76.80,true,,
1790445964.233,marker,dr,52.36980045,-1.24665235,132.20,true,,
1790445964.233,marker,reconciled,0.00000000,0.00000000,0.00,false,,
1790445964.287,hud,speed,,,,,"6.1 / 5.6",6.080
1790445964.288,hud,heading,,,,,"228° / 283°",227.700
1790445964.288,hud,drift,,,,,"120.55%",120.550
1790445964.288,hud,turns,,,,,"✗ turns: 3/15",
1790445964.288,hud,calib_s,,,,,"✓ Buffer 6s",
1790445964.289,marker,gnss,52.37152500,-1.24099200,76.80,true,,
1790445964.289,marker,dr,52.36979778,-1.24666031,132.30,true,,
1790445964.290,marker,reconciled,0.00000000,0.00000000,0.00,false,,
1790445964.328,hud,speed,,,,,"6.2 / 5.6",6.150
1790445964.329,hud,heading,,,,,"228° / 283°",227.900
1790445964.329,hud,drift,,,,,"120.42%",120.420
1790445964.329,hud,turns,,,,,"✗ turns: 3/15",
1790445964.329,hud,calib_s,,,,,"✓ Buffer 6s",
1790445964.330,marker,gnss,52.37152500,-1.24099200,76.80,true,,
1790445964.331,marker,dr,52.36979505,-1.24666811,132.10,true,,
1790445964.332,marker,reconciled,0.00000000,0.00000000,0.00,false,,
1790445964.386,hud,speed,,,,,"6.2 / 5.6",6.190
1790445964.386,hud,heading,,,,,"228° / 283°",228.400
1790445964.387,hud,drift,,,,,"120.28%",120.280
1790445964.387,hud,turns,,,,,"✗ turns: 3/15",
1790445964.387,hud,calib_s,,,,,"✓ Buffer 6s",
1790445964.388,marker,gnss,52.37152500,-1.24099200,76.80,true,,
1790445964.389,marker,dr,52.36979229,-1.24667605,131.60,true,,
1790445964.389,marker,reconciled,0.00000000,0.00000000,0.00,false,,
1790445964.435,hud,speed,,,,,"6.0 / 5.6",5.980
1790445964.435,hud,heading,,,,,"228° / 283°",228.400
1790445964.436,hud,drift,,,,,"120.13%",120.130
1790445964.436,hud,turns,,,,,"✗ turns: 3/15",
1790445964.436,hud,calib_s,,,,,"✓ Buffer 6s",
1790445964.437,marker,gnss,52.37152500,-1.24099200,76.80,true,,
1790445964.437,marker,dr,52.36978984,-1.24668377,131.60,true,,
1790445964.438,marker,reconciled,0.00000000,0.00000000,0.00,false,,
1790445964.480,hud,speed,,,,,"5.9 / 5.6",5.860
1790445964.481,hud,heading,,,,,"228° / 283°",228.200
1790445964.481,hud,drift,,,,,"119.99%",119.990
1790445964.481,hud,turns,,,,,"✗ turns: 3/15",
1790445964.481,hud,calib_s,,,,,"✓ Buffer 6s",
1790445964.482,marker,gnss,52.37152500,-1.24099200,76.80,true,,
1790445964.484,marker,dr,52.36978745,-1.24669144,131.80,true,,
1790445964.484,marker,reconciled,0.00000000,0.00000000,0.00,false,,
1790445964.541,hud,speed,,,,,"5.7 / 5.6",5.740
1790445964.541,hud,heading,,,,,"228° / 283°",227.900
1790445964.541,hud,drift,,,,,"119.84%",119.840
1790445964.541,hud,turns,,,,,"✗ turns: 3/15",
1790445964.542,hud,calib_s,,,,,"✓ Buffer 6s",
1790445964.542,marker,gnss,52.37152500,-1.24099200,76.80,true,,
1790445964.543,marker,dr,52.36978510,-1.24669894,132.10,true,,
1790445964.543,marker,reconciled,0.00000000,0.00000000,0.00,false,,
1790445964.583,hud,speed,,,,,"5.8 / 5.6",5.750
1790445964.583,hud,heading,,,,,"228° / 283°",227.900
1790445964.583,hud,drift,,,,,"119.70%",119.700
1790445964.583,hud,turns,,,,,"✗ turns: 3/15",
1790445964.583,hud,calib_s,,,,,"✓ Buffer 6s",
1790445964.585,marker,gnss,52.37152500,-1.24099200,76.80,true,,
1790445964.585,marker,dr,52.36978270,-1.24670652,132.10,true,,
1790445964.585,marker,reconciled,0.00000000,0.00000000,0.00,false,,
1790445964.639,hud,speed,,,,,"5.7 / 5.6",5.680
1790445964.639,hud,heading,,,,,"228° / 283°",228.100
1790445964.640,hud,drift,,,,,"119.55%",119.550
1790445964.640,hud,turns,,,,,"✗ turns: 3/15",
1790445964.640,hud,calib_s,,,,,"✓ Buffer 6s",
1790445964.641,marker,gnss,52.37152500,-1.24099200,76.80,true,,
1790445964.641,marker,dr,52.36978028,-1.24671399,131.90,true,,
1790445964.642,marker,reconciled,0.00000000,0.00000000,0.00,false,,
1790445964.686,hud,speed,,,,,"5.7 / 5.6",5.670
1790445964.687,hud,heading,,,,,"228° / 283°",228.300
1790445964.687,hud,drift,,,,,"119.40%",119.400
1790445964.687,hud,turns,,,,,"✗ turns: 3/15",
1790445964.687,hud,calib_s,,,,,"✓ Buffer 6s",
1790445964.688,marker,gnss,52.37152500,-1.24099200,76.80,true,,
1790445964.689,marker,dr,52.36977789,-1.24672132,131.70,true,,
1790445964.690,marker,reconciled,0.00000000,0.00000000,0.00,false,,
1790445964.739,hud,speed,,,,,"5.7 / 5.6",5.680
1790445964.740,hud,heading,,,,,"228° / 283°",228.300
1790445964.740,hud,drift,,,,,"119.25%",119.250
1790445964.740,hud,turns,,,,,"✗ turns: 3/15",
1790445964.740,hud,calib_s,,,,,"✓ Buffer 6s",
1790445964.741,marker,gnss,52.37152500,-1.24099200,76.80,true,,
1790445964.741,marker,dr,52.36977556,-1.24672860,131.70,true,,
1790445964.742,marker,reconciled,0.00000000,0.00000000,0.00,false,,
1790445964.788,hud,speed,,,,,"5.6 / 5.6",5.600
1790445964.788,hud,heading,,,,,"228° / 283°",228.200
1790445964.788,hud,drift,,,,,"119.11%",119.110
1790445964.789,hud,turns,,,,,"✗ turns: 3/15",
1790445964.789,hud,calib_s,,,,,"✓ Buffer 6s",
1790445964.790,marker,gnss,52.37152500,-1.24099200,76.80,true,,
1790445964.791,marker,dr,52.36977322,-1.24673589,131.80,true,,
1790445964.791,marker,reconciled,0.00000000,0.00000000,0.00,false,,
1790445964.843,hud,speed,,,,,"5.6 / 5.6",5.620
1790445964.843,hud,heading,,,,,"228° / 283°",228.200
1790445964.844,hud,drift,,,,,"118.96%",118.960
1790445964.844,hud,turns,,,,,"✗ turns: 3/15",
1790445964.844,hud,calib_s,,,,,"✓ Buffer 6s",
1790445964.844,marker,gnss,52.37152500,-1.24099200,76.80,true,,
1790445964.845,marker,dr,52.36977083,-1.24674329,131.80,true,,
1790445964.846,marker,reconciled,0.00000000,0.00000000,0.00,false,,
1790445964.888,hud,speed,,,,,"5.6 / 5.6",5.570
1790445964.888,hud,heading,,,,,"228° / 283°",228.200
1790445964.888,hud,drift,,,,,"118.81%",118.810
1790445964.888,hud,turns,,,,,"✗ turns: 3/15",
1790445964.889,hud,calib_s,,,,,"✓ Buffer 6s",
1790445964.889,marker,gnss,52.37152500,-1.24099200,76.80,true,,
1790445964.891,marker,dr,52.36976845,-1.24675053,131.80,true,,
1790445964.891,marker,reconciled,0.00000000,0.00000000,0.00,false,,
1790445964.941,hud,speed,,,,,"5.6 / 5.6",5.550
1790445964.941,hud,heading,,,,,"228° / 283°",228.300
1790445964.942,hud,drift,,,,,"118.66%",118.660
1790445964.942,hud,turns,,,,,"✗ turns: 3/15",
1790445964.942,hud,calib_s,,,,,"✓ Buffer 6s",
1790445964.943,marker,gnss,52.37152500,-1.24099200,76.80,true,,
1790445964.943,marker,dr,52.36976605,-1.24675757,131.70,true,,
1790445964.943,marker,reconciled,0.00000000,0.00000000,0.00,false,,
1790445964.992,hud,speed,,,,,"5.6 / 5.6",5.610
1790445964.993,hud,heading,,,,,"229° / 283°",228.500
1790445964.993,hud,drift,,,,,"118.51%",118.510
1790445964.993,hud,turns,,,,,"✗ turns: 3/15",
1790445964.993,hud,calib_s,,,,,"✓ Buffer 6s",
1790445964.994,marker,gnss,52.37152500,-1.24099200,76.80,true,,
1790445964.995,marker,dr,52.36976359,-1.24676470,131.50,true,,
1790445964.995,marker,reconciled,0.00000000,0.00000000,0.00,false,,
1790445965.047,hud,speed,,,,,"5.8 / 5.6",5.780
1790445965.047,hud,heading,,,,,"228° / 283°",228.400
1790445965.047,hud,drift,,,,,"118.37%",118.370
1790445965.048,hud,turns,,,,,"✗ turns: 3/15",
1790445965.048,hud,calib_s,,,,,"✓ Buffer 6s",
1790445965.048,marker,gnss,52.37152500,-1.24099200,76.80,true,,
1790445965.049,marker,dr,52.36976101,-1.24677222,131.60,true,,
1790445965.049,marker,reconciled,0.00000000,0.00000000,0.00,false,,
1790445965.097,hud,speed,,,,,"5.7 / 5.6",5.670
1790445965.097,hud,heading,,,,,"229° / 283°",228.500
1790445965.098,hud,drift,,,,,"118.23%",118.230
1790445965.098,hud,turns,,,,,"✗ turns: 3/15",
1790445965.099,hud,calib_s,,,,,"✓ Buffer 6s",
1790445965.099,marker,gnss,52.37152500,-1.24099200,76.80,true,,
1790445965.102,marker,dr,52.36975851,-1.24677931,131.50,true,,
1790445965.102,marker,reconciled,0.00000000,0.00000000,0.00,false,,
1790445965.147,hud,speed,,,,,"5.6 / 5.6",5.630
1790445965.147,hud,heading,,,,,"228° / 283°",228.400
1790445965.147,hud,drift,,,,,"118.08%",118.080
1790445965.148,hud,turns,,,,,"✗ turns: 3/15",
1790445965.148,hud,calib_s,,,,,"✓ Buffer 6s",
1790445965.148,marker,gnss,52.37152500,-1.24099200,76.80,true,,
1790445965.149,marker,dr,52.36975591,-1.24678643,131.60,true,,
1790445965.149,marker,reconciled,0.00000000,0.00000000,0.00,false,,
1790445965.192,hud,speed,,,,,"5.5 / 5.6",5.540
1790445965.192,hud,heading,,,,,"228° / 283°",228.400
1790445965.192,hud,drift,,,,,"117.94%",117.940
1790445965.193,hud,turns,,,,,"✗ turns: 3/15",
1790445965.193,hud,calib_s,,,,,"✓ Buffer 6s",
1790445965.194,marker,gnss,52.37152500,-1.24099200,76.80,true,,
1790445965.195,marker,dr,52.36975332,-1.24679336,131.60,true,,
1790445965.195,marker,reconciled,0.00000000,0.00000000,0.00,false,,
1790445965.253,hud,speed,,,,,"5.5 / 5.6",5.510
1790445965.253,hud,heading,,,,,"228° / 283°",228.200
1790445965.253,hud,drift,,,,,"117.79%",117.790
1790445965.254,hud,turns,,,,,"✗ turns: 3/15",
1790445965.254,hud,calib_s,,,,,"✓ Buffer 6s",
1790445965.254,marker,gnss,52.37152500,-1.24099200,76.80,true,,
1790445965.255,marker,dr,52.36975070,-1.24680027,131.80,true,,
1790445965.256,marker,reconciled,0.00000000,0.00000000,0.00,false,,
1790445965.298,hud,speed,,,,,"5.6 / 5.6",5.550
1790445965.298,hud,heading,,,,,"228° / 283°",228.400
1790445965.298,hud,drift,,,,,"117.65%",117.650
1790445965.299,hud,turns,,,,,"✗ turns: 3/15",
1790445965.299,hud,calib_s,,,,,"✓ Buffer 6s",
1790445965.299,marker,gnss,52.37152500,-1.24099200,76.80,true,,
1790445965.301,marker,dr,52.36974805,-1.24680716,131.60,true,,
1790445965.301,marker,reconciled,0.00000000,0.00000000,0.00,false,,
1790445965.348,hud,speed,,,,,"5.7 / 5.6",5.680
1790445965.349,hud,heading,,,,,"229° / 283°",228.500
1790445965.349,hud,drift,,,,,"117.51%",117.510
1790445965.349,hud,turns,,,,,"✗ turns: 3/15",
1790445965.349,hud,calib_s,,,,,"✓ Buffer 6s",
1790445965.350,marker,gnss,52.37152500,-1.24099200,76.80,true,,
1790445965.350,marker,dr,52.36974536,-1.24681413,131.50,true,,
1790445965.351,marker,reconciled,0.00000000,0.00000000,0.00,false,,
1790445965.399,hud,speed,,,,,"5.5 / 5.6",5.510
1790445965.399,hud,heading,,,,,"229° / 283°",228.700
1790445965.399,hud,drift,,,,,"117.36%",117.360
1790445965.400,hud,turns,,,,,"✗ turns: 3/15",
1790445965.400,hud,calib_s,,,,,"✓ Buffer 6s",
1790445965.401,marker,gnss,52.37152500,-1.24099200,76.80,true,,
1790445965.402,marker,dr,52.36974272,-1.24682101,131.30,true,,
1790445965.402,marker,reconciled,0.00000000,0.00000000,0.00,false,,
1790445965.455,hud,speed,,,,,"5.6 / 5.6",5.570
1790445965.455,hud,heading,,,,,"229° / 283°",228.600
1790445965.456,hud,drift,,,,,"117.22%",117.220
1790445965.456,hud,turns,,,,,"✗ turns: 3/15",
1790445965.456,hud,calib_s,,,,,"✓ Buffer 6s",
1790445965.457,marker,gnss,52.37152500,-1.24099200,76.80,true,,
1790445965.457,marker,dr,52.36974006,-1.24682779,131.40,true,,
1790445965.458,marker,reconciled,0.00000000,0.00000000,0.00,false,,
1790445965.503,hud,speed,,,,,"5.5 / 6.3",5.470
1790445965.503,hud,heading,,,,,"228° / 267°",228.400
1790445965.503,hud,drift,,,,,"116.88%",116.880
1790445965.503,hud,turns,,,,,"✗ turns: 3/15",
1790445965.504,hud,calib_s,,,,,"✓ Buffer 6s",
1790445965.504,marker,gnss,52.37162000,-1.24164500,93.00,true,,
1790445965.505,marker,dr,52.36973732,-1.24683458,131.60,true,,
1790445965.506,marker,reconciled,0.00000000,0.00000000,0.00,false,,
1790445965.552,hud,speed,,,,,"5.5 / 6.3",5.480
1790445965.553,hud,heading,,,,,"228° / 267°",228.400
1790445965.553,hud,drift,,,,,"116.66%",116.660
1790445965.553,hud,turns,,,,,"✗ turns: 3/15",
1790445965.553,hud,calib_s,,,,,"✓ Buffer 6s",
1790445965.554,marker,gnss,52.37162000,-1.24164500,93.00,true,,
1790445965.554,marker,dr,52.36973464,-1.24684125,131.60,true,,
1790445965.555,marker,reconciled,0.00000000,0.00000000,0.00,false,,
1790445965.603,hud,speed,,,,,"5.5 / 6.3",5.530
1790445965.603,hud,heading,,,,,"229° / 267°",228.600
1790445965.603,hud,drift,,,,,"116.45%",116.450
1790445965.603,hud,turns,,,,,"✗ turns: 3/15",
1790445965.604,hud,calib_s,,,,,"✓ Buffer 6s",
1790445965.605,marker,gnss,52.37162000,-1.24164500,93.00,true,,
1790445965.605,marker,dr,52.36973185,-1.24684796,131.40,true,,
1790445965.606,marker,reconciled,0.00000000,0.00000000,0.00,false,,
1790445965.657,hud,speed,,,,,"5.5 / 6.3",5.490
1790445965.657,hud,heading,,,,,"228° / 267°",228.300
1790445965.658,hud,drift,,,,,"116.24%",116.240
1790445965.658,hud,turns,,,,,"✗ turns: 3/15",
1790445965.658,hud,calib_s,,,,,"✓ Buffer 6s",
1790445965.659,marker,gnss,52.37162000,-1.24164500,93.00,true,,
1790445965.659,marker,dr,52.36972908,-1.24685467,131.70,true,,
1790445965.659,marker,reconciled,0.00000000,0.00000000,0.00,false,,
1790445965.704,hud,speed,,,,,"5.5 / 6.3",5.530
1790445965.704,hud,heading,,,,,"229° / 267°",228.500
1790445965.704,hud,drift,,,,,"116.03%",116.030
1790445965.704,hud,turns,,,,,"✗ turns: 3/15",
1790445965.705,hud,calib_s,,,,,"✓ Buffer 6s",
1790445965.705,marker,gnss,52.37162000,-1.24164500,93.00,true,,
1790445965.706,marker,dr,52.36972634,-1.24686143,131.50,true,,
1790445965.707,marker,reconciled,0.00000000,0.00000000,0.00,false,,
1790445965.762,hud,speed,,,,,"5.6 / 6.3",5.610
1790445965.762,hud,heading,,,,,"228° / 267°",228.400
1790445965.763,hud,drift,,,,,"115.83%",115.830
1790445965.763,hud,turns,,,,,"✗ turns: 3/15",
1790445965.763,hud,calib_s,,,,,"✓ Buffer 6s",
1790445965.764,marker,gnss,52.37162000,-1.24164500,93.00,true,,
1790445965.765,marker,dr,52.36972351,-1.24686828,131.60,true,,
1790445965.765,marker,reconciled,0.00000000,0.00000000,0.00,false,,
1790445965.804,hud,speed,,,,,"5.9 / 6.3",5.850
1790445965.804,hud,heading,,,,,"229° / 267°",228.800
1790445965.804,hud,drift,,,,,"115.63%",115.630
1790445965.804,hud,turns,,,,,"✗ turns: 3/15",
1790445965.805,hud,calib_s,,,,,"✓ Buffer 6s",
1790445965.806,marker,gnss,52.37162000,-1.24164500,93.00,true,,
1790445965.806,marker,dr,52.36972051,-1.24687542,131.20,true,,
1790445965.807,marker,reconciled,0.00000000,0.00000000,0.00,false,,
1790445965.857,hud,speed,,,,,"6.1 / 6.3",6.080
1790445965.858,hud,heading,,,,,"229° / 267°",228.600
1790445965.858,hud,drift,,,,,"115.43%",115.430
1790445965.858,hud,turns,,,,,"✗ turns: 3/15",
1790445965.858,hud,calib_s,,,,,"✓ Buffer 6s",
1790445965.859,marker,gnss,52.37162000,-1.24164500,93.00,true,,
1790445965.859,marker,dr,52.36971744,-1.24688268,131.40,true,,
1790445965.859,marker,reconciled,0.00000000,0.00000000,0.00,false,,
1790445965.911,hud,speed,,,,,"6.2 / 6.3",6.220
1790445965.911,hud,heading,,,,,"229° / 267°",228.900
1790445965.912,hud,drift,,,,,"115.25%",115.250
1790445965.912,hud,turns,,,,,"✗ turns: 3/15",
1790445965.912,hud,calib_s,,,,,"✓ Buffer 6s",
1790445965.912,marker,gnss,52.37162000,-1.24164500,93.00,true,,
1790445965.914,marker,dr,52.36971422,-1.24689009,131.10,true,,
1790445965.914,marker,reconciled,0.00000000,0.00000000,0.00,false,,
1790445965.965,hud,speed,,,,,"6.4 / 6.3",6.360
1790445965.966,hud,heading,,,,,"229° / 267°",228.800
1790445965.966,hud,drift,,,,,"115.06%",115.060
1790445965.966,hud,turns,,,,,"✗ turns: 3/15",
1790445965.967,hud,calib_s,,,,,"✓ Buffer 6s",
1790445965.967,marker,gnss,52.37162000,-1.24164500,93.00,true,,
1790445965.967,marker,dr,52.36971087,-1.24689761,131.20,true,,
1790445965.968,marker,reconciled,0.00000000,0.00000000,0.00,false,,
1790445966.012,hud,speed,,,,,"6.5 / 6.3",6.490
1790445966.012,hud,heading,,,,,"229° / 267°",229.000
1790445966.013,hud,drift,,,,,"114.88%",114.880
1790445966.013,hud,turns,,,,,"✗ turns: 3/15",
1790445966.013,hud,calib_s,,,,,"✓ Buffer 6s",
1790445966.014,marker,gnss,52.37162000,-1.24164500,93.00,true,,
1790445966.015,marker,dr,52.36970747,-1.24690529,131.00,true,,
1790445966.016,marker,reconciled,0.00000000,0.00000000,0.00,false,,
1790445966.062,hud,speed,,,,,"6.6 / 6.3",6.610
1790445966.063,hud,heading,,,,,"229° / 267°",229.100
1790445966.063,hud,drift,,,,,"114.71%",114.710
1790445966.063,hud,turns,,,,,"✗ turns: 3/15",
1790445966.063,hud,calib_s,,,,,"✓ Buffer 6s",
1790445966.063,marker,gnss,52.37162000,-1.24164500,93.00,true,,
1790445966.064,marker,dr,52.36970396,-1.24691316,130.90,true,,
1790445966.064,marker,reconciled,0.00000000,0.00000000,0.00,false,,
1790445966.113,hud,speed,,,,,"6.7 / 6.3",6.670
1790445966.113,hud,heading,,,,,"229° / 267°",228.900
1790445966.113,hud,drift,,,,,"114.54%",114.540
1790445966.113,hud,turns,,,,,"✗ turns: 3/15",
1790445966.114,hud,calib_s,,,,,"✓ Buffer 6s",
1790445966.114,marker,gnss,52.37162000,-1.24164500,93.00,true,,
1790445966.116,marker,dr,52.36970046,-1.24692097,131.10,true,,
1790445966.116,marker,reconciled,0.00000000,0.00000000,0.00,false,,
1790445966.168,hud,speed,,,,,"6.8 / 6.3",6.770
1790445966.168,hud,heading,,,,,"229° / 267°",229.100
1790445966.168,hud,drift,,,,,"114.36%",114.360
1790445966.169,hud,turns,,,,,"✗ turns: 3/15",
1790445966.169,hud,calib_s,,,,,"✓ Buffer 6s",
1790445966.169,marker,gnss,52.37162000,-1.24164500,93.00,true,,
1790445966.170,marker,dr,52.36969684,-1.24692904,130.90,true,,
1790445966.170,marker,reconciled,0.00000000,0.00000000,0.00,false,,
1790445966.214,hud,speed,,,,,"6.9 / 6.3",6.910
1790445966.214,hud,heading,,,,,"229° / 267°",229.200
1790445966.214,hud,drift,,,,,"114.20%",114.200
1790445966.215,hud,turns,,,,,"✗ turns: 3/15",
1790445966.215,hud,calib_s,,,,,"✓ Buffer 6s",
1790445966.216,marker,gnss,52.37162000,-1.24164500,93.00,true,,
1790445966.217,marker,dr,52.36969320,-1.24693719,130.80,true,,
1790445966.217,marker,reconciled,0.00000000,0.00000000,0.00,false,,
1790445966.266,hud,speed,,,,,"7.0 / 6.3",6.990
1790445966.267,hud,heading,,,,,"229° / 267°",229.000
1790445966.267,hud,drift,,,,,"114.04%",114.040
1790445966.267,hud,turns,,,,,"✗ turns: 3/15",
1790445966.267,hud,calib_s,,,,,"✓ Buffer 6s",
1790445966.267,marker,gnss,52.37162000,-1.24164500,93.00,true,,
1790445966.268,marker,dr,52.36968955,-1.24694540,131.00,true,,
1790445966.268,marker,reconciled,0.00000000,0.00000000,0.00,false,,
1790445966.314,hud,speed,,,,,"7.1 / 6.3",7.060
1790445966.314,hud,heading,,,,,"229° / 267°",228.500
1790445966.315,hud,drift,,,,,"113.88%",113.880
1790445966.315,hud,turns,,,,,"✗ turns: 3/15",
1790445966.315,hud,calib_s,,,,,"✓ Buffer 6s",
1790445966.316,marker,gnss,52.37162000,-1.24164500,93.00,true,,
1790445966.317,marker,dr,52.36968581,-1.24695394,131.50,true,,
1790445966.318,marker,reconciled,0.00000000,0.00000000,0.00,false,,
1790445966.368,hud,speed,,,,,"7.1 / 6.3",7.110
1790445966.368,hud,heading,,,,,"229° / 267°",228.500
1790445966.368,hud,drift,,,,,"113.73%",113.730
1790445966.369,hud,turns,,,,,"✗ turns: 3/15",
1790445966.369,hud,calib_s,,,,,"✓ Buffer 6s",
1790445966.369,marker,gnss,52.37162000,-1.24164500,93.00,true,,
1790445966.370,marker,dr,52.36968212,-1.24696244,131.50,true,,
1790445966.370,marker,reconciled,0.00000000,0.00000000,0.00,false,,
1790445966.421,hud,speed,,,,,"7.2 / 6.3",7.230
1790445966.421,hud,heading,,,,,"228° / 267°",228.300
1790445966.421,hud,drift,,,,,"113.58%",113.580
1790445966.421,hud,turns,,,,,"✗ turns: 3/15",
1790445966.422,hud,calib_s,,,,,"✓ Buffer 6s",
1790445966.424,marker,gnss,52.37162000,-1.24164500,93.00,true,,
1790445966.425,marker,dr,52.36967828,-1.24697109,131.70,true,,
1790445966.425,marker,reconciled,0.00000000,0.00000000,0.00,false,,
1790445966.480,hud,speed,,,,,"7.3 / 6.3",7.330
1790445966.480,hud,heading,,,,,"228° / 267°",228.100
1790445966.480,hud,drift,,,,,"113.43%",113.430
1790445966.481,hud,turns,,,,,"✗ turns: 3/15",
1790445966.481,hud,calib_s,,,,,"✓ Buffer 6s",
1790445966.481,marker,gnss,52.37162000,-1.24164500,93.00,true,,
1790445966.482,marker,dr,52.36967431,-1.24697994,131.90,true,,
1790445966.482,marker,reconciled,0.00000000,0.00000000,0.00,false,,
1790445966.524,hud,speed,,,,,"7.4 / 6.3",7.370
1790445966.524,hud,heading,,,,,"228° / 267°",227.900
1790445966.524,hud,drift,,,,,"113.28%",113.280
1790445966.525,hud,turns,,,,,"✗ turns: 3/15",
1790445966.525,hud,calib_s,,,,,"✓ Buffer 6s",
1790445966.525,marker,gnss,52.37162000,-1.24164500,93.00,true,,
1790445966.527,marker,dr,52.36967037,-1.24698865,132.10,true,,
1790445966.527,marker,reconciled,0.00000000,0.00000000,0.00,false,,
1790445966.571,hud,speed,,,,,"7.5 / 6.3",7.480
1790445966.572,hud,heading,,,,,"228° / 267°",228.200
1790445966.572,hud,drift,,,,,"113.14%",113.140
1790445966.572,hud,turns,,,,,"✗ turns: 3/15",
1790445966.572,hud,calib_s,,,,,"✓ Buffer 6s",
1790445966.573,marker,gnss,52.37162000,-1.24164500,93.00,true,,
1790445966.573,marker,dr,52.36966633,-1.24699749,131.80,true,,
1790445966.574,marker,reconciled,0.00000000,0.00000000,0.00,false,,
1790445966.623,hud,speed,,,,,"7.6 / 6.3",7.550
1790445966.624,hud,heading,,,,,"228° / 267°",228.100
1790445966.624,hud,drift,,,,,"113.00%",113.000
1790445966.624,hud,turns,,,,,"✗ turns: 3/15",
1790445966.624,hud,calib_s,,,,,"✓ Buffer 6s",
1790445966.626,marker,gnss,52.37162000,-1.24164500,93.00,true,,
1790445966.627,marker,dr,52.36966223,-1.24700657,131.90,true,,
1790445966.627,marker,reconciled,0.00000000,0.00000000,0.00,false,,
1790445966.675,hud,speed,,,,,"7.7 / 6.3",7.650
1790445966.675,hud,heading,,,,,"228° / 267°",227.900
1790445966.675,hud,drift,,,,,"112.86%",112.860
1790445966.675,hud,turns,,,,,"✗ turns: 3/15",
1790445966.676,hud,calib_s,,,,,"✓ Buffer 6s",
1790445966.676,marker,gnss,52.37162000,-1.24164500,93.00,true,,
1790445966.676,marker,dr,52.36965810,-1.24701553,132.10,true,,
1790445966.677,marker,reconciled,0.00000000,0.00000000,0.00,false,,
1790445966.724,hud,speed,,,,,"7.7 / 6.3",7.690
1790445966.724,hud,heading,,,,,"228° / 267°",227.700
1790445966.724,hud,drift,,,,,"112.73%",112.730
1790445966.725,hud,turns,,,,,"✗ turns: 3/15",
1790445966.725,hud,calib_s,,,,,"✓ Buffer 6s",
1790445966.725,marker,gnss,52.37162000,-1.24164500,93.00,true,,
1790445966.727,marker,dr,52.36965377,-1.24702459,132.30,true,,
1790445966.727,marker,reconciled,0.00000000,0.00000000,0.00,false,,
1790445966.781,hud,speed,,,,,"7.7 / 6.3",7.720
1790445966.782,hud,heading,,,,,"228° / 267°",227.800
1790445966.782,hud,drift,,,,,"112.59%",112.590
1790445966.782,hud,turns,,,,,"✗ turns: 3/15",
1790445966.783,hud,calib_s,,,,,"✓ Buffer 6s",
1790445966.783,marker,gnss,52.37162000,-1.24164500,93.00,true,,
1790445966.784,marker,dr,52.36964951,-1.24703350,132.20,true,,
1790445966.784,marker,reconciled,0.00000000,0.00000000,0.00,false,,
1790445966.827,hud,speed,,,,,"7.8 / 6.3",7.830
1790445966.828,hud,heading,,,,,"228° / 267°",227.700
1790445966.828,hud,drift,,,,,"112.46%",112.460
1790445966.828,hud,turns,,,,,"✗ turns: 3/15",
1790445966.828,hud,calib_s,,,,,"✓ Buffer 6s",
1790445966.829,marker,gnss,52.37162000,-1.24164500,93.00,true,,
1790445966.830,marker,dr,52.36964506,-1.24704266,132.30,true,,
1790445966.831,marker,reconciled,0.00000000,0.00000000,0.00,false,,
1790445966.877,hud,speed,,,,,"7.9 / 6.3",7.920
1790445966.877,hud,heading,,,,,"227° / 267°",227.400
1790445966.877,hud,drift,,,,,"112.33%",112.330
1790445966.878,hud,turns,,,,,"✗ turns: 3/15",
1790445966.878,hud,calib_s,,,,,"✓ Buffer 6s",
1790445966.878,marker,gnss,52.37162000,-1.24164500,93.00,true,,
1790445966.879,marker,dr,52.36964061,-1.24705167,132.60,true,,
1790445966.879,marker,reconciled,0.00000000,0.00000000,0.00,false,,
1790445966.927,hud,speed,,,,,"7.9 / 6.3",7.920
1790445966.927,hud,heading,,,,,"227° / 267°",227.300
1790445966.928,hud,drift,,,,,"112.20%",112.200
1790445966.928,hud,turns,,,,,"✗ turns: 3/15",
1790445966.928,hud,calib_s,,,,,"✓ Buffer 6s",
1790445966.928,marker,gnss,52.37162000,-1.24164500,93.00,true,,
1790445966.930,marker,dr,52.36963605,-1.24706069,132.70,true,,
1790445966.930,marker,reconciled,0.00000000,0.00000000,0.00,false,,
1790445966.982,hud,speed,,,,,"8.0 / 6.3",7.990
1790445966.983,hud,heading,,,,,"227° / 267°",227.100
1790445966.983,hud,drift,,,,,"112.08%",112.080
1790445966.983,hud,turns,,,,,"✗ turns: 3/15",
1790445966.984,hud,calib_s,,,,,"✓ Buffer 6s",
1790445966.984,marker,gnss,52.37162000,-1.24164500,93.00,true,,
1790445966.984,marker,dr,52.36963140,-1.24706970,132.90,true,,
1790445966.985,marker,reconciled,0.00000000,0.00000000,0.00,false,,
1790445967.037,hud,speed,,,,,"8.0 / 6.3",8.010
1790445967.037,hud,heading,,,,,"227° / 267°",226.900
1790445967.038,hud,drift,,,,,"111.95%",111.950
1790445967.038,hud,turns,,,,,"✗ turns: 3/15",
1790445967.038,hud,calib_s,,,,,"✓ Buffer 6s",
1790445967.040,marker,gnss,52.37162000,-1.24164500,93.00,true,,
1790445967.041,marker,dr,52.36962673,-1.24707876,133.10,true,,
1790445967.041,marker,reconciled,0.00000000,0.00000000,0.00,false,,
1790445967.083,hud,speed,,,,,"8.1 / 6.3",8.070
1790445967.083,hud,heading,,,,,"227° / 267°",226.700
1790445967.083,hud,drift,,,,,"111.83%",111.830
1790445967.084,hud,turns,,,,,"✗ turns: 3/15",
1790445967.084,hud,calib_s,,,,,"✓ Buffer 6s",
1790445967.085,marker,gnss,52.37162000,-1.24164500,93.00,true,,
1790445967.085,marker,dr,52.36962194,-1.24708796,133.30,true,,
1790445967.086,marker,reconciled,0.00000000,0.00000000,0.00,false,,
1790445967.129,hud,speed,,,,,"8.1 / 6.3",8.090
1790445967.129,hud,heading,,,,,"227° / 267°",226.600
1790445967.129,hud,drift,,,,,"111.71%",111.710
1790445967.129,hud,turns,,,,,"✗ turns: 3/15",
1790445967.130,hud,calib_s,,,,,"✓ Buffer 6s",
1790445967.130,marker,gnss,52.37162000,-1.24164500,93.00,true,,
1790445967.131,marker,dr,52.36961719,-1.24709689,133.40,true,,
1790445967.132,marker,reconciled,0.00000000,0.00000000,0.00,false,,
1790445967.186,hud,speed,,,,,"8.1 / 6.3",8.130
1790445967.186,hud,heading,,,,,"227° / 267°",226.600
1790445967.187,hud,drift,,,,,"111.59%",111.590
1790445967.187,hud,turns,,,,,"✗ turns: 3/15",
1790445967.187,hud,calib_s,,,,,"✓ Buffer 6s",
1790445967.187,marker,gnss,52.37162000,-1.24164500,93.00,true,,
1790445967.188,marker,dr,52.36961230,-1.24710601,133.40,true,,
1790445967.189,marker,reconciled,0.00000000,0.00000000,0.00,false,,
1790445967.235,hud,speed,,,,,"8.2 / 6.3",8.150
1790445967.235,hud,heading,,,,,"227° / 267°",226.600
1790445967.236,hud,drift,,,,,"111.47%",111.470
1790445967.236,hud,turns,,,,,"✗ turns: 3/15",
1790445967.236,hud,calib_s,,,,,"✓ Buffer 6s",
1790445967.237,marker,gnss,52.37162000,-1.24164500,93.00,true,,
1790445967.238,marker,dr,52.36960741,-1.24711498,133.40,true,,
1790445967.238,marker,reconciled,0.00000000,0.00000000,0.00,false,,
1790445967.287,hud,speed,,,,,"8.3 / 6.3",8.290
1790445967.287,hud,heading,,,,,"226° / 267°",226.300
1790445967.287,hud,drift,,,,,"111.35%",111.350
1790445967.287,hud,turns,,,,,"✗ turns: 3/15",
1790445967.287,hud,calib_s,,,,,"✓ Buffer 6s",
1790445967.288,marker,gnss,52.37162000,-1.24164500,93.00,true,,
1790445967.288,marker,dr,52.36960246,-1.24712411,133.70,true,,
1790445967.288,marker,reconciled,0.00000000,0.00000000,0.00,false,,
1790445967.335,hud,speed,,,,,"8.4 / 6.3",8.370
1790445967.335,hud,heading,,,,,"226° / 267°",226.200
1790445967.335,hud,drift,,,,,"111.24%",111.240
1790445967.335,hud,turns,,,,,"✗ turns: 3/15",
1790445967.336,hud,calib_s,,,,,"✓ Buffer 6s",
1790445967.336,marker,gnss,52.37162000,-1.24164500,93.00,true,,
1790445967.337,marker,dr,52.36959744,-1.24713317,133.80,true,,
1790445967.338,marker,reconciled,0.00000000,0.00000000,0.00,false,,
1790445967.386,hud,speed,,,,,"8.5 / 6.3",8.480
1790445967.387,hud,heading,,,,,"226° / 267°",226.000
1790445967.387,hud,drift,,,,,"111.13%",111.130
1790445967.387,hud,turns,,,,,"✗ turns: 3/15",
1790445967.387,hud,calib_s,,,,,"✓ Buffer 6s",
1790445967.388,marker,gnss,52.37162000,-1.24164500,93.00,true,,
1790445967.388,marker,dr,52.36959223,-1.24714228,134.00,true,,
1790445967.389,marker,reconciled,0.00000000,0.00000000,0.00,false,,
1790445967.435,hud,speed,,,,,"8.5 / 6.3",8.540
1790445967.436,hud,heading,,,,,"226° / 267°",226.300
1790445967.436,hud,drift,,,,,"111.01%",111.010
1790445967.436,hud,turns,,,,,"✗ turns: 3/15",
1790445967.436,hud,calib_s,,,,,"✓ Buffer 6s",
1790445967.438,marker,gnss,52.37162000,-1.24164500,93.00,true,,
1790445967.438,marker,dr,52.36958686,-1.24715142,133.70,true,,
1790445967.439,marker,reconciled,0.00000000,0.00000000,0.00,false,,
1790445967.487,hud,speed,,,,,"8.6 / 6.3",8.590
1790445967.488,hud,heading,,,,,"226° / 267°",226.100
1790445967.488,hud,drift,,,,,"110.91%",110.910
1790445967.488,hud,turns,,,,,"✗ turns: 3/15",
1790445967.488,hud,calib_s,,,,,"✓ Buffer 6s",
1790445967.489,marker,gnss,52.37162000,-1.24164500,93.00,true,,
1790445967.489,marker,dr,52.36958152,-1.24716051,133.90,true,,
1790445967.489,marker,reconciled,0.00000000,0.00000000,0.00,false,,
1790445967.535,hud,speed,,,,,"8.6 / 6.3",8.590
1790445967.536,hud,heading,,,,,"226° / 267°",225.800
1790445967.536,hud,drift,,,,,"110.80%",110.800
1790445967.536,hud,turns,,,,,"✗ turns: 3/15",
1790445967.536,hud,calib_s,,,,,"✓ Buffer 6s",
1790445967.537,marker,gnss,52.37162000,-1.24164500,93.00,true,,
1790445967.539,marker,dr,52.36957618,-1.24716962,134.20,true,,
1790445967.539,marker,reconciled,0.00000000,0.00000000,0.00,false,,
1790445967.593,hud,speed,,,,,"8.6 / 6.3",8.570
1790445967.593,hud,heading,,,,,"226° / 267°",225.700
1790445967.594,hud,drift,,,,,"110.69%",110.690
1790445967.594,hud,turns,,,,,"✗ turns: 3/15",
1790445967.594,hud,calib_s,,,,,"✓ Buffer 6s",
1790445967.595,marker,gnss,52.37162000,-1.24164500,93.00,true,,
1790445967.595,marker,dr,52.36957088,-1.24717857,134.30,true,,
1790445967.596,marker,reconciled,0.00000000,0.00000000,0.00,false,,
1790445967.638,hud,speed,,,,,"8.6 / 6.3",8.610
1790445967.639,hud,heading,,,,,"226° / 267°",225.700
1790445967.639,hud,drift,,,,,"110.58%",110.580
1790445967.639,hud,turns,,,,,"✗ turns: 3/15",
1790445967.639,hud,calib_s,,,,,"✓ Buffer 6s",
1790445967.641,marker,gnss,52.37162000,-1.24164500,93.00,true,,
1790445967.641,marker,dr,52.36956538,-1.24718762,134.30,true,,
1790445967.642,marker,reconciled,0.00000000,0.00000000,0.00,false,,
1790445967.687,hud,speed,,,,,"8.7 / 6.3",8.650
1790445967.688,hud,heading,,,,,"226° / 267°",225.700
1790445967.688,hud,drift,,,,,"110.48%",110.480
1790445967.688,hud,turns,,,,,"✗ turns: 3/15",
1790445967.688,hud,calib_s,,,,,"✓ Buffer 6s",
1790445967.689,marker,gnss,52.37162000,-1.24164500,93.00,true,,
1790445967.689,marker,dr,52.36955994,-1.24719646,134.30,true,,
1790445967.689,marker,reconciled,0.00000000,0.00000000,0.00,false,,
1790445967.737,hud,speed,,,,,"8.7 / 6.3",8.670
1790445967.738,hud,heading,,,,,"226° / 267°",225.900
