t,category,name,lat,lon,rotation_deg,visible,text_val,num_val
1790445522.803,hud,speed,,,,,"0.0 / 0.0",0.000
1790445522.804,hud,heading,,,,,"0° / 0°",0.000
1790445522.804,hud,drift,,,,,"0.00%",0.000
1790445522.804,hud,turns,,,,,"✗ turns: 0/15",
1790445522.804,hud,calib_s,,,,,"✗ Buffer (need 6s)",
1790445522.805,marker,reconciled,0.00000000,0.00000000,0.00,false,,
1790445526.189,hud,speed,,,,,"0.0 / 0.0",0.000
1790445526.190,hud,heading,,,,,"0° / 0°",0.000
1790445526.190,hud,drift,,,,,"0.00%",0.000
1790445526.191,hud,turns,,,,,"✗ turns: 0/15",
1790445526.191,hud,calib_s,,,,,"✗ Buffer (need 6s)",
1790445526.192,marker,reconciled,0.00000000,0.00000000,0.00,false,,
1790445526.247,hud,speed,,,,,"0.0 / 0.0",0.000
1790445526.248,hud,heading,,,,,"0° / 0°",0.000
1790445526.248,hud,drift,,,,,"0.00%",0.000
1790445526.249,hud,turns,,,,,"✗ turns: 0/15",
1790445526.249,hud,calib_s,,,,,"✗ Buffer (need 6s)",
1790445526.249,marker,reconciled,0.00000000,0.00000000,0.00,false,,
1790445526.291,hud,speed,,,,,"0.0 / 0.0",0.000
1790445526.292,hud,heading,,,,,"0° / 0°",0.000
1790445526.292,hud,drift,,,,,"0.00%",0.000
1790445526.292,hud,turns,,,,,"✗ turns: 0/15",
1790445526.293,hud,calib_s,,,,,"✗ Buffer (need 6s)",
1790445526.293,marker,reconciled,0.00000000,0.00000000,0.00,false,,
1790445526.347,hud,speed,,,,,"0.0 / 0.0",0.000
1790445526.347,hud,heading,,,,,"0° / 0°",0.000
1790445526.347,hud,drift,,,,,"0.00%",0.000
1790445526.348,hud,turns,,,,,"✗ turns: 0/15",
1790445526.348,hud,calib_s,,,,,"✗ Buffer (need 6s)",
1790445526.348,marker,reconciled,0.00000000,0.00000000,0.00,false,,
1790445526.393,hud,speed,,,,,"0.0 / 0.0",0.000
1790445526.393,hud,heading,,,,,"0° / 0°",0.000
1790445526.393,hud,drift,,,,,"0.00%",0.000
1790445526.394,hud,turns,,,,,"✗ turns: 0/15",
1790445526.394,hud,calib_s,,,,,"✗ Buffer (need 6s)",
1790445526.394,marker,reconciled,0.00000000,0.00000000,0.00,false,,
1790445526.442,hud,speed,,,,,"0.0 / 0.0",0.000
1790445526.442,hud,heading,,,,,"0° / 0°",0.000
1790445526.443,hud,drift,,,,,"0.00%",0.000
1790445526.443,hud,turns,,,,,"✗ turns: 0/15",
1790445526.443,hud,calib_s,,,,,"✗ Buffer (need 6s)",
1790445526.444,marker,reconciled,0.00000000,0.00000000,0.00,false,,
1790445526.496,hud,speed,,,,,"0.0 / 0.0",0.000
1790445526.497,hud,heading,,,,,"0° / 0°",0.000
1790445526.497,hud,drift,,,,,"0.00%",0.000
1790445526.497,hud,turns,,,,,"✗ turns: 0/15",
1790445526.498,hud,calib_s,,,,,"✗ Buffer (need 6s)",
1790445526.498,marker,reconciled,0.00000000,0.00000000,0.00,false,,
1790445526.545,hud,speed,,,,,"0.0 / 0.0",0.000
1790445526.546,hud,heading,,,,,"0° / 0°",0.000
1790445526.546,hud,drift,,,,,"0.00%",0.000
1790445526.546,hud,turns,,,,,"✗ turns: 0/15",
1790445526.547,hud,calib_s,,,,,"✗ Buffer (need 6s)",
1790445526.547,marker,reconciled,0.00000000,0.00000000,0.00,false,,
1790445526.598,hud,speed,,,,,"0.0 / 0.0",0.000
1790445526.598,hud,heading,,,,,"0° / 0°",0.000
1790445526.598,hud,drift,,,,,"0.00%",0.000
1790445526.599,hud,turns,,,,,"✗ turns: 0/15",
1790445526.599,hud,calib_s,,,,,"✗ Buffer (need 6s)",
1790445526.599,marker,reconciled,0.00000000,0.00000000,0.00,false,,
1790445526.649,hud,speed,,,,,"0.0 / 0.0",0.000
1790445526.649,hud,heading,,,,,"0° / 0°",0.000
1790445526.650,hud,drift,,,,,"0.00%",0.000
1790445526.650,hud,turns,,,,,"✗ turns: 0/15",
1790445526.650,hud,calib_s,,,,,"✗ Buffer (need 6s)",
1790445526.651,marker,reconciled,0.00000000,0.00000000,0.00,false,,
1790445526.704,hud,speed,,,,,"0.0 / 0.0",0.000
1790445526.704,hud,heading,,,,,"0° / 0°",0.000
1790445526.705,hud,drift,,,,,"0.00%",0.000
1790445526.705,hud,turns,,,,,"✗ turns: 0/15",
1790445526.705,hud,calib_s,,,,,"✗ Buffer (need 6s)",
1790445526.706,marker,reconciled,0.00000000,0.00000000,0.00,false,,
1790445526.749,hud,speed,,,,,"0.0 / 0.0",0.000
1790445526.749,hud,heading,,,,,"0° / 0°",0.000
1790445526.750,hud,drift,,,,,"0.00%",0.000
1790445526.750,hud,turns,,,,,"✗ turns: 0/15",
1790445526.750,hud,calib_s,,,,,"✗ Buffer (need 6s)",
1790445526.751,marker,reconciled,0.00000000,0.00000000,0.00,false,,
1790445526.804,hud,speed,,,,,"0.0 / 0.0",0.000
1790445526.805,hud,heading,,,,,"0° / 0°",0.000
1790445526.806,hud,drift,,,,,"0.00%",0.000
1790445526.806,hud,turns,,,,,"✗ turns: 0/15",
1790445526.806,hud,calib_s,,,,,"✗ Buffer (need 6s)",
1790445526.807,marker,reconciled,0.00000000,0.00000000,0.00,false,,
1790445526.854,hud,speed,,,,,"0.0 / 0.0",0.000
1790445526.855,hud,heading,,,,,"0° / 0°",0.000
1790445526.856,hud,drift,,,,,"0.00%",0.000
1790445526.856,hud,turns,,,,,"✗ turns: 0/15",
1790445526.856,hud,calib_s,,,,,"✗ Buffer (need 6s)",
1790445526.857,marker,reconciled,0.00000000,0.00000000,0.00,false,,
1790445526.908,hud,speed,,,,,"0.0 / 0.0",0.000
1790445526.908,hud,heading,,,,,"0° / 0°",0.000
1790445526.909,hud,drift,,,,,"0.00%",0.000
1790445526.909,hud,turns,,,,,"✗ turns: 0/15",
1790445526.909,hud,calib_s,,,,,"✗ Buffer (need 6s)",
1790445526.909,marker,reconciled,0.00000000,0.00000000,0.00,false,,
1790445526.961,hud,speed,,,,,"0.0 / 0.0",0.000
1790445526.961,hud,heading,,,,,"0° / 0°",0.000
1790445526.962,hud,drift,,,,,"0.00%",0.000
1790445526.962,hud,turns,,,,,"✗ turns: 0/15",
1790445526.962,hud,calib_s,,,,,"✗ Buffer (need 6s)",
1790445526.963,marker,reconciled,0.00000000,0.00000000,0.00,false,,
1790445527.009,hud,speed,,,,,"0.0 / 0.0",0.000
1790445527.009,hud,heading,,,,,"0° / 0°",0.000
1790445527.010,hud,drift,,,,,"0.00%",0.000
1790445527.010,hud,turns,,,,,"✗ turns: 0/15",
1790445527.010,hud,calib_s,,,,,"✗ Buffer (need 6s)",
1790445527.011,marker,reconciled,0.00000000,0.00000000,0.00,false,,
1790445527.064,hud,speed,,,,,"0.0 / 0.0",0.000
1790445527.064,hud,heading,,,,,"0° / 0°",0.000
1790445527.065,hud,drift,,,,,"0.00%",0.000
1790445527.065,hud,turns,,,,,"✗ turns: 0/15",
1790445527.065,hud,calib_s,,,,,"✗ Buffer (need 6s)",
1790445527.066,marker,reconciled,0.00000000,0.00000000,0.00,false,,
1790445527.113,hud,speed,,,,,"0.0 / 0.0",0.000
1790445527.113,hud,heading,,,,,"0° / 0°",0.000
1790445527.114,hud,drift,,,,,"0.00%",0.000
1790445527.114,hud,turns,,,,,"✗ turns: 0/15",
1790445527.115,hud,calib_s,,,,,"✗ Buffer (need 6s)",
1790445527.115,marker,reconciled,0.00000000,0.00000000,0.00,false,,
1790445527.163,hud,speed,,,,,"0.0 / 0.0",0.000
1790445527.164,hud,heading,,,,,"0° / 0°",0.000
1790445527.164,hud,drift,,,,,"0.00%",0.000
1790445527.164,hud,turns,,,,,"✗ turns: 0/15",
1790445527.165,hud,calib_s,,,,,"✗ Buffer (need 6s)",
1790445527.165,marker,reconciled,0.00000000,0.00000000,0.00,false,,
1790445527.214,hud,speed,,,,,"0.0 / 0.0",0.000
1790445527.215,hud,heading,,,,,"0° / 0°",0.000
1790445527.215,hud,drift,,,,,"0.00%",0.000
1790445527.216,hud,turns,,,,,"✗ turns: 0/15",
1790445527.216,hud,calib_s,,,,,"✗ Buffer (need 6s)",
1790445527.216,marker,reconciled,0.00000000,0.00000000,0.00,false,,
1790445527.266,hud,speed,,,,,"0.0 / 0.0",0.000
1790445527.266,hud,heading,,,,,"0° / 0°",0.000
1790445527.267,hud,drift,,,,,"0.00%",0.000
1790445527.267,hud,turns,,,,,"✗ turns: 0/15",
1790445527.268,hud,calib_s,,,,,"✗ Buffer (need 6s)",
1790445527.268,marker,reconciled,0.00000000,0.00000000,0.00,false,,
1790445527.313,hud,speed,,,,,"0.0 / 0.0",0.000
1790445527.313,hud,heading,,,,,"0° / 0°",0.000
1790445527.314,hud,drift,,,,,"0.00%",0.000
1790445527.314,hud,turns,,,,,"✗ turns: 0/15",
1790445527.314,hud,calib_s,,,,,"✗ Buffer (need 6s)",
1790445527.314,marker,reconciled,0.00000000,0.00000000,0.00,false,,
1790445527.365,hud,speed,,,,,"0.0 / 0.0",0.000
1790445527.365,hud,heading,,,,,"0° / 0°",0.000
1790445527.366,hud,drift,,,,,"0.00%",0.000
1790445527.366,hud,turns,,,,,"✗ turns: 0/15",
1790445527.367,hud,calib_s,,,,,"✗ Buffer (need 6s)",
1790445527.367,marker,reconciled,0.00000000,0.00000000,0.00,false,,
1790445527.415,hud,speed,,,,,"0.0 / 0.0",0.000
1790445527.415,hud,heading,,,,,"0° / 0°",0.000
1790445527.416,hud,drift,,,,,"0.00%",0.000
1790445527.416,hud,turns,,,,,"✗ turns: 0/15",
1790445527.416,hud,calib_s,,,,,"✗ Buffer (need 6s)",
1790445527.416,marker,reconciled,0.00000000,0.00000000,0.00,false,,
1790445527.470,hud,speed,,,,,"0.0 / 0.0",0.000
1790445527.470,hud,heading,,,,,"0° / 0°",0.000
1790445527.471,hud,drift,,,,,"0.00%",0.000
1790445527.471,hud,turns,,,,,"✗ turns: 0/15",
1790445527.471,hud,calib_s,,,,,"✗ Buffer (need 6s)",
1790445527.472,marker,reconciled,0.00000000,0.00000000,0.00,false,,
1790445527.519,hud,speed,,,,,"0.0 / 0.0",0.000
1790445527.520,hud,heading,,,,,"0° / 0°",0.000
1790445527.520,hud,drift,,,,,"0.00%",0.000
1790445527.520,hud,turns,,,,,"✗ turns: 0/15",
1790445527.521,hud,calib_s,,,,,"✗ Buffer (need 6s)",
1790445527.521,marker,reconciled,0.00000000,0.00000000,0.00,false,,
1790445527.571,hud,speed,,,,,"0.0 / 0.0",0.000
1790445527.571,hud,heading,,,,,"0° / 0°",0.000
1790445527.572,hud,drift,,,,,"0.00%",0.000
1790445527.572,hud,turns,,,,,"✗ turns: 0/15",
1790445527.572,hud,calib_s,,,,,"✗ Buffer (need 6s)",
1790445527.572,marker,reconciled,0.00000000,0.00000000,0.00,false,,
1790445527.620,hud,speed,,,,,"0.0 / 0.0",0.000
1790445527.620,hud,heading,,,,,"0° / 0°",0.000
1790445527.621,hud,drift,,,,,"0.00%",0.000
1790445527.621,hud,turns,,,,,"✗ turns: 0/15",
1790445527.621,hud,calib_s,,,,,"✗ Buffer (need 6s)",
1790445527.622,marker,reconciled,0.00000000,0.00000000,0.00,false,,
1790445527.689,hud,speed,,,,,"0.0 / 0.0",0.000
1790445527.690,hud,heading,,,,,"0° / 0°",0.000
1790445527.690,hud,drift,,,,,"0.00%",0.000
1790445527.691,hud,turns,,,,,"✗ turns: 0/15",
1790445527.691,hud,calib_s,,,,,"✗ Buffer (need 6s)",
1790445527.695,marker,gnss,52.46745000,-1.48168800,346.60,true,,
1790445527.695,marker,reconciled,0.00000000,0.00000000,0.00,false,,
1790445527.737,hud,speed,,,,,"0.0 / 0.0",0.000
1790445527.737,hud,heading,,,,,"0° / 0°",0.000
1790445527.738,hud,drift,,,,,"0.00%",0.000
1790445527.738,hud,turns,,,,,"✗ turns: 0/15",
1790445527.738,hud,calib_s,,,,,"✗ Buffer (need 6s)",
1790445527.739,marker,gnss,52.46745000,-1.48168800,346.60,true,,
1790445527.740,marker,reconciled,0.00000000,0.00000000,0.00,false,,
1790445527.784,hud,speed,,,,,"0.0 / 0.0",0.000
1790445527.785,hud,heading,,,,,"0° / 0°",0.000
1790445527.785,hud,drift,,,,,"0.00%",0.000
1790445527.785,hud,turns,,,,,"✗ turns: 0/15",
1790445527.786,hud,calib_s,,,,,"✗ Buffer (need 6s)",
1790445527.787,marker,gnss,52.46745000,-1.48168800,346.60,true,,
1790445527.787,marker,reconciled,0.00000000,0.00000000,0.00,false,,
1790445527.841,hud,speed,,,,,"0.0 / 0.0",0.000
1790445527.842,hud,heading,,,,,"0° / 0°",0.000
1790445527.842,hud,drift,,,,,"0.00%",0.000
1790445527.843,hud,turns,,,,,"✗ turns: 0/15",
1790445527.844,hud,calib_s,,,,,"✗ Buffer (need 6s)",
1790445527.844,marker,gnss,52.46745000,-1.48168800,346.60,true,,
1790445527.845,marker,reconciled,0.00000000,0.00000000,0.00,false,,
1790445527.884,hud,speed,,,,,"0.0 / 0.0",0.000
1790445527.884,hud,heading,,,,,"0° / 0°",0.000
1790445527.884,hud,drift,,,,,"0.00%",0.000
1790445527.885,hud,turns,,,,,"✗ turns: 0/15",
1790445527.885,hud,calib_s,,,,,"✗ Buffer (need 6s)",
1790445527.885,marker,gnss,52.46745000,-1.48168800,346.60,true,,
1790445527.886,marker,reconciled,0.00000000,0.00000000,0.00,false,,
1790445527.966,hud,speed,,,,,"0.0 / 0.0",0.000
1790445527.966,hud,heading,,,,,"0° / 0°",0.000
1790445527.967,hud,drift,,,,,"0.00%",0.000
1790445527.967,hud,turns,,,,,"✗ turns: 0/15",
1790445527.968,hud,calib_s,,,,,"✗ Buffer (need 6s)",
1790445527.969,marker,gnss,52.46745000,-1.48168800,346.60,true,,
1790445527.970,marker,reconciled,0.00000000,0.00000000,0.00,false,,
1790445528.008,hud,speed,,,,,"0.0 / 0.0",0.000
1790445528.009,hud,heading,,,,,"0° / 0°",0.000
1790445528.009,hud,drift,,,,,"0.00%",0.000
1790445528.010,hud,turns,,,,,"✗ turns: 0/15",
1790445528.010,hud,calib_s,,,,,"✗ Buffer (need 6s)",
1790445528.011,marker,gnss,52.46745000,-1.48168800,346.60,true,,
1790445528.011,marker,reconciled,0.00000000,0.00000000,0.00,false,,
1790445528.052,hud,speed,,,,,"0.0 / 0.0",0.000
1790445528.052,hud,heading,,,,,"0° / 0°",0.000
1790445528.053,hud,drift,,,,,"0.00%",0.000
1790445528.053,hud,turns,,,,,"✗ turns: 0/15",
1790445528.053,hud,calib_s,,,,,"✗ Buffer (need 6s)",
1790445528.054,marker,gnss,52.46745000,-1.48168800,346.60,true,,
1790445528.054,marker,reconciled,0.00000000,0.00000000,0.00,false,,
1790445528.094,hud,speed,,,,,"0.0 / 0.0",0.000
1790445528.095,hud,heading,,,,,"0° / 0°",0.000
1790445528.095,hud,drift,,,,,"0.00%",0.000
1790445528.095,hud,turns,,,,,"✗ turns: 0/15",
1790445528.096,hud,calib_s,,,,,"✗ Buffer (need 6s)",
1790445528.096,marker,gnss,52.46745000,-1.48168800,346.60,true,,
1790445528.096,marker,reconciled,0.00000000,0.00000000,0.00,false,,
1790445528.148,hud,speed,,,,,"0.0 / 0.0",0.000
1790445528.149,hud,heading,,,,,"0° / 0°",0.000
1790445528.149,hud,drift,,,,,"0.00%",0.000
1790445528.149,hud,turns,,,,,"✗ turns: 0/15",
1790445528.150,hud,calib_s,,,,,"✗ Buffer (need 6s)",
1790445528.150,marker,gnss,52.46745000,-1.48168800,346.60,true,,
1790445528.151,marker,reconciled,0.00000000,0.00000000,0.00,false,,
1790445528.196,hud,speed,,,,,"0.0 / 0.0",0.000
1790445528.196,hud,heading,,,,,"0° / 0°",0.000
1790445528.196,hud,drift,,,,,"0.00%",0.000
1790445528.197,hud,turns,,,,,"✗ turns: 0/15",
1790445528.197,hud,calib_s,,,,,"✗ Buffer (need 6s)",
1790445528.197,marker,gnss,52.46745000,-1.48168800,346.60,true,,
1790445528.198,marker,reconciled,0.00000000,0.00000000,0.00,false,,
1790445528.254,hud,speed,,,,,"0.0 / 0.0",0.000
1790445528.254,hud,heading,,,,,"0° / 0°",0.000
1790445528.255,hud,drift,,,,,"0.00%",0.000
1790445528.255,hud,turns,,,,,"✗ turns: 0/15",
1790445528.255,hud,calib_s,,,,,"✗ Buffer (need 6s)",
1790445528.256,marker,gnss,52.46745000,-1.48168800,346.60,true,,
1790445528.256,marker,reconciled,0.00000000,0.00000000,0.00,false,,
1790445528.297,hud,speed,,,,,"0.0 / 0.0",0.000
1790445528.297,hud,heading,,,,,"0° / 0°",0.000
1790445528.298,hud,drift,,,,,"0.00%",0.000
1790445528.298,hud,turns,,,,,"✗ turns: 0/15",
1790445528.298,hud,calib_s,,,,,"✗ Buffer (need 6s)",
1790445528.299,marker,gnss,52.46745000,-1.48168800,346.60,true,,
1790445528.299,marker,reconciled,0.00000000,0.00000000,0.00,false,,
1790445528.355,hud,speed,,,,,"0.0 / 0.0",0.000
1790445528.356,hud,heading,,,,,"0° / 0°",0.000
1790445528.356,hud,drift,,,,,"0.00%",0.000
1790445528.356,hud,turns,,,,,"✗ turns: 0/15",
1790445528.357,hud,calib_s,,,,,"✗ Buffer (need 6s)",
1790445528.357,marker,gnss,52.46745000,-1.48168800,346.60,true,,
1790445528.358,marker,reconciled,0.00000000,0.00000000,0.00,false,,
1790445528.404,hud,speed,,,,,"0.0 / 0.0",0.000
1790445528.405,hud,heading,,,,,"0° / 0°",0.000
1790445528.405,hud,drift,,,,,"0.00%",0.000
1790445528.406,hud,turns,,,,,"✗ turns: 0/15",
1790445528.407,hud,calib_s,,,,,"✗ Buffer (need 6s)",
1790445528.407,marker,gnss,52.46745000,-1.48168800,346.60,true,,
1790445528.408,marker,reconciled,0.00000000,0.00000000,0.00,false,,
1790445528.460,hud,speed,,,,,"0.0 / 0.0",0.000
1790445528.460,hud,heading,,,,,"0° / 0°",0.000
1790445528.461,hud,drift,,,,,"0.00%",0.000
1790445528.461,hud,turns,,,,,"✗ turns: 0/15",
1790445528.462,hud,calib_s,,,,,"✗ Buffer (need 6s)",
1790445528.463,marker,gnss,52.46745000,-1.48168800,346.60,true,,
1790445528.463,marker,reconciled,0.00000000,0.00000000,0.00,false,,
1790445528.511,hud,speed,,,,,"0.0 / 0.0",0.000
1790445528.512,hud,heading,,,,,"0° / 0°",0.000
1790445528.513,hud,drift,,,,,"0.00%",0.000
1790445528.513,hud,turns,,,,,"✗ turns: 0/15",
1790445528.514,hud,calib_s,,,,,"✗ Buffer (need 6s)",
1790445528.514,marker,gnss,52.46745000,-1.48168800,346.60,true,,
1790445528.515,marker,reconciled,0.00000000,0.00000000,0.00,false,,
1790445528.560,hud,speed,,,,,"0.0 / 0.0",0.000
1790445528.560,hud,heading,,,,,"0° / 0°",0.000
1790445528.561,hud,drift,,,,,"0.00%",0.000
1790445528.561,hud,turns,,,,,"✗ turns: 0/15",
1790445528.561,hud,calib_s,,,,,"✗ Buffer (need 6s)",
1790445528.562,marker,gnss,52.46745000,-1.48168800,346.60,true,,
1790445528.563,marker,reconciled,0.00000000,0.00000000,0.00,false,,
1790445528.619,hud,speed,,,,,"0.0 / 0.0",0.000
1790445528.619,hud,heading,,,,,"0° / 0°",0.000
1790445528.620,hud,drift,,,,,"0.00%",0.000
1790445528.621,hud,turns,,,,,"✗ turns: 0/15",
1790445528.621,hud,calib_s,,,,,"✗ Buffer (need 6s)",
1790445528.622,marker,gnss,52.46745000,-1.48168800,346.60,true,,
1790445528.623,marker,reconciled,0.00000000,0.00000000,0.00,false,,
1790445528.668,hud,speed,,,,,"0.0 / 0.0",0.000
1790445528.669,hud,heading,,,,,"0° / 0°",0.000
1790445528.669,hud,drift,,,,,"0.00%",0.000
1790445528.669,hud,turns,,,,,"✗ turns: 0/15",
1790445528.670,hud,calib_s,,,,,"✗ Buffer (need 6s)",
1790445528.670,marker,gnss,52.46745000,-1.48168800,346.60,true,,
1790445528.671,marker,reconciled,0.00000000,0.00000000,0.00,false,,
1790445528.715,hud,speed,,,,,"0.0 / 0.0",0.000
1790445528.715,hud,heading,,,,,"0° / 0°",0.000
1790445528.716,hud,drift,,,,,"0.00%",0.000
1790445528.716,hud,turns,,,,,"✗ turns: 0/15",
1790445528.717,hud,calib_s,,,,,"✗ Buffer (need 6s)",
1790445528.717,marker,gnss,52.46745000,-1.48168800,346.60,true,,
1790445528.718,marker,reconciled,0.00000000,0.00000000,0.00,false,,
1790445528.755,hud,speed,,,,,"0.0 / 0.0",0.000
1790445528.755,hud,heading,,,,,"0° / 0°",0.000
1790445528.755,hud,drift,,,,,"0.00%",0.000
1790445528.755,hud,turns,,,,,"✗ turns: 0/15",
1790445528.756,hud,calib_s,,,,,"✗ Buffer (need 6s)",
1790445528.756,marker,gnss,52.46745000,-1.48168800,346.60,true,,
1790445528.756,marker,reconciled,0.00000000,0.00000000,0.00,false,,
1790445528.807,hud,speed,,,,,"0.0 / 0.0",0.000
1790445528.808,hud,heading,,,,,"0° / 0°",0.000
1790445528.808,hud,drift,,,,,"0.00%",0.000
1790445528.808,hud,turns,,,,,"✗ turns: 0/15",
1790445528.809,hud,calib_s,,,,,"✗ Buffer (need 6s)",
1790445528.809,marker,gnss,52.46745000,-1.48168800,346.60,true,,
1790445528.810,marker,reconciled,0.00000000,0.00000000,0.00,false,,
1790445528.855,hud,speed,,,,,"0.0 / 0.0",0.000
1790445528.855,hud,heading,,,,,"0° / 0°",0.000
1790445528.856,hud,drift,,,,,"0.00%",0.000
1790445528.856,hud,turns,,,,,"✗ turns: 0/15",
1790445528.857,hud,calib_s,,,,,"✗ Buffer (need 6s)",
1790445528.857,marker,gnss,52.46745000,-1.48168800,346.60,true,,
1790445528.858,marker,reconciled,0.00000000,0.00000000,0.00,false,,
1790445528.915,hud,speed,,,,,"0.0 / 0.0",0.000
1790445528.915,hud,heading,,,,,"0° / 0°",0.000
1790445528.916,hud,drift,,,,,"0.00%",0.000
1790445528.916,hud,turns,,,,,"✗ turns: 0/15",
1790445528.916,hud,calib_s,,,,,"✗ Buffer (need 6s)",
1790445528.916,marker,gnss,52.46745000,-1.48168800,346.60,true,,
1790445528.917,marker,reconciled,0.00000000,0.00000000,0.00,false,,
1790445528.954,hud,speed,,,,,"0.0 / 0.0",0.000
1790445528.955,hud,heading,,,,,"0° / 0°",0.000
1790445528.955,hud,drift,,,,,"0.00%",0.000
1790445528.955,hud,turns,,,,,"✗ turns: 0/15",
1790445528.956,hud,calib_s,,,,,"✗ Buffer (need 6s)",
1790445528.956,marker,gnss,52.46745000,-1.48168800,346.60,true,,
1790445528.956,marker,reconciled,0.00000000,0.00000000,0.00,false,,
1790445529.003,hud,speed,,,,,"0.0 / 0.0",0.000
1790445529.004,hud,heading,,,,,"0° / 0°",0.000
1790445529.004,hud,drift,,,,,"0.00%",0.000
1790445529.004,hud,turns,,,,,"✗ turns: 0/15",
1790445529.004,hud,calib_s,,,,,"✗ Buffer (need 6s)",
1790445529.005,marker,gnss,52.46745000,-1.48168800,346.60,true,,
1790445529.005,marker,reconciled,0.00000000,0.00000000,0.00,false,,
1790445529.052,hud,speed,,,,,"0.0 / 0.0",0.000
1790445529.052,hud,heading,,,,,"0° / 0°",0.000
1790445529.053,hud,drift,,,,,"0.00%",0.000
1790445529.053,hud,turns,,,,,"✗ turns: 0/15",
1790445529.053,hud,calib_s,,,,,"✗ Buffer (need 6s)",
1790445529.053,marker,gnss,52.46745000,-1.48168800,346.60,true,,
1790445529.054,marker,reconciled,0.00000000,0.00000000,0.00,false,,
1790445529.108,hud,speed,,,,,"0.0 / 0.0",0.000
1790445529.108,hud,heading,,,,,"0° / 0°",0.000
1790445529.108,hud,drift,,,,,"0.00%",0.000
1790445529.109,hud,turns,,,,,"✗ turns: 0/15",
1790445529.109,hud,calib_s,,,,,"✗ Buffer (need 6s)",
1790445529.109,marker,gnss,52.46745000,-1.48168800,346.60,true,,
1790445529.110,marker,reconciled,0.00000000,0.00000000,0.00,false,,
1790445529.160,hud,speed,,,,,"0.0 / 0.0",0.000
1790445529.160,hud,heading,,,,,"0° / 0°",0.000
1790445529.161,hud,drift,,,,,"0.00%",0.000
1790445529.161,hud,turns,,,,,"✗ turns: 0/15",
1790445529.161,hud,calib_s,,,,,"✗ Buffer (need 6s)",
1790445529.162,marker,gnss,52.46745000,-1.48168800,346.60,true,,
1790445529.162,marker,reconciled,0.00000000,0.00000000,0.00,false,,
1790445529.206,hud,speed,,,,,"0.0 / 0.0",0.000
1790445529.206,hud,heading,,,,,"0° / 0°",0.000
1790445529.207,hud,drift,,,,,"0.00%",0.000
1790445529.207,hud,turns,,,,,"✗ turns: 0/15",
1790445529.207,hud,calib_s,,,,,"✓ Buffer 6s",
1790445529.207,marker,gnss,52.46745000,-1.48168800,346.60,true,,
1790445529.208,marker,reconciled,0.00000000,0.00000000,0.00,false,,
1790445529.260,hud,speed,,,,,"0.0 / 0.0",0.000
1790445529.260,hud,heading,,,,,"0° / 0°",0.000
1790445529.260,hud,drift,,,,,"0.00%",0.000
1790445529.261,hud,turns,,,,,"✗ turns: 0/15",
1790445529.261,hud,calib_s,,,,,"✓ Buffer 6s",
1790445529.261,marker,gnss,52.46745000,-1.48168800,346.60,true,,
1790445529.262,marker,reconciled,0.00000000,0.00000000,0.00,false,,
1790445529.312,hud,speed,,,,,"0.0 / 0.0",0.000
1790445529.312,hud,heading,,,,,"0° / 0°",0.000
1790445529.313,hud,drift,,,,,"0.00%",0.000
1790445529.313,hud,turns,,,,,"✗ turns: 0/15",
1790445529.313,hud,calib_s,,,,,"✓ Buffer 6s",
1790445529.314,marker,gnss,52.46745000,-1.48168800,346.60,true,,
1790445529.314,marker,reconciled,0.00000000,0.00000000,0.00,false,,
1790445529.362,hud,speed,,,,,"0.0 / 0.0",0.000
1790445529.363,hud,heading,,,,,"0° / 0°",0.000
1790445529.363,hud,drift,,,,,"0.00%",0.000
1790445529.363,hud,turns,,,,,"✗ turns: 0/15",
1790445529.364,hud,calib_s,,,,,"✓ Buffer 6s",
1790445529.364,marker,gnss,52.46745000,-1.48168800,346.60,true,,
1790445529.364,marker,reconciled,0.00000000,0.00000000,0.00,false,,
1790445529.416,hud,speed,,,,,"0.0 / 0.0",0.000
1790445529.416,hud,heading,,,,,"0° / 0°",0.000
1790445529.417,hud,drift,,,,,"0.00%",0.000
1790445529.417,hud,turns,,,,,"✗ turns: 0/15",
1790445529.417,hud,calib_s,,,,,"✓ Buffer 6s",
1790445529.418,marker,gnss,52.46745000,-1.48168800,346.60,true,,
1790445529.419,marker,reconciled,0.00000000,0.00000000,0.00,false,,
1790445529.464,hud,speed,,,,,"0.0 / 0.0",0.000
1790445529.465,hud,heading,,,,,"0° / 0°",0.000
1790445529.465,hud,drift,,,,,"0.00%",0.000
1790445529.466,hud,turns,,,,,"✗ turns: 0/15",
1790445529.466,hud,calib_s,,,,,"✓ Buffer 6s",
1790445529.467,marker,gnss,52.46745000,-1.48168800,346.60,true,,
1790445529.468,marker,reconciled,0.00000000,0.00000000,0.00,false,,
1790445529.517,hud,speed,,,,,"0.0 / 0.0",0.000
1790445529.517,hud,heading,,,,,"0° / 0°",0.000
1790445529.518,hud,drift,,,,,"0.00%",0.000
1790445529.518,hud,turns,,,,,"✗ turns: 0/15",
1790445529.518,hud,calib_s,,,,,"✓ Buffer 6s",
1790445529.519,marker,gnss,52.46745000,-1.48168800,346.60,true,,
1790445529.519,marker,reconciled,0.00000000,0.00000000,0.00,false,,
1790445529.565,hud,speed,,,,,"0.0 / 0.0",0.000
1790445529.565,hud,heading,,,,,"0° / 0°",0.000
1790445529.565,hud,drift,,,,,"0.00%",0.000
1790445529.565,hud,turns,,,,,"✗ turns: 0/15",
1790445529.566,hud,calib_s,,,,,"✓ Buffer 6s",
1790445529.566,marker,gnss,52.46745000,-1.48168800,346.60,true,,
1790445529.567,marker,reconciled,0.00000000,0.00000000,0.00,false,,
1790445529.625,hud,speed,,,,,"0.0 / 0.0",0.000
1790445529.626,hud,heading,,,,,"0° / 0°",0.000
1790445529.626,hud,drift,,,,,"0.00%",0.000
1790445529.627,hud,turns,,,,,"✗ turns: 0/15",
1790445529.627,hud,calib_s,,,,,"✓ Buffer 6s",
1790445529.627,marker,gnss,52.46745000,-1.48168800,346.60,true,,
1790445529.628,marker,reconciled,0.00000000,0.00000000,0.00,false,,
1790445529.669,hud,speed,,,,,"0.0 / 0.0",0.000
1790445529.669,hud,heading,,,,,"0° / 0°",0.000
1790445529.670,hud,drift,,,,,"0.00%",0.000
1790445529.670,hud,turns,,,,,"✗ turns: 0/15",
1790445529.670,hud,calib_s,,,,,"✓ Buffer 6s",
1790445529.671,marker,gnss,52.46745000,-1.48168800,346.60,true,,
1790445529.671,marker,reconciled,0.00000000,0.00000000,0.00,false,,
1790445529.718,hud,speed,,,,,"0.0 / 0.0",0.000
1790445529.718,hud,heading,,,,,"0° / 0°",0.000
1790445529.719,hud,drift,,,,,"0.00%",0.000
1790445529.719,hud,turns,,,,,"✗ turns: 0/15",
1790445529.719,hud,calib_s,,,,,"✓ Buffer 6s",
1790445529.720,marker,gnss,52.46745000,-1.48168800,346.60,true,,
1790445529.720,marker,reconciled,0.00000000,0.00000000,0.00,false,,
1790445529.772,hud,speed,,,,,"0.0 / 0.0",0.000
1790445529.772,hud,heading,,,,,"0° / 0°",0.000
1790445529.772,hud,drift,,,,,"0.00%",0.000
1790445529.773,hud,turns,,,,,"✗ turns: 0/15",
1790445529.773,hud,calib_s,,,,,"✓ Buffer 6s",
1790445529.773,marker,gnss,52.46745000,-1.48168800,346.60,true,,
1790445529.774,marker,reconciled,0.00000000,0.00000000,0.00,false,,
1790445529.820,hud,speed,,,,,"0.0 / 0.0",0.000
1790445529.821,hud,heading,,,,,"0° / 0°",0.000
1790445529.822,hud,drift,,,,,"0.00%",0.000
1790445529.822,hud,turns,,,,,"✗ turns: 0/15",
1790445529.822,hud,calib_s,,,,,"✓ Buffer 6s",
1790445529.823,marker,gnss,52.46745000,-1.48168800,346.60,true,,
1790445529.823,marker,reconciled,0.00000000,0.00000000,0.00,false,,
1790445529.883,hud,speed,,,,,"0.0 / 0.0",0.000
1790445529.884,hud,heading,,,,,"0° / 0°",0.000
1790445529.884,hud,drift,,,,,"0.00%",0.000
1790445529.885,hud,turns,,,,,"✗ turns: 0/15",
1790445529.885,hud,calib_s,,,,,"✓ Buffer 6s",
1790445529.885,marker,gnss,52.46745000,-1.48168800,346.60,true,,
1790445529.886,marker,reconciled,0.00000000,0.00000000,0.00,false,,
1790445529.925,hud,speed,,,,,"0.0 / 0.0",0.000
1790445529.926,hud,heading,,,,,"0° / 0°",0.000
1790445529.926,hud,drift,,,,,"0.00%",0.000
1790445529.926,hud,turns,,,,,"✗ turns: 0/15",
1790445529.927,hud,calib_s,,,,,"✓ Buffer 6s",
1790445529.927,marker,gnss,52.46745000,-1.48168800,346.60,true,,
1790445529.927,marker,reconciled,0.00000000,0.00000000,0.00,false,,
1790445529.976,hud,speed,,,,,"0.0 / 0.0",0.000
1790445529.977,hud,heading,,,,,"0° / 0°",0.000
1790445529.977,hud,drift,,,,,"0.00%",0.000
1790445529.977,hud,turns,,,,,"✗ turns: 0/15",
1790445529.977,hud,calib_s,,,,,"✓ Buffer 6s",
1790445529.978,marker,gnss,52.46745000,-1.48168800,346.60,true,,
1790445529.979,marker,reconciled,0.00000000,0.00000000,0.00,false,,
1790445530.032,hud,speed,,,,,"0.0 / 0.0",0.000
1790445530.033,hud,heading,,,,,"0° / 0°",0.000
1790445530.033,hud,drift,,,,,"0.00%",0.000
1790445530.034,hud,turns,,,,,"✗ turns: 0/15",
1790445530.034,hud,calib_s,,,,,"✓ Buffer 6s",
1790445530.034,marker,gnss,52.46745000,-1.48168800,346.60,true,,
1790445530.035,marker,reconciled,0.00000000,0.00000000,0.00,false,,
1790445530.078,hud,speed,,,,,"0.0 / 0.0",0.000
1790445530.078,hud,heading,,,,,"0° / 0°",0.000
1790445530.079,hud,drift,,,,,"0.00%",0.000
1790445530.079,hud,turns,,,,,"✗ turns: 0/15",
1790445530.079,hud,calib_s,,,,,"✓ Buffer 6s",
1790445530.080,marker,gnss,52.46745000,-1.48168800,346.60,true,,
1790445530.080,marker,reconciled,0.00000000,0.00000000,0.00,false,,
1790445530.130,hud,speed,,,,,"0.0 / 0.0",0.000
1790445530.131,hud,heading,,,,,"0° / 0°",0.000
1790445530.131,hud,drift,,,,,"0.00%",0.000
1790445530.132,hud,turns,,,,,"✗ turns: 0/15",
1790445530.132,hud,calib_s,,,,,"✓ Buffer 6s",
1790445530.132,marker,gnss,52.46745000,-1.48168800,346.60,true,,
1790445530.133,marker,reconciled,0.00000000,0.00000000,0.00,false,,
1790445530.178,hud,speed,,,,,"0.0 / 0.0",0.000
1790445530.179,hud,heading,,,,,"0° / 0°",0.000
1790445530.179,hud,drift,,,,,"0.00%",0.000
1790445530.180,hud,turns,,,,,"✗ turns: 0/15",
1790445530.180,hud,calib_s,,,,,"✓ Buffer 6s",
1790445530.180,marker,gnss,52.46745000,-1.48168800,346.60,true,,
1790445530.181,marker,reconciled,0.00000000,0.00000000,0.00,false,,
1790445530.232,hud,speed,,,,,"0.0 / 0.0",0.000
1790445530.232,hud,heading,,,,,"0° / 0°",0.000
1790445530.233,hud,drift,,,,,"0.00%",0.000
1790445530.233,hud,turns,,,,,"✗ turns: 0/15",
1790445530.233,hud,calib_s,,,,,"✓ Buffer 6s",
1790445530.234,marker,gnss,52.46745000,-1.48168800,346.60,true,,
1790445530.234,marker,reconciled,0.00000000,0.00000000,0.00,false,,
1790445530.285,hud,speed,,,,,"0.0 / 0.0",0.000
1790445530.285,hud,heading,,,,,"0° / 0°",0.000
1790445530.285,hud,drift,,,,,"0.00%",0.000
1790445530.286,hud,turns,,,,,"✗ turns: 0/15",
1790445530.286,hud,calib_s,,,,,"✓ Buffer 6s",
1790445530.287,marker,gnss,52.46745000,-1.48168800,346.60,true,,
1790445530.287,marker,reconciled,0.00000000,0.00000000,0.00,false,,
1790445530.342,hud,speed,,,,,"0.0 / 0.0",0.000
1790445530.342,hud,heading,,,,,"0° / 0°",0.000
1790445530.343,hud,drift,,,,,"0.00%",0.000
1790445530.343,hud,turns,,,,,"✗ turns: 0/15",
1790445530.343,hud,calib_s,,,,,"✓ Buffer 6s",
1790445530.344,marker,gnss,52.46745000,-1.48168800,346.60,true,,
1790445530.344,marker,reconciled,0.00000000,0.00000000,0.00,false,,
1790445530.390,hud,speed,,,,,"0.0 / 0.0",0.000
1790445530.391,hud,heading,,,,,"0° / 0°",0.000
1790445530.392,hud,drift,,,,,"0.00%",0.000
1790445530.392,hud,turns,,,,,"✗ turns: 0/15",
1790445530.392,hud,calib_s,,,,,"✓ Buffer 6s",
1790445530.393,marker,gnss,52.46745000,-1.48168800,346.60,true,,
1790445530.393,marker,reconciled,0.00000000,0.00000000,0.00,false,,
1790445530.433,hud,speed,,,,,"0.0 / 0.0",0.000
1790445530.433,hud,heading,,,,,"0° / 0°",0.000
1790445530.433,hud,drift,,,,,"0.00%",0.000
1790445530.433,hud,turns,,,,,"✗ turns: 0/15",
1790445530.434,hud,calib_s,,,,,"✓ Buffer 6s",
1790445530.434,marker,gnss,52.46745000,-1.48168800,346.60,true,,
1790445530.434,marker,reconciled,0.00000000,0.00000000,0.00,false,,
1790445530.488,hud,speed,,,,,"0.0 / 0.0",0.000
1790445530.489,hud,heading,,,,,"0° / 0°",0.000
1790445530.489,hud,drift,,,,,"0.00%",0.000
1790445530.489,hud,turns,,,,,"✗ turns: 0/15",
1790445530.490,hud,calib_s,,,,,"✓ Buffer 6s",
1790445530.490,marker,gnss,52.46745000,-1.48168800,346.60,true,,
1790445530.491,marker,reconciled,0.00000000,0.00000000,0.00,false,,
1790445530.539,hud,speed,,,,,"0.0 / 0.0",0.000
1790445530.539,hud,heading,,,,,"0° / 0°",0.000
1790445530.540,hud,drift,,,,,"0.00%",0.000
1790445530.540,hud,turns,,,,,"✗ turns: 0/15",
1790445530.540,hud,calib_s,,,,,"✓ Buffer 6s",
1790445530.541,marker,gnss,52.46745000,-1.48168800,346.60,true,,
1790445530.541,marker,reconciled,0.00000000,0.00000000,0.00,false,,
1790445530.588,hud,speed,,,,,"0.0 / 0.0",0.000
1790445530.589,hud,heading,,,,,"0° / 0°",0.000
1790445530.589,hud,drift,,,,,"0.00%",0.000
1790445530.589,hud,turns,,,,,"✗ turns: 0/15",
1790445530.589,hud,calib_s,,,,,"✓ Buffer 6s",
1790445530.590,marker,gnss,52.46745000,-1.48168800,346.60,true,,
1790445530.591,marker,reconciled,0.00000000,0.00000000,0.00,false,,
1790445530.640,hud,speed,,,,,"0.0 / 0.0",0.000
1790445530.641,hud,heading,,,,,"0° / 0°",0.000
1790445530.641,hud,drift,,,,,"0.00%",0.000
1790445530.641,hud,turns,,,,,"✗ turns: 0/15",
1790445530.642,hud,calib_s,,,,,"✓ Buffer 6s",
1790445530.642,marker,gnss,52.46745000,-1.48168800,346.60,true,,
1790445530.643,marker,reconciled,0.00000000,0.00000000,0.00,false,,
1790445530.688,hud,speed,,,,,"0.0 / 0.0",0.000
1790445530.689,hud,heading,,,,,"0° / 0°",0.000
1790445530.689,hud,drift,,,,,"0.00%",0.000
1790445530.689,hud,turns,,,,,"✗ turns: 0/15",
1790445530.689,hud,calib_s,,,,,"✓ Buffer 6s",
1790445530.690,marker,gnss,52.46745000,-1.48168800,346.60,true,,
1790445530.691,marker,reconciled,0.00000000,0.00000000,0.00,false,,
1790445530.741,hud,speed,,,,,"0.0 / 0.0",0.000
1790445530.742,hud,heading,,,,,"0° / 0°",0.000
1790445530.742,hud,drift,,,,,"0.00%",0.000
1790445530.743,hud,turns,,,,,"✗ turns: 0/15",
1790445530.743,hud,calib_s,,,,,"✓ Buffer 6s",
1790445530.744,marker,gnss,52.46745000,-1.48168800,346.60,true,,
1790445530.744,marker,reconciled,0.00000000,0.00000000,0.00,false,,
1790445530.792,hud,speed,,,,,"0.0 / 0.0",0.000
1790445530.793,hud,heading,,,,,"0° / 0°",0.000
1790445530.793,hud,drift,,,,,"0.00%",0.000
1790445530.793,hud,turns,,,,,"✗ turns: 0/15",
1790445530.793,hud,calib_s,,,,,"✓ Buffer 6s",
1790445530.794,marker,gnss,52.46745000,-1.48168800,346.60,true,,
1790445530.794,marker,reconciled,0.00000000,0.00000000,0.00,false,,
1790445530.845,hud,speed,,,,,"0.0 / 0.0",0.000
1790445530.846,hud,heading,,,,,"0° / 0°",0.000
1790445530.846,hud,drift,,,,,"0.00%",0.000
1790445530.846,hud,turns,,,,,"✗ turns: 0/15",
1790445530.846,hud,calib_s,,,,,"✓ Buffer 6s",
1790445530.847,marker,gnss,52.46745000,-1.48168800,346.60,true,,
1790445530.847,marker,reconciled,0.00000000,0.00000000,0.00,false,,
1790445530.895,hud,speed,,,,,"0.0 / 0.0",0.000
1790445530.895,hud,heading,,,,,"0° / 0°",0.000
1790445530.896,hud,drift,,,,,"0.00%",0.000
1790445530.896,hud,turns,,,,,"✗ turns: 0/15",
1790445530.896,hud,calib_s,,,,,"✓ Buffer 6s",
1790445530.897,marker,gnss,52.46745000,-1.48168800,346.60,true,,
1790445530.897,marker,reconciled,0.00000000,0.00000000,0.00,false,,
1790445530.946,hud,speed,,,,,"0.0 / 0.0",0.000
1790445530.946,hud,heading,,,,,"0° / 0°",0.000
1790445530.947,hud,drift,,,,,"0.00%",0.000
1790445530.947,hud,turns,,,,,"✗ turns: 0/15",
1790445530.947,hud,calib_s,,,,,"✓ Buffer 6s",
1790445530.948,marker,gnss,52.46745000,-1.48168800,346.60,true,,
1790445530.948,marker,reconciled,0.00000000,0.00000000,0.00,false,,
1790445530.995,hud,speed,,,,,"0.0 / 0.0",0.000
1790445530.996,hud,heading,,,,,"0° / 0°",0.000
1790445530.996,hud,drift,,,,,"0.00%",0.000
1790445530.996,hud,turns,,,,,"✗ turns: 0/15",
1790445530.996,hud,calib_s,,,,,"✓ Buffer 6s",
1790445530.997,marker,gnss,52.46745000,-1.48168800,346.60,true,,
1790445530.997,marker,reconciled,0.00000000,0.00000000,0.00,false,,
1790445531.045,hud,speed,,,,,"0.0 / 0.0",0.000
1790445531.045,hud,heading,,,,,"0° / 0°",0.000
1790445531.046,hud,drift,,,,,"0.00%",0.000
1790445531.046,hud,turns,,,,,"✗ turns: 0/15",
1790445531.046,hud,calib_s,,,,,"✓ Buffer 6s",
1790445531.047,marker,gnss,52.46745000,-1.48168800,346.60,true,,
1790445531.047,marker,reconciled,0.00000000,0.00000000,0.00,false,,
1790445531.097,hud,speed,,,,,"0.0 / 0.0",0.000
1790445531.097,hud,heading,,,,,"0° / 0°",0.000
1790445531.098,hud,drift,,,,,"0.00%",0.000
1790445531.098,hud,turns,,,,,"✗ turns: 0/15",
1790445531.098,hud,calib_s,,,,,"✓ Buffer 6s",
1790445531.099,marker,gnss,52.46745000,-1.48168800,346.60,true,,
1790445531.099,marker,reconciled,0.00000000,0.00000000,0.00,false,,
1790445531.151,hud,speed,,,,,"0.0 / 0.0",0.000
1790445531.151,hud,heading,,,,,"0° / 0°",0.000
1790445531.152,hud,drift,,,,,"0.00%",0.000
1790445531.152,hud,turns,,,,,"✗ turns: 0/15",
1790445531.152,hud,calib_s,,,,,"✓ Buffer 6s",
1790445531.152,marker,gnss,52.46745000,-1.48168800,346.60,true,,
1790445531.153,marker,reconciled,0.00000000,0.00000000,0.00,false,,
1790445531.202,hud,speed,,,,,"0.0 / 0.0",0.000
1790445531.202,hud,heading,,,,,"0° / 0°",0.000
1790445531.203,hud,drift,,,,,"0.00%",0.000
1790445531.203,hud,turns,,,,,"✗ turns: 0/15",
1790445531.203,hud,calib_s,,,,,"✓ Buffer 6s",
1790445531.204,marker,gnss,52.46745000,-1.48168800,346.60,true,,
1790445531.205,marker,reconciled,0.00000000,0.00000000,0.00,false,,
1790445531.253,hud,speed,,,,,"0.0 / 0.0",0.000
1790445531.253,hud,heading,,,,,"0° / 0°",0.000
1790445531.253,hud,drift,,,,,"0.00%",0.000
1790445531.254,hud,turns,,,,,"✗ turns: 0/15",
1790445531.254,hud,calib_s,,,,,"✓ Buffer 6s",
1790445531.255,marker,gnss,52.46745000,-1.48168800,346.60,true,,
1790445531.255,marker,reconciled,0.00000000,0.00000000,0.00,false,,
1790445531.308,hud,speed,,,,,"0.0 / 0.0",0.000
1790445531.309,hud,heading,,,,,"0° / 0°",0.000
1790445531.309,hud,drift,,,,,"0.00%",0.000
1790445531.309,hud,turns,,,,,"✗ turns: 0/15",
1790445531.310,hud,calib_s,,,,,"✓ Buffer 6s",
1790445531.310,marker,gnss,52.46745000,-1.48168800,346.60,true,,
1790445531.311,marker,reconciled,0.00000000,0.00000000,0.00,false,,
1790445531.358,hud,speed,,,,,"0.0 / 0.0",0.000
1790445531.359,hud,heading,,,,,"0° / 0°",0.000
1790445531.359,hud,drift,,,,,"0.00%",0.000
1790445531.359,hud,turns,,,,,"✗ turns: 0/15",
1790445531.359,hud,calib_s,,,,,"✓ Buffer 6s",
1790445531.360,marker,gnss,52.46745000,-1.48168800,346.60,true,,
1790445531.360,marker,reconciled,0.00000000,0.00000000,0.00,false,,
1790445531.408,hud,speed,,,,,"0.0 / 0.0",0.000
1790445531.408,hud,heading,,,,,"0° / 0°",0.000
1790445531.409,hud,drift,,,,,"0.00%",0.000
1790445531.409,hud,turns,,,,,"✗ turns: 0/15",
1790445531.409,hud,calib_s,,,,,"✓ Buffer 6s",
1790445531.409,marker,gnss,52.46745000,-1.48168800,346.60,true,,
1790445531.410,marker,reconciled,0.00000000,0.00000000,0.00,false,,
1790445531.463,hud,speed,,,,,"0.0 / 0.0",0.000
1790445531.464,hud,heading,,,,,"0° / 0°",0.000
1790445531.464,hud,drift,,,,,"0.00%",0.000
1790445531.465,hud,turns,,,,,"✗ turns: 0/15",
1790445531.465,hud,calib_s,,,,,"✓ Buffer 6s",
1790445531.465,marker,gnss,52.46745000,-1.48168800,346.60,true,,
1790445531.466,marker,reconciled,0.00000000,0.00000000,0.00,false,,
1790445531.513,hud,speed,,,,,"0.0 / 0.0",0.000
1790445531.514,hud,heading,,,,,"0° / 0°",0.000
1790445531.514,hud,drift,,,,,"0.00%",0.000
1790445531.514,hud,turns,,,,,"✗ turns: 0/15",
1790445531.515,hud,calib_s,,,,,"✓ Buffer 6s",
1790445531.515,marker,gnss,52.46745000,-1.48168800,346.60,true,,
1790445531.515,marker,reconciled,0.00000000,0.00000000,0.00,false,,
1790445531.564,hud,speed,,,,,"0.0 / 0.0",0.000
1790445531.564,hud,heading,,,,,"0° / 0°",0.000
1790445531.565,hud,drift,,,,,"0.00%",0.000
1790445531.565,hud,turns,,,,,"✗ turns: 0/15",
1790445531.565,hud,calib_s,,,,,"✓ Buffer 6s",
1790445531.566,marker,gnss,52.46745000,-1.48168800,346.60,true,,
1790445531.567,marker,reconciled,0.00000000,0.00000000,0.00,false,,
1790445531.615,hud,speed,,,,,"0.0 / 0.0",0.000
1790445531.615,hud,heading,,,,,"0° / 0°",0.000
1790445531.616,hud,drift,,,,,"0.00%",0.000
1790445531.616,hud,turns,,,,,"✗ turns: 0/15",
1790445531.616,hud,calib_s,,,,,"✓ Buffer 6s",
1790445531.617,marker,gnss,52.46745000,-1.48168800,346.60,true,,
1790445531.617,marker,reconciled,0.00000000,0.00000000,0.00,false,,
1790445531.665,hud,speed,,,,,"0.0 / 0.0",0.000
1790445531.666,hud,heading,,,,,"0° / 0°",0.000
1790445531.666,hud,drift,,,,,"0.00%",0.000
1790445531.667,hud,turns,,,,,"✗ turns: 0/15",
1790445531.667,hud,calib_s,,,,,"✓ Buffer 6s",
1790445531.668,marker,gnss,52.46745000,-1.48168800,346.60,true,,
1790445531.668,marker,reconciled,0.00000000,0.00000000,0.00,false,,
1790445531.718,hud,speed,,,,,"0.0 / 0.0",0.000
1790445531.719,hud,heading,,,,,"0° / 0°",0.000
1790445531.719,hud,drift,,,,,"0.00%",0.000
1790445531.719,hud,turns,,,,,"✗ turns: 0/15",
1790445531.719,hud,calib_s,,,,,"✓ Buffer 6s",
1790445531.720,marker,gnss,52.46745000,-1.48168800,346.60,true,,
1790445531.720,marker,reconciled,0.00000000,0.00000000,0.00,false,,
1790445531.773,hud,speed,,,,,"0.0 / 0.0",0.000
1790445531.774,hud,heading,,,,,"0° / 0°",0.000
1790445531.774,hud,drift,,,,,"0.00%",0.000
1790445531.775,hud,turns,,,,,"✗ turns: 0/15",
1790445531.775,hud,calib_s,,,,,"✓ Buffer 6s",
1790445531.775,marker,gnss,52.46745000,-1.48168800,346.60,true,,
1790445531.776,marker,reconciled,0.00000000,0.00000000,0.00,false,,
1790445531.825,hud,speed,,,,,"0.0 / 0.0",0.000
1790445531.826,hud,heading,,,,,"0° / 0°",0.000
1790445531.826,hud,drift,,,,,"0.00%",0.000
1790445531.827,hud,turns,,,,,"✗ turns: 0/15",
1790445531.827,hud,calib_s,,,,,"✓ Buffer 6s",
1790445531.828,marker,gnss,52.46745000,-1.48168800,346.60,true,,
1790445531.828,marker,reconciled,0.00000000,0.00000000,0.00,false,,
1790445531.868,hud,speed,,,,,"0.0 / 0.0",0.000
1790445531.869,hud,heading,,,,,"0° / 0°",0.000
1790445531.869,hud,drift,,,,,"0.00%",0.000
1790445531.869,hud,turns,,,,,"✗ turns: 0/15",
1790445531.869,hud,calib_s,,,,,"✓ Buffer 6s",
1790445531.870,marker,gnss,52.46745000,-1.48168800,346.60,true,,
1790445531.870,marker,reconciled,0.00000000,0.00000000,0.00,false,,
1790445531.920,hud,speed,,,,,"0.0 / 0.0",0.000
1790445531.921,hud,heading,,,,,"0° / 0°",0.000
1790445531.921,hud,drift,,,,,"0.00%",0.000
1790445531.921,hud,turns,,,,,"✗ turns: 0/15",
1790445531.921,hud,calib_s,,,,,"✓ Buffer 6s",
1790445531.921,marker,gnss,52.46745000,-1.48168800,346.60,true,,
1790445531.922,marker,reconciled,0.00000000,0.00000000,0.00,false,,
1790445531.978,hud,speed,,,,,"0.0 / 0.0",0.000
1790445531.979,hud,heading,,,,,"0° / 0°",0.000
1790445531.979,hud,drift,,,,,"0.00%",0.000
1790445531.979,hud,turns,,,,,"✗ turns: 0/15",
1790445531.979,hud,calib_s,,,,,"✓ Buffer 6s",
1790445531.980,marker,gnss,52.46745000,-1.48168800,346.60,true,,
1790445531.980,marker,reconciled,0.00000000,0.00000000,0.00,false,,
1790445532.025,hud,speed,,,,,"0.0 / 0.0",0.000
1790445532.026,hud,heading,,,,,"0° / 0°",0.000
1790445532.026,hud,drift,,,,,"0.00%",0.000
1790445532.027,hud,turns,,,,,"✗ turns: 0/15",
1790445532.027,hud,calib_s,,,,,"✓ Buffer 6s",
1790445532.027,marker,gnss,52.46745000,-1.48168800,346.60,true,,
1790445532.028,marker,reconciled,0.00000000,0.00000000,0.00,false,,
1790445532.077,hud,speed,,,,,"0.0 / 0.0",0.000
1790445532.077,hud,heading,,,,,"0° / 0°",0.000
1790445532.078,hud,drift,,,,,"0.00%",0.000
1790445532.079,hud,turns,,,,,"✗ turns: 0/15",
1790445532.079,hud,calib_s,,,,,"✓ Buffer 6s",
1790445532.080,marker,gnss,52.46745000,-1.48168800,346.60,true,,
1790445532.080,marker,reconciled,0.00000000,0.00000000,0.00,false,,
1790445532.126,hud,speed,,,,,"0.0 / 0.0",0.000
1790445532.127,hud,heading,,,,,"0° / 0°",0.000
1790445532.127,hud,drift,,,,,"0.00%",0.000
1790445532.127,hud,turns,,,,,"✗ turns: 0/15",
1790445532.127,hud,calib_s,,,,,"✓ Buffer 6s",
1790445532.128,marker,gnss,52.46745000,-1.48168800,346.60,true,,
1790445532.128,marker,reconciled,0.00000000,0.00000000,0.00,false,,
1790445532.177,hud,speed,,,,,"0.0 / 0.0",0.000
1790445532.178,hud,heading,,,,,"0° / 0°",0.000
1790445532.178,hud,drift,,,,,"0.00%",0.000
1790445532.179,hud,turns,,,,,"✗ turns: 0/15",
1790445532.179,hud,calib_s,,,,,"✓ Buffer 6s",
1790445532.179,marker,gnss,52.46745000,-1.48168800,346.60,true,,
1790445532.180,marker,reconciled,0.00000000,0.00000000,0.00,false,,
1790445532.230,hud,speed,,,,,"0.0 / 0.0",0.000
1790445532.230,hud,heading,,,,,"0° / 0°",0.000
1790445532.231,hud,drift,,,,,"0.00%",0.000
1790445532.231,hud,turns,,,,,"✗ turns: 0/15",
1790445532.231,hud,calib_s,,,,,"✓ Buffer 6s",
1790445532.232,marker,gnss,52.46745000,-1.48168800,346.60,true,,
1790445532.232,marker,reconciled,0.00000000,0.00000000,0.00,false,,
1790445532.283,hud,speed,,,,,"0.0 / 0.0",0.000
1790445532.283,hud,heading,,,,,"0° / 0°",0.000
1790445532.284,hud,drift,,,,,"0.00%",0.000
1790445532.284,hud,turns,,,,,"✗ turns: 0/15",
1790445532.284,hud,calib_s,,,,,"✓ Buffer 6s",
1790445532.284,marker,gnss,52.46745000,-1.48168800,346.60,true,,
1790445532.285,marker,reconciled,0.00000000,0.00000000,0.00,false,,
1790445532.335,hud,speed,,,,,"0.0 / 0.0",0.000
1790445532.335,hud,heading,,,,,"0° / 0°",0.000
1790445532.335,hud,drift,,,,,"0.00%",0.000
1790445532.336,hud,turns,,,,,"✗ turns: 1/15",
1790445532.336,hud,calib_s,,,,,"✓ Buffer 6s",
1790445532.336,marker,gnss,52.46837000,-1.48133000,343.00,true,,
1790445532.337,marker,reconciled,0.00000000,0.00000000,0.00,false,,
1790445532.387,hud,speed,,,,,"0.0 / 0.0",0.000
1790445532.387,hud,heading,,,,,"0° / 0°",0.000
1790445532.388,hud,drift,,,,,"0.00%",0.000
1790445532.388,hud,turns,,,,,"✗ turns: 1/15",
1790445532.388,hud,calib_s,,,,,"✓ Buffer 6s",
1790445532.389,marker,gnss,52.46837000,-1.48133000,343.00,true,,
1790445532.389,marker,reconciled,0.00000000,0.00000000,0.00,false,,
1790445532.435,hud,speed,,,,,"0.0 / 0.0",0.000
1790445532.436,hud,heading,,,,,"0° / 0°",0.000
1790445532.436,hud,drift,,,,,"0.00%",0.000
1790445532.436,hud,turns,,,,,"✗ turns: 1/15",
1790445532.437,hud,calib_s,,,,,"✓ Buffer 6s",
1790445532.437,marker,gnss,52.46837000,-1.48133000,343.00,true,,
1790445532.438,marker,reconciled,0.00000000,0.00000000,0.00,false,,
1790445532.485,hud,speed,,,,,"0.0 / 0.0",0.000
1790445532.485,hud,heading,,,,,"0° / 0°",0.000
1790445532.486,hud,drift,,,,,"0.00%",0.000
1790445532.486,hud,turns,,,,,"✗ turns: 1/15",
1790445532.487,hud,calib_s,,,,,"✓ Buffer 6s",
1790445532.487,marker,gnss,52.46837000,-1.48133000,343.00,true,,
1790445532.488,marker,reconciled,0.00000000,0.00000000,0.00,false,,
1790445532.533,hud,speed,,,,,"0.0 / 0.0",0.000
1790445532.534,hud,heading,,,,,"0° / 0°",0.000
1790445532.534,hud,drift,,,,,"0.00%",0.000
1790445532.534,hud,turns,,,,,"✗ turns: 1/15",
1790445532.535,hud,calib_s,,,,,"✓ Buffer 6s",
1790445532.535,marker,gnss,52.46837000,-1.48133000,343.00,true,,
1790445532.535,marker,reconciled,0.00000000,0.00000000,0.00,false,,
1790445532.588,hud,speed,,,,,"0.0 / 0.0",0.000
1790445532.588,hud,heading,,,,,"0° / 0°",0.000
1790445532.588,hud,drift,,,,,"0.00%",0.000
1790445532.589,hud,turns,,,,,"✗ turns: 1/15",
1790445532.589,hud,calib_s,,,,,"✓ Buffer 6s",
1790445532.589,marker,gnss,52.46837000,-1.48133000,343.00,true,,
1790445532.590,marker,reconciled,0.00000000,0.00000000,0.00,false,,
1790445532.637,hud,speed,,,,,"0.0 / 0.0",0.000
1790445532.638,hud,heading,,,,,"0° / 0°",0.000
1790445532.638,hud,drift,,,,,"0.00%",0.000
1790445532.639,hud,turns,,,,,"✗ turns: 1/15",
1790445532.639,hud,calib_s,,,,,"✓ Buffer 6s",
1790445532.640,marker,gnss,52.46837000,-1.48133000,343.00,true,,
1790445532.640,marker,reconciled,0.00000000,0.00000000,0.00,false,,
1790445532.689,hud,speed,,,,,"0.0 / 0.0",0.000
1790445532.689,hud,heading,,,,,"0° / 0°",0.000
1790445532.690,hud,drift,,,,,"0.00%",0.000
1790445532.690,hud,turns,,,,,"✗ turns: 1/15",
1790445532.691,hud,calib_s,,,,,"✓ Buffer 6s",
1790445532.691,marker,gnss,52.46837000,-1.48133000,343.00,true,,
1790445532.692,marker,reconciled,0.00000000,0.00000000,0.00,false,,
1790445532.744,hud,speed,,,,,"0.0 / 0.0",0.000
1790445532.744,hud,heading,,,,,"0° / 0°",0.000
1790445532.745,hud,drift,,,,,"0.00%",0.000
1790445532.745,hud,turns,,,,,"✗ turns: 1/15",
1790445532.745,hud,calib_s,,,,,"✓ Buffer 6s",
1790445532.746,marker,gnss,52.46837000,-1.48133000,343.00,true,,
1790445532.747,marker,reconciled,0.00000000,0.00000000,0.00,false,,
1790445532.792,hud,speed,,,,,"0.0 / 0.0",0.000
1790445532.792,hud,heading,,,,,"0° / 0°",0.000
1790445532.792,hud,drift,,,,,"0.00%",0.000
1790445532.793,hud,turns,,,,,"✗ turns: 1/15",
1790445532.793,hud,calib_s,,,,,"✓ Buffer 6s",
1790445532.793,marker,gnss,52.46837000,-1.48133000,343.00,true,,
1790445532.794,marker,reconciled,0.00000000,0.00000000,0.00,false,,
1790445532.842,hud,speed,,,,,"0.0 / 0.0",0.000
1790445532.843,hud,heading,,,,,"0° / 0°",0.000
1790445532.843,hud,drift,,,,,"0.00%",0.000
1790445532.843,hud,turns,,,,,"✗ turns: 1/15",
1790445532.843,hud,calib_s,,,,,"✓ Buffer 6s",
1790445532.844,marker,gnss,52.46837000,-1.48133000,343.00,true,,
1790445532.844,marker,reconciled,0.00000000,0.00000000,0.00,false,,
1790445532.895,hud,speed,,,,,"0.0 / 0.0",0.000
1790445532.896,hud,heading,,,,,"0° / 0°",0.000
1790445532.896,hud,drift,,,,,"0.00%",0.000
1790445532.897,hud,turns,,,,,"✗ turns: 1/15",
1790445532.897,hud,calib_s,,,,,"✓ Buffer 6s",
1790445532.898,marker,gnss,52.46837000,-1.48133000,343.00,true,,
1790445532.898,marker,reconciled,0.00000000,0.00000000,0.00,false,,
1790445532.943,hud,speed,,,,,"0.0 / 0.0",0.000
1790445532.944,hud,heading,,,,,"0° / 0°",0.000
1790445532.944,hud,drift,,,,,"0.00%",0.000
1790445532.944,hud,turns,,,,,"✗ turns: 1/15",
1790445532.944,hud,calib_s,,,,,"✓ Buffer 6s",
1790445532.945,marker,gnss,52.46837000,-1.48133000,343.00,true,,
1790445532.945,marker,reconciled,0.00000000,0.00000000,0.00,false,,
1790445532.993,hud,speed,,,,,"0.0 / 0.0",0.000
1790445532.994,hud,heading,,,,,"0° / 0°",0.000
1790445532.994,hud,drift,,,,,"0.00%",0.000
1790445532.994,hud,turns,,,,,"✗ turns: 1/15",
1790445532.995,hud,calib_s,,,,,"✓ Buffer 6s",
1790445532.995,marker,gnss,52.46837000,-1.48133000,343.00,true,,
1790445532.995,marker,reconciled,0.00000000,0.00000000,0.00,false,,
1790445533.046,hud,speed,,,,,"0.0 / 0.0",0.000
1790445533.047,hud,heading,,,,,"0° / 0°",0.000
1790445533.047,hud,drift,,,,,"0.00%",0.000
1790445533.047,hud,turns,,,,,"✗ turns: 1/15",
1790445533.047,hud,calib_s,,,,,"✓ Buffer 6s",
1790445533.048,marker,gnss,52.46837000,-1.48133000,343.00,true,,
1790445533.048,marker,reconciled,0.00000000,0.00000000,0.00,false,,
1790445533.098,hud,speed,,,,,"0.0 / 0.0",0.000
1790445533.098,hud,heading,,,,,"0° / 0°",0.000
1790445533.099,hud,drift,,,,,"0.00%",0.000
1790445533.099,hud,turns,,,,,"✗ turns: 1/15",
1790445533.099,hud,calib_s,,,,,"✓ Buffer 6s",
1790445533.100,marker,gnss,52.46837000,-1.48133000,343.00,true,,
1790445533.100,marker,reconciled,0.00000000,0.00000000,0.00,false,,
1790445533.150,hud,speed,,,,,"0.0 / 0.0",0.000
1790445533.150,hud,heading,,,,,"0° / 0°",0.000
1790445533.151,hud,drift,,,,,"0.00%",0.000
1790445533.151,hud,turns,,,,,"✗ turns: 1/15",
1790445533.151,hud,calib_s,,,,,"✓ Buffer 6s",
1790445533.152,marker,gnss,52.46837000,-1.48133000,343.00,true,,
1790445533.152,marker,reconciled,0.00000000,0.00000000,0.00,false,,
1790445533.199,hud,speed,,,,,"0.0 / 0.0",0.000
1790445533.200,hud,heading,,,,,"0° / 0°",0.000
1790445533.200,hud,drift,,,,,"0.00%",0.000
1790445533.200,hud,turns,,,,,"✗ turns: 1/15",
1790445533.201,hud,calib_s,,,,,"✓ Buffer 6s",
1790445533.201,marker,gnss,52.46837000,-1.48133000,343.00,true,,
1790445533.201,marker,reconciled,0.00000000,0.00000000,0.00,false,,
1790445533.251,hud,speed,,,,,"0.0 / 0.0",0.000
1790445533.252,hud,heading,,,,,"0° / 0°",0.000
1790445533.252,hud,drift,,,,,"0.00%",0.000
1790445533.252,hud,turns,,,,,"✗ turns: 1/15",
1790445533.252,hud,calib_s,,,,,"✓ Buffer 6s",
1790445533.253,marker,gnss,52.46837000,-1.48133000,343.00,true,,
1790445533.253,marker,reconciled,0.00000000,0.00000000,0.00,false,,
1790445533.300,hud,speed,,,,,"0.0 / 0.0",0.000
1790445533.301,hud,heading,,,,,"0° / 0°",0.000
1790445533.301,hud,drift,,,,,"0.00%",0.000
1790445533.301,hud,turns,,,,,"✗ turns: 1/15",
1790445533.301,hud,calib_s,,,,,"✓ Buffer 6s",
1790445533.302,marker,gnss,52.46837000,-1.48133000,343.00,true,,
1790445533.302,marker,reconciled,0.00000000,0.00000000,0.00,false,,
1790445533.356,hud,speed,,,,,"0.0 / 0.0",0.000
1790445533.357,hud,heading,,,,,"0° / 0°",0.000
1790445533.357,hud,drift,,,,,"0.00%",0.000
1790445533.357,hud,turns,,,,,"✗ turns: 1/15",
1790445533.357,hud,calib_s,,,,,"✓ Buffer 6s",
1790445533.358,marker,gnss,52.46837000,-1.48133000,343.00,true,,
1790445533.358,marker,reconciled,0.00000000,0.00000000,0.00,false,,
1790445533.406,hud,speed,,,,,"0.0 / 0.0",0.000
1790445533.407,hud,heading,,,,,"0° / 0°",0.000
1790445533.407,hud,drift,,,,,"0.00%",0.000
1790445533.408,hud,turns,,,,,"✗ turns: 1/15",
1790445533.408,hud,calib_s,,,,,"✓ Buffer 6s",
1790445533.408,marker,gnss,52.46837000,-1.48133000,343.00,true,,
1790445533.409,marker,reconciled,0.00000000,0.00000000,0.00,false,,
1790445533.456,hud,speed,,,,,"0.0 / 0.0",0.000
1790445533.456,hud,heading,,,,,"0° / 0°",0.000
1790445533.457,hud,drift,,,,,"0.00%",0.000
1790445533.457,hud,turns,,,,,"✗ turns: 1/15",
1790445533.457,hud,calib_s,,,,,"✓ Buffer 6s",
1790445533.458,marker,gnss,52.46837000,-1.48133000,343.00,true,,
1790445533.459,marker,reconciled,0.00000000,0.00000000,0.00,false,,
1790445533.509,hud,speed,,,,,"0.0 / 0.0",0.000
1790445533.509,hud,heading,,,,,"0° / 0°",0.000
1790445533.510,hud,drift,,,,,"0.00%",0.000
1790445533.510,hud,turns,,,,,"✗ turns: 1/15",
1790445533.510,hud,calib_s,,,,,"✓ Buffer 6s",
1790445533.511,marker,gnss,52.46837000,-1.48133000,343.00,true,,
1790445533.511,marker,reconciled,0.00000000,0.00000000,0.00,false,,
1790445533.558,hud,speed,,,,,"0.0 / 0.0",0.000
1790445533.559,hud,heading,,,,,"0° / 0°",0.000
1790445533.559,hud,drift,,,,,"0.00%",0.000
1790445533.559,hud,turns,,,,,"✗ turns: 1/15",
1790445533.560,hud,calib_s,,,,,"✓ Buffer 6s",
1790445533.560,marker,gnss,52.46837000,-1.48133000,343.00,true,,
1790445533.561,marker,reconciled,0.00000000,0.00000000,0.00,false,,
1790445533.613,hud,speed,,,,,"0.0 / 0.0",0.000
1790445533.614,hud,heading,,,,,"0° / 0°",0.000
1790445533.614,hud,drift,,,,,"0.00%",0.000
1790445533.615,hud,turns,,,,,"✗ turns: 1/15",
1790445533.615,hud,calib_s,,,,,"✓ Buffer 6s",
1790445533.615,marker,gnss,52.46837000,-1.48133000,343.00,true,,
1790445533.616,marker,reconciled,0.00000000,0.00000000,0.00,false,,
1790445533.661,hud,speed,,,,,"0.0 / 0.0",0.000
1790445533.662,hud,heading,,,,,"0° / 0°",0.000
1790445533.662,hud,drift,,,,,"0.00%",0.000
1790445533.663,hud,turns,,,,,"✗ turns: 1/15",
1790445533.663,hud,calib_s,,,,,"✓ Buffer 6s",
1790445533.664,marker,gnss,52.46837000,-1.48133000,343.00,true,,
1790445533.664,marker,reconciled,0.00000000,0.00000000,0.00,false,,
1790445533.714,hud,speed,,,,,"0.0 / 0.0",0.000
1790445533.715,hud,heading,,,,,"0° / 0°",0.000
1790445533.715,hud,drift,,,,,"0.00%",0.000
1790445533.715,hud,turns,,,,,"✗ turns: 1/15",
1790445533.715,hud,calib_s,,,,,"✓ Buffer 6s",
1790445533.716,marker,gnss,52.46837000,-1.48133000,343.00,true,,
1790445533.716,marker,reconciled,0.00000000,0.00000000,0.00,false,,
1790445533.765,hud,speed,,,,,"0.0 / 0.0",0.000
1790445533.766,hud,heading,,,,,"0° / 0°",0.000
1790445533.766,hud,drift,,,,,"0.00%",0.000
1790445533.767,hud,turns,,,,,"✗ turns: 1/15",
1790445533.767,hud,calib_s,,,,,"✓ Buffer 6s",
1790445533.767,marker,gnss,52.46837000,-1.48133000,343.00,true,,
1790445533.768,marker,reconciled,0.00000000,0.00000000,0.00,false,,
1790445533.815,hud,speed,,,,,"0.0 / 0.0",0.000
1790445533.815,hud,heading,,,,,"0° / 0°",0.000
1790445533.816,hud,drift,,,,,"0.00%",0.000
1790445533.816,hud,turns,,,,,"✗ turns: 1/15",
1790445533.816,hud,calib_s,,,,,"✓ Buffer 6s",
1790445533.817,marker,gnss,52.46837000,-1.48133000,343.00,true,,
1790445533.817,marker,reconciled,0.00000000,0.00000000,0.00,false,,
1790445533.866,hud,speed,,,,,"0.0 / 0.0",0.000
1790445533.867,hud,heading,,,,,"0° / 0°",0.000
1790445533.867,hud,drift,,,,,"0.00%",0.000
1790445533.867,hud,turns,,,,,"✗ turns: 1/15",
1790445533.868,hud,calib_s,,,,,"✓ Buffer 6s",
1790445533.868,marker,gnss,52.46837000,-1.48133000,343.00,true,,
1790445533.868,marker,reconciled,0.00000000,0.00000000,0.00,false,,
1790445533.913,hud,speed,,,,,"0.0 / 0.0",0.000
1790445533.913,hud,heading,,,,,"0° / 0°",0.000
1790445533.913,hud,drift,,,,,"0.00%",0.000
1790445533.913,hud,turns,,,,,"✗ turns: 1/15",
1790445533.914,hud,calib_s,,,,,"✓ Buffer 6s",
1790445533.914,marker,gnss,52.46837000,-1.48133000,343.00,true,,
1790445533.914,marker,reconciled,0.00000000,0.00000000,0.00,false,,
1790445533.970,hud,speed,,,,,"0.0 / 0.0",0.000
1790445533.970,hud,heading,,,,,"0° / 0°",0.000
1790445533.971,hud,drift,,,,,"0.00%",0.000
1790445533.971,hud,turns,,,,,"✗ turns: 1/15",
1790445533.971,hud,calib_s,,,,,"✓ Buffer 6s",
1790445533.972,marker,gnss,52.46837000,-1.48133000,343.00,true,,
1790445533.972,marker,reconciled,0.00000000,0.00000000,0.00,false,,
1790445534.024,hud,speed,,,,,"0.0 / 0.0",0.000
1790445534.025,hud,heading,,,,,"0° / 0°",0.000
1790445534.025,hud,drift,,,,,"0.00%",0.000
1790445534.025,hud,turns,,,,,"✗ turns: 1/15",
1790445534.026,hud,calib_s,,,,,"✓ Buffer 6s",
1790445534.026,marker,gnss,52.46837000,-1.48133000,343.00,true,,
1790445534.027,marker,reconciled,0.00000000,0.00000000,0.00,false,,
1790445534.070,hud,speed,,,,,"0.0 / 0.0",0.000
1790445534.070,hud,heading,,,,,"0° / 0°",0.000
1790445534.071,hud,drift,,,,,"0.00%",0.000
1790445534.071,hud,turns,,,,,"✗ turns: 1/15",
1790445534.071,hud,calib_s,,,,,"✓ Buffer 6s",
1790445534.072,marker,gnss,52.46837000,-1.48133000,343.00,true,,
1790445534.072,marker,reconciled,0.00000000,0.00000000,0.00,false,,
1790445534.124,hud,speed,,,,,"0.0 / 0.0",0.000
1790445534.124,hud,heading,,,,,"0° / 0°",0.000
1790445534.124,hud,drift,,,,,"0.00%",0.000
1790445534.125,hud,turns,,,,,"✗ turns: 1/15",
1790445534.125,hud,calib_s,,,,,"✓ Buffer 6s",
1790445534.125,marker,gnss,52.46837000,-1.48133000,343.00,true,,
1790445534.126,marker,reconciled,0.00000000,0.00000000,0.00,false,,
1790445534.174,hud,speed,,,,,"0.0 / 0.0",0.000
1790445534.175,hud,heading,,,,,"0° / 0°",0.000
1790445534.175,hud,drift,,,,,"0.00%",0.000
1790445534.176,hud,turns,,,,,"✗ turns: 1/15",
1790445534.176,hud,calib_s,,,,,"✓ Buffer 6s",
1790445534.177,marker,gnss,52.46837000,-1.48133000,343.00,true,,
1790445534.177,marker,reconciled,0.00000000,0.00000000,0.00,false,,
1790445534.225,hud,speed,,,,,"0.0 / 0.0",0.000
1790445534.226,hud,heading,,,,,"0° / 0°",0.000
1790445534.226,hud,drift,,,,,"0.00%",0.000
1790445534.226,hud,turns,,,,,"✗ turns: 1/15",
1790445534.227,hud,calib_s,,,,,"✓ Buffer 6s",
1790445534.227,marker,gnss,52.46837000,-1.48133000,343.00,true,,
1790445534.227,marker,reconciled,0.00000000,0.00000000,0.00,false,,
1790445534.278,hud,speed,,,,,"0.0 / 0.0",0.000
1790445534.278,hud,heading,,,,,"0° / 0°",0.000
1790445534.279,hud,drift,,,,,"0.00%",0.000
1790445534.279,hud,turns,,,,,"✗ turns: 1/15",
1790445534.279,hud,calib_s,,,,,"✓ Buffer 6s",
1790445534.280,marker,gnss,52.46837000,-1.48133000,343.00,true,,
1790445534.280,marker,reconciled,0.00000000,0.00000000,0.00,false,,
1790445534.325,hud,speed,,,,,"0.0 / 0.0",0.000
1790445534.326,hud,heading,,,,,"0° / 0°",0.000
1790445534.326,hud,drift,,,,,"0.00%",0.000
1790445534.327,hud,turns,,,,,"✗ turns: 1/15",
1790445534.327,hud,calib_s,,,,,"✓ Buffer 6s",
1790445534.328,marker,gnss,52.46837000,-1.48133000,343.00,true,,
1790445534.328,marker,reconciled,0.00000000,0.00000000,0.00,false,,
1790445534.379,hud,speed,,,,,"0.0 / 0.0",0.000
1790445534.380,hud,heading,,,,,"0° / 0°",0.000
1790445534.380,hud,drift,,,,,"0.00%",0.000
1790445534.380,hud,turns,,,,,"✗ turns: 1/15",
1790445534.380,hud,calib_s,,,,,"✓ Buffer 6s",
1790445534.381,marker,gnss,52.46837000,-1.48133000,343.00,true,,
1790445534.381,marker,reconciled,0.00000000,0.00000000,0.00,false,,
1790445534.431,hud,speed,,,,,"0.0 / 0.0",0.000
1790445534.432,hud,heading,,,,,"0° / 0°",0.000
1790445534.432,hud,drift,,,,,"0.00%",0.000
1790445534.432,hud,turns,,,,,"✗ turns: 1/15",
1790445534.433,hud,calib_s,,,,,"✓ Buffer 6s",
1790445534.433,marker,gnss,52.46837000,-1.48133000,343.00,true,,
1790445534.434,marker,reconciled,0.00000000,0.00000000,0.00,false,,
1790445534.480,hud,speed,,,,,"0.0 / 0.0",0.000
1790445534.481,hud,heading,,,,,"0° / 0°",0.000
1790445534.481,hud,drift,,,,,"0.00%",0.000
1790445534.481,hud,turns,,,,,"✗ turns: 1/15",
1790445534.481,hud,calib_s,,,,,"✓ Buffer 6s",
1790445534.482,marker,gnss,52.46837000,-1.48133000,343.00,true,,
1790445534.482,marker,reconciled,0.00000000,0.00000000,0.00,false,,
1790445534.533,hud,speed,,,,,"0.0 / 0.0",0.000
1790445534.533,hud,heading,,,,,"0° / 0°",0.000
1790445534.533,hud,drift,,,,,"0.00%",0.000
1790445534.534,hud,turns,,,,,"✗ turns: 1/15",
1790445534.534,hud,calib_s,,,,,"✓ Buffer 6s",
1790445534.535,marker,gnss,52.46837000,-1.48133000,343.00,true,,
1790445534.535,marker,reconciled,0.00000000,0.00000000,0.00,false,,
1790445534.583,hud,speed,,,,,"0.0 / 0.0",0.000
1790445534.583,hud,heading,,,,,"0° / 0°",0.000
1790445534.584,hud,drift,,,,,"0.00%",0.000
1790445534.584,hud,turns,,,,,"✗ turns: 1/15",
1790445534.584,hud,calib_s,,,,,"✓ Buffer 6s",
1790445534.585,marker,gnss,52.46837000,-1.48133000,343.00,true,,
1790445534.585,marker,reconciled,0.00000000,0.00000000,0.00,false,,
1790445534.637,hud,speed,,,,,"0.0 / 0.0",0.000
1790445534.638,hud,heading,,,,,"0° / 0°",0.000
1790445534.638,hud,drift,,,,,"0.00%",0.000
1790445534.638,hud,turns,,,,,"✗ turns: 1/15",
1790445534.639,hud,calib_s,,,,,"✓ Buffer 6s",
1790445534.640,marker,gnss,52.46837000,-1.48133000,343.00,true,,
1790445534.640,marker,reconciled,0.00000000,0.00000000,0.00,false,,
1790445534.683,hud,speed,,,,,"0.0 / 0.0",0.000
1790445534.684,hud,heading,,,,,"0° / 0°",0.000
1790445534.684,hud,drift,,,,,"0.00%",0.000
1790445534.684,hud,turns,,,,,"✗ turns: 1/15",
1790445534.684,hud,calib_s,,,,,"✓ Buffer 6s",
1790445534.685,marker,gnss,52.46837000,-1.48133000,343.00,true,,
1790445534.685,marker,reconciled,0.00000000,0.00000000,0.00,false,,
1790445534.733,hud,speed,,,,,"0.0 / 0.0",0.000
1790445534.733,hud,heading,,,,,"0° / 0°",0.000
1790445534.734,hud,drift,,,,,"0.00%",0.000
1790445534.734,hud,turns,,,,,"✗ turns: 1/15",
1790445534.734,hud,calib_s,,,,,"✓ Buffer 6s",
1790445534.735,marker,gnss,52.46837000,-1.48133000,343.00,true,,
1790445534.735,marker,reconciled,0.00000000,0.00000000,0.00,false,,
1790445534.790,hud,speed,,,,,"0.0 / 0.0",0.000
1790445534.790,hud,heading,,,,,"0° / 0°",0.000
1790445534.791,hud,drift,,,,,"0.00%",0.000
1790445534.791,hud,turns,,,,,"✗ turns: 1/15",
1790445534.791,hud,calib_s,,,,,"✓ Buffer 6s",
1790445534.792,marker,gnss,52.46837000,-1.48133000,343.00,true,,
1790445534.792,marker,reconciled,0.00000000,0.00000000,0.00,false,,
1790445534.840,hud,speed,,,,,"0.0 / 0.0",0.000
1790445534.840,hud,heading,,,,,"0° / 0°",0.000
1790445534.841,hud,drift,,,,,"0.00%",0.000
1790445534.841,hud,turns,,,,,"✗ turns: 1/15",
1790445534.841,hud,calib_s,,,,,"✓ Buffer 6s",
1790445534.842,marker,gnss,52.46837000,-1.48133000,343.00,true,,
1790445534.842,marker,reconciled,0.00000000,0.00000000,0.00,false,,
1790445534.890,hud,speed,,,,,"0.0 / 0.0",0.000
1790445534.891,hud,heading,,,,,"0° / 0°",0.000
1790445534.891,hud,drift,,,,,"0.00%",0.000
1790445534.892,hud,turns,,,,,"✗ turns: 1/15",
1790445534.892,hud,calib_s,,,,,"✓ Buffer 6s",
1790445534.892,marker,gnss,52.46837000,-1.48133000,343.00,true,,
1790445534.893,marker,reconciled,0.00000000,0.00000000,0.00,false,,
1790445534.939,hud,speed,,,,,"0.0 / 0.0",0.000
1790445534.940,hud,heading,,,,,"0° / 0°",0.000
1790445534.940,hud,drift,,,,,"0.00%",0.000
1790445534.940,hud,turns,,,,,"✗ turns: 1/15",
1790445534.941,hud,calib_s,,,,,"✓ Buffer 6s",
1790445534.941,marker,gnss,52.46837000,-1.48133000,343.00,true,,
1790445534.942,marker,reconciled,0.00000000,0.00000000,0.00,false,,
1790445534.992,hud,speed,,,,,"0.0 / 0.0",0.000
1790445534.993,hud,heading,,,,,"0° / 0°",0.000
1790445534.993,hud,drift,,,,,"0.00%",0.000
1790445534.993,hud,turns,,,,,"✗ turns: 1/15",
1790445534.993,hud,calib_s,,,,,"✓ Buffer 6s",
1790445534.994,marker,gnss,52.46837000,-1.48133000,343.00,true,,
1790445534.995,marker,reconciled,0.00000000,0.00000000,0.00,false,,
1790445535.043,hud,speed,,,,,"0.0 / 0.0",0.000
1790445535.044,hud,heading,,,,,"0° / 0°",0.000
1790445535.045,hud,drift,,,,,"0.00%",0.000
1790445535.045,hud,turns,,,,,"✗ turns: 1/15",
1790445535.045,hud,calib_s,,,,,"✓ Buffer 6s",
1790445535.046,marker,gnss,52.46837000,-1.48133000,343.00,true,,
1790445535.046,marker,reconciled,0.00000000,0.00000000,0.00,false,,
1790445535.092,hud,speed,,,,,"0.0 / 0.0",0.000
1790445535.093,hud,heading,,,,,"0° / 0°",0.000
1790445535.093,hud,drift,,,,,"0.00%",0.000
1790445535.093,hud,turns,,,,,"✗ turns: 1/15",
1790445535.093,hud,calib_s,,,,,"✓ Buffer 6s",
1790445535.093,marker,gnss,52.46837000,-1.48133000,343.00,true,,
1790445535.094,marker,reconciled,0.00000000,0.00000000,0.00,false,,
1790445535.148,hud,speed,,,,,"0.0 / 0.0",0.000
1790445535.148,hud,heading,,,,,"0° / 0°",0.000
1790445535.148,hud,drift,,,,,"0.00%",0.000
1790445535.149,hud,turns,,,,,"✗ turns: 1/15",
1790445535.149,hud,calib_s,,,,,"✓ Buffer 6s",
1790445535.149,marker,gnss,52.46837000,-1.48133000,343.00,true,,
1790445535.150,marker,reconciled,0.00000000,0.00000000,0.00,false,,
1790445535.200,hud,speed,,,,,"0.0 / 0.0",0.000
1790445535.201,hud,heading,,,,,"0° / 0°",0.000
1790445535.201,hud,drift,,,,,"0.00%",0.000
1790445535.202,hud,turns,,,,,"✗ turns: 1/15",
1790445535.202,hud,calib_s,,,,,"✓ Buffer 6s",
1790445535.203,marker,gnss,52.46837000,-1.48133000,343.00,true,,
1790445535.203,marker,reconciled,0.00000000,0.00000000,0.00,false,,
1790445535.248,hud,speed,,,,,"0.0 / 0.0",0.000
1790445535.248,hud,heading,,,,,"0° / 0°",0.000
1790445535.248,hud,drift,,,,,"0.00%",0.000
1790445535.249,hud,turns,,,,,"✗ turns: 1/15",
1790445535.249,hud,calib_s,,,,,"✓ Buffer 6s",
1790445535.249,marker,gnss,52.46837000,-1.48133000,343.00,true,,
1790445535.250,marker,reconciled,0.00000000,0.00000000,0.00,false,,
1790445535.301,hud,speed,,,,,"0.0 / 0.0",0.000
1790445535.301,hud,heading,,,,,"0° / 0°",0.000
1790445535.301,hud,drift,,,,,"0.00%",0.000
1790445535.302,hud,turns,,,,,"✗ turns: 1/15",
1790445535.302,hud,calib_s,,,,,"✓ Buffer 6s",
1790445535.303,marker,gnss,52.46837000,-1.48133000,343.00,true,,
1790445535.303,marker,reconciled,0.00000000,0.00000000,0.00,false,,
1790445535.350,hud,speed,,,,,"0.0 / 0.0",0.000
1790445535.351,hud,heading,,,,,"0° / 0°",0.000
1790445535.351,hud,drift,,,,,"0.00%",0.000
1790445535.351,hud,turns,,,,,"✗ turns: 1/15",
1790445535.352,hud,calib_s,,,,,"✓ Buffer 6s",
1790445535.352,marker,gnss,52.46837000,-1.48133000,343.00,true,,
1790445535.352,marker,reconciled,0.00000000,0.00000000,0.00,false,,
1790445535.405,hud,speed,,,,,"0.0 / 0.0",0.000
1790445535.405,hud,heading,,,,,"0° / 0°",0.000
1790445535.406,hud,drift,,,,,"0.00%",0.000
1790445535.406,hud,turns,,,,,"✗ turns: 1/15",
1790445535.406,hud,calib_s,,,,,"✓ Buffer 6s",
1790445535.407,marker,gnss,52.46837000,-1.48133000,343.00,true,,
1790445535.407,marker,reconciled,0.00000000,0.00000000,0.00,false,,
1790445535.454,hud,speed,,,,,"0.0 / 0.0",0.000
1790445535.455,hud,heading,,,,,"0° / 0°",0.000
1790445535.455,hud,drift,,,,,"0.00%",0.000
1790445535.455,hud,turns,,,,,"✗ turns: 1/15",
1790445535.456,hud,calib_s,,,,,"✓ Buffer 6s",
1790445535.456,marker,gnss,52.46837000,-1.48133000,343.00,true,,
1790445535.456,marker,reconciled,0.00000000,0.00000000,0.00,false,,
1790445535.505,hud,speed,,,,,"0.0 / 0.0",0.000
1790445535.505,hud,heading,,,,,"0° / 0°",0.000
1790445535.505,hud,drift,,,,,"0.00%",0.000
1790445535.506,hud,turns,,,,,"✗ turns: 1/15",
1790445535.506,hud,calib_s,,,,,"✓ Buffer 6s",
1790445535.507,marker,gnss,52.46837000,-1.48133000,343.00,true,,
1790445535.507,marker,reconciled,0.00000000,0.00000000,0.00,false,,
1790445535.557,hud,speed,,,,,"0.0 / 0.0",0.000
1790445535.558,hud,heading,,,,,"0° / 0°",0.000
1790445535.559,hud,drift,,,,,"0.00%",0.000
1790445535.559,hud,turns,,,,,"✗ turns: 1/15",
1790445535.559,hud,calib_s,,,,,"✓ Buffer 6s",
1790445535.560,marker,gnss,52.46837000,-1.48133000,343.00,true,,
1790445535.560,marker,reconciled,0.00000000,0.00000000,0.00,false,,
1790445535.610,hud,speed,,,,,"0.0 / 0.0",0.000
1790445535.611,hud,heading,,,,,"0° / 0°",0.000
1790445535.611,hud,drift,,,,,"0.00%",0.000
1790445535.611,hud,turns,,,,,"✗ turns: 1/15",
1790445535.612,hud,calib_s,,,,,"✓ Buffer 6s",
1790445535.612,marker,gnss,52.46837000,-1.48133000,343.00,true,,
1790445535.613,marker,reconciled,0.00000000,0.00000000,0.00,false,,
1790445535.662,hud,speed,,,,,"0.0 / 0.0",0.000
1790445535.662,hud,heading,,,,,"0° / 0°",0.000
1790445535.662,hud,drift,,,,,"0.00%",0.000
1790445535.663,hud,turns,,,,,"✗ turns: 1/15",
1790445535.663,hud,calib_s,,,,,"✓ Buffer 6s",
1790445535.663,marker,gnss,52.46837000,-1.48133000,343.00,true,,
1790445535.664,marker,reconciled,0.00000000,0.00000000,0.00,false,,
1790445535.714,hud,speed,,,,,"0.0 / 0.0",0.000
1790445535.715,hud,heading,,,,,"0° / 0°",0.000
1790445535.715,hud,drift,,,,,"0.00%",0.000
1790445535.716,hud,turns,,,,,"✗ turns: 1/15",
1790445535.716,hud,calib_s,,,,,"✓ Buffer 6s",
1790445535.717,marker,gnss,52.46837000,-1.48133000,343.00,true,,
1790445535.718,marker,reconciled,0.00000000,0.00000000,0.00,false,,
1790445535.765,hud,speed,,,,,"0.0 / 0.0",0.000
1790445535.766,hud,heading,,,,,"0° / 0°",0.000
1790445535.766,hud,drift,,,,,"0.00%",0.000
1790445535.767,hud,turns,,,,,"✗ turns: 1/15",
1790445535.767,hud,calib_s,,,,,"✓ Buffer 6s",
1790445535.768,marker,gnss,52.46837000,-1.48133000,343.00,true,,
1790445535.768,marker,reconciled,0.00000000,0.00000000,0.00,false,,
1790445535.813,hud,speed,,,,,"0.0 / 0.0",0.000
1790445535.814,hud,heading,,,,,"0° / 0°",0.000
1790445535.814,hud,drift,,,,,"0.00%",0.000
1790445535.815,hud,turns,,,,,"✗ turns: 1/15",
1790445535.815,hud,calib_s,,,,,"✓ Buffer 6s",
1790445535.815,marker,gnss,52.46837000,-1.48133000,343.00,true,,
1790445535.816,marker,reconciled,0.00000000,0.00000000,0.00,false,,
1790445535.864,hud,speed,,,,,"0.0 / 0.0",0.000
1790445535.865,hud,heading,,,,,"0° / 0°",0.000
1790445535.865,hud,drift,,,,,"0.00%",0.000
1790445535.866,hud,turns,,,,,"✗ turns: 1/15",
1790445535.866,hud,calib_s,,,,,"✓ Buffer 6s",
1790445535.867,marker,gnss,52.46837000,-1.48133000,343.00,true,,
1790445535.867,marker,reconciled,0.00000000,0.00000000,0.00,false,,
1790445535.917,hud,speed,,,,,"0.0 / 0.0",0.000
1790445535.918,hud,heading,,,,,"0° / 0°",0.000
1790445535.918,hud,drift,,,,,"0.00%",0.000
1790445535.918,hud,turns,,,,,"✗ turns: 1/15",
1790445535.919,hud,calib_s,,,,,"✓ Buffer 6s",
1790445535.919,marker,gnss,52.46837000,-1.48133000,343.00,true,,
1790445535.920,marker,reconciled,0.00000000,0.00000000,0.00,false,,
1790445535.967,hud,speed,,,,,"0.0 / 0.0",0.000
1790445535.967,hud,heading,,,,,"0° / 0°",0.000
1790445535.968,hud,drift,,,,,"0.00%",0.000
1790445535.968,hud,turns,,,,,"✗ turns: 1/15",
1790445535.968,hud,calib_s,,,,,"✓ Buffer 6s",
1790445535.969,marker,gnss,52.46837000,-1.48133000,343.00,true,,
1790445535.969,marker,reconciled,0.00000000,0.00000000,0.00,false,,
1790445536.019,hud,speed,,,,,"0.0 / 0.0",0.000
1790445536.019,hud,heading,,,,,"0° / 0°",0.000
1790445536.019,hud,drift,,,,,"0.00%",0.000
1790445536.020,hud,turns,,,,,"✗ turns: 1/15",
1790445536.020,hud,calib_s,,,,,"✓ Buffer 6s",
1790445536.020,marker,gnss,52.46837000,-1.48133000,343.00,true,,
1790445536.021,marker,reconciled,0.00000000,0.00000000,0.00,false,,
1790445536.071,hud,speed,,,,,"0.0 / 0.0",0.000
1790445536.071,hud,heading,,,,,"0° / 0°",0.000
1790445536.072,hud,drift,,,,,"0.00%",0.000
1790445536.072,hud,turns,,,,,"✗ turns: 1/15",
1790445536.072,hud,calib_s,,,,,"✓ Buffer 6s",
1790445536.073,marker,gnss,52.46837000,-1.48133000,343.00,true,,
1790445536.073,marker,reconciled,0.00000000,0.00000000,0.00,false,,
1790445536.122,hud,speed,,,,,"0.0 / 0.0",0.000
1790445536.123,hud,heading,,,,,"0° / 0°",0.000
1790445536.123,hud,drift,,,,,"0.00%",0.000
1790445536.123,hud,turns,,,,,"✗ turns: 1/15",
1790445536.124,hud,calib_s,,,,,"✓ Buffer 6s",
1790445536.124,marker,gnss,52.46837000,-1.48133000,343.00,true,,
1790445536.125,marker,reconciled,0.00000000,0.00000000,0.00,false,,
1790445536.175,hud,speed,,,,,"0.0 / 0.0",0.000
1790445536.175,hud,heading,,,,,"0° / 0°",0.000
1790445536.176,hud,drift,,,,,"0.00%",0.000
1790445536.176,hud,turns,,,,,"✗ turns: 1/15",
1790445536.176,hud,calib_s,,,,,"✓ Buffer 6s",
1790445536.177,marker,gnss,52.46837000,-1.48133000,343.00,true,,
1790445536.177,marker,reconciled,0.00000000,0.00000000,0.00,false,,
1790445536.222,hud,speed,,,,,"0.0 / 0.0",0.000
1790445536.222,hud,heading,,,,,"0° / 0°",0.000
1790445536.223,hud,drift,,,,,"0.00%",0.000
1790445536.223,hud,turns,,,,,"✗ turns: 1/15",
1790445536.223,hud,calib_s,,,,,"✓ Buffer 6s",
1790445536.224,marker,gnss,52.46837000,-1.48133000,343.00,true,,
1790445536.224,marker,reconciled,0.00000000,0.00000000,0.00,false,,
1790445536.273,hud,speed,,,,,"0.0 / 0.0",0.000
1790445536.273,hud,heading,,,,,"0° / 0°",0.000
1790445536.274,hud,drift,,,,,"0.00%",0.000
1790445536.274,hud,turns,,,,,"✗ turns: 1/15",
1790445536.274,hud,calib_s,,,,,"✓ Buffer 6s",
1790445536.275,marker,gnss,52.46837000,-1.48133000,343.00,true,,
1790445536.276,marker,reconciled,0.00000000,0.00000000,0.00,false,,
1790445536.325,hud,speed,,,,,"0.0 / 0.0",0.000
1790445536.326,hud,heading,,,,,"0° / 0°",0.000
1790445536.326,hud,drift,,,,,"0.00%",0.000
1790445536.327,hud,turns,,,,,"✗ turns: 1/15",
1790445536.327,hud,calib_s,,,,,"✓ Buffer 6s",
1790445536.327,marker,gnss,52.46837000,-1.48133000,343.00,true,,
1790445536.328,marker,reconciled,0.00000000,0.00000000,0.00,false,,
1790445536.374,hud,speed,,,,,"0.0 / 0.0",0.000
1790445536.375,hud,heading,,,,,"0° / 0°",0.000
1790445536.375,hud,drift,,,,,"0.00%",0.000
1790445536.375,hud,turns,,,,,"✗ turns: 1/15",
1790445536.376,hud,calib_s,,,,,"✓ Buffer 6s",
1790445536.376,marker,gnss,52.46837000,-1.48133000,343.00,true,,
1790445536.376,marker,reconciled,0.00000000,0.00000000,0.00,false,,
1790445536.426,hud,speed,,,,,"0.0 / 0.0",0.000
1790445536.426,hud,heading,,,,,"0° / 0°",0.000
1790445536.427,hud,drift,,,,,"0.00%",0.000
1790445536.427,hud,turns,,,,,"✗ turns: 1/15",
1790445536.427,hud,calib_s,,,,,"✓ Buffer 6s",
1790445536.428,marker,gnss,52.46837000,-1.48133000,343.00,true,,
1790445536.428,marker,reconciled,0.00000000,0.00000000,0.00,false,,
1790445536.477,hud,speed,,,,,"0.0 / 0.0",0.000
1790445536.477,hud,heading,,,,,"0° / 0°",0.000
1790445536.478,hud,drift,,,,,"0.00%",0.000
1790445536.478,hud,turns,,,,,"✗ turns: 1/15",
1790445536.478,hud,calib_s,,,,,"✓ Buffer 6s",
1790445536.479,marker,gnss,52.46837000,-1.48133000,343.00,true,,
1790445536.479,marker,reconciled,0.00000000,0.00000000,0.00,false,,
1790445536.529,hud,speed,,,,,"0.0 / 0.0",0.000
1790445536.529,hud,heading,,,,,"0° / 0°",0.000
1790445536.529,hud,drift,,,,,"0.00%",0.000
1790445536.530,hud,turns,,,,,"✗ turns: 1/15",
1790445536.530,hud,calib_s,,,,,"✓ Buffer 6s",
1790445536.530,marker,gnss,52.46837000,-1.48133000,343.00,true,,
1790445536.531,marker,reconciled,0.00000000,0.00000000,0.00,false,,
1790445536.578,hud,speed,,,,,"0.0 / 0.0",0.000
1790445536.579,hud,heading,,,,,"0° / 0°",0.000
1790445536.579,hud,drift,,,,,"0.00%",0.000
1790445536.579,hud,turns,,,,,"✗ turns: 1/15",
1790445536.580,hud,calib_s,,,,,"✓ Buffer 6s",
1790445536.580,marker,gnss,52.46837000,-1.48133000,343.00,true,,
1790445536.581,marker,reconciled,0.00000000,0.00000000,0.00,false,,
1790445536.630,hud,speed,,,,,"0.0 / 0.0",0.000
1790445536.630,hud,heading,,,,,"0° / 0°",0.000
1790445536.631,hud,drift,,,,,"0.00%",0.000
1790445536.631,hud,turns,,,,,"✗ turns: 1/15",
1790445536.631,hud,calib_s,,,,,"✓ Buffer 6s",
1790445536.632,marker,gnss,52.46837000,-1.48133000,343.00,true,,
1790445536.632,marker,reconciled,0.00000000,0.00000000,0.00,false,,
1790445536.682,hud,speed,,,,,"0.0 / 0.0",0.000
1790445536.682,hud,heading,,,,,"0° / 0°",0.000
1790445536.683,hud,drift,,,,,"0.00%",0.000
1790445536.683,hud,turns,,,,,"✗ turns: 1/15",
1790445536.683,hud,calib_s,,,,,"✓ Buffer 6s",
1790445536.684,marker,gnss,52.46837000,-1.48133000,343.00,true,,
1790445536.684,marker,reconciled,0.00000000,0.00000000,0.00,false,,
1790445536.732,hud,speed,,,,,"0.0 / 0.0",0.000
1790445536.733,hud,heading,,,,,"0° / 0°",0.000
1790445536.733,hud,drift,,,,,"0.00%",0.000
1790445536.733,hud,turns,,,,,"✗ turns: 1/15",
1790445536.733,hud,calib_s,,,,,"✓ Buffer 6s",
1790445536.734,marker,gnss,52.46837000,-1.48133000,343.00,true,,
1790445536.734,marker,reconciled,0.00000000,0.00000000,0.00,false,,
1790445536.787,hud,speed,,,,,"0.0 / 0.0",0.000
1790445536.788,hud,heading,,,,,"0° / 0°",0.000
1790445536.788,hud,drift,,,,,"0.00%",0.000
1790445536.788,hud,turns,,,,,"✗ turns: 1/15",
1790445536.789,hud,calib_s,,,,,"✓ Buffer 6s",
1790445536.789,marker,gnss,52.46837000,-1.48133000,343.00,true,,
1790445536.790,marker,reconciled,0.00000000,0.00000000,0.00,false,,
1790445536.839,hud,speed,,,,,"0.0 / 0.0",0.000
1790445536.839,hud,heading,,,,,"0° / 0°",0.000
1790445536.840,hud,drift,,,,,"0.00%",0.000
1790445536.840,hud,turns,,,,,"✗ turns: 1/15",
1790445536.840,hud,calib_s,,,,,"✓ Buffer 6s",
1790445536.840,marker,gnss,52.46837000,-1.48133000,343.00,true,,
1790445536.841,marker,reconciled,0.00000000,0.00000000,0.00,false,,
1790445536.890,hud,speed,,,,,"0.0 / 0.0",0.000
1790445536.891,hud,heading,,,,,"0° / 0°",0.000
1790445536.891,hud,drift,,,,,"0.00%",0.000
1790445536.891,hud,turns,,,,,"✗ turns: 2/15",
1790445536.891,hud,calib_s,,,,,"✓ Buffer 6s",
1790445536.893,marker,gnss,52.46930300,-1.48086100,338.80,true,,
1790445536.893,marker,reconciled,0.00000000,0.00000000,0.00,false,,
1790445536.942,hud,speed,,,,,"0.0 / 0.0",0.000
1790445536.943,hud,heading,,,,,"0° / 0°",0.000
1790445536.943,hud,drift,,,,,"0.00%",0.000
1790445536.943,hud,turns,,,,,"✗ turns: 2/15",
1790445536.943,hud,calib_s,,,,,"✓ Buffer 6s",
1790445536.944,marker,gnss,52.46930300,-1.48086100,338.80,true,,
1790445536.944,marker,reconciled,0.00000000,0.00000000,0.00,false,,
1790445536.988,hud,speed,,,,,"0.0 / 0.0",0.000
1790445536.989,hud,heading,,,,,"0° / 0°",0.000
1790445536.989,hud,drift,,,,,"0.00%",0.000
1790445536.989,hud,turns,,,,,"✗ turns: 2/15",
1790445536.989,hud,calib_s,,,,,"✓ Buffer 6s",
1790445536.991,marker,gnss,52.46930300,-1.48086100,338.80,true,,
1790445536.991,marker,reconciled,0.00000000,0.00000000,0.00,false,,
1790445537.042,hud,speed,,,,,"0.0 / 0.0",0.000
1790445537.042,hud,heading,,,,,"0° / 0°",0.000
1790445537.043,hud,drift,,,,,"0.00%",0.000
1790445537.043,hud,turns,,,,,"✗ turns: 2/15",
1790445537.043,hud,calib_s,,,,,"✓ Buffer 6s",
1790445537.044,marker,gnss,52.46930300,-1.48086100,338.80,true,,
1790445537.044,marker,reconciled,0.00000000,0.00000000,0.00,false,,
1790445537.094,hud,speed,,,,,"0.0 / 0.0",0.000
1790445537.095,hud,heading,,,,,"0° / 0°",0.000
1790445537.095,hud,drift,,,,,"0.00%",0.000
1790445537.095,hud,turns,,,,,"✗ turns: 2/15",
1790445537.095,hud,calib_s,,,,,"✓ Buffer 6s",
1790445537.096,marker,gnss,52.46930300,-1.48086100,338.80,true,,
1790445537.096,marker,reconciled,0.00000000,0.00000000,0.00,false,,
1790445537.145,hud,speed,,,,,"0.0 / 0.0",0.000
1790445537.145,hud,heading,,,,,"0° / 0°",0.000
1790445537.145,hud,drift,,,,,"0.00%",0.000
1790445537.146,hud,turns,,,,,"✗ turns: 2/15",
1790445537.146,hud,calib_s,,,,,"✓ Buffer 6s",
1790445537.146,marker,gnss,52.46930300,-1.48086100,338.80,true,,
1790445537.146,marker,reconciled,0.00000000,0.00000000,0.00,false,,
1790445537.201,hud,speed,,,,,"0.0 / 0.0",0.000
1790445537.201,hud,heading,,,,,"0° / 0°",0.000
1790445537.201,hud,drift,,,,,"0.00%",0.000
1790445537.202,hud,turns,,,,,"✗ turns: 2/15",
1790445537.202,hud,calib_s,,,,,"✓ Buffer 6s",
1790445537.202,marker,gnss,52.46930300,-1.48086100,338.80,true,,
1790445537.203,marker,reconciled,0.00000000,0.00000000,0.00,false,,
1790445537.251,hud,speed,,,,,"0.0 / 0.0",0.000
1790445537.251,hud,heading,,,,,"0° / 0°",0.000
1790445537.252,hud,drift,,,,,"0.00%",0.000
1790445537.252,hud,turns,,,,,"✗ turns: 2/15",
1790445537.252,hud,calib_s,,,,,"✓ Buffer 6s",
1790445537.253,marker,gnss,52.46930300,-1.48086100,338.80,true,,
1790445537.253,marker,reconciled,0.00000000,0.00000000,0.00,false,,
1790445537.301,hud,speed,,,,,"0.0 / 0.0",0.000
1790445537.301,hud,heading,,,,,"0° / 0°",0.000
1790445537.302,hud,drift,,,,,"0.00%",0.000
1790445537.302,hud,turns,,,,,"✗ turns: 2/15",
1790445537.302,hud,calib_s,,,,,"✓ Buffer 6s",
1790445537.303,marker,gnss,52.46930300,-1.48086100,338.80,true,,
1790445537.303,marker,reconciled,0.00000000,0.00000000,0.00,false,,
1790445537.353,hud,speed,,,,,"0.0 / 0.0",0.000
1790445537.354,hud,heading,,,,,"0° / 0°",0.000
1790445537.354,hud,drift,,,,,"0.00%",0.000
1790445537.355,hud,turns,,,,,"✗ turns: 2/15",
1790445537.355,hud,calib_s,,,,,"✓ Buffer 6s",
1790445537.355,marker,gnss,52.46930300,-1.48086100,338.80,true,,
1790445537.356,marker,reconciled,0.00000000,0.00000000,0.00,false,,
1790445537.402,hud,speed,,,,,"0.0 / 0.0",0.000
1790445537.403,hud,heading,,,,,"0° / 0°",0.000
1790445537.403,hud,drift,,,,,"0.00%",0.000
1790445537.404,hud,turns,,,,,"✗ turns: 2/15",
1790445537.404,hud,calib_s,,,,,"✓ Buffer 6s",
1790445537.404,marker,gnss,52.46930300,-1.48086100,338.80,true,,
1790445537.405,marker,reconciled,0.00000000,0.00000000,0.00,false,,
1790445537.456,hud,speed,,,,,"0.0 / 0.0",0.000
1790445537.456,hud,heading,,,,,"0° / 0°",0.000
1790445537.457,hud,drift,,,,,"0.00%",0.000
1790445537.457,hud,turns,,,,,"✗ turns: 2/15",
1790445537.457,hud,calib_s,,,,,"✓ Buffer 6s",
1790445537.457,marker,gnss,52.46930300,-1.48086100,338.80,true,,
1790445537.458,marker,reconciled,0.00000000,0.00000000,0.00,false,,
1790445537.502,hud,speed,,,,,"0.0 / 0.0",0.000
1790445537.502,hud,heading,,,,,"0° / 0°",0.000
1790445537.503,hud,drift,,,,,"0.00%",0.000
1790445537.503,hud,turns,,,,,"✗ turns: 2/15",
1790445537.503,hud,calib_s,,,,,"✓ Buffer 6s",
1790445537.504,marker,gnss,52.46930300,-1.48086100,338.80,true,,
1790445537.504,marker,reconciled,0.00000000,0.00000000,0.00,false,,
1790445537.559,hud,speed,,,,,"0.0 / 0.0",0.000
1790445537.559,hud,heading,,,,,"0° / 0°",0.000
1790445537.560,hud,drift,,,,,"0.00%",0.000
1790445537.560,hud,turns,,,,,"✗ turns: 2/15",
1790445537.560,hud,calib_s,,,,,"✓ Buffer 6s",
1790445537.561,marker,gnss,52.46930300,-1.48086100,338.80,true,,
1790445537.561,marker,reconciled,0.00000000,0.00000000,0.00,false,,
1790445537.609,hud,speed,,,,,"0.0 / 0.0",0.000
1790445537.609,hud,heading,,,,,"0° / 0°",0.000
1790445537.610,hud,drift,,,,,"0.00%",0.000
1790445537.611,hud,turns,,,,,"✗ turns: 2/15",
1790445537.611,hud,calib_s,,,,,"✓ Buffer 6s",
1790445537.612,marker,gnss,52.46930300,-1.48086100,338.80,true,,
1790445537.612,marker,reconciled,0.00000000,0.00000000,0.00,false,,
1790445537.659,hud,speed,,,,,"0.0 / 0.0",0.000
1790445537.659,hud,heading,,,,,"0° / 0°",0.000
1790445537.660,hud,drift,,,,,"0.00%",0.000
1790445537.660,hud,turns,,,,,"✗ turns: 2/15",
1790445537.660,hud,calib_s,,,,,"✓ Buffer 6s",
1790445537.661,marker,gnss,52.46930300,-1.48086100,338.80,true,,
1790445537.661,marker,reconciled,0.00000000,0.00000000,0.00,false,,
1790445537.715,hud,speed,,,,,"0.0 / 0.0",0.000
1790445537.716,hud,heading,,,,,"0° / 0°",0.000
1790445537.716,hud,drift,,,,,"0.00%",0.000
1790445537.716,hud,turns,,,,,"✗ turns: 2/15",
1790445537.716,hud,calib_s,,,,,"✓ Buffer 6s",
1790445537.717,marker,gnss,52.46930300,-1.48086100,338.80,true,,
1790445537.717,marker,reconciled,0.00000000,0.00000000,0.00,false,,
1790445537.762,hud,speed,,,,,"0.0 / 0.0",0.000
1790445537.762,hud,heading,,,,,"0° / 0°",0.000
1790445537.763,hud,drift,,,,,"0.00%",0.000
1790445537.763,hud,turns,,,,,"✗ turns: 2/15",
1790445537.763,hud,calib_s,,,,,"✓ Buffer 6s",
1790445537.764,marker,gnss,52.46930300,-1.48086100,338.80,true,,
1790445537.764,marker,reconciled,0.00000000,0.00000000,0.00,false,,
1790445537.816,hud,speed,,,,,"0.0 / 0.0",0.000
1790445537.817,hud,heading,,,,,"0° / 0°",0.000
1790445537.817,hud,drift,,,,,"0.00%",0.000
1790445537.817,hud,turns,,,,,"✗ turns: 2/15",
1790445537.817,hud,calib_s,,,,,"✓ Buffer 6s",
1790445537.818,marker,gnss,52.46930300,-1.48086100,338.80,true,,
1790445537.819,marker,reconciled,0.00000000,0.00000000,0.00,false,,
1790445537.865,hud,speed,,,,,"0.0 / 0.0",0.000
1790445537.866,hud,heading,,,,,"0° / 0°",0.000
1790445537.866,hud,drift,,,,,"0.00%",0.000
1790445537.866,hud,turns,,,,,"✗ turns: 2/15",
1790445537.867,hud,calib_s,,,,,"✓ Buffer 6s",
1790445537.867,marker,gnss,52.46930300,-1.48086100,338.80,true,,
1790445537.867,marker,reconciled,0.00000000,0.00000000,0.00,false,,
1790445537.915,hud,speed,,,,,"0.0 / 0.0",0.000
1790445537.916,hud,heading,,,,,"0° / 0°",0.000
1790445537.916,hud,drift,,,,,"0.00%",0.000
1790445537.916,hud,turns,,,,,"✗ turns: 2/15",
1790445537.917,hud,calib_s,,,,,"✓ Buffer 6s",
1790445537.917,marker,gnss,52.46930300,-1.48086100,338.80,true,,
1790445537.917,marker,reconciled,0.00000000,0.00000000,0.00,false,,
1790445537.969,hud,speed,,,,,"0.0 / 0.0",0.000
1790445537.969,hud,heading,,,,,"0° / 0°",0.000
1790445537.970,hud,drift,,,,,"0.00%",0.000
1790445537.970,hud,turns,,,,,"✗ turns: 2/15",
1790445537.970,hud,calib_s,,,,,"✓ Buffer 6s",
1790445537.971,marker,gnss,52.46930300,-1.48086100,338.80,true,,
1790445537.971,marker,reconciled,0.00000000,0.00000000,0.00,false,,
1790445538.020,hud,speed,,,,,"0.0 / 0.0",0.000
1790445538.020,hud,heading,,,,,"0° / 0°",0.000
1790445538.021,hud,drift,,,,,"0.00%",0.000
1790445538.021,hud,turns,,,,,"✗ turns: 2/15",
1790445538.021,hud,calib_s,,,,,"✓ Buffer 6s",
1790445538.022,marker,gnss,52.46930300,-1.48086100,338.80,true,,
1790445538.022,marker,reconciled,0.00000000,0.00000000,0.00,false,,
1790445538.073,hud,speed,,,,,"0.0 / 0.0",0.000
1790445538.074,hud,heading,,,,,"0° / 0°",0.000
1790445538.074,hud,drift,,,,,"0.00%",0.000
1790445538.075,hud,turns,,,,,"✗ turns: 2/15",
1790445538.075,hud,calib_s,,,,,"✓ Buffer 6s",
1790445538.076,marker,gnss,52.46930300,-1.48086100,338.80,true,,
1790445538.076,marker,reconciled,0.00000000,0.00000000,0.00,false,,
1790445538.125,hud,speed,,,,,"0.0 / 0.0",0.000
1790445538.126,hud,heading,,,,,"0° / 0°",0.000
1790445538.126,hud,drift,,,,,"0.00%",0.000
1790445538.126,hud,turns,,,,,"✗ turns: 2/15",
1790445538.127,hud,calib_s,,,,,"✓ Buffer 6s",
1790445538.127,marker,gnss,52.46930300,-1.48086100,338.80,true,,
1790445538.128,marker,reconciled,0.00000000,0.00000000,0.00,false,,
1790445538.177,hud,speed,,,,,"0.0 / 0.0",0.000
1790445538.177,hud,heading,,,,,"0° / 0°",0.000
1790445538.178,hud,drift,,,,,"0.00%",0.000
1790445538.178,hud,turns,,,,,"✗ turns: 2/15",
1790445538.179,hud,calib_s,,,,,"✓ Buffer 6s",
1790445538.179,marker,gnss,52.46930300,-1.48086100,338.80,true,,
1790445538.180,marker,reconciled,0.00000000,0.00000000,0.00,false,,
1790445538.236,hud,speed,,,,,"0.0 / 0.0",0.000
1790445538.237,hud,heading,,,,,"0° / 0°",0.000
1790445538.237,hud,drift,,,,,"0.00%",0.000
1790445538.237,hud,turns,,,,,"✗ turns: 2/15",
1790445538.238,hud,calib_s,,,,,"✓ Buffer 6s",
1790445538.238,marker,gnss,52.46930300,-1.48086100,338.80,true,,
1790445538.238,marker,reconciled,0.00000000,0.00000000,0.00,false,,
1790445538.277,hud,speed,,,,,"0.0 / 0.0",0.000
1790445538.277,hud,heading,,,,,"0° / 0°",0.000
1790445538.278,hud,drift,,,,,"0.00%",0.000
1790445538.278,hud,turns,,,,,"✗ turns: 2/15",
1790445538.278,hud,calib_s,,,,,"✓ Buffer 6s",
1790445538.279,marker,gnss,52.46930300,-1.48086100,338.80,true,,
1790445538.280,marker,reconciled,0.00000000,0.00000000,0.00,false,,
1790445538.331,hud,speed,,,,,"0.0 / 0.0",0.000
1790445538.332,hud,heading,,,,,"0° / 0°",0.000
1790445538.332,hud,drift,,,,,"0.00%",0.000
1790445538.333,hud,turns,,,,,"✗ turns: 2/15",
1790445538.333,hud,calib_s,,,,,"✓ Buffer 6s",
1790445538.333,marker,gnss,52.46930300,-1.48086100,338.80,true,,
1790445538.334,marker,reconciled,0.00000000,0.00000000,0.00,false,,
1790445538.379,hud,speed,,,,,"0.0 / 0.0",0.000
1790445538.379,hud,heading,,,,,"0° / 0°",0.000
1790445538.379,hud,drift,,,,,"0.00%",0.000
1790445538.380,hud,turns,,,,,"✗ turns: 2/15",
1790445538.380,hud,calib_s,,,,,"✓ Buffer 6s",
1790445538.380,marker,gnss,52.46930300,-1.48086100,338.80,true,,
1790445538.381,marker,reconciled,0.00000000,0.00000000,0.00,false,,
1790445538.436,hud,speed,,,,,"0.0 / 0.0",0.000
1790445538.437,hud,heading,,,,,"0° / 0°",0.000
1790445538.437,hud,drift,,,,,"0.00%",0.000
1790445538.437,hud,turns,,,,,"✗ turns: 2/15",
1790445538.438,hud,calib_s,,,,,"✓ Buffer 6s",
1790445538.438,marker,gnss,52.46930300,-1.48086100,338.80,true,,
1790445538.439,marker,reconciled,0.00000000,0.00000000,0.00,false,,
1790445538.483,hud,speed,,,,,"0.0 / 0.0",0.000
1790445538.484,hud,heading,,,,,"0° / 0°",0.000
1790445538.484,hud,drift,,,,,"0.00%",0.000
1790445538.484,hud,turns,,,,,"✗ turns: 2/15",
1790445538.485,hud,calib_s,,,,,"✓ Buffer 6s",
1790445538.485,marker,gnss,52.46930300,-1.48086100,338.80,true,,
1790445538.485,marker,reconciled,0.00000000,0.00000000,0.00,false,,
1790445538.533,hud,speed,,,,,"0.0 / 0.0",0.000
1790445538.534,hud,heading,,,,,"0° / 0°",0.000
1790445538.534,hud,drift,,,,,"0.00%",0.000
1790445538.535,hud,turns,,,,,"✗ turns: 2/15",
1790445538.535,hud,calib_s,,,,,"✓ Buffer 6s",
1790445538.535,marker,gnss,52.46930300,-1.48086100,338.80,true,,
1790445538.536,marker,reconciled,0.00000000,0.00000000,0.00,false,,
1790445538.586,hud,speed,,,,,"0.0 / 0.0",0.000
1790445538.587,hud,heading,,,,,"0° / 0°",0.000
1790445538.587,hud,drift,,,,,"0.00%",0.000
1790445538.588,hud,turns,,,,,"✗ turns: 2/15",
1790445538.588,hud,calib_s,,,,,"✓ Buffer 6s",
1790445538.588,marker,gnss,52.46930300,-1.48086100,338.80,true,,
1790445538.589,marker,reconciled,0.00000000,0.00000000,0.00,false,,
1790445538.636,hud,speed,,,,,"0.0 / 0.0",0.000
1790445538.637,hud,heading,,,,,"0° / 0°",0.000
1790445538.637,hud,drift,,,,,"0.00%",0.000
1790445538.637,hud,turns,,,,,"✗ turns: 2/15",
1790445538.638,hud,calib_s,,,,,"✓ Buffer 6s",
1790445538.638,marker,gnss,52.46930300,-1.48086100,338.80,true,,
1790445538.639,marker,reconciled,0.00000000,0.00000000,0.00,false,,
1790445538.688,hud,speed,,,,,"0.0 / 0.0",0.000
1790445538.689,hud,heading,,,,,"0° / 0°",0.000
1790445538.689,hud,drift,,,,,"0.00%",0.000
1790445538.690,hud,turns,,,,,"✗ turns: 2/15",
1790445538.690,hud,calib_s,,,,,"✓ Buffer 6s",
1790445538.691,marker,gnss,52.46930300,-1.48086100,338.80,true,,
1790445538.691,marker,reconciled,0.00000000,0.00000000,0.00,false,,
1790445538.741,hud,speed,,,,,"0.0 / 0.0",0.000
1790445538.742,hud,heading,,,,,"0° / 0°",0.000
1790445538.742,hud,drift,,,,,"0.00%",0.000
1790445538.743,hud,turns,,,,,"✗ turns: 2/15",
1790445538.743,hud,calib_s,,,,,"✓ Buffer 6s",
1790445538.744,marker,gnss,52.46930300,-1.48086100,338.80,true,,
1790445538.744,marker,reconciled,0.00000000,0.00000000,0.00,false,,
1790445538.791,hud,speed,,,,,"0.0 / 0.0",0.000
1790445538.791,hud,heading,,,,,"0° / 0°",0.000
1790445538.792,hud,drift,,,,,"0.00%",0.000
1790445538.792,hud,turns,,,,,"✗ turns: 2/15",
1790445538.792,hud,calib_s,,,,,"✓ Buffer 6s",
1790445538.793,marker,gnss,52.46930300,-1.48086100,338.80,true,,
1790445538.793,marker,reconciled,0.00000000,0.00000000,0.00,false,,
1790445538.838,hud,speed,,,,,"0.0 / 0.0",0.000
1790445538.839,hud,heading,,,,,"0° / 0°",0.000
1790445538.839,hud,drift,,,,,"0.00%",0.000
1790445538.840,hud,turns,,,,,"✗ turns: 2/15",
1790445538.840,hud,calib_s,,,,,"✓ Buffer 6s",
1790445538.840,marker,gnss,52.46930300,-1.48086100,338.80,true,,
1790445538.840,marker,reconciled,0.00000000,0.00000000,0.00,false,,
1790445538.889,hud,speed,,,,,"0.0 / 0.0",0.000
1790445538.889,hud,heading,,,,,"0° / 0°",0.000
1790445538.889,hud,drift,,,,,"0.00%",0.000
1790445538.889,hud,turns,,,,,"✗ turns: 2/15",
1790445538.890,hud,calib_s,,,,,"✓ Buffer 6s",
1790445538.890,marker,gnss,52.46930300,-1.48086100,338.80,true,,
1790445538.890,marker,reconciled,0.00000000,0.00000000,0.00,false,,
1790445538.947,hud,speed,,,,,"0.0 / 0.0",0.000
1790445538.948,hud,heading,,,,,"0° / 0°",0.000
1790445538.948,hud,drift,,,,,"0.00%",0.000
1790445538.949,hud,turns,,,,,"✗ turns: 2/15",
1790445538.949,hud,calib_s,,,,,"✓ Buffer 6s",
1790445538.949,marker,gnss,52.46930300,-1.48086100,338.80,true,,
1790445538.950,marker,reconciled,0.00000000,0.00000000,0.00,false,,
1790445538.994,hud,speed,,,,,"0.0 / 0.0",0.000
1790445538.994,hud,heading,,,,,"0° / 0°",0.000
1790445538.995,hud,drift,,,,,"0.00%",0.000
1790445538.995,hud,turns,,,,,"✗ turns: 2/15",
1790445538.995,hud,calib_s,,,,,"✓ Buffer 6s",
1790445538.996,marker,gnss,52.46930300,-1.48086100,338.80,true,,
1790445538.996,marker,reconciled,0.00000000,0.00000000,0.00,false,,
1790445539.043,hud,speed,,,,,"0.0 / 0.0",0.000
1790445539.044,hud,heading,,,,,"0° / 0°",0.000
1790445539.044,hud,drift,,,,,"0.00%",0.000
1790445539.045,hud,turns,,,,,"✗ turns: 2/15",
1790445539.045,hud,calib_s,,,,,"✓ Buffer 6s",
1790445539.045,marker,gnss,52.46930300,-1.48086100,338.80,true,,
1790445539.046,marker,reconciled,0.00000000,0.00000000,0.00,false,,
1790445539.097,hud,speed,,,,,"0.0 / 0.0",0.000
1790445539.098,hud,heading,,,,,"0° / 0°",0.000
1790445539.098,hud,drift,,,,,"0.00%",0.000
1790445539.098,hud,turns,,,,,"✗ turns: 2/15",
1790445539.099,hud,calib_s,,,,,"✓ Buffer 6s",
1790445539.099,marker,gnss,52.46930300,-1.48086100,338.80,true,,
1790445539.100,marker,reconciled,0.00000000,0.00000000,0.00,false,,
1790445539.149,hud,speed,,,,,"0.0 / 0.0",0.000
1790445539.150,hud,heading,,,,,"0° / 0°",0.000
1790445539.150,hud,drift,,,,,"0.00%",0.000
1790445539.150,hud,turns,,,,,"✗ turns: 2/15",
1790445539.151,hud,calib_s,,,,,"✓ Buffer 6s",
1790445539.151,marker,gnss,52.46930300,-1.48086100,338.80,true,,
1790445539.152,marker,reconciled,0.00000000,0.00000000,0.00,false,,
1790445539.202,hud,speed,,,,,"0.0 / 0.0",0.000
1790445539.202,hud,heading,,,,,"0° / 0°",0.000
1790445539.203,hud,drift,,,,,"0.00%",0.000
1790445539.203,hud,turns,,,,,"✗ turns: 2/15",
1790445539.203,hud,calib_s,,,,,"✓ Buffer 6s",
1790445539.204,marker,gnss,52.46930300,-1.48086100,338.80,true,,
1790445539.204,marker,reconciled,0.00000000,0.00000000,0.00,false,,
1790445539.251,hud,speed,,,,,"0.0 / 0.0",0.000
1790445539.252,hud,heading,,,,,"0° / 0°",0.000
1790445539.252,hud,drift,,,,,"0.00%",0.000
1790445539.252,hud,turns,,,,,"✗ turns: 2/15",
1790445539.253,hud,calib_s,,,,,"✓ Buffer 6s",
1790445539.253,marker,gnss,52.46930300,-1.48086100,338.80,true,,
1790445539.254,marker,reconciled,0.00000000,0.00000000,0.00,false,,
1790445539.301,hud,speed,,,,,"0.0 / 0.0",0.000
1790445539.301,hud,heading,,,,,"0° / 0°",0.000
1790445539.302,hud,drift,,,,,"0.00%",0.000
1790445539.302,hud,turns,,,,,"✗ turns: 2/15",
1790445539.302,hud,calib_s,,,,,"✓ Buffer 6s",
1790445539.303,marker,gnss,52.46930300,-1.48086100,338.80,true,,
1790445539.303,marker,reconciled,0.00000000,0.00000000,0.00,false,,
1790445539.354,hud,speed,,,,,"0.0 / 0.0",0.000
1790445539.355,hud,heading,,,,,"0° / 0°",0.000
1790445539.355,hud,drift,,,,,"0.00%",0.000
1790445539.355,hud,turns,,,,,"✗ turns: 2/15",
1790445539.356,hud,calib_s,,,,,"✓ Buffer 6s",
1790445539.356,marker,gnss,52.46930300,-1.48086100,338.80,true,,
1790445539.357,marker,reconciled,0.00000000,0.00000000,0.00,false,,
1790445539.404,hud,speed,,,,,"0.0 / 0.0",0.000
1790445539.405,hud,heading,,,,,"0° / 0°",0.000
1790445539.405,hud,drift,,,,,"0.00%",0.000
1790445539.405,hud,turns,,,,,"✗ turns: 2/15",
1790445539.405,hud,calib_s,,,,,"✓ Buffer 6s",
1790445539.406,marker,gnss,52.46930300,-1.48086100,338.80,true,,
1790445539.406,marker,reconciled,0.00000000,0.00000000,0.00,false,,
1790445539.457,hud,speed,,,,,"0.0 / 0.0",0.000
1790445539.458,hud,heading,,,,,"0° / 0°",0.000
1790445539.458,hud,drift,,,,,"0.00%",0.000
1790445539.458,hud,turns,,,,,"✗ turns: 2/15",
1790445539.459,hud,calib_s,,,,,"✓ Buffer 6s",
1790445539.459,marker,gnss,52.46930300,-1.48086100,338.80,true,,
1790445539.460,marker,reconciled,0.00000000,0.00000000,0.00,false,,
1790445539.506,hud,speed,,,,,"0.0 / 0.0",0.000
1790445539.507,hud,heading,,,,,"0° / 0°",0.000
1790445539.507,hud,drift,,,,,"0.00%",0.000
1790445539.507,hud,turns,,,,,"✗ turns: 2/15",
1790445539.507,hud,calib_s,,,,,"✓ Buffer 6s",
1790445539.508,marker,gnss,52.46930300,-1.48086100,338.80,true,,
1790445539.508,marker,reconciled,0.00000000,0.00000000,0.00,false,,
1790445539.556,hud,speed,,,,,"0.0 / 0.0",0.000
1790445539.557,hud,heading,,,,,"0° / 0°",0.000
1790445539.557,hud,drift,,,,,"0.00%",0.000
1790445539.557,hud,turns,,,,,"✗ turns: 2/15",
1790445539.558,hud,calib_s,,,,,"✓ Buffer 6s",
1790445539.558,marker,gnss,52.46930300,-1.48086100,338.80,true,,
1790445539.559,marker,reconciled,0.00000000,0.00000000,0.00,false,,
1790445539.606,hud,speed,,,,,"0.0 / 0.0",0.000
1790445539.606,hud,heading,,,,,"0° / 0°",0.000
1790445539.607,hud,drift,,,,,"0.00%",0.000
1790445539.607,hud,turns,,,,,"✗ turns: 2/15",
1790445539.607,hud,calib_s,,,,,"✓ Buffer 6s",
1790445539.607,marker,gnss,52.46930300,-1.48086100,338.80,true,,
1790445539.608,marker,reconciled,0.00000000,0.00000000,0.00,false,,
1790445539.658,hud,speed,,,,,"0.0 / 0.0",0.000
1790445539.658,hud,heading,,,,,"0° / 0°",0.000
1790445539.659,hud,drift,,,,,"0.00%",0.000
1790445539.659,hud,turns,,,,,"✗ turns: 2/15",
1790445539.659,hud,calib_s,,,,,"✓ Buffer 6s",
1790445539.660,marker,gnss,52.46930300,-1.48086100,338.80,true,,
1790445539.660,marker,reconciled,0.00000000,0.00000000,0.00,false,,
1790445539.710,hud,speed,,,,,"0.0 / 0.0",0.000
1790445539.711,hud,heading,,,,,"0° / 0°",0.000
1790445539.711,hud,drift,,,,,"0.00%",0.000
1790445539.712,hud,turns,,,,,"✗ turns: 2/15",
1790445539.712,hud,calib_s,,,,,"✓ Buffer 6s",
1790445539.712,marker,gnss,52.46930300,-1.48086100,338.80,true,,
1790445539.713,marker,reconciled,0.00000000,0.00000000,0.00,false,,
1790445539.763,hud,speed,,,,,"0.0 / 0.0",0.000
1790445539.763,hud,heading,,,,,"0° / 0°",0.000
1790445539.763,hud,drift,,,,,"0.00%",0.000
1790445539.764,hud,turns,,,,,"✗ turns: 2/15",
1790445539.764,hud,calib_s,,,,,"✓ Buffer 6s",
1790445539.764,marker,gnss,52.46930300,-1.48086100,338.80,true,,
1790445539.765,marker,reconciled,0.00000000,0.00000000,0.00,false,,
1790445539.812,hud,speed,,,,,"0.0 / 0.0",0.000
1790445539.813,hud,heading,,,,,"0° / 0°",0.000
1790445539.813,hud,drift,,,,,"0.00%",0.000
1790445539.813,hud,turns,,,,,"✗ turns: 2/15",
1790445539.814,hud,calib_s,,,,,"✓ Buffer 6s",
1790445539.814,marker,gnss,52.46930300,-1.48086100,338.80,true,,
1790445539.815,marker,reconciled,0.00000000,0.00000000,0.00,false,,
1790445539.863,hud,speed,,,,,"0.0 / 0.0",0.000
1790445539.864,hud,heading,,,,,"0° / 0°",0.000
1790445539.864,hud,drift,,,,,"0.00%",0.000
1790445539.864,hud,turns,,,,,"✗ turns: 2/15",
1790445539.864,hud,calib_s,,,,,"✓ Buffer 6s",
1790445539.865,marker,gnss,52.46930300,-1.48086100,338.80,true,,
1790445539.865,marker,reconciled,0.00000000,0.00000000,0.00,false,,
1790445539.915,hud,speed,,,,,"0.0 / 0.0",0.000
1790445539.916,hud,heading,,,,,"0° / 0°",0.000
1790445539.916,hud,drift,,,,,"0.00%",0.000
1790445539.916,hud,turns,,,,,"✗ turns: 2/15",
1790445539.917,hud,calib_s,,,,,"✓ Buffer 6s",
1790445539.917,marker,gnss,52.46930300,-1.48086100,338.80,true,,
1790445539.918,marker,reconciled,0.00000000,0.00000000,0.00,false,,
1790445539.972,hud,speed,,,,,"0.0 / 0.0",0.000
1790445539.973,hud,heading,,,,,"0° / 0°",0.000
1790445539.973,hud,drift,,,,,"0.00%",0.000
1790445539.973,hud,turns,,,,,"✗ turns: 2/15",
1790445539.974,hud,calib_s,,,,,"✓ Buffer 6s",
1790445539.974,marker,gnss,52.46930300,-1.48086100,338.80,true,,
1790445539.975,marker,reconciled,0.00000000,0.00000000,0.00,false,,
1790445540.014,hud,speed,,,,,"0.0 / 0.0",0.000
1790445540.015,hud,heading,,,,,"0° / 0°",0.000
1790445540.015,hud,drift,,,,,"0.00%",0.000
1790445540.015,hud,turns,,,,,"✗ turns: 2/15",
1790445540.016,hud,calib_s,,,,,"✓ Buffer 6s",
1790445540.016,marker,gnss,52.46930300,-1.48086100,338.80,true,,
1790445540.016,marker,reconciled,0.00000000,0.00000000,0.00,false,,
1790445540.064,hud,speed,,,,,"0.0 / 0.0",0.000
1790445540.064,hud,heading,,,,,"0° / 0°",0.000
1790445540.064,hud,drift,,,,,"0.00%",0.000
1790445540.064,hud,turns,,,,,"✗ turns: 2/15",
1790445540.065,hud,calib_s,,,,,"✓ Buffer 6s",
1790445540.065,marker,gnss,52.46930300,-1.48086100,338.80,true,,
1790445540.065,marker,reconciled,0.00000000,0.00000000,0.00,false,,
1790445540.116,hud,speed,,,,,"0.0 / 0.0",0.000
1790445540.116,hud,heading,,,,,"0° / 0°",0.000
1790445540.116,hud,drift,,,,,"0.00%",0.000
1790445540.116,hud,turns,,,,,"✗ turns: 2/15",
1790445540.117,hud,calib_s,,,,,"✓ Buffer 6s",
1790445540.117,marker,gnss,52.46930300,-1.48086100,338.80,true,,
1790445540.118,marker,reconciled,0.00000000,0.00000000,0.00,false,,
1790445540.171,hud,speed,,,,,"0.0 / 0.0",0.000
1790445540.172,hud,heading,,,,,"0° / 0°",0.000
1790445540.173,hud,drift,,,,,"0.00%",0.000
1790445540.173,hud,turns,,,,,"✗ turns: 2/15",
1790445540.173,hud,calib_s,,,,,"✓ Buffer 6s",
1790445540.174,marker,gnss,52.46930300,-1.48086100,338.80,true,,
1790445540.174,marker,reconciled,0.00000000,0.00000000,0.00,false,,
1790445540.225,hud,speed,,,,,"0.0 / 0.0",0.000
1790445540.225,hud,heading,,,,,"0° / 0°",0.000
1790445540.226,hud,drift,,,,,"0.00%",0.000
1790445540.226,hud,turns,,,,,"✗ turns: 2/15",
1790445540.227,hud,calib_s,,,,,"✓ Buffer 6s",
1790445540.227,marker,gnss,52.46930300,-1.48086100,338.80,true,,
1790445540.228,marker,reconciled,0.00000000,0.00000000,0.00,false,,
1790445540.277,hud,speed,,,,,"0.0 / 0.0",0.000
1790445540.278,hud,heading,,,,,"0° / 0°",0.000
1790445540.278,hud,drift,,,,,"0.00%",0.000
1790445540.279,hud,turns,,,,,"✗ turns: 2/15",
1790445540.279,hud,calib_s,,,,,"✓ Buffer 6s",
1790445540.279,marker,gnss,52.46930300,-1.48086100,338.80,true,,
1790445540.280,marker,reconciled,0.00000000,0.00000000,0.00,false,,
1790445540.326,hud,speed,,,,,"0.0 / 0.0",0.000
1790445540.327,hud,heading,,,,,"0° / 0°",0.000
1790445540.327,hud,drift,,,,,"0.00%",0.000
1790445540.327,hud,turns,,,,,"✗ turns: 2/15",
1790445540.327,hud,calib_s,,,,,"✓ Buffer 6s",
1790445540.328,marker,gnss,52.46930300,-1.48086100,338.80,true,,
1790445540.328,marker,reconciled,0.00000000,0.00000000,0.00,false,,
1790445540.376,hud,speed,,,,,"0.0 / 0.0",0.000
1790445540.377,hud,heading,,,,,"0° / 0°",0.000
1790445540.377,hud,drift,,,,,"0.00%",0.000
1790445540.377,hud,turns,,,,,"✗ turns: 2/15",
1790445540.378,hud,calib_s,,,,,"✓ Buffer 6s",
1790445540.378,marker,gnss,52.46930300,-1.48086100,338.80,true,,
1790445540.379,marker,reconciled,0.00000000,0.00000000,0.00,false,,
1790445540.429,hud,speed,,,,,"0.0 / 0.0",0.000
1790445540.429,hud,heading,,,,,"0° / 0°",0.000
1790445540.430,hud,drift,,,,,"0.00%",0.000
1790445540.430,hud,turns,,,,,"✗ turns: 2/15",
1790445540.430,hud,calib_s,,,,,"✓ Buffer 6s",
1790445540.431,marker,gnss,52.46930300,-1.48086100,338.80,true,,
1790445540.431,marker,reconciled,0.00000000,0.00000000,0.00,false,,
1790445540.484,hud,speed,,,,,"0.0 / 0.0",0.000
1790445540.485,hud,heading,,,,,"0° / 0°",0.000
1790445540.485,hud,drift,,,,,"0.00%",0.000
1790445540.485,hud,turns,,,,,"✗ turns: 2/15",
1790445540.485,hud,calib_s,,,,,"✓ Buffer 6s",
1790445540.486,marker,gnss,52.46930300,-1.48086100,338.80,true,,
1790445540.487,marker,reconciled,0.00000000,0.00000000,0.00,false,,
1790445540.532,hud,speed,,,,,"0.0 / 0.0",0.000
1790445540.533,hud,heading,,,,,"0° / 0°",0.000
1790445540.533,hud,drift,,,,,"0.00%",0.000
1790445540.533,hud,turns,,,,,"✗ turns: 2/15",
1790445540.533,hud,calib_s,,,,,"✓ Buffer 6s",
1790445540.534,marker,gnss,52.46930300,-1.48086100,338.80,true,,
1790445540.535,marker,reconciled,0.00000000,0.00000000,0.00,false,,
1790445540.584,hud,speed,,,,,"0.0 / 0.0",0.000
1790445540.584,hud,heading,,,,,"0° / 0°",0.000
1790445540.585,hud,drift,,,,,"0.00%",0.000
1790445540.585,hud,turns,,,,,"✗ turns: 2/15",
1790445540.585,hud,calib_s,,,,,"✓ Buffer 6s",
1790445540.586,marker,gnss,52.46930300,-1.48086100,338.80,true,,
1790445540.587,marker,reconciled,0.00000000,0.00000000,0.00,false,,
1790445540.633,hud,speed,,,,,"0.0 / 0.0",0.000
1790445540.633,hud,heading,,,,,"0° / 0°",0.000
1790445540.634,hud,drift,,,,,"0.00%",0.000
1790445540.634,hud,turns,,,,,"✗ turns: 2/15",
1790445540.634,hud,calib_s,,,,,"✓ Buffer 6s",
1790445540.635,marker,gnss,52.46930300,-1.48086100,338.80,true,,
1790445540.635,marker,reconciled,0.00000000,0.00000000,0.00,false,,
1790445540.686,hud,speed,,,,,"0.0 / 0.0",0.000
1790445540.686,hud,heading,,,,,"0° / 0°",0.000
1790445540.687,hud,drift,,,,,"0.00%",0.000
1790445540.687,hud,turns,,,,,"✗ turns: 2/15",
1790445540.688,hud,calib_s,,,,,"✓ Buffer 6s",
1790445540.688,marker,gnss,52.46930300,-1.48086100,338.80,true,,
1790445540.688,marker,reconciled,0.00000000,0.00000000,0.00,false,,
1790445540.737,hud,speed,,,,,"0.0 / 0.0",0.000
1790445540.737,hud,heading,,,,,"0° / 0°",0.000
1790445540.738,hud,drift,,,,,"0.00%",0.000
1790445540.738,hud,turns,,,,,"✗ turns: 2/15",
1790445540.739,hud,calib_s,,,,,"✓ Buffer 6s",
1790445540.739,marker,gnss,52.46930300,-1.48086100,338.80,true,,
1790445540.740,marker,reconciled,0.00000000,0.00000000,0.00,false,,
1790445540.789,hud,speed,,,,,"0.0 / 0.0",0.000
1790445540.789,hud,heading,,,,,"0° / 0°",0.000
1790445540.789,hud,drift,,,,,"0.00%",0.000
1790445540.789,hud,turns,,,,,"✗ turns: 2/15",
1790445540.790,hud,calib_s,,,,,"✓ Buffer 6s",
1790445540.790,marker,gnss,52.46930300,-1.48086100,338.80,true,,
1790445540.791,marker,reconciled,0.00000000,0.00000000,0.00,false,,
1790445540.842,hud,speed,,,,,"0.0 / 0.0",0.000
1790445540.842,hud,heading,,,,,"0° / 0°",0.000
1790445540.843,hud,drift,,,,,"0.00%",0.000
1790445540.843,hud,turns,,,,,"✗ turns: 2/15",
1790445540.843,hud,calib_s,,,,,"✓ Buffer 6s",
1790445540.844,marker,gnss,52.46930300,-1.48086100,338.80,true,,
1790445540.844,marker,reconciled,0.00000000,0.00000000,0.00,false,,
1790445540.893,hud,speed,,,,,"0.0 / 0.0",0.000
1790445540.894,hud,heading,,,,,"0° / 0°",0.000
1790445540.894,hud,drift,,,,,"0.00%",0.000
1790445540.894,hud,turns,,,,,"✗ turns: 2/15",
1790445540.895,hud,calib_s,,,,,"✓ Buffer 6s",
1790445540.895,marker,gnss,52.46930300,-1.48086100,338.80,true,,
1790445540.896,marker,reconciled,0.00000000,0.00000000,0.00,false,,
1790445540.944,hud,speed,,,,,"0.0 / 0.0",0.000
1790445540.945,hud,heading,,,,,"0° / 0°",0.000
1790445540.945,hud,drift,,,,,"0.00%",0.000
1790445540.946,hud,turns,,,,,"✗ turns: 2/15",
1790445540.946,hud,calib_s,,,,,"✓ Buffer 6s",
1790445540.946,marker,gnss,52.46930300,-1.48086100,338.80,true,,
1790445540.947,marker,reconciled,0.00000000,0.00000000,0.00,false,,
1790445540.994,hud,speed,,,,,"0.0 / 0.0",0.000
1790445540.995,hud,heading,,,,,"0° / 0°",0.000
1790445540.995,hud,drift,,,,,"0.00%",0.000
1790445540.995,hud,turns,,,,,"✗ turns: 2/15",
1790445540.996,hud,calib_s,,,,,"✓ Buffer 6s",
1790445540.996,marker,gnss,52.46930300,-1.48086100,338.80,true,,
1790445540.996,marker,reconciled,0.00000000,0.00000000,0.00,false,,
1790445541.049,hud,speed,,,,,"0.0 / 0.0",0.000
1790445541.049,hud,heading,,,,,"0° / 0°",0.000
1790445541.050,hud,drift,,,,,"0.00%",0.000
1790445541.050,hud,turns,,,,,"✗ turns: 2/15",
1790445541.051,hud,calib_s,,,,,"✓ Buffer 6s",
1790445541.051,marker,gnss,52.46930300,-1.48086100,338.80,true,,
1790445541.052,marker,reconciled,0.00000000,0.00000000,0.00,false,,
1790445541.099,hud,speed,,,,,"0.0 / 0.0",0.000
1790445541.100,hud,heading,,,,,"0° / 0°",0.000
1790445541.100,hud,drift,,,,,"0.00%",0.000
1790445541.100,hud,turns,,,,,"✗ turns: 2/15",
1790445541.100,hud,calib_s,,,,,"✓ Buffer 6s",
1790445541.101,marker,gnss,52.46930300,-1.48086100,338.80,true,,
1790445541.101,marker,reconciled,0.00000000,0.00000000,0.00,false,,
1790445541.149,hud,speed,,,,,"0.0 / 0.0",0.000
1790445541.149,hud,heading,,,,,"0° / 0°",0.000
1790445541.150,hud,drift,,,,,"0.00%",0.000
1790445541.150,hud,turns,,,,,"✗ turns: 2/15",
1790445541.151,hud,calib_s,,,,,"✓ Buffer 6s",
1790445541.151,marker,gnss,52.46930300,-1.48086100,338.80,true,,
1790445541.152,marker,reconciled,0.00000000,0.00000000,0.00,false,,
1790445541.197,hud,speed,,,,,"0.0 / 0.0",0.000
1790445541.197,hud,heading,,,,,"0° / 0°",0.000
1790445541.198,hud,drift,,,,,"0.00%",0.000
1790445541.198,hud,turns,,,,,"✗ turns: 2/15",
1790445541.198,hud,calib_s,,,,,"✓ Buffer 6s",
1790445541.199,marker,gnss,52.46930300,-1.48086100,338.80,true,,
1790445541.199,marker,reconciled,0.00000000,0.00000000,0.00,false,,
1790445541.250,hud,speed,,,,,"0.0 / 0.0",0.000
1790445541.250,hud,heading,,,,,"0° / 0°",0.000
1790445541.251,hud,drift,,,,,"0.00%",0.000
1790445541.251,hud,turns,,,,,"✗ turns: 2/15",
1790445541.251,hud,calib_s,,,,,"✓ Buffer 6s",
1790445541.252,marker,gnss,52.46930300,-1.48086100,338.80,true,,
1790445541.253,marker,reconciled,0.00000000,0.00000000,0.00,false,,
1790445541.302,hud,speed,,,,,"0.0 / 0.0",0.000
1790445541.303,hud,heading,,,,,"0° / 0°",0.000
1790445541.303,hud,drift,,,,,"0.00%",0.000
1790445541.303,hud,turns,,,,,"✗ turns: 2/15",
1790445541.303,hud,calib_s,,,,,"✓ Buffer 6s",
1790445541.304,marker,gnss,52.46930300,-1.48086100,338.80,true,,
1790445541.304,marker,reconciled,0.00000000,0.00000000,0.00,false,,
1790445541.351,hud,speed,,,,,"0.0 / 0.0",0.000
1790445541.352,hud,heading,,,,,"0° / 0°",0.000
1790445541.352,hud,drift,,,,,"0.00%",0.000
1790445541.352,hud,turns,,,,,"✗ turns: 2/15",
1790445541.353,hud,calib_s,,,,,"✓ Buffer 6s",
1790445541.353,marker,gnss,52.46930300,-1.48086100,338.80,true,,
1790445541.353,marker,reconciled,0.00000000,0.00000000,0.00,false,,
1790445541.402,hud,speed,,,,,"0.0 / 0.0",0.000
1790445541.403,hud,heading,,,,,"0° / 0°",0.000
1790445541.403,hud,drift,,,,,"0.00%",0.000
1790445541.403,hud,turns,,,,,"✗ turns: 2/15",
1790445541.403,hud,calib_s,,,,,"✓ Buffer 6s",
1790445541.404,marker,gnss,52.46930300,-1.48086100,338.80,true,,
1790445541.404,marker,reconciled,0.00000000,0.00000000,0.00,false,,
1790445541.454,hud,speed,,,,,"0.0 / 0.0",0.000
1790445541.454,hud,heading,,,,,"0° / 0°",0.000
1790445541.455,hud,drift,,,,,"0.00%",0.000
1790445541.455,hud,turns,,,,,"✗ turns: 2/15",
1790445541.455,hud,calib_s,,,,,"✓ Buffer 6s",
1790445541.456,marker,gnss,52.46930300,-1.48086100,338.80,true,,
1790445541.456,marker,reconciled,0.00000000,0.00000000,0.00,false,,
1790445541.542,hud,speed,,,,,"12.7 / 12.0",12.740
1790445541.543,hud,heading,,,,,"24° / 37°",24.000
1790445541.543,hud,drift,,,,,"93.66%",93.660
1790445541.543,hud,turns,,,,,"✗ turns: 3/15",
1790445541.544,hud,calib_s,,,,,"✓ Buffer 6s",
1790445541.545,marker,gnss,52.47016500,-1.48031300,322.70,true,,
1790445541.546,marker,dr,52.47018368,-1.48029886,336.00,true,,
1790445541.546,marker,reconciled,0.00000000,0.00000000,0.00,false,,
1790445541.580,hud,speed,,,,,"13.1 / 12.0",13.070
1790445541.580,hud,heading,,,,,"24° / 37°",24.100
1790445541.581,hud,drift,,,,,"54.24%",54.240
1790445541.581,hud,turns,,,,,"✗ turns: 3/15",
1790445541.581,hud,calib_s,,,,,"✓ Buffer 6s",
1790445541.582,marker,gnss,52.47016500,-1.48031300,322.70,true,,
1790445541.583,marker,dr,52.47019445,-1.48029113,335.90,true,,
1790445541.583,marker,reconciled,0.00000000,0.00000000,0.00,false,,
1790445541.618,hud,speed,,,,,"13.0 / 12.0",13.020
1790445541.619,hud,heading,,,,,"24° / 37°",24.400
1790445541.619,hud,drift,,,,,"42.21%",42.210
1790445541.619,hud,turns,,,,,"✗ turns: 3/15",
1790445541.619,hud,calib_s,,,,,"✓ Buffer 6s",
1790445541.620,marker,gnss,52.47016500,-1.48031300,322.70,true,,
1790445541.620,marker,dr,52.47020527,-1.48028335,335.60,true,,
1790445541.621,marker,reconciled,0.00000000,0.00000000,0.00,false,,
1790445541.664,hud,speed,,,,,"13.2 / 12.0",13.200
1790445541.664,hud,heading,,,,,"24° / 37°",24.300
1790445541.664,hud,drift,,,,,"36.91%",36.910
1790445541.664,hud,turns,,,,,"✗ turns: 3/15",
1790445541.665,hud,calib_s,,,,,"✓ Buffer 6s",
1790445541.665,marker,gnss,52.47016500,-1.48031300,322.70,true,,
1790445541.666,marker,dr,52.47021615,-1.48027558,335.70,true,,
1790445541.667,marker,reconciled,0.00000000,0.00000000,0.00,false,,
1790445541.710,hud,speed,,,,,"13.3 / 12.0",13.300
1790445541.710,hud,heading,,,,,"25° / 37°",24.500
1790445541.711,hud,drift,,,,,"34.00%",34.000
1790445541.711,hud,turns,,,,,"✗ turns: 3/15",
1790445541.711,hud,calib_s,,,,,"✓ Buffer 6s",
1790445541.712,marker,gnss,52.47016500,-1.48031300,322.70,true,,
1790445541.712,marker,dr,52.47022711,-1.48026775,335.50,true,,
1790445541.712,marker,reconciled,0.00000000,0.00000000,0.00,false,,
1790445541.765,hud,speed,,,,,"13.4 / 12.0",13.390
1790445541.766,hud,heading,,,,,"24° / 37°",24.300
1790445541.766,hud,drift,,,,,"32.31%",32.310
1790445541.766,hud,turns,,,,,"✗ turns: 3/15",
1790445541.767,hud,calib_s,,,,,"✓ Buffer 6s",
1790445541.767,marker,gnss,52.47016500,-1.48031300,322.70,true,,
1790445541.767,marker,dr,52.47023819,-1.48026003,335.70,true,,
1790445541.768,marker,reconciled,0.00000000,0.00000000,0.00,false,,
1790445541.817,hud,speed,,,,,"13.4 / 12.0",13.430
1790445541.817,hud,heading,,,,,"25° / 37°",24.600
1790445541.818,hud,drift,,,,,"31.15%",31.150
1790445541.818,hud,turns,,,,,"✗ turns: 3/15",
1790445541.818,hud,calib_s,,,,,"✓ Buffer 6s",
1790445541.819,marker,gnss,52.47016500,-1.48031300,322.70,true,,
1790445541.819,marker,dr,52.47024928,-1.48025222,335.40,true,,
1790445541.820,marker,reconciled,0.00000000,0.00000000,0.00,false,,
1790445541.865,hud,speed,,,,,"13.3 / 12.0",13.290
1790445541.865,hud,heading,,,,,"25° / 37°",24.800
1790445541.865,hud,drift,,,,,"30.25%",30.250
1790445541.865,hud,turns,,,,,"✗ turns: 3/15",
1790445541.866,hud,calib_s,,,,,"✓ Buffer 6s",
1790445541.866,marker,gnss,52.47016500,-1.48031300,322.70,true,,
1790445541.867,marker,dr,52.47026014,-1.48024451,335.20,true,,
1790445541.867,marker,reconciled,0.00000000,0.00000000,0.00,false,,
1790445541.919,hud,speed,,,,,"13.3 / 12.0",13.310
1790445541.920,hud,heading,,,,,"25° / 37°",24.800
1790445541.920,hud,drift,,,,,"29.50%",29.500
1790445541.921,hud,turns,,,,,"✗ turns: 3/15",
1790445541.921,hud,calib_s,,,,,"✓ Buffer 6s",
1790445541.921,marker,gnss,52.47016500,-1.48031300,322.70,true,,
1790445541.922,marker,dr,52.47027109,-1.48023657,335.20,true,,
1790445541.923,marker,reconciled,0.00000000,0.00000000,0.00,false,,
1790445541.973,hud,speed,,,,,"13.3 / 12.0",13.320
1790445541.974,hud,heading,,,,,"25° / 37°",25.200
1790445541.975,hud,drift,,,,,"28.86%",28.860
1790445541.975,hud,turns,,,,,"✗ turns: 3/15",
1790445541.975,hud,calib_s,,,,,"✓ Buffer 6s",
1790445541.976,marker,gnss,52.47016500,-1.48031300,322.70,true,,
1790445541.976,marker,dr,52.47028211,-1.48022843,334.80,true,,
1790445541.977,marker,reconciled,0.00000000,0.00000000,0.00,false,,
1790445542.021,hud,speed,,,,,"13.4 / 12.0",13.360
1790445542.021,hud,heading,,,,,"25° / 37°",25.000
1790445542.022,hud,drift,,,,,"28.37%",28.370
1790445542.022,hud,turns,,,,,"✗ turns: 3/15",
1790445542.022,hud,calib_s,,,,,"✓ Buffer 6s",
1790445542.023,marker,gnss,52.47016500,-1.48031300,322.70,true,,
1790445542.023,marker,dr,52.47029295,-1.48022045,335.00,true,,
1790445542.024,marker,reconciled,0.00000000,0.00000000,0.00,false,,
1790445542.072,hud,speed,,,,,"13.3 / 12.0",13.290
1790445542.072,hud,heading,,,,,"25° / 37°",25.300
1790445542.072,hud,drift,,,,,"27.95%",27.950
1790445542.073,hud,turns,,,,,"✗ turns: 3/15",
1790445542.073,hud,calib_s,,,,,"✓ Buffer 6s",
1790445542.073,marker,gnss,52.47016500,-1.48031300,322.70,true,,
1790445542.074,marker,dr,52.47030385,-1.48021242,334.70,true,,
1790445542.074,marker,reconciled,0.00000000,0.00000000,0.00,false,,
1790445542.123,hud,speed,,,,,"13.3 / 12.0",13.320
1790445542.124,hud,heading,,,,,"25° / 37°",25.000
1790445542.124,hud,drift,,,,,"30.43%",30.430
1790445542.124,hud,turns,,,,,"✗ turns: 3/15",
1790445542.124,hud,calib_s,,,,,"✓ Buffer 6s",
1790445542.125,marker,gnss,52.47016500,-1.48031300,322.70,true,,
1790445542.125,marker,dr,52.47031486,-1.48020424,335.00,true,,
1790445542.126,marker,reconciled,0.00000000,0.00000000,0.00,false,,
1790445542.177,hud,speed,,,,,"13.2 / 12.0",13.150
1790445542.177,hud,heading,,,,,"25° / 37°",25.300
1790445542.178,hud,drift,,,,,"30.01%",30.010
1790445542.178,hud,turns,,,,,"✗ turns: 3/15",
1790445542.178,hud,calib_s,,,,,"✓ Buffer 6s",
1790445542.179,marker,gnss,52.47016500,-1.48031300,322.70,true,,
1790445542.180,marker,dr,52.47032549,-1.48019624,334.70,true,,
1790445542.180,marker,reconciled,0.00000000,0.00000000,0.00,false,,
1790445542.225,hud,speed,,,,,"13.1 / 12.0",13.060
1790445542.226,hud,heading,,,,,"25° / 37°",25.300
1790445542.226,hud,drift,,,,,"29.62%",29.620
1790445542.226,hud,turns,,,,,"✗ turns: 3/15",
1790445542.227,hud,calib_s,,,,,"✓ Buffer 6s",
1790445542.227,marker,gnss,52.47016500,-1.48031300,322.70,true,,
1790445542.228,marker,dr,52.47033627,-1.48018816,334.70,true,,
1790445542.228,marker,reconciled,0.00000000,0.00000000,0.00,false,,
1790445542.277,hud,speed,,,,,"12.9 / 12.0",12.920
1790445542.277,hud,heading,,,,,"26° / 37°",25.500
1790445542.278,hud,drift,,,,,"29.24%",29.240
1790445542.278,hud,turns,,,,,"✗ turns: 3/15",
1790445542.279,hud,calib_s,,,,,"✓ Buffer 6s",
1790445542.279,marker,gnss,52.47016500,-1.48031300,322.70,true,,
1790445542.280,marker,dr,52.47034673,-1.48018030,334.50,true,,
1790445542.280,marker,reconciled,0.00000000,0.00000000,0.00,false,,
1790445542.326,hud,speed,,,,,"12.7 / 12.0",12.690
1790445542.327,hud,heading,,,,,"26° / 37°",25.500
1790445542.327,hud,drift,,,,,"28.83%",28.830
1790445542.328,hud,turns,,,,,"✗ turns: 3/15",
1790445542.328,hud,calib_s,,,,,"✓ Buffer 6s",
1790445542.328,marker,gnss,52.47016500,-1.48031300,322.70,true,,
1790445542.329,marker,dr,52.47035719,-1.48017241,334.50,true,,
1790445542.329,marker,reconciled,0.00000000,0.00000000,0.00,false,,
1790445542.379,hud,speed,,,,,"12.8 / 12.0",12.760
1790445542.380,hud,heading,,,,,"25° / 37°",25.300
1790445542.380,hud,drift,,,,,"28.49%",28.490
1790445542.380,hud,turns,,,,,"✗ turns: 3/15",
1790445542.381,hud,calib_s,,,,,"✓ Buffer 6s",
1790445542.381,marker,gnss,52.47016500,-1.48031300,322.70,true,,
1790445542.382,marker,dr,52.47036761,-1.48016455,334.70,true,,
1790445542.382,marker,reconciled,0.00000000,0.00000000,0.00,false,,
1790445542.428,hud,speed,,,,,"12.8 / 12.0",12.770
1790445542.428,hud,heading,,,,,"26° / 37°",25.700
1790445542.429,hud,drift,,,,,"28.19%",28.190
1790445542.429,hud,turns,,,,,"✗ turns: 3/15",
1790445542.429,hud,calib_s,,,,,"✓ Buffer 6s",
1790445542.429,marker,gnss,52.47016500,-1.48031300,322.70,true,,
1790445542.430,marker,dr,52.47037793,-1.48015674,334.30,true,,
1790445542.430,marker,reconciled,0.00000000,0.00000000,0.00,false,,
1790445542.481,hud,speed,,,,,"12.8 / 12.0",12.820
1790445542.482,hud,heading,,,,,"25° / 37°",25.400
1790445542.482,hud,drift,,,,,"27.90%",27.900
1790445542.482,hud,turns,,,,,"✗ turns: 3/15",
1790445542.482,hud,calib_s,,,,,"✓ Buffer 6s",
1790445542.483,marker,gnss,52.47016500,-1.48031300,322.70,true,,
1790445542.483,marker,dr,52.47038846,-1.48014864,334.60,true,,
1790445542.484,marker,reconciled,0.00000000,0.00000000,0.00,false,,
1790445542.535,hud,speed,,,,,"12.7 / 12.0",12.730
1790445542.536,hud,heading,,,,,"26° / 37°",25.600
1790445542.536,hud,drift,,,,,"27.61%",27.610
1790445542.536,hud,turns,,,,,"✗ turns: 3/15",
1790445542.536,hud,calib_s,,,,,"✓ Buffer 6s",
1790445542.537,marker,gnss,52.47016500,-1.48031300,322.70,true,,
1790445542.537,marker,dr,52.47039881,-1.48014064,334.40,true,,
1790445542.537,marker,reconciled,0.00000000,0.00000000,0.00,false,,
1790445542.583,hud,speed,,,,,"12.6 / 12.0",12.590
1790445542.584,hud,heading,,,,,"26° / 37°",25.700
1790445542.585,hud,drift,,,,,"27.32%",27.320
1790445542.585,hud,turns,,,,,"✗ turns: 3/15",
1790445542.585,hud,calib_s,,,,,"✓ Buffer 6s",
1790445542.586,marker,gnss,52.47016500,-1.48031300,322.70,true,,
1790445542.586,marker,dr,52.47040892,-1.48013278,334.30,true,,
1790445542.587,marker,reconciled,0.00000000,0.00000000,0.00,false,,
1790445542.635,hud,speed,,,,,"12.7 / 12.0",12.710
1790445542.635,hud,heading,,,,,"26° / 37°",25.900
1790445542.636,hud,drift,,,,,"27.06%",27.060
1790445542.636,hud,turns,,,,,"✗ turns: 3/15",
1790445542.636,hud,calib_s,,,,,"✓ Buffer 6s",
1790445542.637,marker,gnss,52.47016500,-1.48031300,322.70,true,,
1790445542.637,marker,dr,52.47041933,-1.48012463,334.10,true,,
1790445542.638,marker,reconciled,0.00000000,0.00000000,0.00,false,,
1790445542.686,hud,speed,,,,,"12.7 / 12.0",12.680
1790445542.687,hud,heading,,,,,"26° / 37°",25.700
1790445542.687,hud,drift,,,,,"26.80%",26.800
1790445542.687,hud,turns,,,,,"✗ turns: 3/15",
1790445542.688,hud,calib_s,,,,,"✓ Buffer 6s",
1790445542.688,marker,gnss,52.47016500,-1.48031300,322.70,true,,
1790445542.689,marker,dr,52.47042948,-1.48011659,334.30,true,,
1790445542.689,marker,reconciled,0.00000000,0.00000000,0.00,false,,
1790445542.737,hud,speed,,,,,"12.8 / 12.0",12.750
1790445542.738,hud,heading,,,,,"26° / 37°",26.100
1790445542.738,hud,drift,,,,,"26.56%",26.560
1790445542.739,hud,turns,,,,,"✗ turns: 3/15",
1790445542.739,hud,calib_s,,,,,"✓ Buffer 6s",
1790445542.740,marker,gnss,52.47016500,-1.48031300,322.70,true,,
1790445542.740,marker,dr,52.47043977,-1.48010833,333.90,true,,
1790445542.741,marker,reconciled,0.00000000,0.00000000,0.00,false,,
1790445542.790,hud,speed,,,,,"12.8 / 12.0",12.770
1790445542.791,hud,heading,,,,,"27° / 37°",26.800
1790445542.791,hud,drift,,,,,"26.33%",26.330
1790445542.791,hud,turns,,,,,"✗ turns: 3/15",
1790445542.791,hud,calib_s,,,,,"✓ Buffer 6s",
1790445542.792,marker,gnss,52.47016500,-1.48031300,322.70,true,,
1790445542.792,marker,dr,52.47045005,-1.48009998,333.20,true,,
1790445542.793,marker,reconciled,0.00000000,0.00000000,0.00,false,,
1790445542.838,hud,speed,,,,,"12.9 / 12.0",12.900
1790445542.838,hud,heading,,,,,"27° / 37°",27.100
1790445542.839,hud,drift,,,,,"26.12%",26.120
1790445542.839,hud,turns,,,,,"✗ turns: 3/15",
1790445542.839,hud,calib_s,,,,,"✓ Buffer 6s",
1790445542.840,marker,gnss,52.47016500,-1.48031300,322.70,true,,
1790445542.840,marker,dr,52.47046042,-1.48009146,332.90,true,,
1790445542.841,marker,reconciled,0.00000000,0.00000000,0.00,false,,
1790445542.893,hud,speed,,,,,"12.9 / 12.0",12.860
1790445542.893,hud,heading,,,,,"28° / 37°",27.500
1790445542.894,hud,drift,,,,,"25.90%",25.900
1790445542.894,hud,turns,,,,,"✗ turns: 3/15",
1790445542.894,hud,calib_s,,,,,"✓ Buffer 6s",
1790445542.895,marker,gnss,52.47016500,-1.48031300,322.70,true,,
1790445542.895,marker,dr,52.47047083,-1.48008281,332.50,true,,
1790445542.896,marker,reconciled,0.00000000,0.00000000,0.00,false,,
1790445542.939,hud,speed,,,,,"13.0 / 12.0",13.010
1790445542.940,hud,heading,,,,,"28° / 37°",27.600
1790445542.940,hud,drift,,,,,"25.70%",25.700
1790445542.940,hud,turns,,,,,"✗ turns: 3/15",
1790445542.940,hud,calib_s,,,,,"✓ Buffer 6s",
1790445542.941,marker,gnss,52.47016500,-1.48031300,322.70,true,,
1790445542.941,marker,dr,52.47048113,-1.48007415,332.40,true,,
1790445542.942,marker,reconciled,0.00000000,0.00000000,0.00,false,,
1790445542.991,hud,speed,,,,,"13.1 / 12.0",13.060
1790445542.992,hud,heading,,,,,"28° / 37°",27.900
1790445542.992,hud,drift,,,,,"25.53%",25.530
1790445542.992,hud,turns,,,,,"✗ turns: 3/15",
1790445542.992,hud,calib_s,,,,,"✓ Buffer 6s",
1790445542.993,marker,gnss,52.47016500,-1.48031300,322.70,true,,
1790445542.994,marker,dr,52.47049168,-1.48006529,332.10,true,,
1790445542.994,marker,reconciled,0.00000000,0.00000000,0.00,false,,
1790445543.046,hud,speed,,,,,"13.2 / 12.0",13.180
1790445543.046,hud,heading,,,,,"28° / 37°",27.800
1790445543.047,hud,drift,,,,,"25.38%",25.380
1790445543.047,hud,turns,,,,,"✗ turns: 3/15",
1790445543.047,hud,calib_s,,,,,"✓ Buffer 6s",
1790445543.048,marker,gnss,52.47016500,-1.48031300,322.70,true,,
1790445543.048,marker,dr,52.47050211,-1.48005651,332.20,true,,
1790445543.049,marker,reconciled,0.00000000,0.00000000,0.00,false,,
1790445543.094,hud,speed,,,,,"13.1 / 12.0",13.060
1790445543.094,hud,heading,,,,,"28° / 37°",28.300
1790445543.094,hud,drift,,,,,"25.19%",25.190
1790445543.095,hud,turns,,,,,"✗ turns: 3/15",
1790445543.095,hud,calib_s,,,,,"✓ Buffer 6s",
1790445543.095,marker,gnss,52.47016500,-1.48031300,322.70,true,,
1790445543.096,marker,dr,52.47051260,-1.48004746,331.70,true,,
1790445543.097,marker,reconciled,0.00000000,0.00000000,0.00,false,,
1790445543.145,hud,speed,,,,,"13.1 / 12.0",13.110
1790445543.146,hud,heading,,,,,"29° / 37°",28.800
1790445543.146,hud,drift,,,,,"25.01%",25.010
1790445543.147,hud,turns,,,,,"✗ turns: 3/15",
1790445543.147,hud,calib_s,,,,,"✓ Buffer 6s",
1790445543.148,marker,gnss,52.47016500,-1.48031300,322.70,true,,
1790445543.148,marker,dr,52.47052290,-1.48003850,331.20,true,,
1790445543.149,marker,reconciled,0.00000000,0.00000000,0.00,false,,
1790445543.200,hud,speed,,,,,"13.2 / 12.0",13.150
1790445543.200,hud,heading,,,,,"29° / 37°",28.700
1790445543.201,hud,drift,,,,,"24.84%",24.840
1790445543.201,hud,turns,,,,,"✗ turns: 3/15",
1790445543.201,hud,calib_s,,,,,"✓ Buffer 6s",
1790445543.202,marker,gnss,52.47016500,-1.48031300,322.70,true,,
1790445543.203,marker,dr,52.47053331,-1.48002934,331.30,true,,
1790445543.203,marker,reconciled,0.00000000,0.00000000,0.00,false,,
1790445543.249,hud,speed,,,,,"13.4 / 12.0",13.410
1790445543.249,hud,heading,,,,,"29° / 37°",28.600
1790445543.250,hud,drift,,,,,"24.68%",24.680
1790445543.250,hud,turns,,,,,"✗ turns: 3/15",
1790445543.250,hud,calib_s,,,,,"✓ Buffer 6s",
1790445543.251,marker,gnss,52.47016500,-1.48031300,322.70,true,,
1790445543.252,marker,dr,52.47054400,-1.48001980,331.40,true,,
1790445543.252,marker,reconciled,0.00000000,0.00000000,0.00,false,,
1790445543.301,hud,speed,,,,,"13.6 / 12.0",13.570
1790445543.302,hud,heading,,,,,"29° / 37°",28.900
1790445543.302,hud,drift,,,,,"24.54%",24.540
1790445543.303,hud,turns,,,,,"✗ turns: 3/15",
1790445543.303,hud,calib_s,,,,,"✓ Buffer 6s",
1790445543.303,marker,gnss,52.47016500,-1.48031300,322.70,true,,
1790445543.304,marker,dr,52.47055457,-1.48001023,331.10,true,,
1790445543.304,marker,reconciled,0.00000000,0.00000000,0.00,false,,
1790445543.351,hud,speed,,,,,"13.7 / 12.0",13.700
1790445543.351,hud,heading,,,,,"29° / 37°",29.100
1790445543.351,hud,drift,,,,,"24.41%",24.410
1790445543.352,hud,turns,,,,,"✗ turns: 3/15",
1790445543.352,hud,calib_s,,,,,"✓ Buffer 6s",
1790445543.352,marker,gnss,52.47016500,-1.48031300,322.70,true,,
1790445543.353,marker,dr,52.47056543,-1.48000031,330.90,true,,
1790445543.353,marker,reconciled,0.00000000,0.00000000,0.00,false,,
1790445543.403,hud,speed,,,,,"13.8 / 12.0",13.810
1790445543.404,hud,heading,,,,,"29° / 37°",29.100
1790445543.404,hud,drift,,,,,"24.30%",24.300
1790445543.404,hud,turns,,,,,"✗ turns: 3/15",
1790445543.405,hud,calib_s,,,,,"✓ Buffer 6s",
1790445543.405,marker,gnss,52.47016500,-1.48031300,322.70,true,,
1790445543.406,marker,dr,52.47057625,-1.47999038,330.90,true,,
1790445543.406,marker,reconciled,0.00000000,0.00000000,0.00,false,,
1790445543.454,hud,speed,,,,,"13.9 / 12.0",13.910
1790445543.454,hud,heading,,,,,"29° / 37°",29.400
1790445543.455,hud,drift,,,,,"24.19%",24.190
1790445543.455,hud,turns,,,,,"✗ turns: 3/15",
1790445543.455,hud,calib_s,,,,,"✓ Buffer 6s",
1790445543.456,marker,gnss,52.47016500,-1.48031300,322.70,true,,
1790445543.457,marker,dr,52.47058703,-1.47998041,330.60,true,,
1790445543.457,marker,reconciled,0.00000000,0.00000000,0.00,false,,
1790445543.506,hud,speed,,,,,"13.9 / 12.0",13.870
1790445543.507,hud,heading,,,,,"29° / 37°",29.300
1790445543.507,hud,drift,,,,,"24.09%",24.090
1790445543.507,hud,turns,,,,,"✗ turns: 3/15",
1790445543.508,hud,calib_s,,,,,"✓ Buffer 6s",
1790445543.508,marker,gnss,52.47016500,-1.48031300,322.70,true,,
1790445543.509,marker,dr,52.47059788,-1.47997036,330.70,true,,
1790445543.509,marker,reconciled,0.00000000,0.00000000,0.00,false,,
1790445543.559,hud,speed,,,,,"14.0 / 12.0",14.000
1790445543.560,hud,heading,,,,,"30° / 37°",29.500
1790445543.560,hud,drift,,,,,"24.01%",24.010
1790445543.560,hud,turns,,,,,"✗ turns: 3/15",
1790445543.560,hud,calib_s,,,,,"✓ Buffer 6s",
1790445543.561,marker,gnss,52.47016500,-1.48031300,322.70,true,,
1790445543.561,marker,dr,52.47060884,-1.47996025,330.50,true,,
1790445543.561,marker,reconciled,0.00000000,0.00000000,0.00,false,,
1790445543.606,hud,speed,,,,,"14.0 / 12.0",14.020
1790445543.606,hud,heading,,,,,"30° / 37°",29.500
1790445543.607,hud,drift,,,,,"23.94%",23.940
1790445543.607,hud,turns,,,,,"✗ turns: 3/15",
1790445543.607,hud,calib_s,,,,,"✓ Buffer 6s",
1790445543.608,marker,gnss,52.47016500,-1.48031300,322.70,true,,
1790445543.608,marker,dr,52.47061983,-1.47995014,330.50,true,,
1790445543.609,marker,reconciled,0.00000000,0.00000000,0.00,false,,
1790445543.661,hud,speed,,,,,"14.0 / 12.0",14.030
1790445543.662,hud,heading,,,,,"30° / 37°",29.800
1790445543.662,hud,drift,,,,,"23.87%",23.870
1790445543.663,hud,turns,,,,,"✗ turns: 3/15",
1790445543.663,hud,calib_s,,,,,"✓ Buffer 6s",
1790445543.664,marker,gnss,52.47016500,-1.48031300,322.70,true,,
1790445543.664,marker,dr,52.47063080,-1.47993996,330.20,true,,
1790445543.665,marker,reconciled,0.00000000,0.00000000,0.00,false,,
1790445543.708,hud,speed,,,,,"14.1 / 12.0",14.080
1790445543.708,hud,heading,,,,,"30° / 37°",29.700
1790445543.709,hud,drift,,,,,"23.80%",23.800
1790445543.709,hud,turns,,,,,"✗ turns: 3/15",
1790445543.709,hud,calib_s,,,,,"✓ Buffer 6s",
1790445543.709,marker,gnss,52.47016500,-1.48031300,322.70,true,,
1790445543.710,marker,dr,52.47064178,-1.47992968,330.30,true,,
1790445543.710,marker,reconciled,0.00000000,0.00000000,0.00,false,,
1790445543.763,hud,speed,,,,,"14.3 / 12.0",14.260
1790445543.763,hud,heading,,,,,"30° / 37°",29.900
1790445543.764,hud,drift,,,,,"23.75%",23.750
1790445543.764,hud,turns,,,,,"✗ turns: 3/15",
1790445543.764,hud,calib_s,,,,,"✓ Buffer 6s",
1790445543.764,marker,gnss,52.47016500,-1.48031300,322.70,true,,
1790445543.765,marker,dr,52.47065290,-1.47991924,330.10,true,,
1790445543.765,marker,reconciled,0.00000000,0.00000000,0.00,false,,
1790445543.814,hud,speed,,,,,"14.4 / 12.0",14.410
1790445543.815,hud,heading,,,,,"30° / 37°",30.000
1790445543.815,hud,drift,,,,,"23.70%",23.700
1790445543.815,hud,turns,,,,,"✗ turns: 3/15",
1790445543.816,hud,calib_s,,,,,"✓ Buffer 6s",
1790445543.816,marker,gnss,52.47016500,-1.48031300,322.70,true,,
1790445543.816,marker,dr,52.47066409,-1.47990859,330.00,true,,
1790445543.817,marker,reconciled,0.00000000,0.00000000,0.00,false,,
1790445543.864,hud,speed,,,,,"14.4 / 12.0",14.370
1790445543.865,hud,heading,,,,,"30° / 37°",30.300
1790445543.865,hud,drift,,,,,"23.65%",23.650
1790445543.865,hud,turns,,,,,"✗ turns: 3/15",
1790445543.865,hud,calib_s,,,,,"✓ Buffer 6s",
1790445543.866,marker,gnss,52.47016500,-1.48031300,322.70,true,,
1790445543.867,marker,dr,52.47067524,-1.47989793,329.70,true,,
1790445543.867,marker,reconciled,0.00000000,0.00000000,0.00,false,,
1790445543.917,hud,speed,,,,,"14.4 / 12.0",14.430
1790445543.917,hud,heading,,,,,"31° / 37°",30.500
1790445543.918,hud,drift,,,,,"23.61%",23.610
1790445543.918,hud,turns,,,,,"✗ turns: 3/15",
1790445543.919,hud,calib_s,,,,,"✓ Buffer 6s",
1790445543.919,marker,gnss,52.47016500,-1.48031300,322.70,true,,
1790445543.920,marker,dr,52.47068643,-1.47988720,329.50,true,,
1790445543.920,marker,reconciled,0.00000000,0.00000000,0.00,false,,
1790445543.966,hud,speed,,,,,"14.4 / 12.0",14.420
1790445543.966,hud,heading,,,,,"31° / 37°",30.700
1790445543.966,hud,drift,,,,,"23.56%",23.560
1790445543.967,hud,turns,,,,,"✗ turns: 3/15",
1790445543.967,hud,calib_s,,,,,"✓ Buffer 6s",
1790445543.968,marker,gnss,52.47016500,-1.48031300,322.70,true,,
1790445543.968,marker,dr,52.47069757,-1.47987636,329.30,true,,
1790445543.969,marker,reconciled,0.00000000,0.00000000,0.00,false,,
1790445544.016,hud,speed,,,,,"14.4 / 12.0",14.420
1790445544.017,hud,heading,,,,,"31° / 37°",31.000
1790445544.017,hud,drift,,,,,"23.50%",23.500
1790445544.017,hud,turns,,,,,"✗ turns: 3/15",
1790445544.018,hud,calib_s,,,,,"✓ Buffer 6s",
1790445544.018,marker,gnss,52.47016500,-1.48031300,322.70,true,,
1790445544.019,marker,dr,52.47070869,-1.47986546,329.00,true,,
1790445544.019,marker,reconciled,0.00000000,0.00000000,0.00,false,,
1790445544.070,hud,speed,,,,,"14.6 / 12.0",14.560
1790445544.071,hud,heading,,,,,"31° / 37°",31.300
1790445544.071,hud,drift,,,,,"23.46%",23.460
1790445544.072,hud,turns,,,,,"✗ turns: 3/15",
1790445544.072,hud,calib_s,,,,,"✓ Buffer 6s",
1790445544.072,marker,gnss,52.47016500,-1.48031300,322.70,true,,
1790445544.073,marker,dr,52.47071989,-1.47985440,328.70,true,,
1790445544.073,marker,reconciled,0.00000000,0.00000000,0.00,false,,
1790445544.117,hud,speed,,,,,"14.7 / 12.0",14.650
1790445544.117,hud,heading,,,,,"32° / 37°",31.700
1790445544.118,hud,drift,,,,,"23.42%",23.420
1790445544.118,hud,turns,,,,,"✗ turns: 3/15",
1790445544.118,hud,calib_s,,,,,"✓ Buffer 6s",
1790445544.118,marker,gnss,52.47016500,-1.48031300,322.70,true,,
1790445544.119,marker,dr,52.47073115,-1.47984321,328.30,true,,
1790445544.119,marker,reconciled,0.00000000,0.00000000,0.00,false,,
1790445544.172,hud,speed,,,,,"14.7 / 12.0",14.740
1790445544.173,hud,heading,,,,,"32° / 37°",31.700
1790445544.173,hud,drift,,,,,"23.41%",23.410
1790445544.173,hud,turns,,,,,"✗ turns: 3/15",
1790445544.173,hud,calib_s,,,,,"✓ Buffer 6s",
1790445544.174,marker,gnss,52.47016500,-1.48031300,322.70,true,,
1790445544.175,marker,dr,52.47074250,-1.47983200,328.30,true,,
1790445544.175,marker,reconciled,0.00000000,0.00000000,0.00,false,,
1790445544.225,hud,speed,,,,,"14.7 / 12.0",14.710
1790445544.225,hud,heading,,,,,"32° / 37°",32.000
1790445544.226,hud,drift,,,,,"23.38%",23.380
1790445544.226,hud,turns,,,,,"✗ turns: 3/15",
1790445544.226,hud,calib_s,,,,,"✓ Buffer 6s",
1790445544.227,marker,gnss,52.47016500,-1.48031300,322.70,true,,
1790445544.228,marker,dr,52.47075381,-1.47982077,328.00,true,,
1790445544.228,marker,reconciled,0.00000000,0.00000000,0.00,false,,
1790445544.275,hud,speed,,,,,"14.8 / 12.0",14.830
1790445544.275,hud,heading,,,,,"32° / 37°",31.700
1790445544.275,hud,drift,,,,,"23.37%",23.370
1790445544.276,hud,turns,,,,,"✗ turns: 3/15",
1790445544.276,hud,calib_s,,,,,"✓ Buffer 6s",
1790445544.276,marker,gnss,52.47016500,-1.48031300,322.70,true,,
1790445544.277,marker,dr,52.47076521,-1.47980944,328.30,true,,
1790445544.277,marker,reconciled,0.00000000,0.00000000,0.00,false,,
1790445544.329,hud,speed,,,,,"14.9 / 12.0",14.890
1790445544.329,hud,heading,,,,,"32° / 37°",31.900
1790445544.329,hud,drift,,,,,"23.37%",23.370
1790445544.330,hud,turns,,,,,"✗ turns: 3/15",
1790445544.330,hud,calib_s,,,,,"✓ Buffer 6s",
1790445544.331,marker,gnss,52.47016500,-1.48031300,322.70,true,,
1790445544.331,marker,dr,52.47077664,-1.47979805,328.10,true,,
1790445544.332,marker,reconciled,0.00000000,0.00000000,0.00,false,,
1790445544.373,hud,speed,,,,,"15.0 / 12.0",14.970
1790445544.374,hud,heading,,,,,"32° / 37°",31.800
1790445544.374,hud,drift,,,,,"23.37%",23.370
1790445544.374,hud,turns,,,,,"✗ turns: 3/15",
1790445544.375,hud,calib_s,,,,,"✓ Buffer 6s",
1790445544.375,marker,gnss,52.47016500,-1.48031300,322.70,true,,
1790445544.377,marker,dr,52.47078810,-1.47978650,328.20,true,,
1790445544.378,marker,reconciled,0.00000000,0.00000000,0.00,false,,
1790445544.427,hud,speed,,,,,"15.0 / 12.0",15.040
1790445544.427,hud,heading,,,,,"32° / 37°",32.000
1790445544.427,hud,drift,,,,,"23.37%",23.370
1790445544.428,hud,turns,,,,,"✗ turns: 3/15",
1790445544.428,hud,calib_s,,,,,"✓ Buffer 6s",
1790445544.428,marker,gnss,52.47016500,-1.48031300,322.70,true,,
1790445544.429,marker,dr,52.47079961,-1.47977489,328.00,true,,
1790445544.429,marker,reconciled,0.00000000,0.00000000,0.00,false,,
1790445544.476,hud,speed,,,,,"15.1 / 12.0",15.110
1790445544.476,hud,heading,,,,,"32° / 37°",31.800
1790445544.476,hud,drift,,,,,"23.38%",23.380
1790445544.476,hud,turns,,,,,"✗ turns: 3/15",
1790445544.476,hud,calib_s,,,,,"✓ Buffer 6s",
1790445544.477,marker,gnss,52.47016500,-1.48031300,322.70,true,,
1790445544.477,marker,dr,52.47081114,-1.47976316,328.20,true,,
1790445544.477,marker,reconciled,0.00000000,0.00000000,0.00,false,,
1790445544.532,hud,speed,,,,,"15.2 / 12.0",15.210
1790445544.533,hud,heading,,,,,"32° / 37°",31.900
1790445544.533,hud,drift,,,,,"23.40%",23.400
1790445544.533,hud,turns,,,,,"✗ turns: 3/15",
1790445544.534,hud,calib_s,,,,,"✓ Buffer 6s",
1790445544.534,marker,gnss,52.47016500,-1.48031300,322.70,true,,
1790445544.535,marker,dr,52.47082275,-1.47975134,328.10,true,,
1790445544.535,marker,reconciled,0.00000000,0.00000000,0.00,false,,
1790445544.584,hud,speed,,,,,"15.3 / 12.0",15.280
1790445544.584,hud,heading,,,,,"32° / 37°",32.000
1790445544.585,hud,drift,,,,,"23.42%",23.420
1790445544.585,hud,turns,,,,,"✗ turns: 3/15",
1790445544.585,hud,calib_s,,,,,"✓ Buffer 6s",
1790445544.586,marker,gnss,52.47016500,-1.48031300,322.70,true,,
1790445544.586,marker,dr,52.47083452,-1.47973932,328.00,true,,
1790445544.587,marker,reconciled,0.00000000,0.00000000,0.00,false,,
1790445544.631,hud,speed,,,,,"15.2 / 12.0",15.200
1790445544.631,hud,heading,,,,,"32° / 37°",32.400
1790445544.632,hud,drift,,,,,"23.44%",23.440
1790445544.632,hud,turns,,,,,"✗ turns: 3/15",
1790445544.632,hud,calib_s,,,,,"✓ Buffer 6s",
1790445544.633,marker,gnss,52.47016500,-1.48031300,322.70,true,,
1790445544.633,marker,dr,52.47084598,-1.47972756,327.60,true,,
1790445544.634,marker,reconciled,0.00000000,0.00000000,0.00,false,,
1790445544.684,hud,speed,,,,,"15.2 / 12.0",15.240
1790445544.685,hud,heading,,,,,"33° / 37°",32.600
1790445544.685,hud,drift,,,,,"23.45%",23.450
1790445544.686,hud,turns,,,,,"✗ turns: 3/15",
1790445544.686,hud,calib_s,,,,,"✓ Buffer 6s",
1790445544.687,marker,gnss,52.47016500,-1.48031300,322.70,true,,
1790445544.687,marker,dr,52.47085756,-1.47971557,327.40,true,,
1790445544.688,marker,reconciled,0.00000000,0.00000000,0.00,false,,
1790445544.735,hud,speed,,,,,"15.3 / 12.0",15.250
1790445544.736,hud,heading,,,,,"33° / 37°",32.800
1790445544.736,hud,drift,,,,,"23.47%",23.470
1790445544.736,hud,turns,,,,,"✗ turns: 3/15",
1790445544.736,hud,calib_s,,,,,"✓ Buffer 6s",
1790445544.737,marker,gnss,52.47016500,-1.48031300,322.70,true,,
1790445544.737,marker,dr,52.47086915,-1.47970358,327.20,true,,
1790445544.738,marker,reconciled,0.00000000,0.00000000,0.00,false,,
1790445544.788,hud,speed,,,,,"15.5 / 12.0",15.490
1790445544.788,hud,heading,,,,,"33° / 37°",32.500
1790445544.788,hud,drift,,,,,"23.51%",23.510
1790445544.789,hud,turns,,,,,"✗ turns: 3/15",
1790445544.789,hud,calib_s,,,,,"✓ Buffer 6s",
1790445544.789,marker,gnss,52.47016500,-1.48031300,322.70,true,,
1790445544.790,marker,dr,52.47088091,-1.47969139,327.50,true,,
1790445544.790,marker,reconciled,0.00000000,0.00000000,0.00,false,,
1790445544.839,hud,speed,,,,,"15.5 / 12.0",15.500
1790445544.840,hud,heading,,,,,"33° / 37°",32.600
1790445544.840,hud,drift,,,,,"23.56%",23.560
1790445544.840,hud,turns,,,,,"✗ turns: 3/15",
1790445544.841,hud,calib_s,,,,,"✓ Buffer 6s",
1790445544.841,marker,gnss,52.47016500,-1.48031300,322.70,true,,
1790445544.842,marker,dr,52.47089270,-1.47967924,327.40,true,,
1790445544.842,marker,reconciled,0.00000000,0.00000000,0.00,false,,
1790445544.885,hud,speed,,,,,"15.3 / 12.0",15.320
1790445544.886,hud,heading,,,,,"33° / 37°",33.000
1790445544.886,hud,drift,,,,,"23.58%",23.580
1790445544.886,hud,turns,,,,,"✗ turns: 3/15",
1790445544.887,hud,calib_s,,,,,"✓ Buffer 6s",
1790445544.888,marker,gnss,52.47016500,-1.48031300,322.70,true,,
1790445544.888,marker,dr,52.47090429,-1.47966708,327.00,true,,
1790445544.889,marker,reconciled,0.00000000,0.00000000,0.00,false,,
1790445544.937,hud,speed,,,,,"15.5 / 12.0",15.510
1790445544.937,hud,heading,,,,,"33° / 37°",33.200
1790445544.938,hud,drift,,,,,"23.62%",23.620
1790445544.938,hud,turns,,,,,"✗ turns: 3/15",
1790445544.938,hud,calib_s,,,,,"✓ Buffer 6s",
1790445544.939,marker,gnss,52.47016500,-1.48031300,322.70,true,,
1790445544.939,marker,dr,52.47091605,-1.47965481,326.80,true,,
1790445544.940,marker,reconciled,0.00000000,0.00000000,0.00,false,,
1790445544.990,hud,speed,,,,,"15.5 / 12.0",15.540
1790445544.991,hud,heading,,,,,"34° / 37°",33.500
1790445544.991,hud,drift,,,,,"23.66%",23.660
1790445544.991,hud,turns,,,,,"✗ turns: 3/15",
1790445544.991,hud,calib_s,,,,,"✓ Buffer 6s",
1790445544.992,marker,gnss,52.47016500,-1.48031300,322.70,true,,
1790445544.992,marker,dr,52.47092782,-1.47964249,326.50,true,,
1790445544.993,marker,reconciled,0.00000000,0.00000000,0.00,false,,
1790445545.042,hud,speed,,,,,"15.7 / 12.0",15.700
1790445545.042,hud,heading,,,,,"34° / 37°",33.600
1790445545.043,hud,drift,,,,,"23.71%",23.710
1790445545.043,hud,turns,,,,,"✗ turns: 3/15",
1790445545.043,hud,calib_s,,,,,"✓ Buffer 6s",
1790445545.043,marker,gnss,52.47016500,-1.48031300,322.70,true,,
1790445545.044,marker,dr,52.47093968,-1.47962997,326.40,true,,
1790445545.044,marker,reconciled,0.00000000,0.00000000,0.00,false,,
1790445545.096,hud,speed,,,,,"15.6 / 12.0",15.550
1790445545.097,hud,heading,,,,,"34° / 37°",33.900
1790445545.097,hud,drift,,,,,"23.74%",23.740
1790445545.097,hud,turns,,,,,"✗ turns: 3/15",
1790445545.097,hud,calib_s,,,,,"✓ Buffer 6s",
1790445545.098,marker,gnss,52.47016500,-1.48031300,322.70,true,,
1790445545.099,marker,dr,52.47095140,-1.47961749,326.10,true,,
1790445545.099,marker,reconciled,0.00000000,0.00000000,0.00,false,,
1790445545.141,hud,speed,,,,,"15.7 / 12.0",15.690
1790445545.141,hud,heading,,,,,"34° / 37°",34.100
1790445545.141,hud,drift,,,,,"23.78%",23.780
1790445545.142,hud,turns,,,,,"✗ turns: 3/15",
1790445545.142,hud,calib_s,,,,,"✓ Buffer 6s",
1790445545.142,marker,gnss,52.47016500,-1.48031300,322.70,true,,
1790445545.143,marker,dr,52.47096329,-1.47960464,325.90,true,,
1790445545.143,marker,reconciled,0.00000000,0.00000000,0.00,false,,
1790445545.197,hud,speed,,,,,"15.8 / 12.0",15.750
1790445545.198,hud,heading,,,,,"34° / 37°",34.300
1790445545.198,hud,drift,,,,,"23.83%",23.830
1790445545.199,hud,turns,,,,,"✗ turns: 3/15",
1790445545.199,hud,calib_s,,,,,"✓ Buffer 6s",
1790445545.199,marker,gnss,52.47016500,-1.48031300,322.70,true,,
1790445545.200,marker,dr,52.47097501,-1.47959202,325.70,true,,
1790445545.200,marker,reconciled,0.00000000,0.00000000,0.00,false,,
1790445545.246,hud,speed,,,,,"15.7 / 12.0",15.690
1790445545.247,hud,heading,,,,,"34° / 37°",34.300
1790445545.247,hud,drift,,,,,"23.88%",23.880
1790445545.248,hud,turns,,,,,"✗ turns: 3/15",
1790445545.248,hud,calib_s,,,,,"✓ Buffer 6s",
1790445545.248,marker,gnss,52.47016500,-1.48031300,322.70,true,,
1790445545.249,marker,dr,52.47098683,-1.47957938,325.70,true,,
1790445545.249,marker,reconciled,0.00000000,0.00000000,0.00,false,,
1790445545.298,hud,speed,,,,,"15.5 / 12.0",15.530
1790445545.298,hud,heading,,,,,"35° / 37°",34.500
1790445545.299,hud,drift,,,,,"23.91%",23.910
1790445545.299,hud,turns,,,,,"✗ turns: 3/15",
1790445545.299,hud,calib_s,,,,,"✓ Buffer 6s",
1790445545.300,marker,gnss,52.47016500,-1.48031300,322.70,true,,
1790445545.301,marker,dr,52.47099850,-1.47956681,325.50,true,,
1790445545.301,marker,reconciled,0.00000000,0.00000000,0.00,false,,
1790445545.352,hud,speed,,,,,"15.5 / 12.0",15.520
1790445545.353,hud,heading,,,,,"35° / 37°",34.500
1790445545.353,hud,drift,,,,,"23.94%",23.940
1790445545.353,hud,turns,,,,,"✗ turns: 3/15",
1790445545.353,hud,calib_s,,,,,"✓ Buffer 6s",
1790445545.354,marker,gnss,52.47016500,-1.48031300,322.70,true,,
1790445545.355,marker,dr,52.47101014,-1.47955420,325.50,true,,
1790445545.355,marker,reconciled,0.00000000,0.00000000,0.00,false,,
1790445545.401,hud,speed,,,,,"15.3 / 12.0",15.330
1790445545.402,hud,heading,,,,,"35° / 37°",34.900
1790445545.402,hud,drift,,,,,"23.95%",23.950
1790445545.403,hud,turns,,,,,"✗ turns: 3/15",
1790445545.403,hud,calib_s,,,,,"✓ Buffer 6s",
1790445545.403,marker,gnss,52.47016500,-1.48031300,322.70,true,,
1790445545.404,marker,dr,52.47102158,-1.47954161,325.10,true,,
1790445545.404,marker,reconciled,0.00000000,0.00000000,0.00,false,,
1790445545.450,hud,speed,,,,,"15.5 / 12.0",15.520
1790445545.451,hud,heading,,,,,"35° / 37°",35.300
1790445545.451,hud,drift,,,,,"23.97%",23.970
1790445545.452,hud,turns,,,,,"✗ turns: 3/15",
1790445545.452,hud,calib_s,,,,,"✓ Buffer 6s",
1790445545.452,marker,gnss,52.47016500,-1.48031300,322.70,true,,
1790445545.453,marker,dr,52.47103316,-1.47952886,324.70,true,,
1790445545.453,marker,reconciled,0.00000000,0.00000000,0.00,false,,
1790445545.504,hud,speed,,,,,"15.6 / 12.0",15.560
1790445545.505,hud,heading,,,,,"36° / 37°",35.500
1790445545.505,hud,drift,,,,,"23.99%",23.990
1790445545.505,hud,turns,,,,,"✗ turns: 3/15",
1790445545.505,hud,calib_s,,,,,"✓ Buffer 6s",
1790445545.506,marker,gnss,52.47016500,-1.48031300,322.70,true,,
1790445545.506,marker,dr,52.47104475,-1.47951602,324.50,true,,
1790445545.507,marker,reconciled,0.00000000,0.00000000,0.00,false,,
1790445545.555,hud,speed,,,,,"15.6 / 12.0",15.610
1790445545.556,hud,heading,,,,,"36° / 37°",35.700
1790445545.556,hud,drift,,,,,"24.02%",24.020
1790445545.557,hud,turns,,,,,"✗ turns: 3/15",
1790445545.557,hud,calib_s,,,,,"✓ Buffer 6s",
1790445545.557,marker,gnss,52.47016500,-1.48031300,322.70,true,,
1790445545.558,marker,dr,52.47105645,-1.47950289,324.30,true,,
1790445545.559,marker,reconciled,0.00000000,0.00000000,0.00,false,,
1790445545.608,hud,speed,,,,,"15.5 / 12.0",15.530
1790445545.609,hud,heading,,,,,"36° / 37°",36.100
1790445545.610,hud,drift,,,,,"24.03%",24.030
1790445545.611,hud,turns,,,,,"✗ turns: 3/15",
1790445545.611,hud,calib_s,,,,,"✓ Buffer 6s",
1790445545.611,marker,gnss,52.47016500,-1.48031300,322.70,true,,
1790445545.612,marker,dr,52.47106781,-1.47949001,323.90,true,,
1790445545.612,marker,reconciled,0.00000000,0.00000000,0.00,false,,
1790445545.655,hud,speed,,,,,"15.7 / 12.0",15.710
1790445545.655,hud,heading,,,,,"36° / 37°",36.400
1790445545.656,hud,drift,,,,,"24.05%",24.050
1790445545.656,hud,turns,,,,,"✗ turns: 3/15",
1790445545.656,hud,calib_s,,,,,"✓ Buffer 6s",
1790445545.656,marker,gnss,52.47016500,-1.48031300,322.70,true,,
1790445545.657,marker,dr,52.47107943,-1.47947684,323.60,true,,
1790445545.657,marker,reconciled,0.00000000,0.00000000,0.00,false,,
1790445545.709,hud,speed,,,,,"15.8 / 12.0",15.830
1790445545.709,hud,heading,,,,,"37° / 37°",36.700
1790445545.709,hud,drift,,,,,"24.09%",24.090
1790445545.710,hud,turns,,,,,"✗ turns: 3/15",
1790445545.710,hud,calib_s,,,,,"✓ Buffer 6s",
1790445545.711,marker,gnss,52.47016500,-1.48031300,322.70,true,,
1790445545.711,marker,dr,52.47109114,-1.47946354,323.30,true,,
1790445545.712,marker,reconciled,0.00000000,0.00000000,0.00,false,,
1790445545.760,hud,speed,,,,,"15.6 / 12.0",15.620
1790445545.761,hud,heading,,,,,"37° / 37°",36.800
1790445545.761,hud,drift,,,,,"24.12%",24.120
1790445545.761,hud,turns,,,,,"✗ turns: 3/15",
1790445545.761,hud,calib_s,,,,,"✓ Buffer 6s",
1790445545.762,marker,gnss,52.47016500,-1.48031300,322.70,true,,
1790445545.762,marker,dr,52.47110270,-1.47945038,323.20,true,,
1790445545.763,marker,reconciled,0.00000000,0.00000000,0.00,false,,
1790445545.812,hud,speed,,,,,"15.6 / 12.0",15.630
1790445545.813,hud,heading,,,,,"37° / 37°",37.000
1790445545.813,hud,drift,,,,,"24.13%",24.130
1790445545.813,hud,turns,,,,,"✗ turns: 3/15",
1790445545.814,hud,calib_s,,,,,"✓ Buffer 6s",
1790445545.814,marker,gnss,52.47016500,-1.48031300,322.70,true,,
1790445545.815,marker,dr,52.47111421,-1.47943712,323.00,true,,
1790445545.815,marker,reconciled,0.00000000,0.00000000,0.00,false,,
1790445545.866,hud,speed,,,,,"15.8 / 12.0",15.820
1790445545.867,hud,heading,,,,,"37° / 37°",36.900
1790445545.867,hud,drift,,,,,"24.17%",24.170
1790445545.867,hud,turns,,,,,"✗ turns: 3/15",
1790445545.868,hud,calib_s,,,,,"✓ Buffer 6s",
1790445545.868,marker,gnss,52.47016500,-1.48031300,322.70,true,,
1790445545.869,marker,dr,52.47112585,-1.47942364,323.10,true,,
1790445545.869,marker,reconciled,0.00000000,0.00000000,0.00,false,,
1790445545.913,hud,speed,,,,,"15.8 / 12.0",15.780
1790445545.913,hud,heading,,,,,"37° / 37°",37.000
1790445545.914,hud,drift,,,,,"24.19%",24.190
1790445545.914,hud,turns,,,,,"✗ turns: 3/15",
1790445545.915,hud,calib_s,,,,,"✓ Buffer 6s",
1790445545.915,marker,gnss,52.47016500,-1.48031300,322.70,true,,
1790445545.916,marker,dr,52.47113745,-1.47941017,323.00,true,,
1790445545.917,marker,reconciled,0.00000000,0.00000000,0.00,false,,
1790445545.967,hud,speed,,,,,"15.8 / 12.0",15.810
1790445545.967,hud,heading,,,,,"37° / 37°",37.100
1790445545.968,hud,drift,,,,,"24.22%",24.220
1790445545.968,hud,turns,,,,,"✗ turns: 3/15",
1790445545.968,hud,calib_s,,,,,"✓ Buffer 6s",
1790445545.969,marker,gnss,52.47016500,-1.48031300,322.70,true,,
1790445545.969,marker,dr,52.47114984,-1.47939569,322.90,true,,
1790445545.970,marker,reconciled,0.00000000,0.00000000,0.00,false,,
1790445546.036,hud,speed,,,,,"15.7 / 10.8",15.660
1790445546.036,hud,heading,,,,,"37° / 36°",37.100
1790445546.037,hud,drift,,,,,"26.46%",26.460
1790445546.037,hud,turns,,,,,"✗ turns: 3/15",
1790445546.038,hud,calib_s,,,,,"✓ Buffer 6s",
1790445546.038,marker,gnss,52.47091300,-1.47938000,324.00,true,,
1790445546.039,marker,dr,52.47117205,-1.47936943,322.90,true,,
1790445546.039,marker,reconciled,0.00000000,0.00000000,0.00,false,,
1790445546.063,hud,speed,,,,,"15.4 / 10.8",15.440
1790445546.064,hud,heading,,,,,"37° / 36°",36.800
1790445546.064,hud,drift,,,,,"26.54%",26.540
1790445546.064,hud,turns,,,,,"✗ turns: 3/15",
1790445546.064,hud,calib_s,,,,,"✓ Buffer 6s",
1790445546.065,marker,gnss,52.47091300,-1.47938000,324.00,true,,
1790445546.065,marker,dr,52.47118330,-1.47935613,323.20,true,,
1790445546.065,marker,reconciled,0.00000000,0.00000000,0.00,false,,
1790445546.117,hud,speed,,,,,"15.4 / 10.8",15.390
1790445546.117,hud,heading,,,,,"37° / 36°",36.700
1790445546.117,hud,drift,,,,,"26.62%",26.620
1790445546.117,hud,turns,,,,,"✗ turns: 3/15",
1790445546.118,hud,calib_s,,,,,"✓ Buffer 6s",
1790445546.118,marker,gnss,52.47091300,-1.47938000,324.00,true,,
1790445546.119,marker,dr,52.47119438,-1.47934295,323.30,true,,
1790445546.119,marker,reconciled,0.00000000,0.00000000,0.00,false,,
1790445546.170,hud,speed,,,,,"15.3 / 10.8",15.300
1790445546.170,hud,heading,,,,,"37° / 36°",36.700
1790445546.170,hud,drift,,,,,"26.71%",26.710
1790445546.171,hud,turns,,,,,"✗ turns: 3/15",
1790445546.171,hud,calib_s,,,,,"✓ Buffer 6s",
1790445546.172,marker,gnss,52.47091300,-1.47938000,324.00,true,,
1790445546.172,marker,dr,52.47120556,-1.47932982,323.30,true,,
1790445546.173,marker,reconciled,0.00000000,0.00000000,0.00,false,,
1790445546.223,hud,speed,,,,,"15.2 / 10.8",15.220
1790445546.224,hud,heading,,,,,"37° / 36°",37.000
1790445546.224,hud,drift,,,,,"26.78%",26.780
1790445546.225,hud,turns,,,,,"✗ turns: 3/15",
1790445546.225,hud,calib_s,,,,,"✓ Buffer 6s",
1790445546.225,marker,gnss,52.47091300,-1.47938000,324.00,true,,
1790445546.226,marker,dr,52.47121665,-1.47931671,323.00,true,,
1790445546.226,marker,reconciled,0.00000000,0.00000000,0.00,false,,
1790445546.272,hud,speed,,,,,"15.2 / 10.8",15.210
1790445546.272,hud,heading,,,,,"37° / 36°",36.800
1790445546.272,hud,drift,,,,,"26.85%",26.850
1790445546.273,hud,turns,,,,,"✗ turns: 3/15",
1790445546.273,hud,calib_s,,,,,"✓ Buffer 6s",
1790445546.273,marker,gnss,52.47091300,-1.47938000,324.00,true,,
1790445546.274,marker,dr,52.47122780,-1.47930375,323.20,true,,
1790445546.274,marker,reconciled,0.00000000,0.00000000,0.00,false,,
1790445546.325,hud,speed,,,,,"15.2 / 10.8",15.220
1790445546.326,hud,heading,,,,,"36° / 36°",36.400
1790445546.326,hud,drift,,,,,"26.93%",26.930
1790445546.327,hud,turns,,,,,"✗ turns: 3/15",
1790445546.327,hud,calib_s,,,,,"✓ Buffer 6s",
1790445546.327,marker,gnss,52.47091300,-1.47938000,324.00,true,,
1790445546.328,marker,dr,52.47123898,-1.47929083,323.60,true,,
1790445546.328,marker,reconciled,0.00000000,0.00000000,0.00,false,,
1790445546.375,hud,speed,,,,,"15.0 / 10.8",14.960
1790445546.376,hud,heading,,,,,"36° / 36°",36.200
1790445546.376,hud,drift,,,,,"27.00%",27.000
1790445546.376,hud,turns,,,,,"✗ turns: 3/15",
1790445546.377,hud,calib_s,,,,,"✓ Buffer 6s",
1790445546.377,marker,gnss,52.47091300,-1.47938000,324.00,true,,
1790445546.378,marker,dr,52.47125001,-1.47927827,323.80,true,,
1790445546.378,marker,reconciled,0.00000000,0.00000000,0.00,false,,
1790445546.425,hud,speed,,,,,"14.8 / 10.8",14.760
1790445546.426,hud,heading,,,,,"36° / 36°",36.100
1790445546.426,hud,drift,,,,,"27.05%",27.050
1790445546.426,hud,turns,,,,,"✗ turns: 3/15",
1790445546.426,hud,calib_s,,,,,"✓ Buffer 6s",
1790445546.427,marker,gnss,52.47091300,-1.47938000,324.00,true,,
1790445546.427,marker,dr,52.47126093,-1.47926594,323.90,true,,
1790445546.428,marker,reconciled,0.00000000,0.00000000,0.00,false,,
1790445546.496,hud,speed,,,,,"14.5 / 10.8",14.540
1790445546.497,hud,heading,,,,,"36° / 36°",36.000
1790445546.497,hud,drift,,,,,"27.13%",27.130
1790445546.498,hud,turns,,,,,"✗ turns: 3/15",
1790445546.498,hud,calib_s,,,,,"✓ Buffer 6s",
1790445546.499,marker,gnss,52.47091300,-1.47938000,324.00,true,,
1790445546.500,marker,dr,52.47128254,-1.47924162,324.00,true,,
1790445546.500,marker,reconciled,0.00000000,0.00000000,0.00,false,,
1790445546.523,hud,speed,,,,,"14.4 / 10.8",14.360
1790445546.524,hud,heading,,,,,"36° / 36°",35.600
1790445546.524,hud,drift,,,,,"27.15%",27.150
1790445546.524,hud,turns,,,,,"✗ turns: 3/15",
1790445546.524,hud,calib_s,,,,,"✓ Buffer 6s",
1790445546.524,marker,gnss,52.47091300,-1.47938000,324.00,true,,
1790445546.525,marker,dr,52.47129315,-1.47922960,324.40,true,,
1790445546.525,marker,reconciled,0.00000000,0.00000000,0.00,false,,
1790445546.578,hud,speed,,,,,"14.4 / 10.8",14.400
1790445546.579,hud,heading,,,,,"35° / 36°",35.000
1790445546.579,hud,drift,,,,,"27.18%",27.180
1790445546.580,hud,turns,,,,,"✗ turns: 3/15",
1790445546.580,hud,calib_s,,,,,"✓ Buffer 6s",
1790445546.580,marker,gnss,52.47091300,-1.47938000,324.00,true,,
1790445546.581,marker,dr,52.47130392,-1.47921747,325.00,true,,
1790445546.581,marker,reconciled,0.00000000,0.00000000,0.00,false,,
1790445546.632,hud,speed,,,,,"14.4 / 10.8",14.350
1790445546.633,hud,heading,,,,,"35° / 36°",34.500
1790445546.633,hud,drift,,,,,"27.20%",27.200
1790445546.633,hud,turns,,,,,"✗ turns: 3/15",
1790445546.634,hud,calib_s,,,,,"✓ Buffer 6s",
1790445546.634,marker,gnss,52.47091300,-1.47938000,324.00,true,,
1790445546.635,marker,dr,52.47131451,-1.47920581,325.50,true,,
1790445546.635,marker,reconciled,0.00000000,0.00000000,0.00,false,,
1790445546.681,hud,speed,,,,,"14.5 / 10.8",14.460
1790445546.682,hud,heading,,,,,"34° / 36°",34.200
1790445546.682,hud,drift,,,,,"27.24%",27.240
1790445546.682,hud,turns,,,,,"✗ turns: 3/15",
1790445546.683,hud,calib_s,,,,,"✓ Buffer 6s",
1790445546.683,marker,gnss,52.47091300,-1.47938000,324.00,true,,
1790445546.684,marker,dr,52.47132533,-1.47919404,325.80,true,,
1790445546.684,marker,reconciled,0.00000000,0.00000000,0.00,false,,
1790445546.732,hud,speed,,,,,"14.3 / 10.8",14.320
1790445546.733,hud,heading,,,,,"34° / 36°",33.600
1790445546.733,hud,drift,,,,,"27.27%",27.270
1790445546.733,hud,turns,,,,,"✗ turns: 3/15",
1790445546.733,hud,calib_s,,,,,"✓ Buffer 6s",
1790445546.734,marker,gnss,52.47091300,-1.47938000,324.00,true,,
1790445546.735,marker,dr,52.47133608,-1.47918246,326.40,true,,
1790445546.735,marker,reconciled,0.00000000,0.00000000,0.00,false,,
1790445546.788,hud,speed,,,,,"14.1 / 10.8",14.110
1790445546.788,hud,heading,,,,,"33° / 36°",33.100
1790445546.788,hud,drift,,,,,"27.29%",27.290
1790445546.789,hud,turns,,,,,"✗ turns: 3/15",
1790445546.789,hud,calib_s,,,,,"✓ Buffer 6s",
1790445546.789,marker,gnss,52.47091300,-1.47938000,324.00,true,,
1790445546.790,marker,dr,52.47134673,-1.47917120,326.90,true,,
1790445546.790,marker,reconciled,0.00000000,0.00000000,0.00,false,,
1790445546.838,hud,speed,,,,,"14.2 / 10.8",14.230
1790445546.839,hud,heading,,,,,"33° / 36°",33.100
1790445546.839,hud,drift,,,,,"27.32%",27.320
1790445546.839,hud,turns,,,,,"✗ turns: 3/15",
1790445546.840,hud,calib_s,,,,,"✓ Buffer 6s",
1790445546.840,marker,gnss,52.47091300,-1.47938000,324.00,true,,
1790445546.841,marker,dr,52.47135750,-1.47915996,326.90,true,,
1790445546.841,marker,reconciled,0.00000000,0.00000000,0.00,false,,
1790445546.886,hud,speed,,,,,"14.0 / 10.8",14.020
1790445546.887,hud,heading,,,,,"33° / 36°",32.500
1790445546.887,hud,drift,,,,,"27.34%",27.340
1790445546.888,hud,turns,,,,,"✗ turns: 3/15",
1790445546.888,hud,calib_s,,,,,"✓ Buffer 6s",
1790445546.888,marker,gnss,52.47091300,-1.47938000,324.00,true,,
1790445546.889,marker,dr,52.47136817,-1.47914897,327.50,true,,
1790445546.889,marker,reconciled,0.00000000,0.00000000,0.00,false,,
1790445546.941,hud,speed,,,,,"13.9 / 10.8",13.910
1790445546.941,hud,heading,,,,,"32° / 36°",31.800
1790445546.941,hud,drift,,,,,"27.36%",27.360
1790445546.942,hud,turns,,,,,"✗ turns: 3/15",
1790445546.942,hud,calib_s,,,,,"✓ Buffer 6s",
1790445546.943,marker,gnss,52.47091300,-1.47938000,324.00,true,,
1790445546.943,marker,dr,52.47137890,-1.47913810,328.20,true,,
1790445546.944,marker,reconciled,0.00000000,0.00000000,0.00,false,,
1790445546.991,hud,speed,,,,,"13.7 / 10.8",13.740
1790445546.992,hud,heading,,,,,"31° / 36°",31.300
1790445546.992,hud,drift,,,,,"27.36%",27.360
1790445546.992,hud,turns,,,,,"✗ turns: 3/15",
1790445546.992,hud,calib_s,,,,,"✓ Buffer 6s",
1790445546.993,marker,gnss,52.47091300,-1.47938000,324.00,true,,
1790445546.993,marker,dr,52.47138936,-1.47912772,328.70,true,,
1790445546.994,marker,reconciled,0.00000000,0.00000000,0.00,false,,
1790445547.046,hud,speed,,,,,"13.6 / 10.8",13.640
1790445547.046,hud,heading,,,,,"31° / 36°",30.900
1790445547.047,hud,drift,,,,,"27.37%",27.370
1790445547.047,hud,turns,,,,,"✗ turns: 3/15",
1790445547.047,hud,calib_s,,,,,"✓ Buffer 6s",
1790445547.048,marker,gnss,52.47091300,-1.47938000,324.00,true,,
1790445547.048,marker,dr,52.47139988,-1.47911743,329.10,true,,
1790445547.049,marker,reconciled,0.00000000,0.00000000,0.00,false,,
1790445547.091,hud,speed,,,,,"13.5 / 10.8",13.480
1790445547.092,hud,heading,,,,,"31° / 36°",30.600
1790445547.092,hud,drift,,,,,"27.36%",27.360
1790445547.093,hud,turns,,,,,"✗ turns: 3/15",
1790445547.093,hud,calib_s,,,,,"✓ Buffer 6s",
1790445547.093,marker,gnss,52.47091300,-1.47938000,324.00,true,,
1790445547.094,marker,dr,52.47141042,-1.47910729,329.40,true,,
1790445547.094,marker,reconciled,0.00000000,0.00000000,0.00,false,,
1790445547.147,hud,speed,,,,,"13.4 / 10.8",13.350
1790445547.148,hud,heading,,,,,"30° / 36°",30.200
1790445547.148,hud,drift,,,,,"27.35%",27.350
1790445547.148,hud,turns,,,,,"✗ turns: 3/15",
1790445547.148,hud,calib_s,,,,,"✓ Buffer 6s",
1790445547.149,marker,gnss,52.47091300,-1.47938000,324.00,true,,
1790445547.150,marker,dr,52.47142071,-1.47909757,329.80,true,,
1790445547.150,marker,reconciled,0.00000000,0.00000000,0.00,false,,
1790445547.195,hud,speed,,,,,"13.2 / 10.8",13.160
1790445547.195,hud,heading,,,,,"30° / 36°",29.700
1790445547.196,hud,drift,,,,,"27.33%",27.330
1790445547.196,hud,turns,,,,,"✗ turns: 3/15",
1790445547.196,hud,calib_s,,,,,"✓ Buffer 6s",
1790445547.197,marker,gnss,52.47091300,-1.47938000,324.00,true,,
1790445547.197,marker,dr,52.47143099,-1.47908801,330.30,true,,
1790445547.198,marker,reconciled,0.00000000,0.00000000,0.00,false,,
1790445547.249,hud,speed,,,,,"13.0 / 10.8",13.000
1790445547.249,hud,heading,,,,,"29° / 36°",29.400
1790445547.250,hud,drift,,,,,"27.30%",27.300
1790445547.250,hud,turns,,,,,"✗ turns: 3/15",
1790445547.250,hud,calib_s,,,,,"✓ Buffer 6s",
1790445547.251,marker,gnss,52.47091300,-1.47938000,324.00,true,,
1790445547.252,marker,dr,52.47144118,-1.47907868,330.60,true,,
1790445547.252,marker,reconciled,0.00000000,0.00000000,0.00,false,,
1790445547.300,hud,speed,,,,,"12.9 / 10.8",12.920
1790445547.301,hud,heading,,,,,"29° / 36°",29.000
1790445547.301,hud,drift,,,,,"27.26%",27.260
1790445547.301,hud,turns,,,,,"✗ turns: 3/15",
1790445547.301,hud,calib_s,,,,,"✓ Buffer 6s",
1790445547.302,marker,gnss,52.47091300,-1.47938000,324.00,true,,
1790445547.302,marker,dr,52.47145137,-1.47906958,331.00,true,,
1790445547.303,marker,reconciled,0.00000000,0.00000000,0.00,false,,
1790445547.350,hud,speed,,,,,"12.8 / 10.8",12.800
1790445547.351,hud,heading,,,,,"29° / 36°",28.600
1790445547.351,hud,drift,,,,,"27.23%",27.230
1790445547.351,hud,turns,,,,,"✗ turns: 3/15",
1790445547.352,hud,calib_s,,,,,"✓ Buffer 6s",
1790445547.352,marker,gnss,52.47091300,-1.47938000,324.00,true,,
1790445547.353,marker,dr,52.47146151,-1.47906069,331.40,true,,
1790445547.353,marker,reconciled,0.00000000,0.00000000,0.00,false,,
1790445547.403,hud,speed,,,,,"12.7 / 10.8",12.670
1790445547.404,hud,heading,,,,,"28° / 36°",28.400
1790445547.404,hud,drift,,,,,"27.18%",27.180
1790445547.405,hud,turns,,,,,"✗ turns: 3/15",
1790445547.405,hud,calib_s,,,,,"✓ Buffer 6s",
1790445547.405,marker,gnss,52.47091300,-1.47938000,324.00,true,,
1790445547.406,marker,dr,52.47147157,-1.47905200,331.60,true,,
1790445547.407,marker,reconciled,0.00000000,0.00000000,0.00,false,,
1790445547.452,hud,speed,,,,,"12.6 / 10.8",12.580
1790445547.452,hud,heading,,,,,"28° / 36°",28.000
1790445547.453,hud,drift,,,,,"27.14%",27.140
1790445547.453,hud,turns,,,,,"✗ turns: 3/15",
1790445547.453,hud,calib_s,,,,,"✓ Buffer 6s",
1790445547.453,marker,gnss,52.47091300,-1.47938000,324.00,true,,
1790445547.454,marker,dr,52.47148161,-1.47904353,332.00,true,,
1790445547.455,marker,reconciled,0.00000000,0.00000000,0.00,false,,
1790445547.504,hud,speed,,,,,"12.6 / 10.8",12.640
1790445547.504,hud,heading,,,,,"28° / 36°",27.700
1790445547.505,hud,drift,,,,,"27.10%",27.100
1790445547.505,hud,turns,,,,,"✗ turns: 3/15",
1790445547.505,hud,calib_s,,,,,"✓ Buffer 6s",
1790445547.506,marker,gnss,52.47091300,-1.47938000,324.00,true,,
1790445547.507,marker,dr,52.47149185,-1.47903514,332.30,true,,
1790445547.507,marker,reconciled,0.00000000,0.00000000,0.00,false,,
1790445547.556,hud,speed,,,,,"12.7 / 10.8",12.660
1790445547.557,hud,heading,,,,,"27° / 36°",27.400
1790445547.557,hud,drift,,,,,"27.07%",27.070
1790445547.557,hud,turns,,,,,"✗ turns: 3/15",
1790445547.558,hud,calib_s,,,,,"✓ Buffer 6s",
1790445547.558,marker,gnss,52.47091300,-1.47938000,324.00,true,,
1790445547.559,marker,dr,52.47150192,-1.47902693,332.60,true,,
1790445547.559,marker,reconciled,0.00000000,0.00000000,0.00,false,,
1790445547.605,hud,speed,,,,,"12.6 / 10.8",12.550
1790445547.606,hud,heading,,,,,"27° / 36°",26.900
1790445547.606,hud,drift,,,,,"27.03%",27.030
1790445547.606,hud,turns,,,,,"✗ turns: 3/15",
1790445547.607,hud,calib_s,,,,,"✓ Buffer 6s",
1790445547.607,marker,gnss,52.47091300,-1.47938000,324.00,true,,
1790445547.608,marker,dr,52.47151208,-1.47901895,333.10,true,,
1790445547.608,marker,reconciled,0.00000000,0.00000000,0.00,false,,
1790445547.656,hud,speed,,,,,"12.7 / 10.8",12.690
1790445547.657,hud,heading,,,,,"26° / 36°",26.400
1790445547.657,hud,drift,,,,,"27.01%",27.010
1790445547.657,hud,turns,,,,,"✗ turns: 3/15",
1790445547.657,hud,calib_s,,,,,"✓ Buffer 6s",
1790445547.658,marker,gnss,52.47091300,-1.47938000,324.00,true,,
1790445547.659,marker,dr,52.47152250,-1.47901095,333.60,true,,
1790445547.659,marker,reconciled,0.00000000,0.00000000,0.00,false,,
1790445547.709,hud,speed,,,,,"12.8 / 10.8",12.750
1790445547.709,hud,heading,,,,,"26° / 36°",25.900
1790445547.709,hud,drift,,,,,"26.99%",26.990
1790445547.710,hud,turns,,,,,"✗ turns: 3/15",
1790445547.710,hud,calib_s,,,,,"✓ Buffer 6s",
1790445547.710,marker,gnss,52.47091300,-1.47938000,324.00,true,,
1790445547.711,marker,dr,52.47153289,-1.47900309,334.10,true,,
1790445547.711,marker,reconciled,0.00000000,0.00000000,0.00,false,,
1790445547.760,hud,speed,,,,,"12.7 / 10.8",12.720
1790445547.761,hud,heading,,,,,"26° / 36°",25.700
1790445547.761,hud,drift,,,,,"26.97%",26.970
1790445547.762,hud,turns,,,,,"✗ turns: 3/15",
1790445547.762,hud,calib_s,,,,,"✓ Buffer 6s",
1790445547.762,marker,gnss,52.47091300,-1.47938000,324.00,true,,
1790445547.763,marker,dr,52.47154327,-1.47899532,334.30,true,,
1790445547.763,marker,reconciled,0.00000000,0.00000000,0.00,false,,
1790445547.809,hud,speed,,,,,"12.7 / 10.8",12.740
1790445547.810,hud,heading,,,,,"25° / 36°",25.300
1790445547.810,hud,drift,,,,,"26.96%",26.960
1790445547.811,hud,turns,,,,,"✗ turns: 3/15",
1790445547.811,hud,calib_s,,,,,"✓ Buffer 6s",
1790445547.811,marker,gnss,52.47091300,-1.47938000,324.00,true,,
1790445547.812,marker,dr,52.47155361,-1.47898778,334.70,true,,
1790445547.812,marker,reconciled,0.00000000,0.00000000,0.00,false,,
1790445547.858,hud,speed,,,,,"12.8 / 10.8",12.790
1790445547.858,hud,heading,,,,,"25° / 36°",24.800
1790445547.858,hud,drift,,,,,"26.95%",26.950
1790445547.859,hud,turns,,,,,"✗ turns: 3/15",
1790445547.859,hud,calib_s,,,,,"✓ Buffer 6s",
1790445547.859,marker,gnss,52.47091300,-1.47938000,324.00,true,,
1790445547.860,marker,dr,52.47156415,-1.47898028,335.20,true,,
1790445547.860,marker,reconciled,0.00000000,0.00000000,0.00,false,,
1790445547.914,hud,speed,,,,,"12.7 / 10.8",12.740
1790445547.915,hud,heading,,,,,"25° / 36°",24.600
1790445547.915,hud,drift,,,,,"26.95%",26.950
1790445547.915,hud,turns,,,,,"✗ turns: 3/15",
1790445547.916,hud,calib_s,,,,,"✓ Buffer 6s",
1790445547.916,marker,gnss,52.47091300,-1.47938000,324.00,true,,
1790445547.917,marker,dr,52.47157464,-1.47897291,335.40,true,,
1790445547.917,marker,reconciled,0.00000000,0.00000000,0.00,false,,
1790445547.963,hud,speed,,,,,"12.9 / 10.8",12.870
1790445547.964,hud,heading,,,,,"24° / 36°",24.200
1790445547.964,hud,drift,,,,,"26.95%",26.950
1790445547.964,hud,turns,,,,,"✗ turns: 3/15",
1790445547.964,hud,calib_s,,,,,"✓ Buffer 6s",
1790445547.965,marker,gnss,52.47091300,-1.47938000,324.00,true,,
1790445547.966,marker,dr,52.47158529,-1.47896561,335.80,true,,
1790445547.967,marker,reconciled,0.00000000,0.00000000,0.00,false,,
1790445548.014,hud,speed,,,,,"13.1 / 10.8",13.050
1790445548.014,hud,heading,,,,,"24° / 36°",24.100
1790445548.015,hud,drift,,,,,"26.96%",26.960
1790445548.015,hud,turns,,,,,"✗ turns: 3/15",
1790445548.015,hud,calib_s,,,,,"✓ Buffer 6s",
1790445548.016,marker,gnss,52.47091300,-1.47938000,324.00,true,,
1790445548.016,marker,dr,52.47159607,-1.47895822,335.90,true,,
1790445548.017,marker,reconciled,0.00000000,0.00000000,0.00,false,,
1790445548.065,hud,speed,,,,,"13.1 / 10.8",13.080
1790445548.065,hud,heading,,,,,"24° / 36°",23.500
1790445548.066,hud,drift,,,,,"26.98%",26.980
1790445548.066,hud,turns,,,,,"✗ turns: 3/15",
1790445548.066,hud,calib_s,,,,,"✓ Buffer 6s",
1790445548.067,marker,gnss,52.47091300,-1.47938000,324.00,true,,
1790445548.067,marker,dr,52.47160703,-1.47895079,336.50,true,,
1790445548.068,marker,reconciled,0.00000000,0.00000000,0.00,false,,
1790445548.116,hud,speed,,,,,"13.2 / 10.8",13.160
1790445548.117,hud,heading,,,,,"23° / 36°",23.200
1790445548.117,hud,drift,,,,,"27.00%",27.000
1790445548.117,hud,turns,,,,,"✗ turns: 3/15",
1790445548.117,hud,calib_s,,,,,"✓ Buffer 6s",
1790445548.118,marker,gnss,52.47091300,-1.47938000,324.00,true,,
1790445548.119,marker,dr,52.47161786,-1.47894356,336.80,true,,
1790445548.119,marker,reconciled,0.00000000,0.00000000,0.00,false,,
1790445548.168,hud,speed,,,,,"13.2 / 10.8",13.170
1790445548.168,hud,heading,,,,,"23° / 36°",23.000
1790445548.169,hud,drift,,,,,"27.03%",27.030
1790445548.169,hud,turns,,,,,"✗ turns: 3/15",
1790445548.169,hud,calib_s,,,,,"✓ Buffer 6s",
1790445548.170,marker,gnss,52.47091300,-1.47938000,324.00,true,,
1790445548.170,marker,dr,52.47162882,-1.47893637,337.00,true,,
1790445548.171,marker,reconciled,0.00000000,0.00000000,0.00,false,,
1790445548.219,hud,speed,,,,,"13.2 / 10.8",13.160
1790445548.220,hud,heading,,,,,"23° / 36°",22.900
1790445548.220,hud,drift,,,,,"27.05%",27.050
1790445548.220,hud,turns,,,,,"✗ turns: 3/15",
1790445548.220,hud,calib_s,,,,,"✓ Buffer 6s",
1790445548.221,marker,gnss,52.47091300,-1.47938000,324.00,true,,
1790445548.221,marker,dr,52.47163986,-1.47892902,337.10,true,,
1790445548.222,marker,reconciled,0.00000000,0.00000000,0.00,false,,
1790445548.271,hud,speed,,,,,"13.1 / 10.8",13.110
1790445548.272,hud,heading,,,,,"23° / 36°",23.000
1790445548.272,hud,drift,,,,,"27.07%",27.070
1790445548.272,hud,turns,,,,,"✗ turns: 3/15",
1790445548.272,hud,calib_s,,,,,"✓ Buffer 6s",
1790445548.273,marker,gnss,52.47091300,-1.47938000,324.00,true,,
1790445548.273,marker,dr,52.47165066,-1.47892188,337.00,true,,
1790445548.274,marker,reconciled,0.00000000,0.00000000,0.00,false,,
1790445548.321,hud,speed,,,,,"13.1 / 10.8",13.130
1790445548.322,hud,heading,,,,,"23° / 36°",22.700
1790445548.322,hud,drift,,,,,"27.10%",27.100
1790445548.323,hud,turns,,,,,"✗ turns: 3/15",
1790445548.323,hud,calib_s,,,,,"✓ Buffer 6s",
1790445548.323,marker,gnss,52.47091300,-1.47938000,324.00,true,,
1790445548.324,marker,dr,52.47166160,-1.47891471,337.30,true,,
1790445548.324,marker,reconciled,0.00000000,0.00000000,0.00,false,,
1790445548.372,hud,speed,,,,,"13.1 / 10.8",13.110
1790445548.372,hud,heading,,,,,"23° / 36°",22.700
1790445548.372,hud,drift,,,,,"27.12%",27.120
1790445548.373,hud,turns,,,,,"✗ turns: 3/15",
1790445548.373,hud,calib_s,,,,,"✓ Buffer 6s",
1790445548.373,marker,gnss,52.47091300,-1.47938000,324.00,true,,
1790445548.374,marker,dr,52.47167252,-1.47890761,337.30,true,,
1790445548.374,marker,reconciled,0.00000000,0.00000000,0.00,false,,
1790445548.424,hud,speed,,,,,"13.1 / 10.8",13.140
1790445548.425,hud,heading,,,,,"23° / 36°",22.500
1790445548.425,hud,drift,,,,,"27.15%",27.150
1790445548.426,hud,turns,,,,,"✗ turns: 3/15",
1790445548.426,hud,calib_s,,,,,"✓ Buffer 6s",
1790445548.427,marker,gnss,52.47091300,-1.47938000,324.00,true,,
1790445548.427,marker,dr,52.47168349,-1.47890052,337.50,true,,
1790445548.428,marker,reconciled,0.00000000,0.00000000,0.00,false,,
1790445548.475,hud,speed,,,,,"13.1 / 10.8",13.140
1790445548.475,hud,heading,,,,,"22° / 36°",22.100
1790445548.476,hud,drift,,,,,"27.17%",27.170
1790445548.476,hud,turns,,,,,"✗ turns: 3/15",
1790445548.476,hud,calib_s,,,,,"✓ Buffer 6s",
1790445548.477,marker,gnss,52.47091300,-1.47938000,324.00,true,,
1790445548.477,marker,dr,52.47169458,-1.47889335,337.90,true,,
1790445548.477,marker,reconciled,0.00000000,0.00000000,0.00,false,,
1790445548.525,hud,speed,,,,,"13.1 / 10.8",13.140
1790445548.525,hud,heading,,,,,"22° / 36°",21.900
1790445548.525,hud,drift,,,,,"27.20%",27.200
1790445548.526,hud,turns,,,,,"✗ turns: 3/15",
1790445548.526,hud,calib_s,,,,,"✓ Buffer 6s",
1790445548.527,marker,gnss,52.47091300,-1.47938000,324.00,true,,
1790445548.527,marker,dr,52.47170544,-1.47888629,338.10,true,,
1790445548.528,marker,reconciled,0.00000000,0.00000000,0.00,false,,
1790445548.577,hud,speed,,,,,"13.2 / 10.8",13.230
1790445548.578,hud,heading,,,,,"22° / 36°",21.700
1790445548.578,hud,drift,,,,,"27.23%",27.230
1790445548.579,hud,turns,,,,,"✗ turns: 3/15",
1790445548.579,hud,calib_s,,,,,"✓ Buffer 6s",
1790445548.579,marker,gnss,52.47091300,-1.47938000,324.00,true,,
1790445548.580,marker,dr,52.47171651,-1.47887918,338.30,true,,
1790445548.580,marker,reconciled,0.00000000,0.00000000,0.00,false,,
1790445548.627,hud,speed,,,,,"13.3 / 10.8",13.320
1790445548.628,hud,heading,,,,,"22° / 36°",21.700
1790445548.628,hud,drift,,,,,"27.27%",27.270
1790445548.628,hud,turns,,,,,"✗ turns: 3/15",
1790445548.629,hud,calib_s,,,,,"✓ Buffer 6s",
1790445548.629,marker,gnss,52.47091300,-1.47938000,324.00,true,,
1790445548.630,marker,dr,52.47172777,-1.47887205,338.30,true,,
1790445548.630,marker,reconciled,0.00000000,0.00000000,0.00,false,,
1790445548.681,hud,speed,,,,,"13.4 / 10.8",13.380
1790445548.681,hud,heading,,,,,"22° / 36°",21.500
1790445548.681,hud,drift,,,,,"27.31%",27.310
1790445548.682,hud,turns,,,,,"✗ turns: 3/15",
1790445548.682,hud,calib_s,,,,,"✓ Buffer 6s",
1790445548.683,marker,gnss,52.47091300,-1.47938000,324.00,true,,
1790445548.683,marker,dr,52.47173886,-1.47886501,338.50,true,,
1790445548.684,marker,reconciled,0.00000000,0.00000000,0.00,false,,
1790445548.729,hud,speed,,,,,"13.4 / 10.8",13.440
1790445548.730,hud,heading,,,,,"21° / 36°",21.300
1790445548.730,hud,drift,,,,,"27.36%",27.360
1790445548.731,hud,turns,,,,,"✗ turns: 3/15",
1790445548.731,hud,calib_s,,,,,"✓ Buffer 6s",
1790445548.731,marker,gnss,52.47091300,-1.47938000,324.00,true,,
1790445548.732,marker,dr,52.47175016,-1.47885801,338.70,true,,
1790445548.732,marker,reconciled,0.00000000,0.00000000,0.00,false,,
1790445548.779,hud,speed,,,,,"13.5 / 10.8",13.490
1790445548.780,hud,heading,,,,,"21° / 36°",21.000
1790445548.780,hud,drift,,,,,"27.41%",27.410
1790445548.780,hud,turns,,,,,"✗ turns: 3/15",
1790445548.780,hud,calib_s,,,,,"✓ Buffer 6s",
1790445548.781,marker,gnss,52.47091300,-1.47938000,324.00,true,,
1790445548.782,marker,dr,52.47176153,-1.47885116,339.00,true,,
1790445548.782,marker,reconciled,0.00000000,0.00000000,0.00,false,,
1790445548.832,hud,speed,,,,,"13.4 / 10.8",13.400
1790445548.833,hud,heading,,,,,"21° / 36°",20.600
1790445548.833,hud,drift,,,,,"27.46%",27.460
1790445548.833,hud,turns,,,,,"✗ turns: 3/15",
1790445548.834,hud,calib_s,,,,,"✓ Buffer 6s",
1790445548.834,marker,gnss,52.47091300,-1.47938000,324.00,true,,
1790445548.835,marker,dr,52.47177285,-1.47884445,339.40,true,,
1790445548.835,marker,reconciled,0.00000000,0.00000000,0.00,false,,
1790445548.882,hud,speed,,,,,"13.2 / 10.8",13.200
1790445548.882,hud,heading,,,,,"21° / 36°",20.700
1790445548.883,hud,drift,,,,,"27.50%",27.500
1790445548.883,hud,turns,,,,,"✗ turns: 3/15",
1790445548.883,hud,calib_s,,,,,"✓ Buffer 6s",
1790445548.884,marker,gnss,52.47091300,-1.47938000,324.00,true,,
1790445548.885,marker,dr,52.47178400,-1.47883792,339.30,true,,
1790445548.885,marker,reconciled,0.00000000,0.00000000,0.00,false,,
1790445548.933,hud,speed,,,,,"13.3 / 10.8",13.310
1790445548.933,hud,heading,,,,,"21° / 36°",20.500
1790445548.933,hud,drift,,,,,"27.54%",27.540
1790445548.934,hud,turns,,,,,"✗ turns: 3/15",
1790445548.934,hud,calib_s,,,,,"✓ Buffer 6s",
1790445548.934,marker,gnss,52.47091300,-1.47938000,324.00,true,,
1790445548.935,marker,dr,52.47179523,-1.47883122,339.50,true,,
1790445548.936,marker,reconciled,0.00000000,0.00000000,0.00,false,,
1790445548.984,hud,speed,,,,,"13.2 / 10.8",13.180
1790445548.984,hud,heading,,,,,"20° / 36°",20.300
1790445548.985,hud,drift,,,,,"27.58%",27.580
1790445548.985,hud,turns,,,,,"✗ turns: 3/15",
1790445548.985,hud,calib_s,,,,,"✓ Buffer 6s",
1790445548.986,marker,gnss,52.47091300,-1.47938000,324.00,true,,
1790445548.987,marker,dr,52.47180636,-1.47882462,339.70,true,,
1790445548.987,marker,reconciled,0.00000000,0.00000000,0.00,false,,
1790445549.033,hud,speed,,,,,"13.2 / 10.8",13.220
1790445549.034,hud,heading,,,,,"20° / 36°",20.000
1790445549.034,hud,drift,,,,,"27.62%",27.620
1790445549.035,hud,turns,,,,,"✗ turns: 3/15",
1790445549.035,hud,calib_s,,,,,"✓ Buffer 6s",
1790445549.035,marker,gnss,52.47091300,-1.47938000,324.00,true,,
1790445549.036,marker,dr,52.47181757,-1.47881823,340.00,true,,
1790445549.036,marker,reconciled,0.00000000,0.00000000,0.00,false,,
1790445549.089,hud,speed,,,,,"13.2 / 10.8",13.170
1790445549.090,hud,heading,,,,,"20° / 36°",19.600
1790445549.090,hud,drift,,,,,"27.66%",27.660
1790445549.090,hud,turns,,,,,"✗ turns: 3/15",
1790445549.090,hud,calib_s,,,,,"✓ Buffer 6s",
1790445549.091,marker,gnss,52.47091300,-1.47938000,324.00,true,,
1790445549.091,marker,dr,52.47182877,-1.47881200,340.40,true,,
1790445549.092,marker,reconciled,0.00000000,0.00000000,0.00,false,,
1790445549.137,hud,speed,,,,,"12.9 / 10.8",12.890
1790445549.138,hud,heading,,,,,"19° / 36°",19.400
1790445549.139,hud,drift,,,,,"27.68%",27.680
1790445549.139,hud,turns,,,,,"✗ turns: 3/15",
1790445549.139,hud,calib_s,,,,,"✓ Buffer 6s",
1790445549.140,marker,gnss,52.47091300,-1.47938000,324.00,true,,
1790445549.140,marker,dr,52.47183986,-1.47880593,340.60,true,,
1790445549.141,marker,reconciled,0.00000000,0.00000000,0.00,false,,
1790445549.188,hud,speed,,,,,"12.8 / 10.8",12.760
1790445549.188,hud,heading,,,,,"19° / 36°",19.200
1790445549.189,hud,drift,,,,,"27.71%",27.710
1790445549.189,hud,turns,,,,,"✗ turns: 3/15",
1790445549.189,hud,calib_s,,,,,"✓ Buffer 6s",
1790445549.189,marker,gnss,52.47091300,-1.47938000,324.00,true,,
1790445549.190,marker,dr,52.47185063,-1.47880013,340.80,true,,
1790445549.190,marker,reconciled,0.00000000,0.00000000,0.00,false,,
1790445549.241,hud,speed,,,,,"12.8 / 10.8",12.760
1790445549.241,hud,heading,,,,,"19° / 36°",19.200
1790445549.242,hud,drift,,,,,"27.73%",27.730
1790445549.242,hud,turns,,,,,"✗ turns: 3/15",
1790445549.243,hud,calib_s,,,,,"✓ Buffer 6s",
1790445549.243,marker,gnss,52.47091300,-1.47938000,324.00,true,,
1790445549.244,marker,dr,52.47186161,-1.47879429,340.80,true,,
1790445549.244,marker,reconciled,0.00000000,0.00000000,0.00,false,,
1790445549.292,hud,speed,,,,,"12.5 / 10.8",12.520
1790445549.292,hud,heading,,,,,"19° / 36°",19.000
1790445549.292,hud,drift,,,,,"27.74%",27.740
1790445549.293,hud,turns,,,,,"✗ turns: 3/15",
1790445549.293,hud,calib_s,,,,,"✓ Buffer 6s",
1790445549.293,marker,gnss,52.47091300,-1.47938000,324.00,true,,
1790445549.294,marker,dr,52.47187220,-1.47878869,341.00,true,,
1790445549.295,marker,reconciled,0.00000000,0.00000000,0.00,false,,
1790445549.345,hud,speed,,,,,"12.3 / 10.8",12.330
1790445549.345,hud,heading,,,,,"19° / 36°",18.800
1790445549.345,hud,drift,,,,,"27.74%",27.740
1790445549.346,hud,turns,,,,,"✗ turns: 3/15",
1790445549.346,hud,calib_s,,,,,"✓ Buffer 6s",
1790445549.346,marker,gnss,52.47091300,-1.47938000,324.00,true,,
1790445549.347,marker,dr,52.47188274,-1.47878316,341.20,true,,
1790445549.348,marker,reconciled,0.00000000,0.00000000,0.00,false,,
1790445549.395,hud,speed,,,,,"12.2 / 10.8",12.170
1790445549.396,hud,heading,,,,,"19° / 36°",18.700
1790445549.396,hud,drift,,,,,"27.73%",27.730
1790445549.397,hud,turns,,,,,"✗ turns: 3/15",
1790445549.397,hud,calib_s,,,,,"✓ Buffer 6s",
1790445549.397,marker,gnss,52.47091300,-1.47938000,324.00,true,,
1790445549.398,marker,dr,52.47189315,-1.47877775,341.30,true,,
1790445549.399,marker,reconciled,0.00000000,0.00000000,0.00,false,,
1790445549.446,hud,speed,,,,,"12.1 / 10.8",12.140
1790445549.447,hud,heading,,,,,"19° / 36°",18.500
1790445549.447,hud,drift,,,,,"27.73%",27.730
1790445549.447,hud,turns,,,,,"✗ turns: 3/15",
1790445549.448,hud,calib_s,,,,,"✓ Buffer 6s",
1790445549.448,marker,gnss,52.47091300,-1.47938000,324.00,true,,
1790445549.449,marker,dr,52.47190355,-1.47877244,341.50,true,,
1790445549.450,marker,reconciled,0.00000000,0.00000000,0.00,false,,
1790445549.498,hud,speed,,,,,"11.9 / 10.8",11.930
1790445549.498,hud,heading,,,,,"18° / 36°",18.100
1790445549.499,hud,drift,,,,,"27.71%",27.710
1790445549.499,hud,turns,,,,,"✗ turns: 3/15",
1790445549.499,hud,calib_s,,,,,"✓ Buffer 6s",
1790445549.500,marker,gnss,52.47091300,-1.47938000,324.00,true,,
1790445549.500,marker,dr,52.47191379,-1.47876726,341.90,true,,
1790445549.501,marker,reconciled,0.00000000,0.00000000,0.00,false,,
1790445549.569,hud,speed,,,,,"11.8 / 10.8",11.790
1790445549.570,hud,heading,,,,,"18° / 36°",17.500
1790445549.571,hud,drift,,,,,"27.69%",27.690
1790445549.571,hud,turns,,,,,"✗ turns: 3/15",
1790445549.571,hud,calib_s,,,,,"✓ Buffer 6s",
1790445549.572,marker,gnss,52.47091300,-1.47938000,324.00,true,,
1790445549.572,marker,dr,52.47193422,-1.47875738,342.50,true,,
1790445549.573,marker,reconciled,0.00000000,0.00000000,0.00,false,,
1790445549.592,hud,speed,,,,,"11.6 / 10.8",11.560
1790445549.593,hud,heading,,,,,"17° / 36°",17.300
1790445549.593,hud,drift,,,,,"27.66%",27.660
1790445549.593,hud,turns,,,,,"✗ turns: 3/15",
1790445549.593,hud,calib_s,,,,,"✓ Buffer 6s",
1790445549.594,marker,gnss,52.47091300,-1.47938000,324.00,true,,
1790445549.594,marker,dr,52.47194419,-1.47875267,342.70,true,,
1790445549.595,marker,reconciled,0.00000000,0.00000000,0.00,false,,
1790445549.650,hud,speed,,,,,"11.5 / 10.8",11.500
1790445549.650,hud,heading,,,,,"17° / 36°",17.400
1790445549.650,hud,drift,,,,,"27.63%",27.630
1790445549.651,hud,turns,,,,,"✗ turns: 3/15",
1790445549.651,hud,calib_s,,,,,"✓ Buffer 6s",
1790445549.651,marker,gnss,52.47091300,-1.47938000,324.00,true,,
1790445549.652,marker,dr,52.47195420,-1.47874793,342.60,true,,
1790445549.652,marker,reconciled,0.00000000,0.00000000,0.00,false,,
1790445549.701,hud,speed,,,,,"11.6 / 10.8",11.570
1790445549.702,hud,heading,,,,,"17° / 36°",17.300
1790445549.702,hud,drift,,,,,"27.61%",27.610
1790445549.703,hud,turns,,,,,"✗ turns: 3/15",
1790445549.703,hud,calib_s,,,,,"✓ Buffer 6s",
1790445549.703,marker,gnss,52.47091300,-1.47938000,324.00,true,,
1790445549.704,marker,dr,52.47196417,-1.47874328,342.70,true,,
1790445549.704,marker,reconciled,0.00000000,0.00000000,0.00,false,,
1790445549.751,hud,speed,,,,,"11.5 / 10.8",11.510
1790445549.752,hud,heading,,,,,"18° / 36°",17.600
1790445549.752,hud,drift,,,,,"27.58%",27.580
1790445549.752,hud,turns,,,,,"✗ turns: 3/15",
1790445549.753,hud,calib_s,,,,,"✓ Buffer 6s",
1790445549.753,marker,gnss,52.47091300,-1.47938000,324.00,true,,
1790445549.754,marker,dr,52.47197410,-1.47873856,342.40,true,,
1790445549.754,marker,reconciled,0.00000000,0.00000000,0.00,false,,
1790445549.805,hud,speed,,,,,"11.4 / 10.8",11.440
1790445549.805,hud,heading,,,,,"17° / 36°",17.300
1790445549.805,hud,drift,,,,,"27.56%",27.560
1790445549.806,hud,turns,,,,,"✗ turns: 3/15",
1790445549.806,hud,calib_s,,,,,"✓ Buffer 6s",
1790445549.806,marker,gnss,52.47091300,-1.47938000,324.00,true,,
1790445549.807,marker,dr,52.47198397,-1.47873386,342.70,true,,
1790445549.807,marker,reconciled,0.00000000,0.00000000,0.00,false,,
1790445549.853,hud,speed,,,,,"11.5 / 10.8",11.540
1790445549.854,hud,heading,,,,,"17° / 36°",16.600
1790445549.854,hud,drift,,,,,"27.54%",27.540
1790445549.854,hud,turns,,,,,"✗ turns: 3/15",
1790445549.855,hud,calib_s,,,,,"✓ Buffer 6s",
1790445549.855,marker,gnss,52.47091300,-1.47938000,324.00,true,,
1790445549.856,marker,dr,52.47199395,-1.47872930,343.40,true,,
1790445549.856,marker,reconciled,0.00000000,0.00000000,0.00,false,,
1790445549.907,hud,speed,,,,,"11.5 / 10.8",11.530
1790445549.908,hud,heading,,,,,"17° / 36°",16.600
1790445549.908,hud,drift,,,,,"27.52%",27.520
1790445549.908,hud,turns,,,,,"✗ turns: 3/15",
1790445549.909,hud,calib_s,,,,,"✓ Buffer 6s",
1790445549.909,marker,gnss,52.47091300,-1.47938000,324.00,true,,
1790445549.910,marker,dr,52.47200394,-1.47872494,343.40,true,,
1790445549.910,marker,reconciled,0.00000000,0.00000000,0.00,false,,
1790445549.953,hud,speed,,,,,"11.5 / 10.8",11.500
1790445549.954,hud,heading,,,,,"16° / 36°",15.900
1790445549.954,hud,drift,,,,,"27.50%",27.500
1790445549.954,hud,turns,,,,,"✗ turns: 3/15",
1790445549.955,hud,calib_s,,,,,"✓ Buffer 6s",
1790445549.955,marker,gnss,52.47091300,-1.47938000,324.00,true,,
1790445549.956,marker,dr,52.47201393,-1.47872064,344.10,true,,
1790445549.956,marker,reconciled,0.00000000,0.00000000,0.00,false,,
1790445550.009,hud,speed,,,,,"11.4 / 10.8",11.420
1790445550.009,hud,heading,,,,,"16° / 36°",15.500
1790445550.010,hud,drift,,,,,"27.49%",27.490
1790445550.010,hud,turns,,,,,"✗ turns: 3/15",
1790445550.010,hud,calib_s,,,,,"✓ Buffer 6s",
1790445550.011,marker,gnss,52.47091300,-1.47938000,324.00,true,,
1790445550.012,marker,dr,52.47202388,-1.47871665,344.50,true,,
1790445550.012,marker,reconciled,0.00000000,0.00000000,0.00,false,,
1790445550.060,hud,speed,,,,,"11.6 / 10.8",11.610
1790445550.061,hud,heading,,,,,"15° / 36°",14.900
1790445550.061,hud,drift,,,,,"27.49%",27.490
1790445550.061,hud,turns,,,,,"✗ turns: 3/15",
1790445550.061,hud,calib_s,,,,,"✓ Buffer 6s",
1790445550.062,marker,gnss,52.47091300,-1.47938000,324.00,true,,
1790445550.063,marker,dr,52.47203392,-1.47871270,345.10,true,,
1790445550.063,marker,reconciled,0.00000000,0.00000000,0.00,false,,
1790445550.112,hud,speed,,,,,"11.7 / 10.8",11.650
1790445550.113,hud,heading,,,,,"15° / 36°",14.600
1790445550.113,hud,drift,,,,,"27.49%",27.490
1790445550.113,hud,turns,,,,,"✗ turns: 3/15",
1790445550.114,hud,calib_s,,,,,"✓ Buffer 6s",
1790445550.114,marker,gnss,52.47091300,-1.47938000,324.00,true,,
1790445550.115,marker,dr,52.47204409,-1.47870880,345.40,true,,
1790445550.115,marker,reconciled,0.00000000,0.00000000,0.00,false,,
1790445550.160,hud,speed,,,,,"11.7 / 10.8",11.730
1790445550.161,hud,heading,,,,,"14° / 36°",14.300
1790445550.161,hud,drift,,,,,"27.49%",27.490
1790445550.161,hud,turns,,,,,"✗ turns: 3/15",
1790445550.162,hud,calib_s,,,,,"✓ Buffer 6s",
1790445550.162,marker,gnss,52.47091300,-1.47938000,324.00,true,,
1790445550.163,marker,dr,52.47205446,-1.47870495,345.70,true,,
1790445550.163,marker,reconciled,0.00000000,0.00000000,0.00,false,,
1790445550.210,hud,speed,,,,,"11.8 / 10.8",11.750
1790445550.210,hud,heading,,,,,"14° / 36°",14.300
1790445550.211,hud,drift,,,,,"27.50%",27.500
1790445550.211,hud,turns,,,,,"✗ turns: 3/15",
1790445550.211,hud,calib_s,,,,,"✓ Buffer 6s",
1790445550.212,marker,gnss,52.47091300,-1.47938000,324.00,true,,
1790445550.212,marker,dr,52.47206471,-1.47870127,345.70,true,,
1790445550.212,marker,reconciled,0.00000000,0.00000000,0.00,false,,
1790445550.262,hud,speed,,,,,"11.7 / 10.8",11.660
1790445550.263,hud,heading,,,,,"14° / 36°",13.900
1790445550.263,hud,drift,,,,,"27.51%",27.510
1790445550.263,hud,turns,,,,,"✗ turns: 3/15",
1790445550.264,hud,calib_s,,,,,"✓ Buffer 6s",
1790445550.264,marker,gnss,52.47091300,-1.47938000,324.00,true,,
1790445550.265,marker,dr,52.47207493,-1.47869752,346.10,true,,
1790445550.265,marker,reconciled,0.00000000,0.00000000,0.00,false,,
1790445550.322,hud,speed,,,,,"11.7 / 10.8",11.680
1790445550.322,hud,heading,,,,,"14° / 36°",13.600
1790445550.323,hud,drift,,,,,"27.52%",27.520
1790445550.323,hud,turns,,,,,"✗ turns: 3/15",
1790445550.323,hud,calib_s,,,,,"✓ Buffer 6s",
1790445550.324,marker,gnss,52.47091300,-1.47938000,324.00,true,,
1790445550.325,marker,dr,52.47208519,-1.47869396,346.40,true,,
1790445550.325,marker,reconciled,0.00000000,0.00000000,0.00,false,,
1790445550.362,hud,speed,,,,,"11.7 / 10.8",11.700
1790445550.363,hud,heading,,,,,"13° / 36°",13.200
1790445550.363,hud,drift,,,,,"27.53%",27.530
1790445550.363,hud,turns,,,,,"✗ turns: 3/15",
1790445550.364,hud,calib_s,,,,,"✓ Buffer 6s",
1790445550.364,marker,gnss,52.47091300,-1.47938000,324.00,true,,
1790445550.364,marker,dr,52.47209548,-1.47869055,346.80,true,,
1790445550.365,marker,reconciled,0.00000000,0.00000000,0.00,false,,
1790445550.417,hud,speed,,,,,"11.6 / 10.8",11.620
1790445550.417,hud,heading,,,,,"13° / 36°",12.700
1790445550.418,hud,drift,,,,,"27.54%",27.540
1790445550.418,hud,turns,,,,,"✗ turns: 3/15",
1790445550.419,hud,calib_s,,,,,"✓ Buffer 6s",
1790445550.419,marker,gnss,52.47091300,-1.47938000,324.00,true,,
1790445550.420,marker,dr,52.47210571,-1.47868721,347.30,true,,
1790445550.420,marker,reconciled,0.00000000,0.00000000,0.00,false,,
1790445550.465,hud,speed,,,,,"11.7 / 10.8",11.650
1790445550.466,hud,heading,,,,,"13° / 36°",12.800
1790445550.466,hud,drift,,,,,"27.55%",27.550
1790445550.467,hud,turns,,,,,"✗ turns: 3/15",
1790445550.467,hud,calib_s,,,,,"✓ Buffer 6s",
1790445550.467,marker,gnss,52.47091300,-1.47938000,324.00,true,,
1790445550.468,marker,dr,52.47211593,-1.47868402,347.20,true,,
1790445550.468,marker,reconciled,0.00000000,0.00000000,0.00,false,,
1790445550.518,hud,speed,,,,,"11.8 / 11.2",11.760
1790445550.519,hud,heading,,,,,"13° / 19°",12.500
1790445550.519,hud,drift,,,,,"27.58%",27.580
1790445550.519,hud,turns,,,,,"✗ turns: 3/15",
1790445550.520,hud,calib_s,,,,,"✓ Buffer 6s",
1790445550.520,marker,gnss,52.47162200,-1.47853600,341.00,true,,
1790445550.520,marker,dr,52.47212629,-1.47868080,347.50,true,,
1790445550.521,marker,reconciled,0.00000000,0.00000000,0.00,false,,
1790445550.570,hud,speed,,,,,"11.8 / 11.2",11.770
1790445550.571,hud,heading,,,,,"12° / 19°",11.800
1790445550.571,hud,drift,,,,,"27.50%",27.500
1790445550.571,hud,turns,,,,,"✗ turns: 3/15",
1790445550.571,hud,calib_s,,,,,"✓ Buffer 6s",
1790445550.572,marker,gnss,52.47162200,-1.47853600,341.00,true,,
1790445550.572,marker,dr,52.47213659,-1.47867771,348.20,true,,
1790445550.573,marker,reconciled,0.00000000,0.00000000,0.00,false,,
1790445550.623,hud,speed,,,,,"11.8 / 11.2",11.810
1790445550.624,hud,heading,,,,,"12° / 19°",11.600
1790445550.624,hud,drift,,,,,"27.41%",27.410
1790445550.624,hud,turns,,,,,"✗ turns: 3/15",
1790445550.624,hud,calib_s,,,,,"✓ Buffer 6s",
1790445550.625,marker,gnss,52.47162200,-1.47853600,341.00,true,,
1790445550.625,marker,dr,52.47214701,-1.47867461,348.40,true,,
1790445550.625,marker,reconciled,0.00000000,0.00000000,0.00,false,,
1790445550.670,hud,speed,,,,,"11.8 / 11.2",11.800
1790445550.671,hud,heading,,,,,"11° / 19°",11.100
1790445550.671,hud,drift,,,,,"27.33%",27.330
1790445550.672,hud,turns,,,,,"✗ turns: 3/15",
1790445550.672,hud,calib_s,,,,,"✓ Buffer 6s",
1790445550.672,marker,gnss,52.47162200,-1.47853600,341.00,true,,
1790445550.673,marker,dr,52.47215743,-1.47867150,348.90,true,,
1790445550.673,marker,reconciled,0.00000000,0.00000000,0.00,false,,
1790445550.723,hud,speed,,,,,"11.7 / 11.2",11.680
1790445550.724,hud,heading,,,,,"11° / 19°",10.700
1790445550.724,hud,drift,,,,,"27.25%",27.250
1790445550.725,hud,turns,,,,,"✗ turns: 3/15",
1790445550.725,hud,calib_s,,,,,"✓ Buffer 6s",
1790445550.725,marker,gnss,52.47162200,-1.47853600,341.00,true,,
1790445550.726,marker,dr,52.47216776,-1.47866855,349.30,true,,
1790445550.727,marker,reconciled,0.00000000,0.00000000,0.00,false,,
1790445550.774,hud,speed,,,,,"11.8 / 11.2",11.830
1790445550.775,hud,heading,,,,,"10° / 19°",10.200
1790445550.775,hud,drift,,,,,"27.17%",27.170
1790445550.776,hud,turns,,,,,"✗ turns: 3/15",
1790445550.776,hud,calib_s,,,,,"✓ Buffer 6s",
1790445550.776,marker,gnss,52.47162200,-1.47853600,341.00,true,,
1790445550.777,marker,dr,52.47217824,-1.47866570,349.80,true,,
1790445550.777,marker,reconciled,0.00000000,0.00000000,0.00,false,,
1790445550.832,hud,speed,,,,,"11.9 / 11.2",11.910
1790445550.832,hud,heading,,,,,"10° / 19°",9.900
1790445550.833,hud,drift,,,,,"27.10%",27.100
1790445550.833,hud,turns,,,,,"✗ turns: 3/15",
1790445550.833,hud,calib_s,,,,,"✓ Buffer 6s",
1790445550.834,marker,gnss,52.47162200,-1.47853600,341.00,true,,
1790445550.834,marker,dr,52.47218881,-1.47866298,350.10,true,,
1790445550.835,marker,reconciled,0.00000000,0.00000000,0.00,false,,
1790445550.876,hud,speed,,,,,"12.0 / 11.2",11.990
1790445550.876,hud,heading,,,,,"9° / 19°",9.400
1790445550.876,hud,drift,,,,,"27.03%",27.030
1790445550.877,hud,turns,,,,,"✗ turns: 3/15",
1790445550.877,hud,calib_s,,,,,"✓ Buffer 6s",
1790445550.877,marker,gnss,52.47162200,-1.47853600,341.00,true,,
1790445550.878,marker,dr,52.47219947,-1.47866049,350.60,true,,
1790445550.879,marker,reconciled,0.00000000,0.00000000,0.00,false,,
1790445550.927,hud,speed,,,,,"12.1 / 11.2",12.070
1790445550.929,hud,heading,,,,,"9° / 19°",8.800
1790445550.929,hud,drift,,,,,"26.98%",26.980
1790445550.929,hud,turns,,,,,"✗ turns: 3/15",
1790445550.930,hud,calib_s,,,,,"✓ Buffer 6s",
1790445550.930,marker,gnss,52.47162200,-1.47853600,341.00,true,,
1790445550.931,marker,dr,52.47221020,-1.47865795,351.20,true,,
1790445550.931,marker,reconciled,0.00000000,0.00000000,0.00,false,,
1790445550.983,hud,speed,,,,,"12.1 / 11.2",12.140
1790445550.983,hud,heading,,,,,"9° / 19°",8.700
1790445550.983,hud,drift,,,,,"26.92%",26.920
1790445550.984,hud,turns,,,,,"✗ turns: 3/15",
1790445550.984,hud,calib_s,,,,,"✓ Buffer 6s",
1790445550.985,marker,gnss,52.47162200,-1.47853600,341.00,true,,
1790445550.985,marker,dr,52.47222098,-1.47865550,351.30,true,,
1790445550.986,marker,reconciled,0.00000000,0.00000000,0.00,false,,
1790445551.026,hud,speed,,,,,"12.3 / 11.2",12.270
1790445551.026,hud,heading,,,,,"9° / 19°",8.500
1790445551.026,hud,drift,,,,,"26.87%",26.870
1790445551.027,hud,turns,,,,,"✗ turns: 3/15",
1790445551.027,hud,calib_s,,,,,"✓ Buffer 6s",
1790445551.027,marker,gnss,52.47162200,-1.47853600,341.00,true,,
1790445551.028,marker,dr,52.47223188,-1.47865304,351.50,true,,
1790445551.028,marker,reconciled,0.00000000,0.00000000,0.00,false,,
1790445551.083,hud,speed,,,,,"12.3 / 11.2",12.340
1790445551.083,hud,heading,,,,,"8° / 19°",8.000
1790445551.083,hud,drift,,,,,"26.83%",26.830
1790445551.084,hud,turns,,,,,"✗ turns: 3/15",
1790445551.084,hud,calib_s,,,,,"✓ Buffer 6s",
1790445551.084,marker,gnss,52.47162200,-1.47853600,341.00,true,,
1790445551.085,marker,dr,52.47224298,-1.47865067,352.00,true,,
1790445551.085,marker,reconciled,0.00000000,0.00000000,0.00,false,,
1790445551.132,hud,speed,,,,,"12.4 / 11.2",12.440
1790445551.133,hud,heading,,,,,"8° / 19°",7.800
1790445551.133,hud,drift,,,,,"26.79%",26.790
1790445551.133,hud,turns,,,,,"✗ turns: 3/15",
1790445551.134,hud,calib_s,,,,,"✓ Buffer 6s",
1790445551.134,marker,gnss,52.47162200,-1.47853600,341.00,true,,
1790445551.136,marker,dr,52.47225406,-1.47864837,352.20,true,,
1790445551.137,marker,reconciled,0.00000000,0.00000000,0.00,false,,
1790445551.181,hud,speed,,,,,"12.5 / 11.2",12.530
1790445551.181,hud,heading,,,,,"8° / 19°",7.600
1790445551.181,hud,drift,,,,,"26.76%",26.760
1790445551.182,hud,turns,,,,,"✗ turns: 3/15",
1790445551.182,hud,calib_s,,,,,"✓ Buffer 6s",
1790445551.182,marker,gnss,52.47162200,-1.47853600,341.00,true,,
1790445551.183,marker,dr,52.47226511,-1.47864622,352.40,true,,
1790445551.183,marker,reconciled,0.00000000,0.00000000,0.00,false,,
1790445551.229,hud,speed,,,,,"12.6 / 11.2",12.610
1790445551.230,hud,heading,,,,,"7° / 19°",7.400
1790445551.230,hud,drift,,,,,"26.73%",26.730
1790445551.230,hud,turns,,,,,"✗ turns: 3/15",
1790445551.231,hud,calib_s,,,,,"✓ Buffer 6s",
1790445551.231,marker,gnss,52.47162200,-1.47853600,341.00,true,,
1790445551.231,marker,dr,52.47227634,-1.47864412,352.60,true,,
1790445551.232,marker,reconciled,0.00000000,0.00000000,0.00,false,,
1790445551.290,hud,speed,,,,,"12.5 / 11.2",12.490
1790445551.291,hud,heading,,,,,"7° / 19°",7.300
1790445551.291,hud,drift,,,,,"26.70%",26.700
1790445551.292,hud,turns,,,,,"✗ turns: 3/15",
1790445551.292,hud,calib_s,,,,,"✓ Buffer 6s",
1790445551.292,marker,gnss,52.47162200,-1.47853600,341.00,true,,
1790445551.293,marker,dr,52.47228759,-1.47864204,352.70,true,,
1790445551.293,marker,reconciled,0.00000000,0.00000000,0.00,false,,
1790445551.337,hud,speed,,,,,"12.5 / 11.2",12.530
1790445551.338,hud,heading,,,,,"7° / 19°",7.100
1790445551.338,hud,drift,,,,,"26.67%",26.670
1790445551.338,hud,turns,,,,,"✗ turns: 3/15",
1790445551.339,hud,calib_s,,,,,"✓ Buffer 6s",
1790445551.339,marker,gnss,52.47162200,-1.47853600,341.00,true,,
1790445551.340,marker,dr,52.47229866,-1.47864010,352.90,true,,
1790445551.340,marker,reconciled,0.00000000,0.00000000,0.00,false,,
1790445551.385,hud,speed,,,,,"12.8 / 11.2",12.760
1790445551.385,hud,heading,,,,,"7° / 19°",6.700
1790445551.385,hud,drift,,,,,"26.65%",26.650
1790445551.385,hud,turns,,,,,"✗ turns: 3/15",
1790445551.386,hud,calib_s,,,,,"✓ Buffer 6s",
1790445551.386,marker,gnss,52.47162200,-1.47853600,341.00,true,,
1790445551.387,marker,dr,52.47231006,-1.47863808,353.30,true,,
1790445551.387,marker,reconciled,0.00000000,0.00000000,0.00,false,,
1790445551.440,hud,speed,,,,,"12.8 / 11.2",12.750
1790445551.440,hud,heading,,,,,"7° / 19°",6.700
1790445551.440,hud,drift,,,,,"26.64%",26.640
1790445551.441,hud,turns,,,,,"✗ turns: 3/15",
1790445551.441,hud,calib_s,,,,,"✓ Buffer 6s",
1790445551.441,marker,gnss,52.47162200,-1.47853600,341.00,true,,
1790445551.442,marker,dr,52.47232142,-1.47863622,353.30,true,,
1790445551.442,marker,reconciled,0.00000000,0.00000000,0.00,false,,
1790445551.491,hud,speed,,,,,"12.9 / 11.2",12.940
1790445551.491,hud,heading,,,,,"6° / 19°",6.400
1790445551.492,hud,drift,,,,,"26.63%",26.630
1790445551.492,hud,turns,,,,,"✗ turns: 3/15",
1790445551.492,hud,calib_s,,,,,"✓ Buffer 6s",
1790445551.493,marker,gnss,52.47162200,-1.47853600,341.00,true,,
1790445551.493,marker,dr,52.47233299,-1.47863446,353.60,true,,
1790445551.493,marker,reconciled,0.00000000,0.00000000,0.00,false,,
1790445551.540,hud,speed,,,,,"13.1 / 11.2",13.110
1790445551.540,hud,heading,,,,,"6° / 19°",6.200
1790445551.541,hud,drift,,,,,"26.63%",26.630
1790445551.541,hud,turns,,,,,"✗ turns: 3/15",
1790445551.541,hud,calib_s,,,,,"✓ Buffer 6s",
1790445551.542,marker,gnss,52.47162200,-1.47853600,341.00,true,,
1790445551.543,marker,dr,52.47234471,-1.47863286,353.80,true,,
1790445551.543,marker,reconciled,0.00000000,0.00000000,0.00,false,,
1790445551.593,hud,speed,,,,,"13.1 / 11.2",13.130
1790445551.593,hud,heading,,,,,"6° / 19°",5.700
1790445551.594,hud,drift,,,,,"26.64%",26.640
1790445551.594,hud,turns,,,,,"✗ turns: 3/15",
1790445551.594,hud,calib_s,,,,,"✓ Buffer 6s",
1790445551.595,marker,gnss,52.47162200,-1.47853600,341.00,true,,
1790445551.596,marker,dr,52.47235658,-1.47863126,354.30,true,,
1790445551.596,marker,reconciled,0.00000000,0.00000000,0.00,false,,
1790445551.640,hud,speed,,,,,"13.1 / 11.2",13.140
1790445551.641,hud,heading,,,,,"6° / 19°",5.800
1790445551.641,hud,drift,,,,,"26.64%",26.640
1790445551.642,hud,turns,,,,,"✗ turns: 3/15",
1790445551.642,hud,calib_s,,,,,"✓ Buffer 6s",
1790445551.643,marker,gnss,52.47162200,-1.47853600,341.00,true,,
1790445551.643,marker,dr,52.47236820,-1.47862966,354.20,true,,
1790445551.644,marker,reconciled,0.00000000,0.00000000,0.00,false,,
1790445551.696,hud,speed,,,,,"13.2 / 11.2",13.160
1790445551.697,hud,heading,,,,,"6° / 19°",5.700
1790445551.697,hud,drift,,,,,"26.64%",26.640
1790445551.697,hud,turns,,,,,"✗ turns: 3/15",
1790445551.697,hud,calib_s,,,,,"✓ Buffer 6s",
1790445551.698,marker,gnss,52.47162200,-1.47853600,341.00,true,,
1790445551.699,marker,dr,52.47237996,-1.47862804,354.30,true,,
1790445551.700,marker,reconciled,0.00000000,0.00000000,0.00,false,,
1790445551.746,hud,speed,,,,,"13.2 / 11.2",13.220
1790445551.746,hud,heading,,,,,"6° / 19°",5.600
1790445551.747,hud,drift,,,,,"26.65%",26.650
1790445551.747,hud,turns,,,,,"✗ turns: 3/15",
1790445551.747,hud,calib_s,,,,,"✓ Buffer 6s",
1790445551.748,marker,gnss,52.47162200,-1.47853600,341.00,true,,
1790445551.749,marker,dr,52.47239178,-1.47862639,354.40,true,,
1790445551.749,marker,reconciled,0.00000000,0.00000000,0.00,false,,
1790445551.795,hud,speed,,,,,"13.2 / 11.2",13.180
1790445551.795,hud,heading,,,,,"5° / 19°",5.400
1790445551.796,hud,drift,,,,,"26.66%",26.660
1790445551.796,hud,turns,,,,,"✗ turns: 3/15",
1790445551.796,hud,calib_s,,,,,"✓ Buffer 6s",
1790445551.796,marker,gnss,52.47162200,-1.47853600,341.00,true,,
1790445551.797,marker,dr,52.47240358,-1.47862479,354.60,true,,
1790445551.797,marker,reconciled,0.00000000,0.00000000,0.00,false,,
1790445551.850,hud,speed,,,,,"13.1 / 11.2",13.130
1790445551.850,hud,heading,,,,,"6° / 19°",5.500
1790445551.851,hud,drift,,,,,"26.66%",26.660
1790445551.851,hud,turns,,,,,"✗ turns: 3/15",
1790445551.851,hud,calib_s,,,,,"✓ Buffer 6s",
1790445551.852,marker,gnss,52.47162200,-1.47853600,341.00,true,,
1790445551.852,marker,dr,52.47241532,-1.47862298,354.50,true,,
1790445551.853,marker,reconciled,0.00000000,0.00000000,0.00,false,,
1790445551.895,hud,speed,,,,,"13.2 / 11.2",13.150
1790445551.896,hud,heading,,,,,"6° / 19°",5.700
1790445551.896,hud,drift,,,,,"26.66%",26.660
1790445551.896,hud,turns,,,,,"✗ turns: 3/15",
1790445551.896,hud,calib_s,,,,,"✓ Buffer 6s",
1790445551.897,marker,gnss,52.47162200,-1.47853600,341.00,true,,
1790445551.897,marker,dr,52.47242708,-1.47862131,354.30,true,,
1790445551.898,marker,reconciled,0.00000000,0.00000000,0.00,false,,
1790445551.949,hud,speed,,,,,"13.2 / 11.2",13.200
1790445551.949,hud,heading,,,,,"5° / 19°",5.300
1790445551.949,hud,drift,,,,,"26.67%",26.670
1790445551.950,hud,turns,,,,,"✗ turns: 3/15",
1790445551.950,hud,calib_s,,,,,"✓ Buffer 6s",
1790445551.951,marker,gnss,52.47162200,-1.47853600,341.00,true,,
1790445551.951,marker,dr,52.47243889,-1.47861942,354.70,true,,
1790445551.952,marker,reconciled,0.00000000,0.00000000,0.00,false,,
1790445552.000,hud,speed,,,,,"13.3 / 11.2",13.270
1790445552.001,hud,heading,,,,,"5° / 19°",5.400
1790445552.001,hud,drift,,,,,"26.68%",26.680
1790445552.001,hud,turns,,,,,"✗ turns: 3/15",
1790445552.001,hud,calib_s,,,,,"✓ Buffer 6s",
1790445552.002,marker,gnss,52.47162200,-1.47853600,341.00,true,,
1790445552.003,marker,dr,52.47245076,-1.47861751,354.60,true,,
1790445552.003,marker,reconciled,0.00000000,0.00000000,0.00,false,,
1790445552.049,hud,speed,,,,,"13.3 / 11.2",13.340
1790445552.050,hud,heading,,,,,"5° / 19°",5.400
1790445552.050,hud,drift,,,,,"26.69%",26.690
1790445552.050,hud,turns,,,,,"✗ turns: 3/15",
1790445552.051,hud,calib_s,,,,,"✓ Buffer 6s",
1790445552.051,marker,gnss,52.47162200,-1.47853600,341.00,true,,
1790445552.052,marker,dr,52.47246269,-1.47861557,354.60,true,,
1790445552.052,marker,reconciled,0.00000000,0.00000000,0.00,false,,
1790445552.104,hud,speed,,,,,"13.4 / 11.2",13.410
1790445552.104,hud,heading,,,,,"5° / 19°",5.300
1790445552.105,hud,drift,,,,,"26.70%",26.700
1790445552.105,hud,turns,,,,,"✗ turns: 3/15",
1790445552.105,hud,calib_s,,,,,"✓ Buffer 6s",
1790445552.106,marker,gnss,52.47162200,-1.47853600,341.00,true,,
1790445552.106,marker,dr,52.47247481,-1.47861367,354.70,true,,
1790445552.107,marker,reconciled,0.00000000,0.00000000,0.00,false,,
1790445552.149,hud,speed,,,,,"13.5 / 11.2",13.480
1790445552.149,hud,heading,,,,,"5° / 19°",5.400
1790445552.149,hud,drift,,,,,"26.72%",26.720
1790445552.150,hud,turns,,,,,"✗ turns: 3/15",
1790445552.150,hud,calib_s,,,,,"✓ Buffer 6s",
1790445552.150,marker,gnss,52.47162200,-1.47853600,341.00,true,,
1790445552.151,marker,dr,52.47248675,-1.47861176,354.60,true,,
1790445552.151,marker,reconciled,0.00000000,0.00000000,0.00,false,,
1790445552.205,hud,speed,,,,,"13.6 / 11.2",13.550
1790445552.205,hud,heading,,,,,"5° / 19°",5.400
1790445552.206,hud,drift,,,,,"26.74%",26.740
1790445552.206,hud,turns,,,,,"✗ turns: 3/15",
1790445552.206,hud,calib_s,,,,,"✓ Buffer 6s",
1790445552.207,marker,gnss,52.47162200,-1.47853600,341.00,true,,
1790445552.207,marker,dr,52.47249899,-1.47860981,354.60,true,,
1790445552.208,marker,reconciled,0.00000000,0.00000000,0.00,false,,
1790445552.254,hud,speed,,,,,"13.7 / 11.2",13.660
1790445552.255,hud,heading,,,,,"6° / 19°",5.500
1790445552.255,hud,drift,,,,,"26.76%",26.760
1790445552.256,hud,turns,,,,,"✗ turns: 3/15",
1790445552.256,hud,calib_s,,,,,"✓ Buffer 6s",
1790445552.256,marker,gnss,52.47162200,-1.47853600,341.00,true,,
1790445552.257,marker,dr,52.47251109,-1.47860794,354.50,true,,
1790445552.257,marker,reconciled,0.00000000,0.00000000,0.00,false,,
1790445552.305,hud,speed,,,,,"13.8 / 11.2",13.750
1790445552.306,hud,heading,,,,,"6° / 19°",5.500
1790445552.306,hud,drift,,,,,"26.79%",26.790
1790445552.307,hud,turns,,,,,"✗ turns: 3/15",
1790445552.307,hud,calib_s,,,,,"✓ Buffer 6s",
1790445552.307,marker,gnss,52.47162200,-1.47853600,341.00,true,,
1790445552.308,marker,dr,52.47252339,-1.47860610,354.50,true,,
1790445552.308,marker,reconciled,0.00000000,0.00000000,0.00,false,,
1790445552.358,hud,speed,,,,,"13.9 / 11.2",13.850
1790445552.359,hud,heading,,,,,"6° / 19°",5.600
1790445552.359,hud,drift,,,,,"26.82%",26.820
1790445552.359,hud,turns,,,,,"✗ turns: 3/15",
1790445552.360,hud,calib_s,,,,,"✓ Buffer 6s",
1790445552.360,marker,gnss,52.47162200,-1.47853600,341.00,true,,
1790445552.361,marker,dr,52.47253591,-1.47860420,354.40,true,,
1790445552.361,marker,reconciled,0.00000000,0.00000000,0.00,false,,
1790445552.407,hud,speed,,,,,"13.9 / 11.2",13.940
1790445552.407,hud,heading,,,,,"6° / 19°",5.800
1790445552.408,hud,drift,,,,,"26.85%",26.850
1790445552.408,hud,turns,,,,,"✗ turns: 3/15",
1790445552.408,hud,calib_s,,,,,"✓ Buffer 6s",
1790445552.409,marker,gnss,52.47162200,-1.47853600,341.00,true,,
1790445552.409,marker,dr,52.47254838,-1.47860224,354.20,true,,
1790445552.410,marker,reconciled,0.00000000,0.00000000,0.00,false,,
1790445552.460,hud,speed,,,,,"13.9 / 11.2",13.880
1790445552.461,hud,heading,,,,,"6° / 19°",5.600
1790445552.461,hud,drift,,,,,"26.88%",26.880
1790445552.462,hud,turns,,,,,"✗ turns: 3/15",
1790445552.462,hud,calib_s,,,,,"✓ Buffer 6s",
1790445552.462,marker,gnss,52.47162200,-1.47853600,341.00,true,,
1790445552.463,marker,dr,52.47256067,-1.47860027,354.40,true,,
1790445552.463,marker,reconciled,0.00000000,0.00000000,0.00,false,,
1790445552.509,hud,speed,,,,,"14.0 / 11.2",14.040
1790445552.509,hud,heading,,,,,"6° / 19°",5.500
1790445552.509,hud,drift,,,,,"26.92%",26.920
1790445552.510,hud,turns,,,,,"✗ turns: 3/15",
1790445552.510,hud,calib_s,,,,,"✓ Buffer 6s",
1790445552.510,marker,gnss,52.47162200,-1.47853600,341.00,true,,
1790445552.511,marker,dr,52.47257322,-1.47859826,354.50,true,,
1790445552.511,marker,reconciled,0.00000000,0.00000000,0.00,false,,
1790445552.562,hud,speed,,,,,"14.1 / 11.2",14.120
1790445552.563,hud,heading,,,,,"6° / 19°",5.600
1790445552.563,hud,drift,,,,,"26.96%",26.960
1790445552.563,hud,turns,,,,,"✗ turns: 3/15",
1790445552.564,hud,calib_s,,,,,"✓ Buffer 6s",
1790445552.564,marker,gnss,52.47162200,-1.47853600,341.00,true,,
1790445552.565,marker,dr,52.47258585,-1.47859625,354.40,true,,
1790445552.565,marker,reconciled,0.00000000,0.00000000,0.00,false,,
1790445552.616,hud,speed,,,,,"14.3 / 11.2",14.250
1790445552.617,hud,heading,,,,,"6° / 19°",5.700
1790445552.617,hud,drift,,,,,"27.01%",27.010
1790445552.618,hud,turns,,,,,"✗ turns: 3/15",
1790445552.618,hud,calib_s,,,,,"✓ Buffer 6s",
1790445552.618,marker,gnss,52.47162200,-1.47853600,341.00,true,,
1790445552.619,marker,dr,52.47259873,-1.47859424,354.30,true,,
1790445552.619,marker,reconciled,0.00000000,0.00000000,0.00,false,,
1790445552.663,hud,speed,,,,,"14.3 / 11.2",14.330
1790445552.664,hud,heading,,,,,"6° / 19°",5.700
1790445552.664,hud,drift,,,,,"27.05%",27.050
1790445552.664,hud,turns,,,,,"✗ turns: 3/15",
1790445552.664,hud,calib_s,,,,,"✓ Buffer 6s",
1790445552.665,marker,gnss,52.47162200,-1.47853600,341.00,true,,
1790445552.666,marker,dr,52.47261142,-1.47859225,354.30,true,,
1790445552.666,marker,reconciled,0.00000000,0.00000000,0.00,false,,
1790445552.714,hud,speed,,,,,"14.4 / 11.2",14.430
1790445552.715,hud,heading,,,,,"6° / 19°",5.700
1790445552.715,hud,drift,,,,,"27.10%",27.100
1790445552.716,hud,turns,,,,,"✗ turns: 3/15",
1790445552.716,hud,calib_s,,,,,"✓ Buffer 6s",
1790445552.716,marker,gnss,52.47162200,-1.47853600,341.00,true,,
1790445552.717,marker,dr,52.47262432,-1.47859022,354.30,true,,
1790445552.717,marker,reconciled,0.00000000,0.00000000,0.00,false,,
1790445552.766,hud,speed,,,,,"14.5 / 11.2",14.540
1790445552.766,hud,heading,,,,,"6° / 19°",5.800
1790445552.767,hud,drift,,,,,"27.16%",27.160
1790445552.767,hud,turns,,,,,"✗ turns: 3/15",
1790445552.767,hud,calib_s,,,,,"✓ Buffer 6s",
1790445552.768,marker,gnss,52.47162200,-1.47853600,341.00,true,,
1790445552.768,marker,dr,52.47263746,-1.47858824,354.20,true,,
1790445552.769,marker,reconciled,0.00000000,0.00000000,0.00,false,,
1790445552.816,hud,speed,,,,,"14.6 / 11.2",14.610
1790445552.817,hud,heading,,,,,"6° / 19°",6.000
1790445552.817,hud,drift,,,,,"27.21%",27.210
1790445552.817,hud,turns,,,,,"✗ turns: 3/15",
1790445552.817,hud,calib_s,,,,,"✓ Buffer 6s",
1790445552.818,marker,gnss,52.47162200,-1.47853600,341.00,true,,
1790445552.819,marker,dr,52.47265054,-1.47858620,354.00,true,,
1790445552.819,marker,reconciled,0.00000000,0.00000000,0.00,false,,
1790445552.867,hud,speed,,,,,"14.7 / 11.2",14.700
1790445552.868,hud,heading,,,,,"6° / 19°",5.700
1790445552.868,hud,drift,,,,,"27.27%",27.270
1790445552.868,hud,turns,,,,,"✗ turns: 3/15",
1790445552.869,hud,calib_s,,,,,"✓ Buffer 6s",
1790445552.869,marker,gnss,52.47162200,-1.47853600,341.00,true,,
1790445552.869,marker,dr,52.47266368,-1.47858401,354.30,true,,
1790445552.870,marker,reconciled,0.00000000,0.00000000,0.00,false,,
1790445552.919,hud,speed,,,,,"14.8 / 11.2",14.810
1790445552.920,hud,heading,,,,,"6° / 19°",5.500
1790445552.920,hud,drift,,,,,"27.33%",27.330
1790445552.920,hud,turns,,,,,"✗ turns: 3/15",
1790445552.921,hud,calib_s,,,,,"✓ Buffer 6s",
1790445552.921,marker,gnss,52.47162200,-1.47853600,341.00,true,,
1790445552.922,marker,dr,52.47267680,-1.47858194,354.50,true,,
1790445552.922,marker,reconciled,0.00000000,0.00000000,0.00,false,,
1790445552.966,hud,speed,,,,,"14.9 / 11.2",14.900
1790445552.967,hud,heading,,,,,"6° / 19°",5.800
1790445552.967,hud,drift,,,,,"27.40%",27.400
1790445552.967,hud,turns,,,,,"✗ turns: 3/15",
1790445552.968,hud,calib_s,,,,,"✓ Buffer 6s",
1790445552.968,marker,gnss,52.47162200,-1.47853600,341.00,true,,
1790445552.969,marker,dr,52.47269025,-1.47857970,354.20,true,,
1790445552.969,marker,reconciled,0.00000000,0.00000000,0.00,false,,
1790445553.038,hud,speed,,,,,"15.1 / 11.2",15.110
1790445553.039,hud,heading,,,,,"6° / 19°",6.300
1790445553.039,hud,drift,,,,,"27.53%",27.530
1790445553.040,hud,turns,,,,,"✗ turns: 3/15",
1790445553.040,hud,calib_s,,,,,"✓ Buffer 6s",
1790445553.041,marker,gnss,52.47162200,-1.47853600,341.00,true,,
1790445553.042,marker,dr,52.47271701,-1.47857509,353.70,true,,
1790445553.042,marker,reconciled,0.00000000,0.00000000,0.00,false,,
1790445553.069,hud,speed,,,,,"15.2 / 11.2",15.190
1790445553.069,hud,heading,,,,,"6° / 19°",6.400
1790445553.069,hud,drift,,,,,"27.60%",27.600
1790445553.069,hud,turns,,,,,"✗ turns: 3/15",
1790445553.070,hud,calib_s,,,,,"✓ Buffer 6s",
1790445553.070,marker,gnss,52.47162200,-1.47853600,341.00,true,,
1790445553.071,marker,dr,52.47273071,-1.47857265,353.60,true,,
1790445553.071,marker,reconciled,0.00000000,0.00000000,0.00,false,,
1790445553.120,hud,speed,,,,,"15.2 / 11.2",15.180
1790445553.121,hud,heading,,,,,"7° / 19°",6.700
1790445553.121,hud,drift,,,,,"27.67%",27.670
1790445553.121,hud,turns,,,,,"✗ turns: 3/15",
1790445553.121,hud,calib_s,,,,,"✓ Buffer 6s",
1790445553.122,marker,gnss,52.47162200,-1.47853600,341.00,true,,
1790445553.123,marker,dr,52.47274413,-1.47857016,353.30,true,,
1790445553.123,marker,reconciled,0.00000000,0.00000000,0.00,false,,
1790445553.173,hud,speed,,,,,"15.1 / 11.2",15.130
1790445553.174,hud,heading,,,,,"7° / 19°",6.700
1790445553.174,hud,drift,,,,,"27.74%",27.740
1790445553.175,hud,turns,,,,,"✗ turns: 3/15",
1790445553.175,hud,calib_s,,,,,"✓ Buffer 6s",
1790445553.175,marker,gnss,52.47162200,-1.47853600,341.00,true,,
1790445553.176,marker,dr,52.47275764,-1.47856763,353.30,true,,
1790445553.176,marker,reconciled,0.00000000,0.00000000,0.00,false,,
1790445553.222,hud,speed,,,,,"15.0 / 11.2",15.040
1790445553.222,hud,heading,,,,,"7° / 19°",6.900
1790445553.223,hud,drift,,,,,"27.80%",27.800
1790445553.223,hud,turns,,,,,"✗ turns: 3/15",
1790445553.223,hud,calib_s,,,,,"✓ Buffer 6s",
1790445553.224,marker,gnss,52.47162200,-1.47853600,341.00,true,,
1790445553.224,marker,dr,52.47277121,-1.47856516,353.10,true,,
1790445553.224,marker,reconciled,0.00000000,0.00000000,0.00,false,,
1790445553.274,hud,speed,,,,,"15.1 / 11.2",15.060
1790445553.275,hud,heading,,,,,"7° / 19°",7.200
1790445553.275,hud,drift,,,,,"27.87%",27.870
1790445553.275,hud,turns,,,,,"✗ turns: 3/15",
1790445553.276,hud,calib_s,,,,,"✓ Buffer 6s",
1790445553.276,marker,gnss,52.47162200,-1.47853600,341.00,true,,
1790445553.277,marker,dr,52.47278452,-1.47856258,352.80,true,,
1790445553.277,marker,reconciled,0.00000000,0.00000000,0.00,false,,
1790445553.327,hud,speed,,,,,"15.0 / 11.2",15.020
1790445553.327,hud,heading,,,,,"8° / 19°",7.500
1790445553.328,hud,drift,,,,,"27.93%",27.930
1790445553.328,hud,turns,,,,,"✗ turns: 3/15",
1790445553.328,hud,calib_s,,,,,"✓ Buffer 6s",
1790445553.329,marker,gnss,52.47162200,-1.47853600,341.00,true,,
1790445553.329,marker,dr,52.47279792,-1.47856000,352.50,true,,
1790445553.330,marker,reconciled,0.00000000,0.00000000,0.00,false,,
1790445553.377,hud,speed,,,,,"15.0 / 11.2",15.000
1790445553.377,hud,heading,,,,,"7° / 19°",7.300
1790445553.377,hud,drift,,,,,"27.99%",27.990
1790445553.378,hud,turns,,,,,"✗ turns: 3/15",
1790445553.378,hud,calib_s,,,,,"✓ Buffer 6s",
1790445553.379,marker,gnss,52.47162200,-1.47853600,341.00,true,,
1790445553.379,marker,dr,52.47281132,-1.47855749,352.70,true,,
1790445553.379,marker,reconciled,0.00000000,0.00000000,0.00,false,,
1790445553.428,hud,speed,,,,,"14.8 / 11.2",14.770
1790445553.428,hud,heading,,,,,"8° / 19°",7.500
1790445553.428,hud,drift,,,,,"28.04%",28.040
1790445553.429,hud,turns,,,,,"✗ turns: 3/15",
1790445553.429,hud,calib_s,,,,,"✓ Buffer 6s",
1790445553.429,marker,gnss,52.47162200,-1.47853600,341.00,true,,
1790445553.430,marker,dr,52.47282452,-1.47855511,352.50,true,,
1790445553.430,marker,reconciled,0.00000000,0.00000000,0.00,false,,
1790445553.481,hud,speed,,,,,"14.6 / 11.2",14.610
1790445553.482,hud,heading,,,,,"7° / 19°",7.200
1790445553.482,hud,drift,,,,,"28.09%",28.090
1790445553.482,hud,turns,,,,,"✗ turns: 3/15",
1790445553.483,hud,calib_s,,,,,"✓ Buffer 6s",
1790445553.483,marker,gnss,52.47162200,-1.47853600,341.00,true,,
1790445553.484,marker,dr,52.47283758,-1.47855296,352.80,true,,
1790445553.484,marker,reconciled,0.00000000,0.00000000,0.00,false,,
1790445553.531,hud,speed,,,,,"14.4 / 11.2",14.380
1790445553.532,hud,heading,,,,,"7° / 19°",6.700
1790445553.532,hud,drift,,,,,"28.13%",28.130
1790445553.532,hud,turns,,,,,"✗ turns: 3/15",
1790445553.532,hud,calib_s,,,,,"✓ Buffer 6s",
1790445553.533,marker,gnss,52.47162200,-1.47853600,341.00,true,,
1790445553.533,marker,dr,52.47285057,-1.47855081,353.30,true,,
1790445553.534,marker,reconciled,0.00000000,0.00000000,0.00,false,,
1790445553.587,hud,speed,,,,,"14.3 / 11.2",14.290
1790445553.587,hud,heading,,,,,"7° / 19°",6.700
1790445553.588,hud,drift,,,,,"28.17%",28.170
1790445553.588,hud,turns,,,,,"✗ turns: 3/15",
1790445553.588,hud,calib_s,,,,,"✓ Buffer 6s",
1790445553.589,marker,gnss,52.47162200,-1.47853600,341.00,true,,
1790445553.589,marker,dr,52.47286336,-1.47854882,353.30,true,,
1790445553.590,marker,reconciled,0.00000000,0.00000000,0.00,false,,
1790445553.631,hud,speed,,,,,"14.1 / 11.2",14.140
1790445553.631,hud,heading,,,,,"7° / 19°",6.700
1790445553.632,hud,drift,,,,,"28.20%",28.200
1790445553.632,hud,turns,,,,,"✗ turns: 3/15",
1790445553.632,hud,calib_s,,,,,"✓ Buffer 6s",
1790445553.633,marker,gnss,52.47162200,-1.47853600,341.00,true,,
1790445553.634,marker,dr,52.47287589,-1.47854682,353.30,true,,
1790445553.635,marker,reconciled,0.00000000,0.00000000,0.00,false,,
1790445553.687,hud,speed,,,,,"14.0 / 11.2",14.010
1790445553.687,hud,heading,,,,,"7° / 19°",6.500
1790445553.688,hud,drift,,,,,"28.23%",28.230
1790445553.688,hud,turns,,,,,"✗ turns: 3/15",
1790445553.688,hud,calib_s,,,,,"✓ Buffer 6s",
1790445553.688,marker,gnss,52.47162200,-1.47853600,341.00,true,,
1790445553.689,marker,dr,52.47288854,-1.47854469,353.50,true,,
1790445553.689,marker,reconciled,0.00000000,0.00000000,0.00,false,,
1790445553.738,hud,speed,,,,,"13.9 / 11.2",13.880
1790445553.738,hud,heading,,,,,"6° / 19°",5.900
1790445553.739,hud,drift,,,,,"28.25%",28.250
1790445553.739,hud,turns,,,,,"✗ turns: 3/15",
1790445553.739,hud,calib_s,,,,,"✓ Buffer 6s",
1790445553.740,marker,gnss,52.47162200,-1.47853600,341.00,true,,
1790445553.741,marker,dr,52.47290095,-1.47854266,354.10,true,,
1790445553.741,marker,reconciled,0.00000000,0.00000000,0.00,false,,
1790445553.790,hud,speed,,,,,"13.7 / 11.2",13.740
1790445553.791,hud,heading,,,,,"6° / 19°",6.000
1790445553.791,hud,drift,,,,,"28.27%",28.270
1790445553.791,hud,turns,,,,,"✗ turns: 3/15",
1790445553.791,hud,calib_s,,,,,"✓ Buffer 6s",
1790445553.792,marker,gnss,52.47162200,-1.47853600,341.00,true,,
1790445553.792,marker,dr,52.47291324,-1.47854068,354.00,true,,
1790445553.793,marker,reconciled,0.00000000,0.00000000,0.00,false,,
1790445553.841,hud,speed,,,,,"13.6 / 11.2",13.560
1790445553.842,hud,heading,,,,,"6° / 19°",5.800
1790445553.843,hud,drift,,,,,"28.28%",28.280
1790445553.843,hud,turns,,,,,"✗ turns: 3/15",
1790445553.843,hud,calib_s,,,,,"✓ Buffer 6s",
1790445553.844,marker,gnss,52.47162200,-1.47853600,341.00,true,,
1790445553.844,marker,dr,52.47292525,-1.47853876,354.20,true,,
1790445553.845,marker,reconciled,0.00000000,0.00000000,0.00,false,,
1790445553.891,hud,speed,,,,,"13.5 / 11.2",13.480
1790445553.892,hud,heading,,,,,"6° / 19°",5.600
1790445553.892,hud,drift,,,,,"28.29%",28.290
1790445553.892,hud,turns,,,,,"✗ turns: 3/15",
1790445553.893,hud,calib_s,,,,,"✓ Buffer 6s",
1790445553.893,marker,gnss,52.47162200,-1.47853600,341.00,true,,
1790445553.894,marker,dr,52.47293731,-1.47853693,354.40,true,,
1790445553.894,marker,reconciled,0.00000000,0.00000000,0.00,false,,
1790445553.943,hud,speed,,,,,"13.4 / 11.2",13.350
1790445553.944,hud,heading,,,,,"5° / 19°",5.400
1790445553.944,hud,drift,,,,,"28.30%",28.300
1790445553.944,hud,turns,,,,,"✗ turns: 3/15",
1790445553.945,hud,calib_s,,,,,"✓ Buffer 6s",
1790445553.945,marker,gnss,52.47162200,-1.47853600,341.00,true,,
1790445553.946,marker,dr,52.47294936,-1.47853506,354.60,true,,
1790445553.946,marker,reconciled,0.00000000,0.00000000,0.00,false,,
1790445553.994,hud,speed,,,,,"13.2 / 11.2",13.200
1790445553.995,hud,heading,,,,,"6° / 19°",5.600
1790445553.995,hud,drift,,,,,"28.30%",28.300
1790445553.996,hud,turns,,,,,"✗ turns: 3/15",
1790445553.996,hud,calib_s,,,,,"✓ Buffer 6s",
1790445553.996,marker,gnss,52.47162200,-1.47853600,341.00,true,,
1790445553.997,marker,dr,52.47296105,-1.47853322,354.40,true,,
1790445553.998,marker,reconciled,0.00000000,0.00000000,0.00,false,,
1790445554.064,hud,speed,,,,,"13.1 / 11.2",13.130
1790445554.064,hud,heading,,,,,"6° / 19°",5.600
1790445554.065,hud,drift,,,,,"28.30%",28.300
1790445554.065,hud,turns,,,,,"✗ turns: 3/15",
1790445554.065,hud,calib_s,,,,,"✓ Buffer 6s",
1790445554.066,marker,gnss,52.47162200,-1.47853600,341.00,true,,
1790445554.067,marker,dr,52.47298459,-1.47852953,354.40,true,,
1790445554.067,marker,reconciled,0.00000000,0.00000000,0.00,false,,
1790445554.086,hud,speed,,,,,"12.9 / 11.2",12.940
1790445554.086,hud,heading,,,,,"5° / 19°",5.300
1790445554.087,hud,drift,,,,,"28.30%",28.300
1790445554.087,hud,turns,,,,,"✗ turns: 3/15",
1790445554.087,hud,calib_s,,,,,"✓ Buffer 6s",
1790445554.087,marker,gnss,52.47162200,-1.47853600,341.00,true,,
1790445554.088,marker,dr,52.47299628,-1.47852767,354.70,true,,
1790445554.088,marker,reconciled,0.00000000,0.00000000,0.00,false,,
1790445554.141,hud,speed,,,,,"12.8 / 11.2",12.790
1790445554.141,hud,heading,,,,,"5° / 19°",5.300
1790445554.142,hud,drift,,,,,"28.29%",28.290
1790445554.142,hud,turns,,,,,"✗ turns: 3/15",
1790445554.142,hud,calib_s,,,,,"✓ Buffer 6s",
1790445554.143,marker,gnss,52.47162200,-1.47853600,341.00,true,,
1790445554.143,marker,dr,52.47300761,-1.47852585,354.70,true,,
1790445554.144,marker,reconciled,0.00000000,0.00000000,0.00,false,,
1790445554.198,hud,speed,,,,,"12.8 / 11.2",12.810
1790445554.198,hud,heading,,,,,"5° / 19°",5.200
1790445554.199,hud,drift,,,,,"28.28%",28.280
1790445554.199,hud,turns,,,,,"✗ turns: 3/15",
1790445554.199,hud,calib_s,,,,,"✓ Buffer 6s",
1790445554.200,marker,gnss,52.47162200,-1.47853600,341.00,true,,
1790445554.200,marker,dr,52.47301907,-1.47852402,354.80,true,,
1790445554.201,marker,reconciled,0.00000000,0.00000000,0.00,false,,
1790445554.250,hud,speed,,,,,"12.7 / 11.2",12.690
1790445554.251,hud,heading,,,,,"5° / 19°",5.300
1790445554.251,hud,drift,,,,,"28.26%",28.260
1790445554.251,hud,turns,,,,,"✗ turns: 3/15",
1790445554.251,hud,calib_s,,,,,"✓ Buffer 6s",
1790445554.252,marker,gnss,52.47162200,-1.47853600,341.00,true,,
1790445554.252,marker,dr,52.47303043,-1.47852221,354.70,true,,
1790445554.253,marker,reconciled,0.00000000,0.00000000,0.00,false,,
1790445554.301,hud,speed,,,,,"12.6 / 11.2",12.610
1790445554.302,hud,heading,,,,,"5° / 19°",5.200
1790445554.302,hud,drift,,,,,"28.24%",28.240
1790445554.303,hud,turns,,,,,"✗ turns: 3/15",
1790445554.303,hud,calib_s,,,,,"✓ Buffer 6s",
1790445554.303,marker,gnss,52.47162200,-1.47853600,341.00,true,,
1790445554.304,marker,dr,52.47304170,-1.47852039,354.80,true,,
1790445554.304,marker,reconciled,0.00000000,0.00000000,0.00,false,,
1790445554.352,hud,speed,,,,,"12.6 / 11.2",12.580
1790445554.353,hud,heading,,,,,"5° / 19°",5.000
1790445554.353,hud,drift,,,,,"28.23%",28.230
1790445554.353,hud,turns,,,,,"✗ turns: 3/15",
1790445554.354,hud,calib_s,,,,,"✓ Buffer 6s",
1790445554.354,marker,gnss,52.47162200,-1.47853600,341.00,true,,
1790445554.355,marker,dr,52.47305295,-1.47851857,355.00,true,,
1790445554.355,marker,reconciled,0.00000000,0.00000000,0.00,false,,
1790445554.401,hud,speed,,,,,"12.6 / 11.2",12.570
1790445554.402,hud,heading,,,,,"5° / 19°",4.900
1790445554.402,hud,drift,,,,,"28.21%",28.210
1790445554.402,hud,turns,,,,,"✗ turns: 3/15",
1790445554.403,hud,calib_s,,,,,"✓ Buffer 6s",
1790445554.403,marker,gnss,52.47162200,-1.47853600,341.00,true,,
1790445554.404,marker,dr,52.47306420,-1.47851684,355.10,true,,
1790445554.404,marker,reconciled,0.00000000,0.00000000,0.00,false,,
1790445554.455,hud,speed,,,,,"12.6 / 11.2",12.580
1790445554.455,hud,heading,,,,,"5° / 19°",4.900
1790445554.456,hud,drift,,,,,"28.20%",28.200
1790445554.456,hud,turns,,,,,"✗ turns: 3/15",
1790445554.456,hud,calib_s,,,,,"✓ Buffer 6s",
1790445554.457,marker,gnss,52.47162200,-1.47853600,341.00,true,,
1790445554.457,marker,dr,52.47307546,-1.47851515,355.10,true,,
1790445554.458,marker,reconciled,0.00000000,0.00000000,0.00,false,,
1790445554.505,hud,speed,,,,,"12.5 / 11.2",12.520
1790445554.505,hud,heading,,,,,"5° / 19°",4.800
1790445554.506,hud,drift,,,,,"28.18%",28.180
1790445554.506,hud,turns,,,,,"✗ turns: 3/15",
1790445554.507,hud,calib_s,,,,,"✓ Buffer 6s",
1790445554.507,marker,gnss,52.47162200,-1.47853600,341.00,true,,
1790445554.508,marker,dr,52.47308679,-1.47851343,355.20,true,,
1790445554.508,marker,reconciled,0.00000000,0.00000000,0.00,false,,
1790445554.558,hud,speed,,,,,"12.7 / 11.2",12.660
1790445554.559,hud,heading,,,,,"5° / 19°",5.200
1790445554.559,hud,drift,,,,,"28.16%",28.160
1790445554.559,hud,turns,,,,,"✗ turns: 3/15",
1790445554.559,hud,calib_s,,,,,"✓ Buffer 6s",
1790445554.560,marker,gnss,52.47162200,-1.47853600,341.00,true,,
1790445554.560,marker,dr,52.47309799,-1.47851163,354.80,true,,
1790445554.561,marker,reconciled,0.00000000,0.00000000,0.00,false,,
1790445554.608,hud,speed,,,,,"12.7 / 11.2",12.730
1790445554.609,hud,heading,,,,,"5° / 19°",5.300
1790445554.609,hud,drift,,,,,"28.15%",28.150
1790445554.609,hud,turns,,,,,"✗ turns: 3/15",
1790445554.610,hud,calib_s,,,,,"✓ Buffer 6s",
1790445554.610,marker,gnss,52.47162200,-1.47853600,341.00,true,,
1790445554.611,marker,dr,52.47310939,-1.47850989,354.70,true,,
1790445554.611,marker,reconciled,0.00000000,0.00000000,0.00,false,,
1790445554.660,hud,speed,,,,,"12.8 / 11.2",12.780
1790445554.660,hud,heading,,,,,"5° / 19°",5.000
1790445554.661,hud,drift,,,,,"28.15%",28.150
1790445554.661,hud,turns,,,,,"✗ turns: 3/15",
1790445554.661,hud,calib_s,,,,,"✓ Buffer 6s",
1790445554.661,marker,gnss,52.47162200,-1.47853600,341.00,true,,
1790445554.662,marker,dr,52.47312093,-1.47850809,355.00,true,,
1790445554.663,marker,reconciled,0.00000000,0.00000000,0.00,false,,
1790445554.708,hud,speed,,,,,"12.8 / 11.2",12.810
1790445554.708,hud,heading,,,,,"5° / 19°",4.900
1790445554.708,hud,drift,,,,,"28.14%",28.140
1790445554.709,hud,turns,,,,,"✗ turns: 3/15",
1790445554.709,hud,calib_s,,,,,"✓ Buffer 6s",
1790445554.709,marker,gnss,52.47162200,-1.47853600,341.00,true,,
1790445554.710,marker,dr,52.47313227,-1.47850618,355.10,true,,
1790445554.710,marker,reconciled,0.00000000,0.00000000,0.00,false,,
1790445554.758,hud,speed,,,,,"12.7 / 11.2",12.670
1790445554.758,hud,heading,,,,,"5° / 19°",5.100
1790445554.758,hud,drift,,,,,"28.12%",28.120
1790445554.759,hud,turns,,,,,"✗ turns: 3/15",
1790445554.759,hud,calib_s,,,,,"✓ Buffer 6s",
1790445554.760,marker,gnss,52.47162200,-1.47853600,341.00,true,,
1790445554.760,marker,dr,52.47314360,-1.47850428,354.90,true,,
1790445554.761,marker,reconciled,0.00000000,0.00000000,0.00,false,,
1790445554.813,hud,speed,,,,,"12.6 / 11.2",12.640
1790445554.813,hud,heading,,,,,"6° / 19°",5.600
1790445554.813,hud,drift,,,,,"28.11%",28.110
1790445554.814,hud,turns,,,,,"✗ turns: 3/15",
1790445554.814,hud,calib_s,,,,,"✓ Buffer 6s",
1790445554.815,marker,gnss,52.47162200,-1.47853600,341.00,true,,
1790445554.815,marker,dr,52.47315490,-1.47850241,354.40,true,,
1790445554.816,marker,reconciled,0.00000000,0.00000000,0.00,false,,
1790445554.860,hud,speed,,,,,"12.6 / 11.2",12.640
1790445554.861,hud,heading,,,,,"6° / 19°",5.700
1790445554.861,hud,drift,,,,,"28.09%",28.090
1790445554.861,hud,turns,,,,,"✗ turns: 3/15",
1790445554.861,hud,calib_s,,,,,"✓ Buffer 6s",
1790445554.862,marker,gnss,52.47162200,-1.47853600,341.00,true,,
1790445554.863,marker,dr,52.47316620,-1.47850050,354.30,true,,
1790445554.864,marker,reconciled,0.00000000,0.00000000,0.00,false,,
1790445554.914,hud,speed,,,,,"12.4 / 11.2",12.420
1790445554.915,hud,heading,,,,,"6° / 19°",5.500
1790445554.915,hud,drift,,,,,"28.07%",28.070
1790445554.916,hud,turns,,,,,"✗ turns: 3/15",
1790445554.916,hud,calib_s,,,,,"✓ Buffer 6s",
1790445554.916,marker,gnss,52.47162200,-1.47853600,341.00,true,,
1790445554.917,marker,dr,52.47317730,-1.47849858,354.50,true,,
1790445554.917,marker,reconciled,0.00000000,0.00000000,0.00,false,,
1790445554.963,hud,speed,,,,,"12.6 / 11.2",12.600
1790445554.964,hud,heading,,,,,"5° / 19°",5.400
1790445554.964,hud,drift,,,,,"28.06%",28.060
1790445554.964,hud,turns,,,,,"✗ turns: 3/15",
1790445554.964,hud,calib_s,,,,,"✓ Buffer 6s",
1790445554.965,marker,gnss,52.47162200,-1.47853600,341.00,true,,
1790445554.966,marker,dr,52.47318855,-1.47849654,354.60,true,,
1790445554.966,marker,reconciled,0.00000000,0.00000000,0.00,false,,
1790445555.016,hud,speed,,,,,"12.5 / 10.6",12.460
1790445555.016,hud,heading,,,,,"5° / 21°",5.000
1790445555.016,hud,drift,,,,,"28.39%",28.390
1790445555.017,hud,turns,,,,,"✗ turns: 3/15",
1790445555.017,hud,calib_s,,,,,"✓ Buffer 6s",
1790445555.017,marker,gnss,52.47246600,-1.47806000,339.50,true,,
1790445555.018,marker,dr,52.47319980,-1.47849454,355.00,true,,
1790445555.018,marker,reconciled,0.00000000,0.00000000,0.00,false,,
1790445555.068,hud,speed,,,,,"12.4 / 10.6",12.440
1790445555.069,hud,heading,,,,,"5° / 21°",5.300
1790445555.069,hud,drift,,,,,"28.39%",28.390
1790445555.069,hud,turns,,,,,"✗ turns: 3/15",
1790445555.069,hud,calib_s,,,,,"✓ Buffer 6s",
1790445555.070,marker,gnss,52.47246600,-1.47806000,339.50,true,,
1790445555.071,marker,dr,52.47321091,-1.47849253,354.70,true,,
1790445555.071,marker,reconciled,0.00000000,0.00000000,0.00,false,,
1790445555.117,hud,speed,,,,,"12.3 / 10.6",12.330
1790445555.118,hud,heading,,,,,"5° / 21°",5.400
1790445555.118,hud,drift,,,,,"28.39%",28.390
1790445555.119,hud,turns,,,,,"✗ turns: 3/15",
1790445555.119,hud,calib_s,,,,,"✓ Buffer 6s",
1790445555.119,marker,gnss,52.47246600,-1.47806000,339.50,true,,
1790445555.120,marker,dr,52.47322180,-1.47849048,354.60,true,,
1790445555.120,marker,reconciled,0.00000000,0.00000000,0.00,false,,
1790445555.168,hud,speed,,,,,"12.1 / 10.6",12.090
1790445555.169,hud,heading,,,,,"6° / 21°",5.800
1790445555.169,hud,drift,,,,,"28.38%",28.380
1790445555.169,hud,turns,,,,,"✗ turns: 3/15",
1790445555.169,hud,calib_s,,,,,"✓ Buffer 6s",
1790445555.170,marker,gnss,52.47246600,-1.47806000,339.50,true,,
1790445555.171,marker,dr,52.47323260,-1.47848852,354.20,true,,
1790445555.171,marker,reconciled,0.00000000,0.00000000,0.00,false,,
1790445555.221,hud,speed,,,,,"12.0 / 10.6",12.000
1790445555.221,hud,heading,,,,,"6° / 21°",5.900
1790445555.222,hud,drift,,,,,"28.37%",28.370
1790445555.222,hud,turns,,,,,"✗ turns: 3/15",
1790445555.223,hud,calib_s,,,,,"✓ Buffer 6s",
1790445555.223,marker,gnss,52.47246600,-1.47806000,339.50,true,,
1790445555.224,marker,dr,52.47324332,-1.47848664,354.10,true,,
1790445555.224,marker,reconciled,0.00000000,0.00000000,0.00,false,,
1790445555.271,hud,speed,,,,,"12.1 / 10.6",12.070
1790445555.271,hud,heading,,,,,"6° / 21°",5.700
1790445555.272,hud,drift,,,,,"28.36%",28.360
1790445555.272,hud,turns,,,,,"✗ turns: 3/15",
1790445555.272,hud,calib_s,,,,,"✓ Buffer 6s",
1790445555.273,marker,gnss,52.47246600,-1.47806000,339.50,true,,
1790445555.273,marker,dr,52.47325411,-1.47848481,354.30,true,,
1790445555.274,marker,reconciled,0.00000000,0.00000000,0.00,false,,
1790445555.321,hud,speed,,,,,"12.0 / 10.6",12.040
1790445555.321,hud,heading,,,,,"6° / 21°",5.900
1790445555.322,hud,drift,,,,,"28.35%",28.350
1790445555.322,hud,turns,,,,,"✗ turns: 3/15",
1790445555.322,hud,calib_s,,,,,"✓ Buffer 6s",
1790445555.323,marker,gnss,52.47246600,-1.47806000,339.50,true,,
1790445555.323,marker,dr,52.47326488,-1.47848308,354.10,true,,
1790445555.324,marker,reconciled,0.00000000,0.00000000,0.00,false,,
1790445555.369,hud,speed,,,,,"11.9 / 10.6",11.880
1790445555.369,hud,heading,,,,,"6° / 21°",5.900
1790445555.370,hud,drift,,,,,"28.34%",28.340
1790445555.370,hud,turns,,,,,"✗ turns: 3/15",
1790445555.370,hud,calib_s,,,,,"✓ Buffer 6s",
1790445555.371,marker,gnss,52.47246600,-1.47806000,339.50,true,,
1790445555.371,marker,dr,52.47327561,-1.47848137,354.10,true,,
1790445555.372,marker,reconciled,0.00000000,0.00000000,0.00,false,,
1790445555.424,hud,speed,,,,,"11.7 / 10.6",11.730
1790445555.424,hud,heading,,,,,"6° / 21°",5.600
1790445555.425,hud,drift,,,,,"28.33%",28.330
1790445555.425,hud,turns,,,,,"✗ turns: 3/15",
1790445555.425,hud,calib_s,,,,,"✓ Buffer 6s",
1790445555.426,marker,gnss,52.47246600,-1.47806000,339.50,true,,
1790445555.427,marker,dr,52.47328611,-1.47847973,354.40,true,,
1790445555.427,marker,reconciled,0.00000000,0.00000000,0.00,false,,
1790445555.491,hud,speed,,,,,"11.4 / 10.6",11.410
1790445555.491,hud,heading,,,,,"6° / 21°",5.800
1790445555.492,hud,drift,,,,,"28.28%",28.280
1790445555.492,hud,turns,,,,,"✗ turns: 3/15",
1790445555.492,hud,calib_s,,,,,"✓ Buffer 6s",
1790445555.493,marker,gnss,52.47246600,-1.47806000,339.50,true,,
1790445555.494,marker,dr,52.47330669,-1.47847660,354.20,true,,
1790445555.494,marker,reconciled,0.00000000,0.00000000,0.00,false,,
1790445555.521,hud,speed,,,,,"11.3 / 10.6",11.290
1790445555.521,hud,heading,,,,,"6° / 21°",5.900
1790445555.521,hud,drift,,,,,"28.26%",28.260
1790445555.521,hud,turns,,,,,"✗ turns: 3/15",
1790445555.522,hud,calib_s,,,,,"✓ Buffer 6s",
1790445555.522,marker,gnss,52.47246600,-1.47806000,339.50,true,,
1790445555.523,marker,dr,52.47331670,-1.47847514,354.10,true,,
1790445555.523,marker,reconciled,0.00000000,0.00000000,0.00,false,,
1790445555.570,hud,speed,,,,,"11.3 / 10.6",11.290
1790445555.571,hud,heading,,,,,"6° / 21°",5.800
1790445555.571,hud,drift,,,,,"28.23%",28.230
1790445555.571,hud,turns,,,,,"✗ turns: 3/15",
1790445555.571,hud,calib_s,,,,,"✓ Buffer 6s",
1790445555.572,marker,gnss,52.47246600,-1.47806000,339.50,true,,
1790445555.572,marker,dr,52.47332681,-1.47847357,354.20,true,,
1790445555.572,marker,reconciled,0.00000000,0.00000000,0.00,false,,
1790445555.625,hud,speed,,,,,"11.1 / 10.6",11.140
1790445555.625,hud,heading,,,,,"6° / 21°",5.800
1790445555.625,hud,drift,,,,,"28.20%",28.200
1790445555.625,hud,turns,,,,,"✗ turns: 3/15",
1790445555.625,hud,calib_s,,,,,"✓ Buffer 6s",
1790445555.626,marker,gnss,52.47246600,-1.47806000,339.50,true,,
1790445555.626,marker,dr,52.47333687,-1.47847199,354.20,true,,
1790445555.627,marker,reconciled,0.00000000,0.00000000,0.00,false,,
1790445555.679,hud,speed,,,,,"10.9 / 10.6",10.940
1790445555.679,hud,heading,,,,,"6° / 21°",5.800
1790445555.679,hud,drift,,,,,"28.17%",28.170
1790445555.680,hud,turns,,,,,"✗ turns: 3/15",
1790445555.680,hud,calib_s,,,,,"✓ Buffer 6s",
1790445555.681,marker,gnss,52.47246600,-1.47806000,339.50,true,,
1790445555.681,marker,dr,52.47334656,-1.47847050,354.20,true,,
1790445555.682,marker,reconciled,0.00000000,0.00000000,0.00,false,,
1790445555.728,hud,speed,,,,,"10.8 / 10.6",10.840
1790445555.728,hud,heading,,,,,"6° / 21°",6.000
1790445555.729,hud,drift,,,,,"28.13%",28.130
1790445555.729,hud,turns,,,,,"✗ turns: 3/15",
1790445555.729,hud,calib_s,,,,,"✓ Buffer 6s",
1790445555.729,marker,gnss,52.47246600,-1.47806000,339.50,true,,
1790445555.730,marker,dr,52.47335625,-1.47846896,354.00,true,,
1790445555.730,marker,reconciled,0.00000000,0.00000000,0.00,false,,
1790445555.782,hud,speed,,,,,"10.8 / 10.6",10.840
1790445555.783,hud,heading,,,,,"6° / 21°",6.000
1790445555.783,hud,drift,,,,,"28.09%",28.090
1790445555.783,hud,turns,,,,,"✗ turns: 3/15",
1790445555.783,hud,calib_s,,,,,"✓ Buffer 6s",
1790445555.784,marker,gnss,52.47246600,-1.47806000,339.50,true,,
1790445555.784,marker,dr,52.47336595,-1.47846739,354.00,true,,
1790445555.785,marker,reconciled,0.00000000,0.00000000,0.00,false,,
1790445555.837,hud,speed,,,,,"10.9 / 10.6",10.850
1790445555.837,hud,heading,,,,,"6° / 21°",6.100
1790445555.837,hud,drift,,,,,"28.05%",28.050
1790445555.838,hud,turns,,,,,"✗ turns: 3/15",
1790445555.838,hud,calib_s,,,,,"✓ Buffer 6s",
1790445555.838,marker,gnss,52.47246600,-1.47806000,339.50,true,,
1790445555.839,marker,dr,52.47337566,-1.47846584,353.90,true,,
1790445555.839,marker,reconciled,0.00000000,0.00000000,0.00,false,,
1790445555.880,hud,speed,,,,,"10.8 / 10.6",10.780
1790445555.881,hud,heading,,,,,"6° / 21°",6.200
1790445555.881,hud,drift,,,,,"28.01%",28.010
1790445555.881,hud,turns,,,,,"✗ turns: 3/15",
1790445555.881,hud,calib_s,,,,,"✓ Buffer 6s",
1790445555.882,marker,gnss,52.47246600,-1.47806000,339.50,true,,
1790445555.883,marker,dr,52.47338530,-1.47846427,353.80,true,,
1790445555.884,marker,reconciled,0.00000000,0.00000000,0.00,false,,
1790445555.933,hud,speed,,,,,"10.8 / 10.6",10.780
1790445555.934,hud,heading,,,,,"7° / 21°",6.500
1790445555.934,hud,drift,,,,,"27.97%",27.970
1790445555.934,hud,turns,,,,,"✗ turns: 3/15",
1790445555.935,hud,calib_s,,,,,"✓ Buffer 6s",
1790445555.935,marker,gnss,52.47246600,-1.47806000,339.50,true,,
1790445555.936,marker,dr,52.47339494,-1.47846271,353.50,true,,
1790445555.936,marker,reconciled,0.00000000,0.00000000,0.00,false,,
1790445555.986,hud,speed,,,,,"10.8 / 10.6",10.790
1790445555.986,hud,heading,,,,,"7° / 21°",6.900
1790445555.987,hud,drift,,,,,"27.93%",27.930
1790445555.987,hud,turns,,,,,"✗ turns: 3/15",
1790445555.987,hud,calib_s,,,,,"✓ Buffer 6s",
1790445555.988,marker,gnss,52.47246600,-1.47806000,339.50,true,,
1790445555.988,marker,dr,52.47340459,-1.47846107,353.10,true,,
1790445555.989,marker,reconciled,0.00000000,0.00000000,0.00,false,,
1790445556.039,hud,speed,,,,,"10.9 / 10.6",10.850
1790445556.039,hud,heading,,,,,"7° / 21°",6.900
1790445556.040,hud,drift,,,,,"27.90%",27.900
1790445556.040,hud,turns,,,,,"✗ turns: 3/15",
1790445556.040,hud,calib_s,,,,,"✓ Buffer 6s",
1790445556.041,marker,gnss,52.47246600,-1.47806000,339.50,true,,
1790445556.041,marker,dr,52.47341430,-1.47845940,353.10,true,,
1790445556.041,marker,reconciled,0.00000000,0.00000000,0.00,false,,
1790445556.087,hud,speed,,,,,"10.9 / 10.6",10.920
1790445556.088,hud,heading,,,,,"7° / 21°",6.900
1790445556.088,hud,drift,,,,,"27.86%",27.860
1790445556.088,hud,turns,,,,,"✗ turns: 3/15",
1790445556.088,hud,calib_s,,,,,"✓ Buffer 6s",
1790445556.089,marker,gnss,52.47246600,-1.47806000,339.50,true,,
1790445556.089,marker,dr,52.47342407,-1.47845771,353.10,true,,
1790445556.090,marker,reconciled,0.00000000,0.00000000,0.00,false,,
1790445556.142,hud,speed,,,,,"11.0 / 10.6",11.010
1790445556.143,hud,heading,,,,,"7° / 21°",6.900
1790445556.143,hud,drift,,,,,"27.83%",27.830
1790445556.143,hud,turns,,,,,"✗ turns: 3/15",
1790445556.144,hud,calib_s,,,,,"✓ Buffer 6s",
1790445556.144,marker,gnss,52.47246600,-1.47806000,339.50,true,,
1790445556.145,marker,dr,52.47343401,-1.47845594,353.10,true,,
1790445556.145,marker,reconciled,0.00000000,0.00000000,0.00,false,,
1790445556.191,hud,speed,,,,,"11.1 / 10.6",11.100
1790445556.192,hud,heading,,,,,"7° / 21°",6.900
1790445556.192,hud,drift,,,,,"27.80%",27.800
1790445556.193,hud,turns,,,,,"✗ turns: 3/15",
1790445556.193,hud,calib_s,,,,,"✓ Buffer 6s",
1790445556.193,marker,gnss,52.47246600,-1.47806000,339.50,true,,
1790445556.194,marker,dr,52.47344383,-1.47845420,353.10,true,,
1790445556.194,marker,reconciled,0.00000000,0.00000000,0.00,false,,
1790445556.243,hud,speed,,,,,"11.2 / 10.6",11.180
1790445556.244,hud,heading,,,,,"7° / 21°",7.200
1790445556.244,hud,drift,,,,,"27.77%",27.770
1790445556.244,hud,turns,,,,,"✗ turns: 3/15",
1790445556.244,hud,calib_s,,,,,"✓ Buffer 6s",
1790445556.245,marker,gnss,52.47246600,-1.47806000,339.50,true,,
1790445556.245,marker,dr,52.47345383,-1.47845237,352.80,true,,
1790445556.246,marker,reconciled,0.00000000,0.00000000,0.00,false,,
1790445556.296,hud,speed,,,,,"11.2 / 10.6",11.240
1790445556.296,hud,heading,,,,,"7° / 21°",7.200
1790445556.296,hud,drift,,,,,"27.75%",27.750
1790445556.297,hud,turns,,,,,"✗ turns: 3/15",
1790445556.297,hud,calib_s,,,,,"✓ Buffer 6s",
1790445556.297,marker,gnss,52.47246600,-1.47806000,339.50,true,,
1790445556.298,marker,dr,52.47346387,-1.47845053,352.80,true,,
1790445556.298,marker,reconciled,0.00000000,0.00000000,0.00,false,,
1790445556.342,hud,speed,,,,,"11.3 / 10.6",11.340
1790445556.343,hud,heading,,,,,"8° / 21°",7.500
1790445556.343,hud,drift,,,,,"27.72%",27.720
1790445556.343,hud,turns,,,,,"✗ turns: 3/15",
1790445556.343,hud,calib_s,,,,,"✓ Buffer 6s",
1790445556.344,marker,gnss,52.47246600,-1.47806000,339.50,true,,
1790445556.344,marker,dr,52.47347399,-1.47844860,352.50,true,,
1790445556.345,marker,reconciled,0.00000000,0.00000000,0.00,false,,
1790445556.393,hud,speed,,,,,"11.4 / 10.6",11.410
1790445556.393,hud,heading,,,,,"8° / 21°",7.800
1790445556.393,hud,drift,,,,,"27.70%",27.700
1790445556.393,hud,turns,,,,,"✗ turns: 3/15",
1790445556.393,hud,calib_s,,,,,"✓ Buffer 6s",
1790445556.394,marker,gnss,52.47246600,-1.47806000,339.50,true,,
1790445556.394,marker,dr,52.47348418,-1.47844655,352.20,true,,
1790445556.395,marker,reconciled,0.00000000,0.00000000,0.00,false,,
1790445556.448,hud,speed,,,,,"11.5 / 10.6",11.490
1790445556.449,hud,heading,,,,,"8° / 21°",8.200
1790445556.449,hud,drift,,,,,"27.68%",27.680
1790445556.450,hud,turns,,,,,"✗ turns: 3/15",
1790445556.450,hud,calib_s,,,,,"✓ Buffer 6s",
1790445556.450,marker,gnss,52.47246600,-1.47806000,339.50,true,,
1790445556.452,marker,dr,52.47349443,-1.47844441,351.80,true,,
1790445556.452,marker,reconciled,0.00000000,0.00000000,0.00,false,,
1790445556.497,hud,speed,,,,,"11.5 / 10.6",11.540
1790445556.498,hud,heading,,,,,"8° / 21°",8.400
1790445556.498,hud,drift,,,,,"27.66%",27.660
1790445556.499,hud,turns,,,,,"✗ turns: 3/15",
1790445556.499,hud,calib_s,,,,,"✓ Buffer 6s",
1790445556.499,marker,gnss,52.47246600,-1.47806000,339.50,true,,
1790445556.500,marker,dr,52.47350472,-1.47844219,351.60,true,,
1790445556.500,marker,reconciled,0.00000000,0.00000000,0.00,false,,
1790445556.550,hud,speed,,,,,"11.6 / 10.6",11.620
1790445556.551,hud,heading,,,,,"9° / 21°",8.800
1790445556.551,hud,drift,,,,,"27.64%",27.640
1790445556.551,hud,turns,,,,,"✗ turns: 3/15",
1790445556.551,hud,calib_s,,,,,"✓ Buffer 6s",
1790445556.552,marker,gnss,52.47246600,-1.47806000,339.50,true,,
1790445556.552,marker,dr,52.47351518,-1.47843985,351.20,true,,
1790445556.553,marker,reconciled,0.00000000,0.00000000,0.00,false,,
1790445556.605,hud,speed,,,,,"11.6 / 10.6",11.620
1790445556.605,hud,heading,,,,,"9° / 21°",8.800
1790445556.606,hud,drift,,,,,"28.86%",28.860
1790445556.606,hud,turns,,,,,"✗ turns: 3/15",
1790445556.607,hud,calib_s,,,,,"✓ Buffer 6s",
1790445556.612,marker,gnss,52.47246600,-1.47806000,339.50,true,,
1790445556.613,marker,dr,52.47351518,-1.47843985,351.20,true,,
1790445556.613,marker,reconciled,0.00000000,0.00000000,0.00,false,,
1790445556.675,hud,speed,,,,,"11.6 / 10.6",11.620
1790445556.676,hud,heading,,,,,"9° / 21°",8.800
1790445556.676,hud,drift,,,,,"28.86%",28.860
1790445556.677,hud,turns,,,,,"✗ turns: 3/15",
1790445556.677,hud,calib_s,,,,,"✓ Buffer 6s",
1790445556.681,marker,gnss,52.47246600,-1.47806000,339.50,true,,
1790445556.682,marker,dr,52.47351518,-1.47843985,351.20,true,,
1790445556.683,marker,reconciled,0.00000000,0.00000000,0.00,false,,
1790445556.706,hud,speed,,,,,"11.6 / 10.6",11.620
1790445556.707,hud,heading,,,,,"9° / 21°",8.800
1790445556.707,hud,drift,,,,,"28.86%",28.860
1790445556.707,hud,turns,,,,,"✗ turns: 3/15",
1790445556.708,hud,calib_s,,,,,"✓ Buffer 6s",
1790445556.711,marker,gnss,52.47246600,-1.47806000,339.50,true,,
1790445556.712,marker,dr,52.47351518,-1.47843985,351.20,true,,
1790445556.712,marker,reconciled,0.00000000,0.00000000,0.00,false,,
1790445556.754,hud,speed,,,,,"11.6 / 10.6",11.620
1790445556.754,hud,heading,,,,,"9° / 21°",8.800
1790445556.755,hud,drift,,,,,"28.86%",28.860
1790445556.755,hud,turns,,,,,"✗ turns: 3/15",
1790445556.755,hud,calib_s,,,,,"✓ Buffer 6s",
1790445556.758,marker,gnss,52.47246600,-1.47806000,339.50,true,,
1790445556.758,marker,dr,52.47351518,-1.47843985,351.20,true,,
1790445556.759,marker,reconciled,0.00000000,0.00000000,0.00,false,,
1790445556.803,hud,speed,,,,,"11.6 / 10.6",11.620
1790445556.804,hud,heading,,,,,"9° / 21°",8.800
1790445556.804,hud,drift,,,,,"28.86%",28.860
1790445556.804,hud,turns,,,,,"✗ turns: 3/15",
1790445556.804,hud,calib_s,,,,,"✓ Buffer 6s",
1790445556.808,marker,gnss,52.47246600,-1.47806000,339.50,true,,
1790445556.809,marker,dr,52.47351518,-1.47843985,351.20,true,,
1790445556.809,marker,reconciled,0.00000000,0.00000000,0.00,false,,
1790445556.855,hud,speed,,,,,"11.6 / 10.6",11.620
1790445556.855,hud,heading,,,,,"9° / 21°",8.800
1790445556.856,hud,drift,,,,,"28.86%",28.860
1790445556.856,hud,turns,,,,,"✗ turns: 3/15",
1790445556.856,hud,calib_s,,,,,"✓ Buffer 6s",
1790445556.861,marker,gnss,52.47246600,-1.47806000,339.50,true,,
1790445556.861,marker,dr,52.47351518,-1.47843985,351.20,true,,
1790445556.862,marker,reconciled,0.00000000,0.00000000,0.00,false,,
1790445556.908,hud,speed,,,,,"11.6 / 10.6",11.620
1790445556.909,hud,heading,,,,,"9° / 21°",8.800
1790445556.909,hud,drift,,,,,"28.86%",28.860
1790445556.909,hud,turns,,,,,"✗ turns: 3/15",
1790445556.910,hud,calib_s,,,,,"✓ Buffer 6s",
1790445556.913,marker,gnss,52.47246600,-1.47806000,339.50,true,,
1790445556.914,marker,dr,52.47351518,-1.47843985,351.20,true,,
1790445556.915,marker,reconciled,0.00000000,0.00000000,0.00,false,,
1790445556.958,hud,speed,,,,,"11.6 / 10.6",11.620
1790445556.958,hud,heading,,,,,"9° / 21°",8.800
1790445556.959,hud,drift,,,,,"28.86%",28.860
1790445556.959,hud,turns,,,,,"✗ turns: 3/15",
1790445556.959,hud,calib_s,,,,,"✓ Buffer 6s",
1790445556.964,marker,gnss,52.47246600,-1.47806000,339.50,true,,
1790445556.964,marker,dr,52.47351518,-1.47843985,351.20,true,,
1790445556.965,marker,reconciled,0.00000000,0.00000000,0.00,false,,
1790445557.007,hud,speed,,,,,"11.6 / 10.6",11.620
1790445557.007,hud,heading,,,,,"9° / 21°",8.800
1790445557.008,hud,drift,,,,,"28.86%",28.860
1790445557.008,hud,turns,,,,,"✗ turns: 3/15",
1790445557.008,hud,calib_s,,,,,"✓ Buffer 6s",
1790445557.012,marker,gnss,52.47246600,-1.47806000,339.50,true,,
1790445557.013,marker,dr,52.47351518,-1.47843985,351.20,true,,
1790445557.013,marker,reconciled,0.00000000,0.00000000,0.00,false,,
1790445557.064,hud,speed,,,,,"11.6 / 10.6",11.620
1790445557.065,hud,heading,,,,,"9° / 21°",8.800
1790445557.065,hud,drift,,,,,"28.86%",28.860
1790445557.066,hud,turns,,,,,"✗ turns: 3/15",
1790445557.066,hud,calib_s,,,,,"✓ Buffer 6s",
1790445557.070,marker,gnss,52.47246600,-1.47806000,339.50,true,,
1790445557.071,marker,dr,52.47351518,-1.47843985,351.20,true,,
1790445557.071,marker,reconciled,0.00000000,0.00000000,0.00,false,,
1790445557.111,hud,speed,,,,,"11.6 / 10.6",11.620
1790445557.112,hud,heading,,,,,"9° / 21°",8.800
1790445557.112,hud,drift,,,,,"28.86%",28.860
1790445557.113,hud,turns,,,,,"✗ turns: 3/15",
1790445557.113,hud,calib_s,,,,,"✓ Buffer 6s",
1790445557.117,marker,gnss,52.47246600,-1.47806000,339.50,true,,
1790445557.118,marker,dr,52.47351518,-1.47843985,351.20,true,,
1790445557.119,marker,reconciled,0.00000000,0.00000000,0.00,false,,
1790445557.164,hud,speed,,,,,"11.6 / 10.6",11.620
1790445557.164,hud,heading,,,,,"9° / 21°",8.800
1790445557.164,hud,drift,,,,,"28.86%",28.860
1790445557.165,hud,turns,,,,,"✗ turns: 3/15",
1790445557.165,hud,calib_s,,,,,"✓ Buffer 6s",
1790445557.169,marker,gnss,52.47246600,-1.47806000,339.50,true,,
1790445557.170,marker,dr,52.47351518,-1.47843985,351.20,true,,
1790445557.170,marker,reconciled,0.00000000,0.00000000,0.00,false,,
1790445557.214,hud,speed,,,,,"11.6 / 10.6",11.620
1790445557.215,hud,heading,,,,,"9° / 21°",8.800
1790445557.215,hud,drift,,,,,"28.86%",28.860
1790445557.215,hud,turns,,,,,"✗ turns: 3/15",
1790445557.215,hud,calib_s,,,,,"✓ Buffer 6s",
1790445557.219,marker,gnss,52.47246600,-1.47806000,339.50,true,,
1790445557.220,marker,dr,52.47351518,-1.47843985,351.20,true,,
1790445557.220,marker,reconciled,0.00000000,0.00000000,0.00,false,,
1790445557.262,hud,speed,,,,,"11.6 / 10.6",11.620
1790445557.263,hud,heading,,,,,"9° / 21°",8.800
1790445557.263,hud,drift,,,,,"28.86%",28.860
1790445557.263,hud,turns,,,,,"✗ turns: 3/15",
1790445557.264,hud,calib_s,,,,,"✓ Buffer 6s",
1790445557.267,marker,gnss,52.47246600,-1.47806000,339.50,true,,
1790445557.268,marker,dr,52.47351518,-1.47843985,351.20,true,,
1790445557.269,marker,reconciled,0.00000000,0.00000000,0.00,false,,
1790445557.315,hud,speed,,,,,"11.6 / 10.6",11.620
1790445557.316,hud,heading,,,,,"9° / 21°",8.800
1790445557.316,hud,drift,,,,,"28.86%",28.860
1790445557.316,hud,turns,,,,,"✗ turns: 3/15",
1790445557.316,hud,calib_s,,,,,"✓ Buffer 6s",
1790445557.320,marker,gnss,52.47246600,-1.47806000,339.50,true,,
1790445557.321,marker,dr,52.47351518,-1.47843985,351.20,true,,
1790445557.322,marker,reconciled,0.00000000,0.00000000,0.00,false,,
1790445557.365,hud,speed,,,,,"11.6 / 10.6",11.620
1790445557.365,hud,heading,,,,,"9° / 21°",8.800
1790445557.365,hud,drift,,,,,"28.86%",28.860
1790445557.366,hud,turns,,,,,"✗ turns: 3/15",
1790445557.366,hud,calib_s,,,,,"✓ Buffer 6s",
1790445557.371,marker,gnss,52.47246600,-1.47806000,339.50,true,,
1790445557.372,marker,dr,52.47351518,-1.47843985,351.20,true,,
1790445557.372,marker,reconciled,0.00000000,0.00000000,0.00,false,,
1790445557.421,hud,speed,,,,,"11.6 / 10.6",11.620
1790445557.422,hud,heading,,,,,"9° / 21°",8.800
1790445557.422,hud,drift,,,,,"28.86%",28.860
1790445557.423,hud,turns,,,,,"✗ turns: 3/15",
1790445557.423,hud,calib_s,,,,,"✓ Buffer 6s",
1790445557.427,marker,gnss,52.47246600,-1.47806000,339.50,true,,
1790445557.428,marker,dr,52.47351518,-1.47843985,351.20,true,,
1790445557.428,marker,reconciled,0.00000000,0.00000000,0.00,false,,
1790445557.470,hud,speed,,,,,"11.6 / 10.6",11.620
1790445557.470,hud,heading,,,,,"9° / 21°",8.800
1790445557.471,hud,drift,,,,,"28.86%",28.860
1790445557.471,hud,turns,,,,,"✗ turns: 3/15",
1790445557.471,hud,calib_s,,,,,"✓ Buffer 6s",
1790445557.475,marker,gnss,52.47246600,-1.47806000,339.50,true,,
1790445557.475,marker,dr,52.47351518,-1.47843985,351.20,true,,
1790445557.476,marker,reconciled,0.00000000,0.00000000,0.00,false,,
1790445557.520,hud,speed,,,,,"11.6 / 10.6",11.620
1790445557.520,hud,heading,,,,,"9° / 21°",8.800
1790445557.521,hud,drift,,,,,"28.86%",28.860
1790445557.521,hud,turns,,,,,"✗ turns: 3/15",
1790445557.521,hud,calib_s,,,,,"✓ Buffer 6s",
1790445557.525,marker,gnss,52.47246600,-1.47806000,339.50,true,,
1790445557.525,marker,dr,52.47351518,-1.47843985,351.20,true,,
1790445557.526,marker,reconciled,0.00000000,0.00000000,0.00,false,,
1790445557.572,hud,speed,,,,,"11.6 / 10.6",11.620
1790445557.572,hud,heading,,,,,"9° / 21°",8.800
1790445557.573,hud,drift,,,,,"28.86%",28.860
1790445557.573,hud,turns,,,,,"✗ turns: 3/15",
1790445557.573,hud,calib_s,,,,,"✓ Buffer 6s",
1790445557.577,marker,gnss,52.47246600,-1.47806000,339.50,true,,
1790445557.578,marker,dr,52.47351518,-1.47843985,351.20,true,,
1790445557.578,marker,reconciled,0.00000000,0.00000000,0.00,false,,
1790445557.624,hud,speed,,,,,"11.6 / 10.6",11.620
1790445557.625,hud,heading,,,,,"9° / 21°",8.800
1790445557.625,hud,drift,,,,,"28.86%",28.860
1790445557.625,hud,turns,,,,,"✗ turns: 3/15",
1790445557.626,hud,calib_s,,,,,"✓ Buffer 6s",
1790445557.630,marker,gnss,52.47246600,-1.47806000,339.50,true,,
1790445557.631,marker,dr,52.47351518,-1.47843985,351.20,true,,
1790445557.631,marker,reconciled,0.00000000,0.00000000,0.00,false,,
1790445557.675,hud,speed,,,,,"11.6 / 10.6",11.620
1790445557.676,hud,heading,,,,,"9° / 21°",8.800
1790445557.676,hud,drift,,,,,"28.86%",28.860
1790445557.676,hud,turns,,,,,"✗ turns: 3/15",
1790445557.676,hud,calib_s,,,,,"✓ Buffer 6s",
1790445557.680,marker,gnss,52.47246600,-1.47806000,339.50,true,,
1790445557.681,marker,dr,52.47351518,-1.47843985,351.20,true,,
1790445557.682,marker,reconciled,0.00000000,0.00000000,0.00,false,,
1790445557.725,hud,speed,,,,,"11.6 / 10.6",11.620
1790445557.726,hud,heading,,,,,"9° / 21°",8.800
1790445557.726,hud,drift,,,,,"28.86%",28.860
1790445557.727,hud,turns,,,,,"✗ turns: 3/15",
1790445557.727,hud,calib_s,,,,,"✓ Buffer 6s",
1790445557.731,marker,gnss,52.47246600,-1.47806000,339.50,true,,
1790445557.732,marker,dr,52.47351518,-1.47843985,351.20,true,,
1790445557.732,marker,reconciled,0.00000000,0.00000000,0.00,false,,
1790445557.777,hud,speed,,,,,"11.6 / 10.6",11.620
1790445557.777,hud,heading,,,,,"9° / 21°",8.800
1790445557.778,hud,drift,,,,,"28.86%",28.860
1790445557.778,hud,turns,,,,,"✗ turns: 3/15",
1790445557.778,hud,calib_s,,,,,"✓ Buffer 6s",
1790445557.782,marker,gnss,52.47246600,-1.47806000,339.50,true,,
1790445557.783,marker,dr,52.47351518,-1.47843985,351.20,true,,
1790445557.783,marker,reconciled,0.00000000,0.00000000,0.00,false,,
1790445557.835,hud,speed,,,,,"11.6 / 10.6",11.620
1790445557.835,hud,heading,,,,,"9° / 21°",8.800
1790445557.836,hud,drift,,,,,"28.86%",28.860
1790445557.836,hud,turns,,,,,"✗ turns: 3/15",
1790445557.836,hud,calib_s,,,,,"✓ Buffer 6s",
1790445557.840,marker,gnss,52.47246600,-1.47806000,339.50,true,,
1790445557.841,marker,dr,52.47351518,-1.47843985,351.20,true,,
1790445557.842,marker,reconciled,0.00000000,0.00000000,0.00,false,,
1790445557.884,hud,speed,,,,,"11.6 / 10.6",11.620
1790445557.885,hud,heading,,,,,"9° / 21°",8.800
1790445557.885,hud,drift,,,,,"28.86%",28.860
1790445557.885,hud,turns,,,,,"✗ turns: 3/15",
1790445557.885,hud,calib_s,,,,,"✓ Buffer 6s",
1790445557.889,marker,gnss,52.47246600,-1.47806000,339.50,true,,
1790445557.890,marker,dr,52.47351518,-1.47843985,351.20,true,,
1790445557.891,marker,reconciled,0.00000000,0.00000000,0.00,false,,
1790445557.932,hud,speed,,,,,"11.6 / 10.6",11.620
1790445557.933,hud,heading,,,,,"9° / 21°",8.800
1790445557.933,hud,drift,,,,,"28.86%",28.860
1790445557.933,hud,turns,,,,,"✗ turns: 3/15",
1790445557.934,hud,calib_s,,,,,"✓ Buffer 6s",
1790445557.937,marker,gnss,52.47246600,-1.47806000,339.50,true,,
1790445557.938,marker,dr,52.47351518,-1.47843985,351.20,true,,
1790445557.939,marker,reconciled,0.00000000,0.00000000,0.00,false,,
1790445557.982,hud,speed,,,,,"11.6 / 10.6",11.620
1790445557.983,hud,heading,,,,,"9° / 21°",8.800
1790445557.983,hud,drift,,,,,"28.86%",28.860
1790445557.983,hud,turns,,,,,"✗ turns: 3/15",
1790445557.984,hud,calib_s,,,,,"✓ Buffer 6s",
1790445557.987,marker,gnss,52.47246600,-1.47806000,339.50,true,,
1790445557.988,marker,dr,52.47351518,-1.47843985,351.20,true,,
1790445557.989,marker,reconciled,0.00000000,0.00000000,0.00,false,,
1790445558.034,hud,speed,,,,,"11.6 / 10.6",11.620
1790445558.035,hud,heading,,,,,"9° / 21°",8.800
1790445558.035,hud,drift,,,,,"28.86%",28.860
1790445558.035,hud,turns,,,,,"✗ turns: 3/15",
1790445558.035,hud,calib_s,,,,,"✓ Buffer 6s",
1790445558.039,marker,gnss,52.47246600,-1.47806000,339.50,true,,
1790445558.040,marker,dr,52.47351518,-1.47843985,351.20,true,,
1790445558.040,marker,reconciled,0.00000000,0.00000000,0.00,false,,
1790445558.083,hud,speed,,,,,"11.6 / 10.6",11.620
1790445558.084,hud,heading,,,,,"9° / 21°",8.800
1790445558.084,hud,drift,,,,,"28.86%",28.860
1790445558.084,hud,turns,,,,,"✗ turns: 3/15",
1790445558.085,hud,calib_s,,,,,"✓ Buffer 6s",
1790445558.088,marker,gnss,52.47246600,-1.47806000,339.50,true,,
1790445558.089,marker,dr,52.47351518,-1.47843985,351.20,true,,
1790445558.090,marker,reconciled,0.00000000,0.00000000,0.00,false,,
1790445558.134,hud,speed,,,,,"11.6 / 10.6",11.620
1790445558.135,hud,heading,,,,,"9° / 21°",8.800
1790445558.135,hud,drift,,,,,"28.86%",28.860
1790445558.135,hud,turns,,,,,"✗ turns: 3/15",
1790445558.135,hud,calib_s,,,,,"✓ Buffer 6s",
1790445558.138,marker,gnss,52.47246600,-1.47806000,339.50,true,,
1790445558.138,marker,dr,52.47351518,-1.47843985,351.20,true,,
1790445558.139,marker,reconciled,0.00000000,0.00000000,0.00,false,,
1790445558.189,hud,speed,,,,,"11.6 / 10.6",11.620
1790445558.189,hud,heading,,,,,"9° / 21°",8.800
1790445558.189,hud,drift,,,,,"28.86%",28.860
1790445558.190,hud,turns,,,,,"✗ turns: 3/15",
1790445558.190,hud,calib_s,,,,,"✓ Buffer 6s",
1790445558.195,marker,gnss,52.47246600,-1.47806000,339.50,true,,
1790445558.195,marker,dr,52.47351518,-1.47843985,351.20,true,,
1790445558.196,marker,reconciled,0.00000000,0.00000000,0.00,false,,
1790445558.237,hud,speed,,,,,"11.6 / 10.6",11.620
1790445558.238,hud,heading,,,,,"9° / 21°",8.800
1790445558.238,hud,drift,,,,,"28.86%",28.860
1790445558.238,hud,turns,,,,,"✗ turns: 3/15",
1790445558.239,hud,calib_s,,,,,"✓ Buffer 6s",
1790445558.242,marker,gnss,52.47246600,-1.47806000,339.50,true,,
1790445558.243,marker,dr,52.47351518,-1.47843985,351.20,true,,
1790445558.243,marker,reconciled,0.00000000,0.00000000,0.00,false,,
1790445558.292,hud,speed,,,,,"11.6 / 10.6",11.620
1790445558.293,hud,heading,,,,,"9° / 21°",8.800
1790445558.293,hud,drift,,,,,"28.86%",28.860
1790445558.294,hud,turns,,,,,"✗ turns: 3/15",
1790445558.294,hud,calib_s,,,,,"✓ Buffer 6s",
1790445558.298,marker,gnss,52.47246600,-1.47806000,339.50,true,,
1790445558.299,marker,dr,52.47351518,-1.47843985,351.20,true,,
1790445558.299,marker,reconciled,0.00000000,0.00000000,0.00,false,,
1790445558.344,hud,speed,,,,,"11.6 / 10.6",11.620
1790445558.344,hud,heading,,,,,"9° / 21°",8.800
1790445558.345,hud,drift,,,,,"28.86%",28.860
1790445558.345,hud,turns,,,,,"✗ turns: 3/15",
1790445558.345,hud,calib_s,,,,,"✓ Buffer 6s",
1790445558.349,marker,gnss,52.47246600,-1.47806000,339.50,true,,
1790445558.351,marker,dr,52.47351518,-1.47843985,351.20,true,,
1790445558.351,marker,reconciled,0.00000000,0.00000000,0.00,false,,
1790445558.392,hud,speed,,,,,"11.6 / 10.6",11.620
1790445558.393,hud,heading,,,,,"9° / 21°",8.800
1790445558.393,hud,drift,,,,,"28.86%",28.860
1790445558.394,hud,turns,,,,,"✗ turns: 3/15",
1790445558.394,hud,calib_s,,,,,"✓ Buffer 6s",
1790445558.398,marker,gnss,52.47246600,-1.47806000,339.50,true,,
1790445558.399,marker,dr,52.47351518,-1.47843985,351.20,true,,
1790445558.400,marker,reconciled,0.00000000,0.00000000,0.00,false,,
1790445558.444,hud,speed,,,,,"11.6 / 10.6",11.620
1790445558.445,hud,heading,,,,,"9° / 21°",8.800
1790445558.445,hud,drift,,,,,"28.86%",28.860
1790445558.446,hud,turns,,,,,"✗ turns: 3/15",
1790445558.446,hud,calib_s,,,,,"✓ Buffer 6s",
1790445558.450,marker,gnss,52.47246600,-1.47806000,339.50,true,,
1790445558.451,marker,dr,52.47351518,-1.47843985,351.20,true,,
1790445558.451,marker,reconciled,0.00000000,0.00000000,0.00,false,,
1790445558.504,hud,speed,,,,,"11.6 / 10.6",11.620
1790445558.505,hud,heading,,,,,"9° / 21°",8.800
1790445558.505,hud,drift,,,,,"28.86%",28.860
1790445558.505,hud,turns,,,,,"✗ turns: 3/15",
1790445558.505,hud,calib_s,,,,,"✓ Buffer 6s",
1790445558.509,marker,gnss,52.47246600,-1.47806000,339.50,true,,
1790445558.510,marker,dr,52.47351518,-1.47843985,351.20,true,,
1790445558.510,marker,reconciled,0.00000000,0.00000000,0.00,false,,
1790445558.541,hud,speed,,,,,"11.6 / 10.6",11.620
1790445558.542,hud,heading,,,,,"9° / 21°",8.800
1790445558.542,hud,drift,,,,,"28.86%",28.860
1790445558.542,hud,turns,,,,,"✗ turns: 3/15",
1790445558.542,hud,calib_s,,,,,"✓ Buffer 6s",
1790445558.546,marker,gnss,52.47246600,-1.47806000,339.50,true,,
1790445558.548,marker,dr,52.47351518,-1.47843985,351.20,true,,
1790445558.549,marker,reconciled,0.00000000,0.00000000,0.00,false,,
1790445558.590,hud,speed,,,,,"11.6 / 10.6",11.620
1790445558.591,hud,heading,,,,,"9° / 21°",8.800
1790445558.591,hud,drift,,,,,"28.86%",28.860
1790445558.591,hud,turns,,,,,"✗ turns: 3/15",
1790445558.592,hud,calib_s,,,,,"✓ Buffer 6s",
1790445558.595,marker,gnss,52.47246600,-1.47806000,339.50,true,,
1790445558.596,marker,dr,52.47351518,-1.47843985,351.20,true,,
1790445558.596,marker,reconciled,0.00000000,0.00000000,0.00,false,,
1790445558.644,hud,speed,,,,,"11.6 / 10.6",11.620
1790445558.645,hud,heading,,,,,"9° / 21°",8.800
1790445558.645,hud,drift,,,,,"28.86%",28.860
1790445558.645,hud,turns,,,,,"✗ turns: 3/15",
1790445558.645,hud,calib_s,,,,,"✓ Buffer 6s",
1790445558.648,marker,gnss,52.47246600,-1.47806000,339.50,true,,
1790445558.649,marker,dr,52.47351518,-1.47843985,351.20,true,,
1790445558.650,marker,reconciled,0.00000000,0.00000000,0.00,false,,
1790445558.698,hud,speed,,,,,"11.6 / 10.6",11.620
1790445558.699,hud,heading,,,,,"9° / 21°",8.800
1790445558.699,hud,drift,,,,,"28.86%",28.860
1790445558.700,hud,turns,,,,,"✗ turns: 3/15",
1790445558.700,hud,calib_s,,,,,"✓ Buffer 6s",
1790445558.705,marker,gnss,52.47246600,-1.47806000,339.50,true,,
1790445558.706,marker,dr,52.47351518,-1.47843985,351.20,true,,
1790445558.706,marker,reconciled,0.00000000,0.00000000,0.00,false,,
1790445558.744,hud,speed,,,,,"11.6 / 10.6",11.620
1790445558.745,hud,heading,,,,,"9° / 21°",8.800
1790445558.745,hud,drift,,,,,"28.86%",28.860
1790445558.745,hud,turns,,,,,"✗ turns: 3/15",
1790445558.745,hud,calib_s,,,,,"✓ Buffer 6s",
1790445558.748,marker,gnss,52.47246600,-1.47806000,339.50,true,,
1790445558.749,marker,dr,52.47351518,-1.47843985,351.20,true,,
1790445558.749,marker,reconciled,0.00000000,0.00000000,0.00,false,,
1790445558.804,hud,speed,,,,,"11.6 / 10.6",11.620
1790445558.804,hud,heading,,,,,"9° / 21°",8.800
1790445558.805,hud,drift,,,,,"28.86%",28.860
1790445558.805,hud,turns,,,,,"✗ turns: 3/15",
1790445558.805,hud,calib_s,,,,,"✓ Buffer 6s",
1790445558.810,marker,gnss,52.47246600,-1.47806000,339.50,true,,
1790445558.811,marker,dr,52.47351518,-1.47843985,351.20,true,,
1790445558.811,marker,reconciled,0.00000000,0.00000000,0.00,false,,
1790445558.851,hud,speed,,,,,"11.6 / 10.6",11.620
1790445558.852,hud,heading,,,,,"9° / 21°",8.800
1790445558.852,hud,drift,,,,,"28.86%",28.860
1790445558.853,hud,turns,,,,,"✗ turns: 3/15",
1790445558.853,hud,calib_s,,,,,"✓ Buffer 6s",
1790445558.857,marker,gnss,52.47246600,-1.47806000,339.50,true,,
1790445558.858,marker,dr,52.47351518,-1.47843985,351.20,true,,
1790445558.859,marker,reconciled,0.00000000,0.00000000,0.00,false,,
1790445558.901,hud,speed,,,,,"11.6 / 10.6",11.620
1790445558.902,hud,heading,,,,,"9° / 21°",8.800
1790445558.903,hud,drift,,,,,"28.86%",28.860
1790445558.903,hud,turns,,,,,"✗ turns: 3/15",
1790445558.903,hud,calib_s,,,,,"✓ Buffer 6s",
1790445558.907,marker,gnss,52.47246600,-1.47806000,339.50,true,,
1790445558.908,marker,dr,52.47351518,-1.47843985,351.20,true,,
1790445558.908,marker,reconciled,0.00000000,0.00000000,0.00,false,,
1790445558.953,hud,speed,,,,,"11.6 / 10.6",11.620
1790445558.953,hud,heading,,,,,"9° / 21°",8.800
1790445558.954,hud,drift,,,,,"28.86%",28.860
1790445558.954,hud,turns,,,,,"✗ turns: 3/15",
1790445558.954,hud,calib_s,,,,,"✓ Buffer 6s",
1790445558.959,marker,gnss,52.47246600,-1.47806000,339.50,true,,
1790445558.959,marker,dr,52.47351518,-1.47843985,351.20,true,,
1790445558.960,marker,reconciled,0.00000000,0.00000000,0.00,false,,
1790445559.003,hud,speed,,,,,"11.6 / 10.6",11.620
1790445559.004,hud,heading,,,,,"9° / 21°",8.800
1790445559.004,hud,drift,,,,,"28.86%",28.860
1790445559.004,hud,turns,,,,,"✗ turns: 3/15",
1790445559.004,hud,calib_s,,,,,"✓ Buffer 6s",
1790445559.009,marker,gnss,52.47246600,-1.47806000,339.50,true,,
1790445559.009,marker,dr,52.47351518,-1.47843985,351.20,true,,
1790445559.010,marker,reconciled,0.00000000,0.00000000,0.00,false,,
