t,category,name,lat,lon,rotation_deg,visible,text_val,num_val
1790445623.979,hud,speed,,,,,"0.0 / 0.0",0.000
1790445623.979,hud,heading,,,,,"0° / 0°",0.000
1790445623.980,hud,drift,,,,,"0.00%",0.000
1790445623.980,hud,turns,,,,,"✗ turns: 0/15",
1790445623.980,hud,calib_s,,,,,"✗ Buffer (need 6s)",
1790445623.980,marker,reconciled,0.00000000,0.00000000,0.00,false,,
1790445627.593,hud,speed,,,,,"0.0 / 0.0",0.000
1790445627.594,hud,heading,,,,,"0° / 0°",0.000
1790445627.594,hud,drift,,,,,"0.00%",0.000
1790445627.595,hud,turns,,,,,"✗ turns: 0/15",
1790445627.595,hud,calib_s,,,,,"✗ Buffer (need 6s)",
1790445627.595,marker,reconciled,0.00000000,0.00000000,0.00,false,,
1790445627.658,hud,speed,,,,,"0.0 / 0.0",0.000
1790445627.659,hud,heading,,,,,"0° / 0°",0.000
1790445627.659,hud,drift,,,,,"0.00%",0.000
1790445627.659,hud,turns,,,,,"✗ turns: 0/15",
1790445627.660,hud,calib_s,,,,,"✗ Buffer (need 6s)",
1790445627.660,marker,reconciled,0.00000000,0.00000000,0.00,false,,
1790445627.700,hud,speed,,,,,"0.0 / 0.0",0.000
1790445627.700,hud,heading,,,,,"0° / 0°",0.000
1790445627.701,hud,drift,,,,,"0.00%",0.000
1790445627.701,hud,turns,,,,,"✗ turns: 0/15",
1790445627.701,hud,calib_s,,,,,"✗ Buffer (need 6s)",
1790445627.701,marker,reconciled,0.00000000,0.00000000,0.00,false,,
1790445627.767,hud,speed,,,,,"0.0 / 0.0",0.000
1790445627.767,hud,heading,,,,,"0° / 0°",0.000
1790445627.767,hud,drift,,,,,"0.00%",0.000
1790445627.768,hud,turns,,,,,"✗ turns: 0/15",
1790445627.768,hud,calib_s,,,,,"✗ Buffer (need 6s)",
1790445627.768,marker,reconciled,0.00000000,0.00000000,0.00,false,,
1790445627.810,hud,speed,,,,,"0.0 / 0.0",0.000
1790445627.811,hud,heading,,,,,"0° / 0°",0.000
1790445627.811,hud,drift,,,,,"0.00%",0.000
1790445627.811,hud,turns,,,,,"✗ turns: 0/15",
1790445627.811,hud,calib_s,,,,,"✗ Buffer (need 6s)",
1790445627.811,marker,reconciled,0.00000000,0.00000000,0.00,false,,
1790445627.872,hud,speed,,,,,"0.0 / 0.0",0.000
1790445627.872,hud,heading,,,,,"0° / 0°",0.000
1790445627.873,hud,drift,,,,,"0.00%",0.000
1790445627.873,hud,turns,,,,,"✗ turns: 0/15",
1790445627.873,hud,calib_s,,,,,"✗ Buffer (need 6s)",
1790445627.873,marker,reconciled,0.00000000,0.00000000,0.00,false,,
1790445627.906,hud,speed,,,,,"0.0 / 0.0",0.000
1790445627.906,hud,heading,,,,,"0° / 0°",0.000
1790445627.907,hud,drift,,,,,"0.00%",0.000
1790445627.907,hud,turns,,,,,"✗ turns: 0/15",
1790445627.907,hud,calib_s,,,,,"✗ Buffer (need 6s)",
1790445627.907,marker,reconciled,0.00000000,0.00000000,0.00,false,,
1790445627.953,hud,speed,,,,,"0.0 / 0.0",0.000
1790445627.953,hud,heading,,,,,"0° / 0°",0.000
1790445627.953,hud,drift,,,,,"0.00%",0.000
1790445627.953,hud,turns,,,,,"✗ turns: 0/15",
1790445627.953,hud,calib_s,,,,,"✗ Buffer (need 6s)",
1790445627.954,marker,reconciled,0.00000000,0.00000000,0.00,false,,
1790445628.020,hud,speed,,,,,"0.0 / 0.0",0.000
1790445628.020,hud,heading,,,,,"0° / 0°",0.000
1790445628.021,hud,drift,,,,,"0.00%",0.000
1790445628.021,hud,turns,,,,,"✗ turns: 0/15",
1790445628.021,hud,calib_s,,,,,"✗ Buffer (need 6s)",
1790445628.021,marker,reconciled,0.00000000,0.00000000,0.00,false,,
1790445628.066,hud,speed,,,,,"0.0 / 0.0",0.000
1790445628.066,hud,heading,,,,,"0° / 0°",0.000
1790445628.067,hud,drift,,,,,"0.00%",0.000
1790445628.067,hud,turns,,,,,"✗ turns: 0/15",
1790445628.067,hud,calib_s,,,,,"✗ Buffer (need 6s)",
1790445628.067,marker,reconciled,0.00000000,0.00000000,0.00,false,,
1790445628.116,hud,speed,,,,,"0.0 / 0.0",0.000
1790445628.116,hud,heading,,,,,"0° / 0°",0.000
1790445628.116,hud,drift,,,,,"0.00%",0.000
1790445628.117,hud,turns,,,,,"✗ turns: 0/15",
1790445628.117,hud,calib_s,,,,,"✗ Buffer (need 6s)",
1790445628.117,marker,reconciled,0.00000000,0.00000000,0.00,false,,
1790445628.157,hud,speed,,,,,"0.0 / 0.0",0.000
1790445628.157,hud,heading,,,,,"0° / 0°",0.000
1790445628.157,hud,drift,,,,,"0.00%",0.000
1790445628.157,hud,turns,,,,,"✗ turns: 0/15",
1790445628.158,hud,calib_s,,,,,"✗ Buffer (need 6s)",
1790445628.158,marker,reconciled,0.00000000,0.00000000,0.00,false,,
1790445628.219,hud,speed,,,,,"0.0 / 0.0",0.000
1790445628.220,hud,heading,,,,,"0° / 0°",0.000
1790445628.220,hud,drift,,,,,"0.00%",0.000
1790445628.220,hud,turns,,,,,"✗ turns: 0/15",
1790445628.220,hud,calib_s,,,,,"✗ Buffer (need 6s)",
1790445628.221,marker,reconciled,0.00000000,0.00000000,0.00,false,,
1790445628.257,hud,speed,,,,,"0.0 / 0.0",0.000
1790445628.258,hud,heading,,,,,"0° / 0°",0.000
1790445628.258,hud,drift,,,,,"0.00%",0.000
1790445628.258,hud,turns,,,,,"✗ turns: 0/15",
1790445628.259,hud,calib_s,,,,,"✗ Buffer (need 6s)",
1790445628.259,marker,reconciled,0.00000000,0.00000000,0.00,false,,
1790445628.325,hud,speed,,,,,"0.0 / 0.0",0.000
1790445628.325,hud,heading,,,,,"0° / 0°",0.000
1790445628.325,hud,drift,,,,,"0.00%",0.000
1790445628.326,hud,turns,,,,,"✗ turns: 0/15",
1790445628.326,hud,calib_s,,,,,"✗ Buffer (need 6s)",
1790445628.326,marker,reconciled,0.00000000,0.00000000,0.00,false,,
1790445628.369,hud,speed,,,,,"0.0 / 0.0",0.000
1790445628.370,hud,heading,,,,,"0° / 0°",0.000
1790445628.370,hud,drift,,,,,"0.00%",0.000
1790445628.370,hud,turns,,,,,"✗ turns: 0/15",
1790445628.371,hud,calib_s,,,,,"✗ Buffer (need 6s)",
1790445628.371,marker,reconciled,0.00000000,0.00000000,0.00,false,,
1790445628.412,hud,speed,,,,,"0.0 / 0.0",0.000
1790445628.412,hud,heading,,,,,"0° / 0°",0.000
1790445628.413,hud,drift,,,,,"0.00%",0.000
1790445628.413,hud,turns,,,,,"✗ turns: 0/15",
1790445628.413,hud,calib_s,,,,,"✗ Buffer (need 6s)",
1790445628.413,marker,reconciled,0.00000000,0.00000000,0.00,false,,
1790445628.468,hud,speed,,,,,"0.0 / 0.0",0.000
1790445628.468,hud,heading,,,,,"0° / 0°",0.000
1790445628.468,hud,drift,,,,,"0.00%",0.000
1790445628.469,hud,turns,,,,,"✗ turns: 0/15",
1790445628.469,hud,calib_s,,,,,"✗ Buffer (need 6s)",
1790445628.469,marker,reconciled,0.00000000,0.00000000,0.00,false,,
1790445628.515,hud,speed,,,,,"0.0 / 0.0",0.000
1790445628.516,hud,heading,,,,,"0° / 0°",0.000
1790445628.516,hud,drift,,,,,"0.00%",0.000
1790445628.516,hud,turns,,,,,"✗ turns: 0/15",
1790445628.516,hud,calib_s,,,,,"✗ Buffer (need 6s)",
1790445628.517,marker,reconciled,0.00000000,0.00000000,0.00,false,,
1790445628.564,hud,speed,,,,,"0.0 / 0.0",0.000
1790445628.565,hud,heading,,,,,"0° / 0°",0.000
1790445628.565,hud,drift,,,,,"0.00%",0.000
1790445628.565,hud,turns,,,,,"✗ turns: 0/15",
1790445628.566,hud,calib_s,,,,,"✗ Buffer (need 6s)",
1790445628.566,marker,reconciled,0.00000000,0.00000000,0.00,false,,
1790445628.617,hud,speed,,,,,"0.0 / 0.0",0.000
1790445628.618,hud,heading,,,,,"0° / 0°",0.000
1790445628.618,hud,drift,,,,,"0.00%",0.000
1790445628.619,hud,turns,,,,,"✗ turns: 0/15",
1790445628.619,hud,calib_s,,,,,"✗ Buffer (need 6s)",
1790445628.619,marker,reconciled,0.00000000,0.00000000,0.00,false,,
1790445628.695,hud,speed,,,,,"0.0 / 0.0",0.000
1790445628.696,hud,heading,,,,,"0° / 0°",0.000
1790445628.696,hud,drift,,,,,"0.00%",0.000
1790445628.697,hud,turns,,,,,"✗ turns: 0/15",
1790445628.697,hud,calib_s,,,,,"✗ Buffer (need 6s)",
1790445628.699,marker,gnss,52.38862200,-1.40236800,203.80,true,,
1790445628.700,marker,reconciled,0.00000000,0.00000000,0.00,false,,
1790445628.744,hud,speed,,,,,"0.0 / 0.0",0.000
1790445628.745,hud,heading,,,,,"0° / 0°",0.000
1790445628.745,hud,drift,,,,,"0.00%",0.000
1790445628.746,hud,turns,,,,,"✗ turns: 0/15",
1790445628.746,hud,calib_s,,,,,"✗ Buffer (need 6s)",
1790445628.747,marker,gnss,52.38862200,-1.40236800,203.80,true,,
1790445628.747,marker,reconciled,0.00000000,0.00000000,0.00,false,,
1790445628.787,hud,speed,,,,,"0.0 / 0.0",0.000
1790445628.787,hud,heading,,,,,"0° / 0°",0.000
1790445628.788,hud,drift,,,,,"0.00%",0.000
1790445628.788,hud,turns,,,,,"✗ turns: 0/15",
1790445628.788,hud,calib_s,,,,,"✗ Buffer (need 6s)",
1790445628.789,marker,gnss,52.38862200,-1.40236800,203.80,true,,
1790445628.789,marker,reconciled,0.00000000,0.00000000,0.00,false,,
1790445628.831,hud,speed,,,,,"0.0 / 0.0",0.000
1790445628.831,hud,heading,,,,,"0° / 0°",0.000
1790445628.832,hud,drift,,,,,"0.00%",0.000
1790445628.832,hud,turns,,,,,"✗ turns: 0/15",
1790445628.832,hud,calib_s,,,,,"✗ Buffer (need 6s)",
1790445628.833,marker,gnss,52.38862200,-1.40236800,203.80,true,,
1790445628.833,marker,reconciled,0.00000000,0.00000000,0.00,false,,
1790445628.880,hud,speed,,,,,"0.0 / 0.0",0.000
1790445628.881,hud,heading,,,,,"0° / 0°",0.000
1790445628.881,hud,drift,,,,,"0.00%",0.000
1790445628.881,hud,turns,,,,,"✗ turns: 0/15",
1790445628.881,hud,calib_s,,,,,"✗ Buffer (need 6s)",
1790445628.881,marker,gnss,52.38862200,-1.40236800,203.80,true,,
1790445628.882,marker,reconciled,0.00000000,0.00000000,0.00,false,,
1790445628.935,hud,speed,,,,,"0.0 / 0.0",0.000
1790445628.936,hud,heading,,,,,"0° / 0°",0.000
1790445628.936,hud,drift,,,,,"0.00%",0.000
1790445628.937,hud,turns,,,,,"✗ turns: 0/15",
1790445628.937,hud,calib_s,,,,,"✗ Buffer (need 6s)",
1790445628.937,marker,gnss,52.38862200,-1.40236800,203.80,true,,
1790445628.937,marker,reconciled,0.00000000,0.00000000,0.00,false,,
1790445628.995,hud,speed,,,,,"0.0 / 0.0",0.000
1790445628.995,hud,heading,,,,,"0° / 0°",0.000
1790445628.996,hud,drift,,,,,"0.00%",0.000
1790445628.996,hud,turns,,,,,"✗ turns: 0/15",
1790445628.996,hud,calib_s,,,,,"✗ Buffer (need 6s)",
1790445628.997,marker,gnss,52.38862200,-1.40236800,203.80,true,,
1790445628.997,marker,reconciled,0.00000000,0.00000000,0.00,false,,
1790445629.039,hud,speed,,,,,"0.0 / 0.0",0.000
1790445629.039,hud,heading,,,,,"0° / 0°",0.000
1790445629.039,hud,drift,,,,,"0.00%",0.000
1790445629.040,hud,turns,,,,,"✗ turns: 0/15",
1790445629.040,hud,calib_s,,,,,"✗ Buffer (need 6s)",
1790445629.040,marker,gnss,52.38862200,-1.40236800,203.80,true,,
1790445629.041,marker,reconciled,0.00000000,0.00000000,0.00,false,,
1790445629.130,hud,speed,,,,,"0.0 / 0.0",0.000
1790445629.131,hud,heading,,,,,"0° / 0°",0.000
1790445629.131,hud,drift,,,,,"0.00%",0.000
1790445629.131,hud,turns,,,,,"✗ turns: 0/15",
1790445629.131,hud,calib_s,,,,,"✗ Buffer (need 6s)",
1790445629.132,marker,gnss,52.38862200,-1.40236800,203.80,true,,
1790445629.132,marker,reconciled,0.00000000,0.00000000,0.00,false,,
1790445629.161,hud,speed,,,,,"0.0 / 0.0",0.000
1790445629.161,hud,heading,,,,,"0° / 0°",0.000
1790445629.161,hud,drift,,,,,"0.00%",0.000
1790445629.162,hud,turns,,,,,"✗ turns: 0/15",
1790445629.162,hud,calib_s,,,,,"✗ Buffer (need 6s)",
1790445629.162,marker,gnss,52.38862200,-1.40236800,203.80,true,,
1790445629.163,marker,reconciled,0.00000000,0.00000000,0.00,false,,
1790445629.216,hud,speed,,,,,"0.0 / 0.0",0.000
1790445629.216,hud,heading,,,,,"0° / 0°",0.000
1790445629.217,hud,drift,,,,,"0.00%",0.000
1790445629.217,hud,turns,,,,,"✗ turns: 0/15",
1790445629.218,hud,calib_s,,,,,"✗ Buffer (need 6s)",
1790445629.219,marker,gnss,52.38862200,-1.40236800,203.80,true,,
1790445629.219,marker,reconciled,0.00000000,0.00000000,0.00,false,,
1790445629.248,hud,speed,,,,,"0.0 / 0.0",0.000
1790445629.248,hud,heading,,,,,"0° / 0°",0.000
1790445629.249,hud,drift,,,,,"0.00%",0.000
1790445629.249,hud,turns,,,,,"✗ turns: 0/15",
1790445629.249,hud,calib_s,,,,,"✗ Buffer (need 6s)",
1790445629.250,marker,gnss,52.38862200,-1.40236800,203.80,true,,
1790445629.250,marker,reconciled,0.00000000,0.00000000,0.00,false,,
1790445629.304,hud,speed,,,,,"0.0 / 0.0",0.000
1790445629.304,hud,heading,,,,,"0° / 0°",0.000
1790445629.305,hud,drift,,,,,"0.00%",0.000
1790445629.305,hud,turns,,,,,"✗ turns: 0/15",
1790445629.305,hud,calib_s,,,,,"✗ Buffer (need 6s)",
1790445629.305,marker,gnss,52.38862200,-1.40236800,203.80,true,,
1790445629.306,marker,reconciled,0.00000000,0.00000000,0.00,false,,
1790445629.366,hud,speed,,,,,"0.0 / 0.0",0.000
1790445629.366,hud,heading,,,,,"0° / 0°",0.000
1790445629.367,hud,drift,,,,,"0.00%",0.000
1790445629.367,hud,turns,,,,,"✗ turns: 0/15",
1790445629.367,hud,calib_s,,,,,"✗ Buffer (need 6s)",
1790445629.367,marker,gnss,52.38862200,-1.40236800,203.80,true,,
1790445629.368,marker,reconciled,0.00000000,0.00000000,0.00,false,,
1790445629.432,hud,speed,,,,,"0.0 / 0.0",0.000
1790445629.432,hud,heading,,,,,"0° / 0°",0.000
1790445629.433,hud,drift,,,,,"0.00%",0.000
1790445629.433,hud,turns,,,,,"✗ turns: 0/15",
1790445629.434,hud,calib_s,,,,,"✗ Buffer (need 6s)",
1790445629.434,marker,gnss,52.38862200,-1.40236800,203.80,true,,
1790445629.435,marker,reconciled,0.00000000,0.00000000,0.00,false,,
1790445629.470,hud,speed,,,,,"0.0 / 0.0",0.000
1790445629.471,hud,heading,,,,,"0° / 0°",0.000
1790445629.471,hud,drift,,,,,"0.00%",0.000
1790445629.471,hud,turns,,,,,"✗ turns: 0/15",
1790445629.471,hud,calib_s,,,,,"✗ Buffer (need 6s)",
1790445629.472,marker,gnss,52.38862200,-1.40236800,203.80,true,,
1790445629.472,marker,reconciled,0.00000000,0.00000000,0.00,false,,
1790445629.517,hud,speed,,,,,"0.0 / 0.0",0.000
1790445629.518,hud,heading,,,,,"0° / 0°",0.000
1790445629.518,hud,drift,,,,,"0.00%",0.000
1790445629.518,hud,turns,,,,,"✗ turns: 0/15",
1790445629.518,hud,calib_s,,,,,"✗ Buffer (need 6s)",
1790445629.519,marker,gnss,52.38862200,-1.40236800,203.80,true,,
1790445629.519,marker,reconciled,0.00000000,0.00000000,0.00,false,,
1790445629.559,hud,speed,,,,,"0.0 / 0.0",0.000
1790445629.560,hud,heading,,,,,"0° / 0°",0.000
1790445629.560,hud,drift,,,,,"0.00%",0.000
1790445629.560,hud,turns,,,,,"✗ turns: 0/15",
1790445629.560,hud,calib_s,,,,,"✗ Buffer (need 6s)",
1790445629.561,marker,gnss,52.38862200,-1.40236800,203.80,true,,
1790445629.561,marker,reconciled,0.00000000,0.00000000,0.00,false,,
1790445629.629,hud,speed,,,,,"0.0 / 0.0",0.000
1790445629.629,hud,heading,,,,,"0° / 0°",0.000
1790445629.629,hud,drift,,,,,"0.00%",0.000
1790445629.630,hud,turns,,,,,"✗ turns: 0/15",
1790445629.631,hud,calib_s,,,,,"✗ Buffer (need 6s)",
1790445629.631,marker,gnss,52.38862200,-1.40236800,203.80,true,,
1790445629.632,marker,reconciled,0.00000000,0.00000000,0.00,false,,
1790445629.671,hud,speed,,,,,"0.0 / 0.0",0.000
1790445629.672,hud,heading,,,,,"0° / 0°",0.000
1790445629.672,hud,drift,,,,,"0.00%",0.000
1790445629.672,hud,turns,,,,,"✗ turns: 0/15",
1790445629.672,hud,calib_s,,,,,"✗ Buffer (need 6s)",
1790445629.673,marker,gnss,52.38862200,-1.40236800,203.80,true,,
1790445629.673,marker,reconciled,0.00000000,0.00000000,0.00,false,,
1790445629.716,hud,speed,,,,,"0.0 / 0.0",0.000
1790445629.717,hud,heading,,,,,"0° / 0°",0.000
1790445629.717,hud,drift,,,,,"0.00%",0.000
1790445629.718,hud,turns,,,,,"✗ turns: 0/15",
1790445629.718,hud,calib_s,,,,,"✗ Buffer (need 6s)",
1790445629.718,marker,gnss,52.38862200,-1.40236800,203.80,true,,
1790445629.719,marker,reconciled,0.00000000,0.00000000,0.00,false,,
1790445629.753,hud,speed,,,,,"0.0 / 0.0",0.000
1790445629.754,hud,heading,,,,,"0° / 0°",0.000
1790445629.754,hud,drift,,,,,"0.00%",0.000
1790445629.754,hud,turns,,,,,"✗ turns: 0/15",
1790445629.754,hud,calib_s,,,,,"✓ Buffer 6s",
1790445629.755,marker,gnss,52.38862200,-1.40236800,203.80,true,,
1790445629.755,marker,reconciled,0.00000000,0.00000000,0.00,false,,
1790445629.816,hud,speed,,,,,"0.0 / 0.0",0.000
1790445629.816,hud,heading,,,,,"0° / 0°",0.000
1790445629.817,hud,drift,,,,,"0.00%",0.000
1790445629.817,hud,turns,,,,,"✗ turns: 0/15",
1790445629.817,hud,calib_s,,,,,"✓ Buffer 6s",
1790445629.817,marker,gnss,52.38862200,-1.40236800,203.80,true,,
1790445629.818,marker,reconciled,0.00000000,0.00000000,0.00,false,,
1790445629.866,hud,speed,,,,,"0.0 / 0.0",0.000
1790445629.866,hud,heading,,,,,"0° / 0°",0.000
1790445629.866,hud,drift,,,,,"0.00%",0.000
1790445629.867,hud,turns,,,,,"✗ turns: 0/15",
1790445629.867,hud,calib_s,,,,,"✓ Buffer 6s",
1790445629.867,marker,gnss,52.38862200,-1.40236800,203.80,true,,
1790445629.867,marker,reconciled,0.00000000,0.00000000,0.00,false,,
1790445629.917,hud,speed,,,,,"0.0 / 0.0",0.000
1790445629.917,hud,heading,,,,,"0° / 0°",0.000
1790445629.917,hud,drift,,,,,"0.00%",0.000
1790445629.918,hud,turns,,,,,"✗ turns: 0/15",
1790445629.918,hud,calib_s,,,,,"✓ Buffer 6s",
1790445629.918,marker,gnss,52.38862200,-1.40236800,203.80,true,,
1790445629.918,marker,reconciled,0.00000000,0.00000000,0.00,false,,
1790445629.956,hud,speed,,,,,"0.0 / 0.0",0.000
1790445629.956,hud,heading,,,,,"0° / 0°",0.000
1790445629.956,hud,drift,,,,,"0.00%",0.000
1790445629.956,hud,turns,,,,,"✗ turns: 0/15",
1790445629.957,hud,calib_s,,,,,"✓ Buffer 6s",
1790445629.957,marker,gnss,52.38862200,-1.40236800,203.80,true,,
1790445629.957,marker,reconciled,0.00000000,0.00000000,0.00,false,,
1790445630.019,hud,speed,,,,,"0.0 / 0.0",0.000
1790445630.019,hud,heading,,,,,"0° / 0°",0.000
1790445630.020,hud,drift,,,,,"0.00%",0.000
1790445630.020,hud,turns,,,,,"✗ turns: 0/15",
1790445630.020,hud,calib_s,,,,,"✓ Buffer 6s",
1790445630.020,marker,gnss,52.38862200,-1.40236800,203.80,true,,
1790445630.021,marker,reconciled,0.00000000,0.00000000,0.00,false,,
1790445630.056,hud,speed,,,,,"0.0 / 0.0",0.000
1790445630.056,hud,heading,,,,,"0° / 0°",0.000
1790445630.057,hud,drift,,,,,"0.00%",0.000
1790445630.057,hud,turns,,,,,"✗ turns: 0/15",
1790445630.057,hud,calib_s,,,,,"✓ Buffer 6s",
1790445630.057,marker,gnss,52.38862200,-1.40236800,203.80,true,,
1790445630.057,marker,reconciled,0.00000000,0.00000000,0.00,false,,
1790445630.128,hud,speed,,,,,"0.0 / 0.0",0.000
1790445630.129,hud,heading,,,,,"0° / 0°",0.000
1790445630.129,hud,drift,,,,,"0.00%",0.000
1790445630.129,hud,turns,,,,,"✗ turns: 0/15",
1790445630.130,hud,calib_s,,,,,"✓ Buffer 6s",
1790445630.130,marker,gnss,52.38862200,-1.40236800,203.80,true,,
1790445630.131,marker,reconciled,0.00000000,0.00000000,0.00,false,,
1790445630.156,hud,speed,,,,,"0.0 / 0.0",0.000
1790445630.156,hud,heading,,,,,"0° / 0°",0.000
1790445630.156,hud,drift,,,,,"0.00%",0.000
1790445630.157,hud,turns,,,,,"✗ turns: 0/15",
1790445630.157,hud,calib_s,,,,,"✓ Buffer 6s",
1790445630.157,marker,gnss,52.38862200,-1.40236800,203.80,true,,
1790445630.157,marker,reconciled,0.00000000,0.00000000,0.00,false,,
1790445630.211,hud,speed,,,,,"0.0 / 0.0",0.000
1790445630.212,hud,heading,,,,,"0° / 0°",0.000
1790445630.212,hud,drift,,,,,"0.00%",0.000
1790445630.213,hud,turns,,,,,"✗ turns: 0/15",
1790445630.213,hud,calib_s,,,,,"✓ Buffer 6s",
1790445630.213,marker,gnss,52.38862200,-1.40236800,203.80,true,,
1790445630.214,marker,reconciled,0.00000000,0.00000000,0.00,false,,
1790445630.263,hud,speed,,,,,"0.0 / 0.0",0.000
1790445630.264,hud,heading,,,,,"0° / 0°",0.000
1790445630.264,hud,drift,,,,,"0.00%",0.000
1790445630.264,hud,turns,,,,,"✗ turns: 0/15",
1790445630.264,hud,calib_s,,,,,"✓ Buffer 6s",
1790445630.265,marker,gnss,52.38862200,-1.40236800,203.80,true,,
1790445630.265,marker,reconciled,0.00000000,0.00000000,0.00,false,,
1790445630.331,hud,speed,,,,,"0.0 / 0.0",0.000
1790445630.331,hud,heading,,,,,"0° / 0°",0.000
1790445630.332,hud,drift,,,,,"0.00%",0.000
1790445630.332,hud,turns,,,,,"✗ turns: 0/15",
1790445630.333,hud,calib_s,,,,,"✓ Buffer 6s",
1790445630.333,marker,gnss,52.38862200,-1.40236800,203.80,true,,
1790445630.334,marker,reconciled,0.00000000,0.00000000,0.00,false,,
1790445630.359,hud,speed,,,,,"0.0 / 0.0",0.000
1790445630.360,hud,heading,,,,,"0° / 0°",0.000
1790445630.360,hud,drift,,,,,"0.00%",0.000
1790445630.360,hud,turns,,,,,"✗ turns: 0/15",
1790445630.360,hud,calib_s,,,,,"✓ Buffer 6s",
1790445630.361,marker,gnss,52.38862200,-1.40236800,203.80,true,,
1790445630.361,marker,reconciled,0.00000000,0.00000000,0.00,false,,
1790445630.412,hud,speed,,,,,"0.0 / 0.0",0.000
1790445630.412,hud,heading,,,,,"0° / 0°",0.000
1790445630.413,hud,drift,,,,,"0.00%",0.000
1790445630.413,hud,turns,,,,,"✗ turns: 0/15",
1790445630.413,hud,calib_s,,,,,"✓ Buffer 6s",
1790445630.414,marker,gnss,52.38862200,-1.40236800,203.80,true,,
1790445630.414,marker,reconciled,0.00000000,0.00000000,0.00,false,,
1790445630.486,hud,speed,,,,,"0.0 / 0.0",0.000
1790445630.486,hud,heading,,,,,"0° / 0°",0.000
1790445630.488,hud,drift,,,,,"0.00%",0.000
1790445630.488,hud,turns,,,,,"✗ turns: 0/15",
1790445630.489,hud,calib_s,,,,,"✓ Buffer 6s",
1790445630.489,marker,gnss,52.38862200,-1.40236800,203.80,true,,
1790445630.490,marker,reconciled,0.00000000,0.00000000,0.00,false,,
1790445630.516,hud,speed,,,,,"0.0 / 0.0",0.000
1790445630.516,hud,heading,,,,,"0° / 0°",0.000
1790445630.516,hud,drift,,,,,"0.00%",0.000
1790445630.517,hud,turns,,,,,"✗ turns: 0/15",
1790445630.517,hud,calib_s,,,,,"✓ Buffer 6s",
1790445630.517,marker,gnss,52.38862200,-1.40236800,203.80,true,,
1790445630.517,marker,reconciled,0.00000000,0.00000000,0.00,false,,
1790445630.573,hud,speed,,,,,"0.0 / 0.0",0.000
1790445630.574,hud,heading,,,,,"0° / 0°",0.000
1790445630.574,hud,drift,,,,,"0.00%",0.000
1790445630.574,hud,turns,,,,,"✗ turns: 0/15",
1790445630.575,hud,calib_s,,,,,"✓ Buffer 6s",
1790445630.575,marker,gnss,52.38862200,-1.40236800,203.80,true,,
1790445630.576,marker,reconciled,0.00000000,0.00000000,0.00,false,,
1790445630.633,hud,speed,,,,,"0.0 / 0.0",0.000
1790445630.634,hud,heading,,,,,"0° / 0°",0.000
1790445630.634,hud,drift,,,,,"0.00%",0.000
1790445630.634,hud,turns,,,,,"✗ turns: 0/15",
1790445630.635,hud,calib_s,,,,,"✓ Buffer 6s",
1790445630.635,marker,gnss,52.38862200,-1.40236800,203.80,true,,
1790445630.635,marker,reconciled,0.00000000,0.00000000,0.00,false,,
1790445630.670,hud,speed,,,,,"0.0 / 0.0",0.000
1790445630.671,hud,heading,,,,,"0° / 0°",0.000
1790445630.671,hud,drift,,,,,"0.00%",0.000
1790445630.671,hud,turns,,,,,"✗ turns: 0/15",
1790445630.672,hud,calib_s,,,,,"✓ Buffer 6s",
1790445630.672,marker,gnss,52.38862200,-1.40236800,203.80,true,,
1790445630.672,marker,reconciled,0.00000000,0.00000000,0.00,false,,
1790445630.721,hud,speed,,,,,"0.0 / 0.0",0.000
1790445630.722,hud,heading,,,,,"0° / 0°",0.000
1790445630.722,hud,drift,,,,,"0.00%",0.000
1790445630.723,hud,turns,,,,,"✗ turns: 0/15",
1790445630.723,hud,calib_s,,,,,"✓ Buffer 6s",
1790445630.723,marker,gnss,52.38862200,-1.40236800,203.80,true,,
1790445630.723,marker,reconciled,0.00000000,0.00000000,0.00,false,,
1790445630.773,hud,speed,,,,,"0.0 / 0.0",0.000
1790445630.774,hud,heading,,,,,"0° / 0°",0.000
1790445630.774,hud,drift,,,,,"0.00%",0.000
1790445630.774,hud,turns,,,,,"✗ turns: 0/15",
1790445630.774,hud,calib_s,,,,,"✓ Buffer 6s",
1790445630.775,marker,gnss,52.38862200,-1.40236800,203.80,true,,
1790445630.775,marker,reconciled,0.00000000,0.00000000,0.00,false,,
1790445630.825,hud,speed,,,,,"0.0 / 0.0",0.000
1790445630.825,hud,heading,,,,,"0° / 0°",0.000
1790445630.825,hud,drift,,,,,"0.00%",0.000
1790445630.826,hud,turns,,,,,"✗ turns: 0/15",
1790445630.826,hud,calib_s,,,,,"✓ Buffer 6s",
1790445630.827,marker,gnss,52.38862200,-1.40236800,203.80,true,,
1790445630.827,marker,reconciled,0.00000000,0.00000000,0.00,false,,
1790445630.897,hud,speed,,,,,"0.0 / 0.0",0.000
1790445630.898,hud,heading,,,,,"0° / 0°",0.000
1790445630.898,hud,drift,,,,,"0.00%",0.000
1790445630.899,hud,turns,,,,,"✗ turns: 0/15",
1790445630.899,hud,calib_s,,,,,"✓ Buffer 6s",
1790445630.900,marker,gnss,52.38862200,-1.40236800,203.80,true,,
1790445630.900,marker,reconciled,0.00000000,0.00000000,0.00,false,,
1790445630.934,hud,speed,,,,,"0.0 / 0.0",0.000
1790445630.935,hud,heading,,,,,"0° / 0°",0.000
1790445630.935,hud,drift,,,,,"0.00%",0.000
1790445630.935,hud,turns,,,,,"✗ turns: 0/15",
1790445630.935,hud,calib_s,,,,,"✓ Buffer 6s",
1790445630.936,marker,gnss,52.38862200,-1.40236800,203.80,true,,
1790445630.936,marker,reconciled,0.00000000,0.00000000,0.00,false,,
1790445630.987,hud,speed,,,,,"0.0 / 0.0",0.000
1790445630.987,hud,heading,,,,,"0° / 0°",0.000
1790445630.987,hud,drift,,,,,"0.00%",0.000
1790445630.987,hud,turns,,,,,"✗ turns: 0/15",
1790445630.988,hud,calib_s,,,,,"✓ Buffer 6s",
1790445630.988,marker,gnss,52.38862200,-1.40236800,203.80,true,,
1790445630.988,marker,reconciled,0.00000000,0.00000000,0.00,false,,
1790445631.027,hud,speed,,,,,"0.0 / 0.0",0.000
1790445631.028,hud,heading,,,,,"0° / 0°",0.000
1790445631.028,hud,drift,,,,,"0.00%",0.000
1790445631.028,hud,turns,,,,,"✗ turns: 0/15",
1790445631.028,hud,calib_s,,,,,"✓ Buffer 6s",
1790445631.029,marker,gnss,52.38862200,-1.40236800,203.80,true,,
1790445631.029,marker,reconciled,0.00000000,0.00000000,0.00,false,,
1790445631.081,hud,speed,,,,,"0.0 / 0.0",0.000
1790445631.081,hud,heading,,,,,"0° / 0°",0.000
1790445631.082,hud,drift,,,,,"0.00%",0.000
1790445631.082,hud,turns,,,,,"✗ turns: 0/15",
1790445631.082,hud,calib_s,,,,,"✓ Buffer 6s",
1790445631.083,marker,gnss,52.38862200,-1.40236800,203.80,true,,
1790445631.083,marker,reconciled,0.00000000,0.00000000,0.00,false,,
1790445631.134,hud,speed,,,,,"0.0 / 0.0",0.000
1790445631.134,hud,heading,,,,,"0° / 0°",0.000
1790445631.135,hud,drift,,,,,"0.00%",0.000
1790445631.135,hud,turns,,,,,"✗ turns: 0/15",
1790445631.135,hud,calib_s,,,,,"✓ Buffer 6s",
1790445631.136,marker,gnss,52.38862200,-1.40236800,203.80,true,,
1790445631.136,marker,reconciled,0.00000000,0.00000000,0.00,false,,
1790445631.187,hud,speed,,,,,"0.0 / 0.0",0.000
1790445631.188,hud,heading,,,,,"0° / 0°",0.000
1790445631.188,hud,drift,,,,,"0.00%",0.000
1790445631.189,hud,turns,,,,,"✗ turns: 0/15",
1790445631.189,hud,calib_s,,,,,"✓ Buffer 6s",
1790445631.189,marker,gnss,52.38862200,-1.40236800,203.80,true,,
1790445631.190,marker,reconciled,0.00000000,0.00000000,0.00,false,,
1790445631.232,hud,speed,,,,,"0.0 / 0.0",0.000
1790445631.233,hud,heading,,,,,"0° / 0°",0.000
1790445631.233,hud,drift,,,,,"0.00%",0.000
1790445631.233,hud,turns,,,,,"✗ turns: 0/15",
1790445631.233,hud,calib_s,,,,,"✓ Buffer 6s",
1790445631.234,marker,gnss,52.38862200,-1.40236800,203.80,true,,
1790445631.234,marker,reconciled,0.00000000,0.00000000,0.00,false,,
1790445631.303,hud,speed,,,,,"0.0 / 0.0",0.000
1790445631.303,hud,heading,,,,,"0° / 0°",0.000
1790445631.304,hud,drift,,,,,"0.00%",0.000
1790445631.304,hud,turns,,,,,"✗ turns: 0/15",
1790445631.304,hud,calib_s,,,,,"✓ Buffer 6s",
1790445631.305,marker,gnss,52.38862200,-1.40236800,203.80,true,,
1790445631.305,marker,reconciled,0.00000000,0.00000000,0.00,false,,
1790445631.329,hud,speed,,,,,"0.0 / 0.0",0.000
1790445631.330,hud,heading,,,,,"0° / 0°",0.000
1790445631.330,hud,drift,,,,,"0.00%",0.000
1790445631.330,hud,turns,,,,,"✗ turns: 0/15",
1790445631.331,hud,calib_s,,,,,"✓ Buffer 6s",
1790445631.331,marker,gnss,52.38862200,-1.40236800,203.80,true,,
1790445631.331,marker,reconciled,0.00000000,0.00000000,0.00,false,,
1790445631.387,hud,speed,,,,,"0.0 / 0.0",0.000
1790445631.387,hud,heading,,,,,"0° / 0°",0.000
1790445631.387,hud,drift,,,,,"0.00%",0.000
1790445631.387,hud,turns,,,,,"✗ turns: 0/15",
1790445631.388,hud,calib_s,,,,,"✓ Buffer 6s",
1790445631.388,marker,gnss,52.38862200,-1.40236800,203.80,true,,
1790445631.388,marker,reconciled,0.00000000,0.00000000,0.00,false,,
1790445631.438,hud,speed,,,,,"0.0 / 0.0",0.000
1790445631.438,hud,heading,,,,,"0° / 0°",0.000
1790445631.438,hud,drift,,,,,"0.00%",0.000
1790445631.439,hud,turns,,,,,"✗ turns: 0/15",
1790445631.439,hud,calib_s,,,,,"✓ Buffer 6s",
1790445631.439,marker,gnss,52.38862200,-1.40236800,203.80,true,,
1790445631.440,marker,reconciled,0.00000000,0.00000000,0.00,false,,
1790445631.490,hud,speed,,,,,"0.0 / 0.0",0.000
1790445631.490,hud,heading,,,,,"0° / 0°",0.000
1790445631.491,hud,drift,,,,,"0.00%",0.000
1790445631.491,hud,turns,,,,,"✗ turns: 0/15",
1790445631.491,hud,calib_s,,,,,"✓ Buffer 6s",
1790445631.492,marker,gnss,52.38862200,-1.40236800,203.80,true,,
1790445631.492,marker,reconciled,0.00000000,0.00000000,0.00,false,,
1790445631.551,hud,speed,,,,,"0.0 / 0.0",0.000
1790445631.551,hud,heading,,,,,"0° / 0°",0.000
1790445631.551,hud,drift,,,,,"0.00%",0.000
1790445631.552,hud,turns,,,,,"✗ turns: 0/15",
1790445631.552,hud,calib_s,,,,,"✓ Buffer 6s",
1790445631.552,marker,gnss,52.38862200,-1.40236800,203.80,true,,
1790445631.552,marker,reconciled,0.00000000,0.00000000,0.00,false,,
1790445631.599,hud,speed,,,,,"0.0 / 0.0",0.000
1790445631.600,hud,heading,,,,,"0° / 0°",0.000
1790445631.600,hud,drift,,,,,"0.00%",0.000
1790445631.600,hud,turns,,,,,"✗ turns: 0/15",
1790445631.600,hud,calib_s,,,,,"✓ Buffer 6s",
1790445631.600,marker,gnss,52.38862200,-1.40236800,203.80,true,,
1790445631.601,marker,reconciled,0.00000000,0.00000000,0.00,false,,
1790445631.651,hud,speed,,,,,"0.0 / 0.0",0.000
1790445631.651,hud,heading,,,,,"0° / 0°",0.000
1790445631.651,hud,drift,,,,,"0.00%",0.000
1790445631.651,hud,turns,,,,,"✗ turns: 0/15",
1790445631.652,hud,calib_s,,,,,"✓ Buffer 6s",
1790445631.652,marker,gnss,52.38862200,-1.40236800,203.80,true,,
1790445631.652,marker,reconciled,0.00000000,0.00000000,0.00,false,,
1790445631.690,hud,speed,,,,,"0.0 / 0.0",0.000
1790445631.691,hud,heading,,,,,"0° / 0°",0.000
1790445631.691,hud,drift,,,,,"0.00%",0.000
1790445631.691,hud,turns,,,,,"✗ turns: 0/15",
1790445631.692,hud,calib_s,,,,,"✓ Buffer 6s",
1790445631.692,marker,gnss,52.38862200,-1.40236800,203.80,true,,
1790445631.692,marker,reconciled,0.00000000,0.00000000,0.00,false,,
1790445631.742,hud,speed,,,,,"0.0 / 0.0",0.000
1790445631.742,hud,heading,,,,,"0° / 0°",0.000
1790445631.743,hud,drift,,,,,"0.00%",0.000
1790445631.743,hud,turns,,,,,"✗ turns: 0/15",
1790445631.743,hud,calib_s,,,,,"✓ Buffer 6s",
1790445631.744,marker,gnss,52.38862200,-1.40236800,203.80,true,,
1790445631.744,marker,reconciled,0.00000000,0.00000000,0.00,false,,
1790445631.794,hud,speed,,,,,"0.0 / 0.0",0.000
1790445631.795,hud,heading,,,,,"0° / 0°",0.000
1790445631.795,hud,drift,,,,,"0.00%",0.000
1790445631.795,hud,turns,,,,,"✗ turns: 0/15",
1790445631.796,hud,calib_s,,,,,"✓ Buffer 6s",
1790445631.796,marker,gnss,52.38862200,-1.40236800,203.80,true,,
1790445631.796,marker,reconciled,0.00000000,0.00000000,0.00,false,,
1790445631.847,hud,speed,,,,,"0.0 / 0.0",0.000
1790445631.847,hud,heading,,,,,"0° / 0°",0.000
1790445631.848,hud,drift,,,,,"0.00%",0.000
1790445631.848,hud,turns,,,,,"✗ turns: 0/15",
1790445631.848,hud,calib_s,,,,,"✓ Buffer 6s",
1790445631.848,marker,gnss,52.38862200,-1.40236800,203.80,true,,
1790445631.849,marker,reconciled,0.00000000,0.00000000,0.00,false,,
1790445631.915,hud,speed,,,,,"0.0 / 0.0",0.000
1790445631.916,hud,heading,,,,,"0° / 0°",0.000
1790445631.917,hud,drift,,,,,"0.00%",0.000
1790445631.917,hud,turns,,,,,"✗ turns: 0/15",
1790445631.917,hud,calib_s,,,,,"✓ Buffer 6s",
1790445631.918,marker,gnss,52.38862200,-1.40236800,203.80,true,,
1790445631.919,marker,reconciled,0.00000000,0.00000000,0.00,false,,
1790445631.943,hud,speed,,,,,"0.0 / 0.0",0.000
1790445631.943,hud,heading,,,,,"0° / 0°",0.000
1790445631.944,hud,drift,,,,,"0.00%",0.000
1790445631.944,hud,turns,,,,,"✗ turns: 0/15",
1790445631.944,hud,calib_s,,,,,"✓ Buffer 6s",
1790445631.944,marker,gnss,52.38862200,-1.40236800,203.80,true,,
1790445631.945,marker,reconciled,0.00000000,0.00000000,0.00,false,,
1790445631.996,hud,speed,,,,,"0.0 / 0.0",0.000
1790445631.996,hud,heading,,,,,"0° / 0°",0.000
1790445631.996,hud,drift,,,,,"0.00%",0.000
1790445631.997,hud,turns,,,,,"✗ turns: 0/15",
1790445631.997,hud,calib_s,,,,,"✓ Buffer 6s",
1790445631.997,marker,gnss,52.38862200,-1.40236800,203.80,true,,
1790445631.998,marker,reconciled,0.00000000,0.00000000,0.00,false,,
1790445632.052,hud,speed,,,,,"0.0 / 0.0",0.000
1790445632.052,hud,heading,,,,,"0° / 0°",0.000
1790445632.053,hud,drift,,,,,"0.00%",0.000
1790445632.053,hud,turns,,,,,"✗ turns: 0/15",
1790445632.053,hud,calib_s,,,,,"✓ Buffer 6s",
1790445632.053,marker,gnss,52.38728300,-1.40140700,203.30,true,,
1790445632.054,marker,reconciled,0.00000000,0.00000000,0.00,false,,
1790445632.102,hud,speed,,,,,"0.0 / 0.0",0.000
1790445632.103,hud,heading,,,,,"0° / 0°",0.000
1790445632.103,hud,drift,,,,,"0.00%",0.000
1790445632.104,hud,turns,,,,,"✗ turns: 0/15",
1790445632.104,hud,calib_s,,,,,"✓ Buffer 6s",
1790445632.104,marker,gnss,52.38728300,-1.40140700,203.30,true,,
1790445632.105,marker,reconciled,0.00000000,0.00000000,0.00,false,,
1790445632.162,hud,speed,,,,,"0.0 / 0.0",0.000
1790445632.162,hud,heading,,,,,"0° / 0°",0.000
1790445632.162,hud,drift,,,,,"0.00%",0.000
1790445632.162,hud,turns,,,,,"✗ turns: 0/15",
1790445632.163,hud,calib_s,,,,,"✓ Buffer 6s",
1790445632.163,marker,gnss,52.38728300,-1.40140700,203.30,true,,
1790445632.163,marker,reconciled,0.00000000,0.00000000,0.00,false,,
1790445632.199,hud,speed,,,,,"0.0 / 0.0",0.000
1790445632.199,hud,heading,,,,,"0° / 0°",0.000
1790445632.200,hud,drift,,,,,"0.00%",0.000
1790445632.200,hud,turns,,,,,"✗ turns: 0/15",
1790445632.200,hud,calib_s,,,,,"✓ Buffer 6s",
1790445632.201,marker,gnss,52.38728300,-1.40140700,203.30,true,,
1790445632.201,marker,reconciled,0.00000000,0.00000000,0.00,false,,
1790445632.263,hud,speed,,,,,"0.0 / 0.0",0.000
1790445632.263,hud,heading,,,,,"0° / 0°",0.000
1790445632.264,hud,drift,,,,,"0.00%",0.000
1790445632.264,hud,turns,,,,,"✗ turns: 0/15",
1790445632.264,hud,calib_s,,,,,"✓ Buffer 6s",
1790445632.264,marker,gnss,52.38728300,-1.40140700,203.30,true,,
1790445632.264,marker,reconciled,0.00000000,0.00000000,0.00,false,,
1790445632.306,hud,speed,,,,,"0.0 / 0.0",0.000
1790445632.306,hud,heading,,,,,"0° / 0°",0.000
1790445632.307,hud,drift,,,,,"0.00%",0.000
1790445632.307,hud,turns,,,,,"✗ turns: 0/15",
1790445632.307,hud,calib_s,,,,,"✓ Buffer 6s",
1790445632.308,marker,gnss,52.38728300,-1.40140700,203.30,true,,
1790445632.308,marker,reconciled,0.00000000,0.00000000,0.00,false,,
1790445632.356,hud,speed,,,,,"0.0 / 0.0",0.000
1790445632.357,hud,heading,,,,,"0° / 0°",0.000
1790445632.357,hud,drift,,,,,"0.00%",0.000
1790445632.357,hud,turns,,,,,"✗ turns: 0/15",
1790445632.358,hud,calib_s,,,,,"✓ Buffer 6s",
1790445632.359,marker,gnss,52.38728300,-1.40140700,203.30,true,,
1790445632.360,marker,reconciled,0.00000000,0.00000000,0.00,false,,
1790445632.406,hud,speed,,,,,"0.0 / 0.0",0.000
1790445632.406,hud,heading,,,,,"0° / 0°",0.000
1790445632.406,hud,drift,,,,,"0.00%",0.000
1790445632.406,hud,turns,,,,,"✗ turns: 0/15",
1790445632.407,hud,calib_s,,,,,"✓ Buffer 6s",
1790445632.407,marker,gnss,52.38728300,-1.40140700,203.30,true,,
1790445632.408,marker,reconciled,0.00000000,0.00000000,0.00,false,,
1790445632.478,hud,speed,,,,,"0.0 / 0.0",0.000
1790445632.479,hud,heading,,,,,"0° / 0°",0.000
1790445632.479,hud,drift,,,,,"0.00%",0.000
1790445632.479,hud,turns,,,,,"✗ turns: 0/15",
1790445632.480,hud,calib_s,,,,,"✓ Buffer 6s",
1790445632.481,marker,gnss,52.38728300,-1.40140700,203.30,true,,
1790445632.481,marker,reconciled,0.00000000,0.00000000,0.00,false,,
1790445632.524,hud,speed,,,,,"0.0 / 0.0",0.000
1790445632.525,hud,heading,,,,,"0° / 0°",0.000
1790445632.526,hud,drift,,,,,"0.00%",0.000
1790445632.526,hud,turns,,,,,"✗ turns: 0/15",
1790445632.526,hud,calib_s,,,,,"✓ Buffer 6s",
1790445632.527,marker,gnss,52.38728300,-1.40140700,203.30,true,,
1790445632.527,marker,reconciled,0.00000000,0.00000000,0.00,false,,
1790445632.558,hud,speed,,,,,"0.0 / 0.0",0.000
1790445632.559,hud,heading,,,,,"0° / 0°",0.000
1790445632.559,hud,drift,,,,,"0.00%",0.000
1790445632.559,hud,turns,,,,,"✗ turns: 0/15",
1790445632.559,hud,calib_s,,,,,"✓ Buffer 6s",
1790445632.560,marker,gnss,52.38728300,-1.40140700,203.30,true,,
1790445632.560,marker,reconciled,0.00000000,0.00000000,0.00,false,,
1790445632.630,hud,speed,,,,,"0.0 / 0.0",0.000
1790445632.630,hud,heading,,,,,"0° / 0°",0.000
1790445632.631,hud,drift,,,,,"0.00%",0.000
1790445632.631,hud,turns,,,,,"✗ turns: 0/15",
1790445632.632,hud,calib_s,,,,,"✓ Buffer 6s",
1790445632.632,marker,gnss,52.38728300,-1.40140700,203.30,true,,
1790445632.633,marker,reconciled,0.00000000,0.00000000,0.00,false,,
1790445632.677,hud,speed,,,,,"0.0 / 0.0",0.000
1790445632.678,hud,heading,,,,,"0° / 0°",0.000
1790445632.678,hud,drift,,,,,"0.00%",0.000
1790445632.678,hud,turns,,,,,"✗ turns: 0/15",
1790445632.679,hud,calib_s,,,,,"✓ Buffer 6s",
1790445632.680,marker,gnss,52.38728300,-1.40140700,203.30,true,,
1790445632.681,marker,reconciled,0.00000000,0.00000000,0.00,false,,
1790445632.728,hud,speed,,,,,"0.0 / 0.0",0.000
1790445632.728,hud,heading,,,,,"0° / 0°",0.000
1790445632.728,hud,drift,,,,,"0.00%",0.000
1790445632.729,hud,turns,,,,,"✗ turns: 0/15",
1790445632.729,hud,calib_s,,,,,"✓ Buffer 6s",
1790445632.729,marker,gnss,52.38728300,-1.40140700,203.30,true,,
1790445632.730,marker,reconciled,0.00000000,0.00000000,0.00,false,,
1790445632.769,hud,speed,,,,,"0.0 / 0.0",0.000
1790445632.770,hud,heading,,,,,"0° / 0°",0.000
1790445632.770,hud,drift,,,,,"0.00%",0.000
1790445632.770,hud,turns,,,,,"✗ turns: 0/15",
1790445632.771,hud,calib_s,,,,,"✓ Buffer 6s",
1790445632.771,marker,gnss,52.38728300,-1.40140700,203.30,true,,
1790445632.771,marker,reconciled,0.00000000,0.00000000,0.00,false,,
1790445632.812,hud,speed,,,,,"0.0 / 0.0",0.000
1790445632.813,hud,heading,,,,,"0° / 0°",0.000
1790445632.814,hud,drift,,,,,"0.00%",0.000
1790445632.814,hud,turns,,,,,"✗ turns: 0/15",
1790445632.815,hud,calib_s,,,,,"✓ Buffer 6s",
1790445632.815,marker,gnss,52.38728300,-1.40140700,203.30,true,,
1790445632.815,marker,reconciled,0.00000000,0.00000000,0.00,false,,
1790445632.880,hud,speed,,,,,"0.0 / 0.0",0.000
1790445632.881,hud,heading,,,,,"0° / 0°",0.000
1790445632.881,hud,drift,,,,,"0.00%",0.000
1790445632.881,hud,turns,,,,,"✗ turns: 0/15",
1790445632.882,hud,calib_s,,,,,"✓ Buffer 6s",
1790445632.882,marker,gnss,52.38728300,-1.40140700,203.30,true,,
1790445632.882,marker,reconciled,0.00000000,0.00000000,0.00,false,,
1790445632.925,hud,speed,,,,,"0.0 / 0.0",0.000
1790445632.926,hud,heading,,,,,"0° / 0°",0.000
1790445632.926,hud,drift,,,,,"0.00%",0.000
1790445632.926,hud,turns,,,,,"✗ turns: 0/15",
1790445632.926,hud,calib_s,,,,,"✓ Buffer 6s",
1790445632.927,marker,gnss,52.38728300,-1.40140700,203.30,true,,
1790445632.927,marker,reconciled,0.00000000,0.00000000,0.00,false,,
1790445632.963,hud,speed,,,,,"0.0 / 0.0",0.000
1790445632.963,hud,heading,,,,,"0° / 0°",0.000
1790445632.964,hud,drift,,,,,"0.00%",0.000
1790445632.964,hud,turns,,,,,"✗ turns: 0/15",
1790445632.964,hud,calib_s,,,,,"✓ Buffer 6s",
1790445632.965,marker,gnss,52.38728300,-1.40140700,203.30,true,,
1790445632.965,marker,reconciled,0.00000000,0.00000000,0.00,false,,
1790445633.030,hud,speed,,,,,"0.0 / 0.0",0.000
1790445633.030,hud,heading,,,,,"0° / 0°",0.000
1790445633.030,hud,drift,,,,,"0.00%",0.000
1790445633.031,hud,turns,,,,,"✗ turns: 0/15",
1790445633.031,hud,calib_s,,,,,"✓ Buffer 6s",
1790445633.031,marker,gnss,52.38728300,-1.40140700,203.30,true,,
1790445633.032,marker,reconciled,0.00000000,0.00000000,0.00,false,,
1790445633.064,hud,speed,,,,,"0.0 / 0.0",0.000
1790445633.064,hud,heading,,,,,"0° / 0°",0.000
1790445633.064,hud,drift,,,,,"0.00%",0.000
1790445633.065,hud,turns,,,,,"✗ turns: 0/15",
1790445633.065,hud,calib_s,,,,,"✓ Buffer 6s",
1790445633.065,marker,gnss,52.38728300,-1.40140700,203.30,true,,
1790445633.065,marker,reconciled,0.00000000,0.00000000,0.00,false,,
1790445633.116,hud,speed,,,,,"0.0 / 0.0",0.000
1790445633.116,hud,heading,,,,,"0° / 0°",0.000
1790445633.117,hud,drift,,,,,"0.00%",0.000
1790445633.117,hud,turns,,,,,"✗ turns: 0/15",
1790445633.117,hud,calib_s,,,,,"✓ Buffer 6s",
1790445633.117,marker,gnss,52.38728300,-1.40140700,203.30,true,,
1790445633.118,marker,reconciled,0.00000000,0.00000000,0.00,false,,
1790445633.170,hud,speed,,,,,"0.0 / 0.0",0.000
1790445633.171,hud,heading,,,,,"0° / 0°",0.000
1790445633.171,hud,drift,,,,,"0.00%",0.000
1790445633.171,hud,turns,,,,,"✗ turns: 0/15",
1790445633.171,hud,calib_s,,,,,"✓ Buffer 6s",
1790445633.172,marker,gnss,52.38728300,-1.40140700,203.30,true,,
1790445633.172,marker,reconciled,0.00000000,0.00000000,0.00,false,,
1790445633.244,hud,speed,,,,,"0.0 / 0.0",0.000
1790445633.244,hud,heading,,,,,"0° / 0°",0.000
1790445633.245,hud,drift,,,,,"0.00%",0.000
1790445633.245,hud,turns,,,,,"✗ turns: 0/15",
1790445633.246,hud,calib_s,,,,,"✓ Buffer 6s",
1790445633.247,marker,gnss,52.38728300,-1.40140700,203.30,true,,
1790445633.248,marker,reconciled,0.00000000,0.00000000,0.00,false,,
1790445633.274,hud,speed,,,,,"0.0 / 0.0",0.000
1790445633.275,hud,heading,,,,,"0° / 0°",0.000
1790445633.275,hud,drift,,,,,"0.00%",0.000
1790445633.275,hud,turns,,,,,"✗ turns: 0/15",
1790445633.276,hud,calib_s,,,,,"✓ Buffer 6s",
1790445633.276,marker,gnss,52.38728300,-1.40140700,203.30,true,,
1790445633.277,marker,reconciled,0.00000000,0.00000000,0.00,false,,
1790445633.334,hud,speed,,,,,"0.0 / 0.0",0.000
1790445633.334,hud,heading,,,,,"0° / 0°",0.000
1790445633.334,hud,drift,,,,,"0.00%",0.000
1790445633.335,hud,turns,,,,,"✗ turns: 0/15",
1790445633.335,hud,calib_s,,,,,"✓ Buffer 6s",
1790445633.335,marker,gnss,52.38728300,-1.40140700,203.30,true,,
1790445633.335,marker,reconciled,0.00000000,0.00000000,0.00,false,,
1790445633.374,hud,speed,,,,,"0.0 / 0.0",0.000
1790445633.374,hud,heading,,,,,"0° / 0°",0.000
1790445633.375,hud,drift,,,,,"0.00%",0.000
1790445633.375,hud,turns,,,,,"✗ turns: 0/15",
1790445633.375,hud,calib_s,,,,,"✓ Buffer 6s",
1790445633.376,marker,gnss,52.38728300,-1.40140700,203.30,true,,
1790445633.376,marker,reconciled,0.00000000,0.00000000,0.00,false,,
1790445633.442,hud,speed,,,,,"0.0 / 0.0",0.000
1790445633.442,hud,heading,,,,,"0° / 0°",0.000
1790445633.443,hud,drift,,,,,"0.00%",0.000
1790445633.443,hud,turns,,,,,"✗ turns: 0/15",
1790445633.443,hud,calib_s,,,,,"✓ Buffer 6s",
1790445633.444,marker,gnss,52.38728300,-1.40140700,203.30,true,,
1790445633.445,marker,reconciled,0.00000000,0.00000000,0.00,false,,
1790445633.474,hud,speed,,,,,"0.0 / 0.0",0.000
1790445633.475,hud,heading,,,,,"0° / 0°",0.000
1790445633.475,hud,drift,,,,,"0.00%",0.000
1790445633.475,hud,turns,,,,,"✗ turns: 0/15",
1790445633.476,hud,calib_s,,,,,"✓ Buffer 6s",
1790445633.476,marker,gnss,52.38728300,-1.40140700,203.30,true,,
1790445633.476,marker,reconciled,0.00000000,0.00000000,0.00,false,,
1790445633.542,hud,speed,,,,,"0.0 / 0.0",0.000
1790445633.542,hud,heading,,,,,"0° / 0°",0.000
1790445633.543,hud,drift,,,,,"0.00%",0.000
1790445633.543,hud,turns,,,,,"✗ turns: 0/15",
1790445633.544,hud,calib_s,,,,,"✓ Buffer 6s",
1790445633.544,marker,gnss,52.38728300,-1.40140700,203.30,true,,
1790445633.545,marker,reconciled,0.00000000,0.00000000,0.00,false,,
1790445633.574,hud,speed,,,,,"0.0 / 0.0",0.000
1790445633.574,hud,heading,,,,,"0° / 0°",0.000
1790445633.575,hud,drift,,,,,"0.00%",0.000
1790445633.575,hud,turns,,,,,"✗ turns: 0/15",
1790445633.575,hud,calib_s,,,,,"✓ Buffer 6s",
1790445633.576,marker,gnss,52.38728300,-1.40140700,203.30,true,,
1790445633.576,marker,reconciled,0.00000000,0.00000000,0.00,false,,
1790445633.638,hud,speed,,,,,"0.0 / 0.0",0.000
1790445633.638,hud,heading,,,,,"0° / 0°",0.000
1790445633.639,hud,drift,,,,,"0.00%",0.000
1790445633.639,hud,turns,,,,,"✗ turns: 0/15",
1790445633.639,hud,calib_s,,,,,"✓ Buffer 6s",
1790445633.639,marker,gnss,52.38728300,-1.40140700,203.30,true,,
1790445633.640,marker,reconciled,0.00000000,0.00000000,0.00,false,,
1790445633.684,hud,speed,,,,,"0.0 / 0.0",0.000
1790445633.685,hud,heading,,,,,"0° / 0°",0.000
1790445633.685,hud,drift,,,,,"0.00%",0.000
1790445633.685,hud,turns,,,,,"✗ turns: 0/15",
1790445633.686,hud,calib_s,,,,,"✓ Buffer 6s",
1790445633.686,marker,gnss,52.38728300,-1.40140700,203.30,true,,
1790445633.687,marker,reconciled,0.00000000,0.00000000,0.00,false,,
1790445633.762,hud,speed,,,,,"0.0 / 0.0",0.000
1790445633.762,hud,heading,,,,,"0° / 0°",0.000
1790445633.763,hud,drift,,,,,"0.00%",0.000
1790445633.764,hud,turns,,,,,"✗ turns: 0/15",
1790445633.764,hud,calib_s,,,,,"✓ Buffer 6s",
1790445633.765,marker,gnss,52.38728300,-1.40140700,203.30,true,,
1790445633.766,marker,reconciled,0.00000000,0.00000000,0.00,false,,
1790445633.802,hud,speed,,,,,"0.0 / 0.0",0.000
1790445633.803,hud,heading,,,,,"0° / 0°",0.000
1790445633.803,hud,drift,,,,,"0.00%",0.000
1790445633.803,hud,turns,,,,,"✗ turns: 0/15",
1790445633.804,hud,calib_s,,,,,"✓ Buffer 6s",
1790445633.804,marker,gnss,52.38728300,-1.40140700,203.30,true,,
1790445633.805,marker,reconciled,0.00000000,0.00000000,0.00,false,,
1790445633.848,hud,speed,,,,,"0.0 / 0.0",0.000
1790445633.848,hud,heading,,,,,"0° / 0°",0.000
1790445633.849,hud,drift,,,,,"0.00%",0.000
1790445633.849,hud,turns,,,,,"✗ turns: 0/15",
1790445633.849,hud,calib_s,,,,,"✓ Buffer 6s",
1790445633.850,marker,gnss,52.38728300,-1.40140700,203.30,true,,
1790445633.851,marker,reconciled,0.00000000,0.00000000,0.00,false,,
1790445633.916,hud,speed,,,,,"0.0 / 0.0",0.000
1790445633.916,hud,heading,,,,,"0° / 0°",0.000
1790445633.917,hud,drift,,,,,"0.00%",0.000
1790445633.917,hud,turns,,,,,"✗ turns: 0/15",
1790445633.918,hud,calib_s,,,,,"✓ Buffer 6s",
1790445633.918,marker,gnss,52.38728300,-1.40140700,203.30,true,,
1790445633.919,marker,reconciled,0.00000000,0.00000000,0.00,false,,
1790445633.952,hud,speed,,,,,"0.0 / 0.0",0.000
1790445633.953,hud,heading,,,,,"0° / 0°",0.000
1790445633.953,hud,drift,,,,,"0.00%",0.000
1790445633.953,hud,turns,,,,,"✗ turns: 0/15",
1790445633.953,hud,calib_s,,,,,"✓ Buffer 6s",
1790445633.953,marker,gnss,52.38728300,-1.40140700,203.30,true,,
1790445633.954,marker,reconciled,0.00000000,0.00000000,0.00,false,,
1790445633.993,hud,speed,,,,,"0.0 / 0.0",0.000
1790445633.993,hud,heading,,,,,"0° / 0°",0.000
1790445633.993,hud,drift,,,,,"0.00%",0.000
1790445633.993,hud,turns,,,,,"✗ turns: 0/15",
1790445633.994,hud,calib_s,,,,,"✓ Buffer 6s",
1790445633.994,marker,gnss,52.38728300,-1.40140700,203.30,true,,
1790445633.995,marker,reconciled,0.00000000,0.00000000,0.00,false,,
1790445634.056,hud,speed,,,,,"0.0 / 0.0",0.000
1790445634.057,hud,heading,,,,,"0° / 0°",0.000
1790445634.057,hud,drift,,,,,"0.00%",0.000
1790445634.057,hud,turns,,,,,"✗ turns: 0/15",
1790445634.057,hud,calib_s,,,,,"✓ Buffer 6s",
1790445634.058,marker,gnss,52.38728300,-1.40140700,203.30,true,,
1790445634.058,marker,reconciled,0.00000000,0.00000000,0.00,false,,
1790445634.105,hud,speed,,,,,"0.0 / 0.0",0.000
1790445634.106,hud,heading,,,,,"0° / 0°",0.000
1790445634.106,hud,drift,,,,,"0.00%",0.000
1790445634.106,hud,turns,,,,,"✗ turns: 0/15",
1790445634.107,hud,calib_s,,,,,"✓ Buffer 6s",
1790445634.107,marker,gnss,52.38728300,-1.40140700,203.30,true,,
1790445634.107,marker,reconciled,0.00000000,0.00000000,0.00,false,,
1790445634.142,hud,speed,,,,,"0.0 / 0.0",0.000
1790445634.142,hud,heading,,,,,"0° / 0°",0.000
1790445634.142,hud,drift,,,,,"0.00%",0.000
1790445634.143,hud,turns,,,,,"✗ turns: 0/15",
1790445634.143,hud,calib_s,,,,,"✓ Buffer 6s",
1790445634.143,marker,gnss,52.38728300,-1.40140700,203.30,true,,
1790445634.143,marker,reconciled,0.00000000,0.00000000,0.00,false,,
1790445634.191,hud,speed,,,,,"0.0 / 0.0",0.000
1790445634.191,hud,heading,,,,,"0° / 0°",0.000
1790445634.191,hud,drift,,,,,"0.00%",0.000
1790445634.191,hud,turns,,,,,"✗ turns: 0/15",
1790445634.192,hud,calib_s,,,,,"✓ Buffer 6s",
1790445634.192,marker,gnss,52.38728300,-1.40140700,203.30,true,,
1790445634.192,marker,reconciled,0.00000000,0.00000000,0.00,false,,
1790445634.259,hud,speed,,,,,"0.0 / 0.0",0.000
1790445634.259,hud,heading,,,,,"0° / 0°",0.000
1790445634.260,hud,drift,,,,,"0.00%",0.000
1790445634.260,hud,turns,,,,,"✗ turns: 0/15",
1790445634.260,hud,calib_s,,,,,"✓ Buffer 6s",
1790445634.261,marker,gnss,52.38728300,-1.40140700,203.30,true,,
1790445634.261,marker,reconciled,0.00000000,0.00000000,0.00,false,,
1790445634.289,hud,speed,,,,,"0.0 / 0.0",0.000
1790445634.289,hud,heading,,,,,"0° / 0°",0.000
1790445634.290,hud,drift,,,,,"0.00%",0.000
1790445634.290,hud,turns,,,,,"✗ turns: 0/15",
1790445634.290,hud,calib_s,,,,,"✓ Buffer 6s",
1790445634.290,marker,gnss,52.38728300,-1.40140700,203.30,true,,
1790445634.291,marker,reconciled,0.00000000,0.00000000,0.00,false,,
1790445634.362,hud,speed,,,,,"0.0 / 0.0",0.000
1790445634.363,hud,heading,,,,,"0° / 0°",0.000
1790445634.363,hud,drift,,,,,"0.00%",0.000
1790445634.363,hud,turns,,,,,"✗ turns: 0/15",
1790445634.363,hud,calib_s,,,,,"✓ Buffer 6s",
1790445634.363,marker,gnss,52.38728300,-1.40140700,203.30,true,,
1790445634.364,marker,reconciled,0.00000000,0.00000000,0.00,false,,
1790445634.400,hud,speed,,,,,"0.0 / 0.0",0.000
1790445634.400,hud,heading,,,,,"0° / 0°",0.000
1790445634.401,hud,drift,,,,,"0.00%",0.000
1790445634.401,hud,turns,,,,,"✗ turns: 0/15",
1790445634.401,hud,calib_s,,,,,"✓ Buffer 6s",
1790445634.401,marker,gnss,52.38728300,-1.40140700,203.30,true,,
1790445634.402,marker,reconciled,0.00000000,0.00000000,0.00,false,,
1790445634.443,hud,speed,,,,,"0.0 / 0.0",0.000
1790445634.443,hud,heading,,,,,"0° / 0°",0.000
1790445634.443,hud,drift,,,,,"0.00%",0.000
1790445634.443,hud,turns,,,,,"✗ turns: 0/15",
1790445634.444,hud,calib_s,,,,,"✓ Buffer 6s",
1790445634.444,marker,gnss,52.38728300,-1.40140700,203.30,true,,
1790445634.444,marker,reconciled,0.00000000,0.00000000,0.00,false,,
1790445634.492,hud,speed,,,,,"0.0 / 0.0",0.000
1790445634.492,hud,heading,,,,,"0° / 0°",0.000
1790445634.492,hud,drift,,,,,"0.00%",0.000
1790445634.492,hud,turns,,,,,"✗ turns: 0/15",
1790445634.493,hud,calib_s,,,,,"✓ Buffer 6s",
1790445634.493,marker,gnss,52.38728300,-1.40140700,203.30,true,,
1790445634.493,marker,reconciled,0.00000000,0.00000000,0.00,false,,
1790445634.546,hud,speed,,,,,"0.0 / 0.0",0.000
1790445634.546,hud,heading,,,,,"0° / 0°",0.000
1790445634.547,hud,drift,,,,,"0.00%",0.000
1790445634.547,hud,turns,,,,,"✗ turns: 0/15",
1790445634.547,hud,calib_s,,,,,"✓ Buffer 6s",
1790445634.548,marker,gnss,52.38728300,-1.40140700,203.30,true,,
1790445634.548,marker,reconciled,0.00000000,0.00000000,0.00,false,,
1790445634.597,hud,speed,,,,,"0.0 / 0.0",0.000
1790445634.597,hud,heading,,,,,"0° / 0°",0.000
1790445634.598,hud,drift,,,,,"0.00%",0.000
1790445634.598,hud,turns,,,,,"✗ turns: 0/15",
1790445634.598,hud,calib_s,,,,,"✓ Buffer 6s",
1790445634.599,marker,gnss,52.38728300,-1.40140700,203.30,true,,
1790445634.599,marker,reconciled,0.00000000,0.00000000,0.00,false,,
1790445634.649,hud,speed,,,,,"0.0 / 0.0",0.000
1790445634.649,hud,heading,,,,,"0° / 0°",0.000
1790445634.649,hud,drift,,,,,"0.00%",0.000
1790445634.649,hud,turns,,,,,"✗ turns: 0/15",
1790445634.650,hud,calib_s,,,,,"✓ Buffer 6s",
1790445634.650,marker,gnss,52.38728300,-1.40140700,203.30,true,,
1790445634.651,marker,reconciled,0.00000000,0.00000000,0.00,false,,
1790445634.712,hud,speed,,,,,"0.0 / 0.0",0.000
1790445634.713,hud,heading,,,,,"0° / 0°",0.000
1790445634.713,hud,drift,,,,,"0.00%",0.000
1790445634.714,hud,turns,,,,,"✗ turns: 0/15",
1790445634.714,hud,calib_s,,,,,"✓ Buffer 6s",
1790445634.715,marker,gnss,52.38728300,-1.40140700,203.30,true,,
1790445634.715,marker,reconciled,0.00000000,0.00000000,0.00,false,,
1790445634.744,hud,speed,,,,,"0.0 / 0.0",0.000
1790445634.744,hud,heading,,,,,"0° / 0°",0.000
1790445634.744,hud,drift,,,,,"0.00%",0.000
1790445634.745,hud,turns,,,,,"✗ turns: 0/15",
1790445634.745,hud,calib_s,,,,,"✓ Buffer 6s",
1790445634.745,marker,gnss,52.38728300,-1.40140700,203.30,true,,
1790445634.746,marker,reconciled,0.00000000,0.00000000,0.00,false,,
1790445634.816,hud,speed,,,,,"0.0 / 0.0",0.000
1790445634.816,hud,heading,,,,,"0° / 0°",0.000
1790445634.817,hud,drift,,,,,"0.00%",0.000
1790445634.817,hud,turns,,,,,"✗ turns: 0/15",
1790445634.818,hud,calib_s,,,,,"✓ Buffer 6s",
1790445634.818,marker,gnss,52.38728300,-1.40140700,203.30,true,,
1790445634.819,marker,reconciled,0.00000000,0.00000000,0.00,false,,
1790445634.848,hud,speed,,,,,"0.0 / 0.0",0.000
1790445634.849,hud,heading,,,,,"0° / 0°",0.000
1790445634.849,hud,drift,,,,,"0.00%",0.000
1790445634.849,hud,turns,,,,,"✗ turns: 0/15",
1790445634.849,hud,calib_s,,,,,"✓ Buffer 6s",
1790445634.850,marker,gnss,52.38728300,-1.40140700,203.30,true,,
1790445634.850,marker,reconciled,0.00000000,0.00000000,0.00,false,,
1790445634.901,hud,speed,,,,,"0.0 / 0.0",0.000
1790445634.902,hud,heading,,,,,"0° / 0°",0.000
1790445634.902,hud,drift,,,,,"0.00%",0.000
1790445634.903,hud,turns,,,,,"✗ turns: 0/15",
1790445634.903,hud,calib_s,,,,,"✓ Buffer 6s",
1790445634.903,marker,gnss,52.38728300,-1.40140700,203.30,true,,
1790445634.904,marker,reconciled,0.00000000,0.00000000,0.00,false,,
1790445634.954,hud,speed,,,,,"0.0 / 0.0",0.000
1790445634.954,hud,heading,,,,,"0° / 0°",0.000
1790445634.955,hud,drift,,,,,"0.00%",0.000
1790445634.955,hud,turns,,,,,"✗ turns: 0/15",
1790445634.955,hud,calib_s,,,,,"✓ Buffer 6s",
1790445634.956,marker,gnss,52.38728300,-1.40140700,203.30,true,,
1790445634.956,marker,reconciled,0.00000000,0.00000000,0.00,false,,
1790445635.023,hud,speed,,,,,"0.0 / 0.0",0.000
1790445635.023,hud,heading,,,,,"0° / 0°",0.000
1790445635.024,hud,drift,,,,,"0.00%",0.000
1790445635.024,hud,turns,,,,,"✗ turns: 0/15",
1790445635.024,hud,calib_s,,,,,"✓ Buffer 6s",
1790445635.025,marker,gnss,52.38728300,-1.40140700,203.30,true,,
1790445635.025,marker,reconciled,0.00000000,0.00000000,0.00,false,,
1790445635.063,hud,speed,,,,,"0.0 / 0.0",0.000
1790445635.063,hud,heading,,,,,"0° / 0°",0.000
1790445635.064,hud,drift,,,,,"0.00%",0.000
1790445635.064,hud,turns,,,,,"✗ turns: 0/15",
1790445635.064,hud,calib_s,,,,,"✓ Buffer 6s",
1790445635.064,marker,gnss,52.38728300,-1.40140700,203.30,true,,
1790445635.064,marker,reconciled,0.00000000,0.00000000,0.00,false,,
1790445635.100,hud,speed,,,,,"0.0 / 0.0",0.000
1790445635.101,hud,heading,,,,,"0° / 0°",0.000
1790445635.101,hud,drift,,,,,"0.00%",0.000
1790445635.101,hud,turns,,,,,"✗ turns: 0/15",
1790445635.101,hud,calib_s,,,,,"✓ Buffer 6s",
1790445635.101,marker,gnss,52.38728300,-1.40140700,203.30,true,,
1790445635.102,marker,reconciled,0.00000000,0.00000000,0.00,false,,
1790445635.156,hud,speed,,,,,"0.0 / 0.0",0.000
1790445635.157,hud,heading,,,,,"0° / 0°",0.000
1790445635.157,hud,drift,,,,,"0.00%",0.000
1790445635.157,hud,turns,,,,,"✗ turns: 0/15",
1790445635.157,hud,calib_s,,,,,"✓ Buffer 6s",
1790445635.158,marker,gnss,52.38728300,-1.40140700,203.30,true,,
1790445635.158,marker,reconciled,0.00000000,0.00000000,0.00,false,,
1790445635.209,hud,speed,,,,,"0.0 / 0.0",0.000
1790445635.210,hud,heading,,,,,"0° / 0°",0.000
1790445635.210,hud,drift,,,,,"0.00%",0.000
1790445635.211,hud,turns,,,,,"✗ turns: 0/15",
1790445635.211,hud,calib_s,,,,,"✓ Buffer 6s",
1790445635.211,marker,gnss,52.38728300,-1.40140700,203.30,true,,
1790445635.212,marker,reconciled,0.00000000,0.00000000,0.00,false,,
1790445635.259,hud,speed,,,,,"0.0 / 0.0",0.000
1790445635.259,hud,heading,,,,,"0° / 0°",0.000
1790445635.260,hud,drift,,,,,"0.00%",0.000
1790445635.260,hud,turns,,,,,"✗ turns: 0/15",
1790445635.260,hud,calib_s,,,,,"✓ Buffer 6s",
1790445635.260,marker,gnss,52.38728300,-1.40140700,203.30,true,,
1790445635.261,marker,reconciled,0.00000000,0.00000000,0.00,false,,
1790445635.321,hud,speed,,,,,"0.0 / 0.0",0.000
1790445635.322,hud,heading,,,,,"0° / 0°",0.000
1790445635.322,hud,drift,,,,,"0.00%",0.000
1790445635.323,hud,turns,,,,,"✗ turns: 0/15",
1790445635.323,hud,calib_s,,,,,"✓ Buffer 6s",
1790445635.324,marker,gnss,52.38728300,-1.40140700,203.30,true,,
1790445635.324,marker,reconciled,0.00000000,0.00000000,0.00,false,,
1790445635.366,hud,speed,,,,,"0.0 / 0.0",0.000
1790445635.367,hud,heading,,,,,"0° / 0°",0.000
1790445635.367,hud,drift,,,,,"0.00%",0.000
1790445635.367,hud,turns,,,,,"✗ turns: 0/15",
1790445635.368,hud,calib_s,,,,,"✓ Buffer 6s",
1790445635.368,marker,gnss,52.38728300,-1.40140700,203.30,true,,
1790445635.369,marker,reconciled,0.00000000,0.00000000,0.00,false,,
1790445635.419,hud,speed,,,,,"0.0 / 0.0",0.000
1790445635.419,hud,heading,,,,,"0° / 0°",0.000
1790445635.420,hud,drift,,,,,"0.00%",0.000
1790445635.420,hud,turns,,,,,"✗ turns: 0/15",
1790445635.420,hud,calib_s,,,,,"✓ Buffer 6s",
1790445635.421,marker,gnss,52.38728300,-1.40140700,203.30,true,,
1790445635.421,marker,reconciled,0.00000000,0.00000000,0.00,false,,
1790445635.494,hud,speed,,,,,"0.0 / 0.0",0.000
1790445635.495,hud,heading,,,,,"0° / 0°",0.000
1790445635.495,hud,drift,,,,,"0.00%",0.000
1790445635.495,hud,turns,,,,,"✗ turns: 1/15",
1790445635.495,hud,calib_s,,,,,"✓ Buffer 6s",
1790445635.496,marker,gnss,52.38605000,-1.40054100,209.10,true,,
1790445635.496,marker,reconciled,0.00000000,0.00000000,0.00,false,,
1790445635.526,hud,speed,,,,,"0.0 / 0.0",0.000
1790445635.526,hud,heading,,,,,"0° / 0°",0.000
1790445635.526,hud,drift,,,,,"0.00%",0.000
1790445635.527,hud,turns,,,,,"✗ turns: 1/15",
1790445635.527,hud,calib_s,,,,,"✓ Buffer 6s",
1790445635.527,marker,gnss,52.38605000,-1.40054100,209.10,true,,
1790445635.527,marker,reconciled,0.00000000,0.00000000,0.00,false,,
1790445635.569,hud,speed,,,,,"0.0 / 0.0",0.000
1790445635.570,hud,heading,,,,,"0° / 0°",0.000
1790445635.570,hud,drift,,,,,"0.00%",0.000
1790445635.571,hud,turns,,,,,"✗ turns: 1/15",
1790445635.571,hud,calib_s,,,,,"✓ Buffer 6s",
1790445635.571,marker,gnss,52.38605000,-1.40054100,209.10,true,,
1790445635.572,marker,reconciled,0.00000000,0.00000000,0.00,false,,
1790445635.640,hud,speed,,,,,"0.0 / 0.0",0.000
1790445635.641,hud,heading,,,,,"0° / 0°",0.000
1790445635.641,hud,drift,,,,,"0.00%",0.000
1790445635.641,hud,turns,,,,,"✗ turns: 1/15",
1790445635.642,hud,calib_s,,,,,"✓ Buffer 6s",
1790445635.642,marker,gnss,52.38605000,-1.40054100,209.10,true,,
1790445635.643,marker,reconciled,0.00000000,0.00000000,0.00,false,,
1790445635.669,hud,speed,,,,,"0.0 / 0.0",0.000
1790445635.669,hud,heading,,,,,"0° / 0°",0.000
1790445635.669,hud,drift,,,,,"0.00%",0.000
1790445635.669,hud,turns,,,,,"✗ turns: 1/15",
1790445635.669,hud,calib_s,,,,,"✓ Buffer 6s",
1790445635.670,marker,gnss,52.38605000,-1.40054100,209.10,true,,
1790445635.670,marker,reconciled,0.00000000,0.00000000,0.00,false,,
1790445635.727,hud,speed,,,,,"0.0 / 0.0",0.000
1790445635.728,hud,heading,,,,,"0° / 0°",0.000
1790445635.728,hud,drift,,,,,"0.00%",0.000
1790445635.728,hud,turns,,,,,"✗ turns: 1/15",
1790445635.728,hud,calib_s,,,,,"✓ Buffer 6s",
1790445635.729,marker,gnss,52.38605000,-1.40054100,209.10,true,,
1790445635.729,marker,reconciled,0.00000000,0.00000000,0.00,false,,
1790445635.794,hud,speed,,,,,"0.0 / 0.0",0.000
1790445635.795,hud,heading,,,,,"0° / 0°",0.000
1790445635.795,hud,drift,,,,,"0.00%",0.000
1790445635.796,hud,turns,,,,,"✗ turns: 1/15",
1790445635.796,hud,calib_s,,,,,"✓ Buffer 6s",
1790445635.796,marker,gnss,52.38605000,-1.40054100,209.10,true,,
1790445635.797,marker,reconciled,0.00000000,0.00000000,0.00,false,,
1790445635.834,hud,speed,,,,,"0.0 / 0.0",0.000
1790445635.835,hud,heading,,,,,"0° / 0°",0.000
1790445635.835,hud,drift,,,,,"0.00%",0.000
1790445635.835,hud,turns,,,,,"✗ turns: 1/15",
1790445635.835,hud,calib_s,,,,,"✓ Buffer 6s",
1790445635.835,marker,gnss,52.38605000,-1.40054100,209.10,true,,
1790445635.836,marker,reconciled,0.00000000,0.00000000,0.00,false,,
1790445635.877,hud,speed,,,,,"0.0 / 0.0",0.000
1790445635.877,hud,heading,,,,,"0° / 0°",0.000
1790445635.878,hud,drift,,,,,"0.00%",0.000
1790445635.878,hud,turns,,,,,"✗ turns: 1/15",
1790445635.878,hud,calib_s,,,,,"✓ Buffer 6s",
1790445635.879,marker,gnss,52.38605000,-1.40054100,209.10,true,,
1790445635.879,marker,reconciled,0.00000000,0.00000000,0.00,false,,
1790445635.932,hud,speed,,,,,"0.0 / 0.0",0.000
1790445635.933,hud,heading,,,,,"0° / 0°",0.000
1790445635.933,hud,drift,,,,,"0.00%",0.000
1790445635.933,hud,turns,,,,,"✗ turns: 1/15",
1790445635.933,hud,calib_s,,,,,"✓ Buffer 6s",
1790445635.934,marker,gnss,52.38605000,-1.40054100,209.10,true,,
1790445635.935,marker,reconciled,0.00000000,0.00000000,0.00,false,,
1790445635.981,hud,speed,,,,,"0.0 / 0.0",0.000
1790445635.982,hud,heading,,,,,"0° / 0°",0.000
1790445635.982,hud,drift,,,,,"0.00%",0.000
1790445635.982,hud,turns,,,,,"✗ turns: 1/15",
1790445635.982,hud,calib_s,,,,,"✓ Buffer 6s",
1790445635.983,marker,gnss,52.38605000,-1.40054100,209.10,true,,
1790445635.983,marker,reconciled,0.00000000,0.00000000,0.00,false,,
1790445636.033,hud,speed,,,,,"0.0 / 0.0",0.000
1790445636.033,hud,heading,,,,,"0° / 0°",0.000
1790445636.034,hud,drift,,,,,"0.00%",0.000
1790445636.034,hud,turns,,,,,"✗ turns: 1/15",
1790445636.034,hud,calib_s,,,,,"✓ Buffer 6s",
1790445636.035,marker,gnss,52.38605000,-1.40054100,209.10,true,,
1790445636.035,marker,reconciled,0.00000000,0.00000000,0.00,false,,
1790445636.100,hud,speed,,,,,"0.0 / 0.0",0.000
1790445636.101,hud,heading,,,,,"0° / 0°",0.000
1790445636.101,hud,drift,,,,,"0.00%",0.000
1790445636.101,hud,turns,,,,,"✗ turns: 1/15",
1790445636.101,hud,calib_s,,,,,"✓ Buffer 6s",
1790445636.102,marker,gnss,52.38605000,-1.40054100,209.10,true,,
1790445636.103,marker,reconciled,0.00000000,0.00000000,0.00,false,,
1790445636.129,hud,speed,,,,,"0.0 / 0.0",0.000
1790445636.130,hud,heading,,,,,"0° / 0°",0.000
1790445636.130,hud,drift,,,,,"0.00%",0.000
1790445636.130,hud,turns,,,,,"✗ turns: 1/15",
1790445636.130,hud,calib_s,,,,,"✓ Buffer 6s",
1790445636.131,marker,gnss,52.38605000,-1.40054100,209.10,true,,
1790445636.131,marker,reconciled,0.00000000,0.00000000,0.00,false,,
1790445636.200,hud,speed,,,,,"0.0 / 0.0",0.000
1790445636.201,hud,heading,,,,,"0° / 0°",0.000
1790445636.201,hud,drift,,,,,"0.00%",0.000
1790445636.202,hud,turns,,,,,"✗ turns: 1/15",
1790445636.202,hud,calib_s,,,,,"✓ Buffer 6s",
1790445636.203,marker,gnss,52.38605000,-1.40054100,209.10,true,,
1790445636.203,marker,reconciled,0.00000000,0.00000000,0.00,false,,
1790445636.243,hud,speed,,,,,"0.0 / 0.0",0.000
1790445636.243,hud,heading,,,,,"0° / 0°",0.000
1790445636.244,hud,drift,,,,,"0.00%",0.000
1790445636.244,hud,turns,,,,,"✗ turns: 1/15",
1790445636.244,hud,calib_s,,,,,"✓ Buffer 6s",
1790445636.244,marker,gnss,52.38605000,-1.40054100,209.10,true,,
1790445636.244,marker,reconciled,0.00000000,0.00000000,0.00,false,,
1790445636.286,hud,speed,,,,,"0.0 / 0.0",0.000
1790445636.287,hud,heading,,,,,"0° / 0°",0.000
1790445636.287,hud,drift,,,,,"0.00%",0.000
1790445636.288,hud,turns,,,,,"✗ turns: 1/15",
1790445636.288,hud,calib_s,,,,,"✓ Buffer 6s",
1790445636.289,marker,gnss,52.38605000,-1.40054100,209.10,true,,
1790445636.289,marker,reconciled,0.00000000,0.00000000,0.00,false,,
1790445636.337,hud,speed,,,,,"0.0 / 0.0",0.000
1790445636.337,hud,heading,,,,,"0° / 0°",0.000
1790445636.337,hud,drift,,,,,"0.00%",0.000
1790445636.337,hud,turns,,,,,"✗ turns: 1/15",
1790445636.338,hud,calib_s,,,,,"✓ Buffer 6s",
1790445636.338,marker,gnss,52.38605000,-1.40054100,209.10,true,,
1790445636.339,marker,reconciled,0.00000000,0.00000000,0.00,false,,
1790445636.388,hud,speed,,,,,"0.0 / 0.0",0.000
1790445636.389,hud,heading,,,,,"0° / 0°",0.000
1790445636.389,hud,drift,,,,,"0.00%",0.000
1790445636.389,hud,turns,,,,,"✗ turns: 1/15",
1790445636.390,hud,calib_s,,,,,"✓ Buffer 6s",
1790445636.390,marker,gnss,52.38605000,-1.40054100,209.10,true,,
1790445636.391,marker,reconciled,0.00000000,0.00000000,0.00,false,,
1790445636.451,hud,speed,,,,,"0.0 / 0.0",0.000
1790445636.452,hud,heading,,,,,"0° / 0°",0.000
1790445636.452,hud,drift,,,,,"0.00%",0.000
1790445636.452,hud,turns,,,,,"✗ turns: 1/15",
1790445636.452,hud,calib_s,,,,,"✓ Buffer 6s",
1790445636.453,marker,gnss,52.38605000,-1.40054100,209.10,true,,
1790445636.453,marker,reconciled,0.00000000,0.00000000,0.00,false,,
1790445636.489,hud,speed,,,,,"0.0 / 0.0",0.000
1790445636.489,hud,heading,,,,,"0° / 0°",0.000
1790445636.489,hud,drift,,,,,"0.00%",0.000
1790445636.489,hud,turns,,,,,"✗ turns: 1/15",
1790445636.490,hud,calib_s,,,,,"✓ Buffer 6s",
1790445636.490,marker,gnss,52.38605000,-1.40054100,209.10,true,,
1790445636.490,marker,reconciled,0.00000000,0.00000000,0.00,false,,
1790445636.544,hud,speed,,,,,"0.0 / 0.0",0.000
1790445636.544,hud,heading,,,,,"0° / 0°",0.000
1790445636.544,hud,drift,,,,,"0.00%",0.000
1790445636.545,hud,turns,,,,,"✗ turns: 1/15",
1790445636.545,hud,calib_s,,,,,"✓ Buffer 6s",
1790445636.545,marker,gnss,52.38605000,-1.40054100,209.10,true,,
1790445636.546,marker,reconciled,0.00000000,0.00000000,0.00,false,,
1790445636.594,hud,speed,,,,,"0.0 / 0.0",0.000
1790445636.595,hud,heading,,,,,"0° / 0°",0.000
1790445636.595,hud,drift,,,,,"0.00%",0.000
1790445636.595,hud,turns,,,,,"✗ turns: 1/15",
1790445636.596,hud,calib_s,,,,,"✓ Buffer 6s",
1790445636.596,marker,gnss,52.38605000,-1.40054100,209.10,true,,
1790445636.596,marker,reconciled,0.00000000,0.00000000,0.00,false,,
1790445636.645,hud,speed,,,,,"0.0 / 0.0",0.000
1790445636.646,hud,heading,,,,,"0° / 0°",0.000
1790445636.646,hud,drift,,,,,"0.00%",0.000
1790445636.646,hud,turns,,,,,"✗ turns: 1/15",
1790445636.647,hud,calib_s,,,,,"✓ Buffer 6s",
1790445636.647,marker,gnss,52.38605000,-1.40054100,209.10,true,,
1790445636.647,marker,reconciled,0.00000000,0.00000000,0.00,false,,
1790445636.698,hud,speed,,,,,"0.0 / 0.0",0.000
1790445636.699,hud,heading,,,,,"0° / 0°",0.000
1790445636.699,hud,drift,,,,,"0.00%",0.000
1790445636.699,hud,turns,,,,,"✗ turns: 1/15",
1790445636.700,hud,calib_s,,,,,"✓ Buffer 6s",
1790445636.700,marker,gnss,52.38605000,-1.40054100,209.10,true,,
1790445636.701,marker,reconciled,0.00000000,0.00000000,0.00,false,,
1790445636.774,hud,speed,,,,,"0.0 / 0.0",0.000
1790445636.775,hud,heading,,,,,"0° / 0°",0.000
1790445636.776,hud,drift,,,,,"0.00%",0.000
1790445636.776,hud,turns,,,,,"✗ turns: 1/15",
1790445636.776,hud,calib_s,,,,,"✓ Buffer 6s",
1790445636.777,marker,gnss,52.38605000,-1.40054100,209.10,true,,
1790445636.777,marker,reconciled,0.00000000,0.00000000,0.00,false,,
1790445636.795,hud,speed,,,,,"0.0 / 0.0",0.000
1790445636.795,hud,heading,,,,,"0° / 0°",0.000
1790445636.795,hud,drift,,,,,"0.00%",0.000
1790445636.795,hud,turns,,,,,"✗ turns: 1/15",
1790445636.796,hud,calib_s,,,,,"✓ Buffer 6s",
1790445636.796,marker,gnss,52.38605000,-1.40054100,209.10,true,,
1790445636.796,marker,reconciled,0.00000000,0.00000000,0.00,false,,
1790445636.849,hud,speed,,,,,"0.0 / 0.0",0.000
1790445636.849,hud,heading,,,,,"0° / 0°",0.000
1790445636.850,hud,drift,,,,,"0.00%",0.000
1790445636.850,hud,turns,,,,,"✗ turns: 1/15",
1790445636.850,hud,calib_s,,,,,"✓ Buffer 6s",
1790445636.851,marker,gnss,52.38605000,-1.40054100,209.10,true,,
1790445636.851,marker,reconciled,0.00000000,0.00000000,0.00,false,,
1790445636.905,hud,speed,,,,,"0.0 / 0.0",0.000
1790445636.905,hud,heading,,,,,"0° / 0°",0.000
1790445636.906,hud,drift,,,,,"0.00%",0.000
1790445636.906,hud,turns,,,,,"✗ turns: 1/15",
1790445636.906,hud,calib_s,,,,,"✓ Buffer 6s",
1790445636.907,marker,gnss,52.38605000,-1.40054100,209.10,true,,
1790445636.907,marker,reconciled,0.00000000,0.00000000,0.00,false,,
1790445636.953,hud,speed,,,,,"0.0 / 0.0",0.000
1790445636.954,hud,heading,,,,,"0° / 0°",0.000
1790445636.955,hud,drift,,,,,"0.00%",0.000
1790445636.955,hud,turns,,,,,"✗ turns: 1/15",
1790445636.955,hud,calib_s,,,,,"✓ Buffer 6s",
1790445636.956,marker,gnss,52.38605000,-1.40054100,209.10,true,,
1790445636.956,marker,reconciled,0.00000000,0.00000000,0.00,false,,
1790445637.006,hud,speed,,,,,"0.0 / 0.0",0.000
1790445637.007,hud,heading,,,,,"0° / 0°",0.000
1790445637.007,hud,drift,,,,,"0.00%",0.000
1790445637.007,hud,turns,,,,,"✗ turns: 1/15",
1790445637.008,hud,calib_s,,,,,"✓ Buffer 6s",
1790445637.008,marker,gnss,52.38605000,-1.40054100,209.10,true,,
1790445637.008,marker,reconciled,0.00000000,0.00000000,0.00,false,,
1790445637.072,hud,speed,,,,,"0.0 / 0.0",0.000
1790445637.072,hud,heading,,,,,"0° / 0°",0.000
1790445637.073,hud,drift,,,,,"0.00%",0.000
1790445637.073,hud,turns,,,,,"✗ turns: 1/15",
1790445637.073,hud,calib_s,,,,,"✓ Buffer 6s",
1790445637.074,marker,gnss,52.38605000,-1.40054100,209.10,true,,
1790445637.074,marker,reconciled,0.00000000,0.00000000,0.00,false,,
1790445637.103,hud,speed,,,,,"0.0 / 0.0",0.000
1790445637.103,hud,heading,,,,,"0° / 0°",0.000
1790445637.104,hud,drift,,,,,"0.00%",0.000
1790445637.104,hud,turns,,,,,"✗ turns: 1/15",
1790445637.104,hud,calib_s,,,,,"✓ Buffer 6s",
1790445637.105,marker,gnss,52.38605000,-1.40054100,209.10,true,,
1790445637.105,marker,reconciled,0.00000000,0.00000000,0.00,false,,
1790445637.160,hud,speed,,,,,"0.0 / 0.0",0.000
1790445637.161,hud,heading,,,,,"0° / 0°",0.000
1790445637.161,hud,drift,,,,,"0.00%",0.000
1790445637.161,hud,turns,,,,,"✗ turns: 1/15",
1790445637.161,hud,calib_s,,,,,"✓ Buffer 6s",
1790445637.162,marker,gnss,52.38605000,-1.40054100,209.10,true,,
1790445637.163,marker,reconciled,0.00000000,0.00000000,0.00,false,,
1790445637.214,hud,speed,,,,,"0.0 / 0.0",0.000
1790445637.215,hud,heading,,,,,"0° / 0°",0.000
1790445637.215,hud,drift,,,,,"0.00%",0.000
1790445637.215,hud,turns,,,,,"✗ turns: 1/15",
1790445637.215,hud,calib_s,,,,,"✓ Buffer 6s",
1790445637.216,marker,gnss,52.38605000,-1.40054100,209.10,true,,
1790445637.216,marker,reconciled,0.00000000,0.00000000,0.00,false,,
1790445637.267,hud,speed,,,,,"0.0 / 0.0",0.000
1790445637.267,hud,heading,,,,,"0° / 0°",0.000
1790445637.268,hud,drift,,,,,"0.00%",0.000
1790445637.268,hud,turns,,,,,"✗ turns: 1/15",
1790445637.268,hud,calib_s,,,,,"✓ Buffer 6s",
1790445637.269,marker,gnss,52.38605000,-1.40054100,209.10,true,,
1790445637.270,marker,reconciled,0.00000000,0.00000000,0.00,false,,
1790445637.321,hud,speed,,,,,"0.0 / 0.0",0.000
1790445637.321,hud,heading,,,,,"0° / 0°",0.000
1790445637.322,hud,drift,,,,,"0.00%",0.000
1790445637.323,hud,turns,,,,,"✗ turns: 1/15",
1790445637.323,hud,calib_s,,,,,"✓ Buffer 6s",
1790445637.324,marker,gnss,52.38605000,-1.40054100,209.10,true,,
1790445637.324,marker,reconciled,0.00000000,0.00000000,0.00,false,,
1790445637.368,hud,speed,,,,,"0.0 / 0.0",0.000
1790445637.368,hud,heading,,,,,"0° / 0°",0.000
1790445637.369,hud,drift,,,,,"0.00%",0.000
1790445637.369,hud,turns,,,,,"✗ turns: 1/15",
1790445637.369,hud,calib_s,,,,,"✓ Buffer 6s",
1790445637.369,marker,gnss,52.38605000,-1.40054100,209.10,true,,
1790445637.370,marker,reconciled,0.00000000,0.00000000,0.00,false,,
1790445637.418,hud,speed,,,,,"0.0 / 0.0",0.000
1790445637.419,hud,heading,,,,,"0° / 0°",0.000
1790445637.419,hud,drift,,,,,"0.00%",0.000
1790445637.419,hud,turns,,,,,"✗ turns: 1/15",
1790445637.419,hud,calib_s,,,,,"✓ Buffer 6s",
1790445637.420,marker,gnss,52.38605000,-1.40054100,209.10,true,,
1790445637.420,marker,reconciled,0.00000000,0.00000000,0.00,false,,
1790445637.488,hud,speed,,,,,"0.0 / 0.0",0.000
1790445637.488,hud,heading,,,,,"0° / 0°",0.000
1790445637.489,hud,drift,,,,,"0.00%",0.000
1790445637.489,hud,turns,,,,,"✗ turns: 1/15",
1790445637.490,hud,calib_s,,,,,"✓ Buffer 6s",
1790445637.491,marker,gnss,52.38605000,-1.40054100,209.10,true,,
1790445637.491,marker,reconciled,0.00000000,0.00000000,0.00,false,,
1790445637.536,hud,speed,,,,,"0.0 / 0.0",0.000
1790445637.536,hud,heading,,,,,"0° / 0°",0.000
1790445637.537,hud,drift,,,,,"0.00%",0.000
1790445637.537,hud,turns,,,,,"✗ turns: 1/15",
1790445637.537,hud,calib_s,,,,,"✓ Buffer 6s",
1790445637.538,marker,gnss,52.38605000,-1.40054100,209.10,true,,
1790445637.539,marker,reconciled,0.00000000,0.00000000,0.00,false,,
1790445637.582,hud,speed,,,,,"0.0 / 0.0",0.000
1790445637.582,hud,heading,,,,,"0° / 0°",0.000
1790445637.583,hud,drift,,,,,"0.00%",0.000
1790445637.583,hud,turns,,,,,"✗ turns: 1/15",
1790445637.584,hud,calib_s,,,,,"✓ Buffer 6s",
1790445637.584,marker,gnss,52.38605000,-1.40054100,209.10,true,,
1790445637.584,marker,reconciled,0.00000000,0.00000000,0.00,false,,
1790445637.622,hud,speed,,,,,"0.0 / 0.0",0.000
1790445637.622,hud,heading,,,,,"0° / 0°",0.000
1790445637.622,hud,drift,,,,,"0.00%",0.000
1790445637.623,hud,turns,,,,,"✗ turns: 1/15",
1790445637.623,hud,calib_s,,,,,"✓ Buffer 6s",
1790445637.623,marker,gnss,52.38605000,-1.40054100,209.10,true,,
1790445637.623,marker,reconciled,0.00000000,0.00000000,0.00,false,,
1790445637.680,hud,speed,,,,,"0.0 / 0.0",0.000
1790445637.680,hud,heading,,,,,"0° / 0°",0.000
1790445637.681,hud,drift,,,,,"0.00%",0.000
1790445637.681,hud,turns,,,,,"✗ turns: 1/15",
1790445637.681,hud,calib_s,,,,,"✓ Buffer 6s",
1790445637.681,marker,gnss,52.38605000,-1.40054100,209.10,true,,
1790445637.682,marker,reconciled,0.00000000,0.00000000,0.00,false,,
1790445637.715,hud,speed,,,,,"0.0 / 0.0",0.000
1790445637.716,hud,heading,,,,,"0° / 0°",0.000
1790445637.716,hud,drift,,,,,"0.00%",0.000
1790445637.716,hud,turns,,,,,"✗ turns: 1/15",
1790445637.717,hud,calib_s,,,,,"✓ Buffer 6s",
1790445637.717,marker,gnss,52.38605000,-1.40054100,209.10,true,,
1790445637.717,marker,reconciled,0.00000000,0.00000000,0.00,false,,
1790445637.771,hud,speed,,,,,"0.0 / 0.0",0.000
1790445637.771,hud,heading,,,,,"0° / 0°",0.000
1790445637.772,hud,drift,,,,,"0.00%",0.000
1790445637.772,hud,turns,,,,,"✗ turns: 1/15",
1790445637.772,hud,calib_s,,,,,"✓ Buffer 6s",
1790445637.773,marker,gnss,52.38605000,-1.40054100,209.10,true,,
1790445637.773,marker,reconciled,0.00000000,0.00000000,0.00,false,,
1790445637.841,hud,speed,,,,,"0.0 / 0.0",0.000
1790445637.842,hud,heading,,,,,"0° / 0°",0.000
1790445637.843,hud,drift,,,,,"0.00%",0.000
1790445637.843,hud,turns,,,,,"✗ turns: 1/15",
1790445637.843,hud,calib_s,,,,,"✓ Buffer 6s",
1790445637.844,marker,gnss,52.38605000,-1.40054100,209.10,true,,
1790445637.844,marker,reconciled,0.00000000,0.00000000,0.00,false,,
1790445637.870,hud,speed,,,,,"0.0 / 0.0",0.000
1790445637.870,hud,heading,,,,,"0° / 0°",0.000
1790445637.870,hud,drift,,,,,"0.00%",0.000
1790445637.871,hud,turns,,,,,"✗ turns: 1/15",
1790445637.871,hud,calib_s,,,,,"✓ Buffer 6s",
1790445637.871,marker,gnss,52.38605000,-1.40054100,209.10,true,,
1790445637.871,marker,reconciled,0.00000000,0.00000000,0.00,false,,
1790445637.940,hud,speed,,,,,"0.0 / 0.0",0.000
1790445637.941,hud,heading,,,,,"0° / 0°",0.000
1790445637.941,hud,drift,,,,,"0.00%",0.000
1790445637.941,hud,turns,,,,,"✗ turns: 1/15",
1790445637.942,hud,calib_s,,,,,"✓ Buffer 6s",
1790445637.943,marker,gnss,52.38605000,-1.40054100,209.10,true,,
1790445637.943,marker,reconciled,0.00000000,0.00000000,0.00,false,,
1790445637.976,hud,speed,,,,,"0.0 / 0.0",0.000
1790445637.977,hud,heading,,,,,"0° / 0°",0.000
1790445637.977,hud,drift,,,,,"0.00%",0.000
1790445637.977,hud,turns,,,,,"✗ turns: 1/15",
1790445637.977,hud,calib_s,,,,,"✓ Buffer 6s",
1790445637.978,marker,gnss,52.38605000,-1.40054100,209.10,true,,
1790445637.978,marker,reconciled,0.00000000,0.00000000,0.00,false,,
1790445638.030,hud,speed,,,,,"0.0 / 0.0",0.000
1790445638.031,hud,heading,,,,,"0° / 0°",0.000
1790445638.031,hud,drift,,,,,"0.00%",0.000
1790445638.032,hud,turns,,,,,"✗ turns: 1/15",
1790445638.032,hud,calib_s,,,,,"✓ Buffer 6s",
1790445638.032,marker,gnss,52.38605000,-1.40054100,209.10,true,,
1790445638.033,marker,reconciled,0.00000000,0.00000000,0.00,false,,
1790445638.078,hud,speed,,,,,"0.0 / 0.0",0.000
1790445638.079,hud,heading,,,,,"0° / 0°",0.000
1790445638.079,hud,drift,,,,,"0.00%",0.000
1790445638.079,hud,turns,,,,,"✗ turns: 1/15",
1790445638.079,hud,calib_s,,,,,"✓ Buffer 6s",
1790445638.080,marker,gnss,52.38605000,-1.40054100,209.10,true,,
1790445638.080,marker,reconciled,0.00000000,0.00000000,0.00,false,,
1790445638.129,hud,speed,,,,,"0.0 / 0.0",0.000
1790445638.130,hud,heading,,,,,"0° / 0°",0.000
1790445638.130,hud,drift,,,,,"0.00%",0.000
1790445638.130,hud,turns,,,,,"✗ turns: 1/15",
1790445638.131,hud,calib_s,,,,,"✓ Buffer 6s",
1790445638.131,marker,gnss,52.38605000,-1.40054100,209.10,true,,
1790445638.131,marker,reconciled,0.00000000,0.00000000,0.00,false,,
1790445638.200,hud,speed,,,,,"0.0 / 0.0",0.000
1790445638.200,hud,heading,,,,,"0° / 0°",0.000
1790445638.201,hud,drift,,,,,"0.00%",0.000
1790445638.201,hud,turns,,,,,"✗ turns: 1/15",
1790445638.201,hud,calib_s,,,,,"✓ Buffer 6s",
1790445638.202,marker,gnss,52.38605000,-1.40054100,209.10,true,,
1790445638.202,marker,reconciled,0.00000000,0.00000000,0.00,false,,
1790445638.231,hud,speed,,,,,"0.0 / 0.0",0.000
1790445638.231,hud,heading,,,,,"0° / 0°",0.000
1790445638.231,hud,drift,,,,,"0.00%",0.000
1790445638.231,hud,turns,,,,,"✗ turns: 1/15",
1790445638.232,hud,calib_s,,,,,"✓ Buffer 6s",
1790445638.232,marker,gnss,52.38605000,-1.40054100,209.10,true,,
1790445638.232,marker,reconciled,0.00000000,0.00000000,0.00,false,,
1790445638.283,hud,speed,,,,,"0.0 / 0.0",0.000
1790445638.284,hud,heading,,,,,"0° / 0°",0.000
1790445638.284,hud,drift,,,,,"0.00%",0.000
1790445638.285,hud,turns,,,,,"✗ turns: 1/15",
1790445638.285,hud,calib_s,,,,,"✓ Buffer 6s",
1790445638.285,marker,gnss,52.38605000,-1.40054100,209.10,true,,
1790445638.286,marker,reconciled,0.00000000,0.00000000,0.00,false,,
1790445638.334,hud,speed,,,,,"0.0 / 0.0",0.000
1790445638.334,hud,heading,,,,,"0° / 0°",0.000
1790445638.334,hud,drift,,,,,"0.00%",0.000
1790445638.335,hud,turns,,,,,"✗ turns: 1/15",
1790445638.335,hud,calib_s,,,,,"✓ Buffer 6s",
1790445638.335,marker,gnss,52.38605000,-1.40054100,209.10,true,,
1790445638.336,marker,reconciled,0.00000000,0.00000000,0.00,false,,
1790445638.387,hud,speed,,,,,"0.0 / 0.0",0.000
1790445638.388,hud,heading,,,,,"0° / 0°",0.000
1790445638.388,hud,drift,,,,,"0.00%",0.000
1790445638.388,hud,turns,,,,,"✗ turns: 1/15",
1790445638.389,hud,calib_s,,,,,"✓ Buffer 6s",
1790445638.389,marker,gnss,52.38605000,-1.40054100,209.10,true,,
1790445638.390,marker,reconciled,0.00000000,0.00000000,0.00,false,,
1790445638.436,hud,speed,,,,,"0.0 / 0.0",0.000
1790445638.437,hud,heading,,,,,"0° / 0°",0.000
1790445638.437,hud,drift,,,,,"0.00%",0.000
1790445638.437,hud,turns,,,,,"✗ turns: 1/15",
1790445638.438,hud,calib_s,,,,,"✓ Buffer 6s",
1790445638.438,marker,gnss,52.38605000,-1.40054100,209.10,true,,
1790445638.439,marker,reconciled,0.00000000,0.00000000,0.00,false,,
1790445638.505,hud,speed,,,,,"0.0 / 0.0",0.000
1790445638.505,hud,heading,,,,,"0° / 0°",0.000
1790445638.506,hud,drift,,,,,"0.00%",0.000
1790445638.506,hud,turns,,,,,"✗ turns: 1/15",
1790445638.507,hud,calib_s,,,,,"✓ Buffer 6s",
1790445638.507,marker,gnss,52.38605000,-1.40054100,209.10,true,,
1790445638.508,marker,reconciled,0.00000000,0.00000000,0.00,false,,
1790445638.533,hud,speed,,,,,"0.0 / 0.0",0.000
1790445638.533,hud,heading,,,,,"0° / 0°",0.000
1790445638.533,hud,drift,,,,,"0.00%",0.000
1790445638.533,hud,turns,,,,,"✗ turns: 1/15",
1790445638.533,hud,calib_s,,,,,"✓ Buffer 6s",
1790445638.534,marker,gnss,52.38605000,-1.40054100,209.10,true,,
1790445638.534,marker,reconciled,0.00000000,0.00000000,0.00,false,,
1790445638.603,hud,speed,,,,,"0.0 / 0.0",0.000
1790445638.603,hud,heading,,,,,"0° / 0°",0.000
1790445638.604,hud,drift,,,,,"0.00%",0.000
1790445638.604,hud,turns,,,,,"✗ turns: 1/15",
1790445638.604,hud,calib_s,,,,,"✓ Buffer 6s",
1790445638.605,marker,gnss,52.38605000,-1.40054100,209.10,true,,
1790445638.605,marker,reconciled,0.00000000,0.00000000,0.00,false,,
1790445638.638,hud,speed,,,,,"0.0 / 0.0",0.000
1790445638.639,hud,heading,,,,,"0° / 0°",0.000
1790445638.639,hud,drift,,,,,"0.00%",0.000
1790445638.639,hud,turns,,,,,"✗ turns: 1/15",
1790445638.639,hud,calib_s,,,,,"✓ Buffer 6s",
1790445638.640,marker,gnss,52.38605000,-1.40054100,209.10,true,,
1790445638.640,marker,reconciled,0.00000000,0.00000000,0.00,false,,
1790445638.707,hud,speed,,,,,"0.0 / 0.0",0.000
1790445638.707,hud,heading,,,,,"0° / 0°",0.000
1790445638.708,hud,drift,,,,,"0.00%",0.000
1790445638.708,hud,turns,,,,,"✗ turns: 1/15",
1790445638.708,hud,calib_s,,,,,"✓ Buffer 6s",
1790445638.709,marker,gnss,52.38605000,-1.40054100,209.10,true,,
1790445638.709,marker,reconciled,0.00000000,0.00000000,0.00,false,,
1790445638.738,hud,speed,,,,,"0.0 / 0.0",0.000
1790445638.739,hud,heading,,,,,"0° / 0°",0.000
1790445638.739,hud,drift,,,,,"0.00%",0.000
1790445638.739,hud,turns,,,,,"✗ turns: 1/15",
1790445638.739,hud,calib_s,,,,,"✓ Buffer 6s",
1790445638.740,marker,gnss,52.38605000,-1.40054100,209.10,true,,
1790445638.740,marker,reconciled,0.00000000,0.00000000,0.00,false,,
1790445638.792,hud,speed,,,,,"0.0 / 0.0",0.000
1790445638.793,hud,heading,,,,,"0° / 0°",0.000
1790445638.793,hud,drift,,,,,"0.00%",0.000
1790445638.793,hud,turns,,,,,"✗ turns: 1/15",
1790445638.793,hud,calib_s,,,,,"✓ Buffer 6s",
1790445638.794,marker,gnss,52.38605000,-1.40054100,209.10,true,,
1790445638.794,marker,reconciled,0.00000000,0.00000000,0.00,false,,
1790445638.861,hud,speed,,,,,"0.0 / 0.0",0.000
1790445638.862,hud,heading,,,,,"0° / 0°",0.000
1790445638.862,hud,drift,,,,,"0.00%",0.000
1790445638.863,hud,turns,,,,,"✗ turns: 1/15",
1790445638.863,hud,calib_s,,,,,"✓ Buffer 6s",
1790445638.863,marker,gnss,52.38605000,-1.40054100,209.10,true,,
1790445638.864,marker,reconciled,0.00000000,0.00000000,0.00,false,,
1790445638.891,hud,speed,,,,,"0.0 / 0.0",0.000
1790445638.892,hud,heading,,,,,"0° / 0°",0.000
1790445638.892,hud,drift,,,,,"0.00%",0.000
1790445638.892,hud,turns,,,,,"✗ turns: 1/15",
1790445638.892,hud,calib_s,,,,,"✓ Buffer 6s",
1790445638.893,marker,gnss,52.38605000,-1.40054100,209.10,true,,
1790445638.893,marker,reconciled,0.00000000,0.00000000,0.00,false,,
1790445638.945,hud,speed,,,,,"0.0 / 0.0",0.000
1790445638.945,hud,heading,,,,,"0° / 0°",0.000
1790445638.945,hud,drift,,,,,"0.00%",0.000
1790445638.946,hud,turns,,,,,"✗ turns: 1/15",
1790445638.946,hud,calib_s,,,,,"✓ Buffer 6s",
1790445638.946,marker,gnss,52.38605000,-1.40054100,209.10,true,,
1790445638.946,marker,reconciled,0.00000000,0.00000000,0.00,false,,
1790445639.002,hud,speed,,,,,"0.0 / 0.0",0.000
1790445639.002,hud,heading,,,,,"0° / 0°",0.000
1790445639.003,hud,drift,,,,,"0.00%",0.000
1790445639.003,hud,turns,,,,,"✗ turns: 1/15",
1790445639.003,hud,calib_s,,,,,"✓ Buffer 6s",
1790445639.004,marker,gnss,52.38605000,-1.40054100,209.10,true,,
1790445639.004,marker,reconciled,0.00000000,0.00000000,0.00,false,,
1790445639.071,hud,speed,,,,,"11.9 / 11.6",11.850
1790445639.072,hud,heading,,,,,"151° / 131°",150.700
1790445639.072,hud,drift,,,,,"106.00%",106.000
1790445639.073,hud,turns,,,,,"✗ turns: 2/15",
1790445639.073,hud,calib_s,,,,,"✓ Buffer 6s",
1790445639.075,marker,gnss,52.38504800,-1.39963400,228.70,true,,
1790445639.076,marker,dr,52.38503926,-1.39962798,209.30,true,,
1790445639.076,marker,reconciled,0.00000000,0.00000000,0.00,false,,
1790445639.107,hud,speed,,,,,"12.1 / 11.6",12.070
1790445639.107,hud,heading,,,,,"150° / 131°",150.400
1790445639.107,hud,drift,,,,,"104.46%",104.460
1790445639.107,hud,turns,,,,,"✗ turns: 2/15",
1790445639.108,hud,calib_s,,,,,"✓ Buffer 6s",
1790445639.108,marker,gnss,52.38504800,-1.39963400,228.70,true,,
1790445639.108,marker,dr,52.38502970,-1.39961926,209.60,true,,
1790445639.109,marker,reconciled,0.00000000,0.00000000,0.00,false,,
1790445639.151,hud,speed,,,,,"12.2 / 11.6",12.240
1790445639.152,hud,heading,,,,,"150° / 131°",150.000
1790445639.152,hud,drift,,,,,"64.56%",64.560
1790445639.152,hud,turns,,,,,"✗ turns: 2/15",
1790445639.153,hud,calib_s,,,,,"✓ Buffer 6s",
1790445639.153,marker,gnss,52.38504800,-1.39963400,228.70,true,,
1790445639.154,marker,dr,52.38502021,-1.39961051,210.00,true,,
1790445639.154,marker,reconciled,0.00000000,0.00000000,0.00,false,,
1790445639.202,hud,speed,,,,,"12.4 / 11.6",12.380
1790445639.203,hud,heading,,,,,"149° / 131°",149.100
1790445639.203,hud,drift,,,,,"52.27%",52.270
1790445639.203,hud,turns,,,,,"✗ turns: 2/15",
1790445639.204,hud,calib_s,,,,,"✓ Buffer 6s",
1790445639.204,marker,gnss,52.38504800,-1.39963400,228.70,true,,
1790445639.204,marker,dr,52.38501052,-1.39960159,210.90,true,,
1790445639.205,marker,reconciled,0.00000000,0.00000000,0.00,false,,
1790445639.254,hud,speed,,,,,"12.4 / 11.6",12.410
1790445639.254,hud,heading,,,,,"149° / 131°",148.900
1790445639.254,hud,drift,,,,,"46.52%",46.520
1790445639.254,hud,turns,,,,,"✗ turns: 2/15",
1790445639.254,hud,calib_s,,,,,"✓ Buffer 6s",
1790445639.255,marker,gnss,52.38504800,-1.39963400,228.70,true,,
1790445639.255,marker,dr,52.38500082,-1.39959256,211.10,true,,
1790445639.256,marker,reconciled,0.00000000,0.00000000,0.00,false,,
1790445639.310,hud,speed,,,,,"12.4 / 11.6",12.430
1790445639.310,hud,heading,,,,,"149° / 131°",148.500
1790445639.310,hud,drift,,,,,"43.07%",43.070
1790445639.311,hud,turns,,,,,"✗ turns: 2/15",
1790445639.311,hud,calib_s,,,,,"✓ Buffer 6s",
1790445639.312,marker,gnss,52.38504800,-1.39963400,228.70,true,,
1790445639.312,marker,dr,52.38499118,-1.39958333,211.50,true,,
1790445639.312,marker,reconciled,0.00000000,0.00000000,0.00,false,,
1790445639.358,hud,speed,,,,,"12.5 / 11.6",12.500
1790445639.359,hud,heading,,,,,"148° / 131°",148.300
1790445639.359,hud,drift,,,,,"40.78%",40.780
1790445639.360,hud,turns,,,,,"✗ turns: 2/15",
1790445639.360,hud,calib_s,,,,,"✓ Buffer 6s",
1790445639.360,marker,gnss,52.38504800,-1.39963400,228.70,true,,
1790445639.361,marker,dr,52.38498141,-1.39957383,211.70,true,,
1790445639.361,marker,reconciled,0.00000000,0.00000000,0.00,false,,
1790445639.408,hud,speed,,,,,"12.5 / 11.6",12.460
1790445639.409,hud,heading,,,,,"148° / 131°",148.200
1790445639.409,hud,drift,,,,,"39.09%",39.090
1790445639.409,hud,turns,,,,,"✗ turns: 2/15",
1790445639.410,hud,calib_s,,,,,"✓ Buffer 6s",
1790445639.410,marker,gnss,52.38504800,-1.39963400,228.70,true,,
1790445639.411,marker,dr,52.38497183,-1.39956433,211.80,true,,
1790445639.411,marker,reconciled,0.00000000,0.00000000,0.00,false,,
1790445639.459,hud,speed,,,,,"12.5 / 11.6",12.460
1790445639.459,hud,heading,,,,,"148° / 131°",148.100
1790445639.460,hud,drift,,,,,"37.78%",37.780
1790445639.460,hud,turns,,,,,"✗ turns: 2/15",
1790445639.460,hud,calib_s,,,,,"✓ Buffer 6s",
1790445639.461,marker,gnss,52.38504800,-1.39963400,228.70,true,,
1790445639.461,marker,dr,52.38496240,-1.39955480,211.90,true,,
1790445639.461,marker,reconciled,0.00000000,0.00000000,0.00,false,,
1790445639.512,hud,speed,,,,,"12.4 / 11.6",12.420
1790445639.512,hud,heading,,,,,"148° / 131°",148.100
1790445639.512,hud,drift,,,,,"36.70%",36.700
1790445639.513,hud,turns,,,,,"✗ turns: 2/15",
1790445639.513,hud,calib_s,,,,,"✓ Buffer 6s",
1790445639.513,marker,gnss,52.38504800,-1.39963400,228.70,true,,
1790445639.514,marker,dr,52.38495295,-1.39954512,211.90,true,,
1790445639.514,marker,reconciled,0.00000000,0.00000000,0.00,false,,
1790445639.565,hud,speed,,,,,"12.4 / 11.6",12.410
1790445639.565,hud,heading,,,,,"148° / 131°",148.300
1790445639.566,hud,drift,,,,,"35.76%",35.760
1790445639.566,hud,turns,,,,,"✗ turns: 2/15",
1790445639.566,hud,calib_s,,,,,"✓ Buffer 6s",
1790445639.567,marker,gnss,52.38504800,-1.39963400,228.70,true,,
1790445639.567,marker,dr,52.38494355,-1.39953530,211.70,true,,
1790445639.567,marker,reconciled,0.00000000,0.00000000,0.00,false,,
1790445639.615,hud,speed,,,,,"12.4 / 11.6",12.420
1790445639.616,hud,heading,,,,,"148° / 131°",148.300
1790445639.616,hud,drift,,,,,"34.94%",34.940
1790445639.617,hud,turns,,,,,"✗ turns: 2/15",
1790445639.617,hud,calib_s,,,,,"✓ Buffer 6s",
1790445639.617,marker,gnss,52.38504800,-1.39963400,228.70,true,,
1790445639.618,marker,dr,52.38493410,-1.39952529,211.70,true,,
1790445639.618,marker,reconciled,0.00000000,0.00000000,0.00,false,,
1790445639.662,hud,speed,,,,,"12.4 / 11.6",12.350
1790445639.662,hud,heading,,,,,"149° / 131°",148.500
1790445639.663,hud,drift,,,,,"34.18%",34.180
1790445639.663,hud,turns,,,,,"✗ turns: 2/15",
1790445639.663,hud,calib_s,,,,,"✓ Buffer 6s",
1790445639.664,marker,gnss,52.38504800,-1.39963400,228.70,true,,
1790445639.664,marker,dr,52.38492487,-1.39951526,211.50,true,,
1790445639.665,marker,reconciled,0.00000000,0.00000000,0.00,false,,
1790445639.714,hud,speed,,,,,"12.3 / 11.6",12.280
1790445639.714,hud,heading,,,,,"149° / 131°",148.800
1790445639.714,hud,drift,,,,,"35.83%",35.830
1790445639.715,hud,turns,,,,,"✗ turns: 2/15",
1790445639.715,hud,calib_s,,,,,"✓ Buffer 6s",
1790445639.715,marker,gnss,52.38504800,-1.39963400,228.70,true,,
1790445639.716,marker,dr,52.38491579,-1.39950531,211.20,true,,
1790445639.716,marker,reconciled,0.00000000,0.00000000,0.00,false,,
1790445639.766,hud,speed,,,,,"12.3 / 11.6",12.320
1790445639.766,hud,heading,,,,,"149° / 131°",148.600
1790445639.766,hud,drift,,,,,"35.23%",35.230
1790445639.767,hud,turns,,,,,"✗ turns: 2/15",
1790445639.767,hud,calib_s,,,,,"✓ Buffer 6s",
1790445639.767,marker,gnss,52.38504800,-1.39963400,228.70,true,,
1790445639.768,marker,dr,52.38490658,-1.39949528,211.40,true,,
1790445639.768,marker,reconciled,0.00000000,0.00000000,0.00,false,,
1790445639.819,hud,speed,,,,,"12.3 / 11.6",12.260
1790445639.820,hud,heading,,,,,"149° / 131°",148.600
1790445639.820,hud,drift,,,,,"34.72%",34.720
1790445639.821,hud,turns,,,,,"✗ turns: 2/15",
1790445639.821,hud,calib_s,,,,,"✓ Buffer 6s",
1790445639.821,marker,gnss,52.38504800,-1.39963400,228.70,true,,
1790445639.822,marker,dr,52.38489739,-1.39948538,211.40,true,,
1790445639.822,marker,reconciled,0.00000000,0.00000000,0.00,false,,
1790445639.869,hud,speed,,,,,"12.1 / 11.6",12.110
1790445639.870,hud,heading,,,,,"149° / 131°",148.900
1790445639.870,hud,drift,,,,,"34.23%",34.230
1790445639.870,hud,turns,,,,,"✗ turns: 2/15",
1790445639.871,hud,calib_s,,,,,"✓ Buffer 6s",
1790445639.871,marker,gnss,52.38504800,-1.39963400,228.70,true,,
1790445639.872,marker,dr,52.38488831,-1.39947556,211.10,true,,
1790445639.872,marker,reconciled,0.00000000,0.00000000,0.00,false,,
1790445639.922,hud,speed,,,,,"12.0 / 11.6",11.950
1790445639.923,hud,heading,,,,,"149° / 131°",149.000
1790445639.923,hud,drift,,,,,"33.74%",33.740
1790445639.924,hud,turns,,,,,"✗ turns: 2/15",
1790445639.924,hud,calib_s,,,,,"✓ Buffer 6s",
1790445639.925,marker,gnss,52.38504800,-1.39963400,228.70,true,,
1790445639.925,marker,dr,52.38487937,-1.39946582,211.00,true,,
1790445639.925,marker,reconciled,0.00000000,0.00000000,0.00,false,,
1790445639.970,hud,speed,,,,,"11.8 / 11.6",11.780
1790445639.971,hud,heading,,,,,"149° / 131°",148.900
1790445639.971,hud,drift,,,,,"33.28%",33.280
1790445639.971,hud,turns,,,,,"✗ turns: 2/15",
1790445639.972,hud,calib_s,,,,,"✓ Buffer 6s",
1790445639.972,marker,gnss,52.38504800,-1.39963400,228.70,true,,
1790445639.973,marker,dr,52.38487046,-1.39945615,211.10,true,,
1790445639.973,marker,reconciled,0.00000000,0.00000000,0.00,false,,
1790445640.022,hud,speed,,,,,"11.7 / 11.6",11.690
1790445640.022,hud,heading,,,,,"149° / 131°",148.900
1790445640.023,hud,drift,,,,,"32.88%",32.880
1790445640.023,hud,turns,,,,,"✗ turns: 2/15",
1790445640.023,hud,calib_s,,,,,"✓ Buffer 6s",
1790445640.023,marker,gnss,52.38504800,-1.39963400,228.70,true,,
1790445640.024,marker,dr,52.38486169,-1.39944671,211.10,true,,
1790445640.024,marker,reconciled,0.00000000,0.00000000,0.00,false,,
1790445640.074,hud,speed,,,,,"11.6 / 11.6",11.580
1790445640.074,hud,heading,,,,,"149° / 131°",148.700
1790445640.075,hud,drift,,,,,"32.55%",32.550
1790445640.075,hud,turns,,,,,"✗ turns: 2/15",
1790445640.075,hud,calib_s,,,,,"✓ Buffer 6s",
1790445640.076,marker,gnss,52.38504800,-1.39963400,228.70,true,,
1790445640.076,marker,dr,52.38485304,-1.39943758,211.30,true,,
1790445640.077,marker,reconciled,0.00000000,0.00000000,0.00,false,,
1790445640.122,hud,speed,,,,,"11.5 / 11.6",11.510
1790445640.122,hud,heading,,,,,"149° / 131°",148.600
1790445640.122,hud,drift,,,,,"32.24%",32.240
1790445640.123,hud,turns,,,,,"✗ turns: 2/15",
1790445640.123,hud,calib_s,,,,,"✓ Buffer 6s",
1790445640.123,marker,gnss,52.38504800,-1.39963400,228.70,true,,
1790445640.124,marker,dr,52.38484425,-1.39942835,211.40,true,,
1790445640.124,marker,reconciled,0.00000000,0.00000000,0.00,false,,
1790445640.175,hud,speed,,,,,"11.5 / 11.6",11.450
1790445640.175,hud,heading,,,,,"149° / 131°",148.600
1790445640.176,hud,drift,,,,,"31.98%",31.980
1790445640.176,hud,turns,,,,,"✗ turns: 2/15",
1790445640.176,hud,calib_s,,,,,"✓ Buffer 6s",
1790445640.177,marker,gnss,52.38504800,-1.39963400,228.70,true,,
1790445640.177,marker,dr,52.38483566,-1.39941941,211.40,true,,
1790445640.178,marker,reconciled,0.00000000,0.00000000,0.00,false,,
1790445640.226,hud,speed,,,,,"11.4 / 11.6",11.410
1790445640.226,hud,heading,,,,,"149° / 131°",148.700
1790445640.227,hud,drift,,,,,"31.75%",31.750
1790445640.227,hud,turns,,,,,"✗ turns: 2/15",
1790445640.227,hud,calib_s,,,,,"✓ Buffer 6s",
1790445640.228,marker,gnss,52.38504800,-1.39963400,228.70,true,,
1790445640.228,marker,dr,52.38482690,-1.39941037,211.30,true,,
1790445640.228,marker,reconciled,0.00000000,0.00000000,0.00,false,,
1790445640.278,hud,speed,,,,,"11.4 / 11.6",11.430
1790445640.278,hud,heading,,,,,"149° / 131°",148.800
1790445640.278,hud,drift,,,,,"31.57%",31.570
1790445640.279,hud,turns,,,,,"✗ turns: 2/15",
1790445640.279,hud,calib_s,,,,,"✓ Buffer 6s",
1790445640.284,marker,gnss,52.38504800,-1.39963400,228.70,true,,
1790445640.285,marker,dr,52.38481819,-1.39940148,211.20,true,,
1790445640.285,marker,reconciled,0.00000000,0.00000000,0.00,false,,
1790445640.332,hud,speed,,,,,"11.4 / 11.6",11.440
1790445640.333,hud,heading,,,,,"149° / 131°",148.800
1790445640.333,hud,drift,,,,,"31.43%",31.430
1790445640.333,hud,turns,,,,,"✗ turns: 2/15",
1790445640.333,hud,calib_s,,,,,"✓ Buffer 6s",
1790445640.334,marker,gnss,52.38504800,-1.39963400,228.70,true,,
1790445640.334,marker,dr,52.38480952,-1.39939276,211.20,true,,
1790445640.335,marker,reconciled,0.00000000,0.00000000,0.00,false,,
1790445640.379,hud,speed,,,,,"11.4 / 11.6",11.440
1790445640.379,hud,heading,,,,,"149° / 131°",148.800
1790445640.379,hud,drift,,,,,"31.34%",31.340
1790445640.380,hud,turns,,,,,"✗ turns: 2/15",
1790445640.380,hud,calib_s,,,,,"✓ Buffer 6s",
1790445640.380,marker,gnss,52.38504800,-1.39963400,228.70,true,,
1790445640.381,marker,dr,52.38480072,-1.39938407,211.20,true,,
1790445640.381,marker,reconciled,0.00000000,0.00000000,0.00,false,,
1790445640.445,hud,speed,,,,,"11.5 / 11.6",11.510
1790445640.445,hud,heading,,,,,"149° / 131°",148.900
1790445640.445,hud,drift,,,,,"31.30%",31.300
1790445640.446,hud,turns,,,,,"✗ turns: 2/15",
1790445640.446,hud,calib_s,,,,,"✓ Buffer 6s",
1790445640.447,marker,gnss,52.38504800,-1.39963400,228.70,true,,
1790445640.448,marker,dr,52.38479171,-1.39937542,211.10,true,,
1790445640.449,marker,reconciled,0.00000000,0.00000000,0.00,false,,
1790445640.492,hud,speed,,,,,"11.6 / 11.6",11.560
1790445640.492,hud,heading,,,,,"149° / 131°",149.100
1790445640.493,hud,drift,,,,,"31.29%",31.290
1790445640.493,hud,turns,,,,,"✗ turns: 2/15",
1790445640.493,hud,calib_s,,,,,"✓ Buffer 6s",
1790445640.493,marker,gnss,52.38504800,-1.39963400,228.70,true,,
1790445640.494,marker,dr,52.38478275,-1.39936685,210.90,true,,
1790445640.494,marker,reconciled,0.00000000,0.00000000,0.00,false,,
1790445640.544,hud,speed,,,,,"11.6 / 11.6",11.630
1790445640.544,hud,heading,,,,,"149° / 131°",149.000
1790445640.544,hud,drift,,,,,"31.31%",31.310
1790445640.545,hud,turns,,,,,"✗ turns: 2/15",
1790445640.545,hud,calib_s,,,,,"✓ Buffer 6s",
1790445640.545,marker,gnss,52.38504800,-1.39963400,228.70,true,,
1790445640.546,marker,dr,52.38477368,-1.39935836,211.00,true,,
1790445640.547,marker,reconciled,0.00000000,0.00000000,0.00,false,,
1790445640.615,hud,speed,,,,,"11.7 / 11.6",11.740
1790445640.615,hud,heading,,,,,"148° / 131°",148.400
1790445640.615,hud,drift,,,,,"31.34%",31.340
1790445640.616,hud,turns,,,,,"✗ turns: 2/15",
1790445640.616,hud,calib_s,,,,,"✓ Buffer 6s",
1790445640.617,marker,gnss,52.38504800,-1.39963400,228.70,true,,
1790445640.617,marker,dr,52.38476454,-1.39934976,211.60,true,,
1790445640.619,marker,reconciled,0.00000000,0.00000000,0.00,false,,
1790445640.657,hud,speed,,,,,"11.5 / 11.6",11.510
1790445640.658,hud,heading,,,,,"149° / 131°",149.000
1790445640.658,hud,drift,,,,,"31.39%",31.390
1790445640.659,hud,turns,,,,,"✗ turns: 2/15",
1790445640.659,hud,calib_s,,,,,"✓ Buffer 6s",
1790445640.659,marker,gnss,52.38504800,-1.39963400,228.70,true,,
1790445640.660,marker,dr,52.38475550,-1.39934156,211.00,true,,
1790445640.661,marker,reconciled,0.00000000,0.00000000,0.00,false,,
1790445640.702,hud,speed,,,,,"11.8 / 11.6",11.780
1790445640.703,hud,heading,,,,,"149° / 131°",148.800
1790445640.703,hud,drift,,,,,"31.45%",31.450
1790445640.703,hud,turns,,,,,"✗ turns: 2/15",
1790445640.704,hud,calib_s,,,,,"✓ Buffer 6s",
1790445640.704,marker,gnss,52.38504800,-1.39963400,228.70,true,,
1790445640.704,marker,dr,52.38474635,-1.39933319,211.20,true,,
1790445640.705,marker,reconciled,0.00000000,0.00000000,0.00,false,,
1790445640.747,hud,speed,,,,,"11.7 / 11.6",11.730
1790445640.748,hud,heading,,,,,"149° / 131°",148.600
1790445640.748,hud,drift,,,,,"31.51%",31.510
1790445640.748,hud,turns,,,,,"✗ turns: 2/15",
1790445640.748,hud,calib_s,,,,,"✓ Buffer 6s",
1790445640.749,marker,gnss,52.38504800,-1.39963400,228.70,true,,
1790445640.749,marker,dr,52.38473706,-1.39932470,211.40,true,,
1790445640.749,marker,reconciled,0.00000000,0.00000000,0.00,false,,
1790445640.792,hud,speed,,,,,"11.8 / 11.6",11.760
1790445640.792,hud,heading,,,,,"148° / 131°",148.400
1790445640.792,hud,drift,,,,,"31.62%",31.620
1790445640.793,hud,turns,,,,,"✗ turns: 2/15",
1790445640.793,hud,calib_s,,,,,"✓ Buffer 6s",
1790445640.793,marker,gnss,52.38504800,-1.39963400,228.70,true,,
1790445640.794,marker,dr,52.38472774,-1.39931650,211.60,true,,
1790445640.794,marker,reconciled,0.00000000,0.00000000,0.00,false,,
1790445640.839,hud,speed,,,,,"11.9 / 11.6",11.940
1790445640.839,hud,heading,,,,,"148° / 131°",148.200
1790445640.839,hud,drift,,,,,"31.74%",31.740
1790445640.839,hud,turns,,,,,"✗ turns: 2/15",
1790445640.840,hud,calib_s,,,,,"✓ Buffer 6s",
1790445640.840,marker,gnss,52.38504800,-1.39963400,228.70,true,,
1790445640.840,marker,dr,52.38471837,-1.39930828,211.80,true,,
1790445640.841,marker,reconciled,0.00000000,0.00000000,0.00,false,,
1790445640.897,hud,speed,,,,,"11.8 / 11.6",11.780
1790445640.898,hud,heading,,,,,"149° / 131°",148.600
1790445640.898,hud,drift,,,,,"31.90%",31.900
1790445640.899,hud,turns,,,,,"✗ turns: 2/15",
1790445640.899,hud,calib_s,,,,,"✓ Buffer 6s",
1790445640.899,marker,gnss,52.38504800,-1.39963400,228.70,true,,
1790445640.900,marker,dr,52.38470884,-1.39930034,211.40,true,,
1790445640.900,marker,reconciled,0.00000000,0.00000000,0.00,false,,
1790445640.942,hud,speed,,,,,"12.0 / 11.6",11.960
1790445640.942,hud,heading,,,,,"149° / 131°",148.900
1790445640.943,hud,drift,,,,,"32.09%",32.090
1790445640.943,hud,turns,,,,,"✗ turns: 2/15",
1790445640.943,hud,calib_s,,,,,"✓ Buffer 6s",
1790445640.943,marker,gnss,52.38504800,-1.39963400,228.70,true,,
1790445640.944,marker,dr,52.38469930,-1.39929265,211.10,true,,
1790445640.944,marker,reconciled,0.00000000,0.00000000,0.00,false,,
1790445640.997,hud,speed,,,,,"12.3 / 11.6",12.260
1790445640.998,hud,heading,,,,,"149° / 131°",148.900
1790445640.998,hud,drift,,,,,"32.33%",32.330
1790445640.998,hud,turns,,,,,"✗ turns: 2/15",
1790445640.999,hud,calib_s,,,,,"✓ Buffer 6s",
1790445640.999,marker,gnss,52.38504800,-1.39963400,228.70,true,,
1790445641.000,marker,dr,52.38468938,-1.39928480,211.10,true,,
1790445641.000,marker,reconciled,0.00000000,0.00000000,0.00,false,,
1790445641.044,hud,speed,,,,,"12.3 / 11.6",12.290
1790445641.044,hud,heading,,,,,"149° / 131°",149.000
1790445641.045,hud,drift,,,,,"32.55%",32.550
1790445641.045,hud,turns,,,,,"✗ turns: 2/15",
1790445641.045,hud,calib_s,,,,,"✓ Buffer 6s",
1790445641.045,marker,gnss,52.38504800,-1.39963400,228.70,true,,
1790445641.046,marker,dr,52.38467934,-1.39927682,211.00,true,,
1790445641.046,marker,reconciled,0.00000000,0.00000000,0.00,false,,
1790445641.097,hud,speed,,,,,"12.3 / 11.6",12.280
1790445641.098,hud,heading,,,,,"149° / 131°",148.800
1790445641.098,hud,drift,,,,,"32.74%",32.740
1790445641.099,hud,turns,,,,,"✗ turns: 2/15",
1790445641.099,hud,calib_s,,,,,"✓ Buffer 6s",
1790445641.099,marker,gnss,52.38504800,-1.39963400,228.70,true,,
1790445641.100,marker,dr,52.38466954,-1.39926890,211.20,true,,
1790445641.100,marker,reconciled,0.00000000,0.00000000,0.00,false,,
1790445641.147,hud,speed,,,,,"12.2 / 11.6",12.240
1790445641.148,hud,heading,,,,,"148° / 131°",148.400
1790445641.148,hud,drift,,,,,"32.92%",32.920
1790445641.148,hud,turns,,,,,"✗ turns: 2/15",
1790445641.148,hud,calib_s,,,,,"✓ Buffer 6s",
1790445641.149,marker,gnss,52.38504800,-1.39963400,228.70,true,,
1790445641.149,marker,dr,52.38465967,-1.39926095,211.60,true,,
1790445641.150,marker,reconciled,0.00000000,0.00000000,0.00,false,,
1790445641.197,hud,speed,,,,,"12.4 / 11.6",12.360
1790445641.197,hud,heading,,,,,"148° / 131°",148.200
1790445641.198,hud,drift,,,,,"33.16%",33.160
1790445641.198,hud,turns,,,,,"✗ turns: 2/15",
1790445641.199,hud,calib_s,,,,,"✓ Buffer 6s",
1790445641.199,marker,gnss,52.38504800,-1.39963400,228.70,true,,
1790445641.199,marker,dr,52.38464948,-1.39925314,211.80,true,,
1790445641.200,marker,reconciled,0.00000000,0.00000000,0.00,false,,
1790445641.247,hud,speed,,,,,"12.5 / 11.6",12.480
1790445641.248,hud,heading,,,,,"148° / 131°",148.300
1790445641.248,hud,drift,,,,,"33.41%",33.410
1790445641.249,hud,turns,,,,,"✗ turns: 2/15",
1790445641.249,hud,calib_s,,,,,"✓ Buffer 6s",
1790445641.249,marker,gnss,52.38504800,-1.39963400,228.70,true,,
1790445641.250,marker,dr,52.38463924,-1.39924550,211.70,true,,
1790445641.250,marker,reconciled,0.00000000,0.00000000,0.00,false,,
1790445641.299,hud,speed,,,,,"12.4 / 11.6",12.430
1790445641.300,hud,heading,,,,,"149° / 131°",148.500
1790445641.300,hud,drift,,,,,"33.66%",33.660
1790445641.301,hud,turns,,,,,"✗ turns: 2/15",
1790445641.301,hud,calib_s,,,,,"✓ Buffer 6s",
1790445641.302,marker,gnss,52.38504800,-1.39963400,228.70,true,,
1790445641.303,marker,dr,52.38462912,-1.39923811,211.50,true,,
1790445641.303,marker,reconciled,0.00000000,0.00000000,0.00,false,,
1790445641.352,hud,speed,,,,,"12.5 / 11.6",12.480
1790445641.353,hud,heading,,,,,"149° / 131°",149.300
1790445641.353,hud,drift,,,,,"33.93%",33.930
1790445641.353,hud,turns,,,,,"✗ turns: 2/15",
1790445641.353,hud,calib_s,,,,,"✓ Buffer 6s",
1790445641.354,marker,gnss,52.38504800,-1.39963400,228.70,true,,
1790445641.355,marker,dr,52.38461884,-1.39923077,210.70,true,,
1790445641.355,marker,reconciled,0.00000000,0.00000000,0.00,false,,
1790445641.403,hud,speed,,,,,"12.6 / 11.6",12.600
1790445641.404,hud,heading,,,,,"150° / 131°",150.000
1790445641.404,hud,drift,,,,,"34.24%",34.240
1790445641.404,hud,turns,,,,,"✗ turns: 2/15",
1790445641.405,hud,calib_s,,,,,"✓ Buffer 6s",
1790445641.405,marker,gnss,52.38504800,-1.39963400,228.70,true,,
1790445641.406,marker,dr,52.38460837,-1.39922374,210.00,true,,
1790445641.406,marker,reconciled,0.00000000,0.00000000,0.00,false,,
1790445641.455,hud,speed,,,,,"12.8 / 11.6",12.780
1790445641.455,hud,heading,,,,,"150° / 131°",150.100
1790445641.455,hud,drift,,,,,"34.57%",34.570
1790445641.456,hud,turns,,,,,"✗ turns: 2/15",
1790445641.456,hud,calib_s,,,,,"✓ Buffer 6s",
1790445641.456,marker,gnss,52.38504800,-1.39963400,228.70,true,,
1790445641.457,marker,dr,52.38459765,-1.39921675,209.90,true,,
1790445641.457,marker,reconciled,0.00000000,0.00000000,0.00,false,,
1790445641.505,hud,speed,,,,,"12.8 / 11.6",12.770
1790445641.505,hud,heading,,,,,"150° / 131°",150.300
1790445641.506,hud,drift,,,,,"34.87%",34.870
1790445641.506,hud,turns,,,,,"✗ turns: 2/15",
1790445641.506,hud,calib_s,,,,,"✓ Buffer 6s",
1790445641.507,marker,gnss,52.38504800,-1.39963400,228.70,true,,
1790445641.508,marker,dr,52.38458714,-1.39920980,209.70,true,,
1790445641.508,marker,reconciled,0.00000000,0.00000000,0.00,false,,
1790445641.556,hud,speed,,,,,"12.9 / 11.6",12.870
1790445641.557,hud,heading,,,,,"150° / 131°",150.100
1790445641.557,hud,drift,,,,,"35.18%",35.180
1790445641.558,hud,turns,,,,,"✗ turns: 2/15",
1790445641.558,hud,calib_s,,,,,"✓ Buffer 6s",
1790445641.559,marker,gnss,52.38504800,-1.39963400,228.70,true,,
1790445641.559,marker,dr,52.38457623,-1.39920262,209.90,true,,
1790445641.560,marker,reconciled,0.00000000,0.00000000,0.00,false,,
1790445641.606,hud,speed,,,,,"13.0 / 11.6",13.020
1790445641.607,hud,heading,,,,,"150° / 131°",150.100
1790445641.607,hud,drift,,,,,"35.49%",35.490
1790445641.607,hud,turns,,,,,"✗ turns: 2/15",
1790445641.608,hud,calib_s,,,,,"✓ Buffer 6s",
1790445641.608,marker,gnss,52.38504800,-1.39963400,228.70,true,,
1790445641.608,marker,dr,52.38456561,-1.39919567,209.90,true,,
1790445641.609,marker,reconciled,0.00000000,0.00000000,0.00,false,,
1790445641.657,hud,speed,,,,,"13.0 / 11.6",13.020
1790445641.658,hud,heading,,,,,"150° / 131°",150.000
1790445641.658,hud,drift,,,,,"35.77%",35.770
1790445641.659,hud,turns,,,,,"✗ turns: 2/15",
1790445641.659,hud,calib_s,,,,,"✓ Buffer 6s",
1790445641.660,marker,gnss,52.38504800,-1.39963400,228.70,true,,
1790445641.660,marker,dr,52.38455468,-1.39918840,210.00,true,,
1790445641.661,marker,reconciled,0.00000000,0.00000000,0.00,false,,
1790445641.711,hud,speed,,,,,"13.1 / 11.6",13.080
1790445641.711,hud,heading,,,,,"150° / 131°",150.000
1790445641.712,hud,drift,,,,,"36.05%",36.050
1790445641.712,hud,turns,,,,,"✗ turns: 2/15",
1790445641.712,hud,calib_s,,,,,"✓ Buffer 6s",
1790445641.712,marker,gnss,52.38504800,-1.39963400,228.70,true,,
1790445641.713,marker,dr,52.38454391,-1.39918125,210.00,true,,
1790445641.713,marker,reconciled,0.00000000,0.00000000,0.00,false,,
1790445641.761,hud,speed,,,,,"13.2 / 11.6",13.200
1790445641.761,hud,heading,,,,,"150° / 131°",150.300
1790445641.761,hud,drift,,,,,"36.32%",36.320
1790445641.761,hud,turns,,,,,"✗ turns: 2/15",
1790445641.762,hud,calib_s,,,,,"✓ Buffer 6s",
1790445641.762,marker,gnss,52.38504800,-1.39963400,228.70,true,,
1790445641.763,marker,dr,52.38453286,-1.39917371,209.70,true,,
1790445641.763,marker,reconciled,0.00000000,0.00000000,0.00,false,,
1790445641.812,hud,speed,,,,,"13.4 / 11.6",13.360
1790445641.813,hud,heading,,,,,"151° / 131°",150.600
1790445641.813,hud,drift,,,,,"36.60%",36.600
1790445641.813,hud,turns,,,,,"✗ turns: 2/15",
1790445641.814,hud,calib_s,,,,,"✓ Buffer 6s",
1790445641.814,marker,gnss,52.38504800,-1.39963400,228.70,true,,
1790445641.815,marker,dr,52.38452173,-1.39916641,209.40,true,,
1790445641.815,marker,reconciled,0.00000000,0.00000000,0.00,false,,
1790445641.861,hud,speed,,,,,"13.5 / 11.6",13.520
1790445641.861,hud,heading,,,,,"150° / 131°",150.400
1790445641.862,hud,drift,,,,,"36.90%",36.900
1790445641.862,hud,turns,,,,,"✗ turns: 2/15",
1790445641.862,hud,calib_s,,,,,"✓ Buffer 6s",
1790445641.863,marker,gnss,52.38504800,-1.39963400,228.70,true,,
1790445641.863,marker,dr,52.38451045,-1.39915914,209.60,true,,
1790445641.864,marker,reconciled,0.00000000,0.00000000,0.00,false,,
1790445641.916,hud,speed,,,,,"13.6 / 11.6",13.550
1790445641.916,hud,heading,,,,,"150° / 131°",150.400
1790445641.917,hud,drift,,,,,"37.20%",37.200
1790445641.917,hud,turns,,,,,"✗ turns: 2/15",
1790445641.917,hud,calib_s,,,,,"✓ Buffer 6s",
1790445641.918,marker,gnss,52.38504800,-1.39963400,228.70,true,,
1790445641.919,marker,dr,52.38449914,-1.39915186,209.60,true,,
1790445641.919,marker,reconciled,0.00000000,0.00000000,0.00,false,,
1790445641.962,hud,speed,,,,,"13.7 / 11.6",13.720
1790445641.962,hud,heading,,,,,"151° / 131°",150.700
1790445641.963,hud,drift,,,,,"37.47%",37.470
1790445641.963,hud,turns,,,,,"✗ turns: 2/15",
1790445641.963,hud,calib_s,,,,,"✓ Buffer 6s",
1790445641.964,marker,gnss,52.38504800,-1.39963400,228.70,true,,
1790445641.964,marker,dr,52.38448773,-1.39914426,209.30,true,,
1790445641.965,marker,reconciled,0.00000000,0.00000000,0.00,false,,
1790445642.019,hud,speed,,,,,"13.8 / 11.6",13.840
1790445642.019,hud,heading,,,,,"151° / 131°",150.800
1790445642.019,hud,drift,,,,,"37.75%",37.750
1790445642.020,hud,turns,,,,,"✗ turns: 2/15",
1790445642.020,hud,calib_s,,,,,"✓ Buffer 6s",
1790445642.020,marker,gnss,52.38504800,-1.39963400,228.70,true,,
1790445642.021,marker,dr,52.38447621,-1.39913671,209.20,true,,
1790445642.021,marker,reconciled,0.00000000,0.00000000,0.00,false,,
1790445642.067,hud,speed,,,,,"14.0 / 11.6",13.960
1790445642.068,hud,heading,,,,,"151° / 131°",151.100
1790445642.068,hud,drift,,,,,"38.03%",38.030
1790445642.068,hud,turns,,,,,"✗ turns: 2/15",
1790445642.069,hud,calib_s,,,,,"✓ Buffer 6s",
1790445642.069,marker,gnss,52.38504800,-1.39963400,228.70,true,,
1790445642.069,marker,dr,52.38446458,-1.39912907,208.90,true,,
1790445642.070,marker,reconciled,0.00000000,0.00000000,0.00,false,,
1790445642.119,hud,speed,,,,,"14.0 / 11.6",14.040
1790445642.119,hud,heading,,,,,"151° / 131°",151.300
1790445642.120,hud,drift,,,,,"38.32%",38.320
1790445642.120,hud,turns,,,,,"✗ turns: 2/15",
1790445642.120,hud,calib_s,,,,,"✓ Buffer 6s",
1790445642.120,marker,gnss,52.38504800,-1.39963400,228.70,true,,
1790445642.121,marker,dr,52.38445286,-1.39912156,208.70,true,,
1790445642.121,marker,reconciled,0.00000000,0.00000000,0.00,false,,
1790445642.168,hud,speed,,,,,"14.1 / 11.6",14.110
1790445642.169,hud,heading,,,,,"151° / 131°",151.200
1790445642.169,hud,drift,,,,,"38.61%",38.610
1790445642.169,hud,turns,,,,,"✗ turns: 2/15",
1790445642.170,hud,calib_s,,,,,"✓ Buffer 6s",
1790445642.170,marker,gnss,52.38504800,-1.39963400,228.70,true,,
1790445642.171,marker,dr,52.38444121,-1.39911410,208.80,true,,
1790445642.172,marker,reconciled,0.00000000,0.00000000,0.00,false,,
1790445642.217,hud,speed,,,,,"14.5 / 11.6",14.450
1790445642.217,hud,heading,,,,,"151° / 131°",151.100
1790445642.217,hud,drift,,,,,"38.90%",38.900
1790445642.217,hud,turns,,,,,"✗ turns: 2/15",
1790445642.218,hud,calib_s,,,,,"✓ Buffer 6s",
1790445642.218,marker,gnss,52.38504800,-1.39963400,228.70,true,,
1790445642.219,marker,dr,52.38442904,-1.39910619,208.90,true,,
1790445642.219,marker,reconciled,0.00000000,0.00000000,0.00,false,,
1790445642.272,hud,speed,,,,,"14.3 / 11.6",14.250
1790445642.272,hud,heading,,,,,"151° / 131°",150.800
1790445642.272,hud,drift,,,,,"39.17%",39.170
1790445642.273,hud,turns,,,,,"✗ turns: 2/15",
1790445642.273,hud,calib_s,,,,,"✓ Buffer 6s",
1790445642.273,marker,gnss,52.38504800,-1.39963400,228.70,true,,
1790445642.274,marker,dr,52.38441716,-1.39909841,209.20,true,,
1790445642.274,marker,reconciled,0.00000000,0.00000000,0.00,false,,
1790445642.320,hud,speed,,,,,"14.2 / 11.6",14.230
1790445642.321,hud,heading,,,,,"151° / 131°",151.100
1790445642.321,hud,drift,,,,,"39.43%",39.430
1790445642.321,hud,turns,,,,,"✗ turns: 2/15",
1790445642.322,hud,calib_s,,,,,"✓ Buffer 6s",
1790445642.322,marker,gnss,52.38504800,-1.39963400,228.70,true,,
1790445642.323,marker,dr,52.38440538,-1.39909086,208.90,true,,
1790445642.323,marker,reconciled,0.00000000,0.00000000,0.00,false,,
1790445642.374,hud,speed,,,,,"14.4 / 11.6",14.400
1790445642.374,hud,heading,,,,,"151° / 131°",151.400
1790445642.375,hud,drift,,,,,"39.70%",39.700
1790445642.375,hud,turns,,,,,"✗ turns: 2/15",
1790445642.375,hud,calib_s,,,,,"✓ Buffer 6s",
1790445642.376,marker,gnss,52.38504800,-1.39963400,228.70,true,,
1790445642.376,marker,dr,52.38439336,-1.39908309,208.60,true,,
1790445642.377,marker,reconciled,0.00000000,0.00000000,0.00,false,,
1790445642.424,hud,speed,,,,,"14.8 / 11.6",14.780
1790445642.424,hud,heading,,,,,"151° / 131°",151.400
1790445642.425,hud,drift,,,,,"39.99%",39.990
1790445642.425,hud,turns,,,,,"✗ turns: 2/15",
1790445642.425,hud,calib_s,,,,,"✓ Buffer 6s",
1790445642.425,marker,gnss,52.38504800,-1.39963400,228.70,true,,
1790445642.426,marker,dr,52.38438092,-1.39907507,208.60,true,,
1790445642.426,marker,reconciled,0.00000000,0.00000000,0.00,false,,
1790445642.471,hud,speed,,,,,"14.4 / 11.6",14.410
1790445642.472,hud,heading,,,,,"152° / 131°",151.500
1790445642.472,hud,drift,,,,,"40.23%",40.230
1790445642.472,hud,turns,,,,,"✗ turns: 2/15",
1790445642.472,hud,calib_s,,,,,"✓ Buffer 6s",
1790445642.473,marker,gnss,52.38504800,-1.39963400,228.70,true,,
1790445642.473,marker,dr,52.38436895,-1.39906712,208.50,true,,
1790445642.473,marker,reconciled,0.00000000,0.00000000,0.00,false,,
1790445642.532,hud,speed,,,,,"14.5 / 11.6",14.540
1790445642.533,hud,heading,,,,,"152° / 131°",151.500
1790445642.533,hud,drift,,,,,"40.43%",40.430
1790445642.534,hud,turns,,,,,"✗ turns: 2/15",
1790445642.534,hud,calib_s,,,,,"✓ Buffer 6s",
1790445642.535,marker,gnss,52.38504800,-1.39963400,228.70,true,,
1790445642.535,marker,dr,52.38435699,-1.39905862,208.50,true,,
1790445642.535,marker,reconciled,0.00000000,0.00000000,0.00,false,,
1790445642.588,hud,speed,,,,,"14.7 / 11.6",14.670
1790445642.588,hud,heading,,,,,"152° / 131°",151.500
1790445642.589,hud,drift,,,,,"40.63%",40.630
1790445642.589,hud,turns,,,,,"✗ turns: 2/15",
1790445642.589,hud,calib_s,,,,,"✓ Buffer 6s",
1790445642.590,marker,gnss,52.38504800,-1.39963400,228.70,true,,
1790445642.591,marker,dr,52.38434491,-1.39905009,208.50,true,,
1790445642.591,marker,reconciled,0.00000000,0.00000000,0.00,false,,
1790445642.641,hud,speed,,,,,"14.8 / 11.6",14.750
1790445642.641,hud,heading,,,,,"151° / 131°",151.400
1790445642.642,hud,drift,,,,,"40.84%",40.840
1790445642.642,hud,turns,,,,,"✗ turns: 2/15",
1790445642.643,hud,calib_s,,,,,"✓ Buffer 6s",
1790445642.643,marker,gnss,52.38504800,-1.39963400,228.70,true,,
1790445642.644,marker,dr,52.38433276,-1.39904148,208.60,true,,
1790445642.644,marker,reconciled,0.00000000,0.00000000,0.00,false,,
1790445642.699,hud,speed,,,,,"14.8 / 11.6",14.790
1790445642.699,hud,heading,,,,,"151° / 131°",151.300
1790445642.700,hud,drift,,,,,"41.03%",41.030
1790445642.700,hud,turns,,,,,"✗ turns: 2/15",
1790445642.701,hud,calib_s,,,,,"✓ Buffer 6s",
1790445642.701,marker,gnss,52.38504800,-1.39963400,228.70,true,,
1790445642.702,marker,dr,52.38432057,-1.39903278,208.70,true,,
1790445642.703,marker,reconciled,0.00000000,0.00000000,0.00,false,,
1790445642.747,hud,speed,,,,,"14.7 / 11.6",14.740
1790445642.747,hud,heading,,,,,"152° / 131°",151.700
1790445642.748,hud,drift,,,,,"41.21%",41.210
1790445642.748,hud,turns,,,,,"✗ turns: 2/15",
1790445642.749,hud,calib_s,,,,,"✓ Buffer 6s",
1790445642.749,marker,gnss,52.38504800,-1.39963400,228.70,true,,
1790445642.750,marker,dr,52.38430861,-1.39902402,208.30,true,,
1790445642.751,marker,reconciled,0.00000000,0.00000000,0.00,false,,
1790445642.784,hud,speed,,,,,"15.0 / 11.6",14.960
1790445642.785,hud,heading,,,,,"152° / 131°",151.800
1790445642.785,hud,drift,,,,,"41.39%",41.390
1790445642.785,hud,turns,,,,,"✗ turns: 2/15",
1790445642.786,hud,calib_s,,,,,"✓ Buffer 6s",
1790445642.786,marker,gnss,52.38504800,-1.39963400,228.70,true,,
1790445642.787,marker,dr,52.38429624,-1.39901497,208.20,true,,
1790445642.787,marker,reconciled,0.00000000,0.00000000,0.00,false,,
1790445642.827,hud,speed,,,,,"14.9 / 11.6",14.920
1790445642.828,hud,heading,,,,,"152° / 131°",151.600
1790445642.828,hud,drift,,,,,"41.55%",41.550
1790445642.828,hud,turns,,,,,"✗ turns: 2/15",
1790445642.829,hud,calib_s,,,,,"✓ Buffer 6s",
1790445642.829,marker,gnss,52.38504800,-1.39963400,228.70,true,,
1790445642.830,marker,dr,52.38428419,-1.39900591,208.40,true,,
1790445642.830,marker,reconciled,0.00000000,0.00000000,0.00,false,,
1790445642.881,hud,speed,,,,,"15.3 / 11.6",15.310
1790445642.882,hud,heading,,,,,"152° / 131°",151.600
1790445642.882,hud,drift,,,,,"41.74%",41.740
1790445642.882,hud,turns,,,,,"✗ turns: 2/15",
1790445642.883,hud,calib_s,,,,,"✓ Buffer 6s",
1790445642.883,marker,gnss,52.38504800,-1.39963400,228.70,true,,
1790445642.883,marker,dr,52.38427154,-1.39899653,208.40,true,,
1790445642.884,marker,reconciled,0.00000000,0.00000000,0.00,false,,
1790445642.939,hud,speed,,,,,"15.4 / 11.6",15.420
1790445642.940,hud,heading,,,,,"151° / 131°",151.400
1790445642.940,hud,drift,,,,,"41.92%",41.920
1790445642.940,hud,turns,,,,,"✗ turns: 2/15",
1790445642.940,hud,calib_s,,,,,"✓ Buffer 6s",
1790445642.941,marker,gnss,52.38504800,-1.39963400,228.70,true,,
1790445642.942,marker,dr,52.38425896,-1.39898704,208.60,true,,
1790445642.942,marker,reconciled,0.00000000,0.00000000,0.00,false,,
1790445642.981,hud,speed,,,,,"15.3 / 11.6",15.260
1790445642.982,hud,heading,,,,,"151° / 131°",151.200
1790445642.982,hud,drift,,,,,"42.09%",42.090
1790445642.983,hud,turns,,,,,"✗ turns: 2/15",
1790445642.983,hud,calib_s,,,,,"✓ Buffer 6s",
1790445642.983,marker,gnss,52.38504800,-1.39963400,228.70,true,,
1790445642.984,marker,dr,52.38424651,-1.39897761,208.80,true,,
1790445642.984,marker,reconciled,0.00000000,0.00000000,0.00,false,,
1790445643.031,hud,speed,,,,,"15.1 / 11.6",15.060
1790445643.032,hud,heading,,,,,"151° / 131°",151.200
1790445643.032,hud,drift,,,,,"42.24%",42.240
1790445643.032,hud,turns,,,,,"✗ turns: 2/15",
1790445643.032,hud,calib_s,,,,,"✓ Buffer 6s",
1790445643.033,marker,gnss,52.38504800,-1.39963400,228.70,true,,
1790445643.033,marker,dr,52.38423424,-1.39896824,208.80,true,,
1790445643.033,marker,reconciled,0.00000000,0.00000000,0.00,false,,
1790445643.085,hud,speed,,,,,"15.1 / 11.6",15.050
1790445643.086,hud,heading,,,,,"151° / 131°",151.400
1790445643.086,hud,drift,,,,,"42.37%",42.370
1790445643.086,hud,turns,,,,,"✗ turns: 2/15",
1790445643.087,hud,calib_s,,,,,"✓ Buffer 6s",
1790445643.087,marker,gnss,52.38504800,-1.39963400,228.70,true,,
1790445643.087,marker,dr,52.38422214,-1.39895885,208.60,true,,
1790445643.088,marker,reconciled,0.00000000,0.00000000,0.00,false,,
1790445643.136,hud,speed,,,,,"15.0 / 11.6",14.960
1790445643.137,hud,heading,,,,,"151° / 131°",151.400
1790445643.137,hud,drift,,,,,"42.49%",42.490
1790445643.137,hud,turns,,,,,"✗ turns: 2/15",
1790445643.137,hud,calib_s,,,,,"✓ Buffer 6s",
1790445643.138,marker,gnss,52.38504800,-1.39963400,228.70,true,,
1790445643.138,marker,dr,52.38421003,-1.39894930,208.60,true,,
1790445643.139,marker,reconciled,0.00000000,0.00000000,0.00,false,,
1790445643.184,hud,speed,,,,,"14.8 / 11.6",14.820
1790445643.184,hud,heading,,,,,"152° / 131°",151.700
1790445643.185,hud,drift,,,,,"42.59%",42.590
1790445643.185,hud,turns,,,,,"✗ turns: 2/15",
1790445643.185,hud,calib_s,,,,,"✓ Buffer 6s",
1790445643.186,marker,gnss,52.38504800,-1.39963400,228.70,true,,
1790445643.186,marker,dr,52.38419797,-1.39893958,208.30,true,,
1790445643.187,marker,reconciled,0.00000000,0.00000000,0.00,false,,
1790445643.236,hud,speed,,,,,"14.9 / 11.6",14.900
1790445643.237,hud,heading,,,,,"152° / 131°",151.800
1790445643.237,hud,drift,,,,,"42.68%",42.680
1790445643.237,hud,turns,,,,,"✗ turns: 2/15",
1790445643.238,hud,calib_s,,,,,"✓ Buffer 6s",
1790445643.238,marker,gnss,52.38504800,-1.39963400,228.70,true,,
1790445643.239,marker,dr,52.38418602,-1.39892971,208.20,true,,
1790445643.239,marker,reconciled,0.00000000,0.00000000,0.00,false,,
1790445643.289,hud,speed,,,,,"14.8 / 11.6",14.790
1790445643.289,hud,heading,,,,,"152° / 131°",152.100
1790445643.289,hud,drift,,,,,"42.75%",42.750
1790445643.290,hud,turns,,,,,"✗ turns: 2/15",
1790445643.290,hud,calib_s,,,,,"✓ Buffer 6s",
1790445643.290,marker,gnss,52.38504800,-1.39963400,228.70,true,,
1790445643.291,marker,dr,52.38417429,-1.39891997,207.90,true,,
1790445643.291,marker,reconciled,0.00000000,0.00000000,0.00,false,,
1790445643.339,hud,speed,,,,,"14.6 / 11.6",14.620
1790445643.340,hud,heading,,,,,"152° / 131°",152.400
1790445643.340,hud,drift,,,,,"42.81%",42.810
1790445643.341,hud,turns,,,,,"✗ turns: 2/15",
1790445643.341,hud,calib_s,,,,,"✓ Buffer 6s",
1790445643.341,marker,gnss,52.38504800,-1.39963400,228.70,true,,
1790445643.342,marker,dr,52.38416249,-1.39891002,207.60,true,,
1790445643.343,marker,reconciled,0.00000000,0.00000000,0.00,false,,
1790445643.391,hud,speed,,,,,"14.7 / 11.6",14.680
1790445643.391,hud,heading,,,,,"153° / 131°",152.500
1790445643.391,hud,drift,,,,,"42.87%",42.870
1790445643.392,hud,turns,,,,,"✗ turns: 2/15",
1790445643.392,hud,calib_s,,,,,"✓ Buffer 6s",
1790445643.392,marker,gnss,52.38504800,-1.39963400,228.70,true,,
1790445643.393,marker,dr,52.38415089,-1.39890026,207.50,true,,
1790445643.393,marker,reconciled,0.00000000,0.00000000,0.00,false,,
1790445643.437,hud,speed,,,,,"14.5 / 11.6",14.510
1790445643.438,hud,heading,,,,,"153° / 131°",152.900
1790445643.438,hud,drift,,,,,"42.92%",42.920
1790445643.438,hud,turns,,,,,"✗ turns: 2/15",
1790445643.439,hud,calib_s,,,,,"✓ Buffer 6s",
1790445643.439,marker,gnss,52.38504800,-1.39963400,228.70,true,,
1790445643.440,marker,dr,52.38413932,-1.39889044,207.10,true,,
1790445643.440,marker,reconciled,0.00000000,0.00000000,0.00,false,,
1790445643.490,hud,speed,,,,,"14.7 / 11.6",14.660
1790445643.490,hud,heading,,,,,"153° / 131°",152.700
1790445643.490,hud,drift,,,,,"42.97%",42.970
1790445643.491,hud,turns,,,,,"✗ turns: 2/15",
1790445643.491,hud,calib_s,,,,,"✓ Buffer 6s",
1790445643.491,marker,gnss,52.38504800,-1.39963400,228.70,true,,
1790445643.492,marker,dr,52.38412762,-1.39888051,207.30,true,,
1790445643.492,marker,reconciled,0.00000000,0.00000000,0.00,false,,
1790445643.543,hud,speed,,,,,"14.6 / 11.6",14.630
1790445643.544,hud,heading,,,,,"153° / 131°",152.500
1790445643.544,hud,drift,,,,,"43.02%",43.020
1790445643.545,hud,turns,,,,,"✗ turns: 2/15",
1790445643.545,hud,calib_s,,,,,"✓ Buffer 6s",
1790445643.545,marker,gnss,52.38504800,-1.39963400,228.70,true,,
1790445643.546,marker,dr,52.38411600,-1.39887045,207.50,true,,
1790445643.546,marker,reconciled,0.00000000,0.00000000,0.00,false,,
1790445643.592,hud,speed,,,,,"14.6 / 11.6",14.610
1790445643.593,hud,heading,,,,,"152° / 131°",152.300
1790445643.593,hud,drift,,,,,"43.05%",43.050
1790445643.594,hud,turns,,,,,"✗ turns: 2/15",
1790445643.594,hud,calib_s,,,,,"✓ Buffer 6s",
1790445643.594,marker,gnss,52.38504800,-1.39963400,228.70,true,,
1790445643.595,marker,dr,52.38410444,-1.39886025,207.70,true,,
1790445643.596,marker,reconciled,0.00000000,0.00000000,0.00,false,,
1790445643.646,hud,speed,,,,,"14.6 / 11.7",14.590
1790445643.647,hud,heading,,,,,"152° / 71°",152.200
1790445643.647,hud,drift,,,,,"39.41%",39.410
1790445643.647,hud,turns,,,,,"✗ turns: 2/15",
1790445643.648,hud,calib_s,,,,,"✓ Buffer 6s",
1790445643.648,marker,gnss,52.38437700,-1.39839000,288.70,true,,
1790445643.649,marker,dr,52.38409292,-1.39885002,207.80,true,,
1790445643.649,marker,reconciled,0.00000000,0.00000000,0.00,false,,
1790445643.693,hud,speed,,,,,"14.6 / 11.7",14.630
1790445643.693,hud,heading,,,,,"152° / 71°",152.100
1790445643.694,hud,drift,,,,,"40.31%",40.310
1790445643.694,hud,turns,,,,,"✗ turns: 2/15",
1790445643.695,hud,calib_s,,,,,"✓ Buffer 6s",
1790445643.695,marker,gnss,52.38437700,-1.39839000,288.70,true,,
1790445643.696,marker,dr,52.38408126,-1.39883963,207.90,true,,
1790445643.696,marker,reconciled,0.00000000,0.00000000,0.00,false,,
1790445643.747,hud,speed,,,,,"14.5 / 11.7",14.530
1790445643.747,hud,heading,,,,,"152° / 71°",152.100
1790445643.747,hud,drift,,,,,"41.17%",41.170
1790445643.747,hud,turns,,,,,"✗ turns: 2/15",
1790445643.748,hud,calib_s,,,,,"✓ Buffer 6s",
1790445643.748,marker,gnss,52.38437700,-1.39839000,288.70,true,,
1790445643.748,marker,dr,52.38406993,-1.39882945,207.90,true,,
1790445643.748,marker,reconciled,0.00000000,0.00000000,0.00,false,,
1790445643.797,hud,speed,,,,,"14.5 / 11.7",14.490
1790445643.798,hud,heading,,,,,"152° / 71°",152.100
1790445643.798,hud,drift,,,,,"42.05%",42.050
1790445643.799,hud,turns,,,,,"✗ turns: 2/15",
1790445643.799,hud,calib_s,,,,,"✓ Buffer 6s",
1790445643.799,marker,gnss,52.38437700,-1.39839000,288.70,true,,
1790445643.800,marker,dr,52.38405841,-1.39881907,207.90,true,,
1790445643.800,marker,reconciled,0.00000000,0.00000000,0.00,false,,
1790445643.848,hud,speed,,,,,"14.5 / 11.7",14.470
1790445643.848,hud,heading,,,,,"152° / 71°",151.800
1790445643.848,hud,drift,,,,,"42.91%",42.910
1790445643.849,hud,turns,,,,,"✗ turns: 2/15",
1790445643.849,hud,calib_s,,,,,"✓ Buffer 6s",
1790445643.849,marker,gnss,52.38437700,-1.39839000,288.70,true,,
1790445643.850,marker,dr,52.38404705,-1.39880875,208.20,true,,
1790445643.850,marker,reconciled,0.00000000,0.00000000,0.00,false,,
1790445643.900,hud,speed,,,,,"14.4 / 11.7",14.360
1790445643.901,hud,heading,,,,,"151° / 71°",151.100
1790445643.901,hud,drift,,,,,"43.73%",43.730
1790445643.901,hud,turns,,,,,"✗ turns: 2/15",
1790445643.901,hud,calib_s,,,,,"✓ Buffer 6s",
1790445643.902,marker,gnss,52.38437700,-1.39839000,288.70,true,,
1790445643.902,marker,dr,52.38403598,-1.39879835,208.90,true,,
1790445643.903,marker,reconciled,0.00000000,0.00000000,0.00,false,,
1790445643.948,hud,speed,,,,,"14.1 / 11.7",14.050
1790445643.949,hud,heading,,,,,"151° / 71°",150.500
1790445643.949,hud,drift,,,,,"44.54%",44.540
1790445643.949,hud,turns,,,,,"✗ turns: 2/15",
1790445643.950,hud,calib_s,,,,,"✓ Buffer 6s",
1790445643.950,marker,gnss,52.38437700,-1.39839000,288.70,true,,
1790445643.951,marker,dr,52.38402507,-1.39878794,209.50,true,,
1790445643.951,marker,reconciled,0.00000000,0.00000000,0.00,false,,
1790445644.003,hud,speed,,,,,"14.2 / 11.7",14.220
1790445644.003,hud,heading,,,,,"151° / 71°",150.600
1790445644.003,hud,drift,,,,,"45.34%",45.340
1790445644.004,hud,turns,,,,,"✗ turns: 2/15",
1790445644.004,hud,calib_s,,,,,"✓ Buffer 6s",
1790445644.004,marker,gnss,52.38437700,-1.39839000,288.70,true,,
1790445644.005,marker,dr,52.38401410,-1.39877731,209.40,true,,
1790445644.005,marker,reconciled,0.00000000,0.00000000,0.00,false,,
1790445644.051,hud,speed,,,,,"14.1 / 11.7",14.070
1790445644.051,hud,heading,,,,,"151° / 71°",150.800
1790445644.052,hud,drift,,,,,"46.11%",46.110
1790445644.052,hud,turns,,,,,"✗ turns: 2/15",
1790445644.052,hud,calib_s,,,,,"✓ Buffer 6s",
1790445644.052,marker,gnss,52.38437700,-1.39839000,288.70,true,,
1790445644.053,marker,dr,52.38400329,-1.39876662,209.20,true,,
1790445644.053,marker,reconciled,0.00000000,0.00000000,0.00,false,,
1790445644.101,hud,speed,,,,,"13.9 / 11.7",13.940
1790445644.102,hud,heading,,,,,"151° / 71°",151.000
1790445644.102,hud,drift,,,,,"46.87%",46.870
1790445644.103,hud,turns,,,,,"✗ turns: 2/15",
1790445644.103,hud,calib_s,,,,,"✓ Buffer 6s",
1790445644.103,marker,gnss,52.38437700,-1.39839000,288.70,true,,
1790445644.104,marker,dr,52.38399253,-1.39875577,209.00,true,,
1790445644.104,marker,reconciled,0.00000000,0.00000000,0.00,false,,
1790445644.153,hud,speed,,,,,"14.0 / 11.7",13.990
1790445644.154,hud,heading,,,,,"151° / 71°",150.800
1790445644.154,hud,drift,,,,,"47.60%",47.600
1790445644.154,hud,turns,,,,,"✗ turns: 2/15",
1790445644.155,hud,calib_s,,,,,"✓ Buffer 6s",
1790445644.155,marker,gnss,52.38437700,-1.39839000,288.70,true,,
1790445644.156,marker,dr,52.38398191,-1.39874481,209.20,true,,
1790445644.156,marker,reconciled,0.00000000,0.00000000,0.00,false,,
1790445644.205,hud,speed,,,,,"14.0 / 11.7",14.010
1790445644.206,hud,heading,,,,,"151° / 71°",150.800
1790445644.206,hud,drift,,,,,"48.31%",48.310
1790445644.207,hud,turns,,,,,"✗ turns: 2/15",
1790445644.207,hud,calib_s,,,,,"✓ Buffer 6s",
1790445644.207,marker,gnss,52.38437700,-1.39839000,288.70,true,,
1790445644.208,marker,dr,52.38397147,-1.39873376,209.20,true,,
1790445644.208,marker,reconciled,0.00000000,0.00000000,0.00,false,,
1790445644.257,hud,speed,,,,,"14.0 / 11.7",14.000
1790445644.257,hud,heading,,,,,"151° / 71°",151.000
1790445644.258,hud,drift,,,,,"49.01%",49.010
1790445644.258,hud,turns,,,,,"✗ turns: 2/15",
1790445644.258,hud,calib_s,,,,,"✓ Buffer 6s",
1790445644.259,marker,gnss,52.38437700,-1.39839000,288.70,true,,
1790445644.260,marker,dr,52.38396100,-1.39872239,209.00,true,,
1790445644.260,marker,reconciled,0.00000000,0.00000000,0.00,false,,
1790445644.306,hud,speed,,,,,"14.1 / 11.7",14.060
1790445644.306,hud,heading,,,,,"151° / 71°",150.800
1790445644.307,hud,drift,,,,,"49.68%",49.680
1790445644.307,hud,turns,,,,,"✗ turns: 2/15",
1790445644.307,hud,calib_s,,,,,"✓ Buffer 6s",
1790445644.308,marker,gnss,52.38437700,-1.39839000,288.70,true,,
1790445644.308,marker,dr,52.38395057,-1.39871076,209.20,true,,
1790445644.308,marker,reconciled,0.00000000,0.00000000,0.00,false,,
1790445644.358,hud,speed,,,,,"14.1 / 11.7",14.080
1790445644.359,hud,heading,,,,,"151° / 71°",151.000
1790445644.359,hud,drift,,,,,"50.34%",50.340
1790445644.359,hud,turns,,,,,"✗ turns: 2/15",
1790445644.359,hud,calib_s,,,,,"✓ Buffer 6s",
1790445644.360,marker,gnss,52.38437700,-1.39839000,288.70,true,,
1790445644.360,marker,dr,52.38394020,-1.39869893,209.00,true,,
1790445644.361,marker,reconciled,0.00000000,0.00000000,0.00,false,,
1790445644.412,hud,speed,,,,,"14.1 / 11.7",14.130
1790445644.412,hud,heading,,,,,"151° / 71°",151.100
1790445644.413,hud,drift,,,,,"50.98%",50.980
1790445644.413,hud,turns,,,,,"✗ turns: 2/15",
1790445644.413,hud,calib_s,,,,,"✓ Buffer 6s",
1790445644.413,marker,gnss,52.38437700,-1.39839000,288.70,true,,
1790445644.414,marker,dr,52.38392987,-1.39868682,208.90,true,,
1790445644.415,marker,reconciled,0.00000000,0.00000000,0.00,false,,
1790445644.457,hud,speed,,,,,"14.1 / 11.7",14.090
1790445644.457,hud,heading,,,,,"151° / 71°",151.000
1790445644.457,hud,drift,,,,,"51.61%",51.610
1790445644.458,hud,turns,,,,,"✗ turns: 2/15",
1790445644.458,hud,calib_s,,,,,"✓ Buffer 6s",
1790445644.459,marker,gnss,52.38437700,-1.39839000,288.70,true,,
1790445644.459,marker,dr,52.38391954,-1.39867449,209.00,true,,
1790445644.460,marker,reconciled,0.00000000,0.00000000,0.00,false,,
1790445644.510,hud,speed,,,,,"14.1 / 11.7",14.130
1790445644.510,hud,heading,,,,,"151° / 71°",150.800
1790445644.511,hud,drift,,,,,"52.21%",52.210
1790445644.511,hud,turns,,,,,"✗ turns: 2/15",
1790445644.511,hud,calib_s,,,,,"✓ Buffer 6s",
1790445644.511,marker,gnss,52.38437700,-1.39839000,288.70,true,,
1790445644.512,marker,dr,52.38390946,-1.39866221,209.20,true,,
1790445644.512,marker,reconciled,0.00000000,0.00000000,0.00,false,,
1790445644.558,hud,speed,,,,,"14.0 / 11.7",14.040
1790445644.559,hud,heading,,,,,"151° / 71°",150.600
1790445644.559,hud,drift,,,,,"52.79%",52.790
1790445644.559,hud,turns,,,,,"✗ turns: 2/15",
1790445644.559,hud,calib_s,,,,,"✓ Buffer 6s",
1790445644.560,marker,gnss,52.38437700,-1.39839000,288.70,true,,
1790445644.560,marker,dr,52.38389945,-1.39864971,209.40,true,,
1790445644.561,marker,reconciled,0.00000000,0.00000000,0.00,false,,
1790445644.614,hud,speed,,,,,"14.0 / 11.7",13.990
1790445644.615,hud,heading,,,,,"151° / 71°",150.500
1790445644.615,hud,drift,,,,,"53.37%",53.370
1790445644.616,hud,turns,,,,,"✗ turns: 2/15",
1790445644.616,hud,calib_s,,,,,"✓ Buffer 6s",
1790445644.616,marker,gnss,52.38437700,-1.39839000,288.70,true,,
1790445644.617,marker,dr,52.38388943,-1.39863702,209.50,true,,
1790445644.618,marker,reconciled,0.00000000,0.00000000,0.00,false,,
1790445644.664,hud,speed,,,,,"13.9 / 11.7",13.870
1790445644.665,hud,heading,,,,,"151° / 71°",150.500
1790445644.665,hud,drift,,,,,"53.93%",53.930
1790445644.666,hud,turns,,,,,"✗ turns: 2/15",
1790445644.666,hud,calib_s,,,,,"✓ Buffer 6s",
1790445644.666,marker,gnss,52.38437700,-1.39839000,288.70,true,,
1790445644.667,marker,dr,52.38387968,-1.39862473,209.50,true,,
1790445644.668,marker,reconciled,0.00000000,0.00000000,0.00,false,,
1790445644.713,hud,speed,,,,,"13.7 / 11.7",13.740
1790445644.714,hud,heading,,,,,"150° / 71°",150.400
1790445644.714,hud,drift,,,,,"54.48%",54.480
1790445644.715,hud,turns,,,,,"✗ turns: 2/15",
1790445644.715,hud,calib_s,,,,,"✓ Buffer 6s",
1790445644.716,marker,gnss,52.38437700,-1.39839000,288.70,true,,
1790445644.716,marker,dr,52.38386992,-1.39861243,209.60,true,,
1790445644.717,marker,reconciled,0.00000000,0.00000000,0.00,false,,
1790445644.769,hud,speed,,,,,"13.6 / 11.7",13.610
1790445644.769,hud,heading,,,,,"151° / 71°",150.500
1790445644.769,hud,drift,,,,,"55.03%",55.030
1790445644.770,hud,turns,,,,,"✗ turns: 2/15",
1790445644.770,hud,calib_s,,,,,"✓ Buffer 6s",
1790445644.771,marker,gnss,52.38437700,-1.39839000,288.70,true,,
1790445644.771,marker,dr,52.38386016,-1.39860007,209.50,true,,
1790445644.772,marker,reconciled,0.00000000,0.00000000,0.00,false,,
1790445644.812,hud,speed,,,,,"13.5 / 11.7",13.500
1790445644.812,hud,heading,,,,,"151° / 71°",150.500
1790445644.813,hud,drift,,,,,"55.55%",55.550
1790445644.813,hud,turns,,,,,"✗ turns: 2/15",
1790445644.813,hud,calib_s,,,,,"✓ Buffer 6s",
1790445644.813,marker,gnss,52.38437700,-1.39839000,288.70,true,,
1790445644.814,marker,dr,52.38385070,-1.39858801,209.50,true,,
1790445644.814,marker,reconciled,0.00000000,0.00000000,0.00,false,,
1790445644.865,hud,speed,,,,,"13.3 / 11.7",13.340
1790445644.866,hud,heading,,,,,"151° / 71°",150.500
1790445644.866,hud,drift,,,,,"56.07%",56.070
1790445644.867,hud,turns,,,,,"✗ turns: 2/15",
1790445644.867,hud,calib_s,,,,,"✓ Buffer 6s",
1790445644.867,marker,gnss,52.38437700,-1.39839000,288.70,true,,
1790445644.868,marker,dr,52.38384114,-1.39857583,209.50,true,,
1790445644.868,marker,reconciled,0.00000000,0.00000000,0.00,false,,
1790445644.920,hud,speed,,,,,"13.2 / 11.7",13.170
1790445644.920,hud,heading,,,,,"151° / 71°",150.600
1790445644.921,hud,drift,,,,,"56.57%",56.570
1790445644.921,hud,turns,,,,,"✗ turns: 2/15",
1790445644.921,hud,calib_s,,,,,"✓ Buffer 6s",
1790445644.922,marker,gnss,52.38437700,-1.39839000,288.70,true,,
1790445644.923,marker,dr,52.38383195,-1.39856390,209.40,true,,
1790445644.923,marker,reconciled,0.00000000,0.00000000,0.00,false,,
1790445644.967,hud,speed,,,,,"13.0 / 11.7",13.030
1790445644.967,hud,heading,,,,,"150° / 71°",150.300
1790445644.968,hud,drift,,,,,"57.05%",57.050
1790445644.968,hud,turns,,,,,"✗ turns: 2/15",
1790445644.968,hud,calib_s,,,,,"✓ Buffer 6s",
1790445644.969,marker,gnss,52.38437700,-1.39839000,288.70,true,,
1790445644.969,marker,dr,52.38382280,-1.39855195,209.70,true,,
1790445644.969,marker,reconciled,0.00000000,0.00000000,0.00,false,,
1790445645.020,hud,speed,,,,,"12.6 / 11.7",12.580
1790445645.020,hud,heading,,,,,"150° / 71°",150.400
1790445645.021,hud,drift,,,,,"57.51%",57.510
1790445645.021,hud,turns,,,,,"✗ turns: 2/15",
1790445645.021,hud,calib_s,,,,,"✓ Buffer 6s",
1790445645.022,marker,gnss,52.38437700,-1.39839000,288.70,true,,
1790445645.022,marker,dr,52.38381405,-1.39853993,209.60,true,,
1790445645.023,marker,reconciled,0.00000000,0.00000000,0.00,false,,
1790445645.070,hud,speed,,,,,"12.5 / 11.7",12.480
1790445645.071,hud,heading,,,,,"151° / 71°",150.500
1790445645.071,hud,drift,,,,,"57.94%",57.940
1790445645.071,hud,turns,,,,,"✗ turns: 2/15",
1790445645.071,hud,calib_s,,,,,"✓ Buffer 6s",
1790445645.072,marker,gnss,52.38437700,-1.39839000,288.70,true,,
1790445645.072,marker,dr,52.38380545,-1.39852808,209.50,true,,
1790445645.073,marker,reconciled,0.00000000,0.00000000,0.00,false,,
1790445645.121,hud,speed,,,,,"12.4 / 11.7",12.350
1790445645.122,hud,heading,,,,,"150° / 71°",150.400
1790445645.122,hud,drift,,,,,"58.37%",58.370
1790445645.123,hud,turns,,,,,"✗ turns: 2/15",
1790445645.123,hud,calib_s,,,,,"✓ Buffer 6s",
1790445645.123,marker,gnss,52.38437700,-1.39839000,288.70,true,,
1790445645.124,marker,dr,52.38379700,-1.39851628,209.60,true,,
1790445645.124,marker,reconciled,0.00000000,0.00000000,0.00,false,,
1790445645.176,hud,speed,,,,,"12.2 / 11.7",12.240
1790445645.177,hud,heading,,,,,"151° / 71°",150.700
1790445645.177,hud,drift,,,,,"58.78%",58.780
1790445645.177,hud,turns,,,,,"✗ turns: 2/15",
1790445645.178,hud,calib_s,,,,,"✓ Buffer 6s",
1790445645.178,marker,gnss,52.38437700,-1.39839000,288.70,true,,
1790445645.179,marker,dr,52.38378865,-1.39850450,209.30,true,,
1790445645.180,marker,reconciled,0.00000000,0.00000000,0.00,false,,
1790445645.221,hud,speed,,,,,"12.1 / 11.7",12.090
1790445645.221,hud,heading,,,,,"151° / 71°",150.800
1790445645.221,hud,drift,,,,,"59.17%",59.170
1790445645.222,hud,turns,,,,,"✗ turns: 2/15",
1790445645.222,hud,calib_s,,,,,"✓ Buffer 6s",
1790445645.222,marker,gnss,52.38437700,-1.39839000,288.70,true,,
1790445645.223,marker,dr,52.38378054,-1.39849274,209.20,true,,
1790445645.223,marker,reconciled,0.00000000,0.00000000,0.00,false,,
1790445645.274,hud,speed,,,,,"11.7 / 11.7",11.660
1790445645.274,hud,heading,,,,,"151° / 71°",150.700
1790445645.275,hud,drift,,,,,"59.54%",59.540
1790445645.275,hud,turns,,,,,"✗ turns: 2/15",
1790445645.275,hud,calib_s,,,,,"✓ Buffer 6s",
1790445645.276,marker,gnss,52.38437700,-1.39839000,288.70,true,,
1790445645.276,marker,dr,52.38377272,-1.39848118,209.30,true,,
1790445645.277,marker,reconciled,0.00000000,0.00000000,0.00,false,,
1790445645.328,hud,speed,,,,,"11.4 / 11.7",11.360
1790445645.328,hud,heading,,,,,"151° / 71°",150.800
1790445645.328,hud,drift,,,,,"59.90%",59.900
1790445645.329,hud,turns,,,,,"✗ turns: 2/15",
1790445645.329,hud,calib_s,,,,,"✓ Buffer 6s",
1790445645.329,marker,gnss,52.38437700,-1.39839000,288.70,true,,
1790445645.330,marker,dr,52.38376515,-1.39846979,209.20,true,,
1790445645.330,marker,reconciled,0.00000000,0.00000000,0.00,false,,
1790445645.379,hud,speed,,,,,"11.1 / 11.7",11.060
1790445645.380,hud,heading,,,,,"151° / 71°",150.900
1790445645.380,hud,drift,,,,,"60.24%",60.240
1790445645.381,hud,turns,,,,,"✗ turns: 2/15",
1790445645.381,hud,calib_s,,,,,"✓ Buffer 6s",
1790445645.381,marker,gnss,52.38437700,-1.39839000,288.70,true,,
1790445645.382,marker,dr,52.38375766,-1.39845860,209.10,true,,
1790445645.382,marker,reconciled,0.00000000,0.00000000,0.00,false,,
1790445645.432,hud,speed,,,,,"10.8 / 11.7",10.840
1790445645.433,hud,heading,,,,,"151° / 71°",150.800
1790445645.433,hud,drift,,,,,"60.57%",60.570
1790445645.433,hud,turns,,,,,"✗ turns: 2/15",
1790445645.434,hud,calib_s,,,,,"✓ Buffer 6s",
1790445645.434,marker,gnss,52.38437700,-1.39839000,288.70,true,,
1790445645.435,marker,dr,52.38375053,-1.39844773,209.20,true,,
1790445645.436,marker,reconciled,0.00000000,0.00000000,0.00,false,,
1790445645.476,hud,speed,,,,,"10.6 / 11.7",10.640
1790445645.476,hud,heading,,,,,"151° / 71°",150.900
1790445645.477,hud,drift,,,,,"60.89%",60.890
1790445645.477,hud,turns,,,,,"✗ turns: 2/15",
1790445645.477,hud,calib_s,,,,,"✓ Buffer 6s",
1790445645.477,marker,gnss,52.38437700,-1.39839000,288.70,true,,
1790445645.478,marker,dr,52.38374342,-1.39843701,209.10,true,,
1790445645.478,marker,reconciled,0.00000000,0.00000000,0.00,false,,
1790445645.528,hud,speed,,,,,"10.5 / 11.7",10.450
1790445645.529,hud,heading,,,,,"151° / 71°",151.100
1790445645.529,hud,drift,,,,,"61.21%",61.210
1790445645.529,hud,turns,,,,,"✗ turns: 2/15",
1790445645.529,hud,calib_s,,,,,"✓ Buffer 6s",
1790445645.530,marker,gnss,52.38437700,-1.39839000,288.70,true,,
1790445645.530,marker,dr,52.38373641,-1.39842662,208.90,true,,
1790445645.531,marker,reconciled,0.00000000,0.00000000,0.00,false,,
1790445645.580,hud,speed,,,,,"10.4 / 11.7",10.370
1790445645.580,hud,heading,,,,,"151° / 71°",150.800
1790445645.580,hud,drift,,,,,"61.51%",61.510
1790445645.580,hud,turns,,,,,"✗ turns: 2/15",
1790445645.581,hud,calib_s,,,,,"✓ Buffer 6s",
1790445645.581,marker,gnss,52.38437700,-1.39839000,288.70,true,,
1790445645.581,marker,dr,52.38372957,-1.39841615,209.20,true,,
1790445645.582,marker,reconciled,0.00000000,0.00000000,0.00,false,,
1790445645.629,hud,speed,,,,,"10.4 / 11.7",10.390
1790445645.630,hud,heading,,,,,"150° / 71°",149.900
1790445645.630,hud,drift,,,,,"61.79%",61.790
1790445645.631,hud,turns,,,,,"✗ turns: 2/15",
1790445645.631,hud,calib_s,,,,,"✓ Buffer 6s",
1790445645.631,marker,gnss,52.38437700,-1.39839000,288.70,true,,
1790445645.632,marker,dr,52.38372292,-1.39840545,210.10,true,,
1790445645.632,marker,reconciled,0.00000000,0.00000000,0.00,false,,
1790445645.681,hud,speed,,,,,"10.1 / 11.7",10.120
1790445645.681,hud,heading,,,,,"151° / 71°",151.100
1790445645.681,hud,drift,,,,,"62.05%",62.050
1790445645.682,hud,turns,,,,,"✗ turns: 2/15",
1790445645.682,hud,calib_s,,,,,"✓ Buffer 6s",
1790445645.682,marker,gnss,52.38437700,-1.39839000,288.70,true,,
1790445645.683,marker,dr,52.38371659,-1.39839456,208.90,true,,
1790445645.684,marker,reconciled,0.00000000,0.00000000,0.00,false,,
1790445645.734,hud,speed,,,,,"10.0 / 11.7",10.000
1790445645.735,hud,heading,,,,,"152° / 71°",151.600
1790445645.735,hud,drift,,,,,"62.28%",62.280
1790445645.735,hud,turns,,,,,"✗ turns: 2/15",
1790445645.736,hud,calib_s,,,,,"✓ Buffer 6s",
1790445645.736,marker,gnss,52.38437700,-1.39839000,288.70,true,,
1790445645.737,marker,dr,52.38371050,-1.39838359,208.40,true,,
1790445645.737,marker,reconciled,0.00000000,0.00000000,0.00,false,,
1790445645.781,hud,speed,,,,,"9.8 / 11.7",9.840
1790445645.781,hud,heading,,,,,"151° / 71°",151.100
1790445645.782,hud,drift,,,,,"62.49%",62.490
1790445645.782,hud,turns,,,,,"✗ turns: 2/15",
1790445645.782,hud,calib_s,,,,,"✓ Buffer 6s",
1790445645.783,marker,gnss,52.38437700,-1.39839000,288.70,true,,
1790445645.783,marker,dr,52.38370482,-1.39837257,208.90,true,,
1790445645.784,marker,reconciled,0.00000000,0.00000000,0.00,false,,
1790445645.836,hud,speed,,,,,"9.8 / 11.7",9.780
1790445645.836,hud,heading,,,,,"152° / 71°",152.000
1790445645.837,hud,drift,,,,,"62.68%",62.680
1790445645.837,hud,turns,,,,,"✗ turns: 2/15",
1790445645.837,hud,calib_s,,,,,"✓ Buffer 6s",
1790445645.838,marker,gnss,52.38437700,-1.39839000,288.70,true,,
1790445645.838,marker,dr,52.38369917,-1.39836145,208.00,true,,
1790445645.838,marker,reconciled,0.00000000,0.00000000,0.00,false,,
1790445645.884,hud,speed,,,,,"9.6 / 11.7",9.620
1790445645.885,hud,heading,,,,,"152° / 71°",152.300
1790445645.885,hud,drift,,,,,"62.87%",62.870
1790445645.885,hud,turns,,,,,"✗ turns: 2/15",
1790445645.885,hud,calib_s,,,,,"✓ Buffer 6s",
1790445645.886,marker,gnss,52.38437700,-1.39839000,288.70,true,,
1790445645.887,marker,dr,52.38369361,-1.39835013,207.70,true,,
1790445645.887,marker,reconciled,0.00000000,0.00000000,0.00,false,,
1790445645.958,hud,speed,,,,,"9.4 / 11.7",9.380
1790445645.959,hud,heading,,,,,"153° / 71°",152.700
1790445645.959,hud,drift,,,,,"63.05%",63.050
1790445645.960,hud,turns,,,,,"✗ turns: 2/15",
1790445645.960,hud,calib_s,,,,,"✓ Buffer 6s",
1790445645.961,marker,gnss,52.38437700,-1.39839000,288.70,true,,
1790445645.963,marker,dr,52.38368815,-1.39833911,207.30,true,,
1790445645.963,marker,reconciled,0.00000000,0.00000000,0.00,false,,
1790445646.009,hud,speed,,,,,"8.8 / 11.7",8.820
1790445646.009,hud,heading,,,,,"153° / 71°",152.700
1790445646.009,hud,drift,,,,,"63.23%",63.230
1790445646.010,hud,turns,,,,,"✗ turns: 2/15",
1790445646.010,hud,calib_s,,,,,"✓ Buffer 6s",
1790445646.011,marker,gnss,52.38437700,-1.39839000,288.70,true,,
1790445646.012,marker,dr,52.38368273,-1.39832822,207.30,true,,
1790445646.012,marker,reconciled,0.00000000,0.00000000,0.00,false,,
1790445646.075,hud,speed,,,,,"8.9 / 11.7",8.870
1790445646.075,hud,heading,,,,,"153° / 71°",152.800
1790445646.076,hud,drift,,,,,"63.44%",63.440
1790445646.077,hud,turns,,,,,"✗ turns: 2/15",
1790445646.077,hud,calib_s,,,,,"✓ Buffer 6s",
1790445646.078,marker,gnss,52.38437700,-1.39839000,288.70,true,,
1790445646.079,marker,dr,52.38367702,-1.39831824,207.20,true,,
1790445646.079,marker,reconciled,0.00000000,0.00000000,0.00,false,,
1790445646.100,hud,speed,,,,,"8.8 / 11.7",8.810
1790445646.100,hud,heading,,,,,"153° / 71°",152.800
1790445646.101,hud,drift,,,,,"63.67%",63.670
1790445646.101,hud,turns,,,,,"✗ turns: 2/15",
1790445646.101,hud,calib_s,,,,,"✓ Buffer 6s",
1790445646.102,marker,gnss,52.38437700,-1.39839000,288.70,true,,
1790445646.102,marker,dr,52.38367116,-1.39830875,207.20,true,,
1790445646.102,marker,reconciled,0.00000000,0.00000000,0.00,false,,
1790445646.137,hud,speed,,,,,"8.8 / 11.7",8.820
1790445646.138,hud,heading,,,,,"153° / 71°",152.900
1790445646.138,hud,drift,,,,,"63.92%",63.920
1790445646.138,hud,turns,,,,,"✗ turns: 2/15",
1790445646.139,hud,calib_s,,,,,"✓ Buffer 6s",
1790445646.139,marker,gnss,52.38437700,-1.39839000,288.70,true,,
1790445646.139,marker,dr,52.38366502,-1.39829975,207.10,true,,
1790445646.140,marker,reconciled,0.00000000,0.00000000,0.00,false,,
1790445646.207,hud,speed,,,,,"8.9 / 11.7",8.860
1790445646.208,hud,heading,,,,,"153° / 71°",152.700
1790445646.208,hud,drift,,,,,"64.17%",64.170
1790445646.209,hud,turns,,,,,"✗ turns: 2/15",
1790445646.209,hud,calib_s,,,,,"✓ Buffer 6s",
1790445646.209,marker,gnss,52.38437700,-1.39839000,288.70,true,,
1790445646.210,marker,dr,52.38365890,-1.39829131,207.30,true,,
1790445646.211,marker,reconciled,0.00000000,0.00000000,0.00,false,,
1790445646.276,hud,speed,,,,,"8.9 / 11.7",8.880
1790445646.277,hud,heading,,,,,"153° / 71°",152.600
1790445646.278,hud,drift,,,,,"64.44%",64.440
1790445646.278,hud,turns,,,,,"✗ turns: 2/15",
1790445646.279,hud,calib_s,,,,,"✓ Buffer 6s",
1790445646.280,marker,gnss,52.38437700,-1.39839000,288.70,true,,
1790445646.280,marker,dr,52.38365255,-1.39828299,207.40,true,,
1790445646.281,marker,reconciled,0.00000000,0.00000000,0.00,false,,
1790445646.331,hud,speed,,,,,"8.9 / 11.7",8.880
1790445646.331,hud,heading,,,,,"152° / 71°",152.400
1790445646.332,hud,drift,,,,,"64.70%",64.700
1790445646.332,hud,turns,,,,,"✗ turns: 2/15",
1790445646.333,hud,calib_s,,,,,"✓ Buffer 6s",
1790445646.333,marker,gnss,52.38437700,-1.39839000,288.70,true,,
1790445646.334,marker,dr,52.38364626,-1.39827506,207.60,true,,
1790445646.335,marker,reconciled,0.00000000,0.00000000,0.00,false,,
1790445646.355,hud,speed,,,,,"9.0 / 11.7",8.970
1790445646.356,hud,heading,,,,,"152° / 71°",152.300
1790445646.356,hud,drift,,,,,"64.97%",64.970
1790445646.356,hud,turns,,,,,"✗ turns: 2/15",
1790445646.356,hud,calib_s,,,,,"✓ Buffer 6s",
1790445646.357,marker,gnss,52.38437700,-1.39839000,288.70,true,,
1790445646.357,marker,dr,52.38363979,-1.39826712,207.70,true,,
1790445646.357,marker,reconciled,0.00000000,0.00000000,0.00,false,,
1790445646.391,hud,speed,,,,,"9.0 / 11.7",9.030
1790445646.392,hud,heading,,,,,"152° / 71°",152.100
1790445646.392,hud,drift,,,,,"65.25%",65.250
1790445646.392,hud,turns,,,,,"✗ turns: 2/15",
1790445646.392,hud,calib_s,,,,,"✓ Buffer 6s",
1790445646.392,marker,gnss,52.38437700,-1.39839000,288.70,true,,
1790445646.393,marker,dr,52.38363321,-1.39825934,207.90,true,,
1790445646.393,marker,reconciled,0.00000000,0.00000000,0.00,false,,
1790445646.445,hud,speed,,,,,"9.1 / 11.7",9.060
1790445646.446,hud,heading,,,,,"152° / 71°",152.300
1790445646.446,hud,drift,,,,,"65.54%",65.540
1790445646.446,hud,turns,,,,,"✗ turns: 2/15",
1790445646.446,hud,calib_s,,,,,"✓ Buffer 6s",
1790445646.447,marker,gnss,52.38437700,-1.39839000,288.70,true,,
1790445646.447,marker,dr,52.38362647,-1.39825183,207.70,true,,
1790445646.447,marker,reconciled,0.00000000,0.00000000,0.00,false,,
1790445646.496,hud,speed,,,,,"9.0 / 11.7",8.990
1790445646.496,hud,heading,,,,,"153° / 71°",152.800
1790445646.497,hud,drift,,,,,"65.83%",65.830
1790445646.497,hud,turns,,,,,"✗ turns: 2/15",
1790445646.497,hud,calib_s,,,,,"✓ Buffer 6s",
1790445646.497,marker,gnss,52.38437700,-1.39839000,288.70,true,,
1790445646.498,marker,dr,52.38361972,-1.39824452,207.20,true,,
1790445646.498,marker,reconciled,0.00000000,0.00000000,0.00,false,,
1790445646.548,hud,speed,,,,,"9.1 / 11.7",9.050
1790445646.548,hud,heading,,,,,"153° / 71°",153.000
1790445646.548,hud,drift,,,,,"66.12%",66.120
1790445646.549,hud,turns,,,,,"✗ turns: 2/15",
1790445646.549,hud,calib_s,,,,,"✓ Buffer 6s",
1790445646.549,marker,gnss,52.38437700,-1.39839000,288.70,true,,
1790445646.550,marker,dr,52.38361280,-1.39823715,207.00,true,,
1790445646.550,marker,reconciled,0.00000000,0.00000000,0.00,false,,
1790445646.598,hud,speed,,,,,"9.2 / 11.7",9.190
1790445646.599,hud,heading,,,,,"153° / 71°",152.700
1790445646.599,hud,drift,,,,,"66.41%",66.410
1790445646.599,hud,turns,,,,,"✗ turns: 2/15",
1790445646.599,hud,calib_s,,,,,"✓ Buffer 6s",
1790445646.600,marker,gnss,52.38437700,-1.39839000,288.70,true,,
1790445646.600,marker,dr,52.38360589,-1.39822997,207.30,true,,
1790445646.600,marker,reconciled,0.00000000,0.00000000,0.00,false,,
1790445646.648,hud,speed,,,,,"9.3 / 11.7",9.310
1790445646.648,hud,heading,,,,,"152° / 71°",152.300
1790445646.648,hud,drift,,,,,"66.70%",66.700
1790445646.649,hud,turns,,,,,"✗ turns: 2/15",
1790445646.649,hud,calib_s,,,,,"✓ Buffer 6s",
1790445646.649,marker,gnss,52.38437700,-1.39839000,288.70,true,,
1790445646.650,marker,dr,52.38359883,-1.39822262,207.70,true,,
1790445646.650,marker,reconciled,0.00000000,0.00000000,0.00,false,,
1790445646.702,hud,speed,,,,,"9.4 / 11.7",9.360
1790445646.703,hud,heading,,,,,"152° / 71°",152.400
1790445646.703,hud,drift,,,,,"66.99%",66.990
1790445646.703,hud,turns,,,,,"✗ turns: 2/15",
1790445646.703,hud,calib_s,,,,,"✓ Buffer 6s",
1790445646.704,marker,gnss,52.38437700,-1.39839000,288.70,true,,
1790445646.705,marker,dr,52.38359171,-1.39821526,207.60,true,,
1790445646.705,marker,reconciled,0.00000000,0.00000000,0.00,false,,
1790445646.749,hud,speed,,,,,"9.5 / 11.7",9.450
1790445646.750,hud,heading,,,,,"153° / 71°",152.700
1790445646.750,hud,drift,,,,,"67.29%",67.290
1790445646.750,hud,turns,,,,,"✗ turns: 2/15",
1790445646.751,hud,calib_s,,,,,"✓ Buffer 6s",
1790445646.751,marker,gnss,52.38437700,-1.39839000,288.70,true,,
1790445646.751,marker,dr,52.38358438,-1.39820794,207.30,true,,
1790445646.752,marker,reconciled,0.00000000,0.00000000,0.00,false,,
1790445646.803,hud,speed,,,,,"9.5 / 11.7",9.530
1790445646.803,hud,heading,,,,,"153° / 71°",153.100
1790445646.803,hud,drift,,,,,"67.59%",67.590
1790445646.804,hud,turns,,,,,"✗ turns: 2/15",
1790445646.804,hud,calib_s,,,,,"✓ Buffer 6s",
1790445646.804,marker,gnss,52.38437700,-1.39839000,288.70,true,,
1790445646.805,marker,dr,52.38357709,-1.39820082,206.90,true,,
1790445646.805,marker,reconciled,0.00000000,0.00000000,0.00,false,,
1790445646.854,hud,speed,,,,,"9.6 / 11.7",9.620
1790445646.854,hud,heading,,,,,"153° / 71°",153.200
1790445646.855,hud,drift,,,,,"67.90%",67.900
1790445646.855,hud,turns,,,,,"✗ turns: 2/15",
1790445646.855,hud,calib_s,,,,,"✓ Buffer 6s",
1790445646.856,marker,gnss,52.38437700,-1.39839000,288.70,true,,
1790445646.856,marker,dr,52.38356953,-1.39819360,206.80,true,,
1790445646.856,marker,reconciled,0.00000000,0.00000000,0.00,false,,
1790445646.906,hud,speed,,,,,"9.7 / 11.7",9.720
1790445646.907,hud,heading,,,,,"153° / 71°",153.200
1790445646.907,hud,drift,,,,,"68.21%",68.210
1790445646.907,hud,turns,,,,,"✗ turns: 2/15",
1790445646.907,hud,calib_s,,,,,"✓ Buffer 6s",
1790445646.908,marker,gnss,52.38437700,-1.39839000,288.70,true,,
1790445646.908,marker,dr,52.38356191,-1.39818653,206.80,true,,
1790445646.909,marker,reconciled,0.00000000,0.00000000,0.00,false,,
1790445646.956,hud,speed,,,,,"9.9 / 11.7",9.850
1790445646.956,hud,heading,,,,,"153° / 71°",153.300
1790445646.957,hud,drift,,,,,"68.52%",68.520
1790445646.957,hud,turns,,,,,"✗ turns: 2/15",
1790445646.958,hud,calib_s,,,,,"✓ Buffer 6s",
1790445646.959,marker,gnss,52.38437700,-1.39839000,288.70,true,,
1790445646.959,marker,dr,52.38355414,-1.39817952,206.70,true,,
1790445646.960,marker,reconciled,0.00000000,0.00000000,0.00,false,,
1790445647.007,hud,speed,,,,,"10.0 / 11.7",9.980
1790445647.007,hud,heading,,,,,"154° / 71°",153.600
1790445647.007,hud,drift,,,,,"68.83%",68.830
1790445647.008,hud,turns,,,,,"✗ turns: 2/15",
1790445647.008,hud,calib_s,,,,,"✓ Buffer 6s",
1790445647.008,marker,gnss,52.38437700,-1.39839000,288.70,true,,
1790445647.009,marker,dr,52.38354626,-1.39817251,206.40,true,,
1790445647.009,marker,reconciled,0.00000000,0.00000000,0.00,false,,
1790445647.059,hud,speed,,,,,"10.0 / 11.7",10.020
1790445647.060,hud,heading,,,,,"154° / 71°",153.700
1790445647.060,hud,drift,,,,,"69.15%",69.150
1790445647.060,hud,turns,,,,,"✗ turns: 2/15",
1790445647.060,hud,calib_s,,,,,"✓ Buffer 6s",
1790445647.061,marker,gnss,52.38437700,-1.39839000,288.70,true,,
1790445647.061,marker,dr,52.38353836,-1.39816568,206.30,true,,
1790445647.062,marker,reconciled,0.00000000,0.00000000,0.00,false,,
1790445647.109,hud,speed,,,,,"10.1 / 11.7",10.090
1790445647.110,hud,heading,,,,,"154° / 71°",154.200
1790445647.110,hud,drift,,,,,"69.47%",69.470
1790445647.110,hud,turns,,,,,"✗ turns: 2/15",
1790445647.111,hud,calib_s,,,,,"✓ Buffer 6s",
1790445647.111,marker,gnss,52.38437700,-1.39839000,288.70,true,,
1790445647.112,marker,dr,52.38353031,-1.39815886,205.80,true,,
1790445647.112,marker,reconciled,0.00000000,0.00000000,0.00,false,,
1790445647.160,hud,speed,,,,,"10.2 / 11.7",10.190
1790445647.160,hud,heading,,,,,"154° / 71°",154.400
1790445647.160,hud,drift,,,,,"69.79%",69.790
1790445647.161,hud,turns,,,,,"✗ turns: 2/15",
1790445647.161,hud,calib_s,,,,,"✓ Buffer 6s",
1790445647.161,marker,gnss,52.38437700,-1.39839000,288.70,true,,
1790445647.162,marker,dr,52.38352213,-1.39815204,205.60,true,,
1790445647.162,marker,reconciled,0.00000000,0.00000000,0.00,false,,
1790445647.214,hud,speed,,,,,"10.3 / 11.7",10.300
1790445647.215,hud,heading,,,,,"154° / 71°",154.300
1790445647.215,hud,drift,,,,,"70.12%",70.120
1790445647.215,hud,turns,,,,,"✗ turns: 2/15",
1790445647.216,hud,calib_s,,,,,"✓ Buffer 6s",
1790445647.216,marker,gnss,52.38437700,-1.39839000,288.70,true,,
1790445647.217,marker,dr,52.38351377,-1.39814519,205.70,true,,
1790445647.217,marker,reconciled,0.00000000,0.00000000,0.00,false,,
1790445647.263,hud,speed,,,,,"10.3 / 11.7",10.280
1790445647.263,hud,heading,,,,,"154° / 71°",154.200
1790445647.264,hud,drift,,,,,"70.44%",70.440
1790445647.264,hud,turns,,,,,"✗ turns: 2/15",
1790445647.264,hud,calib_s,,,,,"✓ Buffer 6s",
1790445647.265,marker,gnss,52.38437700,-1.39839000,288.70,true,,
1790445647.265,marker,dr,52.38350557,-1.39813852,205.80,true,,
1790445647.265,marker,reconciled,0.00000000,0.00000000,0.00,false,,
1790445647.312,hud,speed,,,,,"10.4 / 11.7",10.380
1790445647.313,hud,heading,,,,,"154° / 71°",154.100
1790445647.313,hud,drift,,,,,"70.76%",70.760
1790445647.314,hud,turns,,,,,"✗ turns: 2/15",
1790445647.314,hud,calib_s,,,,,"✓ Buffer 6s",
1790445647.314,marker,gnss,52.38437700,-1.39839000,288.70,true,,
1790445647.315,marker,dr,52.38349712,-1.39813169,205.90,true,,
1790445647.316,marker,reconciled,0.00000000,0.00000000,0.00,false,,
1790445647.362,hud,speed,,,,,"10.5 / 11.7",10.460
1790445647.362,hud,heading,,,,,"154° / 71°",153.900
1790445647.363,hud,drift,,,,,"71.08%",71.080
1790445647.363,hud,turns,,,,,"✗ turns: 2/15",
1790445647.363,hud,calib_s,,,,,"✓ Buffer 6s",
1790445647.364,marker,gnss,52.38437700,-1.39839000,288.70,true,,
1790445647.365,marker,dr,52.38348877,-1.39812497,206.10,true,,
1790445647.365,marker,reconciled,0.00000000,0.00000000,0.00,false,,
1790445647.415,hud,speed,,,,,"10.6 / 11.7",10.550
1790445647.416,hud,heading,,,,,"154° / 71°",154.000
1790445647.416,hud,drift,,,,,"71.40%",71.400
1790445647.417,hud,turns,,,,,"✗ turns: 2/15",
1790445647.417,hud,calib_s,,,,,"✓ Buffer 6s",
1790445647.417,marker,gnss,52.38437700,-1.39839000,288.70,true,,
1790445647.418,marker,dr,52.38348014,-1.39811819,206.00,true,,
1790445647.418,marker,reconciled,0.00000000,0.00000000,0.00,false,,
1790445647.467,hud,speed,,,,,"10.6 / 11.7",10.580
1790445647.468,hud,heading,,,,,"154° / 71°",153.600
1790445647.468,hud,drift,,,,,"71.72%",71.720
1790445647.469,hud,turns,,,,,"✗ turns: 2/15",
1790445647.469,hud,calib_s,,,,,"✓ Buffer 6s",
1790445647.469,marker,gnss,52.38437700,-1.39839000,288.70,true,,
1790445647.470,marker,dr,52.38347166,-1.39811151,206.40,true,,
1790445647.470,marker,reconciled,0.00000000,0.00000000,0.00,false,,
1790445647.517,hud,speed,,,,,"10.6 / 11.7",10.620
1790445647.517,hud,heading,,,,,"154° / 71°",153.600
1790445647.517,hud,drift,,,,,"72.04%",72.040
1790445647.518,hud,turns,,,,,"✗ turns: 2/15",
1790445647.518,hud,calib_s,,,,,"✓ Buffer 6s",
1790445647.519,marker,gnss,52.38437700,-1.39839000,288.70,true,,
1790445647.519,marker,dr,52.38346305,-1.39810477,206.40,true,,
1790445647.520,marker,reconciled,0.00000000,0.00000000,0.00,false,,
1790445647.564,hud,speed,,,,,"10.7 / 11.7",10.720
1790445647.565,hud,heading,,,,,"154° / 71°",153.600
1790445647.565,hud,drift,,,,,"72.36%",72.360
1790445647.565,hud,turns,,,,,"✗ turns: 2/15",
1790445647.565,hud,calib_s,,,,,"✓ Buffer 6s",
1790445647.566,marker,gnss,52.38437700,-1.39839000,288.70,true,,
1790445647.566,marker,dr,52.38345435,-1.39809801,206.40,true,,
1790445647.567,marker,reconciled,0.00000000,0.00000000,0.00,false,,
1790445647.620,hud,speed,,,,,"10.8 / 11.7",10.800
1790445647.621,hud,heading,,,,,"153° / 71°",153.100
1790445647.621,hud,drift,,,,,"72.68%",72.680
1790445647.621,hud,turns,,,,,"✗ turns: 2/15",
1790445647.621,hud,calib_s,,,,,"✓ Buffer 6s",
1790445647.622,marker,gnss,52.38437700,-1.39839000,288.70,true,,
1790445647.622,marker,dr,52.38344556,-1.39809126,206.90,true,,
1790445647.623,marker,reconciled,0.00000000,0.00000000,0.00,false,,
1790445647.665,hud,speed,,,,,"10.9 / 11.7",10.870
1790445647.665,hud,heading,,,,,"153° / 71°",153.300
1790445647.666,hud,drift,,,,,"73.00%",73.000
1790445647.666,hud,turns,,,,,"✗ turns: 2/15",
1790445647.666,hud,calib_s,,,,,"✓ Buffer 6s",
1790445647.667,marker,gnss,52.38437700,-1.39839000,288.70,true,,
1790445647.667,marker,dr,52.38343670,-1.39808452,206.70,true,,
1790445647.667,marker,reconciled,0.00000000,0.00000000,0.00,false,,
1790445647.721,hud,speed,,,,,"10.9 / 11.7",10.940
1790445647.721,hud,heading,,,,,"153° / 71°",153.200
1790445647.721,hud,drift,,,,,"73.32%",73.320
1790445647.722,hud,turns,,,,,"✗ turns: 2/15",
1790445647.722,hud,calib_s,,,,,"✓ Buffer 6s",
1790445647.722,marker,gnss,52.38437700,-1.39839000,288.70,true,,
1790445647.723,marker,dr,52.38342768,-1.39807771,206.80,true,,
1790445647.723,marker,reconciled,0.00000000,0.00000000,0.00,false,,
1790445647.767,hud,speed,,,,,"11.0 / 11.7",11.020
1790445647.768,hud,heading,,,,,"153° / 71°",153.000
1790445647.768,hud,drift,,,,,"73.63%",73.630
1790445647.768,hud,turns,,,,,"✗ turns: 2/15",
1790445647.768,hud,calib_s,,,,,"✓ Buffer 6s",
1790445647.769,marker,gnss,52.38437700,-1.39839000,288.70,true,,
1790445647.769,marker,dr,52.38341877,-1.39807100,207.00,true,,
1790445647.770,marker,reconciled,0.00000000,0.00000000,0.00,false,,
1790445647.820,hud,speed,,,,,"11.1 / 11.7",11.110
1790445647.821,hud,heading,,,,,"153° / 71°",153.300
1790445647.821,hud,drift,,,,,"73.95%",73.950
1790445647.821,hud,turns,,,,,"✗ turns: 2/15",
1790445647.821,hud,calib_s,,,,,"✓ Buffer 6s",
1790445647.822,marker,gnss,52.38437700,-1.39839000,288.70,true,,
1790445647.823,marker,dr,52.38340970,-1.39806415,206.70,true,,
1790445647.823,marker,reconciled,0.00000000,0.00000000,0.00,false,,
1790445647.870,hud,speed,,,,,"11.2 / 11.7",11.190
1790445647.871,hud,heading,,,,,"153° / 71°",153.200
1790445647.871,hud,drift,,,,,"74.27%",74.270
1790445647.871,hud,turns,,,,,"✗ turns: 2/15",
1790445647.872,hud,calib_s,,,,,"✓ Buffer 6s",
1790445647.872,marker,gnss,52.38437700,-1.39839000,288.70,true,,
1790445647.872,marker,dr,52.38340046,-1.39805721,206.80,true,,
1790445647.873,marker,reconciled,0.00000000,0.00000000,0.00,false,,
1790445647.923,hud,speed,,,,,"11.3 / 11.7",11.260
1790445647.923,hud,heading,,,,,"153° / 71°",153.000
1790445647.923,hud,drift,,,,,"74.59%",74.590
1790445647.924,hud,turns,,,,,"✗ turns: 2/15",
1790445647.924,hud,calib_s,,,,,"✓ Buffer 6s",
1790445647.924,marker,gnss,52.38437700,-1.39839000,288.70,true,,
1790445647.925,marker,dr,52.38339133,-1.39805041,207.00,true,,
1790445647.925,marker,reconciled,0.00000000,0.00000000,0.00,false,,
1790445647.972,hud,speed,,,,,"11.4 / 11.7",11.370
1790445647.973,hud,heading,,,,,"153° / 71°",153.000
1790445647.973,hud,drift,,,,,"74.91%",74.910
1790445647.973,hud,turns,,,,,"✗ turns: 2/15",
1790445647.973,hud,calib_s,,,,,"✓ Buffer 6s",
1790445647.974,marker,gnss,52.38437700,-1.39839000,288.70,true,,
1790445647.975,marker,dr,52.38338198,-1.39804361,207.00,true,,
1790445647.975,marker,reconciled,0.00000000,0.00000000,0.00,false,,
1790445648.021,hud,speed,,,,,"11.5 / 11.7",11.490
1790445648.021,hud,heading,,,,,"153° / 71°",153.200
1790445648.022,hud,drift,,,,,"75.23%",75.230
1790445648.022,hud,turns,,,,,"✗ turns: 2/15",
1790445648.022,hud,calib_s,,,,,"✓ Buffer 6s",
1790445648.023,marker,gnss,52.38437700,-1.39839000,288.70,true,,
1790445648.023,marker,dr,52.38337246,-1.39803660,206.80,true,,
1790445648.024,marker,reconciled,0.00000000,0.00000000,0.00,false,,
1790445648.074,hud,speed,,,,,"11.7 / 11.7",11.660
1790445648.074,hud,heading,,,,,"153° / 71°",153.200
1790445648.075,hud,drift,,,,,"75.55%",75.550
1790445648.075,hud,turns,,,,,"✗ turns: 2/15",
1790445648.076,hud,calib_s,,,,,"✓ Buffer 6s",
1790445648.076,marker,gnss,52.38437700,-1.39839000,288.70,true,,
1790445648.077,marker,dr,52.38336290,-1.39802958,206.80,true,,
1790445648.077,marker,reconciled,0.00000000,0.00000000,0.00,false,,
1790445648.127,hud,speed,,,,,"11.8 / 11.7",11.760
1790445648.128,hud,heading,,,,,"153° / 71°",153.100
1790445648.128,hud,drift,,,,,"75.87%",75.870
1790445648.128,hud,turns,,,,,"✗ turns: 2/15",
1790445648.129,hud,calib_s,,,,,"✓ Buffer 6s",
1790445648.129,marker,gnss,52.38437700,-1.39839000,288.70,true,,
1790445648.130,marker,dr,52.38335326,-1.39802247,206.90,true,,
1790445648.130,marker,reconciled,0.00000000,0.00000000,0.00,false,,
1790445648.176,hud,speed,,,,,"11.8 / 11.7",11.830
1790445648.176,hud,heading,,,,,"153° / 71°",152.800
1790445648.177,hud,drift,,,,,"76.18%",76.180
1790445648.177,hud,turns,,,,,"✗ turns: 2/15",
1790445648.177,hud,calib_s,,,,,"✓ Buffer 6s",
1790445648.177,marker,gnss,52.38437700,-1.39839000,288.70,true,,
1790445648.178,marker,dr,52.38334372,-1.39801517,207.20,true,,
1790445648.178,marker,reconciled,0.00000000,0.00000000,0.00,false,,
1790445648.230,hud,speed,,,,,"12.0 / 14.5",11.960
1790445648.230,hud,heading,,,,,"153° / 42°",152.500
1790445648.231,hud,drift,,,,,"59.24%",59.240
1790445648.231,hud,turns,,,,,"✗ turns: 2/15",
1790445648.231,hud,calib_s,,,,,"✓ Buffer 6s",
1790445648.232,marker,gnss,52.38459000,-1.39735900,318.10,true,,
1790445648.232,marker,dr,52.38333391,-1.39800791,207.50,true,,
1790445648.232,marker,reconciled,0.00000000,0.00000000,0.00,false,,
1790445648.279,hud,speed,,,,,"12.0 / 14.5",12.030
1790445648.280,hud,heading,,,,,"153° / 42°",152.500
1790445648.280,hud,drift,,,,,"59.79%",59.790
1790445648.280,hud,turns,,,,,"✗ turns: 2/15",
1790445648.280,hud,calib_s,,,,,"✓ Buffer 6s",
1790445648.281,marker,gnss,52.38459000,-1.39735900,318.10,true,,
1790445648.282,marker,dr,52.38332402,-1.39800064,207.50,true,,
1790445648.282,marker,reconciled,0.00000000,0.00000000,0.00,false,,
1790445648.332,hud,speed,,,,,"12.2 / 14.5",12.160
1790445648.332,hud,heading,,,,,"153° / 42°",152.500
1790445648.333,hud,drift,,,,,"60.34%",60.340
1790445648.333,hud,turns,,,,,"✗ turns: 2/15",
1790445648.333,hud,calib_s,,,,,"✓ Buffer 6s",
1790445648.334,marker,gnss,52.38459000,-1.39735900,318.10,true,,
1790445648.334,marker,dr,52.38331404,-1.39799324,207.50,true,,
1790445648.335,marker,reconciled,0.00000000,0.00000000,0.00,false,,
1790445648.380,hud,speed,,,,,"12.3 / 14.5",12.280
1790445648.381,hud,heading,,,,,"153° / 42°",152.500
1790445648.381,hud,drift,,,,,"60.88%",60.880
1790445648.381,hud,turns,,,,,"✗ turns: 2/15",
1790445648.381,hud,calib_s,,,,,"✓ Buffer 6s",
1790445648.382,marker,gnss,52.38459000,-1.39735900,318.10,true,,
1790445648.383,marker,dr,52.38330388,-1.39798560,207.50,true,,
1790445648.383,marker,reconciled,0.00000000,0.00000000,0.00,false,,
1790445648.430,hud,speed,,,,,"12.5 / 14.5",12.490
1790445648.431,hud,heading,,,,,"153° / 42°",152.500
1790445648.431,hud,drift,,,,,"61.41%",61.410
1790445648.431,hud,turns,,,,,"✗ turns: 2/15",
1790445648.432,hud,calib_s,,,,,"✓ Buffer 6s",
1790445648.432,marker,gnss,52.38459000,-1.39735900,318.10,true,,
1790445648.432,marker,dr,52.38329385,-1.39797774,207.50,true,,
1790445648.433,marker,reconciled,0.00000000,0.00000000,0.00,false,,
1790445648.484,hud,speed,,,,,"12.5 / 14.5",12.540
1790445648.485,hud,heading,,,,,"152° / 42°",152.300
1790445648.485,hud,drift,,,,,"61.93%",61.930
1790445648.485,hud,turns,,,,,"✗ turns: 2/15",
1790445648.486,hud,calib_s,,,,,"✓ Buffer 6s",
1790445648.486,marker,gnss,52.38459000,-1.39735900,318.10,true,,
1790445648.487,marker,dr,52.38328372,-1.39796965,207.70,true,,
1790445648.487,marker,reconciled,0.00000000,0.00000000,0.00,false,,
1790445648.531,hud,speed,,,,,"12.7 / 14.5",12.650
1790445648.532,hud,heading,,,,,"152° / 42°",151.900
1790445648.532,hud,drift,,,,,"62.46%",62.460
1790445648.532,hud,turns,,,,,"✗ turns: 2/15",
1790445648.533,hud,calib_s,,,,,"✓ Buffer 6s",
1790445648.533,marker,gnss,52.38459000,-1.39735900,318.10,true,,
1790445648.533,marker,dr,52.38327348,-1.39796154,208.10,true,,
1790445648.534,marker,reconciled,0.00000000,0.00000000,0.00,false,,
1790445648.586,hud,speed,,,,,"12.8 / 14.5",12.770
1790445648.587,hud,heading,,,,,"152° / 42°",151.700
1790445648.587,hud,drift,,,,,"62.99%",62.990
1790445648.587,hud,turns,,,,,"✗ turns: 2/15",
1790445648.588,hud,calib_s,,,,,"✓ Buffer 6s",
1790445648.588,marker,gnss,52.38459000,-1.39735900,318.10,true,,
1790445648.589,marker,dr,52.38326309,-1.39795344,208.30,true,,
1790445648.589,marker,reconciled,0.00000000,0.00000000,0.00,false,,
1790445648.634,hud,speed,,,,,"12.9 / 14.5",12.870
1790445648.635,hud,heading,,,,,"152° / 42°",151.800
1790445648.635,hud,drift,,,,,"63.51%",63.510
1790445648.635,hud,turns,,,,,"✗ turns: 2/15",
1790445648.635,hud,calib_s,,,,,"✓ Buffer 6s",
1790445648.636,marker,gnss,52.38459000,-1.39735900,318.10,true,,
1790445648.636,marker,dr,52.38325261,-1.39794530,208.20,true,,
1790445648.636,marker,reconciled,0.00000000,0.00000000,0.00,false,,
1790445648.685,hud,speed,,,,,"13.0 / 14.5",12.970
1790445648.685,hud,heading,,,,,"152° / 42°",151.900
1790445648.685,hud,drift,,,,,"64.03%",64.030
1790445648.685,hud,turns,,,,,"✗ turns: 2/15",
1790445648.686,hud,calib_s,,,,,"✓ Buffer 6s",
1790445648.686,marker,gnss,52.38459000,-1.39735900,318.10,true,,
1790445648.686,marker,dr,52.38324205,-1.39793708,208.10,true,,
1790445648.687,marker,reconciled,0.00000000,0.00000000,0.00,false,,
1790445648.739,hud,speed,,,,,"13.2 / 14.5",13.150
1790445648.739,hud,heading,,,,,"152° / 42°",152.300
1790445648.740,hud,drift,,,,,"64.55%",64.550
1790445648.740,hud,turns,,,,,"✗ turns: 2/15",
1790445648.740,hud,calib_s,,,,,"✓ Buffer 6s",
1790445648.740,marker,gnss,52.38459000,-1.39735900,318.10,true,,
1790445648.741,marker,dr,52.38323138,-1.39792878,207.70,true,,
1790445648.741,marker,reconciled,0.00000000,0.00000000,0.00,false,,
1790445648.786,hud,speed,,,,,"13.3 / 14.5",13.270
1790445648.786,hud,heading,,,,,"153° / 42°",152.500
1790445648.786,hud,drift,,,,,"65.07%",65.070
1790445648.787,hud,turns,,,,,"✗ turns: 2/15",
1790445648.787,hud,calib_s,,,,,"✓ Buffer 6s",
1790445648.787,marker,gnss,52.38459000,-1.39735900,318.10,true,,
1790445648.788,marker,dr,52.38322046,-1.39792049,207.50,true,,
1790445648.788,marker,reconciled,0.00000000,0.00000000,0.00,false,,
1790445648.838,hud,speed,,,,,"13.4 / 14.5",13.390
1790445648.838,hud,heading,,,,,"153° / 42°",152.700
1790445648.839,hud,drift,,,,,"65.58%",65.580
1790445648.839,hud,turns,,,,,"✗ turns: 2/15",
1790445648.839,hud,calib_s,,,,,"✓ Buffer 6s",
1790445648.840,marker,gnss,52.38459000,-1.39735900,318.10,true,,
1790445648.840,marker,dr,52.38320964,-1.39791235,207.30,true,,
1790445648.841,marker,reconciled,0.00000000,0.00000000,0.00,false,,
1790445648.892,hud,speed,,,,,"13.6 / 14.5",13.550
1790445648.892,hud,heading,,,,,"153° / 42°",152.800
1790445648.893,hud,drift,,,,,"66.11%",66.110
1790445648.893,hud,turns,,,,,"✗ turns: 2/15",
1790445648.893,hud,calib_s,,,,,"✓ Buffer 6s",
1790445648.894,marker,gnss,52.38459000,-1.39735900,318.10,true,,
1790445648.894,marker,dr,52.38319849,-1.39790392,207.20,true,,
1790445648.895,marker,reconciled,0.00000000,0.00000000,0.00,false,,
1790445648.941,hud,speed,,,,,"13.6 / 14.5",13.610
1790445648.941,hud,heading,,,,,"153° / 42°",152.600
1790445648.941,hud,drift,,,,,"66.62%",66.620
1790445648.942,hud,turns,,,,,"✗ turns: 2/15",
1790445648.942,hud,calib_s,,,,,"✓ Buffer 6s",
1790445648.942,marker,gnss,52.38459000,-1.39735900,318.10,true,,
1790445648.943,marker,dr,52.38318747,-1.39789568,207.40,true,,
1790445648.943,marker,reconciled,0.00000000,0.00000000,0.00,false,,
1790445648.992,hud,speed,,,,,"13.7 / 14.5",13.720
1790445648.993,hud,heading,,,,,"153° / 42°",153.000
1790445648.993,hud,drift,,,,,"67.13%",67.130
1790445648.993,hud,turns,,,,,"✗ turns: 2/15",
1790445648.993,hud,calib_s,,,,,"✓ Buffer 6s",
1790445648.994,marker,gnss,52.38459000,-1.39735900,318.10,true,,
1790445648.995,marker,dr,52.38317625,-1.39788733,207.00,true,,
1790445648.995,marker,reconciled,0.00000000,0.00000000,0.00,false,,
1790445649.041,hud,speed,,,,,"13.8 / 14.5",13.810
1790445649.042,hud,heading,,,,,"153° / 42°",153.300
1790445649.042,hud,drift,,,,,"67.64%",67.640
1790445649.042,hud,turns,,,,,"✗ turns: 2/15",
1790445649.043,hud,calib_s,,,,,"✓ Buffer 6s",
1790445649.043,marker,gnss,52.38459000,-1.39735900,318.10,true,,
1790445649.044,marker,dr,52.38316484,-1.39787889,206.70,true,,
1790445649.044,marker,reconciled,0.00000000,0.00000000,0.00,false,,
1790445649.091,hud,speed,,,,,"14.0 / 14.5",13.960
1790445649.091,hud,heading,,,,,"153° / 42°",153.100
1790445649.092,hud,drift,,,,,"68.15%",68.150
1790445649.092,hud,turns,,,,,"✗ turns: 2/15",
1790445649.092,hud,calib_s,,,,,"✓ Buffer 6s",
1790445649.093,marker,gnss,52.38459000,-1.39735900,318.10,true,,
1790445649.093,marker,dr,52.38315343,-1.39787043,206.90,true,,
1790445649.094,marker,reconciled,0.00000000,0.00000000,0.00,false,,
1790445649.144,hud,speed,,,,,"14.1 / 14.5",14.070
1790445649.144,hud,heading,,,,,"153° / 42°",153.100
1790445649.145,hud,drift,,,,,"68.65%",68.650
1790445649.145,hud,turns,,,,,"✗ turns: 2/15",
1790445649.145,hud,calib_s,,,,,"✓ Buffer 6s",
1790445649.145,marker,gnss,52.38459000,-1.39735900,318.10,true,,
1790445649.146,marker,dr,52.38314204,-1.39786200,206.90,true,,
1790445649.147,marker,reconciled,0.00000000,0.00000000,0.00,false,,
1790445649.194,hud,speed,,,,,"14.2 / 14.5",14.190
1790445649.195,hud,heading,,,,,"153° / 42°",152.900
1790445649.195,hud,drift,,,,,"69.16%",69.160
1790445649.196,hud,turns,,,,,"✗ turns: 2/15",
1790445649.196,hud,calib_s,,,,,"✓ Buffer 6s",
1790445649.196,marker,gnss,52.38459000,-1.39735900,318.10,true,,
1790445649.197,marker,dr,52.38313033,-1.39785324,207.10,true,,
1790445649.197,marker,reconciled,0.00000000,0.00000000,0.00,false,,
1790445649.245,hud,speed,,,,,"14.3 / 14.5",14.300
1790445649.245,hud,heading,,,,,"153° / 42°",152.500
1790445649.246,hud,drift,,,,,"69.66%",69.660
1790445649.246,hud,turns,,,,,"✗ turns: 2/15",
1790445649.246,hud,calib_s,,,,,"✓ Buffer 6s",
1790445649.246,marker,gnss,52.38459000,-1.39735900,318.10,true,,
1790445649.247,marker,dr,52.38311873,-1.39784469,207.50,true,,
1790445649.247,marker,reconciled,0.00000000,0.00000000,0.00,false,,
1790445649.297,hud,speed,,,,,"14.4 / 14.5",14.420
1790445649.297,hud,heading,,,,,"153° / 42°",152.800
1790445649.298,hud,drift,,,,,"70.17%",70.170
1790445649.298,hud,turns,,,,,"✗ turns: 2/15",
1790445649.298,hud,calib_s,,,,,"✓ Buffer 6s",
1790445649.299,marker,gnss,52.38459000,-1.39735900,318.10,true,,
1790445649.299,marker,dr,52.38310674,-1.39783612,207.20,true,,
1790445649.300,marker,reconciled,0.00000000,0.00000000,0.00,false,,
1790445649.349,hud,speed,,,,,"14.5 / 14.5",14.500
1790445649.349,hud,heading,,,,,"152° / 42°",152.300
1790445649.350,hud,drift,,,,,"70.67%",70.670
1790445649.350,hud,turns,,,,,"✗ turns: 2/15",
1790445649.351,hud,calib_s,,,,,"✓ Buffer 6s",
1790445649.351,marker,gnss,52.38459000,-1.39735900,318.10,true,,
1790445649.352,marker,dr,52.38309496,-1.39782750,207.70,true,,
1790445649.352,marker,reconciled,0.00000000,0.00000000,0.00,false,,
1790445649.397,hud,speed,,,,,"14.6 / 14.5",14.630
1790445649.397,hud,heading,,,,,"152° / 42°",152.400
1790445649.398,hud,drift,,,,,"71.18%",71.180
1790445649.398,hud,turns,,,,,"✗ turns: 2/15",
1790445649.398,hud,calib_s,,,,,"✓ Buffer 6s",
1790445649.399,marker,gnss,52.38459000,-1.39735900,318.10,true,,
1790445649.399,marker,dr,52.38308274,-1.39781891,207.60,true,,
1790445649.399,marker,reconciled,0.00000000,0.00000000,0.00,false,,
1790445649.450,hud,speed,,,,,"14.7 / 14.5",14.720
1790445649.451,hud,heading,,,,,"152° / 42°",152.400
1790445649.451,hud,drift,,,,,"71.67%",71.670
1790445649.451,hud,turns,,,,,"✗ turns: 2/15",
1790445649.451,hud,calib_s,,,,,"✓ Buffer 6s",
1790445649.452,marker,gnss,52.38459000,-1.39735900,318.10,true,,
1790445649.452,marker,dr,52.38307065,-1.39781047,207.60,true,,
1790445649.453,marker,reconciled,0.00000000,0.00000000,0.00,false,,
1790445649.504,hud,speed,,,,,"14.9 / 14.5",14.850
1790445649.505,hud,heading,,,,,"153° / 42°",152.600
1790445649.505,hud,drift,,,,,"72.17%",72.170
1790445649.505,hud,turns,,,,,"✗ turns: 2/15",
1790445649.505,hud,calib_s,,,,,"✓ Buffer 6s",
1790445649.506,marker,gnss,52.38459000,-1.39735900,318.10,true,,
1790445649.506,marker,dr,52.38305841,-1.39780177,207.40,true,,
1790445649.507,marker,reconciled,0.00000000,0.00000000,0.00,false,,
1790445649.551,hud,speed,,,,,"15.0 / 14.5",14.960
1790445649.551,hud,heading,,,,,"153° / 42°",152.900
1790445649.551,hud,drift,,,,,"72.67%",72.670
1790445649.551,hud,turns,,,,,"✗ turns: 2/15",
1790445649.552,hud,calib_s,,,,,"✓ Buffer 6s",
1790445649.552,marker,gnss,52.38459000,-1.39735900,318.10,true,,
1790445649.552,marker,dr,52.38304609,-1.39779297,207.10,true,,
1790445649.553,marker,reconciled,0.00000000,0.00000000,0.00,false,,
1790445649.616,hud,speed,,,,,"15.1 / 14.5",15.080
1790445649.617,hud,heading,,,,,"153° / 42°",153.200
1790445649.617,hud,drift,,,,,"73.17%",73.170
1790445649.617,hud,turns,,,,,"✗ turns: 2/15",
1790445649.618,hud,calib_s,,,,,"✓ Buffer 6s",
1790445649.618,marker,gnss,52.38459000,-1.39735900,318.10,true,,
1790445649.620,marker,dr,52.38303353,-1.39778409,206.80,true,,
1790445649.621,marker,reconciled,0.00000000,0.00000000,0.00,false,,
1790445649.693,hud,speed,,,,,"15.2 / 14.5",15.190
1790445649.693,hud,heading,,,,,"154° / 42°",153.500
1790445649.694,hud,drift,,,,,"73.66%",73.660
1790445649.695,hud,turns,,,,,"✗ turns: 2/15",
1790445649.696,hud,calib_s,,,,,"✓ Buffer 6s",
1790445649.697,marker,gnss,52.38459000,-1.39735900,318.10,true,,
1790445649.697,marker,dr,52.38302100,-1.39777532,206.50,true,,
1790445649.698,marker,reconciled,0.00000000,0.00000000,0.00,false,,
1790445649.733,hud,speed,,,,,"15.3 / 14.5",15.310
1790445649.734,hud,heading,,,,,"154° / 42°",153.500
1790445649.734,hud,drift,,,,,"74.15%",74.150
1790445649.735,hud,turns,,,,,"✗ turns: 2/15",
1790445649.735,hud,calib_s,,,,,"✓ Buffer 6s",
1790445649.736,marker,gnss,52.38459000,-1.39735900,318.10,true,,
1790445649.736,marker,dr,52.38300839,-1.39776655,206.50,true,,
1790445649.737,marker,reconciled,0.00000000,0.00000000,0.00,false,,
1790445649.790,hud,speed,,,,,"15.4 / 14.5",15.380
1790445649.791,hud,heading,,,,,"153° / 42°",153.400
1790445649.792,hud,drift,,,,,"74.64%",74.640
1790445649.792,hud,turns,,,,,"✗ turns: 2/15",
1790445649.792,hud,calib_s,,,,,"✓ Buffer 6s",
1790445649.793,marker,gnss,52.38459000,-1.39735900,318.10,true,,
1790445649.794,marker,dr,52.38299586,-1.39775763,206.60,true,,
1790445649.795,marker,reconciled,0.00000000,0.00000000,0.00,false,,
1790445649.847,hud,speed,,,,,"15.5 / 14.5",15.470
1790445649.848,hud,heading,,,,,"154° / 42°",153.500
1790445649.848,hud,drift,,,,,"75.13%",75.130
1790445649.849,hud,turns,,,,,"✗ turns: 2/15",
1790445649.849,hud,calib_s,,,,,"✓ Buffer 6s",
1790445649.850,marker,gnss,52.38459000,-1.39735900,318.10,true,,
1790445649.851,marker,dr,52.38298300,-1.39774853,206.50,true,,
1790445649.852,marker,reconciled,0.00000000,0.00000000,0.00,false,,
1790445649.887,hud,speed,,,,,"15.5 / 14.5",15.510
1790445649.888,hud,heading,,,,,"153° / 42°",153.300
1790445649.888,hud,drift,,,,,"75.60%",75.600
1790445649.889,hud,turns,,,,,"✗ turns: 2/15",
1790445649.889,hud,calib_s,,,,,"✓ Buffer 6s",
1790445649.889,marker,gnss,52.38459000,-1.39735900,318.10,true,,
1790445649.890,marker,dr,52.38297034,-1.39773958,206.70,true,,
1790445649.891,marker,reconciled,0.00000000,0.00000000,0.00,false,,
1790445649.944,hud,speed,,,,,"15.6 / 14.5",15.600
1790445649.944,hud,heading,,,,,"153° / 42°",153.200
1790445649.944,hud,drift,,,,,"76.09%",76.090
1790445649.945,hud,turns,,,,,"✗ turns: 2/15",
1790445649.945,hud,calib_s,,,,,"✓ Buffer 6s",
1790445649.946,marker,gnss,52.38459000,-1.39735900,318.10,true,,
1790445649.947,marker,dr,52.38295746,-1.39773058,206.80,true,,
1790445649.947,marker,reconciled,0.00000000,0.00000000,0.00,false,,
1790445649.983,hud,speed,,,,,"15.6 / 14.5",15.640
1790445649.984,hud,heading,,,,,"154° / 42°",153.500
1790445649.985,hud,drift,,,,,"76.56%",76.560
1790445649.985,hud,turns,,,,,"✗ turns: 2/15",
1790445649.985,hud,calib_s,,,,,"✓ Buffer 6s",
1790445649.986,marker,gnss,52.38459000,-1.39735900,318.10,true,,
1790445649.987,marker,dr,52.38294457,-1.39772146,206.50,true,,
1790445649.988,marker,reconciled,0.00000000,0.00000000,0.00,false,,
1790445650.041,hud,speed,,,,,"15.7 / 14.5",15.730
1790445650.041,hud,heading,,,,,"154° / 42°",154.000
1790445650.042,hud,drift,,,,,"77.05%",77.050
1790445650.043,hud,turns,,,,,"✗ turns: 2/15",
1790445650.043,hud,calib_s,,,,,"✓ Buffer 6s",
1790445650.044,marker,gnss,52.38459000,-1.39735900,318.10,true,,
1790445650.044,marker,dr,52.38293140,-1.39771245,206.00,true,,
1790445650.045,marker,reconciled,0.00000000,0.00000000,0.00,false,,
1790445650.097,hud,speed,,,,,"15.9 / 14.5",15.900
1790445650.098,hud,heading,,,,,"154° / 42°",153.800
1790445650.099,hud,drift,,,,,"77.53%",77.530
1790445650.099,hud,turns,,,,,"✗ turns: 2/15",
1790445650.100,hud,calib_s,,,,,"✓ Buffer 6s",
1790445650.100,marker,gnss,52.38459000,-1.39735900,318.10,true,,
1790445650.101,marker,dr,52.38291820,-1.39770366,206.20,true,,
1790445650.102,marker,reconciled,0.00000000,0.00000000,0.00,false,,
1790445650.125,hud,speed,,,,,"16.0 / 14.5",15.970
1790445650.125,hud,heading,,,,,"154° / 42°",153.700
1790445650.126,hud,drift,,,,,"78.00%",78.000
1790445650.126,hud,turns,,,,,"✗ turns: 2/15",
1790445650.126,hud,calib_s,,,,,"✓ Buffer 6s",
1790445650.127,marker,gnss,52.38459000,-1.39735900,318.10,true,,
1790445650.127,marker,dr,52.38290506,-1.39769495,206.30,true,,
1790445650.128,marker,reconciled,0.00000000,0.00000000,0.00,false,,
1790445650.164,hud,speed,,,,,"16.1 / 14.5",16.060
1790445650.164,hud,heading,,,,,"154° / 42°",153.900
1790445650.164,hud,drift,,,,,"78.47%",78.470
1790445650.165,hud,turns,,,,,"✗ turns: 2/15",
1790445650.165,hud,calib_s,,,,,"✓ Buffer 6s",
1790445650.165,marker,gnss,52.38459000,-1.39735900,318.10,true,,
1790445650.165,marker,dr,52.38289174,-1.39768599,206.10,true,,
1790445650.166,marker,reconciled,0.00000000,0.00000000,0.00,false,,
1790445650.216,hud,speed,,,,,"16.2 / 14.5",16.180
1790445650.216,hud,heading,,,,,"154° / 42°",153.900
1790445650.217,hud,drift,,,,,"78.95%",78.950
1790445650.217,hud,turns,,,,,"✗ turns: 2/15",
1790445650.217,hud,calib_s,,,,,"✓ Buffer 6s",
1790445650.217,marker,gnss,52.38459000,-1.39735900,318.10,true,,
1790445650.218,marker,dr,52.38287835,-1.39767688,206.10,true,,
1790445650.218,marker,reconciled,0.00000000,0.00000000,0.00,false,,
1790445650.267,hud,speed,,,,,"16.2 / 14.5",16.150
1790445650.267,hud,heading,,,,,"154° / 42°",153.700
1790445650.267,hud,drift,,,,,"79.41%",79.410
1790445650.267,hud,turns,,,,,"✗ turns: 2/15",
1790445650.268,hud,calib_s,,,,,"✓ Buffer 6s",
1790445650.268,marker,gnss,52.38459000,-1.39735900,318.10,true,,
1790445650.268,marker,dr,52.38286500,-1.39766763,206.30,true,,
1790445650.269,marker,reconciled,0.00000000,0.00000000,0.00,false,,
1790445650.317,hud,speed,,,,,"16.2 / 14.5",16.150
1790445650.318,hud,heading,,,,,"154° / 42°",153.900
1790445650.318,hud,drift,,,,,"79.87%",79.870
1790445650.319,hud,turns,,,,,"✗ turns: 2/15",
1790445650.319,hud,calib_s,,,,,"✓ Buffer 6s",
1790445650.319,marker,gnss,52.38459000,-1.39735900,318.10,true,,
1790445650.320,marker,dr,52.38285165,-1.39765834,206.10,true,,
1790445650.320,marker,reconciled,0.00000000,0.00000000,0.00,false,,
1790445650.365,hud,speed,,,,,"16.2 / 14.5",16.210
1790445650.365,hud,heading,,,,,"154° / 42°",153.900
1790445650.365,hud,drift,,,,,"80.33%",80.330
1790445650.366,hud,turns,,,,,"✗ turns: 2/15",
1790445650.366,hud,calib_s,,,,,"✓ Buffer 6s",
1790445650.366,marker,gnss,52.38459000,-1.39735900,318.10,true,,
1790445650.367,marker,dr,52.38283827,-1.39764903,206.10,true,,
1790445650.367,marker,reconciled,0.00000000,0.00000000,0.00,false,,
1790445650.417,hud,speed,,,,,"16.2 / 14.5",16.210
1790445650.418,hud,heading,,,,,"153° / 42°",153.400
1790445650.419,hud,drift,,,,,"80.79%",80.790
1790445650.419,hud,turns,,,,,"✗ turns: 2/15",
1790445650.419,hud,calib_s,,,,,"✓ Buffer 6s",
1790445650.420,marker,gnss,52.38459000,-1.39735900,318.10,true,,
1790445650.421,marker,dr,52.38282474,-1.39763962,206.60,true,,
1790445650.421,marker,reconciled,0.00000000,0.00000000,0.00,false,,
1790445650.472,hud,speed,,,,,"16.2 / 14.5",16.180
1790445650.472,hud,heading,,,,,"154° / 42°",153.600
1790445650.472,hud,drift,,,,,"81.24%",81.240
1790445650.472,hud,turns,,,,,"✗ turns: 2/15",
1790445650.473,hud,calib_s,,,,,"✓ Buffer 6s",
1790445650.473,marker,gnss,52.38459000,-1.39735900,318.10,true,,
1790445650.473,marker,dr,52.38281130,-1.39763052,206.40,true,,
1790445650.474,marker,reconciled,0.00000000,0.00000000,0.00,false,,
1790445650.525,hud,speed,,,,,"16.2 / 14.5",16.160
1790445650.525,hud,heading,,,,,"154° / 42°",153.500
1790445650.526,hud,drift,,,,,"81.69%",81.690
1790445650.526,hud,turns,,,,,"✗ turns: 2/15",
1790445650.526,hud,calib_s,,,,,"✓ Buffer 6s",
1790445650.527,marker,gnss,52.38459000,-1.39735900,318.10,true,,
1790445650.528,marker,dr,52.38279799,-1.39762156,206.50,true,,
1790445650.528,marker,reconciled,0.00000000,0.00000000,0.00,false,,
1790445650.571,hud,speed,,,,,"16.1 / 14.5",16.090
1790445650.571,hud,heading,,,,,"154° / 42°",153.600
1790445650.572,hud,drift,,,,,"82.13%",82.130
1790445650.572,hud,turns,,,,,"✗ turns: 2/15",
1790445650.572,hud,calib_s,,,,,"✓ Buffer 6s",
1790445650.572,marker,gnss,52.38459000,-1.39735900,318.10,true,,
1790445650.573,marker,dr,52.38278466,-1.39761239,206.40,true,,
1790445650.573,marker,reconciled,0.00000000,0.00000000,0.00,false,,
1790445650.621,hud,speed,,,,,"16.1 / 14.5",16.130
1790445650.622,hud,heading,,,,,"154° / 42°",153.700
1790445650.622,hud,drift,,,,,"82.57%",82.570
1790445650.622,hud,turns,,,,,"✗ turns: 2/15",
1790445650.622,hud,calib_s,,,,,"✓ Buffer 6s",
1790445650.623,marker,gnss,52.38459000,-1.39735900,318.10,true,,
1790445650.623,marker,dr,52.38277130,-1.39760319,206.30,true,,
1790445650.624,marker,reconciled,0.00000000,0.00000000,0.00,false,,
1790445650.675,hud,speed,,,,,"16.2 / 14.5",16.160
1790445650.675,hud,heading,,,,,"154° / 42°",153.500
1790445650.676,hud,drift,,,,,"83.01%",83.010
1790445650.676,hud,turns,,,,,"✗ turns: 2/15",
1790445650.676,hud,calib_s,,,,,"✓ Buffer 6s",
1790445650.677,marker,gnss,52.38459000,-1.39735900,318.10,true,,
1790445650.677,marker,dr,52.38275776,-1.39759396,206.50,true,,
1790445650.677,marker,reconciled,0.00000000,0.00000000,0.00,false,,
1790445650.724,hud,speed,,,,,"16.0 / 14.5",16.010
1790445650.724,hud,heading,,,,,"153° / 42°",153.200
1790445650.724,hud,drift,,,,,"83.43%",83.430
1790445650.725,hud,turns,,,,,"✗ turns: 2/15",
1790445650.725,hud,calib_s,,,,,"✓ Buffer 6s",
1790445650.725,marker,gnss,52.38459000,-1.39735900,318.10,true,,
1790445650.725,marker,dr,52.38274461,-1.39758497,206.80,true,,
1790445650.726,marker,reconciled,0.00000000,0.00000000,0.00,false,,
1790445650.778,hud,speed,,,,,"16.1 / 14.5",16.110
1790445650.779,hud,heading,,,,,"153° / 42°",153.000
1790445650.779,hud,drift,,,,,"83.86%",83.860
1790445650.779,hud,turns,,,,,"✗ turns: 2/15",
1790445650.779,hud,calib_s,,,,,"✓ Buffer 6s",
1790445650.780,marker,gnss,52.38459000,-1.39735900,318.10,true,,
1790445650.780,marker,dr,52.38273121,-1.39757589,207.00,true,,
1790445650.780,marker,reconciled,0.00000000,0.00000000,0.00,false,,
1790445650.827,hud,speed,,,,,"16.1 / 14.5",16.120
1790445650.828,hud,heading,,,,,"153° / 42°",152.700
1790445650.828,hud,drift,,,,,"84.28%",84.280
1790445650.828,hud,turns,,,,,"✗ turns: 2/15",
1790445650.828,hud,calib_s,,,,,"✓ Buffer 6s",
1790445650.828,marker,gnss,52.38459000,-1.39735900,318.10,true,,
1790445650.829,marker,dr,52.38271778,-1.39756692,207.30,true,,
1790445650.829,marker,reconciled,0.00000000,0.00000000,0.00,false,,
1790445650.877,hud,speed,,,,,"16.1 / 14.5",16.050
1790445650.877,hud,heading,,,,,"152° / 42°",152.400
1790445650.877,hud,drift,,,,,"84.71%",84.710
1790445650.878,hud,turns,,,,,"✗ turns: 2/15",
1790445650.878,hud,calib_s,,,,,"✓ Buffer 6s",
1790445650.878,marker,gnss,52.38459000,-1.39735900,318.10,true,,
1790445650.879,marker,dr,52.38270420,-1.39755808,207.60,true,,
1790445650.879,marker,reconciled,0.00000000,0.00000000,0.00,false,,
1790445650.927,hud,speed,,,,,"15.8 / 14.5",15.810
1790445650.927,hud,heading,,,,,"153° / 42°",152.500
1790445650.927,hud,drift,,,,,"85.13%",85.130
1790445650.928,hud,turns,,,,,"✗ turns: 2/15",
1790445650.928,hud,calib_s,,,,,"✓ Buffer 6s",
1790445650.928,marker,gnss,52.38459000,-1.39735900,318.10,true,,
1790445650.929,marker,dr,52.38269092,-1.39754975,207.50,true,,
1790445650.929,marker,reconciled,0.00000000,0.00000000,0.00,false,,
1790445650.982,hud,speed,,,,,"15.8 / 14.5",15.840
1790445650.983,hud,heading,,,,,"153° / 42°",152.600
1790445650.983,hud,drift,,,,,"85.54%",85.540
1790445650.984,hud,turns,,,,,"✗ turns: 2/15",
1790445650.984,hud,calib_s,,,,,"✓ Buffer 6s",
1790445650.984,marker,gnss,52.38459000,-1.39735900,318.10,true,,
1790445650.985,marker,dr,52.38267759,-1.39754126,207.40,true,,
1790445650.985,marker,reconciled,0.00000000,0.00000000,0.00,false,,
1790445651.033,hud,speed,,,,,"15.9 / 14.5",15.870
1790445651.033,hud,heading,,,,,"153° / 42°",153.100
1790445651.034,hud,drift,,,,,"85.95%",85.950
1790445651.034,hud,turns,,,,,"✗ turns: 2/15",
1790445651.034,hud,calib_s,,,,,"✓ Buffer 6s",
1790445651.035,marker,gnss,52.38459000,-1.39735900,318.10,true,,
1790445651.036,marker,dr,52.38266428,-1.39753282,206.90,true,,
1790445651.036,marker,reconciled,0.00000000,0.00000000,0.00,false,,
1790445651.084,hud,speed,,,,,"15.8 / 14.5",15.770
1790445651.085,hud,heading,,,,,"153° / 42°",153.400
1790445651.085,hud,drift,,,,,"86.35%",86.350
1790445651.086,hud,turns,,,,,"✗ turns: 2/15",
1790445651.086,hud,calib_s,,,,,"✓ Buffer 6s",
1790445651.086,marker,gnss,52.38459000,-1.39735900,318.10,true,,
1790445651.087,marker,dr,52.38265102,-1.39752466,206.60,true,,
1790445651.087,marker,reconciled,0.00000000,0.00000000,0.00,false,,
1790445651.135,hud,speed,,,,,"15.6 / 14.5",15.580
1790445651.135,hud,heading,,,,,"154° / 42°",153.800
1790445651.136,hud,drift,,,,,"86.75%",86.750
1790445651.136,hud,turns,,,,,"✗ turns: 2/15",
1790445651.136,hud,calib_s,,,,,"✓ Buffer 6s",
1790445651.137,marker,gnss,52.38459000,-1.39735900,318.10,true,,
1790445651.137,marker,dr,52.38263790,-1.39751670,206.20,true,,
1790445651.138,marker,reconciled,0.00000000,0.00000000,0.00,false,,
1790445651.185,hud,speed,,,,,"15.6 / 14.5",15.580
1790445651.185,hud,heading,,,,,"154° / 42°",153.900
1790445651.186,hud,drift,,,,,"87.15%",87.150
1790445651.186,hud,turns,,,,,"✗ turns: 2/15",
1790445651.186,hud,calib_s,,,,,"✓ Buffer 6s",
1790445651.187,marker,gnss,52.38459000,-1.39735900,318.10,true,,
1790445651.187,marker,dr,52.38262464,-1.39750885,206.10,true,,
1790445651.188,marker,reconciled,0.00000000,0.00000000,0.00,false,,
1790445651.235,hud,speed,,,,,"15.5 / 14.5",15.480
1790445651.236,hud,heading,,,,,"154° / 42°",154.300
1790445651.236,hud,drift,,,,,"87.54%",87.540
1790445651.236,hud,turns,,,,,"✗ turns: 2/15",
1790445651.237,hud,calib_s,,,,,"✓ Buffer 6s",
1790445651.237,marker,gnss,52.38459000,-1.39735900,318.10,true,,
1790445651.237,marker,dr,52.38261171,-1.39750123,205.70,true,,
1790445651.238,marker,reconciled,0.00000000,0.00000000,0.00,false,,
1790445651.288,hud,speed,,,,,"15.5 / 14.5",15.500
1790445651.288,hud,heading,,,,,"155° / 42°",154.600
1790445651.289,hud,drift,,,,,"87.93%",87.930
1790445651.289,hud,turns,,,,,"✗ turns: 2/15",
1790445651.289,hud,calib_s,,,,,"✓ Buffer 6s",
1790445651.290,marker,gnss,52.38459000,-1.39735900,318.10,true,,
1790445651.290,marker,dr,52.38259859,-1.39749373,205.40,true,,
1790445651.291,marker,reconciled,0.00000000,0.00000000,0.00,false,,
1790445651.338,hud,speed,,,,,"15.6 / 14.5",15.550
1790445651.339,hud,heading,,,,,"155° / 42°",154.900
1790445651.339,hud,drift,,,,,"88.33%",88.330
1790445651.339,hud,turns,,,,,"✗ turns: 2/15",
1790445651.339,hud,calib_s,,,,,"✓ Buffer 6s",
1790445651.340,marker,gnss,52.38459000,-1.39735900,318.10,true,,
1790445651.340,marker,dr,52.38258515,-1.39748629,205.10,true,,
1790445651.341,marker,reconciled,0.00000000,0.00000000,0.00,false,,
1790445651.386,hud,speed,,,,,"15.7 / 14.5",15.680
1790445651.386,hud,heading,,,,,"155° / 42°",154.900
1790445651.386,hud,drift,,,,,"88.71%",88.710
1790445651.387,hud,turns,,,,,"✗ turns: 2/15",
1790445651.387,hud,calib_s,,,,,"✓ Buffer 6s",
1790445651.387,marker,gnss,52.38459000,-1.39735900,318.10,true,,
1790445651.388,marker,dr,52.38257208,-1.39747928,205.10,true,,
1790445651.388,marker,reconciled,0.00000000,0.00000000,0.00,false,,
1790445651.441,hud,speed,,,,,"15.5 / 14.5",15.530
1790445651.441,hud,heading,,,,,"155° / 42°",155.200
1790445651.441,hud,drift,,,,,"89.09%",89.090
1790445651.442,hud,turns,,,,,"✗ turns: 2/15",
1790445651.442,hud,calib_s,,,,,"✓ Buffer 6s",
1790445651.442,marker,gnss,52.38459000,-1.39735900,318.10,true,,
1790445651.443,marker,dr,52.38255893,-1.39747188,204.80,true,,
1790445651.444,marker,reconciled,0.00000000,0.00000000,0.00,false,,
1790445651.490,hud,speed,,,,,"15.5 / 14.5",15.490
1790445651.491,hud,heading,,,,,"155° / 42°",154.700
1790445651.491,hud,drift,,,,,"89.47%",89.470
1790445651.491,hud,turns,,,,,"✗ turns: 2/15",
1790445651.492,hud,calib_s,,,,,"✓ Buffer 6s",
1790445651.492,marker,gnss,52.38459000,-1.39735900,318.10,true,,
1790445651.492,marker,dr,52.38254596,-1.39746431,205.30,true,,
1790445651.493,marker,reconciled,0.00000000,0.00000000,0.00,false,,
1790445651.543,hud,speed,,,,,"15.4 / 14.5",15.380
1790445651.543,hud,heading,,,,,"155° / 42°",154.700
1790445651.543,hud,drift,,,,,"89.84%",89.840
1790445651.544,hud,turns,,,,,"✗ turns: 2/15",
1790445651.544,hud,calib_s,,,,,"✓ Buffer 6s",
1790445651.545,marker,gnss,52.38459000,-1.39735900,318.10,true,,
1790445651.545,marker,dr,52.38253298,-1.39745694,205.30,true,,
1790445651.546,marker,reconciled,0.00000000,0.00000000,0.00,false,,
1790445651.590,hud,speed,,,,,"15.6 / 14.5",15.610
1790445651.591,hud,heading,,,,,"156° / 42°",155.500
1790445651.591,hud,drift,,,,,"90.21%",90.210
1790445651.591,hud,turns,,,,,"✗ turns: 2/15",
1790445651.592,hud,calib_s,,,,,"✓ Buffer 6s",
1790445651.592,marker,gnss,52.38459000,-1.39735900,318.10,true,,
1790445651.592,marker,dr,52.38251963,-1.39744922,204.50,true,,
1790445651.593,marker,reconciled,0.00000000,0.00000000,0.00,false,,
1790445651.643,hud,speed,,,,,"15.7 / 14.5",15.680
1790445651.644,hud,heading,,,,,"156° / 42°",155.900
1790445651.644,hud,drift,,,,,"90.59%",90.590
1790445651.644,hud,turns,,,,,"✗ turns: 2/15",
1790445651.644,hud,calib_s,,,,,"✓ Buffer 6s",
1790445651.645,marker,gnss,52.38459000,-1.39735900,318.10,true,,
1790445651.646,marker,dr,52.38250621,-1.39744163,204.10,true,,
1790445651.647,marker,reconciled,0.00000000,0.00000000,0.00,false,,
1790445651.692,hud,speed,,,,,"15.7 / 14.5",15.690
1790445651.692,hud,heading,,,,,"156° / 42°",156.000
1790445651.693,hud,drift,,,,,"90.95%",90.950
1790445651.693,hud,turns,,,,,"✗ turns: 2/15",
1790445651.693,hud,calib_s,,,,,"✓ Buffer 6s",
1790445651.693,marker,gnss,52.38459000,-1.39735900,318.10,true,,
1790445651.694,marker,dr,52.38249327,-1.39743451,204.00,true,,
1790445651.694,marker,reconciled,0.00000000,0.00000000,0.00,false,,
1790445651.744,hud,speed,,,,,"15.5 / 14.5",15.450
1790445651.745,hud,heading,,,,,"156° / 42°",155.800
1790445651.745,hud,drift,,,,,"91.31%",91.310
1790445651.745,hud,turns,,,,,"✗ turns: 2/15",
1790445651.745,hud,calib_s,,,,,"✓ Buffer 6s",
1790445651.745,marker,gnss,52.38459000,-1.39735900,318.10,true,,
1790445651.746,marker,dr,52.38248006,-1.39742718,204.20,true,,
1790445651.746,marker,reconciled,0.00000000,0.00000000,0.00,false,,
1790445651.796,hud,speed,,,,,"15.2 / 14.5",15.230
1790445651.796,hud,heading,,,,,"155° / 42°",155.400
1790445651.797,hud,drift,,,,,"91.67%",91.670
1790445651.797,hud,turns,,,,,"✗ turns: 2/15",
1790445651.797,hud,calib_s,,,,,"✓ Buffer 6s",
1790445651.797,marker,gnss,52.38459000,-1.39735900,318.10,true,,
1790445651.798,marker,dr,52.38246723,-1.39742015,204.60,true,,
1790445651.799,marker,reconciled,0.00000000,0.00000000,0.00,false,,
1790445651.845,hud,speed,,,,,"15.1 / 14.5",15.080
1790445651.846,hud,heading,,,,,"155° / 42°",155.100
1790445651.846,hud,drift,,,,,"92.02%",92.020
1790445651.846,hud,turns,,,,,"✗ turns: 2/15",
1790445651.847,hud,calib_s,,,,,"✓ Buffer 6s",
1790445651.847,marker,gnss,52.38459000,-1.39735900,318.10,true,,
1790445651.848,marker,dr,52.38245421,-1.39741327,204.90,true,,
1790445651.848,marker,reconciled,0.00000000,0.00000000,0.00,false,,
1790445651.898,hud,speed,,,,,"15.0 / 14.5",14.990
1790445651.899,hud,heading,,,,,"155° / 42°",154.800
1790445651.899,hud,drift,,,,,"92.36%",92.360
1790445651.900,hud,turns,,,,,"✗ turns: 2/15",
1790445651.900,hud,calib_s,,,,,"✓ Buffer 6s",
1790445651.900,marker,gnss,52.38459000,-1.39735900,318.10,true,,
1790445651.901,marker,dr,52.38244150,-1.39740667,205.20,true,,
1790445651.902,marker,reconciled,0.00000000,0.00000000,0.00,false,,
1790445651.954,hud,speed,,,,,"14.9 / 14.5",14.940
1790445651.954,hud,heading,,,,,"155° / 42°",154.900
1790445651.955,hud,drift,,,,,"92.71%",92.710
1790445651.955,hud,turns,,,,,"✗ turns: 2/15",
1790445651.955,hud,calib_s,,,,,"✓ Buffer 6s",
1790445651.956,marker,gnss,52.38459000,-1.39735900,318.10,true,,
1790445651.956,marker,dr,52.38242853,-1.39740016,205.10,true,,
1790445651.957,marker,reconciled,0.00000000,0.00000000,0.00,false,,
1790445651.999,hud,speed,,,,,"14.8 / 14.5",14.790
1790445652.000,hud,heading,,,,,"155° / 42°",155.000
1790445652.000,hud,drift,,,,,"93.05%",93.050
1790445652.000,hud,turns,,,,,"✗ turns: 2/15",
1790445652.000,hud,calib_s,,,,,"✓ Buffer 6s",
1790445652.001,marker,gnss,52.38459000,-1.39735900,318.10,true,,
1790445652.001,marker,dr,52.38241587,-1.39739358,205.00,true,,
1790445652.002,marker,reconciled,0.00000000,0.00000000,0.00,false,,
1790445652.053,hud,speed,,,,,"14.5 / 14.5",14.510
1790445652.053,hud,heading,,,,,"155° / 42°",154.700
1790445652.054,hud,drift,,,,,"93.37%",93.370
1790445652.054,hud,turns,,,,,"✗ turns: 2/15",
1790445652.054,hud,calib_s,,,,,"✓ Buffer 6s",
1790445652.055,marker,gnss,52.38459000,-1.39735900,318.10,true,,
1790445652.055,marker,dr,52.38240357,-1.39738709,205.30,true,,
1790445652.055,marker,reconciled,0.00000000,0.00000000,0.00,false,,
1790445652.103,hud,speed,,,,,"14.5 / 14.5",14.510
1790445652.104,hud,heading,,,,,"155° / 42°",154.600
1790445652.104,hud,drift,,,,,"93.70%",93.700
1790445652.105,hud,turns,,,,,"✗ turns: 2/15",
1790445652.105,hud,calib_s,,,,,"✓ Buffer 6s",
1790445652.105,marker,gnss,52.38459000,-1.39735900,318.10,true,,
1790445652.106,marker,dr,52.38239099,-1.39738045,205.40,true,,
1790445652.106,marker,reconciled,0.00000000,0.00000000,0.00,false,,
1790445652.154,hud,speed,,,,,"14.5 / 14.5",14.540
1790445652.155,hud,heading,,,,,"154° / 42°",154.000
1790445652.155,hud,drift,,,,,"94.02%",94.020
1790445652.155,hud,turns,,,,,"✗ turns: 2/15",
1790445652.155,hud,calib_s,,,,,"✓ Buffer 6s",
1790445652.156,marker,gnss,52.38459000,-1.39735900,318.10,true,,
1790445652.156,marker,dr,52.38237857,-1.39737378,206.00,true,,
1790445652.157,marker,reconciled,0.00000000,0.00000000,0.00,false,,
1790445652.201,hud,speed,,,,,"14.5 / 14.5",14.460
1790445652.201,hud,heading,,,,,"153° / 42°",153.300
1790445652.202,hud,drift,,,,,"94.34%",94.340
1790445652.202,hud,turns,,,,,"✗ turns: 2/15",
1790445652.202,hud,calib_s,,,,,"✓ Buffer 6s",
1790445652.203,marker,gnss,52.38459000,-1.39735900,318.10,true,,
1790445652.203,marker,dr,52.38236627,-1.39736749,206.70,true,,
1790445652.203,marker,reconciled,0.00000000,0.00000000,0.00,false,,
1790445652.254,hud,speed,,,,,"13.9 / 14.5",13.890
1790445652.254,hud,heading,,,,,"153° / 42°",153.300
1790445652.255,hud,drift,,,,,"94.66%",94.660
1790445652.255,hud,turns,,,,,"✗ turns: 2/15",
1790445652.255,hud,calib_s,,,,,"✓ Buffer 6s",
1790445652.256,marker,gnss,52.38459000,-1.39735900,318.10,true,,
1790445652.256,marker,dr,52.38235397,-1.39736147,206.70,true,,
1790445652.257,marker,reconciled,0.00000000,0.00000000,0.00,false,,
1790445652.309,hud,speed,,,,,"14.3 / 14.5",14.290
1790445652.309,hud,heading,,,,,"152° / 42°",152.200
1790445652.309,hud,drift,,,,,"94.97%",94.970
1790445652.309,hud,turns,,,,,"✗ turns: 2/15",
1790445652.310,hud,calib_s,,,,,"✓ Buffer 6s",
1790445652.310,marker,gnss,52.38459000,-1.39735900,318.10,true,,
1790445652.311,marker,dr,52.38234171,-1.39735513,207.80,true,,
1790445652.311,marker,reconciled,0.00000000,0.00000000,0.00,false,,
1790445652.354,hud,speed,,,,,"14.6 / 14.5",14.590
1790445652.355,hud,heading,,,,,"152° / 42°",151.600
1790445652.355,hud,drift,,,,,"95.29%",95.290
1790445652.355,hud,turns,,,,,"✗ turns: 2/15",
1790445652.356,hud,calib_s,,,,,"✓ Buffer 6s",
1790445652.356,marker,gnss,52.38459000,-1.39735900,318.10,true,,
1790445652.356,marker,dr,52.38232896,-1.39734883,208.40,true,,
1790445652.357,marker,reconciled,0.00000000,0.00000000,0.00,false,,
1790445652.409,hud,speed,,,,,"14.7 / 14.5",14.670
1790445652.409,hud,heading,,,,,"151° / 42°",151.200
1790445652.410,hud,drift,,,,,"95.61%",95.610
1790445652.410,hud,turns,,,,,"✗ turns: 2/15",
1790445652.410,hud,calib_s,,,,,"✓ Buffer 6s",
1790445652.411,marker,gnss,52.38459000,-1.39735900,318.10,true,,
1790445652.411,marker,dr,52.38231614,-1.39734279,208.80,true,,
1790445652.412,marker,reconciled,0.00000000,0.00000000,0.00,false,,
1790445652.459,hud,speed,,,,,"14.5 / 14.5",14.520
1790445652.459,hud,heading,,,,,"152° / 42°",151.600
1790445652.460,hud,drift,,,,,"95.93%",95.930
1790445652.460,hud,turns,,,,,"✗ turns: 2/15",
1790445652.460,hud,calib_s,,,,,"✓ Buffer 6s",
1790445652.461,marker,gnss,52.38459000,-1.39735900,318.10,true,,
1790445652.461,marker,dr,52.38230349,-1.39733706,208.40,true,,
1790445652.461,marker,reconciled,0.00000000,0.00000000,0.00,false,,
1790445652.508,hud,speed,,,,,"13.9 / 14.5",13.860
1790445652.508,hud,heading,,,,,"152° / 42°",151.600
1790445652.508,hud,drift,,,,,"96.25%",96.250
1790445652.509,hud,turns,,,,,"✗ turns: 2/15",
1790445652.509,hud,calib_s,,,,,"✓ Buffer 6s",
1790445652.509,marker,gnss,52.38459000,-1.39735900,318.10,true,,
1790445652.510,marker,dr,52.38229063,-1.39733127,208.40,true,,
1790445652.510,marker,reconciled,0.00000000,0.00000000,0.00,false,,
1790445652.565,hud,speed,,,,,"14.6 / 14.5",14.590
1790445652.566,hud,heading,,,,,"152° / 42°",152.400
1790445652.567,hud,drift,,,,,"96.55%",96.550
1790445652.567,hud,turns,,,,,"✗ turns: 2/15",
1790445652.567,hud,calib_s,,,,,"✓ Buffer 6s",
1790445652.568,marker,gnss,52.38459000,-1.39735900,318.10,true,,
1790445652.568,marker,dr,52.38227825,-1.39732477,207.60,true,,
1790445652.568,marker,reconciled,0.00000000,0.00000000,0.00,false,,
1790445652.615,hud,speed,,,,,"14.7 / 14.5",14.650
1790445652.615,hud,heading,,,,,"153° / 42°",152.500
1790445652.616,hud,drift,,,,,"96.86%",96.860
1790445652.616,hud,turns,,,,,"✗ turns: 2/15",
1790445652.616,hud,calib_s,,,,,"✓ Buffer 6s",
1790445652.616,marker,gnss,52.38459000,-1.39735900,318.10,true,,
1790445652.617,marker,dr,52.38226527,-1.39731820,207.50,true,,
1790445652.617,marker,reconciled,0.00000000,0.00000000,0.00,false,,
1790445652.666,hud,speed,,,,,"14.8 / 14.5",14.830
1790445652.666,hud,heading,,,,,"152° / 42°",152.200
1790445652.667,hud,drift,,,,,"97.17%",97.170
1790445652.667,hud,turns,,,,,"✗ turns: 2/15",
1790445652.667,hud,calib_s,,,,,"✓ Buffer 6s",
1790445652.667,marker,gnss,52.38459000,-1.39735900,318.10,true,,
1790445652.668,marker,dr,52.38225264,-1.39731140,207.80,true,,
1790445652.668,marker,reconciled,0.00000000,0.00000000,0.00,false,,
1790445652.717,hud,speed,,,,,"14.7 / 14.5",14.740
1790445652.717,hud,heading,,,,,"152° / 42°",152.000
1790445652.718,hud,drift,,,,,"97.47%",97.470
1790445652.718,hud,turns,,,,,"✗ turns: 2/15",
1790445652.719,hud,calib_s,,,,,"✓ Buffer 6s",
1790445652.719,marker,gnss,52.38459000,-1.39735900,318.10,true,,
1790445652.720,marker,dr,52.38223987,-1.39730489,208.00,true,,
1790445652.720,marker,reconciled,0.00000000,0.00000000,0.00,false,,
1790445652.767,hud,speed,,,,,"15.0 / 14.5",14.970
1790445652.767,hud,heading,,,,,"153° / 42°",152.500
1790445652.768,hud,drift,,,,,"97.77%",97.770
1790445652.768,hud,turns,,,,,"✗ turns: 2/15",
1790445652.768,hud,calib_s,,,,,"✓ Buffer 6s",
1790445652.769,marker,gnss,52.38459000,-1.39735900,318.10,true,,
1790445652.769,marker,dr,52.38222702,-1.39729826,207.50,true,,
1790445652.769,marker,reconciled,0.00000000,0.00000000,0.00,false,,
1790445652.820,hud,speed,,,,,"14.9 / 17.0",14.910
1790445652.820,hud,heading,,,,,"153° / 94°",152.500
1790445652.821,hud,drift,,,,,"97.24%",97.240
1790445652.821,hud,turns,,,,,"✗ turns: 2/15",
1790445652.821,hud,calib_s,,,,,"✓ Buffer 6s",
1790445652.822,marker,gnss,52.38570400,-1.39571900,265.70,true,,
1790445652.822,marker,dr,52.38221393,-1.39729184,207.50,true,,
1790445652.823,marker,reconciled,0.00000000,0.00000000,0.00,false,,
1790445652.869,hud,speed,,,,,"15.4 / 17.0",15.430
1790445652.869,hud,heading,,,,,"153° / 94°",152.800
1790445652.869,hud,drift,,,,,"97.24%",97.240
1790445652.870,hud,turns,,,,,"✗ turns: 2/15",
1790445652.870,hud,calib_s,,,,,"✓ Buffer 6s",
1790445652.871,marker,gnss,52.38570400,-1.39571900,265.70,true,,
1790445652.871,marker,dr,52.38220058,-1.39728478,207.20,true,,
1790445652.872,marker,reconciled,0.00000000,0.00000000,0.00,false,,
1790445652.920,hud,speed,,,,,"15.4 / 17.0",15.390
1790445652.921,hud,heading,,,,,"154° / 94°",153.500
1790445652.921,hud,drift,,,,,"97.23%",97.230
1790445652.921,hud,turns,,,,,"✗ turns: 2/15",
1790445652.921,hud,calib_s,,,,,"✓ Buffer 6s",
1790445652.922,marker,gnss,52.38570400,-1.39571900,265.70,true,,
1790445652.922,marker,dr,52.38218750,-1.39727816,206.50,true,,
1790445652.923,marker,reconciled,0.00000000,0.00000000,0.00,false,,
1790445652.969,hud,speed,,,,,"15.4 / 17.0",15.410
1790445652.970,hud,heading,,,,,"154° / 94°",153.500
1790445652.971,hud,drift,,,,,"97.23%",97.230
1790445652.971,hud,turns,,,,,"✗ turns: 2/15",
1790445652.971,hud,calib_s,,,,,"✓ Buffer 6s",
1790445652.972,marker,gnss,52.38570400,-1.39571900,265.70,true,,
1790445652.972,marker,dr,52.38217406,-1.39727194,206.50,true,,
1790445652.973,marker,reconciled,0.00000000,0.00000000,0.00,false,,
1790445653.021,hud,speed,,,,,"15.5 / 17.0",15.540
1790445653.021,hud,heading,,,,,"153° / 94°",153.200
1790445653.022,hud,drift,,,,,"97.23%",97.230
1790445653.022,hud,turns,,,,,"✗ turns: 2/15",
1790445653.022,hud,calib_s,,,,,"✓ Buffer 6s",
1790445653.023,marker,gnss,52.38570400,-1.39571900,265.70,true,,
1790445653.023,marker,dr,52.38216081,-1.39726544,206.80,true,,
1790445653.024,marker,reconciled,0.00000000,0.00000000,0.00,false,,
1790445653.071,hud,speed,,,,,"15.7 / 17.0",15.720
1790445653.071,hud,heading,,,,,"153° / 94°",153.400
1790445653.072,hud,drift,,,,,"97.23%",97.230
1790445653.072,hud,turns,,,,,"✗ turns: 2/15",
1790445653.072,hud,calib_s,,,,,"✓ Buffer 6s",
1790445653.072,marker,gnss,52.38570400,-1.39571900,265.70,true,,
1790445653.073,marker,dr,52.38214722,-1.39725907,206.60,true,,
1790445653.073,marker,reconciled,0.00000000,0.00000000,0.00,false,,
1790445653.121,hud,speed,,,,,"15.9 / 17.0",15.850
1790445653.122,hud,heading,,,,,"154° / 94°",153.600
1790445653.122,hud,drift,,,,,"97.24%",97.240
1790445653.123,hud,turns,,,,,"✗ turns: 2/15",
1790445653.123,hud,calib_s,,,,,"✓ Buffer 6s",
1790445653.124,marker,gnss,52.38570400,-1.39571900,265.70,true,,
1790445653.125,marker,dr,52.38213336,-1.39725281,206.40,true,,
1790445653.125,marker,reconciled,0.00000000,0.00000000,0.00,false,,
1790445653.180,hud,speed,,,,,"16.1 / 17.0",16.110
1790445653.180,hud,heading,,,,,"154° / 94°",153.800
1790445653.180,hud,drift,,,,,"97.26%",97.260
1790445653.181,hud,turns,,,,,"✗ turns: 2/15",
1790445653.181,hud,calib_s,,,,,"✓ Buffer 6s",
1790445653.182,marker,gnss,52.38570400,-1.39571900,265.70,true,,
1790445653.182,marker,dr,52.38211954,-1.39724684,206.20,true,,
1790445653.183,marker,reconciled,0.00000000,0.00000000,0.00,false,,
1790445653.221,hud,speed,,,,,"16.2 / 17.0",16.180
1790445653.221,hud,heading,,,,,"154° / 94°",154.000
1790445653.221,hud,drift,,,,,"97.28%",97.280
1790445653.222,hud,turns,,,,,"✗ turns: 2/15",
1790445653.222,hud,calib_s,,,,,"✓ Buffer 6s",
1790445653.222,marker,gnss,52.38570400,-1.39571900,265.70,true,,
1790445653.223,marker,dr,52.38210553,-1.39724083,206.00,true,,
1790445653.223,marker,reconciled,0.00000000,0.00000000,0.00,false,,
1790445653.275,hud,speed,,,,,"16.4 / 17.0",16.370
1790445653.275,hud,heading,,,,,"154° / 94°",154.100
1790445653.276,hud,drift,,,,,"97.30%",97.300
1790445653.276,hud,turns,,,,,"✗ turns: 2/15",
1790445653.276,hud,calib_s,,,,,"✓ Buffer 6s",
1790445653.276,marker,gnss,52.38570400,-1.39571900,265.70,true,,
1790445653.277,marker,dr,52.38209138,-1.39723490,205.90,true,,
1790445653.277,marker,reconciled,0.00000000,0.00000000,0.00,false,,
1790445653.324,hud,speed,,,,,"16.3 / 17.0",16.310
1790445653.325,hud,heading,,,,,"155° / 94°",154.500
1790445653.325,hud,drift,,,,,"97.32%",97.320
1790445653.325,hud,turns,,,,,"✗ turns: 2/15",
1790445653.325,hud,calib_s,,,,,"✓ Buffer 6s",
1790445653.326,marker,gnss,52.38570400,-1.39571900,265.70,true,,
1790445653.327,marker,dr,52.38207725,-1.39722879,205.50,true,,
1790445653.327,marker,reconciled,0.00000000,0.00000000,0.00,false,,
1790445653.375,hud,speed,,,,,"16.6 / 17.0",16.590
1790445653.376,hud,heading,,,,,"155° / 94°",154.700
1790445653.376,hud,drift,,,,,"97.35%",97.350
1790445653.377,hud,turns,,,,,"✗ turns: 2/15",
1790445653.377,hud,calib_s,,,,,"✓ Buffer 6s",
1790445653.377,marker,gnss,52.38570400,-1.39571900,265.70,true,,
1790445653.378,marker,dr,52.38206270,-1.39722304,205.30,true,,
1790445653.378,marker,reconciled,0.00000000,0.00000000,0.00,false,,
1790445653.427,hud,speed,,,,,"16.9 / 17.0",16.880
1790445653.427,hud,heading,,,,,"155° / 94°",154.500
1790445653.427,hud,drift,,,,,"97.39%",97.390
1790445653.428,hud,turns,,,,,"✗ turns: 2/15",
1790445653.428,hud,calib_s,,,,,"✓ Buffer 6s",
1790445653.428,marker,gnss,52.38570400,-1.39571900,265.70,true,,
1790445653.429,marker,dr,52.38204814,-1.39721748,205.50,true,,
1790445653.429,marker,reconciled,0.00000000,0.00000000,0.00,false,,
1790445653.480,hud,speed,,,,,"16.9 / 17.0",16.940
1790445653.481,hud,heading,,,,,"154° / 94°",154.400
1790445653.481,hud,drift,,,,,"97.43%",97.430
1790445653.481,hud,turns,,,,,"✗ turns: 2/15",
1790445653.481,hud,calib_s,,,,,"✓ Buffer 6s",
1790445653.482,marker,gnss,52.38570400,-1.39571900,265.70,true,,
1790445653.482,marker,dr,52.38203335,-1.39721219,205.60,true,,
1790445653.483,marker,reconciled,0.00000000,0.00000000,0.00,false,,
1790445653.576,hud,speed,,,,,"17.1 / 17.0",17.060
1790445653.576,hud,heading,,,,,"155° / 94°",154.900
1790445653.577,hud,drift,,,,,"97.48%",97.480
1790445653.578,hud,turns,,,,,"✗ turns: 2/15",
1790445653.578,hud,calib_s,,,,,"✓ Buffer 6s",
1790445653.579,marker,gnss,52.38570400,-1.39571900,265.70,true,,
1790445653.579,marker,dr,52.38201827,-1.39720666,205.10,true,,
1790445653.580,marker,reconciled,0.00000000,0.00000000,0.00,false,,
1790445653.620,hud,speed,,,,,"17.3 / 17.0",17.250
1790445653.620,hud,heading,,,,,"155° / 94°",154.700
1790445653.621,hud,drift,,,,,"97.53%",97.530
1790445653.621,hud,turns,,,,,"✗ turns: 2/15",
1790445653.621,hud,calib_s,,,,,"✓ Buffer 6s",
1790445653.622,marker,gnss,52.38570400,-1.39571900,265.70,true,,
1790445653.623,marker,dr,52.38200317,-1.39720160,205.30,true,,
1790445653.624,marker,reconciled,0.00000000,0.00000000,0.00,false,,
1790445653.664,hud,speed,,,,,"17.2 / 17.0",17.240
1790445653.664,hud,heading,,,,,"155° / 94°",155.000
1790445653.665,hud,drift,,,,,"97.58%",97.580
1790445653.665,hud,turns,,,,,"✗ turns: 2/15",
1790445653.666,hud,calib_s,,,,,"✓ Buffer 6s",
1790445653.667,marker,gnss,52.38570400,-1.39571900,265.70,true,,
1790445653.668,marker,dr,52.38198818,-1.39719661,205.00,true,,
1790445653.668,marker,reconciled,0.00000000,0.00000000,0.00,false,,
1790445653.707,hud,speed,,,,,"17.5 / 17.0",17.480
1790445653.707,hud,heading,,,,,"155° / 94°",155.200
1790445653.708,hud,drift,,,,,"97.63%",97.630
1790445653.708,hud,turns,,,,,"✗ turns: 2/15",
1790445653.709,hud,calib_s,,,,,"✓ Buffer 6s",
1790445653.709,marker,gnss,52.38570400,-1.39571900,265.70,true,,
1790445653.710,marker,dr,52.38197290,-1.39719202,204.80,true,,
1790445653.711,marker,reconciled,0.00000000,0.00000000,0.00,false,,
1790445653.770,hud,speed,,,,,"17.5 / 17.0",17.460
1790445653.770,hud,heading,,,,,"155° / 94°",155.400
1790445653.771,hud,drift,,,,,"97.69%",97.690
1790445653.772,hud,turns,,,,,"✗ turns: 2/15",
1790445653.772,hud,calib_s,,,,,"✓ Buffer 6s",
1790445653.773,marker,gnss,52.38570400,-1.39571900,265.70,true,,
1790445653.774,marker,dr,52.38195759,-1.39718737,204.60,true,,
1790445653.775,marker,reconciled,0.00000000,0.00000000,0.00,false,,
1790445653.796,hud,speed,,,,,"17.8 / 17.0",17.810
1790445653.796,hud,heading,,,,,"155° / 94°",155.300
1790445653.797,hud,drift,,,,,"97.75%",97.750
1790445653.797,hud,turns,,,,,"✗ turns: 2/15",
1790445653.797,hud,calib_s,,,,,"✓ Buffer 6s",
1790445653.797,marker,gnss,52.38570400,-1.39571900,265.70,true,,
1790445653.798,marker,dr,52.38194195,-1.39718277,204.70,true,,
1790445653.798,marker,reconciled,0.00000000,0.00000000,0.00,false,,
1790445653.832,hud,speed,,,,,"17.7 / 17.0",17.680
1790445653.833,hud,heading,,,,,"155° / 94°",155.400
1790445653.833,hud,drift,,,,,"97.81%",97.810
1790445653.833,hud,turns,,,,,"✗ turns: 2/15",
1790445653.833,hud,calib_s,,,,,"✓ Buffer 6s",
1790445653.833,marker,gnss,52.38570400,-1.39571900,265.70,true,,
1790445653.834,marker,dr,52.38192676,-1.39717786,204.60,true,,
1790445653.834,marker,reconciled,0.00000000,0.00000000,0.00,false,,
1790445653.881,hud,speed,,,,,"17.6 / 17.0",17.590
1790445653.882,hud,heading,,,,,"155° / 94°",155.200
1790445653.882,hud,drift,,,,,"97.86%",97.860
1790445653.882,hud,turns,,,,,"✗ turns: 2/15",
1790445653.883,hud,calib_s,,,,,"✓ Buffer 6s",
1790445653.883,marker,gnss,52.38570400,-1.39571900,265.70,true,,
1790445653.884,marker,dr,52.38191120,-1.39717224,204.80,true,,
1790445653.884,marker,reconciled,0.00000000,0.00000000,0.00,false,,
1790445653.933,hud,speed,,,,,"17.7 / 17.0",17.710
1790445653.934,hud,heading,,,,,"155° / 94°",154.900
1790445653.934,hud,drift,,,,,"97.92%",97.920
1790445653.934,hud,turns,,,,,"✗ turns: 2/15",
1790445653.935,hud,calib_s,,,,,"✓ Buffer 6s",
1790445653.935,marker,gnss,52.38570400,-1.39571900,265.70,true,,
1790445653.936,marker,dr,52.38189562,-1.39716687,205.10,true,,
1790445653.936,marker,reconciled,0.00000000,0.00000000,0.00,false,,
1790445653.987,hud,speed,,,,,"17.8 / 17.0",17.790
1790445653.987,hud,heading,,,,,"154° / 94°",154.200
1790445653.987,hud,drift,,,,,"97.99%",97.990
1790445653.988,hud,turns,,,,,"✗ turns: 2/15",
1790445653.988,hud,calib_s,,,,,"✓ Buffer 6s",
1790445653.988,marker,gnss,52.38570400,-1.39571900,265.70,true,,
1790445653.989,marker,dr,52.38187989,-1.39716203,205.80,true,,
1790445653.990,marker,reconciled,0.00000000,0.00000000,0.00,false,,
1790445654.036,hud,speed,,,,,"18.0 / 17.0",17.980
1790445654.036,hud,heading,,,,,"154° / 94°",153.800
1790445654.037,hud,drift,,,,,"98.06%",98.060
1790445654.037,hud,turns,,,,,"✗ turns: 2/15",
1790445654.037,hud,calib_s,,,,,"✓ Buffer 6s",
1790445654.037,marker,gnss,52.38570400,-1.39571900,265.70,true,,
1790445654.038,marker,dr,52.38186404,-1.39715771,206.20,true,,
1790445654.039,marker,reconciled,0.00000000,0.00000000,0.00,false,,
1790445654.091,hud,speed,,,,,"17.8 / 17.0",17.820
1790445654.091,hud,heading,,,,,"154° / 94°",153.600
1790445654.092,hud,drift,,,,,"98.15%",98.150
1790445654.092,hud,turns,,,,,"✗ turns: 2/15",
1790445654.092,hud,calib_s,,,,,"✓ Buffer 6s",
1790445654.093,marker,gnss,52.38570400,-1.39571900,265.70,true,,
1790445654.093,marker,dr,52.38184762,-1.39715382,206.40,true,,
1790445654.094,marker,reconciled,0.00000000,0.00000000,0.00,false,,
1790445654.137,hud,speed,,,,,"17.7 / 17.0",17.720
1790445654.138,hud,heading,,,,,"154° / 94°",153.500
1790445654.138,hud,drift,,,,,"98.23%",98.230
1790445654.139,hud,turns,,,,,"✗ turns: 2/15",
1790445654.139,hud,calib_s,,,,,"✓ Buffer 6s",
1790445654.140,marker,gnss,52.38570400,-1.39571900,265.70,true,,
1790445654.141,marker,dr,52.38183147,-1.39714963,206.50,true,,
1790445654.141,marker,reconciled,0.00000000,0.00000000,0.00,false,,
1790445654.190,hud,speed,,,,,"17.8 / 17.0",17.830
1790445654.191,hud,heading,,,,,"153° / 94°",153.400
1790445654.191,hud,drift,,,,,"98.30%",98.300
1790445654.191,hud,turns,,,,,"✗ turns: 2/15",
1790445654.191,hud,calib_s,,,,,"✓ Buffer 6s",
1790445654.191,marker,gnss,52.38570400,-1.39571900,265.70,true,,
1790445654.192,marker,dr,52.38181506,-1.39714466,206.60,true,,
1790445654.192,marker,reconciled,0.00000000,0.00000000,0.00,false,,
1790445654.239,hud,speed,,,,,"17.8 / 17.0",17.830
1790445654.240,hud,heading,,,,,"153° / 94°",153.300
1790445654.240,hud,drift,,,,,"98.37%",98.370
1790445654.241,hud,turns,,,,,"✗ turns: 2/15",
1790445654.241,hud,calib_s,,,,,"✓ Buffer 6s",
1790445654.241,marker,gnss,52.38570400,-1.39571900,265.70,true,,
1790445654.242,marker,dr,52.38179912,-1.39713941,206.70,true,,
1790445654.242,marker,reconciled,0.00000000,0.00000000,0.00,false,,
1790445654.295,hud,speed,,,,,"18.1 / 17.0",18.130
1790445654.296,hud,heading,,,,,"153° / 94°",153.000
1790445654.296,hud,drift,,,,,"98.44%",98.440
1790445654.296,hud,turns,,,,,"✗ turns: 2/15",
1790445654.297,hud,calib_s,,,,,"✓ Buffer 6s",
1790445654.298,marker,gnss,52.38570400,-1.39571900,265.70,true,,
1790445654.299,marker,dr,52.38178307,-1.39713389,207.00,true,,
1790445654.299,marker,reconciled,0.00000000,0.00000000,0.00,false,,
1790445654.345,hud,speed,,,,,"17.9 / 17.0",17.850
1790445654.345,hud,heading,,,,,"153° / 94°",152.900
1790445654.345,hud,drift,,,,,"98.52%",98.520
1790445654.346,hud,turns,,,,,"✗ turns: 2/15",
1790445654.346,hud,calib_s,,,,,"✓ Buffer 6s",
1790445654.347,marker,gnss,52.38570400,-1.39571900,265.70,true,,
1790445654.347,marker,dr,52.38176680,-1.39712875,207.10,true,,
1790445654.348,marker,reconciled,0.00000000,0.00000000,0.00,false,,
1790445654.394,hud,speed,,,,,"18.0 / 17.0",17.990
1790445654.394,hud,heading,,,,,"153° / 94°",153.000
1790445654.394,hud,drift,,,,,"98.59%",98.590
1790445654.395,hud,turns,,,,,"✗ turns: 2/15",
1790445654.395,hud,calib_s,,,,,"✓ Buffer 6s",
1790445654.395,marker,gnss,52.38570400,-1.39571900,265.70,true,,
1790445654.396,marker,dr,52.38175040,-1.39712335,207.00,true,,
1790445654.396,marker,reconciled,0.00000000,0.00000000,0.00,false,,
1790445654.446,hud,speed,,,,,"18.1 / 17.0",18.110
1790445654.446,hud,heading,,,,,"153° / 94°",153.100
1790445654.447,hud,drift,,,,,"98.66%",98.660
1790445654.447,hud,turns,,,,,"✗ turns: 2/15",
1790445654.447,hud,calib_s,,,,,"✓ Buffer 6s",
1790445654.448,marker,gnss,52.38570400,-1.39571900,265.70,true,,
1790445654.448,marker,dr,52.38173426,-1.39711772,206.90,true,,
1790445654.449,marker,reconciled,0.00000000,0.00000000,0.00,false,,
1790445654.493,hud,speed,,,,,"18.4 / 17.0",18.350
1790445654.494,hud,heading,,,,,"153° / 94°",153.400
1790445654.494,hud,drift,,,,,"98.73%",98.730
1790445654.494,hud,turns,,,,,"✗ turns: 2/15",
1790445654.495,hud,calib_s,,,,,"✓ Buffer 6s",
1790445654.495,marker,gnss,52.38570400,-1.39571900,265.70,true,,
1790445654.496,marker,dr,52.38171798,-1.39711166,206.60,true,,
1790445654.496,marker,reconciled,0.00000000,0.00000000,0.00,false,,
1790445654.548,hud,speed,,,,,"18.4 / 17.0",18.430
1790445654.549,hud,heading,,,,,"154° / 94°",153.500
1790445654.549,hud,drift,,,,,"98.80%",98.800
1790445654.549,hud,turns,,,,,"✗ turns: 2/15",
1790445654.550,hud,calib_s,,,,,"✓ Buffer 6s",
1790445654.550,marker,gnss,52.38570400,-1.39571900,265.70,true,,
1790445654.551,marker,dr,52.38170165,-1.39710589,206.50,true,,
1790445654.552,marker,reconciled,0.00000000,0.00000000,0.00,false,,
1790445654.599,hud,speed,,,,,"18.9 / 17.0",18.890
1790445654.599,hud,heading,,,,,"153° / 94°",153.100
1790445654.600,hud,drift,,,,,"98.88%",98.880
1790445654.600,hud,turns,,,,,"✗ turns: 2/15",
1790445654.600,hud,calib_s,,,,,"✓ Buffer 6s",
1790445654.601,marker,gnss,52.38570400,-1.39571900,265.70,true,,
1790445654.601,marker,dr,52.38168505,-1.39709967,206.90,true,,
1790445654.601,marker,reconciled,0.00000000,0.00000000,0.00,false,,
1790445654.648,hud,speed,,,,,"18.9 / 17.0",18.910
1790445654.649,hud,heading,,,,,"153° / 94°",152.700
1790445654.649,hud,drift,,,,,"98.96%",98.960
1790445654.649,hud,turns,,,,,"✗ turns: 2/15",
1790445654.650,hud,calib_s,,,,,"✓ Buffer 6s",
1790445654.650,marker,gnss,52.38570400,-1.39571900,265.70,true,,
1790445654.651,marker,dr,52.38166853,-1.39709396,207.30,true,,
1790445654.651,marker,reconciled,0.00000000,0.00000000,0.00,false,,
1790445654.700,hud,speed,,,,,"18.7 / 17.0",18.730
1790445654.700,hud,heading,,,,,"153° / 94°",152.500
1790445654.701,hud,drift,,,,,"99.04%",99.040
1790445654.701,hud,turns,,,,,"✗ turns: 2/15",
1790445654.701,hud,calib_s,,,,,"✓ Buffer 6s",
1790445654.702,marker,gnss,52.38570400,-1.39571900,265.70,true,,
1790445654.703,marker,dr,52.38165169,-1.39708864,207.50,true,,
1790445654.703,marker,reconciled,0.00000000,0.00000000,0.00,false,,
1790445654.750,hud,speed,,,,,"18.3 / 17.0",18.250
1790445654.751,hud,heading,,,,,"152° / 94°",152.400
1790445654.751,hud,drift,,,,,"99.12%",99.120
1790445654.752,hud,turns,,,,,"✗ turns: 2/15",
1790445654.752,hud,calib_s,,,,,"✓ Buffer 6s",
1790445654.752,marker,gnss,52.38570400,-1.39571900,265.70,true,,
1790445654.753,marker,dr,52.38163499,-1.39708349,207.60,true,,
1790445654.753,marker,reconciled,0.00000000,0.00000000,0.00,false,,
1790445654.804,hud,speed,,,,,"18.6 / 17.0",18.610
1790445654.805,hud,heading,,,,,"153° / 94°",152.600
1790445654.805,hud,drift,,,,,"99.20%",99.200
1790445654.806,hud,turns,,,,,"✗ turns: 2/15",
1790445654.806,hud,calib_s,,,,,"✓ Buffer 6s",
1790445654.807,marker,gnss,52.38570400,-1.39571900,265.70,true,,
1790445654.807,marker,dr,52.38161843,-1.39707787,207.40,true,,
1790445654.808,marker,reconciled,0.00000000,0.00000000,0.00,false,,
1790445654.853,hud,speed,,,,,"18.2 / 17.0",18.240
1790445654.854,hud,heading,,,,,"153° / 94°",152.500
1790445654.855,hud,drift,,,,,"99.27%",99.270
1790445654.855,hud,turns,,,,,"✗ turns: 2/15",
1790445654.855,hud,calib_s,,,,,"✓ Buffer 6s",
1790445654.856,marker,gnss,52.38570400,-1.39571900,265.70,true,,
1790445654.857,marker,dr,52.38160192,-1.39707242,207.50,true,,
1790445654.857,marker,reconciled,0.00000000,0.00000000,0.00,false,,
1790445654.900,hud,speed,,,,,"18.0 / 17.0",18.040
1790445654.901,hud,heading,,,,,"153° / 94°",152.500
1790445654.901,hud,drift,,,,,"99.34%",99.340
1790445654.901,hud,turns,,,,,"✗ turns: 2/15",
1790445654.901,hud,calib_s,,,,,"✓ Buffer 6s",
1790445654.902,marker,gnss,52.38570400,-1.39571900,265.70,true,,
1790445654.902,marker,dr,52.38158549,-1.39706656,207.50,true,,
1790445654.902,marker,reconciled,0.00000000,0.00000000,0.00,false,,
1790445654.956,hud,speed,,,,,"17.8 / 17.0",17.820
1790445654.956,hud,heading,,,,,"152° / 94°",152.400
1790445654.957,hud,drift,,,,,"99.40%",99.400
1790445654.957,hud,turns,,,,,"✗ turns: 2/15",
1790445654.957,hud,calib_s,,,,,"✓ Buffer 6s",
1790445654.958,marker,gnss,52.38570400,-1.39571900,265.70,true,,
1790445654.958,marker,dr,52.38156947,-1.39706037,207.60,true,,
1790445654.958,marker,reconciled,0.00000000,0.00000000,0.00,false,,
1790445655.004,hud,speed,,,,,"17.9 / 17.0",17.930
1790445655.005,hud,heading,,,,,"152° / 94°",152.200
1790445655.005,hud,drift,,,,,"99.46%",99.460
1790445655.005,hud,turns,,,,,"✗ turns: 2/15",
1790445655.005,hud,calib_s,,,,,"✓ Buffer 6s",
1790445655.006,marker,gnss,52.38570400,-1.39571900,265.70,true,,
1790445655.006,marker,dr,52.38155372,-1.39705368,207.80,true,,
1790445655.007,marker,reconciled,0.00000000,0.00000000,0.00,false,,
1790445655.101,hud,speed,,,,,"17.6 / 17.0",17.580
1790445655.102,hud,heading,,,,,"152° / 94°",152.100
1790445655.103,hud,drift,,,,,"99.51%",99.510
1790445655.103,hud,turns,,,,,"✗ turns: 2/15",
1790445655.104,hud,calib_s,,,,,"✓ Buffer 6s",
1790445655.104,marker,gnss,52.38570400,-1.39571900,265.70,true,,
1790445655.105,marker,dr,52.38153797,-1.39704721,207.90,true,,
1790445655.105,marker,reconciled,0.00000000,0.00000000,0.00,false,,
1790445655.146,hud,speed,,,,,"17.6 / 17.0",17.630
1790445655.147,hud,heading,,,,,"152° / 94°",152.000
1790445655.147,hud,drift,,,,,"99.56%",99.560
1790445655.148,hud,turns,,,,,"✗ turns: 2/15",
1790445655.148,hud,calib_s,,,,,"✓ Buffer 6s",
1790445655.149,marker,gnss,52.38570400,-1.39571900,265.70,true,,
1790445655.150,marker,dr,52.38152241,-1.39704034,208.00,true,,
1790445655.150,marker,reconciled,0.00000000,0.00000000,0.00,false,,
1790445655.192,hud,speed,,,,,"17.6 / 17.0",17.560
1790445655.192,hud,heading,,,,,"152° / 94°",151.800
1790445655.193,hud,drift,,,,,"99.60%",99.600
1790445655.193,hud,turns,,,,,"✗ turns: 2/15",
1790445655.194,hud,calib_s,,,,,"✓ Buffer 6s",
1790445655.195,marker,gnss,52.38570400,-1.39571900,265.70,true,,
1790445655.195,marker,dr,52.38150701,-1.39703354,208.20,true,,
1790445655.196,marker,reconciled,0.00000000,0.00000000,0.00,false,,
1790445655.259,hud,speed,,,,,"17.1 / 17.0",17.080
1790445655.259,hud,heading,,,,,"152° / 94°",151.700
1790445655.259,hud,drift,,,,,"99.65%",99.650
1790445655.260,hud,turns,,,,,"✗ turns: 2/15",
1790445655.260,hud,calib_s,,,,,"✓ Buffer 6s",
1790445655.261,marker,gnss,52.38570400,-1.39571900,265.70,true,,
1790445655.261,marker,dr,52.38149167,-1.39702693,208.30,true,,
1790445655.261,marker,reconciled,0.00000000,0.00000000,0.00,false,,
1790445655.287,hud,speed,,,,,"17.1 / 17.0",17.100
1790445655.287,hud,heading,,,,,"152° / 94°",151.600
1790445655.287,hud,drift,,,,,"99.68%",99.680
1790445655.288,hud,turns,,,,,"✗ turns: 2/15",
1790445655.288,hud,calib_s,,,,,"✓ Buffer 6s",
1790445655.289,marker,gnss,52.38570400,-1.39571900,265.70,true,,
1790445655.289,marker,dr,52.38147676,-1.39701993,208.40,true,,
1790445655.290,marker,reconciled,0.00000000,0.00000000,0.00,false,,
1790445655.312,hud,speed,,,,,"17.2 / 17.0",17.150
1790445655.313,hud,heading,,,,,"152° / 94°",151.900
1790445655.313,hud,drift,,,,,"99.71%",99.710
1790445655.313,hud,turns,,,,,"✗ turns: 2/15",
1790445655.313,hud,calib_s,,,,,"✓ Buffer 6s",
1790445655.314,marker,gnss,52.38570400,-1.39571900,265.70,true,,
1790445655.315,marker,dr,52.38146190,-1.39701285,208.10,true,,
1790445655.315,marker,reconciled,0.00000000,0.00000000,0.00,false,,
1790445655.364,hud,speed,,,,,"17.0 / 17.0",17.040
1790445655.365,hud,heading,,,,,"152° / 94°",151.600
1790445655.365,hud,drift,,,,,"99.74%",99.740
1790445655.365,hud,turns,,,,,"✗ turns: 2/15",
1790445655.365,hud,calib_s,,,,,"✓ Buffer 6s",
1790445655.365,marker,gnss,52.38570400,-1.39571900,265.70,true,,
1790445655.366,marker,dr,52.38144693,-1.39700595,208.40,true,,
1790445655.366,marker,reconciled,0.00000000,0.00000000,0.00,false,,
1790445655.414,hud,speed,,,,,"16.9 / 17.0",16.900
1790445655.415,hud,heading,,,,,"151° / 94°",151.400
1790445655.415,hud,drift,,,,,"99.77%",99.770
1790445655.415,hud,turns,,,,,"✗ turns: 2/15",
1790445655.416,hud,calib_s,,,,,"✓ Buffer 6s",
1790445655.416,marker,gnss,52.38570400,-1.39571900,265.70,true,,
1790445655.416,marker,dr,52.38143213,-1.39699934,208.60,true,,
1790445655.417,marker,reconciled,0.00000000,0.00000000,0.00,false,,
1790445655.463,hud,speed,,,,,"16.3 / 17.0",16.310
1790445655.463,hud,heading,,,,,"151° / 94°",151.300
1790445655.464,hud,drift,,,,,"99.80%",99.800
1790445655.464,hud,turns,,,,,"✗ turns: 2/15",
1790445655.464,hud,calib_s,,,,,"✓ Buffer 6s",
1790445655.465,marker,gnss,52.38570400,-1.39571900,265.70,true,,
1790445655.466,marker,dr,52.38141759,-1.39699297,208.70,true,,
1790445655.467,marker,reconciled,0.00000000,0.00000000,0.00,false,,
1790445655.513,hud,speed,,,,,"16.3 / 17.0",16.290
1790445655.514,hud,heading,,,,,"151° / 94°",151.300
1790445655.514,hud,drift,,,,,"99.83%",99.830
1790445655.514,hud,turns,,,,,"✗ turns: 2/15",
1790445655.515,hud,calib_s,,,,,"✓ Buffer 6s",
1790445655.515,marker,gnss,52.38570400,-1.39571900,265.70,true,,
1790445655.515,marker,dr,52.38140317,-1.39698593,208.70,true,,
1790445655.516,marker,reconciled,0.00000000,0.00000000,0.00,false,,
1790445655.563,hud,speed,,,,,"16.3 / 17.0",16.260
1790445655.563,hud,heading,,,,,"151° / 94°",151.400
1790445655.564,hud,drift,,,,,"99.84%",99.840
1790445655.564,hud,turns,,,,,"✗ turns: 2/15",
1790445655.564,hud,calib_s,,,,,"✓ Buffer 6s",
1790445655.567,marker,gnss,52.38570400,-1.39571900,265.70,true,,
1790445655.568,marker,dr,52.38138903,-1.39697856,208.60,true,,
1790445655.569,marker,reconciled,0.00000000,0.00000000,0.00,false,,
1790445655.647,hud,speed,,,,,"16.3 / 17.0",16.330
1790445655.648,hud,heading,,,,,"152° / 94°",151.700
1790445655.648,hud,drift,,,,,"99.85%",99.850
1790445655.649,hud,turns,,,,,"✗ turns: 2/15",
1790445655.650,hud,calib_s,,,,,"✓ Buffer 6s",
1790445655.650,marker,gnss,52.38570400,-1.39571900,265.70,true,,
1790445655.651,marker,dr,52.38137495,-1.39697089,208.30,true,,
1790445655.652,marker,reconciled,0.00000000,0.00000000,0.00,false,,
1790445655.673,hud,speed,,,,,"16.1 / 17.0",16.110
1790445655.674,hud,heading,,,,,"152° / 94°",151.700
1790445655.674,hud,drift,,,,,"99.86%",99.860
1790445655.675,hud,turns,,,,,"✗ turns: 2/15",
1790445655.675,hud,calib_s,,,,,"✓ Buffer 6s",
1790445655.675,marker,gnss,52.38570400,-1.39571900,265.70,true,,
1790445655.676,marker,dr,52.38136104,-1.39696355,208.30,true,,
1790445655.676,marker,reconciled,0.00000000,0.00000000,0.00,false,,
1790445655.750,hud,speed,,,,,"16.2 / 17.0",16.190
1790445655.751,hud,heading,,,,,"152° / 94°",151.700
1790445655.751,hud,drift,,,,,"99.87%",99.870
1790445655.752,hud,turns,,,,,"✗ turns: 2/15",
1790445655.752,hud,calib_s,,,,,"✓ Buffer 6s",
1790445655.752,marker,gnss,52.38570400,-1.39571900,265.70,true,,
1790445655.753,marker,dr,52.38134720,-1.39695576,208.30,true,,
1790445655.754,marker,reconciled,0.00000000,0.00000000,0.00,false,,
1790445655.776,hud,speed,,,,,"16.1 / 17.0",16.050
1790445655.777,hud,heading,,,,,"152° / 94°",151.500
1790445655.777,hud,drift,,,,,"99.87%",99.870
1790445655.777,hud,turns,,,,,"✗ turns: 2/15",
1790445655.777,hud,calib_s,,,,,"✓ Buffer 6s",
1790445655.778,marker,gnss,52.38570400,-1.39571900,265.70,true,,
1790445655.778,marker,dr,52.38133355,-1.39694788,208.50,true,,
1790445655.779,marker,reconciled,0.00000000,0.00000000,0.00,false,,
1790445655.817,hud,speed,,,,,"15.8 / 17.0",15.780
1790445655.817,hud,heading,,,,,"151° / 94°",151.400
1790445655.818,hud,drift,,,,,"99.87%",99.870
1790445655.818,hud,turns,,,,,"✗ turns: 2/15",
1790445655.818,hud,calib_s,,,,,"✓ Buffer 6s",
1790445655.819,marker,gnss,52.38570400,-1.39571900,265.70,true,,
1790445655.819,marker,dr,52.38132001,-1.39694026,208.60,true,,
1790445655.820,marker,reconciled,0.00000000,0.00000000,0.00,false,,
1790445655.864,hud,speed,,,,,"15.6 / 17.0",15.630
1790445655.864,hud,heading,,,,,"151° / 94°",151.300
1790445655.864,hud,drift,,,,,"99.87%",99.870
1790445655.865,hud,turns,,,,,"✗ turns: 2/15",
1790445655.865,hud,calib_s,,,,,"✓ Buffer 6s",
1790445655.865,marker,gnss,52.38570400,-1.39571900,265.70,true,,
1790445655.866,marker,dr,52.38130667,-1.39693250,208.70,true,,
1790445655.866,marker,reconciled,0.00000000,0.00000000,0.00,false,,
1790445655.915,hud,speed,,,,,"15.6 / 17.0",15.560
1790445655.916,hud,heading,,,,,"151° / 94°",150.800
1790445655.916,hud,drift,,,,,"99.86%",99.860
1790445655.916,hud,turns,,,,,"✗ turns: 2/15",
1790445655.916,hud,calib_s,,,,,"✓ Buffer 6s",
1790445655.917,marker,gnss,52.38570400,-1.39571900,265.70,true,,
1790445655.917,marker,dr,52.38129347,-1.39692477,209.20,true,,
1790445655.918,marker,reconciled,0.00000000,0.00000000,0.00,false,,
1790445655.965,hud,speed,,,,,"15.3 / 17.0",15.300
1790445655.966,hud,heading,,,,,"151° / 94°",150.600
1790445655.967,hud,drift,,,,,"99.86%",99.860
1790445655.967,hud,turns,,,,,"✗ turns: 2/15",
1790445655.967,hud,calib_s,,,,,"✓ Buffer 6s",
1790445655.968,marker,gnss,52.38570400,-1.39571900,265.70,true,,
1790445655.969,marker,dr,52.38128034,-1.39691728,209.40,true,,
1790445655.969,marker,reconciled,0.00000000,0.00000000,0.00,false,,
1790445656.017,hud,speed,,,,,"15.1 / 17.0",15.130
1790445656.017,hud,heading,,,,,"151° / 94°",150.800
1790445656.017,hud,drift,,,,,"99.85%",99.850
1790445656.018,hud,turns,,,,,"✗ turns: 2/15",
1790445656.018,hud,calib_s,,,,,"✓ Buffer 6s",
1790445656.018,marker,gnss,52.38570400,-1.39571900,265.70,true,,
1790445656.019,marker,dr,52.38126731,-1.39691001,209.20,true,,
1790445656.019,marker,reconciled,0.00000000,0.00000000,0.00,false,,
1790445656.069,hud,speed,,,,,"15.3 / 17.0",15.250
1790445656.069,hud,heading,,,,,"150° / 94°",150.300
1790445656.069,hud,drift,,,,,"99.84%",99.840
1790445656.069,hud,turns,,,,,"✗ turns: 2/15",
1790445656.070,hud,calib_s,,,,,"✓ Buffer 6s",
1790445656.070,marker,gnss,52.38570400,-1.39571900,265.70,true,,
1790445656.071,marker,dr,52.38125444,-1.39690276,209.70,true,,
1790445656.071,marker,reconciled,0.00000000,0.00000000,0.00,false,,
1790445656.119,hud,speed,,,,,"15.2 / 17.0",15.150
1790445656.120,hud,heading,,,,,"150° / 94°",149.900
1790445656.120,hud,drift,,,,,"99.84%",99.840
1790445656.120,hud,turns,,,,,"✗ turns: 2/15",
1790445656.121,hud,calib_s,,,,,"✓ Buffer 6s",
1790445656.121,marker,gnss,52.38570400,-1.39571900,265.70,true,,
1790445656.123,marker,dr,52.38124140,-1.39689572,210.10,true,,
1790445656.124,marker,reconciled,0.00000000,0.00000000,0.00,false,,
1790445656.173,hud,speed,,,,,"14.7 / 17.0",14.680
1790445656.173,hud,heading,,,,,"150° / 94°",149.800
1790445656.173,hud,drift,,,,,"99.83%",99.830
1790445656.174,hud,turns,,,,,"✗ turns: 2/15",
1790445656.174,hud,calib_s,,,,,"✓ Buffer 6s",
1790445656.174,marker,gnss,52.38570400,-1.39571900,265.70,true,,
1790445656.175,marker,dr,52.38122822,-1.39688869,210.20,true,,
1790445656.175,marker,reconciled,0.00000000,0.00000000,0.00,false,,
1790445656.223,hud,speed,,,,,"14.9 / 17.0",14.920
1790445656.224,hud,heading,,,,,"150° / 94°",149.700
1790445656.224,hud,drift,,,,,"99.82%",99.820
1790445656.225,hud,turns,,,,,"✗ turns: 2/15",
1790445656.225,hud,calib_s,,,,,"✓ Buffer 6s",
1790445656.225,marker,gnss,52.38570400,-1.39571900,265.70,true,,
1790445656.226,marker,dr,52.38121529,-1.39688127,210.30,true,,
1790445656.227,marker,reconciled,0.00000000,0.00000000,0.00,false,,
1790445656.273,hud,speed,,,,,"15.1 / 17.0",15.080
1790445656.273,hud,heading,,,,,"150° / 94°",149.500
1790445656.274,hud,drift,,,,,"99.82%",99.820
1790445656.274,hud,turns,,,,,"✗ turns: 2/15",
1790445656.274,hud,calib_s,,,,,"✓ Buffer 6s",
1790445656.275,marker,gnss,52.38570400,-1.39571900,265.70,true,,
1790445656.275,marker,dr,52.38120237,-1.39687362,210.50,true,,
1790445656.276,marker,reconciled,0.00000000,0.00000000,0.00,false,,
1790445656.323,hud,speed,,,,,"14.9 / 17.0",14.920
1790445656.324,hud,heading,,,,,"149° / 94°",149.300
1790445656.324,hud,drift,,,,,"99.81%",99.810
1790445656.324,hud,turns,,,,,"✗ turns: 2/15",
1790445656.325,hud,calib_s,,,,,"✓ Buffer 6s",
1790445656.325,marker,gnss,52.38570400,-1.39571900,265.70,true,,
1790445656.326,marker,dr,52.38118947,-1.39686597,210.70,true,,
1790445656.326,marker,reconciled,0.00000000,0.00000000,0.00,false,,
1790445656.377,hud,speed,,,,,"15.3 / 17.0",15.250
1790445656.377,hud,heading,,,,,"149° / 94°",149.000
1790445656.377,hud,drift,,,,,"99.80%",99.800
1790445656.378,hud,turns,,,,,"✗ turns: 2/15",
1790445656.378,hud,calib_s,,,,,"✓ Buffer 6s",
1790445656.378,marker,gnss,52.38570400,-1.39571900,265.70,true,,
1790445656.379,marker,dr,52.38117663,-1.39685813,211.00,true,,
1790445656.379,marker,reconciled,0.00000000,0.00000000,0.00,false,,
1790445656.427,hud,speed,,,,,"15.4 / 17.0",15.440
1790445656.428,hud,heading,,,,,"148° / 94°",148.400
1790445656.428,hud,drift,,,,,"99.79%",99.790
1790445656.428,hud,turns,,,,,"✗ turns: 2/15",
1790445656.429,hud,calib_s,,,,,"✓ Buffer 6s",
1790445656.429,marker,gnss,52.38570400,-1.39571900,265.70,true,,
1790445656.430,marker,dr,52.38116359,-1.39685014,211.60,true,,
1790445656.432,marker,reconciled,0.00000000,0.00000000,0.00,false,,
1790445656.481,hud,speed,,,,,"15.3 / 17.0",15.330
1790445656.482,hud,heading,,,,,"148° / 94°",148.000
1790445656.482,hud,drift,,,,,"99.78%",99.780
1790445656.482,hud,turns,,,,,"✗ turns: 2/15",
1790445656.483,hud,calib_s,,,,,"✓ Buffer 6s",
1790445656.483,marker,gnss,52.38570400,-1.39571900,265.70,true,,
1790445656.483,marker,dr,52.38115032,-1.39684213,212.00,true,,
1790445656.484,marker,reconciled,0.00000000,0.00000000,0.00,false,,
1790445656.529,hud,speed,,,,,"14.9 / 17.0",14.940
1790445656.529,hud,heading,,,,,"148° / 94°",148.200
1790445656.530,hud,drift,,,,,"99.78%",99.780
1790445656.530,hud,turns,,,,,"✗ turns: 2/15",
1790445656.530,hud,calib_s,,,,,"✓ Buffer 6s",
1790445656.531,marker,gnss,52.38570400,-1.39571900,265.70,true,,
1790445656.531,marker,dr,52.38113726,-1.39683425,211.80,true,,
1790445656.532,marker,reconciled,0.00000000,0.00000000,0.00,false,,
1790445656.579,hud,speed,,,,,"15.2 / 17.0",15.210
1790445656.580,hud,heading,,,,,"148° / 94°",148.300
1790445656.580,hud,drift,,,,,"99.77%",99.770
1790445656.580,hud,turns,,,,,"✗ turns: 2/15",
1790445656.581,hud,calib_s,,,,,"✓ Buffer 6s",
1790445656.581,marker,gnss,52.38570400,-1.39571900,265.70,true,,
1790445656.582,marker,dr,52.38112418,-1.39682579,211.70,true,,
1790445656.582,marker,reconciled,0.00000000,0.00000000,0.00,false,,
1790445656.633,hud,speed,,,,,"15.2 / 17.0",15.240
1790445656.633,hud,heading,,,,,"148° / 94°",148.300
1790445656.633,hud,drift,,,,,"99.76%",99.760
1790445656.634,hud,turns,,,,,"✗ turns: 2/15",
1790445656.634,hud,calib_s,,,,,"✓ Buffer 6s",
1790445656.634,marker,gnss,52.38570400,-1.39571900,265.70,true,,
1790445656.635,marker,dr,52.38111098,-1.39681683,211.70,true,,
1790445656.636,marker,reconciled,0.00000000,0.00000000,0.00,false,,
1790445656.685,hud,speed,,,,,"15.4 / 17.0",15.420
1790445656.686,hud,heading,,,,,"148° / 94°",148.300
1790445656.686,hud,drift,,,,,"99.74%",99.740
1790445656.687,hud,turns,,,,,"✗ turns: 2/15",
1790445656.687,hud,calib_s,,,,,"✓ Buffer 6s",
1790445656.687,marker,gnss,52.38570400,-1.39571900,265.70,true,,
1790445656.688,marker,dr,52.38109795,-1.39680752,211.70,true,,
1790445656.688,marker,reconciled,0.00000000,0.00000000,0.00,false,,
1790445656.733,hud,speed,,,,,"15.6 / 17.0",15.580
1790445656.734,hud,heading,,,,,"148° / 94°",148.300
1790445656.734,hud,drift,,,,,"99.73%",99.730
1790445656.734,hud,turns,,,,,"✗ turns: 2/15",
1790445656.734,hud,calib_s,,,,,"✓ Buffer 6s",
1790445656.735,marker,gnss,52.38570400,-1.39571900,265.70,true,,
1790445656.736,marker,dr,52.38108500,-1.39679776,211.70,true,,
1790445656.736,marker,reconciled,0.00000000,0.00000000,0.00,false,,
1790445656.786,hud,speed,,,,,"15.8 / 17.0",15.790
1790445656.787,hud,heading,,,,,"148° / 94°",148.200
1790445656.787,hud,drift,,,,,"99.71%",99.710
1790445656.787,hud,turns,,,,,"✗ turns: 2/15",
1790445656.788,hud,calib_s,,,,,"✓ Buffer 6s",
1790445656.788,marker,gnss,52.38570400,-1.39571900,265.70,true,,
1790445656.789,marker,dr,52.38107206,-1.39678759,211.80,true,,
1790445656.789,marker,reconciled,0.00000000,0.00000000,0.00,false,,
1790445656.838,hud,speed,,,,,"15.9 / 17.0",15.910
1790445656.838,hud,heading,,,,,"148° / 94°",148.100
1790445656.839,hud,drift,,,,,"99.69%",99.690
1790445656.839,hud,turns,,,,,"✗ turns: 2/15",
1790445656.839,hud,calib_s,,,,,"✓ Buffer 6s",
1790445656.840,marker,gnss,52.38570400,-1.39571900,265.70,true,,
1790445656.841,marker,dr,52.38105926,-1.39677728,211.90,true,,
1790445656.841,marker,reconciled,0.00000000,0.00000000,0.00,false,,
1790445656.888,hud,speed,,,,,"16.1 / 17.0",16.060
1790445656.888,hud,heading,,,,,"148° / 94°",147.800
1790445656.889,hud,drift,,,,,"99.67%",99.670
1790445656.889,hud,turns,,,,,"✗ turns: 2/15",
1790445656.889,hud,calib_s,,,,,"✓ Buffer 6s",
1790445656.890,marker,gnss,52.38570400,-1.39571900,265.70,true,,
1790445656.890,marker,dr,52.38104614,-1.39676664,212.20,true,,
1790445656.891,marker,reconciled,0.00000000,0.00000000,0.00,false,,
1790445656.940,hud,speed,,,,,"16.1 / 17.0",16.050
1790445656.940,hud,heading,,,,,"148° / 94°",147.700
1790445656.941,hud,drift,,,,,"99.65%",99.650
1790445656.941,hud,turns,,,,,"✗ turns: 2/15",
1790445656.941,hud,calib_s,,,,,"✓ Buffer 6s",
1790445656.942,marker,gnss,52.38570400,-1.39571900,265.70,true,,
1790445656.942,marker,dr,52.38103317,-1.39675618,212.30,true,,
1790445656.943,marker,reconciled,0.00000000,0.00000000,0.00,false,,
1790445656.990,hud,speed,,,,,"16.2 / 17.0",16.230
1790445656.990,hud,heading,,,,,"148° / 94°",147.900
1790445656.991,hud,drift,,,,,"99.63%",99.630
1790445656.991,hud,turns,,,,,"✗ turns: 2/15",
1790445656.991,hud,calib_s,,,,,"✓ Buffer 6s",
1790445656.992,marker,gnss,52.38570400,-1.39571900,265.70,true,,
1790445656.993,marker,dr,52.38101995,-1.39674519,212.10,true,,
1790445656.994,marker,reconciled,0.00000000,0.00000000,0.00,false,,
1790445657.040,hud,speed,,,,,"16.4 / 17.0",16.400
1790445657.041,hud,heading,,,,,"148° / 94°",148.000
1790445657.041,hud,drift,,,,,"99.61%",99.610
1790445657.041,hud,turns,,,,,"✗ turns: 2/15",
1790445657.041,hud,calib_s,,,,,"✓ Buffer 6s",
1790445657.042,marker,gnss,52.38570400,-1.39571900,265.70,true,,
1790445657.043,marker,dr,52.38100693,-1.39673427,212.00,true,,
1790445657.043,marker,reconciled,0.00000000,0.00000000,0.00,false,,
1790445657.091,hud,speed,,,,,"16.6 / 17.0",16.570
1790445657.091,hud,heading,,,,,"148° / 94°",148.400
1790445657.091,hud,drift,,,,,"99.60%",99.600
1790445657.092,hud,turns,,,,,"✗ turns: 2/15",
1790445657.092,hud,calib_s,,,,,"✓ Buffer 6s",
1790445657.092,marker,gnss,52.38570400,-1.39571900,265.70,true,,
1790445657.093,marker,dr,52.38099367,-1.39672317,211.60,true,,
1790445657.093,marker,reconciled,0.00000000,0.00000000,0.00,false,,
1790445657.144,hud,speed,,,,,"16.7 / 17.0",16.660
1790445657.145,hud,heading,,,,,"149° / 94°",148.500
1790445657.145,hud,drift,,,,,"99.58%",99.580
1790445657.145,hud,turns,,,,,"✗ turns: 2/15",
1790445657.145,hud,calib_s,,,,,"✓ Buffer 6s",
1790445657.146,marker,gnss,52.38570400,-1.39571900,265.70,true,,
1790445657.146,marker,dr,52.38098015,-1.39671199,211.50,true,,
1790445657.147,marker,reconciled,0.00000000,0.00000000,0.00,false,,
1790445657.193,hud,speed,,,,,"16.7 / 17.0",16.740
1790445657.194,hud,heading,,,,,"149° / 94°",148.500
1790445657.194,hud,drift,,,,,"99.57%",99.570
1790445657.194,hud,turns,,,,,"✗ turns: 2/15",
1790445657.195,hud,calib_s,,,,,"✓ Buffer 6s",
1790445657.195,marker,gnss,52.38570400,-1.39571900,265.70,true,,
1790445657.196,marker,dr,52.38096690,-1.39670081,211.50,true,,
1790445657.196,marker,reconciled,0.00000000,0.00000000,0.00,false,,
1790445657.244,hud,speed,,,,,"16.9 / 17.0",16.870
1790445657.244,hud,heading,,,,,"149° / 94°",148.600
1790445657.245,hud,drift,,,,,"99.55%",99.550
1790445657.245,hud,turns,,,,,"✗ turns: 2/15",
1790445657.245,hud,calib_s,,,,,"✓ Buffer 6s",
1790445657.246,marker,gnss,52.38570400,-1.39571900,265.70,true,,
1790445657.246,marker,dr,52.38095334,-1.39668917,211.40,true,,
1790445657.247,marker,reconciled,0.00000000,0.00000000,0.00,false,,
1790445657.295,hud,speed,,,,,"17.0 / 17.0",17.000
1790445657.295,hud,heading,,,,,"149° / 94°",148.900
1790445657.296,hud,drift,,,,,"99.54%",99.540
1790445657.296,hud,turns,,,,,"✗ turns: 2/15",
1790445657.296,hud,calib_s,,,,,"✓ Buffer 6s",
1790445657.297,marker,gnss,52.38570400,-1.39571900,265.70,true,,
1790445657.297,marker,dr,52.38093982,-1.39667759,211.10,true,,
1790445657.297,marker,reconciled,0.00000000,0.00000000,0.00,false,,
1790445657.345,hud,speed,,,,,"17.1 / 17.0",17.120
1790445657.346,hud,heading,,,,,"149° / 94°",149.300
1790445657.346,hud,drift,,,,,"99.53%",99.530
1790445657.346,hud,turns,,,,,"✗ turns: 2/15",
1790445657.347,hud,calib_s,,,,,"✓ Buffer 6s",
1790445657.347,marker,gnss,52.38570400,-1.39571900,265.70,true,,
1790445657.348,marker,dr,52.38092616,-1.39666604,210.70,true,,
1790445657.348,marker,reconciled,0.00000000,0.00000000,0.00,false,,
1790445657.400,hud,speed,,,,,"17.2 / 16.4",17.210
1790445657.400,hud,heading,,,,,"150° / 127°",149.700
1790445657.401,hud,drift,,,,,"89.37%",89.370
1790445657.401,hud,turns,,,,,"✗ turns: 2/15",
1790445657.402,hud,calib_s,,,,,"✓ Buffer 6s",
1790445657.402,marker,gnss,52.38563500,-1.39424000,233.20,true,,
1790445657.403,marker,dr,52.38091256,-1.39665458,210.30,true,,
1790445657.403,marker,reconciled,0.00000000,0.00000000,0.00,false,,
1790445657.446,hud,speed,,,,,"17.4 / 16.4",17.360
1790445657.446,hud,heading,,,,,"150° / 127°",150.100
1790445657.447,hud,drift,,,,,"89.25%",89.250
1790445657.447,hud,turns,,,,,"✗ turns: 2/15",
1790445657.447,hud,calib_s,,,,,"✓ Buffer 6s",
1790445657.447,marker,gnss,52.38563500,-1.39424000,233.20,true,,
1790445657.448,marker,dr,52.38089856,-1.39664283,209.90,true,,
1790445657.448,marker,reconciled,0.00000000,0.00000000,0.00,false,,
1790445657.500,hud,speed,,,,,"17.5 / 16.4",17.500
1790445657.501,hud,heading,,,,,"150° / 127°",150.300
1790445657.501,hud,drift,,,,,"89.12%",89.120
1790445657.502,hud,turns,,,,,"✗ turns: 2/15",
1790445657.502,hud,calib_s,,,,,"✓ Buffer 6s",
1790445657.503,marker,gnss,52.38563500,-1.39424000,233.20,true,,
1790445657.503,marker,dr,52.38088476,-1.39663128,209.70,true,,
1790445657.504,marker,reconciled,0.00000000,0.00000000,0.00,false,,
1790445657.549,hud,speed,,,,,"17.7 / 16.4",17.730
1790445657.549,hud,heading,,,,,"150° / 127°",150.300
1790445657.549,hud,drift,,,,,"89.00%",89.000
1790445657.550,hud,turns,,,,,"✗ turns: 2/15",
1790445657.550,hud,calib_s,,,,,"✓ Buffer 6s",
1790445657.551,marker,gnss,52.38563500,-1.39424000,233.20,true,,
1790445657.552,marker,dr,52.38087069,-1.39661946,209.70,true,,
1790445657.552,marker,reconciled,0.00000000,0.00000000,0.00,false,,
1790445657.597,hud,speed,,,,,"17.7 / 16.4",17.730
1790445657.598,hud,heading,,,,,"150° / 127°",150.100
1790445657.598,hud,drift,,,,,"88.88%",88.880
1790445657.599,hud,turns,,,,,"✗ turns: 2/15",
1790445657.599,hud,calib_s,,,,,"✓ Buffer 6s",
1790445657.599,marker,gnss,52.38563500,-1.39424000,233.20,true,,
1790445657.600,marker,dr,52.38085648,-1.39660726,209.90,true,,
1790445657.600,marker,reconciled,0.00000000,0.00000000,0.00,false,,
1790445657.651,hud,speed,,,,,"17.8 / 16.4",17.830
1790445657.652,hud,heading,,,,,"150° / 127°",149.900
1790445657.652,hud,drift,,,,,"88.76%",88.760
1790445657.652,hud,turns,,,,,"✗ turns: 2/15",
1790445657.652,hud,calib_s,,,,,"✓ Buffer 6s",
1790445657.653,marker,gnss,52.38563500,-1.39424000,233.20,true,,
1790445657.653,marker,dr,52.38084230,-1.39659511,210.10,true,,
1790445657.654,marker,reconciled,0.00000000,0.00000000,0.00,false,,
1790445657.699,hud,speed,,,,,"18.0 / 16.4",17.950
1790445657.700,hud,heading,,,,,"150° / 127°",149.700
1790445657.700,hud,drift,,,,,"88.65%",88.650
1790445657.700,hud,turns,,,,,"✗ turns: 2/15",
1790445657.700,hud,calib_s,,,,,"✓ Buffer 6s",
1790445657.701,marker,gnss,52.38563500,-1.39424000,233.20,true,,
1790445657.701,marker,dr,52.38082803,-1.39658287,210.30,true,,
1790445657.702,marker,reconciled,0.00000000,0.00000000,0.00,false,,
1790445657.751,hud,speed,,,,,"18.0 / 16.4",17.970
1790445657.752,hud,heading,,,,,"150° / 127°",149.600
1790445657.752,hud,drift,,,,,"88.53%",88.530
1790445657.752,hud,turns,,,,,"✗ turns: 2/15",
1790445657.753,hud,calib_s,,,,,"✓ Buffer 6s",
1790445657.753,marker,gnss,52.38563500,-1.39424000,233.20,true,,
1790445657.754,marker,dr,52.38081375,-1.39657059,210.40,true,,
1790445657.754,marker,reconciled,0.00000000,0.00000000,0.00,false,,
1790445657.802,hud,speed,,,,,"18.0 / 16.4",18.020
1790445657.802,hud,heading,,,,,"149° / 127°",149.400
1790445657.803,hud,drift,,,,,"88.42%",88.420
1790445657.803,hud,turns,,,,,"✗ turns: 2/15",
1790445657.803,hud,calib_s,,,,,"✓ Buffer 6s",
1790445657.803,marker,gnss,52.38563500,-1.39424000,233.20,true,,
1790445657.804,marker,dr,52.38079945,-1.39655819,210.60,true,,
1790445657.804,marker,reconciled,0.00000000,0.00000000,0.00,false,,
1790445657.852,hud,speed,,,,,"18.1 / 16.4",18.080
1790445657.853,hud,heading,,,,,"149° / 127°",149.100
1790445657.853,hud,drift,,,,,"88.30%",88.300
1790445657.853,hud,turns,,,,,"✗ turns: 2/15",
1790445657.853,hud,calib_s,,,,,"✓ Buffer 6s",
1790445657.854,marker,gnss,52.38563500,-1.39424000,233.20,true,,
1790445657.854,marker,dr,52.38078524,-1.39654584,210.90,true,,
1790445657.855,marker,reconciled,0.00000000,0.00000000,0.00,false,,
1790445657.905,hud,speed,,,,,"18.1 / 16.4",18.060
1790445657.905,hud,heading,,,,,"149° / 127°",148.700
1790445657.906,hud,drift,,,,,"88.19%",88.190
1790445657.906,hud,turns,,,,,"✗ turns: 2/15",
1790445657.907,hud,calib_s,,,,,"✓ Buffer 6s",
1790445657.907,marker,gnss,52.38563500,-1.39424000,233.20,true,,
1790445657.908,marker,dr,52.38077092,-1.39653332,211.30,true,,
1790445657.908,marker,reconciled,0.00000000,0.00000000,0.00,false,,
1790445657.954,hud,speed,,,,,"18.0 / 16.4",17.980
1790445657.954,hud,heading,,,,,"149° / 127°",148.600
1790445657.954,hud,drift,,,,,"88.07%",88.070
1790445657.955,hud,turns,,,,,"✗ turns: 2/15",
1790445657.955,hud,calib_s,,,,,"✓ Buffer 6s",
1790445657.955,marker,gnss,52.38563500,-1.39424000,233.20,true,,
1790445657.956,marker,dr,52.38075647,-1.39652072,211.40,true,,
1790445657.956,marker,reconciled,0.00000000,0.00000000,0.00,false,,
1790445658.009,hud,speed,,,,,"18.0 / 16.4",18.030
1790445658.009,hud,heading,,,,,"148° / 127°",148.300
1790445658.010,hud,drift,,,,,"87.96%",87.960
1790445658.010,hud,turns,,,,,"✗ turns: 2/15",
1790445658.010,hud,calib_s,,,,,"✓ Buffer 6s",
1790445658.011,marker,gnss,52.38563500,-1.39424000,233.20,true,,
1790445658.012,marker,dr,52.38074221,-1.39650809,211.70,true,,
1790445658.012,marker,reconciled,0.00000000,0.00000000,0.00,false,,
1790445658.057,hud,speed,,,,,"18.1 / 16.4",18.060
1790445658.058,hud,heading,,,,,"148° / 127°",148.400
1790445658.058,hud,drift,,,,,"87.85%",87.850
1790445658.058,hud,turns,,,,,"✗ turns: 2/15",
1790445658.059,hud,calib_s,,,,,"✓ Buffer 6s",
1790445658.059,marker,gnss,52.38563500,-1.39424000,233.20,true,,
1790445658.060,marker,dr,52.38072800,-1.39649560,211.60,true,,
1790445658.060,marker,reconciled,0.00000000,0.00000000,0.00,false,,
1790445658.109,hud,speed,,,,,"18.1 / 16.4",18.130
1790445658.110,hud,heading,,,,,"149° / 127°",148.700
1790445658.110,hud,drift,,,,,"87.74%",87.740
1790445658.110,hud,turns,,,,,"✗ turns: 2/15",
1790445658.111,hud,calib_s,,,,,"✓ Buffer 6s",
1790445658.111,marker,gnss,52.38563500,-1.39424000,233.20,true,,
1790445658.112,marker,dr,52.38071368,-1.39648287,211.30,true,,
1790445658.112,marker,reconciled,0.00000000,0.00000000,0.00,false,,
1790445658.161,hud,speed,,,,,"18.1 / 16.4",18.120
1790445658.161,hud,heading,,,,,"149° / 127°",148.800
1790445658.162,hud,drift,,,,,"87.62%",87.620
1790445658.162,hud,turns,,,,,"✗ turns: 2/15",
1790445658.163,hud,calib_s,,,,,"✓ Buffer 6s",
1790445658.163,marker,gnss,52.38563500,-1.39424000,233.20,true,,
1790445658.164,marker,dr,52.38069937,-1.39647010,211.20,true,,
1790445658.164,marker,reconciled,0.00000000,0.00000000,0.00,false,,
1790445658.207,hud,speed,,,,,"18.1 / 16.4",18.120
1790445658.207,hud,heading,,,,,"149° / 127°",149.100
1790445658.208,hud,drift,,,,,"87.51%",87.510
1790445658.208,hud,turns,,,,,"✗ turns: 2/15",
1790445658.208,hud,calib_s,,,,,"✓ Buffer 6s",
1790445658.208,marker,gnss,52.38563500,-1.39424000,233.20,true,,
1790445658.209,marker,dr,52.38068498,-1.39645709,210.90,true,,
1790445658.209,marker,reconciled,0.00000000,0.00000000,0.00,false,,
1790445658.257,hud,speed,,,,,"18.2 / 16.4",18.210
1790445658.258,hud,heading,,,,,"149° / 127°",149.200
1790445658.258,hud,drift,,,,,"87.40%",87.400
1790445658.258,hud,turns,,,,,"✗ turns: 2/15",
1790445658.258,hud,calib_s,,,,,"✓ Buffer 6s",
1790445658.259,marker,gnss,52.38563500,-1.39424000,233.20,true,,
1790445658.259,marker,dr,52.38067080,-1.39644428,210.80,true,,
1790445658.260,marker,reconciled,0.00000000,0.00000000,0.00,false,,
1790445658.311,hud,speed,,,,,"18.3 / 16.4",18.260
1790445658.311,hud,heading,,,,,"149° / 127°",149.200
1790445658.312,hud,drift,,,,,"87.29%",87.290
1790445658.312,hud,turns,,,,,"✗ turns: 2/15",
1790445658.312,hud,calib_s,,,,,"✓ Buffer 6s",
1790445658.313,marker,gnss,52.38563500,-1.39424000,233.20,true,,
1790445658.313,marker,dr,52.38065647,-1.39643123,210.80,true,,
1790445658.314,marker,reconciled,0.00000000,0.00000000,0.00,false,,
1790445658.362,hud,speed,,,,,"18.2 / 16.4",18.220
1790445658.363,hud,heading,,,,,"149° / 127°",149.400
1790445658.363,hud,drift,,,,,"87.18%",87.180
1790445658.363,hud,turns,,,,,"✗ turns: 2/15",
1790445658.364,hud,calib_s,,,,,"✓ Buffer 6s",
1790445658.364,marker,gnss,52.38563500,-1.39424000,233.20,true,,
1790445658.365,marker,dr,52.38064219,-1.39641817,210.60,true,,
1790445658.365,marker,reconciled,0.00000000,0.00000000,0.00,false,,
1790445658.412,hud,speed,,,,,"18.2 / 16.4",18.180
1790445658.413,hud,heading,,,,,"149° / 127°",149.200
1790445658.413,hud,drift,,,,,"87.07%",87.070
1790445658.413,hud,turns,,,,,"✗ turns: 2/15",
1790445658.413,hud,calib_s,,,,,"✓ Buffer 6s",
1790445658.414,marker,gnss,52.38563500,-1.39424000,233.20,true,,
1790445658.415,marker,dr,52.38062794,-1.39640511,210.80,true,,
1790445658.415,marker,reconciled,0.00000000,0.00000000,0.00,false,,
1790445658.501,hud,speed,,,,,"18.2 / 16.4",18.210
1790445658.502,hud,heading,,,,,"149° / 127°",148.800
1790445658.503,hud,drift,,,,,"86.96%",86.960
1790445658.503,hud,turns,,,,,"✗ turns: 2/15",
1790445658.503,hud,calib_s,,,,,"✓ Buffer 6s",
1790445658.504,marker,gnss,52.38563500,-1.39424000,233.20,true,,
1790445658.504,marker,dr,52.38061351,-1.39639192,211.20,true,,
1790445658.505,marker,reconciled,0.00000000,0.00000000,0.00,false,,
1790445658.547,hud,speed,,,,,"18.2 / 16.4",18.210
1790445658.548,hud,heading,,,,,"149° / 127°",148.900
1790445658.548,hud,drift,,,,,"86.85%",86.850
1790445658.549,hud,turns,,,,,"✗ turns: 2/15",
1790445658.549,hud,calib_s,,,,,"✓ Buffer 6s",
1790445658.550,marker,gnss,52.38563500,-1.39424000,233.20,true,,
1790445658.550,marker,dr,52.38059920,-1.39637894,211.10,true,,
1790445658.551,marker,reconciled,0.00000000,0.00000000,0.00,false,,
1790445658.614,hud,speed,,,,,"18.2 / 16.4",18.170
1790445658.614,hud,heading,,,,,"149° / 127°",149.000
1790445658.615,hud,drift,,,,,"86.74%",86.740
1790445658.615,hud,turns,,,,,"✗ turns: 2/15",
1790445658.615,hud,calib_s,,,,,"✓ Buffer 6s",
1790445658.616,marker,gnss,52.38563500,-1.39424000,233.20,true,,
1790445658.617,marker,dr,52.38058495,-1.39636591,211.00,true,,
1790445658.617,marker,reconciled,0.00000000,0.00000000,0.00,false,,
1790445658.663,hud,speed,,,,,"18.1 / 16.4",18.100
1790445658.663,hud,heading,,,,,"149° / 127°",149.000
1790445658.664,hud,drift,,,,,"86.63%",86.630
1790445658.664,hud,turns,,,,,"✗ turns: 2/15",
1790445658.664,hud,calib_s,,,,,"✓ Buffer 6s",
1790445658.665,marker,gnss,52.38563500,-1.39424000,233.20,true,,
1790445658.665,marker,dr,52.38057089,-1.39635307,211.00,true,,
1790445658.666,marker,reconciled,0.00000000,0.00000000,0.00,false,,
1790445658.711,hud,speed,,,,,"18.1 / 16.4",18.080
1790445658.711,hud,heading,,,,,"149° / 127°",148.900
1790445658.712,hud,drift,,,,,"86.52%",86.520
1790445658.712,hud,turns,,,,,"✗ turns: 2/15",
1790445658.712,hud,calib_s,,,,,"✓ Buffer 6s",
1790445658.713,marker,gnss,52.38563500,-1.39424000,233.20,true,,
1790445658.713,marker,dr,52.38055673,-1.39634002,211.10,true,,
1790445658.714,marker,reconciled,0.00000000,0.00000000,0.00,false,,
1790445658.760,hud,speed,,,,,"18.1 / 16.4",18.130
1790445658.760,hud,heading,,,,,"149° / 127°",149.400
1790445658.761,hud,drift,,,,,"86.41%",86.410
1790445658.761,hud,turns,,,,,"✗ turns: 2/15",
1790445658.761,hud,calib_s,,,,,"✓ Buffer 6s",
1790445658.762,marker,gnss,52.38563500,-1.39424000,233.20,true,,
1790445658.763,marker,dr,52.38054243,-1.39632672,210.60,true,,
1790445658.763,marker,reconciled,0.00000000,0.00000000,0.00,false,,
1790445658.809,hud,speed,,,,,"18.1 / 16.4",18.070
1790445658.810,hud,heading,,,,,"150° / 127°",149.800
1790445658.810,hud,drift,,,,,"86.30%",86.300
1790445658.811,hud,turns,,,,,"✗ turns: 2/15",
1790445658.811,hud,calib_s,,,,,"✓ Buffer 6s",
1790445658.812,marker,gnss,52.38563500,-1.39424000,233.20,true,,
1790445658.813,marker,dr,52.38052832,-1.39631357,210.20,true,,
1790445658.813,marker,reconciled,0.00000000,0.00000000,0.00,false,,
1790445658.858,hud,speed,,,,,"17.9 / 16.4",17.940
1790445658.858,hud,heading,,,,,"150° / 127°",149.800
1790445658.859,hud,drift,,,,,"86.19%",86.190
1790445658.859,hud,turns,,,,,"✗ turns: 2/15",
1790445658.860,hud,calib_s,,,,,"✓ Buffer 6s",
1790445658.860,marker,gnss,52.38563500,-1.39424000,233.20,true,,
1790445658.861,marker,dr,52.38051436,-1.39630042,210.20,true,,
1790445658.861,marker,reconciled,0.00000000,0.00000000,0.00,false,,
1790445658.908,hud,speed,,,,,"18.0 / 16.4",17.960
1790445658.909,hud,heading,,,,,"150° / 127°",149.600
1790445658.909,hud,drift,,,,,"86.08%",86.080
1790445658.910,hud,turns,,,,,"✗ turns: 2/15",
1790445658.910,hud,calib_s,,,,,"✓ Buffer 6s",
1790445658.911,marker,gnss,52.38563500,-1.39424000,233.20,true,,
1790445658.912,marker,dr,52.38050040,-1.39628721,210.40,true,,
1790445658.913,marker,reconciled,0.00000000,0.00000000,0.00,false,,
1790445658.958,hud,speed,,,,,"17.8 / 16.4",17.800
1790445658.959,hud,heading,,,,,"149° / 127°",149.300
1790445658.959,hud,drift,,,,,"85.96%",85.960
1790445658.960,hud,turns,,,,,"✗ turns: 2/15",
1790445658.960,hud,calib_s,,,,,"✓ Buffer 6s",
1790445658.961,marker,gnss,52.38563500,-1.39424000,233.20,true,,
1790445658.962,marker,dr,52.38048656,-1.39627409,210.70,true,,
1790445658.962,marker,reconciled,0.00000000,0.00000000,0.00,false,,
1790445658.988,hud,speed,,,,,"17.7 / 16.4",17.680
1790445658.988,hud,heading,,,,,"149° / 127°",148.900
1790445658.988,hud,drift,,,,,"85.85%",85.850
1790445658.989,hud,turns,,,,,"✗ turns: 2/15",
1790445658.989,hud,calib_s,,,,,"✓ Buffer 6s",
1790445658.989,marker,gnss,52.38563500,-1.39424000,233.20,true,,
1790445658.990,marker,dr,52.38047284,-1.39626100,211.10,true,,
1790445658.991,marker,reconciled,0.00000000,0.00000000,0.00,false,,
1790445659.028,hud,speed,,,,,"17.5 / 16.4",17.470
1790445659.028,hud,heading,,,,,"148° / 127°",148.400
1790445659.029,hud,drift,,,,,"85.74%",85.740
1790445659.029,hud,turns,,,,,"✗ turns: 2/15",
1790445659.029,hud,calib_s,,,,,"✓ Buffer 6s",
1790445659.030,marker,gnss,52.38563500,-1.39424000,233.20,true,,
1790445659.030,marker,dr,52.38045947,-1.39624803,211.60,true,,
1790445659.031,marker,reconciled,0.00000000,0.00000000,0.00,false,,
1790445659.076,hud,speed,,,,,"17.3 / 16.4",17.280
1790445659.076,hud,heading,,,,,"148° / 127°",148.200
1790445659.077,hud,drift,,,,,"85.62%",85.620
1790445659.077,hud,turns,,,,,"✗ turns: 2/15",
1790445659.077,hud,calib_s,,,,,"✓ Buffer 6s",
1790445659.077,marker,gnss,52.38563500,-1.39424000,233.20,true,,
1790445659.078,marker,dr,52.38044597,-1.39623494,211.80,true,,
1790445659.078,marker,reconciled,0.00000000,0.00000000,0.00,false,,
1790445659.127,hud,speed,,,,,"17.2 / 16.4",17.210
1790445659.127,hud,heading,,,,,"148° / 127°",148.000
1790445659.127,hud,drift,,,,,"85.50%",85.500
1790445659.127,hud,turns,,,,,"✗ turns: 2/15",
1790445659.128,hud,calib_s,,,,,"✓ Buffer 6s",
1790445659.128,marker,gnss,52.38563500,-1.39424000,233.20,true,,
1790445659.128,marker,dr,52.38043270,-1.39622193,212.00,true,,
1790445659.129,marker,reconciled,0.00000000,0.00000000,0.00,false,,
1790445659.182,hud,speed,,,,,"17.2 / 16.4",17.200
1790445659.183,hud,heading,,,,,"148° / 127°",147.700
1790445659.183,hud,drift,,,,,"85.38%",85.380
1790445659.184,hud,turns,,,,,"✗ turns: 2/15",
1790445659.184,hud,calib_s,,,,,"✓ Buffer 6s",
1790445659.184,marker,gnss,52.38563500,-1.39424000,233.20,true,,
1790445659.185,marker,dr,52.38041957,-1.39620904,212.30,true,,
1790445659.186,marker,reconciled,0.00000000,0.00000000,0.00,false,,
1790445659.233,hud,speed,,,,,"17.0 / 16.4",16.950
1790445659.233,hud,heading,,,,,"148° / 127°",147.800
1790445659.233,hud,drift,,,,,"85.26%",85.260
1790445659.233,hud,turns,,,,,"✗ turns: 2/15",
1790445659.234,hud,calib_s,,,,,"✓ Buffer 6s",
1790445659.234,marker,gnss,52.38563500,-1.39424000,233.20,true,,
1790445659.234,marker,dr,52.38040639,-1.39619600,212.20,true,,
1790445659.235,marker,reconciled,0.00000000,0.00000000,0.00,false,,
1790445659.291,hud,speed,,,,,"17.0 / 16.4",16.970
1790445659.292,hud,heading,,,,,"148° / 127°",147.700
1790445659.292,hud,drift,,,,,"85.14%",85.140
1790445659.292,hud,turns,,,,,"✗ turns: 2/15",
1790445659.292,hud,calib_s,,,,,"✓ Buffer 6s",
1790445659.293,marker,gnss,52.38563500,-1.39424000,233.20,true,,
1790445659.293,marker,dr,52.38039351,-1.39618307,212.30,true,,
1790445659.294,marker,reconciled,0.00000000,0.00000000,0.00,false,,
1790445659.334,hud,speed,,,,,"17.0 / 16.4",17.000
1790445659.335,hud,heading,,,,,"148° / 127°",147.900
1790445659.335,hud,drift,,,,,"85.02%",85.020
1790445659.335,hud,turns,,,,,"✗ turns: 2/15",
1790445659.336,hud,calib_s,,,,,"✓ Buffer 6s",
1790445659.336,marker,gnss,52.38563500,-1.39424000,233.20,true,,
1790445659.336,marker,dr,52.38038053,-1.39616989,212.10,true,,
1790445659.336,marker,reconciled,0.00000000,0.00000000,0.00,false,,
1790445659.384,hud,speed,,,,,"16.9 / 16.4",16.890
1790445659.385,hud,heading,,,,,"148° / 127°",148.000
1790445659.385,hud,drift,,,,,"84.90%",84.900
1790445659.385,hud,turns,,,,,"✗ turns: 2/15",
1790445659.385,hud,calib_s,,,,,"✓ Buffer 6s",
1790445659.386,marker,gnss,52.38563500,-1.39424000,233.20,true,,
1790445659.386,marker,dr,52.38036766,-1.39615676,212.00,true,,
1790445659.387,marker,reconciled,0.00000000,0.00000000,0.00,false,,
1790445659.438,hud,speed,,,,,"16.9 / 16.4",16.860
1790445659.438,hud,heading,,,,,"148° / 127°",148.000
1790445659.439,hud,drift,,,,,"84.77%",84.770
1790445659.439,hud,turns,,,,,"✗ turns: 2/15",
1790445659.439,hud,calib_s,,,,,"✓ Buffer 6s",
1790445659.439,marker,gnss,52.38563500,-1.39424000,233.20,true,,
1790445659.440,marker,dr,52.38035471,-1.39614344,212.00,true,,
1790445659.440,marker,reconciled,0.00000000,0.00000000,0.00,false,,
1790445659.486,hud,speed,,,,,"16.9 / 16.4",16.920
1790445659.486,hud,heading,,,,,"148° / 127°",147.800
1790445659.487,hud,drift,,,,,"84.65%",84.650
1790445659.487,hud,turns,,,,,"✗ turns: 2/15",
1790445659.487,hud,calib_s,,,,,"✓ Buffer 6s",
1790445659.487,marker,gnss,52.38563500,-1.39424000,233.20,true,,
1790445659.488,marker,dr,52.38034200,-1.39613028,212.20,true,,
1790445659.488,marker,reconciled,0.00000000,0.00000000,0.00,false,,
1790445659.541,hud,speed,,,,,"16.9 / 16.4",16.900
1790445659.541,hud,heading,,,,,"148° / 127°",147.700
1790445659.542,hud,drift,,,,,"84.53%",84.530
1790445659.542,hud,turns,,,,,"✗ turns: 2/15",
1790445659.542,hud,calib_s,,,,,"✓ Buffer 6s",
1790445659.543,marker,gnss,52.38563500,-1.39424000,233.20,true,,
1790445659.543,marker,dr,52.38032908,-1.39611679,212.30,true,,
1790445659.543,marker,reconciled,0.00000000,0.00000000,0.00,false,,
1790445659.589,hud,speed,,,,,"17.0 / 16.4",16.990
1790445659.589,hud,heading,,,,,"147° / 127°",147.400
1790445659.590,hud,drift,,,,,"84.41%",84.410
1790445659.590,hud,turns,,,,,"✗ turns: 2/15",
1790445659.590,hud,calib_s,,,,,"✓ Buffer 6s",
1790445659.591,marker,gnss,52.38563500,-1.39424000,233.20,true,,
1790445659.591,marker,dr,52.38031625,-1.39610326,212.60,true,,
1790445659.591,marker,reconciled,0.00000000,0.00000000,0.00,false,,
1790445659.639,hud,speed,,,,,"17.0 / 16.4",17.000
1790445659.640,hud,heading,,,,,"147° / 127°",147.300
1790445659.640,hud,drift,,,,,"84.28%",84.280
1790445659.640,hud,turns,,,,,"✗ turns: 2/15",
1790445659.640,hud,calib_s,,,,,"✓ Buffer 6s",
1790445659.641,marker,gnss,52.38563500,-1.39424000,233.20,true,,
1790445659.641,marker,dr,52.38030344,-1.39608967,212.70,true,,
1790445659.641,marker,reconciled,0.00000000,0.00000000,0.00,false,,
1790445659.691,hud,speed,,,,,"17.1 / 16.4",17.120
1790445659.692,hud,heading,,,,,"147° / 127°",147.100
1790445659.692,hud,drift,,,,,"84.17%",84.170
1790445659.692,hud,turns,,,,,"✗ turns: 2/15",
1790445659.692,hud,calib_s,,,,,"✓ Buffer 6s",
1790445659.693,marker,gnss,52.38563500,-1.39424000,233.20,true,,
1790445659.693,marker,dr,52.38029068,-1.39607608,212.90,true,,
1790445659.693,marker,reconciled,0.00000000,0.00000000,0.00,false,,
1790445659.741,hud,speed,,,,,"17.2 / 16.4",17.170
1790445659.742,hud,heading,,,,,"147° / 127°",147.200
1790445659.742,hud,drift,,,,,"84.04%",84.040
1790445659.742,hud,turns,,,,,"✗ turns: 2/15",
1790445659.743,hud,calib_s,,,,,"✓ Buffer 6s",
1790445659.743,marker,gnss,52.38563500,-1.39424000,233.20,true,,
1790445659.743,marker,dr,52.38027765,-1.39606213,212.80,true,,
1790445659.744,marker,reconciled,0.00000000,0.00000000,0.00,false,,
1790445659.793,hud,speed,,,,,"17.2 / 16.4",17.220
1790445659.794,hud,heading,,,,,"147° / 127°",147.200
1790445659.794,hud,drift,,,,,"83.93%",83.930
1790445659.794,hud,turns,,,,,"✗ turns: 2/15",
1790445659.795,hud,calib_s,,,,,"✓ Buffer 6s",
1790445659.795,marker,gnss,52.38563500,-1.39424000,233.20,true,,
1790445659.795,marker,dr,52.38026476,-1.39604822,212.80,true,,
1790445659.796,marker,reconciled,0.00000000,0.00000000,0.00,false,,
1790445659.845,hud,speed,,,,,"17.3 / 16.4",17.310
1790445659.845,hud,heading,,,,,"147° / 127°",147.300
1790445659.846,hud,drift,,,,,"83.81%",83.810
1790445659.846,hud,turns,,,,,"✗ turns: 2/15",
1790445659.846,hud,calib_s,,,,,"✓ Buffer 6s",
1790445659.847,marker,gnss,52.38563500,-1.39424000,233.20,true,,
1790445659.847,marker,dr,52.38025194,-1.39603429,212.70,true,,
1790445659.848,marker,reconciled,0.00000000,0.00000000,0.00,false,,
1790445659.897,hud,speed,,,,,"17.4 / 16.4",17.400
1790445659.898,hud,heading,,,,,"148° / 127°",147.600
1790445659.898,hud,drift,,,,,"83.69%",83.690
1790445659.898,hud,turns,,,,,"✗ turns: 2/15",
1790445659.899,hud,calib_s,,,,,"✓ Buffer 6s",
1790445659.899,marker,gnss,52.38563500,-1.39424000,233.20,true,,
1790445659.899,marker,dr,52.38023895,-1.39602007,212.40,true,,
1790445659.900,marker,reconciled,0.00000000,0.00000000,0.00,false,,
1790445659.949,hud,speed,,,,,"17.5 / 16.4",17.450
1790445659.949,hud,heading,,,,,"148° / 127°",147.700
1790445659.949,hud,drift,,,,,"83.57%",83.570
1790445659.950,hud,turns,,,,,"✗ turns: 2/15",
1790445659.950,hud,calib_s,,,,,"✓ Buffer 6s",
1790445659.950,marker,gnss,52.38563500,-1.39424000,233.20,true,,
1790445659.951,marker,dr,52.38022580,-1.39600565,212.30,true,,
1790445659.951,marker,reconciled,0.00000000,0.00000000,0.00,false,,
1790445659.998,hud,speed,,,,,"17.3 / 16.4",17.290
1790445659.998,hud,heading,,,,,"148° / 127°",148.000
1790445659.999,hud,drift,,,,,"83.45%",83.450
1790445659.999,hud,turns,,,,,"✗ turns: 2/15",
1790445659.999,hud,calib_s,,,,,"✓ Buffer 6s",
1790445659.999,marker,gnss,52.38563500,-1.39424000,233.20,true,,
1790445660.000,marker,dr,52.38021292,-1.39599143,212.00,true,,
1790445660.000,marker,reconciled,0.00000000,0.00000000,0.00,false,,
1790445660.053,hud,speed,,,,,"17.5 / 16.4",17.450
1790445660.053,hud,heading,,,,,"148° / 127°",147.900
1790445660.053,hud,drift,,,,,"83.34%",83.340
1790445660.054,hud,turns,,,,,"✗ turns: 2/15",
1790445660.054,hud,calib_s,,,,,"✓ Buffer 6s",
1790445660.055,marker,gnss,52.38563500,-1.39424000,233.20,true,,
1790445660.055,marker,dr,52.38019995,-1.39597698,212.10,true,,
1790445660.056,marker,reconciled,0.00000000,0.00000000,0.00,false,,
1790445660.099,hud,speed,,,,,"17.5 / 16.4",17.510
1790445660.100,hud,heading,,,,,"148° / 127°",147.600
1790445660.100,hud,drift,,,,,"83.22%",83.220
1790445660.100,hud,turns,,,,,"✗ turns: 2/15",
1790445660.100,hud,calib_s,,,,,"✓ Buffer 6s",
1790445660.101,marker,gnss,52.38563500,-1.39424000,233.20,true,,
1790445660.101,marker,dr,52.38018697,-1.39596243,212.40,true,,
1790445660.101,marker,reconciled,0.00000000,0.00000000,0.00,false,,
1790445660.149,hud,speed,,,,,"17.6 / 16.4",17.630
1790445660.150,hud,heading,,,,,"148° / 127°",147.700
1790445660.150,hud,drift,,,,,"83.10%",83.100
1790445660.150,hud,turns,,,,,"✗ turns: 2/15",
1790445660.150,hud,calib_s,,,,,"✓ Buffer 6s",
1790445660.151,marker,gnss,52.38563500,-1.39424000,233.20,true,,
1790445660.151,marker,dr,52.38017397,-1.39594765,212.30,true,,
1790445660.151,marker,reconciled,0.00000000,0.00000000,0.00,false,,
1790445660.205,hud,speed,,,,,"17.6 / 16.4",17.590
1790445660.205,hud,heading,,,,,"147° / 127°",147.200
1790445660.206,hud,drift,,,,,"82.99%",82.990
1790445660.206,hud,turns,,,,,"✗ turns: 2/15",
1790445660.206,hud,calib_s,,,,,"✓ Buffer 6s",
1790445660.207,marker,gnss,52.38563500,-1.39424000,233.20,true,,
1790445660.207,marker,dr,52.38016109,-1.39593315,212.80,true,,
1790445660.207,marker,reconciled,0.00000000,0.00000000,0.00,false,,
1790445660.252,hud,speed,,,,,"17.7 / 16.4",17.680
1790445660.252,hud,heading,,,,,"147° / 127°",147.200
1790445660.253,hud,drift,,,,,"82.87%",82.870
1790445660.253,hud,turns,,,,,"✗ turns: 2/15",
1790445660.253,hud,calib_s,,,,,"✓ Buffer 6s",
1790445660.253,marker,gnss,52.38563500,-1.39424000,233.20,true,,
1790445660.254,marker,dr,52.38014796,-1.39591818,212.80,true,,
1790445660.254,marker,reconciled,0.00000000,0.00000000,0.00,false,,
1790445660.307,hud,speed,,,,,"17.7 / 16.4",17.670
1790445660.308,hud,heading,,,,,"147° / 127°",147.000
1790445660.308,hud,drift,,,,,"82.76%",82.760
1790445660.308,hud,turns,,,,,"✗ turns: 2/15",
1790445660.309,hud,calib_s,,,,,"✓ Buffer 6s",
1790445660.309,marker,gnss,52.38563500,-1.39424000,233.20,true,,
1790445660.309,marker,dr,52.38013509,-1.39590352,213.00,true,,
1790445660.310,marker,reconciled,0.00000000,0.00000000,0.00,false,,
1790445660.355,hud,speed,,,,,"17.5 / 16.4",17.530
1790445660.355,hud,heading,,,,,"147° / 127°",146.900
1790445660.356,hud,drift,,,,,"82.64%",82.640
1790445660.356,hud,turns,,,,,"✗ turns: 2/15",
1790445660.356,hud,calib_s,,,,,"✓ Buffer 6s",
1790445660.356,marker,gnss,52.38563500,-1.39424000,233.20,true,,
1790445660.357,marker,dr,52.38012184,-1.39588830,213.10,true,,
1790445660.357,marker,reconciled,0.00000000,0.00000000,0.00,false,,
1790445660.408,hud,speed,,,,,"17.4 / 16.4",17.390
1790445660.408,hud,heading,,,,,"147° / 127°",147.100
1790445660.409,hud,drift,,,,,"82.52%",82.520
1790445660.409,hud,turns,,,,,"✗ turns: 2/15",
1790445660.409,hud,calib_s,,,,,"✓ Buffer 6s",
1790445660.409,marker,gnss,52.38563500,-1.39424000,233.20,true,,
1790445660.410,marker,dr,52.38010936,-1.39587383,212.90,true,,
1790445660.410,marker,reconciled,0.00000000,0.00000000,0.00,false,,
1790445660.460,hud,speed,,,,,"17.5 / 16.4",17.520
1790445660.461,hud,heading,,,,,"147° / 127°",147.300
1790445660.461,hud,drift,,,,,"82.40%",82.400
1790445660.462,hud,turns,,,,,"✗ turns: 2/15",
1790445660.462,hud,calib_s,,,,,"✓ Buffer 6s",
1790445660.462,marker,gnss,52.38563500,-1.39424000,233.20,true,,
1790445660.463,marker,dr,52.38009670,-1.39585901,212.70,true,,
1790445660.463,marker,reconciled,0.00000000,0.00000000,0.00,false,,
1790445660.508,hud,speed,,,,,"17.5 / 16.4",17.460
1790445660.508,hud,heading,,,,,"147° / 127°",147.100
1790445660.508,hud,drift,,,,,"82.29%",82.290
1790445660.508,hud,turns,,,,,"✗ turns: 2/15",
1790445660.509,hud,calib_s,,,,,"✓ Buffer 6s",
1790445660.509,marker,gnss,52.38563500,-1.39424000,233.20,true,,
1790445660.509,marker,dr,52.38008400,-1.39584399,212.90,true,,
1790445660.510,marker,reconciled,0.00000000,0.00000000,0.00,false,,
1790445660.559,hud,speed,,,,,"17.5 / 16.4",17.530
1790445660.559,hud,heading,,,,,"147° / 127°",147.000
1790445660.559,hud,drift,,,,,"82.17%",82.170
1790445660.560,hud,turns,,,,,"✗ turns: 2/15",
1790445660.560,hud,calib_s,,,,,"✓ Buffer 6s",
1790445660.561,marker,gnss,52.38563500,-1.39424000,233.20,true,,
1790445660.561,marker,dr,52.38007128,-1.39582890,213.00,true,,
1790445660.562,marker,reconciled,0.00000000,0.00000000,0.00,false,,
1790445660.609,hud,speed,,,,,"17.5 / 16.4",17.510
1790445660.610,hud,heading,,,,,"147° / 127°",147.000
1790445660.610,hud,drift,,,,,"82.05%",82.050
1790445660.610,hud,turns,,,,,"✗ turns: 2/15",
1790445660.611,hud,calib_s,,,,,"✓ Buffer 6s",
1790445660.611,marker,gnss,52.38563500,-1.39424000,233.20,true,,
1790445660.611,marker,dr,52.38005844,-1.39581370,213.00,true,,
1790445660.612,marker,reconciled,0.00000000,0.00000000,0.00,false,,
1790445660.660,hud,speed,,,,,"17.5 / 16.4",17.450
1790445660.660,hud,heading,,,,,"147° / 127°",146.900
1790445660.660,hud,drift,,,,,"81.93%",81.930
1790445660.660,hud,turns,,,,,"✗ turns: 2/15",
1790445660.661,hud,calib_s,,,,,"✓ Buffer 6s",
1790445660.661,marker,gnss,52.38563500,-1.39424000,233.20,true,,
1790445660.661,marker,dr,52.38004577,-1.39579871,213.10,true,,
1790445660.662,marker,reconciled,0.00000000,0.00000000,0.00,false,,
1790445660.712,hud,speed,,,,,"17.7 / 16.4",17.720
1790445660.712,hud,heading,,,,,"147° / 127°",146.800
1790445660.712,hud,drift,,,,,"81.82%",81.820
1790445660.713,hud,turns,,,,,"✗ turns: 2/15",
1790445660.713,hud,calib_s,,,,,"✓ Buffer 6s",
1790445660.713,marker,gnss,52.38563500,-1.39424000,233.20,true,,
1790445660.714,marker,dr,52.38003292,-1.39578345,213.20,true,,
1790445660.715,marker,reconciled,0.00000000,0.00000000,0.00,false,,
1790445660.762,hud,speed,,,,,"17.8 / 16.4",17.840
1790445660.762,hud,heading,,,,,"147° / 127°",146.600
1790445660.762,hud,drift,,,,,"81.71%",81.710
1790445660.763,hud,turns,,,,,"✗ turns: 2/15",
1790445660.763,hud,calib_s,,,,,"✓ Buffer 6s",
1790445660.763,marker,gnss,52.38563500,-1.39424000,233.20,true,,
1790445660.764,marker,dr,52.38001994,-1.39576812,213.40,true,,
1790445660.764,marker,reconciled,0.00000000,0.00000000,0.00,false,,
1790445660.811,hud,speed,,,,,"18.0 / 16.4",17.980
1790445660.811,hud,heading,,,,,"147° / 127°",146.600
1790445660.812,hud,drift,,,,,"81.60%",81.600
1790445660.812,hud,turns,,,,,"✗ turns: 2/15",
1790445660.812,hud,calib_s,,,,,"✓ Buffer 6s",
1790445660.813,marker,gnss,52.38563500,-1.39424000,233.20,true,,
1790445660.813,marker,dr,52.38000706,-1.39575276,213.40,true,,
1790445660.813,marker,reconciled,0.00000000,0.00000000,0.00,false,,
1790445660.861,hud,speed,,,,,"18.1 / 16.4",18.100
1790445660.861,hud,heading,,,,,"146° / 127°",146.300
1790445660.862,hud,drift,,,,,"81.48%",81.480
1790445660.862,hud,turns,,,,,"✗ turns: 2/15",
1790445660.862,hud,calib_s,,,,,"✓ Buffer 6s",
1790445660.863,marker,gnss,52.38563500,-1.39424000,233.20,true,,
1790445660.863,marker,dr,52.37999380,-1.39573695,213.70,true,,
1790445660.863,marker,reconciled,0.00000000,0.00000000,0.00,false,,
1790445660.914,hud,speed,,,,,"18.3 / 16.4",18.270
1790445660.915,hud,heading,,,,,"146° / 127°",146.200
1790445660.915,hud,drift,,,,,"81.37%",81.370
1790445660.915,hud,turns,,,,,"✗ turns: 2/15",
1790445660.916,hud,calib_s,,,,,"✓ Buffer 6s",
1790445660.916,marker,gnss,52.38563500,-1.39424000,233.20,true,,
1790445660.917,marker,dr,52.37998078,-1.39572120,213.80,true,,
1790445660.917,marker,reconciled,0.00000000,0.00000000,0.00,false,,
1790445660.967,hud,speed,,,,,"18.4 / 16.4",18.380
1790445660.967,hud,heading,,,,,"146° / 127°",146.100
1790445660.967,hud,drift,,,,,"81.26%",81.260
1790445660.968,hud,turns,,,,,"✗ turns: 2/15",
1790445660.968,hud,calib_s,,,,,"✓ Buffer 6s",
1790445660.968,marker,gnss,52.38563500,-1.39424000,233.20,true,,
1790445660.969,marker,dr,52.37996744,-1.39570504,213.90,true,,
1790445660.969,marker,reconciled,0.00000000,0.00000000,0.00,false,,
1790445661.018,hud,speed,,,,,"18.5 / 16.4",18.490
1790445661.018,hud,heading,,,,,"146° / 127°",146.000
1790445661.018,hud,drift,,,,,"81.16%",81.160
1790445661.019,hud,turns,,,,,"✗ turns: 2/15",
1790445661.019,hud,calib_s,,,,,"✓ Buffer 6s",
1790445661.019,marker,gnss,52.38563500,-1.39424000,233.20,true,,
1790445661.020,marker,dr,52.37995427,-1.39568906,214.00,true,,
1790445661.020,marker,reconciled,0.00000000,0.00000000,0.00,false,,
1790445661.068,hud,speed,,,,,"18.6 / 16.4",18.590
1790445661.068,hud,heading,,,,,"146° / 127°",146.200
1790445661.068,hud,drift,,,,,"81.05%",81.050
1790445661.069,hud,turns,,,,,"✗ turns: 2/15",
1790445661.069,hud,calib_s,,,,,"✓ Buffer 6s",
1790445661.069,marker,gnss,52.38563500,-1.39424000,233.20,true,,
1790445661.069,marker,dr,52.37994079,-1.39567250,213.80,true,,
1790445661.070,marker,reconciled,0.00000000,0.00000000,0.00,false,,
1790445661.118,hud,speed,,,,,"18.6 / 16.4",18.630
1790445661.119,hud,heading,,,,,"147° / 127°",146.500
1790445661.119,hud,drift,,,,,"80.94%",80.940
1790445661.119,hud,turns,,,,,"✗ turns: 2/15",
1790445661.120,hud,calib_s,,,,,"✓ Buffer 6s",
1790445661.120,marker,gnss,52.38563500,-1.39424000,233.20,true,,
1790445661.120,marker,dr,52.37992746,-1.39565597,213.50,true,,
1790445661.121,marker,reconciled,0.00000000,0.00000000,0.00,false,,
1790445661.172,hud,speed,,,,,"18.6 / 16.4",18.640
1790445661.173,hud,heading,,,,,"147° / 127°",146.800
1790445661.173,hud,drift,,,,,"80.84%",80.840
1790445661.173,hud,turns,,,,,"✗ turns: 2/15",
1790445661.174,hud,calib_s,,,,,"✓ Buffer 6s",
1790445661.174,marker,gnss,52.38563500,-1.39424000,233.20,true,,
1790445661.175,marker,dr,52.37991428,-1.39563953,213.20,true,,
1790445661.175,marker,reconciled,0.00000000,0.00000000,0.00,false,,
1790445661.222,hud,speed,,,,,"18.6 / 16.4",18.600
1790445661.223,hud,heading,,,,,"148° / 127°",147.500
1790445661.223,hud,drift,,,,,"80.73%",80.730
1790445661.223,hud,turns,,,,,"✗ turns: 2/15",
1790445661.223,hud,calib_s,,,,,"✓ Buffer 6s",
1790445661.224,marker,gnss,52.38563500,-1.39424000,233.20,true,,
1790445661.224,marker,dr,52.37990091,-1.39562267,212.50,true,,
1790445661.224,marker,reconciled,0.00000000,0.00000000,0.00,false,,
1790445661.273,hud,speed,,,,,"18.6 / 16.4",18.620
1790445661.273,hud,heading,,,,,"148° / 127°",147.800
1790445661.273,hud,drift,,,,,"80.62%",80.620
1790445661.273,hud,turns,,,,,"✗ turns: 2/15",
1790445661.274,hud,calib_s,,,,,"✓ Buffer 6s",
1790445661.274,marker,gnss,52.38563500,-1.39424000,233.20,true,,
1790445661.275,marker,dr,52.37988782,-1.39560593,212.20,true,,
1790445661.275,marker,reconciled,0.00000000,0.00000000,0.00,false,,
1790445661.323,hud,speed,,,,,"18.6 / 16.4",18.640
1790445661.323,hud,heading,,,,,"148° / 127°",147.500
1790445661.323,hud,drift,,,,,"80.51%",80.510
1790445661.324,hud,turns,,,,,"✗ turns: 2/15",
1790445661.324,hud,calib_s,,,,,"✓ Buffer 6s",
1790445661.324,marker,gnss,52.38563500,-1.39424000,233.20,true,,
1790445661.324,marker,dr,52.37987473,-1.39558878,212.50,true,,
1790445661.325,marker,reconciled,0.00000000,0.00000000,0.00,false,,
1790445661.369,hud,speed,,,,,"18.3 / 16.4",18.280
1790445661.370,hud,heading,,,,,"148° / 127°",147.500
1790445661.370,hud,drift,,,,,"80.39%",80.390
1790445661.370,hud,turns,,,,,"✗ turns: 2/15",
1790445661.370,hud,calib_s,,,,,"✓ Buffer 6s",
1790445661.371,marker,gnss,52.38563500,-1.39424000,233.20,true,,
1790445661.372,marker,dr,52.37986169,-1.39557139,212.50,true,,
1790445661.372,marker,reconciled,0.00000000,0.00000000,0.00,false,,
1790445661.426,hud,speed,,,,,"18.3 / 16.4",18.300
1790445661.427,hud,heading,,,,,"148° / 127°",147.800
1790445661.427,hud,drift,,,,,"80.28%",80.280
1790445661.428,hud,turns,,,,,"✗ turns: 2/15",
1790445661.428,hud,calib_s,,,,,"✓ Buffer 6s",
1790445661.428,marker,gnss,52.38563500,-1.39424000,233.20,true,,
1790445661.429,marker,dr,52.37984875,-1.39555471,212.20,true,,
1790445661.429,marker,reconciled,0.00000000,0.00000000,0.00,false,,
1790445661.480,hud,speed,,,,,"17.9 / 16.4",17.860
1790445661.480,hud,heading,,,,,"148° / 127°",147.800
1790445661.481,hud,drift,,,,,"80.17%",80.170
1790445661.481,hud,turns,,,,,"✗ turns: 2/15",
1790445661.481,hud,calib_s,,,,,"✓ Buffer 6s",
1790445661.481,marker,gnss,52.38563500,-1.39424000,233.20,true,,
1790445661.482,marker,dr,52.37983615,-1.39553821,212.20,true,,
1790445661.482,marker,reconciled,0.00000000,0.00000000,0.00,false,,
1790445661.527,hud,speed,,,,,"17.9 / 16.4",17.930
1790445661.528,hud,heading,,,,,"148° / 127°",148.200
1790445661.528,hud,drift,,,,,"80.06%",80.060
1790445661.528,hud,turns,,,,,"✗ turns: 2/15",
1790445661.528,hud,calib_s,,,,,"✓ Buffer 6s",
1790445661.529,marker,gnss,52.38563500,-1.39424000,233.20,true,,
1790445661.529,marker,dr,52.37982340,-1.39552202,211.80,true,,
1790445661.529,marker,reconciled,0.00000000,0.00000000,0.00,false,,
1790445661.581,hud,speed,,,,,"17.8 / 16.4",17.830
1790445661.581,hud,heading,,,,,"148° / 127°",148.300
1790445661.582,hud,drift,,,,,"79.95%",79.950
1790445661.582,hud,turns,,,,,"✗ turns: 2/15",
1790445661.582,hud,calib_s,,,,,"✓ Buffer 6s",
1790445661.583,marker,gnss,52.38563500,-1.39424000,233.20,true,,
1790445661.583,marker,dr,52.37981055,-1.39550541,211.70,true,,
1790445661.583,marker,reconciled,0.00000000,0.00000000,0.00,false,,
1790445661.630,hud,speed,,,,,"17.6 / 16.4",17.630
1790445661.631,hud,heading,,,,,"148° / 127°",148.200
1790445661.631,hud,drift,,,,,"79.84%",79.840
1790445661.631,hud,turns,,,,,"✗ turns: 2/15",
1790445661.631,hud,calib_s,,,,,"✓ Buffer 6s",
1790445661.632,marker,gnss,52.38563500,-1.39424000,233.20,true,,
1790445661.632,marker,dr,52.37979811,-1.39548936,211.80,true,,
1790445661.633,marker,reconciled,0.00000000,0.00000000,0.00,false,,
1790445661.681,hud,speed,,,,,"17.5 / 16.4",17.470
1790445661.681,hud,heading,,,,,"148° / 127°",148.000
1790445661.682,hud,drift,,,,,"79.72%",79.720
1790445661.682,hud,turns,,,,,"✗ turns: 2/15",
1790445661.682,hud,calib_s,,,,,"✓ Buffer 6s",
1790445661.683,marker,gnss,52.38563500,-1.39424000,233.20,true,,
1790445661.683,marker,dr,52.37978557,-1.39547320,212.00,true,,
1790445661.684,marker,reconciled,0.00000000,0.00000000,0.00,false,,
1790445661.735,hud,speed,,,,,"17.6 / 16.4",17.580
1790445661.736,hud,heading,,,,,"148° / 127°",147.700
1790445661.736,hud,drift,,,,,"79.61%",79.610
1790445661.736,hud,turns,,,,,"✗ turns: 2/15",
1790445661.736,hud,calib_s,,,,,"✓ Buffer 6s",
1790445661.737,marker,gnss,52.38563500,-1.39424000,233.20,true,,
1790445661.737,marker,dr,52.37977314,-1.39545727,212.30,true,,
1790445661.737,marker,reconciled,0.00000000,0.00000000,0.00,false,,
1790445661.783,hud,speed,,,,,"17.3 / 16.4",17.280
1790445661.783,hud,heading,,,,,"148° / 127°",147.700
1790445661.784,hud,drift,,,,,"79.49%",79.490
1790445661.784,hud,turns,,,,,"✗ turns: 2/15",
1790445661.784,hud,calib_s,,,,,"✓ Buffer 6s",
1790445661.784,marker,gnss,52.38563500,-1.39424000,233.20,true,,
1790445661.785,marker,dr,52.37976095,-1.39544131,212.30,true,,
1790445661.785,marker,reconciled,0.00000000,0.00000000,0.00,false,,
1790445661.835,hud,speed,,,,,"17.2 / 16.4",17.170
1790445661.835,hud,heading,,,,,"148° / 127°",147.500
1790445661.836,hud,drift,,,,,"79.38%",79.380
1790445661.836,hud,turns,,,,,"✗ turns: 2/15",
1790445661.836,hud,calib_s,,,,,"✓ Buffer 6s",
1790445661.836,marker,gnss,52.38563500,-1.39424000,233.20,true,,
1790445661.837,marker,dr,52.37974882,-1.39542569,212.50,true,,
1790445661.837,marker,reconciled,0.00000000,0.00000000,0.00,false,,
1790445661.886,hud,speed,,,,,"16.9 / 16.4",16.900
1790445661.886,hud,heading,,,,,"148° / 127°",147.700
1790445661.887,hud,drift,,,,,"79.26%",79.260
1790445661.887,hud,turns,,,,,"✗ turns: 2/15",
1790445661.887,hud,calib_s,,,,,"✓ Buffer 6s",
1790445661.887,marker,gnss,52.38563500,-1.39424000,233.20,true,,
1790445661.888,marker,dr,52.37973704,-1.39541030,212.30,true,,
1790445661.888,marker,reconciled,0.00000000,0.00000000,0.00,false,,
1790445661.937,hud,speed,,,,,"16.8 / 16.4",16.800
1790445661.937,hud,heading,,,,,"148° / 127°",147.500
1790445661.937,hud,drift,,,,,"79.14%",79.140
1790445661.938,hud,turns,,,,,"✗ turns: 2/15",
1790445661.938,hud,calib_s,,,,,"✓ Buffer 6s",
1790445661.938,marker,gnss,52.38563500,-1.39424000,233.20,true,,
1790445661.939,marker,dr,52.37972528,-1.39539483,212.50,true,,
1790445661.939,marker,reconciled,0.00000000,0.00000000,0.00,false,,
1790445661.990,hud,speed,,,,,"16.8 / 13.9",16.750
1790445661.991,hud,heading,,,,,"147° / 79°",147.100
1790445661.991,hud,drift,,,,,"78.53%",78.530
1790445661.991,hud,turns,,,,,"✗ turns: 2/15",
1790445661.991,hud,calib_s,,,,,"✓ Buffer 6s",
1790445661.992,marker,gnss,52.38482300,-1.39247000,281.20,true,,
1790445661.992,marker,dr,52.37971359,-1.39537938,212.90,true,,
1790445661.993,marker,reconciled,0.00000000,0.00000000,0.00,false,,
1790445662.039,hud,speed,,,,,"16.7 / 13.9",16.700
1790445662.039,hud,heading,,,,,"147° / 79°",146.800
1790445662.039,hud,drift,,,,,"78.59%",78.590
1790445662.039,hud,turns,,,,,"✗ turns: 2/15",
1790445662.040,hud,calib_s,,,,,"✓ Buffer 6s",
1790445662.040,marker,gnss,52.38482300,-1.39247000,281.20,true,,
1790445662.040,marker,dr,52.37970204,-1.39536379,213.20,true,,
1790445662.040,marker,reconciled,0.00000000,0.00000000,0.00,false,,
1790445662.090,hud,speed,,,,,"16.7 / 13.9",16.710
1790445662.090,hud,heading,,,,,"147° / 79°",146.900
1790445662.090,hud,drift,,,,,"78.65%",78.650
1790445662.091,hud,turns,,,,,"✗ turns: 2/15",
1790445662.091,hud,calib_s,,,,,"✓ Buffer 6s",
1790445662.091,marker,gnss,52.38482300,-1.39247000,281.20,true,,
1790445662.092,marker,dr,52.37969055,-1.39534786,213.10,true,,
1790445662.092,marker,reconciled,0.00000000,0.00000000,0.00,false,,
1790445662.141,hud,speed,,,,,"16.7 / 13.9",16.660
1790445662.142,hud,heading,,,,,"147° / 79°",146.800
1790445662.142,hud,drift,,,,,"78.71%",78.710
1790445662.142,hud,turns,,,,,"✗ turns: 2/15",
1790445662.143,hud,calib_s,,,,,"✓ Buffer 6s",
1790445662.143,marker,gnss,52.38482300,-1.39247000,281.20,true,,
1790445662.143,marker,dr,52.37967928,-1.39533242,213.20,true,,
1790445662.144,marker,reconciled,0.00000000,0.00000000,0.00,false,,
1790445662.195,hud,speed,,,,,"16.4 / 13.9",16.420
1790445662.196,hud,heading,,,,,"147° / 79°",147.000
1790445662.196,hud,drift,,,,,"78.77%",78.770
1790445662.196,hud,turns,,,,,"✗ turns: 2/15",
1790445662.196,hud,calib_s,,,,,"✓ Buffer 6s",
1790445662.197,marker,gnss,52.38482300,-1.39247000,281.20,true,,
1790445662.198,marker,dr,52.37966791,-1.39531709,213.00,true,,
1790445662.198,marker,reconciled,0.00000000,0.00000000,0.00,false,,
1790445662.245,hud,speed,,,,,"16.1 / 13.9",16.070
1790445662.246,hud,heading,,,,,"147° / 79°",147.400
1790445662.246,hud,drift,,,,,"78.82%",78.820
1790445662.246,hud,turns,,,,,"✗ turns: 2/15",
1790445662.246,hud,calib_s,,,,,"✓ Buffer 6s",
1790445662.247,marker,gnss,52.38482300,-1.39247000,281.20,true,,
1790445662.247,marker,dr,52.37965679,-1.39530201,212.60,true,,
1790445662.247,marker,reconciled,0.00000000,0.00000000,0.00,false,,
1790445662.292,hud,speed,,,,,"16.0 / 13.9",16.010
1790445662.292,hud,heading,,,,,"148° / 79°",147.500
1790445662.293,hud,drift,,,,,"78.88%",78.880
1790445662.293,hud,turns,,,,,"✗ turns: 2/15",
1790445662.293,hud,calib_s,,,,,"✓ Buffer 6s",
1790445662.293,marker,gnss,52.38482300,-1.39247000,281.20,true,,
1790445662.294,marker,dr,52.37964582,-1.39528659,212.50,true,,
1790445662.295,marker,reconciled,0.00000000,0.00000000,0.00,false,,
1790445662.345,hud,speed,,,,,"15.9 / 13.9",15.910
1790445662.346,hud,heading,,,,,"147° / 79°",147.400
1790445662.346,hud,drift,,,,,"78.93%",78.930
1790445662.347,hud,turns,,,,,"✗ turns: 2/15",
1790445662.347,hud,calib_s,,,,,"✓ Buffer 6s",
1790445662.347,marker,gnss,52.38482300,-1.39247000,281.20,true,,
1790445662.348,marker,dr,52.37963487,-1.39527135,212.60,true,,
1790445662.348,marker,reconciled,0.00000000,0.00000000,0.00,false,,
1790445662.394,hud,speed,,,,,"15.6 / 13.9",15.580
1790445662.395,hud,heading,,,,,"147° / 79°",147.400
1790445662.395,hud,drift,,,,,"78.98%",78.980
1790445662.395,hud,turns,,,,,"✗ turns: 2/15",
1790445662.395,hud,calib_s,,,,,"✓ Buffer 6s",
1790445662.396,marker,gnss,52.38482300,-1.39247000,281.20,true,,
1790445662.396,marker,dr,52.37962409,-1.39525663,212.60,true,,
1790445662.396,marker,reconciled,0.00000000,0.00000000,0.00,false,,
1790445662.447,hud,speed,,,,,"15.3 / 13.9",15.330
1790445662.448,hud,heading,,,,,"148° / 79°",147.700
1790445662.448,hud,drift,,,,,"79.03%",79.030
1790445662.448,hud,turns,,,,,"✗ turns: 2/15",
1790445662.448,hud,calib_s,,,,,"✓ Buffer 6s",
1790445662.449,marker,gnss,52.38482300,-1.39247000,281.20,true,,
1790445662.449,marker,dr,52.37961349,-1.39524218,212.30,true,,
1790445662.450,marker,reconciled,0.00000000,0.00000000,0.00,false,,
1790445662.499,hud,speed,,,,,"15.2 / 13.9",15.230
1790445662.499,hud,heading,,,,,"148° / 79°",147.600
1790445662.499,hud,drift,,,,,"79.08%",79.080
1790445662.499,hud,turns,,,,,"✗ turns: 2/15",
1790445662.500,hud,calib_s,,,,,"✓ Buffer 6s",
1790445662.500,marker,gnss,52.38482300,-1.39247000,281.20,true,,
1790445662.501,marker,dr,52.37960300,-1.39522766,212.40,true,,
1790445662.501,marker,reconciled,0.00000000,0.00000000,0.00,false,,
1790445662.548,hud,speed,,,,,"15.2 / 13.9",15.210
1790445662.548,hud,heading,,,,,"148° / 79°",147.800
1790445662.549,hud,drift,,,,,"79.13%",79.130
1790445662.549,hud,turns,,,,,"✗ turns: 2/15",
1790445662.549,hud,calib_s,,,,,"✓ Buffer 6s",
1790445662.549,marker,gnss,52.38482300,-1.39247000,281.20,true,,
1790445662.550,marker,dr,52.37959243,-1.39521302,212.20,true,,
1790445662.550,marker,reconciled,0.00000000,0.00000000,0.00,false,,
1790445662.599,hud,speed,,,,,"15.1 / 13.9",15.090
1790445662.599,hud,heading,,,,,"148° / 79°",148.000
1790445662.600,hud,drift,,,,,"79.18%",79.180
1790445662.600,hud,turns,,,,,"✗ turns: 2/15",
1790445662.600,hud,calib_s,,,,,"✓ Buffer 6s",
1790445662.601,marker,gnss,52.38482300,-1.39247000,281.20,true,,
1790445662.601,marker,dr,52.37958218,-1.39519857,212.00,true,,
1790445662.602,marker,reconciled,0.00000000,0.00000000,0.00,false,,
1790445662.651,hud,speed,,,,,"14.6 / 13.9",14.600
1790445662.651,hud,heading,,,,,"148° / 79°",148.100
1790445662.652,hud,drift,,,,,"79.22%",79.220
1790445662.652,hud,turns,,,,,"✗ turns: 2/15",
1790445662.652,hud,calib_s,,,,,"✓ Buffer 6s",
1790445662.652,marker,gnss,52.38482300,-1.39247000,281.20,true,,
1790445662.653,marker,dr,52.37957203,-1.39518400,211.90,true,,
1790445662.654,marker,reconciled,0.00000000,0.00000000,0.00,false,,
1790445662.748,hud,speed,,,,,"14.5 / 13.9",14.530
1790445662.748,hud,heading,,,,,"148° / 79°",147.700
1790445662.749,hud,drift,,,,,"79.26%",79.260
1790445662.749,hud,turns,,,,,"✗ turns: 2/15",
1790445662.749,hud,calib_s,,,,,"✓ Buffer 6s",
1790445662.750,marker,gnss,52.38482300,-1.39247000,281.20,true,,
1790445662.750,marker,dr,52.37956222,-1.39517019,212.30,true,,
1790445662.751,marker,reconciled,0.00000000,0.00000000,0.00,false,,
1790445662.803,hud,speed,,,,,"14.6 / 13.9",14.560
1790445662.803,hud,heading,,,,,"147° / 79°",147.400
1790445662.803,hud,drift,,,,,"79.30%",79.300
1790445662.804,hud,turns,,,,,"✗ turns: 2/15",
1790445662.804,hud,calib_s,,,,,"✓ Buffer 6s",
1790445662.804,marker,gnss,52.38482300,-1.39247000,281.20,true,,
1790445662.805,marker,dr,52.37955240,-1.39515605,212.60,true,,
1790445662.806,marker,reconciled,0.00000000,0.00000000,0.00,false,,
1790445662.853,hud,speed,,,,,"14.5 / 13.9",14.490
1790445662.854,hud,heading,,,,,"147° / 79°",147.400
1790445662.854,hud,drift,,,,,"79.34%",79.340
1790445662.854,hud,turns,,,,,"✗ turns: 2/15",
1790445662.854,hud,calib_s,,,,,"✓ Buffer 6s",
1790445662.855,marker,gnss,52.38482300,-1.39247000,281.20,true,,
1790445662.855,marker,dr,52.37954262,-1.39514162,212.60,true,,
1790445662.856,marker,reconciled,0.00000000,0.00000000,0.00,false,,
1790445662.904,hud,speed,,,,,"14.4 / 13.9",14.410
1790445662.904,hud,heading,,,,,"147° / 79°",147.200
1790445662.905,hud,drift,,,,,"79.38%",79.380
1790445662.905,hud,turns,,,,,"✗ turns: 2/15",
1790445662.905,hud,calib_s,,,,,"✓ Buffer 6s",
1790445662.905,marker,gnss,52.38482300,-1.39247000,281.20,true,,
1790445662.907,marker,dr,52.37953304,-1.39512776,212.80,true,,
1790445662.907,marker,reconciled,0.00000000,0.00000000,0.00,false,,
1790445662.953,hud,speed,,,,,"14.4 / 13.9",14.400
1790445662.953,hud,heading,,,,,"147° / 79°",146.900
1790445662.954,hud,drift,,,,,"79.41%",79.410
1790445662.954,hud,turns,,,,,"✗ turns: 2/15",
1790445662.954,hud,calib_s,,,,,"✓ Buffer 6s",
1790445662.955,marker,gnss,52.38482300,-1.39247000,281.20,true,,
1790445662.955,marker,dr,52.37952333,-1.39511357,213.10,true,,
1790445662.956,marker,reconciled,0.00000000,0.00000000,0.00,false,,
1790445663.003,hud,speed,,,,,"14.4 / 13.9",14.350
1790445663.003,hud,heading,,,,,"147° / 79°",147.000
1790445663.004,hud,drift,,,,,"79.45%",79.450
1790445663.004,hud,turns,,,,,"✗ turns: 2/15",
1790445663.004,hud,calib_s,,,,,"✓ Buffer 6s",
1790445663.005,marker,gnss,52.38482300,-1.39247000,281.20,true,,
1790445663.006,marker,dr,52.37951381,-1.39509953,213.00,true,,
1790445663.006,marker,reconciled,0.00000000,0.00000000,0.00,false,,
1790445663.051,hud,speed,,,,,"14.1 / 13.9",14.140
1790445663.052,hud,heading,,,,,"147° / 79°",146.900
1790445663.052,hud,drift,,,,,"79.49%",79.490
1790445663.052,hud,turns,,,,,"✗ turns: 2/15",
1790445663.052,hud,calib_s,,,,,"✓ Buffer 6s",
1790445663.053,marker,gnss,52.38482300,-1.39247000,281.20,true,,
1790445663.053,marker,dr,52.37950433,-1.39508583,213.10,true,,
1790445663.054,marker,reconciled,0.00000000,0.00000000,0.00,false,,
1790445663.078,hud,speed,,,,,"14.0 / 13.9",13.990
1790445663.079,hud,heading,,,,,"147° / 79°",147.000
1790445663.079,hud,drift,,,,,"79.52%",79.520
1790445663.080,hud,turns,,,,,"✗ turns: 2/15",
1790445663.080,hud,calib_s,,,,,"✓ Buffer 6s",
1790445663.081,marker,gnss,52.38482300,-1.39247000,281.20,true,,
1790445663.082,marker,dr,52.37949496,-1.39507251,213.00,true,,
1790445663.082,marker,reconciled,0.00000000,0.00000000,0.00,false,,
1790445663.109,hud,speed,,,,,"13.8 / 13.9",13.840
1790445663.109,hud,heading,,,,,"148° / 79°",147.600
1790445663.110,hud,drift,,,,,"79.56%",79.560
1790445663.110,hud,turns,,,,,"✗ turns: 2/15",
1790445663.110,hud,calib_s,,,,,"✓ Buffer 6s",
1790445663.110,marker,gnss,52.38482300,-1.39247000,281.20,true,,
1790445663.111,marker,dr,52.37948563,-1.39505904,212.40,true,,
1790445663.111,marker,reconciled,0.00000000,0.00000000,0.00,false,,
1790445663.155,hud,speed,,,,,"13.7 / 13.9",13.720
1790445663.155,hud,heading,,,,,"148° / 79°",148.000
1790445663.155,hud,drift,,,,,"79.59%",79.590
1790445663.156,hud,turns,,,,,"✗ turns: 2/15",
1790445663.156,hud,calib_s,,,,,"✓ Buffer 6s",
1790445663.156,marker,gnss,52.38482300,-1.39247000,281.20,true,,
1790445663.156,marker,dr,52.37947649,-1.39504538,212.00,true,,
1790445663.157,marker,reconciled,0.00000000,0.00000000,0.00,false,,
1790445663.205,hud,speed,,,,,"13.4 / 13.9",13.400
1790445663.205,hud,heading,,,,,"148° / 79°",148.200
1790445663.206,hud,drift,,,,,"79.62%",79.620
1790445663.206,hud,turns,,,,,"✗ turns: 2/15",
1790445663.206,hud,calib_s,,,,,"✓ Buffer 6s",
1790445663.207,marker,gnss,52.38482300,-1.39247000,281.20,true,,
1790445663.207,marker,dr,52.37946748,-1.39503145,211.80,true,,
1790445663.208,marker,reconciled,0.00000000,0.00000000,0.00,false,,
1790445663.259,hud,speed,,,,,"13.4 / 13.9",13.430
1790445663.259,hud,heading,,,,,"149° / 79°",148.600
1790445663.260,hud,drift,,,,,"79.64%",79.640
1790445663.260,hud,turns,,,,,"✗ turns: 2/15",
1790445663.260,hud,calib_s,,,,,"✓ Buffer 6s",
1790445663.261,marker,gnss,52.38482300,-1.39247000,281.20,true,,
1790445663.261,marker,dr,52.37945862,-1.39501782,211.40,true,,
1790445663.261,marker,reconciled,0.00000000,0.00000000,0.00,false,,
1790445663.305,hud,speed,,,,,"12.9 / 13.9",12.910
1790445663.305,hud,heading,,,,,"149° / 79°",148.700
1790445663.305,hud,drift,,,,,"79.67%",79.670
1790445663.306,hud,turns,,,,,"✗ turns: 2/15",
1790445663.306,hud,calib_s,,,,,"✓ Buffer 6s",
1790445663.306,marker,gnss,52.38482300,-1.39247000,281.20,true,,
1790445663.307,marker,dr,52.37945008,-1.39500417,211.30,true,,
1790445663.307,marker,reconciled,0.00000000,0.00000000,0.00,false,,
1790445663.359,hud,speed,,,,,"12.7 / 13.9",12.680
1790445663.359,hud,heading,,,,,"149° / 79°",148.700
1790445663.360,hud,drift,,,,,"79.69%",79.690
1790445663.360,hud,turns,,,,,"✗ turns: 2/15",
1790445663.360,hud,calib_s,,,,,"✓ Buffer 6s",
1790445663.361,marker,gnss,52.38482300,-1.39247000,281.20,true,,
1790445663.361,marker,dr,52.37944144,-1.39499076,211.30,true,,
1790445663.361,marker,reconciled,0.00000000,0.00000000,0.00,false,,
1790445663.409,hud,speed,,,,,"12.8 / 13.9",12.790
1790445663.410,hud,heading,,,,,"149° / 79°",148.900
1790445663.410,hud,drift,,,,,"79.72%",79.720
1790445663.411,hud,turns,,,,,"✗ turns: 2/15",
1790445663.411,hud,calib_s,,,,,"✓ Buffer 6s",
1790445663.411,marker,gnss,52.38482300,-1.39247000,281.20,true,,
1790445663.412,marker,dr,52.37943275,-1.39497782,211.10,true,,
1790445663.412,marker,reconciled,0.00000000,0.00000000,0.00,false,,
1790445663.460,hud,speed,,,,,"12.5 / 13.9",12.510
1790445663.460,hud,heading,,,,,"149° / 79°",149.000
1790445663.461,hud,drift,,,,,"79.75%",79.750
1790445663.461,hud,turns,,,,,"✗ turns: 2/15",
1790445663.461,hud,calib_s,,,,,"✓ Buffer 6s",
1790445663.461,marker,gnss,52.38482300,-1.39247000,281.20,true,,
1790445663.462,marker,dr,52.37942404,-1.39496494,211.00,true,,
1790445663.462,marker,reconciled,0.00000000,0.00000000,0.00,false,,
1790445663.512,hud,speed,,,,,"12.5 / 13.9",12.480
1790445663.513,hud,heading,,,,,"149° / 79°",149.100
1790445663.513,hud,drift,,,,,"79.77%",79.770
1790445663.513,hud,turns,,,,,"✗ turns: 2/15",
1790445663.513,hud,calib_s,,,,,"✓ Buffer 6s",
1790445663.514,marker,gnss,52.38482300,-1.39247000,281.20,true,,
1790445663.515,marker,dr,52.37941546,-1.39495249,210.90,true,,
1790445663.515,marker,reconciled,0.00000000,0.00000000,0.00,false,,
1790445663.561,hud,speed,,,,,"12.2 / 13.9",12.210
1790445663.561,hud,heading,,,,,"149° / 79°",149.000
1790445663.561,hud,drift,,,,,"79.80%",79.800
1790445663.562,hud,turns,,,,,"✗ turns: 2/15",
1790445663.562,hud,calib_s,,,,,"✓ Buffer 6s",
1790445663.562,marker,gnss,52.38482300,-1.39247000,281.20,true,,
1790445663.563,marker,dr,52.37940705,-1.39494022,211.00,true,,
1790445663.563,marker,reconciled,0.00000000,0.00000000,0.00,false,,
1790445663.615,hud,speed,,,,,"12.4 / 13.9",12.350
1790445663.615,hud,heading,,,,,"149° / 79°",148.700
1790445663.615,hud,drift,,,,,"79.82%",79.820
1790445663.616,hud,turns,,,,,"✗ turns: 2/15",
1790445663.616,hud,calib_s,,,,,"✓ Buffer 6s",
1790445663.616,marker,gnss,52.38482300,-1.39247000,281.20,true,,
1790445663.617,marker,dr,52.37939877,-1.39492834,211.30,true,,
1790445663.617,marker,reconciled,0.00000000,0.00000000,0.00,false,,
1790445663.665,hud,speed,,,,,"12.2 / 13.9",12.240
1790445663.665,hud,heading,,,,,"148° / 79°",148.400
1790445663.666,hud,drift,,,,,"79.84%",79.840
1790445663.666,hud,turns,,,,,"✗ turns: 2/15",
1790445663.667,hud,calib_s,,,,,"✓ Buffer 6s",
1790445663.667,marker,gnss,52.38482300,-1.39247000,281.20,true,,
1790445663.668,marker,dr,52.37939066,-1.39491616,211.60,true,,
1790445663.668,marker,reconciled,0.00000000,0.00000000,0.00,false,,
1790445663.718,hud,speed,,,,,"12.1 / 13.9",12.060
1790445663.718,hud,heading,,,,,"148° / 79°",148.300
1790445663.718,hud,drift,,,,,"79.86%",79.860
1790445663.719,hud,turns,,,,,"✗ turns: 2/15",
1790445663.719,hud,calib_s,,,,,"✓ Buffer 6s",
1790445663.719,marker,gnss,52.38482300,-1.39247000,281.20,true,,
1790445663.720,marker,dr,52.37938270,-1.39490399,211.70,true,,
1790445663.720,marker,reconciled,0.00000000,0.00000000,0.00,false,,
1790445663.767,hud,speed,,,,,"11.9 / 13.9",11.930
1790445663.768,hud,heading,,,,,"148° / 79°",148.300
1790445663.768,hud,drift,,,,,"79.88%",79.880
1790445663.768,hud,turns,,,,,"✗ turns: 2/15",
1790445663.768,hud,calib_s,,,,,"✓ Buffer 6s",
1790445663.769,marker,gnss,52.38482300,-1.39247000,281.20,true,,
1790445663.769,marker,dr,52.37937467,-1.39489208,211.70,true,,
1790445663.770,marker,reconciled,0.00000000,0.00000000,0.00,false,,
1790445663.813,hud,speed,,,,,"11.8 / 13.9",11.830
1790445663.813,hud,heading,,,,,"148° / 79°",148.100
1790445663.813,hud,drift,,,,,"79.90%",79.900
1790445663.814,hud,turns,,,,,"✗ turns: 2/15",
1790445663.814,hud,calib_s,,,,,"✓ Buffer 6s",
1790445663.814,marker,gnss,52.38482300,-1.39247000,281.20,true,,
1790445663.815,marker,dr,52.37936675,-1.39488053,211.90,true,,
1790445663.816,marker,reconciled,0.00000000,0.00000000,0.00,false,,
1790445663.904,hud,speed,,,,,"11.6 / 13.9",11.620
1790445663.904,hud,heading,,,,,"148° / 79°",148.200
1790445663.904,hud,drift,,,,,"79.92%",79.920
1790445663.905,hud,turns,,,,,"✗ turns: 2/15",
1790445663.905,hud,calib_s,,,,,"✓ Buffer 6s",
1790445663.906,marker,gnss,52.38482300,-1.39247000,281.20,true,,
1790445663.907,marker,dr,52.37935892,-1.39486923,211.80,true,,
1790445663.907,marker,reconciled,0.00000000,0.00000000,0.00,false,,
1790445663.953,hud,speed,,,,,"11.3 / 13.9",11.280
1790445663.953,hud,heading,,,,,"148° / 79°",148.100
1790445663.954,hud,drift,,,,,"79.94%",79.940
1790445663.955,hud,turns,,,,,"✗ turns: 2/15",
1790445663.955,hud,calib_s,,,,,"✓ Buffer 6s",
1790445663.956,marker,gnss,52.38482300,-1.39247000,281.20,true,,
1790445663.957,marker,dr,52.37935131,-1.39485829,211.90,true,,
1790445663.958,marker,reconciled,0.00000000,0.00000000,0.00,false,,
1790445664.022,hud,speed,,,,,"11.1 / 13.9",11.130
1790445664.023,hud,heading,,,,,"148° / 79°",148.400
1790445664.023,hud,drift,,,,,"79.96%",79.960
1790445664.023,hud,turns,,,,,"✗ turns: 2/15",
1790445664.024,hud,calib_s,,,,,"✓ Buffer 6s",
1790445664.024,marker,gnss,52.38482300,-1.39247000,281.20,true,,
1790445664.025,marker,dr,52.37934364,-1.39484773,211.60,true,,
1790445664.026,marker,reconciled,0.00000000,0.00000000,0.00,false,,
1790445664.069,hud,speed,,,,,"11.1 / 13.9",11.070
1790445664.070,hud,heading,,,,,"148° / 79°",148.300
1790445664.070,hud,drift,,,,,"79.98%",79.980
1790445664.070,hud,turns,,,,,"✗ turns: 2/15",
1790445664.071,hud,calib_s,,,,,"✓ Buffer 6s",
1790445664.071,marker,gnss,52.38482300,-1.39247000,281.20,true,,
1790445664.072,marker,dr,52.37933610,-1.39483732,211.70,true,,
1790445664.072,marker,reconciled,0.00000000,0.00000000,0.00,false,,
1790445664.099,hud,speed,,,,,"11.0 / 13.9",11.010
1790445664.099,hud,heading,,,,,"149° / 79°",148.600
1790445664.100,hud,drift,,,,,"80.00%",80.000
1790445664.100,hud,turns,,,,,"✗ turns: 2/15",
1790445664.100,hud,calib_s,,,,,"✓ Buffer 6s",
1790445664.101,marker,gnss,52.38482300,-1.39247000,281.20,true,,
1790445664.102,marker,dr,52.37932835,-1.39482691,211.40,true,,
1790445664.102,marker,reconciled,0.00000000,0.00000000,0.00,false,,
1790445664.126,hud,speed,,,,,"11.0 / 13.9",10.950
1790445664.127,hud,heading,,,,,"149° / 79°",149.000
1790445664.127,hud,drift,,,,,"80.02%",80.020
1790445664.127,hud,turns,,,,,"✗ turns: 2/15",
1790445664.127,hud,calib_s,,,,,"✓ Buffer 6s",
1790445664.128,marker,gnss,52.38482300,-1.39247000,281.20,true,,
1790445664.128,marker,dr,52.37932080,-1.39481672,211.00,true,,
1790445664.129,marker,reconciled,0.00000000,0.00000000,0.00,false,,
1790445664.172,hud,speed,,,,,"10.9 / 13.9",10.940
1790445664.173,hud,heading,,,,,"149° / 79°",149.400
1790445664.173,hud,drift,,,,,"80.04%",80.040
1790445664.173,hud,turns,,,,,"✗ turns: 2/15",
1790445664.173,hud,calib_s,,,,,"✓ Buffer 6s",
1790445664.174,marker,gnss,52.38482300,-1.39247000,281.20,true,,
1790445664.174,marker,dr,52.37931317,-1.39480637,210.60,true,,
1790445664.175,marker,reconciled,0.00000000,0.00000000,0.00,false,,
1790445664.234,hud,speed,,,,,"11.0 / 13.9",10.960
1790445664.234,hud,heading,,,,,"150° / 79°",149.800
1790445664.235,hud,drift,,,,,"80.06%",80.060
1790445664.235,hud,turns,,,,,"✗ turns: 2/15",
1790445664.235,hud,calib_s,,,,,"✓ Buffer 6s",
1790445664.235,marker,gnss,52.38482300,-1.39247000,281.20,true,,
1790445664.236,marker,dr,52.37930552,-1.39479597,210.20,true,,
1790445664.237,marker,reconciled,0.00000000,0.00000000,0.00,false,,
1790445664.284,hud,speed,,,,,"10.7 / 13.9",10.680
1790445664.285,hud,heading,,,,,"150° / 79°",149.900
1790445664.285,hud,drift,,,,,"80.08%",80.080
1790445664.285,hud,turns,,,,,"✗ turns: 2/15",
1790445664.285,hud,calib_s,,,,,"✓ Buffer 6s",
1790445664.286,marker,gnss,52.38482300,-1.39247000,281.20,true,,
1790445664.287,marker,dr,52.37929788,-1.39478555,210.10,true,,
1790445664.287,marker,reconciled,0.00000000,0.00000000,0.00,false,,
1790445664.328,hud,speed,,,,,"10.8 / 13.9",10.750
1790445664.329,hud,heading,,,,,"150° / 79°",149.800
1790445664.329,hud,drift,,,,,"80.10%",80.100
1790445664.329,hud,turns,,,,,"✗ turns: 2/15",
1790445664.329,hud,calib_s,,,,,"✓ Buffer 6s",
1790445664.329,marker,gnss,52.38482300,-1.39247000,281.20,true,,
1790445664.330,marker,dr,52.37929017,-1.39477550,210.20,true,,
1790445664.330,marker,reconciled,0.00000000,0.00000000,0.00,false,,
1790445664.391,hud,speed,,,,,"10.7 / 13.9",10.680
1790445664.391,hud,heading,,,,,"150° / 79°",149.700
1790445664.392,hud,drift,,,,,"80.12%",80.120
1790445664.392,hud,turns,,,,,"✗ turns: 2/15",
1790445664.393,hud,calib_s,,,,,"✓ Buffer 6s",
1790445664.393,marker,gnss,52.38482300,-1.39247000,281.20,true,,
1790445664.395,marker,dr,52.37928241,-1.39476574,210.30,true,,
1790445664.396,marker,reconciled,0.00000000,0.00000000,0.00,false,,
1790445664.473,hud,speed,,,,,"10.8 / 13.9",10.750
1790445664.474,hud,heading,,,,,"150° / 79°",149.900
1790445664.474,hud,drift,,,,,"80.14%",80.140
1790445664.475,hud,turns,,,,,"✗ turns: 2/15",
1790445664.475,hud,calib_s,,,,,"✓ Buffer 6s",
1790445664.476,marker,gnss,52.38482300,-1.39247000,281.20,true,,
1790445664.476,marker,dr,52.37927447,-1.39475618,210.10,true,,
1790445664.477,marker,reconciled,0.00000000,0.00000000,0.00,false,,
1790445664.501,hud,speed,,,,,"10.6 / 13.9",10.640
1790445664.501,hud,heading,,,,,"150° / 79°",149.900
1790445664.501,hud,drift,,,,,"80.17%",80.170
1790445664.502,hud,turns,,,,,"✗ turns: 2/15",
1790445664.502,hud,calib_s,,,,,"✓ Buffer 6s",
1790445664.502,marker,gnss,52.38482300,-1.39247000,281.20,true,,
1790445664.503,marker,dr,52.37926668,-1.39474696,210.10,true,,
1790445664.503,marker,reconciled,0.00000000,0.00000000,0.00,false,,
1790445664.533,hud,speed,,,,,"10.6 / 13.9",10.630
1790445664.533,hud,heading,,,,,"150° / 79°",149.800
1790445664.533,hud,drift,,,,,"80.19%",80.190
1790445664.534,hud,turns,,,,,"✗ turns: 2/15",
1790445664.534,hud,calib_s,,,,,"✓ Buffer 6s",
1790445664.535,marker,gnss,52.38482300,-1.39247000,281.20,true,,
1790445664.535,marker,dr,52.37925877,-1.39473799,210.20,true,,
1790445664.536,marker,reconciled,0.00000000,0.00000000,0.00,false,,
1790445664.585,hud,speed,,,,,"10.6 / 13.9",10.590
1790445664.586,hud,heading,,,,,"150° / 79°",149.800
1790445664.586,hud,drift,,,,,"80.22%",80.220
1790445664.586,hud,turns,,,,,"✗ turns: 2/15",
1790445664.587,hud,calib_s,,,,,"✓ Buffer 6s",
1790445664.587,marker,gnss,52.38482300,-1.39247000,281.20,true,,
1790445664.587,marker,dr,52.37925078,-1.39472910,210.20,true,,
1790445664.588,marker,reconciled,0.00000000,0.00000000,0.00,false,,
1790445664.633,hud,speed,,,,,"10.6 / 13.9",10.610
1790445664.633,hud,heading,,,,,"150° / 79°",149.600
1790445664.633,hud,drift,,,,,"80.25%",80.250
1790445664.634,hud,turns,,,,,"✗ turns: 2/15",
1790445664.634,hud,calib_s,,,,,"✓ Buffer 6s",
1790445664.634,marker,gnss,52.38482300,-1.39247000,281.20,true,,
1790445664.635,marker,dr,52.37924290,-1.39472054,210.40,true,,
1790445664.636,marker,reconciled,0.00000000,0.00000000,0.00,false,,
1790445664.686,hud,speed,,,,,"10.7 / 13.9",10.660
1790445664.686,hud,heading,,,,,"149° / 79°",149.300
1790445664.687,hud,drift,,,,,"80.28%",80.280
1790445664.687,hud,turns,,,,,"✗ turns: 2/15",
1790445664.687,hud,calib_s,,,,,"✓ Buffer 6s",
1790445664.687,marker,gnss,52.38482300,-1.39247000,281.20,true,,
1790445664.688,marker,dr,52.37923479,-1.39471194,210.70,true,,
1790445664.688,marker,reconciled,0.00000000,0.00000000,0.00,false,,
1790445664.737,hud,speed,,,,,"10.6 / 13.9",10.600
1790445664.738,hud,heading,,,,,"149° / 79°",149.200
1790445664.738,hud,drift,,,,,"80.31%",80.310
1790445664.738,hud,turns,,,,,"✗ turns: 2/15",
1790445664.739,hud,calib_s,,,,,"✓ Buffer 6s",
1790445664.739,marker,gnss,52.38482300,-1.39247000,281.20,true,,
1790445664.740,marker,dr,52.37922680,-1.39470351,210.80,true,,
1790445664.740,marker,reconciled,0.00000000,0.00000000,0.00,false,,
1790445664.788,hud,speed,,,,,"10.5 / 13.9",10.520
1790445664.788,hud,heading,,,,,"149° / 79°",149.100
1790445664.788,hud,drift,,,,,"80.33%",80.330
1790445664.789,hud,turns,,,,,"✗ turns: 2/15",
1790445664.789,hud,calib_s,,,,,"✓ Buffer 6s",
1790445664.789,marker,gnss,52.38482300,-1.39247000,281.20,true,,
1790445664.789,marker,dr,52.37921889,-1.39469536,210.90,true,,
1790445664.790,marker,reconciled,0.00000000,0.00000000,0.00,false,,
1790445664.838,hud,speed,,,,,"10.4 / 13.9",10.430
1790445664.838,hud,heading,,,,,"149° / 79°",149.000
1790445664.838,hud,drift,,,,,"80.36%",80.360
1790445664.839,hud,turns,,,,,"✗ turns: 2/15",
1790445664.839,hud,calib_s,,,,,"✓ Buffer 6s",
1790445664.839,marker,gnss,52.38482300,-1.39247000,281.20,true,,
1790445664.840,marker,dr,52.37921089,-1.39468738,211.00,true,,
1790445664.840,marker,reconciled,0.00000000,0.00000000,0.00,false,,
1790445664.889,hud,speed,,,,,"10.2 / 13.9",10.160
1790445664.889,hud,heading,,,,,"149° / 79°",148.900
1790445664.890,hud,drift,,,,,"80.39%",80.390
1790445664.890,hud,turns,,,,,"✗ turns: 2/15",
1790445664.890,hud,calib_s,,,,,"✓ Buffer 6s",
1790445664.891,marker,gnss,52.38482300,-1.39247000,281.20,true,,
1790445664.892,marker,dr,52.37920307,-1.39467969,211.10,true,,
1790445664.892,marker,reconciled,0.00000000,0.00000000,0.00,false,,
1790445664.938,hud,speed,,,,,"10.1 / 13.9",10.060
1790445664.938,hud,heading,,,,,"149° / 79°",149.200
1790445664.939,hud,drift,,,,,"80.42%",80.420
1790445664.939,hud,turns,,,,,"✗ turns: 2/15",
1790445664.939,hud,calib_s,,,,,"✓ Buffer 6s",
1790445664.939,marker,gnss,52.38482300,-1.39247000,281.20,true,,
1790445664.940,marker,dr,52.37919530,-1.39467213,210.80,true,,
1790445664.940,marker,reconciled,0.00000000,0.00000000,0.00,false,,
1790445664.992,hud,speed,,,,,"10.0 / 13.9",10.000
1790445664.992,hud,heading,,,,,"149° / 79°",149.300
1790445664.993,hud,drift,,,,,"80.45%",80.450
1790445664.993,hud,turns,,,,,"✗ turns: 2/15",
1790445664.993,hud,calib_s,,,,,"✓ Buffer 6s",
1790445664.994,marker,gnss,52.38482300,-1.39247000,281.20,true,,
1790445664.995,marker,dr,52.37918757,-1.39466464,210.70,true,,
1790445664.995,marker,reconciled,0.00000000,0.00000000,0.00,false,,
1790445665.045,hud,speed,,,,,"9.9 / 13.9",9.930
1790445665.046,hud,heading,,,,,"149° / 79°",149.300
1790445665.046,hud,drift,,,,,"80.47%",80.470
1790445665.047,hud,turns,,,,,"✗ turns: 2/15",
1790445665.047,hud,calib_s,,,,,"✓ Buffer 6s",
1790445665.048,marker,gnss,52.38482300,-1.39247000,281.20,true,,
1790445665.048,marker,dr,52.37917979,-1.39465721,210.70,true,,
1790445665.049,marker,reconciled,0.00000000,0.00000000,0.00,false,,
1790445665.094,hud,speed,,,,,"9.9 / 13.9",9.920
1790445665.094,hud,heading,,,,,"149° / 79°",149.400
1790445665.095,hud,drift,,,,,"80.50%",80.500
1790445665.095,hud,turns,,,,,"✗ turns: 2/15",
1790445665.095,hud,calib_s,,,,,"✓ Buffer 6s",
1790445665.096,marker,gnss,52.38482300,-1.39247000,281.20,true,,
1790445665.096,marker,dr,52.37917212,-1.39465008,210.60,true,,
1790445665.096,marker,reconciled,0.00000000,0.00000000,0.00,false,,
1790445665.145,hud,speed,,,,,"9.9 / 13.9",9.930
1790445665.146,hud,heading,,,,,"150° / 79°",149.600
1790445665.146,hud,drift,,,,,"80.53%",80.530
1790445665.146,hud,turns,,,,,"✗ turns: 2/15",
1790445665.146,hud,calib_s,,,,,"✓ Buffer 6s",
1790445665.147,marker,gnss,52.38482300,-1.39247000,281.20,true,,
1790445665.147,marker,dr,52.37916425,-1.39464290,210.40,true,,
1790445665.148,marker,reconciled,0.00000000,0.00000000,0.00,false,,
1790445665.195,hud,speed,,,,,"9.9 / 13.9",9.940
1790445665.195,hud,heading,,,,,"150° / 79°",149.500
1790445665.196,hud,drift,,,,,"80.56%",80.560
1790445665.196,hud,turns,,,,,"✗ turns: 2/15",
1790445665.196,hud,calib_s,,,,,"✓ Buffer 6s",
1790445665.196,marker,gnss,52.38482300,-1.39247000,281.20,true,,
1790445665.197,marker,dr,52.37915645,-1.39463582,210.50,true,,
1790445665.197,marker,reconciled,0.00000000,0.00000000,0.00,false,,
1790445665.247,hud,speed,,,,,"10.0 / 13.9",10.000
1790445665.248,hud,heading,,,,,"150° / 79°",149.700
1790445665.249,hud,drift,,,,,"80.59%",80.590
1790445665.249,hud,turns,,,,,"✗ turns: 2/15",
1790445665.249,hud,calib_s,,,,,"✓ Buffer 6s",
1790445665.249,marker,gnss,52.38482300,-1.39247000,281.20,true,,
1790445665.250,marker,dr,52.37914859,-1.39462872,210.30,true,,
1790445665.251,marker,reconciled,0.00000000,0.00000000,0.00,false,,
1790445665.299,hud,speed,,,,,"10.1 / 13.9",10.060
1790445665.299,hud,heading,,,,,"150° / 79°",149.600
1790445665.300,hud,drift,,,,,"80.62%",80.620
1790445665.300,hud,turns,,,,,"✗ turns: 2/15",
1790445665.300,hud,calib_s,,,,,"✓ Buffer 6s",
1790445665.301,marker,gnss,52.38482300,-1.39247000,281.20,true,,
1790445665.301,marker,dr,52.37914075,-1.39462167,210.40,true,,
1790445665.301,marker,reconciled,0.00000000,0.00000000,0.00,false,,
1790445665.352,hud,speed,,,,,"10.2 / 13.9",10.150
1790445665.353,hud,heading,,,,,"150° / 79°",149.600
1790445665.353,hud,drift,,,,,"80.65%",80.650
1790445665.353,hud,turns,,,,,"✗ turns: 2/15",
1790445665.354,hud,calib_s,,,,,"✓ Buffer 6s",
1790445665.354,marker,gnss,52.38482300,-1.39247000,281.20,true,,
1790445665.355,marker,dr,52.37913268,-1.39461443,210.40,true,,
1790445665.355,marker,reconciled,0.00000000,0.00000000,0.00,false,,
1790445665.399,hud,speed,,,,,"10.3 / 13.9",10.250
1790445665.400,hud,heading,,,,,"150° / 79°",149.500
1790445665.400,hud,drift,,,,,"80.68%",80.680
1790445665.400,hud,turns,,,,,"✗ turns: 2/15",
1790445665.400,hud,calib_s,,,,,"✓ Buffer 6s",
1790445665.400,marker,gnss,52.38482300,-1.39247000,281.20,true,,
1790445665.401,marker,dr,52.37912461,-1.39460718,210.50,true,,
1790445665.401,marker,reconciled,0.00000000,0.00000000,0.00,false,,
1790445665.451,hud,speed,,,,,"10.3 / 13.9",10.290
1790445665.451,hud,heading,,,,,"149° / 79°",149.300
1790445665.452,hud,drift,,,,,"80.71%",80.710
1790445665.452,hud,turns,,,,,"✗ turns: 2/15",
1790445665.452,hud,calib_s,,,,,"✓ Buffer 6s",
1790445665.452,marker,gnss,52.38482300,-1.39247000,281.20,true,,
1790445665.453,marker,dr,52.37911654,-1.39460008,210.70,true,,
1790445665.453,marker,reconciled,0.00000000,0.00000000,0.00,false,,
1790445665.501,hud,speed,,,,,"10.4 / 13.9",10.360
1790445665.501,hud,heading,,,,,"149° / 79°",149.100
1790445665.501,hud,drift,,,,,"80.75%",80.750
1790445665.502,hud,turns,,,,,"✗ turns: 2/15",
1790445665.502,hud,calib_s,,,,,"✓ Buffer 6s",
1790445665.502,marker,gnss,52.38482300,-1.39247000,281.20,true,,
1790445665.503,marker,dr,52.37910824,-1.39459281,210.90,true,,
1790445665.503,marker,reconciled,0.00000000,0.00000000,0.00,false,,
1790445665.555,hud,speed,,,,,"10.5 / 13.9",10.470
1790445665.555,hud,heading,,,,,"149° / 79°",149.200
1790445665.555,hud,drift,,,,,"80.78%",80.780
1790445665.556,hud,turns,,,,,"✗ turns: 2/15",
1790445665.556,hud,calib_s,,,,,"✓ Buffer 6s",
1790445665.556,marker,gnss,52.38482300,-1.39247000,281.20,true,,
1790445665.557,marker,dr,52.37909999,-1.39458566,210.80,true,,
1790445665.557,marker,reconciled,0.00000000,0.00000000,0.00,false,,
1790445665.604,hud,speed,,,,,"10.5 / 13.9",10.540
1790445665.605,hud,heading,,,,,"149° / 79°",149.200
1790445665.605,hud,drift,,,,,"80.82%",80.820
1790445665.605,hud,turns,,,,,"✗ turns: 2/15",
1790445665.606,hud,calib_s,,,,,"✓ Buffer 6s",
1790445665.606,marker,gnss,52.38482300,-1.39247000,281.20,true,,
1790445665.607,marker,dr,52.37909162,-1.39457837,210.80,true,,
1790445665.607,marker,reconciled,0.00000000,0.00000000,0.00,false,,
1790445665.652,hud,speed,,,,,"10.7 / 13.9",10.650
1790445665.652,hud,heading,,,,,"149° / 79°",148.900
1790445665.652,hud,drift,,,,,"80.85%",80.850
1790445665.652,hud,turns,,,,,"✗ turns: 2/15",
1790445665.653,hud,calib_s,,,,,"✓ Buffer 6s",
1790445665.653,marker,gnss,52.38482300,-1.39247000,281.20,true,,
1790445665.653,marker,dr,52.37908317,-1.39457098,211.10,true,,
1790445665.654,marker,reconciled,0.00000000,0.00000000,0.00,false,,
1790445665.704,hud,speed,,,,,"10.8 / 13.9",10.750
1790445665.705,hud,heading,,,,,"149° / 79°",148.500
1790445665.705,hud,drift,,,,,"80.89%",80.890
1790445665.706,hud,turns,,,,,"✗ turns: 2/15",
1790445665.706,hud,calib_s,,,,,"✓ Buffer 6s",
1790445665.707,marker,gnss,52.38482300,-1.39247000,281.20,true,,
1790445665.707,marker,dr,52.37907453,-1.39456350,211.50,true,,
1790445665.707,marker,reconciled,0.00000000,0.00000000,0.00,false,,
1790445665.753,hud,speed,,,,,"10.7 / 13.9",10.680
1790445665.754,hud,heading,,,,,"149° / 79°",148.700
1790445665.754,hud,drift,,,,,"80.93%",80.930
1790445665.754,hud,turns,,,,,"✗ turns: 2/15",
1790445665.755,hud,calib_s,,,,,"✓ Buffer 6s",
1790445665.755,marker,gnss,52.38482300,-1.39247000,281.20,true,,
1790445665.755,marker,dr,52.37906608,-1.39455625,211.30,true,,
1790445665.756,marker,reconciled,0.00000000,0.00000000,0.00,false,,
1790445665.807,hud,speed,,,,,"10.9 / 13.9",10.880
1790445665.808,hud,heading,,,,,"149° / 79°",149.000
1790445665.808,hud,drift,,,,,"80.96%",80.960
1790445665.808,hud,turns,,,,,"✗ turns: 2/15",
1790445665.808,hud,calib_s,,,,,"✓ Buffer 6s",
1790445665.809,marker,gnss,52.38482300,-1.39247000,281.20,true,,
1790445665.809,marker,dr,52.37905743,-1.39454877,211.00,true,,
1790445665.810,marker,reconciled,0.00000000,0.00000000,0.00,false,,
1790445665.858,hud,speed,,,,,"11.0 / 13.9",11.030
1790445665.858,hud,heading,,,,,"149° / 79°",149.300
1790445665.858,hud,drift,,,,,"81.00%",81.000
1790445665.859,hud,turns,,,,,"✗ turns: 2/15",
1790445665.859,hud,calib_s,,,,,"✓ Buffer 6s",
1790445665.859,marker,gnss,52.38482300,-1.39247000,281.20,true,,
1790445665.860,marker,dr,52.37904868,-1.39454118,210.70,true,,
1790445665.860,marker,reconciled,0.00000000,0.00000000,0.00,false,,
1790445665.909,hud,speed,,,,,"11.2 / 13.9",11.210
1790445665.910,hud,heading,,,,,"150° / 79°",149.600
1790445665.911,hud,drift,,,,,"81.04%",81.040
1790445665.911,hud,turns,,,,,"✗ turns: 2/15",
1790445665.911,hud,calib_s,,,,,"✓ Buffer 6s",
1790445665.912,marker,gnss,52.38482300,-1.39247000,281.20,true,,
1790445665.912,marker,dr,52.37903969,-1.39453341,210.40,true,,
1790445665.913,marker,reconciled,0.00000000,0.00000000,0.00,false,,
1790445665.957,hud,speed,,,,,"11.3 / 13.9",11.320
1790445665.958,hud,heading,,,,,"150° / 79°",149.900
1790445665.958,hud,drift,,,,,"81.08%",81.080
1790445665.958,hud,turns,,,,,"✗ turns: 2/15",
1790445665.958,hud,calib_s,,,,,"✓ Buffer 6s",
1790445665.959,marker,gnss,52.38482300,-1.39247000,281.20,true,,
1790445665.959,marker,dr,52.37903071,-1.39452564,210.10,true,,
1790445665.960,marker,reconciled,0.00000000,0.00000000,0.00,false,,
1790445666.010,hud,speed,,,,,"11.3 / 13.9",11.310
1790445666.010,hud,heading,,,,,"150° / 79°",149.900
1790445666.011,hud,drift,,,,,"81.12%",81.120
1790445666.011,hud,turns,,,,,"✗ turns: 2/15",
1790445666.011,hud,calib_s,,,,,"✓ Buffer 6s",
1790445666.012,marker,gnss,52.38482300,-1.39247000,281.20,true,,
1790445666.012,marker,dr,52.37902185,-1.39451797,210.10,true,,
1790445666.012,marker,reconciled,0.00000000,0.00000000,0.00,false,,
1790445666.062,hud,speed,,,,,"11.4 / 13.9",11.430
1790445666.063,hud,heading,,,,,"150° / 79°",149.900
1790445666.063,hud,drift,,,,,"81.16%",81.160
1790445666.064,hud,turns,,,,,"✗ turns: 2/15",
1790445666.064,hud,calib_s,,,,,"✓ Buffer 6s",
1790445666.064,marker,gnss,52.38482300,-1.39247000,281.20,true,,
1790445666.065,marker,dr,52.37901269,-1.39451011,210.10,true,,
1790445666.065,marker,reconciled,0.00000000,0.00000000,0.00,false,,
1790445666.111,hud,speed,,,,,"11.6 / 13.9",11.580
1790445666.112,hud,heading,,,,,"150° / 79°",150.100
1790445666.112,hud,drift,,,,,"81.20%",81.200
1790445666.112,hud,turns,,,,,"✗ turns: 2/15",
1790445666.112,hud,calib_s,,,,,"✓ Buffer 6s",
1790445666.113,marker,gnss,52.38482300,-1.39247000,281.20,true,,
1790445666.113,marker,dr,52.37900359,-1.39450233,209.90,true,,
1790445666.113,marker,reconciled,0.00000000,0.00000000,0.00,false,,
1790445666.162,hud,speed,,,,,"11.7 / 13.9",11.720
1790445666.162,hud,heading,,,,,"150° / 79°",150.000
1790445666.163,hud,drift,,,,,"81.25%",81.250
1790445666.163,hud,turns,,,,,"✗ turns: 2/15",
1790445666.163,hud,calib_s,,,,,"✓ Buffer 6s",
1790445666.164,marker,gnss,52.38482300,-1.39247000,281.20,true,,
1790445666.164,marker,dr,52.37899421,-1.39449422,210.00,true,,
1790445666.165,marker,reconciled,0.00000000,0.00000000,0.00,false,,
1790445666.212,hud,speed,,,,,"11.8 / 13.9",11.830
1790445666.213,hud,heading,,,,,"150° / 79°",149.900
1790445666.213,hud,drift,,,,,"81.29%",81.290
1790445666.213,hud,turns,,,,,"✗ turns: 2/15",
1790445666.214,hud,calib_s,,,,,"✓ Buffer 6s",
1790445666.214,marker,gnss,52.38482300,-1.39247000,281.20,true,,
1790445666.215,marker,dr,52.37898491,-1.39448621,210.10,true,,
1790445666.215,marker,reconciled,0.00000000,0.00000000,0.00,false,,
1790445666.264,hud,speed,,,,,"12.0 / 13.9",11.950
1790445666.265,hud,heading,,,,,"150° / 79°",150.000
1790445666.265,hud,drift,,,,,"81.33%",81.330
1790445666.265,hud,turns,,,,,"✗ turns: 2/15",
1790445666.265,hud,calib_s,,,,,"✓ Buffer 6s",
1790445666.266,marker,gnss,52.38482300,-1.39247000,281.20,true,,
1790445666.267,marker,dr,52.37897541,-1.39447811,210.00,true,,
1790445666.267,marker,reconciled,0.00000000,0.00000000,0.00,false,,
1790445666.317,hud,speed,,,,,"12.1 / 13.9",12.060
1790445666.318,hud,heading,,,,,"150° / 79°",149.700
1790445666.319,hud,drift,,,,,"81.38%",81.380
1790445666.319,hud,turns,,,,,"✗ turns: 2/15",
1790445666.319,hud,calib_s,,,,,"✓ Buffer 6s",
1790445666.320,marker,gnss,52.38482300,-1.39247000,281.20,true,,
1790445666.320,marker,dr,52.37896578,-1.39446996,210.30,true,,
1790445666.321,marker,reconciled,0.00000000,0.00000000,0.00,false,,
1790445666.364,hud,speed,,,,,"12.2 / 13.9",12.160
1790445666.365,hud,heading,,,,,"150° / 79°",149.800
1790445666.365,hud,drift,,,,,"81.43%",81.430
1790445666.365,hud,turns,,,,,"✗ turns: 2/15",
1790445666.365,hud,calib_s,,,,,"✓ Buffer 6s",
1790445666.365,marker,gnss,52.38482300,-1.39247000,281.20,true,,
1790445666.366,marker,dr,52.37895599,-1.39446167,210.20,true,,
1790445666.366,marker,reconciled,0.00000000,0.00000000,0.00,false,,
1790445666.416,hud,speed,,,,,"12.3 / 13.9",12.270
1790445666.417,hud,heading,,,,,"150° / 79°",149.900
1790445666.417,hud,drift,,,,,"81.47%",81.470
1790445666.417,hud,turns,,,,,"✗ turns: 2/15",
1790445666.418,hud,calib_s,,,,,"✓ Buffer 6s",
1790445666.419,marker,gnss,52.38482300,-1.39247000,281.20,true,,
1790445666.420,marker,dr,52.37894621,-1.39445337,210.10,true,,
1790445666.420,marker,reconciled,0.00000000,0.00000000,0.00,false,,
1790445666.466,hud,speed,,,,,"12.4 / 13.9",12.410
1790445666.467,hud,heading,,,,,"150° / 79°",149.700
1790445666.467,hud,drift,,,,,"81.52%",81.520
1790445666.467,hud,turns,,,,,"✗ turns: 2/15",
1790445666.468,hud,calib_s,,,,,"✓ Buffer 6s",
1790445666.468,marker,gnss,52.38482300,-1.39247000,281.20,true,,
1790445666.468,marker,dr,52.37893631,-1.39444497,210.30,true,,
1790445666.469,marker,reconciled,0.00000000,0.00000000,0.00,false,,
1790445666.521,hud,speed,,,,,"12.5 / 13.9",12.490
1790445666.521,hud,heading,,,,,"149° / 79°",149.300
1790445666.522,hud,drift,,,,,"81.57%",81.570
1790445666.522,hud,turns,,,,,"✗ turns: 2/15",
1790445666.523,hud,calib_s,,,,,"✓ Buffer 6s",
1790445666.523,marker,gnss,52.38482300,-1.39247000,281.20,true,,
1790445666.524,marker,dr,52.37892635,-1.39443648,210.70,true,,
1790445666.525,marker,reconciled,0.00000000,0.00000000,0.00,false,,
1790445666.573,hud,speed,,,,,"12.6 / 19.4",12.560
1790445666.574,hud,heading,,,,,"149° / 66°",149.200
1790445666.575,hud,drift,,,,,"81.33%",81.330
1790445666.575,hud,turns,,,,,"✗ turns: 2/15",
1790445666.575,hud,calib_s,,,,,"✓ Buffer 6s",
1790445666.575,marker,gnss,52.38505600,-1.39053300,294.50,true,,
1790445666.576,marker,dr,52.37891628,-1.39442798,210.80,true,,
1790445666.576,marker,reconciled,0.00000000,0.00000000,0.00,false,,
1790445666.621,hud,speed,,,,,"12.7 / 19.4",12.660
1790445666.622,hud,heading,,,,,"149° / 66°",149.200
1790445666.622,hud,drift,,,,,"81.40%",81.400
1790445666.622,hud,turns,,,,,"✗ turns: 2/15",
1790445666.622,hud,calib_s,,,,,"✓ Buffer 6s",
1790445666.623,marker,gnss,52.38505600,-1.39053300,294.50,true,,
1790445666.623,marker,dr,52.37890622,-1.39441951,210.80,true,,
1790445666.623,marker,reconciled,0.00000000,0.00000000,0.00,false,,
1790445666.669,hud,speed,,,,,"12.8 / 19.4",12.800
1790445666.670,hud,heading,,,,,"149° / 66°",149.300
1790445666.670,hud,drift,,,,,"81.47%",81.470
1790445666.670,hud,turns,,,,,"✗ turns: 2/15",
1790445666.671,hud,calib_s,,,,,"✓ Buffer 6s",
1790445666.671,marker,gnss,52.38505600,-1.39053300,294.50,true,,
1790445666.672,marker,dr,52.37889601,-1.39441077,210.70,true,,
1790445666.672,marker,reconciled,0.00000000,0.00000000,0.00,false,,
1790445666.724,hud,speed,,,,,"12.9 / 19.4",12.910
1790445666.725,hud,heading,,,,,"149° / 66°",149.100
1790445666.725,hud,drift,,,,,"81.55%",81.550
1790445666.726,hud,turns,,,,,"✗ turns: 2/15",
1790445666.726,hud,calib_s,,,,,"✓ Buffer 6s",
1790445666.726,marker,gnss,52.38505600,-1.39053300,294.50,true,,
1790445666.727,marker,dr,52.37888569,-1.39440198,210.90,true,,
1790445666.727,marker,reconciled,0.00000000,0.00000000,0.00,false,,
1790445666.773,hud,speed,,,,,"13.0 / 19.4",13.010
1790445666.774,hud,heading,,,,,"149° / 66°",148.900
1790445666.774,hud,drift,,,,,"81.62%",81.620
1790445666.775,hud,turns,,,,,"✗ turns: 2/15",
1790445666.775,hud,calib_s,,,,,"✓ Buffer 6s",
1790445666.776,marker,gnss,52.38505600,-1.39053300,294.50,true,,
1790445666.776,marker,dr,52.37887532,-1.39439306,211.10,true,,
1790445666.777,marker,reconciled,0.00000000,0.00000000,0.00,false,,
1790445666.824,hud,speed,,,,,"13.1 / 19.4",13.130
1790445666.825,hud,heading,,,,,"149° / 66°",149.000
1790445666.825,hud,drift,,,,,"81.69%",81.690
1790445666.825,hud,turns,,,,,"✗ turns: 2/15",
1790445666.825,hud,calib_s,,,,,"✓ Buffer 6s",
1790445666.825,marker,gnss,52.38505600,-1.39053300,294.50,true,,
1790445666.826,marker,dr,52.37886482,-1.39438409,211.00,true,,
1790445666.826,marker,reconciled,0.00000000,0.00000000,0.00,false,,
1790445666.873,hud,speed,,,,,"13.3 / 19.4",13.300
1790445666.873,hud,heading,,,,,"149° / 66°",149.100
1790445666.874,hud,drift,,,,,"81.77%",81.770
1790445666.874,hud,turns,,,,,"✗ turns: 2/15",
1790445666.874,hud,calib_s,,,,,"✓ Buffer 6s",
1790445666.875,marker,gnss,52.38505600,-1.39053300,294.50,true,,
1790445666.876,marker,dr,52.37885411,-1.39437488,210.90,true,,
1790445666.876,marker,reconciled,0.00000000,0.00000000,0.00,false,,
1790445666.925,hud,speed,,,,,"13.4 / 19.4",13.390
1790445666.925,hud,heading,,,,,"149° / 66°",149.100
1790445666.925,hud,drift,,,,,"81.84%",81.840
1790445666.925,hud,turns,,,,,"✗ turns: 2/15",
1790445666.925,hud,calib_s,,,,,"✓ Buffer 6s",
1790445666.926,marker,gnss,52.38505600,-1.39053300,294.50,true,,
1790445666.926,marker,dr,52.37884341,-1.39436576,210.90,true,,
1790445666.927,marker,reconciled,0.00000000,0.00000000,0.00,false,,
1790445666.977,hud,speed,,,,,"13.6 / 19.4",13.550
1790445666.978,hud,heading,,,,,"149° / 66°",149.200
1790445666.978,hud,drift,,,,,"81.92%",81.920
1790445666.979,hud,turns,,,,,"✗ turns: 2/15",
1790445666.979,hud,calib_s,,,,,"✓ Buffer 6s",
1790445666.979,marker,gnss,52.38505600,-1.39053300,294.50,true,,
1790445666.980,marker,dr,52.37883261,-1.39435650,210.80,true,,
1790445666.980,marker,reconciled,0.00000000,0.00000000,0.00,false,,
1790445667.028,hud,speed,,,,,"13.7 / 19.4",13.690
1790445667.028,hud,heading,,,,,"149° / 66°",149.300
1790445667.028,hud,drift,,,,,"81.99%",81.990
1790445667.029,hud,turns,,,,,"✗ turns: 2/15",
1790445667.029,hud,calib_s,,,,,"✓ Buffer 6s",
1790445667.029,marker,gnss,52.38505600,-1.39053300,294.50,true,,
1790445667.030,marker,dr,52.37882182,-1.39434724,210.70,true,,
1790445667.031,marker,reconciled,0.00000000,0.00000000,0.00,false,,
1790445667.080,hud,speed,,,,,"13.8 / 19.4",13.800
1790445667.081,hud,heading,,,,,"150° / 66°",149.600
1790445667.081,hud,drift,,,,,"82.07%",82.070
1790445667.081,hud,turns,,,,,"✗ turns: 2/15",
1790445667.081,hud,calib_s,,,,,"✓ Buffer 6s",
1790445667.082,marker,gnss,52.38505600,-1.39053300,294.50,true,,
1790445667.083,marker,dr,52.37881084,-1.39433786,210.40,true,,
1790445667.083,marker,reconciled,0.00000000,0.00000000,0.00,false,,
1790445667.129,hud,speed,,,,,"14.0 / 19.4",13.950
1790445667.129,hud,heading,,,,,"150° / 66°",149.700
1790445667.130,hud,drift,,,,,"82.15%",82.150
1790445667.130,hud,turns,,,,,"✗ turns: 2/15",
1790445667.130,hud,calib_s,,,,,"✓ Buffer 6s",
1790445667.131,marker,gnss,52.38505600,-1.39053300,294.50,true,,
1790445667.132,marker,dr,52.37879963,-1.39432833,210.30,true,,
1790445667.132,marker,reconciled,0.00000000,0.00000000,0.00,false,,
1790445667.182,hud,speed,,,,,"14.1 / 19.4",14.080
1790445667.182,hud,heading,,,,,"150° / 66°",149.700
1790445667.183,hud,drift,,,,,"82.22%",82.220
1790445667.183,hud,turns,,,,,"✗ turns: 2/15",
1790445667.183,hud,calib_s,,,,,"✓ Buffer 6s",
1790445667.184,marker,gnss,52.38505600,-1.39053300,294.50,true,,
1790445667.184,marker,dr,52.37878854,-1.39431891,210.30,true,,
1790445667.185,marker,reconciled,0.00000000,0.00000000,0.00,false,,
1790445667.235,hud,speed,,,,,"14.2 / 19.4",14.160
1790445667.236,hud,heading,,,,,"150° / 66°",149.700
1790445667.236,hud,drift,,,,,"82.30%",82.300
1790445667.236,hud,turns,,,,,"✗ turns: 2/15",
1790445667.236,hud,calib_s,,,,,"✓ Buffer 6s",
1790445667.237,marker,gnss,52.38505600,-1.39053300,294.50,true,,
1790445667.237,marker,dr,52.37877717,-1.39430922,210.30,true,,
1790445667.238,marker,reconciled,0.00000000,0.00000000,0.00,false,,
1790445667.324,hud,speed,,,,,"14.3 / 19.4",14.260
1790445667.324,hud,heading,,,,,"150° / 66°",149.600
1790445667.325,hud,drift,,,,,"82.38%",82.380
1790445667.325,hud,turns,,,,,"✗ turns: 2/15",
1790445667.326,hud,calib_s,,,,,"✓ Buffer 6s",
1790445667.327,marker,gnss,52.38505600,-1.39053300,294.50,true,,
1790445667.327,marker,dr,52.37876582,-1.39429950,210.40,true,,
1790445667.328,marker,reconciled,0.00000000,0.00000000,0.00,false,,
1790445667.370,hud,speed,,,,,"14.4 / 19.4",14.370
1790445667.371,hud,heading,,,,,"149° / 66°",149.300
1790445667.371,hud,drift,,,,,"82.46%",82.460
1790445667.371,hud,turns,,,,,"✗ turns: 2/15",
1790445667.372,hud,calib_s,,,,,"✓ Buffer 6s",
1790445667.373,marker,gnss,52.38505600,-1.39053300,294.50,true,,
1790445667.373,marker,dr,52.37875447,-1.39428988,210.70,true,,
1790445667.374,marker,reconciled,0.00000000,0.00000000,0.00,false,,
1790445667.418,hud,speed,,,,,"14.5 / 19.4",14.500
1790445667.418,hud,heading,,,,,"149° / 66°",149.200
1790445667.419,hud,drift,,,,,"82.54%",82.540
1790445667.419,hud,turns,,,,,"✗ turns: 2/15",
1790445667.420,hud,calib_s,,,,,"✓ Buffer 6s",
1790445667.420,marker,gnss,52.38505600,-1.39053300,294.50,true,,
1790445667.421,marker,dr,52.37874286,-1.39428008,210.80,true,,
1790445667.422,marker,reconciled,0.00000000,0.00000000,0.00,false,,
1790445667.483,hud,speed,,,,,"14.6 / 19.4",14.570
1790445667.483,hud,heading,,,,,"149° / 66°",149.100
1790445667.483,hud,drift,,,,,"82.62%",82.620
1790445667.484,hud,turns,,,,,"✗ turns: 2/15",
1790445667.484,hud,calib_s,,,,,"✓ Buffer 6s",
1790445667.484,marker,gnss,52.38505600,-1.39053300,294.50,true,,
1790445667.485,marker,dr,52.37873118,-1.39427023,210.90,true,,
1790445667.485,marker,reconciled,0.00000000,0.00000000,0.00,false,,
1790445667.531,hud,speed,,,,,"14.7 / 19.4",14.710
1790445667.531,hud,heading,,,,,"149° / 66°",149.200
1790445667.532,hud,drift,,,,,"82.70%",82.700
1790445667.532,hud,turns,,,,,"✗ turns: 2/15",
1790445667.533,hud,calib_s,,,,,"✓ Buffer 6s",
1790445667.533,marker,gnss,52.38505600,-1.39053300,294.50,true,,
1790445667.534,marker,dr,52.37871935,-1.39426004,210.80,true,,
1790445667.534,marker,reconciled,0.00000000,0.00000000,0.00,false,,
1790445667.580,hud,speed,,,,,"14.8 / 19.4",14.840
1790445667.581,hud,heading,,,,,"149° / 66°",149.400
1790445667.582,hud,drift,,,,,"82.78%",82.780
1790445667.582,hud,turns,,,,,"✗ turns: 2/15",
1790445667.583,hud,calib_s,,,,,"✓ Buffer 6s",
1790445667.583,marker,gnss,52.38505600,-1.39053300,294.50,true,,
1790445667.584,marker,dr,52.37870757,-1.39424984,210.60,true,,
1790445667.585,marker,reconciled,0.00000000,0.00000000,0.00,false,,
1790445667.628,hud,speed,,,,,"15.0 / 19.4",14.950
1790445667.628,hud,heading,,,,,"149° / 66°",149.400
1790445667.629,hud,drift,,,,,"82.87%",82.870
1790445667.629,hud,turns,,,,,"✗ turns: 2/15",
1790445667.630,hud,calib_s,,,,,"✓ Buffer 6s",
1790445667.630,marker,gnss,52.38505600,-1.39053300,294.50,true,,
1790445667.631,marker,dr,52.37869568,-1.39423963,210.60,true,,
1790445667.632,marker,reconciled,0.00000000,0.00000000,0.00,false,,
1790445667.675,hud,speed,,,,,"14.9 / 19.4",14.910
1790445667.675,hud,heading,,,,,"149° / 66°",149.300
1790445667.676,hud,drift,,,,,"82.95%",82.950
1790445667.677,hud,turns,,,,,"✗ turns: 2/15",
1790445667.677,hud,calib_s,,,,,"✓ Buffer 6s",
1790445667.678,marker,gnss,52.38505600,-1.39053300,294.50,true,,
1790445667.679,marker,dr,52.37868394,-1.39422953,210.70,true,,
1790445667.679,marker,reconciled,0.00000000,0.00000000,0.00,false,,
1790445667.742,hud,speed,,,,,"15.1 / 19.4",15.100
1790445667.742,hud,heading,,,,,"149° / 66°",149.000
1790445667.743,hud,drift,,,,,"83.03%",83.030
1790445667.743,hud,turns,,,,,"✗ turns: 2/15",
1790445667.743,hud,calib_s,,,,,"✓ Buffer 6s",
1790445667.743,marker,gnss,52.38505600,-1.39053300,294.50,true,,
1790445667.744,marker,dr,52.37867193,-1.39421915,211.00,true,,
1790445667.746,marker,reconciled,0.00000000,0.00000000,0.00,false,,
1790445667.773,hud,speed,,,,,"15.2 / 19.4",15.230
1790445667.773,hud,heading,,,,,"149° / 66°",148.800
1790445667.774,hud,drift,,,,,"83.11%",83.110
1790445667.774,hud,turns,,,,,"✗ turns: 2/15",
1790445667.775,hud,calib_s,,,,,"✓ Buffer 6s",
1790445667.775,marker,gnss,52.38505600,-1.39053300,294.50,true,,
1790445667.776,marker,dr,52.37865966,-1.39420863,211.20,true,,
1790445667.776,marker,reconciled,0.00000000,0.00000000,0.00,false,,
1790445667.802,hud,speed,,,,,"14.9 / 19.4",14.900
1790445667.802,hud,heading,,,,,"148° / 66°",148.400
1790445667.803,hud,drift,,,,,"83.19%",83.190
1790445667.803,hud,turns,,,,,"✗ turns: 2/15",
1790445667.803,hud,calib_s,,,,,"✓ Buffer 6s",
1790445667.803,marker,gnss,52.38505600,-1.39053300,294.50,true,,
1790445667.804,marker,dr,52.37864774,-1.39419854,211.60,true,,
1790445667.805,marker,reconciled,0.00000000,0.00000000,0.00,false,,
1790445667.846,hud,speed,,,,,"15.1 / 19.4",15.050
1790445667.847,hud,heading,,,,,"148° / 66°",147.800
1790445667.847,hud,drift,,,,,"83.27%",83.270
1790445667.847,hud,turns,,,,,"✗ turns: 2/15",
1790445667.847,hud,calib_s,,,,,"✓ Buffer 6s",
1790445667.847,marker,gnss,52.38505600,-1.39053300,294.50,true,,
1790445667.848,marker,dr,52.37863566,-1.39418850,212.20,true,,
1790445667.848,marker,reconciled,0.00000000,0.00000000,0.00,false,,
1790445667.899,hud,speed,,,,,"15.1 / 19.4",15.080
1790445667.900,hud,heading,,,,,"148° / 66°",147.500
1790445667.900,hud,drift,,,,,"83.36%",83.360
1790445667.900,hud,turns,,,,,"✗ turns: 2/15",
1790445667.900,hud,calib_s,,,,,"✓ Buffer 6s",
1790445667.901,marker,gnss,52.38505600,-1.39053300,294.50,true,,
1790445667.902,marker,dr,52.37862361,-1.39417858,212.50,true,,
1790445667.902,marker,reconciled,0.00000000,0.00000000,0.00,false,,
1790445667.951,hud,speed,,,,,"14.9 / 19.4",14.920
1790445667.951,hud,heading,,,,,"148° / 66°",147.600
1790445667.951,hud,drift,,,,,"83.44%",83.440
1790445667.952,hud,turns,,,,,"✗ turns: 2/15",
1790445667.952,hud,calib_s,,,,,"✓ Buffer 6s",
1790445667.952,marker,gnss,52.38505600,-1.39053300,294.50,true,,
1790445667.953,marker,dr,52.37861124,-1.39416844,212.40,true,,
1790445667.953,marker,reconciled,0.00000000,0.00000000,0.00,false,,
1790445668.003,hud,speed,,,,,"14.9 / 19.4",14.940
1790445668.004,hud,heading,,,,,"148° / 66°",147.700
1790445668.004,hud,drift,,,,,"83.52%",83.520
1790445668.004,hud,turns,,,,,"✗ turns: 2/15",
1790445668.004,hud,calib_s,,,,,"✓ Buffer 6s",
1790445668.004,marker,gnss,52.38505600,-1.39053300,294.50,true,,
1790445668.005,marker,dr,52.37859924,-1.39415840,212.30,true,,
1790445668.005,marker,reconciled,0.00000000,0.00000000,0.00,false,,
1790445668.052,hud,speed,,,,,"15.1 / 19.4",15.140
1790445668.052,hud,heading,,,,,"148° / 66°",147.700
1790445668.052,hud,drift,,,,,"83.60%",83.600
1790445668.053,hud,turns,,,,,"✗ turns: 2/15",
1790445668.053,hud,calib_s,,,,,"✓ Buffer 6s",
1790445668.053,marker,gnss,52.38505600,-1.39053300,294.50,true,,
1790445668.054,marker,dr,52.37858685,-1.39414793,212.30,true,,
1790445668.054,marker,reconciled,0.00000000,0.00000000,0.00,false,,
1790445668.105,hud,speed,,,,,"15.3 / 19.4",15.290
1790445668.105,hud,heading,,,,,"148° / 66°",147.700
1790445668.106,hud,drift,,,,,"83.68%",83.680
1790445668.106,hud,turns,,,,,"✗ turns: 2/15",
1790445668.106,hud,calib_s,,,,,"✓ Buffer 6s",
1790445668.107,marker,gnss,52.38505600,-1.39053300,294.50,true,,
1790445668.107,marker,dr,52.37857453,-1.39413736,212.30,true,,
1790445668.108,marker,reconciled,0.00000000,0.00000000,0.00,false,,
1790445668.154,hud,speed,,,,,"15.3 / 19.4",15.340
1790445668.155,hud,heading,,,,,"148° / 66°",147.600
1790445668.155,hud,drift,,,,,"83.76%",83.760
1790445668.155,hud,turns,,,,,"✗ turns: 2/15",
1790445668.155,hud,calib_s,,,,,"✓ Buffer 6s",
1790445668.156,marker,gnss,52.38505600,-1.39053300,294.50,true,,
1790445668.156,marker,dr,52.37856239,-1.39412683,212.40,true,,
1790445668.156,marker,reconciled,0.00000000,0.00000000,0.00,false,,
1790445668.209,hud,speed,,,,,"15.8 / 19.4",15.750
1790445668.209,hud,heading,,,,,"148° / 66°",147.500
1790445668.209,hud,drift,,,,,"83.85%",83.850
1790445668.210,hud,turns,,,,,"✗ turns: 2/15",
1790445668.210,hud,calib_s,,,,,"✓ Buffer 6s",
1790445668.210,marker,gnss,52.38505600,-1.39053300,294.50,true,,
1790445668.211,marker,dr,52.37854971,-1.39411599,212.50,true,,
1790445668.211,marker,reconciled,0.00000000,0.00000000,0.00,false,,
1790445668.259,hud,speed,,,,,"15.9 / 19.4",15.860
1790445668.260,hud,heading,,,,,"148° / 66°",147.900
1790445668.260,hud,drift,,,,,"83.93%",83.930
1790445668.261,hud,turns,,,,,"✗ turns: 2/15",
1790445668.261,hud,calib_s,,,,,"✓ Buffer 6s",
1790445668.261,marker,gnss,52.38505600,-1.39053300,294.50,true,,
1790445668.262,marker,dr,52.37853696,-1.39410501,212.10,true,,
1790445668.262,marker,reconciled,0.00000000,0.00000000,0.00,false,,
1790445668.317,hud,speed,,,,,"16.0 / 19.4",15.960
1790445668.318,hud,heading,,,,,"148° / 66°",148.100
1790445668.318,hud,drift,,,,,"84.02%",84.020
1790445668.318,hud,turns,,,,,"✗ turns: 2/15",
1790445668.318,hud,calib_s,,,,,"✓ Buffer 6s",
1790445668.318,marker,gnss,52.38505600,-1.39053300,294.50,true,,
1790445668.319,marker,dr,52.37852436,-1.39409425,211.90,true,,
1790445668.319,marker,reconciled,0.00000000,0.00000000,0.00,false,,
1790445668.360,hud,speed,,,,,"15.9 / 19.4",15.910
1790445668.360,hud,heading,,,,,"148° / 66°",148.100
1790445668.360,hud,drift,,,,,"84.10%",84.100
1790445668.360,hud,turns,,,,,"✗ turns: 2/15",
1790445668.361,hud,calib_s,,,,,"✓ Buffer 6s",
1790445668.361,marker,gnss,52.38505600,-1.39053300,294.50,true,,
1790445668.361,marker,dr,52.37851166,-1.39408337,211.90,true,,
1790445668.361,marker,reconciled,0.00000000,0.00000000,0.00,false,,
1790445668.410,hud,speed,,,,,"16.0 / 19.4",16.000
1790445668.410,hud,heading,,,,,"148° / 66°",147.700
1790445668.411,hud,drift,,,,,"84.18%",84.180
1790445668.411,hud,turns,,,,,"✗ turns: 2/15",
1790445668.411,hud,calib_s,,,,,"✓ Buffer 6s",
1790445668.411,marker,gnss,52.38505600,-1.39053300,294.50,true,,
1790445668.412,marker,dr,52.37849885,-1.39407213,212.30,true,,
1790445668.412,marker,reconciled,0.00000000,0.00000000,0.00,false,,
1790445668.461,hud,speed,,,,,"16.1 / 19.4",16.050
1790445668.462,hud,heading,,,,,"148° / 66°",147.700
1790445668.462,hud,drift,,,,,"84.27%",84.270
1790445668.462,hud,turns,,,,,"✗ turns: 2/15",
1790445668.462,hud,calib_s,,,,,"✓ Buffer 6s",
1790445668.463,marker,gnss,52.38505600,-1.39053300,294.50,true,,
1790445668.463,marker,dr,52.37848606,-1.39406093,212.30,true,,
1790445668.464,marker,reconciled,0.00000000,0.00000000,0.00,false,,
1790445668.512,hud,speed,,,,,"16.2 / 19.4",16.210
1790445668.512,hud,heading,,,,,"148° / 66°",147.900
1790445668.513,hud,drift,,,,,"84.35%",84.350
1790445668.513,hud,turns,,,,,"✗ turns: 2/15",
1790445668.513,hud,calib_s,,,,,"✓ Buffer 6s",
1790445668.513,marker,gnss,52.38505600,-1.39053300,294.50,true,,
1790445668.514,marker,dr,52.37847337,-1.39404968,212.10,true,,
1790445668.514,marker,reconciled,0.00000000,0.00000000,0.00,false,,
1790445668.561,hud,speed,,,,,"16.3 / 19.4",16.290
1790445668.562,hud,heading,,,,,"148° / 66°",148.000
1790445668.562,hud,drift,,,,,"84.43%",84.430
1790445668.562,hud,turns,,,,,"✗ turns: 2/15",
1790445668.562,hud,calib_s,,,,,"✓ Buffer 6s",
1790445668.563,marker,gnss,52.38505600,-1.39053300,294.50,true,,
1790445668.563,marker,dr,52.37846034,-1.39403822,212.00,true,,
1790445668.563,marker,reconciled,0.00000000,0.00000000,0.00,false,,
1790445668.625,hud,speed,,,,,"16.3 / 19.4",16.320
1790445668.625,hud,heading,,,,,"148° / 66°",148.000
1790445668.626,hud,drift,,,,,"84.51%",84.510
1790445668.626,hud,turns,,,,,"✗ turns: 2/15",
1790445668.627,hud,calib_s,,,,,"✓ Buffer 6s",
1790445668.627,marker,gnss,52.38505600,-1.39053300,294.50,true,,
1790445668.628,marker,dr,52.37844755,-1.39402694,212.00,true,,
1790445668.629,marker,reconciled,0.00000000,0.00000000,0.00,false,,
1790445668.696,hud,speed,,,,,"16.4 / 19.4",16.390
1790445668.697,hud,heading,,,,,"148° / 66°",147.900
1790445668.697,hud,drift,,,,,"84.59%",84.590
1790445668.698,hud,turns,,,,,"✗ turns: 2/15",
1790445668.698,hud,calib_s,,,,,"✓ Buffer 6s",
1790445668.699,marker,gnss,52.38505600,-1.39053300,294.50,true,,
1790445668.700,marker,dr,52.37843462,-1.39401535,212.10,true,,
1790445668.701,marker,reconciled,0.00000000,0.00000000,0.00,false,,
1790445668.767,hud,speed,,,,,"16.5 / 19.4",16.520
1790445668.767,hud,heading,,,,,"148° / 66°",147.600
1790445668.768,hud,drift,,,,,"84.68%",84.680
1790445668.768,hud,turns,,,,,"✗ turns: 2/15",
1790445668.769,hud,calib_s,,,,,"✓ Buffer 6s",
1790445668.769,marker,gnss,52.38505600,-1.39053300,294.50,true,,
1790445668.770,marker,dr,52.37842149,-1.39400347,212.40,true,,
1790445668.771,marker,reconciled,0.00000000,0.00000000,0.00,false,,
1790445668.817,hud,speed,,,,,"16.6 / 19.4",16.600
1790445668.817,hud,heading,,,,,"148° / 66°",147.500
1790445668.817,hud,drift,,,,,"84.76%",84.760
1790445668.818,hud,turns,,,,,"✗ turns: 2/15",
1790445668.818,hud,calib_s,,,,,"✓ Buffer 6s",
1790445668.819,marker,gnss,52.38505600,-1.39053300,294.50,true,,
1790445668.819,marker,dr,52.37840851,-1.39399173,212.50,true,,
1790445668.820,marker,reconciled,0.00000000,0.00000000,0.00,false,,
1790445668.863,hud,speed,,,,,"16.6 / 19.4",16.640
1790445668.864,hud,heading,,,,,"148° / 66°",147.500
1790445668.864,hud,drift,,,,,"84.84%",84.840
1790445668.865,hud,turns,,,,,"✗ turns: 2/15",
1790445668.865,hud,calib_s,,,,,"✓ Buffer 6s",
1790445668.866,marker,gnss,52.38505600,-1.39053300,294.50,true,,
1790445668.866,marker,dr,52.37839539,-1.39397973,212.50,true,,
1790445668.867,marker,reconciled,0.00000000,0.00000000,0.00,false,,
1790445668.911,hud,speed,,,,,"16.8 / 19.4",16.830
1790445668.911,hud,heading,,,,,"148° / 66°",147.700
1790445668.912,hud,drift,,,,,"84.92%",84.920
1790445668.913,hud,turns,,,,,"✗ turns: 2/15",
1790445668.913,hud,calib_s,,,,,"✓ Buffer 6s",
1790445668.914,marker,gnss,52.38505600,-1.39053300,294.50,true,,
1790445668.915,marker,dr,52.37838209,-1.39396740,212.30,true,,
1790445668.916,marker,reconciled,0.00000000,0.00000000,0.00,false,,
1790445668.963,hud,speed,,,,,"16.9 / 19.4",16.940
1790445668.963,hud,heading,,,,,"148° / 66°",147.700
1790445668.964,hud,drift,,,,,"85.01%",85.010
1790445668.964,hud,turns,,,,,"✗ turns: 2/15",
1790445668.965,hud,calib_s,,,,,"✓ Buffer 6s",
1790445668.965,marker,gnss,52.38505600,-1.39053300,294.50,true,,
1790445668.966,marker,dr,52.37836882,-1.39395515,212.30,true,,
1790445668.967,marker,reconciled,0.00000000,0.00000000,0.00,false,,
1790445668.993,hud,speed,,,,,"17.0 / 19.4",16.990
1790445668.994,hud,heading,,,,,"148° / 66°",147.900
1790445668.994,hud,drift,,,,,"85.09%",85.090
1790445668.995,hud,turns,,,,,"✗ turns: 2/15",
1790445668.995,hud,calib_s,,,,,"✓ Buffer 6s",
1790445668.995,marker,gnss,52.38505600,-1.39053300,294.50,true,,
1790445668.996,marker,dr,52.37835558,-1.39394276,212.10,true,,
1790445668.997,marker,reconciled,0.00000000,0.00000000,0.00,false,,
1790445669.028,hud,speed,,,,,"17.0 / 19.4",17.040
1790445669.028,hud,heading,,,,,"148° / 66°",148.200
1790445669.028,hud,drift,,,,,"85.17%",85.170
1790445669.029,hud,turns,,,,,"✗ turns: 2/15",
1790445669.029,hud,calib_s,,,,,"✓ Buffer 6s",
1790445669.030,marker,gnss,52.38505600,-1.39053300,294.50,true,,
1790445669.030,marker,dr,52.37834243,-1.39393044,211.80,true,,
1790445669.031,marker,reconciled,0.00000000,0.00000000,0.00,false,,
1790445669.083,hud,speed,,,,,"17.2 / 19.4",17.150
1790445669.084,hud,heading,,,,,"148° / 66°",148.300
1790445669.084,hud,drift,,,,,"85.25%",85.250
1790445669.084,hud,turns,,,,,"✗ turns: 2/15",
1790445669.084,hud,calib_s,,,,,"✓ Buffer 6s",
1790445669.085,marker,gnss,52.38505600,-1.39053300,294.50,true,,
1790445669.085,marker,dr,52.37832895,-1.39391780,211.70,true,,
1790445669.086,marker,reconciled,0.00000000,0.00000000,0.00,false,,
1790445669.131,hud,speed,,,,,"17.2 / 19.4",17.210
1790445669.132,hud,heading,,,,,"148° / 66°",148.300
1790445669.132,hud,drift,,,,,"85.33%",85.330
1790445669.132,hud,turns,,,,,"✗ turns: 2/15",
1790445669.132,hud,calib_s,,,,,"✓ Buffer 6s",
1790445669.132,marker,gnss,52.38505600,-1.39053300,294.50,true,,
1790445669.133,marker,dr,52.37831558,-1.39390520,211.70,true,,
1790445669.133,marker,reconciled,0.00000000,0.00000000,0.00,false,,
1790445669.176,hud,speed,,,,,"17.4 / 19.4",17.360
1790445669.176,hud,heading,,,,,"148° / 66°",148.300
1790445669.176,hud,drift,,,,,"85.41%",85.410
1790445669.176,hud,turns,,,,,"✗ turns: 2/15",
1790445669.177,hud,calib_s,,,,,"✓ Buffer 6s",
1790445669.177,marker,gnss,52.38505600,-1.39053300,294.50,true,,
1790445669.177,marker,dr,52.37830211,-1.39389239,211.70,true,,
1790445669.177,marker,reconciled,0.00000000,0.00000000,0.00,false,,
1790445669.228,hud,speed,,,,,"17.6 / 19.4",17.620
1790445669.228,hud,heading,,,,,"148° / 66°",148.200
1790445669.228,hud,drift,,,,,"85.49%",85.490
1790445669.229,hud,turns,,,,,"✗ turns: 2/15",
1790445669.229,hud,calib_s,,,,,"✓ Buffer 6s",
1790445669.229,marker,gnss,52.38505600,-1.39053300,294.50,true,,
1790445669.230,marker,dr,52.37828847,-1.39387924,211.80,true,,
1790445669.230,marker,reconciled,0.00000000,0.00000000,0.00,false,,
1790445669.281,hud,speed,,,,,"17.6 / 19.4",17.620
1790445669.282,hud,heading,,,,,"148° / 66°",148.300
1790445669.283,hud,drift,,,,,"85.57%",85.570
1790445669.283,hud,turns,,,,,"✗ turns: 2/15",
1790445669.284,hud,calib_s,,,,,"✓ Buffer 6s",
1790445669.286,marker,gnss,52.38505600,-1.39053300,294.50,true,,
1790445669.287,marker,dr,52.37827497,-1.39386624,211.70,true,,
1790445669.287,marker,reconciled,0.00000000,0.00000000,0.00,false,,
1790445669.329,hud,speed,,,,,"17.6 / 19.4",17.580
1790445669.329,hud,heading,,,,,"148° / 66°",148.100
1790445669.330,hud,drift,,,,,"85.65%",85.650
1790445669.330,hud,turns,,,,,"✗ turns: 2/15",
1790445669.330,hud,calib_s,,,,,"✓ Buffer 6s",
1790445669.331,marker,gnss,52.38505600,-1.39053300,294.50,true,,
1790445669.331,marker,dr,52.37826138,-1.39385306,211.90,true,,
1790445669.332,marker,reconciled,0.00000000,0.00000000,0.00,false,,
1790445669.382,hud,speed,,,,,"17.8 / 19.4",17.800
1790445669.383,hud,heading,,,,,"148° / 66°",147.800
1790445669.383,hud,drift,,,,,"85.74%",85.740
1790445669.383,hud,turns,,,,,"✗ turns: 2/15",
1790445669.383,hud,calib_s,,,,,"✓ Buffer 6s",
1790445669.384,marker,gnss,52.38505600,-1.39053300,294.50,true,,
1790445669.384,marker,dr,52.37824765,-1.39383964,212.20,true,,
1790445669.385,marker,reconciled,0.00000000,0.00000000,0.00,false,,
1790445669.429,hud,speed,,,,,"17.7 / 19.4",17.710
1790445669.430,hud,heading,,,,,"148° / 66°",147.800
1790445669.430,hud,drift,,,,,"85.82%",85.820
1790445669.430,hud,turns,,,,,"✗ turns: 2/15",
1790445669.430,hud,calib_s,,,,,"✓ Buffer 6s",
1790445669.431,marker,gnss,52.38505600,-1.39053300,294.50,true,,
1790445669.431,marker,dr,52.37823388,-1.39382604,212.20,true,,
1790445669.431,marker,reconciled,0.00000000,0.00000000,0.00,false,,
1790445669.483,hud,speed,,,,,"18.0 / 19.4",17.950
1790445669.484,hud,heading,,,,,"148° / 66°",148.000
1790445669.484,hud,drift,,,,,"85.90%",85.900
1790445669.485,hud,turns,,,,,"✗ turns: 2/15",
1790445669.485,hud,calib_s,,,,,"✓ Buffer 6s",
1790445669.485,marker,gnss,52.38505600,-1.39053300,294.50,true,,
1790445669.486,marker,dr,52.37822016,-1.39381218,212.00,true,,
1790445669.487,marker,reconciled,0.00000000,0.00000000,0.00,false,,
1790445669.534,hud,speed,,,,,"17.9 / 19.4",17.920
1790445669.534,hud,heading,,,,,"148° / 66°",148.100
1790445669.535,hud,drift,,,,,"85.97%",85.970
1790445669.535,hud,turns,,,,,"✗ turns: 2/15",
1790445669.535,hud,calib_s,,,,,"✓ Buffer 6s",
1790445669.535,marker,gnss,52.38505600,-1.39053300,294.50,true,,
1790445669.536,marker,dr,52.37820662,-1.39379844,211.90,true,,
1790445669.536,marker,reconciled,0.00000000,0.00000000,0.00,false,,
1790445669.586,hud,speed,,,,,"18.1 / 19.4",18.110
1790445669.587,hud,heading,,,,,"148° / 66°",147.900
1790445669.587,hud,drift,,,,,"86.05%",86.050
1790445669.587,hud,turns,,,,,"✗ turns: 2/15",
1790445669.588,hud,calib_s,,,,,"✓ Buffer 6s",
1790445669.588,marker,gnss,52.38505600,-1.39053300,294.50,true,,
1790445669.588,marker,dr,52.37819270,-1.39378414,212.10,true,,
1790445669.589,marker,reconciled,0.00000000,0.00000000,0.00,false,,
1790445669.637,hud,speed,,,,,"18.2 / 19.4",18.170
1790445669.638,hud,heading,,,,,"148° / 66°",148.000
1790445669.639,hud,drift,,,,,"86.13%",86.130
1790445669.639,hud,turns,,,,,"✗ turns: 2/15",
1790445669.639,hud,calib_s,,,,,"✓ Buffer 6s",
1790445669.640,marker,gnss,52.38505600,-1.39053300,294.50,true,,
1790445669.640,marker,dr,52.37817890,-1.39376988,212.00,true,,
1790445669.640,marker,reconciled,0.00000000,0.00000000,0.00,false,,
1790445669.686,hud,speed,,,,,"18.2 / 19.4",18.220
1790445669.686,hud,heading,,,,,"148° / 66°",148.200
1790445669.686,hud,drift,,,,,"86.21%",86.210
1790445669.686,hud,turns,,,,,"✗ turns: 2/15",
1790445669.687,hud,calib_s,,,,,"✓ Buffer 6s",
1790445669.687,marker,gnss,52.38505600,-1.39053300,294.50,true,,
1790445669.687,marker,dr,52.37816510,-1.39375547,211.80,true,,
1790445669.687,marker,reconciled,0.00000000,0.00000000,0.00,false,,
1790445669.738,hud,speed,,,,,"18.2 / 19.4",18.160
1790445669.738,hud,heading,,,,,"148° / 66°",148.100
1790445669.739,hud,drift,,,,,"86.29%",86.290
1790445669.739,hud,turns,,,,,"✗ turns: 2/15",
1790445669.739,hud,calib_s,,,,,"✓ Buffer 6s",
1790445669.740,marker,gnss,52.38505600,-1.39053300,294.50,true,,
1790445669.741,marker,dr,52.37815112,-1.39374068,211.90,true,,
1790445669.741,marker,reconciled,0.00000000,0.00000000,0.00,false,,
1790445669.790,hud,speed,,,,,"18.3 / 19.4",18.300
1790445669.790,hud,heading,,,,,"148° / 66°",148.400
1790445669.791,hud,drift,,,,,"86.36%",86.360
1790445669.791,hud,turns,,,,,"✗ turns: 2/15",
1790445669.791,hud,calib_s,,,,,"✓ Buffer 6s",
1790445669.792,marker,gnss,52.38505600,-1.39053300,294.50,true,,
1790445669.792,marker,dr,52.37813766,-1.39372618,211.60,true,,
1790445669.792,marker,reconciled,0.00000000,0.00000000,0.00,false,,
1790445669.850,hud,speed,,,,,"18.4 / 19.4",18.410
1790445669.851,hud,heading,,,,,"148° / 66°",147.900
1790445669.851,hud,drift,,,,,"86.43%",86.430
1790445669.851,hud,turns,,,,,"✗ turns: 2/15",
1790445669.852,hud,calib_s,,,,,"✓ Buffer 6s",
1790445669.852,marker,gnss,52.38505600,-1.39053300,294.50,true,,
1790445669.852,marker,dr,52.37812401,-1.39371138,212.10,true,,
1790445669.853,marker,reconciled,0.00000000,0.00000000,0.00,false,,
1790445669.893,hud,speed,,,,,"18.4 / 19.4",18.360
1790445669.893,hud,heading,,,,,"147° / 66°",147.400
1790445669.894,hud,drift,,,,,"86.51%",86.510
1790445669.894,hud,turns,,,,,"✗ turns: 2/15",
1790445669.894,hud,calib_s,,,,,"✓ Buffer 6s",
1790445669.895,marker,gnss,52.38505600,-1.39053300,294.50,true,,
1790445669.895,marker,dr,52.37811018,-1.39369621,212.60,true,,
1790445669.896,marker,reconciled,0.00000000,0.00000000,0.00,false,,
1790445669.943,hud,speed,,,,,"18.6 / 19.4",18.580
1790445669.944,hud,heading,,,,,"147° / 66°",146.900
1790445669.944,hud,drift,,,,,"86.58%",86.580
1790445669.944,hud,turns,,,,,"✗ turns: 2/15",
1790445669.945,hud,calib_s,,,,,"✓ Buffer 6s",
1790445669.945,marker,gnss,52.38505600,-1.39053300,294.50,true,,
1790445669.945,marker,dr,52.37809630,-1.39368103,213.10,true,,
1790445669.946,marker,reconciled,0.00000000,0.00000000,0.00,false,,
1790445669.993,hud,speed,,,,,"18.7 / 19.4",18.710
1790445669.994,hud,heading,,,,,"146° / 66°",146.400
1790445669.994,hud,drift,,,,,"86.66%",86.660
1790445669.995,hud,turns,,,,,"✗ turns: 2/15",
1790445669.995,hud,calib_s,,,,,"✓ Buffer 6s",
1790445669.995,marker,gnss,52.38505600,-1.39053300,294.50,true,,
1790445669.995,marker,dr,52.37808236,-1.39366566,213.60,true,,
1790445669.996,marker,reconciled,0.00000000,0.00000000,0.00,false,,
1790445670.045,hud,speed,,,,,"18.8 / 19.4",18.770
1790445670.046,hud,heading,,,,,"147° / 66°",146.500
1790445670.046,hud,drift,,,,,"86.73%",86.730
1790445670.046,hud,turns,,,,,"✗ turns: 2/15",
1790445670.047,hud,calib_s,,,,,"✓ Buffer 6s",
1790445670.047,marker,gnss,52.38505600,-1.39053300,294.50,true,,
1790445670.047,marker,dr,52.37806844,-1.39365021,213.50,true,,
1790445670.048,marker,reconciled,0.00000000,0.00000000,0.00,false,,
1790445670.096,hud,speed,,,,,"18.8 / 19.4",18.800
1790445670.096,hud,heading,,,,,"147° / 66°",146.600
1790445670.097,hud,drift,,,,,"86.81%",86.810
1790445670.097,hud,turns,,,,,"✗ turns: 2/15",
1790445670.097,hud,calib_s,,,,,"✓ Buffer 6s",
1790445670.097,marker,gnss,52.38505600,-1.39053300,294.50,true,,
1790445670.098,marker,dr,52.37805451,-1.39363468,213.40,true,,
1790445670.099,marker,reconciled,0.00000000,0.00000000,0.00,false,,
1790445670.148,hud,speed,,,,,"18.8 / 19.4",18.800
1790445670.149,hud,heading,,,,,"147° / 66°",147.200
1790445670.149,hud,drift,,,,,"86.88%",86.880
1790445670.149,hud,turns,,,,,"✗ turns: 2/15",
1790445670.149,hud,calib_s,,,,,"✓ Buffer 6s",
1790445670.150,marker,gnss,52.38505600,-1.39053300,294.50,true,,
1790445670.151,marker,dr,52.37804070,-1.39361925,212.80,true,,
1790445670.151,marker,reconciled,0.00000000,0.00000000,0.00,false,,
1790445670.200,hud,speed,,,,,"18.7 / 19.4",18.740
1790445670.201,hud,heading,,,,,"148° / 66°",147.600
1790445670.201,hud,drift,,,,,"86.95%",86.950
1790445670.201,hud,turns,,,,,"✗ turns: 2/15",
1790445670.201,hud,calib_s,,,,,"✓ Buffer 6s",
1790445670.202,marker,gnss,52.38505600,-1.39053300,294.50,true,,
1790445670.202,marker,dr,52.37802685,-1.39360360,212.40,true,,
1790445670.203,marker,reconciled,0.00000000,0.00000000,0.00,false,,
1790445670.249,hud,speed,,,,,"18.8 / 19.4",18.760
1790445670.249,hud,heading,,,,,"148° / 66°",147.800
1790445670.249,hud,drift,,,,,"87.02%",87.020
1790445670.249,hud,turns,,,,,"✗ turns: 2/15",
1790445670.250,hud,calib_s,,,,,"✓ Buffer 6s",
1790445670.250,marker,gnss,52.38505600,-1.39053300,294.50,true,,
1790445670.251,marker,dr,52.37801302,-1.39358780,212.20,true,,
1790445670.251,marker,reconciled,0.00000000,0.00000000,0.00,false,,
1790445670.302,hud,speed,,,,,"18.8 / 19.4",18.770
1790445670.302,hud,heading,,,,,"148° / 66°",148.000
1790445670.303,hud,drift,,,,,"87.10%",87.100
1790445670.303,hud,turns,,,,,"✗ turns: 2/15",
1790445670.303,hud,calib_s,,,,,"✓ Buffer 6s",
1790445670.304,marker,gnss,52.38505600,-1.39053300,294.50,true,,
1790445670.304,marker,dr,52.37799917,-1.39357200,212.00,true,,
1790445670.305,marker,reconciled,0.00000000,0.00000000,0.00,false,,
1790445670.350,hud,speed,,,,,"18.7 / 19.4",18.710
1790445670.351,hud,heading,,,,,"148° / 66°",147.900
1790445670.351,hud,drift,,,,,"87.17%",87.170
1790445670.351,hud,turns,,,,,"✗ turns: 2/15",
1790445670.351,hud,calib_s,,,,,"✓ Buffer 6s",
1790445670.352,marker,gnss,52.38505600,-1.39053300,294.50,true,,
1790445670.352,marker,dr,52.37798522,-1.39355610,212.10,true,,
1790445670.353,marker,reconciled,0.00000000,0.00000000,0.00,false,,
1790445670.401,hud,speed,,,,,"18.8 / 19.4",18.770
1790445670.401,hud,heading,,,,,"148° / 66°",147.500
1790445670.401,hud,drift,,,,,"87.24%",87.240
1790445670.402,hud,turns,,,,,"✗ turns: 2/15",
1790445670.402,hud,calib_s,,,,,"✓ Buffer 6s",
1790445670.402,marker,gnss,52.38505600,-1.39053300,294.50,true,,
1790445670.403,marker,dr,52.37797132,-1.39354048,212.50,true,,
1790445670.403,marker,reconciled,0.00000000,0.00000000,0.00,false,,
1790445670.452,hud,speed,,,,,"18.7 / 19.4",18.650
1790445670.453,hud,heading,,,,,"147° / 66°",147.100
1790445670.453,hud,drift,,,,,"87.31%",87.310
1790445670.453,hud,turns,,,,,"✗ turns: 2/15",
1790445670.453,hud,calib_s,,,,,"✓ Buffer 6s",
1790445670.454,marker,gnss,52.38505600,-1.39053300,294.50,true,,
1790445670.454,marker,dr,52.37795767,-1.39352510,212.90,true,,
1790445670.455,marker,reconciled,0.00000000,0.00000000,0.00,false,,
1790445670.504,hud,speed,,,,,"18.6 / 19.4",18.550
1790445670.504,hud,heading,,,,,"147° / 66°",147.000
1790445670.505,hud,drift,,,,,"87.38%",87.380
1790445670.505,hud,turns,,,,,"✗ turns: 2/15",
1790445670.505,hud,calib_s,,,,,"✓ Buffer 6s",
1790445670.506,marker,gnss,52.38505600,-1.39053300,294.50,true,,
1790445670.507,marker,dr,52.37794395,-1.39350969,213.00,true,,
1790445670.507,marker,reconciled,0.00000000,0.00000000,0.00,false,,
1790445670.556,hud,speed,,,,,"18.4 / 19.4",18.390
1790445670.556,hud,heading,,,,,"147° / 66°",146.600
1790445670.557,hud,drift,,,,,"87.45%",87.450
1790445670.557,hud,turns,,,,,"✗ turns: 2/15",
1790445670.557,hud,calib_s,,,,,"✓ Buffer 6s",
1790445670.557,marker,gnss,52.38505600,-1.39053300,294.50,true,,
1790445670.558,marker,dr,52.37793015,-1.39349437,213.40,true,,
1790445670.559,marker,reconciled,0.00000000,0.00000000,0.00,false,,
1790445670.641,hud,speed,,,,,"18.3 / 19.4",18.290
1790445670.642,hud,heading,,,,,"147° / 66°",146.500
1790445670.642,hud,drift,,,,,"87.52%",87.520
1790445670.643,hud,turns,,,,,"✗ turns: 2/15",
1790445670.643,hud,calib_s,,,,,"✓ Buffer 6s",
1790445670.644,marker,gnss,52.38505600,-1.39053300,294.50,true,,
1790445670.645,marker,dr,52.37791668,-1.39347952,213.50,true,,
1790445670.645,marker,reconciled,0.00000000,0.00000000,0.00,false,,
1790445670.702,hud,speed,,,,,"18.1 / 19.4",18.140
1790445670.702,hud,heading,,,,,"147° / 66°",146.500
1790445670.703,hud,drift,,,,,"87.59%",87.590
1790445670.703,hud,turns,,,,,"✗ turns: 2/15",
1790445670.703,hud,calib_s,,,,,"✓ Buffer 6s",
1790445670.704,marker,gnss,52.38505600,-1.39053300,294.50,true,,
1790445670.704,marker,dr,52.37790313,-1.39346476,213.50,true,,
1790445670.705,marker,reconciled,0.00000000,0.00000000,0.00,false,,
1790445670.754,hud,speed,,,,,"17.9 / 19.4",17.860
1790445670.755,hud,heading,,,,,"146° / 66°",146.400
1790445670.755,hud,drift,,,,,"87.66%",87.660
1790445670.756,hud,turns,,,,,"✗ turns: 2/15",
1790445670.756,hud,calib_s,,,,,"✓ Buffer 6s",
1790445670.756,marker,gnss,52.38505600,-1.39053300,294.50,true,,
1790445670.757,marker,dr,52.37788960,-1.39345016,213.60,true,,
1790445670.758,marker,reconciled,0.00000000,0.00000000,0.00,false,,
1790445670.803,hud,speed,,,,,"17.7 / 19.4",17.720
1790445670.803,hud,heading,,,,,"146° / 66°",146.400
1790445670.804,hud,drift,,,,,"87.72%",87.720
1790445670.804,hud,turns,,,,,"✗ turns: 2/15",
1790445670.805,hud,calib_s,,,,,"✓ Buffer 6s",
1790445670.805,marker,gnss,52.38505600,-1.39053300,294.50,true,,
1790445670.806,marker,dr,52.37787638,-1.39343609,213.60,true,,
1790445670.807,marker,reconciled,0.00000000,0.00000000,0.00,false,,
1790445670.853,hud,speed,,,,,"17.6 / 19.4",17.640
1790445670.853,hud,heading,,,,,"146° / 66°",146.100
1790445670.854,hud,drift,,,,,"87.79%",87.790
1790445670.854,hud,turns,,,,,"✗ turns: 2/15",
1790445670.855,hud,calib_s,,,,,"✓ Buffer 6s",
1790445670.855,marker,gnss,52.38505600,-1.39053300,294.50,true,,
1790445670.856,marker,dr,52.37786305,-1.39342204,213.90,true,,
1790445670.857,marker,reconciled,0.00000000,0.00000000,0.00,false,,
1790445670.901,hud,speed,,,,,"17.6 / 19.4",17.630
1790445670.902,hud,heading,,,,,"146° / 66°",145.800
1790445670.902,hud,drift,,,,,"87.86%",87.860
1790445670.903,hud,turns,,,,,"✗ turns: 2/15",
1790445670.903,hud,calib_s,,,,,"✓ Buffer 6s",
1790445670.904,marker,gnss,52.38505600,-1.39053300,294.50,true,,
1790445670.904,marker,dr,52.37784953,-1.39340798,214.20,true,,
1790445670.905,marker,reconciled,0.00000000,0.00000000,0.00,false,,
1790445670.931,hud,speed,,,,,"17.5 / 19.4",17.490
1790445670.931,hud,heading,,,,,"146° / 66°",146.300
1790445670.931,hud,drift,,,,,"87.93%",87.930
1790445670.932,hud,turns,,,,,"✗ turns: 2/15",
1790445670.932,hud,calib_s,,,,,"✓ Buffer 6s",
1790445670.932,marker,gnss,52.38505600,-1.39053300,294.50,true,,
1790445670.933,marker,dr,52.37783634,-1.39339447,213.70,true,,
1790445670.933,marker,reconciled,0.00000000,0.00000000,0.00,false,,
1790445670.961,hud,speed,,,,,"17.4 / 19.4",17.400
1790445670.961,hud,heading,,,,,"147° / 66°",146.600
1790445670.962,hud,drift,,,,,"88.00%",88.000
1790445670.962,hud,turns,,,,,"✗ turns: 2/15",
1790445670.962,hud,calib_s,,,,,"✓ Buffer 6s",
1790445670.963,marker,gnss,52.38505600,-1.39053300,294.50,true,,
1790445670.964,marker,dr,52.37782291,-1.39338087,213.40,true,,
1790445670.964,marker,reconciled,0.00000000,0.00000000,0.00,false,,
1790445671.011,hud,speed,,,,,"17.3 / 19.4",17.300
1790445671.011,hud,heading,,,,,"147° / 66°",146.700
1790445671.012,hud,drift,,,,,"88.06%",88.060
1790445671.012,hud,turns,,,,,"✗ turns: 2/15",
1790445671.012,hud,calib_s,,,,,"✓ Buffer 6s",
1790445671.012,marker,gnss,52.38505600,-1.39053300,294.50,true,,
1790445671.013,marker,dr,52.37780966,-1.39336757,213.30,true,,
1790445671.013,marker,reconciled,0.00000000,0.00000000,0.00,false,,
1790445671.065,hud,speed,,,,,"17.1 / 19.4",17.090
1790445671.065,hud,heading,,,,,"147° / 66°",146.900
1790445671.065,hud,drift,,,,,"88.13%",88.130
1790445671.066,hud,turns,,,,,"✗ turns: 2/15",
1790445671.066,hud,calib_s,,,,,"✓ Buffer 6s",
1790445671.066,marker,gnss,52.38505600,-1.39053300,294.50,true,,
1790445671.067,marker,dr,52.37779657,-1.39335447,213.10,true,,
1790445671.067,marker,reconciled,0.00000000,0.00000000,0.00,false,,
1790445671.111,hud,speed,,,,,"17.0 / 19.4",17.020
1790445671.111,hud,heading,,,,,"147° / 66°",147.100
1790445671.111,hud,drift,,,,,"88.20%",88.200
1790445671.111,hud,turns,,,,,"✗ turns: 2/15",
1790445671.111,hud,calib_s,,,,,"✓ Buffer 6s",
1790445671.112,marker,gnss,52.38505600,-1.39053300,294.50,true,,
1790445671.112,marker,dr,52.37778349,-1.39334153,212.90,true,,
1790445671.112,marker,reconciled,0.00000000,0.00000000,0.00,false,,
1790445671.169,hud,speed,,,,,"16.9 / 22.9",16.920
1790445671.169,hud,heading,,,,,"147° / 58°",146.700
1790445671.170,hud,drift,,,,,"87.95%",87.950
1790445671.170,hud,turns,,,,,"✗ turns: 2/15",
1790445671.171,hud,calib_s,,,,,"✓ Buffer 6s",
1790445671.171,marker,gnss,52.38578400,-1.38790800,301.70,true,,
1790445671.172,marker,dr,52.37777055,-1.39332896,213.30,true,,
1790445671.172,marker,reconciled,0.00000000,0.00000000,0.00,false,,
1790445671.213,hud,speed,,,,,"16.9 / 22.9",16.860
1790445671.213,hud,heading,,,,,"146° / 58°",146.300
1790445671.214,hud,drift,,,,,"88.03%",88.030
1790445671.214,hud,turns,,,,,"✗ turns: 2/15",
1790445671.214,hud,calib_s,,,,,"✓ Buffer 6s",
1790445671.214,marker,gnss,52.38578400,-1.38790800,301.70,true,,
1790445671.215,marker,dr,52.37775744,-1.39331649,213.70,true,,
1790445671.215,marker,reconciled,0.00000000,0.00000000,0.00,false,,
1790445671.267,hud,speed,,,,,"16.8 / 22.9",16.770
1790445671.267,hud,heading,,,,,"146° / 58°",146.000
1790445671.268,hud,drift,,,,,"88.10%",88.100
1790445671.268,hud,turns,,,,,"✗ turns: 2/15",
1790445671.268,hud,calib_s,,,,,"✓ Buffer 6s",
1790445671.268,marker,gnss,52.38578400,-1.38790800,301.70,true,,
1790445671.269,marker,dr,52.37774421,-1.39330406,214.00,true,,
1790445671.269,marker,reconciled,0.00000000,0.00000000,0.00,false,,
1790445671.314,hud,speed,,,,,"17.0 / 22.9",16.980
1790445671.315,hud,heading,,,,,"146° / 58°",145.600
1790445671.315,hud,drift,,,,,"88.18%",88.180
1790445671.315,hud,turns,,,,,"✗ turns: 2/15",
1790445671.316,hud,calib_s,,,,,"✓ Buffer 6s",
1790445671.316,marker,gnss,52.38578400,-1.38790800,301.70,true,,
1790445671.316,marker,dr,52.37773105,-1.39329185,214.40,true,,
1790445671.317,marker,reconciled,0.00000000,0.00000000,0.00,false,,
1790445671.371,hud,speed,,,,,"16.8 / 22.9",16.810
1790445671.371,hud,heading,,,,,"145° / 58°",145.400
1790445671.372,hud,drift,,,,,"88.26%",88.260
1790445671.372,hud,turns,,,,,"✗ turns: 2/15",
1790445671.372,hud,calib_s,,,,,"✓ Buffer 6s",
1790445671.372,marker,gnss,52.38578400,-1.38790800,301.70,true,,
1790445671.373,marker,dr,52.37771761,-1.39327958,214.60,true,,
1790445671.373,marker,reconciled,0.00000000,0.00000000,0.00,false,,
1790445671.417,hud,speed,,,,,"16.9 / 22.9",16.860
1790445671.418,hud,heading,,,,,"145° / 58°",144.900
1790445671.418,hud,drift,,,,,"88.34%",88.340
1790445671.418,hud,turns,,,,,"✗ turns: 2/15",
1790445671.418,hud,calib_s,,,,,"✓ Buffer 6s",
1790445671.419,marker,gnss,52.38578400,-1.38790800,301.70,true,,
1790445671.420,marker,dr,52.37770429,-1.39326759,215.10,true,,
1790445671.420,marker,reconciled,0.00000000,0.00000000,0.00,false,,
1790445671.470,hud,speed,,,,,"16.8 / 22.9",16.800
1790445671.471,hud,heading,,,,,"145° / 58°",144.700
1790445671.471,hud,drift,,,,,"88.43%",88.430
1790445671.472,hud,turns,,,,,"✗ turns: 2/15",
1790445671.472,hud,calib_s,,,,,"✓ Buffer 6s",
1790445671.472,marker,gnss,52.38578400,-1.38790800,301.70,true,,
1790445671.473,marker,dr,52.37769084,-1.39325572,215.30,true,,
1790445671.473,marker,reconciled,0.00000000,0.00000000,0.00,false,,
1790445671.519,hud,speed,,,,,"16.7 / 22.9",16.650
1790445671.519,hud,heading,,,,,"145° / 58°",144.600
1790445671.519,hud,drift,,,,,"88.51%",88.510
1790445671.520,hud,turns,,,,,"✗ turns: 2/15",
1790445671.520,hud,calib_s,,,,,"✓ Buffer 6s",
1790445671.520,marker,gnss,52.38578400,-1.38790800,301.70,true,,
1790445671.521,marker,dr,52.37767742,-1.39324387,215.40,true,,
1790445671.521,marker,reconciled,0.00000000,0.00000000,0.00,false,,
1790445671.569,hud,speed,,,,,"17.0 / 22.9",16.960
1790445671.570,hud,heading,,,,,"144° / 58°",144.300
1790445671.570,hud,drift,,,,,"88.59%",88.590
1790445671.570,hud,turns,,,,,"✗ turns: 2/15",
1790445671.571,hud,calib_s,,,,,"✓ Buffer 6s",
1790445671.571,marker,gnss,52.38578400,-1.38790800,301.70,true,,
1790445671.572,marker,dr,52.37766380,-1.39323163,215.70,true,,
1790445671.572,marker,reconciled,0.00000000,0.00000000,0.00,false,,
1790445671.619,hud,speed,,,,,"16.7 / 22.9",16.650
1790445671.620,hud,heading,,,,,"144° / 58°",144.100
1790445671.620,hud,drift,,,,,"88.67%",88.670
1790445671.620,hud,turns,,,,,"✗ turns: 2/15",
1790445671.620,hud,calib_s,,,,,"✓ Buffer 6s",
1790445671.621,marker,gnss,52.38578400,-1.38790800,301.70,true,,
1790445671.621,marker,dr,52.37765028,-1.39321966,215.90,true,,
1790445671.622,marker,reconciled,0.00000000,0.00000000,0.00,false,,
1790445671.674,hud,speed,,,,,"16.9 / 22.9",16.910
1790445671.675,hud,heading,,,,,"144° / 58°",144.300
1790445671.675,hud,drift,,,,,"88.75%",88.750
1790445671.675,hud,turns,,,,,"✗ turns: 2/15",
1790445671.676,hud,calib_s,,,,,"✓ Buffer 6s",
1790445671.676,marker,gnss,52.38578400,-1.38790800,301.70,true,,
1790445671.676,marker,dr,52.37763678,-1.39320753,215.70,true,,
1790445671.677,marker,reconciled,0.00000000,0.00000000,0.00,false,,
1790445671.724,hud,speed,,,,,"16.6 / 22.9",16.620
1790445671.725,hud,heading,,,,,"144° / 58°",144.300
1790445671.725,hud,drift,,,,,"88.83%",88.830
1790445671.726,hud,turns,,,,,"✗ turns: 2/15",
1790445671.726,hud,calib_s,,,,,"✓ Buffer 6s",
1790445671.726,marker,gnss,52.38578400,-1.38790800,301.70,true,,
1790445671.727,marker,dr,52.37762341,-1.39319553,215.70,true,,
1790445671.727,marker,reconciled,0.00000000,0.00000000,0.00,false,,
1790445671.773,hud,speed,,,,,"16.8 / 22.9",16.830
1790445671.773,hud,heading,,,,,"144° / 58°",144.200
1790445671.773,hud,drift,,,,,"88.91%",88.910
1790445671.773,hud,turns,,,,,"✗ turns: 2/15",
1790445671.774,hud,calib_s,,,,,"✓ Buffer 6s",
1790445671.774,marker,gnss,52.38578400,-1.38790800,301.70,true,,
1790445671.775,marker,dr,52.37760987,-1.39318307,215.80,true,,
1790445671.775,marker,reconciled,0.00000000,0.00000000,0.00,false,,
1790445671.825,hud,speed,,,,,"16.9 / 22.9",16.870
1790445671.825,hud,heading,,,,,"144° / 58°",144.100
1790445671.825,hud,drift,,,,,"88.99%",88.990
1790445671.825,hud,turns,,,,,"✗ turns: 2/15",
1790445671.826,hud,calib_s,,,,,"✓ Buffer 6s",
1790445671.826,marker,gnss,52.38578400,-1.38790800,301.70,true,,
1790445671.827,marker,dr,52.37759644,-1.39317064,215.90,true,,
1790445671.827,marker,reconciled,0.00000000,0.00000000,0.00,false,,
1790445671.875,hud,speed,,,,,"16.8 / 22.9",16.840
1790445671.875,hud,heading,,,,,"144° / 58°",144.000
1790445671.875,hud,drift,,,,,"89.06%",89.060
1790445671.875,hud,turns,,,,,"✗ turns: 2/15",
1790445671.876,hud,calib_s,,,,,"✓ Buffer 6s",
1790445671.876,marker,gnss,52.38578400,-1.38790800,301.70,true,,
1790445671.877,marker,dr,52.37758318,-1.39315821,216.00,true,,
1790445671.877,marker,reconciled,0.00000000,0.00000000,0.00,false,,
1790445671.932,hud,speed,,,,,"17.1 / 22.9",17.060
1790445671.933,hud,heading,,,,,"144° / 58°",143.900
1790445671.933,hud,drift,,,,,"89.14%",89.140
1790445671.933,hud,turns,,,,,"✗ turns: 2/15",
1790445671.934,hud,calib_s,,,,,"✓ Buffer 6s",
1790445671.934,marker,gnss,52.38578400,-1.38790800,301.70,true,,
1790445671.935,marker,dr,52.37756961,-1.39314529,216.10,true,,
1790445671.935,marker,reconciled,0.00000000,0.00000000,0.00,false,,
1790445672.014,hud,speed,,,,,"17.2 / 22.9",17.150
1790445672.015,hud,heading,,,,,"144° / 58°",143.800
1790445672.015,hud,drift,,,,,"89.22%",89.220
1790445672.016,hud,turns,,,,,"✗ turns: 2/15",
1790445672.016,hud,calib_s,,,,,"✓ Buffer 6s",
1790445672.017,marker,gnss,52.38578400,-1.38790800,301.70,true,,
1790445672.017,marker,dr,52.37755608,-1.39313239,216.20,true,,
1790445672.018,marker,reconciled,0.00000000,0.00000000,0.00,false,,
1790445672.070,hud,speed,,,,,"17.2 / 22.9",17.150
1790445672.071,hud,heading,,,,,"144° / 58°",143.900
1790445672.071,hud,drift,,,,,"89.29%",89.290
1790445672.072,hud,turns,,,,,"✗ turns: 2/15",
1790445672.072,hud,calib_s,,,,,"✓ Buffer 6s",
1790445672.073,marker,gnss,52.38578400,-1.38790800,301.70,true,,
1790445672.074,marker,dr,52.37754258,-1.39311944,216.10,true,,
1790445672.074,marker,reconciled,0.00000000,0.00000000,0.00,false,,
1790445672.143,hud,speed,,,,,"17.4 / 22.9",17.380
1790445672.144,hud,heading,,,,,"144° / 58°",144.000
1790445672.144,hud,drift,,,,,"89.37%",89.370
1790445672.145,hud,turns,,,,,"✗ turns: 2/15",
1790445672.145,hud,calib_s,,,,,"✓ Buffer 6s",
1790445672.145,marker,gnss,52.38578400,-1.38790800,301.70,true,,
1790445672.146,marker,dr,52.37752920,-1.39310646,216.00,true,,
1790445672.147,marker,reconciled,0.00000000,0.00000000,0.00,false,,
1790445672.197,hud,speed,,,,,"17.4 / 22.9",17.390
1790445672.198,hud,heading,,,,,"144° / 58°",143.900
1790445672.198,hud,drift,,,,,"89.44%",89.440
1790445672.198,hud,turns,,,,,"✗ turns: 2/15",
1790445672.199,hud,calib_s,,,,,"✓ Buffer 6s",
1790445672.199,marker,gnss,52.38578400,-1.38790800,301.70,true,,
1790445672.200,marker,dr,52.37751562,-1.39309339,216.10,true,,
1790445672.200,marker,reconciled,0.00000000,0.00000000,0.00,false,,
1790445672.245,hud,speed,,,,,"17.5 / 22.9",17.490
1790445672.246,hud,heading,,,,,"144° / 58°",144.200
1790445672.246,hud,drift,,,,,"89.52%",89.520
1790445672.247,hud,turns,,,,,"✗ turns: 2/15",
1790445672.247,hud,calib_s,,,,,"✓ Buffer 6s",
1790445672.248,marker,gnss,52.38578400,-1.38790800,301.70,true,,
1790445672.248,marker,dr,52.37750205,-1.39308038,215.80,true,,
1790445672.249,marker,reconciled,0.00000000,0.00000000,0.00,false,,
1790445672.300,hud,speed,,,,,"17.4 / 22.9",17.360
1790445672.300,hud,heading,,,,,"144° / 58°",144.200
1790445672.301,hud,drift,,,,,"89.59%",89.590
1790445672.301,hud,turns,,,,,"✗ turns: 2/15",
1790445672.301,hud,calib_s,,,,,"✓ Buffer 6s",
1790445672.302,marker,gnss,52.38578400,-1.38790800,301.70,true,,
1790445672.302,marker,dr,52.37748831,-1.39306751,215.80,true,,
1790445672.303,marker,reconciled,0.00000000,0.00000000,0.00,false,,
1790445672.333,hud,speed,,,,,"17.3 / 22.9",17.280
1790445672.334,hud,heading,,,,,"144° / 58°",144.100
1790445672.334,hud,drift,,,,,"89.67%",89.670
1790445672.335,hud,turns,,,,,"✗ turns: 2/15",
1790445672.335,hud,calib_s,,,,,"✓ Buffer 6s",
1790445672.336,marker,gnss,52.38578400,-1.38790800,301.70,true,,
1790445672.336,marker,dr,52.37747496,-1.39305488,215.90,true,,
1790445672.337,marker,reconciled,0.00000000,0.00000000,0.00,false,,
1790445672.367,hud,speed,,,,,"17.2 / 22.9",17.210
1790445672.368,hud,heading,,,,,"144° / 58°",144.100
1790445672.368,hud,drift,,,,,"89.74%",89.740
1790445672.368,hud,turns,,,,,"✗ turns: 2/15",
1790445672.368,hud,calib_s,,,,,"✓ Buffer 6s",
1790445672.369,marker,gnss,52.38578400,-1.38790800,301.70,true,,
1790445672.369,marker,dr,52.37746129,-1.39304212,215.90,true,,
1790445672.370,marker,reconciled,0.00000000,0.00000000,0.00,false,,
1790445672.405,hud,speed,,,,,"17.4 / 22.9",17.360
1790445672.405,hud,heading,,,,,"145° / 58°",144.700
1790445672.405,hud,drift,,,,,"89.82%",89.820
1790445672.406,hud,turns,,,,,"✗ turns: 2/15",
1790445672.406,hud,calib_s,,,,,"✓ Buffer 6s",
1790445672.406,marker,gnss,52.38578400,-1.38790800,301.70,true,,
1790445672.407,marker,dr,52.37744794,-1.39302944,215.30,true,,
1790445672.408,marker,reconciled,0.00000000,0.00000000,0.00,false,,
1790445672.460,hud,speed,,,,,"17.3 / 22.9",17.290
1790445672.460,hud,heading,,,,,"145° / 58°",145.400
1790445672.461,hud,drift,,,,,"89.89%",89.890
1790445672.461,hud,turns,,,,,"✗ turns: 2/15",
1790445672.461,hud,calib_s,,,,,"✓ Buffer 6s",
1790445672.461,marker,gnss,52.38578400,-1.38790800,301.70,true,,
1790445672.462,marker,dr,52.37743444,-1.39301688,214.60,true,,
1790445672.462,marker,reconciled,0.00000000,0.00000000,0.00,false,,
1790445672.507,hud,speed,,,,,"17.4 / 22.9",17.380
1790445672.508,hud,heading,,,,,"146° / 58°",146.100
1790445672.508,hud,drift,,,,,"89.97%",89.970
1790445672.508,hud,turns,,,,,"✗ turns: 2/15",
1790445672.508,hud,calib_s,,,,,"✓ Buffer 6s",
1790445672.509,marker,gnss,52.38578400,-1.38790800,301.70,true,,
1790445672.509,marker,dr,52.37742069,-1.39300432,213.90,true,,
1790445672.509,marker,reconciled,0.00000000,0.00000000,0.00,false,,
1790445672.558,hud,speed,,,,,"17.4 / 22.9",17.370
1790445672.559,hud,heading,,,,,"146° / 58°",146.400
1790445672.559,hud,drift,,,,,"90.04%",90.040
1790445672.559,hud,turns,,,,,"✗ turns: 2/15",
1790445672.559,hud,calib_s,,,,,"✓ Buffer 6s",
1790445672.560,marker,gnss,52.38578400,-1.38790800,301.70,true,,
1790445672.560,marker,dr,52.37740726,-1.39299211,213.60,true,,
1790445672.560,marker,reconciled,0.00000000,0.00000000,0.00,false,,
1790445672.611,hud,speed,,,,,"17.4 / 22.9",17.400
1790445672.611,hud,heading,,,,,"146° / 58°",146.000
1790445672.611,hud,drift,,,,,"90.12%",90.120
1790445672.612,hud,turns,,,,,"✗ turns: 2/15",
1790445672.612,hud,calib_s,,,,,"✓ Buffer 6s",
1790445672.612,marker,gnss,52.38578400,-1.38790800,301.70,true,,
1790445672.613,marker,dr,52.37739365,-1.39297972,214.00,true,,
1790445672.613,marker,reconciled,0.00000000,0.00000000,0.00,false,,
1790445672.658,hud,speed,,,,,"17.3 / 22.9",17.340
1790445672.659,hud,heading,,,,,"146° / 58°",145.700
1790445672.659,hud,drift,,,,,"90.19%",90.190
1790445672.659,hud,turns,,,,,"✗ turns: 2/15",
1790445672.659,hud,calib_s,,,,,"✓ Buffer 6s",
1790445672.660,marker,gnss,52.38578400,-1.38790800,301.70,true,,
1790445672.660,marker,dr,52.37737993,-1.39296734,214.30,true,,
1790445672.661,marker,reconciled,0.00000000,0.00000000,0.00,false,,
1790445672.713,hud,speed,,,,,"17.4 / 22.9",17.360
1790445672.713,hud,heading,,,,,"145° / 58°",145.400
1790445672.714,hud,drift,,,,,"90.27%",90.270
1790445672.714,hud,turns,,,,,"✗ turns: 2/15",
1790445672.714,hud,calib_s,,,,,"✓ Buffer 6s",
1790445672.715,marker,gnss,52.38578400,-1.38790800,301.70,true,,
1790445672.715,marker,dr,52.37736628,-1.39295509,214.60,true,,
1790445672.715,marker,reconciled,0.00000000,0.00000000,0.00,false,,
1790445672.762,hud,speed,,,,,"17.4 / 22.9",17.400
1790445672.763,hud,heading,,,,,"145° / 58°",145.200
1790445672.763,hud,drift,,,,,"90.34%",90.340
1790445672.763,hud,turns,,,,,"✗ turns: 2/15",
1790445672.763,hud,calib_s,,,,,"✓ Buffer 6s",
1790445672.764,marker,gnss,52.38578400,-1.38790800,301.70,true,,
1790445672.764,marker,dr,52.37735279,-1.39294299,214.80,true,,
1790445672.764,marker,reconciled,0.00000000,0.00000000,0.00,false,,
1790445672.815,hud,speed,,,,,"17.4 / 22.9",17.390
1790445672.816,hud,heading,,,,,"145° / 58°",145.200
1790445672.816,hud,drift,,,,,"90.41%",90.410
1790445672.816,hud,turns,,,,,"✗ turns: 2/15",
1790445672.817,hud,calib_s,,,,,"✓ Buffer 6s",
1790445672.817,marker,gnss,52.38578400,-1.38790800,301.70,true,,
1790445672.817,marker,dr,52.37733914,-1.39293044,214.80,true,,
1790445672.817,marker,reconciled,0.00000000,0.00000000,0.00,false,,
1790445672.864,hud,speed,,,,,"17.3 / 22.9",17.340
1790445672.864,hud,heading,,,,,"145° / 58°",145.300
1790445672.864,hud,drift,,,,,"90.48%",90.480
1790445672.865,hud,turns,,,,,"✗ turns: 2/15",
1790445672.865,hud,calib_s,,,,,"✓ Buffer 6s",
1790445672.865,marker,gnss,52.38578400,-1.38790800,301.70,true,,
1790445672.866,marker,dr,52.37732576,-1.39291764,214.70,true,,
1790445672.866,marker,reconciled,0.00000000,0.00000000,0.00,false,,
1790445672.914,hud,speed,,,,,"17.2 / 22.9",17.240
1790445672.915,hud,heading,,,,,"145° / 58°",145.100
1790445672.915,hud,drift,,,,,"90.55%",90.550
1790445672.915,hud,turns,,,,,"✗ turns: 2/15",
1790445672.915,hud,calib_s,,,,,"✓ Buffer 6s",
1790445672.916,marker,gnss,52.38578400,-1.38790800,301.70,true,,
1790445672.916,marker,dr,52.37731248,-1.39290468,214.90,true,,
1790445672.916,marker,reconciled,0.00000000,0.00000000,0.00,false,,
1790445672.966,hud,speed,,,,,"17.2 / 22.9",17.230
1790445672.966,hud,heading,,,,,"145° / 58°",144.900
1790445672.966,hud,drift,,,,,"90.62%",90.620
1790445672.966,hud,turns,,,,,"✗ turns: 2/15",
1790445672.967,hud,calib_s,,,,,"✓ Buffer 6s",
1790445672.967,marker,gnss,52.38578400,-1.38790800,301.70,true,,
1790445672.967,marker,dr,52.37729924,-1.39289155,215.10,true,,
1790445672.968,marker,reconciled,0.00000000,0.00000000,0.00,false,,
1790445673.027,hud,speed,,,,,"17.4 / 22.9",17.400
1790445673.027,hud,heading,,,,,"145° / 58°",144.800
1790445673.028,hud,drift,,,,,"90.69%",90.690
1790445673.028,hud,turns,,,,,"✗ turns: 2/15",
1790445673.028,hud,calib_s,,,,,"✓ Buffer 6s",
1790445673.029,marker,gnss,52.38578400,-1.38790800,301.70,true,,
1790445673.030,marker,dr,52.37728590,-1.39287817,215.20,true,,
1790445673.030,marker,reconciled,0.00000000,0.00000000,0.00,false,,
1790445673.068,hud,speed,,,,,"17.4 / 22.9",17.400
1790445673.068,hud,heading,,,,,"145° / 58°",144.800
1790445673.069,hud,drift,,,,,"90.76%",90.760
1790445673.069,hud,turns,,,,,"✗ turns: 2/15",
1790445673.070,hud,calib_s,,,,,"✓ Buffer 6s",
1790445673.070,marker,gnss,52.38578400,-1.38790800,301.70,true,,
1790445673.071,marker,dr,52.37727261,-1.39286468,215.20,true,,
1790445673.072,marker,reconciled,0.00000000,0.00000000,0.00,false,,
1790445673.117,hud,speed,,,,,"17.5 / 22.9",17.490
1790445673.117,hud,heading,,,,,"145° / 58°",144.900
1790445673.118,hud,drift,,,,,"90.82%",90.820
1790445673.118,hud,turns,,,,,"✗ turns: 2/15",
1790445673.118,hud,calib_s,,,,,"✓ Buffer 6s",
1790445673.119,marker,gnss,52.38578400,-1.38790800,301.70,true,,
1790445673.119,marker,dr,52.37725948,-1.39285105,215.10,true,,
1790445673.120,marker,reconciled,0.00000000,0.00000000,0.00,false,,
1790445673.168,hud,speed,,,,,"17.5 / 22.9",17.520
1790445673.168,hud,heading,,,,,"145° / 58°",145.100
1790445673.169,hud,drift,,,,,"90.89%",90.890
1790445673.169,hud,turns,,,,,"✗ turns: 2/15",
1790445673.169,hud,calib_s,,,,,"✓ Buffer 6s",
1790445673.170,marker,gnss,52.38578400,-1.38790800,301.70,true,,
1790445673.170,marker,dr,52.37724625,-1.39283712,214.90,true,,
1790445673.171,marker,reconciled,0.00000000,0.00000000,0.00,false,,
1790445673.221,hud,speed,,,,,"17.6 / 22.9",17.590
1790445673.222,hud,heading,,,,,"145° / 58°",145.200
1790445673.222,hud,drift,,,,,"90.95%",90.950
1790445673.222,hud,turns,,,,,"✗ turns: 2/15",
1790445673.223,hud,calib_s,,,,,"✓ Buffer 6s",
1790445673.223,marker,gnss,52.38578400,-1.38790800,301.70,true,,
1790445673.224,marker,dr,52.37723304,-1.39282297,214.80,true,,
1790445673.224,marker,reconciled,0.00000000,0.00000000,0.00,false,,
1790445673.269,hud,speed,,,,,"17.8 / 22.9",17.810
1790445673.270,hud,heading,,,,,"145° / 58°",145.300
1790445673.271,hud,drift,,,,,"91.02%",91.020
1790445673.271,hud,turns,,,,,"✗ turns: 2/15",
1790445673.271,hud,calib_s,,,,,"✓ Buffer 6s",
1790445673.272,marker,gnss,52.38578400,-1.38790800,301.70,true,,
1790445673.273,marker,dr,52.37721959,-1.39280836,214.70,true,,
1790445673.273,marker,reconciled,0.00000000,0.00000000,0.00,false,,
1790445673.321,hud,speed,,,,,"17.9 / 22.9",17.860
1790445673.322,hud,heading,,,,,"145° / 58°",145.300
1790445673.323,hud,drift,,,,,"91.08%",91.080
1790445673.323,hud,turns,,,,,"✗ turns: 2/15",
1790445673.323,hud,calib_s,,,,,"✓ Buffer 6s",
1790445673.324,marker,gnss,52.38578400,-1.38790800,301.70,true,,
1790445673.324,marker,dr,52.37720641,-1.39279389,214.70,true,,
1790445673.324,marker,reconciled,0.00000000,0.00000000,0.00,false,,
1790445673.371,hud,speed,,,,,"17.9 / 22.9",17.930
1790445673.372,hud,heading,,,,,"145° / 58°",145.300
1790445673.372,hud,drift,,,,,"91.14%",91.140
1790445673.373,hud,turns,,,,,"✗ turns: 2/15",
1790445673.373,hud,calib_s,,,,,"✓ Buffer 6s",
1790445673.373,marker,gnss,52.38578400,-1.38790800,301.70,true,,
1790445673.374,marker,dr,52.37719292,-1.39277902,214.70,true,,
1790445673.374,marker,reconciled,0.00000000,0.00000000,0.00,false,,
1790445673.421,hud,speed,,,,,"18.0 / 22.9",18.020
1790445673.422,hud,heading,,,,,"145° / 58°",145.300
1790445673.422,hud,drift,,,,,"91.21%",91.210
1790445673.422,hud,turns,,,,,"✗ turns: 2/15",
1790445673.423,hud,calib_s,,,,,"✓ Buffer 6s",
1790445673.423,marker,gnss,52.38578400,-1.38790800,301.70,true,,
1790445673.423,marker,dr,52.37717967,-1.39276429,214.70,true,,
1790445673.424,marker,reconciled,0.00000000,0.00000000,0.00,false,,
1790445673.477,hud,speed,,,,,"18.0 / 22.9",18.000
1790445673.478,hud,heading,,,,,"145° / 58°",145.400
1790445673.478,hud,drift,,,,,"91.27%",91.270
1790445673.478,hud,turns,,,,,"✗ turns: 2/15",
1790445673.479,hud,calib_s,,,,,"✓ Buffer 6s",
1790445673.479,marker,gnss,52.38578400,-1.38790800,301.70,true,,
1790445673.480,marker,dr,52.37716633,-1.39274935,214.60,true,,
1790445673.480,marker,reconciled,0.00000000,0.00000000,0.00,false,,
1790445673.524,hud,speed,,,,,"18.0 / 22.9",18.020
1790445673.525,hud,heading,,,,,"146° / 58°",145.500
1790445673.525,hud,drift,,,,,"91.33%",91.330
1790445673.525,hud,turns,,,,,"✗ turns: 2/15",
1790445673.526,hud,calib_s,,,,,"✓ Buffer 6s",
1790445673.527,marker,gnss,52.38578400,-1.38790800,301.70,true,,
1790445673.527,marker,dr,52.37715302,-1.39273425,214.50,true,,
1790445673.527,marker,reconciled,0.00000000,0.00000000,0.00,false,,
1790445673.577,hud,speed,,,,,"18.1 / 22.9",18.120
1790445673.577,hud,heading,,,,,"145° / 58°",145.200
1790445673.577,hud,drift,,,,,"91.39%",91.390
1790445673.578,hud,turns,,,,,"✗ turns: 2/15",
1790445673.578,hud,calib_s,,,,,"✓ Buffer 6s",
1790445673.578,marker,gnss,52.38578400,-1.38790800,301.70,true,,
1790445673.579,marker,dr,52.37713972,-1.39271888,214.80,true,,
1790445673.580,marker,reconciled,0.00000000,0.00000000,0.00,false,,
1790445673.629,hud,speed,,,,,"18.2 / 22.9",18.150
1790445673.629,hud,heading,,,,,"145° / 58°",145.000
1790445673.630,hud,drift,,,,,"91.45%",91.450
1790445673.630,hud,turns,,,,,"✗ turns: 2/15",
1790445673.630,hud,calib_s,,,,,"✓ Buffer 6s",
1790445673.631,marker,gnss,52.38578400,-1.38790800,301.70,true,,
1790445673.631,marker,dr,52.37712632,-1.39270324,215.00,true,,
1790445673.631,marker,reconciled,0.00000000,0.00000000,0.00,false,,
1790445673.676,hud,speed,,,,,"18.2 / 22.9",18.190
1790445673.677,hud,heading,,,,,"145° / 58°",144.700
1790445673.677,hud,drift,,,,,"91.51%",91.510
1790445673.677,hud,turns,,,,,"✗ turns: 2/15",
1790445673.677,hud,calib_s,,,,,"✓ Buffer 6s",
1790445673.678,marker,gnss,52.38578400,-1.38790800,301.70,true,,
1790445673.678,marker,dr,52.37711319,-1.39268781,215.30,true,,
1790445673.679,marker,reconciled,0.00000000,0.00000000,0.00,false,,
1790445673.731,hud,speed,,,,,"18.2 / 22.9",18.240
1790445673.732,hud,heading,,,,,"144° / 58°",144.300
1790445673.732,hud,drift,,,,,"91.57%",91.570
1790445673.732,hud,turns,,,,,"✗ turns: 2/15",
1790445673.732,hud,calib_s,,,,,"✓ Buffer 6s",
1790445673.733,marker,gnss,52.38578400,-1.38790800,301.70,true,,
1790445673.733,marker,dr,52.37709992,-1.39267207,215.70,true,,
1790445673.734,marker,reconciled,0.00000000,0.00000000,0.00,false,,
1790445673.778,hud,speed,,,,,"18.3 / 22.9",18.250
1790445673.779,hud,heading,,,,,"144° / 58°",144.000
1790445673.779,hud,drift,,,,,"91.63%",91.630
1790445673.780,hud,turns,,,,,"✗ turns: 2/15",
1790445673.780,hud,calib_s,,,,,"✓ Buffer 6s",
1790445673.780,marker,gnss,52.38578400,-1.38790800,301.70,true,,
1790445673.781,marker,dr,52.37708657,-1.39265607,216.00,true,,
1790445673.781,marker,reconciled,0.00000000,0.00000000,0.00,false,,
1790445673.832,hud,speed,,,,,"18.4 / 22.9",18.380
1790445673.833,hud,heading,,,,,"144° / 58°",144.200
1790445673.833,hud,drift,,,,,"91.68%",91.680
1790445673.833,hud,turns,,,,,"✗ turns: 2/15",
1790445673.833,hud,calib_s,,,,,"✓ Buffer 6s",
1790445673.834,marker,gnss,52.38578400,-1.38790800,301.70,true,,
1790445673.835,marker,dr,52.37707341,-1.39264025,215.80,true,,
1790445673.835,marker,reconciled,0.00000000,0.00000000,0.00,false,,
1790445673.882,hud,speed,,,,,"18.6 / 22.9",18.640
1790445673.882,hud,heading,,,,,"144° / 58°",144.400
1790445673.883,hud,drift,,,,,"91.74%",91.740
1790445673.883,hud,turns,,,,,"✗ turns: 2/15",
1790445673.883,hud,calib_s,,,,,"✓ Buffer 6s",
1790445673.884,marker,gnss,52.38578400,-1.38790800,301.70,true,,
1790445673.884,marker,dr,52.37705995,-1.39262399,215.60,true,,
1790445673.884,marker,reconciled,0.00000000,0.00000000,0.00,false,,
1790445673.931,hud,speed,,,,,"18.6 / 22.9",18.640
1790445673.932,hud,heading,,,,,"144° / 58°",144.300
1790445673.932,hud,drift,,,,,"91.80%",91.800
1790445673.932,hud,turns,,,,,"✗ turns: 2/15",
1790445673.933,hud,calib_s,,,,,"✓ Buffer 6s",
1790445673.933,marker,gnss,52.38578400,-1.38790800,301.70,true,,
1790445673.933,marker,dr,52.37704652,-1.39260771,215.70,true,,
1790445673.934,marker,reconciled,0.00000000,0.00000000,0.00,false,,
1790445673.986,hud,speed,,,,,"18.6 / 22.9",18.610
1790445673.986,hud,heading,,,,,"144° / 58°",144.100
1790445673.987,hud,drift,,,,,"91.86%",91.860
1790445673.987,hud,turns,,,,,"✗ turns: 2/15",
1790445673.987,hud,calib_s,,,,,"✓ Buffer 6s",
1790445673.987,marker,gnss,52.38578400,-1.38790800,301.70,true,,
1790445673.988,marker,dr,52.37703310,-1.39259141,215.90,true,,
1790445673.988,marker,reconciled,0.00000000,0.00000000,0.00,false,,
1790445674.033,hud,speed,,,,,"18.6 / 22.9",18.620
1790445674.033,hud,heading,,,,,"144° / 58°",143.900
1790445674.033,hud,drift,,,,,"91.92%",91.920
1790445674.033,hud,turns,,,,,"✗ turns: 2/15",
1790445674.033,hud,calib_s,,,,,"✓ Buffer 6s",
1790445674.034,marker,gnss,52.38578400,-1.38790800,301.70,true,,
1790445674.034,marker,dr,52.37701970,-1.39257510,216.10,true,,
1790445674.035,marker,reconciled,0.00000000,0.00000000,0.00,false,,
1790445674.086,hud,speed,,,,,"18.7 / 22.9",18.720
1790445674.087,hud,heading,,,,,"144° / 58°",143.800
1790445674.087,hud,drift,,,,,"91.97%",91.970
1790445674.087,hud,turns,,,,,"✗ turns: 2/15",
1790445674.088,hud,calib_s,,,,,"✓ Buffer 6s",
1790445674.088,marker,gnss,52.38578400,-1.38790800,301.70,true,,
1790445674.088,marker,dr,52.37700613,-1.39255845,216.20,true,,
1790445674.089,marker,reconciled,0.00000000,0.00000000,0.00,false,,
1790445674.134,hud,speed,,,,,"18.7 / 22.9",18.710
1790445674.135,hud,heading,,,,,"144° / 58°",143.500
1790445674.135,hud,drift,,,,,"92.03%",92.030
1790445674.135,hud,turns,,,,,"✗ turns: 2/15",
1790445674.135,hud,calib_s,,,,,"✓ Buffer 6s",
1790445674.137,marker,gnss,52.38578400,-1.38790800,301.70,true,,
1790445674.137,marker,dr,52.37699283,-1.39254210,216.50,true,,
1790445674.138,marker,reconciled,0.00000000,0.00000000,0.00,false,,
1790445674.186,hud,speed,,,,,"18.7 / 22.9",18.670
1790445674.186,hud,heading,,,,,"143° / 58°",143.100
1790445674.187,hud,drift,,,,,"92.09%",92.090
1790445674.187,hud,turns,,,,,"✗ turns: 2/15",
1790445674.187,hud,calib_s,,,,,"✓ Buffer 6s",
1790445674.187,marker,gnss,52.38578400,-1.38790800,301.70,true,,
1790445674.188,marker,dr,52.37697930,-1.39252543,216.90,true,,
1790445674.188,marker,reconciled,0.00000000,0.00000000,0.00,false,,
1790445674.238,hud,speed,,,,,"18.6 / 22.9",18.620
1790445674.239,hud,heading,,,,,"143° / 58°",143.000
1790445674.240,hud,drift,,,,,"92.14%",92.140
1790445674.240,hud,turns,,,,,"✗ turns: 2/15",
1790445674.240,hud,calib_s,,,,,"✓ Buffer 6s",
1790445674.241,marker,gnss,52.38578400,-1.38790800,301.70,true,,
1790445674.241,marker,dr,52.37696612,-1.39250906,217.00,true,,
1790445674.242,marker,reconciled,0.00000000,0.00000000,0.00,false,,
1790445674.288,hud,speed,,,,,"18.8 / 22.9",18.820
1790445674.289,hud,heading,,,,,"143° / 58°",142.700
1790445674.289,hud,drift,,,,,"92.20%",92.200
1790445674.290,hud,turns,,,,,"✗ turns: 2/15",
1790445674.290,hud,calib_s,,,,,"✓ Buffer 6s",
1790445674.291,marker,gnss,52.38578400,-1.38790800,301.70,true,,
1790445674.292,marker,dr,52.37695254,-1.39249212,217.30,true,,
1790445674.292,marker,reconciled,0.00000000,0.00000000,0.00,false,,
1790445674.338,hud,speed,,,,,"18.9 / 22.9",18.850
1790445674.339,hud,heading,,,,,"143° / 58°",142.500
1790445674.339,hud,drift,,,,,"92.25%",92.250
1790445674.340,hud,turns,,,,,"✗ turns: 2/15",
1790445674.340,hud,calib_s,,,,,"✓ Buffer 6s",
1790445674.341,marker,gnss,52.38578400,-1.38790800,301.70,true,,
1790445674.341,marker,dr,52.37693926,-1.39247542,217.50,true,,
1790445674.342,marker,reconciled,0.00000000,0.00000000,0.00,false,,
1790445674.388,hud,speed,,,,,"18.8 / 22.9",18.830
1790445674.388,hud,heading,,,,,"143° / 58°",142.500
1790445674.389,hud,drift,,,,,"92.31%",92.310
1790445674.389,hud,turns,,,,,"✗ turns: 2/15",
1790445674.389,hud,calib_s,,,,,"✓ Buffer 6s",
1790445674.389,marker,gnss,52.38578400,-1.38790800,301.70,true,,
1790445674.390,marker,dr,52.37692574,-1.39245840,217.50,true,,
1790445674.390,marker,reconciled,0.00000000,0.00000000,0.00,false,,
1790445674.438,hud,speed,,,,,"18.8 / 22.9",18.790
1790445674.438,hud,heading,,,,,"143° / 58°",142.800
1790445674.438,hud,drift,,,,,"92.36%",92.360
1790445674.439,hud,turns,,,,,"✗ turns: 2/15",
1790445674.439,hud,calib_s,,,,,"✓ Buffer 6s",
1790445674.440,marker,gnss,52.38578400,-1.38790800,301.70,true,,
1790445674.440,marker,dr,52.37691237,-1.39244155,217.20,true,,
1790445674.441,marker,reconciled,0.00000000,0.00000000,0.00,false,,
1790445674.492,hud,speed,,,,,"18.7 / 22.9",18.660
1790445674.492,hud,heading,,,,,"143° / 58°",143.100
1790445674.492,hud,drift,,,,,"92.42%",92.420
1790445674.493,hud,turns,,,,,"✗ turns: 2/15",
1790445674.493,hud,calib_s,,,,,"✓ Buffer 6s",
1790445674.493,marker,gnss,52.38578400,-1.38790800,301.70,true,,
1790445674.494,marker,dr,52.37689926,-1.39242494,216.90,true,,
1790445674.495,marker,reconciled,0.00000000,0.00000000,0.00,false,,
1790445674.541,hud,speed,,,,,"18.6 / 22.9",18.580
1790445674.542,hud,heading,,,,,"143° / 58°",143.300
1790445674.542,hud,drift,,,,,"92.47%",92.470
1790445674.543,hud,turns,,,,,"✗ turns: 2/15",
1790445674.543,hud,calib_s,,,,,"✓ Buffer 6s",
1790445674.543,marker,gnss,52.38578400,-1.38790800,301.70,true,,
1790445674.544,marker,dr,52.37688609,-1.39240818,216.70,true,,
1790445674.544,marker,reconciled,0.00000000,0.00000000,0.00,false,,
1790445674.593,hud,speed,,,,,"18.5 / 22.9",18.540
1790445674.593,hud,heading,,,,,"144° / 58°",143.800
1790445674.593,hud,drift,,,,,"92.52%",92.520
1790445674.594,hud,turns,,,,,"✗ turns: 2/15",
1790445674.594,hud,calib_s,,,,,"✓ Buffer 6s",
1790445674.594,marker,gnss,52.38578400,-1.38790800,301.70,true,,
1790445674.595,marker,dr,52.37687294,-1.39239147,216.20,true,,
1790445674.595,marker,reconciled,0.00000000,0.00000000,0.00,false,,
1790445674.648,hud,speed,,,,,"18.4 / 22.9",18.350
1790445674.648,hud,heading,,,,,"145° / 58°",144.500
1790445674.648,hud,drift,,,,,"92.57%",92.570
1790445674.649,hud,turns,,,,,"✗ turns: 2/15",
1790445674.649,hud,calib_s,,,,,"✓ Buffer 6s",
1790445674.649,marker,gnss,52.38578400,-1.38790800,301.70,true,,
1790445674.650,marker,dr,52.37685991,-1.39237494,215.50,true,,
1790445674.650,marker,reconciled,0.00000000,0.00000000,0.00,false,,
1790445674.694,hud,speed,,,,,"18.2 / 22.9",18.200
1790445674.695,hud,heading,,,,,"146° / 58°",145.500
1790445674.695,hud,drift,,,,,"92.62%",92.620
1790445674.695,hud,turns,,,,,"✗ turns: 2/15",
1790445674.696,hud,calib_s,,,,,"✓ Buffer 6s",
1790445674.696,marker,gnss,52.38578400,-1.38790800,301.70,true,,
1790445674.697,marker,dr,52.37684695,-1.39235860,214.50,true,,
1790445674.697,marker,reconciled,0.00000000,0.00000000,0.00,false,,
1790445674.749,hud,speed,,,,,"18.1 / 22.9",18.100
1790445674.749,hud,heading,,,,,"146° / 58°",145.800
1790445674.750,hud,drift,,,,,"92.68%",92.680
1790445674.750,hud,turns,,,,,"✗ turns: 2/15",
1790445674.750,hud,calib_s,,,,,"✓ Buffer 6s",
1790445674.751,marker,gnss,52.38578400,-1.38790800,301.70,true,,
1790445674.751,marker,dr,52.37683405,-1.39234220,214.20,true,,
1790445674.752,marker,reconciled,0.00000000,0.00000000,0.00,false,,
1790445674.799,hud,speed,,,,,"17.9 / 22.9",17.880
1790445674.799,hud,heading,,,,,"146° / 58°",146.100
1790445674.800,hud,drift,,,,,"92.72%",92.720
1790445674.800,hud,turns,,,,,"✗ turns: 2/15",
1790445674.800,hud,calib_s,,,,,"✓ Buffer 6s",
1790445674.801,marker,gnss,52.38578400,-1.38790800,301.70,true,,
1790445674.801,marker,dr,52.37682118,-1.39232577,213.90,true,,
1790445674.801,marker,reconciled,0.00000000,0.00000000,0.00,false,,
1790445674.845,hud,speed,,,,,"17.4 / 22.9",17.440
1790445674.846,hud,heading,,,,,"146° / 58°",146.000
1790445674.846,hud,drift,,,,,"92.77%",92.770
1790445674.846,hud,turns,,,,,"✗ turns: 2/15",
1790445674.846,hud,calib_s,,,,,"✓ Buffer 6s",
1790445674.847,marker,gnss,52.38578400,-1.38790800,301.70,true,,
1790445674.847,marker,dr,52.37680861,-1.39230990,214.00,true,,
1790445674.848,marker,reconciled,0.00000000,0.00000000,0.00,false,,
1790445674.898,hud,speed,,,,,"17.4 / 22.9",17.380
1790445674.898,hud,heading,,,,,"146° / 58°",146.000
1790445674.899,hud,drift,,,,,"92.82%",92.820
1790445674.899,hud,turns,,,,,"✗ turns: 2/15",
1790445674.899,hud,calib_s,,,,,"✓ Buffer 6s",
1790445674.900,marker,gnss,52.38578400,-1.38790800,301.70,true,,
1790445674.900,marker,dr,52.37679580,-1.39229415,214.00,true,,
1790445674.900,marker,reconciled,0.00000000,0.00000000,0.00,false,,
1790445674.950,hud,speed,,,,,"17.6 / 22.9",17.550
1790445674.951,hud,heading,,,,,"146° / 58°",145.700
1790445674.951,hud,drift,,,,,"92.87%",92.870
1790445674.951,hud,turns,,,,,"✗ turns: 2/15",
1790445674.951,hud,calib_s,,,,,"✓ Buffer 6s",
1790445674.952,marker,gnss,52.38578400,-1.38790800,301.70,true,,
1790445674.953,marker,dr,52.37678322,-1.39227899,214.30,true,,
1790445674.953,marker,reconciled,0.00000000,0.00000000,0.00,false,,
1790445675.003,hud,speed,,,,,"17.5 / 22.9",17.490
1790445675.003,hud,heading,,,,,"145° / 58°",145.400
1790445675.003,hud,drift,,,,,"92.92%",92.920
1790445675.004,hud,turns,,,,,"✗ turns: 2/15",
1790445675.004,hud,calib_s,,,,,"✓ Buffer 6s",
1790445675.004,marker,gnss,52.38578400,-1.38790800,301.70,true,,
1790445675.005,marker,dr,52.37677041,-1.39226364,214.60,true,,
1790445675.005,marker,reconciled,0.00000000,0.00000000,0.00,false,,
1790445675.051,hud,speed,,,,,"17.4 / 22.9",17.420
1790445675.051,hud,heading,,,,,"145° / 58°",145.300
1790445675.051,hud,drift,,,,,"92.97%",92.970
1790445675.052,hud,turns,,,,,"✗ turns: 2/15",
1790445675.052,hud,calib_s,,,,,"✓ Buffer 6s",
1790445675.053,marker,gnss,52.38578400,-1.38790800,301.70,true,,
1790445675.054,marker,dr,52.37675774,-1.39224854,214.70,true,,
1790445675.054,marker,reconciled,0.00000000,0.00000000,0.00,false,,
1790445675.100,hud,speed,,,,,"17.3 / 22.9",17.320
1790445675.100,hud,heading,,,,,"145° / 58°",145.400
1790445675.101,hud,drift,,,,,"93.02%",93.020
1790445675.101,hud,turns,,,,,"✗ turns: 2/15",
1790445675.101,hud,calib_s,,,,,"✓ Buffer 6s",
1790445675.101,marker,gnss,52.38578400,-1.38790800,301.70,true,,
1790445675.102,marker,dr,52.37674512,-1.39223358,214.60,true,,
1790445675.102,marker,reconciled,0.00000000,0.00000000,0.00,false,,
1790445675.153,hud,speed,,,,,"17.3 / 22.9",17.250
1790445675.153,hud,heading,,,,,"146° / 58°",145.800
1790445675.154,hud,drift,,,,,"93.07%",93.070
1790445675.154,hud,turns,,,,,"✗ turns: 2/15",
1790445675.155,hud,calib_s,,,,,"✓ Buffer 6s",
1790445675.155,marker,gnss,52.38578400,-1.38790800,301.70,true,,
1790445675.155,marker,dr,52.37673264,-1.39221900,214.20,true,,
1790445675.156,marker,reconciled,0.00000000,0.00000000,0.00,false,,
1790445675.204,hud,speed,,,,,"17.2 / 22.9",17.170
1790445675.204,hud,heading,,,,,"146° / 58°",146.200
1790445675.204,hud,drift,,,,,"93.12%",93.120
1790445675.205,hud,turns,,,,,"✗ turns: 2/15",
1790445675.205,hud,calib_s,,,,,"✓ Buffer 6s",
1790445675.205,marker,gnss,52.38578400,-1.38790800,301.70,true,,
1790445675.206,marker,dr,52.37671993,-1.39220421,213.80,true,,
1790445675.206,marker,reconciled,0.00000000,0.00000000,0.00,false,,
1790445675.260,hud,speed,,,,,"17.1 / 22.9",17.120
1790445675.260,hud,heading,,,,,"146° / 58°",146.200
1790445675.261,hud,drift,,,,,"93.17%",93.170
1790445675.261,hud,turns,,,,,"✗ turns: 2/15",
1790445675.261,hud,calib_s,,,,,"✓ Buffer 6s",
1790445675.262,marker,gnss,52.38578400,-1.38790800,301.70,true,,
1790445675.262,marker,dr,52.37670745,-1.39218966,213.80,true,,
1790445675.263,marker,reconciled,0.00000000,0.00000000,0.00,false,,
1790445675.306,hud,speed,,,,,"17.2 / 22.9",17.190
1790445675.306,hud,heading,,,,,"146° / 58°",146.200
1790445675.307,hud,drift,,,,,"93.22%",93.220
1790445675.307,hud,turns,,,,,"✗ turns: 2/15",
1790445675.307,hud,calib_s,,,,,"✓ Buffer 6s",
1790445675.308,marker,gnss,52.38578400,-1.38790800,301.70,true,,
1790445675.309,marker,dr,52.37669475,-1.39217510,213.80,true,,
1790445675.310,marker,reconciled,0.00000000,0.00000000,0.00,false,,
1790445675.392,hud,speed,,,,,"17.3 / 22.9",17.270
1790445675.393,hud,heading,,,,,"146° / 58°",146.400
1790445675.393,hud,drift,,,,,"93.27%",93.270
1790445675.394,hud,turns,,,,,"✗ turns: 2/15",
1790445675.394,hud,calib_s,,,,,"✓ Buffer 6s",
1790445675.395,marker,gnss,52.38578400,-1.38790800,301.70,true,,
1790445675.396,marker,dr,52.37668190,-1.39216035,213.60,true,,
1790445675.396,marker,reconciled,0.00000000,0.00000000,0.00,false,,
1790445675.433,hud,speed,,,,,"17.3 / 22.9",17.280
1790445675.434,hud,heading,,,,,"147° / 58°",146.500
1790445675.435,hud,drift,,,,,"93.32%",93.320
1790445675.435,hud,turns,,,,,"✗ turns: 2/15",
1790445675.436,hud,calib_s,,,,,"✓ Buffer 6s",
1790445675.436,marker,gnss,52.38578400,-1.38790800,301.70,true,,
1790445675.437,marker,dr,52.37666927,-1.39214589,213.50,true,,
1790445675.438,marker,reconciled,0.00000000,0.00000000,0.00,false,,
1790445675.490,hud,speed,,,,,"17.6 / 22.9",17.590
1790445675.491,hud,heading,,,,,"147° / 58°",146.500
1790445675.492,hud,drift,,,,,"93.38%",93.380
1790445675.492,hud,turns,,,,,"✗ turns: 2/15",
1790445675.492,hud,calib_s,,,,,"✓ Buffer 6s",
1790445675.493,marker,gnss,52.38578400,-1.38790800,301.70,true,,
1790445675.494,marker,dr,52.37665622,-1.39213110,213.50,true,,
1790445675.495,marker,reconciled,0.00000000,0.00000000,0.00,false,,
1790445675.535,hud,speed,,,,,"17.8 / 22.9",17.830
1790445675.535,hud,heading,,,,,"147° / 58°",146.600
1790445675.536,hud,drift,,,,,"93.43%",93.430
1790445675.537,hud,turns,,,,,"✗ turns: 2/15",
1790445675.537,hud,calib_s,,,,,"✓ Buffer 6s",
1790445675.538,marker,gnss,52.38578400,-1.38790800,301.70,true,,
1790445675.538,marker,dr,52.37664297,-1.39211630,213.40,true,,
1790445675.539,marker,reconciled,0.00000000,0.00000000,0.00,false,,
1790445675.593,hud,speed,,,,,"17.8 / 22.9",17.800
1790445675.593,hud,heading,,,,,"146° / 58°",146.400
1790445675.594,hud,drift,,,,,"93.49%",93.490
1790445675.595,hud,turns,,,,,"✗ turns: 2/15",
1790445675.595,hud,calib_s,,,,,"✓ Buffer 6s",
1790445675.596,marker,gnss,52.38578400,-1.38790800,301.70,true,,
1790445675.597,marker,dr,52.37662944,-1.39210138,213.60,true,,
1790445675.597,marker,reconciled,0.00000000,0.00000000,0.00,false,,
1790445675.650,hud,speed,,,,,"17.8 / 22.9",17.790
1790445675.651,hud,heading,,,,,"147° / 58°",146.600
1790445675.651,hud,drift,,,,,"93.54%",93.540
1790445675.652,hud,turns,,,,,"✗ turns: 2/15",
1790445675.652,hud,calib_s,,,,,"✓ Buffer 6s",
1790445675.653,marker,gnss,52.38578400,-1.38790800,301.70,true,,
1790445675.654,marker,dr,52.37661625,-1.39208707,213.40,true,,
1790445675.655,marker,reconciled,0.00000000,0.00000000,0.00,false,,
1790445675.692,hud,speed,,,,,"17.9 / 22.9",17.900
1790445675.693,hud,heading,,,,,"147° / 58°",146.700
1790445675.693,hud,drift,,,,,"93.60%",93.600
1790445675.694,hud,turns,,,,,"✗ turns: 2/15",
1790445675.694,hud,calib_s,,,,,"✓ Buffer 6s",
1790445675.695,marker,gnss,52.38578400,-1.38790800,301.70,true,,
1790445675.696,marker,dr,52.37660269,-1.39207243,213.30,true,,
1790445675.696,marker,reconciled,0.00000000,0.00000000,0.00,false,,
1790445675.748,hud,speed,,,,,"18.2 / 22.9",18.230
1790445675.749,hud,heading,,,,,"147° / 58°",146.800
1790445675.749,hud,drift,,,,,"93.65%",93.650
1790445675.750,hud,turns,,,,,"✗ turns: 2/15",
1790445675.750,hud,calib_s,,,,,"✓ Buffer 6s",
1790445675.751,marker,gnss,52.38578400,-1.38790800,301.70,true,,
1790445675.752,marker,dr,52.37658914,-1.39205785,213.20,true,,
1790445675.753,marker,reconciled,0.00000000,0.00000000,0.00,false,,
1790445675.807,hud,speed,,,,,"18.2 / 21.3",18.240
1790445675.807,hud,heading,,,,,"147° / 59°",147.000
1790445675.808,hud,drift,,,,,"92.16%",92.160
1790445675.808,hud,turns,,,,,"✗ turns: 2/15",
1790445675.809,hud,calib_s,,,,,"✓ Buffer 6s",
1790445675.809,marker,gnss,52.38669000,-1.38550300,300.60,true,,
1790445675.810,marker,dr,52.37657542,-1.39204317,213.00,true,,
1790445675.811,marker,reconciled,0.00000000,0.00000000,0.00,false,,
1790445675.836,hud,speed,,,,,"18.5 / 21.3",18.470
1790445675.836,hud,heading,,,,,"147° / 59°",146.800
1790445675.837,hud,drift,,,,,"92.22%",92.220
1790445675.837,hud,turns,,,,,"✗ turns: 2/15",
1790445675.837,hud,calib_s,,,,,"✓ Buffer 6s",
1790445675.838,marker,gnss,52.38669000,-1.38550300,300.60,true,,
1790445675.838,marker,dr,52.37656165,-1.39202853,213.20,true,,
1790445675.839,marker,reconciled,0.00000000,0.00000000,0.00,false,,
1790445675.869,hud,speed,,,,,"18.5 / 21.3",18.470
1790445675.869,hud,heading,,,,,"147° / 59°",146.500
1790445675.869,hud,drift,,,,,"92.28%",92.280
1790445675.870,hud,turns,,,,,"✗ turns: 2/15",
1790445675.870,hud,calib_s,,,,,"✓ Buffer 6s",
1790445675.870,marker,gnss,52.38669000,-1.38550300,300.60,true,,
1790445675.871,marker,dr,52.37654757,-1.39201365,213.50,true,,
1790445675.871,marker,reconciled,0.00000000,0.00000000,0.00,false,,
1790445675.919,hud,speed,,,,,"18.6 / 21.3",18.550
1790445675.920,hud,heading,,,,,"146° / 59°",146.200
1790445675.920,hud,drift,,,,,"92.34%",92.340
1790445675.920,hud,turns,,,,,"✗ turns: 2/15",
1790445675.920,hud,calib_s,,,,,"✓ Buffer 6s",
1790445675.920,marker,gnss,52.38669000,-1.38550300,300.60,true,,
1790445675.921,marker,dr,52.37653355,-1.39199891,213.80,true,,
1790445675.921,marker,reconciled,0.00000000,0.00000000,0.00,false,,
1790445675.972,hud,speed,,,,,"18.6 / 21.3",18.550
1790445675.972,hud,heading,,,,,"146° / 59°",146.300
1790445675.973,hud,drift,,,,,"92.40%",92.400
1790445675.973,hud,turns,,,,,"✗ turns: 2/15",
1790445675.973,hud,calib_s,,,,,"✓ Buffer 6s",
1790445675.974,marker,gnss,52.38669000,-1.38550300,300.60,true,,
1790445675.974,marker,dr,52.37651963,-1.39198441,213.70,true,,
1790445675.975,marker,reconciled,0.00000000,0.00000000,0.00,false,,
1790445676.022,hud,speed,,,,,"18.6 / 21.3",18.570
1790445676.023,hud,heading,,,,,"146° / 59°",146.200
1790445676.023,hud,drift,,,,,"92.46%",92.460
1790445676.023,hud,turns,,,,,"✗ turns: 2/15",
1790445676.024,hud,calib_s,,,,,"✓ Buffer 6s",
1790445676.024,marker,gnss,52.38669000,-1.38550300,300.60,true,,
1790445676.025,marker,dr,52.37650541,-1.39196963,213.80,true,,
1790445676.025,marker,reconciled,0.00000000,0.00000000,0.00,false,,
1790445676.070,hud,speed,,,,,"18.6 / 21.3",18.600
1790445676.070,hud,heading,,,,,"146° / 59°",146.300
1790445676.070,hud,drift,,,,,"92.52%",92.520
1790445676.071,hud,turns,,,,,"✗ turns: 2/15",
1790445676.071,hud,calib_s,,,,,"✓ Buffer 6s",
1790445676.071,marker,gnss,52.38669000,-1.38550300,300.60,true,,
1790445676.072,marker,dr,52.37649142,-1.39195517,213.70,true,,
1790445676.072,marker,reconciled,0.00000000,0.00000000,0.00,false,,
1790445676.121,hud,speed,,,,,"18.6 / 21.3",18.600
1790445676.121,hud,heading,,,,,"147° / 59°",146.600
1790445676.122,hud,drift,,,,,"92.58%",92.580
1790445676.122,hud,turns,,,,,"✗ turns: 2/15",
1790445676.122,hud,calib_s,,,,,"✓ Buffer 6s",
1790445676.123,marker,gnss,52.38669000,-1.38550300,300.60,true,,
1790445676.123,marker,dr,52.37647717,-1.39194041,213.40,true,,
1790445676.124,marker,reconciled,0.00000000,0.00000000,0.00,false,,
1790445676.173,hud,speed,,,,,"18.7 / 21.3",18.680
1790445676.173,hud,heading,,,,,"147° / 59°",146.800
1790445676.173,hud,drift,,,,,"92.64%",92.640
1790445676.173,hud,turns,,,,,"✗ turns: 2/15",
1790445676.173,hud,calib_s,,,,,"✓ Buffer 6s",
1790445676.174,marker,gnss,52.38669000,-1.38550300,300.60,true,,
1790445676.174,marker,dr,52.37646314,-1.39192587,213.20,true,,
1790445676.175,marker,reconciled,0.00000000,0.00000000,0.00,false,,
1790445676.226,hud,speed,,,,,"18.6 / 21.3",18.580
1790445676.227,hud,heading,,,,,"147° / 59°",146.800
1790445676.227,hud,drift,,,,,"92.70%",92.700
1790445676.227,hud,turns,,,,,"✗ turns: 2/15",
1790445676.227,hud,calib_s,,,,,"✓ Buffer 6s",
1790445676.228,marker,gnss,52.38669000,-1.38550300,300.60,true,,
1790445676.228,marker,dr,52.37644906,-1.39191127,213.20,true,,
1790445676.229,marker,reconciled,0.00000000,0.00000000,0.00,false,,
1790445676.277,hud,speed,,,,,"18.8 / 21.3",18.840
1790445676.278,hud,heading,,,,,"147° / 59°",146.700
1790445676.279,hud,drift,,,,,"92.76%",92.760
1790445676.279,hud,turns,,,,,"✗ turns: 2/15",
1790445676.279,hud,calib_s,,,,,"✓ Buffer 6s",
1790445676.280,marker,gnss,52.38669000,-1.38550300,300.60,true,,
1790445676.280,marker,dr,52.37643478,-1.39189642,213.30,true,,
1790445676.281,marker,reconciled,0.00000000,0.00000000,0.00,false,,
1790445676.330,hud,speed,,,,,"19.0 / 21.3",18.970
1790445676.331,hud,heading,,,,,"147° / 59°",146.500
1790445676.331,hud,drift,,,,,"92.82%",92.820
1790445676.332,hud,turns,,,,,"✗ turns: 2/15",
1790445676.332,hud,calib_s,,,,,"✓ Buffer 6s",
1790445676.333,marker,gnss,52.38669000,-1.38550300,300.60,true,,
1790445676.334,marker,dr,52.37642024,-1.39188137,213.50,true,,
1790445676.335,marker,reconciled,0.00000000,0.00000000,0.00,false,,
1790445676.376,hud,speed,,,,,"18.9 / 21.3",18.900
1790445676.377,hud,heading,,,,,"146° / 59°",146.200
1790445676.377,hud,drift,,,,,"92.88%",92.880
1790445676.377,hud,turns,,,,,"✗ turns: 2/15",
1790445676.377,hud,calib_s,,,,,"✓ Buffer 6s",
1790445676.378,marker,gnss,52.38669000,-1.38550300,300.60,true,,
1790445676.378,marker,dr,52.37640600,-1.39186675,213.80,true,,
1790445676.379,marker,reconciled,0.00000000,0.00000000,0.00,false,,
1790445676.428,hud,speed,,,,,"18.9 / 21.3",18.930
1790445676.429,hud,heading,,,,,"146° / 59°",146.100
1790445676.429,hud,drift,,,,,"92.94%",92.940
1790445676.429,hud,turns,,,,,"✗ turns: 2/15",
1790445676.429,hud,calib_s,,,,,"✓ Buffer 6s",
1790445676.430,marker,gnss,52.38669000,-1.38550300,300.60,true,,
1790445676.430,marker,dr,52.37639142,-1.39185182,213.90,true,,
1790445676.430,marker,reconciled,0.00000000,0.00000000,0.00,false,,
1790445676.478,hud,speed,,,,,"19.0 / 21.3",18.950
1790445676.479,hud,heading,,,,,"147° / 59°",146.500
1790445676.479,hud,drift,,,,,"93.00%",93.000
1790445676.479,hud,turns,,,,,"✗ turns: 2/15",
1790445676.479,hud,calib_s,,,,,"✓ Buffer 6s",
1790445676.480,marker,gnss,52.38669000,-1.38550300,300.60,true,,
1790445676.480,marker,dr,52.37637717,-1.39183708,213.50,true,,
1790445676.480,marker,reconciled,0.00000000,0.00000000,0.00,false,,
1790445676.529,hud,speed,,,,,"19.0 / 21.3",18.960
1790445676.529,hud,heading,,,,,"147° / 59°",146.900
1790445676.529,hud,drift,,,,,"93.07%",93.070
1790445676.529,hud,turns,,,,,"✗ turns: 2/15",
1790445676.530,hud,calib_s,,,,,"✓ Buffer 6s",
1790445676.530,marker,gnss,52.38669000,-1.38550300,300.60,true,,
1790445676.531,marker,dr,52.37636262,-1.39182210,213.10,true,,
1790445676.531,marker,reconciled,0.00000000,0.00000000,0.00,false,,
1790445676.579,hud,speed,,,,,"19.2 / 21.3",19.150
1790445676.579,hud,heading,,,,,"147° / 59°",147.000
1790445676.580,hud,drift,,,,,"93.13%",93.130
1790445676.580,hud,turns,,,,,"✗ turns: 2/15",
1790445676.580,hud,calib_s,,,,,"✓ Buffer 6s",
1790445676.581,marker,gnss,52.38669000,-1.38550300,300.60,true,,
1790445676.581,marker,dr,52.37634821,-1.39180729,213.00,true,,
1790445676.581,marker,reconciled,0.00000000,0.00000000,0.00,false,,
1790445676.630,hud,speed,,,,,"19.2 / 21.3",19.200
1790445676.630,hud,heading,,,,,"147° / 59°",146.800
1790445676.630,hud,drift,,,,,"93.19%",93.190
1790445676.630,hud,turns,,,,,"✗ turns: 2/15",
1790445676.631,hud,calib_s,,,,,"✓ Buffer 6s",
1790445676.631,marker,gnss,52.38669000,-1.38550300,300.60,true,,
1790445676.632,marker,dr,52.37633364,-1.39179223,213.20,true,,
1790445676.632,marker,reconciled,0.00000000,0.00000000,0.00,false,,
1790445676.684,hud,speed,,,,,"19.5 / 21.3",19.490
1790445676.685,hud,heading,,,,,"147° / 59°",146.800
1790445676.685,hud,drift,,,,,"93.25%",93.250
1790445676.685,hud,turns,,,,,"✗ turns: 2/15",
1790445676.685,hud,calib_s,,,,,"✓ Buffer 6s",
1790445676.686,marker,gnss,52.38669000,-1.38550300,300.60,true,,
1790445676.687,marker,dr,52.37631871,-1.39177676,213.20,true,,
1790445676.687,marker,reconciled,0.00000000,0.00000000,0.00,false,,
1790445676.734,hud,speed,,,,,"19.5 / 21.3",19.520
1790445676.735,hud,heading,,,,,"147° / 59°",146.900
1790445676.736,hud,drift,,,,,"93.31%",93.310
1790445676.736,hud,turns,,,,,"✗ turns: 2/15",
1790445676.736,hud,calib_s,,,,,"✓ Buffer 6s",
1790445676.737,marker,gnss,52.38669000,-1.38550300,300.60,true,,
1790445676.738,marker,dr,52.37630388,-1.39176145,213.10,true,,
1790445676.738,marker,reconciled,0.00000000,0.00000000,0.00,false,,
1790445676.783,hud,speed,,,,,"19.6 / 21.3",19.590
1790445676.784,hud,heading,,,,,"147° / 59°",147.200
1790445676.784,hud,drift,,,,,"93.38%",93.380
1790445676.784,hud,turns,,,,,"✗ turns: 2/15",
1790445676.785,hud,calib_s,,,,,"✓ Buffer 6s",
1790445676.785,marker,gnss,52.38669000,-1.38550300,300.60,true,,
1790445676.785,marker,dr,52.37628915,-1.39174626,212.80,true,,
1790445676.786,marker,reconciled,0.00000000,0.00000000,0.00,false,,
1790445676.835,hud,speed,,,,,"19.6 / 21.3",19.610
1790445676.836,hud,heading,,,,,"147° / 59°",147.100
1790445676.836,hud,drift,,,,,"93.44%",93.440
1790445676.836,hud,turns,,,,,"✗ turns: 2/15",
1790445676.837,hud,calib_s,,,,,"✓ Buffer 6s",
1790445676.837,marker,gnss,52.38669000,-1.38550300,300.60,true,,
1790445676.838,marker,dr,52.37627424,-1.39173096,212.90,true,,
1790445676.838,marker,reconciled,0.00000000,0.00000000,0.00,false,,
1790445676.884,hud,speed,,,,,"19.7 / 21.3",19.730
1790445676.884,hud,heading,,,,,"147° / 59°",147.200
1790445676.884,hud,drift,,,,,"93.50%",93.500
1790445676.884,hud,turns,,,,,"✗ turns: 2/15",
1790445676.885,hud,calib_s,,,,,"✓ Buffer 6s",
1790445676.885,marker,gnss,52.38669000,-1.38550300,300.60,true,,
1790445676.885,marker,dr,52.37625922,-1.39171565,212.80,true,,
1790445676.885,marker,reconciled,0.00000000,0.00000000,0.00,false,,
1790445676.937,hud,speed,,,,,"19.7 / 21.3",19.720
1790445676.938,hud,heading,,,,,"147° / 59°",147.400
1790445676.939,hud,drift,,,,,"93.57%",93.570
1790445676.939,hud,turns,,,,,"✗ turns: 2/15",
1790445676.939,hud,calib_s,,,,,"✓ Buffer 6s",
1790445676.940,marker,gnss,52.38669000,-1.38550300,300.60,true,,
1790445676.940,marker,dr,52.37624403,-1.39170020,212.60,true,,
1790445676.940,marker,reconciled,0.00000000,0.00000000,0.00,false,,
1790445676.986,hud,speed,,,,,"19.8 / 21.3",19.840
1790445676.986,hud,heading,,,,,"148° / 59°",147.700
1790445676.986,hud,drift,,,,,"93.63%",93.630
1790445676.987,hud,turns,,,,,"✗ turns: 2/15",
1790445676.987,hud,calib_s,,,,,"✓ Buffer 6s",
1790445676.987,marker,gnss,52.38669000,-1.38550300,300.60,true,,
1790445676.988,marker,dr,52.37622902,-1.39168505,212.30,true,,
1790445676.988,marker,reconciled,0.00000000,0.00000000,0.00,false,,
1790445677.042,hud,speed,,,,,"20.0 / 21.3",19.990
1790445677.043,hud,heading,,,,,"148° / 59°",148.000
1790445677.043,hud,drift,,,,,"93.70%",93.700
1790445677.044,hud,turns,,,,,"✗ turns: 2/15",
1790445677.044,hud,calib_s,,,,,"✓ Buffer 6s",
1790445677.044,marker,gnss,52.38669000,-1.38550300,300.60,true,,
1790445677.045,marker,dr,52.37621351,-1.39166969,212.00,true,,
1790445677.045,marker,reconciled,0.00000000,0.00000000,0.00,false,,
1790445677.087,hud,speed,,,,,"20.2 / 21.3",20.170
1790445677.087,hud,heading,,,,,"148° / 59°",148.000
1790445677.087,hud,drift,,,,,"93.76%",93.760
1790445677.088,hud,turns,,,,,"✗ turns: 2/15",
1790445677.088,hud,calib_s,,,,,"✓ Buffer 6s",
1790445677.088,marker,gnss,52.38669000,-1.38550300,300.60,true,,
1790445677.089,marker,dr,52.37619799,-1.39165466,212.00,true,,
1790445677.089,marker,reconciled,0.00000000,0.00000000,0.00,false,,
1790445677.140,hud,speed,,,,,"20.2 / 21.3",20.230
1790445677.140,hud,heading,,,,,"148° / 59°",148.000
1790445677.141,hud,drift,,,,,"93.83%",93.830
1790445677.141,hud,turns,,,,,"✗ turns: 2/15",
1790445677.141,hud,calib_s,,,,,"✓ Buffer 6s",
1790445677.141,marker,gnss,52.38669000,-1.38550300,300.60,true,,
1790445677.142,marker,dr,52.37618254,-1.39163982,212.00,true,,
1790445677.143,marker,reconciled,0.00000000,0.00000000,0.00,false,,
1790445677.189,hud,speed,,,,,"20.2 / 21.3",20.220
1790445677.190,hud,heading,,,,,"148° / 59°",148.400
1790445677.190,hud,drift,,,,,"93.90%",93.900
1790445677.191,hud,turns,,,,,"✗ turns: 2/15",
1790445677.191,hud,calib_s,,,,,"✓ Buffer 6s",
1790445677.191,marker,gnss,52.38669000,-1.38550300,300.60,true,,
1790445677.191,marker,dr,52.37616668,-1.39162476,211.60,true,,
1790445677.192,marker,reconciled,0.00000000,0.00000000,0.00,false,,
1790445677.244,hud,speed,,,,,"20.3 / 21.3",20.280
1790445677.244,hud,heading,,,,,"149° / 59°",148.500
1790445677.245,hud,drift,,,,,"93.97%",93.970
1790445677.245,hud,turns,,,,,"✗ turns: 2/15",
1790445677.245,hud,calib_s,,,,,"✓ Buffer 6s",
1790445677.246,marker,gnss,52.38669000,-1.38550300,300.60,true,,
1790445677.246,marker,dr,52.37615103,-1.39161021,211.50,true,,
1790445677.247,marker,reconciled,0.00000000,0.00000000,0.00,false,,
1790445677.294,hud,speed,,,,,"20.5 / 21.3",20.460
1790445677.294,hud,heading,,,,,"149° / 59°",148.500
1790445677.295,hud,drift,,,,,"94.04%",94.040
1790445677.295,hud,turns,,,,,"✗ turns: 2/15",
1790445677.295,hud,calib_s,,,,,"✓ Buffer 6s",
1790445677.296,marker,gnss,52.38669000,-1.38550300,300.60,true,,
1790445677.296,marker,dr,52.37613510,-1.39159575,211.50,true,,
1790445677.297,marker,reconciled,0.00000000,0.00000000,0.00,false,,
1790445677.351,hud,speed,,,,,"20.5 / 21.3",20.460
1790445677.352,hud,heading,,,,,"149° / 59°",148.500
1790445677.352,hud,drift,,,,,"107.27%",107.270
1790445677.352,hud,turns,,,,,"✗ turns: 2/15",
1790445677.353,hud,calib_s,,,,,"✓ Buffer 6s",
1790445677.358,marker,gnss,52.38669000,-1.38550300,300.60,true,,
1790445677.359,marker,dr,52.37613510,-1.39159575,211.50,true,,
1790445677.359,marker,reconciled,0.00000000,0.00000000,0.00,false,,
1790445677.404,hud,speed,,,,,"20.5 / 21.3",20.460
1790445677.405,hud,heading,,,,,"149° / 59°",148.500
1790445677.405,hud,drift,,,,,"107.27%",107.270
1790445677.406,hud,turns,,,,,"✗ turns: 2/15",
1790445677.406,hud,calib_s,,,,,"✓ Buffer 6s",
1790445677.409,marker,gnss,52.38669000,-1.38550300,300.60,true,,
1790445677.410,marker,dr,52.37613510,-1.39159575,211.50,true,,
1790445677.410,marker,reconciled,0.00000000,0.00000000,0.00,false,,
1790445677.446,hud,speed,,,,,"20.5 / 21.3",20.460
1790445677.446,hud,heading,,,,,"149° / 59°",148.500
1790445677.447,hud,drift,,,,,"107.27%",107.270
1790445677.447,hud,turns,,,,,"✗ turns: 2/15",
1790445677.447,hud,calib_s,,,,,"✓ Buffer 6s",
1790445677.450,marker,gnss,52.38669000,-1.38550300,300.60,true,,
1790445677.451,marker,dr,52.37613510,-1.39159575,211.50,true,,
1790445677.451,marker,reconciled,0.00000000,0.00000000,0.00,false,,
1790445677.498,hud,speed,,,,,"20.5 / 21.3",20.460
1790445677.498,hud,heading,,,,,"149° / 59°",148.500
1790445677.498,hud,drift,,,,,"107.27%",107.270
1790445677.499,hud,turns,,,,,"✗ turns: 2/15",
1790445677.499,hud,calib_s,,,,,"✓ Buffer 6s",
1790445677.502,marker,gnss,52.38669000,-1.38550300,300.60,true,,
1790445677.503,marker,dr,52.37613510,-1.39159575,211.50,true,,
1790445677.503,marker,reconciled,0.00000000,0.00000000,0.00,false,,
1790445677.547,hud,speed,,,,,"20.5 / 21.3",20.460
1790445677.547,hud,heading,,,,,"149° / 59°",148.500
1790445677.548,hud,drift,,,,,"107.27%",107.270
1790445677.548,hud,turns,,,,,"✗ turns: 2/15",
1790445677.548,hud,calib_s,,,,,"✓ Buffer 6s",
1790445677.552,marker,gnss,52.38669000,-1.38550300,300.60,true,,
1790445677.553,marker,dr,52.37613510,-1.39159575,211.50,true,,
1790445677.553,marker,reconciled,0.00000000,0.00000000,0.00,false,,
1790445677.598,hud,speed,,,,,"20.5 / 21.3",20.460
1790445677.598,hud,heading,,,,,"149° / 59°",148.500
1790445677.599,hud,drift,,,,,"107.27%",107.270
1790445677.599,hud,turns,,,,,"✗ turns: 2/15",
1790445677.599,hud,calib_s,,,,,"✓ Buffer 6s",
1790445677.603,marker,gnss,52.38669000,-1.38550300,300.60,true,,
1790445677.604,marker,dr,52.37613510,-1.39159575,211.50,true,,
1790445677.605,marker,reconciled,0.00000000,0.00000000,0.00,false,,
1790445677.651,hud,speed,,,,,"20.5 / 21.3",20.460
1790445677.652,hud,heading,,,,,"149° / 59°",148.500
1790445677.652,hud,drift,,,,,"107.27%",107.270
1790445677.653,hud,turns,,,,,"✗ turns: 2/15",
1790445677.653,hud,calib_s,,,,,"✓ Buffer 6s",
1790445677.657,marker,gnss,52.38669000,-1.38550300,300.60,true,,
1790445677.658,marker,dr,52.37613510,-1.39159575,211.50,true,,
1790445677.659,marker,reconciled,0.00000000,0.00000000,0.00,false,,
1790445677.698,hud,speed,,,,,"20.5 / 21.3",20.460
1790445677.698,hud,heading,,,,,"149° / 59°",148.500
1790445677.698,hud,drift,,,,,"107.27%",107.270
1790445677.699,hud,turns,,,,,"✗ turns: 2/15",
1790445677.699,hud,calib_s,,,,,"✓ Buffer 6s",
1790445677.703,marker,gnss,52.38669000,-1.38550300,300.60,true,,
1790445677.704,marker,dr,52.37613510,-1.39159575,211.50,true,,
1790445677.704,marker,reconciled,0.00000000,0.00000000,0.00,false,,
1790445677.751,hud,speed,,,,,"20.5 / 21.3",20.460
1790445677.752,hud,heading,,,,,"149° / 59°",148.500
1790445677.752,hud,drift,,,,,"107.27%",107.270
1790445677.753,hud,turns,,,,,"✗ turns: 2/15",
1790445677.753,hud,calib_s,,,,,"✓ Buffer 6s",
1790445677.757,marker,gnss,52.38669000,-1.38550300,300.60,true,,
1790445677.758,marker,dr,52.37613510,-1.39159575,211.50,true,,
1790445677.759,marker,reconciled,0.00000000,0.00000000,0.00,false,,
1790445677.803,hud,speed,,,,,"20.5 / 21.3",20.460
1790445677.804,hud,heading,,,,,"149° / 59°",148.500
1790445677.804,hud,drift,,,,,"107.27%",107.270
1790445677.804,hud,turns,,,,,"✗ turns: 2/15",
1790445677.805,hud,calib_s,,,,,"✓ Buffer 6s",
1790445677.808,marker,gnss,52.38669000,-1.38550300,300.60,true,,
1790445677.809,marker,dr,52.37613510,-1.39159575,211.50,true,,
1790445677.810,marker,reconciled,0.00000000,0.00000000,0.00,false,,
1790445677.851,hud,speed,,,,,"20.5 / 21.3",20.460
1790445677.851,hud,heading,,,,,"149° / 59°",148.500
1790445677.852,hud,drift,,,,,"107.27%",107.270
1790445677.852,hud,turns,,,,,"✗ turns: 2/15",
1790445677.852,hud,calib_s,,,,,"✓ Buffer 6s",
1790445677.857,marker,gnss,52.38669000,-1.38550300,300.60,true,,
1790445677.858,marker,dr,52.37613510,-1.39159575,211.50,true,,
1790445677.858,marker,reconciled,0.00000000,0.00000000,0.00,false,,
1790445677.903,hud,speed,,,,,"20.5 / 21.3",20.460
1790445677.903,hud,heading,,,,,"149° / 59°",148.500
1790445677.903,hud,drift,,,,,"107.27%",107.270
1790445677.904,hud,turns,,,,,"✗ turns: 2/15",
1790445677.904,hud,calib_s,,,,,"✓ Buffer 6s",
1790445677.908,marker,gnss,52.38669000,-1.38550300,300.60,true,,
1790445677.909,marker,dr,52.37613510,-1.39159575,211.50,true,,
1790445677.909,marker,reconciled,0.00000000,0.00000000,0.00,false,,
1790445677.956,hud,speed,,,,,"20.5 / 21.3",20.460
1790445677.957,hud,heading,,,,,"149° / 59°",148.500
1790445677.957,hud,drift,,,,,"107.27%",107.270
1790445677.957,hud,turns,,,,,"✗ turns: 2/15",
1790445677.958,hud,calib_s,,,,,"✓ Buffer 6s",
1790445677.962,marker,gnss,52.38669000,-1.38550300,300.60,true,,
1790445677.963,marker,dr,52.37613510,-1.39159575,211.50,true,,
1790445677.963,marker,reconciled,0.00000000,0.00000000,0.00,false,,
1790445678.005,hud,speed,,,,,"20.5 / 21.3",20.460
1790445678.006,hud,heading,,,,,"149° / 59°",148.500
1790445678.007,hud,drift,,,,,"107.27%",107.270
1790445678.007,hud,turns,,,,,"✗ turns: 2/15",
1790445678.007,hud,calib_s,,,,,"✓ Buffer 6s",
1790445678.012,marker,gnss,52.38669000,-1.38550300,300.60,true,,
1790445678.013,marker,dr,52.37613510,-1.39159575,211.50,true,,
1790445678.013,marker,reconciled,0.00000000,0.00000000,0.00,false,,
1790445678.059,hud,speed,,,,,"20.5 / 21.3",20.460
1790445678.059,hud,heading,,,,,"149° / 59°",148.500
1790445678.060,hud,drift,,,,,"107.27%",107.270
1790445678.060,hud,turns,,,,,"✗ turns: 2/15",
1790445678.060,hud,calib_s,,,,,"✓ Buffer 6s",
1790445678.064,marker,gnss,52.38669000,-1.38550300,300.60,true,,
1790445678.065,marker,dr,52.37613510,-1.39159575,211.50,true,,
1790445678.065,marker,reconciled,0.00000000,0.00000000,0.00,false,,
1790445678.105,hud,speed,,,,,"20.5 / 21.3",20.460
1790445678.105,hud,heading,,,,,"149° / 59°",148.500
1790445678.106,hud,drift,,,,,"107.27%",107.270
1790445678.106,hud,turns,,,,,"✗ turns: 2/15",
1790445678.106,hud,calib_s,,,,,"✓ Buffer 6s",
1790445678.110,marker,gnss,52.38669000,-1.38550300,300.60,true,,
1790445678.111,marker,dr,52.37613510,-1.39159575,211.50,true,,
1790445678.112,marker,reconciled,0.00000000,0.00000000,0.00,false,,
1790445678.160,hud,speed,,,,,"20.5 / 21.3",20.460
1790445678.160,hud,heading,,,,,"149° / 59°",148.500
1790445678.161,hud,drift,,,,,"107.27%",107.270
1790445678.161,hud,turns,,,,,"✗ turns: 2/15",
1790445678.161,hud,calib_s,,,,,"✓ Buffer 6s",
1790445678.165,marker,gnss,52.38669000,-1.38550300,300.60,true,,
1790445678.165,marker,dr,52.37613510,-1.39159575,211.50,true,,
1790445678.166,marker,reconciled,0.00000000,0.00000000,0.00,false,,
1790445678.208,hud,speed,,,,,"20.5 / 21.3",20.460
1790445678.209,hud,heading,,,,,"149° / 59°",148.500
1790445678.209,hud,drift,,,,,"107.27%",107.270
1790445678.209,hud,turns,,,,,"✗ turns: 2/15",
1790445678.209,hud,calib_s,,,,,"✓ Buffer 6s",
1790445678.214,marker,gnss,52.38669000,-1.38550300,300.60,true,,
1790445678.215,marker,dr,52.37613510,-1.39159575,211.50,true,,
1790445678.215,marker,reconciled,0.00000000,0.00000000,0.00,false,,
1790445678.258,hud,speed,,,,,"20.5 / 21.3",20.460
1790445678.258,hud,heading,,,,,"149° / 59°",148.500
1790445678.259,hud,drift,,,,,"107.27%",107.270
1790445678.259,hud,turns,,,,,"✗ turns: 2/15",
1790445678.259,hud,calib_s,,,,,"✓ Buffer 6s",
1790445678.263,marker,gnss,52.38669000,-1.38550300,300.60,true,,
1790445678.264,marker,dr,52.37613510,-1.39159575,211.50,true,,
1790445678.264,marker,reconciled,0.00000000,0.00000000,0.00,false,,
1790445678.318,hud,speed,,,,,"20.5 / 21.3",20.460
1790445678.318,hud,heading,,,,,"149° / 59°",148.500
1790445678.318,hud,drift,,,,,"107.27%",107.270
1790445678.319,hud,turns,,,,,"✗ turns: 2/15",
1790445678.319,hud,calib_s,,,,,"✓ Buffer 6s",
1790445678.321,marker,gnss,52.38669000,-1.38550300,300.60,true,,
1790445678.321,marker,dr,52.37613510,-1.39159575,211.50,true,,
1790445678.322,marker,reconciled,0.00000000,0.00000000,0.00,false,,
1790445678.364,hud,speed,,,,,"20.5 / 21.3",20.460
1790445678.364,hud,heading,,,,,"149° / 59°",148.500
1790445678.365,hud,drift,,,,,"107.27%",107.270
1790445678.365,hud,turns,,,,,"✗ turns: 2/15",
1790445678.365,hud,calib_s,,,,,"✓ Buffer 6s",
1790445678.369,marker,gnss,52.38669000,-1.38550300,300.60,true,,
1790445678.370,marker,dr,52.37613510,-1.39159575,211.50,true,,
1790445678.371,marker,reconciled,0.00000000,0.00000000,0.00,false,,
1790445678.414,hud,speed,,,,,"20.5 / 21.3",20.460
1790445678.414,hud,heading,,,,,"149° / 59°",148.500
1790445678.415,hud,drift,,,,,"107.27%",107.270
1790445678.415,hud,turns,,,,,"✗ turns: 2/15",
1790445678.415,hud,calib_s,,,,,"✓ Buffer 6s",
1790445678.419,marker,gnss,52.38669000,-1.38550300,300.60,true,,
1790445678.419,marker,dr,52.37613510,-1.39159575,211.50,true,,
1790445678.420,marker,reconciled,0.00000000,0.00000000,0.00,false,,
1790445678.465,hud,speed,,,,,"20.5 / 21.3",20.460
1790445678.465,hud,heading,,,,,"149° / 59°",148.500
1790445678.465,hud,drift,,,,,"107.27%",107.270
1790445678.466,hud,turns,,,,,"✗ turns: 2/15",
1790445678.466,hud,calib_s,,,,,"✓ Buffer 6s",
1790445678.469,marker,gnss,52.38669000,-1.38550300,300.60,true,,
1790445678.470,marker,dr,52.37613510,-1.39159575,211.50,true,,
1790445678.471,marker,reconciled,0.00000000,0.00000000,0.00,false,,
1790445678.513,hud,speed,,,,,"20.5 / 21.3",20.460
1790445678.514,hud,heading,,,,,"149° / 59°",148.500
1790445678.514,hud,drift,,,,,"107.27%",107.270
1790445678.515,hud,turns,,,,,"✗ turns: 2/15",
1790445678.515,hud,calib_s,,,,,"✓ Buffer 6s",
1790445678.519,marker,gnss,52.38669000,-1.38550300,300.60,true,,
1790445678.519,marker,dr,52.37613510,-1.39159575,211.50,true,,
1790445678.520,marker,reconciled,0.00000000,0.00000000,0.00,false,,
1790445678.569,hud,speed,,,,,"20.5 / 21.3",20.460
1790445678.569,hud,heading,,,,,"149° / 59°",148.500
1790445678.569,hud,drift,,,,,"107.27%",107.270
1790445678.570,hud,turns,,,,,"✗ turns: 2/15",
1790445678.570,hud,calib_s,,,,,"✓ Buffer 6s",
1790445678.575,marker,gnss,52.38669000,-1.38550300,300.60,true,,
1790445678.575,marker,dr,52.37613510,-1.39159575,211.50,true,,
1790445678.576,marker,reconciled,0.00000000,0.00000000,0.00,false,,
1790445678.614,hud,speed,,,,,"20.5 / 21.3",20.460
1790445678.614,hud,heading,,,,,"149° / 59°",148.500
1790445678.614,hud,drift,,,,,"107.27%",107.270
1790445678.615,hud,turns,,,,,"✗ turns: 2/15",
1790445678.615,hud,calib_s,,,,,"✓ Buffer 6s",
1790445678.619,marker,gnss,52.38669000,-1.38550300,300.60,true,,
1790445678.620,marker,dr,52.37613510,-1.39159575,211.50,true,,
1790445678.621,marker,reconciled,0.00000000,0.00000000,0.00,false,,
1790445678.669,hud,speed,,,,,"20.5 / 21.3",20.460
1790445678.669,hud,heading,,,,,"149° / 59°",148.500
1790445678.670,hud,drift,,,,,"107.27%",107.270
1790445678.670,hud,turns,,,,,"✗ turns: 2/15",
1790445678.671,hud,calib_s,,,,,"✓ Buffer 6s",
1790445678.675,marker,gnss,52.38669000,-1.38550300,300.60,true,,
1790445678.675,marker,dr,52.37613510,-1.39159575,211.50,true,,
1790445678.676,marker,reconciled,0.00000000,0.00000000,0.00,false,,
1790445678.718,hud,speed,,,,,"20.5 / 21.3",20.460
1790445678.719,hud,heading,,,,,"149° / 59°",148.500
1790445678.719,hud,drift,,,,,"107.27%",107.270
1790445678.719,hud,turns,,,,,"✗ turns: 2/15",
1790445678.719,hud,calib_s,,,,,"✓ Buffer 6s",
1790445678.723,marker,gnss,52.38669000,-1.38550300,300.60,true,,
1790445678.724,marker,dr,52.37613510,-1.39159575,211.50,true,,
1790445678.725,marker,reconciled,0.00000000,0.00000000,0.00,false,,
1790445678.772,hud,speed,,,,,"20.5 / 21.3",20.460
1790445678.772,hud,heading,,,,,"149° / 59°",148.500
1790445678.773,hud,drift,,,,,"107.27%",107.270
1790445678.773,hud,turns,,,,,"✗ turns: 2/15",
1790445678.773,hud,calib_s,,,,,"✓ Buffer 6s",
1790445678.777,marker,gnss,52.38669000,-1.38550300,300.60,true,,
1790445678.778,marker,dr,52.37613510,-1.39159575,211.50,true,,
1790445678.779,marker,reconciled,0.00000000,0.00000000,0.00,false,,
1790445678.824,hud,speed,,,,,"20.5 / 21.3",20.460
1790445678.825,hud,heading,,,,,"149° / 59°",148.500
1790445678.825,hud,drift,,,,,"107.27%",107.270
1790445678.826,hud,turns,,,,,"✗ turns: 2/15",
1790445678.826,hud,calib_s,,,,,"✓ Buffer 6s",
1790445678.830,marker,gnss,52.38669000,-1.38550300,300.60,true,,
1790445678.831,marker,dr,52.37613510,-1.39159575,211.50,true,,
1790445678.832,marker,reconciled,0.00000000,0.00000000,0.00,false,,
1790445678.870,hud,speed,,,,,"20.5 / 21.3",20.460
1790445678.870,hud,heading,,,,,"149° / 59°",148.500
1790445678.871,hud,drift,,,,,"107.27%",107.270
1790445678.871,hud,turns,,,,,"✗ turns: 2/15",
1790445678.871,hud,calib_s,,,,,"✓ Buffer 6s",
1790445678.875,marker,gnss,52.38669000,-1.38550300,300.60,true,,
1790445678.877,marker,dr,52.37613510,-1.39159575,211.50,true,,
1790445678.877,marker,reconciled,0.00000000,0.00000000,0.00,false,,
1790445678.923,hud,speed,,,,,"20.5 / 21.3",20.460
1790445678.923,hud,heading,,,,,"149° / 59°",148.500
1790445678.924,hud,drift,,,,,"107.27%",107.270
1790445678.924,hud,turns,,,,,"✗ turns: 2/15",
1790445678.924,hud,calib_s,,,,,"✓ Buffer 6s",
1790445678.928,marker,gnss,52.38669000,-1.38550300,300.60,true,,
1790445678.929,marker,dr,52.37613510,-1.39159575,211.50,true,,
1790445678.929,marker,reconciled,0.00000000,0.00000000,0.00,false,,
1790445678.973,hud,speed,,,,,"20.5 / 21.3",20.460
1790445678.973,hud,heading,,,,,"149° / 59°",148.500
1790445678.973,hud,drift,,,,,"107.27%",107.270
1790445678.974,hud,turns,,,,,"✗ turns: 2/15",
1790445678.974,hud,calib_s,,,,,"✓ Buffer 6s",
1790445678.979,marker,gnss,52.38669000,-1.38550300,300.60,true,,
1790445678.980,marker,dr,52.37613510,-1.39159575,211.50,true,,
1790445678.980,marker,reconciled,0.00000000,0.00000000,0.00,false,,
1790445679.026,hud,speed,,,,,"20.5 / 21.3",20.460
1790445679.027,hud,heading,,,,,"149° / 59°",148.500
1790445679.027,hud,drift,,,,,"107.27%",107.270
1790445679.028,hud,turns,,,,,"✗ turns: 2/15",
1790445679.028,hud,calib_s,,,,,"✓ Buffer 6s",
1790445679.032,marker,gnss,52.38669000,-1.38550300,300.60,true,,
1790445679.033,marker,dr,52.37613510,-1.39159575,211.50,true,,
1790445679.033,marker,reconciled,0.00000000,0.00000000,0.00,false,,
1790445679.075,hud,speed,,,,,"20.5 / 21.3",20.460
1790445679.075,hud,heading,,,,,"149° / 59°",148.500
1790445679.075,hud,drift,,,,,"107.27%",107.270
1790445679.076,hud,turns,,,,,"✗ turns: 2/15",
1790445679.076,hud,calib_s,,,,,"✓ Buffer 6s",
1790445679.080,marker,gnss,52.38669000,-1.38550300,300.60,true,,
1790445679.081,marker,dr,52.37613510,-1.39159575,211.50,true,,
1790445679.082,marker,reconciled,0.00000000,0.00000000,0.00,false,,
1790445679.127,hud,speed,,,,,"20.5 / 21.3",20.460
1790445679.128,hud,heading,,,,,"149° / 59°",148.500
1790445679.128,hud,drift,,,,,"107.27%",107.270
1790445679.128,hud,turns,,,,,"✗ turns: 2/15",
1790445679.129,hud,calib_s,,,,,"✓ Buffer 6s",
1790445679.132,marker,gnss,52.38669000,-1.38550300,300.60,true,,
1790445679.133,marker,dr,52.37613510,-1.39159575,211.50,true,,
1790445679.134,marker,reconciled,0.00000000,0.00000000,0.00,false,,
1790445679.177,hud,speed,,,,,"20.5 / 21.3",20.460
1790445679.178,hud,heading,,,,,"149° / 59°",148.500
1790445679.178,hud,drift,,,,,"107.27%",107.270
1790445679.179,hud,turns,,,,,"✗ turns: 2/15",
1790445679.179,hud,calib_s,,,,,"✓ Buffer 6s",
1790445679.183,marker,gnss,52.38669000,-1.38550300,300.60,true,,
1790445679.184,marker,dr,52.37613510,-1.39159575,211.50,true,,
1790445679.184,marker,reconciled,0.00000000,0.00000000,0.00,false,,
1790445679.228,hud,speed,,,,,"20.5 / 21.3",20.460
1790445679.229,hud,heading,,,,,"149° / 59°",148.500
1790445679.229,hud,drift,,,,,"107.27%",107.270
1790445679.229,hud,turns,,,,,"✗ turns: 2/15",
1790445679.230,hud,calib_s,,,,,"✓ Buffer 6s",
1790445679.233,marker,gnss,52.38669000,-1.38550300,300.60,true,,
1790445679.234,marker,dr,52.37613510,-1.39159575,211.50,true,,
1790445679.235,marker,reconciled,0.00000000,0.00000000,0.00,false,,
1790445679.279,hud,speed,,,,,"20.5 / 21.3",20.460
1790445679.279,hud,heading,,,,,"149° / 59°",148.500
1790445679.280,hud,drift,,,,,"107.27%",107.270
1790445679.280,hud,turns,,,,,"✗ turns: 2/15",
1790445679.280,hud,calib_s,,,,,"✓ Buffer 6s",
1790445679.284,marker,gnss,52.38669000,-1.38550300,300.60,true,,
1790445679.285,marker,dr,52.37613510,-1.39159575,211.50,true,,
1790445679.286,marker,reconciled,0.00000000,0.00000000,0.00,false,,
1790445679.330,hud,speed,,,,,"20.5 / 21.3",20.460
1790445679.330,hud,heading,,,,,"149° / 59°",148.500
1790445679.330,hud,drift,,,,,"107.27%",107.270
1790445679.331,hud,turns,,,,,"✗ turns: 2/15",
1790445679.331,hud,calib_s,,,,,"✓ Buffer 6s",
1790445679.334,marker,gnss,52.38669000,-1.38550300,300.60,true,,
1790445679.334,marker,dr,52.37613510,-1.39159575,211.50,true,,
1790445679.335,marker,reconciled,0.00000000,0.00000000,0.00,false,,
1790445679.380,hud,speed,,,,,"20.5 / 21.3",20.460
1790445679.380,hud,heading,,,,,"149° / 59°",148.500
1790445679.380,hud,drift,,,,,"107.27%",107.270
1790445679.381,hud,turns,,,,,"✗ turns: 2/15",
1790445679.381,hud,calib_s,,,,,"✓ Buffer 6s",
1790445679.384,marker,gnss,52.38669000,-1.38550300,300.60,true,,
1790445679.385,marker,dr,52.37613510,-1.39159575,211.50,true,,
1790445679.385,marker,reconciled,0.00000000,0.00000000,0.00,false,,
1790445679.428,hud,speed,,,,,"20.5 / 21.3",20.460
1790445679.429,hud,heading,,,,,"149° / 59°",148.500
1790445679.429,hud,drift,,,,,"107.27%",107.270
1790445679.429,hud,turns,,,,,"✗ turns: 2/15",
1790445679.429,hud,calib_s,,,,,"✓ Buffer 6s",
1790445679.433,marker,gnss,52.38669000,-1.38550300,300.60,true,,
1790445679.434,marker,dr,52.37613510,-1.39159575,211.50,true,,
1790445679.435,marker,reconciled,0.00000000,0.00000000,0.00,false,,
1790445679.485,hud,speed,,,,,"20.5 / 21.3",20.460
1790445679.485,hud,heading,,,,,"149° / 59°",148.500
1790445679.485,hud,drift,,,,,"107.27%",107.270
1790445679.486,hud,turns,,,,,"✗ turns: 2/15",
1790445679.486,hud,calib_s,,,,,"✓ Buffer 6s",
1790445679.490,marker,gnss,52.38669000,-1.38550300,300.60,true,,
1790445679.491,marker,dr,52.37613510,-1.39159575,211.50,true,,
1790445679.491,marker,reconciled,0.00000000,0.00000000,0.00,false,,
1790445679.534,hud,speed,,,,,"20.5 / 21.3",20.460
1790445679.534,hud,heading,,,,,"149° / 59°",148.500
1790445679.534,hud,drift,,,,,"107.27%",107.270
1790445679.535,hud,turns,,,,,"✗ turns: 2/15",
1790445679.535,hud,calib_s,,,,,"✓ Buffer 6s",
1790445679.538,marker,gnss,52.38669000,-1.38550300,300.60,true,,
1790445679.538,marker,dr,52.37613510,-1.39159575,211.50,true,,
1790445679.539,marker,reconciled,0.00000000,0.00000000,0.00,false,,
1790445679.584,hud,speed,,,,,"20.5 / 21.3",20.460
1790445679.584,hud,heading,,,,,"149° / 59°",148.500
1790445679.584,hud,drift,,,,,"107.27%",107.270
1790445679.585,hud,turns,,,,,"✗ turns: 2/15",
1790445679.585,hud,calib_s,,,,,"✓ Buffer 6s",
1790445679.587,marker,gnss,52.38669000,-1.38550300,300.60,true,,
1790445679.588,marker,dr,52.37613510,-1.39159575,211.50,true,,
1790445679.588,marker,reconciled,0.00000000,0.00000000,0.00,false,,
1790445679.634,hud,speed,,,,,"20.5 / 21.3",20.460
1790445679.635,hud,heading,,,,,"149° / 59°",148.500
1790445679.635,hud,drift,,,,,"107.27%",107.270
1790445679.635,hud,turns,,,,,"✗ turns: 2/15",
1790445679.635,hud,calib_s,,,,,"✓ Buffer 6s",
1790445679.639,marker,gnss,52.38669000,-1.38550300,300.60,true,,
1790445679.639,marker,dr,52.37613510,-1.39159575,211.50,true,,
1790445679.640,marker,reconciled,0.00000000,0.00000000,0.00,false,,
1790445679.685,hud,speed,,,,,"20.5 / 21.3",20.460
1790445679.686,hud,heading,,,,,"149° / 59°",148.500
1790445679.686,hud,drift,,,,,"107.27%",107.270
1790445679.686,hud,turns,,,,,"✗ turns: 2/15",
1790445679.687,hud,calib_s,,,,,"✓ Buffer 6s",
1790445679.690,marker,gnss,52.38669000,-1.38550300,300.60,true,,
1790445679.691,marker,dr,52.37613510,-1.39159575,211.50,true,,
1790445679.691,marker,reconciled,0.00000000,0.00000000,0.00,false,,
1790445679.736,hud,speed,,,,,"20.5 / 21.3",20.460
1790445679.737,hud,heading,,,,,"149° / 59°",148.500
1790445679.737,hud,drift,,,,,"107.27%",107.270
1790445679.738,hud,turns,,,,,"✗ turns: 2/15",
1790445679.738,hud,calib_s,,,,,"✓ Buffer 6s",
1790445679.742,marker,gnss,52.38669000,-1.38550300,300.60,true,,
1790445679.742,marker,dr,52.37613510,-1.39159575,211.50,true,,
1790445679.743,marker,reconciled,0.00000000,0.00000000,0.00,false,,
1790445679.788,hud,speed,,,,,"20.5 / 21.3",20.460
1790445679.788,hud,heading,,,,,"149° / 59°",148.500
1790445679.788,hud,drift,,,,,"107.27%",107.270
1790445679.789,hud,turns,,,,,"✗ turns: 2/15",
1790445679.789,hud,calib_s,,,,,"✓ Buffer 6s",
1790445679.793,marker,gnss,52.38669000,-1.38550300,300.60,true,,
1790445679.794,marker,dr,52.37613510,-1.39159575,211.50,true,,
1790445679.794,marker,reconciled,0.00000000,0.00000000,0.00,false,,
