t,category,name,lat,lon,rotation_deg,visible,text_val,num_val
1790445689.177,hud,speed,,,,,"0.0 / 0.0",0.000
1790445689.177,hud,heading,,,,,"0° / 0°",0.000
1790445689.177,hud,drift,,,,,"0.00%",0.000
1790445689.178,hud,turns,,,,,"✗ turns: 0/15",
1790445689.178,hud,calib_s,,,,,"✗ Buffer (need 6s)",
1790445689.179,marker,reconciled,0.00000000,0.00000000,0.00,false,,
1790445692.563,hud,speed,,,,,"0.0 / 0.0",0.000
1790445692.564,hud,heading,,,,,"0° / 0°",0.000
1790445692.564,hud,drift,,,,,"0.00%",0.000
1790445692.564,hud,turns,,,,,"✗ turns: 0/15",
1790445692.565,hud,calib_s,,,,,"✗ Buffer (need 6s)",
1790445692.565,marker,reconciled,0.00000000,0.00000000,0.00,false,,
1790445692.613,hud,speed,,,,,"0.0 / 0.0",0.000
1790445692.613,hud,heading,,,,,"0° / 0°",0.000
1790445692.614,hud,drift,,,,,"0.00%",0.000
1790445692.614,hud,turns,,,,,"✗ turns: 0/15",
1790445692.614,hud,calib_s,,,,,"✗ Buffer (need 6s)",
1790445692.614,marker,reconciled,0.00000000,0.00000000,0.00,false,,
1790445692.661,hud,speed,,,,,"0.0 / 0.0",0.000
1790445692.661,hud,heading,,,,,"0° / 0°",0.000
1790445692.662,hud,drift,,,,,"0.00%",0.000
1790445692.663,hud,turns,,,,,"✗ turns: 0/15",
1790445692.663,hud,calib_s,,,,,"✗ Buffer (need 6s)",
1790445692.663,marker,reconciled,0.00000000,0.00000000,0.00,false,,
1790445692.719,hud,speed,,,,,"0.0 / 0.0",0.000
1790445692.719,hud,heading,,,,,"0° / 0°",0.000
1790445692.720,hud,drift,,,,,"0.00%",0.000
1790445692.720,hud,turns,,,,,"✗ turns: 0/15",
1790445692.720,hud,calib_s,,,,,"✗ Buffer (need 6s)",
1790445692.721,marker,reconciled,0.00000000,0.00000000,0.00,false,,
1790445692.763,hud,speed,,,,,"0.0 / 0.0",0.000
1790445692.764,hud,heading,,,,,"0° / 0°",0.000
1790445692.764,hud,drift,,,,,"0.00%",0.000
1790445692.764,hud,turns,,,,,"✗ turns: 0/15",
1790445692.764,hud,calib_s,,,,,"✗ Buffer (need 6s)",
1790445692.765,marker,reconciled,0.00000000,0.00000000,0.00,false,,
1790445692.816,hud,speed,,,,,"0.0 / 0.0",0.000
1790445692.816,hud,heading,,,,,"0° / 0°",0.000
1790445692.817,hud,drift,,,,,"0.00%",0.000
1790445692.817,hud,turns,,,,,"✗ turns: 0/15",
1790445692.817,hud,calib_s,,,,,"✗ Buffer (need 6s)",
1790445692.817,marker,reconciled,0.00000000,0.00000000,0.00,false,,
1790445692.868,hud,speed,,,,,"0.0 / 0.0",0.000
1790445692.868,hud,heading,,,,,"0° / 0°",0.000
1790445692.868,hud,drift,,,,,"0.00%",0.000
1790445692.868,hud,turns,,,,,"✗ turns: 0/15",
1790445692.869,hud,calib_s,,,,,"✗ Buffer (need 6s)",
1790445692.869,marker,reconciled,0.00000000,0.00000000,0.00,false,,
1790445692.922,hud,speed,,,,,"0.0 / 0.0",0.000
1790445692.922,hud,heading,,,,,"0° / 0°",0.000
1790445692.923,hud,drift,,,,,"0.00%",0.000
1790445692.923,hud,turns,,,,,"✗ turns: 0/15",
1790445692.923,hud,calib_s,,,,,"✗ Buffer (need 6s)",
1790445692.924,marker,reconciled,0.00000000,0.00000000,0.00,false,,
1790445692.969,hud,speed,,,,,"0.0 / 0.0",0.000
1790445692.970,hud,heading,,,,,"0° / 0°",0.000
1790445692.970,hud,drift,,,,,"0.00%",0.000
1790445692.970,hud,turns,,,,,"✗ turns: 0/15",
1790445692.971,hud,calib_s,,,,,"✗ Buffer (need 6s)",
1790445692.971,marker,reconciled,0.00000000,0.00000000,0.00,false,,
1790445693.024,hud,speed,,,,,"0.0 / 0.0",0.000
1790445693.024,hud,heading,,,,,"0° / 0°",0.000
1790445693.025,hud,drift,,,,,"0.00%",0.000
1790445693.025,hud,turns,,,,,"✗ turns: 0/15",
1790445693.025,hud,calib_s,,,,,"✗ Buffer (need 6s)",
1790445693.026,marker,reconciled,0.00000000,0.00000000,0.00,false,,
1790445693.071,hud,speed,,,,,"0.0 / 0.0",0.000
1790445693.072,hud,heading,,,,,"0° / 0°",0.000
1790445693.072,hud,drift,,,,,"0.00%",0.000
1790445693.072,hud,turns,,,,,"✗ turns: 0/15",
1790445693.072,hud,calib_s,,,,,"✗ Buffer (need 6s)",
1790445693.072,marker,reconciled,0.00000000,0.00000000,0.00,false,,
1790445693.120,hud,speed,,,,,"0.0 / 0.0",0.000
1790445693.120,hud,heading,,,,,"0° / 0°",0.000
1790445693.120,hud,drift,,,,,"0.00%",0.000
1790445693.121,hud,turns,,,,,"✗ turns: 0/15",
1790445693.121,hud,calib_s,,,,,"✗ Buffer (need 6s)",
1790445693.121,marker,reconciled,0.00000000,0.00000000,0.00,false,,
1790445693.170,hud,speed,,,,,"0.0 / 0.0",0.000
1790445693.171,hud,heading,,,,,"0° / 0°",0.000
1790445693.171,hud,drift,,,,,"0.00%",0.000
1790445693.171,hud,turns,,,,,"✗ turns: 0/15",
1790445693.171,hud,calib_s,,,,,"✗ Buffer (need 6s)",
1790445693.172,marker,reconciled,0.00000000,0.00000000,0.00,false,,
1790445693.224,hud,speed,,,,,"0.0 / 0.0",0.000
1790445693.225,hud,heading,,,,,"0° / 0°",0.000
1790445693.225,hud,drift,,,,,"0.00%",0.000
1790445693.225,hud,turns,,,,,"✗ turns: 0/15",
1790445693.225,hud,calib_s,,,,,"✗ Buffer (need 6s)",
1790445693.226,marker,reconciled,0.00000000,0.00000000,0.00,false,,
1790445693.273,hud,speed,,,,,"0.0 / 0.0",0.000
1790445693.274,hud,heading,,,,,"0° / 0°",0.000
1790445693.274,hud,drift,,,,,"0.00%",0.000
1790445693.274,hud,turns,,,,,"✗ turns: 0/15",
1790445693.275,hud,calib_s,,,,,"✗ Buffer (need 6s)",
1790445693.275,marker,reconciled,0.00000000,0.00000000,0.00,false,,
1790445693.333,hud,speed,,,,,"0.0 / 0.0",0.000
1790445693.333,hud,heading,,,,,"0° / 0°",0.000
1790445693.334,hud,drift,,,,,"0.00%",0.000
1790445693.334,hud,turns,,,,,"✗ turns: 0/15",
1790445693.334,hud,calib_s,,,,,"✗ Buffer (need 6s)",
1790445693.334,marker,reconciled,0.00000000,0.00000000,0.00,false,,
1790445693.377,hud,speed,,,,,"0.0 / 0.0",0.000
1790445693.377,hud,heading,,,,,"0° / 0°",0.000
1790445693.377,hud,drift,,,,,"0.00%",0.000
1790445693.378,hud,turns,,,,,"✗ turns: 0/15",
1790445693.378,hud,calib_s,,,,,"✗ Buffer (need 6s)",
1790445693.378,marker,reconciled,0.00000000,0.00000000,0.00,false,,
1790445693.427,hud,speed,,,,,"0.0 / 0.0",0.000
1790445693.428,hud,heading,,,,,"0° / 0°",0.000
1790445693.428,hud,drift,,,,,"0.00%",0.000
1790445693.428,hud,turns,,,,,"✗ turns: 0/15",
1790445693.428,hud,calib_s,,,,,"✗ Buffer (need 6s)",
1790445693.429,marker,reconciled,0.00000000,0.00000000,0.00,false,,
1790445693.478,hud,speed,,,,,"0.0 / 0.0",0.000
1790445693.478,hud,heading,,,,,"0° / 0°",0.000
1790445693.479,hud,drift,,,,,"0.00%",0.000
1790445693.479,hud,turns,,,,,"✗ turns: 0/15",
1790445693.479,hud,calib_s,,,,,"✗ Buffer (need 6s)",
1790445693.480,marker,reconciled,0.00000000,0.00000000,0.00,false,,
1790445693.528,hud,speed,,,,,"0.0 / 0.0",0.000
1790445693.529,hud,heading,,,,,"0° / 0°",0.000
1790445693.529,hud,drift,,,,,"0.00%",0.000
1790445693.529,hud,turns,,,,,"✗ turns: 0/15",
1790445693.529,hud,calib_s,,,,,"✗ Buffer (need 6s)",
1790445693.530,marker,reconciled,0.00000000,0.00000000,0.00,false,,
1790445693.579,hud,speed,,,,,"0.0 / 0.0",0.000
1790445693.579,hud,heading,,,,,"0° / 0°",0.000
1790445693.580,hud,drift,,,,,"0.00%",0.000
1790445693.580,hud,turns,,,,,"✗ turns: 0/15",
1790445693.580,hud,calib_s,,,,,"✗ Buffer (need 6s)",
1790445693.580,marker,reconciled,0.00000000,0.00000000,0.00,false,,
1790445693.629,hud,speed,,,,,"0.0 / 0.0",0.000
1790445693.629,hud,heading,,,,,"0° / 0°",0.000
1790445693.630,hud,drift,,,,,"0.00%",0.000
1790445693.630,hud,turns,,,,,"✗ turns: 0/15",
1790445693.630,hud,calib_s,,,,,"✗ Buffer (need 6s)",
1790445693.630,marker,reconciled,0.00000000,0.00000000,0.00,false,,
1790445693.686,hud,speed,,,,,"0.0 / 0.0",0.000
1790445693.687,hud,heading,,,,,"0° / 0°",0.000
1790445693.687,hud,drift,,,,,"0.00%",0.000
1790445693.687,hud,turns,,,,,"✗ turns: 0/15",
1790445693.688,hud,calib_s,,,,,"✗ Buffer (need 6s)",
1790445693.688,marker,reconciled,0.00000000,0.00000000,0.00,false,,
1790445693.737,hud,speed,,,,,"0.0 / 0.0",0.000
1790445693.737,hud,heading,,,,,"0° / 0°",0.000
1790445693.738,hud,drift,,,,,"0.00%",0.000
1790445693.738,hud,turns,,,,,"✗ turns: 0/15",
1790445693.738,hud,calib_s,,,,,"✗ Buffer (need 6s)",
1790445693.739,marker,reconciled,0.00000000,0.00000000,0.00,false,,
1790445693.781,hud,speed,,,,,"0.0 / 0.0",0.000
1790445693.781,hud,heading,,,,,"0° / 0°",0.000
1790445693.782,hud,drift,,,,,"0.00%",0.000
1790445693.782,hud,turns,,,,,"✗ turns: 0/15",
1790445693.782,hud,calib_s,,,,,"✗ Buffer (need 6s)",
1790445693.783,marker,reconciled,0.00000000,0.00000000,0.00,false,,
1790445693.843,hud,speed,,,,,"0.0 / 0.0",0.000
1790445693.843,hud,heading,,,,,"0° / 0°",0.000
1790445693.844,hud,drift,,,,,"0.00%",0.000
1790445693.844,hud,turns,,,,,"✗ turns: 0/15",
1790445693.844,hud,calib_s,,,,,"✗ Buffer (need 6s)",
1790445693.845,marker,reconciled,0.00000000,0.00000000,0.00,false,,
1790445693.885,hud,speed,,,,,"0.0 / 0.0",0.000
1790445693.886,hud,heading,,,,,"0° / 0°",0.000
1790445693.886,hud,drift,,,,,"0.00%",0.000
1790445693.886,hud,turns,,,,,"✗ turns: 0/15",
1790445693.887,hud,calib_s,,,,,"✗ Buffer (need 6s)",
1790445693.887,marker,reconciled,0.00000000,0.00000000,0.00,false,,
1790445693.940,hud,speed,,,,,"0.0 / 0.0",0.000
1790445693.940,hud,heading,,,,,"0° / 0°",0.000
1790445693.940,hud,drift,,,,,"0.00%",0.000
1790445693.941,hud,turns,,,,,"✗ turns: 0/15",
1790445693.941,hud,calib_s,,,,,"✗ Buffer (need 6s)",
1790445693.941,marker,reconciled,0.00000000,0.00000000,0.00,false,,
1790445693.994,hud,speed,,,,,"0.0 / 0.0",0.000
1790445693.994,hud,heading,,,,,"0° / 0°",0.000
1790445693.995,hud,drift,,,,,"0.00%",0.000
1790445693.995,hud,turns,,,,,"✗ turns: 0/15",
1790445693.995,hud,calib_s,,,,,"✗ Buffer (need 6s)",
1790445693.996,marker,reconciled,0.00000000,0.00000000,0.00,false,,
1790445694.045,hud,speed,,,,,"0.0 / 0.0",0.000
1790445694.045,hud,heading,,,,,"0° / 0°",0.000
1790445694.046,hud,drift,,,,,"0.00%",0.000
1790445694.046,hud,turns,,,,,"✗ turns: 0/15",
1790445694.047,hud,calib_s,,,,,"✗ Buffer (need 6s)",
1790445694.047,marker,reconciled,0.00000000,0.00000000,0.00,false,,
1790445694.094,hud,speed,,,,,"0.0 / 0.0",0.000
1790445694.094,hud,heading,,,,,"0° / 0°",0.000
1790445694.095,hud,drift,,,,,"0.00%",0.000
1790445694.095,hud,turns,,,,,"✗ turns: 0/15",
1790445694.095,hud,calib_s,,,,,"✗ Buffer (need 6s)",
1790445694.096,marker,gnss,52.38364800,-1.35350000,252.80,true,,
1790445694.097,marker,reconciled,0.00000000,0.00000000,0.00,false,,
1790445694.145,hud,speed,,,,,"0.0 / 0.0",0.000
1790445694.146,hud,heading,,,,,"0° / 0°",0.000
1790445694.146,hud,drift,,,,,"0.00%",0.000
1790445694.146,hud,turns,,,,,"✗ turns: 0/15",
1790445694.147,hud,calib_s,,,,,"✗ Buffer (need 6s)",
1790445694.147,marker,gnss,52.38364800,-1.35350000,252.80,true,,
1790445694.148,marker,reconciled,0.00000000,0.00000000,0.00,false,,
1790445694.198,hud,speed,,,,,"0.0 / 0.0",0.000
1790445694.198,hud,heading,,,,,"0° / 0°",0.000
1790445694.199,hud,drift,,,,,"0.00%",0.000
1790445694.199,hud,turns,,,,,"✗ turns: 0/15",
1790445694.199,hud,calib_s,,,,,"✗ Buffer (need 6s)",
1790445694.200,marker,gnss,52.38364800,-1.35350000,252.80,true,,
1790445694.201,marker,reconciled,0.00000000,0.00000000,0.00,false,,
1790445694.245,hud,speed,,,,,"0.0 / 0.0",0.000
1790445694.245,hud,heading,,,,,"0° / 0°",0.000
1790445694.246,hud,drift,,,,,"0.00%",0.000
1790445694.246,hud,turns,,,,,"✗ turns: 0/15",
1790445694.246,hud,calib_s,,,,,"✗ Buffer (need 6s)",
1790445694.247,marker,gnss,52.38364800,-1.35350000,252.80,true,,
1790445694.247,marker,reconciled,0.00000000,0.00000000,0.00,false,,
1790445694.299,hud,speed,,,,,"0.0 / 0.0",0.000
1790445694.299,hud,heading,,,,,"0° / 0°",0.000
1790445694.299,hud,drift,,,,,"0.00%",0.000
1790445694.299,hud,turns,,,,,"✗ turns: 0/15",
1790445694.300,hud,calib_s,,,,,"✗ Buffer (need 6s)",
1790445694.300,marker,gnss,52.38364800,-1.35350000,252.80,true,,
1790445694.301,marker,reconciled,0.00000000,0.00000000,0.00,false,,
1790445694.359,hud,speed,,,,,"0.0 / 0.0",0.000
1790445694.359,hud,heading,,,,,"0° / 0°",0.000
1790445694.360,hud,drift,,,,,"0.00%",0.000
1790445694.360,hud,turns,,,,,"✗ turns: 0/15",
1790445694.360,hud,calib_s,,,,,"✗ Buffer (need 6s)",
1790445694.360,marker,gnss,52.38364800,-1.35350000,252.80,true,,
1790445694.361,marker,reconciled,0.00000000,0.00000000,0.00,false,,
1790445694.398,hud,speed,,,,,"0.0 / 0.0",0.000
1790445694.398,hud,heading,,,,,"0° / 0°",0.000
1790445694.398,hud,drift,,,,,"0.00%",0.000
1790445694.399,hud,turns,,,,,"✗ turns: 0/15",
1790445694.399,hud,calib_s,,,,,"✗ Buffer (need 6s)",
1790445694.399,marker,gnss,52.38364800,-1.35350000,252.80,true,,
1790445694.399,marker,reconciled,0.00000000,0.00000000,0.00,false,,
1790445694.458,hud,speed,,,,,"0.0 / 0.0",0.000
1790445694.459,hud,heading,,,,,"0° / 0°",0.000
1790445694.459,hud,drift,,,,,"0.00%",0.000
1790445694.459,hud,turns,,,,,"✗ turns: 0/15",
1790445694.459,hud,calib_s,,,,,"✗ Buffer (need 6s)",
1790445694.460,marker,gnss,52.38364800,-1.35350000,252.80,true,,
1790445694.460,marker,reconciled,0.00000000,0.00000000,0.00,false,,
1790445694.511,hud,speed,,,,,"0.0 / 0.0",0.000
1790445694.511,hud,heading,,,,,"0° / 0°",0.000
1790445694.511,hud,drift,,,,,"0.00%",0.000
1790445694.512,hud,turns,,,,,"✗ turns: 0/15",
1790445694.512,hud,calib_s,,,,,"✗ Buffer (need 6s)",
1790445694.512,marker,gnss,52.38364800,-1.35350000,252.80,true,,
1790445694.513,marker,reconciled,0.00000000,0.00000000,0.00,false,,
1790445694.554,hud,speed,,,,,"0.0 / 0.0",0.000
1790445694.554,hud,heading,,,,,"0° / 0°",0.000
1790445694.555,hud,drift,,,,,"0.00%",0.000
1790445694.555,hud,turns,,,,,"✗ turns: 0/15",
1790445694.555,hud,calib_s,,,,,"✗ Buffer (need 6s)",
1790445694.555,marker,gnss,52.38364800,-1.35350000,252.80,true,,
1790445694.556,marker,reconciled,0.00000000,0.00000000,0.00,false,,
1790445694.612,hud,speed,,,,,"0.0 / 0.0",0.000
1790445694.612,hud,heading,,,,,"0° / 0°",0.000
1790445694.613,hud,drift,,,,,"0.00%",0.000
1790445694.613,hud,turns,,,,,"✗ turns: 0/15",
1790445694.613,hud,calib_s,,,,,"✗ Buffer (need 6s)",
1790445694.614,marker,gnss,52.38364800,-1.35350000,252.80,true,,
1790445694.614,marker,reconciled,0.00000000,0.00000000,0.00,false,,
1790445694.655,hud,speed,,,,,"0.0 / 0.0",0.000
1790445694.655,hud,heading,,,,,"0° / 0°",0.000
1790445694.656,hud,drift,,,,,"0.00%",0.000
1790445694.656,hud,turns,,,,,"✗ turns: 0/15",
1790445694.656,hud,calib_s,,,,,"✗ Buffer (need 6s)",
1790445694.657,marker,gnss,52.38364800,-1.35350000,252.80,true,,
1790445694.657,marker,reconciled,0.00000000,0.00000000,0.00,false,,
1790445694.709,hud,speed,,,,,"0.0 / 0.0",0.000
1790445694.709,hud,heading,,,,,"0° / 0°",0.000
1790445694.709,hud,drift,,,,,"0.00%",0.000
1790445694.710,hud,turns,,,,,"✗ turns: 0/15",
1790445694.710,hud,calib_s,,,,,"✗ Buffer (need 6s)",
1790445694.711,marker,gnss,52.38364800,-1.35350000,252.80,true,,
1790445694.712,marker,reconciled,0.00000000,0.00000000,0.00,false,,
1790445694.761,hud,speed,,,,,"0.0 / 0.0",0.000
1790445694.761,hud,heading,,,,,"0° / 0°",0.000
1790445694.762,hud,drift,,,,,"0.00%",0.000
1790445694.762,hud,turns,,,,,"✗ turns: 0/15",
1790445694.762,hud,calib_s,,,,,"✗ Buffer (need 6s)",
1790445694.763,marker,gnss,52.38364800,-1.35350000,252.80,true,,
1790445694.763,marker,reconciled,0.00000000,0.00000000,0.00,false,,
1790445694.812,hud,speed,,,,,"0.0 / 0.0",0.000
1790445694.813,hud,heading,,,,,"0° / 0°",0.000
1790445694.813,hud,drift,,,,,"0.00%",0.000
1790445694.813,hud,turns,,,,,"✗ turns: 0/15",
1790445694.813,hud,calib_s,,,,,"✗ Buffer (need 6s)",
1790445694.814,marker,gnss,52.38364800,-1.35350000,252.80,true,,
1790445694.814,marker,reconciled,0.00000000,0.00000000,0.00,false,,
1790445694.866,hud,speed,,,,,"0.0 / 0.0",0.000
1790445694.867,hud,heading,,,,,"0° / 0°",0.000
1790445694.867,hud,drift,,,,,"0.00%",0.000
1790445694.868,hud,turns,,,,,"✗ turns: 0/15",
1790445694.868,hud,calib_s,,,,,"✗ Buffer (need 6s)",
1790445694.868,marker,gnss,52.38364800,-1.35350000,252.80,true,,
1790445694.869,marker,reconciled,0.00000000,0.00000000,0.00,false,,
1790445694.911,hud,speed,,,,,"0.0 / 0.0",0.000
1790445694.911,hud,heading,,,,,"0° / 0°",0.000
1790445694.911,hud,drift,,,,,"0.00%",0.000
1790445694.912,hud,turns,,,,,"✗ turns: 0/15",
1790445694.912,hud,calib_s,,,,,"✗ Buffer (need 6s)",
1790445694.912,marker,gnss,52.38364800,-1.35350000,252.80,true,,
1790445694.913,marker,reconciled,0.00000000,0.00000000,0.00,false,,
1790445694.963,hud,speed,,,,,"0.0 / 0.0",0.000
1790445694.964,hud,heading,,,,,"0° / 0°",0.000
1790445694.964,hud,drift,,,,,"0.00%",0.000
1790445694.964,hud,turns,,,,,"✗ turns: 0/15",
1790445694.964,hud,calib_s,,,,,"✗ Buffer (need 6s)",
1790445694.965,marker,gnss,52.38364800,-1.35350000,252.80,true,,
1790445694.965,marker,reconciled,0.00000000,0.00000000,0.00,false,,
1790445695.021,hud,speed,,,,,"0.0 / 0.0",0.000
1790445695.022,hud,heading,,,,,"0° / 0°",0.000
1790445695.022,hud,drift,,,,,"0.00%",0.000
1790445695.023,hud,turns,,,,,"✗ turns: 0/15",
1790445695.023,hud,calib_s,,,,,"✗ Buffer (need 6s)",
1790445695.024,marker,gnss,52.38364800,-1.35350000,252.80,true,,
1790445695.024,marker,reconciled,0.00000000,0.00000000,0.00,false,,
1790445695.068,hud,speed,,,,,"0.0 / 0.0",0.000
1790445695.069,hud,heading,,,,,"0° / 0°",0.000
1790445695.069,hud,drift,,,,,"0.00%",0.000
1790445695.069,hud,turns,,,,,"✗ turns: 0/15",
1790445695.069,hud,calib_s,,,,,"✗ Buffer (need 6s)",
1790445695.070,marker,gnss,52.38364800,-1.35350000,252.80,true,,
1790445695.070,marker,reconciled,0.00000000,0.00000000,0.00,false,,
1790445695.117,hud,speed,,,,,"0.0 / 0.0",0.000
1790445695.118,hud,heading,,,,,"0° / 0°",0.000
1790445695.118,hud,drift,,,,,"0.00%",0.000
1790445695.118,hud,turns,,,,,"✗ turns: 0/15",
1790445695.118,hud,calib_s,,,,,"✗ Buffer (need 6s)",
1790445695.118,marker,gnss,52.38364800,-1.35350000,252.80,true,,
1790445695.119,marker,reconciled,0.00000000,0.00000000,0.00,false,,
1790445695.165,hud,speed,,,,,"0.0 / 0.0",0.000
1790445695.165,hud,heading,,,,,"0° / 0°",0.000
1790445695.165,hud,drift,,,,,"0.00%",0.000
1790445695.166,hud,turns,,,,,"✗ turns: 0/15",
1790445695.166,hud,calib_s,,,,,"✗ Buffer (need 6s)",
1790445695.166,marker,gnss,52.38364800,-1.35350000,252.80,true,,
1790445695.167,marker,reconciled,0.00000000,0.00000000,0.00,false,,
1790445695.215,hud,speed,,,,,"0.0 / 0.0",0.000
1790445695.215,hud,heading,,,,,"0° / 0°",0.000
1790445695.216,hud,drift,,,,,"0.00%",0.000
1790445695.216,hud,turns,,,,,"✗ turns: 0/15",
1790445695.216,hud,calib_s,,,,,"✗ Buffer (need 6s)",
1790445695.217,marker,gnss,52.38364800,-1.35350000,252.80,true,,
1790445695.217,marker,reconciled,0.00000000,0.00000000,0.00,false,,
1790445695.267,hud,speed,,,,,"0.0 / 0.0",0.000
1790445695.268,hud,heading,,,,,"0° / 0°",0.000
1790445695.268,hud,drift,,,,,"0.00%",0.000
1790445695.268,hud,turns,,,,,"✗ turns: 0/15",
1790445695.268,hud,calib_s,,,,,"✗ Buffer (need 6s)",
1790445695.269,marker,gnss,52.38364800,-1.35350000,252.80,true,,
1790445695.269,marker,reconciled,0.00000000,0.00000000,0.00,false,,
1790445695.322,hud,speed,,,,,"0.0 / 0.0",0.000
1790445695.323,hud,heading,,,,,"0° / 0°",0.000
1790445695.323,hud,drift,,,,,"0.00%",0.000
1790445695.323,hud,turns,,,,,"✗ turns: 0/15",
1790445695.324,hud,calib_s,,,,,"✗ Buffer (need 6s)",
1790445695.324,marker,gnss,52.38364800,-1.35350000,252.80,true,,
1790445695.325,marker,reconciled,0.00000000,0.00000000,0.00,false,,
1790445695.372,hud,speed,,,,,"0.0 / 0.0",0.000
1790445695.373,hud,heading,,,,,"0° / 0°",0.000
1790445695.373,hud,drift,,,,,"0.00%",0.000
1790445695.373,hud,turns,,,,,"✗ turns: 0/15",
1790445695.373,hud,calib_s,,,,,"✗ Buffer (need 6s)",
1790445695.374,marker,gnss,52.38364800,-1.35350000,252.80,true,,
1790445695.374,marker,reconciled,0.00000000,0.00000000,0.00,false,,
1790445695.423,hud,speed,,,,,"0.0 / 0.0",0.000
1790445695.423,hud,heading,,,,,"0° / 0°",0.000
1790445695.424,hud,drift,,,,,"0.00%",0.000
1790445695.424,hud,turns,,,,,"✗ turns: 0/15",
1790445695.424,hud,calib_s,,,,,"✗ Buffer (need 6s)",
1790445695.425,marker,gnss,52.38364800,-1.35350000,252.80,true,,
1790445695.425,marker,reconciled,0.00000000,0.00000000,0.00,false,,
1790445695.473,hud,speed,,,,,"0.0 / 0.0",0.000
1790445695.474,hud,heading,,,,,"0° / 0°",0.000
1790445695.474,hud,drift,,,,,"0.00%",0.000
1790445695.475,hud,turns,,,,,"✗ turns: 0/15",
1790445695.475,hud,calib_s,,,,,"✗ Buffer (need 6s)",
1790445695.475,marker,gnss,52.38364800,-1.35350000,252.80,true,,
1790445695.476,marker,reconciled,0.00000000,0.00000000,0.00,false,,
1790445695.522,hud,speed,,,,,"0.0 / 0.0",0.000
1790445695.523,hud,heading,,,,,"0° / 0°",0.000
1790445695.523,hud,drift,,,,,"0.00%",0.000
1790445695.523,hud,turns,,,,,"✗ turns: 0/15",
1790445695.523,hud,calib_s,,,,,"✗ Buffer (need 6s)",
1790445695.524,marker,gnss,52.38364800,-1.35350000,252.80,true,,
1790445695.524,marker,reconciled,0.00000000,0.00000000,0.00,false,,
1790445695.573,hud,speed,,,,,"0.0 / 0.0",0.000
1790445695.574,hud,heading,,,,,"0° / 0°",0.000
1790445695.574,hud,drift,,,,,"0.00%",0.000
1790445695.574,hud,turns,,,,,"✗ turns: 0/15",
1790445695.575,hud,calib_s,,,,,"✓ Buffer 6s",
1790445695.575,marker,gnss,52.38364800,-1.35350000,252.80,true,,
1790445695.575,marker,reconciled,0.00000000,0.00000000,0.00,false,,
1790445695.627,hud,speed,,,,,"0.0 / 0.0",0.000
1790445695.627,hud,heading,,,,,"0° / 0°",0.000
1790445695.628,hud,drift,,,,,"0.00%",0.000
1790445695.628,hud,turns,,,,,"✗ turns: 0/15",
1790445695.628,hud,calib_s,,,,,"✓ Buffer 6s",
1790445695.629,marker,gnss,52.38364800,-1.35350000,252.80,true,,
1790445695.629,marker,reconciled,0.00000000,0.00000000,0.00,false,,
1790445695.680,hud,speed,,,,,"0.0 / 0.0",0.000
1790445695.680,hud,heading,,,,,"0° / 0°",0.000
1790445695.681,hud,drift,,,,,"0.00%",0.000
1790445695.681,hud,turns,,,,,"✗ turns: 0/15",
1790445695.681,hud,calib_s,,,,,"✓ Buffer 6s",
1790445695.682,marker,gnss,52.38364800,-1.35350000,252.80,true,,
1790445695.682,marker,reconciled,0.00000000,0.00000000,0.00,false,,
1790445695.732,hud,speed,,,,,"0.0 / 0.0",0.000
1790445695.733,hud,heading,,,,,"0° / 0°",0.000
1790445695.733,hud,drift,,,,,"0.00%",0.000
1790445695.733,hud,turns,,,,,"✗ turns: 0/15",
1790445695.734,hud,calib_s,,,,,"✓ Buffer 6s",
1790445695.734,marker,gnss,52.38364800,-1.35350000,252.80,true,,
1790445695.735,marker,reconciled,0.00000000,0.00000000,0.00,false,,
1790445695.787,hud,speed,,,,,"0.0 / 0.0",0.000
1790445695.787,hud,heading,,,,,"0° / 0°",0.000
1790445695.788,hud,drift,,,,,"0.00%",0.000
1790445695.788,hud,turns,,,,,"✗ turns: 0/15",
1790445695.788,hud,calib_s,,,,,"✓ Buffer 6s",
1790445695.789,marker,gnss,52.38364800,-1.35350000,252.80,true,,
1790445695.789,marker,reconciled,0.00000000,0.00000000,0.00,false,,
1790445695.832,hud,speed,,,,,"0.0 / 0.0",0.000
1790445695.832,hud,heading,,,,,"0° / 0°",0.000
1790445695.832,hud,drift,,,,,"0.00%",0.000
1790445695.833,hud,turns,,,,,"✗ turns: 0/15",
1790445695.833,hud,calib_s,,,,,"✓ Buffer 6s",
1790445695.833,marker,gnss,52.38364800,-1.35350000,252.80,true,,
1790445695.834,marker,reconciled,0.00000000,0.00000000,0.00,false,,
1790445695.886,hud,speed,,,,,"0.0 / 0.0",0.000
1790445695.887,hud,heading,,,,,"0° / 0°",0.000
1790445695.887,hud,drift,,,,,"0.00%",0.000
1790445695.887,hud,turns,,,,,"✗ turns: 0/15",
1790445695.887,hud,calib_s,,,,,"✓ Buffer 6s",
1790445695.888,marker,gnss,52.38364800,-1.35350000,252.80,true,,
1790445695.888,marker,reconciled,0.00000000,0.00000000,0.00,false,,
1790445695.935,hud,speed,,,,,"0.0 / 0.0",0.000
1790445695.935,hud,heading,,,,,"0° / 0°",0.000
1790445695.936,hud,drift,,,,,"0.00%",0.000
1790445695.936,hud,turns,,,,,"✗ turns: 0/15",
1790445695.936,hud,calib_s,,,,,"✓ Buffer 6s",
1790445695.937,marker,gnss,52.38364800,-1.35350000,252.80,true,,
1790445695.937,marker,reconciled,0.00000000,0.00000000,0.00,false,,
1790445695.987,hud,speed,,,,,"0.0 / 0.0",0.000
1790445695.987,hud,heading,,,,,"0° / 0°",0.000
1790445695.988,hud,drift,,,,,"0.00%",0.000
1790445695.988,hud,turns,,,,,"✗ turns: 0/15",
1790445695.988,hud,calib_s,,,,,"✓ Buffer 6s",
1790445695.989,marker,gnss,52.38364800,-1.35350000,252.80,true,,
1790445695.989,marker,reconciled,0.00000000,0.00000000,0.00,false,,
1790445696.037,hud,speed,,,,,"0.0 / 0.0",0.000
1790445696.038,hud,heading,,,,,"0° / 0°",0.000
1790445696.038,hud,drift,,,,,"0.00%",0.000
1790445696.038,hud,turns,,,,,"✗ turns: 0/15",
1790445696.039,hud,calib_s,,,,,"✓ Buffer 6s",
1790445696.039,marker,gnss,52.38364800,-1.35350000,252.80,true,,
1790445696.040,marker,reconciled,0.00000000,0.00000000,0.00,false,,
1790445696.086,hud,speed,,,,,"0.0 / 0.0",0.000
1790445696.086,hud,heading,,,,,"0° / 0°",0.000
1790445696.087,hud,drift,,,,,"0.00%",0.000
1790445696.087,hud,turns,,,,,"✗ turns: 0/15",
1790445696.087,hud,calib_s,,,,,"✓ Buffer 6s",
1790445696.088,marker,gnss,52.38364800,-1.35350000,252.80,true,,
1790445696.089,marker,reconciled,0.00000000,0.00000000,0.00,false,,
1790445696.140,hud,speed,,,,,"0.0 / 0.0",0.000
1790445696.141,hud,heading,,,,,"0° / 0°",0.000
1790445696.141,hud,drift,,,,,"0.00%",0.000
1790445696.141,hud,turns,,,,,"✗ turns: 0/15",
1790445696.141,hud,calib_s,,,,,"✓ Buffer 6s",
1790445696.142,marker,gnss,52.38364800,-1.35350000,252.80,true,,
1790445696.142,marker,reconciled,0.00000000,0.00000000,0.00,false,,
1790445696.190,hud,speed,,,,,"0.0 / 0.0",0.000
1790445696.191,hud,heading,,,,,"0° / 0°",0.000
1790445696.191,hud,drift,,,,,"0.00%",0.000
1790445696.191,hud,turns,,,,,"✗ turns: 0/15",
1790445696.192,hud,calib_s,,,,,"✓ Buffer 6s",
1790445696.192,marker,gnss,52.38364800,-1.35350000,252.80,true,,
1790445696.192,marker,reconciled,0.00000000,0.00000000,0.00,false,,
1790445696.244,hud,speed,,,,,"0.0 / 0.0",0.000
1790445696.245,hud,heading,,,,,"0° / 0°",0.000
1790445696.245,hud,drift,,,,,"0.00%",0.000
1790445696.245,hud,turns,,,,,"✗ turns: 0/15",
1790445696.245,hud,calib_s,,,,,"✓ Buffer 6s",
1790445696.246,marker,gnss,52.38364800,-1.35350000,252.80,true,,
1790445696.246,marker,reconciled,0.00000000,0.00000000,0.00,false,,
1790445696.295,hud,speed,,,,,"0.0 / 0.0",0.000
1790445696.295,hud,heading,,,,,"0° / 0°",0.000
1790445696.295,hud,drift,,,,,"0.00%",0.000
1790445696.296,hud,turns,,,,,"✗ turns: 0/15",
1790445696.296,hud,calib_s,,,,,"✓ Buffer 6s",
1790445696.296,marker,gnss,52.38364800,-1.35350000,252.80,true,,
1790445696.297,marker,reconciled,0.00000000,0.00000000,0.00,false,,
1790445696.339,hud,speed,,,,,"0.0 / 0.0",0.000
1790445696.339,hud,heading,,,,,"0° / 0°",0.000
1790445696.339,hud,drift,,,,,"0.00%",0.000
1790445696.339,hud,turns,,,,,"✗ turns: 0/15",
1790445696.339,hud,calib_s,,,,,"✓ Buffer 6s",
1790445696.340,marker,gnss,52.38364800,-1.35350000,252.80,true,,
1790445696.340,marker,reconciled,0.00000000,0.00000000,0.00,false,,
1790445696.392,hud,speed,,,,,"0.0 / 0.0",0.000
1790445696.392,hud,heading,,,,,"0° / 0°",0.000
1790445696.392,hud,drift,,,,,"0.00%",0.000
1790445696.393,hud,turns,,,,,"✗ turns: 0/15",
1790445696.393,hud,calib_s,,,,,"✓ Buffer 6s",
1790445696.393,marker,gnss,52.38364800,-1.35350000,252.80,true,,
1790445696.393,marker,reconciled,0.00000000,0.00000000,0.00,false,,
1790445696.445,hud,speed,,,,,"0.0 / 0.0",0.000
1790445696.445,hud,heading,,,,,"0° / 0°",0.000
1790445696.445,hud,drift,,,,,"0.00%",0.000
1790445696.445,hud,turns,,,,,"✗ turns: 0/15",
1790445696.446,hud,calib_s,,,,,"✓ Buffer 6s",
1790445696.446,marker,gnss,52.38364800,-1.35350000,252.80,true,,
1790445696.447,marker,reconciled,0.00000000,0.00000000,0.00,false,,
1790445696.492,hud,speed,,,,,"0.0 / 0.0",0.000
1790445696.492,hud,heading,,,,,"0° / 0°",0.000
1790445696.492,hud,drift,,,,,"0.00%",0.000
1790445696.493,hud,turns,,,,,"✗ turns: 0/15",
1790445696.493,hud,calib_s,,,,,"✓ Buffer 6s",
1790445696.493,marker,gnss,52.38364800,-1.35350000,252.80,true,,
1790445696.493,marker,reconciled,0.00000000,0.00000000,0.00,false,,
1790445696.545,hud,speed,,,,,"0.0 / 0.0",0.000
1790445696.546,hud,heading,,,,,"0° / 0°",0.000
1790445696.546,hud,drift,,,,,"0.00%",0.000
1790445696.546,hud,turns,,,,,"✗ turns: 0/15",
1790445696.547,hud,calib_s,,,,,"✓ Buffer 6s",
1790445696.547,marker,gnss,52.38364800,-1.35350000,252.80,true,,
1790445696.548,marker,reconciled,0.00000000,0.00000000,0.00,false,,
1790445696.596,hud,speed,,,,,"0.0 / 0.0",0.000
1790445696.596,hud,heading,,,,,"0° / 0°",0.000
1790445696.596,hud,drift,,,,,"0.00%",0.000
1790445696.597,hud,turns,,,,,"✗ turns: 0/15",
1790445696.597,hud,calib_s,,,,,"✓ Buffer 6s",
1790445696.597,marker,gnss,52.38364800,-1.35350000,252.80,true,,
1790445696.598,marker,reconciled,0.00000000,0.00000000,0.00,false,,
1790445696.649,hud,speed,,,,,"0.0 / 0.0",0.000
1790445696.650,hud,heading,,,,,"0° / 0°",0.000
1790445696.650,hud,drift,,,,,"0.00%",0.000
1790445696.650,hud,turns,,,,,"✗ turns: 0/15",
1790445696.651,hud,calib_s,,,,,"✓ Buffer 6s",
1790445696.651,marker,gnss,52.38364800,-1.35350000,252.80,true,,
1790445696.651,marker,reconciled,0.00000000,0.00000000,0.00,false,,
1790445696.700,hud,speed,,,,,"0.0 / 0.0",0.000
1790445696.700,hud,heading,,,,,"0° / 0°",0.000
1790445696.701,hud,drift,,,,,"0.00%",0.000
1790445696.701,hud,turns,,,,,"✗ turns: 0/15",
1790445696.702,hud,calib_s,,,,,"✓ Buffer 6s",
1790445696.702,marker,gnss,52.38364800,-1.35350000,252.80,true,,
1790445696.703,marker,reconciled,0.00000000,0.00000000,0.00,false,,
1790445696.749,hud,speed,,,,,"0.0 / 0.0",0.000
1790445696.750,hud,heading,,,,,"0° / 0°",0.000
1790445696.750,hud,drift,,,,,"0.00%",0.000
1790445696.751,hud,turns,,,,,"✗ turns: 0/15",
1790445696.751,hud,calib_s,,,,,"✓ Buffer 6s",
1790445696.751,marker,gnss,52.38364800,-1.35350000,252.80,true,,
1790445696.752,marker,reconciled,0.00000000,0.00000000,0.00,false,,
1790445696.800,hud,speed,,,,,"0.0 / 0.0",0.000
1790445696.801,hud,heading,,,,,"0° / 0°",0.000
1790445696.801,hud,drift,,,,,"0.00%",0.000
1790445696.801,hud,turns,,,,,"✗ turns: 0/15",
1790445696.801,hud,calib_s,,,,,"✓ Buffer 6s",
1790445696.802,marker,gnss,52.38364800,-1.35350000,252.80,true,,
1790445696.802,marker,reconciled,0.00000000,0.00000000,0.00,false,,
1790445696.850,hud,speed,,,,,"0.0 / 0.0",0.000
1790445696.850,hud,heading,,,,,"0° / 0°",0.000
1790445696.851,hud,drift,,,,,"0.00%",0.000
1790445696.851,hud,turns,,,,,"✗ turns: 0/15",
1790445696.851,hud,calib_s,,,,,"✓ Buffer 6s",
1790445696.852,marker,gnss,52.38364800,-1.35350000,252.80,true,,
1790445696.852,marker,reconciled,0.00000000,0.00000000,0.00,false,,
1790445696.904,hud,speed,,,,,"0.0 / 0.0",0.000
1790445696.905,hud,heading,,,,,"0° / 0°",0.000
1790445696.905,hud,drift,,,,,"0.00%",0.000
1790445696.905,hud,turns,,,,,"✗ turns: 0/15",
1790445696.906,hud,calib_s,,,,,"✓ Buffer 6s",
1790445696.906,marker,gnss,52.38364800,-1.35350000,252.80,true,,
1790445696.906,marker,reconciled,0.00000000,0.00000000,0.00,false,,
1790445696.953,hud,speed,,,,,"0.0 / 0.0",0.000
1790445696.953,hud,heading,,,,,"0° / 0°",0.000
1790445696.953,hud,drift,,,,,"0.00%",0.000
1790445696.954,hud,turns,,,,,"✗ turns: 0/15",
1790445696.954,hud,calib_s,,,,,"✓ Buffer 6s",
1790445696.954,marker,gnss,52.38364800,-1.35350000,252.80,true,,
1790445696.955,marker,reconciled,0.00000000,0.00000000,0.00,false,,
1790445697.008,hud,speed,,,,,"0.0 / 0.0",0.000
1790445697.008,hud,heading,,,,,"0° / 0°",0.000
1790445697.009,hud,drift,,,,,"0.00%",0.000
1790445697.009,hud,turns,,,,,"✗ turns: 0/15",
1790445697.009,hud,calib_s,,,,,"✓ Buffer 6s",
1790445697.010,marker,gnss,52.38364800,-1.35350000,252.80,true,,
1790445697.010,marker,reconciled,0.00000000,0.00000000,0.00,false,,
1790445697.057,hud,speed,,,,,"0.0 / 0.0",0.000
1790445697.057,hud,heading,,,,,"0° / 0°",0.000
1790445697.057,hud,drift,,,,,"0.00%",0.000
1790445697.058,hud,turns,,,,,"✗ turns: 0/15",
1790445697.058,hud,calib_s,,,,,"✓ Buffer 6s",
1790445697.058,marker,gnss,52.38364800,-1.35350000,252.80,true,,
1790445697.059,marker,reconciled,0.00000000,0.00000000,0.00,false,,
1790445697.109,hud,speed,,,,,"0.0 / 0.0",0.000
1790445697.109,hud,heading,,,,,"0° / 0°",0.000
1790445697.109,hud,drift,,,,,"0.00%",0.000
1790445697.110,hud,turns,,,,,"✗ turns: 0/15",
1790445697.110,hud,calib_s,,,,,"✓ Buffer 6s",
1790445697.111,marker,gnss,52.38364800,-1.35350000,252.80,true,,
1790445697.111,marker,reconciled,0.00000000,0.00000000,0.00,false,,
1790445697.158,hud,speed,,,,,"0.0 / 0.0",0.000
1790445697.158,hud,heading,,,,,"0° / 0°",0.000
1790445697.159,hud,drift,,,,,"0.00%",0.000
1790445697.159,hud,turns,,,,,"✗ turns: 0/15",
1790445697.159,hud,calib_s,,,,,"✓ Buffer 6s",
1790445697.159,marker,gnss,52.38364800,-1.35350000,252.80,true,,
1790445697.160,marker,reconciled,0.00000000,0.00000000,0.00,false,,
1790445697.209,hud,speed,,,,,"0.0 / 0.0",0.000
1790445697.210,hud,heading,,,,,"0° / 0°",0.000
1790445697.210,hud,drift,,,,,"0.00%",0.000
1790445697.210,hud,turns,,,,,"✗ turns: 0/15",
1790445697.211,hud,calib_s,,,,,"✓ Buffer 6s",
1790445697.211,marker,gnss,52.38364800,-1.35350000,252.80,true,,
1790445697.211,marker,reconciled,0.00000000,0.00000000,0.00,false,,
1790445697.259,hud,speed,,,,,"0.0 / 0.0",0.000
1790445697.260,hud,heading,,,,,"0° / 0°",0.000
1790445697.260,hud,drift,,,,,"0.00%",0.000
1790445697.261,hud,turns,,,,,"✗ turns: 0/15",
1790445697.261,hud,calib_s,,,,,"✓ Buffer 6s",
1790445697.261,marker,gnss,52.38364800,-1.35350000,252.80,true,,
1790445697.262,marker,reconciled,0.00000000,0.00000000,0.00,false,,
1790445697.311,hud,speed,,,,,"0.0 / 0.0",0.000
1790445697.312,hud,heading,,,,,"0° / 0°",0.000
1790445697.312,hud,drift,,,,,"0.00%",0.000
1790445697.312,hud,turns,,,,,"✗ turns: 0/15",
1790445697.313,hud,calib_s,,,,,"✓ Buffer 6s",
1790445697.313,marker,gnss,52.38364800,-1.35350000,252.80,true,,
1790445697.313,marker,reconciled,0.00000000,0.00000000,0.00,false,,
1790445697.363,hud,speed,,,,,"0.0 / 0.0",0.000
1790445697.364,hud,heading,,,,,"0° / 0°",0.000
1790445697.364,hud,drift,,,,,"0.00%",0.000
1790445697.364,hud,turns,,,,,"✗ turns: 0/15",
1790445697.365,hud,calib_s,,,,,"✓ Buffer 6s",
1790445697.365,marker,gnss,52.38364800,-1.35350000,252.80,true,,
1790445697.365,marker,reconciled,0.00000000,0.00000000,0.00,false,,
1790445697.417,hud,speed,,,,,"0.0 / 0.0",0.000
1790445697.418,hud,heading,,,,,"0° / 0°",0.000
1790445697.418,hud,drift,,,,,"0.00%",0.000
1790445697.418,hud,turns,,,,,"✗ turns: 0/15",
1790445697.419,hud,calib_s,,,,,"✓ Buffer 6s",
1790445697.419,marker,gnss,52.38364800,-1.35350000,252.80,true,,
1790445697.420,marker,reconciled,0.00000000,0.00000000,0.00,false,,
1790445697.464,hud,speed,,,,,"0.0 / 0.0",0.000
1790445697.464,hud,heading,,,,,"0° / 0°",0.000
1790445697.465,hud,drift,,,,,"0.00%",0.000
1790445697.465,hud,turns,,,,,"✗ turns: 0/15",
1790445697.465,hud,calib_s,,,,,"✓ Buffer 6s",
1790445697.466,marker,gnss,52.38364800,-1.35350000,252.80,true,,
1790445697.467,marker,reconciled,0.00000000,0.00000000,0.00,false,,
1790445697.518,hud,speed,,,,,"0.0 / 0.0",0.000
1790445697.519,hud,heading,,,,,"0° / 0°",0.000
1790445697.519,hud,drift,,,,,"0.00%",0.000
1790445697.520,hud,turns,,,,,"✗ turns: 0/15",
1790445697.520,hud,calib_s,,,,,"✓ Buffer 6s",
1790445697.521,marker,gnss,52.38364800,-1.35350000,252.80,true,,
1790445697.521,marker,reconciled,0.00000000,0.00000000,0.00,false,,
1790445697.564,hud,speed,,,,,"0.0 / 0.0",0.000
1790445697.565,hud,heading,,,,,"0° / 0°",0.000
1790445697.565,hud,drift,,,,,"0.00%",0.000
1790445697.565,hud,turns,,,,,"✗ turns: 0/15",
1790445697.565,hud,calib_s,,,,,"✓ Buffer 6s",
1790445697.565,marker,gnss,52.38364800,-1.35350000,252.80,true,,
1790445697.566,marker,reconciled,0.00000000,0.00000000,0.00,false,,
1790445697.619,hud,speed,,,,,"0.0 / 0.0",0.000
1790445697.620,hud,heading,,,,,"0° / 0°",0.000
1790445697.620,hud,drift,,,,,"0.00%",0.000
1790445697.620,hud,turns,,,,,"✗ turns: 0/15",
1790445697.621,hud,calib_s,,,,,"✓ Buffer 6s",
1790445697.621,marker,gnss,52.38364800,-1.35350000,252.80,true,,
1790445697.622,marker,reconciled,0.00000000,0.00000000,0.00,false,,
1790445697.677,hud,speed,,,,,"0.0 / 0.0",0.000
1790445697.677,hud,heading,,,,,"0° / 0°",0.000
1790445697.678,hud,drift,,,,,"0.00%",0.000
1790445697.679,hud,turns,,,,,"✗ turns: 0/15",
1790445697.679,hud,calib_s,,,,,"✓ Buffer 6s",
1790445697.679,marker,gnss,52.38364800,-1.35350000,252.80,true,,
1790445697.680,marker,reconciled,0.00000000,0.00000000,0.00,false,,
1790445697.718,hud,speed,,,,,"0.0 / 0.0",0.000
1790445697.719,hud,heading,,,,,"0° / 0°",0.000
1790445697.719,hud,drift,,,,,"0.00%",0.000
1790445697.719,hud,turns,,,,,"✗ turns: 0/15",
1790445697.720,hud,calib_s,,,,,"✓ Buffer 6s",
1790445697.720,marker,gnss,52.38364800,-1.35350000,252.80,true,,
1790445697.721,marker,reconciled,0.00000000,0.00000000,0.00,false,,
1790445697.769,hud,speed,,,,,"0.0 / 0.0",0.000
1790445697.769,hud,heading,,,,,"0° / 0°",0.000
1790445697.770,hud,drift,,,,,"0.00%",0.000
1790445697.770,hud,turns,,,,,"✗ turns: 0/15",
1790445697.770,hud,calib_s,,,,,"✓ Buffer 6s",
1790445697.771,marker,gnss,52.38364800,-1.35350000,252.80,true,,
1790445697.771,marker,reconciled,0.00000000,0.00000000,0.00,false,,
1790445697.822,hud,speed,,,,,"0.0 / 0.0",0.000
1790445697.822,hud,heading,,,,,"0° / 0°",0.000
1790445697.822,hud,drift,,,,,"0.00%",0.000
1790445697.823,hud,turns,,,,,"✗ turns: 0/15",
1790445697.823,hud,calib_s,,,,,"✓ Buffer 6s",
1790445697.823,marker,gnss,52.38364800,-1.35350000,252.80,true,,
1790445697.824,marker,reconciled,0.00000000,0.00000000,0.00,false,,
1790445697.881,hud,speed,,,,,"0.0 / 0.0",0.000
1790445697.881,hud,heading,,,,,"0° / 0°",0.000
1790445697.882,hud,drift,,,,,"0.00%",0.000
1790445697.882,hud,turns,,,,,"✗ turns: 0/15",
1790445697.883,hud,calib_s,,,,,"✓ Buffer 6s",
1790445697.883,marker,gnss,52.38364800,-1.35350000,252.80,true,,
1790445697.884,marker,reconciled,0.00000000,0.00000000,0.00,false,,
1790445697.926,hud,speed,,,,,"0.0 / 0.0",0.000
1790445697.927,hud,heading,,,,,"0° / 0°",0.000
1790445697.927,hud,drift,,,,,"0.00%",0.000
1790445697.928,hud,turns,,,,,"✗ turns: 0/15",
1790445697.928,hud,calib_s,,,,,"✓ Buffer 6s",
1790445697.928,marker,gnss,52.38364800,-1.35350000,252.80,true,,
1790445697.929,marker,reconciled,0.00000000,0.00000000,0.00,false,,
1790445697.977,hud,speed,,,,,"0.0 / 0.0",0.000
1790445697.977,hud,heading,,,,,"0° / 0°",0.000
1790445697.978,hud,drift,,,,,"0.00%",0.000
1790445697.978,hud,turns,,,,,"✗ turns: 0/15",
1790445697.978,hud,calib_s,,,,,"✓ Buffer 6s",
1790445697.979,marker,gnss,52.38364800,-1.35350000,252.80,true,,
1790445697.979,marker,reconciled,0.00000000,0.00000000,0.00,false,,
1790445698.028,hud,speed,,,,,"0.0 / 0.0",0.000
1790445698.029,hud,heading,,,,,"0° / 0°",0.000
1790445698.029,hud,drift,,,,,"0.00%",0.000
1790445698.029,hud,turns,,,,,"✗ turns: 0/15",
1790445698.030,hud,calib_s,,,,,"✓ Buffer 6s",
1790445698.030,marker,gnss,52.38364800,-1.35350000,252.80,true,,
1790445698.031,marker,reconciled,0.00000000,0.00000000,0.00,false,,
1790445698.080,hud,speed,,,,,"0.0 / 0.0",0.000
1790445698.080,hud,heading,,,,,"0° / 0°",0.000
1790445698.081,hud,drift,,,,,"0.00%",0.000
1790445698.081,hud,turns,,,,,"✗ turns: 0/15",
1790445698.081,hud,calib_s,,,,,"✓ Buffer 6s",
1790445698.082,marker,gnss,52.38364800,-1.35350000,252.80,true,,
1790445698.082,marker,reconciled,0.00000000,0.00000000,0.00,false,,
1790445698.131,hud,speed,,,,,"0.0 / 0.0",0.000
1790445698.132,hud,heading,,,,,"0° / 0°",0.000
1790445698.133,hud,drift,,,,,"0.00%",0.000
1790445698.133,hud,turns,,,,,"✗ turns: 0/15",
1790445698.133,hud,calib_s,,,,,"✓ Buffer 6s",
1790445698.134,marker,gnss,52.38364800,-1.35350000,252.80,true,,
1790445698.134,marker,reconciled,0.00000000,0.00000000,0.00,false,,
1790445698.188,hud,speed,,,,,"0.0 / 0.0",0.000
1790445698.188,hud,heading,,,,,"0° / 0°",0.000
1790445698.189,hud,drift,,,,,"0.00%",0.000
1790445698.189,hud,turns,,,,,"✗ turns: 0/15",
1790445698.190,hud,calib_s,,,,,"✓ Buffer 6s",
1790445698.190,marker,gnss,52.38364800,-1.35350000,252.80,true,,
1790445698.191,marker,reconciled,0.00000000,0.00000000,0.00,false,,
1790445698.233,hud,speed,,,,,"0.0 / 0.0",0.000
1790445698.233,hud,heading,,,,,"0° / 0°",0.000
1790445698.234,hud,drift,,,,,"0.00%",0.000
1790445698.234,hud,turns,,,,,"✗ turns: 0/15",
1790445698.234,hud,calib_s,,,,,"✓ Buffer 6s",
1790445698.235,marker,gnss,52.38364800,-1.35350000,252.80,true,,
1790445698.235,marker,reconciled,0.00000000,0.00000000,0.00,false,,
1790445698.282,hud,speed,,,,,"0.0 / 0.0",0.000
1790445698.282,hud,heading,,,,,"0° / 0°",0.000
1790445698.282,hud,drift,,,,,"0.00%",0.000
1790445698.283,hud,turns,,,,,"✗ turns: 0/15",
1790445698.283,hud,calib_s,,,,,"✓ Buffer 6s",
1790445698.283,marker,gnss,52.38364800,-1.35350000,252.80,true,,
1790445698.284,marker,reconciled,0.00000000,0.00000000,0.00,false,,
1790445698.333,hud,speed,,,,,"0.0 / 0.0",0.000
1790445698.334,hud,heading,,,,,"0° / 0°",0.000
1790445698.334,hud,drift,,,,,"0.00%",0.000
1790445698.335,hud,turns,,,,,"✗ turns: 0/15",
1790445698.335,hud,calib_s,,,,,"✓ Buffer 6s",
1790445698.335,marker,gnss,52.38364800,-1.35350000,252.80,true,,
1790445698.336,marker,reconciled,0.00000000,0.00000000,0.00,false,,
1790445698.385,hud,speed,,,,,"0.0 / 0.0",0.000
1790445698.386,hud,heading,,,,,"0° / 0°",0.000
1790445698.386,hud,drift,,,,,"0.00%",0.000
1790445698.386,hud,turns,,,,,"✗ turns: 0/15",
1790445698.387,hud,calib_s,,,,,"✓ Buffer 6s",
1790445698.387,marker,gnss,52.38364800,-1.35350000,252.80,true,,
1790445698.388,marker,reconciled,0.00000000,0.00000000,0.00,false,,
1790445698.442,hud,speed,,,,,"0.0 / 0.0",0.000
1790445698.442,hud,heading,,,,,"0° / 0°",0.000
1790445698.443,hud,drift,,,,,"0.00%",0.000
1790445698.443,hud,turns,,,,,"✗ turns: 0/15",
1790445698.443,hud,calib_s,,,,,"✓ Buffer 6s",
1790445698.443,marker,gnss,52.38364800,-1.35350000,252.80,true,,
1790445698.444,marker,reconciled,0.00000000,0.00000000,0.00,false,,
1790445698.485,hud,speed,,,,,"0.0 / 0.0",0.000
1790445698.486,hud,heading,,,,,"0° / 0°",0.000
1790445698.486,hud,drift,,,,,"0.00%",0.000
1790445698.487,hud,turns,,,,,"✗ turns: 0/15",
1790445698.487,hud,calib_s,,,,,"✓ Buffer 6s",
1790445698.487,marker,gnss,52.38364800,-1.35350000,252.80,true,,
1790445698.488,marker,reconciled,0.00000000,0.00000000,0.00,false,,
1790445698.539,hud,speed,,,,,"0.0 / 0.0",0.000
1790445698.540,hud,heading,,,,,"0° / 0°",0.000
1790445698.540,hud,drift,,,,,"0.00%",0.000
1790445698.540,hud,turns,,,,,"✗ turns: 0/15",
1790445698.541,hud,calib_s,,,,,"✓ Buffer 6s",
1790445698.541,marker,gnss,52.38364800,-1.35350000,252.80,true,,
1790445698.541,marker,reconciled,0.00000000,0.00000000,0.00,false,,
1790445698.588,hud,speed,,,,,"0.0 / 0.0",0.000
1790445698.589,hud,heading,,,,,"0° / 0°",0.000
1790445698.589,hud,drift,,,,,"0.00%",0.000
1790445698.589,hud,turns,,,,,"✗ turns: 0/15",
1790445698.590,hud,calib_s,,,,,"✓ Buffer 6s",
1790445698.590,marker,gnss,52.38364800,-1.35350000,252.80,true,,
1790445698.591,marker,reconciled,0.00000000,0.00000000,0.00,false,,
1790445698.637,hud,speed,,,,,"0.0 / 0.0",0.000
1790445698.637,hud,heading,,,,,"0° / 0°",0.000
1790445698.637,hud,drift,,,,,"0.00%",0.000
1790445698.637,hud,turns,,,,,"✗ turns: 0/15",
1790445698.638,hud,calib_s,,,,,"✓ Buffer 6s",
1790445698.638,marker,gnss,52.38364800,-1.35350000,252.80,true,,
1790445698.638,marker,reconciled,0.00000000,0.00000000,0.00,false,,
1790445698.693,hud,speed,,,,,"0.0 / 0.0",0.000
1790445698.694,hud,heading,,,,,"0° / 0°",0.000
1790445698.694,hud,drift,,,,,"0.00%",0.000
1790445698.695,hud,turns,,,,,"✗ turns: 0/15",
1790445698.695,hud,calib_s,,,,,"✓ Buffer 6s",
1790445698.695,marker,gnss,52.38301500,-1.35017400,253.80,true,,
1790445698.695,marker,reconciled,0.00000000,0.00000000,0.00,false,,
1790445698.739,hud,speed,,,,,"0.0 / 0.0",0.000
1790445698.739,hud,heading,,,,,"0° / 0°",0.000
1790445698.740,hud,drift,,,,,"0.00%",0.000
1790445698.740,hud,turns,,,,,"✗ turns: 0/15",
1790445698.740,hud,calib_s,,,,,"✓ Buffer 6s",
1790445698.740,marker,gnss,52.38301500,-1.35017400,253.80,true,,
1790445698.741,marker,reconciled,0.00000000,0.00000000,0.00,false,,
1790445698.791,hud,speed,,,,,"0.0 / 0.0",0.000
1790445698.791,hud,heading,,,,,"0° / 0°",0.000
1790445698.791,hud,drift,,,,,"0.00%",0.000
1790445698.792,hud,turns,,,,,"✗ turns: 0/15",
1790445698.792,hud,calib_s,,,,,"✓ Buffer 6s",
1790445698.792,marker,gnss,52.38301500,-1.35017400,253.80,true,,
1790445698.793,marker,reconciled,0.00000000,0.00000000,0.00,false,,
1790445698.841,hud,speed,,,,,"0.0 / 0.0",0.000
1790445698.841,hud,heading,,,,,"0° / 0°",0.000
1790445698.841,hud,drift,,,,,"0.00%",0.000
1790445698.842,hud,turns,,,,,"✗ turns: 0/15",
1790445698.842,hud,calib_s,,,,,"✓ Buffer 6s",
1790445698.842,marker,gnss,52.38301500,-1.35017400,253.80,true,,
1790445698.843,marker,reconciled,0.00000000,0.00000000,0.00,false,,
1790445698.892,hud,speed,,,,,"0.0 / 0.0",0.000
1790445698.893,hud,heading,,,,,"0° / 0°",0.000
1790445698.893,hud,drift,,,,,"0.00%",0.000
1790445698.893,hud,turns,,,,,"✗ turns: 0/15",
1790445698.894,hud,calib_s,,,,,"✓ Buffer 6s",
1790445698.894,marker,gnss,52.38301500,-1.35017400,253.80,true,,
1790445698.895,marker,reconciled,0.00000000,0.00000000,0.00,false,,
1790445698.946,hud,speed,,,,,"0.0 / 0.0",0.000
1790445698.947,hud,heading,,,,,"0° / 0°",0.000
1790445698.947,hud,drift,,,,,"0.00%",0.000
1790445698.947,hud,turns,,,,,"✗ turns: 0/15",
1790445698.948,hud,calib_s,,,,,"✓ Buffer 6s",
1790445698.948,marker,gnss,52.38301500,-1.35017400,253.80,true,,
1790445698.949,marker,reconciled,0.00000000,0.00000000,0.00,false,,
1790445698.990,hud,speed,,,,,"0.0 / 0.0",0.000
1790445698.990,hud,heading,,,,,"0° / 0°",0.000
1790445698.991,hud,drift,,,,,"0.00%",0.000
1790445698.991,hud,turns,,,,,"✗ turns: 0/15",
1790445698.991,hud,calib_s,,,,,"✓ Buffer 6s",
1790445698.991,marker,gnss,52.38301500,-1.35017400,253.80,true,,
1790445698.992,marker,reconciled,0.00000000,0.00000000,0.00,false,,
1790445699.046,hud,speed,,,,,"0.0 / 0.0",0.000
1790445699.046,hud,heading,,,,,"0° / 0°",0.000
1790445699.047,hud,drift,,,,,"0.00%",0.000
1790445699.047,hud,turns,,,,,"✗ turns: 0/15",
1790445699.047,hud,calib_s,,,,,"✓ Buffer 6s",
1790445699.047,marker,gnss,52.38301500,-1.35017400,253.80,true,,
1790445699.048,marker,reconciled,0.00000000,0.00000000,0.00,false,,
1790445699.093,hud,speed,,,,,"0.0 / 0.0",0.000
1790445699.093,hud,heading,,,,,"0° / 0°",0.000
1790445699.093,hud,drift,,,,,"0.00%",0.000
1790445699.093,hud,turns,,,,,"✗ turns: 0/15",
1790445699.094,hud,calib_s,,,,,"✓ Buffer 6s",
1790445699.094,marker,gnss,52.38301500,-1.35017400,253.80,true,,
1790445699.094,marker,reconciled,0.00000000,0.00000000,0.00,false,,
1790445699.148,hud,speed,,,,,"0.0 / 0.0",0.000
1790445699.148,hud,heading,,,,,"0° / 0°",0.000
1790445699.148,hud,drift,,,,,"0.00%",0.000
1790445699.148,hud,turns,,,,,"✗ turns: 0/15",
1790445699.149,hud,calib_s,,,,,"✓ Buffer 6s",
1790445699.149,marker,gnss,52.38301500,-1.35017400,253.80,true,,
1790445699.149,marker,reconciled,0.00000000,0.00000000,0.00,false,,
1790445699.200,hud,speed,,,,,"0.0 / 0.0",0.000
1790445699.200,hud,heading,,,,,"0° / 0°",0.000
1790445699.200,hud,drift,,,,,"0.00%",0.000
1790445699.201,hud,turns,,,,,"✗ turns: 0/15",
1790445699.201,hud,calib_s,,,,,"✓ Buffer 6s",
1790445699.201,marker,gnss,52.38301500,-1.35017400,253.80,true,,
1790445699.202,marker,reconciled,0.00000000,0.00000000,0.00,false,,
1790445699.254,hud,speed,,,,,"0.0 / 0.0",0.000
1790445699.254,hud,heading,,,,,"0° / 0°",0.000
1790445699.254,hud,drift,,,,,"0.00%",0.000
1790445699.255,hud,turns,,,,,"✗ turns: 0/15",
1790445699.255,hud,calib_s,,,,,"✓ Buffer 6s",
1790445699.255,marker,gnss,52.38301500,-1.35017400,253.80,true,,
1790445699.255,marker,reconciled,0.00000000,0.00000000,0.00,false,,
1790445699.296,hud,speed,,,,,"0.0 / 0.0",0.000
1790445699.296,hud,heading,,,,,"0° / 0°",0.000
1790445699.297,hud,drift,,,,,"0.00%",0.000
1790445699.297,hud,turns,,,,,"✗ turns: 0/15",
1790445699.297,hud,calib_s,,,,,"✓ Buffer 6s",
1790445699.297,marker,gnss,52.38301500,-1.35017400,253.80,true,,
1790445699.298,marker,reconciled,0.00000000,0.00000000,0.00,false,,
1790445699.351,hud,speed,,,,,"0.0 / 0.0",0.000
1790445699.351,hud,heading,,,,,"0° / 0°",0.000
1790445699.352,hud,drift,,,,,"0.00%",0.000
1790445699.352,hud,turns,,,,,"✗ turns: 0/15",
1790445699.352,hud,calib_s,,,,,"✓ Buffer 6s",
1790445699.353,marker,gnss,52.38301500,-1.35017400,253.80,true,,
1790445699.353,marker,reconciled,0.00000000,0.00000000,0.00,false,,
1790445699.399,hud,speed,,,,,"0.0 / 0.0",0.000
1790445699.399,hud,heading,,,,,"0° / 0°",0.000
1790445699.400,hud,drift,,,,,"0.00%",0.000
1790445699.400,hud,turns,,,,,"✗ turns: 0/15",
1790445699.400,hud,calib_s,,,,,"✓ Buffer 6s",
1790445699.401,marker,gnss,52.38301500,-1.35017400,253.80,true,,
1790445699.401,marker,reconciled,0.00000000,0.00000000,0.00,false,,
1790445699.461,hud,speed,,,,,"0.0 / 0.0",0.000
1790445699.461,hud,heading,,,,,"0° / 0°",0.000
1790445699.462,hud,drift,,,,,"0.00%",0.000
1790445699.462,hud,turns,,,,,"✗ turns: 0/15",
1790445699.463,hud,calib_s,,,,,"✓ Buffer 6s",
1790445699.463,marker,gnss,52.38301500,-1.35017400,253.80,true,,
1790445699.464,marker,reconciled,0.00000000,0.00000000,0.00,false,,
1790445699.504,hud,speed,,,,,"0.0 / 0.0",0.000
1790445699.504,hud,heading,,,,,"0° / 0°",0.000
1790445699.505,hud,drift,,,,,"0.00%",0.000
1790445699.505,hud,turns,,,,,"✗ turns: 0/15",
1790445699.505,hud,calib_s,,,,,"✓ Buffer 6s",
1790445699.506,marker,gnss,52.38301500,-1.35017400,253.80,true,,
1790445699.506,marker,reconciled,0.00000000,0.00000000,0.00,false,,
1790445699.558,hud,speed,,,,,"0.0 / 0.0",0.000
1790445699.559,hud,heading,,,,,"0° / 0°",0.000
1790445699.559,hud,drift,,,,,"0.00%",0.000
1790445699.559,hud,turns,,,,,"✗ turns: 0/15",
1790445699.559,hud,calib_s,,,,,"✓ Buffer 6s",
1790445699.559,marker,gnss,52.38301500,-1.35017400,253.80,true,,
1790445699.560,marker,reconciled,0.00000000,0.00000000,0.00,false,,
1790445699.603,hud,speed,,,,,"0.0 / 0.0",0.000
1790445699.604,hud,heading,,,,,"0° / 0°",0.000
1790445699.604,hud,drift,,,,,"0.00%",0.000
1790445699.604,hud,turns,,,,,"✗ turns: 0/15",
1790445699.604,hud,calib_s,,,,,"✓ Buffer 6s",
1790445699.605,marker,gnss,52.38301500,-1.35017400,253.80,true,,
1790445699.605,marker,reconciled,0.00000000,0.00000000,0.00,false,,
1790445699.660,hud,speed,,,,,"0.0 / 0.0",0.000
1790445699.660,hud,heading,,,,,"0° / 0°",0.000
1790445699.660,hud,drift,,,,,"0.00%",0.000
1790445699.661,hud,turns,,,,,"✗ turns: 0/15",
1790445699.661,hud,calib_s,,,,,"✓ Buffer 6s",
1790445699.661,marker,gnss,52.38301500,-1.35017400,253.80,true,,
1790445699.662,marker,reconciled,0.00000000,0.00000000,0.00,false,,
1790445699.709,hud,speed,,,,,"0.0 / 0.0",0.000
1790445699.710,hud,heading,,,,,"0° / 0°",0.000
1790445699.710,hud,drift,,,,,"0.00%",0.000
1790445699.710,hud,turns,,,,,"✗ turns: 0/15",
1790445699.711,hud,calib_s,,,,,"✓ Buffer 6s",
1790445699.711,marker,gnss,52.38301500,-1.35017400,253.80,true,,
1790445699.712,marker,reconciled,0.00000000,0.00000000,0.00,false,,
1790445699.762,hud,speed,,,,,"0.0 / 0.0",0.000
1790445699.763,hud,heading,,,,,"0° / 0°",0.000
1790445699.763,hud,drift,,,,,"0.00%",0.000
1790445699.763,hud,turns,,,,,"✗ turns: 0/15",
1790445699.763,hud,calib_s,,,,,"✓ Buffer 6s",
1790445699.764,marker,gnss,52.38301500,-1.35017400,253.80,true,,
1790445699.764,marker,reconciled,0.00000000,0.00000000,0.00,false,,
1790445699.809,hud,speed,,,,,"0.0 / 0.0",0.000
1790445699.809,hud,heading,,,,,"0° / 0°",0.000
1790445699.810,hud,drift,,,,,"0.00%",0.000
1790445699.810,hud,turns,,,,,"✗ turns: 0/15",
1790445699.810,hud,calib_s,,,,,"✓ Buffer 6s",
1790445699.811,marker,gnss,52.38301500,-1.35017400,253.80,true,,
1790445699.811,marker,reconciled,0.00000000,0.00000000,0.00,false,,
1790445699.869,hud,speed,,,,,"0.0 / 0.0",0.000
1790445699.870,hud,heading,,,,,"0° / 0°",0.000
1790445699.870,hud,drift,,,,,"0.00%",0.000
1790445699.870,hud,turns,,,,,"✗ turns: 0/15",
1790445699.871,hud,calib_s,,,,,"✓ Buffer 6s",
1790445699.871,marker,gnss,52.38301500,-1.35017400,253.80,true,,
1790445699.872,marker,reconciled,0.00000000,0.00000000,0.00,false,,
1790445699.912,hud,speed,,,,,"0.0 / 0.0",0.000
1790445699.913,hud,heading,,,,,"0° / 0°",0.000
1790445699.913,hud,drift,,,,,"0.00%",0.000
1790445699.913,hud,turns,,,,,"✗ turns: 0/15",
1790445699.913,hud,calib_s,,,,,"✓ Buffer 6s",
1790445699.914,marker,gnss,52.38301500,-1.35017400,253.80,true,,
1790445699.915,marker,reconciled,0.00000000,0.00000000,0.00,false,,
1790445699.969,hud,speed,,,,,"0.0 / 0.0",0.000
1790445699.970,hud,heading,,,,,"0° / 0°",0.000
1790445699.970,hud,drift,,,,,"0.00%",0.000
1790445699.971,hud,turns,,,,,"✗ turns: 0/15",
1790445699.971,hud,calib_s,,,,,"✓ Buffer 6s",
1790445699.971,marker,gnss,52.38301500,-1.35017400,253.80,true,,
1790445699.972,marker,reconciled,0.00000000,0.00000000,0.00,false,,
1790445700.015,hud,speed,,,,,"0.0 / 0.0",0.000
1790445700.015,hud,heading,,,,,"0° / 0°",0.000
1790445700.015,hud,drift,,,,,"0.00%",0.000
1790445700.016,hud,turns,,,,,"✗ turns: 0/15",
1790445700.016,hud,calib_s,,,,,"✓ Buffer 6s",
1790445700.016,marker,gnss,52.38301500,-1.35017400,253.80,true,,
1790445700.017,marker,reconciled,0.00000000,0.00000000,0.00,false,,
1790445700.071,hud,speed,,,,,"0.0 / 0.0",0.000
1790445700.071,hud,heading,,,,,"0° / 0°",0.000
1790445700.072,hud,drift,,,,,"0.00%",0.000
1790445700.072,hud,turns,,,,,"✗ turns: 0/15",
1790445700.072,hud,calib_s,,,,,"✓ Buffer 6s",
1790445700.073,marker,gnss,52.38301500,-1.35017400,253.80,true,,
1790445700.073,marker,reconciled,0.00000000,0.00000000,0.00,false,,
1790445700.115,hud,speed,,,,,"0.0 / 0.0",0.000
1790445700.115,hud,heading,,,,,"0° / 0°",0.000
1790445700.115,hud,drift,,,,,"0.00%",0.000
1790445700.116,hud,turns,,,,,"✗ turns: 0/15",
1790445700.116,hud,calib_s,,,,,"✓ Buffer 6s",
1790445700.116,marker,gnss,52.38301500,-1.35017400,253.80,true,,
1790445700.117,marker,reconciled,0.00000000,0.00000000,0.00,false,,
1790445700.173,hud,speed,,,,,"0.0 / 0.0",0.000
1790445700.173,hud,heading,,,,,"0° / 0°",0.000
1790445700.173,hud,drift,,,,,"0.00%",0.000
1790445700.174,hud,turns,,,,,"✗ turns: 0/15",
1790445700.174,hud,calib_s,,,,,"✓ Buffer 6s",
1790445700.174,marker,gnss,52.38301500,-1.35017400,253.80,true,,
1790445700.175,marker,reconciled,0.00000000,0.00000000,0.00,false,,
1790445700.221,hud,speed,,,,,"0.0 / 0.0",0.000
1790445700.222,hud,heading,,,,,"0° / 0°",0.000
1790445700.222,hud,drift,,,,,"0.00%",0.000
1790445700.222,hud,turns,,,,,"✗ turns: 0/15",
1790445700.223,hud,calib_s,,,,,"✓ Buffer 6s",
1790445700.223,marker,gnss,52.38301500,-1.35017400,253.80,true,,
1790445700.223,marker,reconciled,0.00000000,0.00000000,0.00,false,,
1790445700.276,hud,speed,,,,,"0.0 / 0.0",0.000
1790445700.276,hud,heading,,,,,"0° / 0°",0.000
1790445700.276,hud,drift,,,,,"0.00%",0.000
1790445700.277,hud,turns,,,,,"✗ turns: 0/15",
1790445700.277,hud,calib_s,,,,,"✓ Buffer 6s",
1790445700.277,marker,gnss,52.38301500,-1.35017400,253.80,true,,
1790445700.278,marker,reconciled,0.00000000,0.00000000,0.00,false,,
1790445700.322,hud,speed,,,,,"0.0 / 0.0",0.000
1790445700.322,hud,heading,,,,,"0° / 0°",0.000
1790445700.322,hud,drift,,,,,"0.00%",0.000
1790445700.323,hud,turns,,,,,"✗ turns: 0/15",
1790445700.323,hud,calib_s,,,,,"✓ Buffer 6s",
1790445700.323,marker,gnss,52.38301500,-1.35017400,253.80,true,,
1790445700.323,marker,reconciled,0.00000000,0.00000000,0.00,false,,
1790445700.378,hud,speed,,,,,"0.0 / 0.0",0.000
1790445700.378,hud,heading,,,,,"0° / 0°",0.000
1790445700.379,hud,drift,,,,,"0.00%",0.000
1790445700.379,hud,turns,,,,,"✗ turns: 0/15",
1790445700.379,hud,calib_s,,,,,"✓ Buffer 6s",
1790445700.379,marker,gnss,52.38301500,-1.35017400,253.80,true,,
1790445700.380,marker,reconciled,0.00000000,0.00000000,0.00,false,,
1790445700.426,hud,speed,,,,,"0.0 / 0.0",0.000
1790445700.427,hud,heading,,,,,"0° / 0°",0.000
1790445700.427,hud,drift,,,,,"0.00%",0.000
1790445700.427,hud,turns,,,,,"✗ turns: 0/15",
1790445700.427,hud,calib_s,,,,,"✓ Buffer 6s",
1790445700.428,marker,gnss,52.38301500,-1.35017400,253.80,true,,
1790445700.428,marker,reconciled,0.00000000,0.00000000,0.00,false,,
1790445700.481,hud,speed,,,,,"0.0 / 0.0",0.000
1790445700.482,hud,heading,,,,,"0° / 0°",0.000
1790445700.482,hud,drift,,,,,"0.00%",0.000
1790445700.483,hud,turns,,,,,"✗ turns: 0/15",
1790445700.483,hud,calib_s,,,,,"✓ Buffer 6s",
1790445700.483,marker,gnss,52.38301500,-1.35017400,253.80,true,,
1790445700.483,marker,reconciled,0.00000000,0.00000000,0.00,false,,
1790445700.528,hud,speed,,,,,"0.0 / 0.0",0.000
1790445700.529,hud,heading,,,,,"0° / 0°",0.000
1790445700.529,hud,drift,,,,,"0.00%",0.000
1790445700.529,hud,turns,,,,,"✗ turns: 0/15",
1790445700.530,hud,calib_s,,,,,"✓ Buffer 6s",
1790445700.530,marker,gnss,52.38301500,-1.35017400,253.80,true,,
1790445700.531,marker,reconciled,0.00000000,0.00000000,0.00,false,,
1790445700.584,hud,speed,,,,,"0.0 / 0.0",0.000
1790445700.584,hud,heading,,,,,"0° / 0°",0.000
1790445700.584,hud,drift,,,,,"0.00%",0.000
1790445700.584,hud,turns,,,,,"✗ turns: 0/15",
1790445700.585,hud,calib_s,,,,,"✓ Buffer 6s",
1790445700.585,marker,gnss,52.38301500,-1.35017400,253.80,true,,
1790445700.586,marker,reconciled,0.00000000,0.00000000,0.00,false,,
1790445700.628,hud,speed,,,,,"0.0 / 0.0",0.000
1790445700.629,hud,heading,,,,,"0° / 0°",0.000
1790445700.629,hud,drift,,,,,"0.00%",0.000
1790445700.629,hud,turns,,,,,"✗ turns: 0/15",
1790445700.629,hud,calib_s,,,,,"✓ Buffer 6s",
1790445700.630,marker,gnss,52.38301500,-1.35017400,253.80,true,,
1790445700.630,marker,reconciled,0.00000000,0.00000000,0.00,false,,
1790445700.684,hud,speed,,,,,"0.0 / 0.0",0.000
1790445700.685,hud,heading,,,,,"0° / 0°",0.000
1790445700.685,hud,drift,,,,,"0.00%",0.000
1790445700.685,hud,turns,,,,,"✗ turns: 0/15",
1790445700.685,hud,calib_s,,,,,"✓ Buffer 6s",
1790445700.687,marker,gnss,52.38301500,-1.35017400,253.80,true,,
1790445700.687,marker,reconciled,0.00000000,0.00000000,0.00,false,,
1790445700.733,hud,speed,,,,,"0.0 / 0.0",0.000
1790445700.733,hud,heading,,,,,"0° / 0°",0.000
1790445700.733,hud,drift,,,,,"0.00%",0.000
1790445700.734,hud,turns,,,,,"✗ turns: 0/15",
1790445700.734,hud,calib_s,,,,,"✓ Buffer 6s",
1790445700.734,marker,gnss,52.38301500,-1.35017400,253.80,true,,
1790445700.735,marker,reconciled,0.00000000,0.00000000,0.00,false,,
1790445700.786,hud,speed,,,,,"0.0 / 0.0",0.000
1790445700.787,hud,heading,,,,,"0° / 0°",0.000
1790445700.787,hud,drift,,,,,"0.00%",0.000
1790445700.787,hud,turns,,,,,"✗ turns: 0/15",
1790445700.788,hud,calib_s,,,,,"✓ Buffer 6s",
1790445700.788,marker,gnss,52.38301500,-1.35017400,253.80,true,,
1790445700.788,marker,reconciled,0.00000000,0.00000000,0.00,false,,
1790445700.834,hud,speed,,,,,"0.0 / 0.0",0.000
1790445700.834,hud,heading,,,,,"0° / 0°",0.000
1790445700.835,hud,drift,,,,,"0.00%",0.000
1790445700.835,hud,turns,,,,,"✗ turns: 0/15",
1790445700.835,hud,calib_s,,,,,"✓ Buffer 6s",
1790445700.835,marker,gnss,52.38301500,-1.35017400,253.80,true,,
1790445700.836,marker,reconciled,0.00000000,0.00000000,0.00,false,,
1790445700.890,hud,speed,,,,,"0.0 / 0.0",0.000
1790445700.890,hud,heading,,,,,"0° / 0°",0.000
1790445700.890,hud,drift,,,,,"0.00%",0.000
1790445700.891,hud,turns,,,,,"✗ turns: 0/15",
1790445700.891,hud,calib_s,,,,,"✓ Buffer 6s",
1790445700.891,marker,gnss,52.38301500,-1.35017400,253.80,true,,
1790445700.891,marker,reconciled,0.00000000,0.00000000,0.00,false,,
1790445700.938,hud,speed,,,,,"0.0 / 0.0",0.000
1790445700.939,hud,heading,,,,,"0° / 0°",0.000
1790445700.939,hud,drift,,,,,"0.00%",0.000
1790445700.939,hud,turns,,,,,"✗ turns: 0/15",
1790445700.940,hud,calib_s,,,,,"✓ Buffer 6s",
1790445700.940,marker,gnss,52.38301500,-1.35017400,253.80,true,,
1790445700.941,marker,reconciled,0.00000000,0.00000000,0.00,false,,
1790445700.996,hud,speed,,,,,"0.0 / 0.0",0.000
1790445700.996,hud,heading,,,,,"0° / 0°",0.000
1790445700.997,hud,drift,,,,,"0.00%",0.000
1790445700.997,hud,turns,,,,,"✗ turns: 0/15",
1790445700.997,hud,calib_s,,,,,"✓ Buffer 6s",
1790445700.998,marker,gnss,52.38301500,-1.35017400,253.80,true,,
1790445700.998,marker,reconciled,0.00000000,0.00000000,0.00,false,,
1790445701.040,hud,speed,,,,,"0.0 / 0.0",0.000
1790445701.040,hud,heading,,,,,"0° / 0°",0.000
1790445701.040,hud,drift,,,,,"0.00%",0.000
1790445701.041,hud,turns,,,,,"✗ turns: 0/15",
1790445701.041,hud,calib_s,,,,,"✓ Buffer 6s",
1790445701.041,marker,gnss,52.38301500,-1.35017400,253.80,true,,
1790445701.041,marker,reconciled,0.00000000,0.00000000,0.00,false,,
1790445701.094,hud,speed,,,,,"0.0 / 0.0",0.000
1790445701.094,hud,heading,,,,,"0° / 0°",0.000
1790445701.095,hud,drift,,,,,"0.00%",0.000
1790445701.095,hud,turns,,,,,"✗ turns: 0/15",
1790445701.095,hud,calib_s,,,,,"✓ Buffer 6s",
1790445701.095,marker,gnss,52.38301500,-1.35017400,253.80,true,,
1790445701.096,marker,reconciled,0.00000000,0.00000000,0.00,false,,
1790445701.142,hud,speed,,,,,"0.0 / 0.0",0.000
1790445701.142,hud,heading,,,,,"0° / 0°",0.000
1790445701.142,hud,drift,,,,,"0.00%",0.000
1790445701.143,hud,turns,,,,,"✗ turns: 0/15",
1790445701.143,hud,calib_s,,,,,"✓ Buffer 6s",
1790445701.143,marker,gnss,52.38301500,-1.35017400,253.80,true,,
1790445701.144,marker,reconciled,0.00000000,0.00000000,0.00,false,,
1790445701.200,hud,speed,,,,,"0.0 / 0.0",0.000
1790445701.200,hud,heading,,,,,"0° / 0°",0.000
1790445701.201,hud,drift,,,,,"0.00%",0.000
1790445701.201,hud,turns,,,,,"✗ turns: 0/15",
1790445701.202,hud,calib_s,,,,,"✓ Buffer 6s",
1790445701.203,marker,gnss,52.38301500,-1.35017400,253.80,true,,
1790445701.204,marker,reconciled,0.00000000,0.00000000,0.00,false,,
1790445701.248,hud,speed,,,,,"0.0 / 0.0",0.000
1790445701.248,hud,heading,,,,,"0° / 0°",0.000
1790445701.248,hud,drift,,,,,"0.00%",0.000
1790445701.249,hud,turns,,,,,"✗ turns: 0/15",
1790445701.249,hud,calib_s,,,,,"✓ Buffer 6s",
1790445701.249,marker,gnss,52.38301500,-1.35017400,253.80,true,,
1790445701.249,marker,reconciled,0.00000000,0.00000000,0.00,false,,
1790445701.298,hud,speed,,,,,"0.0 / 0.0",0.000
1790445701.298,hud,heading,,,,,"0° / 0°",0.000
1790445701.298,hud,drift,,,,,"0.00%",0.000
1790445701.299,hud,turns,,,,,"✗ turns: 0/15",
1790445701.299,hud,calib_s,,,,,"✓ Buffer 6s",
1790445701.299,marker,gnss,52.38301500,-1.35017400,253.80,true,,
1790445701.300,marker,reconciled,0.00000000,0.00000000,0.00,false,,
1790445701.344,hud,speed,,,,,"0.0 / 0.0",0.000
1790445701.345,hud,heading,,,,,"0° / 0°",0.000
1790445701.345,hud,drift,,,,,"0.00%",0.000
1790445701.345,hud,turns,,,,,"✗ turns: 0/15",
1790445701.345,hud,calib_s,,,,,"✓ Buffer 6s",
1790445701.346,marker,gnss,52.38301500,-1.35017400,253.80,true,,
1790445701.346,marker,reconciled,0.00000000,0.00000000,0.00,false,,
1790445701.401,hud,speed,,,,,"0.0 / 0.0",0.000
1790445701.401,hud,heading,,,,,"0° / 0°",0.000
1790445701.402,hud,drift,,,,,"0.00%",0.000
1790445701.402,hud,turns,,,,,"✗ turns: 0/15",
1790445701.402,hud,calib_s,,,,,"✓ Buffer 6s",
1790445701.403,marker,gnss,52.38301500,-1.35017400,253.80,true,,
1790445701.403,marker,reconciled,0.00000000,0.00000000,0.00,false,,
1790445701.447,hud,speed,,,,,"0.0 / 0.0",0.000
1790445701.447,hud,heading,,,,,"0° / 0°",0.000
1790445701.447,hud,drift,,,,,"0.00%",0.000
1790445701.448,hud,turns,,,,,"✗ turns: 0/15",
1790445701.448,hud,calib_s,,,,,"✓ Buffer 6s",
1790445701.448,marker,gnss,52.38301500,-1.35017400,253.80,true,,
1790445701.449,marker,reconciled,0.00000000,0.00000000,0.00,false,,
1790445701.504,hud,speed,,,,,"0.0 / 0.0",0.000
1790445701.504,hud,heading,,,,,"0° / 0°",0.000
1790445701.504,hud,drift,,,,,"0.00%",0.000
1790445701.504,hud,turns,,,,,"✗ turns: 0/15",
1790445701.505,hud,calib_s,,,,,"✓ Buffer 6s",
1790445701.505,marker,gnss,52.38301500,-1.35017400,253.80,true,,
1790445701.505,marker,reconciled,0.00000000,0.00000000,0.00,false,,
1790445701.549,hud,speed,,,,,"0.0 / 0.0",0.000
1790445701.550,hud,heading,,,,,"0° / 0°",0.000
1790445701.550,hud,drift,,,,,"0.00%",0.000
1790445701.550,hud,turns,,,,,"✗ turns: 0/15",
1790445701.551,hud,calib_s,,,,,"✓ Buffer 6s",
1790445701.551,marker,gnss,52.38301500,-1.35017400,253.80,true,,
1790445701.552,marker,reconciled,0.00000000,0.00000000,0.00,false,,
1790445701.606,hud,speed,,,,,"0.0 / 0.0",0.000
1790445701.607,hud,heading,,,,,"0° / 0°",0.000
1790445701.607,hud,drift,,,,,"0.00%",0.000
1790445701.607,hud,turns,,,,,"✗ turns: 0/15",
1790445701.607,hud,calib_s,,,,,"✓ Buffer 6s",
1790445701.608,marker,gnss,52.38301500,-1.35017400,253.80,true,,
1790445701.608,marker,reconciled,0.00000000,0.00000000,0.00,false,,
1790445701.653,hud,speed,,,,,"0.0 / 0.0",0.000
1790445701.654,hud,heading,,,,,"0° / 0°",0.000
1790445701.654,hud,drift,,,,,"0.00%",0.000
1790445701.655,hud,turns,,,,,"✗ turns: 0/15",
1790445701.655,hud,calib_s,,,,,"✓ Buffer 6s",
1790445701.655,marker,gnss,52.38301500,-1.35017400,253.80,true,,
1790445701.656,marker,reconciled,0.00000000,0.00000000,0.00,false,,
1790445701.709,hud,speed,,,,,"0.0 / 0.0",0.000
1790445701.709,hud,heading,,,,,"0° / 0°",0.000
1790445701.710,hud,drift,,,,,"0.00%",0.000
1790445701.710,hud,turns,,,,,"✗ turns: 0/15",
1790445701.710,hud,calib_s,,,,,"✓ Buffer 6s",
1790445701.711,marker,gnss,52.38301500,-1.35017400,253.80,true,,
1790445701.711,marker,reconciled,0.00000000,0.00000000,0.00,false,,
1790445701.757,hud,speed,,,,,"0.0 / 0.0",0.000
1790445701.757,hud,heading,,,,,"0° / 0°",0.000
1790445701.757,hud,drift,,,,,"0.00%",0.000
1790445701.758,hud,turns,,,,,"✗ turns: 0/15",
1790445701.758,hud,calib_s,,,,,"✓ Buffer 6s",
1790445701.758,marker,gnss,52.38301500,-1.35017400,253.80,true,,
1790445701.759,marker,reconciled,0.00000000,0.00000000,0.00,false,,
1790445701.811,hud,speed,,,,,"0.0 / 0.0",0.000
1790445701.811,hud,heading,,,,,"0° / 0°",0.000
1790445701.812,hud,drift,,,,,"0.00%",0.000
1790445701.812,hud,turns,,,,,"✗ turns: 0/15",
1790445701.812,hud,calib_s,,,,,"✓ Buffer 6s",
1790445701.813,marker,gnss,52.38301500,-1.35017400,253.80,true,,
1790445701.813,marker,reconciled,0.00000000,0.00000000,0.00,false,,
1790445701.857,hud,speed,,,,,"0.0 / 0.0",0.000
1790445701.857,hud,heading,,,,,"0° / 0°",0.000
1790445701.857,hud,drift,,,,,"0.00%",0.000
1790445701.858,hud,turns,,,,,"✗ turns: 0/15",
1790445701.858,hud,calib_s,,,,,"✓ Buffer 6s",
1790445701.858,marker,gnss,52.38301500,-1.35017400,253.80,true,,
1790445701.859,marker,reconciled,0.00000000,0.00000000,0.00,false,,
1790445701.916,hud,speed,,,,,"0.0 / 0.0",0.000
1790445701.917,hud,heading,,,,,"0° / 0°",0.000
1790445701.917,hud,drift,,,,,"0.00%",0.000
1790445701.917,hud,turns,,,,,"✗ turns: 0/15",
1790445701.918,hud,calib_s,,,,,"✓ Buffer 6s",
1790445701.918,marker,gnss,52.38301500,-1.35017400,253.80,true,,
1790445701.919,marker,reconciled,0.00000000,0.00000000,0.00,false,,
1790445701.966,hud,speed,,,,,"0.0 / 0.0",0.000
1790445701.966,hud,heading,,,,,"0° / 0°",0.000
1790445701.966,hud,drift,,,,,"0.00%",0.000
1790445701.966,hud,turns,,,,,"✗ turns: 0/15",
1790445701.967,hud,calib_s,,,,,"✓ Buffer 6s",
1790445701.967,marker,gnss,52.38301500,-1.35017400,253.80,true,,
1790445701.967,marker,reconciled,0.00000000,0.00000000,0.00,false,,
1790445702.025,hud,speed,,,,,"0.0 / 0.0",0.000
1790445702.026,hud,heading,,,,,"0° / 0°",0.000
1790445702.026,hud,drift,,,,,"0.00%",0.000
1790445702.026,hud,turns,,,,,"✗ turns: 0/15",
1790445702.027,hud,calib_s,,,,,"✓ Buffer 6s",
1790445702.027,marker,gnss,52.38301500,-1.35017400,253.80,true,,
1790445702.027,marker,reconciled,0.00000000,0.00000000,0.00,false,,
1790445702.071,hud,speed,,,,,"0.0 / 0.0",0.000
1790445702.071,hud,heading,,,,,"0° / 0°",0.000
1790445702.071,hud,drift,,,,,"0.00%",0.000
1790445702.071,hud,turns,,,,,"✗ turns: 0/15",
1790445702.072,hud,calib_s,,,,,"✓ Buffer 6s",
1790445702.072,marker,gnss,52.38301500,-1.35017400,253.80,true,,
1790445702.072,marker,reconciled,0.00000000,0.00000000,0.00,false,,
1790445702.126,hud,speed,,,,,"0.0 / 0.0",0.000
1790445702.126,hud,heading,,,,,"0° / 0°",0.000
1790445702.127,hud,drift,,,,,"0.00%",0.000
1790445702.127,hud,turns,,,,,"✗ turns: 0/15",
1790445702.127,hud,calib_s,,,,,"✓ Buffer 6s",
1790445702.128,marker,gnss,52.38301500,-1.35017400,253.80,true,,
1790445702.128,marker,reconciled,0.00000000,0.00000000,0.00,false,,
1790445702.172,hud,speed,,,,,"0.0 / 0.0",0.000
1790445702.173,hud,heading,,,,,"0° / 0°",0.000
1790445702.173,hud,drift,,,,,"0.00%",0.000
1790445702.173,hud,turns,,,,,"✗ turns: 0/15",
1790445702.174,hud,calib_s,,,,,"✓ Buffer 6s",
1790445702.174,marker,gnss,52.38301500,-1.35017400,253.80,true,,
1790445702.174,marker,reconciled,0.00000000,0.00000000,0.00,false,,
1790445702.228,hud,speed,,,,,"0.0 / 0.0",0.000
1790445702.228,hud,heading,,,,,"0° / 0°",0.000
1790445702.229,hud,drift,,,,,"0.00%",0.000
1790445702.229,hud,turns,,,,,"✗ turns: 0/15",
1790445702.229,hud,calib_s,,,,,"✓ Buffer 6s",
1790445702.230,marker,gnss,52.38301500,-1.35017400,253.80,true,,
1790445702.230,marker,reconciled,0.00000000,0.00000000,0.00,false,,
1790445702.276,hud,speed,,,,,"0.0 / 0.0",0.000
1790445702.277,hud,heading,,,,,"0° / 0°",0.000
1790445702.277,hud,drift,,,,,"0.00%",0.000
1790445702.277,hud,turns,,,,,"✗ turns: 0/15",
1790445702.277,hud,calib_s,,,,,"✓ Buffer 6s",
1790445702.278,marker,gnss,52.38301500,-1.35017400,253.80,true,,
1790445702.279,marker,reconciled,0.00000000,0.00000000,0.00,false,,
1790445702.331,hud,speed,,,,,"0.0 / 0.0",0.000
1790445702.331,hud,heading,,,,,"0° / 0°",0.000
1790445702.332,hud,drift,,,,,"0.00%",0.000
1790445702.332,hud,turns,,,,,"✗ turns: 0/15",
1790445702.332,hud,calib_s,,,,,"✓ Buffer 6s",
1790445702.333,marker,gnss,52.38301500,-1.35017400,253.80,true,,
1790445702.333,marker,reconciled,0.00000000,0.00000000,0.00,false,,
1790445702.378,hud,speed,,,,,"0.0 / 0.0",0.000
1790445702.378,hud,heading,,,,,"0° / 0°",0.000
1790445702.378,hud,drift,,,,,"0.00%",0.000
1790445702.378,hud,turns,,,,,"✗ turns: 0/15",
1790445702.379,hud,calib_s,,,,,"✓ Buffer 6s",
1790445702.379,marker,gnss,52.38301500,-1.35017400,253.80,true,,
1790445702.379,marker,reconciled,0.00000000,0.00000000,0.00,false,,
1790445702.431,hud,speed,,,,,"0.0 / 0.0",0.000
1790445702.431,hud,heading,,,,,"0° / 0°",0.000
1790445702.432,hud,drift,,,,,"0.00%",0.000
1790445702.432,hud,turns,,,,,"✗ turns: 0/15",
1790445702.432,hud,calib_s,,,,,"✓ Buffer 6s",
1790445702.433,marker,gnss,52.38301500,-1.35017400,253.80,true,,
1790445702.433,marker,reconciled,0.00000000,0.00000000,0.00,false,,
1790445702.477,hud,speed,,,,,"0.0 / 0.0",0.000
1790445702.478,hud,heading,,,,,"0° / 0°",0.000
1790445702.478,hud,drift,,,,,"0.00%",0.000
1790445702.478,hud,turns,,,,,"✗ turns: 0/15",
1790445702.478,hud,calib_s,,,,,"✓ Buffer 6s",
1790445702.479,marker,gnss,52.38301500,-1.35017400,253.80,true,,
1790445702.479,marker,reconciled,0.00000000,0.00000000,0.00,false,,
1790445702.537,hud,speed,,,,,"0.0 / 0.0",0.000
1790445702.537,hud,heading,,,,,"0° / 0°",0.000
1790445702.538,hud,drift,,,,,"0.00%",0.000
1790445702.538,hud,turns,,,,,"✗ turns: 0/15",
1790445702.538,hud,calib_s,,,,,"✓ Buffer 6s",
1790445702.539,marker,gnss,52.38301500,-1.35017400,253.80,true,,
1790445702.539,marker,reconciled,0.00000000,0.00000000,0.00,false,,
1790445702.582,hud,speed,,,,,"0.0 / 0.0",0.000
1790445702.582,hud,heading,,,,,"0° / 0°",0.000
1790445702.582,hud,drift,,,,,"0.00%",0.000
1790445702.583,hud,turns,,,,,"✗ turns: 0/15",
1790445702.583,hud,calib_s,,,,,"✓ Buffer 6s",
1790445702.583,marker,gnss,52.38301500,-1.35017400,253.80,true,,
1790445702.583,marker,reconciled,0.00000000,0.00000000,0.00,false,,
1790445702.638,hud,speed,,,,,"0.0 / 0.0",0.000
1790445702.639,hud,heading,,,,,"0° / 0°",0.000
1790445702.639,hud,drift,,,,,"0.00%",0.000
1790445702.639,hud,turns,,,,,"✗ turns: 0/15",
1790445702.639,hud,calib_s,,,,,"✓ Buffer 6s",
1790445702.640,marker,gnss,52.38301500,-1.35017400,253.80,true,,
1790445702.640,marker,reconciled,0.00000000,0.00000000,0.00,false,,
1790445702.685,hud,speed,,,,,"0.0 / 0.0",0.000
1790445702.685,hud,heading,,,,,"0° / 0°",0.000
1790445702.685,hud,drift,,,,,"0.00%",0.000
1790445702.685,hud,turns,,,,,"✗ turns: 0/15",
1790445702.686,hud,calib_s,,,,,"✓ Buffer 6s",
1790445702.686,marker,gnss,52.38301500,-1.35017400,253.80,true,,
1790445702.687,marker,reconciled,0.00000000,0.00000000,0.00,false,,
1790445702.738,hud,speed,,,,,"0.0 / 0.0",0.000
1790445702.738,hud,heading,,,,,"0° / 0°",0.000
1790445702.739,hud,drift,,,,,"0.00%",0.000
1790445702.739,hud,turns,,,,,"✗ turns: 0/15",
1790445702.739,hud,calib_s,,,,,"✓ Buffer 6s",
1790445702.740,marker,gnss,52.38301500,-1.35017400,253.80,true,,
1790445702.740,marker,reconciled,0.00000000,0.00000000,0.00,false,,
1790445702.787,hud,speed,,,,,"0.0 / 0.0",0.000
1790445702.787,hud,heading,,,,,"0° / 0°",0.000
1790445702.788,hud,drift,,,,,"0.00%",0.000
1790445702.788,hud,turns,,,,,"✗ turns: 0/15",
1790445702.788,hud,calib_s,,,,,"✓ Buffer 6s",
1790445702.789,marker,gnss,52.38301500,-1.35017400,253.80,true,,
1790445702.789,marker,reconciled,0.00000000,0.00000000,0.00,false,,
1790445702.842,hud,speed,,,,,"0.0 / 0.0",0.000
1790445702.843,hud,heading,,,,,"0° / 0°",0.000
1790445702.843,hud,drift,,,,,"0.00%",0.000
1790445702.843,hud,turns,,,,,"✗ turns: 0/15",
1790445702.843,hud,calib_s,,,,,"✓ Buffer 6s",
1790445702.844,marker,gnss,52.38301500,-1.35017400,253.80,true,,
1790445702.844,marker,reconciled,0.00000000,0.00000000,0.00,false,,
1790445702.887,hud,speed,,,,,"0.0 / 0.0",0.000
1790445702.887,hud,heading,,,,,"0° / 0°",0.000
1790445702.888,hud,drift,,,,,"0.00%",0.000
1790445702.888,hud,turns,,,,,"✗ turns: 0/15",
1790445702.888,hud,calib_s,,,,,"✓ Buffer 6s",
1790445702.888,marker,gnss,52.38301500,-1.35017400,253.80,true,,
1790445702.889,marker,reconciled,0.00000000,0.00000000,0.00,false,,
1790445702.942,hud,speed,,,,,"0.0 / 0.0",0.000
1790445702.943,hud,heading,,,,,"0° / 0°",0.000
1790445702.943,hud,drift,,,,,"0.00%",0.000
1790445702.943,hud,turns,,,,,"✗ turns: 0/15",
1790445702.944,hud,calib_s,,,,,"✓ Buffer 6s",
1790445702.944,marker,gnss,52.38301500,-1.35017400,253.80,true,,
1790445702.945,marker,reconciled,0.00000000,0.00000000,0.00,false,,
1790445702.990,hud,speed,,,,,"0.0 / 0.0",0.000
1790445702.990,hud,heading,,,,,"0° / 0°",0.000
1790445702.991,hud,drift,,,,,"0.00%",0.000
1790445702.991,hud,turns,,,,,"✗ turns: 0/15",
1790445702.991,hud,calib_s,,,,,"✓ Buffer 6s",
1790445702.991,marker,gnss,52.38301500,-1.35017400,253.80,true,,
1790445702.992,marker,reconciled,0.00000000,0.00000000,0.00,false,,
1790445703.054,hud,speed,,,,,"0.0 / 0.0",0.000
1790445703.054,hud,heading,,,,,"0° / 0°",0.000
1790445703.054,hud,drift,,,,,"0.00%",0.000
1790445703.055,hud,turns,,,,,"✗ turns: 0/15",
1790445703.055,hud,calib_s,,,,,"✓ Buffer 6s",
1790445703.055,marker,gnss,52.38301500,-1.35017400,253.80,true,,
1790445703.055,marker,reconciled,0.00000000,0.00000000,0.00,false,,
1790445703.090,hud,speed,,,,,"0.0 / 0.0",0.000
1790445703.091,hud,heading,,,,,"0° / 0°",0.000
1790445703.091,hud,drift,,,,,"0.00%",0.000
1790445703.091,hud,turns,,,,,"✗ turns: 0/15",
1790445703.092,hud,calib_s,,,,,"✓ Buffer 6s",
1790445703.092,marker,gnss,52.38301500,-1.35017400,253.80,true,,
1790445703.093,marker,reconciled,0.00000000,0.00000000,0.00,false,,
1790445703.148,hud,speed,,,,,"0.0 / 0.0",0.000
1790445703.148,hud,heading,,,,,"0° / 0°",0.000
1790445703.148,hud,drift,,,,,"0.00%",0.000
1790445703.149,hud,turns,,,,,"✗ turns: 0/15",
1790445703.149,hud,calib_s,,,,,"✓ Buffer 6s",
1790445703.149,marker,gnss,52.38301500,-1.35017400,253.80,true,,
1790445703.150,marker,reconciled,0.00000000,0.00000000,0.00,false,,
1790445703.192,hud,speed,,,,,"0.0 / 0.0",0.000
1790445703.193,hud,heading,,,,,"0° / 0°",0.000
1790445703.193,hud,drift,,,,,"0.00%",0.000
1790445703.193,hud,turns,,,,,"✗ turns: 0/15",
1790445703.193,hud,calib_s,,,,,"✓ Buffer 6s",
1790445703.194,marker,gnss,52.38301500,-1.35017400,253.80,true,,
1790445703.194,marker,reconciled,0.00000000,0.00000000,0.00,false,,
1790445703.251,hud,speed,,,,,"0.0 / 0.0",0.000
1790445703.252,hud,heading,,,,,"0° / 0°",0.000
1790445703.252,hud,drift,,,,,"0.00%",0.000
1790445703.252,hud,turns,,,,,"✗ turns: 0/15",
1790445703.253,hud,calib_s,,,,,"✓ Buffer 6s",
1790445703.253,marker,gnss,52.38301500,-1.35017400,253.80,true,,
1790445703.253,marker,reconciled,0.00000000,0.00000000,0.00,false,,
1790445703.304,hud,speed,,,,,"0.0 / 0.0",0.000
1790445703.305,hud,heading,,,,,"0° / 0°",0.000
1790445703.305,hud,drift,,,,,"0.00%",0.000
1790445703.305,hud,turns,,,,,"✗ turns: 0/15",
1790445703.305,hud,calib_s,,,,,"✓ Buffer 6s",
1790445703.305,marker,gnss,52.38244200,-1.34697400,255.50,true,,
1790445703.306,marker,reconciled,0.00000000,0.00000000,0.00,false,,
1790445703.349,hud,speed,,,,,"0.0 / 0.0",0.000
1790445703.349,hud,heading,,,,,"0° / 0°",0.000
1790445703.350,hud,drift,,,,,"0.00%",0.000
1790445703.350,hud,turns,,,,,"✗ turns: 0/15",
1790445703.350,hud,calib_s,,,,,"✓ Buffer 6s",
1790445703.351,marker,gnss,52.38244200,-1.34697400,255.50,true,,
1790445703.351,marker,reconciled,0.00000000,0.00000000,0.00,false,,
1790445703.402,hud,speed,,,,,"0.0 / 0.0",0.000
1790445703.402,hud,heading,,,,,"0° / 0°",0.000
1790445703.402,hud,drift,,,,,"0.00%",0.000
1790445703.403,hud,turns,,,,,"✗ turns: 0/15",
1790445703.403,hud,calib_s,,,,,"✓ Buffer 6s",
1790445703.403,marker,gnss,52.38244200,-1.34697400,255.50,true,,
1790445703.404,marker,reconciled,0.00000000,0.00000000,0.00,false,,
1790445703.452,hud,speed,,,,,"0.0 / 0.0",0.000
1790445703.453,hud,heading,,,,,"0° / 0°",0.000
1790445703.453,hud,drift,,,,,"0.00%",0.000
1790445703.453,hud,turns,,,,,"✗ turns: 0/15",
1790445703.453,hud,calib_s,,,,,"✓ Buffer 6s",
1790445703.454,marker,gnss,52.38244200,-1.34697400,255.50,true,,
1790445703.454,marker,reconciled,0.00000000,0.00000000,0.00,false,,
1790445703.499,hud,speed,,,,,"0.0 / 0.0",0.000
1790445703.499,hud,heading,,,,,"0° / 0°",0.000
1790445703.500,hud,drift,,,,,"0.00%",0.000
1790445703.500,hud,turns,,,,,"✗ turns: 0/15",
1790445703.500,hud,calib_s,,,,,"✓ Buffer 6s",
1790445703.500,marker,gnss,52.38244200,-1.34697400,255.50,true,,
1790445703.501,marker,reconciled,0.00000000,0.00000000,0.00,false,,
1790445703.560,hud,speed,,,,,"0.0 / 0.0",0.000
1790445703.561,hud,heading,,,,,"0° / 0°",0.000
1790445703.561,hud,drift,,,,,"0.00%",0.000
1790445703.562,hud,turns,,,,,"✗ turns: 0/15",
1790445703.562,hud,calib_s,,,,,"✓ Buffer 6s",
1790445703.563,marker,gnss,52.38244200,-1.34697400,255.50,true,,
1790445703.563,marker,reconciled,0.00000000,0.00000000,0.00,false,,
1790445703.601,hud,speed,,,,,"0.0 / 0.0",0.000
1790445703.601,hud,heading,,,,,"0° / 0°",0.000
1790445703.602,hud,drift,,,,,"0.00%",0.000
1790445703.602,hud,turns,,,,,"✗ turns: 0/15",
1790445703.603,hud,calib_s,,,,,"✓ Buffer 6s",
1790445703.603,marker,gnss,52.38244200,-1.34697400,255.50,true,,
1790445703.603,marker,reconciled,0.00000000,0.00000000,0.00,false,,
1790445703.656,hud,speed,,,,,"0.0 / 0.0",0.000
1790445703.657,hud,heading,,,,,"0° / 0°",0.000
1790445703.657,hud,drift,,,,,"0.00%",0.000
1790445703.657,hud,turns,,,,,"✗ turns: 0/15",
1790445703.658,hud,calib_s,,,,,"✓ Buffer 6s",
1790445703.658,marker,gnss,52.38244200,-1.34697400,255.50,true,,
1790445703.658,marker,reconciled,0.00000000,0.00000000,0.00,false,,
1790445703.705,hud,speed,,,,,"0.0 / 0.0",0.000
1790445703.705,hud,heading,,,,,"0° / 0°",0.000
1790445703.706,hud,drift,,,,,"0.00%",0.000
1790445703.706,hud,turns,,,,,"✗ turns: 0/15",
1790445703.706,hud,calib_s,,,,,"✓ Buffer 6s",
1790445703.707,marker,gnss,52.38244200,-1.34697400,255.50,true,,
1790445703.707,marker,reconciled,0.00000000,0.00000000,0.00,false,,
1790445703.765,hud,speed,,,,,"0.0 / 0.0",0.000
1790445703.766,hud,heading,,,,,"0° / 0°",0.000
1790445703.766,hud,drift,,,,,"0.00%",0.000
1790445703.767,hud,turns,,,,,"✗ turns: 0/15",
1790445703.767,hud,calib_s,,,,,"✓ Buffer 6s",
1790445703.767,marker,gnss,52.38244200,-1.34697400,255.50,true,,
1790445703.768,marker,reconciled,0.00000000,0.00000000,0.00,false,,
1790445703.809,hud,speed,,,,,"0.0 / 0.0",0.000
1790445703.809,hud,heading,,,,,"0° / 0°",0.000
1790445703.810,hud,drift,,,,,"0.00%",0.000
1790445703.810,hud,turns,,,,,"✗ turns: 0/15",
1790445703.810,hud,calib_s,,,,,"✓ Buffer 6s",
1790445703.811,marker,gnss,52.38244200,-1.34697400,255.50,true,,
1790445703.811,marker,reconciled,0.00000000,0.00000000,0.00,false,,
1790445703.864,hud,speed,,,,,"0.0 / 0.0",0.000
1790445703.865,hud,heading,,,,,"0° / 0°",0.000
1790445703.865,hud,drift,,,,,"0.00%",0.000
1790445703.865,hud,turns,,,,,"✗ turns: 0/15",
1790445703.865,hud,calib_s,,,,,"✓ Buffer 6s",
1790445703.866,marker,gnss,52.38244200,-1.34697400,255.50,true,,
1790445703.866,marker,reconciled,0.00000000,0.00000000,0.00,false,,
1790445703.910,hud,speed,,,,,"0.0 / 0.0",0.000
1790445703.911,hud,heading,,,,,"0° / 0°",0.000
1790445703.911,hud,drift,,,,,"0.00%",0.000
1790445703.912,hud,turns,,,,,"✗ turns: 0/15",
1790445703.912,hud,calib_s,,,,,"✓ Buffer 6s",
1790445703.912,marker,gnss,52.38244200,-1.34697400,255.50,true,,
1790445703.913,marker,reconciled,0.00000000,0.00000000,0.00,false,,
1790445703.966,hud,speed,,,,,"0.0 / 0.0",0.000
1790445703.966,hud,heading,,,,,"0° / 0°",0.000
1790445703.967,hud,drift,,,,,"0.00%",0.000
1790445703.967,hud,turns,,,,,"✗ turns: 0/15",
1790445703.967,hud,calib_s,,,,,"✓ Buffer 6s",
1790445703.967,marker,gnss,52.38244200,-1.34697400,255.50,true,,
1790445703.968,marker,reconciled,0.00000000,0.00000000,0.00,false,,
1790445704.014,hud,speed,,,,,"0.0 / 0.0",0.000
1790445704.015,hud,heading,,,,,"0° / 0°",0.000
1790445704.015,hud,drift,,,,,"0.00%",0.000
1790445704.016,hud,turns,,,,,"✗ turns: 0/15",
1790445704.016,hud,calib_s,,,,,"✓ Buffer 6s",
1790445704.016,marker,gnss,52.38244200,-1.34697400,255.50,true,,
1790445704.017,marker,reconciled,0.00000000,0.00000000,0.00,false,,
1790445704.068,hud,speed,,,,,"0.0 / 0.0",0.000
1790445704.068,hud,heading,,,,,"0° / 0°",0.000
1790445704.069,hud,drift,,,,,"0.00%",0.000
1790445704.069,hud,turns,,,,,"✗ turns: 0/15",
1790445704.069,hud,calib_s,,,,,"✓ Buffer 6s",
1790445704.070,marker,gnss,52.38244200,-1.34697400,255.50,true,,
1790445704.070,marker,reconciled,0.00000000,0.00000000,0.00,false,,
1790445704.115,hud,speed,,,,,"0.0 / 0.0",0.000
1790445704.116,hud,heading,,,,,"0° / 0°",0.000
1790445704.116,hud,drift,,,,,"0.00%",0.000
1790445704.116,hud,turns,,,,,"✗ turns: 0/15",
1790445704.116,hud,calib_s,,,,,"✓ Buffer 6s",
1790445704.117,marker,gnss,52.38244200,-1.34697400,255.50,true,,
1790445704.117,marker,reconciled,0.00000000,0.00000000,0.00,false,,
1790445704.167,hud,speed,,,,,"0.0 / 0.0",0.000
1790445704.168,hud,heading,,,,,"0° / 0°",0.000
1790445704.168,hud,drift,,,,,"0.00%",0.000
1790445704.168,hud,turns,,,,,"✗ turns: 0/15",
1790445704.168,hud,calib_s,,,,,"✓ Buffer 6s",
1790445704.169,marker,gnss,52.38244200,-1.34697400,255.50,true,,
1790445704.169,marker,reconciled,0.00000000,0.00000000,0.00,false,,
1790445704.229,hud,speed,,,,,"0.0 / 0.0",0.000
1790445704.229,hud,heading,,,,,"0° / 0°",0.000
1790445704.230,hud,drift,,,,,"0.00%",0.000
1790445704.230,hud,turns,,,,,"✗ turns: 0/15",
1790445704.230,hud,calib_s,,,,,"✓ Buffer 6s",
1790445704.231,marker,gnss,52.38244200,-1.34697400,255.50,true,,
1790445704.231,marker,reconciled,0.00000000,0.00000000,0.00,false,,
1790445704.282,hud,speed,,,,,"0.0 / 0.0",0.000
1790445704.283,hud,heading,,,,,"0° / 0°",0.000
1790445704.284,hud,drift,,,,,"0.00%",0.000
1790445704.285,hud,turns,,,,,"✗ turns: 0/15",
1790445704.285,hud,calib_s,,,,,"✓ Buffer 6s",
1790445704.286,marker,gnss,52.38244200,-1.34697400,255.50,true,,
1790445704.286,marker,reconciled,0.00000000,0.00000000,0.00,false,,
1790445704.328,hud,speed,,,,,"0.0 / 0.0",0.000
1790445704.328,hud,heading,,,,,"0° / 0°",0.000
1790445704.329,hud,drift,,,,,"0.00%",0.000
1790445704.329,hud,turns,,,,,"✗ turns: 0/15",
1790445704.329,hud,calib_s,,,,,"✓ Buffer 6s",
1790445704.330,marker,gnss,52.38244200,-1.34697400,255.50,true,,
1790445704.330,marker,reconciled,0.00000000,0.00000000,0.00,false,,
1790445704.383,hud,speed,,,,,"0.0 / 0.0",0.000
1790445704.383,hud,heading,,,,,"0° / 0°",0.000
1790445704.384,hud,drift,,,,,"0.00%",0.000
1790445704.384,hud,turns,,,,,"✗ turns: 0/15",
1790445704.384,hud,calib_s,,,,,"✓ Buffer 6s",
1790445704.385,marker,gnss,52.38244200,-1.34697400,255.50,true,,
1790445704.385,marker,reconciled,0.00000000,0.00000000,0.00,false,,
1790445704.427,hud,speed,,,,,"0.0 / 0.0",0.000
1790445704.428,hud,heading,,,,,"0° / 0°",0.000
1790445704.428,hud,drift,,,,,"0.00%",0.000
1790445704.429,hud,turns,,,,,"✗ turns: 0/15",
1790445704.429,hud,calib_s,,,,,"✓ Buffer 6s",
1790445704.430,marker,gnss,52.38244200,-1.34697400,255.50,true,,
1790445704.430,marker,reconciled,0.00000000,0.00000000,0.00,false,,
1790445704.482,hud,speed,,,,,"0.0 / 0.0",0.000
1790445704.483,hud,heading,,,,,"0° / 0°",0.000
1790445704.483,hud,drift,,,,,"0.00%",0.000
1790445704.484,hud,turns,,,,,"✗ turns: 0/15",
1790445704.484,hud,calib_s,,,,,"✓ Buffer 6s",
1790445704.485,marker,gnss,52.38244200,-1.34697400,255.50,true,,
1790445704.485,marker,reconciled,0.00000000,0.00000000,0.00,false,,
1790445704.527,hud,speed,,,,,"0.0 / 0.0",0.000
1790445704.528,hud,heading,,,,,"0° / 0°",0.000
1790445704.528,hud,drift,,,,,"0.00%",0.000
1790445704.529,hud,turns,,,,,"✗ turns: 0/15",
1790445704.529,hud,calib_s,,,,,"✓ Buffer 6s",
1790445704.529,marker,gnss,52.38244200,-1.34697400,255.50,true,,
1790445704.530,marker,reconciled,0.00000000,0.00000000,0.00,false,,
1790445704.583,hud,speed,,,,,"0.0 / 0.0",0.000
1790445704.584,hud,heading,,,,,"0° / 0°",0.000
1790445704.584,hud,drift,,,,,"0.00%",0.000
1790445704.584,hud,turns,,,,,"✗ turns: 0/15",
1790445704.585,hud,calib_s,,,,,"✓ Buffer 6s",
1790445704.585,marker,gnss,52.38244200,-1.34697400,255.50,true,,
1790445704.586,marker,reconciled,0.00000000,0.00000000,0.00,false,,
1790445704.638,hud,speed,,,,,"0.0 / 0.0",0.000
1790445704.639,hud,heading,,,,,"0° / 0°",0.000
1790445704.639,hud,drift,,,,,"0.00%",0.000
1790445704.640,hud,turns,,,,,"✗ turns: 0/15",
1790445704.640,hud,calib_s,,,,,"✓ Buffer 6s",
1790445704.640,marker,gnss,52.38244200,-1.34697400,255.50,true,,
1790445704.641,marker,reconciled,0.00000000,0.00000000,0.00,false,,
1790445704.685,hud,speed,,,,,"0.0 / 0.0",0.000
1790445704.686,hud,heading,,,,,"0° / 0°",0.000
1790445704.686,hud,drift,,,,,"0.00%",0.000
1790445704.687,hud,turns,,,,,"✗ turns: 0/15",
1790445704.687,hud,calib_s,,,,,"✓ Buffer 6s",
1790445704.687,marker,gnss,52.38244200,-1.34697400,255.50,true,,
1790445704.688,marker,reconciled,0.00000000,0.00000000,0.00,false,,
1790445704.740,hud,speed,,,,,"0.0 / 0.0",0.000
1790445704.741,hud,heading,,,,,"0° / 0°",0.000
1790445704.741,hud,drift,,,,,"0.00%",0.000
1790445704.742,hud,turns,,,,,"✗ turns: 0/15",
1790445704.742,hud,calib_s,,,,,"✓ Buffer 6s",
1790445704.743,marker,gnss,52.38244200,-1.34697400,255.50,true,,
1790445704.744,marker,reconciled,0.00000000,0.00000000,0.00,false,,
1790445704.782,hud,speed,,,,,"0.0 / 0.0",0.000
1790445704.782,hud,heading,,,,,"0° / 0°",0.000
1790445704.783,hud,drift,,,,,"0.00%",0.000
1790445704.783,hud,turns,,,,,"✗ turns: 0/15",
1790445704.784,hud,calib_s,,,,,"✓ Buffer 6s",
1790445704.784,marker,gnss,52.38244200,-1.34697400,255.50,true,,
1790445704.785,marker,reconciled,0.00000000,0.00000000,0.00,false,,
1790445704.836,hud,speed,,,,,"0.0 / 0.0",0.000
1790445704.836,hud,heading,,,,,"0° / 0°",0.000
1790445704.837,hud,drift,,,,,"0.00%",0.000
1790445704.837,hud,turns,,,,,"✗ turns: 0/15",
1790445704.837,hud,calib_s,,,,,"✓ Buffer 6s",
1790445704.837,marker,gnss,52.38244200,-1.34697400,255.50,true,,
1790445704.838,marker,reconciled,0.00000000,0.00000000,0.00,false,,
1790445704.885,hud,speed,,,,,"0.0 / 0.0",0.000
1790445704.886,hud,heading,,,,,"0° / 0°",0.000
1790445704.886,hud,drift,,,,,"0.00%",0.000
1790445704.886,hud,turns,,,,,"✗ turns: 0/15",
1790445704.887,hud,calib_s,,,,,"✓ Buffer 6s",
1790445704.887,marker,gnss,52.38244200,-1.34697400,255.50,true,,
1790445704.888,marker,reconciled,0.00000000,0.00000000,0.00,false,,
1790445704.935,hud,speed,,,,,"0.0 / 0.0",0.000
1790445704.936,hud,heading,,,,,"0° / 0°",0.000
1790445704.936,hud,drift,,,,,"0.00%",0.000
1790445704.936,hud,turns,,,,,"✗ turns: 0/15",
1790445704.937,hud,calib_s,,,,,"✓ Buffer 6s",
1790445704.937,marker,gnss,52.38244200,-1.34697400,255.50,true,,
1790445704.938,marker,reconciled,0.00000000,0.00000000,0.00,false,,
1790445704.983,hud,speed,,,,,"0.0 / 0.0",0.000
1790445704.983,hud,heading,,,,,"0° / 0°",0.000
1790445704.983,hud,drift,,,,,"0.00%",0.000
1790445704.983,hud,turns,,,,,"✗ turns: 0/15",
1790445704.984,hud,calib_s,,,,,"✓ Buffer 6s",
1790445704.984,marker,gnss,52.38244200,-1.34697400,255.50,true,,
1790445704.984,marker,reconciled,0.00000000,0.00000000,0.00,false,,
1790445705.034,hud,speed,,,,,"0.0 / 0.0",0.000
1790445705.034,hud,heading,,,,,"0° / 0°",0.000
1790445705.035,hud,drift,,,,,"0.00%",0.000
1790445705.035,hud,turns,,,,,"✗ turns: 0/15",
1790445705.035,hud,calib_s,,,,,"✓ Buffer 6s",
1790445705.035,marker,gnss,52.38244200,-1.34697400,255.50,true,,
1790445705.036,marker,reconciled,0.00000000,0.00000000,0.00,false,,
1790445705.085,hud,speed,,,,,"0.0 / 0.0",0.000
1790445705.085,hud,heading,,,,,"0° / 0°",0.000
1790445705.086,hud,drift,,,,,"0.00%",0.000
1790445705.086,hud,turns,,,,,"✗ turns: 0/15",
1790445705.086,hud,calib_s,,,,,"✓ Buffer 6s",
1790445705.086,marker,gnss,52.38244200,-1.34697400,255.50,true,,
1790445705.087,marker,reconciled,0.00000000,0.00000000,0.00,false,,
1790445705.138,hud,speed,,,,,"0.0 / 0.0",0.000
1790445705.138,hud,heading,,,,,"0° / 0°",0.000
1790445705.138,hud,drift,,,,,"0.00%",0.000
1790445705.139,hud,turns,,,,,"✗ turns: 0/15",
1790445705.139,hud,calib_s,,,,,"✓ Buffer 6s",
1790445705.139,marker,gnss,52.38244200,-1.34697400,255.50,true,,
1790445705.139,marker,reconciled,0.00000000,0.00000000,0.00,false,,
1790445705.186,hud,speed,,,,,"0.0 / 0.0",0.000
1790445705.186,hud,heading,,,,,"0° / 0°",0.000
1790445705.186,hud,drift,,,,,"0.00%",0.000
1790445705.187,hud,turns,,,,,"✗ turns: 0/15",
1790445705.187,hud,calib_s,,,,,"✓ Buffer 6s",
1790445705.187,marker,gnss,52.38244200,-1.34697400,255.50,true,,
1790445705.188,marker,reconciled,0.00000000,0.00000000,0.00,false,,
1790445705.239,hud,speed,,,,,"0.0 / 0.0",0.000
1790445705.240,hud,heading,,,,,"0° / 0°",0.000
1790445705.240,hud,drift,,,,,"0.00%",0.000
1790445705.240,hud,turns,,,,,"✗ turns: 0/15",
1790445705.240,hud,calib_s,,,,,"✓ Buffer 6s",
1790445705.241,marker,gnss,52.38244200,-1.34697400,255.50,true,,
1790445705.241,marker,reconciled,0.00000000,0.00000000,0.00,false,,
1790445705.289,hud,speed,,,,,"0.0 / 0.0",0.000
1790445705.289,hud,heading,,,,,"0° / 0°",0.000
1790445705.290,hud,drift,,,,,"0.00%",0.000
1790445705.290,hud,turns,,,,,"✗ turns: 0/15",
1790445705.290,hud,calib_s,,,,,"✓ Buffer 6s",
1790445705.291,marker,gnss,52.38244200,-1.34697400,255.50,true,,
1790445705.291,marker,reconciled,0.00000000,0.00000000,0.00,false,,
1790445705.341,hud,speed,,,,,"0.0 / 0.0",0.000
1790445705.341,hud,heading,,,,,"0° / 0°",0.000
1790445705.342,hud,drift,,,,,"0.00%",0.000
1790445705.342,hud,turns,,,,,"✗ turns: 0/15",
1790445705.342,hud,calib_s,,,,,"✓ Buffer 6s",
1790445705.343,marker,gnss,52.38244200,-1.34697400,255.50,true,,
1790445705.343,marker,reconciled,0.00000000,0.00000000,0.00,false,,
1790445705.390,hud,speed,,,,,"0.0 / 0.0",0.000
1790445705.390,hud,heading,,,,,"0° / 0°",0.000
1790445705.390,hud,drift,,,,,"0.00%",0.000
1790445705.391,hud,turns,,,,,"✗ turns: 0/15",
1790445705.391,hud,calib_s,,,,,"✓ Buffer 6s",
1790445705.391,marker,gnss,52.38244200,-1.34697400,255.50,true,,
1790445705.392,marker,reconciled,0.00000000,0.00000000,0.00,false,,
1790445705.450,hud,speed,,,,,"0.0 / 0.0",0.000
1790445705.450,hud,heading,,,,,"0° / 0°",0.000
1790445705.451,hud,drift,,,,,"0.00%",0.000
1790445705.451,hud,turns,,,,,"✗ turns: 0/15",
1790445705.452,hud,calib_s,,,,,"✓ Buffer 6s",
1790445705.452,marker,gnss,52.38244200,-1.34697400,255.50,true,,
1790445705.453,marker,reconciled,0.00000000,0.00000000,0.00,false,,
1790445705.494,hud,speed,,,,,"0.0 / 0.0",0.000
1790445705.494,hud,heading,,,,,"0° / 0°",0.000
1790445705.494,hud,drift,,,,,"0.00%",0.000
1790445705.495,hud,turns,,,,,"✗ turns: 0/15",
1790445705.495,hud,calib_s,,,,,"✓ Buffer 6s",
1790445705.495,marker,gnss,52.38244200,-1.34697400,255.50,true,,
1790445705.495,marker,reconciled,0.00000000,0.00000000,0.00,false,,
1790445705.550,hud,speed,,,,,"0.0 / 0.0",0.000
1790445705.550,hud,heading,,,,,"0° / 0°",0.000
1790445705.550,hud,drift,,,,,"0.00%",0.000
1790445705.551,hud,turns,,,,,"✗ turns: 0/15",
1790445705.551,hud,calib_s,,,,,"✓ Buffer 6s",
1790445705.551,marker,gnss,52.38244200,-1.34697400,255.50,true,,
1790445705.552,marker,reconciled,0.00000000,0.00000000,0.00,false,,
1790445705.597,hud,speed,,,,,"0.0 / 0.0",0.000
1790445705.598,hud,heading,,,,,"0° / 0°",0.000
1790445705.598,hud,drift,,,,,"0.00%",0.000
1790445705.598,hud,turns,,,,,"✗ turns: 0/15",
1790445705.598,hud,calib_s,,,,,"✓ Buffer 6s",
1790445705.599,marker,gnss,52.38244200,-1.34697400,255.50,true,,
1790445705.599,marker,reconciled,0.00000000,0.00000000,0.00,false,,
1790445705.652,hud,speed,,,,,"0.0 / 0.0",0.000
1790445705.653,hud,heading,,,,,"0° / 0°",0.000
1790445705.653,hud,drift,,,,,"0.00%",0.000
1790445705.653,hud,turns,,,,,"✗ turns: 0/15",
1790445705.654,hud,calib_s,,,,,"✓ Buffer 6s",
1790445705.654,marker,gnss,52.38244200,-1.34697400,255.50,true,,
1790445705.655,marker,reconciled,0.00000000,0.00000000,0.00,false,,
1790445705.699,hud,speed,,,,,"0.0 / 0.0",0.000
1790445705.700,hud,heading,,,,,"0° / 0°",0.000
1790445705.700,hud,drift,,,,,"0.00%",0.000
1790445705.700,hud,turns,,,,,"✗ turns: 0/15",
1790445705.700,hud,calib_s,,,,,"✓ Buffer 6s",
1790445705.701,marker,gnss,52.38244200,-1.34697400,255.50,true,,
1790445705.701,marker,reconciled,0.00000000,0.00000000,0.00,false,,
1790445705.760,hud,speed,,,,,"0.0 / 0.0",0.000
1790445705.761,hud,heading,,,,,"0° / 0°",0.000
1790445705.761,hud,drift,,,,,"0.00%",0.000
1790445705.761,hud,turns,,,,,"✗ turns: 0/15",
1790445705.761,hud,calib_s,,,,,"✓ Buffer 6s",
1790445705.762,marker,gnss,52.38244200,-1.34697400,255.50,true,,
1790445705.762,marker,reconciled,0.00000000,0.00000000,0.00,false,,
1790445705.802,hud,speed,,,,,"0.0 / 0.0",0.000
1790445705.803,hud,heading,,,,,"0° / 0°",0.000
1790445705.803,hud,drift,,,,,"0.00%",0.000
1790445705.803,hud,turns,,,,,"✗ turns: 0/15",
1790445705.803,hud,calib_s,,,,,"✓ Buffer 6s",
1790445705.804,marker,gnss,52.38244200,-1.34697400,255.50,true,,
1790445705.804,marker,reconciled,0.00000000,0.00000000,0.00,false,,
1790445705.859,hud,speed,,,,,"0.0 / 0.0",0.000
1790445705.860,hud,heading,,,,,"0° / 0°",0.000
1790445705.860,hud,drift,,,,,"0.00%",0.000
1790445705.860,hud,turns,,,,,"✗ turns: 0/15",
1790445705.860,hud,calib_s,,,,,"✓ Buffer 6s",
1790445705.861,marker,gnss,52.38244200,-1.34697400,255.50,true,,
1790445705.861,marker,reconciled,0.00000000,0.00000000,0.00,false,,
1790445705.903,hud,speed,,,,,"0.0 / 0.0",0.000
1790445705.903,hud,heading,,,,,"0° / 0°",0.000
1790445705.904,hud,drift,,,,,"0.00%",0.000
1790445705.904,hud,turns,,,,,"✗ turns: 0/15",
1790445705.904,hud,calib_s,,,,,"✓ Buffer 6s",
1790445705.904,marker,gnss,52.38244200,-1.34697400,255.50,true,,
1790445705.905,marker,reconciled,0.00000000,0.00000000,0.00,false,,
1790445705.958,hud,speed,,,,,"0.0 / 0.0",0.000
1790445705.959,hud,heading,,,,,"0° / 0°",0.000
1790445705.959,hud,drift,,,,,"0.00%",0.000
1790445705.959,hud,turns,,,,,"✗ turns: 0/15",
1790445705.960,hud,calib_s,,,,,"✓ Buffer 6s",
1790445705.960,marker,gnss,52.38244200,-1.34697400,255.50,true,,
1790445705.960,marker,reconciled,0.00000000,0.00000000,0.00,false,,
1790445706.006,hud,speed,,,,,"0.0 / 0.0",0.000
1790445706.007,hud,heading,,,,,"0° / 0°",0.000
1790445706.007,hud,drift,,,,,"0.00%",0.000
1790445706.007,hud,turns,,,,,"✗ turns: 0/15",
1790445706.007,hud,calib_s,,,,,"✓ Buffer 6s",
1790445706.008,marker,gnss,52.38244200,-1.34697400,255.50,true,,
1790445706.008,marker,reconciled,0.00000000,0.00000000,0.00,false,,
1790445706.061,hud,speed,,,,,"0.0 / 0.0",0.000
1790445706.061,hud,heading,,,,,"0° / 0°",0.000
1790445706.062,hud,drift,,,,,"0.00%",0.000
1790445706.062,hud,turns,,,,,"✗ turns: 0/15",
1790445706.062,hud,calib_s,,,,,"✓ Buffer 6s",
1790445706.063,marker,gnss,52.38244200,-1.34697400,255.50,true,,
1790445706.063,marker,reconciled,0.00000000,0.00000000,0.00,false,,
1790445706.110,hud,speed,,,,,"0.0 / 0.0",0.000
1790445706.111,hud,heading,,,,,"0° / 0°",0.000
1790445706.111,hud,drift,,,,,"0.00%",0.000
1790445706.111,hud,turns,,,,,"✗ turns: 0/15",
1790445706.112,hud,calib_s,,,,,"✓ Buffer 6s",
1790445706.112,marker,gnss,52.38244200,-1.34697400,255.50,true,,
1790445706.113,marker,reconciled,0.00000000,0.00000000,0.00,false,,
1790445706.162,hud,speed,,,,,"0.0 / 0.0",0.000
1790445706.162,hud,heading,,,,,"0° / 0°",0.000
1790445706.163,hud,drift,,,,,"0.00%",0.000
1790445706.163,hud,turns,,,,,"✗ turns: 0/15",
1790445706.163,hud,calib_s,,,,,"✓ Buffer 6s",
1790445706.164,marker,gnss,52.38244200,-1.34697400,255.50,true,,
1790445706.164,marker,reconciled,0.00000000,0.00000000,0.00,false,,
1790445706.214,hud,speed,,,,,"0.0 / 0.0",0.000
1790445706.215,hud,heading,,,,,"0° / 0°",0.000
1790445706.215,hud,drift,,,,,"0.00%",0.000
1790445706.215,hud,turns,,,,,"✗ turns: 0/15",
1790445706.216,hud,calib_s,,,,,"✓ Buffer 6s",
1790445706.216,marker,gnss,52.38244200,-1.34697400,255.50,true,,
1790445706.216,marker,reconciled,0.00000000,0.00000000,0.00,false,,
1790445706.262,hud,speed,,,,,"0.0 / 0.0",0.000
1790445706.263,hud,heading,,,,,"0° / 0°",0.000
1790445706.263,hud,drift,,,,,"0.00%",0.000
1790445706.263,hud,turns,,,,,"✗ turns: 0/15",
1790445706.264,hud,calib_s,,,,,"✓ Buffer 6s",
1790445706.264,marker,gnss,52.38244200,-1.34697400,255.50,true,,
1790445706.264,marker,reconciled,0.00000000,0.00000000,0.00,false,,
1790445706.312,hud,speed,,,,,"0.0 / 0.0",0.000
1790445706.313,hud,heading,,,,,"0° / 0°",0.000
1790445706.313,hud,drift,,,,,"0.00%",0.000
1790445706.313,hud,turns,,,,,"✗ turns: 0/15",
1790445706.313,hud,calib_s,,,,,"✓ Buffer 6s",
1790445706.314,marker,gnss,52.38244200,-1.34697400,255.50,true,,
1790445706.314,marker,reconciled,0.00000000,0.00000000,0.00,false,,
1790445706.372,hud,speed,,,,,"0.0 / 0.0",0.000
1790445706.372,hud,heading,,,,,"0° / 0°",0.000
1790445706.372,hud,drift,,,,,"0.00%",0.000
1790445706.373,hud,turns,,,,,"✗ turns: 0/15",
1790445706.373,hud,calib_s,,,,,"✓ Buffer 6s",
1790445706.373,marker,gnss,52.38244200,-1.34697400,255.50,true,,
1790445706.374,marker,reconciled,0.00000000,0.00000000,0.00,false,,
1790445706.416,hud,speed,,,,,"0.0 / 0.0",0.000
1790445706.416,hud,heading,,,,,"0° / 0°",0.000
1790445706.416,hud,drift,,,,,"0.00%",0.000
1790445706.416,hud,turns,,,,,"✗ turns: 0/15",
1790445706.417,hud,calib_s,,,,,"✓ Buffer 6s",
1790445706.417,marker,gnss,52.38244200,-1.34697400,255.50,true,,
1790445706.417,marker,reconciled,0.00000000,0.00000000,0.00,false,,
1790445706.473,hud,speed,,,,,"0.0 / 0.0",0.000
1790445706.474,hud,heading,,,,,"0° / 0°",0.000
1790445706.474,hud,drift,,,,,"0.00%",0.000
1790445706.475,hud,turns,,,,,"✗ turns: 0/15",
1790445706.475,hud,calib_s,,,,,"✓ Buffer 6s",
1790445706.475,marker,gnss,52.38244200,-1.34697400,255.50,true,,
1790445706.476,marker,reconciled,0.00000000,0.00000000,0.00,false,,
1790445706.519,hud,speed,,,,,"0.0 / 0.0",0.000
1790445706.519,hud,heading,,,,,"0° / 0°",0.000
1790445706.520,hud,drift,,,,,"0.00%",0.000
1790445706.520,hud,turns,,,,,"✗ turns: 0/15",
1790445706.520,hud,calib_s,,,,,"✓ Buffer 6s",
1790445706.521,marker,gnss,52.38244200,-1.34697400,255.50,true,,
1790445706.521,marker,reconciled,0.00000000,0.00000000,0.00,false,,
1790445706.575,hud,speed,,,,,"0.0 / 0.0",0.000
1790445706.575,hud,heading,,,,,"0° / 0°",0.000
1790445706.576,hud,drift,,,,,"0.00%",0.000
1790445706.576,hud,turns,,,,,"✗ turns: 0/15",
1790445706.576,hud,calib_s,,,,,"✓ Buffer 6s",
1790445706.577,marker,gnss,52.38244200,-1.34697400,255.50,true,,
1790445706.577,marker,reconciled,0.00000000,0.00000000,0.00,false,,
1790445706.623,hud,speed,,,,,"0.0 / 0.0",0.000
1790445706.624,hud,heading,,,,,"0° / 0°",0.000
1790445706.624,hud,drift,,,,,"0.00%",0.000
1790445706.624,hud,turns,,,,,"✗ turns: 0/15",
1790445706.625,hud,calib_s,,,,,"✓ Buffer 6s",
1790445706.625,marker,gnss,52.38244200,-1.34697400,255.50,true,,
1790445706.625,marker,reconciled,0.00000000,0.00000000,0.00,false,,
1790445706.678,hud,speed,,,,,"0.0 / 0.0",0.000
1790445706.679,hud,heading,,,,,"0° / 0°",0.000
1790445706.679,hud,drift,,,,,"0.00%",0.000
1790445706.679,hud,turns,,,,,"✗ turns: 0/15",
1790445706.679,hud,calib_s,,,,,"✓ Buffer 6s",
1790445706.680,marker,gnss,52.38244200,-1.34697400,255.50,true,,
1790445706.680,marker,reconciled,0.00000000,0.00000000,0.00,false,,
1790445706.724,hud,speed,,,,,"0.0 / 0.0",0.000
1790445706.724,hud,heading,,,,,"0° / 0°",0.000
1790445706.725,hud,drift,,,,,"0.00%",0.000
1790445706.725,hud,turns,,,,,"✗ turns: 0/15",
1790445706.725,hud,calib_s,,,,,"✓ Buffer 6s",
1790445706.725,marker,gnss,52.38244200,-1.34697400,255.50,true,,
1790445706.725,marker,reconciled,0.00000000,0.00000000,0.00,false,,
1790445706.779,hud,speed,,,,,"0.0 / 0.0",0.000
1790445706.780,hud,heading,,,,,"0° / 0°",0.000
1790445706.780,hud,drift,,,,,"0.00%",0.000
1790445706.780,hud,turns,,,,,"✗ turns: 0/15",
1790445706.781,hud,calib_s,,,,,"✓ Buffer 6s",
1790445706.781,marker,gnss,52.38244200,-1.34697400,255.50,true,,
1790445706.782,marker,reconciled,0.00000000,0.00000000,0.00,false,,
1790445706.826,hud,speed,,,,,"0.0 / 0.0",0.000
1790445706.827,hud,heading,,,,,"0° / 0°",0.000
1790445706.827,hud,drift,,,,,"0.00%",0.000
1790445706.827,hud,turns,,,,,"✗ turns: 0/15",
1790445706.828,hud,calib_s,,,,,"✓ Buffer 6s",
1790445706.828,marker,gnss,52.38244200,-1.34697400,255.50,true,,
1790445706.829,marker,reconciled,0.00000000,0.00000000,0.00,false,,
1790445706.884,hud,speed,,,,,"0.0 / 0.0",0.000
1790445706.884,hud,heading,,,,,"0° / 0°",0.000
1790445706.885,hud,drift,,,,,"0.00%",0.000
1790445706.885,hud,turns,,,,,"✗ turns: 0/15",
1790445706.885,hud,calib_s,,,,,"✓ Buffer 6s",
1790445706.886,marker,gnss,52.38244200,-1.34697400,255.50,true,,
1790445706.887,marker,reconciled,0.00000000,0.00000000,0.00,false,,
1790445706.931,hud,speed,,,,,"0.0 / 0.0",0.000
1790445706.932,hud,heading,,,,,"0° / 0°",0.000
1790445706.932,hud,drift,,,,,"0.00%",0.000
1790445706.932,hud,turns,,,,,"✗ turns: 0/15",
1790445706.933,hud,calib_s,,,,,"✓ Buffer 6s",
1790445706.933,marker,gnss,52.38244200,-1.34697400,255.50,true,,
1790445706.933,marker,reconciled,0.00000000,0.00000000,0.00,false,,
1790445706.983,hud,speed,,,,,"0.0 / 0.0",0.000
1790445706.983,hud,heading,,,,,"0° / 0°",0.000
1790445706.983,hud,drift,,,,,"0.00%",0.000
1790445706.984,hud,turns,,,,,"✗ turns: 0/15",
1790445706.984,hud,calib_s,,,,,"✓ Buffer 6s",
1790445706.984,marker,gnss,52.38244200,-1.34697400,255.50,true,,
1790445706.985,marker,reconciled,0.00000000,0.00000000,0.00,false,,
1790445707.029,hud,speed,,,,,"0.0 / 0.0",0.000
1790445707.029,hud,heading,,,,,"0° / 0°",0.000
1790445707.030,hud,drift,,,,,"0.00%",0.000
1790445707.030,hud,turns,,,,,"✗ turns: 0/15",
1790445707.030,hud,calib_s,,,,,"✓ Buffer 6s",
1790445707.031,marker,gnss,52.38244200,-1.34697400,255.50,true,,
1790445707.031,marker,reconciled,0.00000000,0.00000000,0.00,false,,
1790445707.083,hud,speed,,,,,"0.0 / 0.0",0.000
1790445707.084,hud,heading,,,,,"0° / 0°",0.000
1790445707.084,hud,drift,,,,,"0.00%",0.000
1790445707.084,hud,turns,,,,,"✗ turns: 0/15",
1790445707.085,hud,calib_s,,,,,"✓ Buffer 6s",
1790445707.085,marker,gnss,52.38244200,-1.34697400,255.50,true,,
1790445707.085,marker,reconciled,0.00000000,0.00000000,0.00,false,,
1790445707.133,hud,speed,,,,,"0.0 / 0.0",0.000
1790445707.133,hud,heading,,,,,"0° / 0°",0.000
1790445707.134,hud,drift,,,,,"0.00%",0.000
1790445707.134,hud,turns,,,,,"✗ turns: 0/15",
1790445707.135,hud,calib_s,,,,,"✓ Buffer 6s",
1790445707.135,marker,gnss,52.38244200,-1.34697400,255.50,true,,
1790445707.136,marker,reconciled,0.00000000,0.00000000,0.00,false,,
1790445707.188,hud,speed,,,,,"0.0 / 0.0",0.000
1790445707.188,hud,heading,,,,,"0° / 0°",0.000
1790445707.188,hud,drift,,,,,"0.00%",0.000
1790445707.189,hud,turns,,,,,"✗ turns: 0/15",
1790445707.189,hud,calib_s,,,,,"✓ Buffer 6s",
1790445707.189,marker,gnss,52.38244200,-1.34697400,255.50,true,,
1790445707.190,marker,reconciled,0.00000000,0.00000000,0.00,false,,
1790445707.235,hud,speed,,,,,"0.0 / 0.0",0.000
1790445707.236,hud,heading,,,,,"0° / 0°",0.000
1790445707.236,hud,drift,,,,,"0.00%",0.000
1790445707.236,hud,turns,,,,,"✗ turns: 0/15",
1790445707.237,hud,calib_s,,,,,"✓ Buffer 6s",
1790445707.237,marker,gnss,52.38244200,-1.34697400,255.50,true,,
1790445707.237,marker,reconciled,0.00000000,0.00000000,0.00,false,,
1790445707.292,hud,speed,,,,,"0.0 / 0.0",0.000
1790445707.292,hud,heading,,,,,"0° / 0°",0.000
1790445707.293,hud,drift,,,,,"0.00%",0.000
1790445707.293,hud,turns,,,,,"✗ turns: 0/15",
1790445707.293,hud,calib_s,,,,,"✓ Buffer 6s",
1790445707.294,marker,gnss,52.38244200,-1.34697400,255.50,true,,
1790445707.294,marker,reconciled,0.00000000,0.00000000,0.00,false,,
1790445707.337,hud,speed,,,,,"0.0 / 0.0",0.000
1790445707.337,hud,heading,,,,,"0° / 0°",0.000
1790445707.337,hud,drift,,,,,"0.00%",0.000
1790445707.338,hud,turns,,,,,"✗ turns: 0/15",
1790445707.338,hud,calib_s,,,,,"✓ Buffer 6s",
1790445707.338,marker,gnss,52.38244200,-1.34697400,255.50,true,,
1790445707.339,marker,reconciled,0.00000000,0.00000000,0.00,false,,
1790445707.395,hud,speed,,,,,"0.0 / 0.0",0.000
1790445707.395,hud,heading,,,,,"0° / 0°",0.000
1790445707.395,hud,drift,,,,,"0.00%",0.000
1790445707.396,hud,turns,,,,,"✗ turns: 0/15",
1790445707.396,hud,calib_s,,,,,"✓ Buffer 6s",
1790445707.396,marker,gnss,52.38244200,-1.34697400,255.50,true,,
1790445707.396,marker,reconciled,0.00000000,0.00000000,0.00,false,,
1790445707.439,hud,speed,,,,,"0.0 / 0.0",0.000
1790445707.439,hud,heading,,,,,"0° / 0°",0.000
1790445707.439,hud,drift,,,,,"0.00%",0.000
1790445707.440,hud,turns,,,,,"✗ turns: 0/15",
1790445707.440,hud,calib_s,,,,,"✓ Buffer 6s",
1790445707.440,marker,gnss,52.38244200,-1.34697400,255.50,true,,
1790445707.441,marker,reconciled,0.00000000,0.00000000,0.00,false,,
1790445707.492,hud,speed,,,,,"0.0 / 0.0",0.000
1790445707.492,hud,heading,,,,,"0° / 0°",0.000
1790445707.492,hud,drift,,,,,"0.00%",0.000
1790445707.493,hud,turns,,,,,"✗ turns: 0/15",
1790445707.493,hud,calib_s,,,,,"✓ Buffer 6s",
1790445707.493,marker,gnss,52.38244200,-1.34697400,255.50,true,,
1790445707.494,marker,reconciled,0.00000000,0.00000000,0.00,false,,
1790445707.540,hud,speed,,,,,"0.0 / 0.0",0.000
1790445707.540,hud,heading,,,,,"0° / 0°",0.000
1790445707.540,hud,drift,,,,,"0.00%",0.000
1790445707.541,hud,turns,,,,,"✗ turns: 0/15",
1790445707.541,hud,calib_s,,,,,"✓ Buffer 6s",
1790445707.541,marker,gnss,52.38244200,-1.34697400,255.50,true,,
1790445707.541,marker,reconciled,0.00000000,0.00000000,0.00,false,,
1790445707.604,hud,speed,,,,,"0.0 / 0.0",0.000
1790445707.605,hud,heading,,,,,"0° / 0°",0.000
1790445707.605,hud,drift,,,,,"0.00%",0.000
1790445707.605,hud,turns,,,,,"✗ turns: 0/15",
1790445707.605,hud,calib_s,,,,,"✓ Buffer 6s",
1790445707.606,marker,gnss,52.38244200,-1.34697400,255.50,true,,
1790445707.606,marker,reconciled,0.00000000,0.00000000,0.00,false,,
1790445707.658,hud,speed,,,,,"0.0 / 0.0",0.000
1790445707.658,hud,heading,,,,,"0° / 0°",0.000
1790445707.658,hud,drift,,,,,"0.00%",0.000
1790445707.659,hud,turns,,,,,"✗ turns: 0/15",
1790445707.659,hud,calib_s,,,,,"✓ Buffer 6s",
1790445707.660,marker,gnss,52.38244200,-1.34697400,255.50,true,,
1790445707.660,marker,reconciled,0.00000000,0.00000000,0.00,false,,
1790445707.704,hud,speed,,,,,"0.0 / 0.0",0.000
1790445707.704,hud,heading,,,,,"0° / 0°",0.000
1790445707.704,hud,drift,,,,,"0.00%",0.000
1790445707.705,hud,turns,,,,,"✗ turns: 0/15",
1790445707.705,hud,calib_s,,,,,"✓ Buffer 6s",
1790445707.705,marker,gnss,52.38244200,-1.34697400,255.50,true,,
1790445707.706,marker,reconciled,0.00000000,0.00000000,0.00,false,,
1790445707.757,hud,speed,,,,,"0.0 / 0.0",0.000
1790445707.757,hud,heading,,,,,"0° / 0°",0.000
1790445707.757,hud,drift,,,,,"0.00%",0.000
1790445707.757,hud,turns,,,,,"✗ turns: 0/15",
1790445707.757,hud,calib_s,,,,,"✓ Buffer 6s",
1790445707.758,marker,gnss,52.38244200,-1.34697400,255.50,true,,
1790445707.759,marker,reconciled,0.00000000,0.00000000,0.00,false,,
1790445707.802,hud,speed,,,,,"0.0 / 0.0",0.000
1790445707.802,hud,heading,,,,,"0° / 0°",0.000
1790445707.803,hud,drift,,,,,"0.00%",0.000
1790445707.803,hud,turns,,,,,"✗ turns: 0/15",
1790445707.803,hud,calib_s,,,,,"✓ Buffer 6s",
1790445707.804,marker,gnss,52.38244200,-1.34697400,255.50,true,,
1790445707.804,marker,reconciled,0.00000000,0.00000000,0.00,false,,
1790445707.857,hud,speed,,,,,"0.0 / 0.0",0.000
1790445707.858,hud,heading,,,,,"0° / 0°",0.000
1790445707.859,hud,drift,,,,,"0.00%",0.000
1790445707.860,hud,turns,,,,,"✗ turns: 0/15",
1790445707.860,hud,calib_s,,,,,"✓ Buffer 6s",
1790445707.861,marker,gnss,52.38244200,-1.34697400,255.50,true,,
1790445707.861,marker,reconciled,0.00000000,0.00000000,0.00,false,,
1790445707.924,hud,speed,,,,,"17.4 / 16.5",17.420
1790445707.925,hud,heading,,,,,"105° / 105°",104.700
1790445707.926,hud,drift,,,,,"150.04%",150.040
1790445707.926,hud,turns,,,,,"✗ turns: 0/15",
1790445707.926,hud,calib_s,,,,,"✓ Buffer 6s",
1790445707.927,marker,gnss,52.38197700,-1.34406300,255.00,true,,
1790445707.928,marker,dr,52.38197351,-1.34404166,255.30,true,,
1790445707.929,marker,reconciled,0.00000000,0.00000000,0.00,false,,
1790445707.956,hud,speed,,,,,"18.0 / 16.5",18.020
1790445707.957,hud,heading,,,,,"105° / 105°",104.800
1790445707.957,hud,drift,,,,,"90.82%",90.820
1790445707.957,hud,turns,,,,,"✗ turns: 0/15",
1790445707.957,hud,calib_s,,,,,"✓ Buffer 6s",
1790445707.957,marker,gnss,52.38197700,-1.34406300,255.00,true,,
1790445707.958,marker,dr,52.38196933,-1.34401583,255.20,true,,
1790445707.959,marker,reconciled,0.00000000,0.00000000,0.00,false,,
1790445707.999,hud,speed,,,,,"18.5 / 16.5",18.450
1790445707.999,hud,heading,,,,,"105° / 105°",104.800
1790445707.999,hud,drift,,,,,"50.59%",50.590
1790445708.000,hud,turns,,,,,"✗ turns: 0/15",
1790445708.000,hud,calib_s,,,,,"✓ Buffer 6s",
1790445708.000,marker,gnss,52.38197700,-1.34406300,255.00,true,,
1790445708.001,marker,dr,52.38196513,-1.34398990,255.20,true,,
1790445708.001,marker,reconciled,0.00000000,0.00000000,0.00,false,,
1790445708.048,hud,speed,,,,,"18.8 / 16.5",18.760
1790445708.049,hud,heading,,,,,"105° / 105°",104.800
1790445708.049,hud,drift,,,,,"37.48%",37.480
1790445708.049,hud,turns,,,,,"✗ turns: 0/15",
1790445708.049,hud,calib_s,,,,,"✓ Buffer 6s",
1790445708.050,marker,gnss,52.38197700,-1.34406300,255.00,true,,
1790445708.050,marker,dr,52.38196079,-1.34396328,255.20,true,,
1790445708.051,marker,reconciled,0.00000000,0.00000000,0.00,false,,
1790445708.098,hud,speed,,,,,"19.0 / 16.5",19.000
1790445708.099,hud,heading,,,,,"105° / 105°",104.900
1790445708.099,hud,drift,,,,,"31.20%",31.200
1790445708.099,hud,turns,,,,,"✗ turns: 0/15",
1790445708.099,hud,calib_s,,,,,"✓ Buffer 6s",
1790445708.100,marker,gnss,52.38197700,-1.34406300,255.00,true,,
1790445708.100,marker,dr,52.38195637,-1.34393603,255.10,true,,
1790445708.100,marker,reconciled,0.00000000,0.00000000,0.00,false,,
1790445708.153,hud,speed,,,,,"19.1 / 16.5",19.090
1790445708.154,hud,heading,,,,,"105° / 105°",104.900
1790445708.154,hud,drift,,,,,"27.62%",27.620
1790445708.154,hud,turns,,,,,"✗ turns: 0/15",
1790445708.155,hud,calib_s,,,,,"✓ Buffer 6s",
1790445708.155,marker,gnss,52.38197700,-1.34406300,255.00,true,,
1790445708.156,marker,dr,52.38195202,-1.34390920,255.10,true,,
1790445708.156,marker,reconciled,0.00000000,0.00000000,0.00,false,,
1790445708.204,hud,speed,,,,,"19.2 / 16.5",19.210
1790445708.205,hud,heading,,,,,"105° / 105°",105.000
1790445708.205,hud,drift,,,,,"25.30%",25.300
1790445708.205,hud,turns,,,,,"✗ turns: 0/15",
1790445708.205,hud,calib_s,,,,,"✓ Buffer 6s",
1790445708.206,marker,gnss,52.38197700,-1.34406300,255.00,true,,
1790445708.207,marker,dr,52.38194762,-1.34388193,255.00,true,,
1790445708.207,marker,reconciled,0.00000000,0.00000000,0.00,false,,
1790445708.256,hud,speed,,,,,"19.2 / 16.5",19.240
1790445708.256,hud,heading,,,,,"105° / 105°",104.900
1790445708.256,hud,drift,,,,,"23.67%",23.670
1790445708.256,hud,turns,,,,,"✗ turns: 0/15",
1790445708.257,hud,calib_s,,,,,"✓ Buffer 6s",
1790445708.257,marker,gnss,52.38197700,-1.34406300,255.00,true,,
1790445708.257,marker,dr,52.38194317,-1.34385433,255.10,true,,
1790445708.258,marker,reconciled,0.00000000,0.00000000,0.00,false,,
1790445708.308,hud,speed,,,,,"19.3 / 16.5",19.290
1790445708.308,hud,heading,,,,,"105° / 105°",104.800
1790445708.308,hud,drift,,,,,"22.50%",22.500
1790445708.308,hud,turns,,,,,"✗ turns: 0/15",
1790445708.309,hud,calib_s,,,,,"✓ Buffer 6s",
1790445708.309,marker,gnss,52.38197700,-1.34406300,255.00,true,,
1790445708.309,marker,dr,52.38193880,-1.34382720,255.20,true,,
1790445708.310,marker,reconciled,0.00000000,0.00000000,0.00,false,,
1790445708.357,hud,speed,,,,,"19.2 / 16.5",19.170
1790445708.357,hud,heading,,,,,"105° / 105°",104.800
1790445708.357,hud,drift,,,,,"21.52%",21.520
1790445708.357,hud,turns,,,,,"✗ turns: 0/15",
1790445708.358,hud,calib_s,,,,,"✓ Buffer 6s",
1790445708.358,marker,gnss,52.38197700,-1.34406300,255.00,true,,
1790445708.358,marker,dr,52.38193439,-1.34379970,255.20,true,,
1790445708.359,marker,reconciled,0.00000000,0.00000000,0.00,false,,
1790445708.411,hud,speed,,,,,"19.1 / 16.5",19.120
1790445708.412,hud,heading,,,,,"105° / 105°",104.900
1790445708.412,hud,drift,,,,,"23.77%",23.770
1790445708.412,hud,turns,,,,,"✗ turns: 0/15",
1790445708.413,hud,calib_s,,,,,"✓ Buffer 6s",
1790445708.413,marker,gnss,52.38197700,-1.34406300,255.00,true,,
1790445708.413,marker,dr,52.38193002,-1.34377254,255.10,true,,
1790445708.414,marker,reconciled,0.00000000,0.00000000,0.00,false,,
1790445708.459,hud,speed,,,,,"19.1 / 16.5",19.070
1790445708.459,hud,heading,,,,,"105° / 105°",104.700
1790445708.460,hud,drift,,,,,"23.03%",23.030
1790445708.460,hud,turns,,,,,"✗ turns: 0/15",
1790445708.460,hud,calib_s,,,,,"✓ Buffer 6s",
1790445708.461,marker,gnss,52.38197700,-1.34406300,255.00,true,,
1790445708.461,marker,dr,52.38192571,-1.34374573,255.30,true,,
1790445708.461,marker,reconciled,0.00000000,0.00000000,0.00,false,,
1790445708.510,hud,speed,,,,,"19.1 / 16.5",19.070
1790445708.511,hud,heading,,,,,"105° / 105°",104.700
1790445708.511,hud,drift,,,,,"22.41%",22.410
1790445708.511,hud,turns,,,,,"✗ turns: 0/15",
1790445708.512,hud,calib_s,,,,,"✓ Buffer 6s",
1790445708.512,marker,gnss,52.38197700,-1.34406300,255.00,true,,
1790445708.513,marker,dr,52.38192136,-1.34371864,255.30,true,,
1790445708.513,marker,reconciled,0.00000000,0.00000000,0.00,false,,
1790445708.564,hud,speed,,,,,"18.9 / 16.5",18.930
1790445708.565,hud,heading,,,,,"105° / 105°",104.800
1790445708.565,hud,drift,,,,,"21.81%",21.810
1790445708.565,hud,turns,,,,,"✗ turns: 0/15",
1790445708.565,hud,calib_s,,,,,"✓ Buffer 6s",
1790445708.566,marker,gnss,52.38197700,-1.34406300,255.00,true,,
1790445708.566,marker,dr,52.38191704,-1.34369175,255.20,true,,
1790445708.567,marker,reconciled,0.00000000,0.00000000,0.00,false,,
1790445708.617,hud,speed,,,,,"18.9 / 16.5",18.880
1790445708.617,hud,heading,,,,,"105° / 105°",104.700
1790445708.617,hud,drift,,,,,"21.28%",21.280
1790445708.618,hud,turns,,,,,"✗ turns: 0/15",
1790445708.618,hud,calib_s,,,,,"✓ Buffer 6s",
1790445708.619,marker,gnss,52.38197700,-1.34406300,255.00,true,,
1790445708.619,marker,dr,52.38191270,-1.34366494,255.30,true,,
1790445708.620,marker,reconciled,0.00000000,0.00000000,0.00,false,,
1790445708.667,hud,speed,,,,,"18.8 / 16.5",18.810
1790445708.667,hud,heading,,,,,"105° / 105°",104.800
1790445708.668,hud,drift,,,,,"20.79%",20.790
1790445708.668,hud,turns,,,,,"✗ turns: 0/15",
1790445708.668,hud,calib_s,,,,,"✓ Buffer 6s",
1790445708.668,marker,gnss,52.38197700,-1.34406300,255.00,true,,
1790445708.669,marker,dr,52.38190834,-1.34363826,255.20,true,,
1790445708.669,marker,reconciled,0.00000000,0.00000000,0.00,false,,
1790445708.716,hud,speed,,,,,"18.8 / 16.5",18.780
1790445708.716,hud,heading,,,,,"105° / 105°",104.700
1790445708.717,hud,drift,,,,,"20.35%",20.350
1790445708.717,hud,turns,,,,,"✗ turns: 0/15",
1790445708.717,hud,calib_s,,,,,"✓ Buffer 6s",
1790445708.718,marker,gnss,52.38197700,-1.34406300,255.00,true,,
1790445708.718,marker,dr,52.38190393,-1.34361135,255.30,true,,
1790445708.718,marker,reconciled,0.00000000,0.00000000,0.00,false,,
1790445708.768,hud,speed,,,,,"18.7 / 16.5",18.720
1790445708.769,hud,heading,,,,,"105° / 105°",104.900
1790445708.769,hud,drift,,,,,"19.94%",19.940
1790445708.770,hud,turns,,,,,"✗ turns: 0/15",
1790445708.770,hud,calib_s,,,,,"✓ Buffer 6s",
1790445708.770,marker,gnss,52.38197700,-1.34406300,255.00,true,,
1790445708.771,marker,dr,52.38189961,-1.34358506,255.10,true,,
1790445708.772,marker,reconciled,0.00000000,0.00000000,0.00,false,,
1790445708.817,hud,speed,,,,,"18.6 / 16.5",18.640
1790445708.818,hud,heading,,,,,"105° / 105°",104.700
1790445708.818,hud,drift,,,,,"19.54%",19.540
1790445708.818,hud,turns,,,,,"✗ turns: 0/15",
1790445708.819,hud,calib_s,,,,,"✓ Buffer 6s",
1790445708.819,marker,gnss,52.38197700,-1.34406300,255.00,true,,
1790445708.820,marker,dr,52.38189521,-1.34355837,255.30,true,,
1790445708.820,marker,reconciled,0.00000000,0.00000000,0.00,false,,
1790445708.870,hud,speed,,,,,"18.6 / 16.5",18.570
1790445708.871,hud,heading,,,,,"105° / 105°",104.600
1790445708.871,hud,drift,,,,,"19.17%",19.170
1790445708.871,hud,turns,,,,,"✗ turns: 0/15",
1790445708.872,hud,calib_s,,,,,"✓ Buffer 6s",
1790445708.872,marker,gnss,52.38197700,-1.34406300,255.00,true,,
1790445708.872,marker,dr,52.38189089,-1.34353203,255.40,true,,
1790445708.873,marker,reconciled,0.00000000,0.00000000,0.00,false,,
1790445708.921,hud,speed,,,,,"18.5 / 16.5",18.470
1790445708.922,hud,heading,,,,,"105° / 105°",104.500
1790445708.922,hud,drift,,,,,"18.81%",18.810
1790445708.923,hud,turns,,,,,"✗ turns: 0/15",
1790445708.923,hud,calib_s,,,,,"✓ Buffer 6s",
1790445708.923,marker,gnss,52.38197700,-1.34406300,255.00,true,,
1790445708.924,marker,dr,52.38188664,-1.34350610,255.50,true,,
1790445708.924,marker,reconciled,0.00000000,0.00000000,0.00,false,,
1790445708.972,hud,speed,,,,,"18.1 / 16.5",18.140
1790445708.972,hud,heading,,,,,"105° / 105°",104.500
1790445708.972,hud,drift,,,,,"18.38%",18.380
1790445708.973,hud,turns,,,,,"✗ turns: 0/15",
1790445708.973,hud,calib_s,,,,,"✓ Buffer 6s",
1790445708.973,marker,gnss,52.38197700,-1.34406300,255.00,true,,
1790445708.974,marker,dr,52.38188238,-1.34348010,255.50,true,,
1790445708.975,marker,reconciled,0.00000000,0.00000000,0.00,false,,
1790445709.028,hud,speed,,,,,"18.0 / 16.5",18.040
1790445709.029,hud,heading,,,,,"104° / 105°",104.400
1790445709.029,hud,drift,,,,,"17.97%",17.970
1790445709.029,hud,turns,,,,,"✗ turns: 0/15",
1790445709.029,hud,calib_s,,,,,"✓ Buffer 6s",
1790445709.030,marker,gnss,52.38197700,-1.34406300,255.00,true,,
1790445709.030,marker,dr,52.38187819,-1.34345450,255.60,true,,
1790445709.031,marker,reconciled,0.00000000,0.00000000,0.00,false,,
1790445709.086,hud,speed,,,,,"17.7 / 16.5",17.740
1790445709.086,hud,heading,,,,,"104° / 105°",104.300
1790445709.087,hud,drift,,,,,"17.51%",17.510
1790445709.087,hud,turns,,,,,"✗ turns: 0/15",
1790445709.087,hud,calib_s,,,,,"✓ Buffer 6s",
1790445709.088,marker,gnss,52.38197700,-1.34406300,255.00,true,,
1790445709.088,marker,dr,52.38187408,-1.34342934,255.70,true,,
1790445709.089,marker,reconciled,0.00000000,0.00000000,0.00,false,,
1790445709.132,hud,speed,,,,,"17.6 / 16.5",17.630
1790445709.132,hud,heading,,,,,"104° / 105°",104.300
1790445709.133,hud,drift,,,,,"17.07%",17.070
1790445709.133,hud,turns,,,,,"✗ turns: 0/15",
1790445709.134,hud,calib_s,,,,,"✓ Buffer 6s",
1790445709.134,marker,gnss,52.38197700,-1.34406300,255.00,true,,
1790445709.135,marker,dr,52.38187001,-1.34340457,255.70,true,,
1790445709.136,marker,reconciled,0.00000000,0.00000000,0.00,false,,
1790445709.184,hud,speed,,,,,"17.5 / 16.5",17.540
1790445709.185,hud,heading,,,,,"104° / 105°",104.200
1790445709.185,hud,drift,,,,,"16.62%",16.620
1790445709.186,hud,turns,,,,,"✗ turns: 0/15",
1790445709.186,hud,calib_s,,,,,"✓ Buffer 6s",
1790445709.187,marker,gnss,52.38197700,-1.34406300,255.00,true,,
1790445709.187,marker,dr,52.38186582,-1.34337894,255.80,true,,
1790445709.188,marker,reconciled,0.00000000,0.00000000,0.00,false,,
1790445709.238,hud,speed,,,,,"17.4 / 16.5",17.400
1790445709.239,hud,heading,,,,,"104° / 105°",104.400
1790445709.239,hud,drift,,,,,"16.20%",16.200
1790445709.239,hud,turns,,,,,"✗ turns: 0/15",
1790445709.239,hud,calib_s,,,,,"✓ Buffer 6s",
1790445709.240,marker,gnss,52.38197700,-1.34406300,255.00,true,,
1790445709.241,marker,dr,52.38186186,-1.34335475,255.60,true,,
1790445709.241,marker,reconciled,0.00000000,0.00000000,0.00,false,,
1790445709.287,hud,speed,,,,,"17.3 / 16.5",17.310
1790445709.288,hud,heading,,,,,"104° / 105°",104.400
1790445709.288,hud,drift,,,,,"15.78%",15.780
1790445709.288,hud,turns,,,,,"✗ turns: 0/15",
1790445709.288,hud,calib_s,,,,,"✓ Buffer 6s",
1790445709.289,marker,gnss,52.38197700,-1.34406300,255.00,true,,
1790445709.289,marker,dr,52.38185783,-1.34333020,255.60,true,,
1790445709.290,marker,reconciled,0.00000000,0.00000000,0.00,false,,
1790445709.332,hud,speed,,,,,"17.2 / 16.5",17.190
1790445709.333,hud,heading,,,,,"105° / 105°",104.500
1790445709.333,hud,drift,,,,,"15.36%",15.360
1790445709.333,hud,turns,,,,,"✗ turns: 0/15",
1790445709.333,hud,calib_s,,,,,"✓ Buffer 6s",
1790445709.334,marker,gnss,52.38197700,-1.34406300,255.00,true,,
1790445709.334,marker,dr,52.38185383,-1.34330582,255.50,true,,
1790445709.334,marker,reconciled,0.00000000,0.00000000,0.00,false,,
1790445709.379,hud,speed,,,,,"17.0 / 16.5",17.040
1790445709.379,hud,heading,,,,,"105° / 105°",104.600
1790445709.380,hud,drift,,,,,"14.94%",14.940
1790445709.380,hud,turns,,,,,"✗ turns: 0/15",
1790445709.380,hud,calib_s,,,,,"✓ Buffer 6s",
1790445709.380,marker,gnss,52.38197700,-1.34406300,255.00,true,,
1790445709.381,marker,dr,52.38184983,-1.34328167,255.40,true,,
1790445709.381,marker,reconciled,0.00000000,0.00000000,0.00,false,,
1790445709.430,hud,speed,,,,,"16.9 / 16.5",16.880
1790445709.431,hud,heading,,,,,"105° / 105°",104.800
1790445709.431,hud,drift,,,,,"14.53%",14.530
1790445709.431,hud,turns,,,,,"✗ turns: 0/15",
1790445709.431,hud,calib_s,,,,,"✓ Buffer 6s",
1790445709.432,marker,gnss,52.38197700,-1.34406300,255.00,true,,
1790445709.432,marker,dr,52.38184593,-1.34325797,255.20,true,,
1790445709.432,marker,reconciled,0.00000000,0.00000000,0.00,false,,
1790445709.482,hud,speed,,,,,"16.8 / 16.5",16.800
1790445709.482,hud,heading,,,,,"105° / 105°",104.900
1790445709.482,hud,drift,,,,,"14.11%",14.110
1790445709.483,hud,turns,,,,,"✗ turns: 0/15",
1790445709.483,hud,calib_s,,,,,"✓ Buffer 6s",
1790445709.483,marker,gnss,52.38197700,-1.34406300,255.00,true,,
1790445709.484,marker,dr,52.38184191,-1.34323394,255.10,true,,
1790445709.484,marker,reconciled,0.00000000,0.00000000,0.00,false,,
1790445709.532,hud,speed,,,,,"16.7 / 16.5",16.650
1790445709.532,hud,heading,,,,,"105° / 105°",105.000
1790445709.533,hud,drift,,,,,"13.69%",13.690
1790445709.533,hud,turns,,,,,"✗ turns: 0/15",
1790445709.533,hud,calib_s,,,,,"✓ Buffer 6s",
1790445709.533,marker,gnss,52.38197700,-1.34406300,255.00,true,,
1790445709.534,marker,dr,52.38183797,-1.34321035,255.00,true,,
1790445709.534,marker,reconciled,0.00000000,0.00000000,0.00,false,,
1790445709.585,hud,speed,,,,,"16.5 / 16.5",16.530
1790445709.586,hud,heading,,,,,"105° / 105°",105.200
1790445709.586,hud,drift,,,,,"13.28%",13.280
1790445709.586,hud,turns,,,,,"✗ turns: 0/15",
1790445709.587,hud,calib_s,,,,,"✓ Buffer 6s",
1790445709.587,marker,gnss,52.38197700,-1.34406300,255.00,true,,
1790445709.588,marker,dr,52.38183404,-1.34318694,254.80,true,,
1790445709.588,marker,reconciled,0.00000000,0.00000000,0.00,false,,
1790445709.636,hud,speed,,,,,"16.4 / 16.5",16.420
1790445709.636,hud,heading,,,,,"106° / 105°",105.500
1790445709.636,hud,drift,,,,,"12.87%",12.870
1790445709.636,hud,turns,,,,,"✗ turns: 0/15",
1790445709.637,hud,calib_s,,,,,"✓ Buffer 6s",
1790445709.637,marker,gnss,52.38197700,-1.34406300,255.00,true,,
1790445709.637,marker,dr,52.38183011,-1.34316371,254.50,true,,
1790445709.638,marker,reconciled,0.00000000,0.00000000,0.00,false,,
1790445709.690,hud,speed,,,,,"16.3 / 16.5",16.280
1790445709.691,hud,heading,,,,,"106° / 105°",105.500
1790445709.691,hud,drift,,,,,"12.47%",12.470
1790445709.691,hud,turns,,,,,"✗ turns: 0/15",
1790445709.691,hud,calib_s,,,,,"✓ Buffer 6s",
1790445709.692,marker,gnss,52.38197700,-1.34406300,255.00,true,,
1790445709.692,marker,dr,52.38182618,-1.34314068,254.50,true,,
1790445709.692,marker,reconciled,0.00000000,0.00000000,0.00,false,,
1790445709.737,hud,speed,,,,,"16.1 / 16.5",16.140
1790445709.737,hud,heading,,,,,"106° / 105°",105.600
1790445709.738,hud,drift,,,,,"12.06%",12.060
1790445709.738,hud,turns,,,,,"✗ turns: 0/15",
1790445709.738,hud,calib_s,,,,,"✓ Buffer 6s",
1790445709.738,marker,gnss,52.38197700,-1.34406300,255.00,true,,
1790445709.739,marker,dr,52.38182227,-1.34311809,254.40,true,,
1790445709.739,marker,reconciled,0.00000000,0.00000000,0.00,false,,
1790445709.792,hud,speed,,,,,"16.1 / 16.5",16.060
1790445709.793,hud,heading,,,,,"106° / 105°",105.700
1790445709.793,hud,drift,,,,,"11.66%",11.660
1790445709.793,hud,turns,,,,,"✗ turns: 0/15",
1790445709.794,hud,calib_s,,,,,"✓ Buffer 6s",
1790445709.794,marker,gnss,52.38197700,-1.34406300,255.00,true,,
1790445709.795,marker,dr,52.38181832,-1.34309542,254.30,true,,
1790445709.795,marker,reconciled,0.00000000,0.00000000,0.00,false,,
1790445709.840,hud,speed,,,,,"16.0 / 16.5",15.980
1790445709.840,hud,heading,,,,,"106° / 105°",105.500
1790445709.840,hud,drift,,,,,"11.26%",11.260
1790445709.841,hud,turns,,,,,"✗ turns: 0/15",
1790445709.841,hud,calib_s,,,,,"✓ Buffer 6s",
1790445709.841,marker,gnss,52.38197700,-1.34406300,255.00,true,,
1790445709.841,marker,dr,52.38181430,-1.34307265,254.50,true,,
1790445709.842,marker,reconciled,0.00000000,0.00000000,0.00,false,,
1790445709.897,hud,speed,,,,,"15.9 / 16.5",15.870
1790445709.897,hud,heading,,,,,"105° / 105°",105.200
1790445709.897,hud,drift,,,,,"10.88%",10.880
1790445709.898,hud,turns,,,,,"✗ turns: 0/15",
1790445709.898,hud,calib_s,,,,,"✓ Buffer 6s",
1790445709.898,marker,gnss,52.38197700,-1.34406300,255.00,true,,
1790445709.899,marker,dr,52.38181035,-1.34305050,254.80,true,,
1790445709.899,marker,reconciled,0.00000000,0.00000000,0.00,false,,
1790445709.946,hud,speed,,,,,"15.7 / 16.5",15.710
1790445709.947,hud,heading,,,,,"105° / 105°",105.000
1790445709.947,hud,drift,,,,,"10.48%",10.480
1790445709.947,hud,turns,,,,,"✗ turns: 0/15",
1790445709.947,hud,calib_s,,,,,"✓ Buffer 6s",
1790445709.948,marker,gnss,52.38197700,-1.34406300,255.00,true,,
1790445709.948,marker,dr,52.38180637,-1.34302812,255.00,true,,
1790445709.949,marker,reconciled,0.00000000,0.00000000,0.00,false,,
1790445710.000,hud,speed,,,,,"15.6 / 16.5",15.620
1790445710.000,hud,heading,,,,,"105° / 105°",105.000
1790445710.000,hud,drift,,,,,"10.10%",10.100
1790445710.001,hud,turns,,,,,"✗ turns: 0/15",
1790445710.001,hud,calib_s,,,,,"✓ Buffer 6s",
1790445710.001,marker,gnss,52.38197700,-1.34406300,255.00,true,,
1790445710.002,marker,dr,52.38180245,-1.34300634,255.00,true,,
1790445710.002,marker,reconciled,0.00000000,0.00000000,0.00,false,,
1790445710.043,hud,speed,,,,,"15.4 / 16.5",15.420
1790445710.044,hud,heading,,,,,"105° / 105°",105.000
1790445710.044,hud,drift,,,,,"9.70%",9.700
1790445710.044,hud,turns,,,,,"✗ turns: 0/15",
1790445710.044,hud,calib_s,,,,,"✓ Buffer 6s",
1790445710.045,marker,gnss,52.38197700,-1.34406300,255.00,true,,
1790445710.045,marker,dr,52.38179854,-1.34298461,255.00,true,,
1790445710.045,marker,reconciled,0.00000000,0.00000000,0.00,false,,
1790445710.099,hud,speed,,,,,"15.3 / 16.5",15.300
1790445710.100,hud,heading,,,,,"105° / 105°",105.000
1790445710.100,hud,drift,,,,,"9.30%",9.300
1790445710.100,hud,turns,,,,,"✗ turns: 0/15",
1790445710.100,hud,calib_s,,,,,"✓ Buffer 6s",
1790445710.101,marker,gnss,52.38197700,-1.34406300,255.00,true,,
1790445710.101,marker,dr,52.38179463,-1.34296307,255.00,true,,
1790445710.102,marker,reconciled,0.00000000,0.00000000,0.00,false,,
1790445710.145,hud,speed,,,,,"15.2 / 16.5",15.160
1790445710.146,hud,heading,,,,,"105° / 105°",104.900
1790445710.146,hud,drift,,,,,"8.90%",8.900
1790445710.147,hud,turns,,,,,"✗ turns: 0/15",
1790445710.147,hud,calib_s,,,,,"✓ Buffer 6s",
1790445710.147,marker,gnss,52.38197700,-1.34406300,255.00,true,,
1790445710.148,marker,dr,52.38179074,-1.34294173,255.10,true,,
1790445710.148,marker,reconciled,0.00000000,0.00000000,0.00,false,,
1790445710.206,hud,speed,,,,,"14.8 / 16.5",14.760
1790445710.207,hud,heading,,,,,"105° / 105°",105.000
1790445710.207,hud,drift,,,,,"8.47%",8.470
1790445710.207,hud,turns,,,,,"✗ turns: 0/15",
1790445710.207,hud,calib_s,,,,,"✓ Buffer 6s",
1790445710.208,marker,gnss,52.38197700,-1.34406300,255.00,true,,
1790445710.208,marker,dr,52.38178694,-1.34292073,255.00,true,,
1790445710.209,marker,reconciled,0.00000000,0.00000000,0.00,false,,
1790445710.247,hud,speed,,,,,"14.5 / 16.5",14.450
1790445710.247,hud,heading,,,,,"105° / 105°",104.900
1790445710.248,hud,drift,,,,,"8.01%",8.010
1790445710.248,hud,turns,,,,,"✗ turns: 0/15",
1790445710.248,hud,calib_s,,,,,"✓ Buffer 6s",
1790445710.248,marker,gnss,52.38197700,-1.34406300,255.00,true,,
1790445710.249,marker,dr,52.38178333,-1.34290033,255.10,true,,
1790445710.249,marker,reconciled,0.00000000,0.00000000,0.00,false,,
1790445710.304,hud,speed,,,,,"14.4 / 16.5",14.400
1790445710.304,hud,heading,,,,,"105° / 105°",104.500
1790445710.304,hud,drift,,,,,"7.57%",7.570
1790445710.305,hud,turns,,,,,"✗ turns: 0/15",
1790445710.305,hud,calib_s,,,,,"✓ Buffer 6s",
1790445710.305,marker,gnss,52.38197700,-1.34406300,255.00,true,,
1790445710.306,marker,dr,52.38177974,-1.34288002,255.50,true,,
1790445710.306,marker,reconciled,0.00000000,0.00000000,0.00,false,,
1790445710.353,hud,speed,,,,,"14.2 / 16.5",14.210
1790445710.354,hud,heading,,,,,"105° / 105°",104.500
1790445710.354,hud,drift,,,,,"7.13%",7.130
1790445710.355,hud,turns,,,,,"✗ turns: 0/15",
1790445710.355,hud,calib_s,,,,,"✓ Buffer 6s",
1790445710.355,marker,gnss,52.38197700,-1.34406300,255.00,true,,
1790445710.356,marker,dr,52.38177621,-1.34286017,255.50,true,,
1790445710.356,marker,reconciled,0.00000000,0.00000000,0.00,false,,
1790445710.407,hud,speed,,,,,"14.3 / 16.5",14.250
1790445710.407,hud,heading,,,,,"104° / 105°",104.100
1790445710.408,hud,drift,,,,,"6.70%",6.700
1790445710.408,hud,turns,,,,,"✗ turns: 0/15",
1790445710.408,hud,calib_s,,,,,"✓ Buffer 6s",
1790445710.409,marker,gnss,52.38197700,-1.34406300,255.00,true,,
1790445710.410,marker,dr,52.38177255,-1.34283989,255.90,true,,
1790445710.410,marker,reconciled,0.00000000,0.00000000,0.00,false,,
1790445710.455,hud,speed,,,,,"14.3 / 16.5",14.260
1790445710.456,hud,heading,,,,,"104° / 105°",104.400
1790445710.456,hud,drift,,,,,"6.30%",6.300
1790445710.456,hud,turns,,,,,"✗ turns: 0/15",
1790445710.456,hud,calib_s,,,,,"✓ Buffer 6s",
1790445710.457,marker,gnss,52.38197700,-1.34406300,255.00,true,,
1790445710.458,marker,dr,52.38176899,-1.34281998,255.60,true,,
1790445710.458,marker,reconciled,0.00000000,0.00000000,0.00,false,,
1790445710.508,hud,speed,,,,,"14.3 / 16.5",14.300
1790445710.509,hud,heading,,,,,"104° / 105°",104.300
1790445710.509,hud,drift,,,,,"5.92%",5.920
1790445710.510,hud,turns,,,,,"✗ turns: 0/15",
1790445710.510,hud,calib_s,,,,,"✓ Buffer 6s",
1790445710.510,marker,gnss,52.38197700,-1.34406300,255.00,true,,
1790445710.511,marker,dr,52.38176531,-1.34279963,255.70,true,,
1790445710.512,marker,reconciled,0.00000000,0.00000000,0.00,false,,
1790445710.556,hud,speed,,,,,"14.3 / 16.5",14.320
1790445710.556,hud,heading,,,,,"105° / 105°",104.600
1790445710.557,hud,drift,,,,,"5.55%",5.550
1790445710.557,hud,turns,,,,,"✗ turns: 0/15",
1790445710.557,hud,calib_s,,,,,"✓ Buffer 6s",
1790445710.557,marker,gnss,52.38197700,-1.34406300,255.00,true,,
1790445710.558,marker,dr,52.38176168,-1.34277966,255.40,true,,
1790445710.558,marker,reconciled,0.00000000,0.00000000,0.00,false,,
1790445710.611,hud,speed,,,,,"14.4 / 16.5",14.430
1790445710.611,hud,heading,,,,,"105° / 105°",105.000
1790445710.611,hud,drift,,,,,"5.21%",5.210
1790445710.612,hud,turns,,,,,"✗ turns: 0/15",
1790445710.612,hud,calib_s,,,,,"✓ Buffer 6s",
1790445710.612,marker,gnss,52.38197700,-1.34406300,255.00,true,,
1790445710.613,marker,dr,52.38175796,-1.34275915,255.00,true,,
1790445710.613,marker,reconciled,0.00000000,0.00000000,0.00,false,,
1790445710.663,hud,speed,,,,,"14.5 / 16.5",14.540
1790445710.663,hud,heading,,,,,"105° / 105°",105.300
1790445710.664,hud,drift,,,,,"4.90%",4.900
1790445710.664,hud,turns,,,,,"✗ turns: 0/15",
1790445710.664,hud,calib_s,,,,,"✓ Buffer 6s",
1790445710.664,marker,gnss,52.38197700,-1.34406300,255.00,true,,
1790445710.665,marker,dr,52.38175424,-1.34273867,254.70,true,,
1790445710.665,marker,reconciled,0.00000000,0.00000000,0.00,false,,
1790445710.716,hud,speed,,,,,"14.7 / 16.5",14.650
1790445710.716,hud,heading,,,,,"105° / 105°",105.400
1790445710.717,hud,drift,,,,,"4.61%",4.610
1790445710.717,hud,turns,,,,,"✗ turns: 0/15",
1790445710.717,hud,calib_s,,,,,"✓ Buffer 6s",
1790445710.717,marker,gnss,52.38197700,-1.34406300,255.00,true,,
1790445710.718,marker,dr,52.38175052,-1.34271804,254.60,true,,
1790445710.719,marker,reconciled,0.00000000,0.00000000,0.00,false,,
1790445710.762,hud,speed,,,,,"14.7 / 16.5",14.660
1790445710.763,hud,heading,,,,,"106° / 105°",105.600
1790445710.763,hud,drift,,,,,"4.33%",4.330
1790445710.763,hud,turns,,,,,"✗ turns: 0/15",
1790445710.764,hud,calib_s,,,,,"✓ Buffer 6s",
1790445710.764,marker,gnss,52.38197700,-1.34406300,255.00,true,,
1790445710.765,marker,dr,52.38174684,-1.34269760,254.40,true,,
1790445710.765,marker,reconciled,0.00000000,0.00000000,0.00,false,,
1790445710.817,hud,speed,,,,,"14.7 / 16.5",14.670
1790445710.818,hud,heading,,,,,"106° / 105°",105.500
1790445710.818,hud,drift,,,,,"4.06%",4.060
1790445710.818,hud,turns,,,,,"✗ turns: 0/15",
1790445710.818,hud,calib_s,,,,,"✓ Buffer 6s",
1790445710.819,marker,gnss,52.38197700,-1.34406300,255.00,true,,
1790445710.819,marker,dr,52.38174304,-1.34267675,254.50,true,,
1790445710.819,marker,reconciled,0.00000000,0.00000000,0.00,false,,
1790445710.866,hud,speed,,,,,"14.6 / 16.5",14.620
1790445710.866,hud,heading,,,,,"105° / 105°",105.200
1790445710.867,hud,drift,,,,,"3.80%",3.800
1790445710.867,hud,turns,,,,,"✗ turns: 0/15",
1790445710.867,hud,calib_s,,,,,"✓ Buffer 6s",
1790445710.868,marker,gnss,52.38197700,-1.34406300,255.00,true,,
1790445710.868,marker,dr,52.38173933,-1.34265638,254.80,true,,
1790445710.869,marker,reconciled,0.00000000,0.00000000,0.00,false,,
1790445710.920,hud,speed,,,,,"14.6 / 16.5",14.570
1790445710.920,hud,heading,,,,,"105° / 105°",105.100
1790445710.921,hud,drift,,,,,"3.55%",3.550
1790445710.921,hud,turns,,,,,"✗ turns: 0/15",
1790445710.921,hud,calib_s,,,,,"✓ Buffer 6s",
1790445710.921,marker,gnss,52.38197700,-1.34406300,255.00,true,,
1790445710.922,marker,dr,52.38173556,-1.34263566,254.90,true,,
1790445710.923,marker,reconciled,0.00000000,0.00000000,0.00,false,,
1790445710.969,hud,speed,,,,,"14.5 / 16.5",14.520
1790445710.969,hud,heading,,,,,"105° / 105°",105.200
1790445710.969,hud,drift,,,,,"3.30%",3.300
1790445710.970,hud,turns,,,,,"✗ turns: 0/15",
1790445710.970,hud,calib_s,,,,,"✓ Buffer 6s",
1790445710.971,marker,gnss,52.38197700,-1.34406300,255.00,true,,
1790445710.971,marker,dr,52.38173186,-1.34261522,254.80,true,,
1790445710.971,marker,reconciled,0.00000000,0.00000000,0.00,false,,
1790445711.020,hud,speed,,,,,"14.5 / 16.5",14.510
1790445711.020,hud,heading,,,,,"105° / 105°",105.200
1790445711.021,hud,drift,,,,,"3.05%",3.050
1790445711.021,hud,turns,,,,,"✗ turns: 0/15",
1790445711.021,hud,calib_s,,,,,"✓ Buffer 6s",
1790445711.021,marker,gnss,52.38197700,-1.34406300,255.00,true,,
1790445711.022,marker,dr,52.38172821,-1.34259499,254.80,true,,
1790445711.023,marker,reconciled,0.00000000,0.00000000,0.00,false,,
1790445711.067,hud,speed,,,,,"14.5 / 16.5",14.540
1790445711.067,hud,heading,,,,,"105° / 105°",105.400
1790445711.067,hud,drift,,,,,"2.82%",2.820
1790445711.068,hud,turns,,,,,"✗ turns: 0/15",
1790445711.068,hud,calib_s,,,,,"✓ Buffer 6s",
1790445711.068,marker,gnss,52.38197700,-1.34406300,255.00,true,,
1790445711.069,marker,dr,52.38172448,-1.34257453,254.60,true,,
1790445711.069,marker,reconciled,0.00000000,0.00000000,0.00,false,,
1790445711.123,hud,speed,,,,,"14.5 / 16.5",14.530
1790445711.123,hud,heading,,,,,"106° / 105°",105.600
1790445711.123,hud,drift,,,,,"2.60%",2.600
1790445711.124,hud,turns,,,,,"✗ turns: 0/15",
1790445711.124,hud,calib_s,,,,,"✓ Buffer 6s",
1790445711.124,marker,gnss,52.38197700,-1.34406300,255.00,true,,
1790445711.125,marker,dr,52.38172071,-1.34255388,254.40,true,,
1790445711.125,marker,reconciled,0.00000000,0.00000000,0.00,false,,
1790445711.169,hud,speed,,,,,"14.6 / 16.5",14.600
1790445711.170,hud,heading,,,,,"105° / 105°",105.400
1790445711.170,hud,drift,,,,,"2.40%",2.400
1790445711.171,hud,turns,,,,,"✗ turns: 0/15",
1790445711.171,hud,calib_s,,,,,"✓ Buffer 6s",
1790445711.172,marker,gnss,52.38197700,-1.34406300,255.00,true,,
1790445711.172,marker,dr,52.38171689,-1.34253337,254.60,true,,
1790445711.173,marker,reconciled,0.00000000,0.00000000,0.00,false,,
1790445711.226,hud,speed,,,,,"14.6 / 16.5",14.600
1790445711.227,hud,heading,,,,,"105° / 105°",105.400
1790445711.227,hud,drift,,,,,"2.21%",2.210
1790445711.227,hud,turns,,,,,"✗ turns: 0/15",
1790445711.227,hud,calib_s,,,,,"✓ Buffer 6s",
1790445711.228,marker,gnss,52.38197700,-1.34406300,255.00,true,,
1790445711.228,marker,dr,52.38171309,-1.34251308,254.60,true,,
1790445711.229,marker,reconciled,0.00000000,0.00000000,0.00,false,,
1790445711.271,hud,speed,,,,,"14.6 / 16.5",14.580
1790445711.272,hud,heading,,,,,"106° / 105°",105.500
1790445711.272,hud,drift,,,,,"2.02%",2.020
1790445711.272,hud,turns,,,,,"✗ turns: 0/15",
1790445711.273,hud,calib_s,,,,,"✓ Buffer 6s",
1790445711.273,marker,gnss,52.38197700,-1.34406300,255.00,true,,
1790445711.274,marker,dr,52.38170927,-1.34249261,254.50,true,,
1790445711.274,marker,reconciled,0.00000000,0.00000000,0.00,false,,
1790445711.325,hud,speed,,,,,"14.5 / 16.5",14.500
1790445711.325,hud,heading,,,,,"106° / 105°",105.500
1790445711.326,hud,drift,,,,,"1.84%",1.840
1790445711.326,hud,turns,,,,,"✗ turns: 0/15",
1790445711.326,hud,calib_s,,,,,"✓ Buffer 6s",
1790445711.326,marker,gnss,52.38197700,-1.34406300,255.00,true,,
1790445711.327,marker,dr,52.38170549,-1.34247224,254.50,true,,
1790445711.327,marker,reconciled,0.00000000,0.00000000,0.00,false,,
1790445711.375,hud,speed,,,,,"14.5 / 16.5",14.460
1790445711.375,hud,heading,,,,,"106° / 105°",105.500
1790445711.376,hud,drift,,,,,"1.67%",1.670
1790445711.376,hud,turns,,,,,"✗ turns: 0/15",
1790445711.376,hud,calib_s,,,,,"✓ Buffer 6s",
1790445711.376,marker,gnss,52.38197700,-1.34406300,255.00,true,,
1790445711.377,marker,dr,52.38170175,-1.34245190,254.50,true,,
1790445711.377,marker,reconciled,0.00000000,0.00000000,0.00,false,,
1790445711.428,hud,speed,,,,,"14.4 / 16.5",14.430
1790445711.429,hud,heading,,,,,"106° / 105°",105.800
1790445711.429,hud,drift,,,,,"1.52%",1.520
1790445711.429,hud,turns,,,,,"✗ turns: 0/15",
1790445711.430,hud,calib_s,,,,,"✓ Buffer 6s",
1790445711.430,marker,gnss,52.38197700,-1.34406300,255.00,true,,
1790445711.431,marker,dr,52.38169796,-1.34243163,254.20,true,,
1790445711.431,marker,reconciled,0.00000000,0.00000000,0.00,false,,
1790445711.481,hud,speed,,,,,"14.3 / 16.5",14.300
1790445711.481,hud,heading,,,,,"106° / 105°",105.800
1790445711.482,hud,drift,,,,,"1.37%",1.370
1790445711.482,hud,turns,,,,,"✗ turns: 0/15",
1790445711.482,hud,calib_s,,,,,"✓ Buffer 6s",
1790445711.483,marker,gnss,52.38197700,-1.34406300,255.00,true,,
1790445711.483,marker,dr,52.38169422,-1.34241155,254.20,true,,
1790445711.483,marker,reconciled,0.00000000,0.00000000,0.00,false,,
1790445711.529,hud,speed,,,,,"14.3 / 16.5",14.340
1790445711.529,hud,heading,,,,,"106° / 105°",105.600
1790445711.530,hud,drift,,,,,"1.24%",1.240
1790445711.531,hud,turns,,,,,"✗ turns: 0/15",
1790445711.531,hud,calib_s,,,,,"✓ Buffer 6s",
1790445711.531,marker,gnss,52.38197700,-1.34406300,255.00,true,,
1790445711.532,marker,dr,52.38169044,-1.34239119,254.40,true,,
1790445711.533,marker,reconciled,0.00000000,0.00000000,0.00,false,,
1790445711.579,hud,speed,,,,,"14.3 / 16.5",14.320
1790445711.579,hud,heading,,,,,"106° / 105°",105.900
1790445711.580,hud,drift,,,,,"1.13%",1.130
1790445711.580,hud,turns,,,,,"✗ turns: 0/15",
1790445711.580,hud,calib_s,,,,,"✓ Buffer 6s",
1790445711.581,marker,gnss,52.38197700,-1.34406300,255.00,true,,
1790445711.581,marker,dr,52.38168679,-1.34237124,254.10,true,,
1790445711.581,marker,reconciled,0.00000000,0.00000000,0.00,false,,
1790445711.633,hud,speed,,,,,"14.4 / 16.5",14.390
1790445711.634,hud,heading,,,,,"106° / 105°",105.500
1790445711.634,hud,drift,,,,,"1.06%",1.060
1790445711.635,hud,turns,,,,,"✗ turns: 0/15",
1790445711.635,hud,calib_s,,,,,"✓ Buffer 6s",
1790445711.635,marker,gnss,52.38197700,-1.34406300,255.00,true,,
1790445711.636,marker,dr,52.38168297,-1.34235082,254.50,true,,
1790445711.636,marker,reconciled,0.00000000,0.00000000,0.00,false,,
1790445711.679,hud,speed,,,,,"14.5 / 16.5",14.500
1790445711.680,hud,heading,,,,,"105° / 105°",105.400
1790445711.680,hud,drift,,,,,"1.02%",1.020
1790445711.680,hud,turns,,,,,"✗ turns: 0/15",
1790445711.680,hud,calib_s,,,,,"✓ Buffer 6s",
1790445711.681,marker,gnss,52.38197700,-1.34406300,255.00,true,,
1790445711.682,marker,dr,52.38167920,-1.34233043,254.60,true,,
1790445711.683,marker,reconciled,0.00000000,0.00000000,0.00,false,,
1790445711.737,hud,speed,,,,,"14.8 / 16.5",14.830
1790445711.737,hud,heading,,,,,"105° / 105°",105.100
1790445711.738,hud,drift,,,,,"1.03%",1.030
1790445711.738,hud,turns,,,,,"✗ turns: 0/15",
1790445711.738,hud,calib_s,,,,,"✓ Buffer 6s",
1790445711.739,marker,gnss,52.38197700,-1.34406300,255.00,true,,
1790445711.739,marker,dr,52.38167522,-1.34230965,254.90,true,,
1790445711.739,marker,reconciled,0.00000000,0.00000000,0.00,false,,
1790445711.781,hud,speed,,,,,"14.8 / 16.5",14.810
1790445711.781,hud,heading,,,,,"105° / 105°",104.800
1790445711.781,hud,drift,,,,,"1.06%",1.060
1790445711.782,hud,turns,,,,,"✗ turns: 0/15",
1790445711.782,hud,calib_s,,,,,"✓ Buffer 6s",
1790445711.783,marker,gnss,52.38197700,-1.34406300,255.00,true,,
1790445711.783,marker,dr,52.38167120,-1.34228891,255.20,true,,
1790445711.784,marker,reconciled,0.00000000,0.00000000,0.00,false,,
1790445711.836,hud,speed,,,,,"14.9 / 16.5",14.850
1790445711.837,hud,heading,,,,,"105° / 105°",104.700
1790445711.837,hud,drift,,,,,"1.10%",1.100
1790445711.837,hud,turns,,,,,"✗ turns: 0/15",
1790445711.837,hud,calib_s,,,,,"✓ Buffer 6s",
1790445711.838,marker,gnss,52.38197700,-1.34406300,255.00,true,,
1790445711.839,marker,dr,52.38166723,-1.34226828,255.30,true,,
1790445711.839,marker,reconciled,0.00000000,0.00000000,0.00,false,,
1790445711.882,hud,speed,,,,,"14.9 / 16.5",14.900
1790445711.883,hud,heading,,,,,"105° / 105°",104.800
1790445711.883,hud,drift,,,,,"1.15%",1.150
1790445711.883,hud,turns,,,,,"✗ turns: 0/15",
1790445711.884,hud,calib_s,,,,,"✓ Buffer 6s",
1790445711.884,marker,gnss,52.38197700,-1.34406300,255.00,true,,
1790445711.884,marker,dr,52.38166321,-1.34224736,255.20,true,,
1790445711.885,marker,reconciled,0.00000000,0.00000000,0.00,false,,
1790445711.938,hud,speed,,,,,"15.0 / 16.5",15.020
1790445711.939,hud,heading,,,,,"105° / 105°",105.100
1790445711.939,hud,drift,,,,,"1.21%",1.210
1790445711.939,hud,turns,,,,,"✗ turns: 0/15",
1790445711.940,hud,calib_s,,,,,"✓ Buffer 6s",
1790445711.940,marker,gnss,52.38197700,-1.34406300,255.00,true,,
1790445711.940,marker,dr,52.38165920,-1.34222629,254.90,true,,
1790445711.941,marker,reconciled,0.00000000,0.00000000,0.00,false,,
1790445711.989,hud,speed,,,,,"15.1 / 16.5",15.120
1790445711.990,hud,heading,,,,,"105° / 105°",105.200
1790445711.991,hud,drift,,,,,"1.27%",1.270
1790445711.991,hud,turns,,,,,"✗ turns: 0/15",
1790445711.991,hud,calib_s,,,,,"✓ Buffer 6s",
1790445711.992,marker,gnss,52.38197700,-1.34406300,255.00,true,,
1790445711.992,marker,dr,52.38165511,-1.34220488,254.80,true,,
1790445711.992,marker,reconciled,0.00000000,0.00000000,0.00,false,,
1790445712.041,hud,speed,,,,,"15.3 / 16.5",15.270
1790445712.042,hud,heading,,,,,"105° / 105°",105.200
1790445712.042,hud,drift,,,,,"1.32%",1.320
1790445712.043,hud,turns,,,,,"✗ turns: 0/15",
1790445712.043,hud,calib_s,,,,,"✓ Buffer 6s",
1790445712.043,marker,gnss,52.38197700,-1.34406300,255.00,true,,
1790445712.044,marker,dr,52.38165110,-1.34218366,254.80,true,,
1790445712.044,marker,reconciled,0.00000000,0.00000000,0.00,false,,
1790445712.088,hud,speed,,,,,"15.4 / 16.5",15.370
1790445712.088,hud,heading,,,,,"105° / 105°",105.300
1790445712.089,hud,drift,,,,,"1.38%",1.380
1790445712.089,hud,turns,,,,,"✗ turns: 0/15",
1790445712.089,hud,calib_s,,,,,"✓ Buffer 6s",
1790445712.090,marker,gnss,52.38197700,-1.34406300,255.00,true,,
1790445712.090,marker,dr,52.38164706,-1.34216208,254.70,true,,
1790445712.091,marker,reconciled,0.00000000,0.00000000,0.00,false,,
1790445712.143,hud,speed,,,,,"15.5 / 16.5",15.470
1790445712.144,hud,heading,,,,,"105° / 105°",105.400
1790445712.144,hud,drift,,,,,"1.43%",1.430
1790445712.145,hud,turns,,,,,"✗ turns: 0/15",
1790445712.145,hud,calib_s,,,,,"✓ Buffer 6s",
1790445712.145,marker,gnss,52.38197700,-1.34406300,255.00,true,,
1790445712.146,marker,dr,52.38164297,-1.34214013,254.60,true,,
1790445712.146,marker,reconciled,0.00000000,0.00000000,0.00,false,,
1790445712.195,hud,speed,,,,,"15.6 / 16.5",15.590
1790445712.196,hud,heading,,,,,"105° / 105°",105.200
1790445712.197,hud,drift,,,,,"1.48%",1.480
1790445712.197,hud,turns,,,,,"✗ turns: 0/15",
1790445712.197,hud,calib_s,,,,,"✓ Buffer 6s",
1790445712.198,marker,gnss,52.38197700,-1.34406300,255.00,true,,
1790445712.198,marker,dr,52.38163887,-1.34211824,254.80,true,,
1790445712.199,marker,reconciled,0.00000000,0.00000000,0.00,false,,
1790445712.250,hud,speed,,,,,"15.7 / 16.5",15.730
1790445712.250,hud,heading,,,,,"105° / 105°",105.100
1790445712.251,hud,drift,,,,,"1.52%",1.520
1790445712.251,hud,turns,,,,,"✗ turns: 0/15",
1790445712.251,hud,calib_s,,,,,"✓ Buffer 6s",
1790445712.251,marker,gnss,52.38197700,-1.34406300,255.00,true,,
1790445712.252,marker,dr,52.38163470,-1.34209615,254.90,true,,
1790445712.252,marker,reconciled,0.00000000,0.00000000,0.00,false,,
1790445712.295,hud,speed,,,,,"15.9 / 16.5",15.860
1790445712.295,hud,heading,,,,,"105° / 105°",105.100
1790445712.296,hud,drift,,,,,"1.56%",1.560
1790445712.296,hud,turns,,,,,"✗ turns: 0/15",
1790445712.296,hud,calib_s,,,,,"✓ Buffer 6s",
1790445712.297,marker,gnss,52.38197700,-1.34406300,255.00,true,,
1790445712.297,marker,dr,52.38163058,-1.34207408,254.90,true,,
1790445712.297,marker,reconciled,0.00000000,0.00000000,0.00,false,,
1790445712.352,hud,speed,,,,,"16.0 / 16.5",15.970
1790445712.352,hud,heading,,,,,"105° / 105°",105.200
1790445712.353,hud,drift,,,,,"1.60%",1.600
1790445712.353,hud,turns,,,,,"✗ turns: 0/15",
1790445712.353,hud,calib_s,,,,,"✓ Buffer 6s",
1790445712.353,marker,gnss,52.38197700,-1.34406300,255.00,true,,
1790445712.354,marker,dr,52.38162636,-1.34205166,254.80,true,,
1790445712.354,marker,reconciled,0.00000000,0.00000000,0.00,false,,
1790445712.400,hud,speed,,,,,"16.1 / 16.5",16.070
1790445712.400,hud,heading,,,,,"106° / 105°",105.500
1790445712.401,hud,drift,,,,,"1.63%",1.630
1790445712.401,hud,turns,,,,,"✗ turns: 0/15",
1790445712.401,hud,calib_s,,,,,"✓ Buffer 6s",
1790445712.402,marker,gnss,52.38197700,-1.34406300,255.00,true,,
1790445712.403,marker,dr,52.38162213,-1.34202909,254.50,true,,
1790445712.404,marker,reconciled,0.00000000,0.00000000,0.00,false,,
1790445712.472,hud,speed,,,,,"16.2 / 16.5",16.180
1790445712.472,hud,heading,,,,,"106° / 105°",105.500
1790445712.473,hud,drift,,,,,"1.65%",1.650
1790445712.474,hud,turns,,,,,"✗ turns: 0/15",
1790445712.474,hud,calib_s,,,,,"✓ Buffer 6s",
1790445712.475,marker,gnss,52.38197700,-1.34406300,255.00,true,,
1790445712.475,marker,dr,52.38161779,-1.34200618,254.50,true,,
1790445712.476,marker,reconciled,0.00000000,0.00000000,0.00,false,,
1790445712.518,hud,speed,,,,,"16.3 / 16.3",16.330
1790445712.518,hud,heading,,,,,"106° / 109°",105.600
1790445712.519,hud,drift,,,,,"3.97%",3.970
1790445712.519,hud,turns,,,,,"✗ turns: 0/15",
1790445712.519,hud,calib_s,,,,,"✓ Buffer 6s",
1790445712.519,marker,gnss,52.38164500,-1.34205600,251.40,true,,
1790445712.520,marker,dr,52.38161352,-1.34198349,254.40,true,,
1790445712.520,marker,reconciled,0.00000000,0.00000000,0.00,false,,
1790445712.560,hud,speed,,,,,"16.5 / 16.3",16.450
1790445712.560,hud,heading,,,,,"106° / 109°",105.500
1790445712.561,hud,drift,,,,,"3.93%",3.930
1790445712.561,hud,turns,,,,,"✗ turns: 0/15",
1790445712.561,hud,calib_s,,,,,"✓ Buffer 6s",
1790445712.562,marker,gnss,52.38164500,-1.34205600,251.40,true,,
1790445712.562,marker,dr,52.38160917,-1.34196015,254.50,true,,
1790445712.563,marker,reconciled,0.00000000,0.00000000,0.00,false,,
1790445712.626,hud,speed,,,,,"16.6 / 16.3",16.580
1790445712.627,hud,heading,,,,,"105° / 109°",105.300
1790445712.627,hud,drift,,,,,"3.89%",3.890
1790445712.628,hud,turns,,,,,"✗ turns: 0/15",
1790445712.628,hud,calib_s,,,,,"✓ Buffer 6s",
1790445712.629,marker,gnss,52.38164500,-1.34205600,251.40,true,,
1790445712.630,marker,dr,52.38160488,-1.34193709,254.70,true,,
1790445712.630,marker,reconciled,0.00000000,0.00000000,0.00,false,,
1790445712.672,hud,speed,,,,,"16.7 / 16.3",16.710
1790445712.673,hud,heading,,,,,"105° / 109°",104.900
1790445712.674,hud,drift,,,,,"3.87%",3.870
1790445712.674,hud,turns,,,,,"✗ turns: 0/15",
1790445712.674,hud,calib_s,,,,,"✓ Buffer 6s",
1790445712.675,marker,gnss,52.38164500,-1.34205600,251.40,true,,
1790445712.676,marker,dr,52.38160042,-1.34191366,255.10,true,,
1790445712.676,marker,reconciled,0.00000000,0.00000000,0.00,false,,
1790445712.717,hud,speed,,,,,"16.8 / 16.3",16.810
1790445712.717,hud,heading,,,,,"105° / 109°",105.200
1790445712.717,hud,drift,,,,,"3.86%",3.860
1790445712.718,hud,turns,,,,,"✗ turns: 0/15",
1790445712.718,hud,calib_s,,,,,"✓ Buffer 6s",
1790445712.718,marker,gnss,52.38164500,-1.34205600,251.40,true,,
1790445712.719,marker,dr,52.38159584,-1.34188987,254.80,true,,
1790445712.719,marker,reconciled,0.00000000,0.00000000,0.00,false,,
1790445712.769,hud,speed,,,,,"16.9 / 16.3",16.850
1790445712.770,hud,heading,,,,,"105° / 109°",105.200
1790445712.770,hud,drift,,,,,"3.85%",3.850
1790445712.770,hud,turns,,,,,"✗ turns: 0/15",
1790445712.771,hud,calib_s,,,,,"✓ Buffer 6s",
1790445712.771,marker,gnss,52.38164500,-1.34205600,251.40,true,,
1790445712.772,marker,dr,52.38159126,-1.34186653,254.80,true,,
1790445712.772,marker,reconciled,0.00000000,0.00000000,0.00,false,,
1790445712.820,hud,speed,,,,,"17.0 / 16.3",16.950
1790445712.820,hud,heading,,,,,"106° / 109°",105.500
1790445712.821,hud,drift,,,,,"3.84%",3.840
1790445712.821,hud,turns,,,,,"✗ turns: 0/15",
1790445712.821,hud,calib_s,,,,,"✓ Buffer 6s",
1790445712.822,marker,gnss,52.38164500,-1.34205600,251.40,true,,
1790445712.822,marker,dr,52.38158666,-1.34184280,254.50,true,,
1790445712.823,marker,reconciled,0.00000000,0.00000000,0.00,false,,
1790445712.876,hud,speed,,,,,"17.0 / 16.3",17.020
1790445712.876,hud,heading,,,,,"106° / 109°",105.600
1790445712.877,hud,drift,,,,,"3.84%",3.840
1790445712.877,hud,turns,,,,,"✗ turns: 0/15",
1790445712.877,hud,calib_s,,,,,"✓ Buffer 6s",
1790445712.878,marker,gnss,52.38164500,-1.34205600,251.40,true,,
1790445712.879,marker,dr,52.38158205,-1.34181897,254.40,true,,
1790445712.879,marker,reconciled,0.00000000,0.00000000,0.00,false,,
1790445712.914,hud,speed,,,,,"17.1 / 16.3",17.100
1790445712.914,hud,heading,,,,,"106° / 109°",105.700
1790445712.914,hud,drift,,,,,"3.84%",3.840
1790445712.915,hud,turns,,,,,"✗ turns: 0/15",
1790445712.915,hud,calib_s,,,,,"✓ Buffer 6s",
1790445712.915,marker,gnss,52.38164500,-1.34205600,251.40,true,,
1790445712.915,marker,dr,52.38157740,-1.34179479,254.30,true,,
1790445712.916,marker,reconciled,0.00000000,0.00000000,0.00,false,,
1790445712.960,hud,speed,,,,,"17.2 / 16.3",17.170
1790445712.961,hud,heading,,,,,"106° / 109°",105.500
1790445712.961,hud,drift,,,,,"3.85%",3.850
1790445712.961,hud,turns,,,,,"✗ turns: 0/15",
1790445712.961,hud,calib_s,,,,,"✓ Buffer 6s",
1790445712.962,marker,gnss,52.38164500,-1.34205600,251.40,true,,
1790445712.962,marker,dr,52.38157284,-1.34177097,254.50,true,,
1790445712.963,marker,reconciled,0.00000000,0.00000000,0.00,false,,
1790445713.011,hud,speed,,,,,"17.3 / 16.3",17.250
1790445713.012,hud,heading,,,,,"105° / 109°",105.100
1790445713.012,hud,drift,,,,,"3.86%",3.860
1790445713.012,hud,turns,,,,,"✗ turns: 0/15",
1790445713.012,hud,calib_s,,,,,"✓ Buffer 6s",
1790445713.013,marker,gnss,52.38164500,-1.34205600,251.40,true,,
1790445713.013,marker,dr,52.38156831,-1.34174647,254.90,true,,
1790445713.013,marker,reconciled,0.00000000,0.00000000,0.00,false,,
1790445713.064,hud,speed,,,,,"17.3 / 16.3",17.340
1790445713.064,hud,heading,,,,,"105° / 109°",104.800
1790445713.065,hud,drift,,,,,"3.88%",3.880
1790445713.065,hud,turns,,,,,"✗ turns: 0/15",
1790445713.065,hud,calib_s,,,,,"✓ Buffer 6s",
1790445713.065,marker,gnss,52.38164500,-1.34205600,251.40,true,,
1790445713.066,marker,dr,52.38156385,-1.34172232,255.20,true,,
1790445713.066,marker,reconciled,0.00000000,0.00000000,0.00,false,,
1790445713.110,hud,speed,,,,,"17.4 / 16.3",17.440
1790445713.111,hud,heading,,,,,"105° / 109°",104.600
1790445713.111,hud,drift,,,,,"3.90%",3.900
1790445713.111,hud,turns,,,,,"✗ turns: 0/15",
1790445713.111,hud,calib_s,,,,,"✓ Buffer 6s",
1790445713.112,marker,gnss,52.38164500,-1.34205600,251.40,true,,
1790445713.112,marker,dr,52.38155923,-1.34169784,255.40,true,,
1790445713.112,marker,reconciled,0.00000000,0.00000000,0.00,false,,
1790445713.164,hud,speed,,,,,"17.5 / 16.3",17.530
1790445713.164,hud,heading,,,,,"105° / 109°",104.600
1790445713.165,hud,drift,,,,,"3.93%",3.930
1790445713.165,hud,turns,,,,,"✗ turns: 0/15",
1790445713.165,hud,calib_s,,,,,"✓ Buffer 6s",
1790445713.166,marker,gnss,52.38164500,-1.34205600,251.40,true,,
1790445713.166,marker,dr,52.38155456,-1.34167319,255.40,true,,
1790445713.167,marker,reconciled,0.00000000,0.00000000,0.00,false,,
1790445713.214,hud,speed,,,,,"17.7 / 16.3",17.720
1790445713.214,hud,heading,,,,,"105° / 109°",104.800
1790445713.214,hud,drift,,,,,"3.97%",3.970
1790445713.215,hud,turns,,,,,"✗ turns: 0/15",
1790445713.215,hud,calib_s,,,,,"✓ Buffer 6s",
1790445713.215,marker,gnss,52.38164500,-1.34205600,251.40,true,,
1790445713.216,marker,dr,52.38155002,-1.34164825,255.20,true,,
1790445713.216,marker,reconciled,0.00000000,0.00000000,0.00,false,,
1790445713.269,hud,speed,,,,,"17.9 / 16.3",17.910
1790445713.269,hud,heading,,,,,"105° / 109°",104.700
1790445713.269,hud,drift,,,,,"4.01%",4.010
1790445713.270,hud,turns,,,,,"✗ turns: 0/15",
1790445713.270,hud,calib_s,,,,,"✓ Buffer 6s",
1790445713.270,marker,gnss,52.38164500,-1.34205600,251.40,true,,
1790445713.271,marker,dr,52.38154545,-1.34162300,255.30,true,,
1790445713.271,marker,reconciled,0.00000000,0.00000000,0.00,false,,
1790445713.314,hud,speed,,,,,"18.0 / 16.3",17.990
1790445713.314,hud,heading,,,,,"105° / 109°",104.500
1790445713.315,hud,drift,,,,,"4.07%",4.070
1790445713.315,hud,turns,,,,,"✗ turns: 0/15",
1790445713.315,hud,calib_s,,,,,"✓ Buffer 6s",
1790445713.315,marker,gnss,52.38164500,-1.34205600,251.40,true,,
1790445713.316,marker,dr,52.38154072,-1.34159745,255.50,true,,
1790445713.316,marker,reconciled,0.00000000,0.00000000,0.00,false,,
1790445713.371,hud,speed,,,,,"18.1 / 16.3",18.050
1790445713.371,hud,heading,,,,,"104° / 109°",104.400
1790445713.372,hud,drift,,,,,"4.12%",4.120
1790445713.372,hud,turns,,,,,"✗ turns: 0/15",
1790445713.372,hud,calib_s,,,,,"✓ Buffer 6s",
1790445713.372,marker,gnss,52.38164500,-1.34205600,251.40,true,,
1790445713.373,marker,dr,52.38153608,-1.34157202,255.60,true,,
1790445713.374,marker,reconciled,0.00000000,0.00000000,0.00,false,,
1790445713.418,hud,speed,,,,,"18.0 / 16.3",17.950
1790445713.419,hud,heading,,,,,"105° / 109°",104.700
1790445713.419,hud,drift,,,,,"4.17%",4.170
1790445713.419,hud,turns,,,,,"✗ turns: 0/15",
1790445713.420,hud,calib_s,,,,,"✓ Buffer 6s",
1790445713.420,marker,gnss,52.38164500,-1.34205600,251.40,true,,
1790445713.421,marker,dr,52.38153140,-1.34154678,255.30,true,,
1790445713.421,marker,reconciled,0.00000000,0.00000000,0.00,false,,
1790445713.472,hud,speed,,,,,"18.2 / 16.3",18.190
1790445713.472,hud,heading,,,,,"105° / 109°",105.100
1790445713.473,hud,drift,,,,,"4.23%",4.230
1790445713.473,hud,turns,,,,,"✗ turns: 0/15",
1790445713.473,hud,calib_s,,,,,"✓ Buffer 6s",
1790445713.474,marker,gnss,52.38164500,-1.34205600,251.40,true,,
1790445713.474,marker,dr,52.38152681,-1.34152142,254.90,true,,
1790445713.475,marker,reconciled,0.00000000,0.00000000,0.00,false,,
1790445713.521,hud,speed,,,,,"18.3 / 16.3",18.310
1790445713.521,hud,heading,,,,,"106° / 109°",105.500
1790445713.521,hud,drift,,,,,"4.30%",4.300
1790445713.521,hud,turns,,,,,"✗ turns: 0/15",
1790445713.522,hud,calib_s,,,,,"✓ Buffer 6s",
1790445713.522,marker,gnss,52.38164500,-1.34205600,251.40,true,,
1790445713.523,marker,dr,52.38152217,-1.34149562,254.50,true,,
1790445713.523,marker,reconciled,0.00000000,0.00000000,0.00,false,,
1790445713.574,hud,speed,,,,,"18.5 / 16.3",18.470
1790445713.575,hud,heading,,,,,"106° / 109°",105.800
1790445713.575,hud,drift,,,,,"4.37%",4.370
1790445713.575,hud,turns,,,,,"✗ turns: 0/15",
1790445713.575,hud,calib_s,,,,,"✓ Buffer 6s",
1790445713.575,marker,gnss,52.38164500,-1.34205600,251.40,true,,
1790445713.576,marker,dr,52.38151727,-1.34146943,254.20,true,,
1790445713.576,marker,reconciled,0.00000000,0.00000000,0.00,false,,
1790445713.620,hud,speed,,,,,"18.5 / 16.3",18.510
1790445713.621,hud,heading,,,,,"106° / 109°",105.700
1790445713.621,hud,drift,,,,,"4.45%",4.450
1790445713.621,hud,turns,,,,,"✗ turns: 0/15",
1790445713.621,hud,calib_s,,,,,"✓ Buffer 6s",
1790445713.622,marker,gnss,52.38164500,-1.34205600,251.40,true,,
1790445713.622,marker,dr,52.38151245,-1.34144371,254.30,true,,
1790445713.623,marker,reconciled,0.00000000,0.00000000,0.00,false,,
1790445713.674,hud,speed,,,,,"18.6 / 16.3",18.600
1790445713.675,hud,heading,,,,,"105° / 109°",105.400
1790445713.675,hud,drift,,,,,"4.53%",4.530
1790445713.675,hud,turns,,,,,"✗ turns: 0/15",
1790445713.675,hud,calib_s,,,,,"✓ Buffer 6s",
1790445713.676,marker,gnss,52.38164500,-1.34205600,251.40,true,,
1790445713.676,marker,dr,52.38150754,-1.34141731,254.60,true,,
1790445713.676,marker,reconciled,0.00000000,0.00000000,0.00,false,,
1790445713.724,hud,speed,,,,,"18.7 / 16.3",18.650
1790445713.725,hud,heading,,,,,"105° / 109°",105.000
1790445713.725,hud,drift,,,,,"4.61%",4.610
1790445713.725,hud,turns,,,,,"✗ turns: 0/15",
1790445713.725,hud,calib_s,,,,,"✓ Buffer 6s",
1790445713.726,marker,gnss,52.38164500,-1.34205600,251.40,true,,
1790445713.726,marker,dr,52.38150258,-1.34139115,255.00,true,,
1790445713.727,marker,reconciled,0.00000000,0.00000000,0.00,false,,
1790445713.779,hud,speed,,,,,"18.7 / 16.3",18.670
1790445713.780,hud,heading,,,,,"105° / 109°",104.800
1790445713.780,hud,drift,,,,,"4.70%",4.700
1790445713.780,hud,turns,,,,,"✗ turns: 0/15",
1790445713.780,hud,calib_s,,,,,"✓ Buffer 6s",
1790445713.781,marker,gnss,52.38164500,-1.34205600,251.40,true,,
1790445713.782,marker,dr,52.38149762,-1.34136495,255.20,true,,
1790445713.782,marker,reconciled,0.00000000,0.00000000,0.00,false,,
1790445713.828,hud,speed,,,,,"18.7 / 16.3",18.690
1790445713.828,hud,heading,,,,,"105° / 109°",104.700
1790445713.829,hud,drift,,,,,"4.78%",4.780
1790445713.829,hud,turns,,,,,"✗ turns: 0/15",
1790445713.829,hud,calib_s,,,,,"✓ Buffer 6s",
1790445713.830,marker,gnss,52.38164500,-1.34205600,251.40,true,,
1790445713.831,marker,dr,52.38149271,-1.34133897,255.30,true,,
1790445713.831,marker,reconciled,0.00000000,0.00000000,0.00,false,,
1790445713.881,hud,speed,,,,,"18.7 / 16.3",18.670
1790445713.881,hud,heading,,,,,"105° / 109°",104.800
1790445713.882,hud,drift,,,,,"4.86%",4.860
1790445713.882,hud,turns,,,,,"✗ turns: 0/15",
1790445713.882,hud,calib_s,,,,,"✓ Buffer 6s",
1790445713.883,marker,gnss,52.38164500,-1.34205600,251.40,true,,
1790445713.883,marker,dr,52.38148782,-1.34131272,255.20,true,,
1790445713.884,marker,reconciled,0.00000000,0.00000000,0.00,false,,
1790445713.926,hud,speed,,,,,"18.5 / 16.3",18.540
1790445713.926,hud,heading,,,,,"105° / 109°",104.700
1790445713.927,hud,drift,,,,,"4.93%",4.930
1790445713.927,hud,turns,,,,,"✗ turns: 0/15",
1790445713.927,hud,calib_s,,,,,"✓ Buffer 6s",
1790445713.928,marker,gnss,52.38164500,-1.34205600,251.40,true,,
1790445713.928,marker,dr,52.38148303,-1.34128663,255.30,true,,
1790445713.928,marker,reconciled,0.00000000,0.00000000,0.00,false,,
1790445713.982,hud,speed,,,,,"18.5 / 16.3",18.490
1790445713.983,hud,heading,,,,,"105° / 109°",104.600
1790445713.983,hud,drift,,,,,"5.00%",5.000
1790445713.983,hud,turns,,,,,"✗ turns: 0/15",
1790445713.983,hud,calib_s,,,,,"✓ Buffer 6s",
1790445713.984,marker,gnss,52.38164500,-1.34205600,251.40,true,,
1790445713.984,marker,dr,52.38147826,-1.34126060,255.40,true,,
1790445713.985,marker,reconciled,0.00000000,0.00000000,0.00,false,,
1790445714.030,hud,speed,,,,,"18.5 / 16.3",18.500
1790445714.031,hud,heading,,,,,"105° / 109°",104.600
1790445714.031,hud,drift,,,,,"5.07%",5.070
1790445714.031,hud,turns,,,,,"✗ turns: 0/15",
1790445714.032,hud,calib_s,,,,,"✓ Buffer 6s",
1790445714.032,marker,gnss,52.38164500,-1.34205600,251.40,true,,
1790445714.032,marker,dr,52.38147353,-1.34123454,255.40,true,,
1790445714.033,marker,reconciled,0.00000000,0.00000000,0.00,false,,
1790445714.084,hud,speed,,,,,"18.5 / 16.3",18.480
1790445714.084,hud,heading,,,,,"105° / 109°",104.800
1790445714.085,hud,drift,,,,,"5.13%",5.130
1790445714.085,hud,turns,,,,,"✗ turns: 0/15",
1790445714.085,hud,calib_s,,,,,"✓ Buffer 6s",
1790445714.086,marker,gnss,52.38164500,-1.34205600,251.40,true,,
1790445714.087,marker,dr,52.38146878,-1.34120853,255.20,true,,
1790445714.087,marker,reconciled,0.00000000,0.00000000,0.00,false,,
1790445714.131,hud,speed,,,,,"18.5 / 16.3",18.510
1790445714.131,hud,heading,,,,,"105° / 109°",104.900
1790445714.132,hud,drift,,,,,"5.20%",5.200
1790445714.132,hud,turns,,,,,"✗ turns: 0/15",
1790445714.132,hud,calib_s,,,,,"✓ Buffer 6s",
1790445714.132,marker,gnss,52.38164500,-1.34205600,251.40,true,,
1790445714.133,marker,dr,52.38146398,-1.34118221,255.10,true,,
1790445714.133,marker,reconciled,0.00000000,0.00000000,0.00,false,,
1790445714.188,hud,speed,,,,,"18.6 / 16.3",18.550
1790445714.188,hud,heading,,,,,"105° / 109°",105.100
1790445714.189,hud,drift,,,,,"5.27%",5.270
1790445714.189,hud,turns,,,,,"✗ turns: 0/15",
1790445714.189,hud,calib_s,,,,,"✓ Buffer 6s",
1790445714.190,marker,gnss,52.38164500,-1.34205600,251.40,true,,
1790445714.190,marker,dr,52.38145923,-1.34115610,254.90,true,,
1790445714.191,marker,reconciled,0.00000000,0.00000000,0.00,false,,
1790445714.232,hud,speed,,,,,"18.6 / 16.3",18.560
1790445714.233,hud,heading,,,,,"105° / 109°",105.000
1790445714.233,hud,drift,,,,,"5.33%",5.330
1790445714.234,hud,turns,,,,,"✗ turns: 0/15",
1790445714.234,hud,calib_s,,,,,"✓ Buffer 6s",
1790445714.235,marker,gnss,52.38164500,-1.34205600,251.40,true,,
1790445714.235,marker,dr,52.38145454,-1.34113022,255.00,true,,
1790445714.236,marker,reconciled,0.00000000,0.00000000,0.00,false,,
1790445714.290,hud,speed,,,,,"18.6 / 16.3",18.590
1790445714.291,hud,heading,,,,,"105° / 109°",105.000
1790445714.291,hud,drift,,,,,"5.40%",5.400
1790445714.291,hud,turns,,,,,"✗ turns: 0/15",
1790445714.292,hud,calib_s,,,,,"✓ Buffer 6s",
1790445714.292,marker,gnss,52.38164500,-1.34205600,251.40,true,,
1790445714.293,marker,dr,52.38144983,-1.34110403,255.00,true,,
1790445714.293,marker,reconciled,0.00000000,0.00000000,0.00,false,,
1790445714.334,hud,speed,,,,,"18.6 / 16.3",18.610
1790445714.334,hud,heading,,,,,"105° / 109°",104.900
1790445714.335,hud,drift,,,,,"5.47%",5.470
1790445714.335,hud,turns,,,,,"✗ turns: 0/15",
1790445714.335,hud,calib_s,,,,,"✓ Buffer 6s",
1790445714.336,marker,gnss,52.38164500,-1.34205600,251.40,true,,
1790445714.336,marker,dr,52.38144519,-1.34107779,255.10,true,,
1790445714.337,marker,reconciled,0.00000000,0.00000000,0.00,false,,
1790445714.391,hud,speed,,,,,"18.6 / 16.3",18.620
1790445714.391,hud,heading,,,,,"105° / 109°",104.800
1790445714.391,hud,drift,,,,,"5.54%",5.540
1790445714.392,hud,turns,,,,,"✗ turns: 0/15",
1790445714.392,hud,calib_s,,,,,"✓ Buffer 6s",
1790445714.392,marker,gnss,52.38164500,-1.34205600,251.40,true,,
1790445714.393,marker,dr,52.38144056,-1.34105150,255.20,true,,
1790445714.393,marker,reconciled,0.00000000,0.00000000,0.00,false,,
1790445714.437,hud,speed,,,,,"18.6 / 16.3",18.580
1790445714.437,hud,heading,,,,,"105° / 109°",104.800
1790445714.437,hud,drift,,,,,"5.60%",5.600
1790445714.437,hud,turns,,,,,"✗ turns: 0/15",
1790445714.437,hud,calib_s,,,,,"✓ Buffer 6s",
1790445714.438,marker,gnss,52.38164500,-1.34205600,251.40,true,,
1790445714.438,marker,dr,52.38143599,-1.34102525,255.20,true,,
1790445714.439,marker,reconciled,0.00000000,0.00000000,0.00,false,,
1790445714.507,hud,speed,,,,,"18.6 / 16.3",18.620
1790445714.507,hud,heading,,,,,"104° / 109°",104.400
1790445714.508,hud,drift,,,,,"5.67%",5.670
1790445714.508,hud,turns,,,,,"✗ turns: 0/15",
1790445714.508,hud,calib_s,,,,,"✓ Buffer 6s",
1790445714.509,marker,gnss,52.38164500,-1.34205600,251.40,true,,
1790445714.509,marker,dr,52.38143144,-1.34099894,255.60,true,,
1790445714.510,marker,reconciled,0.00000000,0.00000000,0.00,false,,
1790445714.541,hud,speed,,,,,"18.4 / 16.3",18.360
1790445714.541,hud,heading,,,,,"104° / 109°",104.200
1790445714.541,hud,drift,,,,,"5.72%",5.720
1790445714.541,hud,turns,,,,,"✗ turns: 0/15",
1790445714.542,hud,calib_s,,,,,"✓ Buffer 6s",
1790445714.542,marker,gnss,52.38164500,-1.34205600,251.40,true,,
1790445714.543,marker,dr,52.38142682,-1.34097302,255.80,true,,
1790445714.544,marker,reconciled,0.00000000,0.00000000,0.00,false,,
1790445714.591,hud,speed,,,,,"18.5 / 16.3",18.520
1790445714.591,hud,heading,,,,,"104° / 109°",104.100
1790445714.592,hud,drift,,,,,"5.79%",5.790
1790445714.592,hud,turns,,,,,"✗ turns: 0/15",
1790445714.592,hud,calib_s,,,,,"✓ Buffer 6s",
1790445714.592,marker,gnss,52.38164500,-1.34205600,251.40,true,,
1790445714.593,marker,dr,52.38142215,-1.34094660,255.90,true,,
1790445714.593,marker,reconciled,0.00000000,0.00000000,0.00,false,,
1790445714.644,hud,speed,,,,,"18.6 / 16.3",18.580
1790445714.644,hud,heading,,,,,"104° / 109°",104.200
1790445714.644,hud,drift,,,,,"5.85%",5.850
1790445714.645,hud,turns,,,,,"✗ turns: 0/15",
1790445714.645,hud,calib_s,,,,,"✓ Buffer 6s",
1790445714.645,marker,gnss,52.38164500,-1.34205600,251.40,true,,
1790445714.646,marker,dr,52.38141756,-1.34092035,255.80,true,,
1790445714.646,marker,reconciled,0.00000000,0.00000000,0.00,false,,
1790445714.691,hud,speed,,,,,"18.6 / 16.3",18.630
1790445714.692,hud,heading,,,,,"104° / 109°",104.200
1790445714.692,hud,drift,,,,,"5.91%",5.910
1790445714.692,hud,turns,,,,,"✗ turns: 0/15",
1790445714.693,hud,calib_s,,,,,"✓ Buffer 6s",
1790445714.693,marker,gnss,52.38164500,-1.34205600,251.40,true,,
1790445714.693,marker,dr,52.38141298,-1.34089427,255.80,true,,
1790445714.694,marker,reconciled,0.00000000,0.00000000,0.00,false,,
1790445714.747,hud,speed,,,,,"18.7 / 16.3",18.730
1790445714.747,hud,heading,,,,,"104° / 109°",103.800
1790445714.747,hud,drift,,,,,"5.98%",5.980
1790445714.748,hud,turns,,,,,"✗ turns: 0/15",
1790445714.748,hud,calib_s,,,,,"✓ Buffer 6s",
1790445714.748,marker,gnss,52.38164500,-1.34205600,251.40,true,,
1790445714.749,marker,dr,52.38140842,-1.34086750,256.20,true,,
1790445714.749,marker,reconciled,0.00000000,0.00000000,0.00,false,,
1790445714.795,hud,speed,,,,,"18.9 / 16.3",18.890
1790445714.795,hud,heading,,,,,"103° / 109°",103.400
1790445714.795,hud,drift,,,,,"6.05%",6.050
1790445714.796,hud,turns,,,,,"✗ turns: 0/15",
1790445714.796,hud,calib_s,,,,,"✓ Buffer 6s",
1790445714.796,marker,gnss,52.38164500,-1.34205600,251.40,true,,
1790445714.797,marker,dr,52.38140385,-1.34084078,256.60,true,,
1790445714.797,marker,reconciled,0.00000000,0.00000000,0.00,false,,
1790445714.850,hud,speed,,,,,"18.9 / 16.3",18.930
1790445714.850,hud,heading,,,,,"103° / 109°",103.400
1790445714.851,hud,drift,,,,,"6.13%",6.130
1790445714.851,hud,turns,,,,,"✗ turns: 0/15",
1790445714.851,hud,calib_s,,,,,"✓ Buffer 6s",
1790445714.851,marker,gnss,52.38164500,-1.34205600,251.40,true,,
1790445714.852,marker,dr,52.38139923,-1.34081394,256.60,true,,
1790445714.852,marker,reconciled,0.00000000,0.00000000,0.00,false,,
1790445714.896,hud,speed,,,,,"18.9 / 16.3",18.860
1790445714.896,hud,heading,,,,,"103° / 109°",103.400
1790445714.897,hud,drift,,,,,"6.21%",6.210
1790445714.897,hud,turns,,,,,"✗ turns: 0/15",
1790445714.897,hud,calib_s,,,,,"✓ Buffer 6s",
1790445714.897,marker,gnss,52.38164500,-1.34205600,251.40,true,,
1790445714.898,marker,dr,52.38139465,-1.34078719,256.60,true,,
1790445714.899,marker,reconciled,0.00000000,0.00000000,0.00,false,,
1790445714.954,hud,speed,,,,,"19.1 / 16.3",19.130
1790445714.954,hud,heading,,,,,"104° / 109°",103.700
1790445714.954,hud,drift,,,,,"6.29%",6.290
1790445714.955,hud,turns,,,,,"✗ turns: 0/15",
1790445714.955,hud,calib_s,,,,,"✓ Buffer 6s",
1790445714.955,marker,gnss,52.38164500,-1.34205600,251.40,true,,
1790445714.956,marker,dr,52.38139010,-1.34076039,256.30,true,,
1790445714.956,marker,reconciled,0.00000000,0.00000000,0.00,false,,
1790445715.000,hud,speed,,,,,"19.3 / 16.3",19.280
1790445715.001,hud,heading,,,,,"104° / 109°",104.000
1790445715.001,hud,drift,,,,,"6.37%",6.370
1790445715.001,hud,turns,,,,,"✗ turns: 0/15",
1790445715.002,hud,calib_s,,,,,"✓ Buffer 6s",
1790445715.002,marker,gnss,52.38164500,-1.34205600,251.40,true,,
1790445715.003,marker,dr,52.38138526,-1.34073290,256.00,true,,
1790445715.003,marker,reconciled,0.00000000,0.00000000,0.00,false,,
1790445715.057,hud,speed,,,,,"19.4 / 16.3",19.380
1790445715.057,hud,heading,,,,,"104° / 109°",103.900
1790445715.057,hud,drift,,,,,"6.46%",6.460
1790445715.058,hud,turns,,,,,"✗ turns: 0/15",
1790445715.058,hud,calib_s,,,,,"✓ Buffer 6s",
1790445715.059,marker,gnss,52.38164500,-1.34205600,251.40,true,,
1790445715.059,marker,dr,52.38138051,-1.34070550,256.10,true,,
1790445715.059,marker,reconciled,0.00000000,0.00000000,0.00,false,,
1790445715.106,hud,speed,,,,,"19.5 / 16.3",19.520
1790445715.107,hud,heading,,,,,"104° / 109°",103.900
1790445715.107,hud,drift,,,,,"6.56%",6.560
1790445715.107,hud,turns,,,,,"✗ turns: 0/15",
1790445715.107,hud,calib_s,,,,,"✓ Buffer 6s",
1790445715.108,marker,gnss,52.38164500,-1.34205600,251.40,true,,
1790445715.108,marker,dr,52.38137577,-1.34067788,256.10,true,,
1790445715.109,marker,reconciled,0.00000000,0.00000000,0.00,false,,
1790445715.160,hud,speed,,,,,"19.7 / 16.3",19.670
1790445715.160,hud,heading,,,,,"104° / 109°",103.800
1790445715.161,hud,drift,,,,,"6.66%",6.660
1790445715.161,hud,turns,,,,,"✗ turns: 0/15",
1790445715.162,hud,calib_s,,,,,"✓ Buffer 6s",
1790445715.163,marker,gnss,52.38164500,-1.34205600,251.40,true,,
1790445715.163,marker,dr,52.38137097,-1.34065006,256.20,true,,
1790445715.164,marker,reconciled,0.00000000,0.00000000,0.00,false,,
1790445715.211,hud,speed,,,,,"19.6 / 16.3",19.610
1790445715.211,hud,heading,,,,,"104° / 109°",103.800
1790445715.212,hud,drift,,,,,"6.76%",6.760
1790445715.212,hud,turns,,,,,"✗ turns: 0/15",
1790445715.212,hud,calib_s,,,,,"✓ Buffer 6s",
1790445715.212,marker,gnss,52.38164500,-1.34205600,251.40,true,,
1790445715.213,marker,dr,52.38136609,-1.34062266,256.20,true,,
1790445715.213,marker,reconciled,0.00000000,0.00000000,0.00,false,,
1790445715.257,hud,speed,,,,,"19.7 / 16.3",19.670
1790445715.257,hud,heading,,,,,"104° / 109°",103.700
1790445715.257,hud,drift,,,,,"6.86%",6.860
1790445715.258,hud,turns,,,,,"✗ turns: 0/15",
1790445715.259,hud,calib_s,,,,,"✓ Buffer 6s",
1790445715.259,marker,gnss,52.38164500,-1.34205600,251.40,true,,
1790445715.260,marker,dr,52.38136113,-1.34059462,256.30,true,,
1790445715.260,marker,reconciled,0.00000000,0.00000000,0.00,false,,
1790445715.307,hud,speed,,,,,"19.9 / 16.3",19.900
1790445715.307,hud,heading,,,,,"104° / 109°",104.000
1790445715.307,hud,drift,,,,,"6.96%",6.960
1790445715.308,hud,turns,,,,,"✗ turns: 0/15",
1790445715.308,hud,calib_s,,,,,"✓ Buffer 6s",
1790445715.308,marker,gnss,52.38164500,-1.34205600,251.40,true,,
1790445715.308,marker,dr,52.38135617,-1.34056684,256.00,true,,
1790445715.309,marker,reconciled,0.00000000,0.00000000,0.00,false,,
1790445715.363,hud,speed,,,,,"20.1 / 16.3",20.060
1790445715.364,hud,heading,,,,,"104° / 109°",103.800
1790445715.364,hud,drift,,,,,"7.07%",7.070
1790445715.364,hud,turns,,,,,"✗ turns: 0/15",
1790445715.365,hud,calib_s,,,,,"✓ Buffer 6s",
1790445715.365,marker,gnss,52.38164500,-1.34205600,251.40,true,,
1790445715.366,marker,dr,52.38135117,-1.34053854,256.20,true,,
1790445715.366,marker,reconciled,0.00000000,0.00000000,0.00,false,,
1790445715.408,hud,speed,,,,,"20.2 / 16.3",20.220
1790445715.409,hud,heading,,,,,"103° / 109°",103.400
1790445715.409,hud,drift,,,,,"7.19%",7.190
1790445715.410,hud,turns,,,,,"✗ turns: 0/15",
1790445715.410,hud,calib_s,,,,,"✓ Buffer 6s",
1790445715.410,marker,gnss,52.38164500,-1.34205600,251.40,true,,
1790445715.411,marker,dr,52.38134616,-1.34050999,256.60,true,,
1790445715.411,marker,reconciled,0.00000000,0.00000000,0.00,false,,
1790445715.465,hud,speed,,,,,"20.1 / 16.3",20.140
1790445715.465,hud,heading,,,,,"103° / 109°",103.200
1790445715.466,hud,drift,,,,,"7.30%",7.300
1790445715.466,hud,turns,,,,,"✗ turns: 0/15",
1790445715.467,hud,calib_s,,,,,"✓ Buffer 6s",
1790445715.467,marker,gnss,52.38164500,-1.34205600,251.40,true,,
1790445715.468,marker,dr,52.38134098,-1.34048130,256.80,true,,
1790445715.468,marker,reconciled,0.00000000,0.00000000,0.00,false,,
1790445715.508,hud,speed,,,,,"20.2 / 16.3",20.240
1790445715.509,hud,heading,,,,,"103° / 109°",102.800
1790445715.509,hud,drift,,,,,"7.41%",7.410
1790445715.509,hud,turns,,,,,"✗ turns: 0/15",
1790445715.509,hud,calib_s,,,,,"✓ Buffer 6s",
1790445715.510,marker,gnss,52.38164500,-1.34205600,251.40,true,,
1790445715.511,marker,dr,52.38133589,-1.34045305,257.20,true,,
1790445715.511,marker,reconciled,0.00000000,0.00000000,0.00,false,,
1790445715.573,hud,speed,,,,,"20.3 / 16.3",20.260
1790445715.573,hud,heading,,,,,"103° / 109°",102.700
1790445715.574,hud,drift,,,,,"7.53%",7.530
1790445715.574,hud,turns,,,,,"✗ turns: 0/15",
1790445715.575,hud,calib_s,,,,,"✓ Buffer 6s",
1790445715.575,marker,gnss,52.38164500,-1.34205600,251.40,true,,
1790445715.576,marker,dr,52.38133069,-1.34042439,257.30,true,,
1790445715.577,marker,reconciled,0.00000000,0.00000000,0.00,false,,
1790445715.611,hud,speed,,,,,"20.5 / 16.3",20.540
1790445715.611,hud,heading,,,,,"103° / 109°",103.100
1790445715.612,hud,drift,,,,,"7.65%",7.650
1790445715.612,hud,turns,,,,,"✗ turns: 0/15",
1790445715.612,hud,calib_s,,,,,"✓ Buffer 6s",
1790445715.613,marker,gnss,52.38164500,-1.34205600,251.40,true,,
1790445715.614,marker,dr,52.38132566,-1.34039505,256.90,true,,
1790445715.614,marker,reconciled,0.00000000,0.00000000,0.00,false,,
1790445715.670,hud,speed,,,,,"19.3 / 16.3",19.290
1790445715.670,hud,heading,,,,,"104° / 109°",104.100
1790445715.671,hud,drift,,,,,"7.72%",7.720
1790445715.671,hud,turns,,,,,"✗ turns: 0/15",
1790445715.672,hud,calib_s,,,,,"✓ Buffer 6s",
1790445715.672,marker,gnss,52.38164500,-1.34205600,251.40,true,,
1790445715.673,marker,dr,52.38132095,-1.34036808,255.90,true,,
1790445715.673,marker,reconciled,0.00000000,0.00000000,0.00,false,,
1790445715.716,hud,speed,,,,,"20.9 / 16.3",20.890
1790445715.716,hud,heading,,,,,"105° / 109°",104.500
1790445715.716,hud,drift,,,,,"7.86%",7.860
1790445715.716,hud,turns,,,,,"✗ turns: 0/15",
1790445715.717,hud,calib_s,,,,,"✓ Buffer 6s",
1790445715.717,marker,gnss,52.38164500,-1.34205600,251.40,true,,
1790445715.718,marker,dr,52.38131564,-1.34033835,255.50,true,,
1790445715.718,marker,reconciled,0.00000000,0.00000000,0.00,false,,
1790445715.772,hud,speed,,,,,"21.0 / 16.3",21.040
1790445715.772,hud,heading,,,,,"105° / 109°",104.500
1790445715.773,hud,drift,,,,,"7.99%",7.990
1790445715.773,hud,turns,,,,,"✗ turns: 0/15",
1790445715.773,hud,calib_s,,,,,"✓ Buffer 6s",
1790445715.774,marker,gnss,52.38164500,-1.34205600,251.40,true,,
1790445715.774,marker,dr,52.38131033,-1.34030905,255.50,true,,
1790445715.775,marker,reconciled,0.00000000,0.00000000,0.00,false,,
1790445715.814,hud,speed,,,,,"21.2 / 16.3",21.150
1790445715.814,hud,heading,,,,,"105° / 109°",104.500
1790445715.815,hud,drift,,,,,"8.13%",8.130
1790445715.815,hud,turns,,,,,"✗ turns: 0/15",
1790445715.815,hud,calib_s,,,,,"✓ Buffer 6s",
1790445715.815,marker,gnss,52.38164500,-1.34205600,251.40,true,,
1790445715.816,marker,dr,52.38130498,-1.34027928,255.50,true,,
1790445715.816,marker,reconciled,0.00000000,0.00000000,0.00,false,,
1790445715.864,hud,speed,,,,,"21.1 / 16.3",21.110
1790445715.864,hud,heading,,,,,"105° / 109°",104.600
1790445715.865,hud,drift,,,,,"8.27%",8.270
1790445715.865,hud,turns,,,,,"✗ turns: 0/15",
1790445715.865,hud,calib_s,,,,,"✓ Buffer 6s",
1790445715.866,marker,gnss,52.38164500,-1.34205600,251.40,true,,
1790445715.867,marker,dr,52.38129953,-1.34024930,255.40,true,,
1790445715.867,marker,reconciled,0.00000000,0.00000000,0.00,false,,
1790445715.918,hud,speed,,,,,"21.1 / 16.3",21.090
1790445715.918,hud,heading,,,,,"105° / 109°",104.800
1790445715.918,hud,drift,,,,,"8.40%",8.400
1790445715.919,hud,turns,,,,,"✗ turns: 0/15",
1790445715.919,hud,calib_s,,,,,"✓ Buffer 6s",
1790445715.920,marker,gnss,52.38164500,-1.34205600,251.40,true,,
1790445715.920,marker,dr,52.38129411,-1.34021964,255.20,true,,
1790445715.921,marker,reconciled,0.00000000,0.00000000,0.00,false,,
1790445715.969,hud,speed,,,,,"21.2 / 16.3",21.170
1790445715.969,hud,heading,,,,,"105° / 109°",105.000
1790445715.969,hud,drift,,,,,"8.53%",8.530
1790445715.970,hud,turns,,,,,"✗ turns: 0/15",
1790445715.970,hud,calib_s,,,,,"✓ Buffer 6s",
1790445715.970,marker,gnss,52.38164500,-1.34205600,251.40,true,,
1790445715.971,marker,dr,52.38128865,-1.34018987,255.00,true,,
1790445715.972,marker,reconciled,0.00000000,0.00000000,0.00,false,,
1790445716.015,hud,speed,,,,,"21.1 / 16.3",21.070
1790445716.016,hud,heading,,,,,"105° / 109°",105.100
1790445716.016,hud,drift,,,,,"8.66%",8.660
1790445716.016,hud,turns,,,,,"✗ turns: 0/15",
1790445716.016,hud,calib_s,,,,,"✓ Buffer 6s",
1790445716.016,marker,gnss,52.38164500,-1.34205600,251.40,true,,
1790445716.017,marker,dr,52.38128309,-1.34016001,254.90,true,,
1790445716.017,marker,reconciled,0.00000000,0.00000000,0.00,false,,
1790445716.074,hud,speed,,,,,"21.0 / 16.3",21.000
1790445716.074,hud,heading,,,,,"105° / 109°",105.300
1790445716.075,hud,drift,,,,,"8.79%",8.790
1790445716.075,hud,turns,,,,,"✗ turns: 0/15",
1790445716.075,hud,calib_s,,,,,"✓ Buffer 6s",
1790445716.076,marker,gnss,52.38164500,-1.34205600,251.40,true,,
1790445716.077,marker,dr,52.38127772,-1.34013112,254.70,true,,
1790445716.077,marker,reconciled,0.00000000,0.00000000,0.00,false,,
1790445716.116,hud,speed,,,,,"21.0 / 16.3",21.030
1790445716.116,hud,heading,,,,,"105° / 109°",104.800
1790445716.117,hud,drift,,,,,"8.91%",8.910
1790445716.117,hud,turns,,,,,"✗ turns: 0/15",
1790445716.117,hud,calib_s,,,,,"✓ Buffer 6s",
1790445716.117,marker,gnss,52.38164500,-1.34205600,251.40,true,,
1790445716.118,marker,dr,52.38127213,-1.34010097,255.20,true,,
1790445716.119,marker,reconciled,0.00000000,0.00000000,0.00,false,,
1790445716.169,hud,speed,,,,,"20.8 / 16.3",20.840
1790445716.169,hud,heading,,,,,"104° / 109°",104.100
1790445716.170,hud,drift,,,,,"9.03%",9.030
1790445716.170,hud,turns,,,,,"✗ turns: 0/15",
1790445716.170,hud,calib_s,,,,,"✓ Buffer 6s",
1790445716.171,marker,gnss,52.38164500,-1.34205600,251.40,true,,
1790445716.171,marker,dr,52.38126672,-1.34007199,255.90,true,,
1790445716.171,marker,reconciled,0.00000000,0.00000000,0.00,false,,
1790445716.220,hud,speed,,,,,"20.6 / 16.3",20.620
1790445716.220,hud,heading,,,,,"104° / 109°",103.500
1790445716.220,hud,drift,,,,,"9.13%",9.130
1790445716.221,hud,turns,,,,,"✗ turns: 0/15",
1790445716.221,hud,calib_s,,,,,"✓ Buffer 6s",
1790445716.221,marker,gnss,52.38164500,-1.34205600,251.40,true,,
1790445716.222,marker,dr,52.38126139,-1.34004329,256.50,true,,
1790445716.222,marker,reconciled,0.00000000,0.00000000,0.00,false,,
1790445716.270,hud,speed,,,,,"20.4 / 16.3",20.440
1790445716.270,hud,heading,,,,,"103° / 109°",103.400
1790445716.271,hud,drift,,,,,"9.23%",9.230
1790445716.271,hud,turns,,,,,"✗ turns: 0/15",
1790445716.271,hud,calib_s,,,,,"✓ Buffer 6s",
1790445716.271,marker,gnss,52.38164500,-1.34205600,251.40,true,,
1790445716.272,marker,dr,52.38125595,-1.34001448,256.60,true,,
1790445716.272,marker,reconciled,0.00000000,0.00000000,0.00,false,,
1790445716.321,hud,speed,,,,,"20.4 / 16.3",20.430
1790445716.321,hud,heading,,,,,"104° / 109°",103.800
1790445716.322,hud,drift,,,,,"9.33%",9.330
1790445716.322,hud,turns,,,,,"✗ turns: 0/15",
1790445716.322,hud,calib_s,,,,,"✓ Buffer 6s",
1790445716.322,marker,gnss,52.38164500,-1.34205600,251.40,true,,
1790445716.323,marker,dr,52.38125061,-1.33998545,256.20,true,,
1790445716.323,marker,reconciled,0.00000000,0.00000000,0.00,false,,
1790445716.375,hud,speed,,,,,"20.4 / 16.3",20.410
1790445716.375,hud,heading,,,,,"104° / 109°",103.900
1790445716.376,hud,drift,,,,,"9.43%",9.430
1790445716.376,hud,turns,,,,,"✗ turns: 0/15",
1790445716.376,hud,calib_s,,,,,"✓ Buffer 6s",
1790445716.377,marker,gnss,52.38164500,-1.34205600,251.40,true,,
1790445716.377,marker,dr,52.38124550,-1.33995665,256.10,true,,
1790445716.378,marker,reconciled,0.00000000,0.00000000,0.00,false,,
1790445716.419,hud,speed,,,,,"20.4 / 16.3",20.400
1790445716.419,hud,heading,,,,,"104° / 109°",104.100
1790445716.420,hud,drift,,,,,"9.53%",9.530
1790445716.420,hud,turns,,,,,"✗ turns: 0/15",
1790445716.420,hud,calib_s,,,,,"✓ Buffer 6s",
1790445716.420,marker,gnss,52.38164500,-1.34205600,251.40,true,,
1790445716.421,marker,dr,52.38124059,-1.33992779,255.90,true,,
1790445716.421,marker,reconciled,0.00000000,0.00000000,0.00,false,,
1790445716.478,hud,speed,,,,,"20.1 / 16.3",20.110
1790445716.479,hud,heading,,,,,"104° / 109°",104.400
1790445716.479,hud,drift,,,,,"9.61%",9.610
1790445716.479,hud,turns,,,,,"✗ turns: 0/15",
1790445716.480,hud,calib_s,,,,,"✓ Buffer 6s",
1790445716.480,marker,gnss,52.38164500,-1.34205600,251.40,true,,
1790445716.480,marker,dr,52.38123570,-1.33989936,255.60,true,,
1790445716.481,marker,reconciled,0.00000000,0.00000000,0.00,false,,
1790445716.526,hud,speed,,,,,"19.9 / 16.3",19.930
1790445716.527,hud,heading,,,,,"104° / 109°",104.100
1790445716.527,hud,drift,,,,,"9.69%",9.690
1790445716.528,hud,turns,,,,,"✗ turns: 0/15",
1790445716.528,hud,calib_s,,,,,"✓ Buffer 6s",
1790445716.528,marker,gnss,52.38164500,-1.34205600,251.40,true,,
1790445716.529,marker,dr,52.38123084,-1.33987149,255.90,true,,
1790445716.529,marker,reconciled,0.00000000,0.00000000,0.00,false,,
1790445716.583,hud,speed,,,,,"19.7 / 16.3",19.720
1790445716.584,hud,heading,,,,,"104° / 109°",103.600
1790445716.584,hud,drift,,,,,"9.75%",9.750
1790445716.584,hud,turns,,,,,"✗ turns: 0/15",
1790445716.585,hud,calib_s,,,,,"✓ Buffer 6s",
1790445716.585,marker,gnss,52.38164500,-1.34205600,251.40,true,,
1790445716.586,marker,dr,52.38122596,-1.33984364,256.40,true,,
1790445716.586,marker,reconciled,0.00000000,0.00000000,0.00,false,,
1790445716.629,hud,speed,,,,,"19.6 / 16.3",19.640
1790445716.630,hud,heading,,,,,"104° / 109°",103.500
1790445716.630,hud,drift,,,,,"9.82%",9.820
1790445716.631,hud,turns,,,,,"✗ turns: 0/15",
1790445716.631,hud,calib_s,,,,,"✓ Buffer 6s",
1790445716.631,marker,gnss,52.38164500,-1.34205600,251.40,true,,
1790445716.632,marker,dr,52.38122092,-1.33981561,256.50,true,,
1790445716.632,marker,reconciled,0.00000000,0.00000000,0.00,false,,
1790445716.687,hud,speed,,,,,"19.6 / 16.3",19.640
1790445716.688,hud,heading,,,,,"104° / 109°",103.500
1790445716.688,hud,drift,,,,,"9.89%",9.890
1790445716.689,hud,turns,,,,,"✗ turns: 0/15",
1790445716.689,hud,calib_s,,,,,"✓ Buffer 6s",
1790445716.690,marker,gnss,52.38164500,-1.34205600,251.40,true,,
1790445716.691,marker,dr,52.38121611,-1.33978810,256.50,true,,
1790445716.691,marker,reconciled,0.00000000,0.00000000,0.00,false,,
1790445716.733,hud,speed,,,,,"19.7 / 16.3",19.670
1790445716.734,hud,heading,,,,,"103° / 109°",103.200
1790445716.734,hud,drift,,,,,"9.95%",9.950
1790445716.734,hud,turns,,,,,"✗ turns: 0/15",
1790445716.735,hud,calib_s,,,,,"✓ Buffer 6s",
1790445716.735,marker,gnss,52.38164500,-1.34205600,251.40,true,,
1790445716.735,marker,dr,52.38121118,-1.33976003,256.80,true,,
1790445716.736,marker,reconciled,0.00000000,0.00000000,0.00,false,,
1790445716.784,hud,speed,,,,,"19.8 / 16.3",19.750
1790445716.784,hud,heading,,,,,"103° / 109°",102.800
1790445716.785,hud,drift,,,,,"10.02%",10.020
1790445716.785,hud,turns,,,,,"✗ turns: 0/15",
1790445716.785,hud,calib_s,,,,,"✓ Buffer 6s",
1790445716.786,marker,gnss,52.38164500,-1.34205600,251.40,true,,
1790445716.786,marker,dr,52.38120627,-1.33973243,257.20,true,,
1790445716.787,marker,reconciled,0.00000000,0.00000000,0.00,false,,
1790445716.835,hud,speed,,,,,"19.7 / 16.3",19.660
1790445716.836,hud,heading,,,,,"102° / 109°",102.300
1790445716.836,hud,drift,,,,,"10.08%",10.080
1790445716.836,hud,turns,,,,,"✗ turns: 0/15",
1790445716.836,hud,calib_s,,,,,"✓ Buffer 6s",
1790445716.837,marker,gnss,52.38164500,-1.34205600,251.40,true,,
1790445716.837,marker,dr,52.38120119,-1.33970445,257.70,true,,
1790445716.838,marker,reconciled,0.00000000,0.00000000,0.00,false,,
1790445716.886,hud,speed,,,,,"19.6 / 16.3",19.640
1790445716.886,hud,heading,,,,,"102° / 109°",102.000
1790445716.887,hud,drift,,,,,"10.14%",10.140
1790445716.887,hud,turns,,,,,"✗ turns: 0/15",
1790445716.887,hud,calib_s,,,,,"✓ Buffer 6s",
1790445716.888,marker,gnss,52.38164500,-1.34205600,251.40,true,,
1790445716.888,marker,dr,52.38119612,-1.33967704,258.00,true,,
1790445716.889,marker,reconciled,0.00000000,0.00000000,0.00,false,,
1790445716.935,hud,speed,,,,,"19.5 / 16.3",19.490
1790445716.935,hud,heading,,,,,"102° / 109°",102.100
1790445716.935,hud,drift,,,,,"10.20%",10.200
1790445716.935,hud,turns,,,,,"✗ turns: 0/15",
1790445716.936,hud,calib_s,,,,,"✓ Buffer 6s",
1790445716.936,marker,gnss,52.38164500,-1.34205600,251.40,true,,
1790445716.936,marker,dr,52.38119090,-1.33964935,257.90,true,,
1790445716.937,marker,reconciled,0.00000000,0.00000000,0.00,false,,
1790445716.987,hud,speed,,,,,"19.7 / 16.3",19.680
1790445716.987,hud,heading,,,,,"102° / 109°",102.200
1790445716.988,hud,drift,,,,,"10.27%",10.270
1790445716.988,hud,turns,,,,,"✗ turns: 0/15",
1790445716.988,hud,calib_s,,,,,"✓ Buffer 6s",
1790445716.989,marker,gnss,52.38164500,-1.34205600,251.40,true,,
1790445716.989,marker,dr,52.38118584,-1.33962124,257.80,true,,
1790445716.989,marker,reconciled,0.00000000,0.00000000,0.00,false,,
1790445717.037,hud,speed,,,,,"19.7 / 16.3",19.730
1790445717.037,hud,heading,,,,,"102° / 109°",102.400
1790445717.037,hud,drift,,,,,"10.33%",10.330
1790445717.038,hud,turns,,,,,"✗ turns: 0/15",
1790445717.038,hud,calib_s,,,,,"✓ Buffer 6s",
1790445717.038,marker,gnss,52.38164500,-1.34205600,251.40,true,,
1790445717.039,marker,dr,52.38118084,-1.33959336,257.60,true,,
1790445717.039,marker,reconciled,0.00000000,0.00000000,0.00,false,,
1790445717.093,hud,speed,,,,,"19.8 / 16.3",19.770
1790445717.094,hud,heading,,,,,"103° / 124°",102.600
1790445717.094,hud,drift,,,,,"10.30%",10.300
1790445717.095,hud,turns,,,,,"✗ turns: 0/15",
1790445717.095,hud,calib_s,,,,,"✓ Buffer 6s",
1790445717.096,marker,gnss,52.38122000,-1.34001300,236.20,true,,
1790445717.096,marker,dr,52.38117586,-1.33956577,257.40,true,,
1790445717.097,marker,reconciled,0.00000000,0.00000000,0.00,false,,
1790445717.135,hud,speed,,,,,"19.7 / 16.3",19.680
1790445717.136,hud,heading,,,,,"103° / 124°",102.700
1790445717.136,hud,drift,,,,,"10.41%",10.410
1790445717.136,hud,turns,,,,,"✗ turns: 0/15",
1790445717.136,hud,calib_s,,,,,"✓ Buffer 6s",
1790445717.137,marker,gnss,52.38122000,-1.34001300,236.20,true,,
1790445717.137,marker,dr,52.38117080,-1.33953771,257.30,true,,
1790445717.137,marker,reconciled,0.00000000,0.00000000,0.00,false,,
1790445717.188,hud,speed,,,,,"19.7 / 16.3",19.730
1790445717.189,hud,heading,,,,,"103° / 124°",102.600
1790445717.189,hud,drift,,,,,"10.52%",10.520
1790445717.189,hud,turns,,,,,"✗ turns: 0/15",
1790445717.189,hud,calib_s,,,,,"✓ Buffer 6s",
1790445717.190,marker,gnss,52.38122000,-1.34001300,236.20,true,,
1790445717.190,marker,dr,52.38116584,-1.33950982,257.40,true,,
1790445717.191,marker,reconciled,0.00000000,0.00000000,0.00,false,,
1790445717.234,hud,speed,,,,,"19.7 / 16.3",19.700
1790445717.235,hud,heading,,,,,"103° / 124°",102.700
1790445717.235,hud,drift,,,,,"10.62%",10.620
1790445717.235,hud,turns,,,,,"✗ turns: 0/15",
1790445717.235,hud,calib_s,,,,,"✓ Buffer 6s",
1790445717.236,marker,gnss,52.38122000,-1.34001300,236.20,true,,
1790445717.236,marker,dr,52.38116096,-1.33948226,257.30,true,,
1790445717.236,marker,reconciled,0.00000000,0.00000000,0.00,false,,
1790445717.299,hud,speed,,,,,"19.6 / 16.3",19.590
1790445717.299,hud,heading,,,,,"103° / 124°",102.700
1790445717.300,hud,drift,,,,,"10.73%",10.730
1790445717.300,hud,turns,,,,,"✗ turns: 0/15",
1790445717.300,hud,calib_s,,,,,"✓ Buffer 6s",
1790445717.301,marker,gnss,52.38122000,-1.34001300,236.20,true,,
1790445717.302,marker,dr,52.38115616,-1.33945453,257.30,true,,
1790445717.302,marker,reconciled,0.00000000,0.00000000,0.00,false,,
1790445717.343,hud,speed,,,,,"19.6 / 16.3",19.580
1790445717.343,hud,heading,,,,,"103° / 124°",102.600
1790445717.344,hud,drift,,,,,"10.83%",10.830
1790445717.344,hud,turns,,,,,"✗ turns: 0/15",
1790445717.344,hud,calib_s,,,,,"✓ Buffer 6s",
1790445717.345,marker,gnss,52.38122000,-1.34001300,236.20,true,,
1790445717.345,marker,dr,52.38115142,-1.33942680,257.40,true,,
1790445717.346,marker,reconciled,0.00000000,0.00000000,0.00,false,,
1790445717.395,hud,speed,,,,,"19.5 / 16.3",19.500
1790445717.396,hud,heading,,,,,"103° / 124°",102.600
1790445717.396,hud,drift,,,,,"10.93%",10.930
1790445717.397,hud,turns,,,,,"✗ turns: 0/15",
1790445717.397,hud,calib_s,,,,,"✓ Buffer 6s",
1790445717.397,marker,gnss,52.38122000,-1.34001300,236.20,true,,
1790445717.398,marker,dr,52.38114673,-1.33939916,257.40,true,,
1790445717.398,marker,reconciled,0.00000000,0.00000000,0.00,false,,
1790445717.447,hud,speed,,,,,"19.5 / 16.3",19.480
1790445717.447,hud,heading,,,,,"103° / 124°",102.600
1790445717.447,hud,drift,,,,,"11.04%",11.040
1790445717.448,hud,turns,,,,,"✗ turns: 0/15",
1790445717.448,hud,calib_s,,,,,"✓ Buffer 6s",
1790445717.449,marker,gnss,52.38122000,-1.34001300,236.20,true,,
1790445717.449,marker,dr,52.38114209,-1.33937153,257.40,true,,
1790445717.450,marker,reconciled,0.00000000,0.00000000,0.00,false,,
1790445717.496,hud,speed,,,,,"19.4 / 16.3",19.420
1790445717.497,hud,heading,,,,,"103° / 124°",102.600
1790445717.497,hud,drift,,,,,"11.14%",11.140
1790445717.497,hud,turns,,,,,"✗ turns: 0/15",
1790445717.497,hud,calib_s,,,,,"✓ Buffer 6s",
1790445717.498,marker,gnss,52.38122000,-1.34001300,236.20,true,,
1790445717.498,marker,dr,52.38113753,-1.33934398,257.40,true,,
1790445717.499,marker,reconciled,0.00000000,0.00000000,0.00,false,,
1790445717.547,hud,speed,,,,,"19.4 / 16.3",19.430
1790445717.548,hud,heading,,,,,"103° / 124°",102.600
1790445717.548,hud,drift,,,,,"11.24%",11.240
1790445717.548,hud,turns,,,,,"✗ turns: 0/15",
1790445717.548,hud,calib_s,,,,,"✓ Buffer 6s",
1790445717.549,marker,gnss,52.38122000,-1.34001300,236.20,true,,
1790445717.549,marker,dr,52.38113294,-1.33931614,257.40,true,,
1790445717.549,marker,reconciled,0.00000000,0.00000000,0.00,false,,
1790445717.609,hud,speed,,,,,"19.4 / 16.3",19.420
1790445717.610,hud,heading,,,,,"103° / 124°",102.700
1790445717.610,hud,drift,,,,,"11.35%",11.350
1790445717.611,hud,turns,,,,,"✗ turns: 0/15",
1790445717.611,hud,calib_s,,,,,"✓ Buffer 6s",
1790445717.612,marker,gnss,52.38122000,-1.34001300,236.20,true,,
1790445717.612,marker,dr,52.38112843,-1.33928859,257.30,true,,
1790445717.614,marker,reconciled,0.00000000,0.00000000,0.00,false,,
1790445717.650,hud,speed,,,,,"19.3 / 16.3",19.340
1790445717.651,hud,heading,,,,,"103° / 124°",102.900
1790445717.651,hud,drift,,,,,"11.45%",11.450
1790445717.651,hud,turns,,,,,"✗ turns: 0/15",
1790445717.651,hud,calib_s,,,,,"✓ Buffer 6s",
1790445717.652,marker,gnss,52.38122000,-1.34001300,236.20,true,,
1790445717.652,marker,dr,52.38112399,-1.33926143,257.10,true,,
1790445717.653,marker,reconciled,0.00000000,0.00000000,0.00,false,,
1790445717.705,hud,speed,,,,,"19.4 / 16.3",19.350
1790445717.705,hud,heading,,,,,"103° / 124°",102.800
1790445717.706,hud,drift,,,,,"11.55%",11.550
1790445717.706,hud,turns,,,,,"✗ turns: 0/15",
1790445717.706,hud,calib_s,,,,,"✓ Buffer 6s",
1790445717.707,marker,gnss,52.38122000,-1.34001300,236.20,true,,
1790445717.707,marker,dr,52.38111939,-1.33923373,257.20,true,,
1790445717.708,marker,reconciled,0.00000000,0.00000000,0.00,false,,
1790445717.755,hud,speed,,,,,"19.3 / 16.3",19.300
1790445717.755,hud,heading,,,,,"102° / 124°",102.400
1790445717.755,hud,drift,,,,,"11.65%",11.650
1790445717.756,hud,turns,,,,,"✗ turns: 0/15",
1790445717.756,hud,calib_s,,,,,"✓ Buffer 6s",
1790445717.756,marker,gnss,52.38122000,-1.34001300,236.20,true,,
1790445717.756,marker,dr,52.38111483,-1.33920638,257.60,true,,
1790445717.757,marker,reconciled,0.00000000,0.00000000,0.00,false,,
1790445717.807,hud,speed,,,,,"19.4 / 16.3",19.350
1790445717.808,hud,heading,,,,,"102° / 124°",102.400
1790445717.808,hud,drift,,,,,"11.75%",11.750
1790445717.808,hud,turns,,,,,"✗ turns: 0/15",
1790445717.808,hud,calib_s,,,,,"✓ Buffer 6s",
1790445717.809,marker,gnss,52.38122000,-1.34001300,236.20,true,,
1790445717.809,marker,dr,52.38111019,-1.33917893,257.60,true,,
1790445717.809,marker,reconciled,0.00000000,0.00000000,0.00,false,,
1790445717.857,hud,speed,,,,,"19.3 / 16.3",19.280
1790445717.857,hud,heading,,,,,"102° / 124°",102.200
1790445717.858,hud,drift,,,,,"11.85%",11.850
1790445717.858,hud,turns,,,,,"✗ turns: 0/15",
1790445717.858,hud,calib_s,,,,,"✓ Buffer 6s",
1790445717.858,marker,gnss,52.38122000,-1.34001300,236.20,true,,
1790445717.859,marker,dr,52.38110570,-1.33915157,257.80,true,,
1790445717.859,marker,reconciled,0.00000000,0.00000000,0.00,false,,
1790445717.912,hud,speed,,,,,"19.3 / 16.3",19.320
1790445717.912,hud,heading,,,,,"102° / 124°",101.900
1790445717.913,hud,drift,,,,,"11.96%",11.960
1790445717.913,hud,turns,,,,,"✗ turns: 0/15",
1790445717.913,hud,calib_s,,,,,"✓ Buffer 6s",
1790445717.914,marker,gnss,52.38122000,-1.34001300,236.20,true,,
1790445717.914,marker,dr,52.38110112,-1.33912417,258.10,true,,
1790445717.915,marker,reconciled,0.00000000,0.00000000,0.00,false,,
1790445717.957,hud,speed,,,,,"19.1 / 16.3",19.120
1790445717.957,hud,heading,,,,,"102° / 124°",101.800
1790445717.958,hud,drift,,,,,"12.06%",12.060
1790445717.958,hud,turns,,,,,"✗ turns: 0/15",
1790445717.958,hud,calib_s,,,,,"✓ Buffer 6s",
1790445717.959,marker,gnss,52.38122000,-1.34001300,236.20,true,,
1790445717.959,marker,dr,52.38109655,-1.33909695,258.20,true,,
1790445717.960,marker,reconciled,0.00000000,0.00000000,0.00,false,,
1790445718.013,hud,speed,,,,,"19.2 / 16.3",19.160
1790445718.013,hud,heading,,,,,"102° / 124°",101.700
1790445718.013,hud,drift,,,,,"12.15%",12.150
1790445718.014,hud,turns,,,,,"✗ turns: 0/15",
1790445718.014,hud,calib_s,,,,,"✓ Buffer 6s",
1790445718.014,marker,gnss,52.38122000,-1.34001300,236.20,true,,
1790445718.015,marker,dr,52.38109212,-1.33906971,258.30,true,,
1790445718.015,marker,reconciled,0.00000000,0.00000000,0.00,false,,
1790445718.059,hud,speed,,,,,"19.1 / 16.3",19.090
1790445718.059,hud,heading,,,,,"102° / 124°",101.800
1790445718.060,hud,drift,,,,,"12.25%",12.250
1790445718.060,hud,turns,,,,,"✗ turns: 0/15",
1790445718.060,hud,calib_s,,,,,"✓ Buffer 6s",
1790445718.061,marker,gnss,52.38122000,-1.34001300,236.20,true,,
1790445718.061,marker,dr,52.38108782,-1.33904253,258.20,true,,
1790445718.062,marker,reconciled,0.00000000,0.00000000,0.00,false,,
1790445718.116,hud,speed,,,,,"19.1 / 16.3",19.100
1790445718.116,hud,heading,,,,,"102° / 124°",102.000
1790445718.117,hud,drift,,,,,"12.35%",12.350
1790445718.117,hud,turns,,,,,"✗ turns: 0/15",
1790445718.117,hud,calib_s,,,,,"✓ Buffer 6s",
1790445718.117,marker,gnss,52.38122000,-1.34001300,236.20,true,,
1790445718.118,marker,dr,52.38108351,-1.33901535,258.00,true,,
1790445718.119,marker,reconciled,0.00000000,0.00000000,0.00,false,,
1790445718.164,hud,speed,,,,,"19.1 / 16.3",19.090
1790445718.165,hud,heading,,,,,"102° / 124°",102.400
1790445718.165,hud,drift,,,,,"12.45%",12.450
1790445718.165,hud,turns,,,,,"✗ turns: 0/15",
1790445718.165,hud,calib_s,,,,,"✓ Buffer 6s",
1790445718.166,marker,gnss,52.38122000,-1.34001300,236.20,true,,
1790445718.166,marker,dr,52.38107915,-1.33898823,257.60,true,,
1790445718.167,marker,reconciled,0.00000000,0.00000000,0.00,false,,
1790445718.217,hud,speed,,,,,"19.0 / 16.3",19.040
1790445718.217,hud,heading,,,,,"103° / 124°",102.900
1790445718.217,hud,drift,,,,,"12.54%",12.540
1790445718.218,hud,turns,,,,,"✗ turns: 0/15",
1790445718.218,hud,calib_s,,,,,"✓ Buffer 6s",
1790445718.218,marker,gnss,52.38122000,-1.34001300,236.20,true,,
1790445718.219,marker,dr,52.38107474,-1.33896121,257.10,true,,
1790445718.219,marker,reconciled,0.00000000,0.00000000,0.00,false,,
1790445718.261,hud,speed,,,,,"19.1 / 16.3",19.060
1790445718.261,hud,heading,,,,,"103° / 124°",103.100
1790445718.261,hud,drift,,,,,"12.64%",12.640
1790445718.262,hud,turns,,,,,"✗ turns: 0/15",
1790445718.262,hud,calib_s,,,,,"✓ Buffer 6s",
1790445718.262,marker,gnss,52.38122000,-1.34001300,236.20,true,,
1790445718.263,marker,dr,52.38107034,-1.33893447,256.90,true,,
1790445718.263,marker,reconciled,0.00000000,0.00000000,0.00,false,,
1790445718.317,hud,speed,,,,,"19.1 / 16.3",19.060
1790445718.318,hud,heading,,,,,"103° / 124°",102.900
1790445718.318,hud,drift,,,,,"12.74%",12.740
1790445718.319,hud,turns,,,,,"✗ turns: 0/15",
1790445718.319,hud,calib_s,,,,,"✓ Buffer 6s",
1790445718.319,marker,gnss,52.38122000,-1.34001300,236.20,true,,
1790445718.320,marker,dr,52.38106586,-1.33890717,257.10,true,,
1790445718.320,marker,reconciled,0.00000000,0.00000000,0.00,false,,
1790445718.366,hud,speed,,,,,"19.1 / 16.3",19.070
1790445718.367,hud,heading,,,,,"103° / 124°",102.800
1790445718.367,hud,drift,,,,,"12.83%",12.830
1790445718.367,hud,turns,,,,,"✗ turns: 0/15",
1790445718.367,hud,calib_s,,,,,"✓ Buffer 6s",
1790445718.368,marker,gnss,52.38122000,-1.34001300,236.20,true,,
1790445718.368,marker,dr,52.38106142,-1.33888014,257.20,true,,
1790445718.368,marker,reconciled,0.00000000,0.00000000,0.00,false,,
1790445718.420,hud,speed,,,,,"19.0 / 16.3",18.980
1790445718.421,hud,heading,,,,,"103° / 124°",102.600
1790445718.421,hud,drift,,,,,"12.92%",12.920
1790445718.421,hud,turns,,,,,"✗ turns: 0/15",
1790445718.421,hud,calib_s,,,,,"✓ Buffer 6s",
1790445718.422,marker,gnss,52.38122000,-1.34001300,236.20,true,,
1790445718.422,marker,dr,52.38105694,-1.33885324,257.40,true,,
1790445718.423,marker,reconciled,0.00000000,0.00000000,0.00,false,,
1790445718.466,hud,speed,,,,,"19.0 / 16.3",19.000
1790445718.466,hud,heading,,,,,"103° / 124°",102.700
1790445718.467,hud,drift,,,,,"13.02%",13.020
1790445718.467,hud,turns,,,,,"✗ turns: 0/15",
1790445718.467,hud,calib_s,,,,,"✓ Buffer 6s",
1790445718.468,marker,gnss,52.38122000,-1.34001300,236.20,true,,
1790445718.469,marker,dr,52.38105243,-1.33882633,257.30,true,,
1790445718.469,marker,reconciled,0.00000000,0.00000000,0.00,false,,
1790445718.522,hud,speed,,,,,"19.1 / 16.3",19.060
1790445718.523,hud,heading,,,,,"103° / 124°",103.100
1790445718.523,hud,drift,,,,,"13.11%",13.110
1790445718.523,hud,turns,,,,,"✗ turns: 0/15",
1790445718.524,hud,calib_s,,,,,"✓ Buffer 6s",
1790445718.524,marker,gnss,52.38122000,-1.34001300,236.20,true,,
1790445718.525,marker,dr,52.38104787,-1.33879936,256.90,true,,
1790445718.525,marker,reconciled,0.00000000,0.00000000,0.00,false,,
1790445718.567,hud,speed,,,,,"19.2 / 16.3",19.190
1790445718.568,hud,heading,,,,,"104° / 124°",103.500
1790445718.568,hud,drift,,,,,"13.21%",13.210
1790445718.568,hud,turns,,,,,"✗ turns: 0/15",
1790445718.569,hud,calib_s,,,,,"✓ Buffer 6s",
1790445718.569,marker,gnss,52.38122000,-1.34001300,236.20,true,,
1790445718.570,marker,dr,52.38104323,-1.33877223,256.50,true,,
1790445718.570,marker,reconciled,0.00000000,0.00000000,0.00,false,,
1790445718.625,hud,speed,,,,,"19.3 / 16.3",19.250
1790445718.626,hud,heading,,,,,"104° / 124°",103.900
1790445718.626,hud,drift,,,,,"13.30%",13.300
1790445718.626,hud,turns,,,,,"✗ turns: 0/15",
1790445718.627,hud,calib_s,,,,,"✓ Buffer 6s",
1790445718.627,marker,gnss,52.38122000,-1.34001300,236.20,true,,
1790445718.628,marker,dr,52.38103859,-1.33874531,256.10,true,,
1790445718.628,marker,reconciled,0.00000000,0.00000000,0.00,false,,
1790445718.675,hud,speed,,,,,"19.3 / 16.3",19.340
1790445718.675,hud,heading,,,,,"104° / 124°",103.800
1790445718.676,hud,drift,,,,,"13.40%",13.400
1790445718.676,hud,turns,,,,,"✗ turns: 0/15",
1790445718.677,hud,calib_s,,,,,"✓ Buffer 6s",
1790445718.677,marker,gnss,52.38122000,-1.34001300,236.20,true,,
1790445718.678,marker,dr,52.38103384,-1.33871777,256.20,true,,
1790445718.679,marker,reconciled,0.00000000,0.00000000,0.00,false,,
1790445718.726,hud,speed,,,,,"19.4 / 16.3",19.350
1790445718.726,hud,heading,,,,,"104° / 124°",103.900
1790445718.726,hud,drift,,,,,"13.50%",13.500
1790445718.726,hud,turns,,,,,"✗ turns: 0/15",
1790445718.727,hud,calib_s,,,,,"✓ Buffer 6s",
1790445718.727,marker,gnss,52.38122000,-1.34001300,236.20,true,,
1790445718.728,marker,dr,52.38102919,-1.33869044,256.10,true,,
1790445718.728,marker,reconciled,0.00000000,0.00000000,0.00,false,,
1790445718.769,hud,speed,,,,,"19.2 / 16.3",19.210
1790445718.770,hud,heading,,,,,"104° / 124°",103.700
1790445718.770,hud,drift,,,,,"13.60%",13.600
1790445718.770,hud,turns,,,,,"✗ turns: 0/15",
1790445718.771,hud,calib_s,,,,,"✓ Buffer 6s",
1790445718.771,marker,gnss,52.38122000,-1.34001300,236.20,true,,
1790445718.771,marker,dr,52.38102467,-1.33866351,256.30,true,,
1790445718.772,marker,reconciled,0.00000000,0.00000000,0.00,false,,
1790445718.826,hud,speed,,,,,"19.2 / 16.3",19.220
1790445718.827,hud,heading,,,,,"104° / 124°",103.700
1790445718.827,hud,drift,,,,,"13.69%",13.690
1790445718.827,hud,turns,,,,,"✗ turns: 0/15",
1790445718.828,hud,calib_s,,,,,"✓ Buffer 6s",
1790445718.828,marker,gnss,52.38122000,-1.34001300,236.20,true,,
1790445718.829,marker,dr,52.38101997,-1.33863611,256.30,true,,
1790445718.829,marker,reconciled,0.00000000,0.00000000,0.00,false,,
1790445718.880,hud,speed,,,,,"19.2 / 16.3",19.220
1790445718.880,hud,heading,,,,,"104° / 124°",104.000
1790445718.881,hud,drift,,,,,"13.79%",13.790
1790445718.881,hud,turns,,,,,"✗ turns: 0/15",
1790445718.881,hud,calib_s,,,,,"✓ Buffer 6s",
1790445718.882,marker,gnss,52.38122000,-1.34001300,236.20,true,,
1790445718.882,marker,dr,52.38101537,-1.33860892,256.00,true,,
1790445718.882,marker,reconciled,0.00000000,0.00000000,0.00,false,,
1790445718.929,hud,speed,,,,,"19.3 / 16.3",19.270
1790445718.929,hud,heading,,,,,"104° / 124°",104.400
1790445718.930,hud,drift,,,,,"13.88%",13.880
1790445718.930,hud,turns,,,,,"✗ turns: 0/15",
1790445718.930,hud,calib_s,,,,,"✓ Buffer 6s",
1790445718.931,marker,gnss,52.38122000,-1.34001300,236.20,true,,
1790445718.932,marker,dr,52.38101076,-1.33858165,255.60,true,,
1790445718.932,marker,reconciled,0.00000000,0.00000000,0.00,false,,
1790445718.978,hud,speed,,,,,"19.3 / 16.3",19.340
1790445718.979,hud,heading,,,,,"104° / 124°",104.400
1790445718.979,hud,drift,,,,,"13.98%",13.980
1790445718.979,hud,turns,,,,,"✗ turns: 0/15",
1790445718.979,hud,calib_s,,,,,"✓ Buffer 6s",
1790445718.980,marker,gnss,52.38122000,-1.34001300,236.20,true,,
1790445718.980,marker,dr,52.38100611,-1.33855433,255.60,true,,
1790445718.981,marker,reconciled,0.00000000,0.00000000,0.00,false,,
1790445719.033,hud,speed,,,,,"19.4 / 16.3",19.390
1790445719.033,hud,heading,,,,,"105° / 124°",104.500
1790445719.033,hud,drift,,,,,"14.08%",14.080
1790445719.034,hud,turns,,,,,"✗ turns: 0/15",
1790445719.034,hud,calib_s,,,,,"✓ Buffer 6s",
1790445719.034,marker,gnss,52.38122000,-1.34001300,236.20,true,,
1790445719.035,marker,dr,52.38100149,-1.33852692,255.50,true,,
1790445719.035,marker,reconciled,0.00000000,0.00000000,0.00,false,,
1790445719.077,hud,speed,,,,,"19.4 / 16.3",19.410
1790445719.078,hud,heading,,,,,"104° / 124°",104.300
1790445719.078,hud,drift,,,,,"14.18%",14.180
1790445719.078,hud,turns,,,,,"✗ turns: 0/15",
1790445719.078,hud,calib_s,,,,,"✓ Buffer 6s",
1790445719.079,marker,gnss,52.38122000,-1.34001300,236.20,true,,
1790445719.079,marker,dr,52.38099687,-1.33849944,255.70,true,,
1790445719.080,marker,reconciled,0.00000000,0.00000000,0.00,false,,
1790445719.136,hud,speed,,,,,"19.5 / 16.3",19.480
1790445719.137,hud,heading,,,,,"104° / 124°",104.100
1790445719.137,hud,drift,,,,,"14.28%",14.280
1790445719.137,hud,turns,,,,,"✗ turns: 0/15",
1790445719.137,hud,calib_s,,,,,"✓ Buffer 6s",
1790445719.138,marker,gnss,52.38122000,-1.34001300,236.20,true,,
1790445719.138,marker,dr,52.38099223,-1.33847187,255.90,true,,
1790445719.139,marker,reconciled,0.00000000,0.00000000,0.00,false,,
1790445719.179,hud,speed,,,,,"19.5 / 16.3",19.520
1790445719.179,hud,heading,,,,,"104° / 124°",103.800
1790445719.180,hud,drift,,,,,"14.38%",14.380
1790445719.180,hud,turns,,,,,"✗ turns: 0/15",
1790445719.180,hud,calib_s,,,,,"✓ Buffer 6s",
1790445719.181,marker,gnss,52.38122000,-1.34001300,236.20,true,,
1790445719.181,marker,dr,52.38098757,-1.33844453,256.20,true,,
1790445719.181,marker,reconciled,0.00000000,0.00000000,0.00,false,,
1790445719.236,hud,speed,,,,,"19.6 / 16.3",19.550
1790445719.236,hud,heading,,,,,"104° / 124°",103.700
1790445719.237,hud,drift,,,,,"14.48%",14.480
1790445719.237,hud,turns,,,,,"✗ turns: 0/15",
1790445719.237,hud,calib_s,,,,,"✓ Buffer 6s",
1790445719.238,marker,gnss,52.38122000,-1.34001300,236.20,true,,
1790445719.239,marker,dr,52.38098280,-1.33841659,256.30,true,,
1790445719.239,marker,reconciled,0.00000000,0.00000000,0.00,false,,
1790445719.282,hud,speed,,,,,"19.6 / 16.3",19.590
1790445719.283,hud,heading,,,,,"103° / 124°",103.300
1790445719.283,hud,drift,,,,,"14.58%",14.580
1790445719.283,hud,turns,,,,,"✗ turns: 0/15",
1790445719.283,hud,calib_s,,,,,"✓ Buffer 6s",
1790445719.284,marker,gnss,52.38122000,-1.34001300,236.20,true,,
1790445719.284,marker,dr,52.38097807,-1.33838887,256.70,true,,
1790445719.285,marker,reconciled,0.00000000,0.00000000,0.00,false,,
1790445719.339,hud,speed,,,,,"19.4 / 16.3",19.420
1790445719.340,hud,heading,,,,,"103° / 124°",102.900
1790445719.340,hud,drift,,,,,"14.67%",14.670
1790445719.340,hud,turns,,,,,"✗ turns: 0/15",
1790445719.340,hud,calib_s,,,,,"✓ Buffer 6s",
1790445719.340,marker,gnss,52.38122000,-1.34001300,236.20,true,,
1790445719.341,marker,dr,52.38097336,-1.33836169,257.10,true,,
1790445719.341,marker,reconciled,0.00000000,0.00000000,0.00,false,,
1790445719.388,hud,speed,,,,,"19.4 / 16.3",19.380
1790445719.389,hud,heading,,,,,"103° / 124°",102.900
1790445719.389,hud,drift,,,,,"14.77%",14.770
1790445719.389,hud,turns,,,,,"✗ turns: 0/15",
1790445719.389,hud,calib_s,,,,,"✓ Buffer 6s",
1790445719.390,marker,gnss,52.38122000,-1.34001300,236.20,true,,
1790445719.391,marker,dr,52.38096858,-1.33833422,257.10,true,,
1790445719.391,marker,reconciled,0.00000000,0.00000000,0.00,false,,
1790445719.439,hud,speed,,,,,"19.4 / 16.3",19.430
1790445719.440,hud,heading,,,,,"103° / 124°",103.400
1790445719.440,hud,drift,,,,,"14.86%",14.860
1790445719.440,hud,turns,,,,,"✗ turns: 0/15",
1790445719.441,hud,calib_s,,,,,"✓ Buffer 6s",
1790445719.441,marker,gnss,52.38122000,-1.34001300,236.20,true,,
1790445719.442,marker,dr,52.38096382,-1.33830646,256.60,true,,
1790445719.442,marker,reconciled,0.00000000,0.00000000,0.00,false,,
1790445719.487,hud,speed,,,,,"19.4 / 16.3",19.420
1790445719.487,hud,heading,,,,,"104° / 124°",103.700
1790445719.487,hud,drift,,,,,"14.96%",14.960
1790445719.488,hud,turns,,,,,"✗ turns: 0/15",
1790445719.488,hud,calib_s,,,,,"✓ Buffer 6s",
1790445719.488,marker,gnss,52.38122000,-1.34001300,236.20,true,,
1790445719.489,marker,dr,52.38095910,-1.33827902,256.30,true,,
1790445719.489,marker,reconciled,0.00000000,0.00000000,0.00,false,,
1790445719.542,hud,speed,,,,,"19.4 / 16.3",19.390
1790445719.542,hud,heading,,,,,"104° / 124°",104.000
1790445719.543,hud,drift,,,,,"15.05%",15.050
1790445719.543,hud,turns,,,,,"✗ turns: 0/15",
1790445719.543,hud,calib_s,,,,,"✓ Buffer 6s",
1790445719.544,marker,gnss,52.38122000,-1.34001300,236.20,true,,
1790445719.544,marker,dr,52.38095446,-1.33825187,256.00,true,,
1790445719.545,marker,reconciled,0.00000000,0.00000000,0.00,false,,
1790445719.590,hud,speed,,,,,"19.4 / 16.3",19.400
1790445719.590,hud,heading,,,,,"104° / 124°",104.200
1790445719.591,hud,drift,,,,,"15.14%",15.140
1790445719.591,hud,turns,,,,,"✗ turns: 0/15",
1790445719.591,hud,calib_s,,,,,"✓ Buffer 6s",
1790445719.592,marker,gnss,52.38122000,-1.34001300,236.20,true,,
1790445719.592,marker,dr,52.38094980,-1.33822443,255.80,true,,
1790445719.593,marker,reconciled,0.00000000,0.00000000,0.00,false,,
1790445719.647,hud,speed,,,,,"19.4 / 16.3",19.430
1790445719.648,hud,heading,,,,,"104° / 124°",104.200
1790445719.648,hud,drift,,,,,"15.24%",15.240
1790445719.648,hud,turns,,,,,"✗ turns: 0/15",
1790445719.648,hud,calib_s,,,,,"✓ Buffer 6s",
1790445719.649,marker,gnss,52.38122000,-1.34001300,236.20,true,,
1790445719.649,marker,dr,52.38094515,-1.33819696,255.80,true,,
1790445719.650,marker,reconciled,0.00000000,0.00000000,0.00,false,,
1790445719.692,hud,speed,,,,,"19.5 / 16.3",19.450
1790445719.693,hud,heading,,,,,"104° / 124°",104.000
1790445719.693,hud,drift,,,,,"15.33%",15.330
1790445719.693,hud,turns,,,,,"✗ turns: 0/15",
1790445719.693,hud,calib_s,,,,,"✓ Buffer 6s",
1790445719.694,marker,gnss,52.38122000,-1.34001300,236.20,true,,
1790445719.694,marker,dr,52.38094052,-1.33816912,256.00,true,,
1790445719.695,marker,reconciled,0.00000000,0.00000000,0.00,false,,
1790445719.744,hud,speed,,,,,"19.4 / 16.3",19.420
1790445719.744,hud,heading,,,,,"104° / 124°",104.100
1790445719.745,hud,drift,,,,,"15.42%",15.420
1790445719.745,hud,turns,,,,,"✗ turns: 0/15",
1790445719.745,hud,calib_s,,,,,"✓ Buffer 6s",
1790445719.746,marker,gnss,52.38122000,-1.34001300,236.20,true,,
1790445719.746,marker,dr,52.38093604,-1.33814187,255.90,true,,
1790445719.747,marker,reconciled,0.00000000,0.00000000,0.00,false,,
1790445719.793,hud,speed,,,,,"19.5 / 16.3",19.480
1790445719.793,hud,heading,,,,,"104° / 124°",104.000
1790445719.794,hud,drift,,,,,"15.52%",15.520
1790445719.794,hud,turns,,,,,"✗ turns: 0/15",
1790445719.794,hud,calib_s,,,,,"✓ Buffer 6s",
1790445719.795,marker,gnss,52.38122000,-1.34001300,236.20,true,,
1790445719.795,marker,dr,52.38093157,-1.33811422,256.00,true,,
1790445719.796,marker,reconciled,0.00000000,0.00000000,0.00,false,,
1790445719.849,hud,speed,,,,,"19.5 / 16.3",19.530
1790445719.849,hud,heading,,,,,"104° / 124°",103.800
1790445719.849,hud,drift,,,,,"15.62%",15.620
1790445719.850,hud,turns,,,,,"✗ turns: 0/15",
1790445719.850,hud,calib_s,,,,,"✓ Buffer 6s",
1790445719.851,marker,gnss,52.38122000,-1.34001300,236.20,true,,
1790445719.851,marker,dr,52.38092711,-1.33808648,256.20,true,,
1790445719.852,marker,reconciled,0.00000000,0.00000000,0.00,false,,
1790445719.898,hud,speed,,,,,"19.6 / 16.3",19.590
1790445719.898,hud,heading,,,,,"104° / 124°",103.800
1790445719.899,hud,drift,,,,,"15.72%",15.720
1790445719.899,hud,turns,,,,,"✗ turns: 0/15",
1790445719.899,hud,calib_s,,,,,"✓ Buffer 6s",
1790445719.900,marker,gnss,52.38122000,-1.34001300,236.20,true,,
1790445719.901,marker,dr,52.38092266,-1.33805864,256.20,true,,
1790445719.901,marker,reconciled,0.00000000,0.00000000,0.00,false,,
1790445719.947,hud,speed,,,,,"19.7 / 16.3",19.680
1790445719.947,hud,heading,,,,,"104° / 124°",104.000
1790445719.947,hud,drift,,,,,"15.82%",15.820
1790445719.948,hud,turns,,,,,"✗ turns: 0/15",
1790445719.948,hud,calib_s,,,,,"✓ Buffer 6s",
1790445719.949,marker,gnss,52.38122000,-1.34001300,236.20,true,,
1790445719.949,marker,dr,52.38091821,-1.33803068,256.00,true,,
1790445719.950,marker,reconciled,0.00000000,0.00000000,0.00,false,,
1790445719.996,hud,speed,,,,,"19.8 / 16.3",19.810
1790445719.997,hud,heading,,,,,"104° / 124°",104.100
1790445719.997,hud,drift,,,,,"15.92%",15.920
1790445719.997,hud,turns,,,,,"✗ turns: 0/15",
1790445719.997,hud,calib_s,,,,,"✓ Buffer 6s",
1790445719.998,marker,gnss,52.38122000,-1.34001300,236.20,true,,
1790445719.999,marker,dr,52.38091373,-1.33800253,255.90,true,,
1790445719.999,marker,reconciled,0.00000000,0.00000000,0.00,false,,
1790445720.053,hud,speed,,,,,"19.9 / 16.3",19.910
1790445720.053,hud,heading,,,,,"104° / 124°",104.100
1790445720.054,hud,drift,,,,,"16.02%",16.020
1790445720.054,hud,turns,,,,,"✗ turns: 0/15",
1790445720.055,hud,calib_s,,,,,"✓ Buffer 6s",
1790445720.055,marker,gnss,52.38122000,-1.34001300,236.20,true,,
1790445720.056,marker,dr,52.38090920,-1.33797394,255.90,true,,
1790445720.056,marker,reconciled,0.00000000,0.00000000,0.00,false,,
1790445720.096,hud,speed,,,,,"20.0 / 16.3",20.010
1790445720.097,hud,heading,,,,,"104° / 124°",104.200
1790445720.097,hud,drift,,,,,"16.13%",16.130
1790445720.097,hud,turns,,,,,"✗ turns: 0/15",
1790445720.097,hud,calib_s,,,,,"✓ Buffer 6s",
1790445720.098,marker,gnss,52.38122000,-1.34001300,236.20,true,,
1790445720.098,marker,dr,52.38090474,-1.33794578,255.80,true,,
1790445720.099,marker,reconciled,0.00000000,0.00000000,0.00,false,,
1790445720.155,hud,speed,,,,,"20.1 / 16.3",20.100
1790445720.155,hud,heading,,,,,"104° / 124°",104.000
1790445720.156,hud,drift,,,,,"16.24%",16.240
1790445720.156,hud,turns,,,,,"✗ turns: 0/15",
1790445720.156,hud,calib_s,,,,,"✓ Buffer 6s",
1790445720.156,marker,gnss,52.38122000,-1.34001300,236.20,true,,
1790445720.157,marker,dr,52.38090021,-1.33791691,256.00,true,,
1790445720.157,marker,reconciled,0.00000000,0.00000000,0.00,false,,
1790445720.201,hud,speed,,,,,"20.2 / 16.3",20.210
1790445720.202,hud,heading,,,,,"104° / 124°",104.000
1790445720.202,hud,drift,,,,,"16.34%",16.340
1790445720.203,hud,turns,,,,,"✗ turns: 0/15",
1790445720.203,hud,calib_s,,,,,"✓ Buffer 6s",
1790445720.203,marker,gnss,52.38122000,-1.34001300,236.20,true,,
1790445720.204,marker,dr,52.38089577,-1.33788844,256.00,true,,
1790445720.204,marker,reconciled,0.00000000,0.00000000,0.00,false,,
1790445720.254,hud,speed,,,,,"20.3 / 16.3",20.340
1790445720.255,hud,heading,,,,,"104° / 124°",103.700
1790445720.255,hud,drift,,,,,"16.46%",16.460
1790445720.255,hud,turns,,,,,"✗ turns: 0/15",
1790445720.255,hud,calib_s,,,,,"✓ Buffer 6s",
1790445720.256,marker,gnss,52.38122000,-1.34001300,236.20,true,,
1790445720.256,marker,dr,52.38089125,-1.33785919,256.30,true,,
1790445720.257,marker,reconciled,0.00000000,0.00000000,0.00,false,,
1790445720.302,hud,speed,,,,,"20.5 / 16.3",20.470
1790445720.302,hud,heading,,,,,"104° / 124°",103.600
1790445720.303,hud,drift,,,,,"16.57%",16.570
1790445720.303,hud,turns,,,,,"✗ turns: 0/15",
1790445720.303,hud,calib_s,,,,,"✓ Buffer 6s",
1790445720.304,marker,gnss,52.38122000,-1.34001300,236.20,true,,
1790445720.304,marker,dr,52.38088678,-1.33783034,256.40,true,,
1790445720.304,marker,reconciled,0.00000000,0.00000000,0.00,false,,
1790445720.357,hud,speed,,,,,"20.6 / 16.3",20.590
1790445720.357,hud,heading,,,,,"103° / 124°",103.200
1790445720.357,hud,drift,,,,,"16.69%",16.690
1790445720.357,hud,turns,,,,,"✗ turns: 0/15",
1790445720.357,hud,calib_s,,,,,"✓ Buffer 6s",
1790445720.358,marker,gnss,52.38122000,-1.34001300,236.20,true,,
1790445720.359,marker,dr,52.38088230,-1.33780100,256.80,true,,
1790445720.359,marker,reconciled,0.00000000,0.00000000,0.00,false,,
1790445720.405,hud,speed,,,,,"20.7 / 16.3",20.720
1790445720.406,hud,heading,,,,,"103° / 124°",102.700
1790445720.406,hud,drift,,,,,"16.80%",16.800
1790445720.407,hud,turns,,,,,"✗ turns: 0/15",
1790445720.407,hud,calib_s,,,,,"✓ Buffer 6s",
1790445720.407,marker,gnss,52.38122000,-1.34001300,236.20,true,,
1790445720.408,marker,dr,52.38087784,-1.33777145,257.30,true,,
1790445720.408,marker,reconciled,0.00000000,0.00000000,0.00,false,,
1790445720.457,hud,speed,,,,,"20.8 / 16.3",20.820
1790445720.458,hud,heading,,,,,"103° / 124°",102.800
1790445720.458,hud,drift,,,,,"16.93%",16.930
1790445720.458,hud,turns,,,,,"✗ turns: 0/15",
1790445720.459,hud,calib_s,,,,,"✓ Buffer 6s",
1790445720.459,marker,gnss,52.38122000,-1.34001300,236.20,true,,
1790445720.460,marker,dr,52.38087334,-1.33774172,257.20,true,,
1790445720.460,marker,reconciled,0.00000000,0.00000000,0.00,false,,
1790445720.505,hud,speed,,,,,"20.9 / 16.3",20.920
1790445720.506,hud,heading,,,,,"103° / 124°",102.800
1790445720.506,hud,drift,,,,,"17.05%",17.050
1790445720.507,hud,turns,,,,,"✗ turns: 0/15",
1790445720.507,hud,calib_s,,,,,"✓ Buffer 6s",
1790445720.507,marker,gnss,52.38122000,-1.34001300,236.20,true,,
1790445720.508,marker,dr,52.38086892,-1.33771184,257.20,true,,
1790445720.508,marker,reconciled,0.00000000,0.00000000,0.00,false,,
1790445720.561,hud,speed,,,,,"21.0 / 16.3",21.020
1790445720.562,hud,heading,,,,,"103° / 124°",102.900
1790445720.562,hud,drift,,,,,"17.17%",17.170
1790445720.563,hud,turns,,,,,"✗ turns: 0/15",
1790445720.563,hud,calib_s,,,,,"✓ Buffer 6s",
1790445720.563,marker,gnss,52.38122000,-1.34001300,236.20,true,,
1790445720.564,marker,dr,52.38086452,-1.33768181,257.10,true,,
1790445720.564,marker,reconciled,0.00000000,0.00000000,0.00,false,,
1790445720.606,hud,speed,,,,,"21.1 / 16.3",21.080
1790445720.607,hud,heading,,,,,"103° / 124°",102.900
1790445720.607,hud,drift,,,,,"17.30%",17.300
1790445720.607,hud,turns,,,,,"✗ turns: 0/15",
1790445720.608,hud,calib_s,,,,,"✓ Buffer 6s",
1790445720.608,marker,gnss,52.38122000,-1.34001300,236.20,true,,
1790445720.609,marker,dr,52.38086011,-1.33765169,257.10,true,,
1790445720.609,marker,reconciled,0.00000000,0.00000000,0.00,false,,
1790445720.667,hud,speed,,,,,"21.1 / 16.3",21.090
1790445720.668,hud,heading,,,,,"103° / 124°",102.600
1790445720.668,hud,drift,,,,,"17.43%",17.430
1790445720.668,hud,turns,,,,,"✗ turns: 0/15",
1790445720.668,hud,calib_s,,,,,"✓ Buffer 6s",
1790445720.669,marker,gnss,52.38122000,-1.34001300,236.20,true,,
1790445720.669,marker,dr,52.38085579,-1.33762152,257.40,true,,
1790445720.670,marker,reconciled,0.00000000,0.00000000,0.00,false,,
1790445720.709,hud,speed,,,,,"20.9 / 16.3",20.910
1790445720.709,hud,heading,,,,,"103° / 124°",102.700
1790445720.709,hud,drift,,,,,"17.55%",17.550
1790445720.709,hud,turns,,,,,"✗ turns: 0/15",
1790445720.710,hud,calib_s,,,,,"✓ Buffer 6s",
1790445720.710,marker,gnss,52.38122000,-1.34001300,236.20,true,,
1790445720.711,marker,dr,52.38085143,-1.33759132,257.30,true,,
1790445720.711,marker,reconciled,0.00000000,0.00000000,0.00,false,,
1790445720.767,hud,speed,,,,,"20.9 / 16.3",20.930
1790445720.767,hud,heading,,,,,"103° / 124°",102.700
1790445720.768,hud,drift,,,,,"17.67%",17.670
1790445720.768,hud,turns,,,,,"✗ turns: 0/15",
1790445720.768,hud,calib_s,,,,,"✓ Buffer 6s",
1790445720.769,marker,gnss,52.38122000,-1.34001300,236.20,true,,
1790445720.769,marker,dr,52.38084723,-1.33756167,257.30,true,,
1790445720.770,marker,reconciled,0.00000000,0.00000000,0.00,false,,
1790445720.813,hud,speed,,,,,"21.0 / 16.3",20.960
1790445720.814,hud,heading,,,,,"102° / 124°",102.000
1790445720.814,hud,drift,,,,,"17.79%",17.790
1790445720.815,hud,turns,,,,,"✗ turns: 0/15",
1790445720.815,hud,calib_s,,,,,"✓ Buffer 6s",
1790445720.815,marker,gnss,52.38122000,-1.34001300,236.20,true,,
1790445720.816,marker,dr,52.38084297,-1.33753168,258.00,true,,
1790445720.816,marker,reconciled,0.00000000,0.00000000,0.00,false,,
1790445720.867,hud,speed,,,,,"20.7 / 16.3",20.660
1790445720.868,hud,heading,,,,,"101° / 124°",101.300
1790445720.868,hud,drift,,,,,"17.90%",17.900
1790445720.868,hud,turns,,,,,"✗ turns: 0/15",
1790445720.868,hud,calib_s,,,,,"✓ Buffer 6s",
1790445720.869,marker,gnss,52.38122000,-1.34001300,236.20,true,,
1790445720.869,marker,dr,52.38083865,-1.33750217,258.70,true,,
1790445720.870,marker,reconciled,0.00000000,0.00000000,0.00,false,,
1790445720.917,hud,speed,,,,,"20.6 / 16.3",20.620
1790445720.917,hud,heading,,,,,"101° / 124°",100.600
1790445720.917,hud,drift,,,,,"18.01%",18.010
1790445720.918,hud,turns,,,,,"✗ turns: 0/15",
1790445720.918,hud,calib_s,,,,,"✓ Buffer 6s",
1790445720.918,marker,gnss,52.38122000,-1.34001300,236.20,true,,
1790445720.919,marker,dr,52.38083436,-1.33747269,259.40,true,,
1790445720.919,marker,reconciled,0.00000000,0.00000000,0.00,false,,
1790445720.971,hud,speed,,,,,"20.3 / 16.3",20.270
1790445720.972,hud,heading,,,,,"101° / 124°",100.600
1790445720.972,hud,drift,,,,,"18.12%",18.120
1790445720.972,hud,turns,,,,,"✗ turns: 0/15",
1790445720.972,hud,calib_s,,,,,"✓ Buffer 6s",
1790445720.973,marker,gnss,52.38122000,-1.34001300,236.20,true,,
1790445720.973,marker,dr,52.38083006,-1.33744335,259.40,true,,
1790445720.974,marker,reconciled,0.00000000,0.00000000,0.00,false,,
1790445721.017,hud,speed,,,,,"20.5 / 16.3",20.480
1790445721.018,hud,heading,,,,,"101° / 124°",100.800
1790445721.018,hud,drift,,,,,"18.23%",18.230
1790445721.018,hud,turns,,,,,"✗ turns: 0/15",
1790445721.018,hud,calib_s,,,,,"✓ Buffer 6s",
1790445721.019,marker,gnss,52.38122000,-1.34001300,236.20,true,,
1790445721.019,marker,dr,52.38082599,-1.33741395,259.20,true,,
1790445721.020,marker,reconciled,0.00000000,0.00000000,0.00,false,,
1790445721.074,hud,speed,,,,,"20.5 / 16.3",20.460
1790445721.075,hud,heading,,,,,"100° / 124°",100.400
1790445721.075,hud,drift,,,,,"18.34%",18.340
1790445721.075,hud,turns,,,,,"✗ turns: 0/15",
1790445721.076,hud,calib_s,,,,,"✓ Buffer 6s",
1790445721.076,marker,gnss,52.38122000,-1.34001300,236.20,true,,
1790445721.077,marker,dr,52.38082192,-1.33738433,259.60,true,,
1790445721.077,marker,reconciled,0.00000000,0.00000000,0.00,false,,
1790445721.120,hud,speed,,,,,"20.5 / 16.3",20.470
1790445721.121,hud,heading,,,,,"100° / 124°",99.800
1790445721.121,hud,drift,,,,,"18.45%",18.450
1790445721.121,hud,turns,,,,,"✗ turns: 0/15",
1790445721.121,hud,calib_s,,,,,"✓ Buffer 6s",
1790445721.122,marker,gnss,52.38122000,-1.34001300,236.20,true,,
1790445721.123,marker,dr,52.38081798,-1.33735495,260.20,true,,
1790445721.123,marker,reconciled,0.00000000,0.00000000,0.00,false,,
1790445721.183,hud,speed,,,,,"20.1 / 16.3",20.130
1790445721.183,hud,heading,,,,,"100° / 124°",99.700
1790445721.184,hud,drift,,,,,"18.56%",18.560
1790445721.184,hud,turns,,,,,"✗ turns: 0/15",
1790445721.184,hud,calib_s,,,,,"✓ Buffer 6s",
1790445721.185,marker,gnss,52.38122000,-1.34001300,236.20,true,,
1790445721.185,marker,dr,52.38081396,-1.33732616,260.30,true,,
1790445721.186,marker,reconciled,0.00000000,0.00000000,0.00,false,,
1790445721.220,hud,speed,,,,,"20.1 / 16.3",20.070
1790445721.220,hud,heading,,,,,"100° / 124°",100.200
1790445721.221,hud,drift,,,,,"18.65%",18.650
1790445721.221,hud,turns,,,,,"✗ turns: 0/15",
1790445721.221,hud,calib_s,,,,,"✓ Buffer 6s",
1790445721.221,marker,gnss,52.38122000,-1.34001300,236.20,true,,
1790445721.222,marker,dr,52.38080987,-1.33729714,259.80,true,,
1790445721.222,marker,reconciled,0.00000000,0.00000000,0.00,false,,
1790445721.277,hud,speed,,,,,"19.8 / 16.3",19.830
1790445721.277,hud,heading,,,,,"100° / 124°",100.300
1790445721.278,hud,drift,,,,,"18.75%",18.750
1790445721.278,hud,turns,,,,,"✗ turns: 0/15",
1790445721.278,hud,calib_s,,,,,"✓ Buffer 6s",
1790445721.278,marker,gnss,52.38122000,-1.34001300,236.20,true,,
1790445721.279,marker,dr,52.38080573,-1.33726853,259.70,true,,
1790445721.279,marker,reconciled,0.00000000,0.00000000,0.00,false,,
1790445721.323,hud,speed,,,,,"19.9 / 16.3",19.900
1790445721.323,hud,heading,,,,,"100° / 124°",100.100
1790445721.324,hud,drift,,,,,"18.85%",18.850
1790445721.324,hud,turns,,,,,"✗ turns: 0/15",
1790445721.324,hud,calib_s,,,,,"✓ Buffer 6s",
1790445721.325,marker,gnss,52.38122000,-1.34001300,236.20,true,,
1790445721.325,marker,dr,52.38080190,-1.33724019,259.90,true,,
1790445721.325,marker,reconciled,0.00000000,0.00000000,0.00,false,,
1790445721.380,hud,speed,,,,,"19.7 / 16.3",19.710
1790445721.380,hud,heading,,,,,"101° / 124°",100.600
1790445721.381,hud,drift,,,,,"18.94%",18.940
1790445721.381,hud,turns,,,,,"✗ turns: 0/15",
1790445721.381,hud,calib_s,,,,,"✓ Buffer 6s",
1790445721.381,marker,gnss,52.38122000,-1.34001300,236.20,true,,
1790445721.382,marker,dr,52.38079820,-1.33721159,259.40,true,,
1790445721.382,marker,reconciled,0.00000000,0.00000000,0.00,false,,
1790445721.430,hud,speed,,,,,"19.5 / 16.3",19.540
1790445721.430,hud,heading,,,,,"101° / 124°",101.000
1790445721.430,hud,drift,,,,,"19.03%",19.030
1790445721.431,hud,turns,,,,,"✗ turns: 0/15",
1790445721.431,hud,calib_s,,,,,"✓ Buffer 6s",
1790445721.431,marker,gnss,52.38122000,-1.34001300,236.20,true,,
1790445721.432,marker,dr,52.38079453,-1.33718381,259.00,true,,
1790445721.432,marker,reconciled,0.00000000,0.00000000,0.00,false,,
1790445721.480,hud,speed,,,,,"19.6 / 16.3",19.610
1790445721.481,hud,heading,,,,,"102° / 124°",101.700
1790445721.481,hud,drift,,,,,"19.12%",19.120
1790445721.481,hud,turns,,,,,"✗ turns: 0/15",
1790445721.481,hud,calib_s,,,,,"✓ Buffer 6s",
1790445721.482,marker,gnss,52.38122000,-1.34001300,236.20,true,,
1790445721.483,marker,dr,52.38079075,-1.33715539,258.30,true,,
1790445721.483,marker,reconciled,0.00000000,0.00000000,0.00,false,,
1790445721.528,hud,speed,,,,,"19.7 / 16.3",19.660
1790445721.528,hud,heading,,,,,"102° / 124°",101.900
1790445721.529,hud,drift,,,,,"19.21%",19.210
1790445721.529,hud,turns,,,,,"✗ turns: 0/15",
1790445721.529,hud,calib_s,,,,,"✓ Buffer 6s",
1790445721.529,marker,gnss,52.38122000,-1.34001300,236.20,true,,
1790445721.530,marker,dr,52.38078701,-1.33712747,258.10,true,,
1790445721.530,marker,reconciled,0.00000000,0.00000000,0.00,false,,
1790445721.582,hud,speed,,,,,"19.5 / 16.3",19.530
1790445721.583,hud,heading,,,,,"102° / 124°",101.900
1790445721.583,hud,drift,,,,,"19.30%",19.300
1790445721.584,hud,turns,,,,,"✗ turns: 0/15",
1790445721.584,hud,calib_s,,,,,"✓ Buffer 6s",
1790445721.584,marker,gnss,52.38122000,-1.34001300,236.20,true,,
1790445721.585,marker,dr,52.38078332,-1.33709943,258.10,true,,
1790445721.585,marker,reconciled,0.00000000,0.00000000,0.00,false,,
1790445721.633,hud,speed,,,,,"19.6 / 16.3",19.630
1790445721.633,hud,heading,,,,,"102° / 124°",102.100
1790445721.633,hud,drift,,,,,"19.39%",19.390
1790445721.634,hud,turns,,,,,"✗ turns: 0/15",
1790445721.634,hud,calib_s,,,,,"✓ Buffer 6s",
1790445721.634,marker,gnss,52.38122000,-1.34001300,236.20,true,,
1790445721.635,marker,dr,52.38077962,-1.33707123,257.90,true,,
1790445721.635,marker,reconciled,0.00000000,0.00000000,0.00,false,,
1790445721.690,hud,speed,,,,,"19.6 / 19.0",19.640
1790445721.690,hud,heading,,,,,"102° / 128°",102.000
1790445721.691,hud,drift,,,,,"17.20%",17.200
1790445721.691,hud,turns,,,,,"✗ turns: 0/15",
1790445721.691,hud,calib_s,,,,,"✓ Buffer 6s",
1790445721.691,marker,gnss,52.38041000,-1.33804200,232.30,true,,
1790445721.692,marker,dr,52.38077593,-1.33704303,258.00,true,,
1790445721.692,marker,reconciled,0.00000000,0.00000000,0.00,false,,
1790445721.733,hud,speed,,,,,"19.6 / 19.0",19.580
1790445721.733,hud,heading,,,,,"102° / 128°",101.500
1790445721.734,hud,drift,,,,,"17.29%",17.290
1790445721.734,hud,turns,,,,,"✗ turns: 0/15",
1790445721.734,hud,calib_s,,,,,"✓ Buffer 6s",
1790445721.735,marker,gnss,52.38041000,-1.33804200,232.30,true,,
1790445721.736,marker,dr,52.38077213,-1.33701467,258.50,true,,
1790445721.736,marker,reconciled,0.00000000,0.00000000,0.00,false,,
1790445721.791,hud,speed,,,,,"19.3 / 19.0",19.280
1790445721.792,hud,heading,,,,,"101° / 128°",101.200
1790445721.792,hud,drift,,,,,"17.37%",17.370
1790445721.792,hud,turns,,,,,"✗ turns: 0/15",
1790445721.792,hud,calib_s,,,,,"✓ Buffer 6s",
1790445721.793,marker,gnss,52.38041000,-1.33804200,232.30,true,,
1790445721.793,marker,dr,52.38076843,-1.33698700,258.80,true,,
1790445721.794,marker,reconciled,0.00000000,0.00000000,0.00,false,,
1790445721.837,hud,speed,,,,,"19.3 / 19.0",19.290
1790445721.837,hud,heading,,,,,"101° / 128°",100.900
1790445721.837,hud,drift,,,,,"17.45%",17.450
1790445721.838,hud,turns,,,,,"✗ turns: 0/15",
1790445721.838,hud,calib_s,,,,,"✓ Buffer 6s",
1790445721.838,marker,gnss,52.38041000,-1.33804200,232.30,true,,
1790445721.839,marker,dr,52.38076469,-1.33695933,259.10,true,,
1790445721.839,marker,reconciled,0.00000000,0.00000000,0.00,false,,
1790445721.893,hud,speed,,,,,"19.2 / 19.0",19.220
1790445721.894,hud,heading,,,,,"101° / 128°",100.900
1790445721.894,hud,drift,,,,,"17.54%",17.540
1790445721.894,hud,turns,,,,,"✗ turns: 0/15",
1790445721.895,hud,calib_s,,,,,"✓ Buffer 6s",
1790445721.895,marker,gnss,52.38041000,-1.33804200,232.30,true,,
1790445721.896,marker,dr,52.38076101,-1.33693199,259.10,true,,
1790445721.896,marker,reconciled,0.00000000,0.00000000,0.00,false,,
1790445721.944,hud,speed,,,,,"19.3 / 19.0",19.270
1790445721.945,hud,heading,,,,,"101° / 128°",101.100
1790445721.945,hud,drift,,,,,"17.62%",17.620
1790445721.945,hud,turns,,,,,"✗ turns: 0/15",
1790445721.945,hud,calib_s,,,,,"✓ Buffer 6s",
1790445721.945,marker,gnss,52.38041000,-1.33804200,232.30,true,,
1790445721.946,marker,dr,52.38075744,-1.33690430,258.90,true,,
1790445721.946,marker,reconciled,0.00000000,0.00000000,0.00,false,,
1790445721.997,hud,speed,,,,,"19.4 / 19.0",19.380
1790445721.998,hud,heading,,,,,"102° / 128°",101.500
1790445721.998,hud,drift,,,,,"17.71%",17.710
1790445721.998,hud,turns,,,,,"✗ turns: 0/15",
1790445721.999,hud,calib_s,,,,,"✓ Buffer 6s",
1790445721.999,marker,gnss,52.38041000,-1.33804200,232.30,true,,
1790445721.999,marker,dr,52.38075384,-1.33687645,258.50,true,,
1790445722.000,marker,reconciled,0.00000000,0.00000000,0.00,false,,
1790445722.041,hud,speed,,,,,"19.4 / 19.0",19.360
1790445722.041,hud,heading,,,,,"102° / 128°",101.500
1790445722.041,hud,drift,,,,,"17.80%",17.800
1790445722.041,hud,turns,,,,,"✗ turns: 0/15",
1790445722.042,hud,calib_s,,,,,"✓ Buffer 6s",
1790445722.042,marker,gnss,52.38041000,-1.33804200,232.30,true,,
1790445722.043,marker,dr,52.38075032,-1.33684861,258.50,true,,
1790445722.043,marker,reconciled,0.00000000,0.00000000,0.00,false,,
1790445722.096,hud,speed,,,,,"19.4 / 19.0",19.410
1790445722.096,hud,heading,,,,,"101° / 128°",101.300
1790445722.097,hud,drift,,,,,"17.89%",17.890
1790445722.097,hud,turns,,,,,"✗ turns: 0/15",
1790445722.097,hud,calib_s,,,,,"✓ Buffer 6s",
1790445722.097,marker,gnss,52.38041000,-1.33804200,232.30,true,,
1790445722.098,marker,dr,52.38074691,-1.33682066,258.70,true,,
1790445722.098,marker,reconciled,0.00000000,0.00000000,0.00,false,,
1790445722.144,hud,speed,,,,,"19.5 / 19.0",19.470
1790445722.145,hud,heading,,,,,"101° / 128°",100.900
1790445722.145,hud,drift,,,,,"17.98%",17.980
1790445722.145,hud,turns,,,,,"✗ turns: 0/15",
1790445722.145,hud,calib_s,,,,,"✓ Buffer 6s",
1790445722.146,marker,gnss,52.38041000,-1.33804200,232.30,true,,
1790445722.146,marker,dr,52.38074347,-1.33679234,259.10,true,,
1790445722.147,marker,reconciled,0.00000000,0.00000000,0.00,false,,
1790445722.203,hud,speed,,,,,"19.6 / 19.0",19.570
1790445722.203,hud,heading,,,,,"101° / 128°",101.000
1790445722.203,hud,drift,,,,,"18.07%",18.070
1790445722.203,hud,turns,,,,,"✗ turns: 0/15",
1790445722.204,hud,calib_s,,,,,"✓ Buffer 6s",
1790445722.204,marker,gnss,52.38041000,-1.33804200,232.30,true,,
1790445722.204,marker,dr,52.38073999,-1.33676416,259.00,true,,
1790445722.205,marker,reconciled,0.00000000,0.00000000,0.00,false,,
1790445722.247,hud,speed,,,,,"19.7 / 19.0",19.650
1790445722.247,hud,heading,,,,,"101° / 128°",101.100
1790445722.248,hud,drift,,,,,"18.16%",18.160
1790445722.248,hud,turns,,,,,"✗ turns: 0/15",
1790445722.248,hud,calib_s,,,,,"✓ Buffer 6s",
1790445722.248,marker,gnss,52.38041000,-1.33804200,232.30,true,,
1790445722.249,marker,dr,52.38073655,-1.33673615,258.90,true,,
1790445722.249,marker,reconciled,0.00000000,0.00000000,0.00,false,,
1790445722.304,hud,speed,,,,,"19.8 / 19.0",19.770
1790445722.304,hud,heading,,,,,"101° / 128°",101.100
1790445722.305,hud,drift,,,,,"18.25%",18.250
1790445722.305,hud,turns,,,,,"✗ turns: 0/15",
1790445722.305,hud,calib_s,,,,,"✓ Buffer 6s",
1790445722.305,marker,gnss,52.38041000,-1.33804200,232.30,true,,
1790445722.306,marker,dr,52.38073307,-1.33670768,258.90,true,,
1790445722.307,marker,reconciled,0.00000000,0.00000000,0.00,false,,
1790445722.348,hud,speed,,,,,"19.9 / 19.0",19.850
1790445722.349,hud,heading,,,,,"101° / 128°",101.000
1790445722.349,hud,drift,,,,,"18.35%",18.350
1790445722.349,hud,turns,,,,,"✗ turns: 0/15",
1790445722.350,hud,calib_s,,,,,"✓ Buffer 6s",
1790445722.350,marker,gnss,52.38041000,-1.33804200,232.30,true,,
1790445722.351,marker,dr,52.38072959,-1.33667879,259.00,true,,
1790445722.351,marker,reconciled,0.00000000,0.00000000,0.00,false,,
1790445722.406,hud,speed,,,,,"20.0 / 19.0",19.950
1790445722.407,hud,heading,,,,,"101° / 128°",101.000
1790445722.407,hud,drift,,,,,"18.45%",18.450
1790445722.407,hud,turns,,,,,"✗ turns: 0/15",
1790445722.408,hud,calib_s,,,,,"✓ Buffer 6s",
1790445722.408,marker,gnss,52.38041000,-1.33804200,232.30,true,,
1790445722.409,marker,dr,52.38072618,-1.33665003,259.00,true,,
1790445722.409,marker,reconciled,0.00000000,0.00000000,0.00,false,,
1790445722.451,hud,speed,,,,,"19.9 / 19.0",19.890
1790445722.451,hud,heading,,,,,"101° / 128°",100.600
1790445722.451,hud,drift,,,,,"18.54%",18.540
1790445722.451,hud,turns,,,,,"✗ turns: 0/15",
1790445722.452,hud,calib_s,,,,,"✓ Buffer 6s",
1790445722.452,marker,gnss,52.38041000,-1.33804200,232.30,true,,
1790445722.452,marker,dr,52.38072274,-1.33662137,259.40,true,,
1790445722.453,marker,reconciled,0.00000000,0.00000000,0.00,false,,
1790445722.505,hud,speed,,,,,"20.0 / 19.0",19.980
1790445722.505,hud,heading,,,,,"101° / 128°",101.000
1790445722.505,hud,drift,,,,,"18.64%",18.640
1790445722.506,hud,turns,,,,,"✗ turns: 0/15",
1790445722.506,hud,calib_s,,,,,"✓ Buffer 6s",
1790445722.506,marker,gnss,52.38041000,-1.33804200,232.30,true,,
1790445722.507,marker,dr,52.38071930,-1.33659256,259.00,true,,
1790445722.507,marker,reconciled,0.00000000,0.00000000,0.00,false,,
1790445722.554,hud,speed,,,,,"20.1 / 19.0",20.070
1790445722.554,hud,heading,,,,,"101° / 128°",101.200
1790445722.555,hud,drift,,,,,"18.74%",18.740
1790445722.555,hud,turns,,,,,"✗ turns: 0/15",
1790445722.555,hud,calib_s,,,,,"✓ Buffer 6s",
1790445722.556,marker,gnss,52.38041000,-1.33804200,232.30,true,,
1790445722.556,marker,dr,52.38071588,-1.33656362,258.80,true,,
1790445722.556,marker,reconciled,0.00000000,0.00000000,0.00,false,,
1790445722.605,hud,speed,,,,,"20.1 / 19.0",20.100
1790445722.606,hud,heading,,,,,"102° / 128°",101.500
1790445722.606,hud,drift,,,,,"18.84%",18.840
1790445722.606,hud,turns,,,,,"✗ turns: 0/15",
1790445722.607,hud,calib_s,,,,,"✓ Buffer 6s",
1790445722.607,marker,gnss,52.38041000,-1.33804200,232.30,true,,
1790445722.607,marker,dr,52.38071253,-1.33653462,258.50,true,,
1790445722.608,marker,reconciled,0.00000000,0.00000000,0.00,false,,
1790445722.660,hud,speed,,,,,"20.1 / 19.0",20.090
1790445722.660,hud,heading,,,,,"102° / 128°",101.500
1790445722.660,hud,drift,,,,,"18.94%",18.940
1790445722.661,hud,turns,,,,,"✗ turns: 0/15",
1790445722.661,hud,calib_s,,,,,"✓ Buffer 6s",
1790445722.661,marker,gnss,52.38041000,-1.33804200,232.30,true,,
1790445722.661,marker,dr,52.38070924,-1.33650589,258.50,true,,
1790445722.662,marker,reconciled,0.00000000,0.00000000,0.00,false,,
1790445722.713,hud,speed,,,,,"20.1 / 19.0",20.080
1790445722.713,hud,heading,,,,,"102° / 128°",101.600
1790445722.713,hud,drift,,,,,"19.04%",19.040
1790445722.714,hud,turns,,,,,"✗ turns: 0/15",
1790445722.714,hud,calib_s,,,,,"✓ Buffer 6s",
1790445722.715,marker,gnss,52.38041000,-1.33804200,232.30,true,,
1790445722.716,marker,dr,52.38070596,-1.33647687,258.40,true,,
1790445722.716,marker,reconciled,0.00000000,0.00000000,0.00,false,,
1790445722.759,hud,speed,,,,,"20.0 / 19.0",20.040
1790445722.759,hud,heading,,,,,"101° / 128°",101.400
1790445722.760,hud,drift,,,,,"19.13%",19.130
1790445722.760,hud,turns,,,,,"✗ turns: 0/15",
1790445722.760,hud,calib_s,,,,,"✓ Buffer 6s",
1790445722.761,marker,gnss,52.38041000,-1.33804200,232.30,true,,
1790445722.761,marker,dr,52.38070260,-1.33644765,258.60,true,,
1790445722.761,marker,reconciled,0.00000000,0.00000000,0.00,false,,
1790445722.816,hud,speed,,,,,"20.0 / 19.0",20.010
1790445722.816,hud,heading,,,,,"101° / 128°",101.100
1790445722.816,hud,drift,,,,,"19.23%",19.230
1790445722.817,hud,turns,,,,,"✗ turns: 0/15",
1790445722.817,hud,calib_s,,,,,"✓ Buffer 6s",
1790445722.817,marker,gnss,52.38041000,-1.33804200,232.30,true,,
1790445722.818,marker,dr,52.38069928,-1.33641877,258.90,true,,
1790445722.818,marker,reconciled,0.00000000,0.00000000,0.00,false,,
1790445722.858,hud,speed,,,,,"20.1 / 19.0",20.070
1790445722.859,hud,heading,,,,,"101° / 128°",101.200
1790445722.859,hud,drift,,,,,"19.33%",19.330
1790445722.860,hud,turns,,,,,"✗ turns: 0/15",
1790445722.860,hud,calib_s,,,,,"✓ Buffer 6s",
1790445722.860,marker,gnss,52.38041000,-1.33804200,232.30,true,,
1790445722.861,marker,dr,52.38069600,-1.33639009,258.80,true,,
1790445722.861,marker,reconciled,0.00000000,0.00000000,0.00,false,,
1790445722.913,hud,speed,,,,,"20.2 / 19.0",20.180
1790445722.913,hud,heading,,,,,"101° / 128°",101.100
1790445722.913,hud,drift,,,,,"19.43%",19.430
1790445722.914,hud,turns,,,,,"✗ turns: 0/15",
1790445722.914,hud,calib_s,,,,,"✓ Buffer 6s",
1790445722.914,marker,gnss,52.38041000,-1.33804200,232.30,true,,
1790445722.915,marker,dr,52.38069263,-1.33636068,258.90,true,,
1790445722.915,marker,reconciled,0.00000000,0.00000000,0.00,false,,
1790445722.965,hud,speed,,,,,"20.2 / 19.0",20.230
1790445722.966,hud,heading,,,,,"101° / 128°",101.300
1790445722.966,hud,drift,,,,,"19.52%",19.520
1790445722.967,hud,turns,,,,,"✗ turns: 0/15",
1790445722.967,hud,calib_s,,,,,"✓ Buffer 6s",
1790445722.967,marker,gnss,52.38041000,-1.33804200,232.30,true,,
1790445722.968,marker,dr,52.38068933,-1.33633177,258.70,true,,
1790445722.968,marker,reconciled,0.00000000,0.00000000,0.00,false,,
1790445723.016,hud,speed,,,,,"20.3 / 19.0",20.330
1790445723.016,hud,heading,,,,,"101° / 128°",101.300
1790445723.016,hud,drift,,,,,"19.62%",19.620
1790445723.017,hud,turns,,,,,"✗ turns: 0/15",
1790445723.017,hud,calib_s,,,,,"✓ Buffer 6s",
1790445723.017,marker,gnss,52.38041000,-1.33804200,232.30,true,,
1790445723.018,marker,dr,52.38068603,-1.33630241,258.70,true,,
1790445723.018,marker,reconciled,0.00000000,0.00000000,0.00,false,,
1790445723.062,hud,speed,,,,,"20.4 / 19.0",20.440
1790445723.063,hud,heading,,,,,"102° / 128°",101.500
1790445723.063,hud,drift,,,,,"19.72%",19.720
1790445723.063,hud,turns,,,,,"✗ turns: 0/15",
1790445723.063,hud,calib_s,,,,,"✓ Buffer 6s",
1790445723.064,marker,gnss,52.38041000,-1.33804200,232.30,true,,
1790445723.064,marker,dr,52.38068265,-1.33627260,258.50,true,,
1790445723.065,marker,reconciled,0.00000000,0.00000000,0.00,false,,
1790445723.120,hud,speed,,,,,"20.7 / 19.0",20.740
1790445723.121,hud,heading,,,,,"102° / 128°",101.600
1790445723.121,hud,drift,,,,,"19.83%",19.830
1790445723.122,hud,turns,,,,,"✗ turns: 0/15",
1790445723.122,hud,calib_s,,,,,"✓ Buffer 6s",
1790445723.123,marker,gnss,52.38041000,-1.33804200,232.30,true,,
1790445723.123,marker,dr,52.38067905,-1.33624240,258.40,true,,
1790445723.124,marker,reconciled,0.00000000,0.00000000,0.00,false,,
1790445723.167,hud,speed,,,,,"20.8 / 19.0",20.830
1790445723.167,hud,heading,,,,,"102° / 128°",101.900
1790445723.168,hud,drift,,,,,"19.93%",19.930
1790445723.168,hud,turns,,,,,"✗ turns: 0/15",
1790445723.168,hud,calib_s,,,,,"✓ Buffer 6s",
1790445723.169,marker,gnss,52.38041000,-1.33804200,232.30,true,,
1790445723.169,marker,dr,52.38067557,-1.33621296,258.10,true,,
1790445723.170,marker,reconciled,0.00000000,0.00000000,0.00,false,,
1790445723.224,hud,speed,,,,,"20.9 / 19.0",20.890
1790445723.225,hud,heading,,,,,"102° / 128°",101.900
1790445723.225,hud,drift,,,,,"20.03%",20.030
1790445723.225,hud,turns,,,,,"✗ turns: 0/15",
1790445723.226,hud,calib_s,,,,,"✓ Buffer 6s",
1790445723.226,marker,gnss,52.38041000,-1.33804200,232.30,true,,
1790445723.227,marker,dr,52.38067205,-1.33618278,258.10,true,,
1790445723.227,marker,reconciled,0.00000000,0.00000000,0.00,false,,
1790445723.268,hud,speed,,,,,"21.0 / 19.0",21.000
1790445723.269,hud,heading,,,,,"102° / 128°",101.600
1790445723.269,hud,drift,,,,,"20.13%",20.130
1790445723.269,hud,turns,,,,,"✗ turns: 0/15",
1790445723.270,hud,calib_s,,,,,"✓ Buffer 6s",
1790445723.270,marker,gnss,52.38041000,-1.33804200,232.30,true,,
1790445723.271,marker,dr,52.38066840,-1.33615221,258.40,true,,
1790445723.271,marker,reconciled,0.00000000,0.00000000,0.00,false,,
1790445723.323,hud,speed,,,,,"21.1 / 19.0",21.060
1790445723.324,hud,heading,,,,,"101° / 128°",101.400
1790445723.324,hud,drift,,,,,"20.23%",20.230
1790445723.324,hud,turns,,,,,"✗ turns: 0/15",
1790445723.324,hud,calib_s,,,,,"✓ Buffer 6s",
1790445723.325,marker,gnss,52.38041000,-1.33804200,232.30,true,,
1790445723.325,marker,dr,52.38066485,-1.33612215,258.60,true,,
1790445723.326,marker,reconciled,0.00000000,0.00000000,0.00,false,,
1790445723.372,hud,speed,,,,,"21.1 / 19.0",21.070
1790445723.372,hud,heading,,,,,"101° / 128°",101.300
1790445723.372,hud,drift,,,,,"20.34%",20.340
1790445723.373,hud,turns,,,,,"✗ turns: 0/15",
1790445723.373,hud,calib_s,,,,,"✓ Buffer 6s",
1790445723.373,marker,gnss,52.38041000,-1.33804200,232.30,true,,
1790445723.374,marker,dr,52.38066122,-1.33609146,258.70,true,,
1790445723.374,marker,reconciled,0.00000000,0.00000000,0.00,false,,
1790445723.427,hud,speed,,,,,"20.9 / 19.0",20.900
1790445723.428,hud,heading,,,,,"102° / 128°",101.500
1790445723.428,hud,drift,,,,,"20.44%",20.440
1790445723.428,hud,turns,,,,,"✗ turns: 0/15",
1790445723.428,hud,calib_s,,,,,"✓ Buffer 6s",
1790445723.430,marker,gnss,52.38041000,-1.33804200,232.30,true,,
1790445723.430,marker,dr,52.38065764,-1.33606133,258.50,true,,
1790445723.431,marker,reconciled,0.00000000,0.00000000,0.00,false,,
1790445723.476,hud,speed,,,,,"20.9 / 19.0",20.870
1790445723.477,hud,heading,,,,,"101° / 128°",101.300
1790445723.477,hud,drift,,,,,"20.53%",20.530
1790445723.477,hud,turns,,,,,"✗ turns: 0/15",
1790445723.477,hud,calib_s,,,,,"✓ Buffer 6s",
1790445723.478,marker,gnss,52.38041000,-1.33804200,232.30,true,,
1790445723.478,marker,dr,52.38065403,-1.33603125,258.70,true,,
1790445723.478,marker,reconciled,0.00000000,0.00000000,0.00,false,,
1790445723.531,hud,speed,,,,,"20.9 / 19.0",20.880
1790445723.531,hud,heading,,,,,"101° / 128°",101.400
1790445723.532,hud,drift,,,,,"20.63%",20.630
1790445723.532,hud,turns,,,,,"✗ turns: 0/15",
1790445723.532,hud,calib_s,,,,,"✓ Buffer 6s",
1790445723.533,marker,gnss,52.38041000,-1.33804200,232.30,true,,
1790445723.533,marker,dr,52.38065041,-1.33600116,258.60,true,,
1790445723.534,marker,reconciled,0.00000000,0.00000000,0.00,false,,
1790445723.575,hud,speed,,,,,"20.7 / 19.0",20.690
1790445723.575,hud,heading,,,,,"101° / 128°",101.300
1790445723.576,hud,drift,,,,,"20.73%",20.730
1790445723.576,hud,turns,,,,,"✗ turns: 0/15",
1790445723.576,hud,calib_s,,,,,"✓ Buffer 6s",
1790445723.576,marker,gnss,52.38041000,-1.33804200,232.30,true,,
1790445723.577,marker,dr,52.38064686,-1.33597135,258.70,true,,
1790445723.577,marker,reconciled,0.00000000,0.00000000,0.00,false,,
1790445723.630,hud,speed,,,,,"20.5 / 19.0",20.530
1790445723.631,hud,heading,,,,,"101° / 128°",101.400
1790445723.631,hud,drift,,,,,"20.82%",20.820
1790445723.631,hud,turns,,,,,"✗ turns: 0/15",
1790445723.632,hud,calib_s,,,,,"✓ Buffer 6s",
1790445723.632,marker,gnss,52.38041000,-1.33804200,232.30,true,,
1790445723.633,marker,dr,52.38064331,-1.33594176,258.60,true,,
1790445723.633,marker,reconciled,0.00000000,0.00000000,0.00,false,,
1790445723.678,hud,speed,,,,,"20.4 / 19.0",20.360
1790445723.679,hud,heading,,,,,"101° / 128°",101.300
1790445723.679,hud,drift,,,,,"20.91%",20.910
1790445723.679,hud,turns,,,,,"✗ turns: 0/15",
1790445723.679,hud,calib_s,,,,,"✓ Buffer 6s",
1790445723.680,marker,gnss,52.38041000,-1.33804200,232.30,true,,
1790445723.680,marker,dr,52.38063970,-1.33591153,258.70,true,,
1790445723.680,marker,reconciled,0.00000000,0.00000000,0.00,false,,
1790445723.735,hud,speed,,,,,"20.2 / 19.0",20.170
1790445723.735,hud,heading,,,,,"102° / 128°",101.700
1790445723.736,hud,drift,,,,,"21.00%",21.000
1790445723.736,hud,turns,,,,,"✗ turns: 0/15",
1790445723.736,hud,calib_s,,,,,"✓ Buffer 6s",
1790445723.736,marker,gnss,52.38041000,-1.33804200,232.30,true,,
1790445723.737,marker,dr,52.38063634,-1.33588333,258.30,true,,
1790445723.737,marker,reconciled,0.00000000,0.00000000,0.00,false,,
1790445723.780,hud,speed,,,,,"20.1 / 19.0",20.060
1790445723.781,hud,heading,,,,,"102° / 128°",101.700
1790445723.781,hud,drift,,,,,"21.08%",21.080
1790445723.781,hud,turns,,,,,"✗ turns: 0/15",
1790445723.781,hud,calib_s,,,,,"✓ Buffer 6s",
1790445723.782,marker,gnss,52.38041000,-1.33804200,232.30,true,,
1790445723.782,marker,dr,52.38063295,-1.33585469,258.30,true,,
1790445723.783,marker,reconciled,0.00000000,0.00000000,0.00,false,,
1790445723.835,hud,speed,,,,,"19.9 / 19.0",19.910
1790445723.836,hud,heading,,,,,"102° / 128°",102.000
1790445723.836,hud,drift,,,,,"21.17%",21.170
1790445723.836,hud,turns,,,,,"✗ turns: 0/15",
1790445723.837,hud,calib_s,,,,,"✓ Buffer 6s",
1790445723.837,marker,gnss,52.38041000,-1.33804200,232.30,true,,
1790445723.838,marker,dr,52.38062955,-1.33582568,258.00,true,,
1790445723.838,marker,reconciled,0.00000000,0.00000000,0.00,false,,
1790445723.880,hud,speed,,,,,"19.8 / 19.0",19.840
1790445723.880,hud,heading,,,,,"102° / 128°",101.800
1790445723.881,hud,drift,,,,,"21.25%",21.250
1790445723.881,hud,turns,,,,,"✗ turns: 0/15",
1790445723.881,hud,calib_s,,,,,"✓ Buffer 6s",
1790445723.882,marker,gnss,52.38041000,-1.33804200,232.30,true,,
1790445723.883,marker,dr,52.38062627,-1.33579733,258.20,true,,
1790445723.883,marker,reconciled,0.00000000,0.00000000,0.00,false,,
1790445723.936,hud,speed,,,,,"19.6 / 19.0",19.620
1790445723.936,hud,heading,,,,,"102° / 128°",101.800
1790445723.937,hud,drift,,,,,"21.33%",21.330
1790445723.937,hud,turns,,,,,"✗ turns: 0/15",
1790445723.937,hud,calib_s,,,,,"✓ Buffer 6s",
1790445723.938,marker,gnss,52.38041000,-1.33804200,232.30,true,,
1790445723.939,marker,dr,52.38062299,-1.33576899,258.20,true,,
1790445723.939,marker,reconciled,0.00000000,0.00000000,0.00,false,,
1790445723.984,hud,speed,,,,,"19.6 / 19.0",19.630
1790445723.984,hud,heading,,,,,"102° / 128°",101.500
1790445723.984,hud,drift,,,,,"21.41%",21.410
1790445723.985,hud,turns,,,,,"✗ turns: 0/15",
1790445723.985,hud,calib_s,,,,,"✓ Buffer 6s",
1790445723.985,marker,gnss,52.38041000,-1.33804200,232.30,true,,
1790445723.986,marker,dr,52.38061966,-1.33574069,258.50,true,,
1790445723.986,marker,reconciled,0.00000000,0.00000000,0.00,false,,
1790445724.039,hud,speed,,,,,"19.5 / 19.0",19.530
1790445724.039,hud,heading,,,,,"102° / 128°",101.700
1790445724.039,hud,drift,,,,,"21.49%",21.490
1790445724.039,hud,turns,,,,,"✗ turns: 0/15",
1790445724.039,hud,calib_s,,,,,"✓ Buffer 6s",
1790445724.040,marker,gnss,52.38041000,-1.33804200,232.30,true,,
1790445724.040,marker,dr,52.38061635,-1.33571252,258.30,true,,
1790445724.041,marker,reconciled,0.00000000,0.00000000,0.00,false,,
1790445724.087,hud,speed,,,,,"19.4 / 19.0",19.370
1790445724.087,hud,heading,,,,,"102° / 128°",101.800
1790445724.087,hud,drift,,,,,"21.56%",21.560
1790445724.088,hud,turns,,,,,"✗ turns: 0/15",
1790445724.088,hud,calib_s,,,,,"✓ Buffer 6s",
1790445724.088,marker,gnss,52.38041000,-1.33804200,232.30,true,,
1790445724.089,marker,dr,52.38061304,-1.33568429,258.20,true,,
1790445724.089,marker,reconciled,0.00000000,0.00000000,0.00,false,,
1790445724.143,hud,speed,,,,,"19.2 / 19.0",19.240
1790445724.143,hud,heading,,,,,"102° / 128°",101.800
1790445724.144,hud,drift,,,,,"21.64%",21.640
1790445724.144,hud,turns,,,,,"✗ turns: 0/15",
1790445724.144,hud,calib_s,,,,,"✓ Buffer 6s",
1790445724.145,marker,gnss,52.38041000,-1.33804200,232.30,true,,
1790445724.145,marker,dr,52.38060980,-1.33565652,258.20,true,,
1790445724.146,marker,reconciled,0.00000000,0.00000000,0.00,false,,
1790445724.192,hud,speed,,,,,"19.3 / 19.0",19.260
1790445724.192,hud,heading,,,,,"102° / 128°",101.800
1790445724.193,hud,drift,,,,,"21.71%",21.710
1790445724.193,hud,turns,,,,,"✗ turns: 0/15",
1790445724.193,hud,calib_s,,,,,"✓ Buffer 6s",
1790445724.193,marker,gnss,52.38041000,-1.33804200,232.30,true,,
1790445724.194,marker,dr,52.38060655,-1.33562872,258.20,true,,
1790445724.194,marker,reconciled,0.00000000,0.00000000,0.00,false,,
1790445724.247,hud,speed,,,,,"19.2 / 19.0",19.160
1790445724.247,hud,heading,,,,,"102° / 128°",101.500
1790445724.248,hud,drift,,,,,"21.79%",21.790
1790445724.248,hud,turns,,,,,"✗ turns: 0/15",
1790445724.248,hud,calib_s,,,,,"✓ Buffer 6s",
1790445724.249,marker,gnss,52.38041000,-1.33804200,232.30,true,,
1790445724.249,marker,dr,52.38060334,-1.33560108,258.50,true,,
1790445724.250,marker,reconciled,0.00000000,0.00000000,0.00,false,,
1790445724.290,hud,speed,,,,,"19.3 / 19.0",19.250
1790445724.290,hud,heading,,,,,"102° / 128°",101.700
1790445724.291,hud,drift,,,,,"21.86%",21.860
1790445724.291,hud,turns,,,,,"✗ turns: 0/15",
1790445724.291,hud,calib_s,,,,,"✓ Buffer 6s",
1790445724.292,marker,gnss,52.38041000,-1.33804200,232.30,true,,
1790445724.292,marker,dr,52.38060015,-1.33557329,258.30,true,,
1790445724.293,marker,reconciled,0.00000000,0.00000000,0.00,false,,
1790445724.346,hud,speed,,,,,"19.2 / 19.0",19.200
1790445724.347,hud,heading,,,,,"102° / 128°",101.800
1790445724.347,hud,drift,,,,,"21.93%",21.930
1790445724.347,hud,turns,,,,,"✗ turns: 0/15",
1790445724.347,hud,calib_s,,,,,"✓ Buffer 6s",
1790445724.348,marker,gnss,52.38041000,-1.33804200,232.30,true,,
1790445724.348,marker,dr,52.38059701,-1.33554556,258.20,true,,
1790445724.349,marker,reconciled,0.00000000,0.00000000,0.00,false,,
1790445724.394,hud,speed,,,,,"19.2 / 19.0",19.200
1790445724.394,hud,heading,,,,,"102° / 128°",101.800
1790445724.394,hud,drift,,,,,"22.01%",22.010
1790445724.395,hud,turns,,,,,"✗ turns: 0/15",
1790445724.395,hud,calib_s,,,,,"✓ Buffer 6s",
1790445724.395,marker,gnss,52.38041000,-1.33804200,232.30,true,,
1790445724.396,marker,dr,52.38059388,-1.33551782,258.20,true,,
1790445724.396,marker,reconciled,0.00000000,0.00000000,0.00,false,,
1790445724.446,hud,speed,,,,,"19.2 / 19.0",19.160
1790445724.447,hud,heading,,,,,"102° / 128°",101.900
1790445724.447,hud,drift,,,,,"22.08%",22.080
1790445724.447,hud,turns,,,,,"✗ turns: 0/15",
1790445724.447,hud,calib_s,,,,,"✓ Buffer 6s",
1790445724.448,marker,gnss,52.38041000,-1.33804200,232.30,true,,
1790445724.448,marker,dr,52.38059080,-1.33549012,258.10,true,,
1790445724.449,marker,reconciled,0.00000000,0.00000000,0.00,false,,
1790445724.495,hud,speed,,,,,"19.1 / 19.0",19.100
1790445724.496,hud,heading,,,,,"102° / 128°",101.700
1790445724.496,hud,drift,,,,,"22.15%",22.150
1790445724.496,hud,turns,,,,,"✗ turns: 0/15",
1790445724.496,hud,calib_s,,,,,"✓ Buffer 6s",
1790445724.497,marker,gnss,52.38041000,-1.33804200,232.30,true,,
1790445724.497,marker,dr,52.38058772,-1.33546252,258.30,true,,
1790445724.497,marker,reconciled,0.00000000,0.00000000,0.00,false,,
1790445724.549,hud,speed,,,,,"19.1 / 19.0",19.070
1790445724.550,hud,heading,,,,,"102° / 128°",101.900
1790445724.550,hud,drift,,,,,"22.23%",22.230
1790445724.550,hud,turns,,,,,"✗ turns: 0/15",
1790445724.551,hud,calib_s,,,,,"✓ Buffer 6s",
1790445724.551,marker,gnss,52.38041000,-1.33804200,232.30,true,,
1790445724.552,marker,dr,52.38058473,-1.33543523,258.10,true,,
1790445724.552,marker,reconciled,0.00000000,0.00000000,0.00,false,,
1790445724.598,hud,speed,,,,,"19.1 / 19.0",19.080
1790445724.599,hud,heading,,,,,"102° / 128°",102.100
1790445724.599,hud,drift,,,,,"22.30%",22.300
1790445724.599,hud,turns,,,,,"✗ turns: 0/15",
1790445724.599,hud,calib_s,,,,,"✓ Buffer 6s",
1790445724.600,marker,gnss,52.38041000,-1.33804200,232.30,true,,
1790445724.600,marker,dr,52.38058178,-1.33540761,257.90,true,,
1790445724.600,marker,reconciled,0.00000000,0.00000000,0.00,false,,
1790445724.653,hud,speed,,,,,"19.1 / 19.0",19.100
1790445724.653,hud,heading,,,,,"102° / 128°",102.100
1790445724.654,hud,drift,,,,,"22.38%",22.380
1790445724.654,hud,turns,,,,,"✗ turns: 0/15",
1790445724.654,hud,calib_s,,,,,"✓ Buffer 6s",
1790445724.655,marker,gnss,52.38041000,-1.33804200,232.30,true,,
1790445724.655,marker,dr,52.38057879,-1.33537963,257.90,true,,
1790445724.655,marker,reconciled,0.00000000,0.00000000,0.00,false,,
1790445724.701,hud,speed,,,,,"19.1 / 19.0",19.100
1790445724.701,hud,heading,,,,,"102° / 128°",102.000
1790445724.701,hud,drift,,,,,"22.45%",22.450
1790445724.702,hud,turns,,,,,"✗ turns: 0/15",
1790445724.702,hud,calib_s,,,,,"✓ Buffer 6s",
1790445724.702,marker,gnss,52.38041000,-1.33804200,232.30,true,,
1790445724.703,marker,dr,52.38057574,-1.33535231,258.00,true,,
1790445724.703,marker,reconciled,0.00000000,0.00000000,0.00,false,,
1790445724.756,hud,speed,,,,,"19.1 / 19.0",19.120
1790445724.756,hud,heading,,,,,"102° / 128°",101.900
1790445724.756,hud,drift,,,,,"22.52%",22.520
1790445724.757,hud,turns,,,,,"✗ turns: 0/15",
1790445724.757,hud,calib_s,,,,,"✓ Buffer 6s",
1790445724.757,marker,gnss,52.38041000,-1.33804200,232.30,true,,
1790445724.758,marker,dr,52.38057270,-1.33532436,258.10,true,,
1790445724.758,marker,reconciled,0.00000000,0.00000000,0.00,false,,
1790445724.800,hud,speed,,,,,"19.2 / 19.0",19.160
1790445724.801,hud,heading,,,,,"102° / 128°",102.000
1790445724.801,hud,drift,,,,,"22.59%",22.590
1790445724.802,hud,turns,,,,,"✗ turns: 0/15",
1790445724.802,hud,calib_s,,,,,"✓ Buffer 6s",
1790445724.803,marker,gnss,52.38041000,-1.33804200,232.30,true,,
1790445724.803,marker,dr,52.38056967,-1.33529693,258.00,true,,
1790445724.804,marker,reconciled,0.00000000,0.00000000,0.00,false,,
1790445724.855,hud,speed,,,,,"19.1 / 19.0",19.100
1790445724.856,hud,heading,,,,,"102° / 128°",102.000
1790445724.856,hud,drift,,,,,"22.66%",22.660
1790445724.856,hud,turns,,,,,"✗ turns: 0/15",
1790445724.856,hud,calib_s,,,,,"✓ Buffer 6s",
1790445724.857,marker,gnss,52.38041000,-1.33804200,232.30,true,,
1790445724.857,marker,dr,52.38056660,-1.33526902,258.00,true,,
1790445724.858,marker,reconciled,0.00000000,0.00000000,0.00,false,,
1790445724.905,hud,speed,,,,,"19.3 / 19.0",19.270
1790445724.906,hud,heading,,,,,"102° / 128°",101.500
1790445724.906,hud,drift,,,,,"22.73%",22.730
1790445724.907,hud,turns,,,,,"✗ turns: 0/15",
1790445724.907,hud,calib_s,,,,,"✓ Buffer 6s",
1790445724.907,marker,gnss,52.38041000,-1.33804200,232.30,true,,
1790445724.908,marker,dr,52.38056345,-1.33524148,258.50,true,,
1790445724.908,marker,reconciled,0.00000000,0.00000000,0.00,false,,
1790445724.960,hud,speed,,,,,"19.3 / 19.0",19.260
1790445724.961,hud,heading,,,,,"101° / 128°",101.300
1790445724.961,hud,drift,,,,,"22.81%",22.810
1790445724.962,hud,turns,,,,,"✗ turns: 0/15",
1790445724.962,hud,calib_s,,,,,"✓ Buffer 6s",
1790445724.963,marker,gnss,52.38041000,-1.33804200,232.30,true,,
1790445724.964,marker,dr,52.38056024,-1.33521341,258.70,true,,
1790445724.964,marker,reconciled,0.00000000,0.00000000,0.00,false,,
1790445725.006,hud,speed,,,,,"19.4 / 19.0",19.420
1790445725.006,hud,heading,,,,,"101° / 128°",101.400
1790445725.007,hud,drift,,,,,"22.88%",22.880
1790445725.007,hud,turns,,,,,"✗ turns: 0/15",
1790445725.007,hud,calib_s,,,,,"✓ Buffer 6s",
1790445725.007,marker,gnss,52.38041000,-1.33804200,232.30,true,,
1790445725.008,marker,dr,52.38055707,-1.33518568,258.60,true,,
1790445725.008,marker,reconciled,0.00000000,0.00000000,0.00,false,,
1790445725.057,hud,speed,,,,,"19.3 / 19.0",19.340
1790445725.058,hud,heading,,,,,"102° / 128°",101.800
1790445725.058,hud,drift,,,,,"22.95%",22.950
1790445725.058,hud,turns,,,,,"✗ turns: 0/15",
1790445725.059,hud,calib_s,,,,,"✓ Buffer 6s",
1790445725.059,marker,gnss,52.38041000,-1.33804200,232.30,true,,
1790445725.059,marker,dr,52.38055389,-1.33515747,258.20,true,,
1790445725.060,marker,reconciled,0.00000000,0.00000000,0.00,false,,
1790445725.107,hud,speed,,,,,"19.6 / 19.0",19.590
1790445725.107,hud,heading,,,,,"102° / 128°",101.700
1790445725.108,hud,drift,,,,,"23.02%",23.020
1790445725.108,hud,turns,,,,,"✗ turns: 0/15",
1790445725.108,hud,calib_s,,,,,"✓ Buffer 6s",
1790445725.108,marker,gnss,52.38041000,-1.33804200,232.30,true,,
1790445725.109,marker,dr,52.38055067,-1.33512919,258.30,true,,
1790445725.109,marker,reconciled,0.00000000,0.00000000,0.00,false,,
1790445725.160,hud,speed,,,,,"19.7 / 19.0",19.710
1790445725.160,hud,heading,,,,,"102° / 128°",101.600
1790445725.161,hud,drift,,,,,"23.09%",23.090
1790445725.161,hud,turns,,,,,"✗ turns: 0/15",
1790445725.161,hud,calib_s,,,,,"✓ Buffer 6s",
1790445725.162,marker,gnss,52.38041000,-1.33804200,232.30,true,,
1790445725.162,marker,dr,52.38054733,-1.33510078,258.40,true,,
1790445725.163,marker,reconciled,0.00000000,0.00000000,0.00,false,,
1790445725.206,hud,speed,,,,,"19.6 / 19.0",19.550
1790445725.206,hud,heading,,,,,"102° / 128°",101.600
1790445725.207,hud,drift,,,,,"23.16%",23.160
1790445725.207,hud,turns,,,,,"✗ turns: 0/15",
1790445725.207,hud,calib_s,,,,,"✓ Buffer 6s",
1790445725.208,marker,gnss,52.38041000,-1.33804200,232.30,true,,
1790445725.208,marker,dr,52.38054398,-1.33507260,258.40,true,,
1790445725.209,marker,reconciled,0.00000000,0.00000000,0.00,false,,
1790445725.263,hud,speed,,,,,"19.6 / 19.0",19.630
1790445725.263,hud,heading,,,,,"102° / 128°",102.100
1790445725.264,hud,drift,,,,,"23.23%",23.230
1790445725.264,hud,turns,,,,,"✗ turns: 0/15",
1790445725.264,hud,calib_s,,,,,"✓ Buffer 6s",
1790445725.264,marker,gnss,52.38041000,-1.33804200,232.30,true,,
1790445725.265,marker,dr,52.38054058,-1.33504460,257.90,true,,
1790445725.265,marker,reconciled,0.00000000,0.00000000,0.00,false,,
1790445725.306,hud,speed,,,,,"19.9 / 19.0",19.920
1790445725.307,hud,heading,,,,,"103° / 128°",102.700
1790445725.307,hud,drift,,,,,"23.30%",23.300
1790445725.308,hud,turns,,,,,"✗ turns: 0/15",
1790445725.308,hud,calib_s,,,,,"✓ Buffer 6s",
1790445725.308,marker,gnss,52.38041000,-1.33804200,232.30,true,,
1790445725.309,marker,dr,52.38053704,-1.33501591,257.30,true,,
1790445725.309,marker,reconciled,0.00000000,0.00000000,0.00,false,,
1790445725.364,hud,speed,,,,,"20.0 / 19.0",20.020
1790445725.364,hud,heading,,,,,"103° / 128°",103.100
1790445725.365,hud,drift,,,,,"23.37%",23.370
1790445725.365,hud,turns,,,,,"✗ turns: 0/15",
1790445725.365,hud,calib_s,,,,,"✓ Buffer 6s",
1790445725.365,marker,gnss,52.38041000,-1.33804200,232.30,true,,
1790445725.366,marker,dr,52.38053338,-1.33498681,256.90,true,,
1790445725.366,marker,reconciled,0.00000000,0.00000000,0.00,false,,
1790445725.407,hud,speed,,,,,"19.9 / 19.0",19.890
1790445725.408,hud,heading,,,,,"103° / 128°",103.100
1790445725.408,hud,drift,,,,,"23.44%",23.440
1790445725.408,hud,turns,,,,,"✗ turns: 0/15",
1790445725.409,hud,calib_s,,,,,"✓ Buffer 6s",
1790445725.409,marker,gnss,52.38041000,-1.33804200,232.30,true,,
1790445725.410,marker,dr,52.38052972,-1.33495838,256.90,true,,
1790445725.410,marker,reconciled,0.00000000,0.00000000,0.00,false,,
1790445725.465,hud,speed,,,,,"19.9 / 19.0",19.880
1790445725.465,hud,heading,,,,,"103° / 128°",103.100
1790445725.466,hud,drift,,,,,"23.50%",23.500
1790445725.466,hud,turns,,,,,"✗ turns: 0/15",
1790445725.467,hud,calib_s,,,,,"✓ Buffer 6s",
1790445725.467,marker,gnss,52.38041000,-1.33804200,232.30,true,,
1790445725.467,marker,dr,52.38052590,-1.33492979,256.90,true,,
1790445725.468,marker,reconciled,0.00000000,0.00000000,0.00,false,,
1790445725.517,hud,speed,,,,,"20.0 / 19.0",20.010
1790445725.518,hud,heading,,,,,"103° / 128°",103.200
1790445725.518,hud,drift,,,,,"23.57%",23.570
1790445725.518,hud,turns,,,,,"✗ turns: 0/15",
1790445725.518,hud,calib_s,,,,,"✓ Buffer 6s",
1790445725.519,marker,gnss,52.38041000,-1.33804200,232.30,true,,
1790445725.519,marker,dr,52.38052194,-1.33490079,256.80,true,,
1790445725.520,marker,reconciled,0.00000000,0.00000000,0.00,false,,
1790445725.567,hud,speed,,,,,"19.9 / 19.0",19.940
1790445725.568,hud,heading,,,,,"103° / 128°",103.300
1790445725.568,hud,drift,,,,,"23.63%",23.630
1790445725.568,hud,turns,,,,,"✗ turns: 0/15",
1790445725.569,hud,calib_s,,,,,"✓ Buffer 6s",
1790445725.569,marker,gnss,52.38041000,-1.33804200,232.30,true,,
1790445725.570,marker,dr,52.38051794,-1.33487222,256.70,true,,
1790445725.570,marker,reconciled,0.00000000,0.00000000,0.00,false,,
1790445725.614,hud,speed,,,,,"20.0 / 19.0",19.950
1790445725.615,hud,heading,,,,,"103° / 128°",103.400
1790445725.615,hud,drift,,,,,"23.69%",23.690
1790445725.615,hud,turns,,,,,"✗ turns: 0/15",
1790445725.615,hud,calib_s,,,,,"✓ Buffer 6s",
1790445725.616,marker,gnss,52.38041000,-1.33804200,232.30,true,,
1790445725.616,marker,dr,52.38051386,-1.33484368,256.60,true,,
1790445725.617,marker,reconciled,0.00000000,0.00000000,0.00,false,,
1790445725.670,hud,speed,,,,,"19.9 / 19.0",19.850
1790445725.671,hud,heading,,,,,"103° / 128°",103.400
1790445725.671,hud,drift,,,,,"23.75%",23.750
1790445725.671,hud,turns,,,,,"✗ turns: 0/15",
1790445725.672,hud,calib_s,,,,,"✓ Buffer 6s",
1790445725.672,marker,gnss,52.38041000,-1.33804200,232.30,true,,
1790445725.672,marker,dr,52.38050974,-1.33481561,256.60,true,,
1790445725.673,marker,reconciled,0.00000000,0.00000000,0.00,false,,
1790445725.719,hud,speed,,,,,"19.9 / 19.0",19.870
1790445725.719,hud,heading,,,,,"103° / 128°",103.400
1790445725.719,hud,drift,,,,,"23.80%",23.800
1790445725.720,hud,turns,,,,,"✗ turns: 0/15",
1790445725.720,hud,calib_s,,,,,"✓ Buffer 6s",
1790445725.720,marker,gnss,52.38041000,-1.33804200,232.30,true,,
1790445725.721,marker,dr,52.38050552,-1.33478726,256.60,true,,
1790445725.721,marker,reconciled,0.00000000,0.00000000,0.00,false,,
1790445725.774,hud,speed,,,,,"19.8 / 19.0",19.780
1790445725.774,hud,heading,,,,,"104° / 128°",103.500
1790445725.775,hud,drift,,,,,"23.86%",23.860
1790445725.775,hud,turns,,,,,"✗ turns: 0/15",
1790445725.775,hud,calib_s,,,,,"✓ Buffer 6s",
1790445725.776,marker,gnss,52.38041000,-1.33804200,232.30,true,,
1790445725.776,marker,dr,52.38050123,-1.33475877,256.50,true,,
1790445725.777,marker,reconciled,0.00000000,0.00000000,0.00,false,,
1790445725.817,hud,speed,,,,,"19.7 / 19.0",19.690
1790445725.818,hud,heading,,,,,"104° / 128°",103.600
1790445725.819,hud,drift,,,,,"23.91%",23.910
1790445725.819,hud,turns,,,,,"✗ turns: 0/15",
1790445725.819,hud,calib_s,,,,,"✓ Buffer 6s",
1790445725.819,marker,gnss,52.38041000,-1.33804200,232.30,true,,
1790445725.820,marker,dr,52.38049698,-1.33473071,256.40,true,,
1790445725.820,marker,reconciled,0.00000000,0.00000000,0.00,false,,
1790445725.875,hud,speed,,,,,"19.8 / 19.0",19.750
1790445725.875,hud,heading,,,,,"104° / 128°",103.800
1790445725.875,hud,drift,,,,,"23.97%",23.970
1790445725.876,hud,turns,,,,,"✗ turns: 0/15",
1790445725.876,hud,calib_s,,,,,"✓ Buffer 6s",
1790445725.876,marker,gnss,52.38041000,-1.33804200,232.30,true,,
1790445725.877,marker,dr,52.38049275,-1.33470285,256.20,true,,
1790445725.877,marker,reconciled,0.00000000,0.00000000,0.00,false,,
1790445725.919,hud,speed,,,,,"19.7 / 19.0",19.650
1790445725.919,hud,heading,,,,,"104° / 128°",103.900
1790445725.919,hud,drift,,,,,"24.02%",24.020
1790445725.920,hud,turns,,,,,"✗ turns: 0/15",
1790445725.920,hud,calib_s,,,,,"✓ Buffer 6s",
1790445725.920,marker,gnss,52.38041000,-1.33804200,232.30,true,,
1790445725.921,marker,dr,52.38048845,-1.33467456,256.10,true,,
1790445725.921,marker,reconciled,0.00000000,0.00000000,0.00,false,,
1790445725.973,hud,speed,,,,,"19.5 / 19.0",19.540
1790445725.973,hud,heading,,,,,"104° / 128°",103.800
1790445725.973,hud,drift,,,,,"24.07%",24.070
1790445725.974,hud,turns,,,,,"✗ turns: 0/15",
1790445725.974,hud,calib_s,,,,,"✓ Buffer 6s",
1790445725.975,marker,gnss,52.38041000,-1.33804200,232.30,true,,
1790445725.976,marker,dr,52.38048426,-1.33464700,256.20,true,,
1790445725.976,marker,reconciled,0.00000000,0.00000000,0.00,false,,
1790445726.024,hud,speed,,,,,"19.4 / 19.0",19.380
1790445726.024,hud,heading,,,,,"104° / 128°",103.500
1790445726.025,hud,drift,,,,,"24.12%",24.120
1790445726.025,hud,turns,,,,,"✗ turns: 0/15",
1790445726.025,hud,calib_s,,,,,"✓ Buffer 6s",
1790445726.025,marker,gnss,52.38041000,-1.33804200,232.30,true,,
1790445726.026,marker,dr,52.38047999,-1.33461912,256.50,true,,
1790445726.027,marker,reconciled,0.00000000,0.00000000,0.00,false,,
1790445726.077,hud,speed,,,,,"19.3 / 19.0",19.330
1790445726.077,hud,heading,,,,,"103° / 128°",103.400
1790445726.078,hud,drift,,,,,"24.16%",24.160
1790445726.078,hud,turns,,,,,"✗ turns: 0/15",
1790445726.078,hud,calib_s,,,,,"✓ Buffer 6s",
1790445726.078,marker,gnss,52.38041000,-1.33804200,232.30,true,,
1790445726.079,marker,dr,52.38047580,-1.33459187,256.60,true,,
1790445726.079,marker,reconciled,0.00000000,0.00000000,0.00,false,,
1790445726.125,hud,speed,,,,,"19.1 / 19.0",19.120
1790445726.126,hud,heading,,,,,"104° / 128°",103.500
1790445726.126,hud,drift,,,,,"24.21%",24.210
1790445726.127,hud,turns,,,,,"✗ turns: 0/15",
1790445726.127,hud,calib_s,,,,,"✓ Buffer 6s",
1790445726.127,marker,gnss,52.38041000,-1.33804200,232.30,true,,
1790445726.128,marker,dr,52.38047159,-1.33456436,256.50,true,,
1790445726.128,marker,reconciled,0.00000000,0.00000000,0.00,false,,
1790445726.179,hud,speed,,,,,"19.1 / 19.0",19.070
1790445726.180,hud,heading,,,,,"103° / 128°",103.400
1790445726.180,hud,drift,,,,,"24.26%",24.260
1790445726.180,hud,turns,,,,,"✗ turns: 0/15",
1790445726.180,hud,calib_s,,,,,"✓ Buffer 6s",
1790445726.181,marker,gnss,52.38041000,-1.33804200,232.30,true,,
1790445726.181,marker,dr,52.38046753,-1.33453745,256.60,true,,
1790445726.182,marker,reconciled,0.00000000,0.00000000,0.00,false,,
1790445726.224,hud,speed,,,,,"19.0 / 19.0",18.990
1790445726.225,hud,heading,,,,,"103° / 128°",103.000
1790445726.225,hud,drift,,,,,"24.30%",24.300
1790445726.225,hud,turns,,,,,"✗ turns: 0/15",
1790445726.225,hud,calib_s,,,,,"✓ Buffer 6s",
1790445726.226,marker,gnss,52.38041000,-1.33804200,232.30,true,,
1790445726.226,marker,dr,52.38046349,-1.33451035,257.00,true,,
1790445726.227,marker,reconciled,0.00000000,0.00000000,0.00,false,,
1790445726.287,hud,speed,,,,,"19.0 / 17.4",18.950
1790445726.287,hud,heading,,,,,"103° / 116°",102.700
1790445726.287,hud,drift,,,,,"24.37%",24.370
1790445726.287,hud,turns,,,,,"✗ turns: 0/15",
1790445726.288,hud,calib_s,,,,,"✓ Buffer 6s",
1790445726.288,marker,gnss,52.37950500,-1.33613800,244.40,true,,
1790445726.288,marker,dr,52.38045943,-1.33448304,257.30,true,,
1790445726.289,marker,reconciled,0.00000000,0.00000000,0.00,false,,
1790445726.326,hud,speed,,,,,"18.9 / 17.4",18.920
1790445726.327,hud,heading,,,,,"103° / 116°",102.500
1790445726.327,hud,drift,,,,,"24.37%",24.370
1790445726.327,hud,turns,,,,,"✗ turns: 0/15",
1790445726.327,hud,calib_s,,,,,"✓ Buffer 6s",
1790445726.328,marker,gnss,52.37950500,-1.33613800,244.40,true,,
1790445726.328,marker,dr,52.38045543,-1.33445601,257.50,true,,
1790445726.328,marker,reconciled,0.00000000,0.00000000,0.00,false,,
1790445726.382,hud,speed,,,,,"18.9 / 17.4",18.930
1790445726.382,hud,heading,,,,,"102° / 116°",102.400
1790445726.383,hud,drift,,,,,"24.37%",24.370
1790445726.383,hud,turns,,,,,"✗ turns: 0/15",
1790445726.383,hud,calib_s,,,,,"✓ Buffer 6s",
1790445726.383,marker,gnss,52.37950500,-1.33613800,244.40,true,,
1790445726.384,marker,dr,52.38045148,-1.33442922,257.60,true,,
1790445726.384,marker,reconciled,0.00000000,0.00000000,0.00,false,,
1790445726.429,hud,speed,,,,,"19.0 / 17.4",18.950
1790445726.430,hud,heading,,,,,"102° / 116°",102.100
1790445726.430,hud,drift,,,,,"24.37%",24.370
1790445726.430,hud,turns,,,,,"✗ turns: 0/15",
1790445726.431,hud,calib_s,,,,,"✓ Buffer 6s",
1790445726.431,marker,gnss,52.37950500,-1.33613800,244.40,true,,
1790445726.431,marker,dr,52.38044764,-1.33440210,257.90,true,,
1790445726.432,marker,reconciled,0.00000000,0.00000000,0.00,false,,
1790445726.485,hud,speed,,,,,"19.0 / 17.4",19.020
1790445726.485,hud,heading,,,,,"102° / 116°",101.900
1790445726.486,hud,drift,,,,,"24.37%",24.370
1790445726.486,hud,turns,,,,,"✗ turns: 0/15",
1790445726.486,hud,calib_s,,,,,"✓ Buffer 6s",
1790445726.487,marker,gnss,52.37950500,-1.33613800,244.40,true,,
1790445726.487,marker,dr,52.38044381,-1.33437457,258.10,true,,
1790445726.488,marker,reconciled,0.00000000,0.00000000,0.00,false,,
1790445726.534,hud,speed,,,,,"19.1 / 17.4",19.110
1790445726.535,hud,heading,,,,,"102° / 116°",101.700
1790445726.535,hud,drift,,,,,"24.38%",24.380
1790445726.535,hud,turns,,,,,"✗ turns: 0/15",
1790445726.536,hud,calib_s,,,,,"✓ Buffer 6s",
1790445726.536,marker,gnss,52.37950500,-1.33613800,244.40,true,,
1790445726.536,marker,dr,52.38044007,-1.33434716,258.30,true,,
1790445726.537,marker,reconciled,0.00000000,0.00000000,0.00,false,,
1790445726.586,hud,speed,,,,,"19.2 / 17.4",19.230
1790445726.587,hud,heading,,,,,"101° / 116°",101.400
1790445726.587,hud,drift,,,,,"24.39%",24.390
1790445726.587,hud,turns,,,,,"✗ turns: 0/15",
1790445726.588,hud,calib_s,,,,,"✓ Buffer 6s",
1790445726.588,marker,gnss,52.37950500,-1.33613800,244.40,true,,
1790445726.590,marker,dr,52.38043636,-1.33431986,258.60,true,,
1790445726.590,marker,reconciled,0.00000000,0.00000000,0.00,false,,
1790445726.636,hud,speed,,,,,"19.3 / 17.4",19.320
1790445726.637,hud,heading,,,,,"101° / 116°",100.700
1790445726.637,hud,drift,,,,,"24.39%",24.390
1790445726.637,hud,turns,,,,,"✗ turns: 0/15",
1790445726.637,hud,calib_s,,,,,"✓ Buffer 6s",
1790445726.638,marker,gnss,52.37950500,-1.33613800,244.40,true,,
1790445726.638,marker,dr,52.38043263,-1.33429184,259.30,true,,
1790445726.639,marker,reconciled,0.00000000,0.00000000,0.00,false,,
1790445726.689,hud,speed,,,,,"19.3 / 17.4",19.280
1790445726.690,hud,heading,,,,,"101° / 116°",100.600
1790445726.690,hud,drift,,,,,"24.40%",24.400
1790445726.690,hud,turns,,,,,"✗ turns: 0/15",
1790445726.691,hud,calib_s,,,,,"✓ Buffer 6s",
1790445726.691,marker,gnss,52.37950500,-1.33613800,244.40,true,,
1790445726.691,marker,dr,52.38042899,-1.33426437,259.40,true,,
1790445726.692,marker,reconciled,0.00000000,0.00000000,0.00,false,,
1790445726.736,hud,speed,,,,,"19.3 / 17.4",19.300
1790445726.736,hud,heading,,,,,"100° / 116°",100.400
1790445726.736,hud,drift,,,,,"24.41%",24.410
1790445726.737,hud,turns,,,,,"✗ turns: 0/15",
1790445726.737,hud,calib_s,,,,,"✓ Buffer 6s",
1790445726.737,marker,gnss,52.37950500,-1.33613800,244.40,true,,
1790445726.738,marker,dr,52.38042534,-1.33423652,259.60,true,,
1790445726.738,marker,reconciled,0.00000000,0.00000000,0.00,false,,
1790445726.790,hud,speed,,,,,"19.4 / 17.4",19.430
1790445726.790,hud,heading,,,,,"100° / 116°",100.300
1790445726.791,hud,drift,,,,,"24.42%",24.420
1790445726.791,hud,turns,,,,,"✗ turns: 0/15",
1790445726.791,hud,calib_s,,,,,"✓ Buffer 6s",
1790445726.791,marker,gnss,52.37950500,-1.33613800,244.40,true,,
1790445726.792,marker,dr,52.38042171,-1.33420823,259.70,true,,
1790445726.792,marker,reconciled,0.00000000,0.00000000,0.00,false,,
1790445726.837,hud,speed,,,,,"19.5 / 17.4",19.500
1790445726.837,hud,heading,,,,,"100° / 116°",100.000
1790445726.837,hud,drift,,,,,"24.43%",24.430
1790445726.837,hud,turns,,,,,"✗ turns: 0/15",
1790445726.838,hud,calib_s,,,,,"✓ Buffer 6s",
1790445726.838,marker,gnss,52.37950500,-1.33613800,244.40,true,,
1790445726.839,marker,dr,52.38041820,-1.33418013,260.00,true,,
1790445726.839,marker,reconciled,0.00000000,0.00000000,0.00,false,,
1790445726.892,hud,speed,,,,,"19.5 / 17.4",19.460
1790445726.892,hud,heading,,,,,"100° / 116°",99.900
1790445726.892,hud,drift,,,,,"24.45%",24.450
1790445726.893,hud,turns,,,,,"✗ turns: 0/15",
1790445726.893,hud,calib_s,,,,,"✓ Buffer 6s",
1790445726.893,marker,gnss,52.37950500,-1.33613800,244.40,true,,
1790445726.893,marker,dr,52.38041471,-1.33415203,260.10,true,,
1790445726.894,marker,reconciled,0.00000000,0.00000000,0.00,false,,
1790445726.939,hud,speed,,,,,"19.4 / 17.4",19.440
1790445726.939,hud,heading,,,,,"100° / 116°",99.800
1790445726.939,hud,drift,,,,,"24.46%",24.460
1790445726.940,hud,turns,,,,,"✗ turns: 0/15",
1790445726.940,hud,calib_s,,,,,"✓ Buffer 6s",
1790445726.940,marker,gnss,52.37950500,-1.33613800,244.40,true,,
1790445726.941,marker,dr,52.38041132,-1.33412394,260.20,true,,
1790445726.941,marker,reconciled,0.00000000,0.00000000,0.00,false,,
1790445726.993,hud,speed,,,,,"19.3 / 17.4",19.330
1790445726.994,hud,heading,,,,,"100° / 116°",99.900
1790445726.994,hud,drift,,,,,"24.47%",24.470
1790445726.995,hud,turns,,,,,"✗ turns: 0/15",
1790445726.995,hud,calib_s,,,,,"✓ Buffer 6s",
1790445726.995,marker,gnss,52.37950500,-1.33613800,244.40,true,,
1790445726.996,marker,dr,52.38040796,-1.33409599,260.10,true,,
1790445726.996,marker,reconciled,0.00000000,0.00000000,0.00,false,,
1790445727.042,hud,speed,,,,,"19.3 / 17.4",19.280
1790445727.042,hud,heading,,,,,"100° / 116°",99.900
1790445727.043,hud,drift,,,,,"24.49%",24.490
1790445727.043,hud,turns,,,,,"✗ turns: 0/15",
1790445727.043,hud,calib_s,,,,,"✓ Buffer 6s",
1790445727.044,marker,gnss,52.37950500,-1.33613800,244.40,true,,
1790445727.044,marker,dr,52.38040470,-1.33406814,260.10,true,,
1790445727.044,marker,reconciled,0.00000000,0.00000000,0.00,false,,
1790445727.096,hud,speed,,,,,"19.3 / 17.4",19.250
1790445727.096,hud,heading,,,,,"100° / 116°",100.100
1790445727.096,hud,drift,,,,,"24.50%",24.500
1790445727.096,hud,turns,,,,,"✗ turns: 0/15",
1790445727.097,hud,calib_s,,,,,"✓ Buffer 6s",
1790445727.097,marker,gnss,52.37950500,-1.33613800,244.40,true,,
1790445727.097,marker,dr,52.38040153,-1.33404005,259.90,true,,
1790445727.098,marker,reconciled,0.00000000,0.00000000,0.00,false,,
1790445727.144,hud,speed,,,,,"19.2 / 17.4",19.230
1790445727.144,hud,heading,,,,,"100° / 116°",100.400
1790445727.144,hud,drift,,,,,"24.51%",24.510
1790445727.145,hud,turns,,,,,"✗ turns: 0/15",
1790445727.145,hud,calib_s,,,,,"✓ Buffer 6s",
1790445727.145,marker,gnss,52.37950500,-1.33613800,244.40,true,,
1790445727.146,marker,dr,52.38039856,-1.33401281,259.60,true,,
1790445727.146,marker,reconciled,0.00000000,0.00000000,0.00,false,,
1790445727.198,hud,speed,,,,,"19.1 / 17.4",19.120
1790445727.199,hud,heading,,,,,"101° / 116°",100.500
1790445727.199,hud,drift,,,,,"24.53%",24.530
1790445727.199,hud,turns,,,,,"✗ turns: 0/15",
1790445727.200,hud,calib_s,,,,,"✓ Buffer 6s",
1790445727.200,marker,gnss,52.37950500,-1.33613800,244.40,true,,
1790445727.201,marker,dr,52.38039564,-1.33398489,259.50,true,,
1790445727.202,marker,reconciled,0.00000000,0.00000000,0.00,false,,
1790445727.246,hud,speed,,,,,"18.9 / 17.4",18.920
1790445727.246,hud,heading,,,,,"100° / 116°",100.400
1790445727.247,hud,drift,,,,,"24.55%",24.550
1790445727.247,hud,turns,,,,,"✗ turns: 0/15",
1790445727.247,hud,calib_s,,,,,"✓ Buffer 6s",
1790445727.248,marker,gnss,52.37950500,-1.33613800,244.40,true,,
1790445727.248,marker,dr,52.38039294,-1.33395777,259.60,true,,
1790445727.249,marker,reconciled,0.00000000,0.00000000,0.00,false,,
1790445727.301,hud,speed,,,,,"18.8 / 17.4",18.830
1790445727.301,hud,heading,,,,,"101° / 116°",100.600
1790445727.301,hud,drift,,,,,"24.56%",24.560
1790445727.302,hud,turns,,,,,"✗ turns: 0/15",
1790445727.302,hud,calib_s,,,,,"✓ Buffer 6s",
1790445727.302,marker,gnss,52.37950500,-1.33613800,244.40,true,,
1790445727.303,marker,dr,52.38039034,-1.33393046,259.40,true,,
1790445727.303,marker,reconciled,0.00000000,0.00000000,0.00,false,,
1790445727.344,hud,speed,,,,,"18.7 / 17.4",18.720
1790445727.345,hud,heading,,,,,"101° / 116°",100.500
1790445727.345,hud,drift,,,,,"24.58%",24.580
1790445727.346,hud,turns,,,,,"✗ turns: 0/15",
1790445727.346,hud,calib_s,,,,,"✓ Buffer 6s",
1790445727.347,marker,gnss,52.37950500,-1.33613800,244.40,true,,
1790445727.348,marker,dr,52.38038777,-1.33390305,259.50,true,,
1790445727.348,marker,reconciled,0.00000000,0.00000000,0.00,false,,
1790445727.400,hud,speed,,,,,"18.7 / 17.4",18.650
1790445727.401,hud,heading,,,,,"100° / 116°",100.400
1790445727.401,hud,drift,,,,,"24.59%",24.590
1790445727.401,hud,turns,,,,,"✗ turns: 0/15",
1790445727.402,hud,calib_s,,,,,"✓ Buffer 6s",
1790445727.402,marker,gnss,52.37950500,-1.33613800,244.40,true,,
1790445727.403,marker,dr,52.38038526,-1.33387628,259.60,true,,
1790445727.403,marker,reconciled,0.00000000,0.00000000,0.00,false,,
1790445727.445,hud,speed,,,,,"18.5 / 17.4",18.520
1790445727.445,hud,heading,,,,,"101° / 116°",100.600
1790445727.446,hud,drift,,,,,"24.61%",24.610
1790445727.446,hud,turns,,,,,"✗ turns: 0/15",
1790445727.446,hud,calib_s,,,,,"✓ Buffer 6s",
1790445727.447,marker,gnss,52.37950500,-1.33613800,244.40,true,,
1790445727.448,marker,dr,52.38038272,-1.33384912,259.40,true,,
1790445727.448,marker,reconciled,0.00000000,0.00000000,0.00,false,,
1790445727.503,hud,speed,,,,,"18.4 / 17.4",18.360
1790445727.503,hud,heading,,,,,"100° / 116°",100.300
1790445727.503,hud,drift,,,,,"24.62%",24.620
1790445727.504,hud,turns,,,,,"✗ turns: 0/15",
1790445727.504,hud,calib_s,,,,,"✓ Buffer 6s",
1790445727.504,marker,gnss,52.37950500,-1.33613800,244.40,true,,
1790445727.505,marker,dr,52.38038039,-1.33382244,259.70,true,,
1790445727.505,marker,reconciled,0.00000000,0.00000000,0.00,false,,
1790445727.553,hud,speed,,,,,"18.3 / 17.4",18.290
1790445727.553,hud,heading,,,,,"100° / 116°",100.400
1790445727.553,hud,drift,,,,,"24.64%",24.640
1790445727.554,hud,turns,,,,,"✗ turns: 0/15",
1790445727.554,hud,calib_s,,,,,"✓ Buffer 6s",
1790445727.555,marker,gnss,52.37950500,-1.33613800,244.40,true,,
1790445727.555,marker,dr,52.38037824,-1.33379610,259.60,true,,
1790445727.555,marker,reconciled,0.00000000,0.00000000,0.00,false,,
1790445727.607,hud,speed,,,,,"18.1 / 17.4",18.140
1790445727.607,hud,heading,,,,,"101° / 116°",100.600
1790445727.607,hud,drift,,,,,"24.65%",24.650
1790445727.608,hud,turns,,,,,"✗ turns: 0/15",
1790445727.608,hud,calib_s,,,,,"✓ Buffer 6s",
1790445727.608,marker,gnss,52.37950500,-1.33613800,244.40,true,,
1790445727.609,marker,dr,52.38037617,-1.33376966,259.40,true,,
1790445727.609,marker,reconciled,0.00000000,0.00000000,0.00,false,,
1790445727.653,hud,speed,,,,,"18.1 / 17.4",18.060
1790445727.653,hud,heading,,,,,"100° / 116°",100.400
1790445727.654,hud,drift,,,,,"24.67%",24.670
1790445727.654,hud,turns,,,,,"✗ turns: 0/15",
1790445727.654,hud,calib_s,,,,,"✓ Buffer 6s",
1790445727.655,marker,gnss,52.37950500,-1.33613800,244.40,true,,
1790445727.655,marker,dr,52.38037413,-1.33374310,259.60,true,,
1790445727.655,marker,reconciled,0.00000000,0.00000000,0.00,false,,
1790445727.709,hud,speed,,,,,"18.0 / 17.4",17.990
1790445727.709,hud,heading,,,,,"100° / 116°",100.200
1790445727.710,hud,drift,,,,,"24.68%",24.680
1790445727.710,hud,turns,,,,,"✗ turns: 0/15",
1790445727.710,hud,calib_s,,,,,"✓ Buffer 6s",
1790445727.711,marker,gnss,52.37950500,-1.33613800,244.40,true,,
1790445727.711,marker,dr,52.38037222,-1.33371717,259.80,true,,
1790445727.712,marker,reconciled,0.00000000,0.00000000,0.00,false,,
1790445727.755,hud,speed,,,,,"17.9 / 17.4",17.900
1790445727.756,hud,heading,,,,,"100° / 116°",100.300
1790445727.756,hud,drift,,,,,"24.70%",24.700
1790445727.756,hud,turns,,,,,"✗ turns: 0/15",
1790445727.756,hud,calib_s,,,,,"✓ Buffer 6s",
1790445727.757,marker,gnss,52.37950500,-1.33613800,244.40,true,,
1790445727.757,marker,dr,52.38037029,-1.33369058,259.70,true,,
1790445727.758,marker,reconciled,0.00000000,0.00000000,0.00,false,,
1790445727.811,hud,speed,,,,,"17.8 / 17.4",17.840
1790445727.812,hud,heading,,,,,"100° / 116°",100.300
1790445727.812,hud,drift,,,,,"24.71%",24.710
1790445727.812,hud,turns,,,,,"✗ turns: 0/15",
1790445727.813,hud,calib_s,,,,,"✓ Buffer 6s",
1790445727.813,marker,gnss,52.37950500,-1.33613800,244.40,true,,
1790445727.814,marker,dr,52.38036843,-1.33366486,259.70,true,,
1790445727.814,marker,reconciled,0.00000000,0.00000000,0.00,false,,
1790445727.876,hud,speed,,,,,"17.8 / 17.4",17.770
1790445727.876,hud,heading,,,,,"101° / 116°",100.600
1790445727.877,hud,drift,,,,,"24.73%",24.730
1790445727.877,hud,turns,,,,,"✗ turns: 0/15",
1790445727.878,hud,calib_s,,,,,"✓ Buffer 6s",
1790445727.878,marker,gnss,52.37950500,-1.33613800,244.40,true,,
1790445727.879,marker,dr,52.38036653,-1.33363921,259.40,true,,
1790445727.880,marker,reconciled,0.00000000,0.00000000,0.00,false,,
1790445727.932,hud,speed,,,,,"17.7 / 17.4",17.690
1790445727.932,hud,heading,,,,,"101° / 116°",100.800
1790445727.933,hud,drift,,,,,"24.74%",24.740
1790445727.933,hud,turns,,,,,"✗ turns: 0/15",
1790445727.933,hud,calib_s,,,,,"✓ Buffer 6s",
1790445727.934,marker,gnss,52.37950500,-1.33613800,244.40,true,,
1790445727.935,marker,dr,52.38036475,-1.33361310,259.20,true,,
1790445727.935,marker,reconciled,0.00000000,0.00000000,0.00,false,,
1790445727.991,hud,speed,,,,,"17.5 / 17.4",17.530
1790445727.992,hud,heading,,,,,"101° / 116°",101.200
1790445727.993,hud,drift,,,,,"24.75%",24.750
1790445727.993,hud,turns,,,,,"✗ turns: 0/15",
1790445727.994,hud,calib_s,,,,,"✓ Buffer 6s",
1790445727.995,marker,gnss,52.37950500,-1.33613800,244.40,true,,
1790445727.995,marker,dr,52.38036301,-1.33358774,258.80,true,,
1790445727.996,marker,reconciled,0.00000000,0.00000000,0.00,false,,
1790445728.047,hud,speed,,,,,"17.4 / 17.4",17.430
1790445728.048,hud,heading,,,,,"101° / 116°",100.800
1790445728.049,hud,drift,,,,,"24.77%",24.770
1790445728.050,hud,turns,,,,,"✗ turns: 0/15",
1790445728.050,hud,calib_s,,,,,"✓ Buffer 6s",
1790445728.051,marker,gnss,52.37950500,-1.33613800,244.40,true,,
1790445728.052,marker,dr,52.38036138,-1.33356227,259.20,true,,
1790445728.052,marker,reconciled,0.00000000,0.00000000,0.00,false,,
1790445728.081,hud,speed,,,,,"17.4 / 17.4",17.400
1790445728.082,hud,heading,,,,,"100° / 116°",100.400
1790445728.082,hud,drift,,,,,"24.78%",24.780
1790445728.082,hud,turns,,,,,"✗ turns: 0/15",
1790445728.083,hud,calib_s,,,,,"✓ Buffer 6s",
1790445728.083,marker,gnss,52.37950500,-1.33613800,244.40,true,,
1790445728.083,marker,dr,52.38035978,-1.33353686,259.60,true,,
1790445728.084,marker,reconciled,0.00000000,0.00000000,0.00,false,,
1790445728.115,hud,speed,,,,,"17.4 / 17.4",17.420
1790445728.116,hud,heading,,,,,"101° / 116°",100.500
1790445728.116,hud,drift,,,,,"24.80%",24.800
1790445728.116,hud,turns,,,,,"✗ turns: 0/15",
1790445728.116,hud,calib_s,,,,,"✓ Buffer 6s",
1790445728.117,marker,gnss,52.37950500,-1.33613800,244.40,true,,
1790445728.117,marker,dr,52.38035825,-1.33351139,259.50,true,,
1790445728.117,marker,reconciled,0.00000000,0.00000000,0.00,false,,
1790445728.168,hud,speed,,,,,"17.4 / 17.4",17.370
1790445728.168,hud,heading,,,,,"100° / 116°",100.100
1790445728.168,hud,drift,,,,,"24.81%",24.810
1790445728.168,hud,turns,,,,,"✗ turns: 0/15",
1790445728.169,hud,calib_s,,,,,"✓ Buffer 6s",
1790445728.169,marker,gnss,52.37950500,-1.33613800,244.40,true,,
1790445728.169,marker,dr,52.38035662,-1.33348603,259.90,true,,
1790445728.170,marker,reconciled,0.00000000,0.00000000,0.00,false,,
1790445728.228,hud,speed,,,,,"17.4 / 17.4",17.430
1790445728.229,hud,heading,,,,,"100° / 116°",99.800
1790445728.229,hud,drift,,,,,"24.82%",24.820
1790445728.229,hud,turns,,,,,"✗ turns: 0/15",
1790445728.230,hud,calib_s,,,,,"✓ Buffer 6s",
1790445728.230,marker,gnss,52.37950500,-1.33613800,244.40,true,,
1790445728.231,marker,dr,52.38035509,-1.33346059,260.20,true,,
1790445728.231,marker,reconciled,0.00000000,0.00000000,0.00,false,,
1790445728.272,hud,speed,,,,,"17.5 / 17.4",17.540
1790445728.273,hud,heading,,,,,"100° / 116°",99.700
1790445728.273,hud,drift,,,,,"24.84%",24.840
1790445728.273,hud,turns,,,,,"✗ turns: 0/15",
1790445728.273,hud,calib_s,,,,,"✓ Buffer 6s",
1790445728.274,marker,gnss,52.37950500,-1.33613800,244.40,true,,
1790445728.274,marker,dr,52.38035361,-1.33343482,260.30,true,,
1790445728.275,marker,reconciled,0.00000000,0.00000000,0.00,false,,
1790445728.323,hud,speed,,,,,"17.6 / 17.4",17.610
1790445728.323,hud,heading,,,,,"100° / 116°",99.700
1790445728.324,hud,drift,,,,,"24.86%",24.860
1790445728.324,hud,turns,,,,,"✗ turns: 0/15",
1790445728.324,hud,calib_s,,,,,"✓ Buffer 6s",
1790445728.324,marker,gnss,52.37950500,-1.33613800,244.40,true,,
1790445728.325,marker,dr,52.38035210,-1.33340949,260.30,true,,
1790445728.325,marker,reconciled,0.00000000,0.00000000,0.00,false,,
1790445728.368,hud,speed,,,,,"17.6 / 17.4",17.580
1790445728.369,hud,heading,,,,,"100° / 116°",99.600
1790445728.369,hud,drift,,,,,"24.87%",24.870
1790445728.369,hud,turns,,,,,"✗ turns: 0/15",
1790445728.369,hud,calib_s,,,,,"✓ Buffer 6s",
1790445728.370,marker,gnss,52.37950500,-1.33613800,244.40,true,,
1790445728.370,marker,dr,52.38035040,-1.33338363,260.40,true,,
1790445728.370,marker,reconciled,0.00000000,0.00000000,0.00,false,,
1790445728.423,hud,speed,,,,,"17.6 / 17.4",17.580
1790445728.423,hud,heading,,,,,"100° / 116°",99.700
1790445728.423,hud,drift,,,,,"24.88%",24.880
1790445728.423,hud,turns,,,,,"✗ turns: 0/15",
1790445728.424,hud,calib_s,,,,,"✓ Buffer 6s",
1790445728.424,marker,gnss,52.37950500,-1.33613800,244.40,true,,
1790445728.424,marker,dr,52.38034878,-1.33335828,260.30,true,,
1790445728.425,marker,reconciled,0.00000000,0.00000000,0.00,false,,
1790445728.472,hud,speed,,,,,"17.6 / 17.4",17.550
1790445728.472,hud,heading,,,,,"100° / 116°",99.800
1790445728.472,hud,drift,,,,,"24.90%",24.900
1790445728.473,hud,turns,,,,,"✗ turns: 0/15",
1790445728.473,hud,calib_s,,,,,"✓ Buffer 6s",
1790445728.473,marker,gnss,52.37950500,-1.33613800,244.40,true,,
1790445728.474,marker,dr,52.38034709,-1.33333268,260.20,true,,
1790445728.474,marker,reconciled,0.00000000,0.00000000,0.00,false,,
1790445728.526,hud,speed,,,,,"17.5 / 17.4",17.510
1790445728.526,hud,heading,,,,,"100° / 116°",99.900
1790445728.526,hud,drift,,,,,"24.91%",24.910
1790445728.527,hud,turns,,,,,"✗ turns: 0/15",
1790445728.527,hud,calib_s,,,,,"✓ Buffer 6s",
1790445728.527,marker,gnss,52.37950500,-1.33613800,244.40,true,,
1790445728.528,marker,dr,52.38034544,-1.33330713,260.10,true,,
1790445728.528,marker,reconciled,0.00000000,0.00000000,0.00,false,,
1790445728.574,hud,speed,,,,,"17.5 / 17.4",17.470
1790445728.575,hud,heading,,,,,"100° / 116°",99.900
1790445728.575,hud,drift,,,,,"24.93%",24.930
1790445728.575,hud,turns,,,,,"✗ turns: 0/15",
1790445728.576,hud,calib_s,,,,,"✓ Buffer 6s",
1790445728.576,marker,gnss,52.37950500,-1.33613800,244.40,true,,
1790445728.577,marker,dr,52.38034374,-1.33328163,260.10,true,,
1790445728.577,marker,reconciled,0.00000000,0.00000000,0.00,false,,
1790445728.626,hud,speed,,,,,"17.5 / 17.4",17.450
1790445728.626,hud,heading,,,,,"100° / 116°",100.000
1790445728.627,hud,drift,,,,,"24.94%",24.940
1790445728.627,hud,turns,,,,,"✗ turns: 0/15",
1790445728.627,hud,calib_s,,,,,"✓ Buffer 6s",
1790445728.627,marker,gnss,52.37950500,-1.33613800,244.40,true,,
1790445728.628,marker,dr,52.38034200,-1.33325616,260.00,true,,
1790445728.628,marker,reconciled,0.00000000,0.00000000,0.00,false,,
1790445728.677,hud,speed,,,,,"17.4 / 17.4",17.350
1790445728.678,hud,heading,,,,,"100° / 116°",100.200
1790445728.678,hud,drift,,,,,"24.95%",24.950
1790445728.678,hud,turns,,,,,"✗ turns: 0/15",
1790445728.678,hud,calib_s,,,,,"✓ Buffer 6s",
1790445728.679,marker,gnss,52.37950500,-1.33613800,244.40,true,,
1790445728.679,marker,dr,52.38034020,-1.33323083,259.80,true,,
1790445728.679,marker,reconciled,0.00000000,0.00000000,0.00,false,,
1790445728.730,hud,speed,,,,,"17.2 / 17.4",17.180
1790445728.731,hud,heading,,,,,"100° / 116°",100.300
1790445728.731,hud,drift,,,,,"24.96%",24.960
1790445728.731,hud,turns,,,,,"✗ turns: 0/15",
1790445728.731,hud,calib_s,,,,,"✓ Buffer 6s",
1790445728.732,marker,gnss,52.37950500,-1.33613800,244.40,true,,
1790445728.732,marker,dr,52.38033845,-1.33320572,259.70,true,,
1790445728.733,marker,reconciled,0.00000000,0.00000000,0.00,false,,
1790445728.780,hud,speed,,,,,"17.0 / 17.4",17.040
1790445728.780,hud,heading,,,,,"101° / 116°",100.500
1790445728.780,hud,drift,,,,,"24.97%",24.970
1790445728.781,hud,turns,,,,,"✗ turns: 0/15",
1790445728.781,hud,calib_s,,,,,"✓ Buffer 6s",
1790445728.781,marker,gnss,52.37950500,-1.33613800,244.40,true,,
1790445728.782,marker,dr,52.38033664,-1.33318055,259.50,true,,
1790445728.782,marker,reconciled,0.00000000,0.00000000,0.00,false,,
1790445728.834,hud,speed,,,,,"16.8 / 17.4",16.830
1790445728.835,hud,heading,,,,,"101° / 116°",100.500
1790445728.835,hud,drift,,,,,"24.97%",24.970
1790445728.835,hud,turns,,,,,"✗ turns: 0/15",
1790445728.836,hud,calib_s,,,,,"✓ Buffer 6s",
1790445728.836,marker,gnss,52.37950500,-1.33613800,244.40,true,,
1790445728.837,marker,dr,52.38033484,-1.33315589,259.50,true,,
1790445728.837,marker,reconciled,0.00000000,0.00000000,0.00,false,,
1790445728.880,hud,speed,,,,,"16.7 / 17.4",16.690
1790445728.880,hud,heading,,,,,"101° / 116°",100.500
1790445728.881,hud,drift,,,,,"24.98%",24.980
1790445728.881,hud,turns,,,,,"✗ turns: 0/15",
1790445728.881,hud,calib_s,,,,,"✓ Buffer 6s",
1790445728.881,marker,gnss,52.37950500,-1.33613800,244.40,true,,
1790445728.882,marker,dr,52.38033295,-1.33313174,259.50,true,,
1790445728.882,marker,reconciled,0.00000000,0.00000000,0.00,false,,
1790445728.933,hud,speed,,,,,"16.6 / 17.4",16.570
1790445728.933,hud,heading,,,,,"101° / 116°",100.600
1790445728.934,hud,drift,,,,,"24.98%",24.980
1790445728.934,hud,turns,,,,,"✗ turns: 0/15",
1790445728.934,hud,calib_s,,,,,"✓ Buffer 6s",
1790445728.935,marker,gnss,52.37950500,-1.33613800,244.40,true,,
1790445728.935,marker,dr,52.38033093,-1.33310734,259.40,true,,
1790445728.935,marker,reconciled,0.00000000,0.00000000,0.00,false,,
1790445728.982,hud,speed,,,,,"16.5 / 17.4",16.450
1790445728.983,hud,heading,,,,,"101° / 116°",100.900
1790445728.983,hud,drift,,,,,"24.98%",24.980
1790445728.983,hud,turns,,,,,"✗ turns: 0/15",
1790445728.983,hud,calib_s,,,,,"✓ Buffer 6s",
1790445728.984,marker,gnss,52.37950500,-1.33613800,244.40,true,,
1790445728.984,marker,dr,52.38032892,-1.33308363,259.10,true,,
1790445728.984,marker,reconciled,0.00000000,0.00000000,0.00,false,,
1790445729.038,hud,speed,,,,,"16.2 / 17.4",16.160
1790445729.039,hud,heading,,,,,"101° / 116°",101.100
1790445729.039,hud,drift,,,,,"24.98%",24.980
1790445729.039,hud,turns,,,,,"✗ turns: 0/15",
1790445729.040,hud,calib_s,,,,,"✓ Buffer 6s",
1790445729.040,marker,gnss,52.37950500,-1.33613800,244.40,true,,
1790445729.040,marker,dr,52.38032696,-1.33305999,258.90,true,,
1790445729.041,marker,reconciled,0.00000000,0.00000000,0.00,false,,
1790445729.083,hud,speed,,,,,"16.0 / 17.4",16.040
1790445729.084,hud,heading,,,,,"101° / 116°",100.800
1790445729.085,hud,drift,,,,,"24.97%",24.970
1790445729.085,hud,turns,,,,,"✗ turns: 0/15",
1790445729.085,hud,calib_s,,,,,"✓ Buffer 6s",
1790445729.086,marker,gnss,52.37950500,-1.33613800,244.40,true,,
1790445729.087,marker,dr,52.38032497,-1.33303638,259.20,true,,
1790445729.087,marker,reconciled,0.00000000,0.00000000,0.00,false,,
1790445729.135,hud,speed,,,,,"15.9 / 17.4",15.870
1790445729.136,hud,heading,,,,,"101° / 116°",100.800
1790445729.136,hud,drift,,,,,"24.97%",24.970
1790445729.136,hud,turns,,,,,"✗ turns: 0/15",
1790445729.136,hud,calib_s,,,,,"✓ Buffer 6s",
1790445729.137,marker,gnss,52.37950500,-1.33613800,244.40,true,,
1790445729.137,marker,dr,52.38032302,-1.33301324,259.20,true,,
1790445729.138,marker,reconciled,0.00000000,0.00000000,0.00,false,,
1790445729.180,hud,speed,,,,,"15.7 / 17.4",15.680
1790445729.180,hud,heading,,,,,"101° / 116°",100.800
1790445729.181,hud,drift,,,,,"24.96%",24.960
1790445729.181,hud,turns,,,,,"✗ turns: 0/15",
1790445729.181,hud,calib_s,,,,,"✓ Buffer 6s",
1790445729.181,marker,gnss,52.37950500,-1.33613800,244.40,true,,
1790445729.182,marker,dr,52.38032100,-1.33299038,259.20,true,,
1790445729.182,marker,reconciled,0.00000000,0.00000000,0.00,false,,
1790445729.239,hud,speed,,,,,"15.6 / 17.4",15.640
1790445729.239,hud,heading,,,,,"101° / 116°",101.200
1790445729.240,hud,drift,,,,,"24.95%",24.950
1790445729.240,hud,turns,,,,,"✗ turns: 0/15",
1790445729.240,hud,calib_s,,,,,"✓ Buffer 6s",
1790445729.240,marker,gnss,52.37950500,-1.33613800,244.40,true,,
1790445729.241,marker,dr,52.38031891,-1.33296788,258.80,true,,
1790445729.241,marker,reconciled,0.00000000,0.00000000,0.00,false,,
1790445729.286,hud,speed,,,,,"15.5 / 17.4",15.540
1790445729.287,hud,heading,,,,,"101° / 116°",101.200
1790445729.287,hud,drift,,,,,"24.94%",24.940
1790445729.287,hud,turns,,,,,"✗ turns: 0/15",
1790445729.288,hud,calib_s,,,,,"✓ Buffer 6s",
1790445729.288,marker,gnss,52.37950500,-1.33613800,244.40,true,,
1790445729.289,marker,dr,52.38031684,-1.33294496,258.80,true,,
1790445729.289,marker,reconciled,0.00000000,0.00000000,0.00,false,,
1790445729.342,hud,speed,,,,,"15.5 / 17.4",15.530
1790445729.343,hud,heading,,,,,"101° / 116°",101.200
1790445729.343,hud,drift,,,,,"24.93%",24.930
1790445729.343,hud,turns,,,,,"✗ turns: 0/15",
1790445729.343,hud,calib_s,,,,,"✓ Buffer 6s",
1790445729.344,marker,gnss,52.37950500,-1.33613800,244.40,true,,
1790445729.344,marker,dr,52.38031467,-1.33292235,258.80,true,,
1790445729.345,marker,reconciled,0.00000000,0.00000000,0.00,false,,
1790445729.385,hud,speed,,,,,"15.6 / 17.4",15.590
1790445729.385,hud,heading,,,,,"101° / 116°",101.400
1790445729.386,hud,drift,,,,,"24.92%",24.920
1790445729.386,hud,turns,,,,,"✗ turns: 0/15",
1790445729.386,hud,calib_s,,,,,"✓ Buffer 6s",
1790445729.387,marker,gnss,52.37950500,-1.33613800,244.40,true,,
1790445729.387,marker,dr,52.38031244,-1.33289970,258.60,true,,
1790445729.387,marker,reconciled,0.00000000,0.00000000,0.00,false,,
1790445729.445,hud,speed,,,,,"15.6 / 17.4",15.610
1790445729.446,hud,heading,,,,,"102° / 116°",101.800
1790445729.446,hud,drift,,,,,"24.91%",24.910
1790445729.447,hud,turns,,,,,"✗ turns: 0/15",
1790445729.447,hud,calib_s,,,,,"✓ Buffer 6s",
1790445729.447,marker,gnss,52.37950500,-1.33613800,244.40,true,,
1790445729.448,marker,dr,52.38031017,-1.33287706,258.20,true,,
1790445729.448,marker,reconciled,0.00000000,0.00000000,0.00,false,,
1790445729.491,hud,speed,,,,,"15.6 / 17.4",15.550
1790445729.492,hud,heading,,,,,"102° / 116°",101.600
1790445729.493,hud,drift,,,,,"24.90%",24.900
1790445729.493,hud,turns,,,,,"✗ turns: 0/15",
1790445729.493,hud,calib_s,,,,,"✓ Buffer 6s",
1790445729.493,marker,gnss,52.37950500,-1.33613800,244.40,true,,
1790445729.494,marker,dr,52.38030788,-1.33285446,258.40,true,,
1790445729.495,marker,reconciled,0.00000000,0.00000000,0.00,false,,
1790445729.541,hud,speed,,,,,"15.6 / 17.4",15.600
1790445729.541,hud,heading,,,,,"102° / 116°",101.700
1790445729.542,hud,drift,,,,,"24.89%",24.890
1790445729.542,hud,turns,,,,,"✗ turns: 0/15",
1790445729.543,hud,calib_s,,,,,"✓ Buffer 6s",
1790445729.543,marker,gnss,52.37950500,-1.33613800,244.40,true,,
1790445729.543,marker,dr,52.38030551,-1.33283202,258.30,true,,
1790445729.543,marker,reconciled,0.00000000,0.00000000,0.00,false,,
1790445729.592,hud,speed,,,,,"15.7 / 17.4",15.650
1790445729.592,hud,heading,,,,,"102° / 116°",102.000
1790445729.592,hud,drift,,,,,"24.88%",24.880
1790445729.593,hud,turns,,,,,"✗ turns: 0/15",
1790445729.593,hud,calib_s,,,,,"✓ Buffer 6s",
1790445729.593,marker,gnss,52.37950500,-1.33613800,244.40,true,,
1790445729.594,marker,dr,52.38030308,-1.33280935,258.00,true,,
1790445729.594,marker,reconciled,0.00000000,0.00000000,0.00,false,,
1790445729.643,hud,speed,,,,,"15.7 / 17.4",15.690
1790445729.644,hud,heading,,,,,"102° / 116°",102.200
1790445729.644,hud,drift,,,,,"24.87%",24.870
1790445729.644,hud,turns,,,,,"✗ turns: 0/15",
1790445729.644,hud,calib_s,,,,,"✓ Buffer 6s",
1790445729.645,marker,gnss,52.37950500,-1.33613800,244.40,true,,
1790445729.646,marker,dr,52.38030057,-1.33278661,257.80,true,,
1790445729.646,marker,reconciled,0.00000000,0.00000000,0.00,false,,
1790445729.695,hud,speed,,,,,"15.9 / 17.4",15.860
1790445729.696,hud,heading,,,,,"102° / 116°",102.000
1790445729.696,hud,drift,,,,,"24.85%",24.850
1790445729.696,hud,turns,,,,,"✗ turns: 0/15",
1790445729.696,hud,calib_s,,,,,"✓ Buffer 6s",
1790445729.697,marker,gnss,52.37950500,-1.33613800,244.40,true,,
1790445729.697,marker,dr,52.38029789,-1.33276371,258.00,true,,
1790445729.697,marker,reconciled,0.00000000,0.00000000,0.00,false,,
1790445729.751,hud,speed,,,,,"16.0 / 17.4",15.990
1790445729.752,hud,heading,,,,,"102° / 116°",101.700
1790445729.752,hud,drift,,,,,"24.84%",24.840
1790445729.752,hud,turns,,,,,"✗ turns: 0/15",
1790445729.752,hud,calib_s,,,,,"✓ Buffer 6s",
1790445729.753,marker,gnss,52.37950500,-1.33613800,244.40,true,,
1790445729.753,marker,dr,52.38029503,-1.33274069,258.30,true,,
1790445729.753,marker,reconciled,0.00000000,0.00000000,0.00,false,,
1790445729.792,hud,speed,,,,,"16.0 / 17.4",16.040
1790445729.793,hud,heading,,,,,"102° / 116°",102.000
1790445729.793,hud,drift,,,,,"24.83%",24.830
1790445729.793,hud,turns,,,,,"✗ turns: 0/15",
1790445729.793,hud,calib_s,,,,,"✓ Buffer 6s",
1790445729.794,marker,gnss,52.37950500,-1.33613800,244.40,true,,
1790445729.795,marker,dr,52.38029211,-1.33271762,258.00,true,,
1790445729.795,marker,reconciled,0.00000000,0.00000000,0.00,false,,
1790445729.851,hud,speed,,,,,"16.1 / 17.4",16.100
1790445729.851,hud,heading,,,,,"102° / 116°",102.000
1790445729.851,hud,drift,,,,,"24.81%",24.810
1790445729.852,hud,turns,,,,,"✗ turns: 0/15",
1790445729.852,hud,calib_s,,,,,"✓ Buffer 6s",
1790445729.852,marker,gnss,52.37950500,-1.33613800,244.40,true,,
1790445729.852,marker,dr,52.38028917,-1.33269445,258.00,true,,
1790445729.853,marker,reconciled,0.00000000,0.00000000,0.00,false,,
1790445729.898,hud,speed,,,,,"16.3 / 17.4",16.290
1790445729.899,hud,heading,,,,,"102° / 116°",101.900
1790445729.899,hud,drift,,,,,"24.80%",24.800
1790445729.899,hud,turns,,,,,"✗ turns: 0/15",
1790445729.899,hud,calib_s,,,,,"✓ Buffer 6s",
1790445729.900,marker,gnss,52.37950500,-1.33613800,244.40,true,,
1790445729.900,marker,dr,52.38028613,-1.33267080,258.10,true,,
1790445729.900,marker,reconciled,0.00000000,0.00000000,0.00,false,,
1790445729.951,hud,speed,,,,,"16.4 / 17.4",16.360
1790445729.951,hud,heading,,,,,"102° / 116°",101.700
1790445729.952,hud,drift,,,,,"24.79%",24.790
1790445729.952,hud,turns,,,,,"✗ turns: 0/15",
1790445729.952,hud,calib_s,,,,,"✓ Buffer 6s",
1790445729.953,marker,gnss,52.37950500,-1.33613800,244.40,true,,
1790445729.953,marker,dr,52.38028314,-1.33264753,258.30,true,,
1790445729.954,marker,reconciled,0.00000000,0.00000000,0.00,false,,
1790445729.996,hud,speed,,,,,"16.5 / 17.4",16.450
1790445729.997,hud,heading,,,,,"102° / 116°",101.700
1790445729.997,hud,drift,,,,,"24.78%",24.780
1790445729.997,hud,turns,,,,,"✗ turns: 0/15",
1790445729.998,hud,calib_s,,,,,"✓ Buffer 6s",
1790445729.998,marker,gnss,52.37950500,-1.33613800,244.40,true,,
1790445729.999,marker,dr,52.38028008,-1.33262390,258.30,true,,
1790445729.999,marker,reconciled,0.00000000,0.00000000,0.00,false,,
1790445730.052,hud,speed,,,,,"16.5 / 17.4",16.500
1790445730.053,hud,heading,,,,,"102° / 116°",101.900
1790445730.053,hud,drift,,,,,"24.76%",24.760
1790445730.053,hud,turns,,,,,"✗ turns: 0/15",
1790445730.053,hud,calib_s,,,,,"✓ Buffer 6s",
1790445730.054,marker,gnss,52.37950500,-1.33613800,244.40,true,,
1790445730.055,marker,dr,52.38027690,-1.33259999,258.10,true,,
1790445730.055,marker,reconciled,0.00000000,0.00000000,0.00,false,,
1790445730.101,hud,speed,,,,,"16.6 / 17.4",16.560
1790445730.101,hud,heading,,,,,"102° / 116°",101.900
1790445730.101,hud,drift,,,,,"24.75%",24.750
1790445730.102,hud,turns,,,,,"✗ turns: 0/15",
1790445730.102,hud,calib_s,,,,,"✓ Buffer 6s",
1790445730.103,marker,gnss,52.37950500,-1.33613800,244.40,true,,
1790445730.103,marker,dr,52.38027371,-1.33257624,258.10,true,,
1790445730.103,marker,reconciled,0.00000000,0.00000000,0.00,false,,
1790445730.154,hud,speed,,,,,"16.7 / 17.4",16.680
1790445730.155,hud,heading,,,,,"102° / 116°",101.700
1790445730.155,hud,drift,,,,,"24.74%",24.740
1790445730.155,hud,turns,,,,,"✗ turns: 0/15",
1790445730.156,hud,calib_s,,,,,"✓ Buffer 6s",
1790445730.157,marker,gnss,52.37950500,-1.33613800,244.40,true,,
1790445730.158,marker,dr,52.38027055,-1.33255255,258.30,true,,
1790445730.159,marker,reconciled,0.00000000,0.00000000,0.00,false,,
1790445730.201,hud,speed,,,,,"16.8 / 17.4",16.780
1790445730.201,hud,heading,,,,,"101° / 116°",101.400
1790445730.202,hud,drift,,,,,"24.73%",24.730
1790445730.202,hud,turns,,,,,"✗ turns: 0/15",
1790445730.202,hud,calib_s,,,,,"✓ Buffer 6s",
1790445730.203,marker,gnss,52.37950500,-1.33613800,244.40,true,,
1790445730.203,marker,dr,52.38026733,-1.33252848,258.60,true,,
1790445730.203,marker,reconciled,0.00000000,0.00000000,0.00,false,,
1790445730.257,hud,speed,,,,,"16.9 / 17.4",16.850
1790445730.258,hud,heading,,,,,"102° / 116°",101.700
1790445730.258,hud,drift,,,,,"24.72%",24.720
1790445730.258,hud,turns,,,,,"✗ turns: 0/15",
1790445730.259,hud,calib_s,,,,,"✓ Buffer 6s",
1790445730.259,marker,gnss,52.37950500,-1.33613800,244.40,true,,
1790445730.259,marker,dr,52.38026407,-1.33250432,258.30,true,,
1790445730.260,marker,reconciled,0.00000000,0.00000000,0.00,false,,
1790445730.306,hud,speed,,,,,"17.0 / 17.4",16.960
1790445730.307,hud,heading,,,,,"102° / 116°",102.100
1790445730.307,hud,drift,,,,,"24.71%",24.710
1790445730.307,hud,turns,,,,,"✗ turns: 0/15",
1790445730.307,hud,calib_s,,,,,"✓ Buffer 6s",
1790445730.308,marker,gnss,52.37950500,-1.33613800,244.40,true,,
1790445730.308,marker,dr,52.38026063,-1.33247903,257.90,true,,
1790445730.308,marker,reconciled,0.00000000,0.00000000,0.00,false,,
1790445730.361,hud,speed,,,,,"17.1 / 17.4",17.130
1790445730.361,hud,heading,,,,,"102° / 116°",102.200
1790445730.361,hud,drift,,,,,"24.70%",24.700
1790445730.362,hud,turns,,,,,"✗ turns: 0/15",
1790445730.362,hud,calib_s,,,,,"✓ Buffer 6s",
1790445730.363,marker,gnss,52.37950500,-1.33613800,244.40,true,,
1790445730.363,marker,dr,52.38025738,-1.33245522,257.80,true,,
1790445730.364,marker,reconciled,0.00000000,0.00000000,0.00,false,,
1790445730.406,hud,speed,,,,,"17.2 / 17.4",17.200
1790445730.406,hud,heading,,,,,"102° / 116°",102.400
1790445730.406,hud,drift,,,,,"24.69%",24.690
1790445730.407,hud,turns,,,,,"✗ turns: 0/15",
1790445730.407,hud,calib_s,,,,,"✓ Buffer 6s",
1790445730.407,marker,gnss,52.37950500,-1.33613800,244.40,true,,
1790445730.408,marker,dr,52.38025408,-1.33243080,257.60,true,,
1790445730.408,marker,reconciled,0.00000000,0.00000000,0.00,false,,
1790445730.462,hud,speed,,,,,"17.3 / 17.4",17.290
1790445730.463,hud,heading,,,,,"102° / 116°",102.400
1790445730.463,hud,drift,,,,,"24.68%",24.680
1790445730.464,hud,turns,,,,,"✗ turns: 0/15",
1790445730.464,hud,calib_s,,,,,"✓ Buffer 6s",
1790445730.464,marker,gnss,52.37950500,-1.33613800,244.40,true,,
1790445730.465,marker,dr,52.38025065,-1.33240578,257.60,true,,
1790445730.465,marker,reconciled,0.00000000,0.00000000,0.00,false,,
1790445730.508,hud,speed,,,,,"17.4 / 17.4",17.390
1790445730.509,hud,heading,,,,,"103° / 116°",102.600
1790445730.509,hud,drift,,,,,"24.68%",24.680
1790445730.509,hud,turns,,,,,"✗ turns: 0/15",
1790445730.509,hud,calib_s,,,,,"✓ Buffer 6s",
1790445730.510,marker,gnss,52.37950500,-1.33613800,244.40,true,,
1790445730.510,marker,dr,52.38024722,-1.33238112,257.40,true,,
1790445730.511,marker,reconciled,0.00000000,0.00000000,0.00,false,,
1790445730.563,hud,speed,,,,,"17.5 / 17.4",17.490
1790445730.564,hud,heading,,,,,"103° / 116°",102.600
1790445730.564,hud,drift,,,,,"24.67%",24.670
1790445730.565,hud,turns,,,,,"✗ turns: 0/15",
1790445730.565,hud,calib_s,,,,,"✓ Buffer 6s",
1790445730.565,marker,gnss,52.37950500,-1.33613800,244.40,true,,
1790445730.566,marker,dr,52.38024371,-1.33235583,257.40,true,,
1790445730.566,marker,reconciled,0.00000000,0.00000000,0.00,false,,
1790445730.611,hud,speed,,,,,"17.6 / 17.4",17.620
1790445730.611,hud,heading,,,,,"103° / 116°",102.500
1790445730.612,hud,drift,,,,,"24.66%",24.660
1790445730.612,hud,turns,,,,,"✗ turns: 0/15",
1790445730.612,hud,calib_s,,,,,"✓ Buffer 6s",
1790445730.613,marker,gnss,52.37950500,-1.33613800,244.40,true,,
1790445730.613,marker,dr,52.38024025,-1.33233057,257.50,true,,
1790445730.613,marker,reconciled,0.00000000,0.00000000,0.00,false,,
1790445730.665,hud,speed,,,,,"17.7 / 17.4",17.740
1790445730.665,hud,heading,,,,,"102° / 116°",102.400
1790445730.666,hud,drift,,,,,"24.66%",24.660
1790445730.666,hud,turns,,,,,"✗ turns: 0/15",
1790445730.666,hud,calib_s,,,,,"✓ Buffer 6s",
1790445730.667,marker,gnss,52.37950500,-1.33613800,244.40,true,,
1790445730.668,marker,dr,52.38023678,-1.33230514,257.60,true,,
1790445730.668,marker,reconciled,0.00000000,0.00000000,0.00,false,,
1790445730.709,hud,speed,,,,,"17.9 / 17.4",17.860
1790445730.710,hud,heading,,,,,"102° / 116°",102.400
1790445730.711,hud,drift,,,,,"24.65%",24.650
1790445730.711,hud,turns,,,,,"✗ turns: 0/15",
1790445730.711,hud,calib_s,,,,,"✓ Buffer 6s",
1790445730.712,marker,gnss,52.37950500,-1.33613800,244.40,true,,
1790445730.712,marker,dr,52.38023336,-1.33227952,257.60,true,,
1790445730.712,marker,reconciled,0.00000000,0.00000000,0.00,false,,
1790445730.767,hud,speed,,,,,"18.0 / 17.4",18.020
1790445730.767,hud,heading,,,,,"102° / 116°",102.300
1790445730.767,hud,drift,,,,,"24.65%",24.650
1790445730.768,hud,turns,,,,,"✗ turns: 0/15",
1790445730.768,hud,calib_s,,,,,"✓ Buffer 6s",
1790445730.768,marker,gnss,52.37950500,-1.33613800,244.40,true,,
1790445730.769,marker,dr,52.38022994,-1.33225393,257.70,true,,
1790445730.769,marker,reconciled,0.00000000,0.00000000,0.00,false,,
1790445730.809,hud,speed,,,,,"18.1 / 17.4",18.130
1790445730.810,hud,heading,,,,,"102° / 116°",101.900
1790445730.811,hud,drift,,,,,"24.65%",24.650
1790445730.811,hud,turns,,,,,"✗ turns: 0/15",
1790445730.811,hud,calib_s,,,,,"✓ Buffer 6s",
1790445730.812,marker,gnss,52.37950500,-1.33613800,244.40,true,,
1790445730.812,marker,dr,52.38022650,-1.33222790,258.10,true,,
1790445730.813,marker,reconciled,0.00000000,0.00000000,0.00,false,,
1790445730.870,hud,speed,,,,,"18.3 / 20.9",18.260
1790445730.871,hud,heading,,,,,"102° / 98°",102.000
1790445730.871,hud,drift,,,,,"24.41%",24.410
1790445730.871,hud,turns,,,,,"✗ turns: 0/15",
1790445730.871,hud,calib_s,,,,,"✓ Buffer 6s",
1790445730.872,marker,gnss,52.37888000,-1.33402100,261.70,true,,
1790445730.872,marker,dr,52.38022302,-1.33220142,258.00,true,,
1790445730.873,marker,reconciled,0.00000000,0.00000000,0.00,false,,
1790445730.921,hud,speed,,,,,"18.3 / 20.9",18.260
1790445730.921,hud,heading,,,,,"102° / 98°",102.000
1790445730.922,hud,drift,,,,,"25.08%",25.080
1790445730.922,hud,turns,,,,,"✗ turns: 0/15",
1790445730.922,hud,calib_s,,,,,"✓ Buffer 6s",
1790445730.926,marker,gnss,52.37888000,-1.33402100,261.70,true,,
1790445730.926,marker,dr,52.38022302,-1.33220142,258.00,true,,
1790445730.927,marker,reconciled,0.00000000,0.00000000,0.00,false,,
1790445730.977,hud,speed,,,,,"18.3 / 20.9",18.260
1790445730.977,hud,heading,,,,,"102° / 98°",102.000
1790445730.978,hud,drift,,,,,"25.08%",25.080
1790445730.978,hud,turns,,,,,"✗ turns: 0/15",
1790445730.978,hud,calib_s,,,,,"✓ Buffer 6s",
1790445730.983,marker,gnss,52.37888000,-1.33402100,261.70,true,,
1790445730.983,marker,dr,52.38022302,-1.33220142,258.00,true,,
1790445730.984,marker,reconciled,0.00000000,0.00000000,0.00,false,,
1790445731.018,hud,speed,,,,,"18.3 / 20.9",18.260
1790445731.018,hud,heading,,,,,"102° / 98°",102.000
1790445731.019,hud,drift,,,,,"25.08%",25.080
1790445731.019,hud,turns,,,,,"✗ turns: 0/15",
1790445731.019,hud,calib_s,,,,,"✓ Buffer 6s",
1790445731.022,marker,gnss,52.37888000,-1.33402100,261.70,true,,
1790445731.022,marker,dr,52.38022302,-1.33220142,258.00,true,,
1790445731.023,marker,reconciled,0.00000000,0.00000000,0.00,false,,
1790445731.070,hud,speed,,,,,"18.3 / 20.9",18.260
1790445731.070,hud,heading,,,,,"102° / 98°",102.000
1790445731.071,hud,drift,,,,,"25.08%",25.080
1790445731.071,hud,turns,,,,,"✗ turns: 0/15",
1790445731.071,hud,calib_s,,,,,"✓ Buffer 6s",
1790445731.075,marker,gnss,52.37888000,-1.33402100,261.70,true,,
1790445731.075,marker,dr,52.38022302,-1.33220142,258.00,true,,
1790445731.076,marker,reconciled,0.00000000,0.00000000,0.00,false,,
1790445731.123,hud,speed,,,,,"18.3 / 20.9",18.260
1790445731.123,hud,heading,,,,,"102° / 98°",102.000
1790445731.124,hud,drift,,,,,"25.08%",25.080
1790445731.124,hud,turns,,,,,"✗ turns: 0/15",
1790445731.124,hud,calib_s,,,,,"✓ Buffer 6s",
1790445731.128,marker,gnss,52.37888000,-1.33402100,261.70,true,,
1790445731.129,marker,dr,52.38022302,-1.33220142,258.00,true,,
1790445731.130,marker,reconciled,0.00000000,0.00000000,0.00,false,,
1790445731.173,hud,speed,,,,,"18.3 / 20.9",18.260
1790445731.173,hud,heading,,,,,"102° / 98°",102.000
1790445731.174,hud,drift,,,,,"25.08%",25.080
1790445731.174,hud,turns,,,,,"✗ turns: 0/15",
1790445731.174,hud,calib_s,,,,,"✓ Buffer 6s",
1790445731.179,marker,gnss,52.37888000,-1.33402100,261.70,true,,
1790445731.179,marker,dr,52.38022302,-1.33220142,258.00,true,,
1790445731.180,marker,reconciled,0.00000000,0.00000000,0.00,false,,
1790445731.220,hud,speed,,,,,"18.3 / 20.9",18.260
1790445731.221,hud,heading,,,,,"102° / 98°",102.000
1790445731.221,hud,drift,,,,,"25.08%",25.080
1790445731.222,hud,turns,,,,,"✗ turns: 0/15",
1790445731.222,hud,calib_s,,,,,"✓ Buffer 6s",
1790445731.227,marker,gnss,52.37888000,-1.33402100,261.70,true,,
1790445731.228,marker,dr,52.38022302,-1.33220142,258.00,true,,
1790445731.228,marker,reconciled,0.00000000,0.00000000,0.00,false,,
1790445731.296,hud,speed,,,,,"18.3 / 20.9",18.260
1790445731.297,hud,heading,,,,,"102° / 98°",102.000
1790445731.297,hud,drift,,,,,"25.08%",25.080
1790445731.298,hud,turns,,,,,"✗ turns: 0/15",
1790445731.298,hud,calib_s,,,,,"✓ Buffer 6s",
1790445731.302,marker,gnss,52.37888000,-1.33402100,261.70,true,,
1790445731.303,marker,dr,52.38022302,-1.33220142,258.00,true,,
1790445731.304,marker,reconciled,0.00000000,0.00000000,0.00,false,,
1790445731.336,hud,speed,,,,,"18.3 / 20.9",18.260
1790445731.336,hud,heading,,,,,"102° / 98°",102.000
1790445731.337,hud,drift,,,,,"25.08%",25.080
1790445731.337,hud,turns,,,,,"✗ turns: 0/15",
1790445731.337,hud,calib_s,,,,,"✓ Buffer 6s",
1790445731.340,marker,gnss,52.37888000,-1.33402100,261.70,true,,
1790445731.341,marker,dr,52.38022302,-1.33220142,258.00,true,,
1790445731.341,marker,reconciled,0.00000000,0.00000000,0.00,false,,
1790445731.390,hud,speed,,,,,"18.3 / 20.9",18.260
1790445731.391,hud,heading,,,,,"102° / 98°",102.000
1790445731.392,hud,drift,,,,,"25.08%",25.080
1790445731.392,hud,turns,,,,,"✗ turns: 0/15",
1790445731.392,hud,calib_s,,,,,"✓ Buffer 6s",
1790445731.396,marker,gnss,52.37888000,-1.33402100,261.70,true,,
1790445731.396,marker,dr,52.38022302,-1.33220142,258.00,true,,
1790445731.396,marker,reconciled,0.00000000,0.00000000,0.00,false,,
1790445731.446,hud,speed,,,,,"18.3 / 20.9",18.260
1790445731.447,hud,heading,,,,,"102° / 98°",102.000
1790445731.447,hud,drift,,,,,"25.08%",25.080
1790445731.448,hud,turns,,,,,"✗ turns: 0/15",
1790445731.448,hud,calib_s,,,,,"✓ Buffer 6s",
1790445731.451,marker,gnss,52.37888000,-1.33402100,261.70,true,,
1790445731.452,marker,dr,52.38022302,-1.33220142,258.00,true,,
1790445731.453,marker,reconciled,0.00000000,0.00000000,0.00,false,,
1790445731.496,hud,speed,,,,,"18.3 / 20.9",18.260
1790445731.496,hud,heading,,,,,"102° / 98°",102.000
1790445731.496,hud,drift,,,,,"25.08%",25.080
1790445731.497,hud,turns,,,,,"✗ turns: 0/15",
1790445731.497,hud,calib_s,,,,,"✓ Buffer 6s",
1790445731.500,marker,gnss,52.37888000,-1.33402100,261.70,true,,
1790445731.501,marker,dr,52.38022302,-1.33220142,258.00,true,,
1790445731.501,marker,reconciled,0.00000000,0.00000000,0.00,false,,
1790445731.556,hud,speed,,,,,"18.3 / 20.9",18.260
1790445731.556,hud,heading,,,,,"102° / 98°",102.000
1790445731.557,hud,drift,,,,,"25.08%",25.080
1790445731.557,hud,turns,,,,,"✗ turns: 0/15",
1790445731.557,hud,calib_s,,,,,"✓ Buffer 6s",
1790445731.562,marker,gnss,52.37888000,-1.33402100,261.70,true,,
1790445731.563,marker,dr,52.38022302,-1.33220142,258.00,true,,
1790445731.563,marker,reconciled,0.00000000,0.00000000,0.00,false,,
1790445731.602,hud,speed,,,,,"18.3 / 20.9",18.260
1790445731.603,hud,heading,,,,,"102° / 98°",102.000
1790445731.603,hud,drift,,,,,"25.08%",25.080
1790445731.603,hud,turns,,,,,"✗ turns: 0/15",
1790445731.604,hud,calib_s,,,,,"✓ Buffer 6s",
1790445731.607,marker,gnss,52.37888000,-1.33402100,261.70,true,,
1790445731.608,marker,dr,52.38022302,-1.33220142,258.00,true,,
1790445731.609,marker,reconciled,0.00000000,0.00000000,0.00,false,,
1790445731.647,hud,speed,,,,,"18.3 / 20.9",18.260
1790445731.648,hud,heading,,,,,"102° / 98°",102.000
1790445731.649,hud,drift,,,,,"25.08%",25.080
1790445731.649,hud,turns,,,,,"✗ turns: 0/15",
1790445731.649,hud,calib_s,,,,,"✓ Buffer 6s",
1790445731.653,marker,gnss,52.37888000,-1.33402100,261.70,true,,
1790445731.653,marker,dr,52.38022302,-1.33220142,258.00,true,,
1790445731.654,marker,reconciled,0.00000000,0.00000000,0.00,false,,
1790445731.706,hud,speed,,,,,"18.3 / 20.9",18.260
1790445731.706,hud,heading,,,,,"102° / 98°",102.000
1790445731.707,hud,drift,,,,,"25.08%",25.080
1790445731.707,hud,turns,,,,,"✗ turns: 0/15",
1790445731.708,hud,calib_s,,,,,"✓ Buffer 6s",
1790445731.712,marker,gnss,52.37888000,-1.33402100,261.70,true,,
1790445731.712,marker,dr,52.38022302,-1.33220142,258.00,true,,
1790445731.713,marker,reconciled,0.00000000,0.00000000,0.00,false,,
1790445731.737,hud,speed,,,,,"18.3 / 20.9",18.260
1790445731.737,hud,heading,,,,,"102° / 98°",102.000
1790445731.737,hud,drift,,,,,"25.08%",25.080
1790445731.738,hud,turns,,,,,"✗ turns: 0/15",
1790445731.738,hud,calib_s,,,,,"✓ Buffer 6s",
1790445731.740,marker,gnss,52.37888000,-1.33402100,261.70,true,,
1790445731.741,marker,dr,52.38022302,-1.33220142,258.00,true,,
1790445731.741,marker,reconciled,0.00000000,0.00000000,0.00,false,,
1790445731.786,hud,speed,,,,,"18.3 / 20.9",18.260
1790445731.786,hud,heading,,,,,"102° / 98°",102.000
1790445731.786,hud,drift,,,,,"25.08%",25.080
1790445731.786,hud,turns,,,,,"✗ turns: 0/15",
1790445731.787,hud,calib_s,,,,,"✓ Buffer 6s",
1790445731.789,marker,gnss,52.37888000,-1.33402100,261.70,true,,
1790445731.790,marker,dr,52.38022302,-1.33220142,258.00,true,,
1790445731.791,marker,reconciled,0.00000000,0.00000000,0.00,false,,
1790445731.840,hud,speed,,,,,"18.3 / 20.9",18.260
1790445731.841,hud,heading,,,,,"102° / 98°",102.000
1790445731.841,hud,drift,,,,,"25.08%",25.080
1790445731.841,hud,turns,,,,,"✗ turns: 0/15",
1790445731.842,hud,calib_s,,,,,"✓ Buffer 6s",
1790445731.845,marker,gnss,52.37888000,-1.33402100,261.70,true,,
1790445731.846,marker,dr,52.38022302,-1.33220142,258.00,true,,
1790445731.846,marker,reconciled,0.00000000,0.00000000,0.00,false,,
1790445731.890,hud,speed,,,,,"18.3 / 20.9",18.260
1790445731.891,hud,heading,,,,,"102° / 98°",102.000
1790445731.891,hud,drift,,,,,"25.08%",25.080
1790445731.891,hud,turns,,,,,"✗ turns: 0/15",
1790445731.892,hud,calib_s,,,,,"✓ Buffer 6s",
1790445731.895,marker,gnss,52.37888000,-1.33402100,261.70,true,,
1790445731.896,marker,dr,52.38022302,-1.33220142,258.00,true,,
1790445731.897,marker,reconciled,0.00000000,0.00000000,0.00,false,,
1790445731.938,hud,speed,,,,,"18.3 / 20.9",18.260
1790445731.939,hud,heading,,,,,"102° / 98°",102.000
1790445731.939,hud,drift,,,,,"25.08%",25.080
1790445731.940,hud,turns,,,,,"✗ turns: 0/15",
1790445731.940,hud,calib_s,,,,,"✓ Buffer 6s",
1790445731.944,marker,gnss,52.37888000,-1.33402100,261.70,true,,
1790445731.944,marker,dr,52.38022302,-1.33220142,258.00,true,,
1790445731.945,marker,reconciled,0.00000000,0.00000000,0.00,false,,
1790445731.991,hud,speed,,,,,"18.3 / 20.9",18.260
1790445731.992,hud,heading,,,,,"102° / 98°",102.000
1790445731.992,hud,drift,,,,,"25.08%",25.080
1790445731.993,hud,turns,,,,,"✗ turns: 0/15",
1790445731.993,hud,calib_s,,,,,"✓ Buffer 6s",
1790445731.996,marker,gnss,52.37888000,-1.33402100,261.70,true,,
1790445731.997,marker,dr,52.38022302,-1.33220142,258.00,true,,
1790445731.998,marker,reconciled,0.00000000,0.00000000,0.00,false,,
1790445732.043,hud,speed,,,,,"18.3 / 20.9",18.260
1790445732.043,hud,heading,,,,,"102° / 98°",102.000
1790445732.044,hud,drift,,,,,"25.08%",25.080
1790445732.044,hud,turns,,,,,"✗ turns: 0/15",
1790445732.044,hud,calib_s,,,,,"✓ Buffer 6s",
1790445732.049,marker,gnss,52.37888000,-1.33402100,261.70,true,,
1790445732.049,marker,dr,52.38022302,-1.33220142,258.00,true,,
1790445732.050,marker,reconciled,0.00000000,0.00000000,0.00,false,,
1790445732.099,hud,speed,,,,,"18.3 / 20.9",18.260
1790445732.100,hud,heading,,,,,"102° / 98°",102.000
1790445732.100,hud,drift,,,,,"25.08%",25.080
1790445732.101,hud,turns,,,,,"✗ turns: 0/15",
1790445732.101,hud,calib_s,,,,,"✓ Buffer 6s",
1790445732.105,marker,gnss,52.37888000,-1.33402100,261.70,true,,
1790445732.106,marker,dr,52.38022302,-1.33220142,258.00,true,,
1790445732.106,marker,reconciled,0.00000000,0.00000000,0.00,false,,
1790445732.145,hud,speed,,,,,"18.3 / 20.9",18.260
1790445732.146,hud,heading,,,,,"102° / 98°",102.000
1790445732.146,hud,drift,,,,,"25.08%",25.080
1790445732.146,hud,turns,,,,,"✗ turns: 0/15",
1790445732.146,hud,calib_s,,,,,"✓ Buffer 6s",
1790445732.151,marker,gnss,52.37888000,-1.33402100,261.70,true,,
1790445732.151,marker,dr,52.38022302,-1.33220142,258.00,true,,
1790445732.152,marker,reconciled,0.00000000,0.00000000,0.00,false,,
1790445732.193,hud,speed,,,,,"18.3 / 20.9",18.260
1790445732.194,hud,heading,,,,,"102° / 98°",102.000
1790445732.194,hud,drift,,,,,"25.08%",25.080
1790445732.194,hud,turns,,,,,"✗ turns: 0/15",
1790445732.194,hud,calib_s,,,,,"✓ Buffer 6s",
1790445732.198,marker,gnss,52.37888000,-1.33402100,261.70,true,,
1790445732.199,marker,dr,52.38022302,-1.33220142,258.00,true,,
1790445732.200,marker,reconciled,0.00000000,0.00000000,0.00,false,,
1790445732.248,hud,speed,,,,,"18.3 / 20.9",18.260
1790445732.248,hud,heading,,,,,"102° / 98°",102.000
1790445732.248,hud,drift,,,,,"25.08%",25.080
1790445732.249,hud,turns,,,,,"✗ turns: 0/15",
1790445732.249,hud,calib_s,,,,,"✓ Buffer 6s",
1790445732.253,marker,gnss,52.37888000,-1.33402100,261.70,true,,
1790445732.253,marker,dr,52.38022302,-1.33220142,258.00,true,,
1790445732.254,marker,reconciled,0.00000000,0.00000000,0.00,false,,
1790445732.298,hud,speed,,,,,"18.3 / 20.9",18.260
1790445732.299,hud,heading,,,,,"102° / 98°",102.000
1790445732.299,hud,drift,,,,,"25.08%",25.080
1790445732.300,hud,turns,,,,,"✗ turns: 0/15",
1790445732.300,hud,calib_s,,,,,"✓ Buffer 6s",
1790445732.304,marker,gnss,52.37888000,-1.33402100,261.70,true,,
1790445732.305,marker,dr,52.38022302,-1.33220142,258.00,true,,
1790445732.305,marker,reconciled,0.00000000,0.00000000,0.00,false,,
1790445732.350,hud,speed,,,,,"18.3 / 20.9",18.260
1790445732.350,hud,heading,,,,,"102° / 98°",102.000
1790445732.351,hud,drift,,,,,"25.08%",25.080
1790445732.351,hud,turns,,,,,"✗ turns: 0/15",
1790445732.351,hud,calib_s,,,,,"✓ Buffer 6s",
1790445732.355,marker,gnss,52.37888000,-1.33402100,261.70,true,,
1790445732.356,marker,dr,52.38022302,-1.33220142,258.00,true,,
1790445732.356,marker,reconciled,0.00000000,0.00000000,0.00,false,,
1790445732.404,hud,speed,,,,,"18.3 / 20.9",18.260
1790445732.405,hud,heading,,,,,"102° / 98°",102.000
1790445732.405,hud,drift,,,,,"25.08%",25.080
1790445732.406,hud,turns,,,,,"✗ turns: 0/15",
1790445732.406,hud,calib_s,,,,,"✓ Buffer 6s",
1790445732.410,marker,gnss,52.37888000,-1.33402100,261.70,true,,
1790445732.411,marker,dr,52.38022302,-1.33220142,258.00,true,,
1790445732.411,marker,reconciled,0.00000000,0.00000000,0.00,false,,
1790445732.452,hud,speed,,,,,"18.3 / 20.9",18.260
1790445732.452,hud,heading,,,,,"102° / 98°",102.000
1790445732.453,hud,drift,,,,,"25.08%",25.080
1790445732.453,hud,turns,,,,,"✗ turns: 0/15",
1790445732.453,hud,calib_s,,,,,"✓ Buffer 6s",
1790445732.457,marker,gnss,52.37888000,-1.33402100,261.70,true,,
1790445732.458,marker,dr,52.38022302,-1.33220142,258.00,true,,
1790445732.458,marker,reconciled,0.00000000,0.00000000,0.00,false,,
1790445732.505,hud,speed,,,,,"18.3 / 20.9",18.260
1790445732.506,hud,heading,,,,,"102° / 98°",102.000
1790445732.506,hud,drift,,,,,"25.08%",25.080
1790445732.507,hud,turns,,,,,"✗ turns: 0/15",
1790445732.507,hud,calib_s,,,,,"✓ Buffer 6s",
1790445732.511,marker,gnss,52.37888000,-1.33402100,261.70,true,,
1790445732.512,marker,dr,52.38022302,-1.33220142,258.00,true,,
1790445732.512,marker,reconciled,0.00000000,0.00000000,0.00,false,,
1790445732.557,hud,speed,,,,,"18.3 / 20.9",18.260
1790445732.557,hud,heading,,,,,"102° / 98°",102.000
1790445732.558,hud,drift,,,,,"25.08%",25.080
1790445732.558,hud,turns,,,,,"✗ turns: 0/15",
1790445732.558,hud,calib_s,,,,,"✓ Buffer 6s",
1790445732.562,marker,gnss,52.37888000,-1.33402100,261.70,true,,
1790445732.563,marker,dr,52.38022302,-1.33220142,258.00,true,,
1790445732.564,marker,reconciled,0.00000000,0.00000000,0.00,false,,
1790445732.602,hud,speed,,,,,"18.3 / 20.9",18.260
1790445732.602,hud,heading,,,,,"102° / 98°",102.000
1790445732.603,hud,drift,,,,,"25.08%",25.080
1790445732.603,hud,turns,,,,,"✗ turns: 0/15",
1790445732.603,hud,calib_s,,,,,"✓ Buffer 6s",
1790445732.609,marker,gnss,52.37888000,-1.33402100,261.70,true,,
1790445732.610,marker,dr,52.38022302,-1.33220142,258.00,true,,
1790445732.610,marker,reconciled,0.00000000,0.00000000,0.00,false,,
1790445732.658,hud,speed,,,,,"18.3 / 20.9",18.260
1790445732.659,hud,heading,,,,,"102° / 98°",102.000
1790445732.659,hud,drift,,,,,"25.08%",25.080
1790445732.660,hud,turns,,,,,"✗ turns: 0/15",
1790445732.660,hud,calib_s,,,,,"✓ Buffer 6s",
1790445732.664,marker,gnss,52.37888000,-1.33402100,261.70,true,,
1790445732.665,marker,dr,52.38022302,-1.33220142,258.00,true,,
1790445732.665,marker,reconciled,0.00000000,0.00000000,0.00,false,,
1790445732.704,hud,speed,,,,,"18.3 / 20.9",18.260
1790445732.705,hud,heading,,,,,"102° / 98°",102.000
1790445732.706,hud,drift,,,,,"25.08%",25.080
1790445732.706,hud,turns,,,,,"✗ turns: 0/15",
1790445732.706,hud,calib_s,,,,,"✓ Buffer 6s",
1790445732.710,marker,gnss,52.37888000,-1.33402100,261.70,true,,
1790445732.711,marker,dr,52.38022302,-1.33220142,258.00,true,,
1790445732.712,marker,reconciled,0.00000000,0.00000000,0.00,false,,
1790445732.760,hud,speed,,,,,"18.3 / 20.9",18.260
1790445732.760,hud,heading,,,,,"102° / 98°",102.000
1790445732.761,hud,drift,,,,,"25.08%",25.080
1790445732.761,hud,turns,,,,,"✗ turns: 0/15",
1790445732.761,hud,calib_s,,,,,"✓ Buffer 6s",
1790445732.765,marker,gnss,52.37888000,-1.33402100,261.70,true,,
1790445732.767,marker,dr,52.38022302,-1.33220142,258.00,true,,
1790445732.767,marker,reconciled,0.00000000,0.00000000,0.00,false,,
1790445732.805,hud,speed,,,,,"18.3 / 20.9",18.260
1790445732.806,hud,heading,,,,,"102° / 98°",102.000
1790445732.806,hud,drift,,,,,"25.08%",25.080
1790445732.807,hud,turns,,,,,"✗ turns: 0/15",
1790445732.807,hud,calib_s,,,,,"✓ Buffer 6s",
1790445732.811,marker,gnss,52.37888000,-1.33402100,261.70,true,,
1790445732.812,marker,dr,52.38022302,-1.33220142,258.00,true,,
1790445732.812,marker,reconciled,0.00000000,0.00000000,0.00,false,,
1790445732.860,hud,speed,,,,,"18.3 / 20.9",18.260
1790445732.861,hud,heading,,,,,"102° / 98°",102.000
1790445732.861,hud,drift,,,,,"25.08%",25.080
1790445732.861,hud,turns,,,,,"✗ turns: 0/15",
1790445732.861,hud,calib_s,,,,,"✓ Buffer 6s",
1790445732.866,marker,gnss,52.37888000,-1.33402100,261.70,true,,
1790445732.866,marker,dr,52.38022302,-1.33220142,258.00,true,,
1790445732.867,marker,reconciled,0.00000000,0.00000000,0.00,false,,
1790445732.911,hud,speed,,,,,"18.3 / 20.9",18.260
1790445732.912,hud,heading,,,,,"102° / 98°",102.000
1790445732.912,hud,drift,,,,,"25.08%",25.080
1790445732.912,hud,turns,,,,,"✗ turns: 0/15",
1790445732.913,hud,calib_s,,,,,"✓ Buffer 6s",
1790445732.917,marker,gnss,52.37888000,-1.33402100,261.70,true,,
1790445732.918,marker,dr,52.38022302,-1.33220142,258.00,true,,
1790445732.918,marker,reconciled,0.00000000,0.00000000,0.00,false,,
1790445732.958,hud,speed,,,,,"18.3 / 20.9",18.260
1790445732.958,hud,heading,,,,,"102° / 98°",102.000
1790445732.958,hud,drift,,,,,"25.08%",25.080
1790445732.959,hud,turns,,,,,"✗ turns: 0/15",
1790445732.959,hud,calib_s,,,,,"✓ Buffer 6s",
1790445732.963,marker,gnss,52.37888000,-1.33402100,261.70,true,,
1790445732.964,marker,dr,52.38022302,-1.33220142,258.00,true,,
1790445732.964,marker,reconciled,0.00000000,0.00000000,0.00,false,,
1790445733.012,hud,speed,,,,,"18.3 / 20.9",18.260
1790445733.013,hud,heading,,,,,"102° / 98°",102.000
1790445733.013,hud,drift,,,,,"25.08%",25.080
1790445733.013,hud,turns,,,,,"✗ turns: 0/15",
1790445733.014,hud,calib_s,,,,,"✓ Buffer 6s",
1790445733.018,marker,gnss,52.37888000,-1.33402100,261.70,true,,
1790445733.019,marker,dr,52.38022302,-1.33220142,258.00,true,,
1790445733.019,marker,reconciled,0.00000000,0.00000000,0.00,false,,
1790445733.061,hud,speed,,,,,"18.3 / 20.9",18.260
1790445733.062,hud,heading,,,,,"102° / 98°",102.000
1790445733.062,hud,drift,,,,,"25.08%",25.080
1790445733.063,hud,turns,,,,,"✗ turns: 0/15",
1790445733.063,hud,calib_s,,,,,"✓ Buffer 6s",
1790445733.067,marker,gnss,52.37888000,-1.33402100,261.70,true,,
1790445733.068,marker,dr,52.38022302,-1.33220142,258.00,true,,
1790445733.069,marker,reconciled,0.00000000,0.00000000,0.00,false,,
1790445733.116,hud,speed,,,,,"18.3 / 20.9",18.260
1790445733.117,hud,heading,,,,,"102° / 98°",102.000
1790445733.117,hud,drift,,,,,"25.08%",25.080
1790445733.118,hud,turns,,,,,"✗ turns: 0/15",
1790445733.118,hud,calib_s,,,,,"✓ Buffer 6s",
1790445733.122,marker,gnss,52.37888000,-1.33402100,261.70,true,,
1790445733.123,marker,dr,52.38022302,-1.33220142,258.00,true,,
1790445733.123,marker,reconciled,0.00000000,0.00000000,0.00,false,,
1790445733.166,hud,speed,,,,,"18.3 / 20.9",18.260
1790445733.167,hud,heading,,,,,"102° / 98°",102.000
1790445733.167,hud,drift,,,,,"25.08%",25.080
1790445733.168,hud,turns,,,,,"✗ turns: 0/15",
1790445733.168,hud,calib_s,,,,,"✓ Buffer 6s",
1790445733.172,marker,gnss,52.37888000,-1.33402100,261.70,true,,
1790445733.173,marker,dr,52.38022302,-1.33220142,258.00,true,,
1790445733.173,marker,reconciled,0.00000000,0.00000000,0.00,false,,
1790445733.215,hud,speed,,,,,"18.3 / 20.9",18.260
1790445733.215,hud,heading,,,,,"102° / 98°",102.000
1790445733.216,hud,drift,,,,,"25.08%",25.080
1790445733.216,hud,turns,,,,,"✗ turns: 0/15",
1790445733.216,hud,calib_s,,,,,"✓ Buffer 6s",
1790445733.220,marker,gnss,52.37888000,-1.33402100,261.70,true,,
1790445733.221,marker,dr,52.38022302,-1.33220142,258.00,true,,
1790445733.221,marker,reconciled,0.00000000,0.00000000,0.00,false,,
1790445733.266,hud,speed,,,,,"18.3 / 20.9",18.260
1790445733.266,hud,heading,,,,,"102° / 98°",102.000
1790445733.266,hud,drift,,,,,"25.08%",25.080
1790445733.267,hud,turns,,,,,"✗ turns: 0/15",
1790445733.267,hud,calib_s,,,,,"✓ Buffer 6s",
1790445733.271,marker,gnss,52.37888000,-1.33402100,261.70,true,,
1790445733.272,marker,dr,52.38022302,-1.33220142,258.00,true,,
1790445733.273,marker,reconciled,0.00000000,0.00000000,0.00,false,,
1790445733.319,hud,speed,,,,,"18.3 / 20.9",18.260
1790445733.319,hud,heading,,,,,"102° / 98°",102.000
1790445733.320,hud,drift,,,,,"25.08%",25.080
1790445733.320,hud,turns,,,,,"✗ turns: 0/15",
1790445733.320,hud,calib_s,,,,,"✓ Buffer 6s",
1790445733.324,marker,gnss,52.37888000,-1.33402100,261.70,true,,
1790445733.324,marker,dr,52.38022302,-1.33220142,258.00,true,,
1790445733.325,marker,reconciled,0.00000000,0.00000000,0.00,false,,
1790445733.367,hud,speed,,,,,"18.3 / 20.9",18.260
1790445733.368,hud,heading,,,,,"102° / 98°",102.000
1790445733.368,hud,drift,,,,,"25.08%",25.080
1790445733.368,hud,turns,,,,,"✗ turns: 0/15",
1790445733.369,hud,calib_s,,,,,"✓ Buffer 6s",
1790445733.373,marker,gnss,52.37888000,-1.33402100,261.70,true,,
1790445733.374,marker,dr,52.38022302,-1.33220142,258.00,true,,
1790445733.375,marker,reconciled,0.00000000,0.00000000,0.00,false,,
