t,category,name,lat,lon,rotation_deg,visible,text_val,num_val
1790445743.820,hud,speed,,,,,"0.0 / 0.0",0.000
1790445743.821,hud,heading,,,,,"0° / 0°",0.000
1790445743.821,hud,drift,,,,,"0.00%",0.000
1790445743.821,hud,turns,,,,,"✗ turns: 0/15",
1790445743.822,hud,calib_s,,,,,"✗ Buffer (need 6s)",
1790445743.822,marker,reconciled,0.00000000,0.00000000,0.00,false,,
1790445747.287,hud,speed,,,,,"0.0 / 0.0",0.000
1790445747.287,hud,heading,,,,,"0° / 0°",0.000
1790445747.287,hud,drift,,,,,"0.00%",0.000
1790445747.288,hud,turns,,,,,"✗ turns: 0/15",
1790445747.288,hud,calib_s,,,,,"✗ Buffer (need 6s)",
1790445747.288,marker,reconciled,0.00000000,0.00000000,0.00,false,,
1790445747.330,hud,speed,,,,,"0.0 / 0.0",0.000
1790445747.331,hud,heading,,,,,"0° / 0°",0.000
1790445747.331,hud,drift,,,,,"0.00%",0.000
1790445747.332,hud,turns,,,,,"✗ turns: 0/15",
1790445747.332,hud,calib_s,,,,,"✗ Buffer (need 6s)",
1790445747.333,marker,reconciled,0.00000000,0.00000000,0.00,false,,
1790445747.379,hud,speed,,,,,"0.0 / 0.0",0.000
1790445747.379,hud,heading,,,,,"0° / 0°",0.000
1790445747.380,hud,drift,,,,,"0.00%",0.000
1790445747.380,hud,turns,,,,,"✗ turns: 0/15",
1790445747.380,hud,calib_s,,,,,"✗ Buffer (need 6s)",
1790445747.380,marker,reconciled,0.00000000,0.00000000,0.00,false,,
1790445747.433,hud,speed,,,,,"0.0 / 0.0",0.000
1790445747.434,hud,heading,,,,,"0° / 0°",0.000
1790445747.434,hud,drift,,,,,"0.00%",0.000
1790445747.434,hud,turns,,,,,"✗ turns: 0/15",
1790445747.434,hud,calib_s,,,,,"✗ Buffer (need 6s)",
1790445747.435,marker,reconciled,0.00000000,0.00000000,0.00,false,,
1790445747.482,hud,speed,,,,,"0.0 / 0.0",0.000
1790445747.482,hud,heading,,,,,"0° / 0°",0.000
1790445747.482,hud,drift,,,,,"0.00%",0.000
1790445747.483,hud,turns,,,,,"✗ turns: 0/15",
1790445747.483,hud,calib_s,,,,,"✗ Buffer (need 6s)",
1790445747.483,marker,reconciled,0.00000000,0.00000000,0.00,false,,
1790445747.555,hud,speed,,,,,"0.0 / 0.0",0.000
1790445747.556,hud,heading,,,,,"0° / 0°",0.000
1790445747.556,hud,drift,,,,,"0.00%",0.000
1790445747.556,hud,turns,,,,,"✗ turns: 0/15",
1790445747.557,hud,calib_s,,,,,"✗ Buffer (need 6s)",
1790445747.557,marker,reconciled,0.00000000,0.00000000,0.00,false,,
1790445747.585,hud,speed,,,,,"0.0 / 0.0",0.000
1790445747.585,hud,heading,,,,,"0° / 0°",0.000
1790445747.585,hud,drift,,,,,"0.00%",0.000
1790445747.586,hud,turns,,,,,"✗ turns: 0/15",
1790445747.586,hud,calib_s,,,,,"✗ Buffer (need 6s)",
1790445747.586,marker,reconciled,0.00000000,0.00000000,0.00,false,,
1790445747.633,hud,speed,,,,,"0.0 / 0.0",0.000
1790445747.633,hud,heading,,,,,"0° / 0°",0.000
1790445747.634,hud,drift,,,,,"0.00%",0.000
1790445747.634,hud,turns,,,,,"✗ turns: 0/15",
1790445747.634,hud,calib_s,,,,,"✗ Buffer (need 6s)",
1790445747.634,marker,reconciled,0.00000000,0.00000000,0.00,false,,
1790445747.699,hud,speed,,,,,"0.0 / 0.0",0.000
1790445747.700,hud,heading,,,,,"0° / 0°",0.000
1790445747.700,hud,drift,,,,,"0.00%",0.000
1790445747.700,hud,turns,,,,,"✗ turns: 0/15",
1790445747.700,hud,calib_s,,,,,"✗ Buffer (need 6s)",
1790445747.701,marker,reconciled,0.00000000,0.00000000,0.00,false,,
1790445747.746,hud,speed,,,,,"0.0 / 0.0",0.000
1790445747.747,hud,heading,,,,,"0° / 0°",0.000
1790445747.747,hud,drift,,,,,"0.00%",0.000
1790445747.747,hud,turns,,,,,"✗ turns: 0/15",
1790445747.747,hud,calib_s,,,,,"✗ Buffer (need 6s)",
1790445747.748,marker,reconciled,0.00000000,0.00000000,0.00,false,,
1790445747.794,hud,speed,,,,,"0.0 / 0.0",0.000
1790445747.794,hud,heading,,,,,"0° / 0°",0.000
1790445747.794,hud,drift,,,,,"0.00%",0.000
1790445747.794,hud,turns,,,,,"✗ turns: 0/15",
1790445747.795,hud,calib_s,,,,,"✗ Buffer (need 6s)",
1790445747.795,marker,reconciled,0.00000000,0.00000000,0.00,false,,
1790445747.846,hud,speed,,,,,"0.0 / 0.0",0.000
1790445747.846,hud,heading,,,,,"0° / 0°",0.000
1790445747.847,hud,drift,,,,,"0.00%",0.000
1790445747.847,hud,turns,,,,,"✗ turns: 0/15",
1790445747.847,hud,calib_s,,,,,"✗ Buffer (need 6s)",
1790445747.847,marker,reconciled,0.00000000,0.00000000,0.00,false,,
1790445747.885,hud,speed,,,,,"0.0 / 0.0",0.000
1790445747.885,hud,heading,,,,,"0° / 0°",0.000
1790445747.885,hud,drift,,,,,"0.00%",0.000
1790445747.886,hud,turns,,,,,"✗ turns: 0/15",
1790445747.886,hud,calib_s,,,,,"✗ Buffer (need 6s)",
1790445747.886,marker,reconciled,0.00000000,0.00000000,0.00,false,,
1790445747.943,hud,speed,,,,,"0.0 / 0.0",0.000
1790445747.943,hud,heading,,,,,"0° / 0°",0.000
1790445747.943,hud,drift,,,,,"0.00%",0.000
1790445747.944,hud,turns,,,,,"✗ turns: 0/15",
1790445747.944,hud,calib_s,,,,,"✗ Buffer (need 6s)",
1790445747.944,marker,reconciled,0.00000000,0.00000000,0.00,false,,
1790445748.002,hud,speed,,,,,"0.0 / 0.0",0.000
1790445748.002,hud,heading,,,,,"0° / 0°",0.000
1790445748.002,hud,drift,,,,,"0.00%",0.000
1790445748.003,hud,turns,,,,,"✗ turns: 0/15",
1790445748.003,hud,calib_s,,,,,"✗ Buffer (need 6s)",
1790445748.003,marker,reconciled,0.00000000,0.00000000,0.00,false,,
1790445748.052,hud,speed,,,,,"0.0 / 0.0",0.000
1790445748.053,hud,heading,,,,,"0° / 0°",0.000
1790445748.053,hud,drift,,,,,"0.00%",0.000
1790445748.054,hud,turns,,,,,"✗ turns: 0/15",
1790445748.054,hud,calib_s,,,,,"✗ Buffer (need 6s)",
1790445748.055,marker,reconciled,0.00000000,0.00000000,0.00,false,,
1790445748.089,hud,speed,,,,,"0.0 / 0.0",0.000
1790445748.089,hud,heading,,,,,"0° / 0°",0.000
1790445748.089,hud,drift,,,,,"0.00%",0.000
1790445748.089,hud,turns,,,,,"✗ turns: 0/15",
1790445748.089,hud,calib_s,,,,,"✗ Buffer (need 6s)",
1790445748.090,marker,reconciled,0.00000000,0.00000000,0.00,false,,
1790445748.146,hud,speed,,,,,"0.0 / 0.0",0.000
1790445748.147,hud,heading,,,,,"0° / 0°",0.000
1790445748.147,hud,drift,,,,,"0.00%",0.000
1790445748.147,hud,turns,,,,,"✗ turns: 0/15",
1790445748.147,hud,calib_s,,,,,"✗ Buffer (need 6s)",
1790445748.148,marker,reconciled,0.00000000,0.00000000,0.00,false,,
1790445748.192,hud,speed,,,,,"0.0 / 0.0",0.000
1790445748.192,hud,heading,,,,,"0° / 0°",0.000
1790445748.192,hud,drift,,,,,"0.00%",0.000
1790445748.193,hud,turns,,,,,"✗ turns: 0/15",
1790445748.193,hud,calib_s,,,,,"✗ Buffer (need 6s)",
1790445748.193,marker,reconciled,0.00000000,0.00000000,0.00,false,,
1790445748.263,hud,speed,,,,,"0.0 / 0.0",0.000
1790445748.263,hud,heading,,,,,"0° / 0°",0.000
1790445748.264,hud,drift,,,,,"0.00%",0.000
1790445748.264,hud,turns,,,,,"✗ turns: 0/15",
1790445748.264,hud,calib_s,,,,,"✗ Buffer (need 6s)",
1790445748.264,marker,reconciled,0.00000000,0.00000000,0.00,false,,
1790445748.295,hud,speed,,,,,"0.0 / 0.0",0.000
1790445748.295,hud,heading,,,,,"0° / 0°",0.000
1790445748.295,hud,drift,,,,,"0.00%",0.000
1790445748.296,hud,turns,,,,,"✗ turns: 0/15",
1790445748.296,hud,calib_s,,,,,"✗ Buffer (need 6s)",
1790445748.296,marker,reconciled,0.00000000,0.00000000,0.00,false,,
1790445748.370,hud,speed,,,,,"0.0 / 0.0",0.000
1790445748.371,hud,heading,,,,,"0° / 0°",0.000
1790445748.371,hud,drift,,,,,"0.00%",0.000
1790445748.372,hud,turns,,,,,"✗ turns: 0/15",
1790445748.372,hud,calib_s,,,,,"✗ Buffer (need 6s)",
1790445748.374,marker,gnss,52.37551000,-1.29743900,275.90,true,,
1790445748.375,marker,reconciled,0.00000000,0.00000000,0.00,false,,
1790445748.420,hud,speed,,,,,"0.0 / 0.0",0.000
1790445748.421,hud,heading,,,,,"0° / 0°",0.000
1790445748.421,hud,drift,,,,,"0.00%",0.000
1790445748.421,hud,turns,,,,,"✗ turns: 0/15",
1790445748.422,hud,calib_s,,,,,"✗ Buffer (need 6s)",
1790445748.422,marker,gnss,52.37551000,-1.29743900,275.90,true,,
1790445748.423,marker,reconciled,0.00000000,0.00000000,0.00,false,,
1790445748.463,hud,speed,,,,,"0.0 / 0.0",0.000
1790445748.463,hud,heading,,,,,"0° / 0°",0.000
1790445748.464,hud,drift,,,,,"0.00%",0.000
1790445748.464,hud,turns,,,,,"✗ turns: 0/15",
1790445748.464,hud,calib_s,,,,,"✗ Buffer (need 6s)",
1790445748.465,marker,gnss,52.37551000,-1.29743900,275.90,true,,
1790445748.466,marker,reconciled,0.00000000,0.00000000,0.00,false,,
1790445748.507,hud,speed,,,,,"0.0 / 0.0",0.000
1790445748.508,hud,heading,,,,,"0° / 0°",0.000
1790445748.508,hud,drift,,,,,"0.00%",0.000
1790445748.508,hud,turns,,,,,"✗ turns: 0/15",
1790445748.509,hud,calib_s,,,,,"✗ Buffer (need 6s)",
1790445748.510,marker,gnss,52.37551000,-1.29743900,275.90,true,,
1790445748.510,marker,reconciled,0.00000000,0.00000000,0.00,false,,
1790445748.586,hud,speed,,,,,"0.0 / 0.0",0.000
1790445748.587,hud,heading,,,,,"0° / 0°",0.000
1790445748.588,hud,drift,,,,,"0.00%",0.000
1790445748.589,hud,turns,,,,,"✗ turns: 0/15",
1790445748.589,hud,calib_s,,,,,"✗ Buffer (need 6s)",
1790445748.590,marker,gnss,52.37551000,-1.29743900,275.90,true,,
1790445748.591,marker,reconciled,0.00000000,0.00000000,0.00,false,,
1790445748.621,hud,speed,,,,,"0.0 / 0.0",0.000
1790445748.621,hud,heading,,,,,"0° / 0°",0.000
1790445748.621,hud,drift,,,,,"0.00%",0.000
1790445748.622,hud,turns,,,,,"✗ turns: 0/15",
1790445748.622,hud,calib_s,,,,,"✗ Buffer (need 6s)",
1790445748.622,marker,gnss,52.37551000,-1.29743900,275.90,true,,
1790445748.623,marker,reconciled,0.00000000,0.00000000,0.00,false,,
1790445748.690,hud,speed,,,,,"0.0 / 0.0",0.000
1790445748.691,hud,heading,,,,,"0° / 0°",0.000
1790445748.692,hud,drift,,,,,"0.00%",0.000
1790445748.692,hud,turns,,,,,"✗ turns: 0/15",
1790445748.693,hud,calib_s,,,,,"✗ Buffer (need 6s)",
1790445748.693,marker,gnss,52.37551000,-1.29743900,275.90,true,,
1790445748.694,marker,reconciled,0.00000000,0.00000000,0.00,false,,
1790445748.732,hud,speed,,,,,"0.0 / 0.0",0.000
1790445748.733,hud,heading,,,,,"0° / 0°",0.000
1790445748.733,hud,drift,,,,,"0.00%",0.000
1790445748.733,hud,turns,,,,,"✗ turns: 0/15",
1790445748.734,hud,calib_s,,,,,"✗ Buffer (need 6s)",
1790445748.734,marker,gnss,52.37551000,-1.29743900,275.90,true,,
1790445748.735,marker,reconciled,0.00000000,0.00000000,0.00,false,,
1790445748.764,hud,speed,,,,,"0.0 / 0.0",0.000
1790445748.764,hud,heading,,,,,"0° / 0°",0.000
1790445748.765,hud,drift,,,,,"0.00%",0.000
1790445748.765,hud,turns,,,,,"✗ turns: 0/15",
1790445748.765,hud,calib_s,,,,,"✗ Buffer (need 6s)",
1790445748.766,marker,gnss,52.37551000,-1.29743900,275.90,true,,
1790445748.766,marker,reconciled,0.00000000,0.00000000,0.00,false,,
1790445748.819,hud,speed,,,,,"0.0 / 0.0",0.000
1790445748.819,hud,heading,,,,,"0° / 0°",0.000
1790445748.820,hud,drift,,,,,"0.00%",0.000
1790445748.820,hud,turns,,,,,"✗ turns: 0/15",
1790445748.820,hud,calib_s,,,,,"✗ Buffer (need 6s)",
1790445748.821,marker,gnss,52.37551000,-1.29743900,275.90,true,,
1790445748.821,marker,reconciled,0.00000000,0.00000000,0.00,false,,
1790445748.882,hud,speed,,,,,"0.0 / 0.0",0.000
1790445748.882,hud,heading,,,,,"0° / 0°",0.000
1790445748.883,hud,drift,,,,,"0.00%",0.000
1790445748.883,hud,turns,,,,,"✗ turns: 0/15",
1790445748.883,hud,calib_s,,,,,"✗ Buffer (need 6s)",
1790445748.884,marker,gnss,52.37551000,-1.29743900,275.90,true,,
1790445748.884,marker,reconciled,0.00000000,0.00000000,0.00,false,,
1790445748.919,hud,speed,,,,,"0.0 / 0.0",0.000
1790445748.919,hud,heading,,,,,"0° / 0°",0.000
1790445748.919,hud,drift,,,,,"0.00%",0.000
1790445748.920,hud,turns,,,,,"✗ turns: 0/15",
1790445748.920,hud,calib_s,,,,,"✗ Buffer (need 6s)",
1790445748.920,marker,gnss,52.37551000,-1.29743900,275.90,true,,
1790445748.921,marker,reconciled,0.00000000,0.00000000,0.00,false,,
1790445748.967,hud,speed,,,,,"0.0 / 0.0",0.000
1790445748.968,hud,heading,,,,,"0° / 0°",0.000
1790445748.968,hud,drift,,,,,"0.00%",0.000
1790445748.968,hud,turns,,,,,"✗ turns: 0/15",
1790445748.968,hud,calib_s,,,,,"✗ Buffer (need 6s)",
1790445748.969,marker,gnss,52.37551000,-1.29743900,275.90,true,,
1790445748.969,marker,reconciled,0.00000000,0.00000000,0.00,false,,
1790445749.017,hud,speed,,,,,"0.0 / 0.0",0.000
1790445749.018,hud,heading,,,,,"0° / 0°",0.000
1790445749.018,hud,drift,,,,,"0.00%",0.000
1790445749.019,hud,turns,,,,,"✗ turns: 0/15",
1790445749.019,hud,calib_s,,,,,"✗ Buffer (need 6s)",
1790445749.020,marker,gnss,52.37551000,-1.29743900,275.90,true,,
1790445749.020,marker,reconciled,0.00000000,0.00000000,0.00,false,,
1790445749.072,hud,speed,,,,,"0.0 / 0.0",0.000
1790445749.073,hud,heading,,,,,"0° / 0°",0.000
1790445749.073,hud,drift,,,,,"0.00%",0.000
1790445749.073,hud,turns,,,,,"✗ turns: 0/15",
1790445749.074,hud,calib_s,,,,,"✗ Buffer (need 6s)",
1790445749.075,marker,gnss,52.37551000,-1.29743900,275.90,true,,
1790445749.075,marker,reconciled,0.00000000,0.00000000,0.00,false,,
1790445749.143,hud,speed,,,,,"0.0 / 0.0",0.000
1790445749.143,hud,heading,,,,,"0° / 0°",0.000
1790445749.144,hud,drift,,,,,"0.00%",0.000
1790445749.145,hud,turns,,,,,"✗ turns: 0/15",
1790445749.145,hud,calib_s,,,,,"✗ Buffer (need 6s)",
1790445749.146,marker,gnss,52.37551000,-1.29743900,275.90,true,,
1790445749.147,marker,reconciled,0.00000000,0.00000000,0.00,false,,
1790445749.189,hud,speed,,,,,"0.0 / 0.0",0.000
1790445749.189,hud,heading,,,,,"0° / 0°",0.000
1790445749.189,hud,drift,,,,,"0.00%",0.000
1790445749.190,hud,turns,,,,,"✗ turns: 0/15",
1790445749.190,hud,calib_s,,,,,"✗ Buffer (need 6s)",
1790445749.190,marker,gnss,52.37551000,-1.29743900,275.90,true,,
1790445749.191,marker,reconciled,0.00000000,0.00000000,0.00,false,,
1790445749.224,hud,speed,,,,,"0.0 / 0.0",0.000
1790445749.225,hud,heading,,,,,"0° / 0°",0.000
1790445749.225,hud,drift,,,,,"0.00%",0.000
1790445749.225,hud,turns,,,,,"✗ turns: 0/15",
1790445749.225,hud,calib_s,,,,,"✗ Buffer (need 6s)",
1790445749.226,marker,gnss,52.37551000,-1.29743900,275.90,true,,
1790445749.227,marker,reconciled,0.00000000,0.00000000,0.00,false,,
1790445749.298,hud,speed,,,,,"0.0 / 0.0",0.000
1790445749.298,hud,heading,,,,,"0° / 0°",0.000
1790445749.299,hud,drift,,,,,"0.00%",0.000
1790445749.299,hud,turns,,,,,"✗ turns: 0/15",
1790445749.299,hud,calib_s,,,,,"✗ Buffer (need 6s)",
1790445749.300,marker,gnss,52.37551000,-1.29743900,275.90,true,,
1790445749.301,marker,reconciled,0.00000000,0.00000000,0.00,false,,
1790445749.335,hud,speed,,,,,"0.0 / 0.0",0.000
1790445749.335,hud,heading,,,,,"0° / 0°",0.000
1790445749.335,hud,drift,,,,,"0.00%",0.000
1790445749.335,hud,turns,,,,,"✗ turns: 0/15",
1790445749.336,hud,calib_s,,,,,"✗ Buffer (need 6s)",
1790445749.336,marker,gnss,52.37551000,-1.29743900,275.90,true,,
1790445749.336,marker,reconciled,0.00000000,0.00000000,0.00,false,,
1790445749.375,hud,speed,,,,,"0.0 / 0.0",0.000
1790445749.376,hud,heading,,,,,"0° / 0°",0.000
1790445749.376,hud,drift,,,,,"0.00%",0.000
1790445749.376,hud,turns,,,,,"✗ turns: 0/15",
1790445749.377,hud,calib_s,,,,,"✗ Buffer (need 6s)",
1790445749.377,marker,gnss,52.37551000,-1.29743900,275.90,true,,
1790445749.378,marker,reconciled,0.00000000,0.00000000,0.00,false,,
1790445749.435,hud,speed,,,,,"0.0 / 0.0",0.000
1790445749.435,hud,heading,,,,,"0° / 0°",0.000
1790445749.435,hud,drift,,,,,"0.00%",0.000
1790445749.435,hud,turns,,,,,"✗ turns: 0/15",
1790445749.436,hud,calib_s,,,,,"✗ Buffer (need 6s)",
1790445749.436,marker,gnss,52.37551000,-1.29743900,275.90,true,,
1790445749.436,marker,reconciled,0.00000000,0.00000000,0.00,false,,
1790445749.471,hud,speed,,,,,"0.0 / 0.0",0.000
1790445749.472,hud,heading,,,,,"0° / 0°",0.000
1790445749.472,hud,drift,,,,,"0.00%",0.000
1790445749.472,hud,turns,,,,,"✗ turns: 0/15",
1790445749.472,hud,calib_s,,,,,"✓ Buffer 6s",
1790445749.473,marker,gnss,52.37551000,-1.29743900,275.90,true,,
1790445749.473,marker,reconciled,0.00000000,0.00000000,0.00,false,,
1790445749.539,hud,speed,,,,,"0.0 / 0.0",0.000
1790445749.540,hud,heading,,,,,"0° / 0°",0.000
1790445749.540,hud,drift,,,,,"0.00%",0.000
1790445749.540,hud,turns,,,,,"✗ turns: 0/15",
1790445749.541,hud,calib_s,,,,,"✓ Buffer 6s",
1790445749.541,marker,gnss,52.37551000,-1.29743900,275.90,true,,
1790445749.542,marker,reconciled,0.00000000,0.00000000,0.00,false,,
1790445749.574,hud,speed,,,,,"0.0 / 0.0",0.000
1790445749.574,hud,heading,,,,,"0° / 0°",0.000
1790445749.575,hud,drift,,,,,"0.00%",0.000
1790445749.575,hud,turns,,,,,"✗ turns: 0/15",
1790445749.575,hud,calib_s,,,,,"✓ Buffer 6s",
1790445749.576,marker,gnss,52.37551000,-1.29743900,275.90,true,,
1790445749.576,marker,reconciled,0.00000000,0.00000000,0.00,false,,
1790445749.626,hud,speed,,,,,"0.0 / 0.0",0.000
1790445749.627,hud,heading,,,,,"0° / 0°",0.000
1790445749.627,hud,drift,,,,,"0.00%",0.000
1790445749.627,hud,turns,,,,,"✗ turns: 0/15",
1790445749.627,hud,calib_s,,,,,"✓ Buffer 6s",
1790445749.628,marker,gnss,52.37551000,-1.29743900,275.90,true,,
1790445749.628,marker,reconciled,0.00000000,0.00000000,0.00,false,,
1790445749.679,hud,speed,,,,,"0.0 / 0.0",0.000
1790445749.679,hud,heading,,,,,"0° / 0°",0.000
1790445749.680,hud,drift,,,,,"0.00%",0.000
1790445749.680,hud,turns,,,,,"✗ turns: 0/15",
1790445749.680,hud,calib_s,,,,,"✓ Buffer 6s",
1790445749.681,marker,gnss,52.37551000,-1.29743900,275.90,true,,
1790445749.681,marker,reconciled,0.00000000,0.00000000,0.00,false,,
1790445749.745,hud,speed,,,,,"0.0 / 0.0",0.000
1790445749.745,hud,heading,,,,,"0° / 0°",0.000
1790445749.745,hud,drift,,,,,"0.00%",0.000
1790445749.746,hud,turns,,,,,"✗ turns: 0/15",
1790445749.746,hud,calib_s,,,,,"✓ Buffer 6s",
1790445749.747,marker,gnss,52.37551000,-1.29743900,275.90,true,,
1790445749.747,marker,reconciled,0.00000000,0.00000000,0.00,false,,
1790445749.774,hud,speed,,,,,"0.0 / 0.0",0.000
1790445749.774,hud,heading,,,,,"0° / 0°",0.000
1790445749.775,hud,drift,,,,,"0.00%",0.000
1790445749.775,hud,turns,,,,,"✗ turns: 0/15",
1790445749.775,hud,calib_s,,,,,"✓ Buffer 6s",
1790445749.775,marker,gnss,52.37551000,-1.29743900,275.90,true,,
1790445749.776,marker,reconciled,0.00000000,0.00000000,0.00,false,,
1790445749.830,hud,speed,,,,,"0.0 / 0.0",0.000
1790445749.831,hud,heading,,,,,"0° / 0°",0.000
1790445749.831,hud,drift,,,,,"0.00%",0.000
1790445749.831,hud,turns,,,,,"✗ turns: 0/15",
1790445749.831,hud,calib_s,,,,,"✓ Buffer 6s",
1790445749.832,marker,gnss,52.37551000,-1.29743900,275.90,true,,
1790445749.832,marker,reconciled,0.00000000,0.00000000,0.00,false,,
1790445749.883,hud,speed,,,,,"0.0 / 0.0",0.000
1790445749.884,hud,heading,,,,,"0° / 0°",0.000
1790445749.884,hud,drift,,,,,"0.00%",0.000
1790445749.884,hud,turns,,,,,"✗ turns: 0/15",
1790445749.885,hud,calib_s,,,,,"✓ Buffer 6s",
1790445749.885,marker,gnss,52.37551000,-1.29743900,275.90,true,,
1790445749.885,marker,reconciled,0.00000000,0.00000000,0.00,false,,
1790445749.952,hud,speed,,,,,"0.0 / 0.0",0.000
1790445749.952,hud,heading,,,,,"0° / 0°",0.000
1790445749.953,hud,drift,,,,,"0.00%",0.000
1790445749.953,hud,turns,,,,,"✗ turns: 0/15",
1790445749.954,hud,calib_s,,,,,"✓ Buffer 6s",
1790445749.955,marker,gnss,52.37551000,-1.29743900,275.90,true,,
1790445749.955,marker,reconciled,0.00000000,0.00000000,0.00,false,,
1790445749.978,hud,speed,,,,,"0.0 / 0.0",0.000
1790445749.979,hud,heading,,,,,"0° / 0°",0.000
1790445749.979,hud,drift,,,,,"0.00%",0.000
1790445749.979,hud,turns,,,,,"✗ turns: 0/15",
1790445749.979,hud,calib_s,,,,,"✓ Buffer 6s",
1790445749.980,marker,gnss,52.37551000,-1.29743900,275.90,true,,
1790445749.980,marker,reconciled,0.00000000,0.00000000,0.00,false,,
1790445750.033,hud,speed,,,,,"0.0 / 0.0",0.000
1790445750.034,hud,heading,,,,,"0° / 0°",0.000
1790445750.034,hud,drift,,,,,"0.00%",0.000
1790445750.034,hud,turns,,,,,"✗ turns: 0/15",
1790445750.035,hud,calib_s,,,,,"✓ Buffer 6s",
1790445750.036,marker,gnss,52.37551000,-1.29743900,275.90,true,,
1790445750.036,marker,reconciled,0.00000000,0.00000000,0.00,false,,
1790445750.085,hud,speed,,,,,"0.0 / 0.0",0.000
1790445750.085,hud,heading,,,,,"0° / 0°",0.000
1790445750.086,hud,drift,,,,,"0.00%",0.000
1790445750.086,hud,turns,,,,,"✗ turns: 0/15",
1790445750.086,hud,calib_s,,,,,"✓ Buffer 6s",
1790445750.087,marker,gnss,52.37551000,-1.29743900,275.90,true,,
1790445750.087,marker,reconciled,0.00000000,0.00000000,0.00,false,,
1790445750.146,hud,speed,,,,,"0.0 / 0.0",0.000
1790445750.147,hud,heading,,,,,"0° / 0°",0.000
1790445750.147,hud,drift,,,,,"0.00%",0.000
1790445750.148,hud,turns,,,,,"✗ turns: 0/15",
1790445750.148,hud,calib_s,,,,,"✓ Buffer 6s",
1790445750.148,marker,gnss,52.37551000,-1.29743900,275.90,true,,
1790445750.149,marker,reconciled,0.00000000,0.00000000,0.00,false,,
1790445750.189,hud,speed,,,,,"0.0 / 0.0",0.000
1790445750.189,hud,heading,,,,,"0° / 0°",0.000
1790445750.189,hud,drift,,,,,"0.00%",0.000
1790445750.190,hud,turns,,,,,"✗ turns: 0/15",
1790445750.190,hud,calib_s,,,,,"✓ Buffer 6s",
1790445750.190,marker,gnss,52.37551000,-1.29743900,275.90,true,,
1790445750.191,marker,reconciled,0.00000000,0.00000000,0.00,false,,
1790445750.239,hud,speed,,,,,"0.0 / 0.0",0.000
1790445750.239,hud,heading,,,,,"0° / 0°",0.000
1790445750.240,hud,drift,,,,,"0.00%",0.000
1790445750.240,hud,turns,,,,,"✗ turns: 0/15",
1790445750.240,hud,calib_s,,,,,"✓ Buffer 6s",
1790445750.241,marker,gnss,52.37551000,-1.29743900,275.90,true,,
1790445750.241,marker,reconciled,0.00000000,0.00000000,0.00,false,,
1790445750.289,hud,speed,,,,,"0.0 / 0.0",0.000
1790445750.289,hud,heading,,,,,"0° / 0°",0.000
1790445750.289,hud,drift,,,,,"0.00%",0.000
1790445750.290,hud,turns,,,,,"✗ turns: 0/15",
1790445750.290,hud,calib_s,,,,,"✓ Buffer 6s",
1790445750.290,marker,gnss,52.37551000,-1.29743900,275.90,true,,
1790445750.290,marker,reconciled,0.00000000,0.00000000,0.00,false,,
1790445750.342,hud,speed,,,,,"0.0 / 0.0",0.000
1790445750.342,hud,heading,,,,,"0° / 0°",0.000
1790445750.343,hud,drift,,,,,"0.00%",0.000
1790445750.343,hud,turns,,,,,"✗ turns: 0/15",
1790445750.343,hud,calib_s,,,,,"✓ Buffer 6s",
1790445750.344,marker,gnss,52.37551000,-1.29743900,275.90,true,,
1790445750.344,marker,reconciled,0.00000000,0.00000000,0.00,false,,
1790445750.410,hud,speed,,,,,"0.0 / 0.0",0.000
1790445750.411,hud,heading,,,,,"0° / 0°",0.000
1790445750.412,hud,drift,,,,,"0.00%",0.000
1790445750.412,hud,turns,,,,,"✗ turns: 0/15",
1790445750.412,hud,calib_s,,,,,"✓ Buffer 6s",
1790445750.413,marker,gnss,52.37551000,-1.29743900,275.90,true,,
1790445750.413,marker,reconciled,0.00000000,0.00000000,0.00,false,,
1790445750.437,hud,speed,,,,,"0.0 / 0.0",0.000
1790445750.437,hud,heading,,,,,"0° / 0°",0.000
1790445750.437,hud,drift,,,,,"0.00%",0.000
1790445750.438,hud,turns,,,,,"✗ turns: 0/15",
1790445750.438,hud,calib_s,,,,,"✓ Buffer 6s",
1790445750.438,marker,gnss,52.37551000,-1.29743900,275.90,true,,
1790445750.439,marker,reconciled,0.00000000,0.00000000,0.00,false,,
1790445750.490,hud,speed,,,,,"0.0 / 0.0",0.000
1790445750.491,hud,heading,,,,,"0° / 0°",0.000
1790445750.491,hud,drift,,,,,"0.00%",0.000
1790445750.491,hud,turns,,,,,"✗ turns: 0/15",
1790445750.492,hud,calib_s,,,,,"✓ Buffer 6s",
1790445750.492,marker,gnss,52.37551000,-1.29743900,275.90,true,,
1790445750.492,marker,reconciled,0.00000000,0.00000000,0.00,false,,
1790445750.546,hud,speed,,,,,"0.0 / 0.0",0.000
1790445750.546,hud,heading,,,,,"0° / 0°",0.000
1790445750.547,hud,drift,,,,,"0.00%",0.000
1790445750.547,hud,turns,,,,,"✗ turns: 0/15",
1790445750.547,hud,calib_s,,,,,"✓ Buffer 6s",
1790445750.548,marker,gnss,52.37551000,-1.29743900,275.90,true,,
1790445750.548,marker,reconciled,0.00000000,0.00000000,0.00,false,,
1790445750.598,hud,speed,,,,,"0.0 / 0.0",0.000
1790445750.598,hud,heading,,,,,"0° / 0°",0.000
1790445750.598,hud,drift,,,,,"0.00%",0.000
1790445750.599,hud,turns,,,,,"✗ turns: 0/15",
1790445750.599,hud,calib_s,,,,,"✓ Buffer 6s",
1790445750.599,marker,gnss,52.37551000,-1.29743900,275.90,true,,
1790445750.600,marker,reconciled,0.00000000,0.00000000,0.00,false,,
1790445750.649,hud,speed,,,,,"0.0 / 0.0",0.000
1790445750.649,hud,heading,,,,,"0° / 0°",0.000
1790445750.649,hud,drift,,,,,"0.00%",0.000
1790445750.650,hud,turns,,,,,"✗ turns: 0/15",
1790445750.650,hud,calib_s,,,,,"✓ Buffer 6s",
1790445750.650,marker,gnss,52.37551000,-1.29743900,275.90,true,,
1790445750.651,marker,reconciled,0.00000000,0.00000000,0.00,false,,
1790445750.696,hud,speed,,,,,"0.0 / 0.0",0.000
1790445750.696,hud,heading,,,,,"0° / 0°",0.000
1790445750.697,hud,drift,,,,,"0.00%",0.000
1790445750.697,hud,turns,,,,,"✗ turns: 0/15",
1790445750.697,hud,calib_s,,,,,"✓ Buffer 6s",
1790445750.697,marker,gnss,52.37551000,-1.29743900,275.90,true,,
1790445750.698,marker,reconciled,0.00000000,0.00000000,0.00,false,,
1790445750.750,hud,speed,,,,,"0.0 / 0.0",0.000
1790445750.751,hud,heading,,,,,"0° / 0°",0.000
1790445750.751,hud,drift,,,,,"0.00%",0.000
1790445750.752,hud,turns,,,,,"✗ turns: 0/15",
1790445750.752,hud,calib_s,,,,,"✓ Buffer 6s",
1790445750.752,marker,gnss,52.37551000,-1.29743900,275.90,true,,
1790445750.753,marker,reconciled,0.00000000,0.00000000,0.00,false,,
1790445750.816,hud,speed,,,,,"0.0 / 0.0",0.000
1790445750.816,hud,heading,,,,,"0° / 0°",0.000
1790445750.817,hud,drift,,,,,"0.00%",0.000
1790445750.817,hud,turns,,,,,"✗ turns: 0/15",
1790445750.817,hud,calib_s,,,,,"✓ Buffer 6s",
1790445750.818,marker,gnss,52.37551000,-1.29743900,275.90,true,,
1790445750.819,marker,reconciled,0.00000000,0.00000000,0.00,false,,
1790445750.858,hud,speed,,,,,"0.0 / 0.0",0.000
1790445750.858,hud,heading,,,,,"0° / 0°",0.000
1790445750.859,hud,drift,,,,,"0.00%",0.000
1790445750.859,hud,turns,,,,,"✗ turns: 0/15",
1790445750.859,hud,calib_s,,,,,"✓ Buffer 6s",
1790445750.859,marker,gnss,52.37551000,-1.29743900,275.90,true,,
1790445750.860,marker,reconciled,0.00000000,0.00000000,0.00,false,,
1790445750.907,hud,speed,,,,,"0.0 / 0.0",0.000
1790445750.908,hud,heading,,,,,"0° / 0°",0.000
1790445750.908,hud,drift,,,,,"0.00%",0.000
1790445750.908,hud,turns,,,,,"✗ turns: 0/15",
1790445750.908,hud,calib_s,,,,,"✓ Buffer 6s",
1790445750.908,marker,gnss,52.37551000,-1.29743900,275.90,true,,
1790445750.909,marker,reconciled,0.00000000,0.00000000,0.00,false,,
1790445750.950,hud,speed,,,,,"0.0 / 0.0",0.000
1790445750.951,hud,heading,,,,,"0° / 0°",0.000
1790445750.951,hud,drift,,,,,"0.00%",0.000
1790445750.952,hud,turns,,,,,"✗ turns: 0/15",
1790445750.952,hud,calib_s,,,,,"✓ Buffer 6s",
1790445750.953,marker,gnss,52.37551000,-1.29743900,275.90,true,,
1790445750.953,marker,reconciled,0.00000000,0.00000000,0.00,false,,
1790445751.001,hud,speed,,,,,"0.0 / 0.0",0.000
1790445751.002,hud,heading,,,,,"0° / 0°",0.000
1790445751.002,hud,drift,,,,,"0.00%",0.000
1790445751.003,hud,turns,,,,,"✗ turns: 0/15",
1790445751.003,hud,calib_s,,,,,"✓ Buffer 6s",
1790445751.003,marker,gnss,52.37551000,-1.29743900,275.90,true,,
1790445751.003,marker,reconciled,0.00000000,0.00000000,0.00,false,,
1790445751.056,hud,speed,,,,,"0.0 / 0.0",0.000
1790445751.056,hud,heading,,,,,"0° / 0°",0.000
1790445751.056,hud,drift,,,,,"0.00%",0.000
1790445751.057,hud,turns,,,,,"✗ turns: 0/15",
1790445751.057,hud,calib_s,,,,,"✓ Buffer 6s",
1790445751.057,marker,gnss,52.37551000,-1.29743900,275.90,true,,
1790445751.057,marker,reconciled,0.00000000,0.00000000,0.00,false,,
1790445751.105,hud,speed,,,,,"0.0 / 0.0",0.000
1790445751.106,hud,heading,,,,,"0° / 0°",0.000
1790445751.106,hud,drift,,,,,"0.00%",0.000
1790445751.107,hud,turns,,,,,"✗ turns: 0/15",
1790445751.107,hud,calib_s,,,,,"✓ Buffer 6s",
1790445751.107,marker,gnss,52.37551000,-1.29743900,275.90,true,,
1790445751.108,marker,reconciled,0.00000000,0.00000000,0.00,false,,
1790445751.157,hud,speed,,,,,"0.0 / 0.0",0.000
1790445751.158,hud,heading,,,,,"0° / 0°",0.000
1790445751.158,hud,drift,,,,,"0.00%",0.000
1790445751.159,hud,turns,,,,,"✗ turns: 0/15",
1790445751.159,hud,calib_s,,,,,"✓ Buffer 6s",
1790445751.159,marker,gnss,52.37551000,-1.29743900,275.90,true,,
1790445751.160,marker,reconciled,0.00000000,0.00000000,0.00,false,,
1790445751.209,hud,speed,,,,,"0.0 / 0.0",0.000
1790445751.209,hud,heading,,,,,"0° / 0°",0.000
1790445751.210,hud,drift,,,,,"0.00%",0.000
1790445751.210,hud,turns,,,,,"✗ turns: 0/15",
1790445751.210,hud,calib_s,,,,,"✓ Buffer 6s",
1790445751.211,marker,gnss,52.37551000,-1.29743900,275.90,true,,
1790445751.211,marker,reconciled,0.00000000,0.00000000,0.00,false,,
1790445751.282,hud,speed,,,,,"0.0 / 0.0",0.000
1790445751.282,hud,heading,,,,,"0° / 0°",0.000
1790445751.283,hud,drift,,,,,"0.00%",0.000
1790445751.284,hud,turns,,,,,"✗ turns: 0/15",
1790445751.284,hud,calib_s,,,,,"✓ Buffer 6s",
1790445751.285,marker,gnss,52.37551000,-1.29743900,275.90,true,,
1790445751.287,marker,reconciled,0.00000000,0.00000000,0.00,false,,
1790445751.306,hud,speed,,,,,"0.0 / 0.0",0.000
1790445751.307,hud,heading,,,,,"0° / 0°",0.000
1790445751.307,hud,drift,,,,,"0.00%",0.000
1790445751.307,hud,turns,,,,,"✗ turns: 0/15",
1790445751.308,hud,calib_s,,,,,"✓ Buffer 6s",
1790445751.308,marker,gnss,52.37551000,-1.29743900,275.90,true,,
1790445751.308,marker,reconciled,0.00000000,0.00000000,0.00,false,,
1790445751.357,hud,speed,,,,,"0.0 / 0.0",0.000
1790445751.358,hud,heading,,,,,"0° / 0°",0.000
1790445751.358,hud,drift,,,,,"0.00%",0.000
1790445751.358,hud,turns,,,,,"✗ turns: 0/15",
1790445751.358,hud,calib_s,,,,,"✓ Buffer 6s",
1790445751.359,marker,gnss,52.37551000,-1.29743900,275.90,true,,
1790445751.359,marker,reconciled,0.00000000,0.00000000,0.00,false,,
1790445751.416,hud,speed,,,,,"0.0 / 0.0",0.000
1790445751.417,hud,heading,,,,,"0° / 0°",0.000
1790445751.417,hud,drift,,,,,"0.00%",0.000
1790445751.418,hud,turns,,,,,"✗ turns: 0/15",
1790445751.418,hud,calib_s,,,,,"✓ Buffer 6s",
1790445751.419,marker,gnss,52.37551000,-1.29743900,275.90,true,,
1790445751.419,marker,reconciled,0.00000000,0.00000000,0.00,false,,
1790445751.466,hud,speed,,,,,"0.0 / 0.0",0.000
1790445751.466,hud,heading,,,,,"0° / 0°",0.000
1790445751.467,hud,drift,,,,,"0.00%",0.000
1790445751.467,hud,turns,,,,,"✗ turns: 0/15",
1790445751.467,hud,calib_s,,,,,"✓ Buffer 6s",
1790445751.467,marker,gnss,52.37551000,-1.29743900,275.90,true,,
1790445751.468,marker,reconciled,0.00000000,0.00000000,0.00,false,,
1790445751.517,hud,speed,,,,,"0.0 / 0.0",0.000
1790445751.518,hud,heading,,,,,"0° / 0°",0.000
1790445751.518,hud,drift,,,,,"0.00%",0.000
1790445751.518,hud,turns,,,,,"✗ turns: 0/15",
1790445751.519,hud,calib_s,,,,,"✓ Buffer 6s",
1790445751.519,marker,gnss,52.37551000,-1.29743900,275.90,true,,
1790445751.519,marker,reconciled,0.00000000,0.00000000,0.00,false,,
1790445751.570,hud,speed,,,,,"0.0 / 0.0",0.000
1790445751.570,hud,heading,,,,,"0° / 0°",0.000
1790445751.571,hud,drift,,,,,"0.00%",0.000
1790445751.571,hud,turns,,,,,"✗ turns: 0/15",
1790445751.571,hud,calib_s,,,,,"✓ Buffer 6s",
1790445751.571,marker,gnss,52.37551000,-1.29743900,275.90,true,,
1790445751.572,marker,reconciled,0.00000000,0.00000000,0.00,false,,
1790445751.619,hud,speed,,,,,"0.0 / 0.0",0.000
1790445751.619,hud,heading,,,,,"0° / 0°",0.000
1790445751.620,hud,drift,,,,,"0.00%",0.000
1790445751.620,hud,turns,,,,,"✗ turns: 0/15",
1790445751.620,hud,calib_s,,,,,"✓ Buffer 6s",
1790445751.621,marker,gnss,52.37551000,-1.29743900,275.90,true,,
1790445751.621,marker,reconciled,0.00000000,0.00000000,0.00,false,,
1790445751.672,hud,speed,,,,,"0.0 / 0.0",0.000
1790445751.672,hud,heading,,,,,"0° / 0°",0.000
1790445751.672,hud,drift,,,,,"0.00%",0.000
1790445751.673,hud,turns,,,,,"✗ turns: 0/15",
1790445751.673,hud,calib_s,,,,,"✓ Buffer 6s",
1790445751.673,marker,gnss,52.37551000,-1.29743900,275.90,true,,
1790445751.673,marker,reconciled,0.00000000,0.00000000,0.00,false,,
1790445751.738,hud,speed,,,,,"0.0 / 0.0",0.000
1790445751.739,hud,heading,,,,,"0° / 0°",0.000
1790445751.739,hud,drift,,,,,"0.00%",0.000
1790445751.740,hud,turns,,,,,"✗ turns: 0/15",
1790445751.740,hud,calib_s,,,,,"✓ Buffer 6s",
1790445751.740,marker,gnss,52.37551000,-1.29743900,275.90,true,,
1790445751.741,marker,reconciled,0.00000000,0.00000000,0.00,false,,
1790445751.764,hud,speed,,,,,"0.0 / 0.0",0.000
1790445751.765,hud,heading,,,,,"0° / 0°",0.000
1790445751.765,hud,drift,,,,,"0.00%",0.000
1790445751.765,hud,turns,,,,,"✗ turns: 0/15",
1790445751.765,hud,calib_s,,,,,"✓ Buffer 6s",
1790445751.766,marker,gnss,52.37551000,-1.29743900,275.90,true,,
1790445751.766,marker,reconciled,0.00000000,0.00000000,0.00,false,,
1790445751.834,hud,speed,,,,,"0.0 / 0.0",0.000
1790445751.834,hud,heading,,,,,"0° / 0°",0.000
1790445751.834,hud,drift,,,,,"0.00%",0.000
1790445751.834,hud,turns,,,,,"✗ turns: 0/15",
1790445751.835,hud,calib_s,,,,,"✓ Buffer 6s",
1790445751.835,marker,gnss,52.37551000,-1.29743900,275.90,true,,
1790445751.835,marker,reconciled,0.00000000,0.00000000,0.00,false,,
1790445751.871,hud,speed,,,,,"0.0 / 0.0",0.000
1790445751.871,hud,heading,,,,,"0° / 0°",0.000
1790445751.872,hud,drift,,,,,"0.00%",0.000
1790445751.872,hud,turns,,,,,"✗ turns: 0/15",
1790445751.872,hud,calib_s,,,,,"✓ Buffer 6s",
1790445751.872,marker,gnss,52.37551000,-1.29743900,275.90,true,,
1790445751.873,marker,reconciled,0.00000000,0.00000000,0.00,false,,
1790445751.921,hud,speed,,,,,"0.0 / 0.0",0.000
1790445751.922,hud,heading,,,,,"0° / 0°",0.000
1790445751.922,hud,drift,,,,,"0.00%",0.000
1790445751.922,hud,turns,,,,,"✗ turns: 0/15",
1790445751.922,hud,calib_s,,,,,"✓ Buffer 6s",
1790445751.923,marker,gnss,52.37551000,-1.29743900,275.90,true,,
1790445751.923,marker,reconciled,0.00000000,0.00000000,0.00,false,,
1790445751.997,hud,speed,,,,,"0.0 / 0.0",0.000
1790445751.998,hud,heading,,,,,"0° / 0°",0.000
1790445751.998,hud,drift,,,,,"0.00%",0.000
1790445751.999,hud,turns,,,,,"✗ turns: 0/15",
1790445751.999,hud,calib_s,,,,,"✓ Buffer 6s",
1790445751.999,marker,gnss,52.37551000,-1.29743900,275.90,true,,
1790445752.000,marker,reconciled,0.00000000,0.00000000,0.00,false,,
1790445752.028,hud,speed,,,,,"0.0 / 0.0",0.000
1790445752.028,hud,heading,,,,,"0° / 0°",0.000
1790445752.028,hud,drift,,,,,"0.00%",0.000
1790445752.029,hud,turns,,,,,"✗ turns: 1/15",
1790445752.029,hud,calib_s,,,,,"✓ Buffer 6s",
1790445752.029,marker,gnss,52.37565600,-1.29506600,280.90,true,,
1790445752.029,marker,reconciled,0.00000000,0.00000000,0.00,false,,
1790445752.090,hud,speed,,,,,"0.0 / 0.0",0.000
1790445752.090,hud,heading,,,,,"0° / 0°",0.000
1790445752.090,hud,drift,,,,,"0.00%",0.000
1790445752.091,hud,turns,,,,,"✗ turns: 1/15",
1790445752.091,hud,calib_s,,,,,"✓ Buffer 6s",
1790445752.091,marker,gnss,52.37565600,-1.29506600,280.90,true,,
1790445752.091,marker,reconciled,0.00000000,0.00000000,0.00,false,,
1790445752.129,hud,speed,,,,,"0.0 / 0.0",0.000
1790445752.129,hud,heading,,,,,"0° / 0°",0.000
1790445752.130,hud,drift,,,,,"0.00%",0.000
1790445752.130,hud,turns,,,,,"✗ turns: 1/15",
1790445752.130,hud,calib_s,,,,,"✓ Buffer 6s",
1790445752.131,marker,gnss,52.37565600,-1.29506600,280.90,true,,
1790445752.131,marker,reconciled,0.00000000,0.00000000,0.00,false,,
1790445752.181,hud,speed,,,,,"0.0 / 0.0",0.000
1790445752.181,hud,heading,,,,,"0° / 0°",0.000
1790445752.182,hud,drift,,,,,"0.00%",0.000
1790445752.182,hud,turns,,,,,"✗ turns: 1/15",
1790445752.182,hud,calib_s,,,,,"✓ Buffer 6s",
1790445752.183,marker,gnss,52.37565600,-1.29506600,280.90,true,,
1790445752.183,marker,reconciled,0.00000000,0.00000000,0.00,false,,
1790445752.254,hud,speed,,,,,"0.0 / 0.0",0.000
1790445752.254,hud,heading,,,,,"0° / 0°",0.000
1790445752.255,hud,drift,,,,,"0.00%",0.000
1790445752.255,hud,turns,,,,,"✗ turns: 1/15",
1790445752.256,hud,calib_s,,,,,"✓ Buffer 6s",
1790445752.256,marker,gnss,52.37565600,-1.29506600,280.90,true,,
1790445752.257,marker,reconciled,0.00000000,0.00000000,0.00,false,,
1790445752.283,hud,speed,,,,,"0.0 / 0.0",0.000
1790445752.283,hud,heading,,,,,"0° / 0°",0.000
1790445752.284,hud,drift,,,,,"0.00%",0.000
1790445752.284,hud,turns,,,,,"✗ turns: 1/15",
1790445752.284,hud,calib_s,,,,,"✓ Buffer 6s",
1790445752.284,marker,gnss,52.37565600,-1.29506600,280.90,true,,
1790445752.285,marker,reconciled,0.00000000,0.00000000,0.00,false,,
1790445752.333,hud,speed,,,,,"0.0 / 0.0",0.000
1790445752.334,hud,heading,,,,,"0° / 0°",0.000
1790445752.334,hud,drift,,,,,"0.00%",0.000
1790445752.334,hud,turns,,,,,"✗ turns: 1/15",
1790445752.334,hud,calib_s,,,,,"✓ Buffer 6s",
1790445752.335,marker,gnss,52.37565600,-1.29506600,280.90,true,,
1790445752.335,marker,reconciled,0.00000000,0.00000000,0.00,false,,
1790445752.388,hud,speed,,,,,"0.0 / 0.0",0.000
1790445752.388,hud,heading,,,,,"0° / 0°",0.000
1790445752.389,hud,drift,,,,,"0.00%",0.000
1790445752.389,hud,turns,,,,,"✗ turns: 1/15",
1790445752.389,hud,calib_s,,,,,"✓ Buffer 6s",
1790445752.389,marker,gnss,52.37565600,-1.29506600,280.90,true,,
1790445752.390,marker,reconciled,0.00000000,0.00000000,0.00,false,,
1790445752.441,hud,speed,,,,,"0.0 / 0.0",0.000
1790445752.441,hud,heading,,,,,"0° / 0°",0.000
1790445752.442,hud,drift,,,,,"0.00%",0.000
1790445752.442,hud,turns,,,,,"✗ turns: 1/15",
1790445752.442,hud,calib_s,,,,,"✓ Buffer 6s",
1790445752.443,marker,gnss,52.37565600,-1.29506600,280.90,true,,
1790445752.443,marker,reconciled,0.00000000,0.00000000,0.00,false,,
1790445752.506,hud,speed,,,,,"0.0 / 0.0",0.000
1790445752.507,hud,heading,,,,,"0° / 0°",0.000
1790445752.507,hud,drift,,,,,"0.00%",0.000
1790445752.508,hud,turns,,,,,"✗ turns: 1/15",
1790445752.508,hud,calib_s,,,,,"✓ Buffer 6s",
1790445752.509,marker,gnss,52.37565600,-1.29506600,280.90,true,,
1790445752.509,marker,reconciled,0.00000000,0.00000000,0.00,false,,
1790445752.551,hud,speed,,,,,"0.0 / 0.0",0.000
1790445752.551,hud,heading,,,,,"0° / 0°",0.000
1790445752.551,hud,drift,,,,,"0.00%",0.000
1790445752.552,hud,turns,,,,,"✗ turns: 1/15",
1790445752.552,hud,calib_s,,,,,"✓ Buffer 6s",
1790445752.552,marker,gnss,52.37565600,-1.29506600,280.90,true,,
1790445752.553,marker,reconciled,0.00000000,0.00000000,0.00,false,,
1790445752.592,hud,speed,,,,,"0.0 / 0.0",0.000
1790445752.592,hud,heading,,,,,"0° / 0°",0.000
1790445752.593,hud,drift,,,,,"0.00%",0.000
1790445752.593,hud,turns,,,,,"✗ turns: 1/15",
1790445752.593,hud,calib_s,,,,,"✓ Buffer 6s",
1790445752.593,marker,gnss,52.37565600,-1.29506600,280.90,true,,
1790445752.594,marker,reconciled,0.00000000,0.00000000,0.00,false,,
1790445752.641,hud,speed,,,,,"0.0 / 0.0",0.000
1790445752.641,hud,heading,,,,,"0° / 0°",0.000
1790445752.641,hud,drift,,,,,"0.00%",0.000
1790445752.642,hud,turns,,,,,"✗ turns: 1/15",
1790445752.642,hud,calib_s,,,,,"✓ Buffer 6s",
1790445752.642,marker,gnss,52.37565600,-1.29506600,280.90,true,,
1790445752.643,marker,reconciled,0.00000000,0.00000000,0.00,false,,
1790445752.710,hud,speed,,,,,"0.0 / 0.0",0.000
1790445752.711,hud,heading,,,,,"0° / 0°",0.000
1790445752.712,hud,drift,,,,,"0.00%",0.000
1790445752.712,hud,turns,,,,,"✗ turns: 1/15",
1790445752.712,hud,calib_s,,,,,"✓ Buffer 6s",
1790445752.713,marker,gnss,52.37565600,-1.29506600,280.90,true,,
1790445752.713,marker,reconciled,0.00000000,0.00000000,0.00,false,,
1790445752.740,hud,speed,,,,,"0.0 / 0.0",0.000
1790445752.740,hud,heading,,,,,"0° / 0°",0.000
1790445752.740,hud,drift,,,,,"0.00%",0.000
1790445752.741,hud,turns,,,,,"✗ turns: 1/15",
1790445752.741,hud,calib_s,,,,,"✓ Buffer 6s",
1790445752.741,marker,gnss,52.37565600,-1.29506600,280.90,true,,
1790445752.742,marker,reconciled,0.00000000,0.00000000,0.00,false,,
1790445752.797,hud,speed,,,,,"0.0 / 0.0",0.000
1790445752.797,hud,heading,,,,,"0° / 0°",0.000
1790445752.797,hud,drift,,,,,"0.00%",0.000
1790445752.798,hud,turns,,,,,"✗ turns: 1/15",
1790445752.798,hud,calib_s,,,,,"✓ Buffer 6s",
1790445752.798,marker,gnss,52.37565600,-1.29506600,280.90,true,,
1790445752.799,marker,reconciled,0.00000000,0.00000000,0.00,false,,
1790445752.863,hud,speed,,,,,"0.0 / 0.0",0.000
1790445752.864,hud,heading,,,,,"0° / 0°",0.000
1790445752.864,hud,drift,,,,,"0.00%",0.000
1790445752.865,hud,turns,,,,,"✗ turns: 1/15",
1790445752.865,hud,calib_s,,,,,"✓ Buffer 6s",
1790445752.865,marker,gnss,52.37565600,-1.29506600,280.90,true,,
1790445752.866,marker,reconciled,0.00000000,0.00000000,0.00,false,,
1790445752.891,hud,speed,,,,,"0.0 / 0.0",0.000
1790445752.892,hud,heading,,,,,"0° / 0°",0.000
1790445752.892,hud,drift,,,,,"0.00%",0.000
1790445752.892,hud,turns,,,,,"✗ turns: 1/15",
1790445752.893,hud,calib_s,,,,,"✓ Buffer 6s",
1790445752.893,marker,gnss,52.37565600,-1.29506600,280.90,true,,
1790445752.893,marker,reconciled,0.00000000,0.00000000,0.00,false,,
1790445752.944,hud,speed,,,,,"0.0 / 0.0",0.000
1790445752.944,hud,heading,,,,,"0° / 0°",0.000
1790445752.944,hud,drift,,,,,"0.00%",0.000
1790445752.945,hud,turns,,,,,"✗ turns: 1/15",
1790445752.945,hud,calib_s,,,,,"✓ Buffer 6s",
1790445752.946,marker,gnss,52.37565600,-1.29506600,280.90,true,,
1790445752.946,marker,reconciled,0.00000000,0.00000000,0.00,false,,
1790445753.003,hud,speed,,,,,"0.0 / 0.0",0.000
1790445753.003,hud,heading,,,,,"0° / 0°",0.000
1790445753.004,hud,drift,,,,,"0.00%",0.000
1790445753.004,hud,turns,,,,,"✗ turns: 1/15",
1790445753.004,hud,calib_s,,,,,"✓ Buffer 6s",
1790445753.004,marker,gnss,52.37565600,-1.29506600,280.90,true,,
1790445753.005,marker,reconciled,0.00000000,0.00000000,0.00,false,,
1790445753.051,hud,speed,,,,,"0.0 / 0.0",0.000
1790445753.052,hud,heading,,,,,"0° / 0°",0.000
1790445753.052,hud,drift,,,,,"0.00%",0.000
1790445753.053,hud,turns,,,,,"✗ turns: 1/15",
1790445753.053,hud,calib_s,,,,,"✓ Buffer 6s",
1790445753.053,marker,gnss,52.37565600,-1.29506600,280.90,true,,
1790445753.054,marker,reconciled,0.00000000,0.00000000,0.00,false,,
1790445753.103,hud,speed,,,,,"0.0 / 0.0",0.000
1790445753.104,hud,heading,,,,,"0° / 0°",0.000
1790445753.104,hud,drift,,,,,"0.00%",0.000
1790445753.104,hud,turns,,,,,"✗ turns: 1/15",
1790445753.105,hud,calib_s,,,,,"✓ Buffer 6s",
1790445753.105,marker,gnss,52.37565600,-1.29506600,280.90,true,,
1790445753.105,marker,reconciled,0.00000000,0.00000000,0.00,false,,
1790445753.153,hud,speed,,,,,"0.0 / 0.0",0.000
1790445753.154,hud,heading,,,,,"0° / 0°",0.000
1790445753.154,hud,drift,,,,,"0.00%",0.000
1790445753.155,hud,turns,,,,,"✗ turns: 1/15",
1790445753.155,hud,calib_s,,,,,"✓ Buffer 6s",
1790445753.155,marker,gnss,52.37565600,-1.29506600,280.90,true,,
1790445753.156,marker,reconciled,0.00000000,0.00000000,0.00,false,,
1790445753.206,hud,speed,,,,,"0.0 / 0.0",0.000
1790445753.206,hud,heading,,,,,"0° / 0°",0.000
1790445753.207,hud,drift,,,,,"0.00%",0.000
1790445753.207,hud,turns,,,,,"✗ turns: 1/15",
1790445753.207,hud,calib_s,,,,,"✓ Buffer 6s",
1790445753.208,marker,gnss,52.37565600,-1.29506600,280.90,true,,
1790445753.208,marker,reconciled,0.00000000,0.00000000,0.00,false,,
1790445753.282,hud,speed,,,,,"0.0 / 0.0",0.000
1790445753.283,hud,heading,,,,,"0° / 0°",0.000
1790445753.283,hud,drift,,,,,"0.00%",0.000
1790445753.284,hud,turns,,,,,"✗ turns: 1/15",
1790445753.284,hud,calib_s,,,,,"✓ Buffer 6s",
1790445753.285,marker,gnss,52.37565600,-1.29506600,280.90,true,,
1790445753.285,marker,reconciled,0.00000000,0.00000000,0.00,false,,
1790445753.318,hud,speed,,,,,"0.0 / 0.0",0.000
1790445753.318,hud,heading,,,,,"0° / 0°",0.000
1790445753.319,hud,drift,,,,,"0.00%",0.000
1790445753.319,hud,turns,,,,,"✗ turns: 1/15",
1790445753.319,hud,calib_s,,,,,"✓ Buffer 6s",
1790445753.320,marker,gnss,52.37565600,-1.29506600,280.90,true,,
1790445753.320,marker,reconciled,0.00000000,0.00000000,0.00,false,,
1790445753.370,hud,speed,,,,,"0.0 / 0.0",0.000
1790445753.371,hud,heading,,,,,"0° / 0°",0.000
1790445753.371,hud,drift,,,,,"0.00%",0.000
1790445753.371,hud,turns,,,,,"✗ turns: 1/15",
1790445753.371,hud,calib_s,,,,,"✓ Buffer 6s",
1790445753.371,marker,gnss,52.37565600,-1.29506600,280.90,true,,
1790445753.372,marker,reconciled,0.00000000,0.00000000,0.00,false,,
1790445753.406,hud,speed,,,,,"0.0 / 0.0",0.000
1790445753.406,hud,heading,,,,,"0° / 0°",0.000
1790445753.407,hud,drift,,,,,"0.00%",0.000
1790445753.407,hud,turns,,,,,"✗ turns: 1/15",
1790445753.407,hud,calib_s,,,,,"✓ Buffer 6s",
1790445753.407,marker,gnss,52.37565600,-1.29506600,280.90,true,,
1790445753.408,marker,reconciled,0.00000000,0.00000000,0.00,false,,
1790445753.475,hud,speed,,,,,"0.0 / 0.0",0.000
1790445753.476,hud,heading,,,,,"0° / 0°",0.000
1790445753.476,hud,drift,,,,,"0.00%",0.000
1790445753.476,hud,turns,,,,,"✗ turns: 1/15",
1790445753.477,hud,calib_s,,,,,"✓ Buffer 6s",
1790445753.477,marker,gnss,52.37565600,-1.29506600,280.90,true,,
1790445753.477,marker,reconciled,0.00000000,0.00000000,0.00,false,,
1790445753.508,hud,speed,,,,,"0.0 / 0.0",0.000
1790445753.509,hud,heading,,,,,"0° / 0°",0.000
1790445753.509,hud,drift,,,,,"0.00%",0.000
1790445753.509,hud,turns,,,,,"✗ turns: 1/15",
1790445753.510,hud,calib_s,,,,,"✓ Buffer 6s",
1790445753.510,marker,gnss,52.37565600,-1.29506600,280.90,true,,
1790445753.511,marker,reconciled,0.00000000,0.00000000,0.00,false,,
1790445753.563,hud,speed,,,,,"0.0 / 0.0",0.000
1790445753.563,hud,heading,,,,,"0° / 0°",0.000
1790445753.564,hud,drift,,,,,"0.00%",0.000
1790445753.564,hud,turns,,,,,"✗ turns: 1/15",
1790445753.564,hud,calib_s,,,,,"✓ Buffer 6s",
1790445753.565,marker,gnss,52.37565600,-1.29506600,280.90,true,,
1790445753.565,marker,reconciled,0.00000000,0.00000000,0.00,false,,
1790445753.628,hud,speed,,,,,"0.0 / 0.0",0.000
1790445753.629,hud,heading,,,,,"0° / 0°",0.000
1790445753.629,hud,drift,,,,,"0.00%",0.000
1790445753.630,hud,turns,,,,,"✗ turns: 1/15",
1790445753.630,hud,calib_s,,,,,"✓ Buffer 6s",
1790445753.631,marker,gnss,52.37565600,-1.29506600,280.90,true,,
1790445753.631,marker,reconciled,0.00000000,0.00000000,0.00,false,,
1790445753.664,hud,speed,,,,,"0.0 / 0.0",0.000
1790445753.664,hud,heading,,,,,"0° / 0°",0.000
1790445753.664,hud,drift,,,,,"0.00%",0.000
1790445753.665,hud,turns,,,,,"✗ turns: 1/15",
1790445753.665,hud,calib_s,,,,,"✓ Buffer 6s",
1790445753.665,marker,gnss,52.37565600,-1.29506600,280.90,true,,
1790445753.666,marker,reconciled,0.00000000,0.00000000,0.00,false,,
1790445753.715,hud,speed,,,,,"0.0 / 0.0",0.000
1790445753.716,hud,heading,,,,,"0° / 0°",0.000
1790445753.716,hud,drift,,,,,"0.00%",0.000
1790445753.716,hud,turns,,,,,"✗ turns: 1/15",
1790445753.716,hud,calib_s,,,,,"✓ Buffer 6s",
1790445753.717,marker,gnss,52.37565600,-1.29506600,280.90,true,,
1790445753.717,marker,reconciled,0.00000000,0.00000000,0.00,false,,
1790445753.768,hud,speed,,,,,"0.0 / 0.0",0.000
1790445753.768,hud,heading,,,,,"0° / 0°",0.000
1790445753.768,hud,drift,,,,,"0.00%",0.000
1790445753.768,hud,turns,,,,,"✗ turns: 1/15",
1790445753.769,hud,calib_s,,,,,"✓ Buffer 6s",
1790445753.769,marker,gnss,52.37565600,-1.29506600,280.90,true,,
1790445753.769,marker,reconciled,0.00000000,0.00000000,0.00,false,,
1790445753.829,hud,speed,,,,,"0.0 / 0.0",0.000
1790445753.829,hud,heading,,,,,"0° / 0°",0.000
1790445753.829,hud,drift,,,,,"0.00%",0.000
1790445753.830,hud,turns,,,,,"✗ turns: 1/15",
1790445753.830,hud,calib_s,,,,,"✓ Buffer 6s",
1790445753.830,marker,gnss,52.37565600,-1.29506600,280.90,true,,
1790445753.830,marker,reconciled,0.00000000,0.00000000,0.00,false,,
1790445753.863,hud,speed,,,,,"0.0 / 0.0",0.000
1790445753.864,hud,heading,,,,,"0° / 0°",0.000
1790445753.864,hud,drift,,,,,"0.00%",0.000
1790445753.864,hud,turns,,,,,"✗ turns: 1/15",
1790445753.864,hud,calib_s,,,,,"✓ Buffer 6s",
1790445753.865,marker,gnss,52.37565600,-1.29506600,280.90,true,,
1790445753.865,marker,reconciled,0.00000000,0.00000000,0.00,false,,
1790445753.918,hud,speed,,,,,"0.0 / 0.0",0.000
1790445753.919,hud,heading,,,,,"0° / 0°",0.000
1790445753.919,hud,drift,,,,,"0.00%",0.000
1790445753.919,hud,turns,,,,,"✗ turns: 1/15",
1790445753.919,hud,calib_s,,,,,"✓ Buffer 6s",
1790445753.920,marker,gnss,52.37565600,-1.29506600,280.90,true,,
1790445753.920,marker,reconciled,0.00000000,0.00000000,0.00,false,,
1790445753.987,hud,speed,,,,,"0.0 / 0.0",0.000
1790445753.988,hud,heading,,,,,"0° / 0°",0.000
1790445753.988,hud,drift,,,,,"0.00%",0.000
1790445753.989,hud,turns,,,,,"✗ turns: 1/15",
1790445753.989,hud,calib_s,,,,,"✓ Buffer 6s",
1790445753.989,marker,gnss,52.37565600,-1.29506600,280.90,true,,
1790445753.990,marker,reconciled,0.00000000,0.00000000,0.00,false,,
1790445754.014,hud,speed,,,,,"0.0 / 0.0",0.000
1790445754.014,hud,heading,,,,,"0° / 0°",0.000
1790445754.014,hud,drift,,,,,"0.00%",0.000
1790445754.015,hud,turns,,,,,"✗ turns: 1/15",
1790445754.015,hud,calib_s,,,,,"✓ Buffer 6s",
1790445754.015,marker,gnss,52.37565600,-1.29506600,280.90,true,,
1790445754.015,marker,reconciled,0.00000000,0.00000000,0.00,false,,
1790445754.072,hud,speed,,,,,"0.0 / 0.0",0.000
1790445754.073,hud,heading,,,,,"0° / 0°",0.000
1790445754.073,hud,drift,,,,,"0.00%",0.000
1790445754.073,hud,turns,,,,,"✗ turns: 1/15",
1790445754.073,hud,calib_s,,,,,"✓ Buffer 6s",
1790445754.074,marker,gnss,52.37565600,-1.29506600,280.90,true,,
1790445754.074,marker,reconciled,0.00000000,0.00000000,0.00,false,,
1790445754.125,hud,speed,,,,,"0.0 / 0.0",0.000
1790445754.125,hud,heading,,,,,"0° / 0°",0.000
1790445754.126,hud,drift,,,,,"0.00%",0.000
1790445754.126,hud,turns,,,,,"✗ turns: 1/15",
1790445754.127,hud,calib_s,,,,,"✓ Buffer 6s",
1790445754.127,marker,gnss,52.37565600,-1.29506600,280.90,true,,
1790445754.127,marker,reconciled,0.00000000,0.00000000,0.00,false,,
1790445754.176,hud,speed,,,,,"0.0 / 0.0",0.000
1790445754.176,hud,heading,,,,,"0° / 0°",0.000
1790445754.177,hud,drift,,,,,"0.00%",0.000
1790445754.177,hud,turns,,,,,"✗ turns: 1/15",
1790445754.177,hud,calib_s,,,,,"✓ Buffer 6s",
1790445754.177,marker,gnss,52.37565600,-1.29506600,280.90,true,,
1790445754.178,marker,reconciled,0.00000000,0.00000000,0.00,false,,
1790445754.223,hud,speed,,,,,"0.0 / 0.0",0.000
1790445754.223,hud,heading,,,,,"0° / 0°",0.000
1790445754.224,hud,drift,,,,,"0.00%",0.000
1790445754.224,hud,turns,,,,,"✗ turns: 1/15",
1790445754.224,hud,calib_s,,,,,"✓ Buffer 6s",
1790445754.224,marker,gnss,52.37565600,-1.29506600,280.90,true,,
1790445754.225,marker,reconciled,0.00000000,0.00000000,0.00,false,,
1790445754.276,hud,speed,,,,,"0.0 / 0.0",0.000
1790445754.276,hud,heading,,,,,"0° / 0°",0.000
1790445754.276,hud,drift,,,,,"0.00%",0.000
1790445754.276,hud,turns,,,,,"✗ turns: 1/15",
1790445754.277,hud,calib_s,,,,,"✓ Buffer 6s",
1790445754.277,marker,gnss,52.37565600,-1.29506600,280.90,true,,
1790445754.277,marker,reconciled,0.00000000,0.00000000,0.00,false,,
1790445754.335,hud,speed,,,,,"0.0 / 0.0",0.000
1790445754.336,hud,heading,,,,,"0° / 0°",0.000
1790445754.336,hud,drift,,,,,"0.00%",0.000
1790445754.336,hud,turns,,,,,"✗ turns: 1/15",
1790445754.337,hud,calib_s,,,,,"✓ Buffer 6s",
1790445754.337,marker,gnss,52.37565600,-1.29506600,280.90,true,,
1790445754.338,marker,reconciled,0.00000000,0.00000000,0.00,false,,
1790445754.379,hud,speed,,,,,"0.0 / 0.0",0.000
1790445754.379,hud,heading,,,,,"0° / 0°",0.000
1790445754.380,hud,drift,,,,,"0.00%",0.000
1790445754.380,hud,turns,,,,,"✗ turns: 1/15",
1790445754.381,hud,calib_s,,,,,"✓ Buffer 6s",
1790445754.381,marker,gnss,52.37565600,-1.29506600,280.90,true,,
1790445754.382,marker,reconciled,0.00000000,0.00000000,0.00,false,,
1790445754.433,hud,speed,,,,,"0.0 / 0.0",0.000
1790445754.434,hud,heading,,,,,"0° / 0°",0.000
1790445754.434,hud,drift,,,,,"0.00%",0.000
1790445754.434,hud,turns,,,,,"✗ turns: 1/15",
1790445754.434,hud,calib_s,,,,,"✓ Buffer 6s",
1790445754.435,marker,gnss,52.37565600,-1.29506600,280.90,true,,
1790445754.435,marker,reconciled,0.00000000,0.00000000,0.00,false,,
1790445754.489,hud,speed,,,,,"0.0 / 0.0",0.000
1790445754.490,hud,heading,,,,,"0° / 0°",0.000
1790445754.490,hud,drift,,,,,"0.00%",0.000
1790445754.490,hud,turns,,,,,"✗ turns: 1/15",
1790445754.490,hud,calib_s,,,,,"✓ Buffer 6s",
1790445754.491,marker,gnss,52.37565600,-1.29506600,280.90,true,,
1790445754.491,marker,reconciled,0.00000000,0.00000000,0.00,false,,
1790445754.530,hud,speed,,,,,"0.0 / 0.0",0.000
1790445754.530,hud,heading,,,,,"0° / 0°",0.000
1790445754.531,hud,drift,,,,,"0.00%",0.000
1790445754.531,hud,turns,,,,,"✗ turns: 1/15",
1790445754.531,hud,calib_s,,,,,"✓ Buffer 6s",
1790445754.531,marker,gnss,52.37565600,-1.29506600,280.90,true,,
1790445754.532,marker,reconciled,0.00000000,0.00000000,0.00,false,,
1790445754.583,hud,speed,,,,,"0.0 / 0.0",0.000
1790445754.583,hud,heading,,,,,"0° / 0°",0.000
1790445754.584,hud,drift,,,,,"0.00%",0.000
1790445754.584,hud,turns,,,,,"✗ turns: 1/15",
1790445754.584,hud,calib_s,,,,,"✓ Buffer 6s",
1790445754.585,marker,gnss,52.37565600,-1.29506600,280.90,true,,
1790445754.585,marker,reconciled,0.00000000,0.00000000,0.00,false,,
1790445754.638,hud,speed,,,,,"0.0 / 0.0",0.000
1790445754.638,hud,heading,,,,,"0° / 0°",0.000
1790445754.638,hud,drift,,,,,"0.00%",0.000
1790445754.639,hud,turns,,,,,"✗ turns: 1/15",
1790445754.639,hud,calib_s,,,,,"✓ Buffer 6s",
1790445754.639,marker,gnss,52.37565600,-1.29506600,280.90,true,,
1790445754.639,marker,reconciled,0.00000000,0.00000000,0.00,false,,
1790445754.687,hud,speed,,,,,"0.0 / 0.0",0.000
1790445754.688,hud,heading,,,,,"0° / 0°",0.000
1790445754.688,hud,drift,,,,,"0.00%",0.000
1790445754.689,hud,turns,,,,,"✗ turns: 1/15",
1790445754.689,hud,calib_s,,,,,"✓ Buffer 6s",
1790445754.689,marker,gnss,52.37565600,-1.29506600,280.90,true,,
1790445754.690,marker,reconciled,0.00000000,0.00000000,0.00,false,,
1790445754.747,hud,speed,,,,,"0.0 / 0.0",0.000
1790445754.748,hud,heading,,,,,"0° / 0°",0.000
1790445754.748,hud,drift,,,,,"0.00%",0.000
1790445754.748,hud,turns,,,,,"✗ turns: 1/15",
1790445754.748,hud,calib_s,,,,,"✓ Buffer 6s",
1790445754.748,marker,gnss,52.37565600,-1.29506600,280.90,true,,
1790445754.749,marker,reconciled,0.00000000,0.00000000,0.00,false,,
1790445754.786,hud,speed,,,,,"0.0 / 0.0",0.000
1790445754.786,hud,heading,,,,,"0° / 0°",0.000
1790445754.787,hud,drift,,,,,"0.00%",0.000
1790445754.787,hud,turns,,,,,"✗ turns: 1/15",
1790445754.788,hud,calib_s,,,,,"✓ Buffer 6s",
1790445754.788,marker,gnss,52.37565600,-1.29506600,280.90,true,,
1790445754.789,marker,reconciled,0.00000000,0.00000000,0.00,false,,
1790445754.847,hud,speed,,,,,"0.0 / 0.0",0.000
1790445754.848,hud,heading,,,,,"0° / 0°",0.000
1790445754.848,hud,drift,,,,,"0.00%",0.000
1790445754.848,hud,turns,,,,,"✗ turns: 1/15",
1790445754.848,hud,calib_s,,,,,"✓ Buffer 6s",
1790445754.848,marker,gnss,52.37565600,-1.29506600,280.90,true,,
1790445754.849,marker,reconciled,0.00000000,0.00000000,0.00,false,,
1790445754.886,hud,speed,,,,,"0.0 / 0.0",0.000
1790445754.887,hud,heading,,,,,"0° / 0°",0.000
1790445754.887,hud,drift,,,,,"0.00%",0.000
1790445754.888,hud,turns,,,,,"✗ turns: 1/15",
1790445754.888,hud,calib_s,,,,,"✓ Buffer 6s",
1790445754.888,marker,gnss,52.37565600,-1.29506600,280.90,true,,
1790445754.889,marker,reconciled,0.00000000,0.00000000,0.00,false,,
1790445754.936,hud,speed,,,,,"0.0 / 0.0",0.000
1790445754.936,hud,heading,,,,,"0° / 0°",0.000
1790445754.937,hud,drift,,,,,"0.00%",0.000
1790445754.937,hud,turns,,,,,"✗ turns: 1/15",
1790445754.937,hud,calib_s,,,,,"✓ Buffer 6s",
1790445754.938,marker,gnss,52.37565600,-1.29506600,280.90,true,,
1790445754.938,marker,reconciled,0.00000000,0.00000000,0.00,false,,
1790445754.993,hud,speed,,,,,"0.0 / 0.0",0.000
1790445754.993,hud,heading,,,,,"0° / 0°",0.000
1790445754.993,hud,drift,,,,,"0.00%",0.000
1790445754.994,hud,turns,,,,,"✗ turns: 1/15",
1790445754.994,hud,calib_s,,,,,"✓ Buffer 6s",
1790445754.994,marker,gnss,52.37565600,-1.29506600,280.90,true,,
1790445754.995,marker,reconciled,0.00000000,0.00000000,0.00,false,,
1790445755.061,hud,speed,,,,,"0.0 / 0.0",0.000
1790445755.061,hud,heading,,,,,"0° / 0°",0.000
1790445755.061,hud,drift,,,,,"0.00%",0.000
1790445755.062,hud,turns,,,,,"✗ turns: 1/15",
1790445755.062,hud,calib_s,,,,,"✓ Buffer 6s",
1790445755.063,marker,gnss,52.37565600,-1.29506600,280.90,true,,
1790445755.064,marker,reconciled,0.00000000,0.00000000,0.00,false,,
1790445755.095,hud,speed,,,,,"0.0 / 0.0",0.000
1790445755.095,hud,heading,,,,,"0° / 0°",0.000
1790445755.096,hud,drift,,,,,"0.00%",0.000
1790445755.096,hud,turns,,,,,"✗ turns: 1/15",
1790445755.097,hud,calib_s,,,,,"✓ Buffer 6s",
1790445755.097,marker,gnss,52.37565600,-1.29506600,280.90,true,,
1790445755.098,marker,reconciled,0.00000000,0.00000000,0.00,false,,
1790445755.141,hud,speed,,,,,"0.0 / 0.0",0.000
1790445755.142,hud,heading,,,,,"0° / 0°",0.000
1790445755.142,hud,drift,,,,,"0.00%",0.000
1790445755.142,hud,turns,,,,,"✗ turns: 1/15",
1790445755.142,hud,calib_s,,,,,"✓ Buffer 6s",
1790445755.143,marker,gnss,52.37565600,-1.29506600,280.90,true,,
1790445755.143,marker,reconciled,0.00000000,0.00000000,0.00,false,,
1790445755.211,hud,speed,,,,,"0.0 / 0.0",0.000
1790445755.212,hud,heading,,,,,"0° / 0°",0.000
1790445755.212,hud,drift,,,,,"0.00%",0.000
1790445755.213,hud,turns,,,,,"✗ turns: 1/15",
1790445755.213,hud,calib_s,,,,,"✓ Buffer 6s",
1790445755.214,marker,gnss,52.37565600,-1.29506600,280.90,true,,
1790445755.214,marker,reconciled,0.00000000,0.00000000,0.00,false,,
1790445755.238,hud,speed,,,,,"0.0 / 0.0",0.000
1790445755.239,hud,heading,,,,,"0° / 0°",0.000
1790445755.239,hud,drift,,,,,"0.00%",0.000
1790445755.239,hud,turns,,,,,"✗ turns: 1/15",
1790445755.239,hud,calib_s,,,,,"✓ Buffer 6s",
1790445755.240,marker,gnss,52.37565600,-1.29506600,280.90,true,,
1790445755.240,marker,reconciled,0.00000000,0.00000000,0.00,false,,
1790445755.295,hud,speed,,,,,"0.0 / 0.0",0.000
1790445755.295,hud,heading,,,,,"0° / 0°",0.000
1790445755.296,hud,drift,,,,,"0.00%",0.000
1790445755.296,hud,turns,,,,,"✗ turns: 1/15",
1790445755.296,hud,calib_s,,,,,"✓ Buffer 6s",
1790445755.297,marker,gnss,52.37565600,-1.29506600,280.90,true,,
1790445755.297,marker,reconciled,0.00000000,0.00000000,0.00,false,,
1790445755.350,hud,speed,,,,,"0.0 / 0.0",0.000
1790445755.351,hud,heading,,,,,"0° / 0°",0.000
1790445755.351,hud,drift,,,,,"0.00%",0.000
1790445755.351,hud,turns,,,,,"✗ turns: 1/15",
1790445755.352,hud,calib_s,,,,,"✓ Buffer 6s",
1790445755.352,marker,gnss,52.37565600,-1.29506600,280.90,true,,
1790445755.353,marker,reconciled,0.00000000,0.00000000,0.00,false,,
1790445755.399,hud,speed,,,,,"0.0 / 0.0",0.000
1790445755.399,hud,heading,,,,,"0° / 0°",0.000
1790445755.400,hud,drift,,,,,"0.00%",0.000
1790445755.400,hud,turns,,,,,"✗ turns: 1/15",
1790445755.400,hud,calib_s,,,,,"✓ Buffer 6s",
1790445755.400,marker,gnss,52.37565600,-1.29506600,280.90,true,,
1790445755.401,marker,reconciled,0.00000000,0.00000000,0.00,false,,
1790445755.465,hud,speed,,,,,"0.0 / 0.0",0.000
1790445755.465,hud,heading,,,,,"0° / 0°",0.000
1790445755.466,hud,drift,,,,,"0.00%",0.000
1790445755.466,hud,turns,,,,,"✗ turns: 1/15",
1790445755.466,hud,calib_s,,,,,"✓ Buffer 6s",
1790445755.467,marker,gnss,52.37565600,-1.29506600,280.90,true,,
1790445755.467,marker,reconciled,0.00000000,0.00000000,0.00,false,,
1790445755.499,hud,speed,,,,,"0.0 / 0.0",0.000
1790445755.500,hud,heading,,,,,"0° / 0°",0.000
1790445755.500,hud,drift,,,,,"0.00%",0.000
1790445755.500,hud,turns,,,,,"✗ turns: 1/15",
1790445755.501,hud,calib_s,,,,,"✓ Buffer 6s",
1790445755.501,marker,gnss,52.37565600,-1.29506600,280.90,true,,
1790445755.502,marker,reconciled,0.00000000,0.00000000,0.00,false,,
1790445755.548,hud,speed,,,,,"0.0 / 0.0",0.000
1790445755.548,hud,heading,,,,,"0° / 0°",0.000
1790445755.548,hud,drift,,,,,"0.00%",0.000
1790445755.549,hud,turns,,,,,"✗ turns: 1/15",
1790445755.549,hud,calib_s,,,,,"✓ Buffer 6s",
1790445755.549,marker,gnss,52.37565600,-1.29506600,280.90,true,,
1790445755.550,marker,reconciled,0.00000000,0.00000000,0.00,false,,
1790445755.602,hud,speed,,,,,"0.0 / 0.0",0.000
1790445755.602,hud,heading,,,,,"0° / 0°",0.000
1790445755.603,hud,drift,,,,,"0.00%",0.000
1790445755.603,hud,turns,,,,,"✗ turns: 1/15",
1790445755.603,hud,calib_s,,,,,"✓ Buffer 6s",
1790445755.604,marker,gnss,52.37565600,-1.29506600,280.90,true,,
1790445755.604,marker,reconciled,0.00000000,0.00000000,0.00,false,,
1790445755.659,hud,speed,,,,,"0.0 / 0.0",0.000
1790445755.659,hud,heading,,,,,"0° / 0°",0.000
1790445755.660,hud,drift,,,,,"0.00%",0.000
1790445755.660,hud,turns,,,,,"✗ turns: 2/15",
1790445755.660,hud,calib_s,,,,,"✓ Buffer 6s",
1790445755.660,marker,gnss,52.37592000,-1.29278700,267.30,true,,
1790445755.661,marker,reconciled,0.00000000,0.00000000,0.00,false,,
1790445755.715,hud,speed,,,,,"0.0 / 0.0",0.000
1790445755.715,hud,heading,,,,,"0° / 0°",0.000
1790445755.716,hud,drift,,,,,"0.00%",0.000
1790445755.716,hud,turns,,,,,"✗ turns: 2/15",
1790445755.716,hud,calib_s,,,,,"✓ Buffer 6s",
1790445755.716,marker,gnss,52.37592000,-1.29278700,267.30,true,,
1790445755.716,marker,reconciled,0.00000000,0.00000000,0.00,false,,
1790445755.764,hud,speed,,,,,"0.0 / 0.0",0.000
1790445755.764,hud,heading,,,,,"0° / 0°",0.000
1790445755.765,hud,drift,,,,,"0.00%",0.000
1790445755.765,hud,turns,,,,,"✗ turns: 2/15",
1790445755.765,hud,calib_s,,,,,"✓ Buffer 6s",
1790445755.765,marker,gnss,52.37592000,-1.29278700,267.30,true,,
1790445755.765,marker,reconciled,0.00000000,0.00000000,0.00,false,,
1790445755.805,hud,speed,,,,,"0.0 / 0.0",0.000
1790445755.805,hud,heading,,,,,"0° / 0°",0.000
1790445755.805,hud,drift,,,,,"0.00%",0.000
1790445755.806,hud,turns,,,,,"✗ turns: 2/15",
1790445755.806,hud,calib_s,,,,,"✓ Buffer 6s",
1790445755.807,marker,gnss,52.37592000,-1.29278700,267.30,true,,
1790445755.807,marker,reconciled,0.00000000,0.00000000,0.00,false,,
1790445755.855,hud,speed,,,,,"0.0 / 0.0",0.000
1790445755.855,hud,heading,,,,,"0° / 0°",0.000
1790445755.856,hud,drift,,,,,"0.00%",0.000
1790445755.856,hud,turns,,,,,"✗ turns: 2/15",
1790445755.856,hud,calib_s,,,,,"✓ Buffer 6s",
1790445755.857,marker,gnss,52.37592000,-1.29278700,267.30,true,,
1790445755.857,marker,reconciled,0.00000000,0.00000000,0.00,false,,
1790445755.910,hud,speed,,,,,"0.0 / 0.0",0.000
1790445755.910,hud,heading,,,,,"0° / 0°",0.000
1790445755.910,hud,drift,,,,,"0.00%",0.000
1790445755.911,hud,turns,,,,,"✗ turns: 2/15",
1790445755.911,hud,calib_s,,,,,"✓ Buffer 6s",
1790445755.911,marker,gnss,52.37592000,-1.29278700,267.30,true,,
1790445755.912,marker,reconciled,0.00000000,0.00000000,0.00,false,,
1790445755.963,hud,speed,,,,,"0.0 / 0.0",0.000
1790445755.964,hud,heading,,,,,"0° / 0°",0.000
1790445755.964,hud,drift,,,,,"0.00%",0.000
1790445755.964,hud,turns,,,,,"✗ turns: 2/15",
1790445755.964,hud,calib_s,,,,,"✓ Buffer 6s",
1790445755.965,marker,gnss,52.37592000,-1.29278700,267.30,true,,
1790445755.965,marker,reconciled,0.00000000,0.00000000,0.00,false,,
1790445756.010,hud,speed,,,,,"0.0 / 0.0",0.000
1790445756.011,hud,heading,,,,,"0° / 0°",0.000
1790445756.011,hud,drift,,,,,"0.00%",0.000
1790445756.011,hud,turns,,,,,"✗ turns: 2/15",
1790445756.011,hud,calib_s,,,,,"✓ Buffer 6s",
1790445756.012,marker,gnss,52.37592000,-1.29278700,267.30,true,,
1790445756.012,marker,reconciled,0.00000000,0.00000000,0.00,false,,
1790445756.082,hud,speed,,,,,"0.0 / 0.0",0.000
1790445756.083,hud,heading,,,,,"0° / 0°",0.000
1790445756.083,hud,drift,,,,,"0.00%",0.000
1790445756.084,hud,turns,,,,,"✗ turns: 2/15",
1790445756.084,hud,calib_s,,,,,"✓ Buffer 6s",
1790445756.085,marker,gnss,52.37592000,-1.29278700,267.30,true,,
1790445756.085,marker,reconciled,0.00000000,0.00000000,0.00,false,,
1790445756.126,hud,speed,,,,,"0.0 / 0.0",0.000
1790445756.127,hud,heading,,,,,"0° / 0°",0.000
1790445756.127,hud,drift,,,,,"0.00%",0.000
1790445756.127,hud,turns,,,,,"✗ turns: 2/15",
1790445756.127,hud,calib_s,,,,,"✓ Buffer 6s",
1790445756.128,marker,gnss,52.37592000,-1.29278700,267.30,true,,
1790445756.128,marker,reconciled,0.00000000,0.00000000,0.00,false,,
1790445756.158,hud,speed,,,,,"0.0 / 0.0",0.000
1790445756.159,hud,heading,,,,,"0° / 0°",0.000
1790445756.159,hud,drift,,,,,"0.00%",0.000
1790445756.159,hud,turns,,,,,"✗ turns: 2/15",
1790445756.159,hud,calib_s,,,,,"✓ Buffer 6s",
1790445756.160,marker,gnss,52.37592000,-1.29278700,267.30,true,,
1790445756.160,marker,reconciled,0.00000000,0.00000000,0.00,false,,
1790445756.212,hud,speed,,,,,"0.0 / 0.0",0.000
1790445756.212,hud,heading,,,,,"0° / 0°",0.000
1790445756.212,hud,drift,,,,,"0.00%",0.000
1790445756.212,hud,turns,,,,,"✗ turns: 2/15",
1790445756.213,hud,calib_s,,,,,"✓ Buffer 6s",
1790445756.213,marker,gnss,52.37592000,-1.29278700,267.30,true,,
1790445756.213,marker,reconciled,0.00000000,0.00000000,0.00,false,,
1790445756.282,hud,speed,,,,,"0.0 / 0.0",0.000
1790445756.283,hud,heading,,,,,"0° / 0°",0.000
1790445756.283,hud,drift,,,,,"0.00%",0.000
1790445756.284,hud,turns,,,,,"✗ turns: 2/15",
1790445756.285,hud,calib_s,,,,,"✓ Buffer 6s",
1790445756.285,marker,gnss,52.37592000,-1.29278700,267.30,true,,
1790445756.286,marker,reconciled,0.00000000,0.00000000,0.00,false,,
1790445756.312,hud,speed,,,,,"0.0 / 0.0",0.000
1790445756.312,hud,heading,,,,,"0° / 0°",0.000
1790445756.313,hud,drift,,,,,"0.00%",0.000
1790445756.313,hud,turns,,,,,"✗ turns: 2/15",
1790445756.313,hud,calib_s,,,,,"✓ Buffer 6s",
1790445756.313,marker,gnss,52.37592000,-1.29278700,267.30,true,,
1790445756.314,marker,reconciled,0.00000000,0.00000000,0.00,false,,
1790445756.364,hud,speed,,,,,"0.0 / 0.0",0.000
1790445756.364,hud,heading,,,,,"0° / 0°",0.000
1790445756.365,hud,drift,,,,,"0.00%",0.000
1790445756.365,hud,turns,,,,,"✗ turns: 2/15",
1790445756.365,hud,calib_s,,,,,"✓ Buffer 6s",
1790445756.365,marker,gnss,52.37592000,-1.29278700,267.30,true,,
1790445756.366,marker,reconciled,0.00000000,0.00000000,0.00,false,,
1790445756.417,hud,speed,,,,,"0.0 / 0.0",0.000
1790445756.417,hud,heading,,,,,"0° / 0°",0.000
1790445756.418,hud,drift,,,,,"0.00%",0.000
1790445756.418,hud,turns,,,,,"✗ turns: 2/15",
1790445756.418,hud,calib_s,,,,,"✓ Buffer 6s",
1790445756.419,marker,gnss,52.37592000,-1.29278700,267.30,true,,
1790445756.419,marker,reconciled,0.00000000,0.00000000,0.00,false,,
1790445756.485,hud,speed,,,,,"0.0 / 0.0",0.000
1790445756.485,hud,heading,,,,,"0° / 0°",0.000
1790445756.486,hud,drift,,,,,"0.00%",0.000
1790445756.486,hud,turns,,,,,"✗ turns: 2/15",
1790445756.487,hud,calib_s,,,,,"✓ Buffer 6s",
1790445756.487,marker,gnss,52.37592000,-1.29278700,267.30,true,,
1790445756.488,marker,reconciled,0.00000000,0.00000000,0.00,false,,
1790445756.515,hud,speed,,,,,"0.0 / 0.0",0.000
1790445756.516,hud,heading,,,,,"0° / 0°",0.000
1790445756.516,hud,drift,,,,,"0.00%",0.000
1790445756.516,hud,turns,,,,,"✗ turns: 2/15",
1790445756.517,hud,calib_s,,,,,"✓ Buffer 6s",
1790445756.517,marker,gnss,52.37592000,-1.29278700,267.30,true,,
1790445756.517,marker,reconciled,0.00000000,0.00000000,0.00,false,,
1790445756.566,hud,speed,,,,,"0.0 / 0.0",0.000
1790445756.567,hud,heading,,,,,"0° / 0°",0.000
1790445756.567,hud,drift,,,,,"0.00%",0.000
1790445756.567,hud,turns,,,,,"✗ turns: 2/15",
1790445756.568,hud,calib_s,,,,,"✓ Buffer 6s",
1790445756.568,marker,gnss,52.37592000,-1.29278700,267.30,true,,
1790445756.568,marker,reconciled,0.00000000,0.00000000,0.00,false,,
1790445756.623,hud,speed,,,,,"0.0 / 0.0",0.000
1790445756.623,hud,heading,,,,,"0° / 0°",0.000
1790445756.623,hud,drift,,,,,"0.00%",0.000
1790445756.623,hud,turns,,,,,"✗ turns: 2/15",
1790445756.624,hud,calib_s,,,,,"✓ Buffer 6s",
1790445756.624,marker,gnss,52.37592000,-1.29278700,267.30,true,,
1790445756.624,marker,reconciled,0.00000000,0.00000000,0.00,false,,
1790445756.671,hud,speed,,,,,"0.0 / 0.0",0.000
1790445756.671,hud,heading,,,,,"0° / 0°",0.000
1790445756.672,hud,drift,,,,,"0.00%",0.000
1790445756.672,hud,turns,,,,,"✗ turns: 2/15",
1790445756.672,hud,calib_s,,,,,"✓ Buffer 6s",
1790445756.673,marker,gnss,52.37592000,-1.29278700,267.30,true,,
1790445756.673,marker,reconciled,0.00000000,0.00000000,0.00,false,,
1790445756.738,hud,speed,,,,,"0.0 / 0.0",0.000
1790445756.739,hud,heading,,,,,"0° / 0°",0.000
1790445756.739,hud,drift,,,,,"0.00%",0.000
1790445756.739,hud,turns,,,,,"✗ turns: 2/15",
1790445756.740,hud,calib_s,,,,,"✓ Buffer 6s",
1790445756.740,marker,gnss,52.37592000,-1.29278700,267.30,true,,
1790445756.741,marker,reconciled,0.00000000,0.00000000,0.00,false,,
1790445756.769,hud,speed,,,,,"0.0 / 0.0",0.000
1790445756.769,hud,heading,,,,,"0° / 0°",0.000
1790445756.770,hud,drift,,,,,"0.00%",0.000
1790445756.770,hud,turns,,,,,"✗ turns: 2/15",
1790445756.771,hud,calib_s,,,,,"✓ Buffer 6s",
1790445756.771,marker,gnss,52.37592000,-1.29278700,267.30,true,,
1790445756.771,marker,reconciled,0.00000000,0.00000000,0.00,false,,
1790445756.839,hud,speed,,,,,"0.0 / 0.0",0.000
1790445756.839,hud,heading,,,,,"0° / 0°",0.000
1790445756.840,hud,drift,,,,,"0.00%",0.000
1790445756.840,hud,turns,,,,,"✗ turns: 2/15",
1790445756.840,hud,calib_s,,,,,"✓ Buffer 6s",
1790445756.841,marker,gnss,52.37592000,-1.29278700,267.30,true,,
1790445756.841,marker,reconciled,0.00000000,0.00000000,0.00,false,,
1790445756.870,hud,speed,,,,,"0.0 / 0.0",0.000
1790445756.870,hud,heading,,,,,"0° / 0°",0.000
1790445756.870,hud,drift,,,,,"0.00%",0.000
1790445756.871,hud,turns,,,,,"✗ turns: 2/15",
1790445756.871,hud,calib_s,,,,,"✓ Buffer 6s",
1790445756.871,marker,gnss,52.37592000,-1.29278700,267.30,true,,
1790445756.872,marker,reconciled,0.00000000,0.00000000,0.00,false,,
1790445756.935,hud,speed,,,,,"0.0 / 0.0",0.000
1790445756.936,hud,heading,,,,,"0° / 0°",0.000
1790445756.936,hud,drift,,,,,"0.00%",0.000
1790445756.936,hud,turns,,,,,"✗ turns: 2/15",
1790445756.936,hud,calib_s,,,,,"✓ Buffer 6s",
1790445756.937,marker,gnss,52.37592000,-1.29278700,267.30,true,,
1790445756.937,marker,reconciled,0.00000000,0.00000000,0.00,false,,
1790445756.994,hud,speed,,,,,"0.0 / 0.0",0.000
1790445756.994,hud,heading,,,,,"0° / 0°",0.000
1790445756.995,hud,drift,,,,,"0.00%",0.000
1790445756.995,hud,turns,,,,,"✗ turns: 2/15",
1790445756.995,hud,calib_s,,,,,"✓ Buffer 6s",
1790445756.996,marker,gnss,52.37592000,-1.29278700,267.30,true,,
1790445756.996,marker,reconciled,0.00000000,0.00000000,0.00,false,,
1790445757.020,hud,speed,,,,,"0.0 / 0.0",0.000
1790445757.020,hud,heading,,,,,"0° / 0°",0.000
1790445757.021,hud,drift,,,,,"0.00%",0.000
1790445757.021,hud,turns,,,,,"✗ turns: 2/15",
1790445757.021,hud,calib_s,,,,,"✓ Buffer 6s",
1790445757.021,marker,gnss,52.37592000,-1.29278700,267.30,true,,
1790445757.021,marker,reconciled,0.00000000,0.00000000,0.00,false,,
1790445757.073,hud,speed,,,,,"0.0 / 0.0",0.000
1790445757.073,hud,heading,,,,,"0° / 0°",0.000
1790445757.074,hud,drift,,,,,"0.00%",0.000
1790445757.074,hud,turns,,,,,"✗ turns: 2/15",
1790445757.074,hud,calib_s,,,,,"✓ Buffer 6s",
1790445757.074,marker,gnss,52.37592000,-1.29278700,267.30,true,,
1790445757.075,marker,reconciled,0.00000000,0.00000000,0.00,false,,
1790445757.128,hud,speed,,,,,"0.0 / 0.0",0.000
1790445757.128,hud,heading,,,,,"0° / 0°",0.000
1790445757.129,hud,drift,,,,,"0.00%",0.000
1790445757.129,hud,turns,,,,,"✗ turns: 2/15",
1790445757.129,hud,calib_s,,,,,"✓ Buffer 6s",
1790445757.129,marker,gnss,52.37592000,-1.29278700,267.30,true,,
1790445757.130,marker,reconciled,0.00000000,0.00000000,0.00,false,,
1790445757.199,hud,speed,,,,,"0.0 / 0.0",0.000
1790445757.199,hud,heading,,,,,"0° / 0°",0.000
1790445757.200,hud,drift,,,,,"0.00%",0.000
1790445757.200,hud,turns,,,,,"✗ turns: 2/15",
1790445757.200,hud,calib_s,,,,,"✓ Buffer 6s",
1790445757.201,marker,gnss,52.37592000,-1.29278700,267.30,true,,
1790445757.202,marker,reconciled,0.00000000,0.00000000,0.00,false,,
1790445757.224,hud,speed,,,,,"0.0 / 0.0",0.000
1790445757.224,hud,heading,,,,,"0° / 0°",0.000
1790445757.225,hud,drift,,,,,"0.00%",0.000
1790445757.225,hud,turns,,,,,"✗ turns: 2/15",
1790445757.225,hud,calib_s,,,,,"✓ Buffer 6s",
1790445757.225,marker,gnss,52.37592000,-1.29278700,267.30,true,,
1790445757.225,marker,reconciled,0.00000000,0.00000000,0.00,false,,
1790445757.285,hud,speed,,,,,"0.0 / 0.0",0.000
1790445757.286,hud,heading,,,,,"0° / 0°",0.000
1790445757.286,hud,drift,,,,,"0.00%",0.000
1790445757.287,hud,turns,,,,,"✗ turns: 2/15",
1790445757.287,hud,calib_s,,,,,"✓ Buffer 6s",
1790445757.287,marker,gnss,52.37592000,-1.29278700,267.30,true,,
1790445757.288,marker,reconciled,0.00000000,0.00000000,0.00,false,,
1790445757.332,hud,speed,,,,,"0.0 / 0.0",0.000
1790445757.333,hud,heading,,,,,"0° / 0°",0.000
1790445757.333,hud,drift,,,,,"0.00%",0.000
1790445757.333,hud,turns,,,,,"✗ turns: 2/15",
1790445757.334,hud,calib_s,,,,,"✓ Buffer 6s",
1790445757.334,marker,gnss,52.37592000,-1.29278700,267.30,true,,
1790445757.335,marker,reconciled,0.00000000,0.00000000,0.00,false,,
1790445757.401,hud,speed,,,,,"0.0 / 0.0",0.000
1790445757.402,hud,heading,,,,,"0° / 0°",0.000
1790445757.402,hud,drift,,,,,"0.00%",0.000
1790445757.403,hud,turns,,,,,"✗ turns: 2/15",
1790445757.403,hud,calib_s,,,,,"✓ Buffer 6s",
1790445757.404,marker,gnss,52.37592000,-1.29278700,267.30,true,,
1790445757.404,marker,reconciled,0.00000000,0.00000000,0.00,false,,
1790445757.433,hud,speed,,,,,"0.0 / 0.0",0.000
1790445757.433,hud,heading,,,,,"0° / 0°",0.000
1790445757.433,hud,drift,,,,,"0.00%",0.000
1790445757.434,hud,turns,,,,,"✗ turns: 2/15",
1790445757.434,hud,calib_s,,,,,"✓ Buffer 6s",
1790445757.435,marker,gnss,52.37592000,-1.29278700,267.30,true,,
1790445757.436,marker,reconciled,0.00000000,0.00000000,0.00,false,,
1790445757.484,hud,speed,,,,,"0.0 / 0.0",0.000
1790445757.484,hud,heading,,,,,"0° / 0°",0.000
1790445757.485,hud,drift,,,,,"0.00%",0.000
1790445757.485,hud,turns,,,,,"✗ turns: 2/15",
1790445757.485,hud,calib_s,,,,,"✓ Buffer 6s",
1790445757.485,marker,gnss,52.37592000,-1.29278700,267.30,true,,
1790445757.486,marker,reconciled,0.00000000,0.00000000,0.00,false,,
1790445757.555,hud,speed,,,,,"0.0 / 0.0",0.000
1790445757.556,hud,heading,,,,,"0° / 0°",0.000
1790445757.556,hud,drift,,,,,"0.00%",0.000
1790445757.557,hud,turns,,,,,"✗ turns: 2/15",
1790445757.557,hud,calib_s,,,,,"✓ Buffer 6s",
1790445757.557,marker,gnss,52.37592000,-1.29278700,267.30,true,,
1790445757.558,marker,reconciled,0.00000000,0.00000000,0.00,false,,
1790445757.582,hud,speed,,,,,"0.0 / 0.0",0.000
1790445757.582,hud,heading,,,,,"0° / 0°",0.000
1790445757.583,hud,drift,,,,,"0.00%",0.000
1790445757.583,hud,turns,,,,,"✗ turns: 2/15",
1790445757.583,hud,calib_s,,,,,"✓ Buffer 6s",
1790445757.584,marker,gnss,52.37592000,-1.29278700,267.30,true,,
1790445757.584,marker,reconciled,0.00000000,0.00000000,0.00,false,,
1790445757.648,hud,speed,,,,,"0.0 / 0.0",0.000
1790445757.648,hud,heading,,,,,"0° / 0°",0.000
1790445757.648,hud,drift,,,,,"0.00%",0.000
1790445757.648,hud,turns,,,,,"✗ turns: 2/15",
1790445757.648,hud,calib_s,,,,,"✓ Buffer 6s",
1790445757.649,marker,gnss,52.37592000,-1.29278700,267.30,true,,
1790445757.649,marker,reconciled,0.00000000,0.00000000,0.00,false,,
1790445757.689,hud,speed,,,,,"0.0 / 0.0",0.000
1790445757.690,hud,heading,,,,,"0° / 0°",0.000
1790445757.691,hud,drift,,,,,"0.00%",0.000
1790445757.691,hud,turns,,,,,"✗ turns: 2/15",
1790445757.691,hud,calib_s,,,,,"✓ Buffer 6s",
1790445757.692,marker,gnss,52.37592000,-1.29278700,267.30,true,,
1790445757.692,marker,reconciled,0.00000000,0.00000000,0.00,false,,
1790445757.741,hud,speed,,,,,"0.0 / 0.0",0.000
1790445757.742,hud,heading,,,,,"0° / 0°",0.000
1790445757.742,hud,drift,,,,,"0.00%",0.000
1790445757.742,hud,turns,,,,,"✗ turns: 2/15",
1790445757.742,hud,calib_s,,,,,"✓ Buffer 6s",
1790445757.743,marker,gnss,52.37592000,-1.29278700,267.30,true,,
1790445757.743,marker,reconciled,0.00000000,0.00000000,0.00,false,,
1790445757.808,hud,speed,,,,,"0.0 / 0.0",0.000
1790445757.808,hud,heading,,,,,"0° / 0°",0.000
1790445757.809,hud,drift,,,,,"0.00%",0.000
1790445757.809,hud,turns,,,,,"✗ turns: 2/15",
1790445757.809,hud,calib_s,,,,,"✓ Buffer 6s",
1790445757.810,marker,gnss,52.37592000,-1.29278700,267.30,true,,
1790445757.811,marker,reconciled,0.00000000,0.00000000,0.00,false,,
1790445757.839,hud,speed,,,,,"0.0 / 0.0",0.000
1790445757.839,hud,heading,,,,,"0° / 0°",0.000
1790445757.839,hud,drift,,,,,"0.00%",0.000
1790445757.840,hud,turns,,,,,"✗ turns: 2/15",
1790445757.840,hud,calib_s,,,,,"✓ Buffer 6s",
1790445757.840,marker,gnss,52.37592000,-1.29278700,267.30,true,,
1790445757.841,marker,reconciled,0.00000000,0.00000000,0.00,false,,
1790445757.894,hud,speed,,,,,"0.0 / 0.0",0.000
1790445757.894,hud,heading,,,,,"0° / 0°",0.000
1790445757.895,hud,drift,,,,,"0.00%",0.000
1790445757.895,hud,turns,,,,,"✗ turns: 2/15",
1790445757.895,hud,calib_s,,,,,"✓ Buffer 6s",
1790445757.896,marker,gnss,52.37592000,-1.29278700,267.30,true,,
1790445757.896,marker,reconciled,0.00000000,0.00000000,0.00,false,,
1790445757.953,hud,speed,,,,,"0.0 / 0.0",0.000
1790445757.953,hud,heading,,,,,"0° / 0°",0.000
1790445757.954,hud,drift,,,,,"0.00%",0.000
1790445757.954,hud,turns,,,,,"✗ turns: 2/15",
1790445757.954,hud,calib_s,,,,,"✓ Buffer 6s",
1790445757.955,marker,gnss,52.37592000,-1.29278700,267.30,true,,
1790445757.955,marker,reconciled,0.00000000,0.00000000,0.00,false,,
1790445758.011,hud,speed,,,,,"0.0 / 0.0",0.000
1790445758.011,hud,heading,,,,,"0° / 0°",0.000
1790445758.011,hud,drift,,,,,"0.00%",0.000
1790445758.012,hud,turns,,,,,"✗ turns: 2/15",
1790445758.012,hud,calib_s,,,,,"✓ Buffer 6s",
1790445758.012,marker,gnss,52.37592000,-1.29278700,267.30,true,,
1790445758.012,marker,reconciled,0.00000000,0.00000000,0.00,false,,
1790445758.044,hud,speed,,,,,"0.0 / 0.0",0.000
1790445758.045,hud,heading,,,,,"0° / 0°",0.000
1790445758.045,hud,drift,,,,,"0.00%",0.000
1790445758.045,hud,turns,,,,,"✗ turns: 2/15",
1790445758.046,hud,calib_s,,,,,"✓ Buffer 6s",
1790445758.047,marker,gnss,52.37592000,-1.29278700,267.30,true,,
1790445758.047,marker,reconciled,0.00000000,0.00000000,0.00,false,,
1790445758.100,hud,speed,,,,,"0.0 / 0.0",0.000
1790445758.100,hud,heading,,,,,"0° / 0°",0.000
1790445758.101,hud,drift,,,,,"0.00%",0.000
1790445758.101,hud,turns,,,,,"✗ turns: 2/15",
1790445758.101,hud,calib_s,,,,,"✓ Buffer 6s",
1790445758.101,marker,gnss,52.37592000,-1.29278700,267.30,true,,
1790445758.102,marker,reconciled,0.00000000,0.00000000,0.00,false,,
1790445758.171,hud,speed,,,,,"0.0 / 0.0",0.000
1790445758.172,hud,heading,,,,,"0° / 0°",0.000
1790445758.172,hud,drift,,,,,"0.00%",0.000
1790445758.172,hud,turns,,,,,"✗ turns: 2/15",
1790445758.173,hud,calib_s,,,,,"✓ Buffer 6s",
1790445758.173,marker,gnss,52.37592000,-1.29278700,267.30,true,,
1790445758.174,marker,reconciled,0.00000000,0.00000000,0.00,false,,
1790445758.197,hud,speed,,,,,"0.0 / 0.0",0.000
1790445758.197,hud,heading,,,,,"0° / 0°",0.000
1790445758.197,hud,drift,,,,,"0.00%",0.000
1790445758.197,hud,turns,,,,,"✗ turns: 2/15",
1790445758.198,hud,calib_s,,,,,"✓ Buffer 6s",
1790445758.198,marker,gnss,52.37592000,-1.29278700,267.30,true,,
1790445758.199,marker,reconciled,0.00000000,0.00000000,0.00,false,,
1790445758.262,hud,speed,,,,,"0.0 / 0.0",0.000
1790445758.263,hud,heading,,,,,"0° / 0°",0.000
1790445758.263,hud,drift,,,,,"0.00%",0.000
1790445758.263,hud,turns,,,,,"✗ turns: 2/15",
1790445758.263,hud,calib_s,,,,,"✓ Buffer 6s",
1790445758.264,marker,gnss,52.37592000,-1.29278700,267.30,true,,
1790445758.264,marker,reconciled,0.00000000,0.00000000,0.00,false,,
1790445758.309,hud,speed,,,,,"0.0 / 0.0",0.000
1790445758.309,hud,heading,,,,,"0° / 0°",0.000
1790445758.310,hud,drift,,,,,"0.00%",0.000
1790445758.310,hud,turns,,,,,"✗ turns: 2/15",
1790445758.310,hud,calib_s,,,,,"✓ Buffer 6s",
1790445758.310,marker,gnss,52.37592000,-1.29278700,267.30,true,,
1790445758.311,marker,reconciled,0.00000000,0.00000000,0.00,false,,
1790445758.357,hud,speed,,,,,"0.0 / 0.0",0.000
1790445758.358,hud,heading,,,,,"0° / 0°",0.000
1790445758.358,hud,drift,,,,,"0.00%",0.000
1790445758.358,hud,turns,,,,,"✗ turns: 2/15",
1790445758.359,hud,calib_s,,,,,"✓ Buffer 6s",
1790445758.359,marker,gnss,52.37592000,-1.29278700,267.30,true,,
1790445758.359,marker,reconciled,0.00000000,0.00000000,0.00,false,,
1790445758.410,hud,speed,,,,,"0.0 / 0.0",0.000
1790445758.411,hud,heading,,,,,"0° / 0°",0.000
1790445758.411,hud,drift,,,,,"0.00%",0.000
1790445758.411,hud,turns,,,,,"✗ turns: 2/15",
1790445758.411,hud,calib_s,,,,,"✓ Buffer 6s",
1790445758.411,marker,gnss,52.37592000,-1.29278700,267.30,true,,
1790445758.412,marker,reconciled,0.00000000,0.00000000,0.00,false,,
1790445758.459,hud,speed,,,,,"0.0 / 0.0",0.000
1790445758.460,hud,heading,,,,,"0° / 0°",0.000
1790445758.460,hud,drift,,,,,"0.00%",0.000
1790445758.460,hud,turns,,,,,"✗ turns: 2/15",
1790445758.460,hud,calib_s,,,,,"✓ Buffer 6s",
1790445758.461,marker,gnss,52.37592000,-1.29278700,267.30,true,,
1790445758.461,marker,reconciled,0.00000000,0.00000000,0.00,false,,
1790445758.515,hud,speed,,,,,"0.0 / 0.0",0.000
1790445758.515,hud,heading,,,,,"0° / 0°",0.000
1790445758.515,hud,drift,,,,,"0.00%",0.000
1790445758.516,hud,turns,,,,,"✗ turns: 2/15",
1790445758.516,hud,calib_s,,,,,"✓ Buffer 6s",
1790445758.516,marker,gnss,52.37592000,-1.29278700,267.30,true,,
1790445758.517,marker,reconciled,0.00000000,0.00000000,0.00,false,,
1790445758.568,hud,speed,,,,,"0.0 / 0.0",0.000
1790445758.568,hud,heading,,,,,"0° / 0°",0.000
1790445758.568,hud,drift,,,,,"0.00%",0.000
1790445758.568,hud,turns,,,,,"✗ turns: 2/15",
1790445758.569,hud,calib_s,,,,,"✓ Buffer 6s",
1790445758.569,marker,gnss,52.37592000,-1.29278700,267.30,true,,
1790445758.569,marker,reconciled,0.00000000,0.00000000,0.00,false,,
1790445758.618,hud,speed,,,,,"0.0 / 0.0",0.000
1790445758.619,hud,heading,,,,,"0° / 0°",0.000
1790445758.619,hud,drift,,,,,"0.00%",0.000
1790445758.619,hud,turns,,,,,"✗ turns: 2/15",
1790445758.619,hud,calib_s,,,,,"✓ Buffer 6s",
1790445758.620,marker,gnss,52.37592000,-1.29278700,267.30,true,,
1790445758.620,marker,reconciled,0.00000000,0.00000000,0.00,false,,
1790445758.665,hud,speed,,,,,"0.0 / 0.0",0.000
1790445758.665,hud,heading,,,,,"0° / 0°",0.000
1790445758.665,hud,drift,,,,,"0.00%",0.000
1790445758.665,hud,turns,,,,,"✗ turns: 2/15",
1790445758.666,hud,calib_s,,,,,"✓ Buffer 6s",
1790445758.666,marker,gnss,52.37592000,-1.29278700,267.30,true,,
1790445758.666,marker,reconciled,0.00000000,0.00000000,0.00,false,,
1790445758.730,hud,speed,,,,,"0.0 / 0.0",0.000
1790445758.730,hud,heading,,,,,"0° / 0°",0.000
1790445758.730,hud,drift,,,,,"0.00%",0.000
1790445758.730,hud,turns,,,,,"✗ turns: 2/15",
1790445758.731,hud,calib_s,,,,,"✓ Buffer 6s",
1790445758.731,marker,gnss,52.37592000,-1.29278700,267.30,true,,
1790445758.731,marker,reconciled,0.00000000,0.00000000,0.00,false,,
1790445758.766,hud,speed,,,,,"0.0 / 0.0",0.000
1790445758.766,hud,heading,,,,,"0° / 0°",0.000
1790445758.767,hud,drift,,,,,"0.00%",0.000
1790445758.767,hud,turns,,,,,"✗ turns: 2/15",
1790445758.767,hud,calib_s,,,,,"✓ Buffer 6s",
1790445758.768,marker,gnss,52.37592000,-1.29278700,267.30,true,,
1790445758.768,marker,reconciled,0.00000000,0.00000000,0.00,false,,
1790445758.831,hud,speed,,,,,"0.0 / 0.0",0.000
1790445758.832,hud,heading,,,,,"0° / 0°",0.000
1790445758.832,hud,drift,,,,,"0.00%",0.000
1790445758.833,hud,turns,,,,,"✗ turns: 2/15",
1790445758.833,hud,calib_s,,,,,"✓ Buffer 6s",
1790445758.834,marker,gnss,52.37592000,-1.29278700,267.30,true,,
1790445758.835,marker,reconciled,0.00000000,0.00000000,0.00,false,,
1790445758.864,hud,speed,,,,,"0.0 / 0.0",0.000
1790445758.864,hud,heading,,,,,"0° / 0°",0.000
1790445758.864,hud,drift,,,,,"0.00%",0.000
1790445758.864,hud,turns,,,,,"✗ turns: 2/15",
1790445758.865,hud,calib_s,,,,,"✓ Buffer 6s",
1790445758.865,marker,gnss,52.37592000,-1.29278700,267.30,true,,
1790445758.865,marker,reconciled,0.00000000,0.00000000,0.00,false,,
1790445758.917,hud,speed,,,,,"0.0 / 0.0",0.000
1790445758.918,hud,heading,,,,,"0° / 0°",0.000
1790445758.918,hud,drift,,,,,"0.00%",0.000
1790445758.918,hud,turns,,,,,"✗ turns: 2/15",
1790445758.918,hud,calib_s,,,,,"✓ Buffer 6s",
1790445758.919,marker,gnss,52.37592000,-1.29278700,267.30,true,,
1790445758.919,marker,reconciled,0.00000000,0.00000000,0.00,false,,
1790445758.973,hud,speed,,,,,"0.0 / 0.0",0.000
1790445758.974,hud,heading,,,,,"0° / 0°",0.000
1790445758.974,hud,drift,,,,,"0.00%",0.000
1790445758.974,hud,turns,,,,,"✗ turns: 2/15",
1790445758.975,hud,calib_s,,,,,"✓ Buffer 6s",
1790445758.975,marker,gnss,52.37592000,-1.29278700,267.30,true,,
1790445758.975,marker,reconciled,0.00000000,0.00000000,0.00,false,,
1790445759.023,hud,speed,,,,,"0.0 / 0.0",0.000
1790445759.023,hud,heading,,,,,"0° / 0°",0.000
1790445759.023,hud,drift,,,,,"0.00%",0.000
1790445759.024,hud,turns,,,,,"✗ turns: 2/15",
1790445759.024,hud,calib_s,,,,,"✓ Buffer 6s",
1790445759.024,marker,gnss,52.37592000,-1.29278700,267.30,true,,
1790445759.025,marker,reconciled,0.00000000,0.00000000,0.00,false,,
1790445759.077,hud,speed,,,,,"0.0 / 0.0",0.000
1790445759.078,hud,heading,,,,,"0° / 0°",0.000
1790445759.078,hud,drift,,,,,"0.00%",0.000
1790445759.078,hud,turns,,,,,"✗ turns: 2/15",
1790445759.078,hud,calib_s,,,,,"✓ Buffer 6s",
1790445759.079,marker,gnss,52.37592000,-1.29278700,267.30,true,,
1790445759.079,marker,reconciled,0.00000000,0.00000000,0.00,false,,
1790445759.126,hud,speed,,,,,"0.0 / 0.0",0.000
1790445759.126,hud,heading,,,,,"0° / 0°",0.000
1790445759.127,hud,drift,,,,,"0.00%",0.000
1790445759.127,hud,turns,,,,,"✗ turns: 2/15",
1790445759.127,hud,calib_s,,,,,"✓ Buffer 6s",
1790445759.127,marker,gnss,52.37592000,-1.29278700,267.30,true,,
1790445759.128,marker,reconciled,0.00000000,0.00000000,0.00,false,,
1790445759.179,hud,speed,,,,,"0.0 / 0.0",0.000
1790445759.180,hud,heading,,,,,"0° / 0°",0.000
1790445759.180,hud,drift,,,,,"0.00%",0.000
1790445759.180,hud,turns,,,,,"✗ turns: 2/15",
1790445759.180,hud,calib_s,,,,,"✓ Buffer 6s",
1790445759.181,marker,gnss,52.37592000,-1.29278700,267.30,true,,
1790445759.181,marker,reconciled,0.00000000,0.00000000,0.00,false,,
1790445759.256,hud,speed,,,,,"16.2 / 16.1",16.240
1790445759.257,hud,heading,,,,,"93° / 99°",92.800
1790445759.257,hud,drift,,,,,"126.45%",126.450
1790445759.257,hud,turns,,,,,"✗ turns: 3/15",
1790445759.258,hud,calib_s,,,,,"✓ Buffer 6s",
1790445759.258,marker,gnss,52.37585000,-1.29050200,261.20,true,,
1790445759.259,marker,dr,52.37584990,-1.29048339,267.20,true,,
1790445759.259,marker,reconciled,0.00000000,0.00000000,0.00,false,,
1790445759.295,hud,speed,,,,,"16.5 / 16.1",16.530
1790445759.296,hud,heading,,,,,"93° / 99°",92.700
1790445759.296,hud,drift,,,,,"79.72%",79.720
1790445759.297,hud,turns,,,,,"✗ turns: 3/15",
1790445759.297,hud,calib_s,,,,,"✓ Buffer 6s",
1790445759.297,marker,gnss,52.37585000,-1.29050200,261.20,true,,
1790445759.298,marker,dr,52.37584903,-1.29045894,267.30,true,,
1790445759.299,marker,reconciled,0.00000000,0.00000000,0.00,false,,
1790445759.333,hud,speed,,,,,"16.5 / 16.1",16.520
1790445759.333,hud,heading,,,,,"93° / 99°",92.500
1790445759.334,hud,drift,,,,,"42.66%",42.660
1790445759.334,hud,turns,,,,,"✗ turns: 3/15",
1790445759.334,hud,calib_s,,,,,"✓ Buffer 6s",
1790445759.335,marker,gnss,52.37585000,-1.29050200,261.20,true,,
1790445759.335,marker,dr,52.37584816,-1.29043500,267.50,true,,
1790445759.336,marker,reconciled,0.00000000,0.00000000,0.00,false,,
1790445759.380,hud,speed,,,,,"16.8 / 16.1",16.780
1790445759.380,hud,heading,,,,,"93° / 99°",92.500
1790445759.381,hud,drift,,,,,"30.60%",30.600
1790445759.381,hud,turns,,,,,"✗ turns: 3/15",
1790445759.381,hud,calib_s,,,,,"✓ Buffer 6s",
1790445759.381,marker,gnss,52.37585000,-1.29050200,261.20,true,,
1790445759.382,marker,dr,52.37584722,-1.29041045,267.50,true,,
1790445759.382,marker,reconciled,0.00000000,0.00000000,0.00,false,,
1790445759.434,hud,speed,,,,,"16.9 / 16.1",16.850
1790445759.434,hud,heading,,,,,"92° / 99°",92.400
1790445759.434,hud,drift,,,,,"24.80%",24.800
1790445759.435,hud,turns,,,,,"✗ turns: 3/15",
1790445759.435,hud,calib_s,,,,,"✓ Buffer 6s",
1790445759.435,marker,gnss,52.37585000,-1.29050200,261.20,true,,
1790445759.436,marker,dr,52.37584625,-1.29038582,267.60,true,,
1790445759.436,marker,reconciled,0.00000000,0.00000000,0.00,false,,
1790445759.486,hud,speed,,,,,"16.7 / 16.1",16.720
1790445759.487,hud,heading,,,,,"92° / 99°",92.300
1790445759.487,hud,drift,,,,,"21.33%",21.330
1790445759.487,hud,turns,,,,,"✗ turns: 3/15",
1790445759.487,hud,calib_s,,,,,"✓ Buffer 6s",
1790445759.487,marker,gnss,52.37585000,-1.29050200,261.20,true,,
1790445759.488,marker,dr,52.37584529,-1.29036134,267.70,true,,
1790445759.488,marker,reconciled,0.00000000,0.00000000,0.00,false,,
1790445759.536,hud,speed,,,,,"17.0 / 16.1",16.960
1790445759.536,hud,heading,,,,,"92° / 99°",92.300
1790445759.537,hud,drift,,,,,"19.21%",19.210
1790445759.537,hud,turns,,,,,"✗ turns: 3/15",
1790445759.537,hud,calib_s,,,,,"✓ Buffer 6s",
1790445759.538,marker,gnss,52.37585000,-1.29050200,261.20,true,,
1790445759.538,marker,dr,52.37584430,-1.29033629,267.70,true,,
1790445759.539,marker,reconciled,0.00000000,0.00000000,0.00,false,,
1790445759.586,hud,speed,,,,,"17.0 / 16.1",16.970
1790445759.586,hud,heading,,,,,"92° / 99°",92.400
1790445759.586,hud,drift,,,,,"17.76%",17.760
1790445759.586,hud,turns,,,,,"✗ turns: 3/15",
1790445759.587,hud,calib_s,,,,,"✓ Buffer 6s",
1790445759.587,marker,gnss,52.37585000,-1.29050200,261.20,true,,
1790445759.587,marker,dr,52.37584333,-1.29031145,267.60,true,,
1790445759.587,marker,reconciled,0.00000000,0.00000000,0.00,false,,
1790445759.640,hud,speed,,,,,"16.9 / 16.1",16.910
1790445759.641,hud,heading,,,,,"92° / 99°",92.200
1790445759.641,hud,drift,,,,,"16.69%",16.690
1790445759.641,hud,turns,,,,,"✗ turns: 3/15",
1790445759.641,hud,calib_s,,,,,"✓ Buffer 6s",
1790445759.642,marker,gnss,52.37585000,-1.29050200,261.20,true,,
1790445759.643,marker,dr,52.37584238,-1.29028667,267.80,true,,
1790445759.643,marker,reconciled,0.00000000,0.00000000,0.00,false,,
1790445759.691,hud,speed,,,,,"16.9 / 16.1",16.880
1790445759.692,hud,heading,,,,,"92° / 99°",92.000
1790445759.692,hud,drift,,,,,"15.87%",15.870
1790445759.692,hud,turns,,,,,"✗ turns: 3/15",
1790445759.692,hud,calib_s,,,,,"✓ Buffer 6s",
1790445759.693,marker,gnss,52.37585000,-1.29050200,261.20,true,,
1790445759.693,marker,dr,52.37584145,-1.29026219,268.00,true,,
1790445759.693,marker,reconciled,0.00000000,0.00000000,0.00,false,,
1790445759.743,hud,speed,,,,,"16.9 / 16.1",16.870
1790445759.744,hud,heading,,,,,"92° / 99°",91.800
1790445759.744,hud,drift,,,,,"15.83%",15.830
1790445759.744,hud,turns,,,,,"✗ turns: 3/15",
1790445759.744,hud,calib_s,,,,,"✓ Buffer 6s",
1790445759.745,marker,gnss,52.37585000,-1.29050200,261.20,true,,
1790445759.745,marker,dr,52.37584047,-1.29023747,268.20,true,,
1790445759.745,marker,reconciled,0.00000000,0.00000000,0.00,false,,
1790445759.791,hud,speed,,,,,"16.8 / 16.1",16.830
1790445759.791,hud,heading,,,,,"92° / 99°",91.500
1790445759.791,hud,drift,,,,,"15.27%",15.270
1790445759.792,hud,turns,,,,,"✗ turns: 3/15",
1790445759.792,hud,calib_s,,,,,"✓ Buffer 6s",
1790445759.792,marker,gnss,52.37585000,-1.29050200,261.20,true,,
1790445759.793,marker,dr,52.37583952,-1.29021281,268.50,true,,
1790445759.793,marker,reconciled,0.00000000,0.00000000,0.00,false,,
1790445759.842,hud,speed,,,,,"16.7 / 16.1",16.730
1790445759.842,hud,heading,,,,,"91° / 99°",91.400
1790445759.843,hud,drift,,,,,"14.78%",14.780
1790445759.843,hud,turns,,,,,"✗ turns: 3/15",
1790445759.843,hud,calib_s,,,,,"✓ Buffer 6s",
1790445759.843,marker,gnss,52.37585000,-1.29050200,261.20,true,,
1790445759.844,marker,dr,52.37583858,-1.29018806,268.60,true,,
1790445759.844,marker,reconciled,0.00000000,0.00000000,0.00,false,,
1790445759.893,hud,speed,,,,,"16.7 / 16.1",16.710
1790445759.894,hud,heading,,,,,"91° / 99°",91.300
1790445759.894,hud,drift,,,,,"14.39%",14.390
1790445759.895,hud,turns,,,,,"✗ turns: 3/15",
1790445759.895,hud,calib_s,,,,,"✓ Buffer 6s",
1790445759.895,marker,gnss,52.37585000,-1.29050200,261.20,true,,
1790445759.896,marker,dr,52.37583770,-1.29016381,268.70,true,,
1790445759.896,marker,reconciled,0.00000000,0.00000000,0.00,false,,
1790445759.945,hud,speed,,,,,"16.7 / 16.1",16.730
1790445759.945,hud,heading,,,,,"91° / 99°",91.300
1790445759.945,hud,drift,,,,,"14.09%",14.090
1790445759.946,hud,turns,,,,,"✗ turns: 3/15",
1790445759.946,hud,calib_s,,,,,"✓ Buffer 6s",
1790445759.946,marker,gnss,52.37585000,-1.29050200,261.20,true,,
1790445759.947,marker,dr,52.37583688,-1.29013927,268.70,true,,
1790445759.947,marker,reconciled,0.00000000,0.00000000,0.00,false,,
1790445759.998,hud,speed,,,,,"16.8 / 16.1",16.790
1790445759.998,hud,heading,,,,,"91° / 99°",91.100
1790445759.998,hud,drift,,,,,"13.88%",13.880
1790445759.999,hud,turns,,,,,"✗ turns: 3/15",
1790445759.999,hud,calib_s,,,,,"✓ Buffer 6s",
1790445759.999,marker,gnss,52.37585000,-1.29050200,261.20,true,,
1790445760.000,marker,dr,52.37583615,-1.29011439,268.90,true,,
1790445760.000,marker,reconciled,0.00000000,0.00000000,0.00,false,,
1790445760.047,hud,speed,,,,,"16.9 / 16.1",16.870
1790445760.047,hud,heading,,,,,"91° / 99°",90.800
1790445760.047,hud,drift,,,,,"13.75%",13.750
1790445760.047,hud,turns,,,,,"✗ turns: 3/15",
1790445760.048,hud,calib_s,,,,,"✓ Buffer 6s",
1790445760.048,marker,gnss,52.37585000,-1.29050200,261.20,true,,
1790445760.048,marker,dr,52.37583549,-1.29008964,269.20,true,,
1790445760.049,marker,reconciled,0.00000000,0.00000000,0.00,false,,
1790445760.096,hud,speed,,,,,"17.0 / 16.1",16.950
1790445760.096,hud,heading,,,,,"90° / 99°",90.400
1790445760.096,hud,drift,,,,,"13.67%",13.670
1790445760.097,hud,turns,,,,,"✗ turns: 3/15",
1790445760.097,hud,calib_s,,,,,"✓ Buffer 6s",
1790445760.097,marker,gnss,52.37585000,-1.29050200,261.20,true,,
1790445760.098,marker,dr,52.37583487,-1.29006501,269.60,true,,
1790445760.098,marker,reconciled,0.00000000,0.00000000,0.00,false,,
1790445760.145,hud,speed,,,,,"17.1 / 16.1",17.050
1790445760.146,hud,heading,,,,,"90° / 99°",90.000
1790445760.146,hud,drift,,,,,"13.63%",13.630
1790445760.146,hud,turns,,,,,"✗ turns: 3/15",
1790445760.146,hud,calib_s,,,,,"✓ Buffer 6s",
1790445760.147,marker,gnss,52.37585000,-1.29050200,261.20,true,,
1790445760.147,marker,dr,52.37583425,-1.29003974,270.00,true,,
1790445760.147,marker,reconciled,0.00000000,0.00000000,0.00,false,,
1790445760.196,hud,speed,,,,,"17.1 / 16.1",17.120
1790445760.197,hud,heading,,,,,"90° / 99°",89.900
1790445760.197,hud,drift,,,,,"13.64%",13.640
1790445760.197,hud,turns,,,,,"✗ turns: 3/15",
1790445760.197,hud,calib_s,,,,,"✓ Buffer 6s",
1790445760.198,marker,gnss,52.37585000,-1.29050200,261.20,true,,
1790445760.198,marker,dr,52.37583371,-1.29001483,270.10,true,,
1790445760.198,marker,reconciled,0.00000000,0.00000000,0.00,false,,
1790445760.250,hud,speed,,,,,"17.2 / 16.1",17.230
1790445760.250,hud,heading,,,,,"90° / 99°",89.700
1790445760.251,hud,drift,,,,,"13.71%",13.710
1790445760.251,hud,turns,,,,,"✗ turns: 3/15",
1790445760.251,hud,calib_s,,,,,"✓ Buffer 6s",
1790445760.251,marker,gnss,52.37585000,-1.29050200,261.20,true,,
1790445760.252,marker,dr,52.37583332,-1.28998952,270.30,true,,
1790445760.252,marker,reconciled,0.00000000,0.00000000,0.00,false,,
1790445760.300,hud,speed,,,,,"17.4 / 16.1",17.360
1790445760.300,hud,heading,,,,,"90° / 99°",89.500
1790445760.300,hud,drift,,,,,"13.82%",13.820
1790445760.301,hud,turns,,,,,"✗ turns: 3/15",
1790445760.301,hud,calib_s,,,,,"✓ Buffer 6s",
1790445760.301,marker,gnss,52.37585000,-1.29050200,261.20,true,,
1790445760.302,marker,dr,52.37583303,-1.28996375,270.50,true,,
1790445760.302,marker,reconciled,0.00000000,0.00000000,0.00,false,,
1790445760.352,hud,speed,,,,,"17.5 / 16.1",17.460
1790445760.353,hud,heading,,,,,"90° / 99°",89.500
1790445760.353,hud,drift,,,,,"13.97%",13.970
1790445760.353,hud,turns,,,,,"✗ turns: 3/15",
1790445760.353,hud,calib_s,,,,,"✓ Buffer 6s",
1790445760.354,marker,gnss,52.37585000,-1.29050200,261.20,true,,
1790445760.354,marker,dr,52.37583283,-1.28993809,270.50,true,,
1790445760.355,marker,reconciled,0.00000000,0.00000000,0.00,false,,
1790445760.403,hud,speed,,,,,"17.6 / 16.1",17.610
1790445760.403,hud,heading,,,,,"89° / 99°",89.400
1790445760.403,hud,drift,,,,,"14.17%",14.170
1790445760.404,hud,turns,,,,,"✗ turns: 3/15",
1790445760.404,hud,calib_s,,,,,"✓ Buffer 6s",
1790445760.404,marker,gnss,52.37585000,-1.29050200,261.20,true,,
1790445760.404,marker,dr,52.37583281,-1.28991222,270.60,true,,
1790445760.405,marker,reconciled,0.00000000,0.00000000,0.00,false,,
1790445760.453,hud,speed,,,,,"17.7 / 16.1",17.680
1790445760.453,hud,heading,,,,,"89° / 99°",89.100
1790445760.453,hud,drift,,,,,"14.38%",14.380
1790445760.454,hud,turns,,,,,"✗ turns: 3/15",
1790445760.454,hud,calib_s,,,,,"✓ Buffer 6s",
1790445760.454,marker,gnss,52.37585000,-1.29050200,261.20,true,,
1790445760.455,marker,dr,52.37583290,-1.28988626,270.90,true,,
1790445760.455,marker,reconciled,0.00000000,0.00000000,0.00,false,,
1790445760.505,hud,speed,,,,,"17.8 / 16.1",17.770
1790445760.505,hud,heading,,,,,"89° / 99°",89.100
1790445760.505,hud,drift,,,,,"14.62%",14.620
1790445760.505,hud,turns,,,,,"✗ turns: 3/15",
1790445760.506,hud,calib_s,,,,,"✓ Buffer 6s",
1790445760.506,marker,gnss,52.37585000,-1.29050200,261.20,true,,
1790445760.506,marker,dr,52.37583308,-1.28986016,270.90,true,,
1790445760.507,marker,reconciled,0.00000000,0.00000000,0.00,false,,
1790445760.553,hud,speed,,,,,"17.8 / 16.1",17.840
1790445760.553,hud,heading,,,,,"89° / 99°",89.100
1790445760.554,hud,drift,,,,,"14.87%",14.870
1790445760.554,hud,turns,,,,,"✗ turns: 3/15",
1790445760.554,hud,calib_s,,,,,"✓ Buffer 6s",
1790445760.554,marker,gnss,52.37585000,-1.29050200,261.20,true,,
1790445760.555,marker,dr,52.37583336,-1.28983398,270.90,true,,
1790445760.555,marker,reconciled,0.00000000,0.00000000,0.00,false,,
1790445760.605,hud,speed,,,,,"17.9 / 16.1",17.900
1790445760.606,hud,heading,,,,,"89° / 99°",89.300
1790445760.606,hud,drift,,,,,"15.13%",15.130
1790445760.607,hud,turns,,,,,"✗ turns: 3/15",
1790445760.607,hud,calib_s,,,,,"✓ Buffer 6s",
1790445760.607,marker,gnss,52.37585000,-1.29050200,261.20,true,,
1790445760.608,marker,dr,52.37583377,-1.28980771,270.70,true,,
1790445760.608,marker,reconciled,0.00000000,0.00000000,0.00,false,,
1790445760.655,hud,speed,,,,,"17.9 / 16.1",17.910
1790445760.656,hud,heading,,,,,"89° / 99°",89.200
1790445760.656,hud,drift,,,,,"15.39%",15.390
1790445760.656,hud,turns,,,,,"✗ turns: 3/15",
1790445760.656,hud,calib_s,,,,,"✓ Buffer 6s",
1790445760.657,marker,gnss,52.37585000,-1.29050200,261.20,true,,
1790445760.657,marker,dr,52.37583427,-1.28978170,270.80,true,,
1790445760.657,marker,reconciled,0.00000000,0.00000000,0.00,false,,
1790445760.709,hud,speed,,,,,"17.9 / 16.1",17.850
1790445760.709,hud,heading,,,,,"89° / 99°",89.000
1790445760.709,hud,drift,,,,,"15.65%",15.650
1790445760.709,hud,turns,,,,,"✗ turns: 3/15",
1790445760.710,hud,calib_s,,,,,"✓ Buffer 6s",
1790445760.710,marker,gnss,52.37585000,-1.29050200,261.20,true,,
1790445760.711,marker,dr,52.37583487,-1.28975526,271.00,true,,
1790445760.711,marker,reconciled,0.00000000,0.00000000,0.00,false,,
1790445760.761,hud,speed,,,,,"17.9 / 16.1",17.880
1790445760.761,hud,heading,,,,,"89° / 99°",89.000
1790445760.761,hud,drift,,,,,"15.90%",15.900
1790445760.761,hud,turns,,,,,"✗ turns: 3/15",
1790445760.761,hud,calib_s,,,,,"✓ Buffer 6s",
1790445760.762,marker,gnss,52.37585000,-1.29050200,261.20,true,,
1790445760.762,marker,dr,52.37583557,-1.28972906,271.00,true,,
1790445760.763,marker,reconciled,0.00000000,0.00000000,0.00,false,,
1790445760.813,hud,speed,,,,,"17.7 / 16.1",17.710
1790445760.814,hud,heading,,,,,"89° / 99°",88.800
1790445760.814,hud,drift,,,,,"16.13%",16.130
1790445760.815,hud,turns,,,,,"✗ turns: 3/15",
1790445760.815,hud,calib_s,,,,,"✓ Buffer 6s",
1790445760.815,marker,gnss,52.37585000,-1.29050200,261.20,true,,
1790445760.816,marker,dr,52.37583631,-1.28970336,271.20,true,,
1790445760.816,marker,reconciled,0.00000000,0.00000000,0.00,false,,
1790445760.857,hud,speed,,,,,"17.7 / 16.1",17.670
1790445760.858,hud,heading,,,,,"89° / 99°",88.700
1790445760.858,hud,drift,,,,,"16.36%",16.360
1790445760.859,hud,turns,,,,,"✗ turns: 3/15",
1790445760.859,hud,calib_s,,,,,"✓ Buffer 6s",
1790445760.859,marker,gnss,52.37585000,-1.29050200,261.20,true,,
1790445760.860,marker,dr,52.37583717,-1.28967721,271.30,true,,
1790445760.860,marker,reconciled,0.00000000,0.00000000,0.00,false,,
1790445760.909,hud,speed,,,,,"17.7 / 16.1",17.650
1790445760.909,hud,heading,,,,,"89° / 99°",88.500
1790445760.910,hud,drift,,,,,"16.59%",16.590
1790445760.910,hud,turns,,,,,"✗ turns: 3/15",
1790445760.910,hud,calib_s,,,,,"✓ Buffer 6s",
1790445760.911,marker,gnss,52.37585000,-1.29050200,261.20,true,,
1790445760.911,marker,dr,52.37583808,-1.28965162,271.50,true,,
1790445760.911,marker,reconciled,0.00000000,0.00000000,0.00,false,,
1790445760.961,hud,speed,,,,,"17.4 / 16.1",17.430
1790445760.962,hud,heading,,,,,"89° / 99°",88.500
1790445760.962,hud,drift,,,,,"16.79%",16.790
1790445760.963,hud,turns,,,,,"✗ turns: 3/15",
1790445760.963,hud,calib_s,,,,,"✓ Buffer 6s",
1790445760.963,marker,gnss,52.37585000,-1.29050200,261.20,true,,
1790445760.964,marker,dr,52.37583908,-1.28962612,271.50,true,,
1790445760.964,marker,reconciled,0.00000000,0.00000000,0.00,false,,
1790445761.013,hud,speed,,,,,"17.2 / 16.1",17.180
1790445761.013,hud,heading,,,,,"88° / 99°",88.300
1790445761.014,hud,drift,,,,,"16.96%",16.960
1790445761.014,hud,turns,,,,,"✗ turns: 3/15",
1790445761.014,hud,calib_s,,,,,"✓ Buffer 6s",
1790445761.015,marker,gnss,52.37585000,-1.29050200,261.20,true,,
1790445761.015,marker,dr,52.37584012,-1.28960071,271.70,true,,
1790445761.015,marker,reconciled,0.00000000,0.00000000,0.00,false,,
1790445761.064,hud,speed,,,,,"17.0 / 16.1",17.010
1790445761.064,hud,heading,,,,,"88° / 99°",88.200
1790445761.065,hud,drift,,,,,"17.11%",17.110
1790445761.065,hud,turns,,,,,"✗ turns: 3/15",
1790445761.065,hud,calib_s,,,,,"✓ Buffer 6s",
1790445761.066,marker,gnss,52.37585000,-1.29050200,261.20,true,,
1790445761.066,marker,dr,52.37584118,-1.28957609,271.80,true,,
1790445761.067,marker,reconciled,0.00000000,0.00000000,0.00,false,,
1790445761.113,hud,speed,,,,,"17.0 / 16.1",16.950
1790445761.113,hud,heading,,,,,"88° / 99°",88.100
1790445761.113,hud,drift,,,,,"17.25%",17.250
1790445761.114,hud,turns,,,,,"✗ turns: 3/15",
1790445761.114,hud,calib_s,,,,,"✓ Buffer 6s",
1790445761.114,marker,gnss,52.37585000,-1.29050200,261.20,true,,
1790445761.115,marker,dr,52.37584225,-1.28955130,271.90,true,,
1790445761.115,marker,reconciled,0.00000000,0.00000000,0.00,false,,
1790445761.164,hud,speed,,,,,"16.7 / 16.1",16.730
1790445761.165,hud,heading,,,,,"88° / 99°",87.900
1790445761.165,hud,drift,,,,,"17.38%",17.380
1790445761.165,hud,turns,,,,,"✗ turns: 3/15",
1790445761.165,hud,calib_s,,,,,"✓ Buffer 6s",
1790445761.166,marker,gnss,52.37585000,-1.29050200,261.20,true,,
1790445761.167,marker,dr,52.37584339,-1.28952609,272.10,true,,
1790445761.167,marker,reconciled,0.00000000,0.00000000,0.00,false,,
1790445761.216,hud,speed,,,,,"16.5 / 16.1",16.540
1790445761.216,hud,heading,,,,,"88° / 99°",87.800
1790445761.216,hud,drift,,,,,"17.48%",17.480
1790445761.216,hud,turns,,,,,"✗ turns: 3/15",
1790445761.217,hud,calib_s,,,,,"✓ Buffer 6s",
1790445761.217,marker,gnss,52.37585000,-1.29050200,261.20,true,,
1790445761.218,marker,dr,52.37584453,-1.28950240,272.20,true,,
1790445761.218,marker,reconciled,0.00000000,0.00000000,0.00,false,,
1790445761.269,hud,speed,,,,,"16.5 / 16.1",16.520
1790445761.269,hud,heading,,,,,"88° / 99°",87.700
1790445761.270,hud,drift,,,,,"17.59%",17.590
1790445761.270,hud,turns,,,,,"✗ turns: 3/15",
1790445761.270,hud,calib_s,,,,,"✓ Buffer 6s",
1790445761.271,marker,gnss,52.37585000,-1.29050200,261.20,true,,
1790445761.271,marker,dr,52.37584574,-1.28947828,272.30,true,,
1790445761.272,marker,reconciled,0.00000000,0.00000000,0.00,false,,
1790445761.318,hud,speed,,,,,"16.5 / 16.1",16.450
1790445761.318,hud,heading,,,,,"88° / 99°",87.800
1790445761.318,hud,drift,,,,,"17.70%",17.700
1790445761.319,hud,turns,,,,,"✗ turns: 3/15",
1790445761.319,hud,calib_s,,,,,"✓ Buffer 6s",
1790445761.319,marker,gnss,52.37585000,-1.29050200,261.20,true,,
1790445761.320,marker,dr,52.37584692,-1.28945448,272.20,true,,
1790445761.320,marker,reconciled,0.00000000,0.00000000,0.00,false,,
1790445761.370,hud,speed,,,,,"16.2 / 16.1",16.160
1790445761.370,hud,heading,,,,,"88° / 99°",87.800
1790445761.371,hud,drift,,,,,"17.77%",17.770
1790445761.371,hud,turns,,,,,"✗ turns: 3/15",
1790445761.371,hud,calib_s,,,,,"✓ Buffer 6s",
1790445761.371,marker,gnss,52.37585000,-1.29050200,261.20,true,,
1790445761.372,marker,dr,52.37584806,-1.28943086,272.20,true,,
1790445761.372,marker,reconciled,0.00000000,0.00000000,0.00,false,,
1790445761.419,hud,speed,,,,,"16.1 / 16.1",16.120
1790445761.420,hud,heading,,,,,"88° / 99°",87.600
1790445761.420,hud,drift,,,,,"17.84%",17.840
1790445761.420,hud,turns,,,,,"✗ turns: 3/15",
1790445761.420,hud,calib_s,,,,,"✓ Buffer 6s",
1790445761.421,marker,gnss,52.37585000,-1.29050200,261.20,true,,
1790445761.421,marker,dr,52.37584922,-1.28940704,272.40,true,,
1790445761.421,marker,reconciled,0.00000000,0.00000000,0.00,false,,
1790445761.472,hud,speed,,,,,"16.1 / 16.1",16.100
1790445761.472,hud,heading,,,,,"88° / 99°",87.700
1790445761.472,hud,drift,,,,,"17.91%",17.910
1790445761.473,hud,turns,,,,,"✗ turns: 3/15",
1790445761.473,hud,calib_s,,,,,"✓ Buffer 6s",
1790445761.473,marker,gnss,52.37585000,-1.29050200,261.20,true,,
1790445761.473,marker,dr,52.37585039,-1.28938374,272.30,true,,
1790445761.474,marker,reconciled,0.00000000,0.00000000,0.00,false,,
1790445761.524,hud,speed,,,,,"15.9 / 16.1",15.890
1790445761.525,hud,heading,,,,,"88° / 99°",87.800
1790445761.525,hud,drift,,,,,"17.98%",17.980
1790445761.525,hud,turns,,,,,"✗ turns: 3/15",
1790445761.525,hud,calib_s,,,,,"✓ Buffer 6s",
1790445761.526,marker,gnss,52.37585000,-1.29050200,261.20,true,,
1790445761.526,marker,dr,52.37585156,-1.28936049,272.20,true,,
1790445761.527,marker,reconciled,0.00000000,0.00000000,0.00,false,,
1790445761.573,hud,speed,,,,,"15.9 / 16.1",15.870
1790445761.573,hud,heading,,,,,"88° / 99°",87.800
1790445761.574,hud,drift,,,,,"18.04%",18.040
1790445761.574,hud,turns,,,,,"✗ turns: 3/15",
1790445761.574,hud,calib_s,,,,,"✓ Buffer 6s",
1790445761.575,marker,gnss,52.37585000,-1.29050200,261.20,true,,
1790445761.575,marker,dr,52.37585276,-1.28933706,272.20,true,,
1790445761.576,marker,reconciled,0.00000000,0.00000000,0.00,false,,
1790445761.624,hud,speed,,,,,"15.8 / 16.1",15.820
1790445761.625,hud,heading,,,,,"88° / 99°",87.900
1790445761.625,hud,drift,,,,,"18.09%",18.090
1790445761.625,hud,turns,,,,,"✗ turns: 3/15",
1790445761.625,hud,calib_s,,,,,"✓ Buffer 6s",
1790445761.626,marker,gnss,52.37585000,-1.29050200,261.20,true,,
1790445761.626,marker,dr,52.37585386,-1.28931390,272.10,true,,
1790445761.627,marker,reconciled,0.00000000,0.00000000,0.00,false,,
1790445761.675,hud,speed,,,,,"15.6 / 16.1",15.640
1790445761.676,hud,heading,,,,,"88° / 99°",87.800
1790445761.676,hud,drift,,,,,"18.12%",18.120
1790445761.676,hud,turns,,,,,"✗ turns: 3/15",
1790445761.676,hud,calib_s,,,,,"✓ Buffer 6s",
1790445761.677,marker,gnss,52.37585000,-1.29050200,261.20,true,,
1790445761.677,marker,dr,52.37585493,-1.28929125,272.20,true,,
1790445761.678,marker,reconciled,0.00000000,0.00000000,0.00,false,,
1790445761.725,hud,speed,,,,,"15.6 / 16.1",15.590
1790445761.726,hud,heading,,,,,"88° / 99°",87.900
1790445761.726,hud,drift,,,,,"18.16%",18.160
1790445761.726,hud,turns,,,,,"✗ turns: 3/15",
1790445761.726,hud,calib_s,,,,,"✓ Buffer 6s",
1790445761.727,marker,gnss,52.37585000,-1.29050200,261.20,true,,
1790445761.727,marker,dr,52.37585603,-1.28926843,272.10,true,,
1790445761.728,marker,reconciled,0.00000000,0.00000000,0.00,false,,
1790445761.781,hud,speed,,,,,"15.5 / 16.1",15.530
1790445761.781,hud,heading,,,,,"88° / 99°",87.900
1790445761.781,hud,drift,,,,,"18.20%",18.200
1790445761.782,hud,turns,,,,,"✗ turns: 3/15",
1790445761.782,hud,calib_s,,,,,"✓ Buffer 6s",
1790445761.782,marker,gnss,52.37585000,-1.29050200,261.20,true,,
1790445761.783,marker,dr,52.37585712,-1.28924547,272.10,true,,
1790445761.783,marker,reconciled,0.00000000,0.00000000,0.00,false,,
1790445761.832,hud,speed,,,,,"15.4 / 16.1",15.360
1790445761.832,hud,heading,,,,,"88° / 99°",87.900
1790445761.832,hud,drift,,,,,"18.23%",18.230
1790445761.833,hud,turns,,,,,"✗ turns: 3/15",
1790445761.833,hud,calib_s,,,,,"✓ Buffer 6s",
1790445761.833,marker,gnss,52.37585000,-1.29050200,261.20,true,,
1790445761.834,marker,dr,52.37585817,-1.28922299,272.10,true,,
1790445761.834,marker,reconciled,0.00000000,0.00000000,0.00,false,,
1790445761.882,hud,speed,,,,,"15.3 / 16.1",15.300
1790445761.883,hud,heading,,,,,"88° / 99°",87.900
1790445761.883,hud,drift,,,,,"18.25%",18.250
1790445761.883,hud,turns,,,,,"✗ turns: 3/15",
1790445761.883,hud,calib_s,,,,,"✓ Buffer 6s",
1790445761.884,marker,gnss,52.37585000,-1.29050200,261.20,true,,
1790445761.884,marker,dr,52.37585920,-1.28920058,272.10,true,,
1790445761.885,marker,reconciled,0.00000000,0.00000000,0.00,false,,
1790445761.936,hud,speed,,,,,"15.2 / 16.1",15.240
1790445761.936,hud,heading,,,,,"88° / 99°",88.100
1790445761.936,hud,drift,,,,,"18.27%",18.270
1790445761.936,hud,turns,,,,,"✗ turns: 3/15",
1790445761.937,hud,calib_s,,,,,"✓ Buffer 6s",
1790445761.937,marker,gnss,52.37585000,-1.29050200,261.20,true,,
1790445761.937,marker,dr,52.37586019,-1.28917826,271.90,true,,
1790445761.938,marker,reconciled,0.00000000,0.00000000,0.00,false,,
1790445761.986,hud,speed,,,,,"15.0 / 16.1",15.030
1790445761.987,hud,heading,,,,,"88° / 99°",88.200
1790445761.987,hud,drift,,,,,"18.28%",18.280
1790445761.988,hud,turns,,,,,"✗ turns: 3/15",
1790445761.988,hud,calib_s,,,,,"✓ Buffer 6s",
1790445761.988,marker,gnss,52.37585000,-1.29050200,261.20,true,,
1790445761.989,marker,dr,52.37586120,-1.28915624,271.80,true,,
1790445761.989,marker,reconciled,0.00000000,0.00000000,0.00,false,,
1790445762.037,hud,speed,,,,,"15.0 / 16.1",14.950
1790445762.037,hud,heading,,,,,"88° / 99°",88.100
1790445762.038,hud,drift,,,,,"18.29%",18.290
1790445762.038,hud,turns,,,,,"✗ turns: 3/15",
1790445762.038,hud,calib_s,,,,,"✓ Buffer 6s",
1790445762.038,marker,gnss,52.37585000,-1.29050200,261.20,true,,
1790445762.039,marker,dr,52.37586215,-1.28913455,271.90,true,,
1790445762.039,marker,reconciled,0.00000000,0.00000000,0.00,false,,
1790445762.087,hud,speed,,,,,"14.9 / 16.1",14.920
1790445762.088,hud,heading,,,,,"88° / 99°",88.100
1790445762.088,hud,drift,,,,,"18.30%",18.300
1790445762.088,hud,turns,,,,,"✗ turns: 3/15",
1790445762.089,hud,calib_s,,,,,"✓ Buffer 6s",
1790445762.089,marker,gnss,52.37585000,-1.29050200,261.20,true,,
1790445762.090,marker,dr,52.37586312,-1.28911268,271.90,true,,
1790445762.090,marker,reconciled,0.00000000,0.00000000,0.00,false,,
1790445762.140,hud,speed,,,,,"14.7 / 16.1",14.720
1790445762.140,hud,heading,,,,,"88° / 99°",88.000
1790445762.140,hud,drift,,,,,"18.30%",18.300
1790445762.140,hud,turns,,,,,"✗ turns: 3/15",
1790445762.141,hud,calib_s,,,,,"✓ Buffer 6s",
1790445762.141,marker,gnss,52.37585000,-1.29050200,261.20,true,,
1790445762.141,marker,dr,52.37586404,-1.28909111,272.00,true,,
1790445762.142,marker,reconciled,0.00000000,0.00000000,0.00,false,,
1790445762.190,hud,speed,,,,,"14.7 / 16.1",14.670
1790445762.191,hud,heading,,,,,"88° / 99°",88.200
1790445762.191,hud,drift,,,,,"18.30%",18.300
1790445762.191,hud,turns,,,,,"✗ turns: 3/15",
1790445762.191,hud,calib_s,,,,,"✓ Buffer 6s",
1790445762.192,marker,gnss,52.37585000,-1.29050200,261.20,true,,
1790445762.192,marker,dr,52.37586495,-1.28906940,271.80,true,,
1790445762.192,marker,reconciled,0.00000000,0.00000000,0.00,false,,
1790445762.242,hud,speed,,,,,"14.5 / 16.1",14.450
1790445762.242,hud,heading,,,,,"88° / 99°",88.300
1790445762.243,hud,drift,,,,,"18.30%",18.300
1790445762.243,hud,turns,,,,,"✗ turns: 3/15",
1790445762.243,hud,calib_s,,,,,"✓ Buffer 6s",
1790445762.244,marker,gnss,52.37585000,-1.29050200,261.20,true,,
1790445762.244,marker,dr,52.37586585,-1.28904821,271.70,true,,
1790445762.244,marker,reconciled,0.00000000,0.00000000,0.00,false,,
1790445762.295,hud,speed,,,,,"14.2 / 16.1",14.240
1790445762.295,hud,heading,,,,,"88° / 99°",88.400
1790445762.296,hud,drift,,,,,"18.29%",18.290
1790445762.296,hud,turns,,,,,"✗ turns: 3/15",
1790445762.296,hud,calib_s,,,,,"✓ Buffer 6s",
1790445762.297,marker,gnss,52.37585000,-1.29050200,261.20,true,,
1790445762.297,marker,dr,52.37586675,-1.28902734,271.60,true,,
1790445762.297,marker,reconciled,0.00000000,0.00000000,0.00,false,,
1790445762.340,hud,speed,,,,,"14.2 / 16.1",14.190
1790445762.341,hud,heading,,,,,"88° / 99°",88.400
1790445762.341,hud,drift,,,,,"18.28%",18.280
1790445762.342,hud,turns,,,,,"✗ turns: 3/15",
1790445762.342,hud,calib_s,,,,,"✓ Buffer 6s",
1790445762.343,marker,gnss,52.37585000,-1.29050200,261.20,true,,
1790445762.344,marker,dr,52.37586757,-1.28900674,271.60,true,,
1790445762.344,marker,reconciled,0.00000000,0.00000000,0.00,false,,
1790445762.392,hud,speed,,,,,"14.1 / 16.1",14.120
1790445762.392,hud,heading,,,,,"89° / 99°",88.500
1790445762.392,hud,drift,,,,,"18.27%",18.270
1790445762.393,hud,turns,,,,,"✗ turns: 3/15",
1790445762.393,hud,calib_s,,,,,"✓ Buffer 6s",
1790445762.393,marker,gnss,52.37585000,-1.29050200,261.20,true,,
1790445762.394,marker,dr,52.37586841,-1.28898583,271.50,true,,
1790445762.394,marker,reconciled,0.00000000,0.00000000,0.00,false,,
1790445762.445,hud,speed,,,,,"13.9 / 16.1",13.850
1790445762.445,hud,heading,,,,,"89° / 99°",88.600
1790445762.445,hud,drift,,,,,"18.26%",18.260
1790445762.446,hud,turns,,,,,"✗ turns: 3/15",
1790445762.446,hud,calib_s,,,,,"✓ Buffer 6s",
1790445762.447,marker,gnss,52.37585000,-1.29050200,261.20,true,,
1790445762.447,marker,dr,52.37586919,-1.28896550,271.40,true,,
1790445762.447,marker,reconciled,0.00000000,0.00000000,0.00,false,,
1790445762.495,hud,speed,,,,,"13.8 / 16.1",13.780
1790445762.496,hud,heading,,,,,"89° / 99°",88.600
1790445762.496,hud,drift,,,,,"18.24%",18.240
1790445762.496,hud,turns,,,,,"✗ turns: 3/15",
1790445762.496,hud,calib_s,,,,,"✓ Buffer 6s",
1790445762.497,marker,gnss,52.37585000,-1.29050200,261.20,true,,
1790445762.497,marker,dr,52.37586995,-1.28894528,271.40,true,,
1790445762.498,marker,reconciled,0.00000000,0.00000000,0.00,false,,
1790445762.548,hud,speed,,,,,"13.6 / 16.1",13.550
1790445762.549,hud,heading,,,,,"89° / 99°",88.700
1790445762.549,hud,drift,,,,,"18.23%",18.230
1790445762.549,hud,turns,,,,,"✗ turns: 3/15",
1790445762.549,hud,calib_s,,,,,"✓ Buffer 6s",
1790445762.549,marker,gnss,52.37585000,-1.29050200,261.20,true,,
1790445762.550,marker,dr,52.37587067,-1.28892539,271.30,true,,
1790445762.551,marker,reconciled,0.00000000,0.00000000,0.00,false,,
1790445762.597,hud,speed,,,,,"13.3 / 16.1",13.340
1790445762.597,hud,heading,,,,,"89° / 99°",88.800
1790445762.598,hud,drift,,,,,"18.21%",18.210
1790445762.598,hud,turns,,,,,"✗ turns: 3/15",
1790445762.598,hud,calib_s,,,,,"✓ Buffer 6s",
1790445762.599,marker,gnss,52.37585000,-1.29050200,261.20,true,,
1790445762.599,marker,dr,52.37587136,-1.28890582,271.20,true,,
1790445762.599,marker,reconciled,0.00000000,0.00000000,0.00,false,,
1790445762.647,hud,speed,,,,,"13.3 / 16.1",13.280
1790445762.648,hud,heading,,,,,"89° / 99°",89.100
1790445762.648,hud,drift,,,,,"18.19%",18.190
1790445762.648,hud,turns,,,,,"✗ turns: 3/15",
1790445762.649,hud,calib_s,,,,,"✓ Buffer 6s",
1790445762.649,marker,gnss,52.37585000,-1.29050200,261.20,true,,
1790445762.649,marker,dr,52.37587203,-1.28888634,270.90,true,,
1790445762.650,marker,reconciled,0.00000000,0.00000000,0.00,false,,
1790445762.700,hud,speed,,,,,"13.2 / 16.1",13.230
1790445762.701,hud,heading,,,,,"89° / 99°",89.000
1790445762.701,hud,drift,,,,,"18.18%",18.180
1790445762.701,hud,turns,,,,,"✗ turns: 3/15",
1790445762.702,hud,calib_s,,,,,"✓ Buffer 6s",
1790445762.702,marker,gnss,52.37585000,-1.29050200,261.20,true,,
1790445762.703,marker,dr,52.37587275,-1.28886691,271.00,true,,
1790445762.703,marker,reconciled,0.00000000,0.00000000,0.00,false,,
1790445762.752,hud,speed,,,,,"13.1 / 16.1",13.080
1790445762.752,hud,heading,,,,,"89° / 99°",88.800
1790445762.752,hud,drift,,,,,"18.17%",18.170
1790445762.752,hud,turns,,,,,"✗ turns: 3/15",
1790445762.753,hud,calib_s,,,,,"✓ Buffer 6s",
1790445762.753,marker,gnss,52.37585000,-1.29050200,261.20,true,,
1790445762.753,marker,dr,52.37587339,-1.28884772,271.20,true,,
1790445762.754,marker,reconciled,0.00000000,0.00000000,0.00,false,,
1790445762.809,hud,speed,,,,,"13.0 / 16.1",13.020
1790445762.809,hud,heading,,,,,"89° / 99°",89.000
1790445762.809,hud,drift,,,,,"18.16%",18.160
1790445762.810,hud,turns,,,,,"✗ turns: 3/15",
1790445762.810,hud,calib_s,,,,,"✓ Buffer 6s",
1790445762.811,marker,gnss,52.37585000,-1.29050200,261.20,true,,
1790445762.811,marker,dr,52.37587405,-1.28882862,271.00,true,,
1790445762.812,marker,reconciled,0.00000000,0.00000000,0.00,false,,
1790445762.854,hud,speed,,,,,"12.9 / 16.1",12.920
1790445762.854,hud,heading,,,,,"89° / 99°",88.900
1790445762.855,hud,drift,,,,,"18.15%",18.150
1790445762.855,hud,turns,,,,,"✗ turns: 3/15",
1790445762.855,hud,calib_s,,,,,"✓ Buffer 6s",
1790445762.855,marker,gnss,52.37585000,-1.29050200,261.20,true,,
1790445762.856,marker,dr,52.37587465,-1.28880985,271.10,true,,
1790445762.856,marker,reconciled,0.00000000,0.00000000,0.00,false,,
1790445762.905,hud,speed,,,,,"12.9 / 16.1",12.890
1790445762.906,hud,heading,,,,,"89° / 99°",89.300
1790445762.906,hud,drift,,,,,"18.15%",18.150
1790445762.906,hud,turns,,,,,"✗ turns: 3/15",
1790445762.907,hud,calib_s,,,,,"✓ Buffer 6s",
1790445762.907,marker,gnss,52.37585000,-1.29050200,261.20,true,,
1790445762.908,marker,dr,52.37587527,-1.28879094,270.70,true,,
1790445762.908,marker,reconciled,0.00000000,0.00000000,0.00,false,,
1790445762.957,hud,speed,,,,,"12.9 / 16.1",12.910
1790445762.957,hud,heading,,,,,"90° / 99°",89.800
1790445762.958,hud,drift,,,,,"18.16%",18.160
1790445762.958,hud,turns,,,,,"✗ turns: 3/15",
1790445762.958,hud,calib_s,,,,,"✓ Buffer 6s",
1790445762.959,marker,gnss,52.37585000,-1.29050200,261.20,true,,
1790445762.959,marker,dr,52.37587595,-1.28877200,270.20,true,,
1790445762.960,marker,reconciled,0.00000000,0.00000000,0.00,false,,
1790445763.008,hud,speed,,,,,"13.0 / 16.1",12.970
1790445763.008,hud,heading,,,,,"90° / 99°",89.600
1790445763.008,hud,drift,,,,,"18.17%",18.170
1790445763.008,hud,turns,,,,,"✗ turns: 3/15",
1790445763.009,hud,calib_s,,,,,"✓ Buffer 6s",
1790445763.009,marker,gnss,52.37585000,-1.29050200,261.20,true,,
1790445763.009,marker,dr,52.37587667,-1.28875296,270.40,true,,
1790445763.009,marker,reconciled,0.00000000,0.00000000,0.00,false,,
1790445763.063,hud,speed,,,,,"13.1 / 16.1",13.070
1790445763.064,hud,heading,,,,,"90° / 99°",89.600
1790445763.064,hud,drift,,,,,"18.20%",18.200
1790445763.064,hud,turns,,,,,"✗ turns: 3/15",
1790445763.064,hud,calib_s,,,,,"✓ Buffer 6s",
1790445763.065,marker,gnss,52.37585000,-1.29050200,261.20,true,,
1790445763.065,marker,dr,52.37587743,-1.28873354,270.40,true,,
1790445763.065,marker,reconciled,0.00000000,0.00000000,0.00,false,,
1790445763.112,hud,speed,,,,,"13.2 / 16.1",13.200
1790445763.112,hud,heading,,,,,"90° / 99°",89.700
1790445763.112,hud,drift,,,,,"18.21%",18.210
1790445763.113,hud,turns,,,,,"✗ turns: 3/15",
1790445763.113,hud,calib_s,,,,,"✓ Buffer 6s",
1790445763.113,marker,gnss,52.37585000,-1.29050200,261.20,true,,
1790445763.114,marker,dr,52.37587804,-1.28871415,270.30,true,,
1790445763.114,marker,reconciled,0.00000000,0.00000000,0.00,false,,
1790445763.163,hud,speed,,,,,"13.3 / 16.1",13.280
1790445763.164,hud,heading,,,,,"90° / 99°",89.600
1790445763.164,hud,drift,,,,,"18.22%",18.220
1790445763.164,hud,turns,,,,,"✗ turns: 3/15",
1790445763.165,hud,calib_s,,,,,"✓ Buffer 6s",
1790445763.165,marker,gnss,52.37585000,-1.29050200,261.20,true,,
1790445763.166,marker,dr,52.37587861,-1.28869464,270.40,true,,
1790445763.167,marker,reconciled,0.00000000,0.00000000,0.00,false,,
1790445763.212,hud,speed,,,,,"13.4 / 16.1",13.360
1790445763.212,hud,heading,,,,,"90° / 99°",89.700
1790445763.213,hud,drift,,,,,"18.24%",18.240
1790445763.213,hud,turns,,,,,"✗ turns: 3/15",
1790445763.213,hud,calib_s,,,,,"✓ Buffer 6s",
1790445763.214,marker,gnss,52.37585000,-1.29050200,261.20,true,,
1790445763.214,marker,dr,52.37587918,-1.28867501,270.30,true,,
1790445763.215,marker,reconciled,0.00000000,0.00000000,0.00,false,,
1790445763.266,hud,speed,,,,,"13.4 / 16.1",13.440
1790445763.266,hud,heading,,,,,"90° / 99°",89.800
1790445763.266,hud,drift,,,,,"18.25%",18.250
1790445763.267,hud,turns,,,,,"✗ turns: 3/15",
1790445763.267,hud,calib_s,,,,,"✓ Buffer 6s",
1790445763.267,marker,gnss,52.37585000,-1.29050200,261.20,true,,
1790445763.268,marker,dr,52.37587969,-1.28865526,270.20,true,,
1790445763.268,marker,reconciled,0.00000000,0.00000000,0.00,false,,
1790445763.316,hud,speed,,,,,"13.5 / 16.1",13.530
1790445763.316,hud,heading,,,,,"90° / 99°",89.700
1790445763.317,hud,drift,,,,,"18.26%",18.260
1790445763.317,hud,turns,,,,,"✗ turns: 3/15",
1790445763.317,hud,calib_s,,,,,"✓ Buffer 6s",
1790445763.317,marker,gnss,52.37585000,-1.29050200,261.20,true,,
1790445763.318,marker,dr,52.37588018,-1.28863538,270.30,true,,
1790445763.318,marker,reconciled,0.00000000,0.00000000,0.00,false,,
1790445763.364,hud,speed,,,,,"13.6 / 16.1",13.580
1790445763.365,hud,heading,,,,,"90° / 99°",89.500
1790445763.365,hud,drift,,,,,"18.27%",18.270
1790445763.365,hud,turns,,,,,"✗ turns: 3/15",
1790445763.365,hud,calib_s,,,,,"✓ Buffer 6s",
1790445763.365,marker,gnss,52.37585000,-1.29050200,261.20,true,,
1790445763.366,marker,dr,52.37588063,-1.28861565,270.50,true,,
1790445763.366,marker,reconciled,0.00000000,0.00000000,0.00,false,,
1790445763.417,hud,speed,,,,,"13.6 / 16.1",13.600
1790445763.418,hud,heading,,,,,"89° / 99°",89.400
1790445763.418,hud,drift,,,,,"18.28%",18.280
1790445763.418,hud,turns,,,,,"✗ turns: 3/15",
1790445763.418,hud,calib_s,,,,,"✓ Buffer 6s",
1790445763.419,marker,gnss,52.37585000,-1.29050200,261.20,true,,
1790445763.419,marker,dr,52.37588107,-1.28859548,270.60,true,,
1790445763.419,marker,reconciled,0.00000000,0.00000000,0.00,false,,
1790445763.469,hud,speed,,,,,"13.5 / 16.1",13.500
1790445763.470,hud,heading,,,,,"90° / 99°",89.500
1790445763.470,hud,drift,,,,,"18.29%",18.290
1790445763.470,hud,turns,,,,,"✗ turns: 3/15",
1790445763.471,hud,calib_s,,,,,"✓ Buffer 6s",
1790445763.471,marker,gnss,52.37585000,-1.29050200,261.20,true,,
1790445763.471,marker,dr,52.37588149,-1.28857567,270.50,true,,
1790445763.472,marker,reconciled,0.00000000,0.00000000,0.00,false,,
1790445763.519,hud,speed,,,,,"13.4 / 16.1",13.370
1790445763.520,hud,heading,,,,,"90° / 99°",89.700
1790445763.520,hud,drift,,,,,"18.30%",18.300
1790445763.520,hud,turns,,,,,"✗ turns: 3/15",
1790445763.521,hud,calib_s,,,,,"✓ Buffer 6s",
1790445763.521,marker,gnss,52.37585000,-1.29050200,261.20,true,,
1790445763.521,marker,dr,52.37588192,-1.28855604,270.30,true,,
1790445763.522,marker,reconciled,0.00000000,0.00000000,0.00,false,,
1790445763.572,hud,speed,,,,,"13.3 / 16.1",13.280
1790445763.572,hud,heading,,,,,"90° / 99°",90.200
1790445763.573,hud,drift,,,,,"18.32%",18.320
1790445763.573,hud,turns,,,,,"✗ turns: 3/15",
1790445763.573,hud,calib_s,,,,,"✓ Buffer 6s",
1790445763.574,marker,gnss,52.37585000,-1.29050200,261.20,true,,
1790445763.574,marker,dr,52.37588242,-1.28853656,269.80,true,,
1790445763.575,marker,reconciled,0.00000000,0.00000000,0.00,false,,
1790445763.620,hud,speed,,,,,"13.3 / 16.1",13.280
1790445763.621,hud,heading,,,,,"91° / 99°",90.500
1790445763.621,hud,drift,,,,,"18.35%",18.350
1790445763.621,hud,turns,,,,,"✗ turns: 3/15",
1790445763.621,hud,calib_s,,,,,"✓ Buffer 6s",
1790445763.622,marker,gnss,52.37585000,-1.29050200,261.20,true,,
1790445763.622,marker,dr,52.37588302,-1.28851725,269.50,true,,
1790445763.623,marker,reconciled,0.00000000,0.00000000,0.00,false,,
1790445763.673,hud,speed,,,,,"13.1 / 16.1",13.090
1790445763.674,hud,heading,,,,,"91° / 99°",90.900
1790445763.674,hud,drift,,,,,"18.38%",18.380
1790445763.674,hud,turns,,,,,"✗ turns: 3/15",
1790445763.675,hud,calib_s,,,,,"✓ Buffer 6s",
1790445763.675,marker,gnss,52.37585000,-1.29050200,261.20,true,,
1790445763.676,marker,dr,52.37588363,-1.28849784,269.10,true,,
1790445763.676,marker,reconciled,0.00000000,0.00000000,0.00,false,,
1790445763.724,hud,speed,,,,,"13.0 / 16.1",12.990
1790445763.725,hud,heading,,,,,"91° / 99°",90.800
1790445763.725,hud,drift,,,,,"18.42%",18.420
1790445763.725,hud,turns,,,,,"✗ turns: 3/15",
1790445763.725,hud,calib_s,,,,,"✓ Buffer 6s",
1790445763.726,marker,gnss,52.37585000,-1.29050200,261.20,true,,
1790445763.727,marker,dr,52.37588431,-1.28847868,269.20,true,,
1790445763.727,marker,reconciled,0.00000000,0.00000000,0.00,false,,
1790445763.778,hud,speed,,,,,"12.8 / 16.1",12.760
1790445763.778,hud,heading,,,,,"91° / 99°",90.800
1790445763.779,hud,drift,,,,,"18.46%",18.460
1790445763.779,hud,turns,,,,,"✗ turns: 3/15",
1790445763.779,hud,calib_s,,,,,"✓ Buffer 6s",
1790445763.780,marker,gnss,52.37585000,-1.29050200,261.20,true,,
1790445763.780,marker,dr,52.37588494,-1.28845985,269.20,true,,
1790445763.780,marker,reconciled,0.00000000,0.00000000,0.00,false,,
1790445763.828,hud,speed,,,,,"12.6 / 14.5",12.590
1790445763.828,hud,heading,,,,,"91° / 88°",90.700
1790445763.829,hud,drift,,,,,"17.36%",17.360
1790445763.829,hud,turns,,,,,"✗ turns: 3/15",
1790445763.829,hud,calib_s,,,,,"✓ Buffer 6s",
1790445763.829,marker,gnss,52.37565600,-1.28850200,272.50,true,,
1790445763.830,marker,dr,52.37588552,-1.28844132,269.30,true,,
1790445763.830,marker,reconciled,0.00000000,0.00000000,0.00,false,,
1790445763.876,hud,speed,,,,,"12.4 / 14.5",12.440
1790445763.876,hud,heading,,,,,"90° / 88°",90.300
1790445763.877,hud,drift,,,,,"17.17%",17.170
1790445763.877,hud,turns,,,,,"✗ turns: 3/15",
1790445763.877,hud,calib_s,,,,,"✓ Buffer 6s",
1790445763.877,marker,gnss,52.37565600,-1.28850200,272.50,true,,
1790445763.878,marker,dr,52.37588606,-1.28842326,269.70,true,,
1790445763.878,marker,reconciled,0.00000000,0.00000000,0.00,false,,
1790445763.926,hud,speed,,,,,"12.4 / 14.5",12.380
1790445763.926,hud,heading,,,,,"90° / 88°",90.100
1790445763.926,hud,drift,,,,,"16.99%",16.990
1790445763.927,hud,turns,,,,,"✗ turns: 3/15",
1790445763.927,hud,calib_s,,,,,"✓ Buffer 6s",
1790445763.927,marker,gnss,52.37565600,-1.28850200,272.50,true,,
1790445763.928,marker,dr,52.37588666,-1.28840492,269.90,true,,
1790445763.928,marker,reconciled,0.00000000,0.00000000,0.00,false,,
1790445763.977,hud,speed,,,,,"12.2 / 14.5",12.220
1790445763.977,hud,heading,,,,,"90° / 88°",90.000
1790445763.978,hud,drift,,,,,"16.81%",16.810
1790445763.978,hud,turns,,,,,"✗ turns: 3/15",
1790445763.978,hud,calib_s,,,,,"✓ Buffer 6s",
1790445763.979,marker,gnss,52.37565600,-1.28850200,272.50,true,,
1790445763.979,marker,dr,52.37588722,-1.28838718,270.00,true,,
1790445763.979,marker,reconciled,0.00000000,0.00000000,0.00,false,,
1790445764.031,hud,speed,,,,,"12.3 / 14.5",12.280
1790445764.031,hud,heading,,,,,"90° / 88°",89.900
1790445764.031,hud,drift,,,,,"16.64%",16.640
1790445764.032,hud,turns,,,,,"✗ turns: 3/15",
1790445764.032,hud,calib_s,,,,,"✓ Buffer 6s",
1790445764.032,marker,gnss,52.37565600,-1.28850200,272.50,true,,
1790445764.033,marker,dr,52.37588779,-1.28836918,270.10,true,,
1790445764.033,marker,reconciled,0.00000000,0.00000000,0.00,false,,
1790445764.082,hud,speed,,,,,"12.3 / 14.5",12.310
1790445764.083,hud,heading,,,,,"90° / 88°",89.700
1790445764.083,hud,drift,,,,,"16.47%",16.470
1790445764.083,hud,turns,,,,,"✗ turns: 3/15",
1790445764.084,hud,calib_s,,,,,"✓ Buffer 6s",
1790445764.084,marker,gnss,52.37565600,-1.28850200,272.50,true,,
1790445764.085,marker,dr,52.37588834,-1.28835114,270.30,true,,
1790445764.085,marker,reconciled,0.00000000,0.00000000,0.00,false,,
1790445764.132,hud,speed,,,,,"12.3 / 14.5",12.290
1790445764.133,hud,heading,,,,,"90° / 88°",89.500
1790445764.133,hud,drift,,,,,"16.30%",16.300
1790445764.133,hud,turns,,,,,"✗ turns: 3/15",
1790445764.133,hud,calib_s,,,,,"✓ Buffer 6s",
1790445764.134,marker,gnss,52.37565600,-1.28850200,272.50,true,,
1790445764.134,marker,dr,52.37588890,-1.28833295,270.50,true,,
1790445764.135,marker,reconciled,0.00000000,0.00000000,0.00,false,,
1790445764.185,hud,speed,,,,,"12.3 / 14.5",12.310
1790445764.185,hud,heading,,,,,"89° / 88°",89.300
1790445764.186,hud,drift,,,,,"16.14%",16.140
1790445764.186,hud,turns,,,,,"✗ turns: 3/15",
1790445764.186,hud,calib_s,,,,,"✓ Buffer 6s",
1790445764.187,marker,gnss,52.37565600,-1.28850200,272.50,true,,
1790445764.187,marker,dr,52.37588946,-1.28831491,270.70,true,,
1790445764.188,marker,reconciled,0.00000000,0.00000000,0.00,false,,
1790445764.235,hud,speed,,,,,"12.4 / 14.5",12.400
1790445764.236,hud,heading,,,,,"89° / 88°",89.400
1790445764.236,hud,drift,,,,,"15.99%",15.990
1790445764.237,hud,turns,,,,,"✗ turns: 3/15",
1790445764.237,hud,calib_s,,,,,"✓ Buffer 6s",
1790445764.237,marker,gnss,52.37565600,-1.28850200,272.50,true,,
1790445764.238,marker,dr,52.37589006,-1.28829675,270.60,true,,
1790445764.239,marker,reconciled,0.00000000,0.00000000,0.00,false,,
1790445764.286,hud,speed,,,,,"12.5 / 14.5",12.470
1790445764.286,hud,heading,,,,,"89° / 88°",89.300
1790445764.287,hud,drift,,,,,"15.83%",15.830
1790445764.287,hud,turns,,,,,"✗ turns: 3/15",
1790445764.287,hud,calib_s,,,,,"✓ Buffer 6s",
1790445764.287,marker,gnss,52.37565600,-1.28850200,272.50,true,,
1790445764.288,marker,dr,52.37589063,-1.28827849,270.70,true,,
1790445764.288,marker,reconciled,0.00000000,0.00000000,0.00,false,,
1790445764.337,hud,speed,,,,,"12.6 / 14.5",12.570
1790445764.338,hud,heading,,,,,"89° / 88°",89.200
1790445764.338,hud,drift,,,,,"15.69%",15.690
1790445764.339,hud,turns,,,,,"✗ turns: 3/15",
1790445764.339,hud,calib_s,,,,,"✓ Buffer 6s",
1790445764.339,marker,gnss,52.37565600,-1.28850200,272.50,true,,
1790445764.340,marker,dr,52.37589118,-1.28826025,270.80,true,,
1790445764.340,marker,reconciled,0.00000000,0.00000000,0.00,false,,
1790445764.385,hud,speed,,,,,"12.7 / 14.5",12.660
1790445764.386,hud,heading,,,,,"89° / 88°",89.100
1790445764.386,hud,drift,,,,,"15.54%",15.540
1790445764.387,hud,turns,,,,,"✗ turns: 3/15",
1790445764.387,hud,calib_s,,,,,"✓ Buffer 6s",
1790445764.387,marker,gnss,52.37565600,-1.28850200,272.50,true,,
1790445764.388,marker,dr,52.37589175,-1.28824170,270.90,true,,
1790445764.388,marker,reconciled,0.00000000,0.00000000,0.00,false,,
1790445764.436,hud,speed,,,,,"12.7 / 14.5",12.740
1790445764.436,hud,heading,,,,,"89° / 88°",89.000
1790445764.437,hud,drift,,,,,"15.40%",15.400
1790445764.437,hud,turns,,,,,"✗ turns: 3/15",
1790445764.437,hud,calib_s,,,,,"✓ Buffer 6s",
1790445764.438,marker,gnss,52.37565600,-1.28850200,272.50,true,,
1790445764.439,marker,dr,52.37589235,-1.28822304,271.00,true,,
1790445764.439,marker,reconciled,0.00000000,0.00000000,0.00,false,,
1790445764.487,hud,speed,,,,,"12.9 / 14.5",12.860
1790445764.487,hud,heading,,,,,"89° / 88°",88.700
1790445764.487,hud,drift,,,,,"15.27%",15.270
1790445764.487,hud,turns,,,,,"✗ turns: 3/15",
1790445764.487,hud,calib_s,,,,,"✓ Buffer 6s",
1790445764.488,marker,gnss,52.37565600,-1.28850200,272.50,true,,
1790445764.488,marker,dr,52.37589298,-1.28820420,271.30,true,,
1790445764.488,marker,reconciled,0.00000000,0.00000000,0.00,false,,
1790445764.537,hud,speed,,,,,"13.0 / 14.5",12.970
1790445764.538,hud,heading,,,,,"89° / 88°",88.500
1790445764.538,hud,drift,,,,,"15.15%",15.150
1790445764.538,hud,turns,,,,,"✗ turns: 3/15",
1790445764.538,hud,calib_s,,,,,"✓ Buffer 6s",
1790445764.539,marker,gnss,52.37565600,-1.28850200,272.50,true,,
1790445764.539,marker,dr,52.37589366,-1.28818520,271.50,true,,
1790445764.540,marker,reconciled,0.00000000,0.00000000,0.00,false,,
1790445764.590,hud,speed,,,,,"13.1 / 14.5",13.100
1790445764.591,hud,heading,,,,,"88° / 88°",88.300
1790445764.591,hud,drift,,,,,"15.02%",15.020
1790445764.591,hud,turns,,,,,"✗ turns: 3/15",
1790445764.592,hud,calib_s,,,,,"✓ Buffer 6s",
1790445764.592,marker,gnss,52.37565600,-1.28850200,272.50,true,,
1790445764.592,marker,dr,52.37589435,-1.28816585,271.70,true,,
1790445764.593,marker,reconciled,0.00000000,0.00000000,0.00,false,,
1790445764.639,hud,speed,,,,,"13.2 / 14.5",13.190
1790445764.639,hud,heading,,,,,"89° / 88°",88.500
1790445764.640,hud,drift,,,,,"14.91%",14.910
1790445764.640,hud,turns,,,,,"✗ turns: 3/15",
1790445764.640,hud,calib_s,,,,,"✓ Buffer 6s",
1790445764.640,marker,gnss,52.37565600,-1.28850200,272.50,true,,
1790445764.641,marker,dr,52.37589506,-1.28814674,271.50,true,,
1790445764.641,marker,reconciled,0.00000000,0.00000000,0.00,false,,
1790445764.691,hud,speed,,,,,"13.2 / 14.5",13.180
1790445764.691,hud,heading,,,,,"88° / 88°",88.300
1790445764.691,hud,drift,,,,,"14.79%",14.790
1790445764.692,hud,turns,,,,,"✗ turns: 3/15",
1790445764.692,hud,calib_s,,,,,"✓ Buffer 6s",
1790445764.692,marker,gnss,52.37565600,-1.28850200,272.50,true,,
1790445764.693,marker,dr,52.37589580,-1.28812726,271.70,true,,
1790445764.693,marker,reconciled,0.00000000,0.00000000,0.00,false,,
1790445764.743,hud,speed,,,,,"13.4 / 14.5",13.360
1790445764.743,hud,heading,,,,,"88° / 88°",88.400
1790445764.743,hud,drift,,,,,"14.68%",14.680
1790445764.744,hud,turns,,,,,"✗ turns: 3/15",
1790445764.744,hud,calib_s,,,,,"✓ Buffer 6s",
1790445764.744,marker,gnss,52.37565600,-1.28850200,272.50,true,,
1790445764.744,marker,dr,52.37589659,-1.28810771,271.60,true,,
1790445764.745,marker,reconciled,0.00000000,0.00000000,0.00,false,,
1790445764.794,hud,speed,,,,,"13.5 / 14.5",13.500
1790445764.795,hud,heading,,,,,"88° / 88°",88.400
1790445764.795,hud,drift,,,,,"14.57%",14.570
1790445764.795,hud,turns,,,,,"✗ turns: 3/15",
1790445764.796,hud,calib_s,,,,,"✓ Buffer 6s",
1790445764.796,marker,gnss,52.37565600,-1.28850200,272.50,true,,
1790445764.797,marker,dr,52.37589737,-1.28808797,271.60,true,,
1790445764.797,marker,reconciled,0.00000000,0.00000000,0.00,false,,
1790445764.848,hud,speed,,,,,"13.6 / 14.5",13.600
1790445764.848,hud,heading,,,,,"88° / 88°",88.400
1790445764.849,hud,drift,,,,,"14.47%",14.470
1790445764.849,hud,turns,,,,,"✗ turns: 3/15",
1790445764.849,hud,calib_s,,,,,"✓ Buffer 6s",
1790445764.849,marker,gnss,52.37565600,-1.28850200,272.50,true,,
1790445764.850,marker,dr,52.37589816,-1.28806827,271.60,true,,
1790445764.850,marker,reconciled,0.00000000,0.00000000,0.00,false,,
1790445764.895,hud,speed,,,,,"13.7 / 14.5",13.650
1790445764.895,hud,heading,,,,,"89° / 88°",88.500
1790445764.895,hud,drift,,,,,"14.37%",14.370
1790445764.896,hud,turns,,,,,"✗ turns: 3/15",
1790445764.896,hud,calib_s,,,,,"✓ Buffer 6s",
1790445764.896,marker,gnss,52.37565600,-1.28850200,272.50,true,,
1790445764.897,marker,dr,52.37589897,-1.28804829,271.50,true,,
1790445764.897,marker,reconciled,0.00000000,0.00000000,0.00,false,,
1790445764.948,hud,speed,,,,,"13.7 / 14.5",13.720
1790445764.949,hud,heading,,,,,"89° / 88°",88.500
1790445764.949,hud,drift,,,,,"14.27%",14.270
1790445764.949,hud,turns,,,,,"✗ turns: 3/15",
1790445764.950,hud,calib_s,,,,,"✓ Buffer 6s",
1790445764.950,marker,gnss,52.37565600,-1.28850200,272.50,true,,
1790445764.951,marker,dr,52.37589984,-1.28802800,271.50,true,,
1790445764.951,marker,reconciled,0.00000000,0.00000000,0.00,false,,
1790445764.999,hud,speed,,,,,"13.8 / 14.5",13.750
1790445765.000,hud,heading,,,,,"88° / 88°",88.400
1790445765.000,hud,drift,,,,,"14.18%",14.180
1790445765.000,hud,turns,,,,,"✗ turns: 3/15",
1790445765.000,hud,calib_s,,,,,"✓ Buffer 6s",
1790445765.001,marker,gnss,52.37565600,-1.28850200,272.50,true,,
1790445765.001,marker,dr,52.37590073,-1.28800809,271.60,true,,
1790445765.002,marker,reconciled,0.00000000,0.00000000,0.00,false,,
1790445765.049,hud,speed,,,,,"13.6 / 14.5",13.620
1790445765.049,hud,heading,,,,,"88° / 88°",88.300
1790445765.050,hud,drift,,,,,"14.10%",14.100
1790445765.050,hud,turns,,,,,"✗ turns: 3/15",
1790445765.050,hud,calib_s,,,,,"✓ Buffer 6s",
1790445765.050,marker,gnss,52.37565600,-1.28850200,272.50,true,,
1790445765.051,marker,dr,52.37590170,-1.28798817,271.70,true,,
1790445765.051,marker,reconciled,0.00000000,0.00000000,0.00,false,,
1790445765.101,hud,speed,,,,,"13.5 / 14.5",13.470
1790445765.102,hud,heading,,,,,"88° / 88°",87.900
1790445765.102,hud,drift,,,,,"14.01%",14.010
1790445765.102,hud,turns,,,,,"✗ turns: 3/15",
1790445765.102,hud,calib_s,,,,,"✓ Buffer 6s",
1790445765.103,marker,gnss,52.37565600,-1.28850200,272.50,true,,
1790445765.103,marker,dr,52.37590260,-1.28796826,272.10,true,,
1790445765.104,marker,reconciled,0.00000000,0.00000000,0.00,false,,
1790445765.151,hud,speed,,,,,"13.5 / 14.5",13.450
1790445765.151,hud,heading,,,,,"88° / 88°",87.700
1790445765.151,hud,drift,,,,,"13.92%",13.920
1790445765.151,hud,turns,,,,,"✗ turns: 3/15",
1790445765.152,hud,calib_s,,,,,"✓ Buffer 6s",
1790445765.152,marker,gnss,52.37565600,-1.28850200,272.50,true,,
1790445765.152,marker,dr,52.37590355,-1.28794859,272.30,true,,
1790445765.152,marker,reconciled,0.00000000,0.00000000,0.00,false,,
1790445765.202,hud,speed,,,,,"13.5 / 14.5",13.490
1790445765.203,hud,heading,,,,,"88° / 88°",87.500
1790445765.203,hud,drift,,,,,"13.84%",13.840
1790445765.203,hud,turns,,,,,"✗ turns: 3/15",
1790445765.203,hud,calib_s,,,,,"✓ Buffer 6s",
1790445765.204,marker,gnss,52.37565600,-1.28850200,272.50,true,,
1790445765.204,marker,dr,52.37590446,-1.28792886,272.50,true,,
1790445765.204,marker,reconciled,0.00000000,0.00000000,0.00,false,,
1790445765.254,hud,speed,,,,,"13.5 / 14.5",13.450
1790445765.254,hud,heading,,,,,"88° / 88°",87.500
1790445765.255,hud,drift,,,,,"13.76%",13.760
1790445765.255,hud,turns,,,,,"✗ turns: 3/15",
1790445765.255,hud,calib_s,,,,,"✓ Buffer 6s",
1790445765.255,marker,gnss,52.37565600,-1.28850200,272.50,true,,
1790445765.256,marker,dr,52.37590539,-1.28790922,272.50,true,,
1790445765.256,marker,reconciled,0.00000000,0.00000000,0.00,false,,
1790445765.307,hud,speed,,,,,"13.3 / 14.5",13.300
1790445765.307,hud,heading,,,,,"88° / 88°",87.800
1790445765.308,hud,drift,,,,,"13.68%",13.680
1790445765.308,hud,turns,,,,,"✗ turns: 3/15",
1790445765.308,hud,calib_s,,,,,"✓ Buffer 6s",
1790445765.308,marker,gnss,52.37565600,-1.28850200,272.50,true,,
1790445765.309,marker,dr,52.37590630,-1.28788995,272.20,true,,
1790445765.309,marker,reconciled,0.00000000,0.00000000,0.00,false,,
1790445765.358,hud,speed,,,,,"13.3 / 14.5",13.260
1790445765.359,hud,heading,,,,,"88° / 88°",88.000
1790445765.359,hud,drift,,,,,"13.60%",13.600
1790445765.359,hud,turns,,,,,"✗ turns: 3/15",
1790445765.359,hud,calib_s,,,,,"✓ Buffer 6s",
1790445765.360,marker,gnss,52.37565600,-1.28850200,272.50,true,,
1790445765.360,marker,dr,52.37590728,-1.28787057,272.00,true,,
1790445765.360,marker,reconciled,0.00000000,0.00000000,0.00,false,,
1790445765.407,hud,speed,,,,,"13.2 / 14.5",13.210
1790445765.407,hud,heading,,,,,"88° / 88°",88.100
1790445765.407,hud,drift,,,,,"13.52%",13.520
1790445765.408,hud,turns,,,,,"✗ turns: 3/15",
1790445765.408,hud,calib_s,,,,,"✓ Buffer 6s",
1790445765.408,marker,gnss,52.37565600,-1.28850200,272.50,true,,
1790445765.409,marker,dr,52.37590820,-1.28785123,271.90,true,,
1790445765.409,marker,reconciled,0.00000000,0.00000000,0.00,false,,
1790445765.457,hud,speed,,,,,"13.2 / 14.5",13.240
1790445765.457,hud,heading,,,,,"88° / 88°",87.900
1790445765.457,hud,drift,,,,,"13.44%",13.440
1790445765.457,hud,turns,,,,,"✗ turns: 3/15",
1790445765.458,hud,calib_s,,,,,"✓ Buffer 6s",
1790445765.458,marker,gnss,52.37565600,-1.28850200,272.50,true,,
1790445765.459,marker,dr,52.37590914,-1.28783166,272.10,true,,
1790445765.459,marker,reconciled,0.00000000,0.00000000,0.00,false,,
1790445765.507,hud,speed,,,,,"13.3 / 14.5",13.250
1790445765.508,hud,heading,,,,,"88° / 88°",88.100
1790445765.508,hud,drift,,,,,"13.37%",13.370
1790445765.508,hud,turns,,,,,"✗ turns: 3/15",
1790445765.509,hud,calib_s,,,,,"✓ Buffer 6s",
1790445765.509,marker,gnss,52.37565600,-1.28850200,272.50,true,,
1790445765.510,marker,dr,52.37591001,-1.28781246,271.90,true,,
1790445765.510,marker,reconciled,0.00000000,0.00000000,0.00,false,,
1790445765.559,hud,speed,,,,,"13.3 / 14.5",13.260
1790445765.559,hud,heading,,,,,"88° / 88°",88.100
1790445765.560,hud,drift,,,,,"13.29%",13.290
1790445765.560,hud,turns,,,,,"✗ turns: 3/15",
1790445765.560,hud,calib_s,,,,,"✓ Buffer 6s",
1790445765.560,marker,gnss,52.37565600,-1.28850200,272.50,true,,
1790445765.561,marker,dr,52.37591084,-1.28779304,271.90,true,,
1790445765.561,marker,reconciled,0.00000000,0.00000000,0.00,false,,
1790445765.612,hud,speed,,,,,"13.2 / 14.5",13.170
1790445765.612,hud,heading,,,,,"88° / 88°",88.300
1790445765.612,hud,drift,,,,,"13.21%",13.210
1790445765.613,hud,turns,,,,,"✗ turns: 3/15",
1790445765.613,hud,calib_s,,,,,"✓ Buffer 6s",
1790445765.613,marker,gnss,52.37565600,-1.28850200,272.50,true,,
1790445765.614,marker,dr,52.37591166,-1.28777373,271.70,true,,
1790445765.614,marker,reconciled,0.00000000,0.00000000,0.00,false,,
1790445765.660,hud,speed,,,,,"13.3 / 14.5",13.260
1790445765.661,hud,heading,,,,,"88° / 88°",88.400
1790445765.661,hud,drift,,,,,"13.13%",13.130
1790445765.661,hud,turns,,,,,"✗ turns: 3/15",
1790445765.661,hud,calib_s,,,,,"✓ Buffer 6s",
1790445765.662,marker,gnss,52.37565600,-1.28850200,272.50,true,,
1790445765.663,marker,dr,52.37591248,-1.28775428,271.60,true,,
1790445765.663,marker,reconciled,0.00000000,0.00000000,0.00,false,,
1790445765.711,hud,speed,,,,,"13.4 / 14.5",13.370
1790445765.711,hud,heading,,,,,"89° / 88°",88.800
1790445765.712,hud,drift,,,,,"13.05%",13.050
1790445765.712,hud,turns,,,,,"✗ turns: 3/15",
1790445765.712,hud,calib_s,,,,,"✓ Buffer 6s",
1790445765.712,marker,gnss,52.37565600,-1.28850200,272.50,true,,
1790445765.713,marker,dr,52.37591318,-1.28773467,271.20,true,,
1790445765.713,marker,reconciled,0.00000000,0.00000000,0.00,false,,
1790445765.763,hud,speed,,,,,"13.4 / 14.5",13.420
1790445765.763,hud,heading,,,,,"89° / 88°",89.000
1790445765.763,hud,drift,,,,,"12.97%",12.970
1790445765.764,hud,turns,,,,,"✗ turns: 3/15",
1790445765.764,hud,calib_s,,,,,"✓ Buffer 6s",
1790445765.764,marker,gnss,52.37565600,-1.28850200,272.50,true,,
1790445765.765,marker,dr,52.37591386,-1.28771477,271.00,true,,
1790445765.765,marker,reconciled,0.00000000,0.00000000,0.00,false,,
1790445765.814,hud,speed,,,,,"13.3 / 14.5",13.310
1790445765.815,hud,heading,,,,,"89° / 88°",88.800
1790445765.815,hud,drift,,,,,"12.89%",12.890
1790445765.815,hud,turns,,,,,"✗ turns: 3/15",
1790445765.815,hud,calib_s,,,,,"✓ Buffer 6s",
1790445765.816,marker,gnss,52.37565600,-1.28850200,272.50,true,,
1790445765.816,marker,dr,52.37591452,-1.28769543,271.20,true,,
1790445765.817,marker,reconciled,0.00000000,0.00000000,0.00,false,,
1790445765.868,hud,speed,,,,,"13.4 / 14.5",13.360
1790445765.869,hud,heading,,,,,"89° / 88°",88.800
1790445765.869,hud,drift,,,,,"12.81%",12.810
1790445765.869,hud,turns,,,,,"✗ turns: 3/15",
1790445765.869,hud,calib_s,,,,,"✓ Buffer 6s",
1790445765.870,marker,gnss,52.37565600,-1.28850200,272.50,true,,
1790445765.870,marker,dr,52.37591521,-1.28767562,271.20,true,,
1790445765.871,marker,reconciled,0.00000000,0.00000000,0.00,false,,
1790445765.916,hud,speed,,,,,"13.6 / 14.5",13.550
1790445765.916,hud,heading,,,,,"89° / 88°",88.700
1790445765.917,hud,drift,,,,,"12.73%",12.730
1790445765.917,hud,turns,,,,,"✗ turns: 3/15",
1790445765.917,hud,calib_s,,,,,"✓ Buffer 6s",
1790445765.918,marker,gnss,52.37565600,-1.28850200,272.50,true,,
1790445765.918,marker,dr,52.37591587,-1.28765573,271.30,true,,
1790445765.919,marker,reconciled,0.00000000,0.00000000,0.00,false,,
1790445765.970,hud,speed,,,,,"13.7 / 14.5",13.680
1790445765.970,hud,heading,,,,,"89° / 88°",88.700
1790445765.970,hud,drift,,,,,"12.65%",12.650
1790445765.970,hud,turns,,,,,"✗ turns: 3/15",
1790445765.971,hud,calib_s,,,,,"✓ Buffer 6s",
1790445765.971,marker,gnss,52.37565600,-1.28850200,272.50,true,,
1790445765.971,marker,dr,52.37591642,-1.28763586,271.30,true,,
1790445765.971,marker,reconciled,0.00000000,0.00000000,0.00,false,,
1790445766.017,hud,speed,,,,,"13.8 / 14.5",13.820
1790445766.018,hud,heading,,,,,"89° / 88°",88.800
1790445766.018,hud,drift,,,,,"12.56%",12.560
1790445766.019,hud,turns,,,,,"✗ turns: 3/15",
1790445766.019,hud,calib_s,,,,,"✓ Buffer 6s",
1790445766.019,marker,gnss,52.37565600,-1.28850200,272.50,true,,
1790445766.020,marker,dr,52.37591692,-1.28761537,271.20,true,,
1790445766.021,marker,reconciled,0.00000000,0.00000000,0.00,false,,
1790445766.068,hud,speed,,,,,"14.0 / 14.5",13.980
1790445766.068,hud,heading,,,,,"89° / 88°",88.900
1790445766.068,hud,drift,,,,,"12.47%",12.470
1790445766.069,hud,turns,,,,,"✗ turns: 3/15",
1790445766.069,hud,calib_s,,,,,"✓ Buffer 6s",
1790445766.069,marker,gnss,52.37565600,-1.28850200,272.50,true,,
1790445766.070,marker,dr,52.37591741,-1.28759505,271.10,true,,
1790445766.070,marker,reconciled,0.00000000,0.00000000,0.00,false,,
1790445766.122,hud,speed,,,,,"14.1 / 14.5",14.110
1790445766.122,hud,heading,,,,,"89° / 88°",89.200
1790445766.122,hud,drift,,,,,"12.39%",12.390
1790445766.123,hud,turns,,,,,"✗ turns: 3/15",
1790445766.123,hud,calib_s,,,,,"✓ Buffer 6s",
1790445766.123,marker,gnss,52.37565600,-1.28850200,272.50,true,,
1790445766.124,marker,dr,52.37591790,-1.28757413,270.80,true,,
1790445766.124,marker,reconciled,0.00000000,0.00000000,0.00,false,,
1790445766.172,hud,speed,,,,,"14.2 / 14.5",14.230
1790445766.172,hud,heading,,,,,"89° / 88°",89.200
1790445766.173,hud,drift,,,,,"12.30%",12.300
1790445766.173,hud,turns,,,,,"✗ turns: 3/15",
1790445766.173,hud,calib_s,,,,,"✓ Buffer 6s",
1790445766.173,marker,gnss,52.37565600,-1.28850200,272.50,true,,
1790445766.174,marker,dr,52.37591839,-1.28755322,270.80,true,,
1790445766.174,marker,reconciled,0.00000000,0.00000000,0.00,false,,
1790445766.223,hud,speed,,,,,"14.4 / 14.5",14.360
1790445766.224,hud,heading,,,,,"89° / 88°",89.300
1790445766.224,hud,drift,,,,,"12.22%",12.220
1790445766.224,hud,turns,,,,,"✗ turns: 3/15",
1790445766.224,hud,calib_s,,,,,"✓ Buffer 6s",
1790445766.225,marker,gnss,52.37565600,-1.28850200,272.50,true,,
1790445766.227,marker,dr,52.37591885,-1.28753232,270.70,true,,
1790445766.227,marker,reconciled,0.00000000,0.00000000,0.00,false,,
1790445766.274,hud,speed,,,,,"14.5 / 14.5",14.480
1790445766.275,hud,heading,,,,,"89° / 88°",89.200
1790445766.275,hud,drift,,,,,"12.13%",12.130
1790445766.275,hud,turns,,,,,"✗ turns: 3/15",
1790445766.276,hud,calib_s,,,,,"✓ Buffer 6s",
1790445766.287,marker,gnss,52.37565600,-1.28850200,272.50,true,,
1790445766.288,marker,dr,52.37591926,-1.28751106,270.80,true,,
1790445766.288,marker,reconciled,0.00000000,0.00000000,0.00,false,,
1790445766.323,hud,speed,,,,,"14.5 / 14.5",14.510
1790445766.324,hud,heading,,,,,"89° / 88°",89.300
1790445766.324,hud,drift,,,,,"12.04%",12.040
1790445766.324,hud,turns,,,,,"✗ turns: 3/15",
1790445766.324,hud,calib_s,,,,,"✓ Buffer 6s",
1790445766.325,marker,gnss,52.37565600,-1.28850200,272.50,true,,
1790445766.326,marker,dr,52.37591965,-1.28748975,270.70,true,,
1790445766.327,marker,reconciled,0.00000000,0.00000000,0.00,false,,
1790445766.376,hud,speed,,,,,"14.5 / 14.5",14.540
1790445766.376,hud,heading,,,,,"89° / 88°",89.300
1790445766.376,hud,drift,,,,,"11.95%",11.950
1790445766.376,hud,turns,,,,,"✗ turns: 3/15",
1790445766.377,hud,calib_s,,,,,"✓ Buffer 6s",
1790445766.377,marker,gnss,52.37565600,-1.28850200,272.50,true,,
1790445766.377,marker,dr,52.37592000,-1.28746840,270.70,true,,
1790445766.377,marker,reconciled,0.00000000,0.00000000,0.00,false,,
1790445766.425,hud,speed,,,,,"14.6 / 14.5",14.590
1790445766.425,hud,heading,,,,,"89° / 88°",89.400
1790445766.426,hud,drift,,,,,"11.86%",11.860
1790445766.426,hud,turns,,,,,"✗ turns: 3/15",
1790445766.427,hud,calib_s,,,,,"✓ Buffer 6s",
1790445766.427,marker,gnss,52.37565600,-1.28850200,272.50,true,,
1790445766.427,marker,dr,52.37592030,-1.28744675,270.60,true,,
1790445766.428,marker,reconciled,0.00000000,0.00000000,0.00,false,,
1790445766.477,hud,speed,,,,,"14.7 / 14.5",14.650
1790445766.477,hud,heading,,,,,"90° / 88°",89.500
1790445766.477,hud,drift,,,,,"11.78%",11.780
1790445766.478,hud,turns,,,,,"✗ turns: 3/15",
1790445766.478,hud,calib_s,,,,,"✓ Buffer 6s",
1790445766.478,marker,gnss,52.37565600,-1.28850200,272.50,true,,
1790445766.479,marker,dr,52.37592059,-1.28742545,270.50,true,,
1790445766.479,marker,reconciled,0.00000000,0.00000000,0.00,false,,
1790445766.526,hud,speed,,,,,"14.7 / 14.5",14.730
1790445766.526,hud,heading,,,,,"90° / 88°",89.700
1790445766.526,hud,drift,,,,,"11.69%",11.690
1790445766.527,hud,turns,,,,,"✗ turns: 3/15",
1790445766.527,hud,calib_s,,,,,"✓ Buffer 6s",
1790445766.527,marker,gnss,52.37565600,-1.28850200,272.50,true,,
1790445766.528,marker,dr,52.37592085,-1.28740382,270.30,true,,
1790445766.528,marker,reconciled,0.00000000,0.00000000,0.00,false,,
1790445766.577,hud,speed,,,,,"14.8 / 14.5",14.800
1790445766.578,hud,heading,,,,,"90° / 88°",89.900
1790445766.578,hud,drift,,,,,"11.60%",11.600
1790445766.579,hud,turns,,,,,"✗ turns: 3/15",
1790445766.579,hud,calib_s,,,,,"✓ Buffer 6s",
1790445766.579,marker,gnss,52.37565600,-1.28850200,272.50,true,,
1790445766.580,marker,dr,52.37592112,-1.28738186,270.10,true,,
1790445766.580,marker,reconciled,0.00000000,0.00000000,0.00,false,,
1790445766.630,hud,speed,,,,,"14.8 / 14.5",14.810
1790445766.630,hud,heading,,,,,"90° / 88°",90.000
1790445766.630,hud,drift,,,,,"11.51%",11.510
1790445766.630,hud,turns,,,,,"✗ turns: 3/15",
1790445766.631,hud,calib_s,,,,,"✓ Buffer 6s",
1790445766.631,marker,gnss,52.37565600,-1.28850200,272.50,true,,
1790445766.631,marker,dr,52.37592134,-1.28736031,270.00,true,,
1790445766.631,marker,reconciled,0.00000000,0.00000000,0.00,false,,
1790445766.680,hud,speed,,,,,"14.8 / 14.5",14.770
1790445766.680,hud,heading,,,,,"90° / 88°",90.100
1790445766.681,hud,drift,,,,,"11.42%",11.420
1790445766.681,hud,turns,,,,,"✗ turns: 3/15",
1790445766.681,hud,calib_s,,,,,"✓ Buffer 6s",
1790445766.681,marker,gnss,52.37565600,-1.28850200,272.50,true,,
1790445766.682,marker,dr,52.37592155,-1.28733860,269.90,true,,
1790445766.682,marker,reconciled,0.00000000,0.00000000,0.00,false,,
1790445766.731,hud,speed,,,,,"14.7 / 14.5",14.670
1790445766.731,hud,heading,,,,,"90° / 88°",90.300
1790445766.731,hud,drift,,,,,"11.33%",11.330
1790445766.732,hud,turns,,,,,"✗ turns: 3/15",
1790445766.732,hud,calib_s,,,,,"✓ Buffer 6s",
1790445766.732,marker,gnss,52.37565600,-1.28850200,272.50,true,,
1790445766.733,marker,dr,52.37592174,-1.28731683,269.70,true,,
1790445766.733,marker,reconciled,0.00000000,0.00000000,0.00,false,,
1790445766.781,hud,speed,,,,,"14.6 / 14.5",14.570
1790445766.782,hud,heading,,,,,"91° / 88°",90.600
1790445766.782,hud,drift,,,,,"11.24%",11.240
1790445766.782,hud,turns,,,,,"✗ turns: 3/15",
1790445766.782,hud,calib_s,,,,,"✓ Buffer 6s",
1790445766.783,marker,gnss,52.37565600,-1.28850200,272.50,true,,
1790445766.783,marker,dr,52.37592190,-1.28729563,269.40,true,,
1790445766.783,marker,reconciled,0.00000000,0.00000000,0.00,false,,
1790445766.830,hud,speed,,,,,"14.5 / 14.5",14.490
1790445766.830,hud,heading,,,,,"91° / 88°",90.800
1790445766.830,hud,drift,,,,,"11.15%",11.150
1790445766.831,hud,turns,,,,,"✗ turns: 3/15",
1790445766.831,hud,calib_s,,,,,"✓ Buffer 6s",
1790445766.831,marker,gnss,52.37565600,-1.28850200,272.50,true,,
1790445766.831,marker,dr,52.37592207,-1.28727411,269.20,true,,
1790445766.832,marker,reconciled,0.00000000,0.00000000,0.00,false,,
1790445766.884,hud,speed,,,,,"14.4 / 14.5",14.380
1790445766.885,hud,heading,,,,,"91° / 88°",90.900
1790445766.885,hud,drift,,,,,"11.07%",11.070
1790445766.885,hud,turns,,,,,"✗ turns: 3/15",
1790445766.885,hud,calib_s,,,,,"✓ Buffer 6s",
1790445766.886,marker,gnss,52.37565600,-1.28850200,272.50,true,,
1790445766.886,marker,dr,52.37592223,-1.28725316,269.10,true,,
1790445766.887,marker,reconciled,0.00000000,0.00000000,0.00,false,,
1790445766.934,hud,speed,,,,,"14.2 / 14.5",14.230
1790445766.934,hud,heading,,,,,"91° / 88°",91.000
1790445766.935,hud,drift,,,,,"10.98%",10.980
1790445766.935,hud,turns,,,,,"✗ turns: 3/15",
1790445766.935,hud,calib_s,,,,,"✓ Buffer 6s",
1790445766.936,marker,gnss,52.37565600,-1.28850200,272.50,true,,
1790445766.936,marker,dr,52.37592236,-1.28723198,269.00,true,,
1790445766.937,marker,reconciled,0.00000000,0.00000000,0.00,false,,
1790445766.987,hud,speed,,,,,"14.1 / 14.5",14.120
1790445766.987,hud,heading,,,,,"91° / 88°",90.900
1790445766.988,hud,drift,,,,,"10.89%",10.890
1790445766.988,hud,turns,,,,,"✗ turns: 3/15",
1790445766.988,hud,calib_s,,,,,"✓ Buffer 6s",
1790445766.988,marker,gnss,52.37565600,-1.28850200,272.50,true,,
1790445766.989,marker,dr,52.37592240,-1.28721122,269.10,true,,
1790445766.989,marker,reconciled,0.00000000,0.00000000,0.00,false,,
1790445767.039,hud,speed,,,,,"14.0 / 14.5",14.020
1790445767.039,hud,heading,,,,,"91° / 88°",90.900
1790445767.040,hud,drift,,,,,"10.80%",10.800
1790445767.040,hud,turns,,,,,"✗ turns: 3/15",
1790445767.040,hud,calib_s,,,,,"✓ Buffer 6s",
1790445767.041,marker,gnss,52.37565600,-1.28850200,272.50,true,,
1790445767.041,marker,dr,52.37592237,-1.28719081,269.10,true,,
1790445767.042,marker,reconciled,0.00000000,0.00000000,0.00,false,,
1790445767.088,hud,speed,,,,,"13.9 / 14.5",13.940
1790445767.088,hud,heading,,,,,"91° / 88°",91.100
1790445767.089,hud,drift,,,,,"10.71%",10.710
1790445767.089,hud,turns,,,,,"✗ turns: 3/15",
1790445767.089,hud,calib_s,,,,,"✓ Buffer 6s",
1790445767.090,marker,gnss,52.37565600,-1.28850200,272.50,true,,
1790445767.090,marker,dr,52.37592228,-1.28717033,268.90,true,,
1790445767.091,marker,reconciled,0.00000000,0.00000000,0.00,false,,
1790445767.139,hud,speed,,,,,"13.9 / 14.5",13.890
1790445767.139,hud,heading,,,,,"91° / 88°",91.300
1790445767.140,hud,drift,,,,,"10.62%",10.620
1790445767.140,hud,turns,,,,,"✗ turns: 3/15",
1790445767.140,hud,calib_s,,,,,"✓ Buffer 6s",
1790445767.140,marker,gnss,52.37565600,-1.28850200,272.50,true,,
1790445767.141,marker,dr,52.37592213,-1.28714972,268.70,true,,
1790445767.141,marker,reconciled,0.00000000,0.00000000,0.00,false,,
1790445767.191,hud,speed,,,,,"13.9 / 14.5",13.920
1790445767.192,hud,heading,,,,,"91° / 88°",91.400
1790445767.192,hud,drift,,,,,"10.52%",10.520
1790445767.192,hud,turns,,,,,"✗ turns: 3/15",
1790445767.193,hud,calib_s,,,,,"✓ Buffer 6s",
1790445767.193,marker,gnss,52.37565600,-1.28850200,272.50,true,,
1790445767.194,marker,dr,52.37592196,-1.28712926,268.60,true,,
1790445767.194,marker,reconciled,0.00000000,0.00000000,0.00,false,,
1790445767.243,hud,speed,,,,,"14.0 / 14.5",13.970
1790445767.243,hud,heading,,,,,"92° / 88°",91.500
1790445767.244,hud,drift,,,,,"10.43%",10.430
1790445767.244,hud,turns,,,,,"✗ turns: 3/15",
1790445767.244,hud,calib_s,,,,,"✓ Buffer 6s",
1790445767.245,marker,gnss,52.37565600,-1.28850200,272.50,true,,
1790445767.245,marker,dr,52.37592173,-1.28710873,268.50,true,,
1790445767.246,marker,reconciled,0.00000000,0.00000000,0.00,false,,
1790445767.290,hud,speed,,,,,"14.0 / 14.5",14.010
1790445767.291,hud,heading,,,,,"92° / 88°",91.600
1790445767.291,hud,drift,,,,,"10.33%",10.330
1790445767.292,hud,turns,,,,,"✗ turns: 3/15",
1790445767.292,hud,calib_s,,,,,"✓ Buffer 6s",
1790445767.292,marker,gnss,52.37565600,-1.28850200,272.50,true,,
1790445767.293,marker,dr,52.37592145,-1.28708816,268.40,true,,
1790445767.293,marker,reconciled,0.00000000,0.00000000,0.00,false,,
1790445767.342,hud,speed,,,,,"14.1 / 14.5",14.060
1790445767.342,hud,heading,,,,,"92° / 88°",91.900
1790445767.342,hud,drift,,,,,"10.24%",10.240
1790445767.343,hud,turns,,,,,"✗ turns: 3/15",
1790445767.343,hud,calib_s,,,,,"✓ Buffer 6s",
1790445767.343,marker,gnss,52.37565600,-1.28850200,272.50,true,,
1790445767.343,marker,dr,52.37592110,-1.28706752,268.10,true,,
1790445767.344,marker,reconciled,0.00000000,0.00000000,0.00,false,,
1790445767.396,hud,speed,,,,,"14.1 / 14.5",14.120
1790445767.397,hud,heading,,,,,"92° / 88°",92.200
1790445767.397,hud,drift,,,,,"10.14%",10.140
1790445767.397,hud,turns,,,,,"✗ turns: 3/15",
1790445767.397,hud,calib_s,,,,,"✓ Buffer 6s",
1790445767.398,marker,gnss,52.37565600,-1.28850200,272.50,true,,
1790445767.398,marker,dr,52.37592069,-1.28704678,267.80,true,,
1790445767.399,marker,reconciled,0.00000000,0.00000000,0.00,false,,
1790445767.444,hud,speed,,,,,"14.2 / 14.5",14.180
1790445767.444,hud,heading,,,,,"92° / 88°",92.400
1790445767.444,hud,drift,,,,,"10.04%",10.040
1790445767.445,hud,turns,,,,,"✗ turns: 3/15",
1790445767.445,hud,calib_s,,,,,"✓ Buffer 6s",
1790445767.445,marker,gnss,52.37565600,-1.28850200,272.50,true,,
1790445767.446,marker,dr,52.37592027,-1.28702617,267.60,true,,
1790445767.446,marker,reconciled,0.00000000,0.00000000,0.00,false,,
1790445767.495,hud,speed,,,,,"14.2 / 14.5",14.240
1790445767.496,hud,heading,,,,,"93° / 88°",92.500
1790445767.496,hud,drift,,,,,"9.94%",9.940
1790445767.496,hud,turns,,,,,"✗ turns: 3/15",
1790445767.496,hud,calib_s,,,,,"✓ Buffer 6s",
1790445767.497,marker,gnss,52.37565600,-1.28850200,272.50,true,,
1790445767.497,marker,dr,52.37591980,-1.28700504,267.50,true,,
1790445767.497,marker,reconciled,0.00000000,0.00000000,0.00,false,,
1790445767.547,hud,speed,,,,,"14.3 / 14.5",14.330
1790445767.548,hud,heading,,,,,"93° / 88°",92.600
1790445767.548,hud,drift,,,,,"9.84%",9.840
1790445767.548,hud,turns,,,,,"✗ turns: 3/15",
1790445767.548,hud,calib_s,,,,,"✓ Buffer 6s",
1790445767.549,marker,gnss,52.37565600,-1.28850200,272.50,true,,
1790445767.550,marker,dr,52.37591929,-1.28698400,267.40,true,,
1790445767.550,marker,reconciled,0.00000000,0.00000000,0.00,false,,
1790445767.600,hud,speed,,,,,"14.4 / 14.5",14.420
1790445767.600,hud,heading,,,,,"93° / 88°",92.700
1790445767.601,hud,drift,,,,,"9.73%",9.730
1790445767.601,hud,turns,,,,,"✗ turns: 3/15",
1790445767.601,hud,calib_s,,,,,"✓ Buffer 6s",
1790445767.601,marker,gnss,52.37565600,-1.28850200,272.50,true,,
1790445767.602,marker,dr,52.37591873,-1.28696283,267.30,true,,
1790445767.602,marker,reconciled,0.00000000,0.00000000,0.00,false,,
1790445767.653,hud,speed,,,,,"14.5 / 14.5",14.510
1790445767.653,hud,heading,,,,,"93° / 88°",92.600
1790445767.654,hud,drift,,,,,"9.63%",9.630
1790445767.654,hud,turns,,,,,"✗ turns: 3/15",
1790445767.654,hud,calib_s,,,,,"✓ Buffer 6s",
1790445767.655,marker,gnss,52.37565600,-1.28850200,272.50,true,,
1790445767.655,marker,dr,52.37591814,-1.28694176,267.40,true,,
1790445767.655,marker,reconciled,0.00000000,0.00000000,0.00,false,,
1790445767.699,hud,speed,,,,,"14.6 / 14.5",14.610
1790445767.700,hud,heading,,,,,"93° / 88°",92.700
1790445767.700,hud,drift,,,,,"9.52%",9.520
1790445767.700,hud,turns,,,,,"✗ turns: 3/15",
1790445767.700,hud,calib_s,,,,,"✓ Buffer 6s",
1790445767.701,marker,gnss,52.37565600,-1.28850200,272.50,true,,
1790445767.702,marker,dr,52.37591747,-1.28692033,267.30,true,,
1790445767.702,marker,reconciled,0.00000000,0.00000000,0.00,false,,
1790445767.752,hud,speed,,,,,"14.7 / 14.5",14.730
1790445767.752,hud,heading,,,,,"93° / 88°",92.800
1790445767.752,hud,drift,,,,,"9.42%",9.420
1790445767.753,hud,turns,,,,,"✗ turns: 3/15",
1790445767.753,hud,calib_s,,,,,"✓ Buffer 6s",
1790445767.753,marker,gnss,52.37565600,-1.28850200,272.50,true,,
1790445767.753,marker,dr,52.37591679,-1.28689851,267.20,true,,
1790445767.754,marker,reconciled,0.00000000,0.00000000,0.00,false,,
1790445767.806,hud,speed,,,,,"14.8 / 14.5",14.780
1790445767.806,hud,heading,,,,,"93° / 88°",93.000
1790445767.806,hud,drift,,,,,"9.31%",9.310
1790445767.807,hud,turns,,,,,"✗ turns: 3/15",
1790445767.807,hud,calib_s,,,,,"✓ Buffer 6s",
1790445767.807,marker,gnss,52.37565600,-1.28850200,272.50,true,,
1790445767.808,marker,dr,52.37591606,-1.28687684,267.00,true,,
1790445767.808,marker,reconciled,0.00000000,0.00000000,0.00,false,,
1790445767.856,hud,speed,,,,,"14.9 / 14.5",14.900
1790445767.857,hud,heading,,,,,"93° / 88°",93.100
1790445767.857,hud,drift,,,,,"9.21%",9.210
1790445767.857,hud,turns,,,,,"✗ turns: 3/15",
1790445767.858,hud,calib_s,,,,,"✓ Buffer 6s",
1790445767.858,marker,gnss,52.37565600,-1.28850200,272.50,true,,
1790445767.859,marker,dr,52.37591531,-1.28685521,266.90,true,,
1790445767.859,marker,reconciled,0.00000000,0.00000000,0.00,false,,
1790445767.909,hud,speed,,,,,"15.0 / 14.5",15.000
1790445767.909,hud,heading,,,,,"93° / 88°",93.000
1790445767.910,hud,drift,,,,,"9.10%",9.100
1790445767.910,hud,turns,,,,,"✗ turns: 3/15",
1790445767.910,hud,calib_s,,,,,"✓ Buffer 6s",
1790445767.911,marker,gnss,52.37565600,-1.28850200,272.50,true,,
1790445767.911,marker,dr,52.37591450,-1.28683323,267.00,true,,
1790445767.911,marker,reconciled,0.00000000,0.00000000,0.00,false,,
1790445767.956,hud,speed,,,,,"15.1 / 14.5",15.050
1790445767.957,hud,heading,,,,,"93° / 88°",92.800
1790445767.957,hud,drift,,,,,"8.99%",8.990
1790445767.957,hud,turns,,,,,"✗ turns: 3/15",
1790445767.958,hud,calib_s,,,,,"✓ Buffer 6s",
1790445767.958,marker,gnss,52.37565600,-1.28850200,272.50,true,,
1790445767.959,marker,dr,52.37591364,-1.28681096,267.20,true,,
1790445767.959,marker,reconciled,0.00000000,0.00000000,0.00,false,,
1790445768.008,hud,speed,,,,,"15.1 / 14.5",15.090
1790445768.008,hud,heading,,,,,"93° / 88°",92.800
1790445768.008,hud,drift,,,,,"8.88%",8.880
1790445768.009,hud,turns,,,,,"✗ turns: 3/15",
1790445768.009,hud,calib_s,,,,,"✓ Buffer 6s",
1790445768.009,marker,gnss,52.37565600,-1.28850200,272.50,true,,
1790445768.010,marker,dr,52.37591274,-1.28678908,267.20,true,,
1790445768.010,marker,reconciled,0.00000000,0.00000000,0.00,false,,
1790445768.061,hud,speed,,,,,"15.1 / 14.5",15.100
1790445768.061,hud,heading,,,,,"93° / 88°",92.600
1790445768.062,hud,drift,,,,,"8.77%",8.770
1790445768.062,hud,turns,,,,,"✗ turns: 3/15",
1790445768.062,hud,calib_s,,,,,"✓ Buffer 6s",
1790445768.063,marker,gnss,52.37565600,-1.28850200,272.50,true,,
1790445768.063,marker,dr,52.37591180,-1.28676674,267.40,true,,
1790445768.064,marker,reconciled,0.00000000,0.00000000,0.00,false,,
1790445768.110,hud,speed,,,,,"15.1 / 14.5",15.130
1790445768.110,hud,heading,,,,,"93° / 88°",92.700
1790445768.110,hud,drift,,,,,"8.66%",8.660
1790445768.111,hud,turns,,,,,"✗ turns: 3/15",
1790445768.111,hud,calib_s,,,,,"✓ Buffer 6s",
1790445768.111,marker,gnss,52.37565600,-1.28850200,272.50,true,,
1790445768.112,marker,dr,52.37591087,-1.28674481,267.30,true,,
1790445768.112,marker,reconciled,0.00000000,0.00000000,0.00,false,,
1790445768.163,hud,speed,,,,,"15.2 / 14.5",15.150
1790445768.164,hud,heading,,,,,"93° / 88°",92.800
1790445768.164,hud,drift,,,,,"8.55%",8.550
1790445768.164,hud,turns,,,,,"✗ turns: 3/15",
1790445768.164,hud,calib_s,,,,,"✓ Buffer 6s",
1790445768.165,marker,gnss,52.37565600,-1.28850200,272.50,true,,
1790445768.165,marker,dr,52.37590995,-1.28672262,267.20,true,,
1790445768.165,marker,reconciled,0.00000000,0.00000000,0.00,false,,
1790445768.212,hud,speed,,,,,"15.1 / 14.5",15.070
1790445768.212,hud,heading,,,,,"93° / 88°",92.800
1790445768.213,hud,drift,,,,,"8.45%",8.450
1790445768.213,hud,turns,,,,,"✗ turns: 3/15",
1790445768.213,hud,calib_s,,,,,"✓ Buffer 6s",
1790445768.214,marker,gnss,52.37565600,-1.28850200,272.50,true,,
1790445768.214,marker,dr,52.37590903,-1.28670056,267.20,true,,
1790445768.215,marker,reconciled,0.00000000,0.00000000,0.00,false,,
1790445768.264,hud,speed,,,,,"15.0 / 14.5",15.030
1790445768.265,hud,heading,,,,,"93° / 88°",93.100
1790445768.265,hud,drift,,,,,"8.34%",8.340
1790445768.265,hud,turns,,,,,"✗ turns: 3/15",
1790445768.265,hud,calib_s,,,,,"✓ Buffer 6s",
1790445768.266,marker,gnss,52.37565600,-1.28850200,272.50,true,,
1790445768.266,marker,dr,52.37590810,-1.28667854,266.90,true,,
1790445768.267,marker,reconciled,0.00000000,0.00000000,0.00,false,,
1790445768.316,hud,speed,,,,,"14.9 / 14.5",14.890
1790445768.316,hud,heading,,,,,"93° / 88°",93.300
1790445768.316,hud,drift,,,,,"8.24%",8.240
1790445768.317,hud,turns,,,,,"✗ turns: 3/15",
1790445768.317,hud,calib_s,,,,,"✓ Buffer 6s",
1790445768.317,marker,gnss,52.37565600,-1.28850200,272.50,true,,
1790445768.318,marker,dr,52.37590714,-1.28665674,266.70,true,,
1790445768.319,marker,reconciled,0.00000000,0.00000000,0.00,false,,
1790445768.365,hud,speed,,,,,"15.1 / 14.5",15.050
1790445768.365,hud,heading,,,,,"93° / 88°",93.400
1790445768.365,hud,drift,,,,,"8.13%",8.130
1790445768.365,hud,turns,,,,,"✗ turns: 3/15",
1790445768.366,hud,calib_s,,,,,"✓ Buffer 6s",
1790445768.366,marker,gnss,52.37565600,-1.28850200,272.50,true,,
1790445768.367,marker,dr,52.37590614,-1.28663472,266.60,true,,
1790445768.367,marker,reconciled,0.00000000,0.00000000,0.00,false,,
1790445768.422,hud,speed,,,,,"15.0 / 13.1",14.980
1790445768.423,hud,heading,,,,,"93° / 96°",93.400
1790445768.423,hud,drift,,,,,"8.58%",8.580
1790445768.423,hud,turns,,,,,"✗ turns: 3/15",
1790445768.423,hud,calib_s,,,,,"✓ Buffer 6s",
1790445768.424,marker,gnss,52.37570000,-1.28675000,264.10,true,,
1790445768.424,marker,dr,52.37590508,-1.28661282,266.60,true,,
1790445768.424,marker,reconciled,0.00000000,0.00000000,0.00,false,,
1790445768.467,hud,speed,,,,,"15.1 / 13.1",15.060
1790445768.468,hud,heading,,,,,"93° / 96°",93.400
1790445768.468,hud,drift,,,,,"8.57%",8.570
1790445768.468,hud,turns,,,,,"✗ turns: 3/15",
1790445768.469,hud,calib_s,,,,,"✓ Buffer 6s",
1790445768.469,marker,gnss,52.37570000,-1.28675000,264.10,true,,
1790445768.470,marker,dr,52.37590396,-1.28659058,266.60,true,,
1790445768.470,marker,reconciled,0.00000000,0.00000000,0.00,false,,
1790445768.519,hud,speed,,,,,"15.1 / 13.1",15.110
1790445768.519,hud,heading,,,,,"94° / 96°",93.500
1790445768.520,hud,drift,,,,,"8.56%",8.560
1790445768.520,hud,turns,,,,,"✗ turns: 3/15",
1790445768.520,hud,calib_s,,,,,"✓ Buffer 6s",
1790445768.520,marker,gnss,52.37570000,-1.28675000,264.10,true,,
1790445768.521,marker,dr,52.37590284,-1.28656849,266.50,true,,
1790445768.521,marker,reconciled,0.00000000,0.00000000,0.00,false,,
1790445768.566,hud,speed,,,,,"15.0 / 13.1",14.990
1790445768.567,hud,heading,,,,,"94° / 96°",93.500
1790445768.567,hud,drift,,,,,"8.55%",8.550
1790445768.567,hud,turns,,,,,"✗ turns: 3/15",
1790445768.567,hud,calib_s,,,,,"✓ Buffer 6s",
1790445768.567,marker,gnss,52.37570000,-1.28675000,264.10,true,,
1790445768.568,marker,dr,52.37590170,-1.28654680,266.50,true,,
1790445768.568,marker,reconciled,0.00000000,0.00000000,0.00,false,,
1790445768.620,hud,speed,,,,,"14.9 / 13.1",14.930
1790445768.621,hud,heading,,,,,"93° / 96°",93.400
1790445768.621,hud,drift,,,,,"8.55%",8.550
1790445768.621,hud,turns,,,,,"✗ turns: 3/15",
1790445768.621,hud,calib_s,,,,,"✓ Buffer 6s",
1790445768.622,marker,gnss,52.37570000,-1.28675000,264.10,true,,
1790445768.622,marker,dr,52.37590056,-1.28652497,266.60,true,,
1790445768.622,marker,reconciled,0.00000000,0.00000000,0.00,false,,
1790445768.676,hud,speed,,,,,"14.9 / 13.1",14.850
1790445768.676,hud,heading,,,,,"94° / 96°",93.500
1790445768.677,hud,drift,,,,,"8.54%",8.540
1790445768.677,hud,turns,,,,,"✗ turns: 3/15",
1790445768.677,hud,calib_s,,,,,"✓ Buffer 6s",
1790445768.677,marker,gnss,52.37570000,-1.28675000,264.10,true,,
1790445768.678,marker,dr,52.37589946,-1.28650303,266.50,true,,
1790445768.678,marker,reconciled,0.00000000,0.00000000,0.00,false,,
1790445768.724,hud,speed,,,,,"14.6 / 13.1",14.560
1790445768.724,hud,heading,,,,,"93° / 96°",93.400
1790445768.725,hud,drift,,,,,"8.52%",8.520
1790445768.725,hud,turns,,,,,"✗ turns: 3/15",
1790445768.725,hud,calib_s,,,,,"✓ Buffer 6s",
1790445768.726,marker,gnss,52.37570000,-1.28675000,264.10,true,,
1790445768.726,marker,dr,52.37589834,-1.28648196,266.60,true,,
1790445768.726,marker,reconciled,0.00000000,0.00000000,0.00,false,,
1790445768.776,hud,speed,,,,,"14.7 / 13.1",14.680
1790445768.777,hud,heading,,,,,"93° / 96°",93.300
1790445768.777,hud,drift,,,,,"8.51%",8.510
1790445768.777,hud,turns,,,,,"✗ turns: 3/15",
1790445768.777,hud,calib_s,,,,,"✓ Buffer 6s",
1790445768.778,marker,gnss,52.37570000,-1.28675000,264.10,true,,
1790445768.778,marker,dr,52.37589721,-1.28646048,266.70,true,,
1790445768.779,marker,reconciled,0.00000000,0.00000000,0.00,false,,
1790445768.826,hud,speed,,,,,"14.6 / 13.1",14.580
1790445768.826,hud,heading,,,,,"94° / 96°",93.500
1790445768.827,hud,drift,,,,,"8.50%",8.500
1790445768.827,hud,turns,,,,,"✗ turns: 3/15",
1790445768.827,hud,calib_s,,,,,"✓ Buffer 6s",
1790445768.828,marker,gnss,52.37570000,-1.28675000,264.10,true,,
1790445768.828,marker,dr,52.37589604,-1.28643916,266.50,true,,
1790445768.828,marker,reconciled,0.00000000,0.00000000,0.00,false,,
1790445768.877,hud,speed,,,,,"14.5 / 13.1",14.470
1790445768.877,hud,heading,,,,,"94° / 96°",93.700
1790445768.878,hud,drift,,,,,"8.49%",8.490
1790445768.878,hud,turns,,,,,"✗ turns: 3/15",
1790445768.878,hud,calib_s,,,,,"✓ Buffer 6s",
1790445768.878,marker,gnss,52.37570000,-1.28675000,264.10,true,,
1790445768.879,marker,dr,52.37589485,-1.28641780,266.30,true,,
1790445768.879,marker,reconciled,0.00000000,0.00000000,0.00,false,,
1790445768.931,hud,speed,,,,,"14.3 / 13.1",14.310
1790445768.931,hud,heading,,,,,"94° / 96°",93.800
1790445768.931,hud,drift,,,,,"8.47%",8.470
1790445768.932,hud,turns,,,,,"✗ turns: 3/15",
1790445768.932,hud,calib_s,,,,,"✓ Buffer 6s",
1790445768.932,marker,gnss,52.37570000,-1.28675000,264.10,true,,
1790445768.932,marker,dr,52.37589366,-1.28639690,266.20,true,,
1790445768.933,marker,reconciled,0.00000000,0.00000000,0.00,false,,
1790445768.976,hud,speed,,,,,"14.2 / 13.1",14.190
1790445768.977,hud,heading,,,,,"94° / 96°",93.700
1790445768.977,hud,drift,,,,,"8.45%",8.450
1790445768.977,hud,turns,,,,,"✗ turns: 3/15",
1790445768.977,hud,calib_s,,,,,"✓ Buffer 6s",
1790445768.978,marker,gnss,52.37570000,-1.28675000,264.10,true,,
1790445768.978,marker,dr,52.37589255,-1.28637638,266.30,true,,
1790445768.979,marker,reconciled,0.00000000,0.00000000,0.00,false,,
1790445769.029,hud,speed,,,,,"14.1 / 13.1",14.070
1790445769.029,hud,heading,,,,,"94° / 96°",93.700
1790445769.029,hud,drift,,,,,"8.44%",8.440
1790445769.030,hud,turns,,,,,"✗ turns: 3/15",
1790445769.030,hud,calib_s,,,,,"✓ Buffer 6s",
1790445769.030,marker,gnss,52.37570000,-1.28675000,264.10,true,,
1790445769.030,marker,dr,52.37589140,-1.28635561,266.30,true,,
1790445769.031,marker,reconciled,0.00000000,0.00000000,0.00,false,,
1790445769.080,hud,speed,,,,,"14.2 / 13.1",14.160
1790445769.080,hud,heading,,,,,"93° / 96°",93.300
1790445769.080,hud,drift,,,,,"8.42%",8.420
1790445769.080,hud,turns,,,,,"✗ turns: 3/15",
1790445769.081,hud,calib_s,,,,,"✓ Buffer 6s",
1790445769.081,marker,gnss,52.37570000,-1.28675000,264.10,true,,
1790445769.081,marker,dr,52.37589038,-1.28633488,266.70,true,,
1790445769.082,marker,reconciled,0.00000000,0.00000000,0.00,false,,
1790445769.132,hud,speed,,,,,"14.0 / 13.1",14.040
1790445769.132,hud,heading,,,,,"93° / 96°",93.000
1790445769.133,hud,drift,,,,,"8.41%",8.410
1790445769.133,hud,turns,,,,,"✗ turns: 3/15",
1790445769.133,hud,calib_s,,,,,"✓ Buffer 6s",
1790445769.133,marker,gnss,52.37570000,-1.28675000,264.10,true,,
1790445769.134,marker,dr,52.37588928,-1.28631433,267.00,true,,
1790445769.134,marker,reconciled,0.00000000,0.00000000,0.00,false,,
1790445769.183,hud,speed,,,,,"14.1 / 13.1",14.050
1790445769.184,hud,heading,,,,,"93° / 96°",92.800
1790445769.184,hud,drift,,,,,"8.39%",8.390
1790445769.184,hud,turns,,,,,"✗ turns: 3/15",
1790445769.184,hud,calib_s,,,,,"✓ Buffer 6s",
1790445769.185,marker,gnss,52.37570000,-1.28675000,264.10,true,,
1790445769.185,marker,dr,52.37588819,-1.28629396,267.20,true,,
1790445769.185,marker,reconciled,0.00000000,0.00000000,0.00,false,,
1790445769.231,hud,speed,,,,,"14.0 / 13.1",14.000
1790445769.231,hud,heading,,,,,"93° / 96°",92.800
1790445769.231,hud,drift,,,,,"8.37%",8.370
1790445769.232,hud,turns,,,,,"✗ turns: 3/15",
1790445769.232,hud,calib_s,,,,,"✓ Buffer 6s",
1790445769.232,marker,gnss,52.37570000,-1.28675000,264.10,true,,
1790445769.233,marker,dr,52.37588704,-1.28627344,267.20,true,,
1790445769.233,marker,reconciled,0.00000000,0.00000000,0.00,false,,
1790445769.282,hud,speed,,,,,"14.0 / 13.1",14.020
1790445769.282,hud,heading,,,,,"92° / 96°",92.400
1790445769.282,hud,drift,,,,,"8.36%",8.360
1790445769.283,hud,turns,,,,,"✗ turns: 3/15",
1790445769.283,hud,calib_s,,,,,"✓ Buffer 6s",
1790445769.283,marker,gnss,52.37570000,-1.28675000,264.10,true,,
1790445769.283,marker,dr,52.37588598,-1.28625271,267.60,true,,
1790445769.283,marker,reconciled,0.00000000,0.00000000,0.00,false,,
1790445769.332,hud,speed,,,,,"13.9 / 13.1",13.850
1790445769.333,hud,heading,,,,,"93° / 96°",92.600
1790445769.333,hud,drift,,,,,"8.34%",8.340
1790445769.333,hud,turns,,,,,"✗ turns: 3/15",
1790445769.333,hud,calib_s,,,,,"✓ Buffer 6s",
1790445769.333,marker,gnss,52.37570000,-1.28675000,264.10,true,,
1790445769.334,marker,dr,52.37588488,-1.28623241,267.40,true,,
1790445769.334,marker,reconciled,0.00000000,0.00000000,0.00,false,,
1790445769.385,hud,speed,,,,,"14.3 / 13.1",14.310
1790445769.386,hud,heading,,,,,"92° / 96°",92.100
1790445769.386,hud,drift,,,,,"8.33%",8.330
1790445769.387,hud,turns,,,,,"✗ turns: 3/15",
1790445769.387,hud,calib_s,,,,,"✓ Buffer 6s",
1790445769.387,marker,gnss,52.37570000,-1.28675000,264.10,true,,
1790445769.388,marker,dr,52.37588381,-1.28621146,267.90,true,,
1790445769.388,marker,reconciled,0.00000000,0.00000000,0.00,false,,
1790445769.437,hud,speed,,,,,"14.2 / 13.1",14.190
1790445769.438,hud,heading,,,,,"92° / 96°",92.100
1790445769.438,hud,drift,,,,,"8.32%",8.320
1790445769.439,hud,turns,,,,,"✗ turns: 3/15",
1790445769.439,hud,calib_s,,,,,"✓ Buffer 6s",
1790445769.439,marker,gnss,52.37570000,-1.28675000,264.10,true,,
1790445769.440,marker,dr,52.37588272,-1.28619059,267.90,true,,
1790445769.440,marker,reconciled,0.00000000,0.00000000,0.00,false,,
1790445769.485,hud,speed,,,,,"14.4 / 13.1",14.380
1790445769.486,hud,heading,,,,,"92° / 96°",92.300
1790445769.486,hud,drift,,,,,"8.31%",8.310
1790445769.486,hud,turns,,,,,"✗ turns: 3/15",
1790445769.487,hud,calib_s,,,,,"✓ Buffer 6s",
1790445769.487,marker,gnss,52.37570000,-1.28675000,264.10,true,,
1790445769.487,marker,dr,52.37588169,-1.28616973,267.70,true,,
1790445769.488,marker,reconciled,0.00000000,0.00000000,0.00,false,,
1790445769.536,hud,speed,,,,,"14.7 / 13.1",14.650
1790445769.537,hud,heading,,,,,"92° / 96°",92.400
1790445769.537,hud,drift,,,,,"8.31%",8.310
1790445769.537,hud,turns,,,,,"✗ turns: 3/15",
1790445769.537,hud,calib_s,,,,,"✓ Buffer 6s",
1790445769.538,marker,gnss,52.37570000,-1.28675000,264.10,true,,
1790445769.538,marker,dr,52.37588078,-1.28614825,267.60,true,,
1790445769.538,marker,reconciled,0.00000000,0.00000000,0.00,false,,
1790445769.589,hud,speed,,,,,"14.6 / 13.1",14.560
1790445769.590,hud,heading,,,,,"93° / 96°",92.700
1790445769.590,hud,drift,,,,,"8.31%",8.310
1790445769.590,hud,turns,,,,,"✗ turns: 3/15",
1790445769.591,hud,calib_s,,,,,"✓ Buffer 6s",
1790445769.591,marker,gnss,52.37570000,-1.28675000,264.10,true,,
1790445769.591,marker,dr,52.37587992,-1.28612691,267.30,true,,
1790445769.592,marker,reconciled,0.00000000,0.00000000,0.00,false,,
1790445769.644,hud,speed,,,,,"14.9 / 13.1",14.910
1790445769.645,hud,heading,,,,,"92° / 96°",92.300
1790445769.645,hud,drift,,,,,"8.32%",8.320
1790445769.645,hud,turns,,,,,"✗ turns: 3/15",
1790445769.645,hud,calib_s,,,,,"✓ Buffer 6s",
1790445769.646,marker,gnss,52.37570000,-1.28675000,264.10,true,,
1790445769.646,marker,dr,52.37587912,-1.28610484,267.70,true,,
1790445769.647,marker,reconciled,0.00000000,0.00000000,0.00,false,,
1790445769.691,hud,speed,,,,,"14.9 / 13.1",14.920
1790445769.692,hud,heading,,,,,"92° / 96°",92.400
1790445769.692,hud,drift,,,,,"8.33%",8.330
1790445769.692,hud,turns,,,,,"✗ turns: 3/15",
1790445769.693,hud,calib_s,,,,,"✓ Buffer 6s",
1790445769.693,marker,gnss,52.37570000,-1.28675000,264.10,true,,
1790445769.693,marker,dr,52.37587836,-1.28608296,267.60,true,,
1790445769.693,marker,reconciled,0.00000000,0.00000000,0.00,false,,
1790445769.743,hud,speed,,,,,"15.0 / 13.1",14.970
1790445769.744,hud,heading,,,,,"92° / 96°",92.200
1790445769.744,hud,drift,,,,,"8.34%",8.340
1790445769.744,hud,turns,,,,,"✗ turns: 3/15",
1790445769.745,hud,calib_s,,,,,"✓ Buffer 6s",
1790445769.745,marker,gnss,52.37570000,-1.28675000,264.10,true,,
1790445769.746,marker,dr,52.37587763,-1.28606101,267.80,true,,
1790445769.747,marker,reconciled,0.00000000,0.00000000,0.00,false,,
1790445769.793,hud,speed,,,,,"15.0 / 13.1",14.950
1790445769.793,hud,heading,,,,,"92° / 96°",92.300
1790445769.794,hud,drift,,,,,"8.35%",8.350
1790445769.794,hud,turns,,,,,"✗ turns: 3/15",
1790445769.794,hud,calib_s,,,,,"✓ Buffer 6s",
1790445769.794,marker,gnss,52.37570000,-1.28675000,264.10,true,,
1790445769.795,marker,dr,52.37587688,-1.28603907,267.70,true,,
1790445769.795,marker,reconciled,0.00000000,0.00000000,0.00,false,,
1790445769.845,hud,speed,,,,,"14.9 / 13.1",14.920
1790445769.845,hud,heading,,,,,"92° / 96°",92.400
1790445769.845,hud,drift,,,,,"8.36%",8.360
1790445769.846,hud,turns,,,,,"✗ turns: 3/15",
1790445769.846,hud,calib_s,,,,,"✓ Buffer 6s",
1790445769.846,marker,gnss,52.37570000,-1.28675000,264.10,true,,
1790445769.847,marker,dr,52.37587617,-1.28601741,267.60,true,,
1790445769.847,marker,reconciled,0.00000000,0.00000000,0.00,false,,
1790445769.896,hud,speed,,,,,"14.9 / 13.1",14.920
1790445769.896,hud,heading,,,,,"93° / 96°",92.500
1790445769.896,hud,drift,,,,,"8.38%",8.380
1790445769.896,hud,turns,,,,,"✗ turns: 3/15",
1790445769.896,hud,calib_s,,,,,"✓ Buffer 6s",
1790445769.897,marker,gnss,52.37570000,-1.28675000,264.10,true,,
1790445769.897,marker,dr,52.37587550,-1.28599553,267.50,true,,
1790445769.897,marker,reconciled,0.00000000,0.00000000,0.00,false,,
1790445769.949,hud,speed,,,,,"14.9 / 13.1",14.890
1790445769.950,hud,heading,,,,,"93° / 96°",92.600
1790445769.950,hud,drift,,,,,"8.39%",8.390
1790445769.950,hud,turns,,,,,"✗ turns: 3/15",
1790445769.951,hud,calib_s,,,,,"✓ Buffer 6s",
1790445769.951,marker,gnss,52.37570000,-1.28675000,264.10,true,,
1790445769.952,marker,dr,52.37587480,-1.28597369,267.40,true,,
1790445769.952,marker,reconciled,0.00000000,0.00000000,0.00,false,,
1790445769.997,hud,speed,,,,,"14.9 / 13.1",14.900
1790445769.997,hud,heading,,,,,"92° / 96°",92.300
1790445769.997,hud,drift,,,,,"8.40%",8.400
1790445769.998,hud,turns,,,,,"✗ turns: 3/15",
1790445769.998,hud,calib_s,,,,,"✓ Buffer 6s",
1790445769.998,marker,gnss,52.37570000,-1.28675000,264.10,true,,
1790445769.999,marker,dr,52.37587411,-1.28595162,267.70,true,,
1790445769.999,marker,reconciled,0.00000000,0.00000000,0.00,false,,
1790445770.047,hud,speed,,,,,"14.8 / 13.1",14.840
1790445770.047,hud,heading,,,,,"92° / 96°",92.200
1790445770.048,hud,drift,,,,,"8.42%",8.420
1790445770.048,hud,turns,,,,,"✗ turns: 3/15",
1790445770.048,hud,calib_s,,,,,"✓ Buffer 6s",
1790445770.048,marker,gnss,52.37570000,-1.28675000,264.10,true,,
1790445770.049,marker,dr,52.37587353,-1.28592984,267.80,true,,
1790445770.049,marker,reconciled,0.00000000,0.00000000,0.00,false,,
1790445770.100,hud,speed,,,,,"14.8 / 13.1",14.790
1790445770.101,hud,heading,,,,,"92° / 96°",92.100
1790445770.101,hud,drift,,,,,"8.43%",8.430
1790445770.101,hud,turns,,,,,"✗ turns: 3/15",
1790445770.102,hud,calib_s,,,,,"✓ Buffer 6s",
1790445770.102,marker,gnss,52.37570000,-1.28675000,264.10,true,,
1790445770.103,marker,dr,52.37587294,-1.28590836,267.90,true,,
1790445770.103,marker,reconciled,0.00000000,0.00000000,0.00,false,,
1790445770.151,hud,speed,,,,,"14.6 / 13.1",14.640
1790445770.152,hud,heading,,,,,"92° / 96°",92.200
1790445770.152,hud,drift,,,,,"8.44%",8.440
1790445770.152,hud,turns,,,,,"✗ turns: 3/15",
1790445770.153,hud,calib_s,,,,,"✓ Buffer 6s",
1790445770.153,marker,gnss,52.37570000,-1.28675000,264.10,true,,
1790445770.153,marker,dr,52.37587240,-1.28588667,267.80,true,,
1790445770.154,marker,reconciled,0.00000000,0.00000000,0.00,false,,
1790445770.203,hud,speed,,,,,"14.6 / 13.1",14.640
1790445770.204,hud,heading,,,,,"93° / 96°",92.500
1790445770.204,hud,drift,,,,,"8.46%",8.460
1790445770.204,hud,turns,,,,,"✗ turns: 3/15",
1790445770.204,hud,calib_s,,,,,"✓ Buffer 6s",
1790445770.205,marker,gnss,52.37570000,-1.28675000,264.10,true,,
1790445770.205,marker,dr,52.37587187,-1.28586519,267.50,true,,
1790445770.205,marker,reconciled,0.00000000,0.00000000,0.00,false,,
1790445770.251,hud,speed,,,,,"14.5 / 13.1",14.520
1790445770.251,hud,heading,,,,,"93° / 96°",92.800
1790445770.252,hud,drift,,,,,"8.47%",8.470
1790445770.252,hud,turns,,,,,"✗ turns: 3/15",
1790445770.252,hud,calib_s,,,,,"✓ Buffer 6s",
1790445770.253,marker,gnss,52.37570000,-1.28675000,264.10,true,,
1790445770.253,marker,dr,52.37587141,-1.28584388,267.20,true,,
1790445770.254,marker,reconciled,0.00000000,0.00000000,0.00,false,,
1790445770.300,hud,speed,,,,,"14.5 / 13.1",14.480
1790445770.301,hud,heading,,,,,"93° / 96°",92.600
1790445770.301,hud,drift,,,,,"8.48%",8.480
1790445770.301,hud,turns,,,,,"✗ turns: 3/15",
1790445770.302,hud,calib_s,,,,,"✓ Buffer 6s",
1790445770.302,marker,gnss,52.37570000,-1.28675000,264.10,true,,
1790445770.303,marker,dr,52.37587100,-1.28582284,267.40,true,,
1790445770.303,marker,reconciled,0.00000000,0.00000000,0.00,false,,
1790445770.356,hud,speed,,,,,"14.4 / 13.1",14.360
1790445770.356,hud,heading,,,,,"92° / 96°",92.400
1790445770.356,hud,drift,,,,,"8.50%",8.500
1790445770.357,hud,turns,,,,,"✗ turns: 3/15",
1790445770.357,hud,calib_s,,,,,"✓ Buffer 6s",
1790445770.357,marker,gnss,52.37570000,-1.28675000,264.10,true,,
1790445770.357,marker,dr,52.37587060,-1.28580113,267.60,true,,
1790445770.358,marker,reconciled,0.00000000,0.00000000,0.00,false,,
1790445770.404,hud,speed,,,,,"14.3 / 13.1",14.340
1790445770.405,hud,heading,,,,,"92° / 96°",92.200
1790445770.405,hud,drift,,,,,"8.51%",8.510
1790445770.405,hud,turns,,,,,"✗ turns: 3/15",
1790445770.405,hud,calib_s,,,,,"✓ Buffer 6s",
1790445770.405,marker,gnss,52.37570000,-1.28675000,264.10,true,,
1790445770.406,marker,dr,52.37587024,-1.28578050,267.80,true,,
1790445770.406,marker,reconciled,0.00000000,0.00000000,0.00,false,,
1790445770.459,hud,speed,,,,,"14.4 / 13.1",14.380
1790445770.460,hud,heading,,,,,"92° / 96°",92.000
1790445770.460,hud,drift,,,,,"8.52%",8.520
1790445770.460,hud,turns,,,,,"✗ turns: 3/15",
1790445770.460,hud,calib_s,,,,,"✓ Buffer 6s",
1790445770.460,marker,gnss,52.37570000,-1.28675000,264.10,true,,
1790445770.461,marker,dr,52.37586988,-1.28575961,268.00,true,,
1790445770.461,marker,reconciled,0.00000000,0.00000000,0.00,false,,
1790445770.508,hud,speed,,,,,"14.6 / 13.1",14.590
1790445770.509,hud,heading,,,,,"92° / 96°",91.800
1790445770.509,hud,drift,,,,,"8.54%",8.540
1790445770.509,hud,turns,,,,,"✗ turns: 3/15",
1790445770.510,hud,calib_s,,,,,"✓ Buffer 6s",
1790445770.510,marker,gnss,52.37570000,-1.28675000,264.10,true,,
1790445770.511,marker,dr,52.37586948,-1.28573799,268.20,true,,
1790445770.511,marker,reconciled,0.00000000,0.00000000,0.00,false,,
1790445770.561,hud,speed,,,,,"14.7 / 13.1",14.720
1790445770.561,hud,heading,,,,,"92° / 96°",91.600
1790445770.561,hud,drift,,,,,"8.55%",8.550
1790445770.562,hud,turns,,,,,"✗ turns: 3/15",
1790445770.562,hud,calib_s,,,,,"✓ Buffer 6s",
1790445770.562,marker,gnss,52.37570000,-1.28675000,264.10,true,,
1790445770.563,marker,dr,52.37586906,-1.28571660,268.40,true,,
1790445770.563,marker,reconciled,0.00000000,0.00000000,0.00,false,,
1790445770.613,hud,speed,,,,,"14.8 / 13.1",14.840
1790445770.614,hud,heading,,,,,"92° / 96°",91.500
1790445770.614,hud,drift,,,,,"8.57%",8.570
1790445770.615,hud,turns,,,,,"✗ turns: 3/15",
1790445770.615,hud,calib_s,,,,,"✓ Buffer 6s",
1790445770.616,marker,gnss,52.37570000,-1.28675000,264.10,true,,
1790445770.617,marker,dr,52.37586865,-1.28569460,268.50,true,,
1790445770.617,marker,reconciled,0.00000000,0.00000000,0.00,false,,
1790445770.660,hud,speed,,,,,"14.8 / 13.1",14.790
1790445770.661,hud,heading,,,,,"91° / 96°",91.400
1790445770.661,hud,drift,,,,,"8.59%",8.590
1790445770.661,hud,turns,,,,,"✗ turns: 3/15",
1790445770.662,hud,calib_s,,,,,"✓ Buffer 6s",
1790445770.662,marker,gnss,52.37570000,-1.28675000,264.10,true,,
1790445770.663,marker,dr,52.37586832,-1.28567290,268.60,true,,
1790445770.663,marker,reconciled,0.00000000,0.00000000,0.00,false,,
1790445770.715,hud,speed,,,,,"14.9 / 13.1",14.930
1790445770.715,hud,heading,,,,,"91° / 96°",91.200
1790445770.716,hud,drift,,,,,"8.62%",8.620
1790445770.716,hud,turns,,,,,"✗ turns: 3/15",
1790445770.716,hud,calib_s,,,,,"✓ Buffer 6s",
1790445770.716,marker,gnss,52.37570000,-1.28675000,264.10,true,,
1790445770.717,marker,dr,52.37586797,-1.28565121,268.80,true,,
1790445770.717,marker,reconciled,0.00000000,0.00000000,0.00,false,,
1790445770.763,hud,speed,,,,,"14.9 / 13.1",14.850
1790445770.764,hud,heading,,,,,"91° / 96°",91.000
1790445770.764,hud,drift,,,,,"8.64%",8.640
1790445770.764,hud,turns,,,,,"✗ turns: 3/15",
1790445770.765,hud,calib_s,,,,,"✓ Buffer 6s",
1790445770.765,marker,gnss,52.37570000,-1.28675000,264.10,true,,
1790445770.765,marker,dr,52.37586763,-1.28562941,269.00,true,,
1790445770.766,marker,reconciled,0.00000000,0.00000000,0.00,false,,
1790445770.814,hud,speed,,,,,"15.0 / 13.1",15.010
1790445770.815,hud,heading,,,,,"91° / 96°",91.000
1790445770.815,hud,drift,,,,,"8.66%",8.660
1790445770.815,hud,turns,,,,,"✗ turns: 3/15",
1790445770.816,hud,calib_s,,,,,"✓ Buffer 6s",
1790445770.816,marker,gnss,52.37570000,-1.28675000,264.10,true,,
1790445770.816,marker,dr,52.37586729,-1.28560737,269.00,true,,
1790445770.817,marker,reconciled,0.00000000,0.00000000,0.00,false,,
1790445770.864,hud,speed,,,,,"15.0 / 13.1",15.030
1790445770.864,hud,heading,,,,,"91° / 96°",90.800
1790445770.865,hud,drift,,,,,"8.69%",8.690
1790445770.865,hud,turns,,,,,"✗ turns: 3/15",
1790445770.865,hud,calib_s,,,,,"✓ Buffer 6s",
1790445770.865,marker,gnss,52.37570000,-1.28675000,264.10,true,,
1790445770.866,marker,dr,52.37586697,-1.28558507,269.20,true,,
1790445770.866,marker,reconciled,0.00000000,0.00000000,0.00,false,,
1790445770.916,hud,speed,,,,,"15.1 / 13.1",15.060
1790445770.916,hud,heading,,,,,"91° / 96°",90.600
1790445770.917,hud,drift,,,,,"8.71%",8.710
1790445770.917,hud,turns,,,,,"✗ turns: 3/15",
1790445770.917,hud,calib_s,,,,,"✓ Buffer 6s",
1790445770.919,marker,gnss,52.37570000,-1.28675000,264.10,true,,
1790445770.920,marker,dr,52.37586666,-1.28556295,269.40,true,,
1790445770.920,marker,reconciled,0.00000000,0.00000000,0.00,false,,
1790445770.972,hud,speed,,,,,"15.0 / 13.1",14.990
1790445770.972,hud,heading,,,,,"91° / 96°",90.500
1790445770.973,hud,drift,,,,,"8.74%",8.740
1790445770.973,hud,turns,,,,,"✗ turns: 3/15",
1790445770.973,hud,calib_s,,,,,"✓ Buffer 6s",
1790445770.973,marker,gnss,52.37570000,-1.28675000,264.10,true,,
1790445770.974,marker,dr,52.37586634,-1.28554114,269.50,true,,
1790445770.975,marker,reconciled,0.00000000,0.00000000,0.00,false,,
1790445771.013,hud,speed,,,,,"15.1 / 13.1",15.050
1790445771.014,hud,heading,,,,,"90° / 96°",90.100
1790445771.014,hud,drift,,,,,"8.76%",8.760
1790445771.014,hud,turns,,,,,"✗ turns: 3/15",
1790445771.014,hud,calib_s,,,,,"✓ Buffer 6s",
1790445771.015,marker,gnss,52.37570000,-1.28675000,264.10,true,,
1790445771.015,marker,dr,52.37586604,-1.28551904,269.90,true,,
1790445771.015,marker,reconciled,0.00000000,0.00000000,0.00,false,,
1790445771.067,hud,speed,,,,,"15.1 / 13.1",15.060
1790445771.068,hud,heading,,,,,"90° / 96°",90.100
1790445771.068,hud,drift,,,,,"8.79%",8.790
1790445771.068,hud,turns,,,,,"✗ turns: 3/15",
1790445771.068,hud,calib_s,,,,,"✓ Buffer 6s",
1790445771.069,marker,gnss,52.37570000,-1.28675000,264.10,true,,
1790445771.069,marker,dr,52.37586570,-1.28549688,269.90,true,,
1790445771.069,marker,reconciled,0.00000000,0.00000000,0.00,false,,
1790445771.119,hud,speed,,,,,"15.1 / 13.1",15.090
1790445771.120,hud,heading,,,,,"90° / 96°",90.300
1790445771.120,hud,drift,,,,,"8.81%",8.810
1790445771.120,hud,turns,,,,,"✗ turns: 3/15",
1790445771.120,hud,calib_s,,,,,"✓ Buffer 6s",
1790445771.120,marker,gnss,52.37570000,-1.28675000,264.10,true,,
1790445771.121,marker,dr,52.37586537,-1.28547470,269.70,true,,
1790445771.121,marker,reconciled,0.00000000,0.00000000,0.00,false,,
1790445771.172,hud,speed,,,,,"15.1 / 13.1",15.090
1790445771.172,hud,heading,,,,,"90° / 96°",90.200
1790445771.173,hud,drift,,,,,"8.84%",8.840
1790445771.173,hud,turns,,,,,"✗ turns: 3/15",
1790445771.173,hud,calib_s,,,,,"✓ Buffer 6s",
1790445771.174,marker,gnss,52.37570000,-1.28675000,264.10,true,,
1790445771.174,marker,dr,52.37586506,-1.28545229,269.80,true,,
1790445771.174,marker,reconciled,0.00000000,0.00000000,0.00,false,,
1790445771.227,hud,speed,,,,,"15.1 / 13.1",15.060
1790445771.227,hud,heading,,,,,"90° / 96°",90.200
1790445771.227,hud,drift,,,,,"8.86%",8.860
1790445771.227,hud,turns,,,,,"✗ turns: 3/15",
1790445771.228,hud,calib_s,,,,,"✓ Buffer 6s",
1790445771.228,marker,gnss,52.37570000,-1.28675000,264.10,true,,
1790445771.228,marker,dr,52.37586475,-1.28543036,269.80,true,,
1790445771.229,marker,reconciled,0.00000000,0.00000000,0.00,false,,
1790445771.274,hud,speed,,,,,"14.9 / 13.1",14.920
1790445771.274,hud,heading,,,,,"90° / 96°",90.000
1790445771.275,hud,drift,,,,,"8.89%",8.890
1790445771.275,hud,turns,,,,,"✗ turns: 3/15",
1790445771.275,hud,calib_s,,,,,"✓ Buffer 6s",
1790445771.276,marker,gnss,52.37570000,-1.28675000,264.10,true,,
1790445771.276,marker,dr,52.37586446,-1.28540821,270.00,true,,
1790445771.277,marker,reconciled,0.00000000,0.00000000,0.00,false,,
1790445771.322,hud,speed,,,,,"14.9 / 13.1",14.860
1790445771.323,hud,heading,,,,,"90° / 96°",90.100
1790445771.323,hud,drift,,,,,"8.91%",8.910
1790445771.323,hud,turns,,,,,"✗ turns: 3/15",
1790445771.323,hud,calib_s,,,,,"✓ Buffer 6s",
1790445771.324,marker,gnss,52.37570000,-1.28675000,264.10,true,,
1790445771.324,marker,dr,52.37586416,-1.28538636,269.90,true,,
1790445771.324,marker,reconciled,0.00000000,0.00000000,0.00,false,,
1790445771.376,hud,speed,,,,,"14.9 / 13.1",14.900
1790445771.376,hud,heading,,,,,"90° / 96°",90.200
1790445771.377,hud,drift,,,,,"8.93%",8.930
1790445771.377,hud,turns,,,,,"✗ turns: 3/15",
1790445771.377,hud,calib_s,,,,,"✓ Buffer 6s",
1790445771.377,marker,gnss,52.37570000,-1.28675000,264.10,true,,
1790445771.378,marker,dr,52.37586388,-1.28536469,269.80,true,,
1790445771.378,marker,reconciled,0.00000000,0.00000000,0.00,false,,
1790445771.425,hud,speed,,,,,"14.9 / 13.1",14.910
1790445771.425,hud,heading,,,,,"90° / 96°",90.100
1790445771.425,hud,drift,,,,,"8.95%",8.950
1790445771.426,hud,turns,,,,,"✗ turns: 3/15",
1790445771.426,hud,calib_s,,,,,"✓ Buffer 6s",
1790445771.426,marker,gnss,52.37570000,-1.28675000,264.10,true,,
1790445771.427,marker,dr,52.37586362,-1.28534278,269.90,true,,
1790445771.427,marker,reconciled,0.00000000,0.00000000,0.00,false,,
1790445771.478,hud,speed,,,,,"15.0 / 13.1",14.970
1790445771.478,hud,heading,,,,,"90° / 96°",90.000
1790445771.479,hud,drift,,,,,"8.98%",8.980
1790445771.479,hud,turns,,,,,"✗ turns: 3/15",
1790445771.479,hud,calib_s,,,,,"✓ Buffer 6s",
1790445771.479,marker,gnss,52.37570000,-1.28675000,264.10,true,,
1790445771.480,marker,dr,52.37586338,-1.28532079,270.00,true,,
1790445771.480,marker,reconciled,0.00000000,0.00000000,0.00,false,,
1790445771.528,hud,speed,,,,,"15.0 / 13.1",15.020
1790445771.528,hud,heading,,,,,"90° / 96°",90.000
1790445771.529,hud,drift,,,,,"9.01%",9.010
1790445771.529,hud,turns,,,,,"✗ turns: 3/15",
1790445771.529,hud,calib_s,,,,,"✓ Buffer 6s",
1790445771.529,marker,gnss,52.37570000,-1.28675000,264.10,true,,
1790445771.529,marker,dr,52.37586314,-1.28529849,270.00,true,,
1790445771.530,marker,reconciled,0.00000000,0.00000000,0.00,false,,
1790445771.578,hud,speed,,,,,"15.1 / 13.1",15.060
1790445771.579,hud,heading,,,,,"90° / 96°",90.400
1790445771.579,hud,drift,,,,,"9.03%",9.030
1790445771.579,hud,turns,,,,,"✗ turns: 3/15",
1790445771.580,hud,calib_s,,,,,"✓ Buffer 6s",
1790445771.580,marker,gnss,52.37570000,-1.28675000,264.10,true,,
1790445771.581,marker,dr,52.37586294,-1.28527660,269.60,true,,
1790445771.581,marker,reconciled,0.00000000,0.00000000,0.00,false,,
1790445771.630,hud,speed,,,,,"15.2 / 13.1",15.210
1790445771.630,hud,heading,,,,,"90° / 96°",90.300
1790445771.631,hud,drift,,,,,"9.06%",9.060
1790445771.631,hud,turns,,,,,"✗ turns: 3/15",
1790445771.631,hud,calib_s,,,,,"✓ Buffer 6s",
1790445771.631,marker,gnss,52.37570000,-1.28675000,264.10,true,,
1790445771.632,marker,dr,52.37586272,-1.28525404,269.70,true,,
1790445771.632,marker,reconciled,0.00000000,0.00000000,0.00,false,,
1790445771.683,hud,speed,,,,,"15.3 / 13.1",15.280
1790445771.683,hud,heading,,,,,"90° / 96°",90.000
1790445771.684,hud,drift,,,,,"9.09%",9.090
1790445771.684,hud,turns,,,,,"✗ turns: 3/15",
1790445771.684,hud,calib_s,,,,,"✓ Buffer 6s",
1790445771.684,marker,gnss,52.37570000,-1.28675000,264.10,true,,
1790445771.685,marker,dr,52.37586253,-1.28523161,270.00,true,,
1790445771.685,marker,reconciled,0.00000000,0.00000000,0.00,false,,
1790445771.735,hud,speed,,,,,"15.3 / 13.1",15.330
1790445771.736,hud,heading,,,,,"90° / 96°",89.900
1790445771.736,hud,drift,,,,,"9.12%",9.120
1790445771.736,hud,turns,,,,,"✗ turns: 3/15",
1790445771.736,hud,calib_s,,,,,"✓ Buffer 6s",
1790445771.737,marker,gnss,52.37570000,-1.28675000,264.10,true,,
1790445771.737,marker,dr,52.37586233,-1.28520909,270.10,true,,
1790445771.737,marker,reconciled,0.00000000,0.00000000,0.00,false,,
1790445771.786,hud,speed,,,,,"15.2 / 13.1",15.220
1790445771.786,hud,heading,,,,,"89° / 96°",89.400
1790445771.787,hud,drift,,,,,"9.15%",9.150
1790445771.787,hud,turns,,,,,"✗ turns: 3/15",
1790445771.787,hud,calib_s,,,,,"✓ Buffer 6s",
1790445771.787,marker,gnss,52.37570000,-1.28675000,264.10,true,,
1790445771.788,marker,dr,52.37586216,-1.28518674,270.60,true,,
1790445771.788,marker,reconciled,0.00000000,0.00000000,0.00,false,,
1790445771.835,hud,speed,,,,,"15.4 / 13.1",15.420
1790445771.836,hud,heading,,,,,"89° / 96°",88.900
1790445771.836,hud,drift,,,,,"9.19%",9.190
1790445771.837,hud,turns,,,,,"✗ turns: 3/15",
1790445771.837,hud,calib_s,,,,,"✓ Buffer 6s",
1790445771.837,marker,gnss,52.37570000,-1.28675000,264.10,true,,
1790445771.838,marker,dr,52.37586200,-1.28516410,271.10,true,,
1790445771.838,marker,reconciled,0.00000000,0.00000000,0.00,false,,
1790445771.886,hud,speed,,,,,"15.5 / 13.1",15.470
1790445771.886,hud,heading,,,,,"89° / 96°",88.800
1790445771.887,hud,drift,,,,,"9.22%",9.220
1790445771.887,hud,turns,,,,,"✗ turns: 3/15",
1790445771.887,hud,calib_s,,,,,"✓ Buffer 6s",
1790445771.887,marker,gnss,52.37570000,-1.28675000,264.10,true,,
1790445771.888,marker,dr,52.37586181,-1.28514129,271.20,true,,
1790445771.888,marker,reconciled,0.00000000,0.00000000,0.00,false,,
1790445771.938,hud,speed,,,,,"15.6 / 13.1",15.600
1790445771.938,hud,heading,,,,,"89° / 96°",88.900
1790445771.939,hud,drift,,,,,"9.26%",9.260
1790445771.939,hud,turns,,,,,"✗ turns: 3/15",
1790445771.939,hud,calib_s,,,,,"✓ Buffer 6s",
1790445771.939,marker,gnss,52.37570000,-1.28675000,264.10,true,,
1790445771.940,marker,dr,52.37586165,-1.28511829,271.10,true,,
1790445771.940,marker,reconciled,0.00000000,0.00000000,0.00,false,,
1790445771.988,hud,speed,,,,,"15.8 / 13.1",15.790
1790445771.988,hud,heading,,,,,"89° / 96°",89.200
1790445771.989,hud,drift,,,,,"9.30%",9.300
1790445771.989,hud,turns,,,,,"✗ turns: 3/15",
1790445771.989,hud,calib_s,,,,,"✓ Buffer 6s",
1790445771.989,marker,gnss,52.37570000,-1.28675000,264.10,true,,
1790445771.989,marker,dr,52.37586152,-1.28509509,270.80,true,,
1790445771.990,marker,reconciled,0.00000000,0.00000000,0.00,false,,
1790445772.040,hud,speed,,,,,"15.9 / 13.1",15.930
1790445772.040,hud,heading,,,,,"89° / 96°",89.400
1790445772.040,hud,drift,,,,,"9.34%",9.340
1790445772.041,hud,turns,,,,,"✗ turns: 3/15",
1790445772.041,hud,calib_s,,,,,"✓ Buffer 6s",
1790445772.041,marker,gnss,52.37570000,-1.28675000,264.10,true,,
1790445772.041,marker,dr,52.37586142,-1.28507170,270.60,true,,
1790445772.042,marker,reconciled,0.00000000,0.00000000,0.00,false,,
1790445772.090,hud,speed,,,,,"16.0 / 13.1",16.020
1790445772.091,hud,heading,,,,,"89° / 96°",89.300
1790445772.091,hud,drift,,,,,"9.38%",9.380
1790445772.091,hud,turns,,,,,"✗ turns: 3/15",
1790445772.091,hud,calib_s,,,,,"✓ Buffer 6s",
1790445772.092,marker,gnss,52.37570000,-1.28675000,264.10,true,,
1790445772.092,marker,dr,52.37586137,-1.28504840,270.70,true,,
1790445772.093,marker,reconciled,0.00000000,0.00000000,0.00,false,,
1790445772.139,hud,speed,,,,,"16.2 / 13.1",16.160
1790445772.139,hud,heading,,,,,"89° / 96°",89.200
1790445772.139,hud,drift,,,,,"9.43%",9.430
1790445772.140,hud,turns,,,,,"✗ turns: 3/15",
1790445772.140,hud,calib_s,,,,,"✓ Buffer 6s",
1790445772.140,marker,gnss,52.37570000,-1.28675000,264.10,true,,
1790445772.140,marker,dr,52.37586129,-1.28502441,270.80,true,,
1790445772.141,marker,reconciled,0.00000000,0.00000000,0.00,false,,
1790445772.192,hud,speed,,,,,"16.3 / 13.1",16.300
1790445772.192,hud,heading,,,,,"89° / 96°",89.300
1790445772.192,hud,drift,,,,,"9.48%",9.480
1790445772.192,hud,turns,,,,,"✗ turns: 3/15",
1790445772.193,hud,calib_s,,,,,"✓ Buffer 6s",
1790445772.193,marker,gnss,52.37570000,-1.28675000,264.10,true,,
1790445772.193,marker,dr,52.37586121,-1.28500047,270.70,true,,
1790445772.194,marker,reconciled,0.00000000,0.00000000,0.00,false,,
1790445772.244,hud,speed,,,,,"16.4 / 13.1",16.390
1790445772.244,hud,heading,,,,,"89° / 96°",89.400
1790445772.245,hud,drift,,,,,"9.53%",9.530
1790445772.245,hud,turns,,,,,"✗ turns: 3/15",
1790445772.245,hud,calib_s,,,,,"✓ Buffer 6s",
1790445772.245,marker,gnss,52.37570000,-1.28675000,264.10,true,,
1790445772.246,marker,dr,52.37586116,-1.28497664,270.60,true,,
1790445772.246,marker,reconciled,0.00000000,0.00000000,0.00,false,,
1790445772.292,hud,speed,,,,,"16.5 / 13.1",16.450
1790445772.293,hud,heading,,,,,"90° / 96°",89.500
1790445772.293,hud,drift,,,,,"9.58%",9.580
1790445772.294,hud,turns,,,,,"✗ turns: 3/15",
1790445772.294,hud,calib_s,,,,,"✓ Buffer 6s",
1790445772.295,marker,gnss,52.37570000,-1.28675000,264.10,true,,
1790445772.295,marker,dr,52.37586113,-1.28495249,270.50,true,,
1790445772.296,marker,reconciled,0.00000000,0.00000000,0.00,false,,
1790445772.345,hud,speed,,,,,"16.5 / 13.1",16.530
1790445772.345,hud,heading,,,,,"89° / 96°",89.400
1790445772.345,hud,drift,,,,,"9.63%",9.630
1790445772.345,hud,turns,,,,,"✗ turns: 3/15",
1790445772.346,hud,calib_s,,,,,"✓ Buffer 6s",
1790445772.346,marker,gnss,52.37570000,-1.28675000,264.10,true,,
1790445772.347,marker,dr,52.37586109,-1.28492821,270.60,true,,
1790445772.347,marker,reconciled,0.00000000,0.00000000,0.00,false,,
1790445772.396,hud,speed,,,,,"16.5 / 13.1",16.490
1790445772.397,hud,heading,,,,,"89° / 96°",89.400
1790445772.397,hud,drift,,,,,"9.69%",9.690
1790445772.397,hud,turns,,,,,"✗ turns: 3/15",
1790445772.397,hud,calib_s,,,,,"✓ Buffer 6s",
1790445772.397,marker,gnss,52.37570000,-1.28675000,264.10,true,,
1790445772.398,marker,dr,52.37586106,-1.28490399,270.60,true,,
1790445772.398,marker,reconciled,0.00000000,0.00000000,0.00,false,,
1790445772.446,hud,speed,,,,,"16.5 / 13.1",16.510
1790445772.446,hud,heading,,,,,"89° / 96°",89.200
1790445772.446,hud,drift,,,,,"9.74%",9.740
1790445772.447,hud,turns,,,,,"✗ turns: 3/15",
1790445772.447,hud,calib_s,,,,,"✓ Buffer 6s",
1790445772.447,marker,gnss,52.37570000,-1.28675000,264.10,true,,
1790445772.448,marker,dr,52.37586107,-1.28487974,270.80,true,,
1790445772.448,marker,reconciled,0.00000000,0.00000000,0.00,false,,
1790445772.500,hud,speed,,,,,"16.5 / 13.1",16.540
1790445772.501,hud,heading,,,,,"89° / 96°",89.100
1790445772.501,hud,drift,,,,,"9.79%",9.790
1790445772.501,hud,turns,,,,,"✗ turns: 3/15",
1790445772.501,hud,calib_s,,,,,"✓ Buffer 6s",
1790445772.502,marker,gnss,52.37570000,-1.28675000,264.10,true,,
1790445772.503,marker,dr,52.37586109,-1.28485544,270.90,true,,
1790445772.503,marker,reconciled,0.00000000,0.00000000,0.00,false,,
1790445772.550,hud,speed,,,,,"16.5 / 13.1",16.540
1790445772.551,hud,heading,,,,,"89° / 96°",89.100
1790445772.551,hud,drift,,,,,"9.85%",9.850
1790445772.551,hud,turns,,,,,"✗ turns: 3/15",
1790445772.551,hud,calib_s,,,,,"✓ Buffer 6s",
1790445772.552,marker,gnss,52.37570000,-1.28675000,264.10,true,,
1790445772.552,marker,dr,52.37586111,-1.28483090,270.90,true,,
1790445772.552,marker,reconciled,0.00000000,0.00000000,0.00,false,,
1790445772.600,hud,speed,,,,,"16.5 / 13.1",16.450
1790445772.600,hud,heading,,,,,"89° / 96°",89.100
1790445772.600,hud,drift,,,,,"9.90%",9.900
1790445772.600,hud,turns,,,,,"✗ turns: 3/15",
1790445772.601,hud,calib_s,,,,,"✓ Buffer 6s",
1790445772.601,marker,gnss,52.37570000,-1.28675000,264.10,true,,
1790445772.601,marker,dr,52.37586113,-1.28480697,270.90,true,,
1790445772.602,marker,reconciled,0.00000000,0.00000000,0.00,false,,
1790445772.653,hud,speed,,,,,"16.4 / 13.1",16.410
1790445772.653,hud,heading,,,,,"89° / 96°",89.000
1790445772.654,hud,drift,,,,,"9.95%",9.950
1790445772.654,hud,turns,,,,,"✗ turns: 3/15",
1790445772.654,hud,calib_s,,,,,"✓ Buffer 6s",
1790445772.654,marker,gnss,52.37570000,-1.28675000,264.10,true,,
1790445772.655,marker,dr,52.37586117,-1.28478263,271.00,true,,
1790445772.655,marker,reconciled,0.00000000,0.00000000,0.00,false,,
1790445772.701,hud,speed,,,,,"16.3 / 13.1",16.320
1790445772.701,hud,heading,,,,,"89° / 96°",89.000
1790445772.702,hud,drift,,,,,"10.00%",10.000
1790445772.702,hud,turns,,,,,"✗ turns: 3/15",
1790445772.702,hud,calib_s,,,,,"✓ Buffer 6s",
1790445772.703,marker,gnss,52.37570000,-1.28675000,264.10,true,,
1790445772.703,marker,dr,52.37586121,-1.28475889,271.00,true,,
1790445772.703,marker,reconciled,0.00000000,0.00000000,0.00,false,,
1790445772.755,hud,speed,,,,,"16.2 / 13.1",16.230
1790445772.756,hud,heading,,,,,"89° / 96°",89.100
1790445772.756,hud,drift,,,,,"10.05%",10.050
1790445772.756,hud,turns,,,,,"✗ turns: 3/15",
1790445772.756,hud,calib_s,,,,,"✓ Buffer 6s",
1790445772.757,marker,gnss,52.37570000,-1.28675000,264.10,true,,
1790445772.757,marker,dr,52.37586129,-1.28473506,270.90,true,,
1790445772.757,marker,reconciled,0.00000000,0.00000000,0.00,false,,
1790445772.805,hud,speed,,,,,"16.1 / 13.1",16.140
1790445772.805,hud,heading,,,,,"89° / 96°",89.000
1790445772.806,hud,drift,,,,,"10.10%",10.100
1790445772.806,hud,turns,,,,,"✗ turns: 3/15",
1790445772.807,hud,calib_s,,,,,"✓ Buffer 6s",
1790445772.807,marker,gnss,52.37570000,-1.28675000,264.10,true,,
1790445772.808,marker,dr,52.37586136,-1.28471111,271.00,true,,
1790445772.808,marker,reconciled,0.00000000,0.00000000,0.00,false,,
1790445772.855,hud,speed,,,,,"16.0 / 13.1",16.030
1790445772.855,hud,heading,,,,,"89° / 96°",89.000
1790445772.856,hud,drift,,,,,"10.14%",10.140
1790445772.856,hud,turns,,,,,"✗ turns: 3/15",
1790445772.856,hud,calib_s,,,,,"✓ Buffer 6s",
1790445772.856,marker,gnss,52.37570000,-1.28675000,264.10,true,,
1790445772.857,marker,dr,52.37586143,-1.28468781,271.00,true,,
1790445772.857,marker,reconciled,0.00000000,0.00000000,0.00,false,,
1790445772.909,hud,speed,,,,,"15.9 / 13.1",15.900
1790445772.909,hud,heading,,,,,"89° / 96°",88.900
1790445772.910,hud,drift,,,,,"10.19%",10.190
1790445772.910,hud,turns,,,,,"✗ turns: 3/15",
1790445772.910,hud,calib_s,,,,,"✓ Buffer 6s",
1790445772.911,marker,gnss,52.37570000,-1.28675000,264.10,true,,
1790445772.911,marker,dr,52.37586156,-1.28466446,271.10,true,,
1790445772.912,marker,reconciled,0.00000000,0.00000000,0.00,false,,
1790445772.954,hud,speed,,,,,"15.8 / 13.1",15.750
1790445772.954,hud,heading,,,,,"89° / 96°",88.800
1790445772.954,hud,drift,,,,,"10.23%",10.230
1790445772.955,hud,turns,,,,,"✗ turns: 3/15",
1790445772.955,hud,calib_s,,,,,"✓ Buffer 6s",
1790445772.956,marker,gnss,52.37570000,-1.28675000,264.10,true,,
1790445772.956,marker,dr,52.37586169,-1.28464132,271.20,true,,
1790445772.956,marker,reconciled,0.00000000,0.00000000,0.00,false,,
1790445773.011,hud,speed,,,,,"15.6 / 12.6",15.620
1790445773.011,hud,heading,,,,,"89° / 99°",88.900
1790445773.011,hud,drift,,,,,"12.11%",12.110
1790445773.012,hud,turns,,,,,"✗ turns: 3/15",
1790445773.012,hud,calib_s,,,,,"✓ Buffer 6s",
1790445773.012,marker,gnss,52.37560000,-1.28522000,261.20,true,,
1790445773.012,marker,dr,52.37586180,-1.28461838,271.10,true,,
1790445773.013,marker,reconciled,0.00000000,0.00000000,0.00,false,,
1790445773.061,hud,speed,,,,,"15.5 / 12.6",15.500
1790445773.061,hud,heading,,,,,"89° / 99°",88.900
1790445773.061,hud,drift,,,,,"12.16%",12.160
1790445773.062,hud,turns,,,,,"✗ turns: 3/15",
1790445773.062,hud,calib_s,,,,,"✓ Buffer 6s",
1790445773.062,marker,gnss,52.37560000,-1.28522000,261.20,true,,
1790445773.063,marker,dr,52.37586183,-1.28459538,271.10,true,,
1790445773.063,marker,reconciled,0.00000000,0.00000000,0.00,false,,
1790445773.114,hud,speed,,,,,"15.4 / 12.6",15.380
1790445773.114,hud,heading,,,,,"89° / 99°",89.100
1790445773.115,hud,drift,,,,,"12.21%",12.210
1790445773.115,hud,turns,,,,,"✗ turns: 3/15",
1790445773.115,hud,calib_s,,,,,"✓ Buffer 6s",
1790445773.115,marker,gnss,52.37560000,-1.28522000,261.20,true,,
1790445773.116,marker,dr,52.37586185,-1.28457280,270.90,true,,
1790445773.116,marker,reconciled,0.00000000,0.00000000,0.00,false,,
1790445773.162,hud,speed,,,,,"15.3 / 12.6",15.310
1790445773.162,hud,heading,,,,,"90° / 99°",89.500
1790445773.162,hud,drift,,,,,"12.25%",12.250
1790445773.163,hud,turns,,,,,"✗ turns: 3/15",
1790445773.163,hud,calib_s,,,,,"✓ Buffer 6s",
1790445773.163,marker,gnss,52.37560000,-1.28522000,261.20,true,,
1790445773.164,marker,dr,52.37586192,-1.28455055,270.50,true,,
1790445773.164,marker,reconciled,0.00000000,0.00000000,0.00,false,,
1790445773.213,hud,speed,,,,,"15.3 / 12.6",15.280
1790445773.213,hud,heading,,,,,"90° / 99°",89.800
1790445773.213,hud,drift,,,,,"12.30%",12.300
1790445773.214,hud,turns,,,,,"✗ turns: 3/15",
1790445773.214,hud,calib_s,,,,,"✓ Buffer 6s",
1790445773.215,marker,gnss,52.37560000,-1.28522000,261.20,true,,
1790445773.215,marker,dr,52.37586199,-1.28452789,270.20,true,,
1790445773.216,marker,reconciled,0.00000000,0.00000000,0.00,false,,
1790445773.265,hud,speed,,,,,"15.3 / 12.6",15.260
1790445773.265,hud,heading,,,,,"90° / 99°",89.700
1790445773.265,hud,drift,,,,,"12.34%",12.340
1790445773.266,hud,turns,,,,,"✗ turns: 3/15",
1790445773.266,hud,calib_s,,,,,"✓ Buffer 6s",
1790445773.266,marker,gnss,52.37560000,-1.28522000,261.20,true,,
1790445773.267,marker,dr,52.37586205,-1.28450570,270.30,true,,
1790445773.267,marker,reconciled,0.00000000,0.00000000,0.00,false,,
1790445773.315,hud,speed,,,,,"15.3 / 12.6",15.260
1790445773.316,hud,heading,,,,,"89° / 99°",89.400
1790445773.316,hud,drift,,,,,"12.39%",12.390
1790445773.316,hud,turns,,,,,"✗ turns: 3/15",
1790445773.316,hud,calib_s,,,,,"✓ Buffer 6s",
1790445773.317,marker,gnss,52.37560000,-1.28522000,261.20,true,,
1790445773.317,marker,dr,52.37586215,-1.28448330,270.60,true,,
1790445773.317,marker,reconciled,0.00000000,0.00000000,0.00,false,,
1790445773.367,hud,speed,,,,,"15.2 / 12.6",15.230
1790445773.367,hud,heading,,,,,"89° / 99°",89.400
1790445773.368,hud,drift,,,,,"12.43%",12.430
1790445773.368,hud,turns,,,,,"✗ turns: 3/15",
1790445773.368,hud,calib_s,,,,,"✓ Buffer 6s",
1790445773.368,marker,gnss,52.37560000,-1.28522000,261.20,true,,
1790445773.369,marker,dr,52.37586222,-1.28446095,270.60,true,,
1790445773.369,marker,reconciled,0.00000000,0.00000000,0.00,false,,
1790445773.420,hud,speed,,,,,"15.3 / 12.6",15.270
1790445773.420,hud,heading,,,,,"89° / 99°",89.400
1790445773.421,hud,drift,,,,,"12.48%",12.480
1790445773.421,hud,turns,,,,,"✗ turns: 3/15",
1790445773.421,hud,calib_s,,,,,"✓ Buffer 6s",
1790445773.422,marker,gnss,52.37560000,-1.28522000,261.20,true,,
1790445773.422,marker,dr,52.37586222,-1.28443853,270.60,true,,
1790445773.423,marker,reconciled,0.00000000,0.00000000,0.00,false,,
1790445773.468,hud,speed,,,,,"15.3 / 12.6",15.340
1790445773.468,hud,heading,,,,,"90° / 99°",89.500
1790445773.468,hud,drift,,,,,"12.52%",12.520
1790445773.469,hud,turns,,,,,"✗ turns: 3/15",
1790445773.469,hud,calib_s,,,,,"✓ Buffer 6s",
1790445773.469,marker,gnss,52.37560000,-1.28522000,261.20,true,,
1790445773.469,marker,dr,52.37586217,-1.28441601,270.50,true,,
1790445773.470,marker,reconciled,0.00000000,0.00000000,0.00,false,,
1790445773.523,hud,speed,,,,,"15.4 / 12.6",15.380
1790445773.523,hud,heading,,,,,"90° / 99°",89.600
1790445773.523,hud,drift,,,,,"12.56%",12.560
1790445773.524,hud,turns,,,,,"✗ turns: 3/15",
1790445773.524,hud,calib_s,,,,,"✓ Buffer 6s",
1790445773.524,marker,gnss,52.37560000,-1.28522000,261.20,true,,
1790445773.524,marker,dr,52.37586211,-1.28439344,270.40,true,,
1790445773.525,marker,reconciled,0.00000000,0.00000000,0.00,false,,
1790445773.571,hud,speed,,,,,"15.3 / 12.6",15.330
1790445773.571,hud,heading,,,,,"90° / 99°",89.600
1790445773.572,hud,drift,,,,,"12.61%",12.610
1790445773.572,hud,turns,,,,,"✗ turns: 3/15",
1790445773.572,hud,calib_s,,,,,"✓ Buffer 6s",
1790445773.572,marker,gnss,52.37560000,-1.28522000,261.20,true,,
1790445773.573,marker,dr,52.37586206,-1.28437072,270.40,true,,
1790445773.573,marker,reconciled,0.00000000,0.00000000,0.00,false,,
1790445773.621,hud,speed,,,,,"15.4 / 12.6",15.370
1790445773.622,hud,heading,,,,,"90° / 99°",89.800
1790445773.622,hud,drift,,,,,"12.65%",12.650
1790445773.622,hud,turns,,,,,"✗ turns: 3/15",
1790445773.623,hud,calib_s,,,,,"✓ Buffer 6s",
1790445773.623,marker,gnss,52.37560000,-1.28522000,261.20,true,,
1790445773.623,marker,dr,52.37586197,-1.28434838,270.20,true,,
1790445773.623,marker,reconciled,0.00000000,0.00000000,0.00,false,,
1790445773.672,hud,speed,,,,,"15.4 / 12.6",15.430
1790445773.672,hud,heading,,,,,"90° / 99°",89.800
1790445773.672,hud,drift,,,,,"12.69%",12.690
1790445773.672,hud,turns,,,,,"✗ turns: 3/15",
1790445773.673,hud,calib_s,,,,,"✓ Buffer 6s",
1790445773.673,marker,gnss,52.37560000,-1.28522000,261.20,true,,
1790445773.673,marker,dr,52.37586186,-1.28432551,270.20,true,,
1790445773.674,marker,reconciled,0.00000000,0.00000000,0.00,false,,
1790445773.724,hud,speed,,,,,"15.4 / 12.6",15.440
1790445773.724,hud,heading,,,,,"90° / 99°",89.800
1790445773.724,hud,drift,,,,,"12.74%",12.740
1790445773.724,hud,turns,,,,,"✗ turns: 3/15",
1790445773.725,hud,calib_s,,,,,"✓ Buffer 6s",
1790445773.725,marker,gnss,52.37560000,-1.28522000,261.20,true,,
1790445773.725,marker,dr,52.37586172,-1.28430286,270.20,true,,
1790445773.726,marker,reconciled,0.00000000,0.00000000,0.00,false,,
1790445773.778,hud,speed,,,,,"15.4 / 12.6",15.390
1790445773.778,hud,heading,,,,,"90° / 99°",90.000
1790445773.779,hud,drift,,,,,"12.78%",12.780
1790445773.779,hud,turns,,,,,"✗ turns: 3/15",
1790445773.779,hud,calib_s,,,,,"✓ Buffer 6s",
1790445773.779,marker,gnss,52.37560000,-1.28522000,261.20,true,,
1790445773.780,marker,dr,52.37586164,-1.28428049,270.00,true,,
1790445773.780,marker,reconciled,0.00000000,0.00000000,0.00,false,,
1790445773.823,hud,speed,,,,,"15.5 / 12.6",15.460
1790445773.824,hud,heading,,,,,"90° / 99°",90.300
1790445773.824,hud,drift,,,,,"12.82%",12.820
1790445773.824,hud,turns,,,,,"✗ turns: 3/15",
1790445773.824,hud,calib_s,,,,,"✓ Buffer 6s",
1790445773.824,marker,gnss,52.37560000,-1.28522000,261.20,true,,
1790445773.825,marker,dr,52.37586155,-1.28425780,269.70,true,,
1790445773.825,marker,reconciled,0.00000000,0.00000000,0.00,false,,
1790445773.877,hud,speed,,,,,"15.5 / 12.6",15.510
1790445773.877,hud,heading,,,,,"91° / 99°",90.700
1790445773.877,hud,drift,,,,,"12.87%",12.870
1790445773.877,hud,turns,,,,,"✗ turns: 3/15",
1790445773.877,hud,calib_s,,,,,"✓ Buffer 6s",
1790445773.878,marker,gnss,52.37560000,-1.28522000,261.20,true,,
1790445773.878,marker,dr,52.37586140,-1.28423503,269.30,true,,
1790445773.879,marker,reconciled,0.00000000,0.00000000,0.00,false,,
1790445773.926,hud,speed,,,,,"15.5 / 12.6",15.540
1790445773.927,hud,heading,,,,,"91° / 99°",91.200
1790445773.927,hud,drift,,,,,"12.91%",12.910
1790445773.927,hud,turns,,,,,"✗ turns: 3/15",
1790445773.927,hud,calib_s,,,,,"✓ Buffer 6s",
1790445773.928,marker,gnss,52.37560000,-1.28522000,261.20,true,,
1790445773.928,marker,dr,52.37586123,-1.28421221,268.80,true,,
1790445773.929,marker,reconciled,0.00000000,0.00000000,0.00,false,,
1790445773.981,hud,speed,,,,,"15.6 / 12.6",15.580
1790445773.982,hud,heading,,,,,"92° / 99°",91.500
1790445773.982,hud,drift,,,,,"12.95%",12.950
1790445773.982,hud,turns,,,,,"✗ turns: 3/15",
1790445773.983,hud,calib_s,,,,,"✓ Buffer 6s",
1790445773.983,marker,gnss,52.37560000,-1.28522000,261.20,true,,
1790445773.983,marker,dr,52.37586104,-1.28418931,268.50,true,,
1790445773.984,marker,reconciled,0.00000000,0.00000000,0.00,false,,
1790445774.032,hud,speed,,,,,"15.6 / 12.6",15.620
1790445774.033,hud,heading,,,,,"92° / 99°",92.000
1790445774.033,hud,drift,,,,,"13.00%",13.000
1790445774.033,hud,turns,,,,,"✗ turns: 3/15",
1790445774.033,hud,calib_s,,,,,"✓ Buffer 6s",
1790445774.034,marker,gnss,52.37560000,-1.28522000,261.20,true,,
1790445774.035,marker,dr,52.37586078,-1.28416636,268.00,true,,
1790445774.035,marker,reconciled,0.00000000,0.00000000,0.00,false,,
1790445774.079,hud,speed,,,,,"15.7 / 12.6",15.670
1790445774.080,hud,heading,,,,,"92° / 99°",92.100
1790445774.080,hud,drift,,,,,"13.04%",13.040
1790445774.081,hud,turns,,,,,"✗ turns: 3/15",
1790445774.081,hud,calib_s,,,,,"✓ Buffer 6s",
1790445774.081,marker,gnss,52.37560000,-1.28522000,261.20,true,,
1790445774.082,marker,dr,52.37586051,-1.28414304,267.90,true,,
1790445774.082,marker,reconciled,0.00000000,0.00000000,0.00,false,,
1790445774.133,hud,speed,,,,,"15.7 / 12.6",15.720
1790445774.134,hud,heading,,,,,"92° / 99°",91.800
1790445774.134,hud,drift,,,,,"13.09%",13.090
1790445774.135,hud,turns,,,,,"✗ turns: 3/15",
1790445774.135,hud,calib_s,,,,,"✓ Buffer 6s",
1790445774.135,marker,gnss,52.37560000,-1.28522000,261.20,true,,
1790445774.136,marker,dr,52.37586023,-1.28412017,268.20,true,,
1790445774.136,marker,reconciled,0.00000000,0.00000000,0.00,false,,
1790445774.184,hud,speed,,,,,"15.7 / 12.6",15.730
1790445774.184,hud,heading,,,,,"92° / 99°",91.800
1790445774.185,hud,drift,,,,,"13.13%",13.130
1790445774.185,hud,turns,,,,,"✗ turns: 3/15",
1790445774.185,hud,calib_s,,,,,"✓ Buffer 6s",
1790445774.185,marker,gnss,52.37560000,-1.28522000,261.20,true,,
1790445774.188,marker,dr,52.37585998,-1.28409700,268.20,true,,
1790445774.188,marker,reconciled,0.00000000,0.00000000,0.00,false,,
1790445774.234,hud,speed,,,,,"15.9 / 12.6",15.860
1790445774.235,hud,heading,,,,,"92° / 99°",91.900
1790445774.235,hud,drift,,,,,"13.18%",13.180
1790445774.235,hud,turns,,,,,"✗ turns: 3/15",
1790445774.236,hud,calib_s,,,,,"✓ Buffer 6s",
1790445774.236,marker,gnss,52.37560000,-1.28522000,261.20,true,,
1790445774.237,marker,dr,52.37585966,-1.28407344,268.10,true,,
1790445774.237,marker,reconciled,0.00000000,0.00000000,0.00,false,,
1790445774.288,hud,speed,,,,,"16.0 / 12.6",16.000
1790445774.289,hud,heading,,,,,"92° / 99°",91.900
1790445774.289,hud,drift,,,,,"13.23%",13.230
1790445774.289,hud,turns,,,,,"✗ turns: 3/15",
1790445774.290,hud,calib_s,,,,,"✓ Buffer 6s",
1790445774.291,marker,gnss,52.37560000,-1.28522000,261.20,true,,
1790445774.291,marker,dr,52.37585930,-1.28405015,268.10,true,,
1790445774.292,marker,reconciled,0.00000000,0.00000000,0.00,false,,
1790445774.337,hud,speed,,,,,"16.1 / 12.6",16.080
1790445774.337,hud,heading,,,,,"92° / 99°",92.000
1790445774.337,hud,drift,,,,,"13.27%",13.270
1790445774.338,hud,turns,,,,,"✗ turns: 3/15",
1790445774.338,hud,calib_s,,,,,"✓ Buffer 6s",
1790445774.338,marker,gnss,52.37560000,-1.28522000,261.20,true,,
1790445774.339,marker,dr,52.37585891,-1.28402652,268.00,true,,
1790445774.339,marker,reconciled,0.00000000,0.00000000,0.00,false,,
1790445774.387,hud,speed,,,,,"15.9 / 12.6",15.920
1790445774.387,hud,heading,,,,,"92° / 99°",91.900
1790445774.387,hud,drift,,,,,"13.32%",13.320
1790445774.388,hud,turns,,,,,"✗ turns: 3/15",
1790445774.388,hud,calib_s,,,,,"✓ Buffer 6s",
1790445774.388,marker,gnss,52.37560000,-1.28522000,261.20,true,,
1790445774.389,marker,dr,52.37585854,-1.28400313,268.10,true,,
1790445774.389,marker,reconciled,0.00000000,0.00000000,0.00,false,,
1790445774.439,hud,speed,,,,,"16.0 / 12.6",16.010
1790445774.440,hud,heading,,,,,"92° / 99°",92.000
1790445774.440,hud,drift,,,,,"13.37%",13.370
1790445774.440,hud,turns,,,,,"✗ turns: 3/15",
1790445774.440,hud,calib_s,,,,,"✓ Buffer 6s",
1790445774.441,marker,gnss,52.37560000,-1.28522000,261.20,true,,
1790445774.441,marker,dr,52.37585819,-1.28397960,268.00,true,,
1790445774.442,marker,reconciled,0.00000000,0.00000000,0.00,false,,
1790445774.487,hud,speed,,,,,"16.2 / 12.6",16.180
1790445774.487,hud,heading,,,,,"92° / 99°",92.100
1790445774.487,hud,drift,,,,,"13.42%",13.420
1790445774.488,hud,turns,,,,,"✗ turns: 3/15",
1790445774.488,hud,calib_s,,,,,"✓ Buffer 6s",
1790445774.488,marker,gnss,52.37560000,-1.28522000,261.20,true,,
1790445774.488,marker,dr,52.37585786,-1.28395582,267.90,true,,
1790445774.489,marker,reconciled,0.00000000,0.00000000,0.00,false,,
1790445774.540,hud,speed,,,,,"16.4 / 12.6",16.380
1790445774.540,hud,heading,,,,,"92° / 99°",91.900
1790445774.540,hud,drift,,,,,"13.47%",13.470
1790445774.541,hud,turns,,,,,"✗ turns: 3/15",
1790445774.541,hud,calib_s,,,,,"✓ Buffer 6s",
1790445774.541,marker,gnss,52.37560000,-1.28522000,261.20,true,,
1790445774.541,marker,dr,52.37585749,-1.28393177,268.10,true,,
1790445774.542,marker,reconciled,0.00000000,0.00000000,0.00,false,,
1790445774.592,hud,speed,,,,,"16.5 / 12.6",16.490
1790445774.592,hud,heading,,,,,"92° / 99°",91.600
1790445774.593,hud,drift,,,,,"13.53%",13.530
1790445774.593,hud,turns,,,,,"✗ turns: 3/15",
1790445774.593,hud,calib_s,,,,,"✓ Buffer 6s",
1790445774.593,marker,gnss,52.37560000,-1.28522000,261.20,true,,
1790445774.594,marker,dr,52.37585715,-1.28390732,268.40,true,,
1790445774.594,marker,reconciled,0.00000000,0.00000000,0.00,false,,
1790445774.645,hud,speed,,,,,"16.6 / 12.6",16.620
1790445774.645,hud,heading,,,,,"92° / 99°",91.700
1790445774.645,hud,drift,,,,,"13.58%",13.580
1790445774.646,hud,turns,,,,,"✗ turns: 3/15",
1790445774.646,hud,calib_s,,,,,"✓ Buffer 6s",
1790445774.647,marker,gnss,52.37560000,-1.28522000,261.20,true,,
1790445774.647,marker,dr,52.37585680,-1.28388316,268.30,true,,
1790445774.647,marker,reconciled,0.00000000,0.00000000,0.00,false,,
1790445774.693,hud,speed,,,,,"16.6 / 12.6",16.630
1790445774.693,hud,heading,,,,,"92° / 99°",91.600
1790445774.693,hud,drift,,,,,"13.64%",13.640
1790445774.693,hud,turns,,,,,"✗ turns: 3/15",
1790445774.694,hud,calib_s,,,,,"✓ Buffer 6s",
1790445774.694,marker,gnss,52.37560000,-1.28522000,261.20,true,,
1790445774.695,marker,dr,52.37585646,-1.28385875,268.40,true,,
1790445774.695,marker,reconciled,0.00000000,0.00000000,0.00,false,,
1790445774.744,hud,speed,,,,,"16.8 / 12.6",16.800
1790445774.744,hud,heading,,,,,"92° / 99°",91.800
1790445774.745,hud,drift,,,,,"13.70%",13.700
1790445774.745,hud,turns,,,,,"✗ turns: 3/15",
1790445774.745,hud,calib_s,,,,,"✓ Buffer 6s",
1790445774.746,marker,gnss,52.37560000,-1.28522000,261.20,true,,
1790445774.746,marker,dr,52.37585611,-1.28383408,268.20,true,,
1790445774.747,marker,reconciled,0.00000000,0.00000000,0.00,false,,
1790445774.795,hud,speed,,,,,"16.9 / 12.6",16.920
1790445774.795,hud,heading,,,,,"92° / 99°",91.800
1790445774.796,hud,drift,,,,,"13.76%",13.760
1790445774.796,hud,turns,,,,,"✗ turns: 3/15",
1790445774.796,hud,calib_s,,,,,"✓ Buffer 6s",
1790445774.796,marker,gnss,52.37560000,-1.28522000,261.20,true,,
1790445774.797,marker,dr,52.37585587,-1.28380923,268.20,true,,
1790445774.797,marker,reconciled,0.00000000,0.00000000,0.00,false,,
1790445774.845,hud,speed,,,,,"17.1 / 12.6",17.060
1790445774.846,hud,heading,,,,,"92° / 99°",91.700
1790445774.846,hud,drift,,,,,"13.83%",13.830
1790445774.847,hud,turns,,,,,"✗ turns: 3/15",
1790445774.847,hud,calib_s,,,,,"✓ Buffer 6s",
1790445774.847,marker,gnss,52.37560000,-1.28522000,261.20,true,,
1790445774.848,marker,dr,52.37585560,-1.28378418,268.30,true,,
1790445774.848,marker,reconciled,0.00000000,0.00000000,0.00,false,,
1790445774.896,hud,speed,,,,,"17.2 / 12.6",17.210
1790445774.896,hud,heading,,,,,"92° / 99°",91.700
1790445774.896,hud,drift,,,,,"13.90%",13.900
1790445774.897,hud,turns,,,,,"✗ turns: 3/15",
1790445774.897,hud,calib_s,,,,,"✓ Buffer 6s",
1790445774.897,marker,gnss,52.37560000,-1.28522000,261.20,true,,
1790445774.897,marker,dr,52.37585533,-1.28375891,268.30,true,,
1790445774.898,marker,reconciled,0.00000000,0.00000000,0.00,false,,
1790445774.947,hud,speed,,,,,"17.3 / 12.6",17.340
1790445774.948,hud,heading,,,,,"92° / 99°",91.500
1790445774.948,hud,drift,,,,,"13.96%",13.960
1790445774.949,hud,turns,,,,,"✗ turns: 3/15",
1790445774.949,hud,calib_s,,,,,"✓ Buffer 6s",
1790445774.949,marker,gnss,52.37560000,-1.28522000,261.20,true,,
1790445774.949,marker,dr,52.37585506,-1.28373344,268.50,true,,
1790445774.950,marker,reconciled,0.00000000,0.00000000,0.00,false,,
1790445775.001,hud,speed,,,,,"17.3 / 12.6",17.340
1790445775.001,hud,heading,,,,,"92° / 99°",91.500
1790445775.002,hud,drift,,,,,"14.04%",14.040
1790445775.002,hud,turns,,,,,"✗ turns: 3/15",
1790445775.002,hud,calib_s,,,,,"✓ Buffer 6s",
1790445775.003,marker,gnss,52.37560000,-1.28522000,261.20,true,,
1790445775.003,marker,dr,52.37585478,-1.28370596,268.50,true,,
1790445775.004,marker,reconciled,0.00000000,0.00000000,0.00,false,,
1790445775.052,hud,speed,,,,,"17.5 / 12.6",17.510
1790445775.052,hud,heading,,,,,"92° / 99°",91.600
1790445775.053,hud,drift,,,,,"14.11%",14.110
1790445775.053,hud,turns,,,,,"✗ turns: 3/15",
1790445775.053,hud,calib_s,,,,,"✓ Buffer 6s",
1790445775.054,marker,gnss,52.37560000,-1.28522000,261.20,true,,
1790445775.054,marker,dr,52.37585455,-1.28368231,268.40,true,,
1790445775.055,marker,reconciled,0.00000000,0.00000000,0.00,false,,
1790445775.100,hud,speed,,,,,"17.6 / 12.6",17.640
1790445775.101,hud,heading,,,,,"92° / 99°",91.500
1790445775.101,hud,drift,,,,,"14.18%",14.180
1790445775.101,hud,turns,,,,,"✗ turns: 3/15",
1790445775.101,hud,calib_s,,,,,"✓ Buffer 6s",
1790445775.101,marker,gnss,52.37560000,-1.28522000,261.20,true,,
1790445775.102,marker,dr,52.37585431,-1.28365615,268.50,true,,
1790445775.102,marker,reconciled,0.00000000,0.00000000,0.00,false,,
1790445775.152,hud,speed,,,,,"17.8 / 12.6",17.780
1790445775.153,hud,heading,,,,,"91° / 99°",91.400
1790445775.153,hud,drift,,,,,"14.26%",14.260
1790445775.153,hud,turns,,,,,"✗ turns: 3/15",
1790445775.154,hud,calib_s,,,,,"✓ Buffer 6s",
1790445775.154,marker,gnss,52.37560000,-1.28522000,261.20,true,,
1790445775.155,marker,dr,52.37585406,-1.28363031,268.60,true,,
1790445775.155,marker,reconciled,0.00000000,0.00000000,0.00,false,,
1790445775.204,hud,speed,,,,,"17.9 / 12.6",17.910
1790445775.205,hud,heading,,,,,"91° / 99°",91.400
1790445775.205,hud,drift,,,,,"14.33%",14.330
1790445775.205,hud,turns,,,,,"✗ turns: 3/15",
1790445775.206,hud,calib_s,,,,,"✓ Buffer 6s",
1790445775.206,marker,gnss,52.37560000,-1.28522000,261.20,true,,
1790445775.207,marker,dr,52.37585381,-1.28360376,268.60,true,,
1790445775.207,marker,reconciled,0.00000000,0.00000000,0.00,false,,
1790445775.254,hud,speed,,,,,"17.9 / 12.6",17.890
1790445775.254,hud,heading,,,,,"91° / 99°",91.400
1790445775.254,hud,drift,,,,,"14.41%",14.410
1790445775.255,hud,turns,,,,,"✗ turns: 3/15",
1790445775.255,hud,calib_s,,,,,"✓ Buffer 6s",
1790445775.255,marker,gnss,52.37560000,-1.28522000,261.20,true,,
1790445775.256,marker,dr,52.37585356,-1.28357777,268.60,true,,
1790445775.256,marker,reconciled,0.00000000,0.00000000,0.00,false,,
1790445775.308,hud,speed,,,,,"18.0 / 12.6",18.010
1790445775.308,hud,heading,,,,,"91° / 99°",91.400
1790445775.309,hud,drift,,,,,"14.49%",14.490
1790445775.309,hud,turns,,,,,"✗ turns: 3/15",
1790445775.309,hud,calib_s,,,,,"✓ Buffer 6s",
1790445775.309,marker,gnss,52.37560000,-1.28522000,261.20,true,,
1790445775.310,marker,dr,52.37585329,-1.28355106,268.60,true,,
1790445775.310,marker,reconciled,0.00000000,0.00000000,0.00,false,,
1790445775.357,hud,speed,,,,,"18.0 / 12.6",18.020
1790445775.357,hud,heading,,,,,"92° / 99°",91.500
1790445775.358,hud,drift,,,,,"14.57%",14.570
1790445775.358,hud,turns,,,,,"✗ turns: 3/15",
1790445775.359,hud,calib_s,,,,,"✓ Buffer 6s",
1790445775.359,marker,gnss,52.37560000,-1.28522000,261.20,true,,
1790445775.360,marker,dr,52.37585301,-1.28352461,268.50,true,,
1790445775.360,marker,reconciled,0.00000000,0.00000000,0.00,false,,
1790445775.407,hud,speed,,,,,"18.0 / 12.6",18.010
1790445775.407,hud,heading,,,,,"92° / 99°",91.600
1790445775.407,hud,drift,,,,,"14.65%",14.650
1790445775.408,hud,turns,,,,,"✗ turns: 3/15",
1790445775.408,hud,calib_s,,,,,"✓ Buffer 6s",
1790445775.408,marker,gnss,52.37560000,-1.28522000,261.20,true,,
1790445775.408,marker,dr,52.37585278,-1.28349843,268.40,true,,
1790445775.409,marker,reconciled,0.00000000,0.00000000,0.00,false,,
1790445775.460,hud,speed,,,,,"18.0 / 12.6",18.040
1790445775.460,hud,heading,,,,,"92° / 99°",91.700
1790445775.460,hud,drift,,,,,"14.73%",14.730
1790445775.461,hud,turns,,,,,"✗ turns: 3/15",
1790445775.461,hud,calib_s,,,,,"✓ Buffer 6s",
1790445775.461,marker,gnss,52.37560000,-1.28522000,261.20,true,,
1790445775.462,marker,dr,52.37585261,-1.28347166,268.30,true,,
1790445775.462,marker,reconciled,0.00000000,0.00000000,0.00,false,,
1790445775.509,hud,speed,,,,,"18.1 / 12.6",18.070
1790445775.509,hud,heading,,,,,"92° / 99°",91.600
1790445775.510,hud,drift,,,,,"14.81%",14.810
1790445775.510,hud,turns,,,,,"✗ turns: 3/15",
1790445775.510,hud,calib_s,,,,,"✓ Buffer 6s",
1790445775.510,marker,gnss,52.37560000,-1.28522000,261.20,true,,
1790445775.511,marker,dr,52.37585238,-1.28344512,268.40,true,,
1790445775.511,marker,reconciled,0.00000000,0.00000000,0.00,false,,
1790445775.560,hud,speed,,,,,"18.0 / 12.6",17.970
1790445775.561,hud,heading,,,,,"91° / 99°",91.400
1790445775.561,hud,drift,,,,,"14.88%",14.880
1790445775.561,hud,turns,,,,,"✗ turns: 3/15",
1790445775.561,hud,calib_s,,,,,"✓ Buffer 6s",
1790445775.562,marker,gnss,52.37560000,-1.28522000,261.20,true,,
1790445775.562,marker,dr,52.37585217,-1.28341873,268.60,true,,
1790445775.563,marker,reconciled,0.00000000,0.00000000,0.00,false,,
1790445775.610,hud,speed,,,,,"17.9 / 12.6",17.860
1790445775.611,hud,heading,,,,,"92° / 99°",91.500
1790445775.611,hud,drift,,,,,"14.96%",14.960
1790445775.611,hud,turns,,,,,"✗ turns: 3/15",
1790445775.611,hud,calib_s,,,,,"✓ Buffer 6s",
1790445775.612,marker,gnss,52.37560000,-1.28522000,261.20,true,,
1790445775.612,marker,dr,52.37585199,-1.28339278,268.50,true,,
1790445775.612,marker,reconciled,0.00000000,0.00000000,0.00,false,,
1790445775.662,hud,speed,,,,,"17.7 / 12.6",17.710
1790445775.663,hud,heading,,,,,"92° / 99°",91.700
1790445775.663,hud,drift,,,,,"15.03%",15.030
1790445775.663,hud,turns,,,,,"✗ turns: 3/15",
1790445775.663,hud,calib_s,,,,,"✓ Buffer 6s",
1790445775.664,marker,gnss,52.37560000,-1.28522000,261.20,true,,
1790445775.664,marker,dr,52.37585178,-1.28336651,268.30,true,,
1790445775.665,marker,reconciled,0.00000000,0.00000000,0.00,false,,
1790445775.717,hud,speed,,,,,"17.6 / 12.6",17.590
1790445775.718,hud,heading,,,,,"92° / 99°",91.800
1790445775.718,hud,drift,,,,,"15.10%",15.100
1790445775.718,hud,turns,,,,,"✗ turns: 3/15",
1790445775.719,hud,calib_s,,,,,"✓ Buffer 6s",
1790445775.719,marker,gnss,52.37560000,-1.28522000,261.20,true,,
1790445775.719,marker,dr,52.37585157,-1.28334067,268.20,true,,
1790445775.720,marker,reconciled,0.00000000,0.00000000,0.00,false,,
1790445775.767,hud,speed,,,,,"17.4 / 12.6",17.440
1790445775.768,hud,heading,,,,,"92° / 99°",92.000
1790445775.769,hud,drift,,,,,"15.17%",15.170
1790445775.769,hud,turns,,,,,"✗ turns: 3/15",
1790445775.769,hud,calib_s,,,,,"✓ Buffer 6s",
1790445775.770,marker,gnss,52.37560000,-1.28522000,261.20,true,,
1790445775.771,marker,dr,52.37585138,-1.28331505,268.00,true,,
1790445775.771,marker,reconciled,0.00000000,0.00000000,0.00,false,,
1790445775.820,hud,speed,,,,,"17.3 / 12.6",17.280
1790445775.820,hud,heading,,,,,"92° / 99°",92.200
1790445775.821,hud,drift,,,,,"15.23%",15.230
1790445775.821,hud,turns,,,,,"✗ turns: 3/15",
1790445775.821,hud,calib_s,,,,,"✓ Buffer 6s",
1790445775.822,marker,gnss,52.37560000,-1.28522000,261.20,true,,
1790445775.822,marker,dr,52.37585122,-1.28328966,267.80,true,,
1790445775.822,marker,reconciled,0.00000000,0.00000000,0.00,false,,
1790445775.870,hud,speed,,,,,"17.1 / 12.6",17.110
1790445775.871,hud,heading,,,,,"92° / 99°",92.200
1790445775.871,hud,drift,,,,,"15.29%",15.290
1790445775.871,hud,turns,,,,,"✗ turns: 3/15",
1790445775.871,hud,calib_s,,,,,"✓ Buffer 6s",
1790445775.872,marker,gnss,52.37560000,-1.28522000,261.20,true,,
1790445775.872,marker,dr,52.37585107,-1.28326448,267.80,true,,
1790445775.873,marker,reconciled,0.00000000,0.00000000,0.00,false,,
1790445775.918,hud,speed,,,,,"17.0 / 12.6",17.000
1790445775.919,hud,heading,,,,,"92° / 99°",92.000
1790445775.919,hud,drift,,,,,"15.35%",15.350
1790445775.919,hud,turns,,,,,"✗ turns: 3/15",
1790445775.920,hud,calib_s,,,,,"✓ Buffer 6s",
1790445775.920,marker,gnss,52.37560000,-1.28522000,261.20,true,,
1790445775.921,marker,dr,52.37585089,-1.28323951,268.00,true,,
1790445775.921,marker,reconciled,0.00000000,0.00000000,0.00,false,,
1790445775.969,hud,speed,,,,,"16.8 / 12.6",16.830
1790445775.970,hud,heading,,,,,"92° / 99°",91.900
1790445775.970,hud,drift,,,,,"15.41%",15.410
1790445775.971,hud,turns,,,,,"✗ turns: 3/15",
1790445775.971,hud,calib_s,,,,,"✓ Buffer 6s",
1790445775.971,marker,gnss,52.37560000,-1.28522000,261.20,true,,
1790445775.972,marker,dr,52.37585070,-1.28321505,268.10,true,,
1790445775.972,marker,reconciled,0.00000000,0.00000000,0.00,false,,
1790445776.020,hud,speed,,,,,"16.7 / 12.6",16.680
1790445776.020,hud,heading,,,,,"92° / 99°",92.000
1790445776.020,hud,drift,,,,,"15.46%",15.460
1790445776.021,hud,turns,,,,,"✗ turns: 3/15",
1790445776.021,hud,calib_s,,,,,"✓ Buffer 6s",
1790445776.021,marker,gnss,52.37560000,-1.28522000,261.20,true,,
1790445776.021,marker,dr,52.37585050,-1.28319030,268.00,true,,
1790445776.022,marker,reconciled,0.00000000,0.00000000,0.00,false,,
1790445776.075,hud,speed,,,,,"16.5 / 12.6",16.510
1790445776.075,hud,heading,,,,,"92° / 99°",91.800
1790445776.075,hud,drift,,,,,"15.51%",15.510
1790445776.076,hud,turns,,,,,"✗ turns: 3/15",
1790445776.076,hud,calib_s,,,,,"✓ Buffer 6s",
1790445776.076,marker,gnss,52.37560000,-1.28522000,261.20,true,,
1790445776.077,marker,dr,52.37585027,-1.28316606,268.20,true,,
1790445776.077,marker,reconciled,0.00000000,0.00000000,0.00,false,,
1790445776.124,hud,speed,,,,,"16.4 / 12.6",16.360
1790445776.124,hud,heading,,,,,"92° / 99°",91.700
1790445776.124,hud,drift,,,,,"15.55%",15.550
1790445776.125,hud,turns,,,,,"✗ turns: 3/15",
1790445776.125,hud,calib_s,,,,,"✓ Buffer 6s",
1790445776.125,marker,gnss,52.37560000,-1.28522000,261.20,true,,
1790445776.126,marker,dr,52.37585009,-1.28314228,268.30,true,,
1790445776.127,marker,reconciled,0.00000000,0.00000000,0.00,false,,
1790445776.174,hud,speed,,,,,"16.2 / 12.6",16.240
1790445776.175,hud,heading,,,,,"92° / 99°",91.800
1790445776.175,hud,drift,,,,,"15.60%",15.600
1790445776.175,hud,turns,,,,,"✗ turns: 3/15",
1790445776.175,hud,calib_s,,,,,"✓ Buffer 6s",
1790445776.176,marker,gnss,52.37560000,-1.28522000,261.20,true,,
1790445776.176,marker,dr,52.37584988,-1.28311821,268.20,true,,
1790445776.176,marker,reconciled,0.00000000,0.00000000,0.00,false,,
1790445776.223,hud,speed,,,,,"16.1 / 12.6",16.070
1790445776.224,hud,heading,,,,,"92° / 99°",91.600
1790445776.224,hud,drift,,,,,"15.64%",15.640
1790445776.224,hud,turns,,,,,"✗ turns: 3/15",
1790445776.224,hud,calib_s,,,,,"✓ Buffer 6s",
1790445776.225,marker,gnss,52.37560000,-1.28522000,261.20,true,,
1790445776.225,marker,dr,52.37584969,-1.28309462,268.40,true,,
1790445776.225,marker,reconciled,0.00000000,0.00000000,0.00,false,,
1790445776.275,hud,speed,,,,,"15.9 / 12.6",15.850
1790445776.275,hud,heading,,,,,"92° / 99°",91.900
1790445776.276,hud,drift,,,,,"15.68%",15.680
1790445776.276,hud,turns,,,,,"✗ turns: 3/15",
1790445776.276,hud,calib_s,,,,,"✓ Buffer 6s",
1790445776.276,marker,gnss,52.37560000,-1.28522000,261.20,true,,
1790445776.277,marker,dr,52.37584952,-1.28307157,268.10,true,,
1790445776.277,marker,reconciled,0.00000000,0.00000000,0.00,false,,
1790445776.336,hud,speed,,,,,"15.8 / 12.6",15.750
1790445776.337,hud,heading,,,,,"92° / 99°",91.800
1790445776.337,hud,drift,,,,,"15.71%",15.710
1790445776.337,hud,turns,,,,,"✗ turns: 3/15",
1790445776.337,hud,calib_s,,,,,"✓ Buffer 6s",
1790445776.338,marker,gnss,52.37560000,-1.28522000,261.20,true,,
1790445776.339,marker,dr,52.37584936,-1.28304844,268.20,true,,
1790445776.339,marker,reconciled,0.00000000,0.00000000,0.00,false,,
1790445776.374,hud,speed,,,,,"15.8 / 12.6",15.820
1790445776.375,hud,heading,,,,,"92° / 99°",91.500
1790445776.375,hud,drift,,,,,"15.75%",15.750
1790445776.375,hud,turns,,,,,"✗ turns: 3/15",
1790445776.375,hud,calib_s,,,,,"✓ Buffer 6s",
1790445776.376,marker,gnss,52.37560000,-1.28522000,261.20,true,,
1790445776.377,marker,dr,52.37584915,-1.28302498,268.50,true,,
1790445776.377,marker,reconciled,0.00000000,0.00000000,0.00,false,,
1790445776.424,hud,speed,,,,,"15.8 / 12.6",15.770
1790445776.425,hud,heading,,,,,"92° / 99°",91.700
1790445776.425,hud,drift,,,,,"15.78%",15.780
1790445776.425,hud,turns,,,,,"✗ turns: 3/15",
1790445776.425,hud,calib_s,,,,,"✓ Buffer 6s",
1790445776.426,marker,gnss,52.37560000,-1.28522000,261.20,true,,
1790445776.426,marker,dr,52.37584895,-1.28300207,268.30,true,,
1790445776.427,marker,reconciled,0.00000000,0.00000000,0.00,false,,
1790445776.481,hud,speed,,,,,"15.7 / 12.6",15.680
1790445776.481,hud,heading,,,,,"91° / 99°",91.400
1790445776.482,hud,drift,,,,,"15.81%",15.810
1790445776.482,hud,turns,,,,,"✗ turns: 3/15",
1790445776.482,hud,calib_s,,,,,"✓ Buffer 6s",
1790445776.483,marker,gnss,52.37560000,-1.28522000,261.20,true,,
1790445776.483,marker,dr,52.37584882,-1.28297882,268.60,true,,
1790445776.484,marker,reconciled,0.00000000,0.00000000,0.00,false,,
1790445776.532,hud,speed,,,,,"15.5 / 12.6",15.470
1790445776.533,hud,heading,,,,,"92° / 99°",91.500
1790445776.533,hud,drift,,,,,"15.84%",15.840
1790445776.534,hud,turns,,,,,"✗ turns: 3/15",
1790445776.534,hud,calib_s,,,,,"✓ Buffer 6s",
1790445776.535,marker,gnss,52.37560000,-1.28522000,261.20,true,,
1790445776.536,marker,dr,52.37584873,-1.28295634,268.50,true,,
1790445776.536,marker,reconciled,0.00000000,0.00000000,0.00,false,,
1790445776.583,hud,speed,,,,,"15.4 / 12.6",15.420
1790445776.584,hud,heading,,,,,"91° / 99°",91.300
1790445776.584,hud,drift,,,,,"15.87%",15.870
1790445776.585,hud,turns,,,,,"✗ turns: 3/15",
1790445776.585,hud,calib_s,,,,,"✓ Buffer 6s",
1790445776.585,marker,gnss,52.37560000,-1.28522000,261.20,true,,
1790445776.585,marker,dr,52.37584866,-1.28293350,268.70,true,,
1790445776.586,marker,reconciled,0.00000000,0.00000000,0.00,false,,
1790445776.633,hud,speed,,,,,"15.4 / 12.6",15.380
1790445776.634,hud,heading,,,,,"91° / 99°",91.400
1790445776.634,hud,drift,,,,,"15.90%",15.900
1790445776.634,hud,turns,,,,,"✗ turns: 3/15",
1790445776.634,hud,calib_s,,,,,"✓ Buffer 6s",
1790445776.635,marker,gnss,52.37560000,-1.28522000,261.20,true,,
1790445776.635,marker,dr,52.37584856,-1.28291117,268.60,true,,
1790445776.636,marker,reconciled,0.00000000,0.00000000,0.00,false,,
1790445776.682,hud,speed,,,,,"15.1 / 12.6",15.060
1790445776.682,hud,heading,,,,,"92° / 99°",91.500
1790445776.683,hud,drift,,,,,"15.93%",15.930
1790445776.683,hud,turns,,,,,"✗ turns: 3/15",
1790445776.683,hud,calib_s,,,,,"✓ Buffer 6s",
1790445776.684,marker,gnss,52.37560000,-1.28522000,261.20,true,,
1790445776.684,marker,dr,52.37584846,-1.28288906,268.50,true,,
1790445776.684,marker,reconciled,0.00000000,0.00000000,0.00,false,,
1790445776.732,hud,speed,,,,,"15.0 / 12.6",14.980
1790445776.732,hud,heading,,,,,"91° / 99°",91.400
1790445776.732,hud,drift,,,,,"15.95%",15.950
1790445776.732,hud,turns,,,,,"✗ turns: 3/15",
1790445776.733,hud,calib_s,,,,,"✓ Buffer 6s",
1790445776.733,marker,gnss,52.37560000,-1.28522000,261.20,true,,
1790445776.733,marker,dr,52.37584831,-1.28286707,268.60,true,,
1790445776.734,marker,reconciled,0.00000000,0.00000000,0.00,false,,
1790445776.787,hud,speed,,,,,"14.8 / 12.6",14.800
1790445776.788,hud,heading,,,,,"91° / 99°",90.900
1790445776.788,hud,drift,,,,,"15.96%",15.960
1790445776.788,hud,turns,,,,,"✗ turns: 3/15",
1790445776.789,hud,calib_s,,,,,"✓ Buffer 6s",
1790445776.789,marker,gnss,52.37560000,-1.28522000,261.20,true,,
1790445776.790,marker,dr,52.37584822,-1.28284513,269.10,true,,
1790445776.790,marker,reconciled,0.00000000,0.00000000,0.00,false,,
1790445776.837,hud,speed,,,,,"14.8 / 12.6",14.770
1790445776.837,hud,heading,,,,,"90° / 99°",90.300
1790445776.837,hud,drift,,,,,"15.98%",15.980
1790445776.838,hud,turns,,,,,"✗ turns: 3/15",
1790445776.838,hud,calib_s,,,,,"✓ Buffer 6s",
1790445776.838,marker,gnss,52.37560000,-1.28522000,261.20,true,,
1790445776.839,marker,dr,52.37584821,-1.28282344,269.70,true,,
1790445776.839,marker,reconciled,0.00000000,0.00000000,0.00,false,,
1790445776.887,hud,speed,,,,,"14.5 / 12.6",14.520
1790445776.887,hud,heading,,,,,"90° / 99°",90.100
1790445776.888,hud,drift,,,,,"16.00%",16.000
1790445776.888,hud,turns,,,,,"✗ turns: 3/15",
1790445776.888,hud,calib_s,,,,,"✓ Buffer 6s",
1790445776.888,marker,gnss,52.37560000,-1.28522000,261.20,true,,
1790445776.889,marker,dr,52.37584829,-1.28280213,269.90,true,,
1790445776.889,marker,reconciled,0.00000000,0.00000000,0.00,false,,
1790445776.938,hud,speed,,,,,"14.7 / 12.6",14.720
1790445776.938,hud,heading,,,,,"91° / 99°",90.600
1790445776.939,hud,drift,,,,,"16.02%",16.020
1790445776.939,hud,turns,,,,,"✗ turns: 3/15",
1790445776.939,hud,calib_s,,,,,"✓ Buffer 6s",
1790445776.940,marker,gnss,52.37560000,-1.28522000,261.20,true,,
1790445776.940,marker,dr,52.37584834,-1.28278052,269.40,true,,
1790445776.940,marker,reconciled,0.00000000,0.00000000,0.00,false,,
1790445776.985,hud,speed,,,,,"14.5 / 12.6",14.510
1790445776.986,hud,heading,,,,,"91° / 99°",91.000
1790445776.986,hud,drift,,,,,"16.03%",16.030
1790445776.987,hud,turns,,,,,"✗ turns: 3/15",
1790445776.987,hud,calib_s,,,,,"✓ Buffer 6s",
1790445776.987,marker,gnss,52.37560000,-1.28522000,261.20,true,,
1790445776.988,marker,dr,52.37584836,-1.28275922,269.00,true,,
1790445776.988,marker,reconciled,0.00000000,0.00000000,0.00,false,,
1790445777.038,hud,speed,,,,,"15.0 / 12.6",14.980
1790445777.038,hud,heading,,,,,"91° / 99°",90.900
1790445777.039,hud,drift,,,,,"16.05%",16.050
1790445777.039,hud,turns,,,,,"✗ turns: 3/15",
1790445777.039,hud,calib_s,,,,,"✓ Buffer 6s",
1790445777.039,marker,gnss,52.37560000,-1.28522000,261.20,true,,
1790445777.040,marker,dr,52.37584829,-1.28273724,269.10,true,,
1790445777.040,marker,reconciled,0.00000000,0.00000000,0.00,false,,
1790445777.092,hud,speed,,,,,"15.1 / 12.6",15.140
1790445777.093,hud,heading,,,,,"91° / 99°",91.300
1790445777.093,hud,drift,,,,,"16.07%",16.070
1790445777.093,hud,turns,,,,,"✗ turns: 3/15",
1790445777.093,hud,calib_s,,,,,"✓ Buffer 6s",
1790445777.094,marker,gnss,52.37560000,-1.28522000,261.20,true,,
1790445777.094,marker,dr,52.37584808,-1.28271524,268.70,true,,
1790445777.094,marker,reconciled,0.00000000,0.00000000,0.00,false,,
1790445777.141,hud,speed,,,,,"15.2 / 12.6",15.180
1790445777.141,hud,heading,,,,,"91° / 99°",91.300
1790445777.142,hud,drift,,,,,"16.10%",16.100
1790445777.142,hud,turns,,,,,"✗ turns: 3/15",
1790445777.142,hud,calib_s,,,,,"✓ Buffer 6s",
1790445777.143,marker,gnss,52.37560000,-1.28522000,261.20,true,,
1790445777.143,marker,dr,52.37584775,-1.28269273,268.70,true,,
1790445777.143,marker,reconciled,0.00000000,0.00000000,0.00,false,,
1790445777.191,hud,speed,,,,,"15.2 / 12.6",15.210
1790445777.192,hud,heading,,,,,"91° / 99°",91.400
1790445777.192,hud,drift,,,,,"16.12%",16.120
1790445777.192,hud,turns,,,,,"✗ turns: 3/15",
1790445777.192,hud,calib_s,,,,,"✓ Buffer 6s",
1790445777.193,marker,gnss,52.37560000,-1.28522000,261.20,true,,
1790445777.193,marker,dr,52.37584755,-1.28267062,268.60,true,,
1790445777.193,marker,reconciled,0.00000000,0.00000000,0.00,false,,
1790445777.241,hud,speed,,,,,"15.3 / 12.6",15.280
1790445777.242,hud,heading,,,,,"91° / 99°",91.100
1790445777.242,hud,drift,,,,,"16.14%",16.140
1790445777.242,hud,turns,,,,,"✗ turns: 3/15",
1790445777.243,hud,calib_s,,,,,"✓ Buffer 6s",
1790445777.243,marker,gnss,52.37560000,-1.28522000,261.20,true,,
1790445777.244,marker,dr,52.37584734,-1.28264819,268.90,true,,
1790445777.244,marker,reconciled,0.00000000,0.00000000,0.00,false,,
1790445777.295,hud,speed,,,,,"15.3 / 12.6",15.310
1790445777.295,hud,heading,,,,,"91° / 99°",90.800
1790445777.295,hud,drift,,,,,"16.17%",16.170
1790445777.296,hud,turns,,,,,"✗ turns: 3/15",
1790445777.296,hud,calib_s,,,,,"✓ Buffer 6s",
1790445777.296,marker,gnss,52.37560000,-1.28522000,261.20,true,,
1790445777.297,marker,dr,52.37584711,-1.28262549,269.20,true,,
1790445777.297,marker,reconciled,0.00000000,0.00000000,0.00,false,,
1790445777.346,hud,speed,,,,,"15.2 / 12.6",15.190
1790445777.346,hud,heading,,,,,"91° / 99°",90.600
1790445777.347,hud,drift,,,,,"16.19%",16.190
1790445777.347,hud,turns,,,,,"✗ turns: 3/15",
1790445777.347,hud,calib_s,,,,,"✓ Buffer 6s",
1790445777.347,marker,gnss,52.37560000,-1.28522000,261.20,true,,
1790445777.348,marker,dr,52.37584690,-1.28260342,269.40,true,,
1790445777.348,marker,reconciled,0.00000000,0.00000000,0.00,false,,
1790445777.395,hud,speed,,,,,"15.2 / 12.6",15.240
1790445777.396,hud,heading,,,,,"91° / 99°",90.500
1790445777.396,hud,drift,,,,,"16.21%",16.210
1790445777.396,hud,turns,,,,,"✗ turns: 3/15",
1790445777.396,hud,calib_s,,,,,"✓ Buffer 6s",
1790445777.397,marker,gnss,52.37560000,-1.28522000,261.20,true,,
1790445777.397,marker,dr,52.37584671,-1.28258081,269.50,true,,
1790445777.398,marker,reconciled,0.00000000,0.00000000,0.00,false,,
1790445777.447,hud,speed,,,,,"15.3 / 12.6",15.250
1790445777.447,hud,heading,,,,,"91° / 99°",90.500
1790445777.448,hud,drift,,,,,"16.24%",16.240
1790445777.448,hud,turns,,,,,"✗ turns: 3/15",
1790445777.448,hud,calib_s,,,,,"✓ Buffer 6s",
1790445777.448,marker,gnss,52.37560000,-1.28522000,261.20,true,,
1790445777.449,marker,dr,52.37584661,-1.28255865,269.50,true,,
1790445777.449,marker,reconciled,0.00000000,0.00000000,0.00,false,,
1790445777.497,hud,speed,,,,,"15.3 / 12.6",15.260
1790445777.498,hud,heading,,,,,"90° / 99°",90.300
1790445777.498,hud,drift,,,,,"16.26%",16.260
1790445777.498,hud,turns,,,,,"✗ turns: 3/15",
1790445777.499,hud,calib_s,,,,,"✓ Buffer 6s",
1790445777.499,marker,gnss,52.37560000,-1.28522000,261.20,true,,
1790445777.500,marker,dr,52.37584660,-1.28253602,269.70,true,,
1790445777.500,marker,reconciled,0.00000000,0.00000000,0.00,false,,
1790445777.547,hud,speed,,,,,"15.2 / 12.6",15.210
1790445777.547,hud,heading,,,,,"90° / 99°",90.100
1790445777.547,hud,drift,,,,,"16.29%",16.290
1790445777.548,hud,turns,,,,,"✗ turns: 3/15",
1790445777.548,hud,calib_s,,,,,"✓ Buffer 6s",
1790445777.548,marker,gnss,52.37560000,-1.28522000,261.20,true,,
1790445777.549,marker,dr,52.37584671,-1.28251370,269.90,true,,
1790445777.549,marker,reconciled,0.00000000,0.00000000,0.00,false,,
1790445777.603,hud,speed,,,,,"15.0 / 13.5",15.010
1790445777.604,hud,heading,,,,,"90° / 97°",89.500
1790445777.604,hud,drift,,,,,"14.79%",14.790
1790445777.604,hud,turns,,,,,"✗ turns: 3/15",
1790445777.604,hud,calib_s,,,,,"✓ Buffer 6s",
1790445777.605,marker,gnss,52.37542700,-1.28343800,262.70,true,,
1790445777.605,marker,dr,52.37584678,-1.28249166,270.50,true,,
1790445777.605,marker,reconciled,0.00000000,0.00000000,0.00,false,,
1790445777.650,hud,speed,,,,,"14.8 / 13.5",14.750
1790445777.650,hud,heading,,,,,"89° / 97°",89.300
1790445777.651,hud,drift,,,,,"14.80%",14.800
1790445777.651,hud,turns,,,,,"✗ turns: 3/15",
1790445777.651,hud,calib_s,,,,,"✓ Buffer 6s",
1790445777.652,marker,gnss,52.37542700,-1.28343800,262.70,true,,
1790445777.652,marker,dr,52.37584685,-1.28247020,270.70,true,,
1790445777.653,marker,reconciled,0.00000000,0.00000000,0.00,false,,
1790445777.702,hud,speed,,,,,"14.6 / 13.5",14.600
1790445777.702,hud,heading,,,,,"90° / 97°",89.600
1790445777.702,hud,drift,,,,,"14.80%",14.800
1790445777.703,hud,turns,,,,,"✗ turns: 3/15",
1790445777.703,hud,calib_s,,,,,"✓ Buffer 6s",
1790445777.703,marker,gnss,52.37542700,-1.28343800,262.70,true,,
1790445777.704,marker,dr,52.37584693,-1.28244856,270.40,true,,
1790445777.704,marker,reconciled,0.00000000,0.00000000,0.00,false,,
1790445777.753,hud,speed,,,,,"14.6 / 13.5",14.630
1790445777.753,hud,heading,,,,,"90° / 97°",90.000
1790445777.754,hud,drift,,,,,"14.80%",14.800
1790445777.754,hud,turns,,,,,"✗ turns: 3/15",
1790445777.754,hud,calib_s,,,,,"✓ Buffer 6s",
1790445777.755,marker,gnss,52.37542700,-1.28343800,262.70,true,,
1790445777.755,marker,dr,52.37584702,-1.28242730,270.00,true,,
1790445777.756,marker,reconciled,0.00000000,0.00000000,0.00,false,,
1790445777.803,hud,speed,,,,,"14.6 / 13.5",14.630
1790445777.803,hud,heading,,,,,"90° / 97°",90.200
1790445777.803,hud,drift,,,,,"14.80%",14.800
1790445777.804,hud,turns,,,,,"✗ turns: 3/15",
1790445777.804,hud,calib_s,,,,,"✓ Buffer 6s",
1790445777.804,marker,gnss,52.37542700,-1.28343800,262.70,true,,
1790445777.804,marker,dr,52.37584717,-1.28240561,269.80,true,,
1790445777.805,marker,reconciled,0.00000000,0.00000000,0.00,false,,
1790445777.858,hud,speed,,,,,"14.4 / 13.5",14.360
1790445777.858,hud,heading,,,,,"90° / 97°",89.600
1790445777.858,hud,drift,,,,,"14.80%",14.800
1790445777.859,hud,turns,,,,,"✗ turns: 3/15",
1790445777.859,hud,calib_s,,,,,"✓ Buffer 6s",
1790445777.859,marker,gnss,52.37542700,-1.28343800,262.70,true,,
1790445777.860,marker,dr,52.37584751,-1.28238433,270.40,true,,
1790445777.860,marker,reconciled,0.00000000,0.00000000,0.00,false,,
1790445777.906,hud,speed,,,,,"14.1 / 13.5",14.110
1790445777.907,hud,heading,,,,,"89° / 97°",89.200
1790445777.907,hud,drift,,,,,"14.80%",14.800
1790445777.907,hud,turns,,,,,"✗ turns: 3/15",
1790445777.908,hud,calib_s,,,,,"✓ Buffer 6s",
1790445777.908,marker,gnss,52.37542700,-1.28343800,262.70,true,,
1790445777.909,marker,dr,52.37584783,-1.28236384,270.80,true,,
1790445777.909,marker,reconciled,0.00000000,0.00000000,0.00,false,,
1790445777.958,hud,speed,,,,,"14.1 / 13.5",14.110
1790445777.958,hud,heading,,,,,"89° / 97°",89.100
1790445777.958,hud,drift,,,,,"14.79%",14.790
1790445777.958,hud,turns,,,,,"✗ turns: 3/15",
1790445777.959,hud,calib_s,,,,,"✓ Buffer 6s",
1790445777.959,marker,gnss,52.37542700,-1.28343800,262.70,true,,
1790445777.959,marker,dr,52.37584811,-1.28234317,270.90,true,,
1790445777.960,marker,reconciled,0.00000000,0.00000000,0.00,false,,
1790445778.007,hud,speed,,,,,"13.8 / 13.5",13.830
1790445778.007,hud,heading,,,,,"89° / 97°",89.300
1790445778.007,hud,drift,,,,,"14.78%",14.780
1790445778.008,hud,turns,,,,,"✗ turns: 3/15",
1790445778.008,hud,calib_s,,,,,"✓ Buffer 6s",
1790445778.008,marker,gnss,52.37542700,-1.28343800,262.70,true,,
1790445778.009,marker,dr,52.37584828,-1.28232307,270.70,true,,
1790445778.009,marker,reconciled,0.00000000,0.00000000,0.00,false,,
1790445778.056,hud,speed,,,,,"13.8 / 13.5",13.770
1790445778.057,hud,heading,,,,,"90° / 97°",89.500
1790445778.057,hud,drift,,,,,"14.77%",14.770
1790445778.057,hud,turns,,,,,"✗ turns: 3/15",
1790445778.057,hud,calib_s,,,,,"✓ Buffer 6s",
1790445778.058,marker,gnss,52.37542700,-1.28343800,262.70,true,,
1790445778.058,marker,dr,52.37584855,-1.28230267,270.50,true,,
1790445778.059,marker,reconciled,0.00000000,0.00000000,0.00,false,,
1790445778.109,hud,speed,,,,,"13.5 / 13.5",13.540
1790445778.109,hud,heading,,,,,"90° / 97°",89.500
1790445778.109,hud,drift,,,,,"14.76%",14.760
1790445778.110,hud,turns,,,,,"✗ turns: 3/15",
1790445778.110,hud,calib_s,,,,,"✓ Buffer 6s",
1790445778.111,marker,gnss,52.37542700,-1.28343800,262.70,true,,
1790445778.111,marker,dr,52.37584888,-1.28228302,270.50,true,,
1790445778.111,marker,reconciled,0.00000000,0.00000000,0.00,false,,
1790445778.159,hud,speed,,,,,"13.3 / 13.5",13.300
1790445778.160,hud,heading,,,,,"89° / 97°",89.200
1790445778.160,hud,drift,,,,,"14.75%",14.750
1790445778.160,hud,turns,,,,,"✗ turns: 3/15",
1790445778.160,hud,calib_s,,,,,"✓ Buffer 6s",
1790445778.160,marker,gnss,52.37542700,-1.28343800,262.70,true,,
1790445778.161,marker,dr,52.37584927,-1.28226331,270.80,true,,
1790445778.161,marker,reconciled,0.00000000,0.00000000,0.00,false,,
1790445778.215,hud,speed,,,,,"13.2 / 13.5",13.240
1790445778.215,hud,heading,,,,,"89° / 97°",89.000
1790445778.215,hud,drift,,,,,"14.73%",14.730
1790445778.215,hud,turns,,,,,"✗ turns: 3/15",
1790445778.216,hud,calib_s,,,,,"✓ Buffer 6s",
1790445778.216,marker,gnss,52.37542700,-1.28343800,262.70,true,,
1790445778.216,marker,dr,52.37584974,-1.28224411,271.00,true,,
1790445778.217,marker,reconciled,0.00000000,0.00000000,0.00,false,,
1790445778.263,hud,speed,,,,,"13.0 / 13.5",13.030
1790445778.264,hud,heading,,,,,"89° / 97°",88.600
1790445778.264,hud,drift,,,,,"14.71%",14.710
1790445778.264,hud,turns,,,,,"✗ turns: 3/15",
1790445778.264,hud,calib_s,,,,,"✓ Buffer 6s",
1790445778.265,marker,gnss,52.37542700,-1.28343800,262.70,true,,
1790445778.265,marker,dr,52.37585020,-1.28222481,271.40,true,,
1790445778.266,marker,reconciled,0.00000000,0.00000000,0.00,false,,
1790445778.312,hud,speed,,,,,"13.0 / 13.5",13.020
1790445778.313,hud,heading,,,,,"88° / 97°",88.300
1790445778.313,hud,drift,,,,,"14.70%",14.700
1790445778.313,hud,turns,,,,,"✗ turns: 3/15",
1790445778.313,hud,calib_s,,,,,"✓ Buffer 6s",
1790445778.314,marker,gnss,52.37542700,-1.28343800,262.70,true,,
1790445778.314,marker,dr,52.37585066,-1.28220591,271.70,true,,
1790445778.315,marker,reconciled,0.00000000,0.00000000,0.00,false,,
1790445778.363,hud,speed,,,,,"12.9 / 13.5",12.880
1790445778.364,hud,heading,,,,,"88° / 97°",88.200
1790445778.364,hud,drift,,,,,"14.68%",14.680
1790445778.364,hud,turns,,,,,"✗ turns: 3/15",
1790445778.364,hud,calib_s,,,,,"✓ Buffer 6s",
1790445778.365,marker,gnss,52.37542700,-1.28343800,262.70,true,,
1790445778.365,marker,dr,52.37585118,-1.28218707,271.80,true,,
1790445778.365,marker,reconciled,0.00000000,0.00000000,0.00,false,,
1790445778.415,hud,speed,,,,,"12.7 / 13.5",12.740
1790445778.415,hud,heading,,,,,"88° / 97°",87.900
1790445778.416,hud,drift,,,,,"14.66%",14.660
1790445778.416,hud,turns,,,,,"✗ turns: 3/15",
1790445778.416,hud,calib_s,,,,,"✓ Buffer 6s",
1790445778.417,marker,gnss,52.37542700,-1.28343800,262.70,true,,
1790445778.417,marker,dr,52.37585171,-1.28216839,272.10,true,,
1790445778.418,marker,reconciled,0.00000000,0.00000000,0.00,false,,
1790445778.466,hud,speed,,,,,"12.7 / 13.5",12.670
1790445778.466,hud,heading,,,,,"88° / 97°",87.900
1790445778.467,hud,drift,,,,,"14.64%",14.640
1790445778.467,hud,turns,,,,,"✗ turns: 3/15",
1790445778.467,hud,calib_s,,,,,"✓ Buffer 6s",
1790445778.468,marker,gnss,52.37542700,-1.28343800,262.70,true,,
1790445778.468,marker,dr,52.37585230,-1.28214970,272.10,true,,
1790445778.469,marker,reconciled,0.00000000,0.00000000,0.00,false,,
1790445778.515,hud,speed,,,,,"12.6 / 13.5",12.630
1790445778.516,hud,heading,,,,,"88° / 97°",88.000
1790445778.517,hud,drift,,,,,"14.62%",14.620
1790445778.517,hud,turns,,,,,"✗ turns: 3/15",
1790445778.517,hud,calib_s,,,,,"✓ Buffer 6s",
1790445778.517,marker,gnss,52.37542700,-1.28343800,262.70,true,,
1790445778.518,marker,dr,52.37585281,-1.28213139,272.00,true,,
1790445778.518,marker,reconciled,0.00000000,0.00000000,0.00,false,,
1790445778.569,hud,speed,,,,,"12.7 / 13.5",12.710
1790445778.569,hud,heading,,,,,"88° / 97°",88.300
1790445778.569,hud,drift,,,,,"14.60%",14.600
1790445778.570,hud,turns,,,,,"✗ turns: 3/15",
1790445778.570,hud,calib_s,,,,,"✓ Buffer 6s",
1790445778.570,marker,gnss,52.37542700,-1.28343800,262.70,true,,
1790445778.570,marker,dr,52.37585328,-1.28211256,271.70,true,,
1790445778.571,marker,reconciled,0.00000000,0.00000000,0.00,false,,
1790445778.619,hud,speed,,,,,"12.7 / 13.5",12.730
1790445778.620,hud,heading,,,,,"88° / 97°",88.400
1790445778.620,hud,drift,,,,,"14.58%",14.580
1790445778.620,hud,turns,,,,,"✗ turns: 3/15",
1790445778.620,hud,calib_s,,,,,"✓ Buffer 6s",
1790445778.621,marker,gnss,52.37542700,-1.28343800,262.70,true,,
1790445778.621,marker,dr,52.37585380,-1.28209391,271.60,true,,
1790445778.621,marker,reconciled,0.00000000,0.00000000,0.00,false,,
1790445778.669,hud,speed,,,,,"12.8 / 13.5",12.760
1790445778.670,hud,heading,,,,,"88° / 97°",88.200
1790445778.670,hud,drift,,,,,"14.56%",14.560
1790445778.671,hud,turns,,,,,"✗ turns: 3/15",
1790445778.671,hud,calib_s,,,,,"✓ Buffer 6s",
1790445778.671,marker,gnss,52.37542700,-1.28343800,262.70,true,,
1790445778.672,marker,dr,52.37585434,-1.28207521,271.80,true,,
1790445778.672,marker,reconciled,0.00000000,0.00000000,0.00,false,,
1790445778.721,hud,speed,,,,,"12.8 / 13.5",12.840
1790445778.721,hud,heading,,,,,"88° / 97°",88.000
1790445778.721,hud,drift,,,,,"14.54%",14.540
1790445778.722,hud,turns,,,,,"✗ turns: 3/15",
1790445778.722,hud,calib_s,,,,,"✓ Buffer 6s",
1790445778.722,marker,gnss,52.37542700,-1.28343800,262.70,true,,
1790445778.723,marker,dr,52.37585490,-1.28205659,272.00,true,,
1790445778.723,marker,reconciled,0.00000000,0.00000000,0.00,false,,
1790445778.770,hud,speed,,,,,"12.9 / 13.5",12.910
1790445778.771,hud,heading,,,,,"88° / 97°",87.900
1790445778.771,hud,drift,,,,,"14.53%",14.530
1790445778.771,hud,turns,,,,,"✗ turns: 3/15",
1790445778.772,hud,calib_s,,,,,"✓ Buffer 6s",
1790445778.772,marker,gnss,52.37542700,-1.28343800,262.70,true,,
1790445778.772,marker,dr,52.37585545,-1.28203768,272.10,true,,
1790445778.773,marker,reconciled,0.00000000,0.00000000,0.00,false,,
1790445778.824,hud,speed,,,,,"12.9 / 13.5",12.930
1790445778.824,hud,heading,,,,,"88° / 97°",87.900
1790445778.825,hud,drift,,,,,"14.51%",14.510
1790445778.825,hud,turns,,,,,"✗ turns: 3/15",
1790445778.825,hud,calib_s,,,,,"✓ Buffer 6s",
1790445778.825,marker,gnss,52.37542700,-1.28343800,262.70,true,,
1790445778.826,marker,dr,52.37585596,-1.28201873,272.10,true,,
1790445778.826,marker,reconciled,0.00000000,0.00000000,0.00,false,,
1790445778.877,hud,speed,,,,,"12.8 / 13.5",12.820
1790445778.877,hud,heading,,,,,"88° / 97°",87.800
1790445778.878,hud,drift,,,,,"14.49%",14.490
1790445778.878,hud,turns,,,,,"✗ turns: 3/15",
1790445778.878,hud,calib_s,,,,,"✓ Buffer 6s",
1790445778.879,marker,gnss,52.37542700,-1.28343800,262.70,true,,
1790445778.879,marker,dr,52.37585640,-1.28199973,272.20,true,,
1790445778.880,marker,reconciled,0.00000000,0.00000000,0.00,false,,
1790445778.927,hud,speed,,,,,"12.8 / 13.5",12.770
1790445778.927,hud,heading,,,,,"88° / 97°",87.800
1790445778.928,hud,drift,,,,,"14.47%",14.470
1790445778.928,hud,turns,,,,,"✗ turns: 3/15",
1790445778.928,hud,calib_s,,,,,"✓ Buffer 6s",
1790445778.928,marker,gnss,52.37542700,-1.28343800,262.70,true,,
1790445778.929,marker,dr,52.37585693,-1.28198102,272.20,true,,
1790445778.929,marker,reconciled,0.00000000,0.00000000,0.00,false,,
1790445778.980,hud,speed,,,,,"12.7 / 13.5",12.740
1790445778.981,hud,heading,,,,,"88° / 97°",87.500
1790445778.981,hud,drift,,,,,"14.46%",14.460
1790445778.981,hud,turns,,,,,"✗ turns: 3/15",
1790445778.981,hud,calib_s,,,,,"✓ Buffer 6s",
1790445778.982,marker,gnss,52.37542700,-1.28343800,262.70,true,,
1790445778.983,marker,dr,52.37585741,-1.28196252,272.50,true,,
1790445778.983,marker,reconciled,0.00000000,0.00000000,0.00,false,,
1790445779.029,hud,speed,,,,,"12.9 / 13.5",12.900
1790445779.030,hud,heading,,,,,"87° / 97°",87.100
1790445779.030,hud,drift,,,,,"14.44%",14.440
1790445779.031,hud,turns,,,,,"✗ turns: 3/15",
1790445779.031,hud,calib_s,,,,,"✓ Buffer 6s",
1790445779.031,marker,gnss,52.37542700,-1.28343800,262.70,true,,
1790445779.031,marker,dr,52.37585788,-1.28194339,272.90,true,,
1790445779.032,marker,reconciled,0.00000000,0.00000000,0.00,false,,
1790445779.079,hud,speed,,,,,"12.9 / 13.5",12.880
1790445779.080,hud,heading,,,,,"87° / 97°",86.900
1790445779.080,hud,drift,,,,,"14.42%",14.420
1790445779.080,hud,turns,,,,,"✗ turns: 3/15",
1790445779.080,hud,calib_s,,,,,"✓ Buffer 6s",
1790445779.081,marker,gnss,52.37542700,-1.28343800,262.70,true,,
1790445779.081,marker,dr,52.37585822,-1.28192445,273.10,true,,
1790445779.081,marker,reconciled,0.00000000,0.00000000,0.00,false,,
1790445779.132,hud,speed,,,,,"12.8 / 13.5",12.810
1790445779.133,hud,heading,,,,,"87° / 97°",86.800
1790445779.133,hud,drift,,,,,"14.40%",14.400
1790445779.133,hud,turns,,,,,"✗ turns: 3/15",
1790445779.133,hud,calib_s,,,,,"✓ Buffer 6s",
1790445779.134,marker,gnss,52.37542700,-1.28343800,262.70,true,,
1790445779.134,marker,dr,52.37585853,-1.28190557,273.20,true,,
1790445779.135,marker,reconciled,0.00000000,0.00000000,0.00,false,,
1790445779.185,hud,speed,,,,,"12.9 / 13.5",12.900
1790445779.185,hud,heading,,,,,"87° / 97°",86.800
1790445779.185,hud,drift,,,,,"14.39%",14.390
1790445779.186,hud,turns,,,,,"✗ turns: 3/15",
1790445779.186,hud,calib_s,,,,,"✓ Buffer 6s",
1790445779.186,marker,gnss,52.37542700,-1.28343800,262.70,true,,
1790445779.187,marker,dr,52.37585882,-1.28188674,273.20,true,,
1790445779.187,marker,reconciled,0.00000000,0.00000000,0.00,false,,
1790445779.234,hud,speed,,,,,"12.9 / 13.5",12.940
1790445779.234,hud,heading,,,,,"87° / 97°",86.800
1790445779.235,hud,drift,,,,,"14.37%",14.370
1790445779.235,hud,turns,,,,,"✗ turns: 3/15",
1790445779.235,hud,calib_s,,,,,"✓ Buffer 6s",
1790445779.236,marker,gnss,52.37542700,-1.28343800,262.70,true,,
1790445779.236,marker,dr,52.37585913,-1.28186767,273.20,true,,
1790445779.237,marker,reconciled,0.00000000,0.00000000,0.00,false,,
1790445779.286,hud,speed,,,,,"13.0 / 13.5",13.040
1790445779.286,hud,heading,,,,,"87° / 97°",86.700
1790445779.287,hud,drift,,,,,"14.36%",14.360
1790445779.287,hud,turns,,,,,"✗ turns: 3/15",
1790445779.287,hud,calib_s,,,,,"✓ Buffer 6s",
1790445779.287,marker,gnss,52.37542700,-1.28343800,262.70,true,,
1790445779.288,marker,dr,52.37585943,-1.28184847,273.30,true,,
1790445779.288,marker,reconciled,0.00000000,0.00000000,0.00,false,,
1790445779.339,hud,speed,,,,,"13.1 / 13.5",13.110
1790445779.339,hud,heading,,,,,"87° / 97°",86.700
1790445779.340,hud,drift,,,,,"14.34%",14.340
1790445779.340,hud,turns,,,,,"✗ turns: 3/15",
1790445779.340,hud,calib_s,,,,,"✓ Buffer 6s",
1790445779.341,marker,gnss,52.37542700,-1.28343800,262.70,true,,
1790445779.341,marker,dr,52.37585969,-1.28182896,273.30,true,,
1790445779.341,marker,reconciled,0.00000000,0.00000000,0.00,false,,
1790445779.390,hud,speed,,,,,"13.2 / 13.5",13.210
1790445779.391,hud,heading,,,,,"87° / 97°",86.900
1790445779.391,hud,drift,,,,,"14.33%",14.330
1790445779.391,hud,turns,,,,,"✗ turns: 3/15",
1790445779.391,hud,calib_s,,,,,"✓ Buffer 6s",
1790445779.392,marker,gnss,52.37542700,-1.28343800,262.70,true,,
1790445779.392,marker,dr,52.37585993,-1.28180974,273.10,true,,
1790445779.392,marker,reconciled,0.00000000,0.00000000,0.00,false,,
1790445779.439,hud,speed,,,,,"13.3 / 13.5",13.310
1790445779.440,hud,heading,,,,,"87° / 97°",87.100
1790445779.440,hud,drift,,,,,"14.32%",14.320
1790445779.440,hud,turns,,,,,"✗ turns: 3/15",
1790445779.440,hud,calib_s,,,,,"✓ Buffer 6s",
1790445779.441,marker,gnss,52.37542700,-1.28343800,262.70,true,,
1790445779.441,marker,dr,52.37586016,-1.28179019,272.90,true,,
1790445779.441,marker,reconciled,0.00000000,0.00000000,0.00,false,,
1790445779.493,hud,speed,,,,,"13.4 / 13.5",13.410
1790445779.494,hud,heading,,,,,"87° / 97°",87.100
1790445779.494,hud,drift,,,,,"14.31%",14.310
1790445779.495,hud,turns,,,,,"✗ turns: 3/15",
1790445779.495,hud,calib_s,,,,,"✓ Buffer 6s",
1790445779.496,marker,gnss,52.37542700,-1.28343800,262.70,true,,
1790445779.496,marker,dr,52.37586039,-1.28177048,272.90,true,,
1790445779.497,marker,reconciled,0.00000000,0.00000000,0.00,false,,
1790445779.544,hud,speed,,,,,"13.5 / 13.5",13.530
1790445779.544,hud,heading,,,,,"87° / 97°",87.000
1790445779.545,hud,drift,,,,,"14.30%",14.300
1790445779.545,hud,turns,,,,,"✗ turns: 3/15",
1790445779.545,hud,calib_s,,,,,"✓ Buffer 6s",
1790445779.545,marker,gnss,52.37542700,-1.28343800,262.70,true,,
1790445779.546,marker,dr,52.37586064,-1.28175041,273.00,true,,
1790445779.547,marker,reconciled,0.00000000,0.00000000,0.00,false,,
1790445779.594,hud,speed,,,,,"13.7 / 13.5",13.650
1790445779.595,hud,heading,,,,,"87° / 97°",87.100
1790445779.595,hud,drift,,,,,"14.29%",14.290
1790445779.595,hud,turns,,,,,"✗ turns: 3/15",
1790445779.596,hud,calib_s,,,,,"✓ Buffer 6s",
1790445779.596,marker,gnss,52.37542700,-1.28343800,262.70,true,,
1790445779.596,marker,dr,52.37586086,-1.28173056,272.90,true,,
1790445779.597,marker,reconciled,0.00000000,0.00000000,0.00,false,,
1790445779.648,hud,speed,,,,,"13.8 / 13.5",13.750
1790445779.649,hud,heading,,,,,"87° / 97°",87.200
1790445779.649,hud,drift,,,,,"14.28%",14.280
1790445779.649,hud,turns,,,,,"✗ turns: 3/15",
1790445779.649,hud,calib_s,,,,,"✓ Buffer 6s",
1790445779.650,marker,gnss,52.37542700,-1.28343800,262.70,true,,
1790445779.650,marker,dr,52.37586109,-1.28171017,272.80,true,,
1790445779.651,marker,reconciled,0.00000000,0.00000000,0.00,false,,
1790445779.695,hud,speed,,,,,"13.8 / 13.5",13.840
1790445779.695,hud,heading,,,,,"87° / 97°",87.200
1790445779.696,hud,drift,,,,,"14.28%",14.280
1790445779.696,hud,turns,,,,,"✗ turns: 3/15",
1790445779.696,hud,calib_s,,,,,"✓ Buffer 6s",
1790445779.696,marker,gnss,52.37542700,-1.28343800,262.70,true,,
1790445779.697,marker,dr,52.37586138,-1.28169005,272.80,true,,
1790445779.697,marker,reconciled,0.00000000,0.00000000,0.00,false,,
1790445779.746,hud,speed,,,,,"14.0 / 13.5",13.970
1790445779.747,hud,heading,,,,,"87° / 97°",87.000
1790445779.747,hud,drift,,,,,"14.28%",14.280
1790445779.747,hud,turns,,,,,"✗ turns: 3/15",
1790445779.747,hud,calib_s,,,,,"✓ Buffer 6s",
1790445779.748,marker,gnss,52.37542700,-1.28343800,262.70,true,,
1790445779.748,marker,dr,52.37586170,-1.28166955,273.00,true,,
1790445779.749,marker,reconciled,0.00000000,0.00000000,0.00,false,,
1790445779.798,hud,speed,,,,,"14.1 / 13.5",14.050
1790445779.799,hud,heading,,,,,"87° / 97°",87.000
1790445779.799,hud,drift,,,,,"14.27%",14.270
1790445779.799,hud,turns,,,,,"✗ turns: 3/15",
1790445779.800,hud,calib_s,,,,,"✓ Buffer 6s",
1790445779.800,marker,gnss,52.37542700,-1.28343800,262.70,true,,
1790445779.800,marker,dr,52.37586196,-1.28164890,273.00,true,,
1790445779.801,marker,reconciled,0.00000000,0.00000000,0.00,false,,
1790445779.852,hud,speed,,,,,"13.9 / 13.5",13.930
1790445779.853,hud,heading,,,,,"87° / 97°",87.100
1790445779.853,hud,drift,,,,,"14.27%",14.270
1790445779.853,hud,turns,,,,,"✗ turns: 3/15",
1790445779.854,hud,calib_s,,,,,"✓ Buffer 6s",
1790445779.854,marker,gnss,52.37542700,-1.28343800,262.70,true,,
1790445779.855,marker,dr,52.37586217,-1.28162845,272.90,true,,
1790445779.855,marker,reconciled,0.00000000,0.00000000,0.00,false,,
1790445779.904,hud,speed,,,,,"13.8 / 13.5",13.750
1790445779.904,hud,heading,,,,,"87° / 97°",87.100
1790445779.904,hud,drift,,,,,"14.26%",14.260
1790445779.905,hud,turns,,,,,"✗ turns: 3/15",
1790445779.905,hud,calib_s,,,,,"✓ Buffer 6s",
1790445779.905,marker,gnss,52.37542700,-1.28343800,262.70,true,,
1790445779.906,marker,dr,52.37586236,-1.28160806,272.90,true,,
1790445779.906,marker,reconciled,0.00000000,0.00000000,0.00,false,,
1790445779.951,hud,speed,,,,,"13.7 / 13.5",13.700
1790445779.951,hud,heading,,,,,"88° / 97°",87.600
1790445779.952,hud,drift,,,,,"14.26%",14.260
1790445779.952,hud,turns,,,,,"✗ turns: 3/15",
1790445779.952,hud,calib_s,,,,,"✓ Buffer 6s",
1790445779.953,marker,gnss,52.37542700,-1.28343800,262.70,true,,
1790445779.953,marker,dr,52.37586267,-1.28158794,272.40,true,,
1790445779.953,marker,reconciled,0.00000000,0.00000000,0.00,false,,
1790445780.004,hud,speed,,,,,"13.8 / 13.5",13.750
1790445780.004,hud,heading,,,,,"88° / 97°",87.900
1790445780.004,hud,drift,,,,,"14.25%",14.250
1790445780.004,hud,turns,,,,,"✗ turns: 3/15",
1790445780.005,hud,calib_s,,,,,"✓ Buffer 6s",
1790445780.005,marker,gnss,52.37542700,-1.28343800,262.70,true,,
1790445780.005,marker,dr,52.37586310,-1.28156776,272.10,true,,
1790445780.006,marker,reconciled,0.00000000,0.00000000,0.00,false,,
1790445780.055,hud,speed,,,,,"13.6 / 13.5",13.610
1790445780.055,hud,heading,,,,,"88° / 97°",88.400
1790445780.055,hud,drift,,,,,"14.25%",14.250
1790445780.056,hud,turns,,,,,"✗ turns: 3/15",
1790445780.056,hud,calib_s,,,,,"✓ Buffer 6s",
1790445780.056,marker,gnss,52.37542700,-1.28343800,262.70,true,,
1790445780.057,marker,dr,52.37586364,-1.28154799,271.60,true,,
1790445780.057,marker,reconciled,0.00000000,0.00000000,0.00,false,,
1790445780.104,hud,speed,,,,,"13.5 / 13.5",13.490
1790445780.105,hud,heading,,,,,"89° / 97°",88.800
1790445780.105,hud,drift,,,,,"14.25%",14.250
1790445780.105,hud,turns,,,,,"✗ turns: 3/15",
1790445780.105,hud,calib_s,,,,,"✓ Buffer 6s",
1790445780.105,marker,gnss,52.37542700,-1.28343800,262.70,true,,
1790445780.106,marker,dr,52.37586433,-1.28152818,271.20,true,,
1790445780.106,marker,reconciled,0.00000000,0.00000000,0.00,false,,
1790445780.157,hud,speed,,,,,"13.4 / 13.5",13.390
1790445780.157,hud,heading,,,,,"89° / 97°",88.500
1790445780.157,hud,drift,,,,,"14.24%",14.240
1790445780.158,hud,turns,,,,,"✗ turns: 3/15",
1790445780.158,hud,calib_s,,,,,"✓ Buffer 6s",
1790445780.158,marker,gnss,52.37542700,-1.28343800,262.70,true,,
1790445780.159,marker,dr,52.37586515,-1.28150834,271.50,true,,
1790445780.159,marker,reconciled,0.00000000,0.00000000,0.00,false,,
1790445780.208,hud,speed,,,,,"13.3 / 13.5",13.280
1790445780.208,hud,heading,,,,,"89° / 97°",88.900
1790445780.208,hud,drift,,,,,"14.24%",14.240
1790445780.209,hud,turns,,,,,"✗ turns: 3/15",
1790445780.209,hud,calib_s,,,,,"✓ Buffer 6s",
1790445780.209,marker,gnss,52.37542700,-1.28343800,262.70,true,,
1790445780.209,marker,dr,52.37586609,-1.28148904,271.10,true,,
1790445780.210,marker,reconciled,0.00000000,0.00000000,0.00,false,,
1790445780.258,hud,speed,,,,,"13.4 / 13.5",13.360
1790445780.259,hud,heading,,,,,"90° / 97°",89.600
1790445780.259,hud,drift,,,,,"14.24%",14.240
1790445780.259,hud,turns,,,,,"✗ turns: 3/15",
1790445780.260,hud,calib_s,,,,,"✓ Buffer 6s",
1790445780.260,marker,gnss,52.37542700,-1.28343800,262.70,true,,
1790445780.261,marker,dr,52.37586720,-1.28146927,270.40,true,,
1790445780.261,marker,reconciled,0.00000000,0.00000000,0.00,false,,
1790445780.313,hud,speed,,,,,"13.1 / 13.5",13.110
1790445780.313,hud,heading,,,,,"89° / 97°",89.300
1790445780.314,hud,drift,,,,,"14.24%",14.240
1790445780.314,hud,turns,,,,,"✗ turns: 3/15",
1790445780.314,hud,calib_s,,,,,"✓ Buffer 6s",
1790445780.315,marker,gnss,52.37542700,-1.28343800,262.70,true,,
1790445780.316,marker,dr,52.37586846,-1.28145020,270.70,true,,
1790445780.316,marker,reconciled,0.00000000,0.00000000,0.00,false,,
1790445780.359,hud,speed,,,,,"13.0 / 13.5",13.010
1790445780.359,hud,heading,,,,,"89° / 97°",89.000
1790445780.360,hud,drift,,,,,"14.24%",14.240
1790445780.360,hud,turns,,,,,"✗ turns: 3/15",
1790445780.360,hud,calib_s,,,,,"✓ Buffer 6s",
1790445780.360,marker,gnss,52.37542700,-1.28343800,262.70,true,,
1790445780.361,marker,dr,52.37586994,-1.28143100,271.00,true,,
1790445780.361,marker,reconciled,0.00000000,0.00000000,0.00,false,,
1790445780.409,hud,speed,,,,,"12.9 / 13.5",12.880
1790445780.409,hud,heading,,,,,"89° / 97°",88.800
1790445780.410,hud,drift,,,,,"14.24%",14.240
1790445780.410,hud,turns,,,,,"✗ turns: 3/15",
1790445780.410,hud,calib_s,,,,,"✓ Buffer 6s",
1790445780.410,marker,gnss,52.37542700,-1.28343800,262.70,true,,
1790445780.411,marker,dr,52.37587152,-1.28141213,271.20,true,,
1790445780.411,marker,reconciled,0.00000000,0.00000000,0.00,false,,
1790445780.463,hud,speed,,,,,"13.0 / 13.5",12.980
1790445780.464,hud,heading,,,,,"89° / 97°",88.500
1790445780.464,hud,drift,,,,,"14.25%",14.250
1790445780.464,hud,turns,,,,,"✗ turns: 3/15",
1790445780.464,hud,calib_s,,,,,"✓ Buffer 6s",
1790445780.465,marker,gnss,52.37542700,-1.28343800,262.70,true,,
1790445780.465,marker,dr,52.37587327,-1.28139316,271.50,true,,
1790445780.465,marker,reconciled,0.00000000,0.00000000,0.00,false,,
1790445780.512,hud,speed,,,,,"13.1 / 13.5",13.100
1790445780.512,hud,heading,,,,,"89° / 97°",89.000
1790445780.512,hud,drift,,,,,"14.25%",14.250
1790445780.513,hud,turns,,,,,"✗ turns: 3/15",
1790445780.513,hud,calib_s,,,,,"✓ Buffer 6s",
1790445780.513,marker,gnss,52.37542700,-1.28343800,262.70,true,,
1790445780.513,marker,dr,52.37587510,-1.28137407,271.00,true,,
1790445780.514,marker,reconciled,0.00000000,0.00000000,0.00,false,,
1790445780.566,hud,speed,,,,,"13.1 / 13.5",13.130
1790445780.566,hud,heading,,,,,"89° / 97°",89.200
1790445780.566,hud,drift,,,,,"14.26%",14.260
1790445780.567,hud,turns,,,,,"✗ turns: 3/15",
1790445780.567,hud,calib_s,,,,,"✓ Buffer 6s",
1790445780.567,marker,gnss,52.37542700,-1.28343800,262.70,true,,
1790445780.568,marker,dr,52.37587708,-1.28135459,270.80,true,,
1790445780.568,marker,reconciled,0.00000000,0.00000000,0.00,false,,
1790445780.615,hud,speed,,,,,"13.0 / 13.5",13.040
1790445780.616,hud,heading,,,,,"89° / 97°",89.200
1790445780.616,hud,drift,,,,,"14.27%",14.270
1790445780.616,hud,turns,,,,,"✗ turns: 3/15",
1790445780.617,hud,calib_s,,,,,"✓ Buffer 6s",
1790445780.617,marker,gnss,52.37542700,-1.28343800,262.70,true,,
1790445780.618,marker,dr,52.37587897,-1.28133528,270.80,true,,
1790445780.618,marker,reconciled,0.00000000,0.00000000,0.00,false,,
1790445780.668,hud,speed,,,,,"13.5 / 13.5",13.470
1790445780.669,hud,heading,,,,,"89° / 97°",89.300
1790445780.669,hud,drift,,,,,"14.28%",14.280
1790445780.669,hud,turns,,,,,"✗ turns: 3/15",
1790445780.669,hud,calib_s,,,,,"✓ Buffer 6s",
1790445780.670,marker,gnss,52.37542700,-1.28343800,262.70,true,,
1790445780.670,marker,dr,52.37588060,-1.28131534,270.70,true,,
1790445780.671,marker,reconciled,0.00000000,0.00000000,0.00,false,,
1790445780.717,hud,speed,,,,,"13.6 / 13.5",13.600
1790445780.718,hud,heading,,,,,"89° / 97°",89.400
1790445780.718,hud,drift,,,,,"14.29%",14.290
1790445780.718,hud,turns,,,,,"✗ turns: 3/15",
1790445780.718,hud,calib_s,,,,,"✓ Buffer 6s",
1790445780.719,marker,gnss,52.37542700,-1.28343800,262.70,true,,
1790445780.719,marker,dr,52.37588214,-1.28129496,270.60,true,,
1790445780.719,marker,reconciled,0.00000000,0.00000000,0.00,false,,
1790445780.766,hud,speed,,,,,"13.8 / 13.5",13.830
1790445780.767,hud,heading,,,,,"89° / 97°",89.300
1790445780.767,hud,drift,,,,,"14.30%",14.300
1790445780.767,hud,turns,,,,,"✗ turns: 3/15",
1790445780.768,hud,calib_s,,,,,"✓ Buffer 6s",
1790445780.768,marker,gnss,52.37542700,-1.28343800,262.70,true,,
1790445780.768,marker,dr,52.37588348,-1.28127452,270.70,true,,
1790445780.769,marker,reconciled,0.00000000,0.00000000,0.00,false,,
1790445780.818,hud,speed,,,,,"14.1 / 13.5",14.100
1790445780.818,hud,heading,,,,,"89° / 97°",89.400
1790445780.819,hud,drift,,,,,"14.32%",14.320
1790445780.819,hud,turns,,,,,"✗ turns: 3/15",
1790445780.819,hud,calib_s,,,,,"✓ Buffer 6s",
1790445780.820,marker,gnss,52.37542700,-1.28343800,262.70,true,,
1790445780.820,marker,dr,52.37588469,-1.28125371,270.60,true,,
1790445780.821,marker,reconciled,0.00000000,0.00000000,0.00,false,,
1790445780.868,hud,speed,,,,,"14.2 / 13.5",14.210
1790445780.869,hud,heading,,,,,"89° / 97°",89.400
1790445780.869,hud,drift,,,,,"14.33%",14.330
1790445780.869,hud,turns,,,,,"✗ turns: 3/15",
1790445780.870,hud,calib_s,,,,,"✓ Buffer 6s",
1790445780.870,marker,gnss,52.37542700,-1.28343800,262.70,true,,
1790445780.870,marker,dr,52.37588575,-1.28123296,270.60,true,,
1790445780.871,marker,reconciled,0.00000000,0.00000000,0.00,false,,
1790445780.922,hud,speed,,,,,"14.3 / 13.5",14.250
1790445780.923,hud,heading,,,,,"89° / 97°",89.400
1790445780.923,hud,drift,,,,,"14.34%",14.340
1790445780.923,hud,turns,,,,,"✗ turns: 3/15",
1790445780.923,hud,calib_s,,,,,"✓ Buffer 6s",
1790445780.924,marker,gnss,52.37542700,-1.28343800,262.70,true,,
1790445780.924,marker,dr,52.37588672,-1.28121200,270.60,true,,
1790445780.925,marker,reconciled,0.00000000,0.00000000,0.00,false,,
1790445780.972,hud,speed,,,,,"14.2 / 13.5",14.200
1790445780.972,hud,heading,,,,,"89° / 97°",89.300
1790445780.973,hud,drift,,,,,"14.35%",14.350
1790445780.973,hud,turns,,,,,"✗ turns: 3/15",
1790445780.973,hud,calib_s,,,,,"✓ Buffer 6s",
1790445780.973,marker,gnss,52.37542700,-1.28343800,262.70,true,,
1790445780.974,marker,dr,52.37588761,-1.28119114,270.70,true,,
1790445780.975,marker,reconciled,0.00000000,0.00000000,0.00,false,,
1790445781.022,hud,speed,,,,,"14.1 / 13.5",14.120
1790445781.022,hud,heading,,,,,"89° / 97°",89.300
1790445781.022,hud,drift,,,,,"14.35%",14.350
1790445781.022,hud,turns,,,,,"✗ turns: 3/15",
1790445781.022,hud,calib_s,,,,,"✓ Buffer 6s",
1790445781.023,marker,gnss,52.37542700,-1.28343800,262.70,true,,
1790445781.023,marker,dr,52.37588845,-1.28117019,270.70,true,,
1790445781.023,marker,reconciled,0.00000000,0.00000000,0.00,false,,
1790445781.074,hud,speed,,,,,"14.0 / 13.5",14.010
1790445781.074,hud,heading,,,,,"89° / 97°",89.100
1790445781.075,hud,drift,,,,,"14.36%",14.360
1790445781.075,hud,turns,,,,,"✗ turns: 3/15",
1790445781.075,hud,calib_s,,,,,"✓ Buffer 6s",
1790445781.076,marker,gnss,52.37542700,-1.28343800,262.70,true,,
1790445781.076,marker,dr,52.37588919,-1.28114964,270.90,true,,
1790445781.077,marker,reconciled,0.00000000,0.00000000,0.00,false,,
1790445781.126,hud,speed,,,,,"13.9 / 13.5",13.880
1790445781.126,hud,heading,,,,,"89° / 97°",89.100
1790445781.127,hud,drift,,,,,"14.36%",14.360
1790445781.127,hud,turns,,,,,"✗ turns: 3/15",
1790445781.127,hud,calib_s,,,,,"✓ Buffer 6s",
1790445781.127,marker,gnss,52.37542700,-1.28343800,262.70,true,,
1790445781.128,marker,dr,52.37588992,-1.28112929,270.90,true,,
1790445781.128,marker,reconciled,0.00000000,0.00000000,0.00,false,,
1790445781.179,hud,speed,,,,,"13.8 / 13.5",13.770
1790445781.179,hud,heading,,,,,"89° / 97°",88.900
1790445781.179,hud,drift,,,,,"14.36%",14.360
1790445781.179,hud,turns,,,,,"✗ turns: 3/15",
1790445781.179,hud,calib_s,,,,,"✓ Buffer 6s",
1790445781.180,marker,gnss,52.37542700,-1.28343800,262.70,true,,
1790445781.180,marker,dr,52.37589058,-1.28110912,271.10,true,,
1790445781.180,marker,reconciled,0.00000000,0.00000000,0.00,false,,
1790445781.224,hud,speed,,,,,"13.6 / 13.5",13.630
1790445781.225,hud,heading,,,,,"89° / 97°",88.900
1790445781.225,hud,drift,,,,,"14.36%",14.360
1790445781.225,hud,turns,,,,,"✗ turns: 3/15",
1790445781.226,hud,calib_s,,,,,"✓ Buffer 6s",
1790445781.226,marker,gnss,52.37542700,-1.28343800,262.70,true,,
1790445781.226,marker,dr,52.37589119,-1.28108913,271.10,true,,
1790445781.227,marker,reconciled,0.00000000,0.00000000,0.00,false,,
1790445781.277,hud,speed,,,,,"13.5 / 13.5",13.490
1790445781.277,hud,heading,,,,,"89° / 97°",88.800
1790445781.278,hud,drift,,,,,"14.36%",14.360
1790445781.278,hud,turns,,,,,"✗ turns: 3/15",
1790445781.278,hud,calib_s,,,,,"✓ Buffer 6s",
1790445781.279,marker,gnss,52.37542700,-1.28343800,262.70,true,,
1790445781.280,marker,dr,52.37589175,-1.28106956,271.20,true,,
1790445781.280,marker,reconciled,0.00000000,0.00000000,0.00,false,,
1790445781.328,hud,speed,,,,,"13.3 / 13.5",13.320
1790445781.328,hud,heading,,,,,"89° / 97°",89.100
1790445781.329,hud,drift,,,,,"14.35%",14.350
1790445781.329,hud,turns,,,,,"✗ turns: 3/15",
1790445781.329,hud,calib_s,,,,,"✓ Buffer 6s",
1790445781.330,marker,gnss,52.37542700,-1.28343800,262.70,true,,
1790445781.331,marker,dr,52.37589227,-1.28105002,270.90,true,,
1790445781.331,marker,reconciled,0.00000000,0.00000000,0.00,false,,
1790445781.376,hud,speed,,,,,"13.3 / 13.5",13.280
1790445781.376,hud,heading,,,,,"89° / 97°",89.100
1790445781.376,hud,drift,,,,,"14.34%",14.340
1790445781.376,hud,turns,,,,,"✗ turns: 3/15",
1790445781.376,hud,calib_s,,,,,"✓ Buffer 6s",
1790445781.377,marker,gnss,52.37542700,-1.28343800,262.70,true,,
1790445781.377,marker,dr,52.37589279,-1.28103033,270.90,true,,
1790445781.377,marker,reconciled,0.00000000,0.00000000,0.00,false,,
1790445781.431,hud,speed,,,,,"13.3 / 13.5",13.290
1790445781.432,hud,heading,,,,,"89° / 97°",89.200
1790445781.432,hud,drift,,,,,"14.34%",14.340
1790445781.432,hud,turns,,,,,"✗ turns: 3/15",
1790445781.432,hud,calib_s,,,,,"✓ Buffer 6s",
1790445781.433,marker,gnss,52.37542700,-1.28343800,262.70,true,,
1790445781.433,marker,dr,52.37589320,-1.28101082,270.80,true,,
1790445781.433,marker,reconciled,0.00000000,0.00000000,0.00,false,,
1790445781.478,hud,speed,,,,,"13.3 / 13.5",13.310
1790445781.479,hud,heading,,,,,"89° / 97°",89.100
1790445781.479,hud,drift,,,,,"14.33%",14.330
1790445781.479,hud,turns,,,,,"✗ turns: 3/15",
1790445781.480,hud,calib_s,,,,,"✓ Buffer 6s",
1790445781.480,marker,gnss,52.37542700,-1.28343800,262.70,true,,
1790445781.480,marker,dr,52.37589352,-1.28099128,270.90,true,,
1790445781.481,marker,reconciled,0.00000000,0.00000000,0.00,false,,
1790445781.532,hud,speed,,,,,"13.3 / 13.5",13.280
1790445781.532,hud,heading,,,,,"89° / 97°",89.000
1790445781.532,hud,drift,,,,,"14.32%",14.320
1790445781.532,hud,turns,,,,,"✗ turns: 3/15",
1790445781.533,hud,calib_s,,,,,"✓ Buffer 6s",
1790445781.533,marker,gnss,52.37542700,-1.28343800,262.70,true,,
1790445781.533,marker,dr,52.37589372,-1.28097198,271.00,true,,
1790445781.533,marker,reconciled,0.00000000,0.00000000,0.00,false,,
1790445781.585,hud,speed,,,,,"13.2 / 13.5",13.190
1790445781.585,hud,heading,,,,,"89° / 97°",89.200
1790445781.585,hud,drift,,,,,"14.31%",14.310
1790445781.585,hud,turns,,,,,"✗ turns: 3/15",
1790445781.586,hud,calib_s,,,,,"✓ Buffer 6s",
1790445781.586,marker,gnss,52.37542700,-1.28343800,262.70,true,,
1790445781.587,marker,dr,52.37589382,-1.28095242,270.80,true,,
1790445781.587,marker,reconciled,0.00000000,0.00000000,0.00,false,,
1790445781.635,hud,speed,,,,,"13.1 / 13.5",13.100
1790445781.636,hud,heading,,,,,"89° / 97°",89.100
1790445781.636,hud,drift,,,,,"14.29%",14.290
1790445781.636,hud,turns,,,,,"✗ turns: 3/15",
1790445781.636,hud,calib_s,,,,,"✓ Buffer 6s",
1790445781.636,marker,gnss,52.37542700,-1.28343800,262.70,true,,
1790445781.637,marker,dr,52.37589387,-1.28093319,270.90,true,,
1790445781.637,marker,reconciled,0.00000000,0.00000000,0.00,false,,
1790445781.689,hud,speed,,,,,"13.0 / 13.5",13.010
1790445781.689,hud,heading,,,,,"89° / 97°",88.900
1790445781.689,hud,drift,,,,,"14.28%",14.280
1790445781.689,hud,turns,,,,,"✗ turns: 3/15",
1790445781.690,hud,calib_s,,,,,"✓ Buffer 6s",
1790445781.690,marker,gnss,52.37542700,-1.28343800,262.70,true,,
1790445781.691,marker,dr,52.37589394,-1.28091408,271.10,true,,
1790445781.691,marker,reconciled,0.00000000,0.00000000,0.00,false,,
1790445781.735,hud,speed,,,,,"12.9 / 13.5",12.920
1790445781.735,hud,heading,,,,,"89° / 97°",88.800
1790445781.736,hud,drift,,,,,"14.26%",14.260
1790445781.736,hud,turns,,,,,"✗ turns: 3/15",
1790445781.736,hud,calib_s,,,,,"✓ Buffer 6s",
1790445781.736,marker,gnss,52.37542700,-1.28343800,262.70,true,,
1790445781.737,marker,dr,52.37589395,-1.28089529,271.20,true,,
1790445781.737,marker,reconciled,0.00000000,0.00000000,0.00,false,,
1790445781.791,hud,speed,,,,,"12.8 / 13.5",12.790
1790445781.792,hud,heading,,,,,"89° / 97°",88.700
1790445781.792,hud,drift,,,,,"14.25%",14.250
1790445781.792,hud,turns,,,,,"✗ turns: 3/15",
1790445781.793,hud,calib_s,,,,,"✓ Buffer 6s",
1790445781.793,marker,gnss,52.37542700,-1.28343800,262.70,true,,
1790445781.793,marker,dr,52.37589396,-1.28087630,271.30,true,,
1790445781.794,marker,reconciled,0.00000000,0.00000000,0.00,false,,
1790445781.837,hud,speed,,,,,"12.6 / 13.5",12.640
1790445781.838,hud,heading,,,,,"89° / 97°",88.600
1790445781.838,hud,drift,,,,,"14.23%",14.230
1790445781.839,hud,turns,,,,,"✗ turns: 3/15",
1790445781.839,hud,calib_s,,,,,"✓ Buffer 6s",
1790445781.839,marker,gnss,52.37542700,-1.28343800,262.70,true,,
1790445781.840,marker,dr,52.37589394,-1.28085791,271.40,true,,
1790445781.841,marker,reconciled,0.00000000,0.00000000,0.00,false,,
1790445781.890,hud,speed,,,,,"12.5 / 13.5",12.480
1790445781.890,hud,heading,,,,,"88° / 97°",88.400
1790445781.891,hud,drift,,,,,"14.21%",14.210
1790445781.891,hud,turns,,,,,"✗ turns: 3/15",
1790445781.891,hud,calib_s,,,,,"✓ Buffer 6s",
1790445781.891,marker,gnss,52.37542700,-1.28343800,262.70,true,,
1790445781.892,marker,dr,52.37589390,-1.28083937,271.60,true,,
1790445781.892,marker,reconciled,0.00000000,0.00000000,0.00,false,,
1790445781.943,hud,speed,,,,,"12.4 / 13.5",12.360
1790445781.943,hud,heading,,,,,"88° / 97°",88.400
1790445781.944,hud,drift,,,,,"14.18%",14.180
1790445781.944,hud,turns,,,,,"✗ turns: 3/15",
1790445781.944,hud,calib_s,,,,,"✓ Buffer 6s",
1790445781.944,marker,gnss,52.37542700,-1.28343800,262.70,true,,
1790445781.945,marker,dr,52.37589386,-1.28082136,271.60,true,,
1790445781.945,marker,reconciled,0.00000000,0.00000000,0.00,false,,
1790445781.990,hud,speed,,,,,"12.2 / 13.5",12.160
1790445781.991,hud,heading,,,,,"88° / 97°",88.400
1790445781.991,hud,drift,,,,,"14.16%",14.160
1790445781.991,hud,turns,,,,,"✗ turns: 3/15",
1790445781.991,hud,calib_s,,,,,"✓ Buffer 6s",
1790445781.992,marker,gnss,52.37542700,-1.28343800,262.70,true,,
1790445781.992,marker,dr,52.37589384,-1.28080329,271.60,true,,
1790445781.992,marker,reconciled,0.00000000,0.00000000,0.00,false,,
1790445782.042,hud,speed,,,,,"12.0 / 13.5",12.030
1790445782.043,hud,heading,,,,,"89° / 97°",88.700
1790445782.043,hud,drift,,,,,"14.14%",14.140
1790445782.043,hud,turns,,,,,"✗ turns: 3/15",
1790445782.043,hud,calib_s,,,,,"✓ Buffer 6s",
1790445782.044,marker,gnss,52.37542700,-1.28343800,262.70,true,,
1790445782.044,marker,dr,52.37589379,-1.28078562,271.30,true,,
1790445782.044,marker,reconciled,0.00000000,0.00000000,0.00,false,,
1790445782.092,hud,speed,,,,,"11.8 / 13.5",11.840
1790445782.092,hud,heading,,,,,"89° / 97°",89.000
1790445782.093,hud,drift,,,,,"14.11%",14.110
1790445782.093,hud,turns,,,,,"✗ turns: 3/15",
1790445782.093,hud,calib_s,,,,,"✓ Buffer 6s",
1790445782.093,marker,gnss,52.37542700,-1.28343800,262.70,true,,
1790445782.094,marker,dr,52.37589377,-1.28076841,271.00,true,,
1790445782.094,marker,reconciled,0.00000000,0.00000000,0.00,false,,
1790445782.143,hud,speed,,,,,"11.7 / 13.5",11.730
1790445782.144,hud,heading,,,,,"89° / 97°",89.000
1790445782.144,hud,drift,,,,,"14.08%",14.080
1790445782.144,hud,turns,,,,,"✗ turns: 3/15",
1790445782.144,hud,calib_s,,,,,"✓ Buffer 6s",
1790445782.145,marker,gnss,52.37542700,-1.28343800,262.70,true,,
1790445782.145,marker,dr,52.37589374,-1.28075120,271.00,true,,
1790445782.145,marker,reconciled,0.00000000,0.00000000,0.00,false,,
1790445782.197,hud,speed,,,,,"11.6 / 9.4",11.550
1790445782.197,hud,heading,,,,,"89° / 109°",89.000
1790445782.197,hud,drift,,,,,"14.92%",14.920
1790445782.198,hud,turns,,,,,"✗ turns: 3/15",
1790445782.198,hud,calib_s,,,,,"✓ Buffer 6s",
1790445782.198,marker,gnss,52.37529800,-1.28182800,250.80,true,,
1790445782.199,marker,dr,52.37589373,-1.28073425,271.00,true,,
1790445782.199,marker,reconciled,0.00000000,0.00000000,0.00,false,,
1790445782.247,hud,speed,,,,,"11.4 / 9.4",11.410
1790445782.247,hud,heading,,,,,"89° / 109°",89.100
1790445782.247,hud,drift,,,,,"14.96%",14.960
1790445782.248,hud,turns,,,,,"✗ turns: 3/15",
1790445782.248,hud,calib_s,,,,,"✓ Buffer 6s",
1790445782.248,marker,gnss,52.37529800,-1.28182800,250.80,true,,
1790445782.248,marker,dr,52.37589369,-1.28071733,270.90,true,,
1790445782.249,marker,reconciled,0.00000000,0.00000000,0.00,false,,
1790445782.300,hud,speed,,,,,"11.3 / 9.4",11.310
1790445782.301,hud,heading,,,,,"89° / 109°",89.200
1790445782.301,hud,drift,,,,,"14.99%",14.990
1790445782.301,hud,turns,,,,,"✗ turns: 3/15",
1790445782.301,hud,calib_s,,,,,"✓ Buffer 6s",
1790445782.302,marker,gnss,52.37529800,-1.28182800,250.80,true,,
1790445782.303,marker,dr,52.37589363,-1.28070074,270.80,true,,
1790445782.303,marker,reconciled,0.00000000,0.00000000,0.00,false,,
1790445782.351,hud,speed,,,,,"11.1 / 9.4",11.120
1790445782.351,hud,heading,,,,,"89° / 109°",88.900
1790445782.352,hud,drift,,,,,"15.03%",15.030
1790445782.352,hud,turns,,,,,"✗ turns: 3/15",
1790445782.352,hud,calib_s,,,,,"✓ Buffer 6s",
1790445782.352,marker,gnss,52.37529800,-1.28182800,250.80,true,,
1790445782.353,marker,dr,52.37589353,-1.28068458,271.10,true,,
1790445782.353,marker,reconciled,0.00000000,0.00000000,0.00,false,,
1790445782.401,hud,speed,,,,,"11.0 / 9.4",10.960
1790445782.401,hud,heading,,,,,"89° / 109°",88.900
1790445782.401,hud,drift,,,,,"15.06%",15.060
1790445782.402,hud,turns,,,,,"✗ turns: 3/15",
1790445782.402,hud,calib_s,,,,,"✓ Buffer 6s",
1790445782.402,marker,gnss,52.37529800,-1.28182800,250.80,true,,
1790445782.402,marker,dr,52.37589340,-1.28066833,271.10,true,,
1790445782.403,marker,reconciled,0.00000000,0.00000000,0.00,false,,
1790445782.453,hud,speed,,,,,"10.8 / 9.4",10.820
1790445782.453,hud,heading,,,,,"89° / 109°",89.000
1790445782.454,hud,drift,,,,,"15.09%",15.090
1790445782.454,hud,turns,,,,,"✗ turns: 3/15",
1790445782.454,hud,calib_s,,,,,"✓ Buffer 6s",
1790445782.454,marker,gnss,52.37529800,-1.28182800,250.80,true,,
1790445782.455,marker,dr,52.37589331,-1.28065244,271.00,true,,
1790445782.455,marker,reconciled,0.00000000,0.00000000,0.00,false,,
1790445782.503,hud,speed,,,,,"10.7 / 9.4",10.720
1790445782.504,hud,heading,,,,,"89° / 109°",89.200
1790445782.504,hud,drift,,,,,"15.12%",15.120
1790445782.504,hud,turns,,,,,"✗ turns: 3/15",
1790445782.504,hud,calib_s,,,,,"✓ Buffer 6s",
1790445782.505,marker,gnss,52.37529800,-1.28182800,250.80,true,,
1790445782.505,marker,dr,52.37589320,-1.28063671,270.80,true,,
1790445782.505,marker,reconciled,0.00000000,0.00000000,0.00,false,,
1790445782.554,hud,speed,,,,,"10.6 / 9.4",10.630
1790445782.555,hud,heading,,,,,"89° / 109°",89.400
1790445782.555,hud,drift,,,,,"15.14%",15.140
1790445782.555,hud,turns,,,,,"✗ turns: 3/15",
1790445782.555,hud,calib_s,,,,,"✓ Buffer 6s",
1790445782.555,marker,gnss,52.37529800,-1.28182800,250.80,true,,
1790445782.556,marker,dr,52.37589304,-1.28062112,270.60,true,,
1790445782.556,marker,reconciled,0.00000000,0.00000000,0.00,false,,
1790445782.605,hud,speed,,,,,"10.5 / 9.4",10.520
1790445782.605,hud,heading,,,,,"90° / 109°",89.600
1790445782.605,hud,drift,,,,,"15.17%",15.170
1790445782.606,hud,turns,,,,,"✗ turns: 3/15",
1790445782.606,hud,calib_s,,,,,"✓ Buffer 6s",
1790445782.606,marker,gnss,52.37529800,-1.28182800,250.80,true,,
1790445782.607,marker,dr,52.37589291,-1.28060584,270.40,true,,
1790445782.607,marker,reconciled,0.00000000,0.00000000,0.00,false,,
1790445782.656,hud,speed,,,,,"10.4 / 9.4",10.420
1790445782.656,hud,heading,,,,,"90° / 109°",89.500
1790445782.657,hud,drift,,,,,"15.19%",15.190
1790445782.657,hud,turns,,,,,"✗ turns: 3/15",
1790445782.657,hud,calib_s,,,,,"✓ Buffer 6s",
1790445782.657,marker,gnss,52.37529800,-1.28182800,250.80,true,,
1790445782.657,marker,dr,52.37589276,-1.28059056,270.50,true,,
1790445782.658,marker,reconciled,0.00000000,0.00000000,0.00,false,,
1790445782.709,hud,speed,,,,,"10.4 / 9.4",10.400
1790445782.710,hud,heading,,,,,"90° / 109°",89.700
1790445782.710,hud,drift,,,,,"15.22%",15.220
1790445782.710,hud,turns,,,,,"✗ turns: 3/15",
1790445782.710,hud,calib_s,,,,,"✓ Buffer 6s",
1790445782.711,marker,gnss,52.37529800,-1.28182800,250.80,true,,
1790445782.711,marker,dr,52.37589257,-1.28057532,270.30,true,,
1790445782.711,marker,reconciled,0.00000000,0.00000000,0.00,false,,
1790445782.759,hud,speed,,,,,"10.3 / 9.4",10.340
1790445782.760,hud,heading,,,,,"90° / 109°",89.700
1790445782.760,hud,drift,,,,,"15.24%",15.240
1790445782.760,hud,turns,,,,,"✗ turns: 3/15",
1790445782.760,hud,calib_s,,,,,"✓ Buffer 6s",
1790445782.761,marker,gnss,52.37529800,-1.28182800,250.80,true,,
1790445782.761,marker,dr,52.37589242,-1.28056002,270.30,true,,
1790445782.762,marker,reconciled,0.00000000,0.00000000,0.00,false,,
1790445782.812,hud,speed,,,,,"10.2 / 9.4",10.230
1790445782.812,hud,heading,,,,,"90° / 109°",89.800
1790445782.812,hud,drift,,,,,"15.26%",15.260
1790445782.813,hud,turns,,,,,"✗ turns: 3/15",
1790445782.813,hud,calib_s,,,,,"✓ Buffer 6s",
1790445782.813,marker,gnss,52.37529800,-1.28182800,250.80,true,,
1790445782.814,marker,dr,52.37589216,-1.28054519,270.20,true,,
1790445782.814,marker,reconciled,0.00000000,0.00000000,0.00,false,,
1790445782.863,hud,speed,,,,,"10.1 / 9.4",10.120
1790445782.863,hud,heading,,,,,"90° / 109°",90.000
1790445782.863,hud,drift,,,,,"15.28%",15.280
1790445782.864,hud,turns,,,,,"✗ turns: 3/15",
1790445782.864,hud,calib_s,,,,,"✓ Buffer 6s",
1790445782.864,marker,gnss,52.37529800,-1.28182800,250.80,true,,
1790445782.865,marker,dr,52.37589187,-1.28053037,270.00,true,,
1790445782.865,marker,reconciled,0.00000000,0.00000000,0.00,false,,
1790445782.912,hud,speed,,,,,"10.1 / 9.4",10.050
1790445782.912,hud,heading,,,,,"90° / 109°",90.100
1790445782.913,hud,drift,,,,,"15.30%",15.300
1790445782.913,hud,turns,,,,,"✗ turns: 3/15",
1790445782.913,hud,calib_s,,,,,"✓ Buffer 6s",
1790445782.913,marker,gnss,52.37529800,-1.28182800,250.80,true,,
1790445782.914,marker,dr,52.37589159,-1.28051566,269.90,true,,
1790445782.914,marker,reconciled,0.00000000,0.00000000,0.00,false,,
1790445782.966,hud,speed,,,,,"9.9 / 9.4",9.850
1790445782.966,hud,heading,,,,,"90° / 109°",90.100
1790445782.966,hud,drift,,,,,"15.32%",15.320
1790445782.967,hud,turns,,,,,"✗ turns: 3/15",
1790445782.967,hud,calib_s,,,,,"✓ Buffer 6s",
1790445782.967,marker,gnss,52.37529800,-1.28182800,250.80,true,,
1790445782.968,marker,dr,52.37589131,-1.28050110,269.90,true,,
1790445782.969,marker,reconciled,0.00000000,0.00000000,0.00,false,,
1790445783.015,hud,speed,,,,,"9.8 / 9.4",9.800
1790445783.015,hud,heading,,,,,"90° / 109°",90.400
1790445783.016,hud,drift,,,,,"15.34%",15.340
1790445783.016,hud,turns,,,,,"✗ turns: 3/15",
1790445783.016,hud,calib_s,,,,,"✓ Buffer 6s",
1790445783.017,marker,gnss,52.37529800,-1.28182800,250.80,true,,
1790445783.017,marker,dr,52.37589102,-1.28048689,269.60,true,,
1790445783.018,marker,reconciled,0.00000000,0.00000000,0.00,false,,
1790445783.065,hud,speed,,,,,"9.8 / 9.4",9.780
1790445783.066,hud,heading,,,,,"90° / 109°",90.400
1790445783.066,hud,drift,,,,,"15.35%",15.350
1790445783.066,hud,turns,,,,,"✗ turns: 3/15",
1790445783.066,hud,calib_s,,,,,"✓ Buffer 6s",
1790445783.067,marker,gnss,52.37529800,-1.28182800,250.80,true,,
1790445783.067,marker,dr,52.37589069,-1.28047259,269.60,true,,
1790445783.067,marker,reconciled,0.00000000,0.00000000,0.00,false,,
1790445783.117,hud,speed,,,,,"9.7 / 9.4",9.740
1790445783.117,hud,heading,,,,,"91° / 109°",90.500
1790445783.117,hud,drift,,,,,"15.37%",15.370
1790445783.117,hud,turns,,,,,"✗ turns: 3/15",
1790445783.118,hud,calib_s,,,,,"✓ Buffer 6s",
1790445783.118,marker,gnss,52.37529800,-1.28182800,250.80,true,,
1790445783.119,marker,dr,52.37589031,-1.28045820,269.50,true,,
1790445783.119,marker,reconciled,0.00000000,0.00000000,0.00,false,,
1790445783.168,hud,speed,,,,,"9.6 / 9.4",9.610
1790445783.168,hud,heading,,,,,"91° / 109°",90.600
1790445783.168,hud,drift,,,,,"15.38%",15.380
1790445783.169,hud,turns,,,,,"✗ turns: 3/15",
1790445783.169,hud,calib_s,,,,,"✓ Buffer 6s",
1790445783.169,marker,gnss,52.37529800,-1.28182800,250.80,true,,
1790445783.170,marker,dr,52.37588983,-1.28044416,269.40,true,,
1790445783.170,marker,reconciled,0.00000000,0.00000000,0.00,false,,
1790445783.220,hud,speed,,,,,"9.5 / 9.4",9.460
1790445783.221,hud,heading,,,,,"91° / 109°",90.800
1790445783.221,hud,drift,,,,,"15.39%",15.390
1790445783.221,hud,turns,,,,,"✗ turns: 3/15",
1790445783.221,hud,calib_s,,,,,"✓ Buffer 6s",
1790445783.222,marker,gnss,52.37529800,-1.28182800,250.80,true,,
1790445783.222,marker,dr,52.37588929,-1.28043036,269.20,true,,
1790445783.223,marker,reconciled,0.00000000,0.00000000,0.00,false,,
1790445783.268,hud,speed,,,,,"9.5 / 9.4",9.480
1790445783.269,hud,heading,,,,,"91° / 109°",91.200
1790445783.269,hud,drift,,,,,"15.40%",15.400
1790445783.269,hud,turns,,,,,"✗ turns: 3/15",
1790445783.269,hud,calib_s,,,,,"✓ Buffer 6s",
1790445783.270,marker,gnss,52.37529800,-1.28182800,250.80,true,,
1790445783.270,marker,dr,52.37588873,-1.28041665,268.80,true,,
1790445783.271,marker,reconciled,0.00000000,0.00000000,0.00,false,,
1790445783.317,hud,speed,,,,,"9.6 / 9.4",9.550
1790445783.317,hud,heading,,,,,"91° / 109°",91.300
1790445783.318,hud,drift,,,,,"15.41%",15.410
1790445783.318,hud,turns,,,,,"✗ turns: 3/15",
1790445783.318,hud,calib_s,,,,,"✓ Buffer 6s",
1790445783.319,marker,gnss,52.37529800,-1.28182800,250.80,true,,
1790445783.319,marker,dr,52.37588810,-1.28040279,268.70,true,,
1790445783.320,marker,reconciled,0.00000000,0.00000000,0.00,false,,
1790445783.372,hud,speed,,,,,"9.4 / 9.4",9.420
1790445783.373,hud,heading,,,,,"91° / 109°",91.400
1790445783.373,hud,drift,,,,,"15.42%",15.420
1790445783.373,hud,turns,,,,,"✗ turns: 3/15",
1790445783.373,hud,calib_s,,,,,"✓ Buffer 6s",
1790445783.374,marker,gnss,52.37529800,-1.28182800,250.80,true,,
1790445783.374,marker,dr,52.37588751,-1.28038893,268.60,true,,
1790445783.375,marker,reconciled,0.00000000,0.00000000,0.00,false,,
1790445783.420,hud,speed,,,,,"9.4 / 9.4",9.370
1790445783.420,hud,heading,,,,,"91° / 109°",91.100
1790445783.420,hud,drift,,,,,"15.42%",15.420
1790445783.421,hud,turns,,,,,"✗ turns: 3/15",
1790445783.421,hud,calib_s,,,,,"✓ Buffer 6s",
1790445783.421,marker,gnss,52.37529800,-1.28182800,250.80,true,,
1790445783.422,marker,dr,52.37588692,-1.28037523,268.90,true,,
1790445783.423,marker,reconciled,0.00000000,0.00000000,0.00,false,,
1790445783.474,hud,speed,,,,,"9.4 / 9.4",9.370
1790445783.474,hud,heading,,,,,"91° / 109°",90.900
1790445783.475,hud,drift,,,,,"15.43%",15.430
1790445783.475,hud,turns,,,,,"✗ turns: 3/15",
1790445783.475,hud,calib_s,,,,,"✓ Buffer 6s",
1790445783.476,marker,gnss,52.37529800,-1.28182800,250.80,true,,
1790445783.476,marker,dr,52.37588635,-1.28036166,269.10,true,,
1790445783.476,marker,reconciled,0.00000000,0.00000000,0.00,false,,
1790445783.520,hud,speed,,,,,"9.4 / 9.4",9.440
1790445783.520,hud,heading,,,,,"91° / 109°",90.800
1790445783.521,hud,drift,,,,,"15.44%",15.440
1790445783.521,hud,turns,,,,,"✗ turns: 3/15",
1790445783.521,hud,calib_s,,,,,"✓ Buffer 6s",
1790445783.522,marker,gnss,52.37529800,-1.28182800,250.80,true,,
1790445783.522,marker,dr,52.37588575,-1.28034772,269.20,true,,
1790445783.523,marker,reconciled,0.00000000,0.00000000,0.00,false,,
1790445783.572,hud,speed,,,,,"9.6 / 9.4",9.570
1790445783.573,hud,heading,,,,,"91° / 109°",90.800
1790445783.573,hud,drift,,,,,"15.45%",15.450
1790445783.573,hud,turns,,,,,"✗ turns: 3/15",
1790445783.573,hud,calib_s,,,,,"✓ Buffer 6s",
1790445783.574,marker,gnss,52.37529800,-1.28182800,250.80,true,,
1790445783.574,marker,dr,52.37588508,-1.28033388,269.20,true,,
1790445783.575,marker,reconciled,0.00000000,0.00000000,0.00,false,,
1790445783.623,hud,speed,,,,,"9.7 / 9.4",9.710
1790445783.624,hud,heading,,,,,"91° / 109°",90.800
1790445783.624,hud,drift,,,,,"15.46%",15.460
1790445783.625,hud,turns,,,,,"✗ turns: 3/15",
1790445783.625,hud,calib_s,,,,,"✓ Buffer 6s",
1790445783.625,marker,gnss,52.37529800,-1.28182800,250.80,true,,
1790445783.626,marker,dr,52.37588439,-1.28031955,269.20,true,,
1790445783.626,marker,reconciled,0.00000000,0.00000000,0.00,false,,
1790445783.673,hud,speed,,,,,"9.8 / 9.4",9.760
1790445783.673,hud,heading,,,,,"91° / 109°",90.800
1790445783.673,hud,drift,,,,,"15.47%",15.470
1790445783.673,hud,turns,,,,,"✗ turns: 3/15",
1790445783.673,hud,calib_s,,,,,"✓ Buffer 6s",
1790445783.674,marker,gnss,52.37529800,-1.28182800,250.80,true,,
1790445783.674,marker,dr,52.37588373,-1.28030541,269.20,true,,
1790445783.675,marker,reconciled,0.00000000,0.00000000,0.00,false,,
1790445783.726,hud,speed,,,,,"9.8 / 9.4",9.830
1790445783.726,hud,heading,,,,,"91° / 109°",91.000
1790445783.727,hud,drift,,,,,"15.48%",15.480
1790445783.727,hud,turns,,,,,"✗ turns: 3/15",
1790445783.727,hud,calib_s,,,,,"✓ Buffer 6s",
1790445783.727,marker,gnss,52.37529800,-1.28182800,250.80,true,,
1790445783.727,marker,dr,52.37588304,-1.28029105,269.00,true,,
1790445783.728,marker,reconciled,0.00000000,0.00000000,0.00,false,,
1790445783.775,hud,speed,,,,,"9.9 / 9.4",9.920
1790445783.775,hud,heading,,,,,"91° / 109°",91.300
1790445783.775,hud,drift,,,,,"15.50%",15.500
1790445783.775,hud,turns,,,,,"✗ turns: 3/15",
1790445783.776,hud,calib_s,,,,,"✓ Buffer 6s",
1790445783.776,marker,gnss,52.37529800,-1.28182800,250.80,true,,
1790445783.776,marker,dr,52.37588235,-1.28027641,268.70,true,,
1790445783.777,marker,reconciled,0.00000000,0.00000000,0.00,false,,
1790445783.828,hud,speed,,,,,"10.1 / 9.4",10.070
1790445783.828,hud,heading,,,,,"91° / 109°",91.300
1790445783.828,hud,drift,,,,,"15.51%",15.510
1790445783.829,hud,turns,,,,,"✗ turns: 3/15",
1790445783.829,hud,calib_s,,,,,"✓ Buffer 6s",
1790445783.829,marker,gnss,52.37529800,-1.28182800,250.80,true,,
1790445783.830,marker,dr,52.37588165,-1.28026187,268.70,true,,
1790445783.830,marker,reconciled,0.00000000,0.00000000,0.00,false,,
1790445783.878,hud,speed,,,,,"10.2 / 9.4",10.170
1790445783.878,hud,heading,,,,,"91° / 109°",91.400
1790445783.879,hud,drift,,,,,"15.53%",15.530
1790445783.879,hud,turns,,,,,"✗ turns: 3/15",
1790445783.879,hud,calib_s,,,,,"✓ Buffer 6s",
1790445783.879,marker,gnss,52.37529800,-1.28182800,250.80,true,,
1790445783.880,marker,dr,52.37588090,-1.28024690,268.60,true,,
1790445783.880,marker,reconciled,0.00000000,0.00000000,0.00,false,,
1790445783.928,hud,speed,,,,,"10.3 / 9.4",10.280
1790445783.929,hud,heading,,,,,"91° / 109°",91.400
1790445783.929,hud,drift,,,,,"15.54%",15.540
1790445783.929,hud,turns,,,,,"✗ turns: 3/15",
1790445783.929,hud,calib_s,,,,,"✓ Buffer 6s",
1790445783.930,marker,gnss,52.37529800,-1.28182800,250.80,true,,
1790445783.930,marker,dr,52.37588019,-1.28023207,268.60,true,,
1790445783.930,marker,reconciled,0.00000000,0.00000000,0.00,false,,
1790445783.984,hud,speed,,,,,"10.4 / 9.4",10.360
1790445783.984,hud,heading,,,,,"92° / 109°",91.500
1790445783.984,hud,drift,,,,,"15.56%",15.560
1790445783.985,hud,turns,,,,,"✗ turns: 3/15",
1790445783.985,hud,calib_s,,,,,"✓ Buffer 6s",
1790445783.985,marker,gnss,52.37529800,-1.28182800,250.80,true,,
1790445783.986,marker,dr,52.37587951,-1.28021680,268.50,true,,
1790445783.986,marker,reconciled,0.00000000,0.00000000,0.00,false,,
1790445784.032,hud,speed,,,,,"10.4 / 9.4",10.440
1790445784.033,hud,heading,,,,,"91° / 109°",91.300
1790445784.033,hud,drift,,,,,"15.58%",15.580
1790445784.033,hud,turns,,,,,"✗ turns: 3/15",
1790445784.034,hud,calib_s,,,,,"✓ Buffer 6s",
1790445784.034,marker,gnss,52.37529800,-1.28182800,250.80,true,,
1790445784.035,marker,dr,52.37587879,-1.28020154,268.70,true,,
1790445784.035,marker,reconciled,0.00000000,0.00000000,0.00,false,,
1790445784.083,hud,speed,,,,,"10.6 / 9.4",10.590
1790445784.083,hud,heading,,,,,"91° / 109°",91.300
1790445784.083,hud,drift,,,,,"15.60%",15.600
1790445784.083,hud,turns,,,,,"✗ turns: 3/15",
1790445784.084,hud,calib_s,,,,,"✓ Buffer 6s",
1790445784.084,marker,gnss,52.37529800,-1.28182800,250.80,true,,
1790445784.084,marker,dr,52.37587808,-1.28018606,268.70,true,,
1790445784.085,marker,reconciled,0.00000000,0.00000000,0.00,false,,
1790445784.130,hud,speed,,,,,"10.7 / 9.4",10.680
1790445784.131,hud,heading,,,,,"91° / 109°",90.900
1790445784.131,hud,drift,,,,,"15.61%",15.610
1790445784.132,hud,turns,,,,,"✗ turns: 3/15",
1790445784.132,hud,calib_s,,,,,"✓ Buffer 6s",
1790445784.132,marker,gnss,52.37529800,-1.28182800,250.80,true,,
1790445784.133,marker,dr,52.37587733,-1.28017058,269.10,true,,
1790445784.133,marker,reconciled,0.00000000,0.00000000,0.00,false,,
1790445784.182,hud,speed,,,,,"10.8 / 9.4",10.780
1790445784.182,hud,heading,,,,,"91° / 109°",90.800
1790445784.183,hud,drift,,,,,"15.63%",15.630
1790445784.183,hud,turns,,,,,"✗ turns: 3/15",
1790445784.183,hud,calib_s,,,,,"✓ Buffer 6s",
1790445784.183,marker,gnss,52.37529800,-1.28182800,250.80,true,,
1790445784.184,marker,dr,52.37587647,-1.28015476,269.20,true,,
1790445784.184,marker,reconciled,0.00000000,0.00000000,0.00,false,,
1790445784.239,hud,speed,,,,,"10.9 / 9.4",10.910
1790445784.239,hud,heading,,,,,"91° / 109°",90.800
1790445784.240,hud,drift,,,,,"15.66%",15.660
1790445784.240,hud,turns,,,,,"✗ turns: 3/15",
1790445784.240,hud,calib_s,,,,,"✓ Buffer 6s",
1790445784.241,marker,gnss,52.37529800,-1.28182800,250.80,true,,
1790445784.241,marker,dr,52.37587560,-1.28013858,269.20,true,,
1790445784.241,marker,reconciled,0.00000000,0.00000000,0.00,false,,
1790445784.285,hud,speed,,,,,"11.0 / 9.4",11.000
1790445784.286,hud,heading,,,,,"91° / 109°",90.700
1790445784.286,hud,drift,,,,,"15.68%",15.680
1790445784.286,hud,turns,,,,,"✗ turns: 3/15",
1790445784.286,hud,calib_s,,,,,"✓ Buffer 6s",
1790445784.287,marker,gnss,52.37529800,-1.28182800,250.80,true,,
1790445784.287,marker,dr,52.37587478,-1.28012258,269.30,true,,
1790445784.287,marker,reconciled,0.00000000,0.00000000,0.00,false,,
1790445784.333,hud,speed,,,,,"11.1 / 9.4",11.130
1790445784.334,hud,heading,,,,,"91° / 109°",91.100
1790445784.334,hud,drift,,,,,"15.70%",15.700
1790445784.334,hud,turns,,,,,"✗ turns: 3/15",
1790445784.335,hud,calib_s,,,,,"✓ Buffer 6s",
1790445784.335,marker,gnss,52.37529800,-1.28182800,250.80,true,,
1790445784.335,marker,dr,52.37587398,-1.28010629,268.90,true,,
1790445784.336,marker,reconciled,0.00000000,0.00000000,0.00,false,,
1790445784.388,hud,speed,,,,,"11.3 / 9.4",11.250
1790445784.389,hud,heading,,,,,"91° / 109°",91.000
1790445784.389,hud,drift,,,,,"15.73%",15.730
1790445784.389,hud,turns,,,,,"✗ turns: 3/15",
1790445784.389,hud,calib_s,,,,,"✓ Buffer 6s",
1790445784.389,marker,gnss,52.37529800,-1.28182800,250.80,true,,
1790445784.390,marker,dr,52.37587320,-1.28008966,269.00,true,,
1790445784.390,marker,reconciled,0.00000000,0.00000000,0.00,false,,
1790445784.441,hud,speed,,,,,"11.4 / 9.4",11.440
1790445784.442,hud,heading,,,,,"91° / 109°",91.300
1790445784.442,hud,drift,,,,,"15.75%",15.750
1790445784.442,hud,turns,,,,,"✗ turns: 3/15",
1790445784.443,hud,calib_s,,,,,"✓ Buffer 6s",
1790445784.443,marker,gnss,52.37529800,-1.28182800,250.80,true,,
1790445784.443,marker,dr,52.37587242,-1.28007309,268.70,true,,
1790445784.444,marker,reconciled,0.00000000,0.00000000,0.00,false,,
1790445784.493,hud,speed,,,,,"11.5 / 9.4",11.540
1790445784.493,hud,heading,,,,,"92° / 109°",91.500
1790445784.493,hud,drift,,,,,"15.78%",15.780
1790445784.494,hud,turns,,,,,"✗ turns: 3/15",
1790445784.494,hud,calib_s,,,,,"✓ Buffer 6s",
1790445784.494,marker,gnss,52.37529800,-1.28182800,250.80,true,,
1790445784.495,marker,dr,52.37587161,-1.28005625,268.50,true,,
1790445784.495,marker,reconciled,0.00000000,0.00000000,0.00,false,,
1790445784.540,hud,speed,,,,,"11.6 / 9.4",11.630
1790445784.541,hud,heading,,,,,"92° / 109°",91.500
1790445784.541,hud,drift,,,,,"15.81%",15.810
1790445784.541,hud,turns,,,,,"✗ turns: 3/15",
1790445784.542,hud,calib_s,,,,,"✓ Buffer 6s",
1790445784.542,marker,gnss,52.37529800,-1.28182800,250.80,true,,
1790445784.542,marker,dr,52.37587081,-1.28003911,268.50,true,,
1790445784.543,marker,reconciled,0.00000000,0.00000000,0.00,false,,
1790445784.590,hud,speed,,,,,"11.7 / 9.4",11.700
1790445784.590,hud,heading,,,,,"91° / 109°",91.000
1790445784.590,hud,drift,,,,,"15.84%",15.840
1790445784.591,hud,turns,,,,,"✗ turns: 3/15",
1790445784.591,hud,calib_s,,,,,"✓ Buffer 6s",
1790445784.591,marker,gnss,52.37529800,-1.28182800,250.80,true,,
1790445784.592,marker,dr,52.37586999,-1.28002198,269.00,true,,
1790445784.592,marker,reconciled,0.00000000,0.00000000,0.00,false,,
1790445784.643,hud,speed,,,,,"11.8 / 9.4",11.770
1790445784.643,hud,heading,,,,,"91° / 109°",90.700
1790445784.643,hud,drift,,,,,"15.87%",15.870
1790445784.644,hud,turns,,,,,"✗ turns: 3/15",
1790445784.644,hud,calib_s,,,,,"✓ Buffer 6s",
1790445784.644,marker,gnss,52.37529800,-1.28182800,250.80,true,,
1790445784.645,marker,dr,52.37586909,-1.28000490,269.30,true,,
1790445784.645,marker,reconciled,0.00000000,0.00000000,0.00,false,,
1790445784.696,hud,speed,,,,,"11.7 / 9.4",11.670
1790445784.697,hud,heading,,,,,"91° / 109°",90.600
1790445784.697,hud,drift,,,,,"15.89%",15.890
1790445784.697,hud,turns,,,,,"✗ turns: 3/15",
1790445784.698,hud,calib_s,,,,,"✓ Buffer 6s",
1790445784.698,marker,gnss,52.37529800,-1.28182800,250.80,true,,
1790445784.698,marker,dr,52.37586804,-1.27998773,269.40,true,,
1790445784.699,marker,reconciled,0.00000000,0.00000000,0.00,false,,
1790445784.747,hud,speed,,,,,"11.9 / 9.4",11.910
1790445784.747,hud,heading,,,,,"90° / 109°",90.300
1790445784.747,hud,drift,,,,,"15.92%",15.920
1790445784.748,hud,turns,,,,,"✗ turns: 3/15",
1790445784.748,hud,calib_s,,,,,"✓ Buffer 6s",
1790445784.748,marker,gnss,52.37529800,-1.28182800,250.80,true,,
1790445784.749,marker,dr,52.37586700,-1.27997027,269.70,true,,
1790445784.749,marker,reconciled,0.00000000,0.00000000,0.00,false,,
1790445784.796,hud,speed,,,,,"12.0 / 9.4",12.030
1790445784.796,hud,heading,,,,,"91° / 109°",90.600
1790445784.796,hud,drift,,,,,"15.95%",15.950
1790445784.797,hud,turns,,,,,"✗ turns: 3/15",
1790445784.797,hud,calib_s,,,,,"✓ Buffer 6s",
1790445784.797,marker,gnss,52.37529800,-1.28182800,250.80,true,,
1790445784.797,marker,dr,52.37586606,-1.27995246,269.40,true,,
1790445784.798,marker,reconciled,0.00000000,0.00000000,0.00,false,,
1790445784.847,hud,speed,,,,,"12.2 / 9.4",12.160
1790445784.848,hud,heading,,,,,"90° / 109°",90.000
1790445784.848,hud,drift,,,,,"15.98%",15.980
1790445784.848,hud,turns,,,,,"✗ turns: 3/15",
1790445784.849,hud,calib_s,,,,,"✓ Buffer 6s",
1790445784.849,marker,gnss,52.37529800,-1.28182800,250.80,true,,
1790445784.849,marker,dr,52.37586513,-1.27993482,270.00,true,,
1790445784.849,marker,reconciled,0.00000000,0.00000000,0.00,false,,
1790445784.899,hud,speed,,,,,"12.2 / 9.4",12.240
1790445784.899,hud,heading,,,,,"90° / 109°",89.800
1790445784.899,hud,drift,,,,,"16.02%",16.020
1790445784.899,hud,turns,,,,,"✗ turns: 3/15",
1790445784.900,hud,calib_s,,,,,"✓ Buffer 6s",
1790445784.900,marker,gnss,52.37529800,-1.28182800,250.80,true,,
1790445784.900,marker,dr,52.37586413,-1.27991678,270.20,true,,
1790445784.900,marker,reconciled,0.00000000,0.00000000,0.00,false,,
1790445784.948,hud,speed,,,,,"12.3 / 9.4",12.260
1790445784.948,hud,heading,,,,,"90° / 109°",89.800
1790445784.948,hud,drift,,,,,"16.05%",16.050
1790445784.949,hud,turns,,,,,"✗ turns: 3/15",
1790445784.949,hud,calib_s,,,,,"✓ Buffer 6s",
1790445784.949,marker,gnss,52.37529800,-1.28182800,250.80,true,,
1790445784.950,marker,dr,52.37586318,-1.27989841,270.20,true,,
1790445784.950,marker,reconciled,0.00000000,0.00000000,0.00,false,,
1790445785.000,hud,speed,,,,,"12.3 / 9.4",12.280
1790445785.001,hud,heading,,,,,"90° / 109°",89.700
1790445785.001,hud,drift,,,,,"16.09%",16.090
1790445785.001,hud,turns,,,,,"✗ turns: 3/15",
1790445785.001,hud,calib_s,,,,,"✓ Buffer 6s",
1790445785.002,marker,gnss,52.37529800,-1.28182800,250.80,true,,
1790445785.002,marker,dr,52.37586235,-1.27988023,270.30,true,,
1790445785.003,marker,reconciled,0.00000000,0.00000000,0.00,false,,
1790445785.051,hud,speed,,,,,"12.5 / 9.4",12.480
1790445785.051,hud,heading,,,,,"90° / 109°",89.700
1790445785.052,hud,drift,,,,,"16.12%",16.120
1790445785.052,hud,turns,,,,,"✗ turns: 3/15",
1790445785.052,hud,calib_s,,,,,"✓ Buffer 6s",
1790445785.052,marker,gnss,52.37529800,-1.28182800,250.80,true,,
1790445785.053,marker,dr,52.37586163,-1.27986177,270.30,true,,
1790445785.053,marker,reconciled,0.00000000,0.00000000,0.00,false,,
1790445785.100,hud,speed,,,,,"12.7 / 9.4",12.660
1790445785.101,hud,heading,,,,,"90° / 109°",89.600
1790445785.101,hud,drift,,,,,"16.17%",16.170
1790445785.101,hud,turns,,,,,"✗ turns: 3/15",
1790445785.102,hud,calib_s,,,,,"✓ Buffer 6s",
1790445785.102,marker,gnss,52.37529800,-1.28182800,250.80,true,,
1790445785.103,marker,dr,52.37586102,-1.27984328,270.40,true,,
1790445785.103,marker,reconciled,0.00000000,0.00000000,0.00,false,,
1790445785.155,hud,speed,,,,,"12.8 / 9.4",12.810
1790445785.155,hud,heading,,,,,"89° / 109°",89.300
1790445785.155,hud,drift,,,,,"16.21%",16.210
1790445785.155,hud,turns,,,,,"✗ turns: 3/15",
1790445785.156,hud,calib_s,,,,,"✓ Buffer 6s",
1790445785.156,marker,gnss,52.37529800,-1.28182800,250.80,true,,
1790445785.156,marker,dr,52.37586043,-1.27982443,270.70,true,,
1790445785.156,marker,reconciled,0.00000000,0.00000000,0.00,false,,
1790445785.205,hud,speed,,,,,"12.8 / 9.4",12.790
1790445785.205,hud,heading,,,,,"89° / 109°",89.000
1790445785.205,hud,drift,,,,,"16.25%",16.250
1790445785.205,hud,turns,,,,,"✗ turns: 3/15",
1790445785.205,hud,calib_s,,,,,"✓ Buffer 6s",
1790445785.206,marker,gnss,52.37529800,-1.28182800,250.80,true,,
1790445785.206,marker,dr,52.37585977,-1.27980560,271.00,true,,
1790445785.207,marker,reconciled,0.00000000,0.00000000,0.00,false,,
1790445785.258,hud,speed,,,,,"12.7 / 9.4",12.650
1790445785.258,hud,heading,,,,,"89° / 109°",88.900
1790445785.259,hud,drift,,,,,"16.29%",16.290
1790445785.259,hud,turns,,,,,"✗ turns: 3/15",
1790445785.259,hud,calib_s,,,,,"✓ Buffer 6s",
1790445785.260,marker,gnss,52.37529800,-1.28182800,250.80,true,,
1790445785.260,marker,dr,52.37585905,-1.27978674,271.10,true,,
1790445785.260,marker,reconciled,0.00000000,0.00000000,0.00,false,,
1790445785.308,hud,speed,,,,,"12.7 / 9.4",12.680
1790445785.308,hud,heading,,,,,"89° / 109°",88.900
1790445785.308,hud,drift,,,,,"16.33%",16.330
1790445785.308,hud,turns,,,,,"✗ turns: 3/15",
1790445785.309,hud,calib_s,,,,,"✓ Buffer 6s",
1790445785.309,marker,gnss,52.37529800,-1.28182800,250.80,true,,
1790445785.309,marker,dr,52.37585838,-1.27976770,271.10,true,,
1790445785.309,marker,reconciled,0.00000000,0.00000000,0.00,false,,
1790445785.358,hud,speed,,,,,"12.9 / 9.4",12.850
1790445785.358,hud,heading,,,,,"89° / 109°",89.200
1790445785.359,hud,drift,,,,,"16.37%",16.370
1790445785.359,hud,turns,,,,,"✗ turns: 3/15",
1790445785.359,hud,calib_s,,,,,"✓ Buffer 6s",
1790445785.359,marker,gnss,52.37529800,-1.28182800,250.80,true,,
1790445785.360,marker,dr,52.37585781,-1.27974882,270.80,true,,
1790445785.360,marker,reconciled,0.00000000,0.00000000,0.00,false,,
1790445785.410,hud,speed,,,,,"13.1 / 9.4",13.140
1790445785.411,hud,heading,,,,,"89° / 109°",89.400
1790445785.411,hud,drift,,,,,"16.42%",16.420
1790445785.411,hud,turns,,,,,"✗ turns: 3/15",
1790445785.412,hud,calib_s,,,,,"✓ Buffer 6s",
1790445785.412,marker,gnss,52.37529800,-1.28182800,250.80,true,,
1790445785.412,marker,dr,52.37585725,-1.27972951,270.60,true,,
1790445785.413,marker,reconciled,0.00000000,0.00000000,0.00,false,,
1790445785.459,hud,speed,,,,,"13.3 / 9.4",13.300
1790445785.460,hud,heading,,,,,"89° / 109°",89.400
1790445785.460,hud,drift,,,,,"16.47%",16.470
1790445785.460,hud,turns,,,,,"✗ turns: 3/15",
1790445785.460,hud,calib_s,,,,,"✓ Buffer 6s",
1790445785.461,marker,gnss,52.37529800,-1.28182800,250.80,true,,
1790445785.461,marker,dr,52.37585674,-1.27970994,270.60,true,,
1790445785.462,marker,reconciled,0.00000000,0.00000000,0.00,false,,
1790445785.511,hud,speed,,,,,"13.5 / 9.4",13.480
1790445785.512,hud,heading,,,,,"90° / 109°",89.500
1790445785.512,hud,drift,,,,,"16.52%",16.520
1790445785.512,hud,turns,,,,,"✗ turns: 3/15",
1790445785.512,hud,calib_s,,,,,"✓ Buffer 6s",
1790445785.513,marker,gnss,52.37529800,-1.28182800,250.80,true,,
1790445785.513,marker,dr,52.37585635,-1.27969032,270.50,true,,
1790445785.513,marker,reconciled,0.00000000,0.00000000,0.00,false,,
1790445785.562,hud,speed,,,,,"13.6 / 9.4",13.630
1790445785.562,hud,heading,,,,,"89° / 109°",89.200
1790445785.562,hud,drift,,,,,"16.57%",16.570
1790445785.563,hud,turns,,,,,"✗ turns: 3/15",
1790445785.563,hud,calib_s,,,,,"✓ Buffer 6s",
1790445785.563,marker,gnss,52.37529800,-1.28182800,250.80,true,,
1790445785.563,marker,dr,52.37585585,-1.27967009,270.80,true,,
1790445785.564,marker,reconciled,0.00000000,0.00000000,0.00,false,,
1790445785.613,hud,speed,,,,,"13.8 / 9.4",13.750
1790445785.614,hud,heading,,,,,"89° / 109°",89.100
1790445785.614,hud,drift,,,,,"16.62%",16.620
1790445785.614,hud,turns,,,,,"✗ turns: 3/15",
1790445785.614,hud,calib_s,,,,,"✓ Buffer 6s",
1790445785.615,marker,gnss,52.37529800,-1.28182800,250.80,true,,
1790445785.615,marker,dr,52.37585533,-1.27964984,270.90,true,,
1790445785.616,marker,reconciled,0.00000000,0.00000000,0.00,false,,
1790445785.667,hud,speed,,,,,"13.8 / 9.4",13.750
1790445785.667,hud,heading,,,,,"89° / 109°",89.300
1790445785.667,hud,drift,,,,,"16.67%",16.670
1790445785.668,hud,turns,,,,,"✗ turns: 3/15",
1790445785.668,hud,calib_s,,,,,"✓ Buffer 6s",
1790445785.668,marker,gnss,52.37529800,-1.28182800,250.80,true,,
1790445785.669,marker,dr,52.37585497,-1.27962984,270.70,true,,
1790445785.669,marker,reconciled,0.00000000,0.00000000,0.00,false,,
1790445785.713,hud,speed,,,,,"13.8 / 9.4",13.800
1790445785.713,hud,heading,,,,,"89° / 109°",89.200
1790445785.713,hud,drift,,,,,"16.72%",16.720
1790445785.714,hud,turns,,,,,"✗ turns: 3/15",
1790445785.714,hud,calib_s,,,,,"✓ Buffer 6s",
1790445785.714,marker,gnss,52.37529800,-1.28182800,250.80,true,,
1790445785.715,marker,dr,52.37585462,-1.27960955,270.80,true,,
1790445785.715,marker,reconciled,0.00000000,0.00000000,0.00,false,,
1790445785.767,hud,speed,,,,,"14.0 / 9.4",14.000
1790445785.768,hud,heading,,,,,"89° / 109°",89.200
1790445785.768,hud,drift,,,,,"16.78%",16.780
1790445785.768,hud,turns,,,,,"✗ turns: 3/15",
1790445785.769,hud,calib_s,,,,,"✓ Buffer 6s",
1790445785.769,marker,gnss,52.37529800,-1.28182800,250.80,true,,
1790445785.769,marker,dr,52.37585436,-1.27958896,270.80,true,,
1790445785.770,marker,reconciled,0.00000000,0.00000000,0.00,false,,
1790445785.816,hud,speed,,,,,"14.2 / 9.4",14.180
1790445785.816,hud,heading,,,,,"89° / 109°",89.300
1790445785.817,hud,drift,,,,,"16.84%",16.840
1790445785.817,hud,turns,,,,,"✗ turns: 3/15",
1790445785.817,hud,calib_s,,,,,"✓ Buffer 6s",
1790445785.818,marker,gnss,52.37529800,-1.28182800,250.80,true,,
1790445785.818,marker,dr,52.37585414,-1.27956792,270.70,true,,
1790445785.819,marker,reconciled,0.00000000,0.00000000,0.00,false,,
1790445785.865,hud,speed,,,,,"14.3 / 9.4",14.280
1790445785.866,hud,heading,,,,,"89° / 109°",89.200
1790445785.866,hud,drift,,,,,"16.90%",16.900
1790445785.866,hud,turns,,,,,"✗ turns: 3/15",
1790445785.866,hud,calib_s,,,,,"✓ Buffer 6s",
1790445785.867,marker,gnss,52.37529800,-1.28182800,250.80,true,,
1790445785.867,marker,dr,52.37585396,-1.27954693,270.80,true,,
1790445785.867,marker,reconciled,0.00000000,0.00000000,0.00,false,,
1790445785.919,hud,speed,,,,,"14.4 / 9.4",14.440
1790445785.919,hud,heading,,,,,"89° / 109°",89.300
1790445785.920,hud,drift,,,,,"16.96%",16.960
1790445785.920,hud,turns,,,,,"✗ turns: 3/15",
1790445785.920,hud,calib_s,,,,,"✓ Buffer 6s",
1790445785.920,marker,gnss,52.37529800,-1.28182800,250.80,true,,
1790445785.921,marker,dr,52.37585377,-1.27952593,270.70,true,,
1790445785.921,marker,reconciled,0.00000000,0.00000000,0.00,false,,
1790445785.967,hud,speed,,,,,"14.6 / 9.4",14.580
1790445785.968,hud,heading,,,,,"89° / 109°",89.200
1790445785.968,hud,drift,,,,,"17.02%",17.020
1790445785.968,hud,turns,,,,,"✗ turns: 3/15",
1790445785.969,hud,calib_s,,,,,"✓ Buffer 6s",
1790445785.969,marker,gnss,52.37529800,-1.28182800,250.80,true,,
1790445785.969,marker,dr,52.37585359,-1.27950451,270.80,true,,
1790445785.970,marker,reconciled,0.00000000,0.00000000,0.00,false,,
1790445786.021,hud,speed,,,,,"14.7 / 9.4",14.680
1790445786.022,hud,heading,,,,,"89° / 109°",89.200
1790445786.022,hud,drift,,,,,"17.08%",17.080
1790445786.022,hud,turns,,,,,"✗ turns: 3/15",
1790445786.022,hud,calib_s,,,,,"✓ Buffer 6s",
1790445786.023,marker,gnss,52.37529800,-1.28182800,250.80,true,,
1790445786.023,marker,dr,52.37585339,-1.27948295,270.80,true,,
1790445786.023,marker,reconciled,0.00000000,0.00000000,0.00,false,,
1790445786.067,hud,speed,,,,,"14.8 / 9.4",14.810
1790445786.068,hud,heading,,,,,"89° / 109°",89.300
1790445786.068,hud,drift,,,,,"17.15%",17.150
1790445786.068,hud,turns,,,,,"✗ turns: 3/15",
1790445786.069,hud,calib_s,,,,,"✓ Buffer 6s",
1790445786.069,marker,gnss,52.37529800,-1.28182800,250.80,true,,
1790445786.069,marker,dr,52.37585323,-1.27946121,270.70,true,,
1790445786.070,marker,reconciled,0.00000000,0.00000000,0.00,false,,
1790445786.123,hud,speed,,,,,"14.9 / 9.4",14.920
1790445786.123,hud,heading,,,,,"89° / 109°",89.200
1790445786.124,hud,drift,,,,,"17.21%",17.210
1790445786.124,hud,turns,,,,,"✗ turns: 3/15",
1790445786.124,hud,calib_s,,,,,"✓ Buffer 6s",
1790445786.125,marker,gnss,52.37529800,-1.28182800,250.80,true,,
1790445786.125,marker,dr,52.37585313,-1.27943929,270.80,true,,
1790445786.125,marker,reconciled,0.00000000,0.00000000,0.00,false,,
1790445786.175,hud,speed,,,,,"15.1 / 9.4",15.050
1790445786.175,hud,heading,,,,,"89° / 109°",89.300
1790445786.176,hud,drift,,,,,"17.28%",17.280
1790445786.176,hud,turns,,,,,"✗ turns: 3/15",
1790445786.176,hud,calib_s,,,,,"✓ Buffer 6s",
1790445786.176,marker,gnss,52.37529800,-1.28182800,250.80,true,,
1790445786.177,marker,dr,52.37585301,-1.27941697,270.70,true,,
1790445786.177,marker,reconciled,0.00000000,0.00000000,0.00,false,,
1790445786.223,hud,speed,,,,,"15.2 / 9.4",15.180
1790445786.223,hud,heading,,,,,"90° / 109°",89.500
1790445786.223,hud,drift,,,,,"17.35%",17.350
1790445786.224,hud,turns,,,,,"✗ turns: 3/15",
1790445786.224,hud,calib_s,,,,,"✓ Buffer 6s",
1790445786.224,marker,gnss,52.37529800,-1.28182800,250.80,true,,
1790445786.224,marker,dr,52.37585289,-1.27939469,270.50,true,,
1790445786.225,marker,reconciled,0.00000000,0.00000000,0.00,false,,
1790445786.279,hud,speed,,,,,"15.3 / 9.4",15.280
1790445786.279,hud,heading,,,,,"90° / 109°",89.700
1790445786.280,hud,drift,,,,,"17.42%",17.420
1790445786.280,hud,turns,,,,,"✗ turns: 3/15",
1790445786.280,hud,calib_s,,,,,"✓ Buffer 6s",
1790445786.281,marker,gnss,52.37529800,-1.28182800,250.80,true,,
1790445786.282,marker,dr,52.37585272,-1.27937249,270.30,true,,
1790445786.283,marker,reconciled,0.00000000,0.00000000,0.00,false,,
1790445786.325,hud,speed,,,,,"15.4 / 9.4",15.390
1790445786.325,hud,heading,,,,,"90° / 109°",89.800
1790445786.326,hud,drift,,,,,"17.49%",17.490
1790445786.326,hud,turns,,,,,"✗ turns: 3/15",
1790445786.326,hud,calib_s,,,,,"✓ Buffer 6s",
1790445786.327,marker,gnss,52.37529800,-1.28182800,250.80,true,,
1790445786.327,marker,dr,52.37585255,-1.27934969,270.20,true,,
1790445786.328,marker,reconciled,0.00000000,0.00000000,0.00,false,,
1790445786.379,hud,speed,,,,,"15.5 / 9.4",15.510
1790445786.379,hud,heading,,,,,"90° / 109°",89.800
1790445786.379,hud,drift,,,,,"17.56%",17.560
1790445786.380,hud,turns,,,,,"✗ turns: 3/15",
1790445786.380,hud,calib_s,,,,,"✓ Buffer 6s",
1790445786.380,marker,gnss,52.37529800,-1.28182800,250.80,true,,
1790445786.380,marker,dr,52.37585237,-1.27932715,270.20,true,,
1790445786.381,marker,reconciled,0.00000000,0.00000000,0.00,false,,
1790445786.427,hud,speed,,,,,"15.6 / 9.4",15.620
1790445786.427,hud,heading,,,,,"90° / 109°",90.000
1790445786.427,hud,drift,,,,,"17.63%",17.630
1790445786.427,hud,turns,,,,,"✗ turns: 3/15",
1790445786.427,hud,calib_s,,,,,"✓ Buffer 6s",
1790445786.428,marker,gnss,52.37529800,-1.28182800,250.80,true,,
1790445786.428,marker,dr,52.37585219,-1.27930400,270.00,true,,
1790445786.428,marker,reconciled,0.00000000,0.00000000,0.00,false,,
1790445786.478,hud,speed,,,,,"15.7 / 9.4",15.730
1790445786.478,hud,heading,,,,,"90° / 109°",90.000
1790445786.479,hud,drift,,,,,"17.70%",17.700
1790445786.479,hud,turns,,,,,"✗ turns: 3/15",
1790445786.479,hud,calib_s,,,,,"✓ Buffer 6s",
1790445786.480,marker,gnss,52.37529800,-1.28182800,250.80,true,,
1790445786.480,marker,dr,52.37585200,-1.27928092,270.00,true,,
1790445786.480,marker,reconciled,0.00000000,0.00000000,0.00,false,,
1790445786.533,hud,speed,,,,,"15.9 / 9.4",15.850
1790445786.534,hud,heading,,,,,"90° / 109°",90.000
1790445786.534,hud,drift,,,,,"17.77%",17.770
1790445786.535,hud,turns,,,,,"✗ turns: 3/15",
1790445786.535,hud,calib_s,,,,,"✓ Buffer 6s",
1790445786.535,marker,gnss,52.37529800,-1.28182800,250.80,true,,
1790445786.535,marker,dr,52.37585182,-1.27925766,270.00,true,,
1790445786.536,marker,reconciled,0.00000000,0.00000000,0.00,false,,
1790445786.579,hud,speed,,,,,"15.9 / 9.4",15.930
1790445786.579,hud,heading,,,,,"90° / 109°",90.100
1790445786.580,hud,drift,,,,,"17.85%",17.850
1790445786.580,hud,turns,,,,,"✗ turns: 3/15",
1790445786.580,hud,calib_s,,,,,"✓ Buffer 6s",
1790445786.580,marker,gnss,52.37529800,-1.28182800,250.80,true,,
1790445786.581,marker,dr,52.37585163,-1.27923428,269.90,true,,
1790445786.581,marker,reconciled,0.00000000,0.00000000,0.00,false,,
1790445786.631,hud,speed,,,,,"16.0 / 9.4",16.030
1790445786.631,hud,heading,,,,,"90° / 109°",90.100
1790445786.632,hud,drift,,,,,"17.92%",17.920
1790445786.632,hud,turns,,,,,"✗ turns: 3/15",
1790445786.632,hud,calib_s,,,,,"✓ Buffer 6s",
1790445786.633,marker,gnss,52.37529800,-1.28182800,250.80,true,,
1790445786.633,marker,dr,52.37585143,-1.27921075,269.90,true,,
1790445786.633,marker,reconciled,0.00000000,0.00000000,0.00,false,,
1790445786.683,hud,speed,,,,,"16.1 / 9.4",16.120
1790445786.684,hud,heading,,,,,"90° / 109°",90.200
1790445786.684,hud,drift,,,,,"18.00%",18.000
1790445786.684,hud,turns,,,,,"✗ turns: 3/15",
1790445786.685,hud,calib_s,,,,,"✓ Buffer 6s",
1790445786.685,marker,gnss,52.37529800,-1.28182800,250.80,true,,
1790445786.686,marker,dr,52.37585126,-1.27918709,269.80,true,,
1790445786.688,marker,reconciled,0.00000000,0.00000000,0.00,false,,
1790445786.734,hud,speed,,,,,"16.2 / 9.4",16.220
1790445786.734,hud,heading,,,,,"90° / 109°",90.300
1790445786.735,hud,drift,,,,,"18.07%",18.070
1790445786.735,hud,turns,,,,,"✗ turns: 3/15",
1790445786.735,hud,calib_s,,,,,"✓ Buffer 6s",
1790445786.735,marker,gnss,52.37529800,-1.28182800,250.80,true,,
1790445786.736,marker,dr,52.37585113,-1.27916328,269.70,true,,
1790445786.736,marker,reconciled,0.00000000,0.00000000,0.00,false,,
1790445786.786,hud,speed,,,,,"16.3 / 13.2",16.280
1790445786.787,hud,heading,,,,,"90° / 121°",90.300
1790445786.787,hud,drift,,,,,"16.66%",16.660
1790445786.787,hud,turns,,,,,"✗ turns: 3/15",
1790445786.787,hud,calib_s,,,,,"✓ Buffer 6s",
1790445786.788,marker,gnss,52.37499000,-1.28039800,239.10,true,,
1790445786.788,marker,dr,52.37585104,-1.27913937,269.70,true,,
1790445786.788,marker,reconciled,0.00000000,0.00000000,0.00,false,,
1790445786.837,hud,speed,,,,,"16.3 / 13.2",16.260
1790445786.837,hud,heading,,,,,"90° / 121°",90.300
1790445786.838,hud,drift,,,,,"16.74%",16.740
1790445786.838,hud,turns,,,,,"✗ turns: 3/15",
1790445786.838,hud,calib_s,,,,,"✓ Buffer 6s",
1790445786.839,marker,gnss,52.37499000,-1.28039800,239.10,true,,
1790445786.839,marker,dr,52.37585096,-1.27911573,269.70,true,,
1790445786.839,marker,reconciled,0.00000000,0.00000000,0.00,false,,
1790445786.888,hud,speed,,,,,"16.2 / 13.2",16.190
1790445786.889,hud,heading,,,,,"90° / 121°",90.200
1790445786.889,hud,drift,,,,,"16.82%",16.820
1790445786.889,hud,turns,,,,,"✗ turns: 3/15",
1790445786.890,hud,calib_s,,,,,"✓ Buffer 6s",
1790445786.890,marker,gnss,52.37499000,-1.28039800,239.10,true,,
1790445786.891,marker,dr,52.37585090,-1.27909172,269.80,true,,
1790445786.891,marker,reconciled,0.00000000,0.00000000,0.00,false,,
1790445786.936,hud,speed,,,,,"16.2 / 13.2",16.170
1790445786.936,hud,heading,,,,,"90° / 121°",90.300
1790445786.937,hud,drift,,,,,"16.89%",16.890
1790445786.937,hud,turns,,,,,"✗ turns: 3/15",
1790445786.937,hud,calib_s,,,,,"✓ Buffer 6s",
1790445786.938,marker,gnss,52.37499000,-1.28039800,239.10,true,,
1790445786.939,marker,dr,52.37585085,-1.27906821,269.70,true,,
1790445786.939,marker,reconciled,0.00000000,0.00000000,0.00,false,,
1790445786.991,hud,speed,,,,,"16.1 / 13.2",16.060
1790445786.992,hud,heading,,,,,"90° / 121°",90.200
1790445786.992,hud,drift,,,,,"16.97%",16.970
1790445786.992,hud,turns,,,,,"✗ turns: 3/15",
1790445786.992,hud,calib_s,,,,,"✓ Buffer 6s",
1790445786.993,marker,gnss,52.37499000,-1.28039800,239.10,true,,
1790445786.993,marker,dr,52.37585082,-1.27904463,269.80,true,,
1790445786.994,marker,reconciled,0.00000000,0.00000000,0.00,false,,
1790445787.039,hud,speed,,,,,"16.0 / 13.2",16.040
1790445787.039,hud,heading,,,,,"90° / 121°",90.200
1790445787.039,hud,drift,,,,,"17.05%",17.050
1790445787.040,hud,turns,,,,,"✗ turns: 3/15",
1790445787.040,hud,calib_s,,,,,"✓ Buffer 6s",
1790445787.040,marker,gnss,52.37499000,-1.28039800,239.10,true,,
1790445787.041,marker,dr,52.37585080,-1.27902107,269.80,true,,
1790445787.041,marker,reconciled,0.00000000,0.00000000,0.00,false,,
1790445787.089,hud,speed,,,,,"16.0 / 13.2",15.960
1790445787.090,hud,heading,,,,,"90° / 121°",90.100
1790445787.090,hud,drift,,,,,"17.13%",17.130
1790445787.090,hud,turns,,,,,"✗ turns: 3/15",
1790445787.091,hud,calib_s,,,,,"✓ Buffer 6s",
1790445787.091,marker,gnss,52.37499000,-1.28039800,239.10,true,,
1790445787.091,marker,dr,52.37585083,-1.27899763,269.90,true,,
1790445787.092,marker,reconciled,0.00000000,0.00000000,0.00,false,,
1790445787.139,hud,speed,,,,,"15.8 / 13.2",15.840
1790445787.139,hud,heading,,,,,"90° / 121°",90.000
1790445787.140,hud,drift,,,,,"17.20%",17.200
1790445787.140,hud,turns,,,,,"✗ turns: 3/15",
1790445787.140,hud,calib_s,,,,,"✓ Buffer 6s",
1790445787.140,marker,gnss,52.37499000,-1.28039800,239.10,true,,
1790445787.141,marker,dr,52.37585085,-1.27897436,270.00,true,,
1790445787.141,marker,reconciled,0.00000000,0.00000000,0.00,false,,
1790445787.192,hud,speed,,,,,"15.7 / 13.2",15.690
1790445787.192,hud,heading,,,,,"90° / 121°",90.100
1790445787.192,hud,drift,,,,,"17.28%",17.280
1790445787.192,hud,turns,,,,,"✗ turns: 3/15",
1790445787.193,hud,calib_s,,,,,"✓ Buffer 6s",
1790445787.193,marker,gnss,52.37499000,-1.28039800,239.10,true,,
1790445787.194,marker,dr,52.37585091,-1.27895109,269.90,true,,
1790445787.194,marker,reconciled,0.00000000,0.00000000,0.00,false,,
1790445787.243,hud,speed,,,,,"15.6 / 13.2",15.550
1790445787.243,hud,heading,,,,,"90° / 121°",90.300
1790445787.244,hud,drift,,,,,"17.35%",17.350
1790445787.244,hud,turns,,,,,"✗ turns: 3/15",
1790445787.244,hud,calib_s,,,,,"✓ Buffer 6s",
1790445787.245,marker,gnss,52.37499000,-1.28039800,239.10,true,,
1790445787.245,marker,dr,52.37585103,-1.27892825,269.70,true,,
1790445787.245,marker,reconciled,0.00000000,0.00000000,0.00,false,,
1790445787.296,hud,speed,,,,,"15.4 / 13.2",15.430
1790445787.296,hud,heading,,,,,"90° / 121°",90.400
1790445787.296,hud,drift,,,,,"17.42%",17.420
1790445787.296,hud,turns,,,,,"✗ turns: 3/15",
1790445787.297,hud,calib_s,,,,,"✓ Buffer 6s",
1790445787.297,marker,gnss,52.37499000,-1.28039800,239.10,true,,
1790445787.297,marker,dr,52.37585121,-1.27890579,269.60,true,,
1790445787.298,marker,reconciled,0.00000000,0.00000000,0.00,false,,
1790445787.344,hud,speed,,,,,"15.3 / 13.2",15.280
1790445787.345,hud,heading,,,,,"90° / 121°",90.300
1790445787.345,hud,drift,,,,,"17.49%",17.490
1790445787.345,hud,turns,,,,,"✗ turns: 3/15",
1790445787.346,hud,calib_s,,,,,"✓ Buffer 6s",
1790445787.346,marker,gnss,52.37499000,-1.28039800,239.10,true,,
1790445787.347,marker,dr,52.37585136,-1.27888335,269.70,true,,
1790445787.347,marker,reconciled,0.00000000,0.00000000,0.00,false,,
1790445787.396,hud,speed,,,,,"15.1 / 13.2",15.120
1790445787.396,hud,heading,,,,,"90° / 121°",90.100
1790445787.396,hud,drift,,,,,"17.56%",17.560
1790445787.397,hud,turns,,,,,"✗ turns: 3/15",
1790445787.397,hud,calib_s,,,,,"✓ Buffer 6s",
1790445787.397,marker,gnss,52.37499000,-1.28039800,239.10,true,,
1790445787.398,marker,dr,52.37585151,-1.27886115,269.90,true,,
1790445787.398,marker,reconciled,0.00000000,0.00000000,0.00,false,,
1790445787.447,hud,speed,,,,,"15.0 / 13.2",14.950
1790445787.447,hud,heading,,,,,"90° / 121°",90.100
1790445787.447,hud,drift,,,,,"17.63%",17.630
1790445787.448,hud,turns,,,,,"✗ turns: 3/15",
1790445787.448,hud,calib_s,,,,,"✓ Buffer 6s",
1790445787.448,marker,gnss,52.37499000,-1.28039800,239.10,true,,
1790445787.449,marker,dr,52.37585172,-1.27883898,269.90,true,,
1790445787.449,marker,reconciled,0.00000000,0.00000000,0.00,false,,
1790445787.498,hud,speed,,,,,"14.8 / 13.2",14.820
1790445787.498,hud,heading,,,,,"90° / 121°",90.100
1790445787.498,hud,drift,,,,,"17.70%",17.700
1790445787.499,hud,turns,,,,,"✗ turns: 3/15",
1790445787.499,hud,calib_s,,,,,"✓ Buffer 6s",
1790445787.499,marker,gnss,52.37499000,-1.28039800,239.10,true,,
1790445787.500,marker,dr,52.37585197,-1.27881723,269.90,true,,
1790445787.500,marker,reconciled,0.00000000,0.00000000,0.00,false,,
1790445787.549,hud,speed,,,,,"14.6 / 13.2",14.640
1790445787.550,hud,heading,,,,,"90° / 121°",90.200
1790445787.550,hud,drift,,,,,"17.76%",17.760
1790445787.550,hud,turns,,,,,"✗ turns: 3/15",
1790445787.551,hud,calib_s,,,,,"✓ Buffer 6s",
1790445787.551,marker,gnss,52.37499000,-1.28039800,239.10,true,,
1790445787.552,marker,dr,52.37585223,-1.27879595,269.80,true,,
1790445787.552,marker,reconciled,0.00000000,0.00000000,0.00,false,,
1790445787.599,hud,speed,,,,,"14.5 / 13.2",14.490
1790445787.600,hud,heading,,,,,"90° / 121°",90.300
1790445787.600,hud,drift,,,,,"17.83%",17.830
1790445787.601,hud,turns,,,,,"✗ turns: 3/15",
1790445787.601,hud,calib_s,,,,,"✓ Buffer 6s",
1790445787.601,marker,gnss,52.37499000,-1.28039800,239.10,true,,
1790445787.602,marker,dr,52.37585254,-1.27877466,269.70,true,,
1790445787.602,marker,reconciled,0.00000000,0.00000000,0.00,false,,
1790445787.650,hud,speed,,,,,"14.3 / 13.2",14.300
1790445787.651,hud,heading,,,,,"91° / 121°",90.500
1790445787.651,hud,drift,,,,,"17.89%",17.890
1790445787.651,hud,turns,,,,,"✗ turns: 3/15",
1790445787.651,hud,calib_s,,,,,"✓ Buffer 6s",
1790445787.652,marker,gnss,52.37499000,-1.28039800,239.10,true,,
1790445787.653,marker,dr,52.37585291,-1.27875342,269.50,true,,
1790445787.653,marker,reconciled,0.00000000,0.00000000,0.00,false,,
1790445787.703,hud,speed,,,,,"14.2 / 13.2",14.150
1790445787.703,hud,heading,,,,,"90° / 121°",90.300
1790445787.703,hud,drift,,,,,"17.95%",17.950
1790445787.704,hud,turns,,,,,"✗ turns: 3/15",
1790445787.704,hud,calib_s,,,,,"✓ Buffer 6s",
1790445787.704,marker,gnss,52.37499000,-1.28039800,239.10,true,,
1790445787.705,marker,dr,52.37585325,-1.27873284,269.70,true,,
1790445787.705,marker,reconciled,0.00000000,0.00000000,0.00,false,,
1790445787.756,hud,speed,,,,,"14.0 / 13.2",13.990
1790445787.757,hud,heading,,,,,"90° / 121°",89.900
1790445787.757,hud,drift,,,,,"18.02%",18.020
1790445787.757,hud,turns,,,,,"✗ turns: 3/15",
1790445787.757,hud,calib_s,,,,,"✓ Buffer 6s",
1790445787.758,marker,gnss,52.37499000,-1.28039800,239.10,true,,
1790445787.759,marker,dr,52.37585366,-1.27871210,270.10,true,,
1790445787.759,marker,reconciled,0.00000000,0.00000000,0.00,false,,
1790445787.804,hud,speed,,,,,"13.9 / 13.2",13.920
1790445787.804,hud,heading,,,,,"90° / 121°",89.900
1790445787.804,hud,drift,,,,,"18.08%",18.080
1790445787.805,hud,turns,,,,,"✗ turns: 3/15",
1790445787.805,hud,calib_s,,,,,"✓ Buffer 6s",
1790445787.805,marker,gnss,52.37499000,-1.28039800,239.10,true,,
1790445787.805,marker,dr,52.37585413,-1.27869172,270.10,true,,
1790445787.806,marker,reconciled,0.00000000,0.00000000,0.00,false,,
1790445787.853,hud,speed,,,,,"13.9 / 13.2",13.850
1790445787.853,hud,heading,,,,,"90° / 121°",90.100
1790445787.853,hud,drift,,,,,"18.14%",18.140
1790445787.854,hud,turns,,,,,"✗ turns: 3/15",
1790445787.854,hud,calib_s,,,,,"✓ Buffer 6s",
1790445787.854,marker,gnss,52.37499000,-1.28039800,239.10,true,,
1790445787.855,marker,dr,52.37585458,-1.27867140,269.90,true,,
1790445787.855,marker,reconciled,0.00000000,0.00000000,0.00,false,,
1790445787.904,hud,speed,,,,,"13.8 / 13.2",13.830
1790445787.904,hud,heading,,,,,"90° / 121°",90.200
1790445787.904,hud,drift,,,,,"18.20%",18.200
1790445787.905,hud,turns,,,,,"✗ turns: 3/15",
1790445787.905,hud,calib_s,,,,,"✓ Buffer 6s",
1790445787.905,marker,gnss,52.37499000,-1.28039800,239.10,true,,
1790445787.906,marker,dr,52.37585505,-1.27865110,269.80,true,,
1790445787.906,marker,reconciled,0.00000000,0.00000000,0.00,false,,
1790445787.954,hud,speed,,,,,"13.8 / 13.2",13.820
1790445787.955,hud,heading,,,,,"90° / 121°",90.100
1790445787.955,hud,drift,,,,,"18.26%",18.260
1790445787.955,hud,turns,,,,,"✗ turns: 3/15",
1790445787.955,hud,calib_s,,,,,"✓ Buffer 6s",
1790445787.956,marker,gnss,52.37499000,-1.28039800,239.10,true,,
1790445787.956,marker,dr,52.37585557,-1.27863082,269.90,true,,
1790445787.957,marker,reconciled,0.00000000,0.00000000,0.00,false,,
1790445788.006,hud,speed,,,,,"13.8 / 13.2",13.830
1790445788.007,hud,heading,,,,,"90° / 121°",90.200
1790445788.007,hud,drift,,,,,"18.32%",18.320
1790445788.007,hud,turns,,,,,"✗ turns: 3/15",
1790445788.007,hud,calib_s,,,,,"✓ Buffer 6s",
1790445788.007,marker,gnss,52.37499000,-1.28039800,239.10,true,,
1790445788.008,marker,dr,52.37585610,-1.27861051,269.80,true,,
1790445788.009,marker,reconciled,0.00000000,0.00000000,0.00,false,,
1790445788.060,hud,speed,,,,,"13.9 / 13.2",13.900
1790445788.060,hud,heading,,,,,"90° / 121°",90.200
1790445788.061,hud,drift,,,,,"18.38%",18.380
1790445788.061,hud,turns,,,,,"✗ turns: 3/15",
1790445788.061,hud,calib_s,,,,,"✓ Buffer 6s",
1790445788.062,marker,gnss,52.37499000,-1.28039800,239.10,true,,
1790445788.063,marker,dr,52.37585661,-1.27859009,269.80,true,,
1790445788.063,marker,reconciled,0.00000000,0.00000000,0.00,false,,
1790445788.108,hud,speed,,,,,"14.1 / 13.2",14.060
1790445788.108,hud,heading,,,,,"90° / 121°",90.000
1790445788.109,hud,drift,,,,,"18.44%",18.440
1790445788.109,hud,turns,,,,,"✗ turns: 3/15",
1790445788.109,hud,calib_s,,,,,"✓ Buffer 6s",
1790445788.109,marker,gnss,52.37499000,-1.28039800,239.10,true,,
1790445788.110,marker,dr,52.37585711,-1.27856969,270.00,true,,
1790445788.110,marker,reconciled,0.00000000,0.00000000,0.00,false,,
1790445788.159,hud,speed,,,,,"14.1 / 13.2",14.110
1790445788.160,hud,heading,,,,,"90° / 121°",89.800
1790445788.160,hud,drift,,,,,"18.51%",18.510
1790445788.160,hud,turns,,,,,"✗ turns: 3/15",
1790445788.160,hud,calib_s,,,,,"✓ Buffer 6s",
1790445788.161,marker,gnss,52.37499000,-1.28039800,239.10,true,,
1790445788.161,marker,dr,52.37585767,-1.27854901,270.20,true,,
1790445788.162,marker,reconciled,0.00000000,0.00000000,0.00,false,,
1790445788.209,hud,speed,,,,,"14.2 / 13.2",14.150
1790445788.210,hud,heading,,,,,"90° / 121°",89.900
1790445788.210,hud,drift,,,,,"18.57%",18.570
1790445788.210,hud,turns,,,,,"✗ turns: 3/15",
1790445788.211,hud,calib_s,,,,,"✓ Buffer 6s",
1790445788.211,marker,gnss,52.37499000,-1.28039800,239.10,true,,
1790445788.211,marker,dr,52.37585831,-1.27852829,270.10,true,,
1790445788.212,marker,reconciled,0.00000000,0.00000000,0.00,false,,
1790445788.263,hud,speed,,,,,"14.2 / 13.2",14.170
1790445788.263,hud,heading,,,,,"90° / 121°",89.900
1790445788.264,hud,drift,,,,,"18.63%",18.630
1790445788.264,hud,turns,,,,,"✗ turns: 3/15",
1790445788.264,hud,calib_s,,,,,"✓ Buffer 6s",
1790445788.264,marker,gnss,52.37499000,-1.28039800,239.10,true,,
1790445788.265,marker,dr,52.37585896,-1.27850734,270.10,true,,
1790445788.265,marker,reconciled,0.00000000,0.00000000,0.00,false,,
1790445788.309,hud,speed,,,,,"14.2 / 13.2",14.150
1790445788.310,hud,heading,,,,,"90° / 121°",89.800
1790445788.310,hud,drift,,,,,"18.70%",18.700
1790445788.310,hud,turns,,,,,"✗ turns: 3/15",
1790445788.310,hud,calib_s,,,,,"✓ Buffer 6s",
1790445788.311,marker,gnss,52.37499000,-1.28039800,239.10,true,,
1790445788.311,marker,dr,52.37585958,-1.27848663,270.20,true,,
1790445788.312,marker,reconciled,0.00000000,0.00000000,0.00,false,,
1790445788.363,hud,speed,,,,,"14.1 / 13.2",14.140
1790445788.363,hud,heading,,,,,"90° / 121°",89.900
1790445788.363,hud,drift,,,,,"18.76%",18.760
1790445788.363,hud,turns,,,,,"✗ turns: 3/15",
1790445788.364,hud,calib_s,,,,,"✓ Buffer 6s",
1790445788.364,marker,gnss,52.37499000,-1.28039800,239.10,true,,
1790445788.364,marker,dr,52.37586014,-1.27846610,270.10,true,,
1790445788.364,marker,reconciled,0.00000000,0.00000000,0.00,false,,
1790445788.413,hud,speed,,,,,"14.2 / 13.2",14.190
1790445788.413,hud,heading,,,,,"90° / 121°",89.700
1790445788.414,hud,drift,,,,,"18.82%",18.820
1790445788.414,hud,turns,,,,,"✗ turns: 3/15",
1790445788.414,hud,calib_s,,,,,"✓ Buffer 6s",
1790445788.415,marker,gnss,52.37499000,-1.28039800,239.10,true,,
1790445788.415,marker,dr,52.37586072,-1.27844531,270.30,true,,
1790445788.415,marker,reconciled,0.00000000,0.00000000,0.00,false,,
1790445788.463,hud,speed,,,,,"14.2 / 13.2",14.180
1790445788.464,hud,heading,,,,,"90° / 121°",89.600
1790445788.464,hud,drift,,,,,"18.88%",18.880
1790445788.464,hud,turns,,,,,"✗ turns: 3/15",
1790445788.464,hud,calib_s,,,,,"✓ Buffer 6s",
1790445788.465,marker,gnss,52.37499000,-1.28039800,239.10,true,,
1790445788.466,marker,dr,52.37586133,-1.27842456,270.40,true,,
1790445788.466,marker,reconciled,0.00000000,0.00000000,0.00,false,,
1790445788.516,hud,speed,,,,,"14.3 / 13.2",14.330
1790445788.516,hud,heading,,,,,"90° / 121°",89.600
1790445788.517,hud,drift,,,,,"18.95%",18.950
1790445788.517,hud,turns,,,,,"✗ turns: 3/15",
1790445788.517,hud,calib_s,,,,,"✓ Buffer 6s",
1790445788.517,marker,gnss,52.37499000,-1.28039800,239.10,true,,
1790445788.518,marker,dr,52.37586191,-1.27840359,270.40,true,,
1790445788.518,marker,reconciled,0.00000000,0.00000000,0.00,false,,
1790445788.568,hud,speed,,,,,"14.4 / 13.2",14.390
1790445788.568,hud,heading,,,,,"90° / 121°",89.700
1790445788.569,hud,drift,,,,,"19.01%",19.010
1790445788.569,hud,turns,,,,,"✗ turns: 3/15",
1790445788.569,hud,calib_s,,,,,"✓ Buffer 6s",
1790445788.569,marker,gnss,52.37499000,-1.28039800,239.10,true,,
1790445788.570,marker,dr,52.37586252,-1.27838227,270.30,true,,
1790445788.570,marker,reconciled,0.00000000,0.00000000,0.00,false,,
1790445788.617,hud,speed,,,,,"14.5 / 13.2",14.480
1790445788.617,hud,heading,,,,,"89° / 121°",89.400
1790445788.618,hud,drift,,,,,"19.08%",19.080
1790445788.618,hud,turns,,,,,"✗ turns: 3/15",
1790445788.618,hud,calib_s,,,,,"✓ Buffer 6s",
1790445788.618,marker,gnss,52.37499000,-1.28039800,239.10,true,,
1790445788.619,marker,dr,52.37586317,-1.27836104,270.60,true,,
1790445788.620,marker,reconciled,0.00000000,0.00000000,0.00,false,,
1790445788.667,hud,speed,,,,,"14.6 / 13.2",14.610
1790445788.668,hud,heading,,,,,"90° / 121°",89.500
1790445788.668,hud,drift,,,,,"19.14%",19.140
1790445788.668,hud,turns,,,,,"✗ turns: 3/15",
1790445788.668,hud,calib_s,,,,,"✓ Buffer 6s",
1790445788.669,marker,gnss,52.37499000,-1.28039800,239.10,true,,
1790445788.670,marker,dr,52.37586389,-1.27833989,270.50,true,,
1790445788.670,marker,reconciled,0.00000000,0.00000000,0.00,false,,
1790445788.721,hud,speed,,,,,"14.7 / 13.2",14.660
1790445788.721,hud,heading,,,,,"90° / 121°",90.100
1790445788.722,hud,drift,,,,,"19.21%",19.210
1790445788.722,hud,turns,,,,,"✗ turns: 3/15",
1790445788.722,hud,calib_s,,,,,"✓ Buffer 6s",
1790445788.723,marker,gnss,52.37499000,-1.28039800,239.10,true,,
1790445788.723,marker,dr,52.37586443,-1.27831815,269.90,true,,
1790445788.723,marker,reconciled,0.00000000,0.00000000,0.00,false,,
1790445788.771,hud,speed,,,,,"14.3 / 13.2",14.310
1790445788.771,hud,heading,,,,,"91° / 121°",90.600
1790445788.771,hud,drift,,,,,"19.27%",19.270
1790445788.772,hud,turns,,,,,"✗ turns: 3/15",
1790445788.772,hud,calib_s,,,,,"✓ Buffer 6s",
1790445788.772,marker,gnss,52.37499000,-1.28039800,239.10,true,,
1790445788.773,marker,dr,52.37586498,-1.27829735,269.40,true,,
1790445788.773,marker,reconciled,0.00000000,0.00000000,0.00,false,,
1790445788.821,hud,speed,,,,,"14.2 / 13.2",14.210
1790445788.822,hud,heading,,,,,"92° / 121°",91.700
1790445788.822,hud,drift,,,,,"19.34%",19.340
1790445788.823,hud,turns,,,,,"✗ turns: 3/15",
1790445788.823,hud,calib_s,,,,,"✓ Buffer 6s",
1790445788.823,marker,gnss,52.37499000,-1.28039800,239.10,true,,
1790445788.824,marker,dr,52.37586562,-1.27827628,268.30,true,,
1790445788.824,marker,reconciled,0.00000000,0.00000000,0.00,false,,
1790445788.874,hud,speed,,,,,"14.3 / 13.2",14.330
1790445788.874,hud,heading,,,,,"92° / 121°",92.400
1790445788.874,hud,drift,,,,,"19.40%",19.400
1790445788.874,hud,turns,,,,,"✗ turns: 3/15",
1790445788.875,hud,calib_s,,,,,"✓ Buffer 6s",
1790445788.875,marker,gnss,52.37499000,-1.28039800,239.10,true,,
1790445788.875,marker,dr,52.37586625,-1.27825541,267.60,true,,
1790445788.876,marker,reconciled,0.00000000,0.00000000,0.00,false,,
1790445788.926,hud,speed,,,,,"14.4 / 13.2",14.420
1790445788.926,hud,heading,,,,,"92° / 121°",92.000
1790445788.927,hud,drift,,,,,"19.46%",19.460
1790445788.927,hud,turns,,,,,"✗ turns: 3/15",
1790445788.927,hud,calib_s,,,,,"✓ Buffer 6s",
1790445788.928,marker,gnss,52.37499000,-1.28039800,239.10,true,,
1790445788.928,marker,dr,52.37586682,-1.27823388,268.00,true,,
1790445788.929,marker,reconciled,0.00000000,0.00000000,0.00,false,,
1790445788.971,hud,speed,,,,,"13.9 / 13.2",13.870
1790445788.972,hud,heading,,,,,"92° / 121°",92.100
1790445788.972,hud,drift,,,,,"19.52%",19.520
1790445788.972,hud,turns,,,,,"✗ turns: 3/15",
1790445788.972,hud,calib_s,,,,,"✓ Buffer 6s",
1790445788.973,marker,gnss,52.37499000,-1.28039800,239.10,true,,
1790445788.973,marker,dr,52.37586742,-1.27821315,267.90,true,,
1790445788.973,marker,reconciled,0.00000000,0.00000000,0.00,false,,
1790445789.026,hud,speed,,,,,"14.1 / 13.2",14.060
1790445789.027,hud,heading,,,,,"93° / 121°",92.500
1790445789.027,hud,drift,,,,,"19.58%",19.580
1790445789.027,hud,turns,,,,,"✗ turns: 3/15",
1790445789.027,hud,calib_s,,,,,"✓ Buffer 6s",
1790445789.028,marker,gnss,52.37499000,-1.28039800,239.10,true,,
1790445789.028,marker,dr,52.37586785,-1.27819218,267.50,true,,
1790445789.028,marker,reconciled,0.00000000,0.00000000,0.00,false,,
1790445789.077,hud,speed,,,,,"13.7 / 13.2",13.730
1790445789.078,hud,heading,,,,,"93° / 121°",92.700
1790445789.079,hud,drift,,,,,"19.64%",19.640
1790445789.079,hud,turns,,,,,"✗ turns: 3/15",
1790445789.079,hud,calib_s,,,,,"✓ Buffer 6s",
1790445789.080,marker,gnss,52.37499000,-1.28039800,239.10,true,,
1790445789.080,marker,dr,52.37586835,-1.27817164,267.30,true,,
1790445789.080,marker,reconciled,0.00000000,0.00000000,0.00,false,,
1790445789.124,hud,speed,,,,,"14.0 / 13.2",13.960
1790445789.124,hud,heading,,,,,"93° / 121°",92.900
1790445789.125,hud,drift,,,,,"19.70%",19.700
1790445789.125,hud,turns,,,,,"✗ turns: 3/15",
1790445789.125,hud,calib_s,,,,,"✓ Buffer 6s",
1790445789.126,marker,gnss,52.37499000,-1.28039800,239.10,true,,
1790445789.126,marker,dr,52.37586875,-1.27815086,267.10,true,,
1790445789.127,marker,reconciled,0.00000000,0.00000000,0.00,false,,
1790445789.176,hud,speed,,,,,"13.7 / 13.2",13.690
1790445789.177,hud,heading,,,,,"93° / 121°",93.000
1790445789.177,hud,drift,,,,,"19.76%",19.760
1790445789.177,hud,turns,,,,,"✗ turns: 3/15",
1790445789.177,hud,calib_s,,,,,"✓ Buffer 6s",
1790445789.178,marker,gnss,52.37499000,-1.28039800,239.10,true,,
1790445789.179,marker,dr,52.37586913,-1.27813025,267.00,true,,
1790445789.179,marker,reconciled,0.00000000,0.00000000,0.00,false,,
1790445789.228,hud,speed,,,,,"13.6 / 13.2",13.590
1790445789.229,hud,heading,,,,,"93° / 121°",92.900
1790445789.229,hud,drift,,,,,"19.81%",19.810
1790445789.229,hud,turns,,,,,"✗ turns: 3/15",
1790445789.229,hud,calib_s,,,,,"✓ Buffer 6s",
1790445789.230,marker,gnss,52.37499000,-1.28039800,239.10,true,,
1790445789.230,marker,dr,52.37586946,-1.27810987,267.10,true,,
1790445789.231,marker,reconciled,0.00000000,0.00000000,0.00,false,,
1790445789.278,hud,speed,,,,,"13.6 / 13.2",13.620
1790445789.279,hud,heading,,,,,"93° / 121°",93.100
1790445789.279,hud,drift,,,,,"19.87%",19.870
1790445789.280,hud,turns,,,,,"✗ turns: 3/15",
1790445789.280,hud,calib_s,,,,,"✓ Buffer 6s",
1790445789.280,marker,gnss,52.37499000,-1.28039800,239.10,true,,
1790445789.281,marker,dr,52.37586973,-1.27808977,266.90,true,,
1790445789.281,marker,reconciled,0.00000000,0.00000000,0.00,false,,
1790445789.331,hud,speed,,,,,"13.7 / 13.2",13.720
1790445789.331,hud,heading,,,,,"93° / 121°",93.400
1790445789.332,hud,drift,,,,,"19.92%",19.920
1790445789.332,hud,turns,,,,,"✗ turns: 3/15",
1790445789.332,hud,calib_s,,,,,"✓ Buffer 6s",
1790445789.333,marker,gnss,52.37499000,-1.28039800,239.10,true,,
1790445789.333,marker,dr,52.37587008,-1.27806948,266.60,true,,
1790445789.333,marker,reconciled,0.00000000,0.00000000,0.00,false,,
1790445789.379,hud,speed,,,,,"13.3 / 13.2",13.330
1790445789.380,hud,heading,,,,,"94° / 121°",93.500
1790445789.380,hud,drift,,,,,"19.98%",19.980
1790445789.380,hud,turns,,,,,"✗ turns: 3/15",
1790445789.381,hud,calib_s,,,,,"✓ Buffer 6s",
1790445789.381,marker,gnss,52.37499000,-1.28039800,239.10,true,,
1790445789.382,marker,dr,52.37587050,-1.27804917,266.50,true,,
1790445789.382,marker,reconciled,0.00000000,0.00000000,0.00,false,,
1790445789.427,hud,speed,,,,,"13.5 / 13.2",13.460
1790445789.428,hud,heading,,,,,"93° / 121°",93.300
1790445789.428,hud,drift,,,,,"20.03%",20.030
1790445789.428,hud,turns,,,,,"✗ turns: 3/15",
1790445789.428,hud,calib_s,,,,,"✓ Buffer 6s",
1790445789.429,marker,gnss,52.37499000,-1.28039800,239.10,true,,
1790445789.429,marker,dr,52.37587084,-1.27802941,266.70,true,,
1790445789.429,marker,reconciled,0.00000000,0.00000000,0.00,false,,
1790445789.480,hud,speed,,,,,"13.4 / 13.2",13.400
1790445789.480,hud,heading,,,,,"93° / 121°",93.200
1790445789.480,hud,drift,,,,,"20.08%",20.080
1790445789.481,hud,turns,,,,,"✗ turns: 3/15",
1790445789.481,hud,calib_s,,,,,"✓ Buffer 6s",
1790445789.481,marker,gnss,52.37499000,-1.28039800,239.10,true,,
1790445789.482,marker,dr,52.37587121,-1.27800924,266.80,true,,
1790445789.482,marker,reconciled,0.00000000,0.00000000,0.00,false,,
1790445789.532,hud,speed,,,,,"13.4 / 13.2",13.370
1790445789.533,hud,heading,,,,,"93° / 121°",93.300
1790445789.533,hud,drift,,,,,"20.14%",20.140
1790445789.533,hud,turns,,,,,"✗ turns: 3/15",
1790445789.533,hud,calib_s,,,,,"✓ Buffer 6s",
1790445789.534,marker,gnss,52.37499000,-1.28039800,239.10,true,,
1790445789.534,marker,dr,52.37587153,-1.27798955,266.70,true,,
1790445789.534,marker,reconciled,0.00000000,0.00000000,0.00,false,,
1790445789.586,hud,speed,,,,,"13.3 / 13.2",13.300
1790445789.586,hud,heading,,,,,"93° / 121°",93.200
1790445789.586,hud,drift,,,,,"20.19%",20.190
1790445789.587,hud,turns,,,,,"✗ turns: 3/15",
1790445789.587,hud,calib_s,,,,,"✓ Buffer 6s",
1790445789.587,marker,gnss,52.37499000,-1.28039800,239.10,true,,
1790445789.588,marker,dr,52.37587186,-1.27796958,266.80,true,,
1790445789.588,marker,reconciled,0.00000000,0.00000000,0.00,false,,
1790445789.632,hud,speed,,,,,"13.3 / 13.2",13.320
1790445789.633,hud,heading,,,,,"93° / 121°",93.100
1790445789.633,hud,drift,,,,,"20.24%",20.240
1790445789.633,hud,turns,,,,,"✗ turns: 3/15",
1790445789.633,hud,calib_s,,,,,"✓ Buffer 6s",
1790445789.633,marker,gnss,52.37499000,-1.28039800,239.10,true,,
1790445789.634,marker,dr,52.37587207,-1.27794994,266.90,true,,
1790445789.634,marker,reconciled,0.00000000,0.00000000,0.00,false,,
1790445789.684,hud,speed,,,,,"13.3 / 13.2",13.280
1790445789.684,hud,heading,,,,,"93° / 121°",92.800
1790445789.685,hud,drift,,,,,"20.29%",20.290
1790445789.685,hud,turns,,,,,"✗ turns: 3/15",
1790445789.685,hud,calib_s,,,,,"✓ Buffer 6s",
1790445789.685,marker,gnss,52.37499000,-1.28039800,239.10,true,,
1790445789.686,marker,dr,52.37587230,-1.27793042,267.20,true,,
1790445789.686,marker,reconciled,0.00000000,0.00000000,0.00,false,,
1790445789.736,hud,speed,,,,,"13.2 / 13.2",13.200
1790445789.737,hud,heading,,,,,"93° / 121°",92.800
1790445789.737,hud,drift,,,,,"20.34%",20.340
1790445789.737,hud,turns,,,,,"✗ turns: 3/15",
1790445789.737,hud,calib_s,,,,,"✓ Buffer 6s",
1790445789.738,marker,gnss,52.37499000,-1.28039800,239.10,true,,
1790445789.739,marker,dr,52.37587259,-1.27791098,267.20,true,,
1790445789.739,marker,reconciled,0.00000000,0.00000000,0.00,false,,
1790445789.785,hud,speed,,,,,"13.1 / 13.2",13.120
1790445789.785,hud,heading,,,,,"93° / 121°",92.900
1790445789.785,hud,drift,,,,,"20.39%",20.390
1790445789.786,hud,turns,,,,,"✗ turns: 3/15",
1790445789.786,hud,calib_s,,,,,"✓ Buffer 6s",
1790445789.786,marker,gnss,52.37499000,-1.28039800,239.10,true,,
1790445789.787,marker,dr,52.37587284,-1.27789165,267.10,true,,
1790445789.787,marker,reconciled,0.00000000,0.00000000,0.00,false,,
1790445789.838,hud,speed,,,,,"13.0 / 13.2",13.000
1790445789.839,hud,heading,,,,,"93° / 121°",92.900
1790445789.839,hud,drift,,,,,"20.43%",20.430
1790445789.839,hud,turns,,,,,"✗ turns: 3/15",
1790445789.840,hud,calib_s,,,,,"✓ Buffer 6s",
1790445789.840,marker,gnss,52.37499000,-1.28039800,239.10,true,,
1790445789.841,marker,dr,52.37587306,-1.27787249,267.10,true,,
1790445789.841,marker,reconciled,0.00000000,0.00000000,0.00,false,,
1790445789.888,hud,speed,,,,,"12.9 / 13.2",12.910
1790445789.888,hud,heading,,,,,"93° / 121°",92.900
1790445789.888,hud,drift,,,,,"20.48%",20.480
1790445789.888,hud,turns,,,,,"✗ turns: 3/15",
1790445789.889,hud,calib_s,,,,,"✓ Buffer 6s",
1790445789.889,marker,gnss,52.37499000,-1.28039800,239.10,true,,
1790445789.889,marker,dr,52.37587324,-1.27785365,267.10,true,,
1790445789.889,marker,reconciled,0.00000000,0.00000000,0.00,false,,
1790445789.939,hud,speed,,,,,"12.8 / 13.2",12.750
1790445789.940,hud,heading,,,,,"93° / 121°",93.000
1790445789.940,hud,drift,,,,,"20.52%",20.520
1790445789.940,hud,turns,,,,,"✗ turns: 3/15",
1790445789.940,hud,calib_s,,,,,"✓ Buffer 6s",
1790445789.941,marker,gnss,52.37499000,-1.28039800,239.10,true,,
1790445789.941,marker,dr,52.37587339,-1.27783469,267.00,true,,
1790445789.941,marker,reconciled,0.00000000,0.00000000,0.00,false,,
1790445789.990,hud,speed,,,,,"12.6 / 13.2",12.590
1790445789.991,hud,heading,,,,,"93° / 121°",93.100
1790445789.991,hud,drift,,,,,"20.57%",20.570
1790445789.991,hud,turns,,,,,"✗ turns: 3/15",
1790445789.991,hud,calib_s,,,,,"✓ Buffer 6s",
1790445789.991,marker,gnss,52.37499000,-1.28039800,239.10,true,,
1790445789.992,marker,dr,52.37587347,-1.27781632,266.90,true,,
1790445789.992,marker,reconciled,0.00000000,0.00000000,0.00,false,,
1790445790.043,hud,speed,,,,,"12.5 / 13.2",12.460
1790445790.044,hud,heading,,,,,"93° / 121°",93.000
1790445790.044,hud,drift,,,,,"20.61%",20.610
1790445790.044,hud,turns,,,,,"✗ turns: 3/15",
1790445790.044,hud,calib_s,,,,,"✓ Buffer 6s",
1790445790.044,marker,gnss,52.37499000,-1.28039800,239.10,true,,
1790445790.045,marker,dr,52.37587350,-1.27779779,267.00,true,,
1790445790.045,marker,reconciled,0.00000000,0.00000000,0.00,false,,
1790445790.093,hud,speed,,,,,"12.3 / 13.2",12.300
1790445790.094,hud,heading,,,,,"93° / 121°",93.100
1790445790.094,hud,drift,,,,,"20.65%",20.650
1790445790.095,hud,turns,,,,,"✗ turns: 3/15",
1790445790.095,hud,calib_s,,,,,"✓ Buffer 6s",
1790445790.095,marker,gnss,52.37499000,-1.28039800,239.10,true,,
1790445790.096,marker,dr,52.37587349,-1.27777987,266.90,true,,
1790445790.096,marker,reconciled,0.00000000,0.00000000,0.00,false,,
1790445790.144,hud,speed,,,,,"12.2 / 13.2",12.160
1790445790.144,hud,heading,,,,,"93° / 121°",93.100
1790445790.144,hud,drift,,,,,"20.68%",20.680
1790445790.145,hud,turns,,,,,"✗ turns: 3/15",
1790445790.145,hud,calib_s,,,,,"✓ Buffer 6s",
1790445790.145,marker,gnss,52.37499000,-1.28039800,239.10,true,,
1790445790.146,marker,dr,52.37587348,-1.27776178,266.90,true,,
1790445790.146,marker,reconciled,0.00000000,0.00000000,0.00,false,,
1790445790.194,hud,speed,,,,,"12.0 / 13.2",12.020
1790445790.195,hud,heading,,,,,"93° / 121°",93.000
1790445790.195,hud,drift,,,,,"20.72%",20.720
1790445790.195,hud,turns,,,,,"✗ turns: 3/15",
1790445790.195,hud,calib_s,,,,,"✓ Buffer 6s",
1790445790.196,marker,gnss,52.37499000,-1.28039800,239.10,true,,
1790445790.196,marker,dr,52.37587349,-1.27774410,267.00,true,,
1790445790.196,marker,reconciled,0.00000000,0.00000000,0.00,false,,
1790445790.245,hud,speed,,,,,"11.9 / 13.2",11.890
1790445790.245,hud,heading,,,,,"93° / 121°",92.900
1790445790.245,hud,drift,,,,,"20.76%",20.760
1790445790.246,hud,turns,,,,,"✗ turns: 3/15",
1790445790.246,hud,calib_s,,,,,"✓ Buffer 6s",
1790445790.246,marker,gnss,52.37499000,-1.28039800,239.10,true,,
1790445790.247,marker,dr,52.37587345,-1.27772663,267.10,true,,
1790445790.247,marker,reconciled,0.00000000,0.00000000,0.00,false,,
1790445790.296,hud,speed,,,,,"11.7 / 13.2",11.730
1790445790.296,hud,heading,,,,,"93° / 121°",93.100
1790445790.296,hud,drift,,,,,"20.79%",20.790
1790445790.296,hud,turns,,,,,"✗ turns: 3/15",
1790445790.297,hud,calib_s,,,,,"✓ Buffer 6s",
1790445790.297,marker,gnss,52.37499000,-1.28039800,239.10,true,,
1790445790.297,marker,dr,52.37587340,-1.27770939,266.90,true,,
1790445790.298,marker,reconciled,0.00000000,0.00000000,0.00,false,,
1790445790.349,hud,speed,,,,,"11.6 / 13.2",11.570
1790445790.350,hud,heading,,,,,"93° / 121°",93.100
1790445790.350,hud,drift,,,,,"20.83%",20.830
1790445790.350,hud,turns,,,,,"✗ turns: 3/15",
1790445790.351,hud,calib_s,,,,,"✓ Buffer 6s",
1790445790.351,marker,gnss,52.37499000,-1.28039800,239.10,true,,
1790445790.351,marker,dr,52.37587334,-1.27769237,266.90,true,,
1790445790.352,marker,reconciled,0.00000000,0.00000000,0.00,false,,
1790445790.399,hud,speed,,,,,"11.4 / 13.2",11.400
1790445790.400,hud,heading,,,,,"93° / 121°",93.000
1790445790.400,hud,drift,,,,,"20.86%",20.860
1790445790.400,hud,turns,,,,,"✗ turns: 3/15",
1790445790.400,hud,calib_s,,,,,"✓ Buffer 6s",
1790445790.401,marker,gnss,52.37499000,-1.28039800,239.10,true,,
1790445790.401,marker,dr,52.37587327,-1.27767562,267.00,true,,
1790445790.401,marker,reconciled,0.00000000,0.00000000,0.00,false,,
1790445790.450,hud,speed,,,,,"11.3 / 13.2",11.250
1790445790.450,hud,heading,,,,,"93° / 121°",93.100
1790445790.450,hud,drift,,,,,"20.89%",20.890
1790445790.451,hud,turns,,,,,"✗ turns: 3/15",
1790445790.451,hud,calib_s,,,,,"✓ Buffer 6s",
1790445790.451,marker,gnss,52.37499000,-1.28039800,239.10,true,,
1790445790.452,marker,dr,52.37587320,-1.27765925,266.90,true,,
1790445790.452,marker,reconciled,0.00000000,0.00000000,0.00,false,,
1790445790.501,hud,speed,,,,,"11.1 / 13.2",11.090
1790445790.502,hud,heading,,,,,"93° / 121°",93.200
1790445790.502,hud,drift,,,,,"20.92%",20.920
1790445790.502,hud,turns,,,,,"✗ turns: 3/15",
1790445790.503,hud,calib_s,,,,,"✓ Buffer 6s",
1790445790.503,marker,gnss,52.37499000,-1.28039800,239.10,true,,
1790445790.503,marker,dr,52.37587308,-1.27764278,266.80,true,,
1790445790.504,marker,reconciled,0.00000000,0.00000000,0.00,false,,
1790445790.551,hud,speed,,,,,"10.9 / 13.2",10.930
1790445790.552,hud,heading,,,,,"93° / 121°",93.300
1790445790.552,hud,drift,,,,,"20.95%",20.950
1790445790.552,hud,turns,,,,,"✗ turns: 3/15",
1790445790.552,hud,calib_s,,,,,"✓ Buffer 6s",
1790445790.553,marker,gnss,52.37499000,-1.28039800,239.10,true,,
1790445790.553,marker,dr,52.37587292,-1.27762669,266.70,true,,
1790445790.553,marker,reconciled,0.00000000,0.00000000,0.00,false,,
1790445790.604,hud,speed,,,,,"10.8 / 13.2",10.770
1790445790.605,hud,heading,,,,,"93° / 121°",93.200
1790445790.605,hud,drift,,,,,"20.97%",20.970
1790445790.605,hud,turns,,,,,"✗ turns: 3/15",
1790445790.606,hud,calib_s,,,,,"✓ Buffer 6s",
1790445790.606,marker,gnss,52.37499000,-1.28039800,239.10,true,,
1790445790.607,marker,dr,52.37587275,-1.27761086,266.80,true,,
1790445790.607,marker,reconciled,0.00000000,0.00000000,0.00,false,,
1790445790.653,hud,speed,,,,,"10.6 / 13.2",10.600
1790445790.653,hud,heading,,,,,"93° / 121°",93.400
1790445790.653,hud,drift,,,,,"21.00%",21.000
1790445790.654,hud,turns,,,,,"✗ turns: 3/15",
1790445790.654,hud,calib_s,,,,,"✓ Buffer 6s",
1790445790.654,marker,gnss,52.37499000,-1.28039800,239.10,true,,
1790445790.655,marker,dr,52.37587257,-1.27759527,266.60,true,,
1790445790.655,marker,reconciled,0.00000000,0.00000000,0.00,false,,
1790445790.704,hud,speed,,,,,"10.5 / 13.2",10.450
1790445790.705,hud,heading,,,,,"93° / 121°",93.400
1790445790.705,hud,drift,,,,,"21.02%",21.020
1790445790.705,hud,turns,,,,,"✗ turns: 3/15",
1790445790.705,hud,calib_s,,,,,"✓ Buffer 6s",
1790445790.706,marker,gnss,52.37499000,-1.28039800,239.10,true,,
1790445790.706,marker,dr,52.37587237,-1.27757989,266.60,true,,
1790445790.707,marker,reconciled,0.00000000,0.00000000,0.00,false,,
1790445790.756,hud,speed,,,,,"10.4 / 13.2",10.400
1790445790.756,hud,heading,,,,,"93° / 121°",93.300
1790445790.756,hud,drift,,,,,"21.05%",21.050
1790445790.756,hud,turns,,,,,"✗ turns: 3/15",
1790445790.757,hud,calib_s,,,,,"✓ Buffer 6s",
1790445790.757,marker,gnss,52.37499000,-1.28039800,239.10,true,,
1790445790.757,marker,dr,52.37587212,-1.27756476,266.70,true,,
1790445790.758,marker,reconciled,0.00000000,0.00000000,0.00,false,,
1790445790.805,hud,speed,,,,,"10.4 / 13.2",10.350
1790445790.806,hud,heading,,,,,"93° / 121°",93.200
1790445790.806,hud,drift,,,,,"21.07%",21.070
1790445790.807,hud,turns,,,,,"✗ turns: 3/15",
1790445790.807,hud,calib_s,,,,,"✓ Buffer 6s",
1790445790.807,marker,gnss,52.37499000,-1.28039800,239.10,true,,
1790445790.807,marker,dr,52.37587184,-1.27754956,266.80,true,,
1790445790.808,marker,reconciled,0.00000000,0.00000000,0.00,false,,
1790445790.858,hud,speed,,,,,"10.1 / 13.2",10.130
1790445790.859,hud,heading,,,,,"93° / 121°",93.200
1790445790.859,hud,drift,,,,,"21.09%",21.090
1790445790.860,hud,turns,,,,,"✗ turns: 3/15",
1790445790.860,hud,calib_s,,,,,"✓ Buffer 6s",
1790445790.860,marker,gnss,52.37499000,-1.28039800,239.10,true,,
1790445790.861,marker,dr,52.37587150,-1.27753455,266.80,true,,
1790445790.861,marker,reconciled,0.00000000,0.00000000,0.00,false,,
1790445790.905,hud,speed,,,,,"10.1 / 13.2",10.070
1790445790.905,hud,heading,,,,,"93° / 121°",93.200
1790445790.906,hud,drift,,,,,"21.11%",21.110
1790445790.906,hud,turns,,,,,"✗ turns: 3/15",
1790445790.906,hud,calib_s,,,,,"✓ Buffer 6s",
1790445790.907,marker,gnss,52.37499000,-1.28039800,239.10,true,,
1790445790.907,marker,dr,52.37587111,-1.27751992,266.80,true,,
1790445790.908,marker,reconciled,0.00000000,0.00000000,0.00,false,,
1790445790.958,hud,speed,,,,,"10.0 / 13.2",10.000
1790445790.958,hud,heading,,,,,"93° / 121°",93.100
1790445790.958,hud,drift,,,,,"21.13%",21.130
1790445790.958,hud,turns,,,,,"✗ turns: 3/15",
1790445790.959,hud,calib_s,,,,,"✓ Buffer 6s",
1790445790.959,marker,gnss,52.37499000,-1.28039800,239.10,true,,
1790445790.959,marker,dr,52.37587067,-1.27750526,266.90,true,,
1790445790.960,marker,reconciled,0.00000000,0.00000000,0.00,false,,
1790445791.012,hud,speed,,,,,"9.9 / 13.2",9.900
1790445791.012,hud,heading,,,,,"93° / 121°",93.200
1790445791.013,hud,drift,,,,,"21.15%",21.150
1790445791.013,hud,turns,,,,,"✗ turns: 3/15",
1790445791.013,hud,calib_s,,,,,"✓ Buffer 6s",
1790445791.014,marker,gnss,52.37499000,-1.28039800,239.10,true,,
1790445791.014,marker,dr,52.37587020,-1.27749074,266.80,true,,
1790445791.015,marker,reconciled,0.00000000,0.00000000,0.00,false,,
1790445791.058,hud,speed,,,,,"9.8 / 13.2",9.800
1790445791.058,hud,heading,,,,,"93° / 121°",93.200
1790445791.059,hud,drift,,,,,"21.17%",21.170
1790445791.059,hud,turns,,,,,"✗ turns: 3/15",
1790445791.059,hud,calib_s,,,,,"✓ Buffer 6s",
1790445791.060,marker,gnss,52.37499000,-1.28039800,239.10,true,,
1790445791.060,marker,dr,52.37586968,-1.27747638,266.80,true,,
1790445791.061,marker,reconciled,0.00000000,0.00000000,0.00,false,,
1790445791.114,hud,speed,,,,,"9.7 / 13.2",9.680
1790445791.114,hud,heading,,,,,"93° / 121°",93.100
1790445791.114,hud,drift,,,,,"21.18%",21.180
1790445791.115,hud,turns,,,,,"✗ turns: 3/15",
1790445791.115,hud,calib_s,,,,,"✓ Buffer 6s",
1790445791.115,marker,gnss,52.37499000,-1.28039800,239.10,true,,
1790445791.116,marker,dr,52.37586910,-1.27746205,266.90,true,,
1790445791.116,marker,reconciled,0.00000000,0.00000000,0.00,false,,
1790445791.164,hud,speed,,,,,"9.6 / 13.2",9.580
1790445791.165,hud,heading,,,,,"93° / 121°",92.900
1790445791.165,hud,drift,,,,,"21.20%",21.200
1790445791.165,hud,turns,,,,,"✗ turns: 3/15",
1790445791.165,hud,calib_s,,,,,"✓ Buffer 6s",
1790445791.166,marker,gnss,52.37499000,-1.28039800,239.10,true,,
1790445791.166,marker,dr,52.37586848,-1.27744801,267.10,true,,
1790445791.167,marker,reconciled,0.00000000,0.00000000,0.00,false,,
1790445791.213,hud,speed,,,,,"9.2 / 13.2",9.230
1790445791.213,hud,heading,,,,,"93° / 121°",92.700
1790445791.214,hud,drift,,,,,"21.21%",21.210
1790445791.214,hud,turns,,,,,"✗ turns: 3/15",
1790445791.214,hud,calib_s,,,,,"✓ Buffer 6s",
1790445791.215,marker,gnss,52.37499000,-1.28039800,239.10,true,,
1790445791.215,marker,dr,52.37586791,-1.27743461,267.30,true,,
1790445791.215,marker,reconciled,0.00000000,0.00000000,0.00,false,,
1790445791.263,hud,speed,,,,,"9.0 / 13.2",8.950
1790445791.264,hud,heading,,,,,"92° / 121°",92.400
1790445791.264,hud,drift,,,,,"21.22%",21.220
1790445791.264,hud,turns,,,,,"✗ turns: 3/15",
1790445791.265,hud,calib_s,,,,,"✓ Buffer 6s",
1790445791.265,marker,gnss,52.37499000,-1.28039800,239.10,true,,
1790445791.265,marker,dr,52.37586732,-1.27742147,267.60,true,,
1790445791.266,marker,reconciled,0.00000000,0.00000000,0.00,false,,
1790445791.319,hud,speed,,,,,"8.7 / 13.2",8.700
1790445791.320,hud,heading,,,,,"92° / 121°",92.200
1790445791.320,hud,drift,,,,,"21.24%",21.240
1790445791.320,hud,turns,,,,,"✗ turns: 3/15",
1790445791.320,hud,calib_s,,,,,"✓ Buffer 6s",
1790445791.320,marker,gnss,52.37499000,-1.28039800,239.10,true,,
1790445791.321,marker,dr,52.37586674,-1.27740868,267.80,true,,
1790445791.321,marker,reconciled,0.00000000,0.00000000,0.00,false,,
1790445791.376,hud,speed,,,,,"8.6 / 8.6",8.630
1790445791.377,hud,heading,,,,,"92° / 123°",92.300
1790445791.377,hud,drift,,,,,"21.02%",21.020
1790445791.377,hud,turns,,,,,"✗ turns: 3/15",
1790445791.377,hud,calib_s,,,,,"✓ Buffer 6s",
1790445791.377,marker,gnss,52.37454000,-1.27917800,236.60,true,,
1790445791.378,marker,dr,52.37586611,-1.27739586,267.70,true,,
1790445791.378,marker,reconciled,0.00000000,0.00000000,0.00,false,,
1790445791.419,hud,speed,,,,,"8.4 / 8.6",8.400
1790445791.419,hud,heading,,,,,"92° / 123°",92.400
1790445791.419,hud,drift,,,,,"21.04%",21.040
1790445791.420,hud,turns,,,,,"✗ turns: 3/15",
1790445791.420,hud,calib_s,,,,,"✓ Buffer 6s",
1790445791.420,marker,gnss,52.37454000,-1.27917800,236.60,true,,
1790445791.421,marker,dr,52.37586546,-1.27738354,267.60,true,,
1790445791.421,marker,reconciled,0.00000000,0.00000000,0.00,false,,
1790445791.470,hud,speed,,,,,"8.4 / 8.6",8.350
1790445791.470,hud,heading,,,,,"93° / 123°",92.500
1790445791.471,hud,drift,,,,,"21.06%",21.060
1790445791.471,hud,turns,,,,,"✗ turns: 3/15",
1790445791.471,hud,calib_s,,,,,"✓ Buffer 6s",
1790445791.471,marker,gnss,52.37454000,-1.27917800,236.60,true,,
1790445791.472,marker,dr,52.37586477,-1.27737140,267.50,true,,
1790445791.473,marker,reconciled,0.00000000,0.00000000,0.00,false,,
1790445791.520,hud,speed,,,,,"8.3 / 8.6",8.300
1790445791.521,hud,heading,,,,,"93° / 123°",92.500
1790445791.521,hud,drift,,,,,"21.08%",21.080
1790445791.521,hud,turns,,,,,"✗ turns: 3/15",
1790445791.521,hud,calib_s,,,,,"✓ Buffer 6s",
1790445791.522,marker,gnss,52.37454000,-1.27917800,236.60,true,,
1790445791.522,marker,dr,52.37586408,-1.27735910,267.50,true,,
1790445791.523,marker,reconciled,0.00000000,0.00000000,0.00,false,,
1790445791.573,hud,speed,,,,,"8.3 / 8.6",8.270
1790445791.574,hud,heading,,,,,"93° / 123°",92.500
1790445791.574,hud,drift,,,,,"21.11%",21.110
1790445791.574,hud,turns,,,,,"✗ turns: 3/15",
1790445791.574,hud,calib_s,,,,,"✓ Buffer 6s",
1790445791.575,marker,gnss,52.37454000,-1.27917800,236.60,true,,
1790445791.575,marker,dr,52.37586340,-1.27734699,267.50,true,,
1790445791.575,marker,reconciled,0.00000000,0.00000000,0.00,false,,
1790445791.626,hud,speed,,,,,"8.3 / 8.6",8.250
1790445791.626,hud,heading,,,,,"92° / 123°",92.300
1790445791.626,hud,drift,,,,,"21.13%",21.130
1790445791.626,hud,turns,,,,,"✗ turns: 3/15",
1790445791.627,hud,calib_s,,,,,"✓ Buffer 6s",
1790445791.627,marker,gnss,52.37454000,-1.27917800,236.60,true,,
1790445791.627,marker,dr,52.37586273,-1.27733489,267.70,true,,
1790445791.627,marker,reconciled,0.00000000,0.00000000,0.00,false,,
1790445791.677,hud,speed,,,,,"8.2 / 8.6",8.180
1790445791.677,hud,heading,,,,,"92° / 123°",92.200
1790445791.677,hud,drift,,,,,"21.15%",21.150
1790445791.678,hud,turns,,,,,"✗ turns: 3/15",
1790445791.678,hud,calib_s,,,,,"✓ Buffer 6s",
1790445791.678,marker,gnss,52.37454000,-1.27917800,236.60,true,,
1790445791.679,marker,dr,52.37586201,-1.27732288,267.80,true,,
1790445791.679,marker,reconciled,0.00000000,0.00000000,0.00,false,,
1790445791.727,hud,speed,,,,,"8.2 / 8.6",8.180
1790445791.727,hud,heading,,,,,"92° / 123°",92.000
1790445791.728,hud,drift,,,,,"21.17%",21.170
1790445791.728,hud,turns,,,,,"✗ turns: 3/15",
1790445791.728,hud,calib_s,,,,,"✓ Buffer 6s",
1790445791.728,marker,gnss,52.37454000,-1.27917800,236.60,true,,
1790445791.729,marker,dr,52.37586129,-1.27731086,268.00,true,,
1790445791.729,marker,reconciled,0.00000000,0.00000000,0.00,false,,
1790445791.780,hud,speed,,,,,"8.2 / 8.6",8.190
1790445791.780,hud,heading,,,,,"91° / 123°",91.400
1790445791.781,hud,drift,,,,,"21.19%",21.190
1790445791.781,hud,turns,,,,,"✗ turns: 3/15",
1790445791.781,hud,calib_s,,,,,"✓ Buffer 6s",
1790445791.782,marker,gnss,52.37454000,-1.27917800,236.60,true,,
1790445791.782,marker,dr,52.37586058,-1.27729897,268.60,true,,
1790445791.783,marker,reconciled,0.00000000,0.00000000,0.00,false,,
1790445791.828,hud,speed,,,,,"8.1 / 8.6",8.080
1790445791.828,hud,heading,,,,,"91° / 123°",90.900
1790445791.829,hud,drift,,,,,"21.21%",21.210
1790445791.829,hud,turns,,,,,"✗ turns: 3/15",
1790445791.829,hud,calib_s,,,,,"✓ Buffer 6s",
1790445791.829,marker,gnss,52.37454000,-1.27917800,236.60,true,,
1790445791.830,marker,dr,52.37585980,-1.27728709,269.10,true,,
1790445791.831,marker,reconciled,0.00000000,0.00000000,0.00,false,,
1790445791.883,hud,speed,,,,,"7.8 / 8.6",7.780
1790445791.883,hud,heading,,,,,"91° / 123°",91.000
1790445791.884,hud,drift,,,,,"21.23%",21.230
1790445791.884,hud,turns,,,,,"✗ turns: 3/15",
1790445791.884,hud,calib_s,,,,,"✓ Buffer 6s",
1790445791.884,marker,gnss,52.37454000,-1.27917800,236.60,true,,
1790445791.885,marker,dr,52.37585897,-1.27727531,269.00,true,,
1790445791.885,marker,reconciled,0.00000000,0.00000000,0.00,false,,
1790445791.931,hud,speed,,,,,"7.9 / 8.6",7.850
1790445791.931,hud,heading,,,,,"91° / 123°",90.900
1790445791.932,hud,drift,,,,,"21.24%",21.240
1790445791.932,hud,turns,,,,,"✗ turns: 3/15",
1790445791.932,hud,calib_s,,,,,"✓ Buffer 6s",
1790445791.932,marker,gnss,52.37454000,-1.27917800,236.60,true,,
1790445791.933,marker,dr,52.37585820,-1.27726371,269.10,true,,
1790445791.933,marker,reconciled,0.00000000,0.00000000,0.00,false,,
1790445791.980,hud,speed,,,,,"7.9 / 8.6",7.890
1790445791.981,hud,heading,,,,,"91° / 123°",91.100
1790445791.981,hud,drift,,,,,"21.26%",21.260
1790445791.981,hud,turns,,,,,"✗ turns: 3/15",
1790445791.981,hud,calib_s,,,,,"✓ Buffer 6s",
1790445791.982,marker,gnss,52.37454000,-1.27917800,236.60,true,,
1790445791.983,marker,dr,52.37585751,-1.27725207,268.90,true,,
1790445791.983,marker,reconciled,0.00000000,0.00000000,0.00,false,,
1790445792.032,hud,speed,,,,,"7.8 / 8.6",7.840
1790445792.032,hud,heading,,,,,"91° / 123°",91.000
1790445792.032,hud,drift,,,,,"21.28%",21.280
1790445792.032,hud,turns,,,,,"✗ turns: 3/15",
1790445792.033,hud,calib_s,,,,,"✓ Buffer 6s",
1790445792.033,marker,gnss,52.37454000,-1.27917800,236.60,true,,
1790445792.034,marker,dr,52.37585684,-1.27724048,269.00,true,,
1790445792.034,marker,reconciled,0.00000000,0.00000000,0.00,false,,
1790445792.083,hud,speed,,,,,"7.8 / 8.6",7.840
1790445792.084,hud,heading,,,,,"91° / 123°",90.900
1790445792.084,hud,drift,,,,,"21.30%",21.300
1790445792.084,hud,turns,,,,,"✗ turns: 3/15",
1790445792.084,hud,calib_s,,,,,"✓ Buffer 6s",
1790445792.085,marker,gnss,52.37454000,-1.27917800,236.60,true,,
1790445792.085,marker,dr,52.37585614,-1.27722875,269.10,true,,
1790445792.085,marker,reconciled,0.00000000,0.00000000,0.00,false,,
1790445792.136,hud,speed,,,,,"7.8 / 8.6",7.810
1790445792.137,hud,heading,,,,,"91° / 123°",90.700
1790445792.137,hud,drift,,,,,"21.32%",21.320
1790445792.137,hud,turns,,,,,"✗ turns: 3/15",
1790445792.137,hud,calib_s,,,,,"✓ Buffer 6s",
1790445792.138,marker,gnss,52.37454000,-1.27917800,236.60,true,,
1790445792.138,marker,dr,52.37585546,-1.27721720,269.30,true,,
1790445792.139,marker,reconciled,0.00000000,0.00000000,0.00,false,,
1790445792.186,hud,speed,,,,,"7.8 / 8.6",7.750
1790445792.187,hud,heading,,,,,"91° / 123°",90.600
1790445792.187,hud,drift,,,,,"21.34%",21.340
1790445792.188,hud,turns,,,,,"✗ turns: 3/15",
1790445792.188,hud,calib_s,,,,,"✓ Buffer 6s",
1790445792.188,marker,gnss,52.37454000,-1.27917800,236.60,true,,
1790445792.189,marker,dr,52.37585480,-1.27720583,269.40,true,,
1790445792.189,marker,reconciled,0.00000000,0.00000000,0.00,false,,
1790445792.237,hud,speed,,,,,"7.7 / 8.6",7.730
1790445792.237,hud,heading,,,,,"90° / 123°",90.200
1790445792.237,hud,drift,,,,,"21.36%",21.360
1790445792.238,hud,turns,,,,,"✗ turns: 3/15",
1790445792.238,hud,calib_s,,,,,"✓ Buffer 6s",
1790445792.238,marker,gnss,52.37454000,-1.27917800,236.60,true,,
1790445792.239,marker,dr,52.37585411,-1.27719429,269.80,true,,
1790445792.239,marker,reconciled,0.00000000,0.00000000,0.00,false,,
1790445792.285,hud,speed,,,,,"7.7 / 8.6",7.690
1790445792.285,hud,heading,,,,,"91° / 123°",90.500
1790445792.285,hud,drift,,,,,"21.37%",21.370
1790445792.286,hud,turns,,,,,"✗ turns: 3/15",
1790445792.286,hud,calib_s,,,,,"✓ Buffer 6s",
1790445792.286,marker,gnss,52.37454000,-1.27917800,236.60,true,,
1790445792.287,marker,dr,52.37585345,-1.27718306,269.50,true,,
1790445792.287,marker,reconciled,0.00000000,0.00000000,0.00,false,,
1790445792.339,hud,speed,,,,,"7.5 / 8.6",7.510
1790445792.340,hud,heading,,,,,"90° / 123°",90.400
1790445792.340,hud,drift,,,,,"21.39%",21.390
1790445792.340,hud,turns,,,,,"✗ turns: 3/15",
1790445792.340,hud,calib_s,,,,,"✓ Buffer 6s",
1790445792.341,marker,gnss,52.37454000,-1.27917800,236.60,true,,
1790445792.341,marker,dr,52.37585279,-1.27717181,269.60,true,,
1790445792.342,marker,reconciled,0.00000000,0.00000000,0.00,false,,
1790445792.392,hud,speed,,,,,"7.6 / 8.6",7.600
1790445792.392,hud,heading,,,,,"90° / 123°",90.400
1790445792.393,hud,drift,,,,,"21.41%",21.410
1790445792.393,hud,turns,,,,,"✗ turns: 3/15",
1790445792.393,hud,calib_s,,,,,"✓ Buffer 6s",
1790445792.393,marker,gnss,52.37454000,-1.27917800,236.60,true,,
1790445792.394,marker,dr,52.37585217,-1.27716069,269.60,true,,
1790445792.394,marker,reconciled,0.00000000,0.00000000,0.00,false,,
1790445792.440,hud,speed,,,,,"7.7 / 8.6",7.680
1790445792.441,hud,heading,,,,,"90° / 123°",90.100
1790445792.441,hud,drift,,,,,"21.43%",21.430
1790445792.441,hud,turns,,,,,"✗ turns: 3/15",
1790445792.442,hud,calib_s,,,,,"✓ Buffer 6s",
1790445792.442,marker,gnss,52.37454000,-1.27917800,236.60,true,,
1790445792.443,marker,dr,52.37585157,-1.27714926,269.90,true,,
1790445792.443,marker,reconciled,0.00000000,0.00000000,0.00,false,,
1790445792.492,hud,speed,,,,,"7.7 / 8.6",7.710
1790445792.493,hud,heading,,,,,"90° / 123°",89.900
1790445792.493,hud,drift,,,,,"21.45%",21.450
1790445792.493,hud,turns,,,,,"✗ turns: 3/15",
1790445792.493,hud,calib_s,,,,,"✓ Buffer 6s",
1790445792.493,marker,gnss,52.37454000,-1.27917800,236.60,true,,
1790445792.494,marker,dr,52.37585100,-1.27713797,270.10,true,,
1790445792.494,marker,reconciled,0.00000000,0.00000000,0.00,false,,
1790445792.539,hud,speed,,,,,"7.8 / 8.6",7.780
1790445792.540,hud,heading,,,,,"90° / 123°",89.900
1790445792.540,hud,drift,,,,,"21.47%",21.470
1790445792.540,hud,turns,,,,,"✗ turns: 3/15",
1790445792.540,hud,calib_s,,,,,"✓ Buffer 6s",
1790445792.541,marker,gnss,52.37454000,-1.27917800,236.60,true,,
1790445792.541,marker,dr,52.37585043,-1.27712642,270.10,true,,
1790445792.541,marker,reconciled,0.00000000,0.00000000,0.00,false,,
1790445792.591,hud,speed,,,,,"7.9 / 8.6",7.920
1790445792.592,hud,heading,,,,,"90° / 123°",90.000
1790445792.592,hud,drift,,,,,"21.49%",21.490
1790445792.592,hud,turns,,,,,"✗ turns: 3/15",
1790445792.592,hud,calib_s,,,,,"✓ Buffer 6s",
1790445792.593,marker,gnss,52.37454000,-1.27917800,236.60,true,,
1790445792.593,marker,dr,52.37584987,-1.27711470,270.00,true,,
1790445792.594,marker,reconciled,0.00000000,0.00000000,0.00,false,,
1790445792.644,hud,speed,,,,,"8.1 / 8.6",8.060
1790445792.644,hud,heading,,,,,"90° / 123°",90.300
1790445792.644,hud,drift,,,,,"21.51%",21.510
1790445792.645,hud,turns,,,,,"✗ turns: 3/15",
1790445792.645,hud,calib_s,,,,,"✓ Buffer 6s",
1790445792.645,marker,gnss,52.37454000,-1.27917800,236.60,true,,
1790445792.645,marker,dr,52.37584931,-1.27710276,269.70,true,,
1790445792.646,marker,reconciled,0.00000000,0.00000000,0.00,false,,
1790445792.695,hud,speed,,,,,"8.2 / 8.6",8.230
1790445792.695,hud,heading,,,,,"90° / 123°",90.200
1790445792.695,hud,drift,,,,,"21.53%",21.530
1790445792.695,hud,turns,,,,,"✗ turns: 3/15",
1790445792.696,hud,calib_s,,,,,"✓ Buffer 6s",
1790445792.696,marker,gnss,52.37454000,-1.27917800,236.60,true,,
1790445792.696,marker,dr,52.37584870,-1.27709066,269.80,true,,
1790445792.696,marker,reconciled,0.00000000,0.00000000,0.00,false,,
1790445792.747,hud,speed,,,,,"8.3 / 8.6",8.260
1790445792.748,hud,heading,,,,,"90° / 123°",90.200
1790445792.748,hud,drift,,,,,"21.55%",21.550
1790445792.749,hud,turns,,,,,"✗ turns: 3/15",
1790445792.749,hud,calib_s,,,,,"✓ Buffer 6s",
1790445792.749,marker,gnss,52.37454000,-1.27917800,236.60,true,,
1790445792.750,marker,dr,52.37584810,-1.27707849,269.80,true,,
1790445792.750,marker,reconciled,0.00000000,0.00000000,0.00,false,,
1790445792.794,hud,speed,,,,,"8.3 / 8.6",8.310
1790445792.795,hud,heading,,,,,"90° / 123°",90.300
1790445792.795,hud,drift,,,,,"21.57%",21.570
1790445792.795,hud,turns,,,,,"✗ turns: 3/15",
1790445792.796,hud,calib_s,,,,,"✓ Buffer 6s",
1790445792.796,marker,gnss,52.37454000,-1.27917800,236.60,true,,
1790445792.796,marker,dr,52.37584763,-1.27706642,269.70,true,,
1790445792.797,marker,reconciled,0.00000000,0.00000000,0.00,false,,
1790445792.845,hud,speed,,,,,"8.4 / 8.6",8.370
1790445792.845,hud,heading,,,,,"90° / 123°",90.100
1790445792.845,hud,drift,,,,,"21.60%",21.600
1790445792.846,hud,turns,,,,,"✗ turns: 3/15",
1790445792.846,hud,calib_s,,,,,"✓ Buffer 6s",
1790445792.846,marker,gnss,52.37454000,-1.27917800,236.60,true,,
1790445792.847,marker,dr,52.37584719,-1.27705411,269.90,true,,
1790445792.847,marker,reconciled,0.00000000,0.00000000,0.00,false,,
1790445792.897,hud,speed,,,,,"8.5 / 8.6",8.460
1790445792.898,hud,heading,,,,,"90° / 123°",90.100
1790445792.898,hud,drift,,,,,"21.62%",21.620
1790445792.899,hud,turns,,,,,"✗ turns: 3/15",
1790445792.899,hud,calib_s,,,,,"✓ Buffer 6s",
1790445792.899,marker,gnss,52.37454000,-1.27917800,236.60,true,,
1790445792.900,marker,dr,52.37584681,-1.27704167,269.90,true,,
1790445792.900,marker,reconciled,0.00000000,0.00000000,0.00,false,,
1790445792.949,hud,speed,,,,,"8.6 / 8.6",8.590
1790445792.949,hud,heading,,,,,"90° / 123°",90.000
1790445792.949,hud,drift,,,,,"21.65%",21.650
1790445792.950,hud,turns,,,,,"✗ turns: 3/15",
1790445792.950,hud,calib_s,,,,,"✓ Buffer 6s",
1790445792.950,marker,gnss,52.37454000,-1.27917800,236.60,true,,
1790445792.951,marker,dr,52.37584646,-1.27702890,270.00,true,,
1790445792.951,marker,reconciled,0.00000000,0.00000000,0.00,false,,
1790445792.999,hud,speed,,,,,"8.7 / 8.6",8.680
1790445793.000,hud,heading,,,,,"90° / 123°",90.000
1790445793.000,hud,drift,,,,,"21.68%",21.680
1790445793.000,hud,turns,,,,,"✗ turns: 3/15",
1790445793.000,hud,calib_s,,,,,"✓ Buffer 6s",
1790445793.001,marker,gnss,52.37454000,-1.27917800,236.60,true,,
1790445793.001,marker,dr,52.37584614,-1.27701627,270.00,true,,
1790445793.002,marker,reconciled,0.00000000,0.00000000,0.00,false,,
1790445793.049,hud,speed,,,,,"8.8 / 8.6",8.810
1790445793.050,hud,heading,,,,,"90° / 123°",90.100
1790445793.050,hud,drift,,,,,"21.71%",21.710
1790445793.050,hud,turns,,,,,"✗ turns: 3/15",
1790445793.051,hud,calib_s,,,,,"✓ Buffer 6s",
1790445793.051,marker,gnss,52.37454000,-1.27917800,236.60,true,,
1790445793.051,marker,dr,52.37584586,-1.27700320,269.90,true,,
1790445793.052,marker,reconciled,0.00000000,0.00000000,0.00,false,,
1790445793.099,hud,speed,,,,,"9.0 / 8.6",8.960
1790445793.099,hud,heading,,,,,"90° / 123°",90.300
1790445793.099,hud,drift,,,,,"21.74%",21.740
1790445793.100,hud,turns,,,,,"✗ turns: 3/15",
1790445793.100,hud,calib_s,,,,,"✓ Buffer 6s",
1790445793.101,marker,gnss,52.37454000,-1.27917800,236.60,true,,
1790445793.102,marker,dr,52.37584561,-1.27699018,269.70,true,,
1790445793.102,marker,reconciled,0.00000000,0.00000000,0.00,false,,
1790445793.155,hud,speed,,,,,"9.1 / 8.6",9.080
1790445793.155,hud,heading,,,,,"90° / 123°",90.300
1790445793.155,hud,drift,,,,,"21.77%",21.770
1790445793.156,hud,turns,,,,,"✗ turns: 3/15",
1790445793.156,hud,calib_s,,,,,"✓ Buffer 6s",
1790445793.156,marker,gnss,52.37454000,-1.27917800,236.60,true,,
1790445793.157,marker,dr,52.37584535,-1.27697673,269.70,true,,
1790445793.157,marker,reconciled,0.00000000,0.00000000,0.00,false,,
1790445793.204,hud,speed,,,,,"9.2 / 8.6",9.200
1790445793.204,hud,heading,,,,,"90° / 123°",90.200
1790445793.204,hud,drift,,,,,"21.80%",21.800
1790445793.205,hud,turns,,,,,"✗ turns: 3/15",
1790445793.205,hud,calib_s,,,,,"✓ Buffer 6s",
1790445793.205,marker,gnss,52.37454000,-1.27917800,236.60,true,,
1790445793.206,marker,dr,52.37584511,-1.27696323,269.80,true,,
1790445793.206,marker,reconciled,0.00000000,0.00000000,0.00,false,,
1790445793.253,hud,speed,,,,,"9.3 / 8.6",9.330
1790445793.253,hud,heading,,,,,"90° / 123°",90.300
1790445793.254,hud,drift,,,,,"21.83%",21.830
1790445793.254,hud,turns,,,,,"✗ turns: 3/15",
1790445793.254,hud,calib_s,,,,,"✓ Buffer 6s",
1790445793.254,marker,gnss,52.37454000,-1.27917800,236.60,true,,
1790445793.255,marker,dr,52.37584487,-1.27694967,269.70,true,,
1790445793.255,marker,reconciled,0.00000000,0.00000000,0.00,false,,
1790445793.304,hud,speed,,,,,"9.4 / 8.6",9.440
1790445793.305,hud,heading,,,,,"90° / 123°",90.300
1790445793.305,hud,drift,,,,,"21.86%",21.860
1790445793.305,hud,turns,,,,,"✗ turns: 3/15",
1790445793.305,hud,calib_s,,,,,"✓ Buffer 6s",
1790445793.305,marker,gnss,52.37454000,-1.27917800,236.60,true,,
1790445793.306,marker,dr,52.37584466,-1.27693568,269.70,true,,
1790445793.307,marker,reconciled,0.00000000,0.00000000,0.00,false,,
1790445793.352,hud,speed,,,,,"9.6 / 8.6",9.600
1790445793.352,hud,heading,,,,,"91° / 123°",90.500
1790445793.353,hud,drift,,,,,"21.89%",21.890
1790445793.353,hud,turns,,,,,"✗ turns: 3/15",
1790445793.353,hud,calib_s,,,,,"✓ Buffer 6s",
1790445793.353,marker,gnss,52.37454000,-1.27917800,236.60,true,,
1790445793.354,marker,dr,52.37584442,-1.27692159,269.50,true,,
1790445793.354,marker,reconciled,0.00000000,0.00000000,0.00,false,,
1790445793.406,hud,speed,,,,,"9.7 / 8.6",9.720
1790445793.407,hud,heading,,,,,"91° / 123°",90.600
1790445793.407,hud,drift,,,,,"21.93%",21.930
1790445793.407,hud,turns,,,,,"✗ turns: 3/15",
1790445793.407,hud,calib_s,,,,,"✓ Buffer 6s",
1790445793.408,marker,gnss,52.37454000,-1.27917800,236.60,true,,
1790445793.408,marker,dr,52.37584420,-1.27690733,269.40,true,,
1790445793.408,marker,reconciled,0.00000000,0.00000000,0.00,false,,
1790445793.456,hud,speed,,,,,"9.8 / 8.6",9.810
1790445793.456,hud,heading,,,,,"91° / 123°",90.700
1790445793.457,hud,drift,,,,,"21.96%",21.960
1790445793.457,hud,turns,,,,,"✗ turns: 3/15",
1790445793.457,hud,calib_s,,,,,"✓ Buffer 6s",
1790445793.457,marker,gnss,52.37454000,-1.27917800,236.60,true,,
1790445793.458,marker,dr,52.37584399,-1.27689294,269.30,true,,
1790445793.458,marker,reconciled,0.00000000,0.00000000,0.00,false,,
1790445793.505,hud,speed,,,,,"10.0 / 8.6",9.960
1790445793.506,hud,heading,,,,,"91° / 123°",90.800
1790445793.506,hud,drift,,,,,"22.00%",22.000
1790445793.507,hud,turns,,,,,"✗ turns: 3/15",
1790445793.507,hud,calib_s,,,,,"✓ Buffer 6s",
1790445793.507,marker,gnss,52.37454000,-1.27917800,236.60,true,,
1790445793.507,marker,dr,52.37584378,-1.27687833,269.20,true,,
1790445793.508,marker,reconciled,0.00000000,0.00000000,0.00,false,,
1790445793.557,hud,speed,,,,,"10.1 / 8.6",10.090
1790445793.557,hud,heading,,,,,"91° / 123°",90.700
1790445793.558,hud,drift,,,,,"22.04%",22.040
1790445793.558,hud,turns,,,,,"✗ turns: 3/15",
1790445793.558,hud,calib_s,,,,,"✓ Buffer 6s",
1790445793.559,marker,gnss,52.37454000,-1.27917800,236.60,true,,
1790445793.559,marker,dr,52.37584354,-1.27686367,269.30,true,,
1790445793.560,marker,reconciled,0.00000000,0.00000000,0.00,false,,
1790445793.608,hud,speed,,,,,"10.2 / 8.6",10.180
1790445793.608,hud,heading,,,,,"91° / 123°",90.600
1790445793.608,hud,drift,,,,,"22.07%",22.070
1790445793.608,hud,turns,,,,,"✗ turns: 3/15",
1790445793.608,hud,calib_s,,,,,"✓ Buffer 6s",
1790445793.609,marker,gnss,52.37454000,-1.27917800,236.60,true,,
1790445793.609,marker,dr,52.37584333,-1.27684872,269.40,true,,
1790445793.610,marker,reconciled,0.00000000,0.00000000,0.00,false,,
1790445793.659,hud,speed,,,,,"10.3 / 8.6",10.260
1790445793.660,hud,heading,,,,,"91° / 123°",90.500
1790445793.660,hud,drift,,,,,"22.11%",22.110
1790445793.660,hud,turns,,,,,"✗ turns: 3/15",
1790445793.660,hud,calib_s,,,,,"✓ Buffer 6s",
1790445793.660,marker,gnss,52.37454000,-1.27917800,236.60,true,,
1790445793.661,marker,dr,52.37584313,-1.27683351,269.50,true,,
1790445793.661,marker,reconciled,0.00000000,0.00000000,0.00,false,,
1790445793.708,hud,speed,,,,,"10.3 / 8.6",10.300
1790445793.709,hud,heading,,,,,"90° / 123°",90.400
1790445793.709,hud,drift,,,,,"22.15%",22.150
1790445793.709,hud,turns,,,,,"✗ turns: 3/15",
1790445793.709,hud,calib_s,,,,,"✓ Buffer 6s",
1790445793.709,marker,gnss,52.37454000,-1.27917800,236.60,true,,
1790445793.710,marker,dr,52.37584288,-1.27681838,269.60,true,,
1790445793.710,marker,reconciled,0.00000000,0.00000000,0.00,false,,
1790445793.760,hud,speed,,,,,"10.3 / 8.6",10.310
1790445793.760,hud,heading,,,,,"91° / 123°",90.500
1790445793.760,hud,drift,,,,,"22.19%",22.190
1790445793.760,hud,turns,,,,,"✗ turns: 3/15",
1790445793.761,hud,calib_s,,,,,"✓ Buffer 6s",
1790445793.761,marker,gnss,52.37454000,-1.27917800,236.60,true,,
1790445793.761,marker,dr,52.37584262,-1.27680325,269.50,true,,
1790445793.761,marker,reconciled,0.00000000,0.00000000,0.00,false,,
1790445793.811,hud,speed,,,,,"10.4 / 8.6",10.350
1790445793.812,hud,heading,,,,,"91° / 123°",90.600
1790445793.813,hud,drift,,,,,"22.22%",22.220
1790445793.813,hud,turns,,,,,"✗ turns: 3/15",
1790445793.813,hud,calib_s,,,,,"✓ Buffer 6s",
1790445793.814,marker,gnss,52.37454000,-1.27917800,236.60,true,,
1790445793.814,marker,dr,52.37584233,-1.27678822,269.40,true,,
1790445793.814,marker,reconciled,0.00000000,0.00000000,0.00,false,,
1790445793.864,hud,speed,,,,,"10.4 / 8.6",10.440
1790445793.865,hud,heading,,,,,"91° / 123°",90.700
1790445793.865,hud,drift,,,,,"22.26%",22.260
1790445793.865,hud,turns,,,,,"✗ turns: 3/15",
1790445793.865,hud,calib_s,,,,,"✓ Buffer 6s",
1790445793.866,marker,gnss,52.37454000,-1.27917800,236.60,true,,
1790445793.866,marker,dr,52.37584204,-1.27677291,269.30,true,,
1790445793.867,marker,reconciled,0.00000000,0.00000000,0.00,false,,
1790445793.918,hud,speed,,,,,"10.5 / 8.6",10.470
1790445793.918,hud,heading,,,,,"91° / 123°",90.700
1790445793.919,hud,drift,,,,,"22.30%",22.300
1790445793.919,hud,turns,,,,,"✗ turns: 3/15",
1790445793.919,hud,calib_s,,,,,"✓ Buffer 6s",
1790445793.919,marker,gnss,52.37454000,-1.27917800,236.60,true,,
1790445793.920,marker,dr,52.37584175,-1.27675739,269.30,true,,
1790445793.920,marker,reconciled,0.00000000,0.00000000,0.00,false,,
1790445793.965,hud,speed,,,,,"10.5 / 8.6",10.460
1790445793.965,hud,heading,,,,,"91° / 123°",90.700
1790445793.965,hud,drift,,,,,"22.34%",22.340
1790445793.965,hud,turns,,,,,"✗ turns: 3/15",
1790445793.965,hud,calib_s,,,,,"✓ Buffer 6s",
1790445793.966,marker,gnss,52.37454000,-1.27917800,236.60,true,,
1790445793.966,marker,dr,52.37584146,-1.27674204,269.30,true,,
1790445793.967,marker,reconciled,0.00000000,0.00000000,0.00,false,,
1790445794.016,hud,speed,,,,,"10.5 / 8.6",10.470
1790445794.016,hud,heading,,,,,"90° / 123°",90.400
1790445794.016,hud,drift,,,,,"22.37%",22.370
1790445794.017,hud,turns,,,,,"✗ turns: 3/15",
1790445794.017,hud,calib_s,,,,,"✓ Buffer 6s",
1790445794.017,marker,gnss,52.37454000,-1.27917800,236.60,true,,
1790445794.017,marker,dr,52.37584119,-1.27672668,269.60,true,,
1790445794.018,marker,reconciled,0.00000000,0.00000000,0.00,false,,
1790445794.066,hud,speed,,,,,"10.3 / 8.6",10.290
1790445794.067,hud,heading,,,,,"91° / 123°",90.500
1790445794.067,hud,drift,,,,,"22.41%",22.410
1790445794.067,hud,turns,,,,,"✗ turns: 3/15",
1790445794.068,hud,calib_s,,,,,"✓ Buffer 6s",
1790445794.068,marker,gnss,52.37454000,-1.27917800,236.60,true,,
1790445794.071,marker,dr,52.37584092,-1.27671171,269.50,true,,
1790445794.071,marker,reconciled,0.00000000,0.00000000,0.00,false,,
1790445794.121,hud,speed,,,,,"10.3 / 8.6",10.280
1790445794.121,hud,heading,,,,,"90° / 123°",90.400
1790445794.121,hud,drift,,,,,"22.45%",22.450
1790445794.122,hud,turns,,,,,"✗ turns: 3/15",
1790445794.122,hud,calib_s,,,,,"✓ Buffer 6s",
1790445794.122,marker,gnss,52.37454000,-1.27917800,236.60,true,,
1790445794.123,marker,dr,52.37584069,-1.27669647,269.60,true,,
1790445794.123,marker,reconciled,0.00000000,0.00000000,0.00,false,,
1790445794.167,hud,speed,,,,,"10.3 / 8.6",10.290
1790445794.168,hud,heading,,,,,"90° / 123°",90.200
1790445794.168,hud,drift,,,,,"22.49%",22.490
1790445794.168,hud,turns,,,,,"✗ turns: 3/15",
1790445794.168,hud,calib_s,,,,,"✓ Buffer 6s",
1790445794.170,marker,gnss,52.37454000,-1.27917800,236.60,true,,
1790445794.170,marker,dr,52.37584051,-1.27668135,269.80,true,,
1790445794.171,marker,reconciled,0.00000000,0.00000000,0.00,false,,
1790445794.218,hud,speed,,,,,"10.3 / 8.6",10.310
1790445794.219,hud,heading,,,,,"90° / 123°",90.100
1790445794.219,hud,drift,,,,,"22.52%",22.520
1790445794.219,hud,turns,,,,,"✗ turns: 3/15",
1790445794.220,hud,calib_s,,,,,"✓ Buffer 6s",
1790445794.220,marker,gnss,52.37454000,-1.27917800,236.60,true,,
1790445794.220,marker,dr,52.37584039,-1.27666620,269.90,true,,
1790445794.221,marker,reconciled,0.00000000,0.00000000,0.00,false,,
1790445794.270,hud,speed,,,,,"10.4 / 8.6",10.370
1790445794.271,hud,heading,,,,,"90° / 123°",89.900
1790445794.271,hud,drift,,,,,"22.56%",22.560
1790445794.271,hud,turns,,,,,"✗ turns: 3/15",
1790445794.271,hud,calib_s,,,,,"✓ Buffer 6s",
1790445794.272,marker,gnss,52.37454000,-1.27917800,236.60,true,,
1790445794.272,marker,dr,52.37584031,-1.27665097,270.10,true,,
1790445794.272,marker,reconciled,0.00000000,0.00000000,0.00,false,,
1790445794.322,hud,speed,,,,,"10.4 / 8.6",10.400
1790445794.323,hud,heading,,,,,"90° / 123°",89.700
1790445794.323,hud,drift,,,,,"22.60%",22.600
1790445794.323,hud,turns,,,,,"✗ turns: 3/15",
1790445794.323,hud,calib_s,,,,,"✓ Buffer 6s",
1790445794.324,marker,gnss,52.37454000,-1.27917800,236.60,true,,
1790445794.324,marker,dr,52.37584021,-1.27663568,270.30,true,,
1790445794.325,marker,reconciled,0.00000000,0.00000000,0.00,false,,
1790445794.372,hud,speed,,,,,"10.5 / 8.6",10.470
1790445794.372,hud,heading,,,,,"90° / 123°",89.500
1790445794.373,hud,drift,,,,,"22.64%",22.640
1790445794.373,hud,turns,,,,,"✗ turns: 3/15",
1790445794.373,hud,calib_s,,,,,"✓ Buffer 6s",
1790445794.373,marker,gnss,52.37454000,-1.27917800,236.60,true,,
1790445794.374,marker,dr,52.37584010,-1.27662028,270.50,true,,
1790445794.374,marker,reconciled,0.00000000,0.00000000,0.00,false,,
1790445794.428,hud,speed,,,,,"10.5 / 8.6",10.530
1790445794.428,hud,heading,,,,,"90° / 123°",89.500
1790445794.429,hud,drift,,,,,"22.68%",22.680
1790445794.429,hud,turns,,,,,"✗ turns: 3/15",
1790445794.429,hud,calib_s,,,,,"✓ Buffer 6s",
1790445794.430,marker,gnss,52.37454000,-1.27917800,236.60,true,,
1790445794.430,marker,dr,52.37583999,-1.27660478,270.50,true,,
1790445794.431,marker,reconciled,0.00000000,0.00000000,0.00,false,,
1790445794.474,hud,speed,,,,,"10.7 / 8.6",10.650
1790445794.475,hud,heading,,,,,"89° / 123°",89.300
1790445794.475,hud,drift,,,,,"22.72%",22.720
1790445794.475,hud,turns,,,,,"✗ turns: 3/15",
1790445794.475,hud,calib_s,,,,,"✓ Buffer 6s",
1790445794.476,marker,gnss,52.37454000,-1.27917800,236.60,true,,
1790445794.476,marker,dr,52.37583990,-1.27658928,270.70,true,,
1790445794.477,marker,reconciled,0.00000000,0.00000000,0.00,false,,
1790445794.525,hud,speed,,,,,"10.8 / 8.6",10.770
1790445794.525,hud,heading,,,,,"90° / 123°",89.500
1790445794.526,hud,drift,,,,,"22.76%",22.760
1790445794.526,hud,turns,,,,,"✗ turns: 3/15",
1790445794.526,hud,calib_s,,,,,"✓ Buffer 6s",
1790445794.526,marker,gnss,52.37454000,-1.27917800,236.60,true,,
1790445794.527,marker,dr,52.37583985,-1.27657346,270.50,true,,
1790445794.527,marker,reconciled,0.00000000,0.00000000,0.00,false,,
1790445794.577,hud,speed,,,,,"10.8 / 8.6",10.840
1790445794.577,hud,heading,,,,,"90° / 123°",89.600
1790445794.578,hud,drift,,,,,"22.80%",22.800
1790445794.578,hud,turns,,,,,"✗ turns: 3/15",
1790445794.578,hud,calib_s,,,,,"✓ Buffer 6s",
1790445794.579,marker,gnss,52.37454000,-1.27917800,236.60,true,,
1790445794.579,marker,dr,52.37583978,-1.27655737,270.40,true,,
1790445794.580,marker,reconciled,0.00000000,0.00000000,0.00,false,,
1790445794.626,hud,speed,,,,,"10.9 / 8.6",10.940
1790445794.626,hud,heading,,,,,"90° / 123°",89.500
1790445794.627,hud,drift,,,,,"22.84%",22.840
1790445794.627,hud,turns,,,,,"✗ turns: 3/15",
1790445794.627,hud,calib_s,,,,,"✓ Buffer 6s",
1790445794.627,marker,gnss,52.37454000,-1.27917800,236.60,true,,
1790445794.628,marker,dr,52.37583974,-1.27654146,270.50,true,,
1790445794.628,marker,reconciled,0.00000000,0.00000000,0.00,false,,
1790445794.681,hud,speed,,,,,"11.0 / 8.6",11.040
1790445794.681,hud,heading,,,,,"90° / 123°",89.500
1790445794.681,hud,drift,,,,,"22.89%",22.890
1790445794.682,hud,turns,,,,,"✗ turns: 3/15",
1790445794.682,hud,calib_s,,,,,"✓ Buffer 6s",
1790445794.683,marker,gnss,52.37454000,-1.27917800,236.60,true,,
1790445794.683,marker,dr,52.37583971,-1.27652523,270.50,true,,
1790445794.684,marker,reconciled,0.00000000,0.00000000,0.00,false,,
1790445794.732,hud,speed,,,,,"11.1 / 8.6",11.140
1790445794.732,hud,heading,,,,,"89° / 123°",89.400
1790445794.732,hud,drift,,,,,"22.93%",22.930
1790445794.733,hud,turns,,,,,"✗ turns: 3/15",
1790445794.733,hud,calib_s,,,,,"✓ Buffer 6s",
1790445794.733,marker,gnss,52.37454000,-1.27917800,236.60,true,,
1790445794.733,marker,dr,52.37583969,-1.27650871,270.60,true,,
1790445794.734,marker,reconciled,0.00000000,0.00000000,0.00,false,,
1790445794.781,hud,speed,,,,,"11.3 / 8.6",11.250
1790445794.781,hud,heading,,,,,"89° / 123°",89.400
1790445794.782,hud,drift,,,,,"22.98%",22.980
1790445794.782,hud,turns,,,,,"✗ turns: 3/15",
1790445794.782,hud,calib_s,,,,,"✓ Buffer 6s",
1790445794.783,marker,gnss,52.37454000,-1.27917800,236.60,true,,
1790445794.783,marker,dr,52.37583971,-1.27649234,270.60,true,,
1790445794.784,marker,reconciled,0.00000000,0.00000000,0.00,false,,
1790445794.832,hud,speed,,,,,"11.4 / 8.6",11.370
1790445794.832,hud,heading,,,,,"89° / 123°",89.300
1790445794.832,hud,drift,,,,,"23.02%",23.020
1790445794.833,hud,turns,,,,,"✗ turns: 3/15",
1790445794.833,hud,calib_s,,,,,"✓ Buffer 6s",
1790445794.833,marker,gnss,52.37454000,-1.27917800,236.60,true,,
1790445794.834,marker,dr,52.37583979,-1.27647548,270.70,true,,
1790445794.834,marker,reconciled,0.00000000,0.00000000,0.00,false,,
1790445794.881,hud,speed,,,,,"11.5 / 8.6",11.470
1790445794.881,hud,heading,,,,,"89° / 123°",89.100
1790445794.882,hud,drift,,,,,"23.07%",23.070
1790445794.882,hud,turns,,,,,"✗ turns: 3/15",
1790445794.883,hud,calib_s,,,,,"✓ Buffer 6s",
1790445794.883,marker,gnss,52.37454000,-1.27917800,236.60,true,,
1790445794.884,marker,dr,52.37583991,-1.27645881,270.90,true,,
1790445794.884,marker,reconciled,0.00000000,0.00000000,0.00,false,,
1790445794.936,hud,speed,,,,,"11.6 / 8.6",11.560
1790445794.936,hud,heading,,,,,"89° / 123°",89.000
1790445794.936,hud,drift,,,,,"23.12%",23.120
1790445794.936,hud,turns,,,,,"✗ turns: 3/15",
1790445794.937,hud,calib_s,,,,,"✓ Buffer 6s",
1790445794.937,marker,gnss,52.37454000,-1.27917800,236.60,true,,
1790445794.937,marker,dr,52.37584001,-1.27644166,271.00,true,,
1790445794.938,marker,reconciled,0.00000000,0.00000000,0.00,false,,
1790445794.983,hud,speed,,,,,"11.7 / 8.6",11.690
1790445794.984,hud,heading,,,,,"89° / 123°",88.800
1790445794.984,hud,drift,,,,,"23.16%",23.160
1790445794.984,hud,turns,,,,,"✗ turns: 3/15",
1790445794.984,hud,calib_s,,,,,"✓ Buffer 6s",
1790445794.985,marker,gnss,52.37454000,-1.27917800,236.60,true,,
1790445794.985,marker,dr,52.37584011,-1.27642466,271.20,true,,
1790445794.985,marker,reconciled,0.00000000,0.00000000,0.00,false,,
1790445795.035,hud,speed,,,,,"11.6 / 8.6",11.590
1790445795.035,hud,heading,,,,,"89° / 123°",88.700
1790445795.036,hud,drift,,,,,"23.21%",23.210
1790445795.036,hud,turns,,,,,"✗ turns: 3/15",
1790445795.036,hud,calib_s,,,,,"✓ Buffer 6s",
1790445795.036,marker,gnss,52.37454000,-1.27917800,236.60,true,,
1790445795.037,marker,dr,52.37584021,-1.27640762,271.30,true,,
1790445795.037,marker,reconciled,0.00000000,0.00000000,0.00,false,,
1790445795.085,hud,speed,,,,,"11.8 / 8.6",11.840
1790445795.086,hud,heading,,,,,"89° / 123°",88.600
1790445795.086,hud,drift,,,,,"23.26%",23.260
1790445795.087,hud,turns,,,,,"✗ turns: 3/15",
1790445795.087,hud,calib_s,,,,,"✓ Buffer 6s",
1790445795.087,marker,gnss,52.37454000,-1.27917800,236.60,true,,
1790445795.088,marker,dr,52.37584033,-1.27639021,271.40,true,,
1790445795.088,marker,reconciled,0.00000000,0.00000000,0.00,false,,
1790445795.134,hud,speed,,,,,"11.9 / 8.6",11.940
1790445795.135,hud,heading,,,,,"89° / 123°",88.600
1790445795.135,hud,drift,,,,,"23.31%",23.310
1790445795.135,hud,turns,,,,,"✗ turns: 3/15",
1790445795.135,hud,calib_s,,,,,"✓ Buffer 6s",
1790445795.136,marker,gnss,52.37454000,-1.27917800,236.60,true,,
1790445795.136,marker,dr,52.37584043,-1.27637266,271.40,true,,
1790445795.136,marker,reconciled,0.00000000,0.00000000,0.00,false,,
1790445795.189,hud,speed,,,,,"12.1 / 8.6",12.080
1790445795.189,hud,heading,,,,,"89° / 123°",88.800
1790445795.189,hud,drift,,,,,"23.36%",23.360
1790445795.190,hud,turns,,,,,"✗ turns: 3/15",
1790445795.190,hud,calib_s,,,,,"✓ Buffer 6s",
1790445795.190,marker,gnss,52.37454000,-1.27917800,236.60,true,,
1790445795.191,marker,dr,52.37584055,-1.27635492,271.20,true,,
1790445795.191,marker,reconciled,0.00000000,0.00000000,0.00,false,,
1790445795.237,hud,speed,,,,,"12.2 / 8.6",12.200
1790445795.238,hud,heading,,,,,"89° / 123°",88.700
1790445795.238,hud,drift,,,,,"23.41%",23.410
1790445795.239,hud,turns,,,,,"✗ turns: 3/15",
1790445795.239,hud,calib_s,,,,,"✓ Buffer 6s",
1790445795.239,marker,gnss,52.37454000,-1.27917800,236.60,true,,
1790445795.240,marker,dr,52.37584067,-1.27633700,271.30,true,,
1790445795.240,marker,reconciled,0.00000000,0.00000000,0.00,false,,
1790445795.291,hud,speed,,,,,"12.1 / 8.6",12.090
1790445795.292,hud,heading,,,,,"89° / 123°",88.900
1790445795.292,hud,drift,,,,,"23.46%",23.460
1790445795.292,hud,turns,,,,,"✗ turns: 3/15",
1790445795.293,hud,calib_s,,,,,"✓ Buffer 6s",
1790445795.293,marker,gnss,52.37454000,-1.27917800,236.60,true,,
1790445795.293,marker,dr,52.37584081,-1.27631925,271.10,true,,
1790445795.294,marker,reconciled,0.00000000,0.00000000,0.00,false,,
1790445795.339,hud,speed,,,,,"12.4 / 8.6",12.350
1790445795.340,hud,heading,,,,,"89° / 123°",88.900
1790445795.340,hud,drift,,,,,"23.51%",23.510
1790445795.340,hud,turns,,,,,"✗ turns: 3/15",
1790445795.340,hud,calib_s,,,,,"✓ Buffer 6s",
1790445795.340,marker,gnss,52.37454000,-1.27917800,236.60,true,,
1790445795.341,marker,dr,52.37584094,-1.27630112,271.10,true,,
1790445795.341,marker,reconciled,0.00000000,0.00000000,0.00,false,,
1790445795.388,hud,speed,,,,,"12.5 / 8.6",12.500
1790445795.389,hud,heading,,,,,"89° / 123°",89.000
1790445795.389,hud,drift,,,,,"23.56%",23.560
1790445795.389,hud,turns,,,,,"✗ turns: 3/15",
1790445795.389,hud,calib_s,,,,,"✓ Buffer 6s",
1790445795.389,marker,gnss,52.37454000,-1.27917800,236.60,true,,
1790445795.390,marker,dr,52.37584105,-1.27628258,271.00,true,,
1790445795.390,marker,reconciled,0.00000000,0.00000000,0.00,false,,
1790445795.442,hud,speed,,,,,"12.6 / 8.6",12.620
1790445795.442,hud,heading,,,,,"89° / 123°",89.100
1790445795.443,hud,drift,,,,,"23.61%",23.610
1790445795.443,hud,turns,,,,,"✗ turns: 3/15",
1790445795.443,hud,calib_s,,,,,"✓ Buffer 6s",
1790445795.443,marker,gnss,52.37454000,-1.27917800,236.60,true,,
1790445795.444,marker,dr,52.37584113,-1.27626405,270.90,true,,
1790445795.444,marker,reconciled,0.00000000,0.00000000,0.00,false,,
1790445795.495,hud,speed,,,,,"12.8 / 8.6",12.760
1790445795.495,hud,heading,,,,,"89° / 123°",89.300
1790445795.495,hud,drift,,,,,"23.67%",23.670
1790445795.495,hud,turns,,,,,"✗ turns: 3/15",
1790445795.495,hud,calib_s,,,,,"✓ Buffer 6s",
1790445795.496,marker,gnss,52.37454000,-1.27917800,236.60,true,,
1790445795.496,marker,dr,52.37584121,-1.27624550,270.70,true,,
1790445795.496,marker,reconciled,0.00000000,0.00000000,0.00,false,,
1790445795.545,hud,speed,,,,,"12.9 / 8.6",12.880
1790445795.546,hud,heading,,,,,"89° / 123°",89.400
1790445795.546,hud,drift,,,,,"23.72%",23.720
1790445795.546,hud,turns,,,,,"✗ turns: 3/15",
1790445795.547,hud,calib_s,,,,,"✓ Buffer 6s",
1790445795.547,marker,gnss,52.37454000,-1.27917800,236.60,true,,
1790445795.547,marker,dr,52.37584133,-1.27622640,270.60,true,,
1790445795.548,marker,reconciled,0.00000000,0.00000000,0.00,false,,
1790445795.592,hud,speed,,,,,"12.9 / 8.6",12.910
1790445795.593,hud,heading,,,,,"90° / 123°",89.500
1790445795.593,hud,drift,,,,,"23.78%",23.780
1790445795.593,hud,turns,,,,,"✗ turns: 3/15",
1790445795.593,hud,calib_s,,,,,"✓ Buffer 6s",
1790445795.594,marker,gnss,52.37454000,-1.27917800,236.60,true,,
1790445795.595,marker,dr,52.37584144,-1.27620763,270.50,true,,
1790445795.595,marker,reconciled,0.00000000,0.00000000,0.00,false,,
1790445795.644,hud,speed,,,,,"13.0 / 8.6",13.020
1790445795.644,hud,heading,,,,,"90° / 123°",89.700
1790445795.644,hud,drift,,,,,"23.83%",23.830
1790445795.645,hud,turns,,,,,"✗ turns: 3/15",
1790445795.645,hud,calib_s,,,,,"✓ Buffer 6s",
1790445795.645,marker,gnss,52.37454000,-1.27917800,236.60,true,,
1790445795.645,marker,dr,52.37584153,-1.27618831,270.30,true,,
1790445795.646,marker,reconciled,0.00000000,0.00000000,0.00,false,,
1790445795.697,hud,speed,,,,,"13.2 / 8.6",13.160
1790445795.697,hud,heading,,,,,"90° / 123°",89.900
1790445795.697,hud,drift,,,,,"23.89%",23.890
1790445795.698,hud,turns,,,,,"✗ turns: 3/15",
1790445795.698,hud,calib_s,,,,,"✓ Buffer 6s",
1790445795.698,marker,gnss,52.37454000,-1.27917800,236.60,true,,
1790445795.699,marker,dr,52.37584158,-1.27616897,270.10,true,,
1790445795.699,marker,reconciled,0.00000000,0.00000000,0.00,false,,
1790445795.747,hud,speed,,,,,"13.3 / 8.6",13.320
1790445795.747,hud,heading,,,,,"90° / 123°",90.200
1790445795.747,hud,drift,,,,,"23.94%",23.940
1790445795.748,hud,turns,,,,,"✗ turns: 3/15",
1790445795.748,hud,calib_s,,,,,"✓ Buffer 6s",
1790445795.748,marker,gnss,52.37454000,-1.27917800,236.60,true,,
1790445795.748,marker,dr,52.37584162,-1.27614941,269.80,true,,
1790445795.749,marker,reconciled,0.00000000,0.00000000,0.00,false,,
1790445795.798,hud,speed,,,,,"13.4 / 8.6",13.420
1790445795.799,hud,heading,,,,,"91° / 123°",90.600
1790445795.799,hud,drift,,,,,"24.00%",24.000
1790445795.799,hud,turns,,,,,"✗ turns: 3/15",
1790445795.799,hud,calib_s,,,,,"✓ Buffer 6s",
1790445795.800,marker,gnss,52.37454000,-1.27917800,236.60,true,,
1790445795.800,marker,dr,52.37584163,-1.27612989,269.40,true,,
1790445795.800,marker,reconciled,0.00000000,0.00000000,0.00,false,,
1790445795.848,hud,speed,,,,,"13.5 / 8.6",13.530
1790445795.849,hud,heading,,,,,"91° / 123°",90.800
1790445795.849,hud,drift,,,,,"24.06%",24.060
1790445795.849,hud,turns,,,,,"✗ turns: 3/15",
1790445795.849,hud,calib_s,,,,,"✓ Buffer 6s",
1790445795.850,marker,gnss,52.37454000,-1.27917800,236.60,true,,
1790445795.850,marker,dr,52.37584163,-1.27610998,269.20,true,,
1790445795.851,marker,reconciled,0.00000000,0.00000000,0.00,false,,
1790445795.898,hud,speed,,,,,"13.6 / 8.6",13.620
1790445795.898,hud,heading,,,,,"91° / 123°",91.100
1790445795.899,hud,drift,,,,,"24.11%",24.110
1790445795.899,hud,turns,,,,,"✗ turns: 3/15",
1790445795.899,hud,calib_s,,,,,"✓ Buffer 6s",
1790445795.900,marker,gnss,52.37454000,-1.27917800,236.60,true,,
1790445795.900,marker,dr,52.37584161,-1.27608994,268.90,true,,
1790445795.900,marker,reconciled,0.00000000,0.00000000,0.00,false,,
1790445795.950,hud,speed,,,,,"13.7 / 11.8",13.700
1790445795.950,hud,heading,,,,,"91° / 129°",91.400
1790445795.951,hud,drift,,,,,"23.63%",23.630
1790445795.951,hud,turns,,,,,"✗ turns: 3/15",
1790445795.951,hud,calib_s,,,,,"✓ Buffer 6s",
1790445795.952,marker,gnss,52.37405800,-1.27799100,231.20,true,,
1790445795.952,marker,dr,52.37584157,-1.27606976,268.60,true,,
1790445795.953,marker,reconciled,0.00000000,0.00000000,0.00,false,,
1790445795.999,hud,speed,,,,,"13.8 / 11.8",13.800
1790445796.000,hud,heading,,,,,"91° / 129°",91.300
1790445796.000,hud,drift,,,,,"23.69%",23.690
1790445796.000,hud,turns,,,,,"✗ turns: 3/15",
1790445796.000,hud,calib_s,,,,,"✓ Buffer 6s",
1790445796.001,marker,gnss,52.37405800,-1.27799100,231.20,true,,
1790445796.001,marker,dr,52.37584150,-1.27604915,268.70,true,,
1790445796.002,marker,reconciled,0.00000000,0.00000000,0.00,false,,
1790445796.053,hud,speed,,,,,"14.0 / 11.8",14.000
1790445796.053,hud,heading,,,,,"91° / 129°",91.100
1790445796.053,hud,drift,,,,,"23.75%",23.750
1790445796.054,hud,turns,,,,,"✗ turns: 3/15",
1790445796.054,hud,calib_s,,,,,"✓ Buffer 6s",
1790445796.054,marker,gnss,52.37405800,-1.27799100,231.20,true,,
1790445796.055,marker,dr,52.37584143,-1.27602856,268.90,true,,
1790445796.055,marker,reconciled,0.00000000,0.00000000,0.00,false,,
1790445796.102,hud,speed,,,,,"14.1 / 11.8",14.110
1790445796.102,hud,heading,,,,,"91° / 129°",90.800
1790445796.103,hud,drift,,,,,"23.81%",23.810
1790445796.103,hud,turns,,,,,"✗ turns: 3/15",
1790445796.103,hud,calib_s,,,,,"✓ Buffer 6s",
1790445796.103,marker,gnss,52.37405800,-1.27799100,231.20,true,,
1790445796.104,marker,dr,52.37584139,-1.27600784,269.20,true,,
1790445796.104,marker,reconciled,0.00000000,0.00000000,0.00,false,,
1790445796.150,hud,speed,,,,,"14.2 / 11.8",14.220
1790445796.151,hud,heading,,,,,"91° / 129°",90.500
1790445796.151,hud,drift,,,,,"23.87%",23.870
1790445796.151,hud,turns,,,,,"✗ turns: 3/15",
1790445796.152,hud,calib_s,,,,,"✓ Buffer 6s",
1790445796.152,marker,gnss,52.37405800,-1.27799100,231.20,true,,
1790445796.153,marker,dr,52.37584137,-1.27598695,269.50,true,,
1790445796.154,marker,reconciled,0.00000000,0.00000000,0.00,false,,
1790445796.205,hud,speed,,,,,"14.3 / 11.8",14.320
1790445796.206,hud,heading,,,,,"90° / 129°",90.100
1790445796.206,hud,drift,,,,,"23.93%",23.930
1790445796.206,hud,turns,,,,,"✗ turns: 3/15",
1790445796.207,hud,calib_s,,,,,"✓ Buffer 6s",
1790445796.207,marker,gnss,52.37405800,-1.27799100,231.20,true,,
1790445796.207,marker,dr,52.37584142,-1.27596593,269.90,true,,
1790445796.208,marker,reconciled,0.00000000,0.00000000,0.00,false,,
1790445796.257,hud,speed,,,,,"14.3 / 11.8",14.320
1790445796.258,hud,heading,,,,,"90° / 129°",89.900
1790445796.258,hud,drift,,,,,"23.99%",23.990
1790445796.258,hud,turns,,,,,"✗ turns: 3/15",
1790445796.259,hud,calib_s,,,,,"✓ Buffer 6s",
1790445796.259,marker,gnss,52.37405800,-1.27799100,231.20,true,,
1790445796.260,marker,dr,52.37584144,-1.27594512,270.10,true,,
1790445796.260,marker,reconciled,0.00000000,0.00000000,0.00,false,,
1790445796.306,hud,speed,,,,,"14.5 / 11.8",14.480
1790445796.307,hud,heading,,,,,"90° / 129°",90.100
1790445796.307,hud,drift,,,,,"24.05%",24.050
1790445796.307,hud,turns,,,,,"✗ turns: 3/15",
1790445796.307,hud,calib_s,,,,,"✓ Buffer 6s",
1790445796.308,marker,gnss,52.37405800,-1.27799100,231.20,true,,
1790445796.308,marker,dr,52.37584146,-1.27592387,269.90,true,,
1790445796.309,marker,reconciled,0.00000000,0.00000000,0.00,false,,
1790445796.357,hud,speed,,,,,"14.6 / 11.8",14.590
1790445796.358,hud,heading,,,,,"90° / 129°",90.400
1790445796.358,hud,drift,,,,,"24.11%",24.110
1790445796.358,hud,turns,,,,,"✗ turns: 3/15",
1790445796.359,hud,calib_s,,,,,"✓ Buffer 6s",
1790445796.359,marker,gnss,52.37405800,-1.27799100,231.20,true,,
1790445796.359,marker,dr,52.37584149,-1.27590222,269.60,true,,
1790445796.360,marker,reconciled,0.00000000,0.00000000,0.00,false,,
1790445796.409,hud,speed,,,,,"14.7 / 11.8",14.740
1790445796.410,hud,heading,,,,,"91° / 129°",90.700
1790445796.410,hud,drift,,,,,"24.18%",24.180
1790445796.410,hud,turns,,,,,"✗ turns: 3/15",
1790445796.410,hud,calib_s,,,,,"✓ Buffer 6s",
1790445796.411,marker,gnss,52.37405800,-1.27799100,231.20,true,,
1790445796.411,marker,dr,52.37584153,-1.27588058,269.30,true,,
1790445796.412,marker,reconciled,0.00000000,0.00000000,0.00,false,,
1790445796.461,hud,speed,,,,,"14.8 / 11.8",14.770
1790445796.462,hud,heading,,,,,"91° / 129°",90.800
1790445796.462,hud,drift,,,,,"24.24%",24.240
1790445796.462,hud,turns,,,,,"✗ turns: 3/15",
1790445796.462,hud,calib_s,,,,,"✓ Buffer 6s",
1790445796.463,marker,gnss,52.37405800,-1.27799100,231.20,true,,
1790445796.463,marker,dr,52.37584163,-1.27585884,269.20,true,,
1790445796.463,marker,reconciled,0.00000000,0.00000000,0.00,false,,
1790445796.509,hud,speed,,,,,"14.9 / 11.8",14.880
1790445796.509,hud,heading,,,,,"91° / 129°",90.700
1790445796.510,hud,drift,,,,,"24.31%",24.310
1790445796.510,hud,turns,,,,,"✗ turns: 3/15",
1790445796.510,hud,calib_s,,,,,"✓ Buffer 6s",
1790445796.511,marker,gnss,52.37405800,-1.27799100,231.20,true,,
1790445796.511,marker,dr,52.37584176,-1.27583718,269.30,true,,
1790445796.511,marker,reconciled,0.00000000,0.00000000,0.00,false,,
1790445796.562,hud,speed,,,,,"14.9 / 11.8",14.940
1790445796.563,hud,heading,,,,,"90° / 129°",90.400
1790445796.563,hud,drift,,,,,"24.37%",24.370
1790445796.563,hud,turns,,,,,"✗ turns: 3/15",
1790445796.563,hud,calib_s,,,,,"✓ Buffer 6s",
1790445796.564,marker,gnss,52.37405800,-1.27799100,231.20,true,,
1790445796.564,marker,dr,52.37584190,-1.27581502,269.60,true,,
1790445796.564,marker,reconciled,0.00000000,0.00000000,0.00,false,,
1790445796.611,hud,speed,,,,,"14.9 / 11.8",14.900
1790445796.612,hud,heading,,,,,"90° / 129°",90.200
1790445796.612,hud,drift,,,,,"24.44%",24.440
1790445796.612,hud,turns,,,,,"✗ turns: 3/15",
1790445796.612,hud,calib_s,,,,,"✓ Buffer 6s",
1790445796.613,marker,gnss,52.37405800,-1.27799100,231.20,true,,
1790445796.613,marker,dr,52.37584203,-1.27579336,269.80,true,,
1790445796.613,marker,reconciled,0.00000000,0.00000000,0.00,false,,
1790445796.665,hud,speed,,,,,"14.9 / 11.8",14.930
1790445796.665,hud,heading,,,,,"90° / 129°",90.000
1790445796.666,hud,drift,,,,,"24.50%",24.500
1790445796.667,hud,turns,,,,,"✗ turns: 3/15",
1790445796.667,hud,calib_s,,,,,"✓ Buffer 6s",
1790445796.667,marker,gnss,52.37405800,-1.27799100,231.20,true,,
1790445796.668,marker,dr,52.37584222,-1.27577145,270.00,true,,
1790445796.668,marker,reconciled,0.00000000,0.00000000,0.00,false,,
1790445796.718,hud,speed,,,,,"14.8 / 11.8",14.800
1790445796.718,hud,heading,,,,,"90° / 129°",89.900
1790445796.718,hud,drift,,,,,"24.57%",24.570
1790445796.718,hud,turns,,,,,"✗ turns: 3/15",
1790445796.719,hud,calib_s,,,,,"✓ Buffer 6s",
1790445796.719,marker,gnss,52.37405800,-1.27799100,231.20,true,,
1790445796.719,marker,dr,52.37584239,-1.27574952,270.10,true,,
1790445796.719,marker,reconciled,0.00000000,0.00000000,0.00,false,,
1790445796.767,hud,speed,,,,,"14.8 / 11.8",14.780
1790445796.767,hud,heading,,,,,"90° / 129°",89.800
1790445796.768,hud,drift,,,,,"24.63%",24.630
1790445796.768,hud,turns,,,,,"✗ turns: 3/15",
1790445796.768,hud,calib_s,,,,,"✓ Buffer 6s",
1790445796.768,marker,gnss,52.37405800,-1.27799100,231.20,true,,
1790445796.769,marker,dr,52.37584255,-1.27572806,270.20,true,,
1790445796.769,marker,reconciled,0.00000000,0.00000000,0.00,false,,
1790445796.816,hud,speed,,,,,"14.6 / 11.8",14.630
1790445796.817,hud,heading,,,,,"90° / 129°",89.700
1790445796.817,hud,drift,,,,,"24.69%",24.690
1790445796.818,hud,turns,,,,,"✗ turns: 3/15",
1790445796.818,hud,calib_s,,,,,"✓ Buffer 6s",
1790445796.818,marker,gnss,52.37405800,-1.27799100,231.20,true,,
1790445796.819,marker,dr,52.37584275,-1.27570638,270.30,true,,
1790445796.819,marker,reconciled,0.00000000,0.00000000,0.00,false,,
1790445796.869,hud,speed,,,,,"14.5 / 11.8",14.460
1790445796.869,hud,heading,,,,,"90° / 129°",89.700
1790445796.870,hud,drift,,,,,"24.75%",24.750
1790445796.870,hud,turns,,,,,"✗ turns: 3/15",
1790445796.870,hud,calib_s,,,,,"✓ Buffer 6s",
1790445796.870,marker,gnss,52.37405800,-1.27799100,231.20,true,,
1790445796.871,marker,dr,52.37584296,-1.27568517,270.30,true,,
1790445796.871,marker,reconciled,0.00000000,0.00000000,0.00,false,,
1790445796.917,hud,speed,,,,,"14.3 / 11.8",14.300
1790445796.917,hud,heading,,,,,"90° / 129°",89.600
1790445796.918,hud,drift,,,,,"24.82%",24.820
1790445796.918,hud,turns,,,,,"✗ turns: 3/15",
1790445796.918,hud,calib_s,,,,,"✓ Buffer 6s",
1790445796.919,marker,gnss,52.37405800,-1.27799100,231.20,true,,
1790445796.919,marker,dr,52.37584318,-1.27566419,270.40,true,,
1790445796.919,marker,reconciled,0.00000000,0.00000000,0.00,false,,
1790445796.971,hud,speed,,,,,"14.2 / 11.8",14.180
1790445796.971,hud,heading,,,,,"90° / 129°",89.600
1790445796.971,hud,drift,,,,,"24.88%",24.880
1790445796.972,hud,turns,,,,,"✗ turns: 3/15",
1790445796.972,hud,calib_s,,,,,"✓ Buffer 6s",
1790445796.972,marker,gnss,52.37405800,-1.27799100,231.20,true,,
1790445796.973,marker,dr,52.37584338,-1.27564360,270.40,true,,
1790445796.973,marker,reconciled,0.00000000,0.00000000,0.00,false,,
1790445797.019,hud,speed,,,,,"14.1 / 11.8",14.050
1790445797.020,hud,heading,,,,,"90° / 129°",89.600
1790445797.020,hud,drift,,,,,"24.94%",24.940
1790445797.020,hud,turns,,,,,"✗ turns: 3/15",
1790445797.020,hud,calib_s,,,,,"✓ Buffer 6s",
1790445797.021,marker,gnss,52.37405800,-1.27799100,231.20,true,,
1790445797.021,marker,dr,52.37584357,-1.27562277,270.40,true,,
1790445797.021,marker,reconciled,0.00000000,0.00000000,0.00,false,,
1790445797.076,hud,speed,,,,,"13.9 / 11.8",13.930
1790445797.076,hud,heading,,,,,"90° / 129°",89.700
1790445797.077,hud,drift,,,,,"24.99%",24.990
1790445797.077,hud,turns,,,,,"✗ turns: 3/15",
1790445797.077,hud,calib_s,,,,,"✓ Buffer 6s",
1790445797.078,marker,gnss,52.37405800,-1.27799100,231.20,true,,
1790445797.079,marker,dr,52.37584373,-1.27560253,270.30,true,,
1790445797.079,marker,reconciled,0.00000000,0.00000000,0.00,false,,
1790445797.121,hud,speed,,,,,"13.9 / 11.8",13.920
1790445797.122,hud,heading,,,,,"90° / 129°",89.700
1790445797.122,hud,drift,,,,,"25.05%",25.050
1790445797.122,hud,turns,,,,,"✗ turns: 3/15",
1790445797.122,hud,calib_s,,,,,"✓ Buffer 6s",
1790445797.123,marker,gnss,52.37405800,-1.27799100,231.20,true,,
1790445797.123,marker,dr,52.37584390,-1.27558189,270.30,true,,
1790445797.123,marker,reconciled,0.00000000,0.00000000,0.00,false,,
1790445797.175,hud,speed,,,,,"13.9 / 11.8",13.930
1790445797.175,hud,heading,,,,,"90° / 129°",89.700
1790445797.176,hud,drift,,,,,"25.11%",25.110
1790445797.176,hud,turns,,,,,"✗ turns: 3/15",
1790445797.176,hud,calib_s,,,,,"✓ Buffer 6s",
1790445797.176,marker,gnss,52.37405800,-1.27799100,231.20,true,,
1790445797.177,marker,dr,52.37584405,-1.27556144,270.30,true,,
1790445797.177,marker,reconciled,0.00000000,0.00000000,0.00,false,,
1790445797.229,hud,speed,,,,,"13.9 / 11.8",13.940
1790445797.230,hud,heading,,,,,"90° / 129°",89.600
1790445797.230,hud,drift,,,,,"25.17%",25.170
1790445797.231,hud,turns,,,,,"✗ turns: 3/15",
1790445797.231,hud,calib_s,,,,,"✓ Buffer 6s",
1790445797.231,marker,gnss,52.37405800,-1.27799100,231.20,true,,
1790445797.232,marker,dr,52.37584422,-1.27554098,270.40,true,,
1790445797.232,marker,reconciled,0.00000000,0.00000000,0.00,false,,
1790445797.279,hud,speed,,,,,"14.0 / 11.8",13.960
1790445797.279,hud,heading,,,,,"90° / 129°",89.500
1790445797.279,hud,drift,,,,,"25.23%",25.230
1790445797.280,hud,turns,,,,,"✗ turns: 3/15",
1790445797.280,hud,calib_s,,,,,"✓ Buffer 6s",
1790445797.280,marker,gnss,52.37405800,-1.27799100,231.20,true,,
1790445797.281,marker,dr,52.37584438,-1.27552070,270.50,true,,
1790445797.281,marker,reconciled,0.00000000,0.00000000,0.00,false,,
1790445797.327,hud,speed,,,,,"13.9 / 11.8",13.890
1790445797.327,hud,heading,,,,,"89° / 129°",89.400
1790445797.328,hud,drift,,,,,"25.28%",25.280
1790445797.328,hud,turns,,,,,"✗ turns: 3/15",
1790445797.328,hud,calib_s,,,,,"✓ Buffer 6s",
1790445797.328,marker,gnss,52.37405800,-1.27799100,231.20,true,,
1790445797.329,marker,dr,52.37584456,-1.27550033,270.60,true,,
1790445797.329,marker,reconciled,0.00000000,0.00000000,0.00,false,,
1790445797.380,hud,speed,,,,,"13.9 / 11.8",13.900
1790445797.380,hud,heading,,,,,"90° / 129°",89.500
1790445797.381,hud,drift,,,,,"25.34%",25.340
1790445797.381,hud,turns,,,,,"✗ turns: 3/15",
1790445797.381,hud,calib_s,,,,,"✓ Buffer 6s",
1790445797.381,marker,gnss,52.37405800,-1.27799100,231.20,true,,
1790445797.382,marker,dr,52.37584474,-1.27547993,270.50,true,,
1790445797.383,marker,reconciled,0.00000000,0.00000000,0.00,false,,
1790445797.431,hud,speed,,,,,"13.9 / 11.8",13.870
1790445797.431,hud,heading,,,,,"89° / 129°",89.400
1790445797.431,hud,drift,,,,,"25.40%",25.400
1790445797.431,hud,turns,,,,,"✗ turns: 3/15",
1790445797.432,hud,calib_s,,,,,"✓ Buffer 6s",
1790445797.432,marker,gnss,52.37405800,-1.27799100,231.20,true,,
1790445797.432,marker,dr,52.37584492,-1.27545957,270.60,true,,
1790445797.433,marker,reconciled,0.00000000,0.00000000,0.00,false,,
1790445797.485,hud,speed,,,,,"13.9 / 11.8",13.880
1790445797.485,hud,heading,,,,,"90° / 129°",89.500
1790445797.486,hud,drift,,,,,"25.46%",25.460
1790445797.486,hud,turns,,,,,"✗ turns: 3/15",
1790445797.486,hud,calib_s,,,,,"✓ Buffer 6s",
1790445797.487,marker,gnss,52.37405800,-1.27799100,231.20,true,,
1790445797.487,marker,dr,52.37584510,-1.27543899,270.50,true,,
1790445797.488,marker,reconciled,0.00000000,0.00000000,0.00,false,,
1790445797.540,hud,speed,,,,,"13.9 / 11.8",13.880
1790445797.541,hud,heading,,,,,"90° / 129°",89.500
1790445797.541,hud,drift,,,,,"26.64%",26.640
1790445797.541,hud,turns,,,,,"✗ turns: 3/15",
1790445797.541,hud,calib_s,,,,,"✓ Buffer 6s",
1790445797.548,marker,gnss,52.37405800,-1.27799100,231.20,true,,
1790445797.548,marker,dr,52.37584510,-1.27543899,270.50,true,,
1790445797.549,marker,reconciled,0.00000000,0.00000000,0.00,false,,
1790445797.584,hud,speed,,,,,"13.9 / 11.8",13.880
1790445797.584,hud,heading,,,,,"90° / 129°",89.500
1790445797.585,hud,drift,,,,,"26.64%",26.640
1790445797.585,hud,turns,,,,,"✗ turns: 3/15",
1790445797.585,hud,calib_s,,,,,"✓ Buffer 6s",
1790445797.588,marker,gnss,52.37405800,-1.27799100,231.20,true,,
1790445797.588,marker,dr,52.37584510,-1.27543899,270.50,true,,
1790445797.589,marker,reconciled,0.00000000,0.00000000,0.00,false,,
1790445797.634,hud,speed,,,,,"13.9 / 11.8",13.880
1790445797.634,hud,heading,,,,,"90° / 129°",89.500
1790445797.635,hud,drift,,,,,"26.64%",26.640
1790445797.635,hud,turns,,,,,"✗ turns: 3/15",
1790445797.635,hud,calib_s,,,,,"✓ Buffer 6s",
1790445797.638,marker,gnss,52.37405800,-1.27799100,231.20,true,,
1790445797.639,marker,dr,52.37584510,-1.27543899,270.50,true,,
1790445797.639,marker,reconciled,0.00000000,0.00000000,0.00,false,,
1790445797.684,hud,speed,,,,,"13.9 / 11.8",13.880
1790445797.684,hud,heading,,,,,"90° / 129°",89.500
1790445797.684,hud,drift,,,,,"26.64%",26.640
1790445797.685,hud,turns,,,,,"✗ turns: 3/15",
1790445797.685,hud,calib_s,,,,,"✓ Buffer 6s",
1790445797.688,marker,gnss,52.37405800,-1.27799100,231.20,true,,
1790445797.689,marker,dr,52.37584510,-1.27543899,270.50,true,,
1790445797.690,marker,reconciled,0.00000000,0.00000000,0.00,false,,
1790445797.739,hud,speed,,,,,"13.9 / 11.8",13.880
1790445797.739,hud,heading,,,,,"90° / 129°",89.500
1790445797.739,hud,drift,,,,,"26.64%",26.640
1790445797.739,hud,turns,,,,,"✗ turns: 3/15",
1790445797.740,hud,calib_s,,,,,"✓ Buffer 6s",
1790445797.742,marker,gnss,52.37405800,-1.27799100,231.20,true,,
1790445797.743,marker,dr,52.37584510,-1.27543899,270.50,true,,
1790445797.743,marker,reconciled,0.00000000,0.00000000,0.00,false,,
1790445797.786,hud,speed,,,,,"13.9 / 11.8",13.880
1790445797.787,hud,heading,,,,,"90° / 129°",89.500
1790445797.787,hud,drift,,,,,"26.64%",26.640
1790445797.788,hud,turns,,,,,"✗ turns: 3/15",
1790445797.788,hud,calib_s,,,,,"✓ Buffer 6s",
1790445797.791,marker,gnss,52.37405800,-1.27799100,231.20,true,,
1790445797.792,marker,dr,52.37584510,-1.27543899,270.50,true,,
1790445797.792,marker,reconciled,0.00000000,0.00000000,0.00,false,,
1790445797.839,hud,speed,,,,,"13.9 / 11.8",13.880
1790445797.840,hud,heading,,,,,"90° / 129°",89.500
1790445797.840,hud,drift,,,,,"26.64%",26.640
1790445797.840,hud,turns,,,,,"✗ turns: 3/15",
1790445797.840,hud,calib_s,,,,,"✓ Buffer 6s",
1790445797.845,marker,gnss,52.37405800,-1.27799100,231.20,true,,
1790445797.846,marker,dr,52.37584510,-1.27543899,270.50,true,,
1790445797.846,marker,reconciled,0.00000000,0.00000000,0.00,false,,
1790445797.892,hud,speed,,,,,"13.9 / 11.8",13.880
1790445797.892,hud,heading,,,,,"90° / 129°",89.500
1790445797.893,hud,drift,,,,,"26.64%",26.640
1790445797.893,hud,turns,,,,,"✗ turns: 3/15",
1790445797.893,hud,calib_s,,,,,"✓ Buffer 6s",
1790445797.897,marker,gnss,52.37405800,-1.27799100,231.20,true,,
1790445797.898,marker,dr,52.37584510,-1.27543899,270.50,true,,
1790445797.899,marker,reconciled,0.00000000,0.00000000,0.00,false,,
1790445797.945,hud,speed,,,,,"13.9 / 11.8",13.880
1790445797.945,hud,heading,,,,,"90° / 129°",89.500
1790445797.946,hud,drift,,,,,"26.64%",26.640
1790445797.946,hud,turns,,,,,"✗ turns: 3/15",
1790445797.946,hud,calib_s,,,,,"✓ Buffer 6s",
1790445797.950,marker,gnss,52.37405800,-1.27799100,231.20,true,,
1790445797.951,marker,dr,52.37584510,-1.27543899,270.50,true,,
1790445797.951,marker,reconciled,0.00000000,0.00000000,0.00,false,,
1790445797.993,hud,speed,,,,,"13.9 / 11.8",13.880
1790445797.993,hud,heading,,,,,"90° / 129°",89.500
1790445797.993,hud,drift,,,,,"26.64%",26.640
1790445797.994,hud,turns,,,,,"✗ turns: 3/15",
1790445797.994,hud,calib_s,,,,,"✓ Buffer 6s",
1790445797.998,marker,gnss,52.37405800,-1.27799100,231.20,true,,
1790445797.999,marker,dr,52.37584510,-1.27543899,270.50,true,,
1790445797.999,marker,reconciled,0.00000000,0.00000000,0.00,false,,
1790445798.044,hud,speed,,,,,"13.9 / 11.8",13.880
1790445798.045,hud,heading,,,,,"90° / 129°",89.500
1790445798.045,hud,drift,,,,,"26.64%",26.640
1790445798.045,hud,turns,,,,,"✗ turns: 3/15",
1790445798.045,hud,calib_s,,,,,"✓ Buffer 6s",
1790445798.049,marker,gnss,52.37405800,-1.27799100,231.20,true,,
1790445798.050,marker,dr,52.37584510,-1.27543899,270.50,true,,
1790445798.051,marker,reconciled,0.00000000,0.00000000,0.00,false,,
1790445798.089,hud,speed,,,,,"13.9 / 11.8",13.880
1790445798.090,hud,heading,,,,,"90° / 129°",89.500
1790445798.090,hud,drift,,,,,"26.64%",26.640
1790445798.091,hud,turns,,,,,"✗ turns: 3/15",
1790445798.091,hud,calib_s,,,,,"✓ Buffer 6s",
1790445798.095,marker,gnss,52.37405800,-1.27799100,231.20,true,,
1790445798.097,marker,dr,52.37584510,-1.27543899,270.50,true,,
1790445798.097,marker,reconciled,0.00000000,0.00000000,0.00,false,,
1790445798.147,hud,speed,,,,,"13.9 / 11.8",13.880
1790445798.147,hud,heading,,,,,"90° / 129°",89.500
1790445798.148,hud,drift,,,,,"26.64%",26.640
1790445798.148,hud,turns,,,,,"✗ turns: 3/15",
1790445798.148,hud,calib_s,,,,,"✓ Buffer 6s",
1790445798.152,marker,gnss,52.37405800,-1.27799100,231.20,true,,
1790445798.153,marker,dr,52.37584510,-1.27543899,270.50,true,,
1790445798.153,marker,reconciled,0.00000000,0.00000000,0.00,false,,
1790445798.201,hud,speed,,,,,"13.9 / 11.8",13.880
1790445798.201,hud,heading,,,,,"90° / 129°",89.500
1790445798.201,hud,drift,,,,,"26.64%",26.640
1790445798.202,hud,turns,,,,,"✗ turns: 3/15",
1790445798.202,hud,calib_s,,,,,"✓ Buffer 6s",
1790445798.206,marker,gnss,52.37405800,-1.27799100,231.20,true,,
1790445798.207,marker,dr,52.37584510,-1.27543899,270.50,true,,
1790445798.207,marker,reconciled,0.00000000,0.00000000,0.00,false,,
1790445798.246,hud,speed,,,,,"13.9 / 11.8",13.880
1790445798.247,hud,heading,,,,,"90° / 129°",89.500
1790445798.247,hud,drift,,,,,"26.64%",26.640
1790445798.247,hud,turns,,,,,"✗ turns: 3/15",
1790445798.248,hud,calib_s,,,,,"✓ Buffer 6s",
1790445798.250,marker,gnss,52.37405800,-1.27799100,231.20,true,,
1790445798.251,marker,dr,52.37584510,-1.27543899,270.50,true,,
1790445798.251,marker,reconciled,0.00000000,0.00000000,0.00,false,,
1790445798.299,hud,speed,,,,,"13.9 / 11.8",13.880
1790445798.300,hud,heading,,,,,"90° / 129°",89.500
1790445798.300,hud,drift,,,,,"26.64%",26.640
1790445798.300,hud,turns,,,,,"✗ turns: 3/15",
1790445798.300,hud,calib_s,,,,,"✓ Buffer 6s",
1790445798.304,marker,gnss,52.37405800,-1.27799100,231.20,true,,
1790445798.304,marker,dr,52.37584510,-1.27543899,270.50,true,,
1790445798.305,marker,reconciled,0.00000000,0.00000000,0.00,false,,
1790445798.347,hud,speed,,,,,"13.9 / 11.8",13.880
1790445798.348,hud,heading,,,,,"90° / 129°",89.500
1790445798.349,hud,drift,,,,,"26.64%",26.640
1790445798.349,hud,turns,,,,,"✗ turns: 3/15",
1790445798.349,hud,calib_s,,,,,"✓ Buffer 6s",
1790445798.353,marker,gnss,52.37405800,-1.27799100,231.20,true,,
1790445798.354,marker,dr,52.37584510,-1.27543899,270.50,true,,
1790445798.354,marker,reconciled,0.00000000,0.00000000,0.00,false,,
1790445798.403,hud,speed,,,,,"13.9 / 11.8",13.880
1790445798.403,hud,heading,,,,,"90° / 129°",89.500
1790445798.403,hud,drift,,,,,"26.64%",26.640
1790445798.404,hud,turns,,,,,"✗ turns: 3/15",
1790445798.404,hud,calib_s,,,,,"✓ Buffer 6s",
1790445798.407,marker,gnss,52.37405800,-1.27799100,231.20,true,,
1790445798.407,marker,dr,52.37584510,-1.27543899,270.50,true,,
1790445798.408,marker,reconciled,0.00000000,0.00000000,0.00,false,,
1790445798.451,hud,speed,,,,,"13.9 / 11.8",13.880
1790445798.451,hud,heading,,,,,"90° / 129°",89.500
1790445798.452,hud,drift,,,,,"26.64%",26.640
1790445798.452,hud,turns,,,,,"✗ turns: 3/15",
1790445798.452,hud,calib_s,,,,,"✓ Buffer 6s",
1790445798.456,marker,gnss,52.37405800,-1.27799100,231.20,true,,
1790445798.457,marker,dr,52.37584510,-1.27543899,270.50,true,,
1790445798.457,marker,reconciled,0.00000000,0.00000000,0.00,false,,
1790445798.507,hud,speed,,,,,"13.9 / 11.8",13.880
1790445798.507,hud,heading,,,,,"90° / 129°",89.500
1790445798.507,hud,drift,,,,,"26.64%",26.640
1790445798.507,hud,turns,,,,,"✗ turns: 3/15",
1790445798.508,hud,calib_s,,,,,"✓ Buffer 6s",
1790445798.511,marker,gnss,52.37405800,-1.27799100,231.20,true,,
1790445798.511,marker,dr,52.37584510,-1.27543899,270.50,true,,
1790445798.512,marker,reconciled,0.00000000,0.00000000,0.00,false,,
1790445798.554,hud,speed,,,,,"13.9 / 11.8",13.880
1790445798.555,hud,heading,,,,,"90° / 129°",89.500
1790445798.555,hud,drift,,,,,"26.64%",26.640
1790445798.556,hud,turns,,,,,"✗ turns: 3/15",
1790445798.556,hud,calib_s,,,,,"✓ Buffer 6s",
1790445798.560,marker,gnss,52.37405800,-1.27799100,231.20,true,,
1790445798.560,marker,dr,52.37584510,-1.27543899,270.50,true,,
1790445798.561,marker,reconciled,0.00000000,0.00000000,0.00,false,,
1790445798.609,hud,speed,,,,,"13.9 / 11.8",13.880
1790445798.609,hud,heading,,,,,"90° / 129°",89.500
1790445798.609,hud,drift,,,,,"26.64%",26.640
1790445798.609,hud,turns,,,,,"✗ turns: 3/15",
1790445798.610,hud,calib_s,,,,,"✓ Buffer 6s",
1790445798.613,marker,gnss,52.37405800,-1.27799100,231.20,true,,
1790445798.614,marker,dr,52.37584510,-1.27543899,270.50,true,,
1790445798.615,marker,reconciled,0.00000000,0.00000000,0.00,false,,
1790445798.656,hud,speed,,,,,"13.9 / 11.8",13.880
1790445798.657,hud,heading,,,,,"90° / 129°",89.500
1790445798.657,hud,drift,,,,,"26.64%",26.640
1790445798.657,hud,turns,,,,,"✗ turns: 3/15",
1790445798.658,hud,calib_s,,,,,"✓ Buffer 6s",
1790445798.662,marker,gnss,52.37405800,-1.27799100,231.20,true,,
1790445798.662,marker,dr,52.37584510,-1.27543899,270.50,true,,
1790445798.663,marker,reconciled,0.00000000,0.00000000,0.00,false,,
1790445798.710,hud,speed,,,,,"13.9 / 11.8",13.880
1790445798.710,hud,heading,,,,,"90° / 129°",89.500
1790445798.711,hud,drift,,,,,"26.64%",26.640
1790445798.711,hud,turns,,,,,"✗ turns: 3/15",
1790445798.711,hud,calib_s,,,,,"✓ Buffer 6s",
1790445798.715,marker,gnss,52.37405800,-1.27799100,231.20,true,,
1790445798.715,marker,dr,52.37584510,-1.27543899,270.50,true,,
1790445798.716,marker,reconciled,0.00000000,0.00000000,0.00,false,,
1790445798.760,hud,speed,,,,,"13.9 / 11.8",13.880
1790445798.761,hud,heading,,,,,"90° / 129°",89.500
1790445798.761,hud,drift,,,,,"26.64%",26.640
1790445798.761,hud,turns,,,,,"✗ turns: 3/15",
1790445798.761,hud,calib_s,,,,,"✓ Buffer 6s",
1790445798.765,marker,gnss,52.37405800,-1.27799100,231.20,true,,
1790445798.766,marker,dr,52.37584510,-1.27543899,270.50,true,,
1790445798.766,marker,reconciled,0.00000000,0.00000000,0.00,false,,
1790445798.810,hud,speed,,,,,"13.9 / 11.8",13.880
1790445798.811,hud,heading,,,,,"90° / 129°",89.500
1790445798.811,hud,drift,,,,,"26.64%",26.640
1790445798.812,hud,turns,,,,,"✗ turns: 3/15",
1790445798.812,hud,calib_s,,,,,"✓ Buffer 6s",
1790445798.815,marker,gnss,52.37405800,-1.27799100,231.20,true,,
1790445798.816,marker,dr,52.37584510,-1.27543899,270.50,true,,
1790445798.816,marker,reconciled,0.00000000,0.00000000,0.00,false,,
1790445798.860,hud,speed,,,,,"13.9 / 11.8",13.880
1790445798.861,hud,heading,,,,,"90° / 129°",89.500
1790445798.861,hud,drift,,,,,"26.64%",26.640
1790445798.862,hud,turns,,,,,"✗ turns: 3/15",
1790445798.862,hud,calib_s,,,,,"✓ Buffer 6s",
1790445798.865,marker,gnss,52.37405800,-1.27799100,231.20,true,,
1790445798.866,marker,dr,52.37584510,-1.27543899,270.50,true,,
1790445798.866,marker,reconciled,0.00000000,0.00000000,0.00,false,,
1790445798.910,hud,speed,,,,,"13.9 / 11.8",13.880
1790445798.910,hud,heading,,,,,"90° / 129°",89.500
1790445798.910,hud,drift,,,,,"26.64%",26.640
1790445798.911,hud,turns,,,,,"✗ turns: 3/15",
1790445798.911,hud,calib_s,,,,,"✓ Buffer 6s",
1790445798.914,marker,gnss,52.37405800,-1.27799100,231.20,true,,
1790445798.915,marker,dr,52.37584510,-1.27543899,270.50,true,,
1790445798.915,marker,reconciled,0.00000000,0.00000000,0.00,false,,
1790445798.960,hud,speed,,,,,"13.9 / 11.8",13.880
1790445798.960,hud,heading,,,,,"90° / 129°",89.500
1790445798.961,hud,drift,,,,,"26.64%",26.640
1790445798.961,hud,turns,,,,,"✗ turns: 3/15",
1790445798.961,hud,calib_s,,,,,"✓ Buffer 6s",
1790445798.964,marker,gnss,52.37405800,-1.27799100,231.20,true,,
1790445798.965,marker,dr,52.37584510,-1.27543899,270.50,true,,
1790445798.966,marker,reconciled,0.00000000,0.00000000,0.00,false,,
1790445799.020,hud,speed,,,,,"13.9 / 11.8",13.880
1790445799.020,hud,heading,,,,,"90° / 129°",89.500
1790445799.021,hud,drift,,,,,"26.64%",26.640
1790445799.021,hud,turns,,,,,"✗ turns: 3/15",
1790445799.021,hud,calib_s,,,,,"✓ Buffer 6s",
1790445799.024,marker,gnss,52.37405800,-1.27799100,231.20,true,,
1790445799.025,marker,dr,52.37584510,-1.27543899,270.50,true,,
1790445799.025,marker,reconciled,0.00000000,0.00000000,0.00,false,,
1790445799.061,hud,speed,,,,,"13.9 / 11.8",13.880
1790445799.061,hud,heading,,,,,"90° / 129°",89.500
1790445799.062,hud,drift,,,,,"26.64%",26.640
1790445799.062,hud,turns,,,,,"✗ turns: 3/15",
1790445799.062,hud,calib_s,,,,,"✓ Buffer 6s",
1790445799.066,marker,gnss,52.37405800,-1.27799100,231.20,true,,
1790445799.067,marker,dr,52.37584510,-1.27543899,270.50,true,,
1790445799.068,marker,reconciled,0.00000000,0.00000000,0.00,false,,
1790445799.116,hud,speed,,,,,"13.9 / 11.8",13.880
1790445799.116,hud,heading,,,,,"90° / 129°",89.500
1790445799.117,hud,drift,,,,,"26.64%",26.640
1790445799.117,hud,turns,,,,,"✗ turns: 3/15",
1790445799.117,hud,calib_s,,,,,"✓ Buffer 6s",
1790445799.120,marker,gnss,52.37405800,-1.27799100,231.20,true,,
1790445799.120,marker,dr,52.37584510,-1.27543899,270.50,true,,
1790445799.121,marker,reconciled,0.00000000,0.00000000,0.00,false,,
1790445799.163,hud,speed,,,,,"13.9 / 11.8",13.880
1790445799.163,hud,heading,,,,,"90° / 129°",89.500
1790445799.164,hud,drift,,,,,"26.64%",26.640
1790445799.164,hud,turns,,,,,"✗ turns: 3/15",
1790445799.164,hud,calib_s,,,,,"✓ Buffer 6s",
1790445799.168,marker,gnss,52.37405800,-1.27799100,231.20,true,,
1790445799.169,marker,dr,52.37584510,-1.27543899,270.50,true,,
1790445799.169,marker,reconciled,0.00000000,0.00000000,0.00,false,,
1790445799.219,hud,speed,,,,,"13.9 / 11.8",13.880
1790445799.219,hud,heading,,,,,"90° / 129°",89.500
1790445799.219,hud,drift,,,,,"26.64%",26.640
1790445799.219,hud,turns,,,,,"✗ turns: 3/15",
1790445799.219,hud,calib_s,,,,,"✓ Buffer 6s",
1790445799.222,marker,gnss,52.37405800,-1.27799100,231.20,true,,
1790445799.223,marker,dr,52.37584510,-1.27543899,270.50,true,,
1790445799.223,marker,reconciled,0.00000000,0.00000000,0.00,false,,
1790445799.267,hud,speed,,,,,"13.9 / 11.8",13.880
1790445799.267,hud,heading,,,,,"90° / 129°",89.500
1790445799.267,hud,drift,,,,,"26.64%",26.640
1790445799.268,hud,turns,,,,,"✗ turns: 3/15",
1790445799.268,hud,calib_s,,,,,"✓ Buffer 6s",
1790445799.272,marker,gnss,52.37405800,-1.27799100,231.20,true,,
1790445799.273,marker,dr,52.37584510,-1.27543899,270.50,true,,
1790445799.273,marker,reconciled,0.00000000,0.00000000,0.00,false,,
1790445799.323,hud,speed,,,,,"13.9 / 11.8",13.880
1790445799.323,hud,heading,,,,,"90° / 129°",89.500
1790445799.323,hud,drift,,,,,"26.64%",26.640
1790445799.324,hud,turns,,,,,"✗ turns: 3/15",
1790445799.324,hud,calib_s,,,,,"✓ Buffer 6s",
1790445799.327,marker,gnss,52.37405800,-1.27799100,231.20,true,,
1790445799.327,marker,dr,52.37584510,-1.27543899,270.50,true,,
1790445799.328,marker,reconciled,0.00000000,0.00000000,0.00,false,,
1790445799.368,hud,speed,,,,,"13.9 / 11.8",13.880
1790445799.368,hud,heading,,,,,"90° / 129°",89.500
1790445799.368,hud,drift,,,,,"26.64%",26.640
1790445799.369,hud,turns,,,,,"✗ turns: 3/15",
1790445799.369,hud,calib_s,,,,,"✓ Buffer 6s",
1790445799.372,marker,gnss,52.37405800,-1.27799100,231.20,true,,
1790445799.373,marker,dr,52.37584510,-1.27543899,270.50,true,,
1790445799.373,marker,reconciled,0.00000000,0.00000000,0.00,false,,
1790445799.421,hud,speed,,,,,"13.9 / 11.8",13.880
1790445799.421,hud,heading,,,,,"90° / 129°",89.500
1790445799.422,hud,drift,,,,,"26.64%",26.640
1790445799.422,hud,turns,,,,,"✗ turns: 3/15",
1790445799.422,hud,calib_s,,,,,"✓ Buffer 6s",
1790445799.426,marker,gnss,52.37405800,-1.27799100,231.20,true,,
1790445799.426,marker,dr,52.37584510,-1.27543899,270.50,true,,
1790445799.427,marker,reconciled,0.00000000,0.00000000,0.00,false,,
1790445799.466,hud,speed,,,,,"13.9 / 11.8",13.880
1790445799.467,hud,heading,,,,,"90° / 129°",89.500
1790445799.467,hud,drift,,,,,"26.64%",26.640
1790445799.467,hud,turns,,,,,"✗ turns: 3/15",
1790445799.467,hud,calib_s,,,,,"✓ Buffer 6s",
1790445799.470,marker,gnss,52.37405800,-1.27799100,231.20,true,,
1790445799.471,marker,dr,52.37584510,-1.27543899,270.50,true,,
1790445799.471,marker,reconciled,0.00000000,0.00000000,0.00,false,,
1790445799.524,hud,speed,,,,,"13.9 / 11.8",13.880
1790445799.524,hud,heading,,,,,"90° / 129°",89.500
1790445799.524,hud,drift,,,,,"26.64%",26.640
1790445799.525,hud,turns,,,,,"✗ turns: 3/15",
1790445799.525,hud,calib_s,,,,,"✓ Buffer 6s",
1790445799.528,marker,gnss,52.37405800,-1.27799100,231.20,true,,
1790445799.528,marker,dr,52.37584510,-1.27543899,270.50,true,,
1790445799.529,marker,reconciled,0.00000000,0.00000000,0.00,false,,
1790445799.572,hud,speed,,,,,"13.9 / 11.8",13.880
1790445799.572,hud,heading,,,,,"90° / 129°",89.500
1790445799.573,hud,drift,,,,,"26.64%",26.640
1790445799.573,hud,turns,,,,,"✗ turns: 3/15",
1790445799.573,hud,calib_s,,,,,"✓ Buffer 6s",
1790445799.577,marker,gnss,52.37405800,-1.27799100,231.20,true,,
1790445799.578,marker,dr,52.37584510,-1.27543899,270.50,true,,
1790445799.578,marker,reconciled,0.00000000,0.00000000,0.00,false,,
1790445799.627,hud,speed,,,,,"13.9 / 11.8",13.880
1790445799.627,hud,heading,,,,,"90° / 129°",89.500
1790445799.628,hud,drift,,,,,"26.64%",26.640
1790445799.628,hud,turns,,,,,"✗ turns: 3/15",
1790445799.628,hud,calib_s,,,,,"✓ Buffer 6s",
1790445799.632,marker,gnss,52.37405800,-1.27799100,231.20,true,,
1790445799.633,marker,dr,52.37584510,-1.27543899,270.50,true,,
1790445799.634,marker,reconciled,0.00000000,0.00000000,0.00,false,,
1790445799.679,hud,speed,,,,,"13.9 / 11.8",13.880
1790445799.679,hud,heading,,,,,"90° / 129°",89.500
1790445799.680,hud,drift,,,,,"26.64%",26.640
1790445799.680,hud,turns,,,,,"✗ turns: 3/15",
1790445799.680,hud,calib_s,,,,,"✓ Buffer 6s",
1790445799.683,marker,gnss,52.37405800,-1.27799100,231.20,true,,
1790445799.683,marker,dr,52.37584510,-1.27543899,270.50,true,,
1790445799.684,marker,reconciled,0.00000000,0.00000000,0.00,false,,
1790445799.724,hud,speed,,,,,"13.9 / 11.8",13.880
1790445799.725,hud,heading,,,,,"90° / 129°",89.500
1790445799.725,hud,drift,,,,,"26.64%",26.640
1790445799.725,hud,turns,,,,,"✗ turns: 3/15",
1790445799.725,hud,calib_s,,,,,"✓ Buffer 6s",
1790445799.728,marker,gnss,52.37405800,-1.27799100,231.20,true,,
1790445799.729,marker,dr,52.37584510,-1.27543899,270.50,true,,
1790445799.729,marker,reconciled,0.00000000,0.00000000,0.00,false,,
1790445799.775,hud,speed,,,,,"13.9 / 11.8",13.880
1790445799.775,hud,heading,,,,,"90° / 129°",89.500
1790445799.775,hud,drift,,,,,"26.64%",26.640
1790445799.776,hud,turns,,,,,"✗ turns: 3/15",
1790445799.776,hud,calib_s,,,,,"✓ Buffer 6s",
1790445799.779,marker,gnss,52.37405800,-1.27799100,231.20,true,,
1790445799.780,marker,dr,52.37584510,-1.27543899,270.50,true,,
1790445799.780,marker,reconciled,0.00000000,0.00000000,0.00,false,,
1790445799.829,hud,speed,,,,,"13.9 / 11.8",13.880
1790445799.830,hud,heading,,,,,"90° / 129°",89.500
1790445799.830,hud,drift,,,,,"26.64%",26.640
1790445799.830,hud,turns,,,,,"✗ turns: 3/15",
1790445799.830,hud,calib_s,,,,,"✓ Buffer 6s",
1790445799.833,marker,gnss,52.37405800,-1.27799100,231.20,true,,
1790445799.834,marker,dr,52.37584510,-1.27543899,270.50,true,,
1790445799.834,marker,reconciled,0.00000000,0.00000000,0.00,false,,
1790445799.875,hud,speed,,,,,"13.9 / 11.8",13.880
1790445799.876,hud,heading,,,,,"90° / 129°",89.500
1790445799.876,hud,drift,,,,,"26.64%",26.640
1790445799.876,hud,turns,,,,,"✗ turns: 3/15",
1790445799.876,hud,calib_s,,,,,"✓ Buffer 6s",
1790445799.880,marker,gnss,52.37405800,-1.27799100,231.20,true,,
1790445799.880,marker,dr,52.37584510,-1.27543899,270.50,true,,
1790445799.881,marker,reconciled,0.00000000,0.00000000,0.00,false,,
1790445799.930,hud,speed,,,,,"13.9 / 11.8",13.880
1790445799.930,hud,heading,,,,,"90° / 129°",89.500
1790445799.930,hud,drift,,,,,"26.64%",26.640
1790445799.931,hud,turns,,,,,"✗ turns: 3/15",
1790445799.931,hud,calib_s,,,,,"✓ Buffer 6s",
1790445799.933,marker,gnss,52.37405800,-1.27799100,231.20,true,,
1790445799.934,marker,dr,52.37584510,-1.27543899,270.50,true,,
1790445799.934,marker,reconciled,0.00000000,0.00000000,0.00,false,,
1790445799.980,hud,speed,,,,,"13.9 / 11.8",13.880
1790445799.981,hud,heading,,,,,"90° / 129°",89.500
1790445799.981,hud,drift,,,,,"26.64%",26.640
1790445799.981,hud,turns,,,,,"✗ turns: 3/15",
1790445799.982,hud,calib_s,,,,,"✓ Buffer 6s",
1790445799.985,marker,gnss,52.37405800,-1.27799100,231.20,true,,
1790445799.986,marker,dr,52.37584510,-1.27543899,270.50,true,,
1790445799.987,marker,reconciled,0.00000000,0.00000000,0.00,false,,
1790445800.034,hud,speed,,,,,"13.9 / 11.8",13.880
1790445800.035,hud,heading,,,,,"90° / 129°",89.500
1790445800.035,hud,drift,,,,,"26.64%",26.640
1790445800.035,hud,turns,,,,,"✗ turns: 3/15",
1790445800.035,hud,calib_s,,,,,"✓ Buffer 6s",
1790445800.039,marker,gnss,52.37405800,-1.27799100,231.20,true,,
1790445800.039,marker,dr,52.37584510,-1.27543899,270.50,true,,
1790445800.040,marker,reconciled,0.00000000,0.00000000,0.00,false,,
