t,category,name,lat,lon,rotation_deg,visible,text_val,num_val
1790445569.307,hud,speed,,,,,"0.0 / 0.0",0.000
1790445569.308,hud,heading,,,,,"0° / 0°",0.000
1790445569.308,hud,drift,,,,,"0.00%",0.000
1790445569.308,hud,turns,,,,,"✗ turns: 0/15",
1790445569.309,hud,calib_s,,,,,"✗ Buffer (need 6s)",
1790445569.309,marker,reconciled,0.00000000,0.00000000,0.00,false,,
1790445572.805,hud,speed,,,,,"0.0 / 0.0",0.000
1790445572.805,hud,heading,,,,,"0° / 0°",0.000
1790445572.806,hud,drift,,,,,"0.00%",0.000
1790445572.806,hud,turns,,,,,"✗ turns: 0/15",
1790445572.806,hud,calib_s,,,,,"✗ Buffer (need 6s)",
1790445572.807,marker,reconciled,0.00000000,0.00000000,0.00,false,,
1790445572.852,hud,speed,,,,,"0.0 / 0.0",0.000
1790445572.853,hud,heading,,,,,"0° / 0°",0.000
1790445572.853,hud,drift,,,,,"0.00%",0.000
1790445572.854,hud,turns,,,,,"✗ turns: 0/15",
1790445572.854,hud,calib_s,,,,,"✗ Buffer (need 6s)",
1790445572.854,marker,reconciled,0.00000000,0.00000000,0.00,false,,
1790445572.910,hud,speed,,,,,"0.0 / 0.0",0.000
1790445572.911,hud,heading,,,,,"0° / 0°",0.000
1790445572.911,hud,drift,,,,,"0.00%",0.000
1790445572.912,hud,turns,,,,,"✗ turns: 0/15",
1790445572.912,hud,calib_s,,,,,"✗ Buffer (need 6s)",
1790445572.912,marker,reconciled,0.00000000,0.00000000,0.00,false,,
1790445572.957,hud,speed,,,,,"0.0 / 0.0",0.000
1790445572.957,hud,heading,,,,,"0° / 0°",0.000
1790445572.958,hud,drift,,,,,"0.00%",0.000
1790445572.958,hud,turns,,,,,"✗ turns: 0/15",
1790445572.958,hud,calib_s,,,,,"✗ Buffer (need 6s)",
1790445572.958,marker,reconciled,0.00000000,0.00000000,0.00,false,,
1790445573.010,hud,speed,,,,,"0.0 / 0.0",0.000
1790445573.011,hud,heading,,,,,"0° / 0°",0.000
1790445573.011,hud,drift,,,,,"0.00%",0.000
1790445573.011,hud,turns,,,,,"✗ turns: 0/15",
1790445573.012,hud,calib_s,,,,,"✗ Buffer (need 6s)",
1790445573.012,marker,reconciled,0.00000000,0.00000000,0.00,false,,
1790445573.059,hud,speed,,,,,"0.0 / 0.0",0.000
1790445573.060,hud,heading,,,,,"0° / 0°",0.000
1790445573.060,hud,drift,,,,,"0.00%",0.000
1790445573.061,hud,turns,,,,,"✗ turns: 0/15",
1790445573.061,hud,calib_s,,,,,"✗ Buffer (need 6s)",
1790445573.061,marker,reconciled,0.00000000,0.00000000,0.00,false,,
1790445573.115,hud,speed,,,,,"0.0 / 0.0",0.000
1790445573.116,hud,heading,,,,,"0° / 0°",0.000
1790445573.116,hud,drift,,,,,"0.00%",0.000
1790445573.116,hud,turns,,,,,"✗ turns: 0/15",
1790445573.117,hud,calib_s,,,,,"✗ Buffer (need 6s)",
1790445573.117,marker,reconciled,0.00000000,0.00000000,0.00,false,,
1790445573.165,hud,speed,,,,,"0.0 / 0.0",0.000
1790445573.166,hud,heading,,,,,"0° / 0°",0.000
1790445573.166,hud,drift,,,,,"0.00%",0.000
1790445573.166,hud,turns,,,,,"✗ turns: 0/15",
1790445573.167,hud,calib_s,,,,,"✗ Buffer (need 6s)",
1790445573.167,marker,reconciled,0.00000000,0.00000000,0.00,false,,
1790445573.218,hud,speed,,,,,"0.0 / 0.0",0.000
1790445573.218,hud,heading,,,,,"0° / 0°",0.000
1790445573.219,hud,drift,,,,,"0.00%",0.000
1790445573.219,hud,turns,,,,,"✗ turns: 0/15",
1790445573.219,hud,calib_s,,,,,"✗ Buffer (need 6s)",
1790445573.220,marker,reconciled,0.00000000,0.00000000,0.00,false,,
1790445573.267,hud,speed,,,,,"0.0 / 0.0",0.000
1790445573.268,hud,heading,,,,,"0° / 0°",0.000
1790445573.268,hud,drift,,,,,"0.00%",0.000
1790445573.268,hud,turns,,,,,"✗ turns: 0/15",
1790445573.268,hud,calib_s,,,,,"✗ Buffer (need 6s)",
1790445573.269,marker,reconciled,0.00000000,0.00000000,0.00,false,,
1790445573.324,hud,speed,,,,,"0.0 / 0.0",0.000
1790445573.325,hud,heading,,,,,"0° / 0°",0.000
1790445573.325,hud,drift,,,,,"0.00%",0.000
1790445573.325,hud,turns,,,,,"✗ turns: 0/15",
1790445573.325,hud,calib_s,,,,,"✗ Buffer (need 6s)",
1790445573.326,marker,reconciled,0.00000000,0.00000000,0.00,false,,
1790445573.367,hud,speed,,,,,"0.0 / 0.0",0.000
1790445573.368,hud,heading,,,,,"0° / 0°",0.000
1790445573.368,hud,drift,,,,,"0.00%",0.000
1790445573.368,hud,turns,,,,,"✗ turns: 0/15",
1790445573.369,hud,calib_s,,,,,"✗ Buffer (need 6s)",
1790445573.369,marker,reconciled,0.00000000,0.00000000,0.00,false,,
1790445573.421,hud,speed,,,,,"0.0 / 0.0",0.000
1790445573.421,hud,heading,,,,,"0° / 0°",0.000
1790445573.422,hud,drift,,,,,"0.00%",0.000
1790445573.422,hud,turns,,,,,"✗ turns: 0/15",
1790445573.422,hud,calib_s,,,,,"✗ Buffer (need 6s)",
1790445573.423,marker,reconciled,0.00000000,0.00000000,0.00,false,,
1790445573.472,hud,speed,,,,,"0.0 / 0.0",0.000
1790445573.472,hud,heading,,,,,"0° / 0°",0.000
1790445573.473,hud,drift,,,,,"0.00%",0.000
1790445573.473,hud,turns,,,,,"✗ turns: 0/15",
1790445573.473,hud,calib_s,,,,,"✗ Buffer (need 6s)",
1790445573.474,marker,reconciled,0.00000000,0.00000000,0.00,false,,
1790445573.524,hud,speed,,,,,"0.0 / 0.0",0.000
1790445573.524,hud,heading,,,,,"0° / 0°",0.000
1790445573.525,hud,drift,,,,,"0.00%",0.000
1790445573.525,hud,turns,,,,,"✗ turns: 0/15",
1790445573.525,hud,calib_s,,,,,"✗ Buffer (need 6s)",
1790445573.526,marker,reconciled,0.00000000,0.00000000,0.00,false,,
1790445573.579,hud,speed,,,,,"0.0 / 0.0",0.000
1790445573.580,hud,heading,,,,,"0° / 0°",0.000
1790445573.580,hud,drift,,,,,"0.00%",0.000
1790445573.581,hud,turns,,,,,"✗ turns: 0/15",
1790445573.581,hud,calib_s,,,,,"✗ Buffer (need 6s)",
1790445573.581,marker,reconciled,0.00000000,0.00000000,0.00,false,,
1790445573.626,hud,speed,,,,,"0.0 / 0.0",0.000
1790445573.627,hud,heading,,,,,"0° / 0°",0.000
1790445573.627,hud,drift,,,,,"0.00%",0.000
1790445573.628,hud,turns,,,,,"✗ turns: 0/15",
1790445573.628,hud,calib_s,,,,,"✗ Buffer (need 6s)",
1790445573.628,marker,reconciled,0.00000000,0.00000000,0.00,false,,
1790445573.681,hud,speed,,,,,"0.0 / 0.0",0.000
1790445573.682,hud,heading,,,,,"0° / 0°",0.000
1790445573.682,hud,drift,,,,,"0.00%",0.000
1790445573.683,hud,turns,,,,,"✗ turns: 0/15",
1790445573.683,hud,calib_s,,,,,"✗ Buffer (need 6s)",
1790445573.683,marker,reconciled,0.00000000,0.00000000,0.00,false,,
1790445573.732,hud,speed,,,,,"0.0 / 0.0",0.000
1790445573.733,hud,heading,,,,,"0° / 0°",0.000
1790445573.733,hud,drift,,,,,"0.00%",0.000
1790445573.733,hud,turns,,,,,"✗ turns: 0/15",
1790445573.734,hud,calib_s,,,,,"✗ Buffer (need 6s)",
1790445573.734,marker,reconciled,0.00000000,0.00000000,0.00,false,,
1790445573.779,hud,speed,,,,,"0.0 / 0.0",0.000
1790445573.780,hud,heading,,,,,"0° / 0°",0.000
1790445573.780,hud,drift,,,,,"0.00%",0.000
1790445573.780,hud,turns,,,,,"✗ turns: 0/15",
1790445573.781,hud,calib_s,,,,,"✗ Buffer (need 6s)",
1790445573.781,marker,reconciled,0.00000000,0.00000000,0.00,false,,
1790445573.831,hud,speed,,,,,"0.0 / 0.0",0.000
1790445573.831,hud,heading,,,,,"0° / 0°",0.000
1790445573.832,hud,drift,,,,,"0.00%",0.000
1790445573.832,hud,turns,,,,,"✗ turns: 0/15",
1790445573.832,hud,calib_s,,,,,"✗ Buffer (need 6s)",
1790445573.833,marker,reconciled,0.00000000,0.00000000,0.00,false,,
1790445573.879,hud,speed,,,,,"0.0 / 0.0",0.000
1790445573.879,hud,heading,,,,,"0° / 0°",0.000
1790445573.880,hud,drift,,,,,"0.00%",0.000
1790445573.880,hud,turns,,,,,"✗ turns: 0/15",
1790445573.880,hud,calib_s,,,,,"✗ Buffer (need 6s)",
1790445573.881,marker,reconciled,0.00000000,0.00000000,0.00,false,,
1790445573.932,hud,speed,,,,,"0.0 / 0.0",0.000
1790445573.932,hud,heading,,,,,"0° / 0°",0.000
1790445573.933,hud,drift,,,,,"0.00%",0.000
1790445573.933,hud,turns,,,,,"✗ turns: 0/15",
1790445573.933,hud,calib_s,,,,,"✗ Buffer (need 6s)",
1790445573.933,marker,reconciled,0.00000000,0.00000000,0.00,false,,
1790445573.985,hud,speed,,,,,"0.0 / 0.0",0.000
1790445573.985,hud,heading,,,,,"0° / 0°",0.000
1790445573.985,hud,drift,,,,,"0.00%",0.000
1790445573.986,hud,turns,,,,,"✗ turns: 0/15",
1790445573.986,hud,calib_s,,,,,"✗ Buffer (need 6s)",
1790445573.986,marker,reconciled,0.00000000,0.00000000,0.00,false,,
1790445574.035,hud,speed,,,,,"0.0 / 0.0",0.000
1790445574.036,hud,heading,,,,,"0° / 0°",0.000
1790445574.036,hud,drift,,,,,"0.00%",0.000
1790445574.036,hud,turns,,,,,"✗ turns: 0/15",
1790445574.036,hud,calib_s,,,,,"✗ Buffer (need 6s)",
1790445574.037,marker,reconciled,0.00000000,0.00000000,0.00,false,,
1790445574.084,hud,speed,,,,,"0.0 / 0.0",0.000
1790445574.084,hud,heading,,,,,"0° / 0°",0.000
1790445574.085,hud,drift,,,,,"0.00%",0.000
1790445574.085,hud,turns,,,,,"✗ turns: 0/15",
1790445574.085,hud,calib_s,,,,,"✗ Buffer (need 6s)",
1790445574.085,marker,reconciled,0.00000000,0.00000000,0.00,false,,
1790445574.134,hud,speed,,,,,"0.0 / 0.0",0.000
1790445574.134,hud,heading,,,,,"0° / 0°",0.000
1790445574.135,hud,drift,,,,,"0.00%",0.000
1790445574.135,hud,turns,,,,,"✗ turns: 0/15",
1790445574.135,hud,calib_s,,,,,"✗ Buffer (need 6s)",
1790445574.136,marker,reconciled,0.00000000,0.00000000,0.00,false,,
1790445574.186,hud,speed,,,,,"0.0 / 0.0",0.000
1790445574.186,hud,heading,,,,,"0° / 0°",0.000
1790445574.187,hud,drift,,,,,"0.00%",0.000
1790445574.187,hud,turns,,,,,"✗ turns: 0/15",
1790445574.187,hud,calib_s,,,,,"✗ Buffer (need 6s)",
1790445574.187,marker,reconciled,0.00000000,0.00000000,0.00,false,,
1790445574.243,hud,speed,,,,,"0.0 / 0.0",0.000
1790445574.243,hud,heading,,,,,"0° / 0°",0.000
1790445574.244,hud,drift,,,,,"0.00%",0.000
1790445574.244,hud,turns,,,,,"✗ turns: 0/15",
1790445574.244,hud,calib_s,,,,,"✗ Buffer (need 6s)",
1790445574.244,marker,reconciled,0.00000000,0.00000000,0.00,false,,
1790445574.294,hud,speed,,,,,"0.0 / 0.0",0.000
1790445574.295,hud,heading,,,,,"0° / 0°",0.000
1790445574.295,hud,drift,,,,,"0.00%",0.000
1790445574.296,hud,turns,,,,,"✗ turns: 0/15",
1790445574.296,hud,calib_s,,,,,"✗ Buffer (need 6s)",
1790445574.296,marker,reconciled,0.00000000,0.00000000,0.00,false,,
1790445574.343,hud,speed,,,,,"0.0 / 0.0",0.000
1790445574.344,hud,heading,,,,,"0° / 0°",0.000
1790445574.344,hud,drift,,,,,"0.00%",0.000
1790445574.344,hud,turns,,,,,"✗ turns: 0/15",
1790445574.345,hud,calib_s,,,,,"✗ Buffer (need 6s)",
1790445574.345,marker,reconciled,0.00000000,0.00000000,0.00,false,,
1790445574.393,hud,speed,,,,,"0.0 / 0.0",0.000
1790445574.393,hud,heading,,,,,"0° / 0°",0.000
1790445574.394,hud,drift,,,,,"0.00%",0.000
1790445574.394,hud,turns,,,,,"✗ turns: 0/15",
1790445574.395,hud,calib_s,,,,,"✗ Buffer (need 6s)",
1790445574.395,marker,reconciled,0.00000000,0.00000000,0.00,false,,
1790445574.443,hud,speed,,,,,"0.0 / 0.0",0.000
1790445574.443,hud,heading,,,,,"0° / 0°",0.000
1790445574.444,hud,drift,,,,,"0.00%",0.000
1790445574.444,hud,turns,,,,,"✗ turns: 0/15",
1790445574.444,hud,calib_s,,,,,"✗ Buffer (need 6s)",
1790445574.444,marker,reconciled,0.00000000,0.00000000,0.00,false,,
1790445574.496,hud,speed,,,,,"0.0 / 0.0",0.000
1790445574.496,hud,heading,,,,,"0° / 0°",0.000
1790445574.497,hud,drift,,,,,"0.00%",0.000
1790445574.497,hud,turns,,,,,"✗ turns: 0/15",
1790445574.497,hud,calib_s,,,,,"✗ Buffer (need 6s)",
1790445574.497,marker,reconciled,0.00000000,0.00000000,0.00,false,,
1790445574.544,hud,speed,,,,,"0.0 / 0.0",0.000
1790445574.545,hud,heading,,,,,"0° / 0°",0.000
1790445574.545,hud,drift,,,,,"0.00%",0.000
1790445574.545,hud,turns,,,,,"✗ turns: 0/15",
1790445574.546,hud,calib_s,,,,,"✗ Buffer (need 6s)",
1790445574.546,marker,reconciled,0.00000000,0.00000000,0.00,false,,
1790445574.597,hud,speed,,,,,"0.0 / 0.0",0.000
1790445574.598,hud,heading,,,,,"0° / 0°",0.000
1790445574.598,hud,drift,,,,,"0.00%",0.000
1790445574.599,hud,turns,,,,,"✗ turns: 0/15",
1790445574.599,hud,calib_s,,,,,"✗ Buffer (need 6s)",
1790445574.599,marker,reconciled,0.00000000,0.00000000,0.00,false,,
1790445574.648,hud,speed,,,,,"0.0 / 0.0",0.000
1790445574.649,hud,heading,,,,,"0° / 0°",0.000
1790445574.649,hud,drift,,,,,"0.00%",0.000
1790445574.650,hud,turns,,,,,"✗ turns: 0/15",
1790445574.650,hud,calib_s,,,,,"✗ Buffer (need 6s)",
1790445574.651,marker,reconciled,0.00000000,0.00000000,0.00,false,,
1790445574.700,hud,speed,,,,,"0.0 / 0.0",0.000
1790445574.700,hud,heading,,,,,"0° / 0°",0.000
1790445574.701,hud,drift,,,,,"0.00%",0.000
1790445574.701,hud,turns,,,,,"✗ turns: 0/15",
1790445574.701,hud,calib_s,,,,,"✗ Buffer (need 6s)",
1790445574.702,marker,reconciled,0.00000000,0.00000000,0.00,false,,
1790445574.757,hud,speed,,,,,"0.0 / 0.0",0.000
1790445574.758,hud,heading,,,,,"0° / 0°",0.000
1790445574.759,hud,drift,,,,,"0.00%",0.000
1790445574.759,hud,turns,,,,,"✗ turns: 0/15",
1790445574.759,hud,calib_s,,,,,"✗ Buffer (need 6s)",
1790445574.759,marker,reconciled,0.00000000,0.00000000,0.00,false,,
1790445574.804,hud,speed,,,,,"0.0 / 0.0",0.000
1790445574.805,hud,heading,,,,,"0° / 0°",0.000
1790445574.805,hud,drift,,,,,"0.00%",0.000
1790445574.805,hud,turns,,,,,"✗ turns: 0/15",
1790445574.806,hud,calib_s,,,,,"✗ Buffer (need 6s)",
1790445574.806,marker,reconciled,0.00000000,0.00000000,0.00,false,,
1790445574.857,hud,speed,,,,,"0.0 / 0.0",0.000
1790445574.858,hud,heading,,,,,"0° / 0°",0.000
1790445574.858,hud,drift,,,,,"0.00%",0.000
1790445574.859,hud,turns,,,,,"✗ turns: 0/15",
1790445574.859,hud,calib_s,,,,,"✗ Buffer (need 6s)",
1790445574.859,marker,reconciled,0.00000000,0.00000000,0.00,false,,
1790445574.907,hud,speed,,,,,"0.0 / 0.0",0.000
1790445574.907,hud,heading,,,,,"0° / 0°",0.000
1790445574.907,hud,drift,,,,,"0.00%",0.000
1790445574.908,hud,turns,,,,,"✗ turns: 0/15",
1790445574.908,hud,calib_s,,,,,"✗ Buffer (need 6s)",
1790445574.908,marker,reconciled,0.00000000,0.00000000,0.00,false,,
1790445574.957,hud,speed,,,,,"0.0 / 0.0",0.000
1790445574.957,hud,heading,,,,,"0° / 0°",0.000
1790445574.957,hud,drift,,,,,"0.00%",0.000
1790445574.957,hud,turns,,,,,"✗ turns: 0/15",
1790445574.957,hud,calib_s,,,,,"✗ Buffer (need 6s)",
1790445574.958,marker,reconciled,0.00000000,0.00000000,0.00,false,,
1790445575.008,hud,speed,,,,,"0.0 / 0.0",0.000
1790445575.008,hud,heading,,,,,"0° / 0°",0.000
1790445575.009,hud,drift,,,,,"0.00%",0.000
1790445575.009,hud,turns,,,,,"✗ turns: 0/15",
1790445575.009,hud,calib_s,,,,,"✗ Buffer (need 6s)",
1790445575.009,marker,reconciled,0.00000000,0.00000000,0.00,false,,
1790445575.064,hud,speed,,,,,"0.0 / 0.0",0.000
1790445575.065,hud,heading,,,,,"0° / 0°",0.000
1790445575.065,hud,drift,,,,,"0.00%",0.000
1790445575.066,hud,turns,,,,,"✗ turns: 0/15",
1790445575.066,hud,calib_s,,,,,"✗ Buffer (need 6s)",
1790445575.066,marker,reconciled,0.00000000,0.00000000,0.00,false,,
1790445575.115,hud,speed,,,,,"0.0 / 0.0",0.000
1790445575.116,hud,heading,,,,,"0° / 0°",0.000
1790445575.116,hud,drift,,,,,"0.00%",0.000
1790445575.116,hud,turns,,,,,"✗ turns: 0/15",
1790445575.117,hud,calib_s,,,,,"✗ Buffer (need 6s)",
1790445575.117,marker,reconciled,0.00000000,0.00000000,0.00,false,,
1790445575.164,hud,speed,,,,,"0.0 / 0.0",0.000
1790445575.165,hud,heading,,,,,"0° / 0°",0.000
1790445575.165,hud,drift,,,,,"0.00%",0.000
1790445575.165,hud,turns,,,,,"✗ turns: 0/15",
1790445575.166,hud,calib_s,,,,,"✗ Buffer (need 6s)",
1790445575.166,marker,reconciled,0.00000000,0.00000000,0.00,false,,
1790445575.218,hud,speed,,,,,"0.0 / 0.0",0.000
1790445575.219,hud,heading,,,,,"0° / 0°",0.000
1790445575.219,hud,drift,,,,,"0.00%",0.000
1790445575.219,hud,turns,,,,,"✗ turns: 0/15",
1790445575.220,hud,calib_s,,,,,"✗ Buffer (need 6s)",
1790445575.220,marker,reconciled,0.00000000,0.00000000,0.00,false,,
1790445575.265,hud,speed,,,,,"0.0 / 0.0",0.000
1790445575.265,hud,heading,,,,,"0° / 0°",0.000
1790445575.266,hud,drift,,,,,"0.00%",0.000
1790445575.266,hud,turns,,,,,"✗ turns: 0/15",
1790445575.266,hud,calib_s,,,,,"✗ Buffer (need 6s)",
1790445575.267,marker,reconciled,0.00000000,0.00000000,0.00,false,,
1790445575.317,hud,speed,,,,,"0.0 / 0.0",0.000
1790445575.318,hud,heading,,,,,"0° / 0°",0.000
1790445575.318,hud,drift,,,,,"0.00%",0.000
1790445575.319,hud,turns,,,,,"✗ turns: 0/15",
1790445575.319,hud,calib_s,,,,,"✗ Buffer (need 6s)",
1790445575.319,marker,reconciled,0.00000000,0.00000000,0.00,false,,
1790445575.369,hud,speed,,,,,"0.0 / 0.0",0.000
1790445575.369,hud,heading,,,,,"0° / 0°",0.000
1790445575.370,hud,drift,,,,,"0.00%",0.000
1790445575.370,hud,turns,,,,,"✗ turns: 0/15",
1790445575.370,hud,calib_s,,,,,"✗ Buffer (need 6s)",
1790445575.371,marker,reconciled,0.00000000,0.00000000,0.00,false,,
1790445575.422,hud,speed,,,,,"0.0 / 0.0",0.000
1790445575.422,hud,heading,,,,,"0° / 0°",0.000
1790445575.423,hud,drift,,,,,"0.00%",0.000
1790445575.423,hud,turns,,,,,"✗ turns: 0/15",
1790445575.424,hud,calib_s,,,,,"✗ Buffer (need 6s)",
1790445575.424,marker,reconciled,0.00000000,0.00000000,0.00,false,,
1790445575.471,hud,speed,,,,,"0.0 / 0.0",0.000
1790445575.472,hud,heading,,,,,"0° / 0°",0.000
1790445575.472,hud,drift,,,,,"0.00%",0.000
1790445575.473,hud,turns,,,,,"✗ turns: 0/15",
1790445575.473,hud,calib_s,,,,,"✗ Buffer (need 6s)",
1790445575.473,marker,reconciled,0.00000000,0.00000000,0.00,false,,
1790445575.520,hud,speed,,,,,"0.0 / 0.0",0.000
1790445575.520,hud,heading,,,,,"0° / 0°",0.000
1790445575.520,hud,drift,,,,,"0.00%",0.000
1790445575.521,hud,turns,,,,,"✗ turns: 0/15",
1790445575.521,hud,calib_s,,,,,"✗ Buffer (need 6s)",
1790445575.521,marker,reconciled,0.00000000,0.00000000,0.00,false,,
1790445575.570,hud,speed,,,,,"0.0 / 0.0",0.000
1790445575.570,hud,heading,,,,,"0° / 0°",0.000
1790445575.571,hud,drift,,,,,"0.00%",0.000
1790445575.571,hud,turns,,,,,"✗ turns: 0/15",
1790445575.571,hud,calib_s,,,,,"✗ Buffer (need 6s)",
1790445575.571,marker,reconciled,0.00000000,0.00000000,0.00,false,,
1790445575.625,hud,speed,,,,,"0.0 / 0.0",0.000
1790445575.625,hud,heading,,,,,"0° / 0°",0.000
1790445575.626,hud,drift,,,,,"0.00%",0.000
1790445575.626,hud,turns,,,,,"✗ turns: 0/15",
1790445575.627,hud,calib_s,,,,,"✗ Buffer (need 6s)",
1790445575.627,marker,reconciled,0.00000000,0.00000000,0.00,false,,
1790445575.676,hud,speed,,,,,"0.0 / 0.0",0.000
1790445575.676,hud,heading,,,,,"0° / 0°",0.000
1790445575.676,hud,drift,,,,,"0.00%",0.000
1790445575.677,hud,turns,,,,,"✗ turns: 0/15",
1790445575.677,hud,calib_s,,,,,"✗ Buffer (need 6s)",
1790445575.677,marker,reconciled,0.00000000,0.00000000,0.00,false,,
1790445575.725,hud,speed,,,,,"0.0 / 0.0",0.000
1790445575.726,hud,heading,,,,,"0° / 0°",0.000
1790445575.726,hud,drift,,,,,"0.00%",0.000
1790445575.726,hud,turns,,,,,"✗ turns: 0/15",
1790445575.727,hud,calib_s,,,,,"✗ Buffer (need 6s)",
1790445575.727,marker,reconciled,0.00000000,0.00000000,0.00,false,,
1790445575.779,hud,speed,,,,,"0.0 / 0.0",0.000
1790445575.780,hud,heading,,,,,"0° / 0°",0.000
1790445575.780,hud,drift,,,,,"0.00%",0.000
1790445575.780,hud,turns,,,,,"✗ turns: 0/15",
1790445575.781,hud,calib_s,,,,,"✗ Buffer (need 6s)",
1790445575.781,marker,reconciled,0.00000000,0.00000000,0.00,false,,
1790445575.831,hud,speed,,,,,"0.0 / 0.0",0.000
1790445575.832,hud,heading,,,,,"0° / 0°",0.000
1790445575.832,hud,drift,,,,,"0.00%",0.000
1790445575.832,hud,turns,,,,,"✗ turns: 0/15",
1790445575.833,hud,calib_s,,,,,"✓ Buffer 6s",
1790445575.833,marker,reconciled,0.00000000,0.00000000,0.00,false,,
1790445575.883,hud,speed,,,,,"0.0 / 0.0",0.000
1790445575.883,hud,heading,,,,,"0° / 0°",0.000
1790445575.884,hud,drift,,,,,"0.00%",0.000
1790445575.884,hud,turns,,,,,"✗ turns: 0/15",
1790445575.884,hud,calib_s,,,,,"✓ Buffer 6s",
1790445575.887,marker,gnss,52.40264500,-1.44874800,266.80,true,,
1790445575.887,marker,reconciled,0.00000000,0.00000000,0.00,false,,
1790445575.932,hud,speed,,,,,"0.0 / 0.0",0.000
1790445575.933,hud,heading,,,,,"0° / 0°",0.000
1790445575.933,hud,drift,,,,,"0.00%",0.000
1790445575.933,hud,turns,,,,,"✗ turns: 0/15",
1790445575.933,hud,calib_s,,,,,"✓ Buffer 6s",
1790445575.934,marker,gnss,52.40264500,-1.44874800,266.80,true,,
1790445575.935,marker,reconciled,0.00000000,0.00000000,0.00,false,,
1790445575.989,hud,speed,,,,,"0.0 / 0.0",0.000
1790445575.990,hud,heading,,,,,"0° / 0°",0.000
1790445575.991,hud,drift,,,,,"0.00%",0.000
1790445575.991,hud,turns,,,,,"✗ turns: 0/15",
1790445575.992,hud,calib_s,,,,,"✓ Buffer 6s",
1790445575.992,marker,gnss,52.40264500,-1.44874800,266.80,true,,
1790445575.993,marker,reconciled,0.00000000,0.00000000,0.00,false,,
1790445576.054,hud,speed,,,,,"0.0 / 0.0",0.000
1790445576.055,hud,heading,,,,,"0° / 0°",0.000
1790445576.055,hud,drift,,,,,"0.00%",0.000
1790445576.055,hud,turns,,,,,"✗ turns: 0/15",
1790445576.056,hud,calib_s,,,,,"✓ Buffer 6s",
1790445576.056,marker,gnss,52.40264500,-1.44874800,266.80,true,,
1790445576.057,marker,reconciled,0.00000000,0.00000000,0.00,false,,
1790445576.105,hud,speed,,,,,"0.0 / 0.0",0.000
1790445576.106,hud,heading,,,,,"0° / 0°",0.000
1790445576.106,hud,drift,,,,,"0.00%",0.000
1790445576.107,hud,turns,,,,,"✗ turns: 0/15",
1790445576.107,hud,calib_s,,,,,"✓ Buffer 6s",
1790445576.108,marker,gnss,52.40264500,-1.44874800,266.80,true,,
1790445576.108,marker,reconciled,0.00000000,0.00000000,0.00,false,,
1790445576.143,hud,speed,,,,,"0.0 / 0.0",0.000
1790445576.144,hud,heading,,,,,"0° / 0°",0.000
1790445576.144,hud,drift,,,,,"0.00%",0.000
1790445576.144,hud,turns,,,,,"✗ turns: 0/15",
1790445576.144,hud,calib_s,,,,,"✓ Buffer 6s",
1790445576.145,marker,gnss,52.40264500,-1.44874800,266.80,true,,
1790445576.145,marker,reconciled,0.00000000,0.00000000,0.00,false,,
1790445576.191,hud,speed,,,,,"0.0 / 0.0",0.000
1790445576.192,hud,heading,,,,,"0° / 0°",0.000
1790445576.192,hud,drift,,,,,"0.00%",0.000
1790445576.193,hud,turns,,,,,"✗ turns: 0/15",
1790445576.193,hud,calib_s,,,,,"✓ Buffer 6s",
1790445576.194,marker,gnss,52.40264500,-1.44874800,266.80,true,,
1790445576.194,marker,reconciled,0.00000000,0.00000000,0.00,false,,
1790445576.246,hud,speed,,,,,"0.0 / 0.0",0.000
1790445576.246,hud,heading,,,,,"0° / 0°",0.000
1790445576.247,hud,drift,,,,,"0.00%",0.000
1790445576.247,hud,turns,,,,,"✗ turns: 0/15",
1790445576.248,hud,calib_s,,,,,"✓ Buffer 6s",
1790445576.248,marker,gnss,52.40264500,-1.44874800,266.80,true,,
1790445576.249,marker,reconciled,0.00000000,0.00000000,0.00,false,,
1790445576.300,hud,speed,,,,,"0.0 / 0.0",0.000
1790445576.300,hud,heading,,,,,"0° / 0°",0.000
1790445576.301,hud,drift,,,,,"0.00%",0.000
1790445576.301,hud,turns,,,,,"✗ turns: 0/15",
1790445576.301,hud,calib_s,,,,,"✓ Buffer 6s",
1790445576.302,marker,gnss,52.40264500,-1.44874800,266.80,true,,
1790445576.302,marker,reconciled,0.00000000,0.00000000,0.00,false,,
1790445576.346,hud,speed,,,,,"0.0 / 0.0",0.000
1790445576.346,hud,heading,,,,,"0° / 0°",0.000
1790445576.347,hud,drift,,,,,"0.00%",0.000
1790445576.347,hud,turns,,,,,"✗ turns: 0/15",
1790445576.347,hud,calib_s,,,,,"✓ Buffer 6s",
1790445576.348,marker,gnss,52.40264500,-1.44874800,266.80,true,,
1790445576.348,marker,reconciled,0.00000000,0.00000000,0.00,false,,
1790445576.402,hud,speed,,,,,"0.0 / 0.0",0.000
1790445576.402,hud,heading,,,,,"0° / 0°",0.000
1790445576.402,hud,drift,,,,,"0.00%",0.000
1790445576.403,hud,turns,,,,,"✗ turns: 0/15",
1790445576.403,hud,calib_s,,,,,"✓ Buffer 6s",
1790445576.403,marker,gnss,52.40264500,-1.44874800,266.80,true,,
1790445576.404,marker,reconciled,0.00000000,0.00000000,0.00,false,,
1790445576.443,hud,speed,,,,,"0.0 / 0.0",0.000
1790445576.444,hud,heading,,,,,"0° / 0°",0.000
1790445576.444,hud,drift,,,,,"0.00%",0.000
1790445576.444,hud,turns,,,,,"✗ turns: 0/15",
1790445576.444,hud,calib_s,,,,,"✓ Buffer 6s",
1790445576.445,marker,gnss,52.40264500,-1.44874800,266.80,true,,
1790445576.445,marker,reconciled,0.00000000,0.00000000,0.00,false,,
1790445576.510,hud,speed,,,,,"0.0 / 0.0",0.000
1790445576.510,hud,heading,,,,,"0° / 0°",0.000
1790445576.511,hud,drift,,,,,"0.00%",0.000
1790445576.512,hud,turns,,,,,"✗ turns: 0/15",
1790445576.512,hud,calib_s,,,,,"✓ Buffer 6s",
1790445576.512,marker,gnss,52.40264500,-1.44874800,266.80,true,,
1790445576.513,marker,reconciled,0.00000000,0.00000000,0.00,false,,
1790445576.557,hud,speed,,,,,"0.0 / 0.0",0.000
1790445576.557,hud,heading,,,,,"0° / 0°",0.000
1790445576.558,hud,drift,,,,,"0.00%",0.000
1790445576.558,hud,turns,,,,,"✗ turns: 0/15",
1790445576.559,hud,calib_s,,,,,"✓ Buffer 6s",
1790445576.559,marker,gnss,52.40264500,-1.44874800,266.80,true,,
1790445576.560,marker,reconciled,0.00000000,0.00000000,0.00,false,,
1790445576.602,hud,speed,,,,,"0.0 / 0.0",0.000
1790445576.603,hud,heading,,,,,"0° / 0°",0.000
1790445576.604,hud,drift,,,,,"0.00%",0.000
1790445576.604,hud,turns,,,,,"✗ turns: 0/15",
1790445576.604,hud,calib_s,,,,,"✓ Buffer 6s",
1790445576.605,marker,gnss,52.40264500,-1.44874800,266.80,true,,
1790445576.605,marker,reconciled,0.00000000,0.00000000,0.00,false,,
1790445576.656,hud,speed,,,,,"0.0 / 0.0",0.000
1790445576.657,hud,heading,,,,,"0° / 0°",0.000
1790445576.657,hud,drift,,,,,"0.00%",0.000
1790445576.658,hud,turns,,,,,"✗ turns: 0/15",
1790445576.658,hud,calib_s,,,,,"✓ Buffer 6s",
1790445576.659,marker,gnss,52.40264500,-1.44874800,266.80,true,,
1790445576.659,marker,reconciled,0.00000000,0.00000000,0.00,false,,
1790445576.712,hud,speed,,,,,"0.0 / 0.0",0.000
1790445576.712,hud,heading,,,,,"0° / 0°",0.000
1790445576.713,hud,drift,,,,,"0.00%",0.000
1790445576.713,hud,turns,,,,,"✗ turns: 0/15",
1790445576.713,hud,calib_s,,,,,"✓ Buffer 6s",
1790445576.714,marker,gnss,52.40264500,-1.44874800,266.80,true,,
1790445576.714,marker,reconciled,0.00000000,0.00000000,0.00,false,,
1790445576.767,hud,speed,,,,,"0.0 / 0.0",0.000
1790445576.767,hud,heading,,,,,"0° / 0°",0.000
1790445576.768,hud,drift,,,,,"0.00%",0.000
1790445576.768,hud,turns,,,,,"✗ turns: 0/15",
1790445576.769,hud,calib_s,,,,,"✓ Buffer 6s",
1790445576.770,marker,gnss,52.40264500,-1.44874800,266.80,true,,
1790445576.770,marker,reconciled,0.00000000,0.00000000,0.00,false,,
1790445576.818,hud,speed,,,,,"0.0 / 0.0",0.000
1790445576.819,hud,heading,,,,,"0° / 0°",0.000
1790445576.819,hud,drift,,,,,"0.00%",0.000
1790445576.819,hud,turns,,,,,"✗ turns: 0/15",
1790445576.819,hud,calib_s,,,,,"✓ Buffer 6s",
1790445576.820,marker,gnss,52.40264500,-1.44874800,266.80,true,,
1790445576.821,marker,reconciled,0.00000000,0.00000000,0.00,false,,
1790445576.873,hud,speed,,,,,"0.0 / 0.0",0.000
1790445576.873,hud,heading,,,,,"0° / 0°",0.000
1790445576.874,hud,drift,,,,,"0.00%",0.000
1790445576.874,hud,turns,,,,,"✗ turns: 0/15",
1790445576.875,hud,calib_s,,,,,"✓ Buffer 6s",
1790445576.875,marker,gnss,52.40264500,-1.44874800,266.80,true,,
1790445576.876,marker,reconciled,0.00000000,0.00000000,0.00,false,,
1790445576.923,hud,speed,,,,,"0.0 / 0.0",0.000
1790445576.924,hud,heading,,,,,"0° / 0°",0.000
1790445576.924,hud,drift,,,,,"0.00%",0.000
1790445576.925,hud,turns,,,,,"✗ turns: 0/15",
1790445576.925,hud,calib_s,,,,,"✓ Buffer 6s",
1790445576.926,marker,gnss,52.40264500,-1.44874800,266.80,true,,
1790445576.927,marker,reconciled,0.00000000,0.00000000,0.00,false,,
1790445576.964,hud,speed,,,,,"0.0 / 0.0",0.000
1790445576.964,hud,heading,,,,,"0° / 0°",0.000
1790445576.964,hud,drift,,,,,"0.00%",0.000
1790445576.965,hud,turns,,,,,"✗ turns: 0/15",
1790445576.965,hud,calib_s,,,,,"✓ Buffer 6s",
1790445576.965,marker,gnss,52.40264500,-1.44874800,266.80,true,,
1790445576.966,marker,reconciled,0.00000000,0.00000000,0.00,false,,
1790445577.000,hud,speed,,,,,"0.0 / 0.0",0.000
1790445577.000,hud,heading,,,,,"0° / 0°",0.000
1790445577.001,hud,drift,,,,,"0.00%",0.000
1790445577.001,hud,turns,,,,,"✗ turns: 0/15",
1790445577.001,hud,calib_s,,,,,"✓ Buffer 6s",
1790445577.001,marker,gnss,52.40264500,-1.44874800,266.80,true,,
1790445577.002,marker,reconciled,0.00000000,0.00000000,0.00,false,,
1790445577.061,hud,speed,,,,,"0.0 / 0.0",0.000
1790445577.061,hud,heading,,,,,"0° / 0°",0.000
1790445577.061,hud,drift,,,,,"0.00%",0.000
1790445577.062,hud,turns,,,,,"✗ turns: 0/15",
1790445577.062,hud,calib_s,,,,,"✓ Buffer 6s",
1790445577.062,marker,gnss,52.40264500,-1.44874800,266.80,true,,
1790445577.063,marker,reconciled,0.00000000,0.00000000,0.00,false,,
1790445577.104,hud,speed,,,,,"0.0 / 0.0",0.000
1790445577.104,hud,heading,,,,,"0° / 0°",0.000
1790445577.105,hud,drift,,,,,"0.00%",0.000
1790445577.105,hud,turns,,,,,"✗ turns: 0/15",
1790445577.105,hud,calib_s,,,,,"✓ Buffer 6s",
1790445577.106,marker,gnss,52.40264500,-1.44874800,266.80,true,,
1790445577.107,marker,reconciled,0.00000000,0.00000000,0.00,false,,
1790445577.155,hud,speed,,,,,"0.0 / 0.0",0.000
1790445577.155,hud,heading,,,,,"0° / 0°",0.000
1790445577.156,hud,drift,,,,,"0.00%",0.000
1790445577.156,hud,turns,,,,,"✗ turns: 0/15",
1790445577.156,hud,calib_s,,,,,"✓ Buffer 6s",
1790445577.156,marker,gnss,52.40264500,-1.44874800,266.80,true,,
1790445577.157,marker,reconciled,0.00000000,0.00000000,0.00,false,,
1790445577.205,hud,speed,,,,,"0.0 / 0.0",0.000
1790445577.206,hud,heading,,,,,"0° / 0°",0.000
1790445577.206,hud,drift,,,,,"0.00%",0.000
1790445577.206,hud,turns,,,,,"✗ turns: 0/15",
1790445577.207,hud,calib_s,,,,,"✓ Buffer 6s",
1790445577.207,marker,gnss,52.40264500,-1.44874800,266.80,true,,
1790445577.208,marker,reconciled,0.00000000,0.00000000,0.00,false,,
1790445577.258,hud,speed,,,,,"0.0 / 0.0",0.000
1790445577.258,hud,heading,,,,,"0° / 0°",0.000
1790445577.259,hud,drift,,,,,"0.00%",0.000
1790445577.259,hud,turns,,,,,"✗ turns: 0/15",
1790445577.259,hud,calib_s,,,,,"✓ Buffer 6s",
1790445577.260,marker,gnss,52.40264500,-1.44874800,266.80,true,,
1790445577.260,marker,reconciled,0.00000000,0.00000000,0.00,false,,
1790445577.315,hud,speed,,,,,"0.0 / 0.0",0.000
1790445577.315,hud,heading,,,,,"0° / 0°",0.000
1790445577.316,hud,drift,,,,,"0.00%",0.000
1790445577.316,hud,turns,,,,,"✗ turns: 0/15",
1790445577.316,hud,calib_s,,,,,"✓ Buffer 6s",
1790445577.317,marker,gnss,52.40264500,-1.44874800,266.80,true,,
1790445577.317,marker,reconciled,0.00000000,0.00000000,0.00,false,,
1790445577.366,hud,speed,,,,,"0.0 / 0.0",0.000
1790445577.367,hud,heading,,,,,"0° / 0°",0.000
1790445577.367,hud,drift,,,,,"0.00%",0.000
1790445577.368,hud,turns,,,,,"✗ turns: 0/15",
1790445577.368,hud,calib_s,,,,,"✓ Buffer 6s",
1790445577.368,marker,gnss,52.40264500,-1.44874800,266.80,true,,
1790445577.369,marker,reconciled,0.00000000,0.00000000,0.00,false,,
1790445577.418,hud,speed,,,,,"0.0 / 0.0",0.000
1790445577.418,hud,heading,,,,,"0° / 0°",0.000
1790445577.419,hud,drift,,,,,"0.00%",0.000
1790445577.419,hud,turns,,,,,"✗ turns: 0/15",
1790445577.419,hud,calib_s,,,,,"✓ Buffer 6s",
1790445577.420,marker,gnss,52.40264500,-1.44874800,266.80,true,,
1790445577.420,marker,reconciled,0.00000000,0.00000000,0.00,false,,
1790445577.465,hud,speed,,,,,"0.0 / 0.0",0.000
1790445577.465,hud,heading,,,,,"0° / 0°",0.000
1790445577.466,hud,drift,,,,,"0.00%",0.000
1790445577.466,hud,turns,,,,,"✗ turns: 0/15",
1790445577.466,hud,calib_s,,,,,"✓ Buffer 6s",
1790445577.467,marker,gnss,52.40264500,-1.44874800,266.80,true,,
1790445577.470,marker,reconciled,0.00000000,0.00000000,0.00,false,,
1790445577.518,hud,speed,,,,,"0.0 / 0.0",0.000
1790445577.519,hud,heading,,,,,"0° / 0°",0.000
1790445577.519,hud,drift,,,,,"0.00%",0.000
1790445577.519,hud,turns,,,,,"✗ turns: 0/15",
1790445577.520,hud,calib_s,,,,,"✓ Buffer 6s",
1790445577.520,marker,gnss,52.40264500,-1.44874800,266.80,true,,
1790445577.520,marker,reconciled,0.00000000,0.00000000,0.00,false,,
1790445577.570,hud,speed,,,,,"0.0 / 0.0",0.000
1790445577.570,hud,heading,,,,,"0° / 0°",0.000
1790445577.571,hud,drift,,,,,"0.00%",0.000
1790445577.571,hud,turns,,,,,"✗ turns: 0/15",
1790445577.571,hud,calib_s,,,,,"✓ Buffer 6s",
1790445577.572,marker,gnss,52.40264500,-1.44874800,266.80,true,,
1790445577.572,marker,reconciled,0.00000000,0.00000000,0.00,false,,
1790445577.619,hud,speed,,,,,"0.0 / 0.0",0.000
1790445577.620,hud,heading,,,,,"0° / 0°",0.000
1790445577.620,hud,drift,,,,,"0.00%",0.000
1790445577.620,hud,turns,,,,,"✗ turns: 0/15",
1790445577.620,hud,calib_s,,,,,"✓ Buffer 6s",
1790445577.621,marker,gnss,52.40264500,-1.44874800,266.80,true,,
1790445577.621,marker,reconciled,0.00000000,0.00000000,0.00,false,,
1790445577.673,hud,speed,,,,,"0.0 / 0.0",0.000
1790445577.673,hud,heading,,,,,"0° / 0°",0.000
1790445577.673,hud,drift,,,,,"0.00%",0.000
1790445577.674,hud,turns,,,,,"✗ turns: 0/15",
1790445577.674,hud,calib_s,,,,,"✓ Buffer 6s",
1790445577.674,marker,gnss,52.40264500,-1.44874800,266.80,true,,
1790445577.675,marker,reconciled,0.00000000,0.00000000,0.00,false,,
1790445577.725,hud,speed,,,,,"0.0 / 0.0",0.000
1790445577.725,hud,heading,,,,,"0° / 0°",0.000
1790445577.726,hud,drift,,,,,"0.00%",0.000
1790445577.726,hud,turns,,,,,"✗ turns: 0/15",
1790445577.727,hud,calib_s,,,,,"✓ Buffer 6s",
1790445577.727,marker,gnss,52.40264500,-1.44874800,266.80,true,,
1790445577.728,marker,reconciled,0.00000000,0.00000000,0.00,false,,
1790445577.774,hud,speed,,,,,"0.0 / 0.0",0.000
1790445577.775,hud,heading,,,,,"0° / 0°",0.000
1790445577.775,hud,drift,,,,,"0.00%",0.000
1790445577.775,hud,turns,,,,,"✗ turns: 0/15",
1790445577.775,hud,calib_s,,,,,"✓ Buffer 6s",
1790445577.776,marker,gnss,52.40264500,-1.44874800,266.80,true,,
1790445577.776,marker,reconciled,0.00000000,0.00000000,0.00,false,,
1790445577.826,hud,speed,,,,,"0.0 / 0.0",0.000
1790445577.827,hud,heading,,,,,"0° / 0°",0.000
1790445577.827,hud,drift,,,,,"0.00%",0.000
1790445577.827,hud,turns,,,,,"✗ turns: 0/15",
1790445577.827,hud,calib_s,,,,,"✓ Buffer 6s",
1790445577.828,marker,gnss,52.40264500,-1.44874800,266.80,true,,
1790445577.828,marker,reconciled,0.00000000,0.00000000,0.00,false,,
1790445577.876,hud,speed,,,,,"0.0 / 0.0",0.000
1790445577.877,hud,heading,,,,,"0° / 0°",0.000
1790445577.877,hud,drift,,,,,"0.00%",0.000
1790445577.878,hud,turns,,,,,"✗ turns: 0/15",
1790445577.878,hud,calib_s,,,,,"✓ Buffer 6s",
1790445577.879,marker,gnss,52.40264500,-1.44874800,266.80,true,,
1790445577.879,marker,reconciled,0.00000000,0.00000000,0.00,false,,
1790445577.930,hud,speed,,,,,"0.0 / 0.0",0.000
1790445577.930,hud,heading,,,,,"0° / 0°",0.000
1790445577.931,hud,drift,,,,,"0.00%",0.000
1790445577.931,hud,turns,,,,,"✗ turns: 0/15",
1790445577.931,hud,calib_s,,,,,"✓ Buffer 6s",
1790445577.932,marker,gnss,52.40264500,-1.44874800,266.80,true,,
1790445577.932,marker,reconciled,0.00000000,0.00000000,0.00,false,,
1790445577.980,hud,speed,,,,,"0.0 / 0.0",0.000
1790445577.981,hud,heading,,,,,"0° / 0°",0.000
1790445577.981,hud,drift,,,,,"0.00%",0.000
1790445577.982,hud,turns,,,,,"✗ turns: 0/15",
1790445577.982,hud,calib_s,,,,,"✓ Buffer 6s",
1790445577.982,marker,gnss,52.40264500,-1.44874800,266.80,true,,
1790445577.983,marker,reconciled,0.00000000,0.00000000,0.00,false,,
1790445578.028,hud,speed,,,,,"0.0 / 0.0",0.000
1790445578.029,hud,heading,,,,,"0° / 0°",0.000
1790445578.029,hud,drift,,,,,"0.00%",0.000
1790445578.029,hud,turns,,,,,"✗ turns: 0/15",
1790445578.029,hud,calib_s,,,,,"✓ Buffer 6s",
1790445578.030,marker,gnss,52.40264500,-1.44874800,266.80,true,,
1790445578.030,marker,reconciled,0.00000000,0.00000000,0.00,false,,
1790445578.082,hud,speed,,,,,"0.0 / 0.0",0.000
1790445578.082,hud,heading,,,,,"0° / 0°",0.000
1790445578.083,hud,drift,,,,,"0.00%",0.000
1790445578.083,hud,turns,,,,,"✗ turns: 0/15",
1790445578.083,hud,calib_s,,,,,"✓ Buffer 6s",
1790445578.084,marker,gnss,52.40264500,-1.44874800,266.80,true,,
1790445578.084,marker,reconciled,0.00000000,0.00000000,0.00,false,,
1790445578.136,hud,speed,,,,,"0.0 / 0.0",0.000
1790445578.136,hud,heading,,,,,"0° / 0°",0.000
1790445578.137,hud,drift,,,,,"0.00%",0.000
1790445578.137,hud,turns,,,,,"✗ turns: 0/15",
1790445578.137,hud,calib_s,,,,,"✓ Buffer 6s",
1790445578.138,marker,gnss,52.40264500,-1.44874800,266.80,true,,
1790445578.138,marker,reconciled,0.00000000,0.00000000,0.00,false,,
1790445578.185,hud,speed,,,,,"0.0 / 0.0",0.000
1790445578.185,hud,heading,,,,,"0° / 0°",0.000
1790445578.186,hud,drift,,,,,"0.00%",0.000
1790445578.186,hud,turns,,,,,"✗ turns: 0/15",
1790445578.186,hud,calib_s,,,,,"✓ Buffer 6s",
1790445578.187,marker,gnss,52.40264500,-1.44874800,266.80,true,,
1790445578.187,marker,reconciled,0.00000000,0.00000000,0.00,false,,
1790445578.233,hud,speed,,,,,"0.0 / 0.0",0.000
1790445578.234,hud,heading,,,,,"0° / 0°",0.000
1790445578.234,hud,drift,,,,,"0.00%",0.000
1790445578.235,hud,turns,,,,,"✗ turns: 0/15",
1790445578.235,hud,calib_s,,,,,"✓ Buffer 6s",
1790445578.236,marker,gnss,52.40264500,-1.44874800,266.80,true,,
1790445578.236,marker,reconciled,0.00000000,0.00000000,0.00,false,,
1790445578.291,hud,speed,,,,,"0.0 / 0.0",0.000
1790445578.292,hud,heading,,,,,"0° / 0°",0.000
1790445578.292,hud,drift,,,,,"0.00%",0.000
1790445578.293,hud,turns,,,,,"✗ turns: 0/15",
1790445578.293,hud,calib_s,,,,,"✓ Buffer 6s",
1790445578.293,marker,gnss,52.40264500,-1.44874800,266.80,true,,
1790445578.294,marker,reconciled,0.00000000,0.00000000,0.00,false,,
1790445578.340,hud,speed,,,,,"0.0 / 0.0",0.000
1790445578.340,hud,heading,,,,,"0° / 0°",0.000
1790445578.341,hud,drift,,,,,"0.00%",0.000
1790445578.341,hud,turns,,,,,"✗ turns: 0/15",
1790445578.341,hud,calib_s,,,,,"✓ Buffer 6s",
1790445578.342,marker,gnss,52.40264500,-1.44874800,266.80,true,,
1790445578.342,marker,reconciled,0.00000000,0.00000000,0.00,false,,
1790445578.394,hud,speed,,,,,"0.0 / 0.0",0.000
1790445578.394,hud,heading,,,,,"0° / 0°",0.000
1790445578.395,hud,drift,,,,,"0.00%",0.000
1790445578.395,hud,turns,,,,,"✗ turns: 0/15",
1790445578.395,hud,calib_s,,,,,"✓ Buffer 6s",
1790445578.396,marker,gnss,52.40264500,-1.44874800,266.80,true,,
1790445578.396,marker,reconciled,0.00000000,0.00000000,0.00,false,,
1790445578.440,hud,speed,,,,,"0.0 / 0.0",0.000
1790445578.441,hud,heading,,,,,"0° / 0°",0.000
1790445578.441,hud,drift,,,,,"0.00%",0.000
1790445578.441,hud,turns,,,,,"✗ turns: 0/15",
1790445578.441,hud,calib_s,,,,,"✓ Buffer 6s",
1790445578.442,marker,gnss,52.40264500,-1.44874800,266.80,true,,
1790445578.443,marker,reconciled,0.00000000,0.00000000,0.00,false,,
1790445578.490,hud,speed,,,,,"0.0 / 0.0",0.000
1790445578.491,hud,heading,,,,,"0° / 0°",0.000
1790445578.491,hud,drift,,,,,"0.00%",0.000
1790445578.492,hud,turns,,,,,"✗ turns: 0/15",
1790445578.492,hud,calib_s,,,,,"✓ Buffer 6s",
1790445578.492,marker,gnss,52.40264500,-1.44874800,266.80,true,,
1790445578.493,marker,reconciled,0.00000000,0.00000000,0.00,false,,
1790445578.541,hud,speed,,,,,"0.0 / 0.0",0.000
1790445578.541,hud,heading,,,,,"0° / 0°",0.000
1790445578.542,hud,drift,,,,,"0.00%",0.000
1790445578.542,hud,turns,,,,,"✗ turns: 0/15",
1790445578.542,hud,calib_s,,,,,"✓ Buffer 6s",
1790445578.543,marker,gnss,52.40264500,-1.44874800,266.80,true,,
1790445578.543,marker,reconciled,0.00000000,0.00000000,0.00,false,,
1790445578.593,hud,speed,,,,,"0.0 / 0.0",0.000
1790445578.594,hud,heading,,,,,"0° / 0°",0.000
1790445578.594,hud,drift,,,,,"0.00%",0.000
1790445578.595,hud,turns,,,,,"✗ turns: 0/15",
1790445578.595,hud,calib_s,,,,,"✓ Buffer 6s",
1790445578.596,marker,gnss,52.40264500,-1.44874800,266.80,true,,
1790445578.596,marker,reconciled,0.00000000,0.00000000,0.00,false,,
1790445578.645,hud,speed,,,,,"0.0 / 0.0",0.000
1790445578.646,hud,heading,,,,,"0° / 0°",0.000
1790445578.646,hud,drift,,,,,"0.00%",0.000
1790445578.647,hud,turns,,,,,"✗ turns: 0/15",
1790445578.647,hud,calib_s,,,,,"✓ Buffer 6s",
1790445578.647,marker,gnss,52.40264500,-1.44874800,266.80,true,,
1790445578.648,marker,reconciled,0.00000000,0.00000000,0.00,false,,
1790445578.699,hud,speed,,,,,"0.0 / 0.0",0.000
1790445578.699,hud,heading,,,,,"0° / 0°",0.000
1790445578.700,hud,drift,,,,,"0.00%",0.000
1790445578.700,hud,turns,,,,,"✗ turns: 0/15",
1790445578.700,hud,calib_s,,,,,"✓ Buffer 6s",
1790445578.701,marker,gnss,52.40264500,-1.44874800,266.80,true,,
1790445578.701,marker,reconciled,0.00000000,0.00000000,0.00,false,,
1790445578.750,hud,speed,,,,,"0.0 / 0.0",0.000
1790445578.750,hud,heading,,,,,"0° / 0°",0.000
1790445578.751,hud,drift,,,,,"0.00%",0.000
1790445578.751,hud,turns,,,,,"✗ turns: 0/15",
1790445578.751,hud,calib_s,,,,,"✓ Buffer 6s",
1790445578.752,marker,gnss,52.40264500,-1.44874800,266.80,true,,
1790445578.752,marker,reconciled,0.00000000,0.00000000,0.00,false,,
1790445578.796,hud,speed,,,,,"0.0 / 0.0",0.000
1790445578.797,hud,heading,,,,,"0° / 0°",0.000
1790445578.798,hud,drift,,,,,"0.00%",0.000
1790445578.798,hud,turns,,,,,"✗ turns: 0/15",
1790445578.798,hud,calib_s,,,,,"✓ Buffer 6s",
1790445578.799,marker,gnss,52.40264500,-1.44874800,266.80,true,,
1790445578.799,marker,reconciled,0.00000000,0.00000000,0.00,false,,
1790445578.852,hud,speed,,,,,"0.0 / 0.0",0.000
1790445578.853,hud,heading,,,,,"0° / 0°",0.000
1790445578.853,hud,drift,,,,,"0.00%",0.000
1790445578.853,hud,turns,,,,,"✗ turns: 0/15",
1790445578.854,hud,calib_s,,,,,"✓ Buffer 6s",
1790445578.854,marker,gnss,52.40264500,-1.44874800,266.80,true,,
1790445578.855,marker,reconciled,0.00000000,0.00000000,0.00,false,,
1790445578.902,hud,speed,,,,,"0.0 / 0.0",0.000
1790445578.902,hud,heading,,,,,"0° / 0°",0.000
1790445578.903,hud,drift,,,,,"0.00%",0.000
1790445578.903,hud,turns,,,,,"✗ turns: 0/15",
1790445578.903,hud,calib_s,,,,,"✓ Buffer 6s",
1790445578.904,marker,gnss,52.40264500,-1.44874800,266.80,true,,
1790445578.904,marker,reconciled,0.00000000,0.00000000,0.00,false,,
1790445578.955,hud,speed,,,,,"0.0 / 0.0",0.000
1790445578.956,hud,heading,,,,,"0° / 0°",0.000
1790445578.956,hud,drift,,,,,"0.00%",0.000
1790445578.956,hud,turns,,,,,"✗ turns: 0/15",
1790445578.957,hud,calib_s,,,,,"✓ Buffer 6s",
1790445578.957,marker,gnss,52.40264500,-1.44874800,266.80,true,,
1790445578.957,marker,reconciled,0.00000000,0.00000000,0.00,false,,
1790445579.003,hud,speed,,,,,"0.0 / 0.0",0.000
1790445579.003,hud,heading,,,,,"0° / 0°",0.000
1790445579.004,hud,drift,,,,,"0.00%",0.000
1790445579.004,hud,turns,,,,,"✗ turns: 0/15",
1790445579.004,hud,calib_s,,,,,"✓ Buffer 6s",
1790445579.005,marker,gnss,52.40264500,-1.44874800,266.80,true,,
1790445579.005,marker,reconciled,0.00000000,0.00000000,0.00,false,,
1790445579.055,hud,speed,,,,,"0.0 / 0.0",0.000
1790445579.055,hud,heading,,,,,"0° / 0°",0.000
1790445579.055,hud,drift,,,,,"0.00%",0.000
1790445579.056,hud,turns,,,,,"✗ turns: 0/15",
1790445579.056,hud,calib_s,,,,,"✓ Buffer 6s",
1790445579.056,marker,gnss,52.40264500,-1.44874800,266.80,true,,
1790445579.057,marker,reconciled,0.00000000,0.00000000,0.00,false,,
1790445579.107,hud,speed,,,,,"0.0 / 0.0",0.000
1790445579.108,hud,heading,,,,,"0° / 0°",0.000
1790445579.108,hud,drift,,,,,"0.00%",0.000
1790445579.108,hud,turns,,,,,"✗ turns: 0/15",
1790445579.109,hud,calib_s,,,,,"✓ Buffer 6s",
1790445579.109,marker,gnss,52.40264500,-1.44874800,266.80,true,,
1790445579.110,marker,reconciled,0.00000000,0.00000000,0.00,false,,
1790445579.157,hud,speed,,,,,"0.0 / 0.0",0.000
1790445579.158,hud,heading,,,,,"0° / 0°",0.000
1790445579.158,hud,drift,,,,,"0.00%",0.000
1790445579.159,hud,turns,,,,,"✗ turns: 0/15",
1790445579.159,hud,calib_s,,,,,"✓ Buffer 6s",
1790445579.160,marker,gnss,52.40264500,-1.44874800,266.80,true,,
1790445579.160,marker,reconciled,0.00000000,0.00000000,0.00,false,,
1790445579.210,hud,speed,,,,,"0.0 / 0.0",0.000
1790445579.210,hud,heading,,,,,"0° / 0°",0.000
1790445579.211,hud,drift,,,,,"0.00%",0.000
1790445579.211,hud,turns,,,,,"✗ turns: 0/15",
1790445579.211,hud,calib_s,,,,,"✓ Buffer 6s",
1790445579.212,marker,gnss,52.40264500,-1.44874800,266.80,true,,
1790445579.212,marker,reconciled,0.00000000,0.00000000,0.00,false,,
1790445579.266,hud,speed,,,,,"0.0 / 0.0",0.000
1790445579.266,hud,heading,,,,,"0° / 0°",0.000
1790445579.266,hud,drift,,,,,"0.00%",0.000
1790445579.267,hud,turns,,,,,"✗ turns: 0/15",
1790445579.267,hud,calib_s,,,,,"✓ Buffer 6s",
1790445579.268,marker,gnss,52.40264500,-1.44874800,266.80,true,,
1790445579.268,marker,reconciled,0.00000000,0.00000000,0.00,false,,
1790445579.308,hud,speed,,,,,"0.0 / 0.0",0.000
1790445579.309,hud,heading,,,,,"0° / 0°",0.000
1790445579.309,hud,drift,,,,,"0.00%",0.000
1790445579.309,hud,turns,,,,,"✗ turns: 0/15",
1790445579.309,hud,calib_s,,,,,"✓ Buffer 6s",
1790445579.310,marker,gnss,52.40264500,-1.44874800,266.80,true,,
1790445579.310,marker,reconciled,0.00000000,0.00000000,0.00,false,,
1790445579.366,hud,speed,,,,,"0.0 / 0.0",0.000
1790445579.367,hud,heading,,,,,"0° / 0°",0.000
1790445579.367,hud,drift,,,,,"0.00%",0.000
1790445579.368,hud,turns,,,,,"✗ turns: 0/15",
1790445579.368,hud,calib_s,,,,,"✓ Buffer 6s",
1790445579.368,marker,gnss,52.40264500,-1.44874800,266.80,true,,
1790445579.369,marker,reconciled,0.00000000,0.00000000,0.00,false,,
1790445579.416,hud,speed,,,,,"0.0 / 0.0",0.000
1790445579.417,hud,heading,,,,,"0° / 0°",0.000
1790445579.417,hud,drift,,,,,"0.00%",0.000
1790445579.418,hud,turns,,,,,"✗ turns: 0/15",
1790445579.418,hud,calib_s,,,,,"✓ Buffer 6s",
1790445579.418,marker,gnss,52.40264500,-1.44874800,266.80,true,,
1790445579.419,marker,reconciled,0.00000000,0.00000000,0.00,false,,
1790445579.475,hud,speed,,,,,"0.0 / 0.0",0.000
1790445579.476,hud,heading,,,,,"0° / 0°",0.000
1790445579.476,hud,drift,,,,,"0.00%",0.000
1790445579.476,hud,turns,,,,,"✗ turns: 0/15",
1790445579.476,hud,calib_s,,,,,"✓ Buffer 6s",
1790445579.477,marker,gnss,52.40264500,-1.44874800,266.80,true,,
1790445579.477,marker,reconciled,0.00000000,0.00000000,0.00,false,,
1790445579.517,hud,speed,,,,,"0.0 / 0.0",0.000
1790445579.518,hud,heading,,,,,"0° / 0°",0.000
1790445579.518,hud,drift,,,,,"0.00%",0.000
1790445579.518,hud,turns,,,,,"✗ turns: 0/15",
1790445579.519,hud,calib_s,,,,,"✓ Buffer 6s",
1790445579.519,marker,gnss,52.40264500,-1.44874800,266.80,true,,
1790445579.519,marker,reconciled,0.00000000,0.00000000,0.00,false,,
1790445579.574,hud,speed,,,,,"0.0 / 0.0",0.000
1790445579.575,hud,heading,,,,,"0° / 0°",0.000
1790445579.575,hud,drift,,,,,"0.00%",0.000
1790445579.576,hud,turns,,,,,"✗ turns: 0/15",
1790445579.576,hud,calib_s,,,,,"✓ Buffer 6s",
1790445579.576,marker,gnss,52.40264500,-1.44874800,266.80,true,,
1790445579.577,marker,reconciled,0.00000000,0.00000000,0.00,false,,
1790445579.621,hud,speed,,,,,"0.0 / 0.0",0.000
1790445579.622,hud,heading,,,,,"0° / 0°",0.000
1790445579.622,hud,drift,,,,,"0.00%",0.000
1790445579.622,hud,turns,,,,,"✗ turns: 0/15",
1790445579.623,hud,calib_s,,,,,"✓ Buffer 6s",
1790445579.623,marker,gnss,52.40264500,-1.44874800,266.80,true,,
1790445579.623,marker,reconciled,0.00000000,0.00000000,0.00,false,,
1790445579.675,hud,speed,,,,,"0.0 / 0.0",0.000
1790445579.675,hud,heading,,,,,"0° / 0°",0.000
1790445579.675,hud,drift,,,,,"0.00%",0.000
1790445579.676,hud,turns,,,,,"✗ turns: 0/15",
1790445579.676,hud,calib_s,,,,,"✓ Buffer 6s",
1790445579.676,marker,gnss,52.40264500,-1.44874800,266.80,true,,
1790445579.677,marker,reconciled,0.00000000,0.00000000,0.00,false,,
1790445579.727,hud,speed,,,,,"0.0 / 0.0",0.000
1790445579.727,hud,heading,,,,,"0° / 0°",0.000
1790445579.727,hud,drift,,,,,"0.00%",0.000
1790445579.728,hud,turns,,,,,"✗ turns: 0/15",
1790445579.728,hud,calib_s,,,,,"✓ Buffer 6s",
1790445579.728,marker,gnss,52.40264500,-1.44874800,266.80,true,,
1790445579.728,marker,reconciled,0.00000000,0.00000000,0.00,false,,
1790445579.777,hud,speed,,,,,"0.0 / 0.0",0.000
1790445579.777,hud,heading,,,,,"0° / 0°",0.000
1790445579.778,hud,drift,,,,,"0.00%",0.000
1790445579.778,hud,turns,,,,,"✗ turns: 0/15",
1790445579.778,hud,calib_s,,,,,"✓ Buffer 6s",
1790445579.779,marker,gnss,52.40264500,-1.44874800,266.80,true,,
1790445579.779,marker,reconciled,0.00000000,0.00000000,0.00,false,,
1790445579.827,hud,speed,,,,,"0.0 / 0.0",0.000
1790445579.828,hud,heading,,,,,"0° / 0°",0.000
1790445579.828,hud,drift,,,,,"0.00%",0.000
1790445579.829,hud,turns,,,,,"✗ turns: 0/15",
1790445579.829,hud,calib_s,,,,,"✓ Buffer 6s",
1790445579.829,marker,gnss,52.40264500,-1.44874800,266.80,true,,
1790445579.830,marker,reconciled,0.00000000,0.00000000,0.00,false,,
1790445579.878,hud,speed,,,,,"0.0 / 0.0",0.000
1790445579.878,hud,heading,,,,,"0° / 0°",0.000
1790445579.879,hud,drift,,,,,"0.00%",0.000
1790445579.879,hud,turns,,,,,"✗ turns: 0/15",
1790445579.879,hud,calib_s,,,,,"✓ Buffer 6s",
1790445579.880,marker,gnss,52.40264500,-1.44874800,266.80,true,,
1790445579.880,marker,reconciled,0.00000000,0.00000000,0.00,false,,
1790445579.930,hud,speed,,,,,"0.0 / 0.0",0.000
1790445579.930,hud,heading,,,,,"0° / 0°",0.000
1790445579.931,hud,drift,,,,,"0.00%",0.000
1790445579.931,hud,turns,,,,,"✗ turns: 0/15",
1790445579.931,hud,calib_s,,,,,"✓ Buffer 6s",
1790445579.931,marker,gnss,52.40264500,-1.44874800,266.80,true,,
1790445579.932,marker,reconciled,0.00000000,0.00000000,0.00,false,,
1790445579.981,hud,speed,,,,,"0.0 / 0.0",0.000
1790445579.981,hud,heading,,,,,"0° / 0°",0.000
1790445579.982,hud,drift,,,,,"0.00%",0.000
1790445579.982,hud,turns,,,,,"✗ turns: 0/15",
1790445579.982,hud,calib_s,,,,,"✓ Buffer 6s",
1790445579.983,marker,gnss,52.40264500,-1.44874800,266.80,true,,
1790445579.983,marker,reconciled,0.00000000,0.00000000,0.00,false,,
1790445580.034,hud,speed,,,,,"0.0 / 0.0",0.000
1790445580.035,hud,heading,,,,,"0° / 0°",0.000
1790445580.035,hud,drift,,,,,"0.00%",0.000
1790445580.035,hud,turns,,,,,"✗ turns: 0/15",
1790445580.036,hud,calib_s,,,,,"✓ Buffer 6s",
1790445580.036,marker,gnss,52.40264500,-1.44874800,266.80,true,,
1790445580.036,marker,reconciled,0.00000000,0.00000000,0.00,false,,
1790445580.081,hud,speed,,,,,"0.0 / 0.0",0.000
1790445580.082,hud,heading,,,,,"0° / 0°",0.000
1790445580.082,hud,drift,,,,,"0.00%",0.000
1790445580.082,hud,turns,,,,,"✗ turns: 0/15",
1790445580.083,hud,calib_s,,,,,"✓ Buffer 6s",
1790445580.083,marker,gnss,52.40264500,-1.44874800,266.80,true,,
1790445580.084,marker,reconciled,0.00000000,0.00000000,0.00,false,,
1790445580.135,hud,speed,,,,,"0.0 / 0.0",0.000
1790445580.136,hud,heading,,,,,"0° / 0°",0.000
1790445580.136,hud,drift,,,,,"0.00%",0.000
1790445580.136,hud,turns,,,,,"✗ turns: 0/15",
1790445580.136,hud,calib_s,,,,,"✓ Buffer 6s",
1790445580.137,marker,gnss,52.40264500,-1.44874800,266.80,true,,
1790445580.137,marker,reconciled,0.00000000,0.00000000,0.00,false,,
1790445580.185,hud,speed,,,,,"0.0 / 0.0",0.000
1790445580.186,hud,heading,,,,,"0° / 0°",0.000
1790445580.186,hud,drift,,,,,"0.00%",0.000
1790445580.186,hud,turns,,,,,"✗ turns: 0/15",
1790445580.187,hud,calib_s,,,,,"✓ Buffer 6s",
1790445580.187,marker,gnss,52.40264500,-1.44874800,266.80,true,,
1790445580.187,marker,reconciled,0.00000000,0.00000000,0.00,false,,
1790445580.239,hud,speed,,,,,"0.0 / 0.0",0.000
1790445580.239,hud,heading,,,,,"0° / 0°",0.000
1790445580.240,hud,drift,,,,,"0.00%",0.000
1790445580.240,hud,turns,,,,,"✗ turns: 0/15",
1790445580.240,hud,calib_s,,,,,"✓ Buffer 6s",
1790445580.241,marker,gnss,52.40264500,-1.44874800,266.80,true,,
1790445580.241,marker,reconciled,0.00000000,0.00000000,0.00,false,,
1790445580.291,hud,speed,,,,,"0.0 / 0.0",0.000
1790445580.291,hud,heading,,,,,"0° / 0°",0.000
1790445580.291,hud,drift,,,,,"0.00%",0.000
1790445580.292,hud,turns,,,,,"✗ turns: 0/15",
1790445580.292,hud,calib_s,,,,,"✓ Buffer 6s",
1790445580.292,marker,gnss,52.40264500,-1.44874800,266.80,true,,
1790445580.293,marker,reconciled,0.00000000,0.00000000,0.00,false,,
1790445580.344,hud,speed,,,,,"0.0 / 0.0",0.000
1790445580.344,hud,heading,,,,,"0° / 0°",0.000
1790445580.345,hud,drift,,,,,"0.00%",0.000
1790445580.345,hud,turns,,,,,"✗ turns: 0/15",
1790445580.345,hud,calib_s,,,,,"✓ Buffer 6s",
1790445580.346,marker,gnss,52.40264500,-1.44874800,266.80,true,,
1790445580.346,marker,reconciled,0.00000000,0.00000000,0.00,false,,
1790445580.396,hud,speed,,,,,"0.0 / 0.0",0.000
1790445580.396,hud,heading,,,,,"0° / 0°",0.000
1790445580.397,hud,drift,,,,,"0.00%",0.000
1790445580.397,hud,turns,,,,,"✗ turns: 0/15",
1790445580.397,hud,calib_s,,,,,"✓ Buffer 6s",
1790445580.398,marker,gnss,52.40264500,-1.44874800,266.80,true,,
1790445580.398,marker,reconciled,0.00000000,0.00000000,0.00,false,,
1790445580.445,hud,speed,,,,,"0.0 / 0.0",0.000
1790445580.445,hud,heading,,,,,"0° / 0°",0.000
1790445580.446,hud,drift,,,,,"0.00%",0.000
1790445580.446,hud,turns,,,,,"✗ turns: 0/15",
1790445580.446,hud,calib_s,,,,,"✓ Buffer 6s",
1790445580.447,marker,gnss,52.40264500,-1.44874800,266.80,true,,
1790445580.447,marker,reconciled,0.00000000,0.00000000,0.00,false,,
1790445580.499,hud,speed,,,,,"0.0 / 0.0",0.000
1790445580.500,hud,heading,,,,,"0° / 0°",0.000
1790445580.500,hud,drift,,,,,"0.00%",0.000
1790445580.500,hud,turns,,,,,"✗ turns: 1/15",
1790445580.500,hud,calib_s,,,,,"✓ Buffer 6s",
1790445580.501,marker,gnss,52.40260700,-1.44766700,270.00,true,,
1790445580.501,marker,reconciled,0.00000000,0.00000000,0.00,false,,
1790445580.542,hud,speed,,,,,"0.0 / 0.0",0.000
1790445580.543,hud,heading,,,,,"0° / 0°",0.000
1790445580.543,hud,drift,,,,,"0.00%",0.000
1790445580.543,hud,turns,,,,,"✗ turns: 1/15",
1790445580.544,hud,calib_s,,,,,"✓ Buffer 6s",
1790445580.544,marker,gnss,52.40260700,-1.44766700,270.00,true,,
1790445580.544,marker,reconciled,0.00000000,0.00000000,0.00,false,,
1790445580.593,hud,speed,,,,,"0.0 / 0.0",0.000
1790445580.594,hud,heading,,,,,"0° / 0°",0.000
1790445580.594,hud,drift,,,,,"0.00%",0.000
1790445580.594,hud,turns,,,,,"✗ turns: 1/15",
1790445580.595,hud,calib_s,,,,,"✓ Buffer 6s",
1790445580.595,marker,gnss,52.40260700,-1.44766700,270.00,true,,
1790445580.596,marker,reconciled,0.00000000,0.00000000,0.00,false,,
1790445580.648,hud,speed,,,,,"0.0 / 0.0",0.000
1790445580.649,hud,heading,,,,,"0° / 0°",0.000
1790445580.649,hud,drift,,,,,"0.00%",0.000
1790445580.649,hud,turns,,,,,"✗ turns: 1/15",
1790445580.650,hud,calib_s,,,,,"✓ Buffer 6s",
1790445580.650,marker,gnss,52.40260700,-1.44766700,270.00,true,,
1790445580.651,marker,reconciled,0.00000000,0.00000000,0.00,false,,
1790445580.700,hud,speed,,,,,"0.0 / 0.0",0.000
1790445580.701,hud,heading,,,,,"0° / 0°",0.000
1790445580.701,hud,drift,,,,,"0.00%",0.000
1790445580.701,hud,turns,,,,,"✗ turns: 1/15",
1790445580.702,hud,calib_s,,,,,"✓ Buffer 6s",
1790445580.702,marker,gnss,52.40260700,-1.44766700,270.00,true,,
1790445580.703,marker,reconciled,0.00000000,0.00000000,0.00,false,,
1790445580.752,hud,speed,,,,,"0.0 / 0.0",0.000
1790445580.753,hud,heading,,,,,"0° / 0°",0.000
1790445580.753,hud,drift,,,,,"0.00%",0.000
1790445580.754,hud,turns,,,,,"✗ turns: 1/15",
1790445580.754,hud,calib_s,,,,,"✓ Buffer 6s",
1790445580.755,marker,gnss,52.40260700,-1.44766700,270.00,true,,
1790445580.756,marker,reconciled,0.00000000,0.00000000,0.00,false,,
1790445580.802,hud,speed,,,,,"0.0 / 0.0",0.000
1790445580.803,hud,heading,,,,,"0° / 0°",0.000
1790445580.803,hud,drift,,,,,"0.00%",0.000
1790445580.804,hud,turns,,,,,"✗ turns: 1/15",
1790445580.804,hud,calib_s,,,,,"✓ Buffer 6s",
1790445580.804,marker,gnss,52.40260700,-1.44766700,270.00,true,,
1790445580.805,marker,reconciled,0.00000000,0.00000000,0.00,false,,
1790445580.853,hud,speed,,,,,"0.0 / 0.0",0.000
1790445580.853,hud,heading,,,,,"0° / 0°",0.000
1790445580.853,hud,drift,,,,,"0.00%",0.000
1790445580.854,hud,turns,,,,,"✗ turns: 1/15",
1790445580.854,hud,calib_s,,,,,"✓ Buffer 6s",
1790445580.855,marker,gnss,52.40260700,-1.44766700,270.00,true,,
1790445580.855,marker,reconciled,0.00000000,0.00000000,0.00,false,,
1790445580.903,hud,speed,,,,,"0.0 / 0.0",0.000
1790445580.904,hud,heading,,,,,"0° / 0°",0.000
1790445580.904,hud,drift,,,,,"0.00%",0.000
1790445580.904,hud,turns,,,,,"✗ turns: 1/15",
1790445580.904,hud,calib_s,,,,,"✓ Buffer 6s",
1790445580.905,marker,gnss,52.40260700,-1.44766700,270.00,true,,
1790445580.905,marker,reconciled,0.00000000,0.00000000,0.00,false,,
1790445580.959,hud,speed,,,,,"0.0 / 0.0",0.000
1790445580.960,hud,heading,,,,,"0° / 0°",0.000
1790445580.960,hud,drift,,,,,"0.00%",0.000
1790445580.960,hud,turns,,,,,"✗ turns: 1/15",
1790445580.961,hud,calib_s,,,,,"✓ Buffer 6s",
1790445580.961,marker,gnss,52.40260700,-1.44766700,270.00,true,,
1790445580.962,marker,reconciled,0.00000000,0.00000000,0.00,false,,
1790445581.006,hud,speed,,,,,"0.0 / 0.0",0.000
1790445581.006,hud,heading,,,,,"0° / 0°",0.000
1790445581.007,hud,drift,,,,,"0.00%",0.000
1790445581.007,hud,turns,,,,,"✗ turns: 1/15",
1790445581.007,hud,calib_s,,,,,"✓ Buffer 6s",
1790445581.007,marker,gnss,52.40260700,-1.44766700,270.00,true,,
1790445581.008,marker,reconciled,0.00000000,0.00000000,0.00,false,,
1790445581.058,hud,speed,,,,,"0.0 / 0.0",0.000
1790445581.059,hud,heading,,,,,"0° / 0°",0.000
1790445581.059,hud,drift,,,,,"0.00%",0.000
1790445581.059,hud,turns,,,,,"✗ turns: 1/15",
1790445581.059,hud,calib_s,,,,,"✓ Buffer 6s",
1790445581.060,marker,gnss,52.40260700,-1.44766700,270.00,true,,
1790445581.060,marker,reconciled,0.00000000,0.00000000,0.00,false,,
1790445581.106,hud,speed,,,,,"0.0 / 0.0",0.000
1790445581.107,hud,heading,,,,,"0° / 0°",0.000
1790445581.107,hud,drift,,,,,"0.00%",0.000
1790445581.108,hud,turns,,,,,"✗ turns: 1/15",
1790445581.108,hud,calib_s,,,,,"✓ Buffer 6s",
1790445581.108,marker,gnss,52.40260700,-1.44766700,270.00,true,,
1790445581.109,marker,reconciled,0.00000000,0.00000000,0.00,false,,
1790445581.161,hud,speed,,,,,"0.0 / 0.0",0.000
1790445581.162,hud,heading,,,,,"0° / 0°",0.000
1790445581.162,hud,drift,,,,,"0.00%",0.000
1790445581.163,hud,turns,,,,,"✗ turns: 1/15",
1790445581.163,hud,calib_s,,,,,"✓ Buffer 6s",
1790445581.163,marker,gnss,52.40260700,-1.44766700,270.00,true,,
1790445581.163,marker,reconciled,0.00000000,0.00000000,0.00,false,,
1790445581.215,hud,speed,,,,,"0.0 / 0.0",0.000
1790445581.215,hud,heading,,,,,"0° / 0°",0.000
1790445581.216,hud,drift,,,,,"0.00%",0.000
1790445581.216,hud,turns,,,,,"✗ turns: 1/15",
1790445581.216,hud,calib_s,,,,,"✓ Buffer 6s",
1790445581.216,marker,gnss,52.40260700,-1.44766700,270.00,true,,
1790445581.217,marker,reconciled,0.00000000,0.00000000,0.00,false,,
1790445581.267,hud,speed,,,,,"0.0 / 0.0",0.000
1790445581.268,hud,heading,,,,,"0° / 0°",0.000
1790445581.268,hud,drift,,,,,"0.00%",0.000
1790445581.268,hud,turns,,,,,"✗ turns: 1/15",
1790445581.269,hud,calib_s,,,,,"✓ Buffer 6s",
1790445581.269,marker,gnss,52.40260700,-1.44766700,270.00,true,,
1790445581.269,marker,reconciled,0.00000000,0.00000000,0.00,false,,
1790445581.317,hud,speed,,,,,"0.0 / 0.0",0.000
1790445581.318,hud,heading,,,,,"0° / 0°",0.000
1790445581.318,hud,drift,,,,,"0.00%",0.000
1790445581.318,hud,turns,,,,,"✗ turns: 1/15",
1790445581.319,hud,calib_s,,,,,"✓ Buffer 6s",
1790445581.319,marker,gnss,52.40260700,-1.44766700,270.00,true,,
1790445581.319,marker,reconciled,0.00000000,0.00000000,0.00,false,,
1790445581.369,hud,speed,,,,,"0.0 / 0.0",0.000
1790445581.370,hud,heading,,,,,"0° / 0°",0.000
1790445581.370,hud,drift,,,,,"0.00%",0.000
1790445581.370,hud,turns,,,,,"✗ turns: 1/15",
1790445581.371,hud,calib_s,,,,,"✓ Buffer 6s",
1790445581.371,marker,gnss,52.40260700,-1.44766700,270.00,true,,
1790445581.372,marker,reconciled,0.00000000,0.00000000,0.00,false,,
1790445581.419,hud,speed,,,,,"0.0 / 0.0",0.000
1790445581.420,hud,heading,,,,,"0° / 0°",0.000
1790445581.420,hud,drift,,,,,"0.00%",0.000
1790445581.420,hud,turns,,,,,"✗ turns: 1/15",
1790445581.421,hud,calib_s,,,,,"✓ Buffer 6s",
1790445581.421,marker,gnss,52.40260700,-1.44766700,270.00,true,,
1790445581.422,marker,reconciled,0.00000000,0.00000000,0.00,false,,
1790445581.469,hud,speed,,,,,"0.0 / 0.0",0.000
1790445581.469,hud,heading,,,,,"0° / 0°",0.000
1790445581.469,hud,drift,,,,,"0.00%",0.000
1790445581.469,hud,turns,,,,,"✗ turns: 1/15",
1790445581.470,hud,calib_s,,,,,"✓ Buffer 6s",
1790445581.470,marker,gnss,52.40260700,-1.44766700,270.00,true,,
1790445581.470,marker,reconciled,0.00000000,0.00000000,0.00,false,,
1790445581.525,hud,speed,,,,,"0.0 / 0.0",0.000
1790445581.525,hud,heading,,,,,"0° / 0°",0.000
1790445581.526,hud,drift,,,,,"0.00%",0.000
1790445581.526,hud,turns,,,,,"✗ turns: 1/15",
1790445581.526,hud,calib_s,,,,,"✓ Buffer 6s",
1790445581.527,marker,gnss,52.40260700,-1.44766700,270.00,true,,
1790445581.527,marker,reconciled,0.00000000,0.00000000,0.00,false,,
1790445581.570,hud,speed,,,,,"0.0 / 0.0",0.000
1790445581.571,hud,heading,,,,,"0° / 0°",0.000
1790445581.571,hud,drift,,,,,"0.00%",0.000
1790445581.571,hud,turns,,,,,"✗ turns: 1/15",
1790445581.572,hud,calib_s,,,,,"✓ Buffer 6s",
1790445581.572,marker,gnss,52.40260700,-1.44766700,270.00,true,,
1790445581.572,marker,reconciled,0.00000000,0.00000000,0.00,false,,
1790445581.625,hud,speed,,,,,"0.0 / 0.0",0.000
1790445581.625,hud,heading,,,,,"0° / 0°",0.000
1790445581.626,hud,drift,,,,,"0.00%",0.000
1790445581.626,hud,turns,,,,,"✗ turns: 1/15",
1790445581.627,hud,calib_s,,,,,"✓ Buffer 6s",
1790445581.627,marker,gnss,52.40260700,-1.44766700,270.00,true,,
1790445581.628,marker,reconciled,0.00000000,0.00000000,0.00,false,,
1790445581.673,hud,speed,,,,,"0.0 / 0.0",0.000
1790445581.673,hud,heading,,,,,"0° / 0°",0.000
1790445581.674,hud,drift,,,,,"0.00%",0.000
1790445581.674,hud,turns,,,,,"✗ turns: 1/15",
1790445581.675,hud,calib_s,,,,,"✓ Buffer 6s",
1790445581.675,marker,gnss,52.40260700,-1.44766700,270.00,true,,
1790445581.676,marker,reconciled,0.00000000,0.00000000,0.00,false,,
1790445581.726,hud,speed,,,,,"0.0 / 0.0",0.000
1790445581.727,hud,heading,,,,,"0° / 0°",0.000
1790445581.727,hud,drift,,,,,"0.00%",0.000
1790445581.728,hud,turns,,,,,"✗ turns: 1/15",
1790445581.728,hud,calib_s,,,,,"✓ Buffer 6s",
1790445581.728,marker,gnss,52.40260700,-1.44766700,270.00,true,,
1790445581.729,marker,reconciled,0.00000000,0.00000000,0.00,false,,
1790445581.779,hud,speed,,,,,"0.0 / 0.0",0.000
1790445581.779,hud,heading,,,,,"0° / 0°",0.000
1790445581.780,hud,drift,,,,,"0.00%",0.000
1790445581.780,hud,turns,,,,,"✗ turns: 1/15",
1790445581.780,hud,calib_s,,,,,"✓ Buffer 6s",
1790445581.781,marker,gnss,52.40260700,-1.44766700,270.00,true,,
1790445581.781,marker,reconciled,0.00000000,0.00000000,0.00,false,,
1790445581.831,hud,speed,,,,,"0.0 / 0.0",0.000
1790445581.832,hud,heading,,,,,"0° / 0°",0.000
1790445581.832,hud,drift,,,,,"0.00%",0.000
1790445581.832,hud,turns,,,,,"✗ turns: 1/15",
1790445581.832,hud,calib_s,,,,,"✓ Buffer 6s",
1790445581.833,marker,gnss,52.40260700,-1.44766700,270.00,true,,
1790445581.834,marker,reconciled,0.00000000,0.00000000,0.00,false,,
1790445581.877,hud,speed,,,,,"0.0 / 0.0",0.000
1790445581.877,hud,heading,,,,,"0° / 0°",0.000
1790445581.878,hud,drift,,,,,"0.00%",0.000
1790445581.878,hud,turns,,,,,"✗ turns: 1/15",
1790445581.878,hud,calib_s,,,,,"✓ Buffer 6s",
1790445581.878,marker,gnss,52.40260700,-1.44766700,270.00,true,,
1790445581.879,marker,reconciled,0.00000000,0.00000000,0.00,false,,
1790445581.929,hud,speed,,,,,"0.0 / 0.0",0.000
1790445581.930,hud,heading,,,,,"0° / 0°",0.000
1790445581.930,hud,drift,,,,,"0.00%",0.000
1790445581.930,hud,turns,,,,,"✗ turns: 1/15",
1790445581.931,hud,calib_s,,,,,"✓ Buffer 6s",
1790445581.931,marker,gnss,52.40260700,-1.44766700,270.00,true,,
1790445581.932,marker,reconciled,0.00000000,0.00000000,0.00,false,,
1790445581.984,hud,speed,,,,,"0.0 / 0.0",0.000
1790445581.984,hud,heading,,,,,"0° / 0°",0.000
1790445581.984,hud,drift,,,,,"0.00%",0.000
1790445581.985,hud,turns,,,,,"✗ turns: 1/15",
1790445581.985,hud,calib_s,,,,,"✓ Buffer 6s",
1790445581.985,marker,gnss,52.40260700,-1.44766700,270.00,true,,
1790445581.986,marker,reconciled,0.00000000,0.00000000,0.00,false,,
1790445582.037,hud,speed,,,,,"0.0 / 0.0",0.000
1790445582.038,hud,heading,,,,,"0° / 0°",0.000
1790445582.038,hud,drift,,,,,"0.00%",0.000
1790445582.039,hud,turns,,,,,"✗ turns: 1/15",
1790445582.039,hud,calib_s,,,,,"✓ Buffer 6s",
1790445582.040,marker,gnss,52.40260700,-1.44766700,270.00,true,,
1790445582.040,marker,reconciled,0.00000000,0.00000000,0.00,false,,
1790445582.085,hud,speed,,,,,"0.0 / 0.0",0.000
1790445582.086,hud,heading,,,,,"0° / 0°",0.000
1790445582.087,hud,drift,,,,,"0.00%",0.000
1790445582.087,hud,turns,,,,,"✗ turns: 1/15",
1790445582.087,hud,calib_s,,,,,"✓ Buffer 6s",
1790445582.088,marker,gnss,52.40260700,-1.44766700,270.00,true,,
1790445582.088,marker,reconciled,0.00000000,0.00000000,0.00,false,,
1790445582.136,hud,speed,,,,,"0.0 / 0.0",0.000
1790445582.137,hud,heading,,,,,"0° / 0°",0.000
1790445582.137,hud,drift,,,,,"0.00%",0.000
1790445582.137,hud,turns,,,,,"✗ turns: 1/15",
1790445582.138,hud,calib_s,,,,,"✓ Buffer 6s",
1790445582.138,marker,gnss,52.40260700,-1.44766700,270.00,true,,
1790445582.139,marker,reconciled,0.00000000,0.00000000,0.00,false,,
1790445582.185,hud,speed,,,,,"0.0 / 0.0",0.000
1790445582.186,hud,heading,,,,,"0° / 0°",0.000
1790445582.186,hud,drift,,,,,"0.00%",0.000
1790445582.187,hud,turns,,,,,"✗ turns: 1/15",
1790445582.187,hud,calib_s,,,,,"✓ Buffer 6s",
1790445582.187,marker,gnss,52.40260700,-1.44766700,270.00,true,,
1790445582.188,marker,reconciled,0.00000000,0.00000000,0.00,false,,
1790445582.238,hud,speed,,,,,"0.0 / 0.0",0.000
1790445582.239,hud,heading,,,,,"0° / 0°",0.000
1790445582.239,hud,drift,,,,,"0.00%",0.000
1790445582.239,hud,turns,,,,,"✗ turns: 1/15",
1790445582.240,hud,calib_s,,,,,"✓ Buffer 6s",
1790445582.240,marker,gnss,52.40260700,-1.44766700,270.00,true,,
1790445582.241,marker,reconciled,0.00000000,0.00000000,0.00,false,,
1790445582.295,hud,speed,,,,,"0.0 / 0.0",0.000
1790445582.296,hud,heading,,,,,"0° / 0°",0.000
1790445582.296,hud,drift,,,,,"0.00%",0.000
1790445582.296,hud,turns,,,,,"✗ turns: 1/15",
1790445582.297,hud,calib_s,,,,,"✓ Buffer 6s",
1790445582.297,marker,gnss,52.40260700,-1.44766700,270.00,true,,
1790445582.298,marker,reconciled,0.00000000,0.00000000,0.00,false,,
1790445582.344,hud,speed,,,,,"0.0 / 0.0",0.000
1790445582.345,hud,heading,,,,,"0° / 0°",0.000
1790445582.345,hud,drift,,,,,"0.00%",0.000
1790445582.345,hud,turns,,,,,"✗ turns: 1/15",
1790445582.346,hud,calib_s,,,,,"✓ Buffer 6s",
1790445582.347,marker,gnss,52.40260700,-1.44766700,270.00,true,,
1790445582.347,marker,reconciled,0.00000000,0.00000000,0.00,false,,
1790445582.393,hud,speed,,,,,"0.0 / 0.0",0.000
1790445582.393,hud,heading,,,,,"0° / 0°",0.000
1790445582.394,hud,drift,,,,,"0.00%",0.000
1790445582.394,hud,turns,,,,,"✗ turns: 1/15",
1790445582.394,hud,calib_s,,,,,"✓ Buffer 6s",
1790445582.395,marker,gnss,52.40260700,-1.44766700,270.00,true,,
1790445582.396,marker,reconciled,0.00000000,0.00000000,0.00,false,,
1790445582.441,hud,speed,,,,,"0.0 / 0.0",0.000
1790445582.442,hud,heading,,,,,"0° / 0°",0.000
1790445582.442,hud,drift,,,,,"0.00%",0.000
1790445582.442,hud,turns,,,,,"✗ turns: 1/15",
1790445582.443,hud,calib_s,,,,,"✓ Buffer 6s",
1790445582.443,marker,gnss,52.40260700,-1.44766700,270.00,true,,
1790445582.443,marker,reconciled,0.00000000,0.00000000,0.00,false,,
1790445582.497,hud,speed,,,,,"0.0 / 0.0",0.000
1790445582.497,hud,heading,,,,,"0° / 0°",0.000
1790445582.498,hud,drift,,,,,"0.00%",0.000
1790445582.498,hud,turns,,,,,"✗ turns: 1/15",
1790445582.498,hud,calib_s,,,,,"✓ Buffer 6s",
1790445582.499,marker,gnss,52.40260700,-1.44766700,270.00,true,,
1790445582.499,marker,reconciled,0.00000000,0.00000000,0.00,false,,
1790445582.546,hud,speed,,,,,"0.0 / 0.0",0.000
1790445582.546,hud,heading,,,,,"0° / 0°",0.000
1790445582.546,hud,drift,,,,,"0.00%",0.000
1790445582.547,hud,turns,,,,,"✗ turns: 1/15",
1790445582.547,hud,calib_s,,,,,"✓ Buffer 6s",
1790445582.547,marker,gnss,52.40260700,-1.44766700,270.00,true,,
1790445582.547,marker,reconciled,0.00000000,0.00000000,0.00,false,,
1790445582.594,hud,speed,,,,,"0.0 / 0.0",0.000
1790445582.594,hud,heading,,,,,"0° / 0°",0.000
1790445582.594,hud,drift,,,,,"0.00%",0.000
1790445582.595,hud,turns,,,,,"✗ turns: 1/15",
1790445582.595,hud,calib_s,,,,,"✓ Buffer 6s",
1790445582.595,marker,gnss,52.40260700,-1.44766700,270.00,true,,
1790445582.596,marker,reconciled,0.00000000,0.00000000,0.00,false,,
1790445582.647,hud,speed,,,,,"0.0 / 0.0",0.000
1790445582.648,hud,heading,,,,,"0° / 0°",0.000
1790445582.649,hud,drift,,,,,"0.00%",0.000
1790445582.649,hud,turns,,,,,"✗ turns: 1/15",
1790445582.649,hud,calib_s,,,,,"✓ Buffer 6s",
1790445582.650,marker,gnss,52.40260700,-1.44766700,270.00,true,,
1790445582.650,marker,reconciled,0.00000000,0.00000000,0.00,false,,
1790445582.698,hud,speed,,,,,"0.0 / 0.0",0.000
1790445582.699,hud,heading,,,,,"0° / 0°",0.000
1790445582.699,hud,drift,,,,,"0.00%",0.000
1790445582.700,hud,turns,,,,,"✗ turns: 1/15",
1790445582.700,hud,calib_s,,,,,"✓ Buffer 6s",
1790445582.701,marker,gnss,52.40260700,-1.44766700,270.00,true,,
1790445582.701,marker,reconciled,0.00000000,0.00000000,0.00,false,,
1790445582.749,hud,speed,,,,,"0.0 / 0.0",0.000
1790445582.750,hud,heading,,,,,"0° / 0°",0.000
1790445582.750,hud,drift,,,,,"0.00%",0.000
1790445582.750,hud,turns,,,,,"✗ turns: 1/15",
1790445582.751,hud,calib_s,,,,,"✓ Buffer 6s",
1790445582.751,marker,gnss,52.40260700,-1.44766700,270.00,true,,
1790445582.752,marker,reconciled,0.00000000,0.00000000,0.00,false,,
1790445582.802,hud,speed,,,,,"0.0 / 0.0",0.000
1790445582.802,hud,heading,,,,,"0° / 0°",0.000
1790445582.803,hud,drift,,,,,"0.00%",0.000
1790445582.803,hud,turns,,,,,"✗ turns: 1/15",
1790445582.803,hud,calib_s,,,,,"✓ Buffer 6s",
1790445582.804,marker,gnss,52.40260700,-1.44766700,270.00,true,,
1790445582.804,marker,reconciled,0.00000000,0.00000000,0.00,false,,
1790445582.853,hud,speed,,,,,"0.0 / 0.0",0.000
1790445582.854,hud,heading,,,,,"0° / 0°",0.000
1790445582.854,hud,drift,,,,,"0.00%",0.000
1790445582.855,hud,turns,,,,,"✗ turns: 1/15",
1790445582.855,hud,calib_s,,,,,"✓ Buffer 6s",
1790445582.855,marker,gnss,52.40260700,-1.44766700,270.00,true,,
1790445582.856,marker,reconciled,0.00000000,0.00000000,0.00,false,,
1790445582.903,hud,speed,,,,,"0.0 / 0.0",0.000
1790445582.903,hud,heading,,,,,"0° / 0°",0.000
1790445582.904,hud,drift,,,,,"0.00%",0.000
1790445582.904,hud,turns,,,,,"✗ turns: 1/15",
1790445582.904,hud,calib_s,,,,,"✓ Buffer 6s",
1790445582.905,marker,gnss,52.40260700,-1.44766700,270.00,true,,
1790445582.905,marker,reconciled,0.00000000,0.00000000,0.00,false,,
1790445582.953,hud,speed,,,,,"0.0 / 0.0",0.000
1790445582.954,hud,heading,,,,,"0° / 0°",0.000
1790445582.954,hud,drift,,,,,"0.00%",0.000
1790445582.955,hud,turns,,,,,"✗ turns: 1/15",
1790445582.955,hud,calib_s,,,,,"✓ Buffer 6s",
1790445582.955,marker,gnss,52.40260700,-1.44766700,270.00,true,,
1790445582.956,marker,reconciled,0.00000000,0.00000000,0.00,false,,
1790445583.006,hud,speed,,,,,"0.0 / 0.0",0.000
1790445583.007,hud,heading,,,,,"0° / 0°",0.000
1790445583.007,hud,drift,,,,,"0.00%",0.000
1790445583.008,hud,turns,,,,,"✗ turns: 1/15",
1790445583.008,hud,calib_s,,,,,"✓ Buffer 6s",
1790445583.009,marker,gnss,52.40260700,-1.44766700,270.00,true,,
1790445583.009,marker,reconciled,0.00000000,0.00000000,0.00,false,,
1790445583.056,hud,speed,,,,,"0.0 / 0.0",0.000
1790445583.057,hud,heading,,,,,"0° / 0°",0.000
1790445583.057,hud,drift,,,,,"0.00%",0.000
1790445583.057,hud,turns,,,,,"✗ turns: 1/15",
1790445583.057,hud,calib_s,,,,,"✓ Buffer 6s",
1790445583.058,marker,gnss,52.40260700,-1.44766700,270.00,true,,
1790445583.059,marker,reconciled,0.00000000,0.00000000,0.00,false,,
1790445583.106,hud,speed,,,,,"0.0 / 0.0",0.000
1790445583.106,hud,heading,,,,,"0° / 0°",0.000
1790445583.107,hud,drift,,,,,"0.00%",0.000
1790445583.107,hud,turns,,,,,"✗ turns: 1/15",
1790445583.107,hud,calib_s,,,,,"✓ Buffer 6s",
1790445583.107,marker,gnss,52.40260700,-1.44766700,270.00,true,,
1790445583.108,marker,reconciled,0.00000000,0.00000000,0.00,false,,
1790445583.159,hud,speed,,,,,"0.0 / 0.0",0.000
1790445583.160,hud,heading,,,,,"0° / 0°",0.000
1790445583.160,hud,drift,,,,,"0.00%",0.000
1790445583.161,hud,turns,,,,,"✗ turns: 1/15",
1790445583.161,hud,calib_s,,,,,"✓ Buffer 6s",
1790445583.161,marker,gnss,52.40260700,-1.44766700,270.00,true,,
1790445583.162,marker,reconciled,0.00000000,0.00000000,0.00,false,,
1790445583.211,hud,speed,,,,,"0.0 / 0.0",0.000
1790445583.212,hud,heading,,,,,"0° / 0°",0.000
1790445583.212,hud,drift,,,,,"0.00%",0.000
1790445583.212,hud,turns,,,,,"✗ turns: 1/15",
1790445583.213,hud,calib_s,,,,,"✓ Buffer 6s",
1790445583.213,marker,gnss,52.40260700,-1.44766700,270.00,true,,
1790445583.214,marker,reconciled,0.00000000,0.00000000,0.00,false,,
1790445583.255,hud,speed,,,,,"0.0 / 0.0",0.000
1790445583.256,hud,heading,,,,,"0° / 0°",0.000
1790445583.256,hud,drift,,,,,"0.00%",0.000
1790445583.257,hud,turns,,,,,"✗ turns: 1/15",
1790445583.257,hud,calib_s,,,,,"✓ Buffer 6s",
1790445583.257,marker,gnss,52.40260700,-1.44766700,270.00,true,,
1790445583.257,marker,reconciled,0.00000000,0.00000000,0.00,false,,
1790445583.319,hud,speed,,,,,"0.0 / 0.0",0.000
1790445583.320,hud,heading,,,,,"0° / 0°",0.000
1790445583.320,hud,drift,,,,,"0.00%",0.000
1790445583.320,hud,turns,,,,,"✗ turns: 1/15",
1790445583.320,hud,calib_s,,,,,"✓ Buffer 6s",
1790445583.321,marker,gnss,52.40260700,-1.44766700,270.00,true,,
1790445583.321,marker,reconciled,0.00000000,0.00000000,0.00,false,,
1790445583.363,hud,speed,,,,,"0.0 / 0.0",0.000
1790445583.364,hud,heading,,,,,"0° / 0°",0.000
1790445583.365,hud,drift,,,,,"0.00%",0.000
1790445583.365,hud,turns,,,,,"✗ turns: 1/15",
1790445583.365,hud,calib_s,,,,,"✓ Buffer 6s",
1790445583.366,marker,gnss,52.40260700,-1.44766700,270.00,true,,
1790445583.367,marker,reconciled,0.00000000,0.00000000,0.00,false,,
1790445583.417,hud,speed,,,,,"0.0 / 0.0",0.000
1790445583.417,hud,heading,,,,,"0° / 0°",0.000
1790445583.418,hud,drift,,,,,"0.00%",0.000
1790445583.418,hud,turns,,,,,"✗ turns: 1/15",
1790445583.418,hud,calib_s,,,,,"✓ Buffer 6s",
1790445583.419,marker,gnss,52.40260700,-1.44766700,270.00,true,,
1790445583.420,marker,reconciled,0.00000000,0.00000000,0.00,false,,
1790445583.467,hud,speed,,,,,"0.0 / 0.0",0.000
1790445583.468,hud,heading,,,,,"0° / 0°",0.000
1790445583.468,hud,drift,,,,,"0.00%",0.000
1790445583.468,hud,turns,,,,,"✗ turns: 1/15",
1790445583.469,hud,calib_s,,,,,"✓ Buffer 6s",
1790445583.469,marker,gnss,52.40260700,-1.44766700,270.00,true,,
1790445583.470,marker,reconciled,0.00000000,0.00000000,0.00,false,,
1790445583.518,hud,speed,,,,,"0.0 / 0.0",0.000
1790445583.519,hud,heading,,,,,"0° / 0°",0.000
1790445583.519,hud,drift,,,,,"0.00%",0.000
1790445583.519,hud,turns,,,,,"✗ turns: 1/15",
1790445583.520,hud,calib_s,,,,,"✓ Buffer 6s",
1790445583.520,marker,gnss,52.40260700,-1.44766700,270.00,true,,
1790445583.521,marker,reconciled,0.00000000,0.00000000,0.00,false,,
1790445583.572,hud,speed,,,,,"0.0 / 0.0",0.000
1790445583.573,hud,heading,,,,,"0° / 0°",0.000
1790445583.573,hud,drift,,,,,"0.00%",0.000
1790445583.574,hud,turns,,,,,"✗ turns: 1/15",
1790445583.574,hud,calib_s,,,,,"✓ Buffer 6s",
1790445583.575,marker,gnss,52.40260700,-1.44766700,270.00,true,,
1790445583.575,marker,reconciled,0.00000000,0.00000000,0.00,false,,
1790445583.622,hud,speed,,,,,"0.0 / 0.0",0.000
1790445583.622,hud,heading,,,,,"0° / 0°",0.000
1790445583.623,hud,drift,,,,,"0.00%",0.000
1790445583.623,hud,turns,,,,,"✗ turns: 1/15",
1790445583.624,hud,calib_s,,,,,"✓ Buffer 6s",
1790445583.624,marker,gnss,52.40260700,-1.44766700,270.00,true,,
1790445583.625,marker,reconciled,0.00000000,0.00000000,0.00,false,,
1790445583.669,hud,speed,,,,,"0.0 / 0.0",0.000
1790445583.670,hud,heading,,,,,"0° / 0°",0.000
1790445583.670,hud,drift,,,,,"0.00%",0.000
1790445583.670,hud,turns,,,,,"✗ turns: 1/15",
1790445583.670,hud,calib_s,,,,,"✓ Buffer 6s",
1790445583.671,marker,gnss,52.40260700,-1.44766700,270.00,true,,
1790445583.671,marker,reconciled,0.00000000,0.00000000,0.00,false,,
1790445583.721,hud,speed,,,,,"0.0 / 0.0",0.000
1790445583.721,hud,heading,,,,,"0° / 0°",0.000
1790445583.721,hud,drift,,,,,"0.00%",0.000
1790445583.721,hud,turns,,,,,"✗ turns: 1/15",
1790445583.721,hud,calib_s,,,,,"✓ Buffer 6s",
1790445583.722,marker,gnss,52.40260700,-1.44766700,270.00,true,,
1790445583.722,marker,reconciled,0.00000000,0.00000000,0.00,false,,
1790445583.781,hud,speed,,,,,"0.0 / 0.0",0.000
1790445583.781,hud,heading,,,,,"0° / 0°",0.000
1790445583.782,hud,drift,,,,,"0.00%",0.000
1790445583.782,hud,turns,,,,,"✗ turns: 1/15",
1790445583.782,hud,calib_s,,,,,"✓ Buffer 6s",
1790445583.783,marker,gnss,52.40260700,-1.44766700,270.00,true,,
1790445583.783,marker,reconciled,0.00000000,0.00000000,0.00,false,,
1790445583.824,hud,speed,,,,,"0.0 / 0.0",0.000
1790445583.825,hud,heading,,,,,"0° / 0°",0.000
1790445583.825,hud,drift,,,,,"0.00%",0.000
1790445583.825,hud,turns,,,,,"✗ turns: 1/15",
1790445583.826,hud,calib_s,,,,,"✓ Buffer 6s",
1790445583.826,marker,gnss,52.40260700,-1.44766700,270.00,true,,
1790445583.827,marker,reconciled,0.00000000,0.00000000,0.00,false,,
1790445583.877,hud,speed,,,,,"0.0 / 0.0",0.000
1790445583.877,hud,heading,,,,,"0° / 0°",0.000
1790445583.878,hud,drift,,,,,"0.00%",0.000
1790445583.878,hud,turns,,,,,"✗ turns: 1/15",
1790445583.878,hud,calib_s,,,,,"✓ Buffer 6s",
1790445583.879,marker,gnss,52.40260700,-1.44766700,270.00,true,,
1790445583.879,marker,reconciled,0.00000000,0.00000000,0.00,false,,
1790445583.925,hud,speed,,,,,"0.0 / 0.0",0.000
1790445583.925,hud,heading,,,,,"0° / 0°",0.000
1790445583.925,hud,drift,,,,,"0.00%",0.000
1790445583.925,hud,turns,,,,,"✗ turns: 1/15",
1790445583.925,hud,calib_s,,,,,"✓ Buffer 6s",
1790445583.926,marker,gnss,52.40260700,-1.44766700,270.00,true,,
1790445583.926,marker,reconciled,0.00000000,0.00000000,0.00,false,,
1790445583.977,hud,speed,,,,,"0.0 / 0.0",0.000
1790445583.977,hud,heading,,,,,"0° / 0°",0.000
1790445583.977,hud,drift,,,,,"0.00%",0.000
1790445583.978,hud,turns,,,,,"✗ turns: 1/15",
1790445583.978,hud,calib_s,,,,,"✓ Buffer 6s",
1790445583.978,marker,gnss,52.40260700,-1.44766700,270.00,true,,
1790445583.979,marker,reconciled,0.00000000,0.00000000,0.00,false,,
1790445584.031,hud,speed,,,,,"0.0 / 0.0",0.000
1790445584.032,hud,heading,,,,,"0° / 0°",0.000
1790445584.032,hud,drift,,,,,"0.00%",0.000
1790445584.032,hud,turns,,,,,"✗ turns: 1/15",
1790445584.033,hud,calib_s,,,,,"✓ Buffer 6s",
1790445584.033,marker,gnss,52.40260700,-1.44766700,270.00,true,,
1790445584.034,marker,reconciled,0.00000000,0.00000000,0.00,false,,
1790445584.081,hud,speed,,,,,"0.0 / 0.0",0.000
1790445584.082,hud,heading,,,,,"0° / 0°",0.000
1790445584.082,hud,drift,,,,,"0.00%",0.000
1790445584.082,hud,turns,,,,,"✗ turns: 1/15",
1790445584.083,hud,calib_s,,,,,"✓ Buffer 6s",
1790445584.083,marker,gnss,52.40260700,-1.44766700,270.00,true,,
1790445584.084,marker,reconciled,0.00000000,0.00000000,0.00,false,,
1790445584.133,hud,speed,,,,,"0.0 / 0.0",0.000
1790445584.133,hud,heading,,,,,"0° / 0°",0.000
1790445584.134,hud,drift,,,,,"0.00%",0.000
1790445584.134,hud,turns,,,,,"✗ turns: 1/15",
1790445584.135,hud,calib_s,,,,,"✓ Buffer 6s",
1790445584.135,marker,gnss,52.40260700,-1.44766700,270.00,true,,
1790445584.136,marker,reconciled,0.00000000,0.00000000,0.00,false,,
1790445584.185,hud,speed,,,,,"0.0 / 0.0",0.000
1790445584.185,hud,heading,,,,,"0° / 0°",0.000
1790445584.186,hud,drift,,,,,"0.00%",0.000
1790445584.186,hud,turns,,,,,"✗ turns: 1/15",
1790445584.187,hud,calib_s,,,,,"✓ Buffer 6s",
1790445584.187,marker,gnss,52.40260700,-1.44766700,270.00,true,,
1790445584.188,marker,reconciled,0.00000000,0.00000000,0.00,false,,
1790445584.233,hud,speed,,,,,"0.0 / 0.0",0.000
1790445584.233,hud,heading,,,,,"0° / 0°",0.000
1790445584.234,hud,drift,,,,,"0.00%",0.000
1790445584.234,hud,turns,,,,,"✗ turns: 1/15",
1790445584.234,hud,calib_s,,,,,"✓ Buffer 6s",
1790445584.235,marker,gnss,52.40260700,-1.44766700,270.00,true,,
1790445584.235,marker,reconciled,0.00000000,0.00000000,0.00,false,,
1790445584.285,hud,speed,,,,,"0.0 / 0.0",0.000
1790445584.286,hud,heading,,,,,"0° / 0°",0.000
1790445584.286,hud,drift,,,,,"0.00%",0.000
1790445584.287,hud,turns,,,,,"✗ turns: 1/15",
1790445584.287,hud,calib_s,,,,,"✓ Buffer 6s",
1790445584.288,marker,gnss,52.40260700,-1.44766700,270.00,true,,
1790445584.288,marker,reconciled,0.00000000,0.00000000,0.00,false,,
1790445584.336,hud,speed,,,,,"0.0 / 0.0",0.000
1790445584.336,hud,heading,,,,,"0° / 0°",0.000
1790445584.337,hud,drift,,,,,"0.00%",0.000
1790445584.337,hud,turns,,,,,"✗ turns: 1/15",
1790445584.337,hud,calib_s,,,,,"✓ Buffer 6s",
1790445584.337,marker,gnss,52.40260700,-1.44766700,270.00,true,,
1790445584.338,marker,reconciled,0.00000000,0.00000000,0.00,false,,
1790445584.386,hud,speed,,,,,"0.0 / 0.0",0.000
1790445584.386,hud,heading,,,,,"0° / 0°",0.000
1790445584.387,hud,drift,,,,,"0.00%",0.000
1790445584.387,hud,turns,,,,,"✗ turns: 1/15",
1790445584.387,hud,calib_s,,,,,"✓ Buffer 6s",
1790445584.388,marker,gnss,52.40260700,-1.44766700,270.00,true,,
1790445584.388,marker,reconciled,0.00000000,0.00000000,0.00,false,,
1790445584.439,hud,speed,,,,,"0.0 / 0.0",0.000
1790445584.440,hud,heading,,,,,"0° / 0°",0.000
1790445584.440,hud,drift,,,,,"0.00%",0.000
1790445584.440,hud,turns,,,,,"✗ turns: 1/15",
1790445584.441,hud,calib_s,,,,,"✓ Buffer 6s",
1790445584.441,marker,gnss,52.40260700,-1.44766700,270.00,true,,
1790445584.442,marker,reconciled,0.00000000,0.00000000,0.00,false,,
1790445584.489,hud,speed,,,,,"0.0 / 0.0",0.000
1790445584.489,hud,heading,,,,,"0° / 0°",0.000
1790445584.490,hud,drift,,,,,"0.00%",0.000
1790445584.490,hud,turns,,,,,"✗ turns: 1/15",
1790445584.490,hud,calib_s,,,,,"✓ Buffer 6s",
1790445584.492,marker,gnss,52.40260700,-1.44766700,270.00,true,,
1790445584.492,marker,reconciled,0.00000000,0.00000000,0.00,false,,
1790445584.538,hud,speed,,,,,"0.0 / 0.0",0.000
1790445584.538,hud,heading,,,,,"0° / 0°",0.000
1790445584.539,hud,drift,,,,,"0.00%",0.000
1790445584.539,hud,turns,,,,,"✗ turns: 1/15",
1790445584.539,hud,calib_s,,,,,"✓ Buffer 6s",
1790445584.540,marker,gnss,52.40260700,-1.44766700,270.00,true,,
1790445584.540,marker,reconciled,0.00000000,0.00000000,0.00,false,,
1790445584.590,hud,speed,,,,,"0.0 / 0.0",0.000
1790445584.591,hud,heading,,,,,"0° / 0°",0.000
1790445584.591,hud,drift,,,,,"0.00%",0.000
1790445584.591,hud,turns,,,,,"✗ turns: 1/15",
1790445584.592,hud,calib_s,,,,,"✓ Buffer 6s",
1790445584.592,marker,gnss,52.40260700,-1.44766700,270.00,true,,
1790445584.592,marker,reconciled,0.00000000,0.00000000,0.00,false,,
1790445584.643,hud,speed,,,,,"0.0 / 0.0",0.000
1790445584.644,hud,heading,,,,,"0° / 0°",0.000
1790445584.644,hud,drift,,,,,"0.00%",0.000
1790445584.645,hud,turns,,,,,"✗ turns: 1/15",
1790445584.645,hud,calib_s,,,,,"✓ Buffer 6s",
1790445584.646,marker,gnss,52.40260700,-1.44766700,270.00,true,,
1790445584.646,marker,reconciled,0.00000000,0.00000000,0.00,false,,
1790445584.695,hud,speed,,,,,"0.0 / 0.0",0.000
1790445584.696,hud,heading,,,,,"0° / 0°",0.000
1790445584.696,hud,drift,,,,,"0.00%",0.000
1790445584.697,hud,turns,,,,,"✗ turns: 1/15",
1790445584.697,hud,calib_s,,,,,"✓ Buffer 6s",
1790445584.698,marker,gnss,52.40260700,-1.44766700,270.00,true,,
1790445584.698,marker,reconciled,0.00000000,0.00000000,0.00,false,,
1790445584.747,hud,speed,,,,,"0.0 / 0.0",0.000
1790445584.748,hud,heading,,,,,"0° / 0°",0.000
1790445584.748,hud,drift,,,,,"0.00%",0.000
1790445584.748,hud,turns,,,,,"✗ turns: 1/15",
1790445584.748,hud,calib_s,,,,,"✓ Buffer 6s",
1790445584.749,marker,gnss,52.40260700,-1.44766700,270.00,true,,
1790445584.749,marker,reconciled,0.00000000,0.00000000,0.00,false,,
1790445584.795,hud,speed,,,,,"0.0 / 0.0",0.000
1790445584.795,hud,heading,,,,,"0° / 0°",0.000
1790445584.796,hud,drift,,,,,"0.00%",0.000
1790445584.796,hud,turns,,,,,"✗ turns: 1/15",
1790445584.796,hud,calib_s,,,,,"✓ Buffer 6s",
1790445584.797,marker,gnss,52.40260700,-1.44766700,270.00,true,,
1790445584.797,marker,reconciled,0.00000000,0.00000000,0.00,false,,
1790445584.848,hud,speed,,,,,"0.0 / 0.0",0.000
1790445584.849,hud,heading,,,,,"0° / 0°",0.000
1790445584.849,hud,drift,,,,,"0.00%",0.000
1790445584.849,hud,turns,,,,,"✗ turns: 1/15",
1790445584.849,hud,calib_s,,,,,"✓ Buffer 6s",
1790445584.850,marker,gnss,52.40260700,-1.44766700,270.00,true,,
1790445584.850,marker,reconciled,0.00000000,0.00000000,0.00,false,,
1790445584.900,hud,speed,,,,,"0.0 / 0.0",0.000
1790445584.900,hud,heading,,,,,"0° / 0°",0.000
1790445584.901,hud,drift,,,,,"0.00%",0.000
1790445584.901,hud,turns,,,,,"✗ turns: 1/15",
1790445584.901,hud,calib_s,,,,,"✓ Buffer 6s",
1790445584.902,marker,gnss,52.40260700,-1.44766700,270.00,true,,
1790445584.902,marker,reconciled,0.00000000,0.00000000,0.00,false,,
1790445584.952,hud,speed,,,,,"0.0 / 0.0",0.000
1790445584.953,hud,heading,,,,,"0° / 0°",0.000
1790445584.953,hud,drift,,,,,"0.00%",0.000
1790445584.953,hud,turns,,,,,"✗ turns: 1/15",
1790445584.953,hud,calib_s,,,,,"✓ Buffer 6s",
1790445584.954,marker,gnss,52.40260700,-1.44766700,270.00,true,,
1790445584.955,marker,reconciled,0.00000000,0.00000000,0.00,false,,
1790445585.001,hud,speed,,,,,"0.0 / 0.0",0.000
1790445585.001,hud,heading,,,,,"0° / 0°",0.000
1790445585.002,hud,drift,,,,,"0.00%",0.000
1790445585.002,hud,turns,,,,,"✗ turns: 1/15",
1790445585.002,hud,calib_s,,,,,"✓ Buffer 6s",
1790445585.003,marker,gnss,52.40260700,-1.44766700,270.00,true,,
1790445585.003,marker,reconciled,0.00000000,0.00000000,0.00,false,,
1790445585.054,hud,speed,,,,,"0.0 / 0.0",0.000
1790445585.054,hud,heading,,,,,"0° / 0°",0.000
1790445585.055,hud,drift,,,,,"0.00%",0.000
1790445585.055,hud,turns,,,,,"✗ turns: 1/15",
1790445585.055,hud,calib_s,,,,,"✓ Buffer 6s",
1790445585.056,marker,gnss,52.40260700,-1.44766700,270.00,true,,
1790445585.056,marker,reconciled,0.00000000,0.00000000,0.00,false,,
1790445585.107,hud,speed,,,,,"0.0 / 0.0",0.000
1790445585.107,hud,heading,,,,,"0° / 0°",0.000
1790445585.107,hud,drift,,,,,"0.00%",0.000
1790445585.108,hud,turns,,,,,"✗ turns: 1/15",
1790445585.108,hud,calib_s,,,,,"✓ Buffer 6s",
1790445585.108,marker,gnss,52.40260700,-1.44766700,270.00,true,,
1790445585.108,marker,reconciled,0.00000000,0.00000000,0.00,false,,
1790445585.158,hud,speed,,,,,"0.0 / 0.0",0.000
1790445585.158,hud,heading,,,,,"0° / 0°",0.000
1790445585.159,hud,drift,,,,,"0.00%",0.000
1790445585.159,hud,turns,,,,,"✗ turns: 1/15",
1790445585.159,hud,calib_s,,,,,"✓ Buffer 6s",
1790445585.160,marker,gnss,52.40260700,-1.44766700,270.00,true,,
1790445585.160,marker,reconciled,0.00000000,0.00000000,0.00,false,,
1790445585.207,hud,speed,,,,,"0.0 / 0.0",0.000
1790445585.208,hud,heading,,,,,"0° / 0°",0.000
1790445585.208,hud,drift,,,,,"0.00%",0.000
1790445585.209,hud,turns,,,,,"✗ turns: 1/15",
1790445585.209,hud,calib_s,,,,,"✓ Buffer 6s",
1790445585.209,marker,gnss,52.40260700,-1.44766700,270.00,true,,
1790445585.210,marker,reconciled,0.00000000,0.00000000,0.00,false,,
1790445585.257,hud,speed,,,,,"0.0 / 0.0",0.000
1790445585.257,hud,heading,,,,,"0° / 0°",0.000
1790445585.258,hud,drift,,,,,"0.00%",0.000
1790445585.258,hud,turns,,,,,"✗ turns: 1/15",
1790445585.258,hud,calib_s,,,,,"✓ Buffer 6s",
1790445585.259,marker,gnss,52.40260700,-1.44766700,270.00,true,,
1790445585.259,marker,reconciled,0.00000000,0.00000000,0.00,false,,
1790445585.306,hud,speed,,,,,"0.0 / 0.0",0.000
1790445585.306,hud,heading,,,,,"0° / 0°",0.000
1790445585.307,hud,drift,,,,,"0.00%",0.000
1790445585.307,hud,turns,,,,,"✗ turns: 1/15",
1790445585.307,hud,calib_s,,,,,"✓ Buffer 6s",
1790445585.308,marker,gnss,52.40260700,-1.44766700,270.00,true,,
1790445585.308,marker,reconciled,0.00000000,0.00000000,0.00,false,,
1790445585.362,hud,speed,,,,,"0.0 / 0.0",0.000
1790445585.363,hud,heading,,,,,"0° / 0°",0.000
1790445585.363,hud,drift,,,,,"0.00%",0.000
1790445585.363,hud,turns,,,,,"✗ turns: 1/15",
1790445585.364,hud,calib_s,,,,,"✓ Buffer 6s",
1790445585.364,marker,gnss,52.40260700,-1.44766700,270.00,true,,
1790445585.364,marker,reconciled,0.00000000,0.00000000,0.00,false,,
1790445585.413,hud,speed,,,,,"0.0 / 0.0",0.000
1790445585.413,hud,heading,,,,,"0° / 0°",0.000
1790445585.414,hud,drift,,,,,"0.00%",0.000
1790445585.414,hud,turns,,,,,"✗ turns: 1/15",
1790445585.415,hud,calib_s,,,,,"✓ Buffer 6s",
1790445585.415,marker,gnss,52.40260700,-1.44766700,270.00,true,,
1790445585.416,marker,reconciled,0.00000000,0.00000000,0.00,false,,
1790445585.462,hud,speed,,,,,"0.0 / 0.0",0.000
1790445585.463,hud,heading,,,,,"0° / 0°",0.000
1790445585.463,hud,drift,,,,,"0.00%",0.000
1790445585.463,hud,turns,,,,,"✗ turns: 1/15",
1790445585.464,hud,calib_s,,,,,"✓ Buffer 6s",
1790445585.464,marker,gnss,52.40260700,-1.44766700,270.00,true,,
1790445585.465,marker,reconciled,0.00000000,0.00000000,0.00,false,,
1790445585.513,hud,speed,,,,,"0.0 / 0.0",0.000
1790445585.514,hud,heading,,,,,"0° / 0°",0.000
1790445585.514,hud,drift,,,,,"0.00%",0.000
1790445585.515,hud,turns,,,,,"✗ turns: 1/15",
1790445585.515,hud,calib_s,,,,,"✓ Buffer 6s",
1790445585.515,marker,gnss,52.40260700,-1.44766700,270.00,true,,
1790445585.516,marker,reconciled,0.00000000,0.00000000,0.00,false,,
1790445585.561,hud,speed,,,,,"0.0 / 0.0",0.000
1790445585.561,hud,heading,,,,,"0° / 0°",0.000
1790445585.562,hud,drift,,,,,"0.00%",0.000
1790445585.562,hud,turns,,,,,"✗ turns: 1/15",
1790445585.562,hud,calib_s,,,,,"✓ Buffer 6s",
1790445585.563,marker,gnss,52.40260700,-1.44766700,270.00,true,,
1790445585.563,marker,reconciled,0.00000000,0.00000000,0.00,false,,
1790445585.620,hud,speed,,,,,"0.0 / 0.0",0.000
1790445585.621,hud,heading,,,,,"0° / 0°",0.000
1790445585.621,hud,drift,,,,,"0.00%",0.000
1790445585.621,hud,turns,,,,,"✗ turns: 1/15",
1790445585.622,hud,calib_s,,,,,"✓ Buffer 6s",
1790445585.622,marker,gnss,52.40260700,-1.44766700,270.00,true,,
1790445585.623,marker,reconciled,0.00000000,0.00000000,0.00,false,,
1790445585.665,hud,speed,,,,,"0.0 / 0.0",0.000
1790445585.665,hud,heading,,,,,"0° / 0°",0.000
1790445585.666,hud,drift,,,,,"0.00%",0.000
1790445585.666,hud,turns,,,,,"✗ turns: 1/15",
1790445585.666,hud,calib_s,,,,,"✓ Buffer 6s",
1790445585.667,marker,gnss,52.40260700,-1.44766700,270.00,true,,
1790445585.667,marker,reconciled,0.00000000,0.00000000,0.00,false,,
1790445585.718,hud,speed,,,,,"0.0 / 0.0",0.000
1790445585.719,hud,heading,,,,,"0° / 0°",0.000
1790445585.719,hud,drift,,,,,"0.00%",0.000
1790445585.720,hud,turns,,,,,"✗ turns: 1/15",
1790445585.720,hud,calib_s,,,,,"✓ Buffer 6s",
1790445585.720,marker,gnss,52.40260700,-1.44766700,270.00,true,,
1790445585.721,marker,reconciled,0.00000000,0.00000000,0.00,false,,
1790445585.774,hud,speed,,,,,"0.0 / 0.0",0.000
1790445585.774,hud,heading,,,,,"0° / 0°",0.000
1790445585.775,hud,drift,,,,,"0.00%",0.000
1790445585.775,hud,turns,,,,,"✗ turns: 1/15",
1790445585.776,hud,calib_s,,,,,"✓ Buffer 6s",
1790445585.776,marker,gnss,52.40260700,-1.44766700,270.00,true,,
1790445585.777,marker,reconciled,0.00000000,0.00000000,0.00,false,,
1790445585.819,hud,speed,,,,,"0.0 / 0.0",0.000
1790445585.820,hud,heading,,,,,"0° / 0°",0.000
1790445585.820,hud,drift,,,,,"0.00%",0.000
1790445585.820,hud,turns,,,,,"✗ turns: 1/15",
1790445585.821,hud,calib_s,,,,,"✓ Buffer 6s",
1790445585.821,marker,gnss,52.40260700,-1.44766700,270.00,true,,
1790445585.822,marker,reconciled,0.00000000,0.00000000,0.00,false,,
1790445585.870,hud,speed,,,,,"0.0 / 0.0",0.000
1790445585.871,hud,heading,,,,,"0° / 0°",0.000
1790445585.871,hud,drift,,,,,"0.00%",0.000
1790445585.871,hud,turns,,,,,"✗ turns: 1/15",
1790445585.871,hud,calib_s,,,,,"✓ Buffer 6s",
1790445585.872,marker,gnss,52.40260700,-1.44766700,270.00,true,,
1790445585.872,marker,reconciled,0.00000000,0.00000000,0.00,false,,
1790445585.921,hud,speed,,,,,"0.0 / 0.0",0.000
1790445585.921,hud,heading,,,,,"0° / 0°",0.000
1790445585.922,hud,drift,,,,,"0.00%",0.000
1790445585.922,hud,turns,,,,,"✗ turns: 1/15",
1790445585.922,hud,calib_s,,,,,"✓ Buffer 6s",
1790445585.923,marker,gnss,52.40260700,-1.44766700,270.00,true,,
1790445585.923,marker,reconciled,0.00000000,0.00000000,0.00,false,,
1790445585.972,hud,speed,,,,,"0.0 / 0.0",0.000
1790445585.973,hud,heading,,,,,"0° / 0°",0.000
1790445585.973,hud,drift,,,,,"0.00%",0.000
1790445585.973,hud,turns,,,,,"✗ turns: 1/15",
1790445585.974,hud,calib_s,,,,,"✓ Buffer 6s",
1790445585.974,marker,gnss,52.40260700,-1.44766700,270.00,true,,
1790445585.975,marker,reconciled,0.00000000,0.00000000,0.00,false,,
1790445586.025,hud,speed,,,,,"0.0 / 0.0",0.000
1790445586.026,hud,heading,,,,,"0° / 0°",0.000
1790445586.027,hud,drift,,,,,"0.00%",0.000
1790445586.027,hud,turns,,,,,"✗ turns: 1/15",
1790445586.027,hud,calib_s,,,,,"✓ Buffer 6s",
1790445586.028,marker,gnss,52.40260700,-1.44766700,270.00,true,,
1790445586.028,marker,reconciled,0.00000000,0.00000000,0.00,false,,
1790445586.076,hud,speed,,,,,"0.0 / 0.0",0.000
1790445586.077,hud,heading,,,,,"0° / 0°",0.000
1790445586.077,hud,drift,,,,,"0.00%",0.000
1790445586.077,hud,turns,,,,,"✗ turns: 1/15",
1790445586.078,hud,calib_s,,,,,"✓ Buffer 6s",
1790445586.078,marker,gnss,52.40260700,-1.44766700,270.00,true,,
1790445586.079,marker,reconciled,0.00000000,0.00000000,0.00,false,,
1790445586.128,hud,speed,,,,,"0.0 / 0.0",0.000
1790445586.128,hud,heading,,,,,"0° / 0°",0.000
1790445586.129,hud,drift,,,,,"0.00%",0.000
1790445586.129,hud,turns,,,,,"✗ turns: 1/15",
1790445586.129,hud,calib_s,,,,,"✓ Buffer 6s",
1790445586.129,marker,gnss,52.40260700,-1.44766700,270.00,true,,
1790445586.130,marker,reconciled,0.00000000,0.00000000,0.00,false,,
1790445586.173,hud,speed,,,,,"0.0 / 0.0",0.000
1790445586.173,hud,heading,,,,,"0° / 0°",0.000
1790445586.174,hud,drift,,,,,"0.00%",0.000
1790445586.174,hud,turns,,,,,"✗ turns: 1/15",
1790445586.174,hud,calib_s,,,,,"✓ Buffer 6s",
1790445586.175,marker,gnss,52.40260700,-1.44766700,270.00,true,,
1790445586.175,marker,reconciled,0.00000000,0.00000000,0.00,false,,
1790445586.226,hud,speed,,,,,"0.0 / 0.0",0.000
1790445586.226,hud,heading,,,,,"0° / 0°",0.000
1790445586.226,hud,drift,,,,,"0.00%",0.000
1790445586.227,hud,turns,,,,,"✗ turns: 1/15",
1790445586.227,hud,calib_s,,,,,"✓ Buffer 6s",
1790445586.227,marker,gnss,52.40260700,-1.44766700,270.00,true,,
1790445586.228,marker,reconciled,0.00000000,0.00000000,0.00,false,,
1790445586.282,hud,speed,,,,,"0.0 / 0.0",0.000
1790445586.283,hud,heading,,,,,"0° / 0°",0.000
1790445586.284,hud,drift,,,,,"0.00%",0.000
1790445586.284,hud,turns,,,,,"✗ turns: 1/15",
1790445586.284,hud,calib_s,,,,,"✓ Buffer 6s",
1790445586.284,marker,gnss,52.40260700,-1.44766700,270.00,true,,
1790445586.285,marker,reconciled,0.00000000,0.00000000,0.00,false,,
1790445586.331,hud,speed,,,,,"0.0 / 0.0",0.000
1790445586.331,hud,heading,,,,,"0° / 0°",0.000
1790445586.332,hud,drift,,,,,"0.00%",0.000
1790445586.332,hud,turns,,,,,"✗ turns: 1/15",
1790445586.332,hud,calib_s,,,,,"✓ Buffer 6s",
1790445586.333,marker,gnss,52.40260700,-1.44766700,270.00,true,,
1790445586.333,marker,reconciled,0.00000000,0.00000000,0.00,false,,
1790445586.382,hud,speed,,,,,"0.0 / 0.0",0.000
1790445586.382,hud,heading,,,,,"0° / 0°",0.000
1790445586.383,hud,drift,,,,,"0.00%",0.000
1790445586.383,hud,turns,,,,,"✗ turns: 1/15",
1790445586.383,hud,calib_s,,,,,"✓ Buffer 6s",
1790445586.384,marker,gnss,52.40260700,-1.44766700,270.00,true,,
1790445586.384,marker,reconciled,0.00000000,0.00000000,0.00,false,,
1790445586.432,hud,speed,,,,,"0.0 / 0.0",0.000
1790445586.432,hud,heading,,,,,"0° / 0°",0.000
1790445586.432,hud,drift,,,,,"0.00%",0.000
1790445586.433,hud,turns,,,,,"✗ turns: 1/15",
1790445586.433,hud,calib_s,,,,,"✓ Buffer 6s",
1790445586.433,marker,gnss,52.40260700,-1.44766700,270.00,true,,
1790445586.434,marker,reconciled,0.00000000,0.00000000,0.00,false,,
1790445586.482,hud,speed,,,,,"0.0 / 0.0",0.000
1790445586.482,hud,heading,,,,,"0° / 0°",0.000
1790445586.482,hud,drift,,,,,"0.00%",0.000
1790445586.483,hud,turns,,,,,"✗ turns: 1/15",
1790445586.483,hud,calib_s,,,,,"✓ Buffer 6s",
1790445586.483,marker,gnss,52.40260700,-1.44766700,270.00,true,,
1790445586.484,marker,reconciled,0.00000000,0.00000000,0.00,false,,
1790445586.534,hud,speed,,,,,"0.0 / 0.0",0.000
1790445586.535,hud,heading,,,,,"0° / 0°",0.000
1790445586.535,hud,drift,,,,,"0.00%",0.000
1790445586.535,hud,turns,,,,,"✗ turns: 1/15",
1790445586.535,hud,calib_s,,,,,"✓ Buffer 6s",
1790445586.536,marker,gnss,52.40260700,-1.44766700,270.00,true,,
1790445586.536,marker,reconciled,0.00000000,0.00000000,0.00,false,,
1790445586.585,hud,speed,,,,,"0.0 / 0.0",0.000
1790445586.586,hud,heading,,,,,"0° / 0°",0.000
1790445586.586,hud,drift,,,,,"0.00%",0.000
1790445586.587,hud,turns,,,,,"✗ turns: 1/15",
1790445586.587,hud,calib_s,,,,,"✓ Buffer 6s",
1790445586.587,marker,gnss,52.40260700,-1.44766700,270.00,true,,
1790445586.588,marker,reconciled,0.00000000,0.00000000,0.00,false,,
1790445586.639,hud,speed,,,,,"0.0 / 0.0",0.000
1790445586.640,hud,heading,,,,,"0° / 0°",0.000
1790445586.640,hud,drift,,,,,"0.00%",0.000
1790445586.641,hud,turns,,,,,"✗ turns: 1/15",
1790445586.641,hud,calib_s,,,,,"✓ Buffer 6s",
1790445586.641,marker,gnss,52.40260700,-1.44766700,270.00,true,,
1790445586.642,marker,reconciled,0.00000000,0.00000000,0.00,false,,
1790445586.685,hud,speed,,,,,"0.0 / 0.0",0.000
1790445586.685,hud,heading,,,,,"0° / 0°",0.000
1790445586.686,hud,drift,,,,,"0.00%",0.000
1790445586.686,hud,turns,,,,,"✗ turns: 1/15",
1790445586.686,hud,calib_s,,,,,"✓ Buffer 6s",
1790445586.686,marker,gnss,52.40260700,-1.44766700,270.00,true,,
1790445586.687,marker,reconciled,0.00000000,0.00000000,0.00,false,,
1790445586.737,hud,speed,,,,,"0.0 / 0.0",0.000
1790445586.737,hud,heading,,,,,"0° / 0°",0.000
1790445586.738,hud,drift,,,,,"0.00%",0.000
1790445586.738,hud,turns,,,,,"✗ turns: 1/15",
1790445586.738,hud,calib_s,,,,,"✓ Buffer 6s",
1790445586.739,marker,gnss,52.40260700,-1.44766700,270.00,true,,
1790445586.740,marker,reconciled,0.00000000,0.00000000,0.00,false,,
1790445586.789,hud,speed,,,,,"0.0 / 0.0",0.000
1790445586.789,hud,heading,,,,,"0° / 0°",0.000
1790445586.790,hud,drift,,,,,"0.00%",0.000
1790445586.790,hud,turns,,,,,"✗ turns: 1/15",
1790445586.791,hud,calib_s,,,,,"✓ Buffer 6s",
1790445586.791,marker,gnss,52.40260700,-1.44766700,270.00,true,,
1790445586.792,marker,reconciled,0.00000000,0.00000000,0.00,false,,
1790445586.841,hud,speed,,,,,"0.0 / 0.0",0.000
1790445586.841,hud,heading,,,,,"0° / 0°",0.000
1790445586.842,hud,drift,,,,,"0.00%",0.000
1790445586.842,hud,turns,,,,,"✗ turns: 1/15",
1790445586.843,hud,calib_s,,,,,"✓ Buffer 6s",
1790445586.843,marker,gnss,52.40260700,-1.44766700,270.00,true,,
1790445586.844,marker,reconciled,0.00000000,0.00000000,0.00,false,,
1790445586.895,hud,speed,,,,,"0.0 / 0.0",0.000
1790445586.896,hud,heading,,,,,"0° / 0°",0.000
1790445586.896,hud,drift,,,,,"0.00%",0.000
1790445586.897,hud,turns,,,,,"✗ turns: 1/15",
1790445586.897,hud,calib_s,,,,,"✓ Buffer 6s",
1790445586.897,marker,gnss,52.40260700,-1.44766700,270.00,true,,
1790445586.898,marker,reconciled,0.00000000,0.00000000,0.00,false,,
1790445586.940,hud,speed,,,,,"0.0 / 0.0",0.000
1790445586.941,hud,heading,,,,,"0° / 0°",0.000
1790445586.942,hud,drift,,,,,"0.00%",0.000
1790445586.942,hud,turns,,,,,"✗ turns: 1/15",
1790445586.943,hud,calib_s,,,,,"✓ Buffer 6s",
1790445586.943,marker,gnss,52.40260700,-1.44766700,270.00,true,,
1790445586.944,marker,reconciled,0.00000000,0.00000000,0.00,false,,
1790445586.996,hud,speed,,,,,"0.0 / 0.0",0.000
1790445586.997,hud,heading,,,,,"0° / 0°",0.000
1790445586.997,hud,drift,,,,,"0.00%",0.000
1790445586.997,hud,turns,,,,,"✗ turns: 1/15",
1790445586.998,hud,calib_s,,,,,"✓ Buffer 6s",
1790445586.998,marker,gnss,52.40260700,-1.44766700,270.00,true,,
1790445586.999,marker,reconciled,0.00000000,0.00000000,0.00,false,,
1790445587.043,hud,speed,,,,,"0.0 / 0.0",0.000
1790445587.044,hud,heading,,,,,"0° / 0°",0.000
1790445587.044,hud,drift,,,,,"0.00%",0.000
1790445587.044,hud,turns,,,,,"✗ turns: 1/15",
1790445587.045,hud,calib_s,,,,,"✓ Buffer 6s",
1790445587.045,marker,gnss,52.40260700,-1.44766700,270.00,true,,
1790445587.046,marker,reconciled,0.00000000,0.00000000,0.00,false,,
1790445587.097,hud,speed,,,,,"0.0 / 0.0",0.000
1790445587.098,hud,heading,,,,,"0° / 0°",0.000
1790445587.098,hud,drift,,,,,"0.00%",0.000
1790445587.099,hud,turns,,,,,"✗ turns: 1/15",
1790445587.099,hud,calib_s,,,,,"✓ Buffer 6s",
1790445587.099,marker,gnss,52.40260700,-1.44766700,270.00,true,,
1790445587.100,marker,reconciled,0.00000000,0.00000000,0.00,false,,
1790445587.146,hud,speed,,,,,"0.0 / 0.0",0.000
1790445587.147,hud,heading,,,,,"0° / 0°",0.000
1790445587.147,hud,drift,,,,,"0.00%",0.000
1790445587.147,hud,turns,,,,,"✗ turns: 1/15",
1790445587.147,hud,calib_s,,,,,"✓ Buffer 6s",
1790445587.148,marker,gnss,52.40260700,-1.44766700,270.00,true,,
1790445587.148,marker,reconciled,0.00000000,0.00000000,0.00,false,,
1790445587.199,hud,speed,,,,,"0.0 / 0.0",0.000
1790445587.199,hud,heading,,,,,"0° / 0°",0.000
1790445587.200,hud,drift,,,,,"0.00%",0.000
1790445587.200,hud,turns,,,,,"✗ turns: 1/15",
1790445587.200,hud,calib_s,,,,,"✓ Buffer 6s",
1790445587.200,marker,gnss,52.40260700,-1.44766700,270.00,true,,
1790445587.201,marker,reconciled,0.00000000,0.00000000,0.00,false,,
1790445587.243,hud,speed,,,,,"0.0 / 0.0",0.000
1790445587.244,hud,heading,,,,,"0° / 0°",0.000
1790445587.244,hud,drift,,,,,"0.00%",0.000
1790445587.244,hud,turns,,,,,"✗ turns: 1/15",
1790445587.245,hud,calib_s,,,,,"✓ Buffer 6s",
1790445587.245,marker,gnss,52.40260700,-1.44766700,270.00,true,,
1790445587.246,marker,reconciled,0.00000000,0.00000000,0.00,false,,
1790445587.297,hud,speed,,,,,"0.0 / 0.0",0.000
1790445587.297,hud,heading,,,,,"0° / 0°",0.000
1790445587.298,hud,drift,,,,,"0.00%",0.000
1790445587.298,hud,turns,,,,,"✗ turns: 1/15",
1790445587.298,hud,calib_s,,,,,"✓ Buffer 6s",
1790445587.299,marker,gnss,52.40260700,-1.44766700,270.00,true,,
1790445587.299,marker,reconciled,0.00000000,0.00000000,0.00,false,,
1790445587.351,hud,speed,,,,,"0.0 / 0.0",0.000
1790445587.352,hud,heading,,,,,"0° / 0°",0.000
1790445587.352,hud,drift,,,,,"0.00%",0.000
1790445587.353,hud,turns,,,,,"✗ turns: 1/15",
1790445587.353,hud,calib_s,,,,,"✓ Buffer 6s",
1790445587.353,marker,gnss,52.40260700,-1.44766700,270.00,true,,
1790445587.354,marker,reconciled,0.00000000,0.00000000,0.00,false,,
1790445587.401,hud,speed,,,,,"0.0 / 0.0",0.000
1790445587.401,hud,heading,,,,,"0° / 0°",0.000
1790445587.401,hud,drift,,,,,"0.00%",0.000
1790445587.402,hud,turns,,,,,"✗ turns: 1/15",
1790445587.402,hud,calib_s,,,,,"✓ Buffer 6s",
1790445587.403,marker,gnss,52.40260700,-1.44766700,270.00,true,,
1790445587.403,marker,reconciled,0.00000000,0.00000000,0.00,false,,
1790445587.450,hud,speed,,,,,"0.0 / 0.0",0.000
1790445587.451,hud,heading,,,,,"0° / 0°",0.000
1790445587.451,hud,drift,,,,,"0.00%",0.000
1790445587.452,hud,turns,,,,,"✗ turns: 1/15",
1790445587.452,hud,calib_s,,,,,"✓ Buffer 6s",
1790445587.452,marker,gnss,52.40260700,-1.44766700,270.00,true,,
1790445587.453,marker,reconciled,0.00000000,0.00000000,0.00,false,,
1790445587.501,hud,speed,,,,,"0.0 / 0.0",0.000
1790445587.501,hud,heading,,,,,"0° / 0°",0.000
1790445587.502,hud,drift,,,,,"0.00%",0.000
1790445587.502,hud,turns,,,,,"✗ turns: 1/15",
1790445587.502,hud,calib_s,,,,,"✓ Buffer 6s",
1790445587.502,marker,gnss,52.40260700,-1.44766700,270.00,true,,
1790445587.503,marker,reconciled,0.00000000,0.00000000,0.00,false,,
1790445587.553,hud,speed,,,,,"0.0 / 0.0",0.000
1790445587.553,hud,heading,,,,,"0° / 0°",0.000
1790445587.553,hud,drift,,,,,"0.00%",0.000
1790445587.554,hud,turns,,,,,"✗ turns: 1/15",
1790445587.554,hud,calib_s,,,,,"✓ Buffer 6s",
1790445587.555,marker,gnss,52.40260700,-1.44766700,270.00,true,,
1790445587.555,marker,reconciled,0.00000000,0.00000000,0.00,false,,
1790445587.602,hud,speed,,,,,"0.0 / 0.0",0.000
1790445587.602,hud,heading,,,,,"0° / 0°",0.000
1790445587.602,hud,drift,,,,,"0.00%",0.000
1790445587.603,hud,turns,,,,,"✗ turns: 1/15",
1790445587.603,hud,calib_s,,,,,"✓ Buffer 6s",
1790445587.603,marker,gnss,52.40260700,-1.44766700,270.00,true,,
1790445587.604,marker,reconciled,0.00000000,0.00000000,0.00,false,,
1790445587.657,hud,speed,,,,,"0.0 / 0.0",0.000
1790445587.658,hud,heading,,,,,"0° / 0°",0.000
1790445587.658,hud,drift,,,,,"0.00%",0.000
1790445587.659,hud,turns,,,,,"✗ turns: 1/15",
1790445587.659,hud,calib_s,,,,,"✓ Buffer 6s",
1790445587.659,marker,gnss,52.40260700,-1.44766700,270.00,true,,
1790445587.660,marker,reconciled,0.00000000,0.00000000,0.00,false,,
1790445587.708,hud,speed,,,,,"0.0 / 0.0",0.000
1790445587.708,hud,heading,,,,,"0° / 0°",0.000
1790445587.709,hud,drift,,,,,"0.00%",0.000
1790445587.709,hud,turns,,,,,"✗ turns: 1/15",
1790445587.709,hud,calib_s,,,,,"✓ Buffer 6s",
1790445587.710,marker,gnss,52.40260700,-1.44766700,270.00,true,,
1790445587.711,marker,reconciled,0.00000000,0.00000000,0.00,false,,
1790445587.759,hud,speed,,,,,"0.0 / 0.0",0.000
1790445587.759,hud,heading,,,,,"0° / 0°",0.000
1790445587.760,hud,drift,,,,,"0.00%",0.000
1790445587.760,hud,turns,,,,,"✗ turns: 1/15",
1790445587.760,hud,calib_s,,,,,"✓ Buffer 6s",
1790445587.761,marker,gnss,52.40260700,-1.44766700,270.00,true,,
1790445587.761,marker,reconciled,0.00000000,0.00000000,0.00,false,,
1790445587.806,hud,speed,,,,,"0.0 / 0.0",0.000
1790445587.807,hud,heading,,,,,"0° / 0°",0.000
1790445587.807,hud,drift,,,,,"0.00%",0.000
1790445587.807,hud,turns,,,,,"✗ turns: 1/15",
1790445587.807,hud,calib_s,,,,,"✓ Buffer 6s",
1790445587.808,marker,gnss,52.40260700,-1.44766700,270.00,true,,
1790445587.808,marker,reconciled,0.00000000,0.00000000,0.00,false,,
1790445587.859,hud,speed,,,,,"0.0 / 0.0",0.000
1790445587.859,hud,heading,,,,,"0° / 0°",0.000
1790445587.860,hud,drift,,,,,"0.00%",0.000
1790445587.860,hud,turns,,,,,"✗ turns: 1/15",
1790445587.860,hud,calib_s,,,,,"✓ Buffer 6s",
1790445587.861,marker,gnss,52.40260700,-1.44766700,270.00,true,,
1790445587.861,marker,reconciled,0.00000000,0.00000000,0.00,false,,
1790445587.914,hud,speed,,,,,"0.0 / 0.0",0.000
1790445587.914,hud,heading,,,,,"0° / 0°",0.000
1790445587.915,hud,drift,,,,,"0.00%",0.000
1790445587.915,hud,turns,,,,,"✗ turns: 1/15",
1790445587.915,hud,calib_s,,,,,"✓ Buffer 6s",
1790445587.916,marker,gnss,52.40260700,-1.44766700,270.00,true,,
1790445587.916,marker,reconciled,0.00000000,0.00000000,0.00,false,,
1790445587.963,hud,speed,,,,,"0.0 / 0.0",0.000
1790445587.964,hud,heading,,,,,"0° / 0°",0.000
1790445587.964,hud,drift,,,,,"0.00%",0.000
1790445587.965,hud,turns,,,,,"✗ turns: 1/15",
1790445587.965,hud,calib_s,,,,,"✓ Buffer 6s",
1790445587.965,marker,gnss,52.40260700,-1.44766700,270.00,true,,
1790445587.966,marker,reconciled,0.00000000,0.00000000,0.00,false,,
1790445588.015,hud,speed,,,,,"0.0 / 0.0",0.000
1790445588.016,hud,heading,,,,,"0° / 0°",0.000
1790445588.016,hud,drift,,,,,"0.00%",0.000
1790445588.016,hud,turns,,,,,"✗ turns: 1/15",
1790445588.016,hud,calib_s,,,,,"✓ Buffer 6s",
1790445588.017,marker,gnss,52.40260700,-1.44766700,270.00,true,,
1790445588.017,marker,reconciled,0.00000000,0.00000000,0.00,false,,
1790445588.065,hud,speed,,,,,"0.0 / 0.0",0.000
1790445588.066,hud,heading,,,,,"0° / 0°",0.000
1790445588.066,hud,drift,,,,,"0.00%",0.000
1790445588.066,hud,turns,,,,,"✗ turns: 1/15",
1790445588.067,hud,calib_s,,,,,"✓ Buffer 6s",
1790445588.067,marker,gnss,52.40260700,-1.44766700,270.00,true,,
1790445588.068,marker,reconciled,0.00000000,0.00000000,0.00,false,,
1790445588.113,hud,speed,,,,,"0.0 / 0.0",0.000
1790445588.114,hud,heading,,,,,"0° / 0°",0.000
1790445588.114,hud,drift,,,,,"0.00%",0.000
1790445588.114,hud,turns,,,,,"✗ turns: 1/15",
1790445588.114,hud,calib_s,,,,,"✓ Buffer 6s",
1790445588.115,marker,gnss,52.40260700,-1.44766700,270.00,true,,
1790445588.115,marker,reconciled,0.00000000,0.00000000,0.00,false,,
1790445588.191,hud,speed,,,,,"4.0 / 4.2",3.970
1790445588.192,hud,heading,,,,,"90° / 99°",90.000
1790445588.192,hud,drift,,,,,"31.81%",31.810
1790445588.192,hud,turns,,,,,"✗ turns: 1/15",
1790445588.193,hud,calib_s,,,,,"✓ Buffer 6s",
1790445588.193,marker,gnss,52.40260700,-1.44752500,260.80,true,,
1790445588.194,marker,dr,52.40260702,-1.44752032,270.00,true,,
1790445588.194,marker,reconciled,0.00000000,0.00000000,0.00,false,,
1790445588.227,hud,speed,,,,,"3.8 / 4.2",3.810
1790445588.228,hud,heading,,,,,"90° / 99°",90.000
1790445588.228,hud,drift,,,,,"29.11%",29.110
1790445588.228,hud,turns,,,,,"✗ turns: 1/15",
1790445588.229,hud,calib_s,,,,,"✓ Buffer 6s",
1790445588.229,marker,gnss,52.40260700,-1.44752500,260.80,true,,
1790445588.230,marker,dr,52.40260696,-1.44751467,270.00,true,,
1790445588.230,marker,reconciled,0.00000000,0.00000000,0.00,false,,
1790445588.266,hud,speed,,,,,"3.7 / 4.2",3.650
1790445588.267,hud,heading,,,,,"90° / 99°",90.000
1790445588.268,hud,drift,,,,,"26.52%",26.520
1790445588.268,hud,turns,,,,,"✗ turns: 1/15",
1790445588.268,hud,calib_s,,,,,"✓ Buffer 6s",
1790445588.269,marker,gnss,52.40260700,-1.44752500,260.80,true,,
1790445588.269,marker,dr,52.40260689,-1.44750935,270.00,true,,
1790445588.269,marker,reconciled,0.00000000,0.00000000,0.00,false,,
1790445588.318,hud,speed,,,,,"3.6 / 4.2",3.550
1790445588.318,hud,heading,,,,,"90° / 99°",90.100
1790445588.318,hud,drift,,,,,"22.87%",22.870
1790445588.319,hud,turns,,,,,"✗ turns: 1/15",
1790445588.319,hud,calib_s,,,,,"✓ Buffer 6s",
1790445588.319,marker,gnss,52.40260700,-1.44752500,260.80,true,,
1790445588.320,marker,dr,52.40260680,-1.44750414,269.90,true,,
1790445588.320,marker,reconciled,0.00000000,0.00000000,0.00,false,,
1790445588.371,hud,speed,,,,,"3.5 / 4.2",3.510
1790445588.371,hud,heading,,,,,"90° / 99°",90.000
1790445588.372,hud,drift,,,,,"17.77%",17.770
1790445588.372,hud,turns,,,,,"✗ turns: 1/15",
1790445588.372,hud,calib_s,,,,,"✓ Buffer 6s",
1790445588.372,marker,gnss,52.40260700,-1.44752500,260.80,true,,
1790445588.373,marker,dr,52.40260667,-1.44749893,270.00,true,,
1790445588.373,marker,reconciled,0.00000000,0.00000000,0.00,false,,
1790445588.424,hud,speed,,,,,"3.5 / 4.2",3.530
1790445588.425,hud,heading,,,,,"90° / 99°",90.100
1790445588.425,hud,drift,,,,,"15.79%",15.790
1790445588.425,hud,turns,,,,,"✗ turns: 1/15",
1790445588.425,hud,calib_s,,,,,"✓ Buffer 6s",
1790445588.426,marker,gnss,52.40260700,-1.44752500,260.80,true,,
1790445588.426,marker,dr,52.40260649,-1.44749380,269.90,true,,
1790445588.427,marker,reconciled,0.00000000,0.00000000,0.00,false,,
1790445588.472,hud,speed,,,,,"3.5 / 4.2",3.490
1790445588.472,hud,heading,,,,,"90° / 99°",90.200
1790445588.473,hud,drift,,,,,"15.00%",15.000
1790445588.473,hud,turns,,,,,"✗ turns: 1/15",
1790445588.473,hud,calib_s,,,,,"✓ Buffer 6s",
1790445588.473,marker,gnss,52.40260700,-1.44752500,260.80,true,,
1790445588.474,marker,dr,52.40260626,-1.44748863,269.80,true,,
1790445588.475,marker,reconciled,0.00000000,0.00000000,0.00,false,,
1790445588.525,hud,speed,,,,,"3.4 / 4.2",3.440
1790445588.525,hud,heading,,,,,"90° / 99°",90.300
1790445588.525,hud,drift,,,,,"14.92%",14.920
1790445588.526,hud,turns,,,,,"✗ turns: 1/15",
1790445588.526,hud,calib_s,,,,,"✓ Buffer 6s",
1790445588.527,marker,gnss,52.40260700,-1.44752500,260.80,true,,
1790445588.527,marker,dr,52.40260601,-1.44748359,269.70,true,,
1790445588.528,marker,reconciled,0.00000000,0.00000000,0.00,false,,
1790445588.577,hud,speed,,,,,"3.4 / 4.2",3.390
1790445588.577,hud,heading,,,,,"90° / 99°",90.300
1790445588.578,hud,drift,,,,,"15.24%",15.240
1790445588.578,hud,turns,,,,,"✗ turns: 1/15",
1790445588.578,hud,calib_s,,,,,"✓ Buffer 6s",
1790445588.579,marker,gnss,52.40260700,-1.44752500,260.80,true,,
1790445588.580,marker,dr,52.40260574,-1.44747863,269.70,true,,
1790445588.580,marker,reconciled,0.00000000,0.00000000,0.00,false,,
1790445588.628,hud,speed,,,,,"0.0 / 4.2",0.000
1790445588.628,hud,heading,,,,,"90° / 99°",90.300
1790445588.629,hud,drift,,,,,"26.21%",26.210
1790445588.629,hud,turns,,,,,"✗ turns: 1/15",
1790445588.629,hud,calib_s,,,,,"✓ Buffer 6s",
1790445588.629,marker,gnss,52.40260700,-1.44752500,260.80,true,,
1790445588.630,marker,dr,52.40260574,-1.44747863,269.70,true,,
1790445588.631,marker,reconciled,0.00000000,0.00000000,0.00,false,,
1790445588.679,hud,speed,,,,,"0.0 / 4.2",0.000
1790445588.679,hud,heading,,,,,"90° / 99°",90.300
1790445588.680,hud,drift,,,,,"39.60%",39.600
1790445588.680,hud,turns,,,,,"✗ turns: 1/15",
1790445588.680,hud,calib_s,,,,,"✓ Buffer 6s",
1790445588.680,marker,gnss,52.40260700,-1.44752500,260.80,true,,
1790445588.681,marker,dr,52.40260574,-1.44747863,269.70,true,,
1790445588.681,marker,reconciled,0.00000000,0.00000000,0.00,false,,
1790445588.737,hud,speed,,,,,"3.3 / 4.2",3.290
1790445588.738,hud,heading,,,,,"90° / 99°",90.100
1790445588.738,hud,drift,,,,,"38.95%",38.950
1790445588.738,hud,turns,,,,,"✗ turns: 1/15",
1790445588.739,hud,calib_s,,,,,"✓ Buffer 6s",
1790445588.739,marker,gnss,52.40260700,-1.44752500,260.80,true,,
1790445588.740,marker,dr,52.40260578,-1.44747376,269.90,true,,
1790445588.740,marker,reconciled,0.00000000,0.00000000,0.00,false,,
1790445588.777,hud,speed,,,,,"3.1 / 4.2",3.050
1790445588.777,hud,heading,,,,,"90° / 99°",89.900
1790445588.778,hud,drift,,,,,"39.21%",39.210
1790445588.778,hud,turns,,,,,"✗ turns: 1/15",
1790445588.778,hud,calib_s,,,,,"✓ Buffer 6s",
1790445588.779,marker,gnss,52.40260700,-1.44752500,260.80,true,,
1790445588.779,marker,dr,52.40260577,-1.44746927,270.10,true,,
1790445588.780,marker,reconciled,0.00000000,0.00000000,0.00,false,,
1790445588.833,hud,speed,,,,,"3.0 / 4.2",2.960
1790445588.834,hud,heading,,,,,"90° / 99°",90.200
1790445588.834,hud,drift,,,,,"39.69%",39.690
1790445588.835,hud,turns,,,,,"✗ turns: 1/15",
1790445588.835,hud,calib_s,,,,,"✓ Buffer 6s",
1790445588.836,marker,gnss,52.40260700,-1.44752500,260.80,true,,
1790445588.836,marker,dr,52.40260572,-1.44746497,269.80,true,,
1790445588.837,marker,reconciled,0.00000000,0.00000000,0.00,false,,
1790445588.884,hud,speed,,,,,"3.0 / 4.2",2.980
1790445588.884,hud,heading,,,,,"90° / 99°",90.400
1790445588.885,hud,drift,,,,,"39.97%",39.970
1790445588.885,hud,turns,,,,,"✗ turns: 1/15",
1790445588.885,hud,calib_s,,,,,"✓ Buffer 6s",
1790445588.886,marker,gnss,52.40260700,-1.44752500,260.80,true,,
1790445588.886,marker,dr,52.40260564,-1.44746059,269.60,true,,
1790445588.887,marker,reconciled,0.00000000,0.00000000,0.00,false,,
1790445588.936,hud,speed,,,,,"3.1 / 4.2",3.060
1790445588.936,hud,heading,,,,,"90° / 99°",90.300
1790445588.936,hud,drift,,,,,"40.09%",40.090
1790445588.937,hud,turns,,,,,"✗ turns: 1/15",
1790445588.937,hud,calib_s,,,,,"✓ Buffer 6s",
1790445588.937,marker,gnss,52.40260700,-1.44752500,260.80,true,,
1790445588.938,marker,dr,52.40260564,-1.44745609,269.70,true,,
1790445588.938,marker,reconciled,0.00000000,0.00000000,0.00,false,,
1790445588.985,hud,speed,,,,,"3.1 / 4.2",3.100
1790445588.985,hud,heading,,,,,"90° / 99°",90.300
1790445588.986,hud,drift,,,,,"40.06%",40.060
1790445588.986,hud,turns,,,,,"✗ turns: 1/15",
1790445588.986,hud,calib_s,,,,,"✓ Buffer 6s",
1790445588.987,marker,gnss,52.40260700,-1.44752500,260.80,true,,
1790445588.988,marker,dr,52.40260562,-1.44745154,269.70,true,,
1790445588.988,marker,reconciled,0.00000000,0.00000000,0.00,false,,
1790445589.037,hud,speed,,,,,"3.2 / 4.2",3.180
1790445589.037,hud,heading,,,,,"90° / 99°",90.400
1790445589.037,hud,drift,,,,,"39.81%",39.810
1790445589.038,hud,turns,,,,,"✗ turns: 1/15",
1790445589.038,hud,calib_s,,,,,"✓ Buffer 6s",
1790445589.039,marker,gnss,52.40260700,-1.44752500,260.80,true,,
1790445589.039,marker,dr,52.40260556,-1.44744687,269.60,true,,
1790445589.040,marker,reconciled,0.00000000,0.00000000,0.00,false,,
1790445589.089,hud,speed,,,,,"3.3 / 4.2",3.250
1790445589.089,hud,heading,,,,,"90° / 99°",90.400
1790445589.089,hud,drift,,,,,"39.37%",39.370
1790445589.090,hud,turns,,,,,"✗ turns: 1/15",
1790445589.090,hud,calib_s,,,,,"✓ Buffer 6s",
1790445589.090,marker,gnss,52.40260700,-1.44752500,260.80,true,,
1790445589.091,marker,dr,52.40260547,-1.44744210,269.60,true,,
1790445589.091,marker,reconciled,0.00000000,0.00000000,0.00,false,,
1790445589.140,hud,speed,,,,,"3.3 / 4.2",3.340
1790445589.140,hud,heading,,,,,"91° / 99°",90.500
1790445589.141,hud,drift,,,,,"38.77%",38.770
1790445589.141,hud,turns,,,,,"✗ turns: 1/15",
1790445589.141,hud,calib_s,,,,,"✓ Buffer 6s",
1790445589.142,marker,gnss,52.40260700,-1.44752500,260.80,true,,
1790445589.142,marker,dr,52.40260536,-1.44743715,269.50,true,,
1790445589.143,marker,reconciled,0.00000000,0.00000000,0.00,false,,
1790445589.193,hud,speed,,,,,"3.4 / 4.2",3.420
1790445589.194,hud,heading,,,,,"91° / 99°",90.500
1790445589.194,hud,drift,,,,,"38.03%",38.030
1790445589.195,hud,turns,,,,,"✗ turns: 1/15",
1790445589.195,hud,calib_s,,,,,"✓ Buffer 6s",
1790445589.196,marker,gnss,52.40260700,-1.44752500,260.80,true,,
1790445589.196,marker,dr,52.40260521,-1.44743212,269.50,true,,
1790445589.197,marker,reconciled,0.00000000,0.00000000,0.00,false,,
1790445589.241,hud,speed,,,,,"3.5 / 4.2",3.530
1790445589.242,hud,heading,,,,,"91° / 99°",90.500
1790445589.242,hud,drift,,,,,"37.20%",37.200
1790445589.243,hud,turns,,,,,"✗ turns: 1/15",
1790445589.243,hud,calib_s,,,,,"✓ Buffer 6s",
1790445589.244,marker,gnss,52.40260700,-1.44752500,260.80,true,,
1790445589.244,marker,dr,52.40260509,-1.44742699,269.50,true,,
1790445589.245,marker,reconciled,0.00000000,0.00000000,0.00,false,,
1790445589.292,hud,speed,,,,,"3.7 / 4.2",3.660
1790445589.292,hud,heading,,,,,"91° / 99°",90.500
1790445589.292,hud,drift,,,,,"36.19%",36.190
1790445589.293,hud,turns,,,,,"✗ turns: 1/15",
1790445589.293,hud,calib_s,,,,,"✓ Buffer 6s",
1790445589.293,marker,gnss,52.40260700,-1.44752500,260.80,true,,
1790445589.294,marker,dr,52.40260495,-1.44742162,269.50,true,,
1790445589.294,marker,reconciled,0.00000000,0.00000000,0.00,false,,
1790445589.342,hud,speed,,,,,"3.8 / 4.2",3.780
1790445589.343,hud,heading,,,,,"90° / 99°",90.400
1790445589.343,hud,drift,,,,,"35.11%",35.110
1790445589.344,hud,turns,,,,,"✗ turns: 1/15",
1790445589.344,hud,calib_s,,,,,"✓ Buffer 6s",
1790445589.344,marker,gnss,52.40260700,-1.44752500,260.80,true,,
1790445589.345,marker,dr,52.40260483,-1.44741607,269.60,true,,
1790445589.345,marker,reconciled,0.00000000,0.00000000,0.00,false,,
1790445589.395,hud,speed,,,,,"3.9 / 4.2",3.870
1790445589.395,hud,heading,,,,,"90° / 99°",90.400
1790445589.395,hud,drift,,,,,"33.97%",33.970
1790445589.396,hud,turns,,,,,"✗ turns: 1/15",
1790445589.396,hud,calib_s,,,,,"✓ Buffer 6s",
1790445589.396,marker,gnss,52.40260700,-1.44752500,260.80,true,,
1790445589.397,marker,dr,52.40260470,-1.44741032,269.60,true,,
1790445589.397,marker,reconciled,0.00000000,0.00000000,0.00,false,,
1790445589.446,hud,speed,,,,,"4.0 / 4.2",4.000
1790445589.447,hud,heading,,,,,"91° / 99°",90.500
1790445589.447,hud,drift,,,,,"32.77%",32.770
1790445589.447,hud,turns,,,,,"✗ turns: 1/15",
1790445589.447,hud,calib_s,,,,,"✓ Buffer 6s",
1790445589.448,marker,gnss,52.40260700,-1.44752500,260.80,true,,
1790445589.448,marker,dr,52.40260456,-1.44740451,269.50,true,,
1790445589.449,marker,reconciled,0.00000000,0.00000000,0.00,false,,
1790445589.496,hud,speed,,,,,"4.1 / 4.2",4.120
1790445589.496,hud,heading,,,,,"91° / 99°",90.600
1790445589.497,hud,drift,,,,,"31.50%",31.500
1790445589.497,hud,turns,,,,,"✗ turns: 1/15",
1790445589.497,hud,calib_s,,,,,"✓ Buffer 6s",
1790445589.498,marker,gnss,52.40260700,-1.44752500,260.80,true,,
1790445589.498,marker,dr,52.40260440,-1.44739846,269.40,true,,
1790445589.499,marker,reconciled,0.00000000,0.00000000,0.00,false,,
1790445589.547,hud,speed,,,,,"4.2 / 4.2",4.200
1790445589.548,hud,heading,,,,,"91° / 99°",90.600
1790445589.548,hud,drift,,,,,"30.25%",30.250
1790445589.549,hud,turns,,,,,"✗ turns: 1/15",
1790445589.549,hud,calib_s,,,,,"✓ Buffer 6s",
1790445589.549,marker,gnss,52.40260700,-1.44752500,260.80,true,,
1790445589.550,marker,dr,52.40260423,-1.44739229,269.40,true,,
1790445589.550,marker,reconciled,0.00000000,0.00000000,0.00,false,,
1790445589.600,hud,speed,,,,,"4.3 / 4.2",4.250
1790445589.601,hud,heading,,,,,"91° / 99°",90.700
1790445589.601,hud,drift,,,,,"29.07%",29.070
1790445589.601,hud,turns,,,,,"✗ turns: 1/15",
1790445589.602,hud,calib_s,,,,,"✓ Buffer 6s",
1790445589.602,marker,gnss,52.40260700,-1.44752500,260.80,true,,
1790445589.603,marker,dr,52.40260407,-1.44738600,269.30,true,,
1790445589.603,marker,reconciled,0.00000000,0.00000000,0.00,false,,
1790445589.649,hud,speed,,,,,"4.3 / 4.2",4.300
1790445589.650,hud,heading,,,,,"91° / 99°",90.800
1790445589.650,hud,drift,,,,,"27.94%",27.940
1790445589.651,hud,turns,,,,,"✗ turns: 1/15",
1790445589.651,hud,calib_s,,,,,"✓ Buffer 6s",
1790445589.652,marker,gnss,52.40260700,-1.44752500,260.80,true,,
1790445589.653,marker,dr,52.40260391,-1.44737969,269.20,true,,
1790445589.653,marker,reconciled,0.00000000,0.00000000,0.00,false,,
1790445589.706,hud,speed,,,,,"4.3 / 4.2",4.320
1790445589.707,hud,heading,,,,,"91° / 99°",90.800
1790445589.707,hud,drift,,,,,"26.89%",26.890
1790445589.708,hud,turns,,,,,"✗ turns: 1/15",
1790445589.708,hud,calib_s,,,,,"✓ Buffer 6s",
1790445589.708,marker,gnss,52.40260700,-1.44752500,260.80,true,,
1790445589.709,marker,dr,52.40260372,-1.44737335,269.20,true,,
1790445589.709,marker,reconciled,0.00000000,0.00000000,0.00,false,,
1790445589.751,hud,speed,,,,,"4.3 / 4.2",4.310
1790445589.751,hud,heading,,,,,"91° / 99°",90.800
1790445589.752,hud,drift,,,,,"25.94%",25.940
1790445589.752,hud,turns,,,,,"✗ turns: 1/15",
1790445589.752,hud,calib_s,,,,,"✓ Buffer 6s",
1790445589.753,marker,gnss,52.40260700,-1.44752500,260.80,true,,
1790445589.753,marker,dr,52.40260352,-1.44736709,269.20,true,,
1790445589.753,marker,reconciled,0.00000000,0.00000000,0.00,false,,
1790445589.803,hud,speed,,,,,"4.3 / 4.2",4.260
1790445589.803,hud,heading,,,,,"91° / 99°",90.800
1790445589.804,hud,drift,,,,,"25.09%",25.090
1790445589.804,hud,turns,,,,,"✗ turns: 1/15",
1790445589.805,hud,calib_s,,,,,"✓ Buffer 6s",
1790445589.805,marker,gnss,52.40260700,-1.44752500,260.80,true,,
1790445589.806,marker,dr,52.40260329,-1.44736078,269.20,true,,
1790445589.806,marker,reconciled,0.00000000,0.00000000,0.00,false,,
1790445589.850,hud,speed,,,,,"4.2 / 4.2",4.230
1790445589.850,hud,heading,,,,,"91° / 99°",90.900
1790445589.850,hud,drift,,,,,"24.35%",24.350
1790445589.851,hud,turns,,,,,"✗ turns: 1/15",
1790445589.851,hud,calib_s,,,,,"✓ Buffer 6s",
1790445589.851,marker,gnss,52.40260700,-1.44752500,260.80,true,,
1790445589.852,marker,dr,52.40260310,-1.44735457,269.10,true,,
1790445589.852,marker,reconciled,0.00000000,0.00000000,0.00,false,,
1790445589.903,hud,speed,,,,,"4.2 / 4.2",4.190
1790445589.904,hud,heading,,,,,"91° / 99°",90.800
1790445589.904,hud,drift,,,,,"23.74%",23.740
1790445589.904,hud,turns,,,,,"✗ turns: 1/15",
1790445589.905,hud,calib_s,,,,,"✓ Buffer 6s",
1790445589.905,marker,gnss,52.40260700,-1.44752500,260.80,true,,
1790445589.906,marker,dr,52.40260295,-1.44734841,269.20,true,,
1790445589.906,marker,reconciled,0.00000000,0.00000000,0.00,false,,
1790445589.958,hud,speed,,,,,"3.9 / 4.2",3.920
1790445589.958,hud,heading,,,,,"91° / 99°",90.900
1790445589.959,hud,drift,,,,,"23.39%",23.390
1790445589.959,hud,turns,,,,,"✗ turns: 1/15",
1790445589.959,hud,calib_s,,,,,"✓ Buffer 6s",
1790445589.960,marker,gnss,52.40260700,-1.44752500,260.80,true,,
1790445589.961,marker,dr,52.40260279,-1.44734267,269.10,true,,
1790445589.961,marker,reconciled,0.00000000,0.00000000,0.00,false,,
1790445590.004,hud,speed,,,,,"0.0 / 4.2",0.000
1790445590.005,hud,heading,,,,,"91° / 99°",90.900
1790445590.005,hud,drift,,,,,"21.10%",21.100
1790445590.005,hud,turns,,,,,"✗ turns: 1/15",
1790445590.005,hud,calib_s,,,,,"✓ Buffer 6s",
1790445590.006,marker,gnss,52.40260700,-1.44752500,260.80,true,,
1790445590.007,marker,dr,52.40260279,-1.44734267,269.10,true,,
1790445590.007,marker,reconciled,0.00000000,0.00000000,0.00,false,,
1790445590.056,hud,speed,,,,,"0.0 / 4.2",0.000
1790445590.056,hud,heading,,,,,"91° / 99°",90.900
1790445590.056,hud,drift,,,,,"22.94%",22.940
1790445590.057,hud,turns,,,,,"✗ turns: 1/15",
1790445590.057,hud,calib_s,,,,,"✓ Buffer 6s",
1790445590.057,marker,gnss,52.40260700,-1.44752500,260.80,true,,
1790445590.058,marker,dr,52.40260279,-1.44734267,269.10,true,,
1790445590.059,marker,reconciled,0.00000000,0.00000000,0.00,false,,
1790445590.111,hud,speed,,,,,"3.6 / 4.2",3.550
1790445590.111,hud,heading,,,,,"91° / 99°",90.700
1790445590.112,hud,drift,,,,,"22.86%",22.860
1790445590.112,hud,turns,,,,,"✗ turns: 1/15",
1790445590.112,hud,calib_s,,,,,"✓ Buffer 6s",
1790445590.113,marker,gnss,52.40260700,-1.44752500,260.80,true,,
1790445590.113,marker,dr,52.40260273,-1.44733745,269.30,true,,
1790445590.113,marker,reconciled,0.00000000,0.00000000,0.00,false,,
1790445590.158,hud,speed,,,,,"0.0 / 4.2",0.000
1790445590.158,hud,heading,,,,,"91° / 99°",90.700
1790445590.159,hud,drift,,,,,"24.61%",24.610
1790445590.159,hud,turns,,,,,"✗ turns: 1/15",
1790445590.159,hud,calib_s,,,,,"✓ Buffer 6s",
1790445590.160,marker,gnss,52.40260700,-1.44752500,260.80,true,,
1790445590.160,marker,dr,52.40260273,-1.44733745,269.30,true,,
1790445590.160,marker,reconciled,0.00000000,0.00000000,0.00,false,,
1790445590.213,hud,speed,,,,,"3.3 / 4.2",3.300
1790445590.214,hud,heading,,,,,"90° / 99°",90.400
1790445590.215,hud,drift,,,,,"24.63%",24.630
1790445590.215,hud,turns,,,,,"✗ turns: 1/15",
1790445590.215,hud,calib_s,,,,,"✓ Buffer 6s",
1790445590.216,marker,gnss,52.40260700,-1.44752500,260.80,true,,
1790445590.216,marker,dr,52.40260272,-1.44733265,269.60,true,,
1790445590.217,marker,reconciled,0.00000000,0.00000000,0.00,false,,
1790445590.263,hud,speed,,,,,"0.0 / 4.2",0.000
1790445590.263,hud,heading,,,,,"90° / 99°",90.400
1790445590.264,hud,drift,,,,,"26.31%",26.310
1790445590.264,hud,turns,,,,,"✗ turns: 1/15",
1790445590.264,hud,calib_s,,,,,"✓ Buffer 6s",
1790445590.265,marker,gnss,52.40260700,-1.44752500,260.80,true,,
1790445590.265,marker,dr,52.40260272,-1.44733265,269.60,true,,
1790445590.266,marker,reconciled,0.00000000,0.00000000,0.00,false,,
1790445590.315,hud,speed,,,,,"0.0 / 4.2",0.000
1790445590.315,hud,heading,,,,,"90° / 99°",90.400
1790445590.316,hud,drift,,,,,"27.90%",27.900
1790445590.316,hud,turns,,,,,"✗ turns: 1/15",
1790445590.316,hud,calib_s,,,,,"✓ Buffer 6s",
1790445590.317,marker,gnss,52.40260700,-1.44752500,260.80,true,,
1790445590.317,marker,dr,52.40260272,-1.44733265,269.60,true,,
1790445590.318,marker,reconciled,0.00000000,0.00000000,0.00,false,,
1790445590.367,hud,speed,,,,,"0.0 / 4.2",0.000
1790445590.368,hud,heading,,,,,"90° / 99°",90.400
1790445590.368,hud,drift,,,,,"29.47%",29.470
1790445590.369,hud,turns,,,,,"✗ turns: 1/15",
1790445590.369,hud,calib_s,,,,,"✓ Buffer 6s",
1790445590.369,marker,gnss,52.40260700,-1.44752500,260.80,true,,
1790445590.370,marker,dr,52.40260272,-1.44733265,269.60,true,,
1790445590.371,marker,reconciled,0.00000000,0.00000000,0.00,false,,
1790445590.418,hud,speed,,,,,"3.2 / 4.2",3.200
1790445590.419,hud,heading,,,,,"90° / 99°",90.100
1790445590.419,hud,drift,,,,,"29.43%",29.430
1790445590.420,hud,turns,,,,,"✗ turns: 1/15",
1790445590.420,hud,calib_s,,,,,"✓ Buffer 6s",
1790445590.420,marker,gnss,52.40260700,-1.44752500,260.80,true,,
1790445590.421,marker,dr,52.40260273,-1.44732800,269.90,true,,
1790445590.421,marker,reconciled,0.00000000,0.00000000,0.00,false,,
1790445590.471,hud,speed,,,,,"3.2 / 4.2",3.200
1790445590.471,hud,heading,,,,,"90° / 99°",90.400
1790445590.472,hud,drift,,,,,"29.38%",29.380
1790445590.472,hud,turns,,,,,"✗ turns: 1/15",
1790445590.472,hud,calib_s,,,,,"✓ Buffer 6s",
1790445590.473,marker,gnss,52.40260700,-1.44752500,260.80,true,,
1790445590.473,marker,dr,52.40260273,-1.44732325,269.60,true,,
1790445590.473,marker,reconciled,0.00000000,0.00000000,0.00,false,,
1790445590.515,hud,speed,,,,,"0.0 / 4.2",0.000
1790445590.515,hud,heading,,,,,"90° / 99°",90.400
1790445590.516,hud,drift,,,,,"30.81%",30.810
1790445590.516,hud,turns,,,,,"✗ turns: 1/15",
1790445590.516,hud,calib_s,,,,,"✓ Buffer 6s",
1790445590.517,marker,gnss,52.40260700,-1.44752500,260.80,true,,
1790445590.518,marker,dr,52.40260273,-1.44732325,269.60,true,,
1790445590.518,marker,reconciled,0.00000000,0.00000000,0.00,false,,
1790445590.568,hud,speed,,,,,"0.0 / 4.2",0.000
1790445590.568,hud,heading,,,,,"90° / 99°",90.400
1790445590.569,hud,drift,,,,,"32.20%",32.200
1790445590.569,hud,turns,,,,,"✗ turns: 1/15",
1790445590.569,hud,calib_s,,,,,"✓ Buffer 6s",
1790445590.570,marker,gnss,52.40260700,-1.44752500,260.80,true,,
1790445590.570,marker,dr,52.40260273,-1.44732325,269.60,true,,
1790445590.571,marker,reconciled,0.00000000,0.00000000,0.00,false,,
1790445590.623,hud,speed,,,,,"0.0 / 4.2",0.000
1790445590.623,hud,heading,,,,,"90° / 99°",90.400
1790445590.624,hud,drift,,,,,"33.52%",33.520
1790445590.624,hud,turns,,,,,"✗ turns: 1/15",
1790445590.624,hud,calib_s,,,,,"✓ Buffer 6s",
1790445590.625,marker,gnss,52.40260700,-1.44752500,260.80,true,,
1790445590.625,marker,dr,52.40260273,-1.44732325,269.60,true,,
1790445590.626,marker,reconciled,0.00000000,0.00000000,0.00,false,,
1790445590.673,hud,speed,,,,,"3.2 / 4.2",3.230
1790445590.673,hud,heading,,,,,"91° / 99°",90.500
1790445590.673,hud,drift,,,,,"33.37%",33.370
1790445590.674,hud,turns,,,,,"✗ turns: 1/15",
1790445590.674,hud,calib_s,,,,,"✓ Buffer 6s",
1790445590.674,marker,gnss,52.40260700,-1.44752500,260.80,true,,
1790445590.675,marker,dr,52.40260270,-1.44731846,269.50,true,,
1790445590.676,marker,reconciled,0.00000000,0.00000000,0.00,false,,
1790445590.725,hud,speed,,,,,"3.3 / 4.2",3.270
1790445590.726,hud,heading,,,,,"91° / 99°",90.900
1790445590.727,hud,drift,,,,,"33.20%",33.200
1790445590.727,hud,turns,,,,,"✗ turns: 1/15",
1790445590.727,hud,calib_s,,,,,"✓ Buffer 6s",
1790445590.728,marker,gnss,52.40260700,-1.44752500,260.80,true,,
1790445590.728,marker,dr,52.40260264,-1.44731365,269.10,true,,
1790445590.729,marker,reconciled,0.00000000,0.00000000,0.00,false,,
1790445590.773,hud,speed,,,,,"0.0 / 4.2",0.000
1790445590.774,hud,heading,,,,,"91° / 99°",90.900
1790445590.774,hud,drift,,,,,"34.44%",34.440
1790445590.775,hud,turns,,,,,"✗ turns: 1/15",
1790445590.775,hud,calib_s,,,,,"✓ Buffer 6s",
1790445590.775,marker,gnss,52.40260700,-1.44752500,260.80,true,,
1790445590.776,marker,dr,52.40260264,-1.44731365,269.10,true,,
1790445590.776,marker,reconciled,0.00000000,0.00000000,0.00,false,,
1790445590.825,hud,speed,,,,,"3.4 / 4.2",3.410
1790445590.825,hud,heading,,,,,"91° / 99°",91.000
1790445590.825,hud,drift,,,,,"34.20%",34.200
1790445590.826,hud,turns,,,,,"✗ turns: 1/15",
1790445590.826,hud,calib_s,,,,,"✓ Buffer 6s",
1790445590.827,marker,gnss,52.40260700,-1.44752500,260.80,true,,
1790445590.827,marker,dr,52.40260254,-1.44730864,269.00,true,,
1790445590.828,marker,reconciled,0.00000000,0.00000000,0.00,false,,
1790445590.877,hud,speed,,,,,"3.5 / 4.2",3.490
1790445590.878,hud,heading,,,,,"91° / 99°",91.100
1790445590.878,hud,drift,,,,,"33.92%",33.920
1790445590.879,hud,turns,,,,,"✗ turns: 1/15",
1790445590.879,hud,calib_s,,,,,"✓ Buffer 6s",
1790445590.879,marker,gnss,52.40260700,-1.44752500,260.80,true,,
1790445590.880,marker,dr,52.40260242,-1.44730357,268.90,true,,
1790445590.880,marker,reconciled,0.00000000,0.00000000,0.00,false,,
1790445590.929,hud,speed,,,,,"3.6 / 4.2",3.570
1790445590.930,hud,heading,,,,,"91° / 99°",91.000
1790445590.930,hud,drift,,,,,"33.62%",33.620
1790445590.930,hud,turns,,,,,"✗ turns: 1/15",
1790445590.931,hud,calib_s,,,,,"✓ Buffer 6s",
1790445590.931,marker,gnss,52.40260700,-1.44752500,260.80,true,,
1790445590.932,marker,dr,52.40260226,-1.44729833,269.00,true,,
1790445590.932,marker,reconciled,0.00000000,0.00000000,0.00,false,,
1790445590.983,hud,speed,,,,,"3.6 / 4.2",3.570
1790445590.983,hud,heading,,,,,"91° / 99°",91.000
1790445590.984,hud,drift,,,,,"33.32%",33.320
1790445590.984,hud,turns,,,,,"✗ turns: 1/15",
1790445590.984,hud,calib_s,,,,,"✓ Buffer 6s",
1790445590.985,marker,gnss,52.40260700,-1.44752500,260.80,true,,
1790445590.985,marker,dr,52.40260206,-1.44729309,269.00,true,,
1790445590.985,marker,reconciled,0.00000000,0.00000000,0.00,false,,
1790445591.029,hud,speed,,,,,"3.6 / 4.2",3.550
1790445591.030,hud,heading,,,,,"91° / 99°",91.200
1790445591.030,hud,drift,,,,,"33.03%",33.030
1790445591.031,hud,turns,,,,,"✗ turns: 1/15",
1790445591.031,hud,calib_s,,,,,"✓ Buffer 6s",
1790445591.031,marker,gnss,52.40260700,-1.44752500,260.80,true,,
1790445591.032,marker,dr,52.40260183,-1.44728785,268.80,true,,
1790445591.032,marker,reconciled,0.00000000,0.00000000,0.00,false,,
1790445591.084,hud,speed,,,,,"3.5 / 4.2",3.490
1790445591.084,hud,heading,,,,,"91° / 99°",91.300
1790445591.084,hud,drift,,,,,"32.77%",32.770
1790445591.085,hud,turns,,,,,"✗ turns: 1/15",
1790445591.085,hud,calib_s,,,,,"✓ Buffer 6s",
1790445591.085,marker,gnss,52.40260700,-1.44752500,260.80,true,,
1790445591.086,marker,dr,52.40260157,-1.44728279,268.70,true,,
1790445591.086,marker,reconciled,0.00000000,0.00000000,0.00,false,,
1790445591.134,hud,speed,,,,,"3.5 / 4.2",3.540
1790445591.135,hud,heading,,,,,"91° / 99°",91.400
1790445591.135,hud,drift,,,,,"32.49%",32.490
1790445591.136,hud,turns,,,,,"✗ turns: 1/15",
1790445591.136,hud,calib_s,,,,,"✓ Buffer 6s",
1790445591.136,marker,gnss,52.40260700,-1.44752500,260.80,true,,
1790445591.137,marker,dr,52.40260122,-1.44727763,268.60,true,,
1790445591.137,marker,reconciled,0.00000000,0.00000000,0.00,false,,
1790445591.185,hud,speed,,,,,"3.5 / 4.2",3.480
1790445591.185,hud,heading,,,,,"91° / 99°",91.400
1790445591.186,hud,drift,,,,,"32.24%",32.240
1790445591.186,hud,turns,,,,,"✗ turns: 1/15",
1790445591.186,hud,calib_s,,,,,"✓ Buffer 6s",
1790445591.187,marker,gnss,52.40260700,-1.44752500,260.80,true,,
1790445591.187,marker,dr,52.40260090,-1.44727254,268.60,true,,
1790445591.188,marker,reconciled,0.00000000,0.00000000,0.00,false,,
1790445591.238,hud,speed,,,,,"3.7 / 4.2",3.670
1790445591.239,hud,heading,,,,,"91° / 99°",91.400
1790445591.239,hud,drift,,,,,"31.94%",31.940
1790445591.240,hud,turns,,,,,"✗ turns: 1/15",
1790445591.240,hud,calib_s,,,,,"✓ Buffer 6s",
1790445591.240,marker,gnss,52.40260700,-1.44752500,260.80,true,,
1790445591.241,marker,dr,52.40260058,-1.44726712,268.60,true,,
1790445591.241,marker,reconciled,0.00000000,0.00000000,0.00,false,,
1790445591.287,hud,speed,,,,,"3.7 / 4.2",3.680
1790445591.288,hud,heading,,,,,"91° / 99°",91.400
1790445591.288,hud,drift,,,,,"31.63%",31.630
1790445591.288,hud,turns,,,,,"✗ turns: 1/15",
1790445591.288,hud,calib_s,,,,,"✓ Buffer 6s",
1790445591.289,marker,gnss,52.40260700,-1.44752500,260.80,true,,
1790445591.289,marker,dr,52.40260022,-1.44726180,268.60,true,,
1790445591.290,marker,reconciled,0.00000000,0.00000000,0.00,false,,
1790445591.336,hud,speed,,,,,"3.9 / 4.2",3.850
1790445591.337,hud,heading,,,,,"92° / 99°",91.500
1790445591.337,hud,drift,,,,,"31.26%",31.260
1790445591.337,hud,turns,,,,,"✗ turns: 1/15",
1790445591.338,hud,calib_s,,,,,"✓ Buffer 6s",
1790445591.338,marker,gnss,52.40260700,-1.44752500,260.80,true,,
1790445591.339,marker,dr,52.40259976,-1.44725614,268.50,true,,
1790445591.340,marker,reconciled,0.00000000,0.00000000,0.00,false,,
1790445591.387,hud,speed,,,,,"3.8 / 4.2",3.830
1790445591.388,hud,heading,,,,,"92° / 99°",92.000
1790445591.388,hud,drift,,,,,"30.92%",30.920
1790445591.388,hud,turns,,,,,"✗ turns: 1/15",
1790445591.389,hud,calib_s,,,,,"✓ Buffer 6s",
1790445591.389,marker,gnss,52.40260700,-1.44752500,260.80,true,,
1790445591.389,marker,dr,52.40259936,-1.44725061,268.00,true,,
1790445591.390,marker,reconciled,0.00000000,0.00000000,0.00,false,,
1790445591.440,hud,speed,,,,,"3.9 / 4.2",3.860
1790445591.441,hud,heading,,,,,"92° / 99°",92.100
1790445591.441,hud,drift,,,,,"30.58%",30.580
1790445591.441,hud,turns,,,,,"✗ turns: 1/15",
1790445591.442,hud,calib_s,,,,,"✓ Buffer 6s",
1790445591.442,marker,gnss,52.40260700,-1.44752500,260.80,true,,
1790445591.443,marker,dr,52.40259898,-1.44724498,267.90,true,,
1790445591.444,marker,reconciled,0.00000000,0.00000000,0.00,false,,
1790445591.495,hud,speed,,,,,"4.0 / 4.2",3.950
1790445591.495,hud,heading,,,,,"92° / 99°",92.200
1790445591.496,hud,drift,,,,,"30.22%",30.220
1790445591.496,hud,turns,,,,,"✗ turns: 1/15",
1790445591.496,hud,calib_s,,,,,"✓ Buffer 6s",
1790445591.497,marker,gnss,52.40260700,-1.44752500,260.80,true,,
1790445591.497,marker,dr,52.40259854,-1.44723923,267.80,true,,
1790445591.497,marker,reconciled,0.00000000,0.00000000,0.00,false,,
1790445591.540,hud,speed,,,,,"4.1 / 4.2",4.060
1790445591.541,hud,heading,,,,,"92° / 99°",92.100
1790445591.541,hud,drift,,,,,"29.82%",29.820
1790445591.541,hud,turns,,,,,"✗ turns: 1/15",
1790445591.541,hud,calib_s,,,,,"✓ Buffer 6s",
1790445591.541,marker,gnss,52.40260700,-1.44752500,260.80,true,,
1790445591.542,marker,dr,52.40259803,-1.44723333,267.90,true,,
1790445591.542,marker,reconciled,0.00000000,0.00000000,0.00,false,,
1790445591.597,hud,speed,,,,,"4.4 / 4.2",4.350
1790445591.597,hud,heading,,,,,"92° / 99°",92.200
1790445591.598,hud,drift,,,,,"29.34%",29.340
1790445591.598,hud,turns,,,,,"✗ turns: 1/15",
1790445591.598,hud,calib_s,,,,,"✓ Buffer 6s",
1790445591.599,marker,gnss,52.40260700,-1.44752500,260.80,true,,
1790445591.599,marker,dr,52.40259751,-1.44722702,267.80,true,,
1790445591.600,marker,reconciled,0.00000000,0.00000000,0.00,false,,
1790445591.646,hud,speed,,,,,"4.4 / 4.2",4.350
1790445591.646,hud,heading,,,,,"92° / 99°",92.200
1790445591.646,hud,drift,,,,,"28.87%",28.870
1790445591.647,hud,turns,,,,,"✗ turns: 1/15",
1790445591.647,hud,calib_s,,,,,"✓ Buffer 6s",
1790445591.648,marker,gnss,52.40260700,-1.44752500,260.80,true,,
1790445591.649,marker,dr,52.40259698,-1.44722070,267.80,true,,
1790445591.649,marker,reconciled,0.00000000,0.00000000,0.00,false,,
1790445591.699,hud,speed,,,,,"4.4 / 4.2",4.360
1790445591.700,hud,heading,,,,,"92° / 99°",92.300
1790445591.700,hud,drift,,,,,"28.41%",28.410
1790445591.700,hud,turns,,,,,"✗ turns: 1/15",
1790445591.701,hud,calib_s,,,,,"✓ Buffer 6s",
1790445591.701,marker,gnss,52.40260700,-1.44752500,260.80,true,,
1790445591.702,marker,dr,52.40259642,-1.44721437,267.70,true,,
1790445591.702,marker,reconciled,0.00000000,0.00000000,0.00,false,,
1790445591.752,hud,speed,,,,,"4.5 / 4.2",4.500
1790445591.753,hud,heading,,,,,"92° / 99°",92.300
1790445591.753,hud,drift,,,,,"27.91%",27.910
1790445591.753,hud,turns,,,,,"✗ turns: 1/15",
1790445591.753,hud,calib_s,,,,,"✓ Buffer 6s",
1790445591.754,marker,gnss,52.40260700,-1.44752500,260.80,true,,
1790445591.755,marker,dr,52.40259584,-1.44720782,267.70,true,,
1790445591.755,marker,reconciled,0.00000000,0.00000000,0.00,false,,
1790445591.802,hud,speed,,,,,"4.6 / 4.2",4.570
1790445591.802,hud,heading,,,,,"92° / 99°",92.200
1790445591.803,hud,drift,,,,,"27.40%",27.400
1790445591.803,hud,turns,,,,,"✗ turns: 1/15",
1790445591.803,hud,calib_s,,,,,"✓ Buffer 6s",
1790445591.804,marker,gnss,52.40260700,-1.44752500,260.80,true,,
1790445591.804,marker,dr,52.40259527,-1.44720110,267.80,true,,
1790445591.805,marker,reconciled,0.00000000,0.00000000,0.00,false,,
1790445591.851,hud,speed,,,,,"4.9 / 4.2",4.910
1790445591.852,hud,heading,,,,,"92° / 99°",92.000
1790445591.852,hud,drift,,,,,"26.82%",26.820
1790445591.852,hud,turns,,,,,"✗ turns: 1/15",
1790445591.853,hud,calib_s,,,,,"✓ Buffer 6s",
1790445591.853,marker,gnss,52.40260700,-1.44752500,260.80,true,,
1790445591.854,marker,dr,52.40259470,-1.44719402,268.00,true,,
1790445591.854,marker,reconciled,0.00000000,0.00000000,0.00,false,,
1790445591.902,hud,speed,,,,,"5.1 / 4.2",5.130
1790445591.903,hud,heading,,,,,"92° / 99°",91.900
1790445591.903,hud,drift,,,,,"26.16%",26.160
1790445591.904,hud,turns,,,,,"✗ turns: 1/15",
1790445591.904,hud,calib_s,,,,,"✓ Buffer 6s",
1790445591.905,marker,gnss,52.40260700,-1.44752500,260.80,true,,
1790445591.905,marker,dr,52.40259403,-1.44718648,268.10,true,,
1790445591.905,marker,reconciled,0.00000000,0.00000000,0.00,false,,
1790445591.956,hud,speed,,,,,"5.3 / 4.2",5.320
1790445591.957,hud,heading,,,,,"92° / 99°",91.800
1790445591.957,hud,drift,,,,,"25.47%",25.470
1790445591.957,hud,turns,,,,,"✗ turns: 1/15",
1790445591.958,hud,calib_s,,,,,"✓ Buffer 6s",
1790445591.958,marker,gnss,52.40260700,-1.44752500,260.80,true,,
1790445591.959,marker,dr,52.40259336,-1.44717880,268.20,true,,
1790445591.959,marker,reconciled,0.00000000,0.00000000,0.00,false,,
1790445592.010,hud,speed,,,,,"5.5 / 4.2",5.480
1790445592.011,hud,heading,,,,,"92° / 99°",91.600
1790445592.011,hud,drift,,,,,"24.74%",24.740
1790445592.011,hud,turns,,,,,"✗ turns: 1/15",
1790445592.012,hud,calib_s,,,,,"✓ Buffer 6s",
1790445592.012,marker,gnss,52.40260700,-1.44752500,260.80,true,,
1790445592.013,marker,dr,52.40259265,-1.44717072,268.40,true,,
1790445592.013,marker,reconciled,0.00000000,0.00000000,0.00,false,,
1790445592.053,hud,speed,,,,,"5.5 / 4.2",5.500
1790445592.054,hud,heading,,,,,"91° / 99°",91.400
1790445592.054,hud,drift,,,,,"24.04%",24.040
1790445592.054,hud,turns,,,,,"✗ turns: 1/15",
1790445592.055,hud,calib_s,,,,,"✓ Buffer 6s",
1790445592.055,marker,gnss,52.40260700,-1.44752500,260.80,true,,
1790445592.056,marker,dr,52.40259193,-1.44716277,268.60,true,,
1790445592.056,marker,reconciled,0.00000000,0.00000000,0.00,false,,
1790445592.107,hud,speed,,,,,"5.5 / 4.2",5.480
1790445592.108,hud,heading,,,,,"91° / 99°",91.300
1790445592.108,hud,drift,,,,,"23.33%",23.330
1790445592.109,hud,turns,,,,,"✗ turns: 1/15",
1790445592.109,hud,calib_s,,,,,"✓ Buffer 6s",
1790445592.109,marker,gnss,52.40260700,-1.44752500,260.80,true,,
1790445592.110,marker,dr,52.40259114,-1.44715469,268.70,true,,
1790445592.110,marker,reconciled,0.00000000,0.00000000,0.00,false,,
1790445592.160,hud,speed,,,,,"5.6 / 4.2",5.590
1790445592.160,hud,heading,,,,,"91° / 99°",91.200
1790445592.161,hud,drift,,,,,"22.63%",22.630
1790445592.161,hud,turns,,,,,"✗ turns: 1/15",
1790445592.161,hud,calib_s,,,,,"✓ Buffer 6s",
1790445592.162,marker,gnss,52.40260700,-1.44752500,260.80,true,,
1790445592.163,marker,dr,52.40259038,-1.44714660,268.80,true,,
1790445592.163,marker,reconciled,0.00000000,0.00000000,0.00,false,,
1790445592.210,hud,speed,,,,,"5.6 / 4.2",5.620
1790445592.210,hud,heading,,,,,"91° / 99°",91.100
1790445592.210,hud,drift,,,,,"21.89%",21.890
1790445592.211,hud,turns,,,,,"✗ turns: 1/15",
1790445592.211,hud,calib_s,,,,,"✓ Buffer 6s",
1790445592.212,marker,gnss,52.40260700,-1.44752500,260.80,true,,
1790445592.212,marker,dr,52.40258955,-1.44713798,268.90,true,,
1790445592.213,marker,reconciled,0.00000000,0.00000000,0.00,false,,
1790445592.260,hud,speed,,,,,"5.8 / 4.2",5.760
1790445592.260,hud,heading,,,,,"91° / 99°",91.000
1790445592.261,hud,drift,,,,,"21.22%",21.220
1790445592.261,hud,turns,,,,,"✗ turns: 1/15",
1790445592.261,hud,calib_s,,,,,"✓ Buffer 6s",
1790445592.262,marker,gnss,52.40260700,-1.44752500,260.80,true,,
1790445592.262,marker,dr,52.40258883,-1.44712998,269.00,true,,
1790445592.263,marker,reconciled,0.00000000,0.00000000,0.00,false,,
1790445592.311,hud,speed,,,,,"5.8 / 4.2",5.840
1790445592.311,hud,heading,,,,,"91° / 99°",90.900
1790445592.312,hud,drift,,,,,"20.49%",20.490
1790445592.312,hud,turns,,,,,"✗ turns: 1/15",
1790445592.312,hud,calib_s,,,,,"✓ Buffer 6s",
1790445592.313,marker,gnss,52.40260700,-1.44752500,260.80,true,,
1790445592.313,marker,dr,52.40258804,-1.44712134,269.10,true,,
1790445592.313,marker,reconciled,0.00000000,0.00000000,0.00,false,,
1790445592.363,hud,speed,,,,,"5.9 / 4.2",5.880
1790445592.363,hud,heading,,,,,"91° / 99°",90.900
1790445592.364,hud,drift,,,,,"19.78%",19.780
1790445592.364,hud,turns,,,,,"✗ turns: 1/15",
1790445592.364,hud,calib_s,,,,,"✓ Buffer 6s",
1790445592.365,marker,gnss,52.40260700,-1.44752500,260.80,true,,
1790445592.365,marker,dr,52.40258725,-1.44711284,269.10,true,,
1790445592.366,marker,reconciled,0.00000000,0.00000000,0.00,false,,
1790445592.415,hud,speed,,,,,"6.1 / 4.2",6.050
1790445592.416,hud,heading,,,,,"91° / 99°",90.900
1790445592.416,hud,drift,,,,,"19.04%",19.040
1790445592.416,hud,turns,,,,,"✗ turns: 1/15",
1790445592.416,hud,calib_s,,,,,"✓ Buffer 6s",
1790445592.417,marker,gnss,52.40260700,-1.44752500,260.80,true,,
1790445592.417,marker,dr,52.40258645,-1.44710392,269.10,true,,
1790445592.418,marker,reconciled,0.00000000,0.00000000,0.00,false,,
1790445592.469,hud,speed,,,,,"6.1 / 4.2",6.070
1790445592.469,hud,heading,,,,,"91° / 99°",90.700
1790445592.470,hud,drift,,,,,"18.32%",18.320
1790445592.470,hud,turns,,,,,"✗ turns: 1/15",
1790445592.471,hud,calib_s,,,,,"✓ Buffer 6s",
1790445592.471,marker,gnss,52.40260700,-1.44752500,260.80,true,,
1790445592.472,marker,dr,52.40258565,-1.44709504,269.30,true,,
1790445592.472,marker,reconciled,0.00000000,0.00000000,0.00,false,,
1790445592.518,hud,speed,,,,,"6.2 / 4.2",6.180
1790445592.518,hud,heading,,,,,"91° / 99°",90.700
1790445592.519,hud,drift,,,,,"17.59%",17.590
1790445592.519,hud,turns,,,,,"✗ turns: 1/15",
1790445592.519,hud,calib_s,,,,,"✓ Buffer 6s",
1790445592.520,marker,gnss,52.40260700,-1.44752500,260.80,true,,
1790445592.520,marker,dr,52.40258481,-1.44708600,269.30,true,,
1790445592.521,marker,reconciled,0.00000000,0.00000000,0.00,false,,
1790445592.566,hud,speed,,,,,"6.3 / 4.2",6.260
1790445592.567,hud,heading,,,,,"91° / 99°",90.700
1790445592.567,hud,drift,,,,,"16.87%",16.870
1790445592.568,hud,turns,,,,,"✗ turns: 1/15",
1790445592.568,hud,calib_s,,,,,"✓ Buffer 6s",
1790445592.568,marker,gnss,52.40260700,-1.44752500,260.80,true,,
1790445592.569,marker,dr,52.40258400,-1.44707695,269.30,true,,
1790445592.569,marker,reconciled,0.00000000,0.00000000,0.00,false,,
1790445592.616,hud,speed,,,,,"6.4 / 4.2",6.420
1790445592.617,hud,heading,,,,,"91° / 99°",90.700
1790445592.617,hud,drift,,,,,"16.12%",16.120
1790445592.617,hud,turns,,,,,"✗ turns: 1/15",
1790445592.617,hud,calib_s,,,,,"✓ Buffer 6s",
1790445592.618,marker,gnss,52.40260700,-1.44752500,260.80,true,,
1790445592.619,marker,dr,52.40258321,-1.44706756,269.30,true,,
1790445592.620,marker,reconciled,0.00000000,0.00000000,0.00,false,,
1790445592.665,hud,speed,,,,,"6.4 / 4.2",6.430
1790445592.665,hud,heading,,,,,"91° / 99°",90.700
1790445592.665,hud,drift,,,,,"15.40%",15.400
1790445592.665,hud,turns,,,,,"✗ turns: 1/15",
1790445592.666,hud,calib_s,,,,,"✓ Buffer 6s",
1790445592.666,marker,gnss,52.40260700,-1.44752500,260.80,true,,
1790445592.667,marker,dr,52.40258244,-1.44705816,269.30,true,,
1790445592.667,marker,reconciled,0.00000000,0.00000000,0.00,false,,
1790445592.717,hud,speed,,,,,"6.6 / 4.2",6.600
1790445592.718,hud,heading,,,,,"91° / 99°",90.700
1790445592.718,hud,drift,,,,,"14.67%",14.670
1790445592.719,hud,turns,,,,,"✗ turns: 1/15",
1790445592.719,hud,calib_s,,,,,"✓ Buffer 6s",
1790445592.719,marker,gnss,52.40260700,-1.44752500,260.80,true,,
1790445592.720,marker,dr,52.40258165,-1.44704849,269.30,true,,
1790445592.720,marker,reconciled,0.00000000,0.00000000,0.00,false,,
1790445592.769,hud,speed,,,,,"6.6 / 8.5",6.560
1790445592.770,hud,heading,,,,,"91° / 143°",90.700
1790445592.770,hud,drift,,,,,"48.16%",48.160
1790445592.770,hud,turns,,,,,"✗ turns: 1/15",
1790445592.771,hud,calib_s,,,,,"✓ Buffer 6s",
1790445592.771,marker,gnss,52.40251500,-1.44660100,216.80,true,,
1790445592.772,marker,dr,52.40258090,-1.44703880,269.30,true,,
1790445592.772,marker,reconciled,0.00000000,0.00000000,0.00,false,,
1790445592.816,hud,speed,,,,,"6.7 / 8.5",6.740
1790445592.816,hud,heading,,,,,"91° / 143°",90.700
1790445592.816,hud,drift,,,,,"47.52%",47.520
1790445592.817,hud,turns,,,,,"✗ turns: 1/15",
1790445592.817,hud,calib_s,,,,,"✓ Buffer 6s",
1790445592.817,marker,gnss,52.40251500,-1.44660100,216.80,true,,
1790445592.818,marker,dr,52.40258016,-1.44702905,269.30,true,,
1790445592.818,marker,reconciled,0.00000000,0.00000000,0.00,false,,
1790445592.868,hud,speed,,,,,"6.8 / 8.5",6.820
1790445592.868,hud,heading,,,,,"91° / 143°",90.800
1790445592.869,hud,drift,,,,,"46.90%",46.900
1790445592.869,hud,turns,,,,,"✗ turns: 1/15",
1790445592.869,hud,calib_s,,,,,"✓ Buffer 6s",
1790445592.870,marker,gnss,52.40251500,-1.44660100,216.80,true,,
1790445592.870,marker,dr,52.40257941,-1.44701908,269.20,true,,
1790445592.871,marker,reconciled,0.00000000,0.00000000,0.00,false,,
1790445592.917,hud,speed,,,,,"6.9 / 8.5",6.890
1790445592.918,hud,heading,,,,,"91° / 143°",90.800
1790445592.918,hud,drift,,,,,"46.29%",46.290
1790445592.918,hud,turns,,,,,"✗ turns: 1/15",
1790445592.918,hud,calib_s,,,,,"✓ Buffer 6s",
1790445592.919,marker,gnss,52.40251500,-1.44660100,216.80,true,,
1790445592.919,marker,dr,52.40257865,-1.44700892,269.20,true,,
1790445592.919,marker,reconciled,0.00000000,0.00000000,0.00,false,,
1790445592.974,hud,speed,,,,,"6.9 / 8.5",6.940
1790445592.975,hud,heading,,,,,"91° / 143°",90.700
1790445592.975,hud,drift,,,,,"45.72%",45.720
1790445592.975,hud,turns,,,,,"✗ turns: 1/15",
1790445592.976,hud,calib_s,,,,,"✓ Buffer 6s",
1790445592.976,marker,gnss,52.40251500,-1.44660100,216.80,true,,
1790445592.977,marker,dr,52.40257797,-1.44699886,269.30,true,,
1790445592.977,marker,reconciled,0.00000000,0.00000000,0.00,false,,
1790445593.024,hud,speed,,,,,"7.1 / 8.5",7.050
1790445593.024,hud,heading,,,,,"91° / 143°",90.600
1790445593.025,hud,drift,,,,,"45.17%",45.170
1790445593.025,hud,turns,,,,,"✗ turns: 1/15",
1790445593.025,hud,calib_s,,,,,"✓ Buffer 6s",
1790445593.025,marker,gnss,52.40251500,-1.44660100,216.80,true,,
1790445593.026,marker,dr,52.40257727,-1.44698844,269.40,true,,
1790445593.026,marker,reconciled,0.00000000,0.00000000,0.00,false,,
1790445593.070,hud,speed,,,,,"7.1 / 8.5",7.110
1790445593.071,hud,heading,,,,,"91° / 143°",90.700
1790445593.071,hud,drift,,,,,"44.64%",44.640
1790445593.071,hud,turns,,,,,"✗ turns: 1/15",
1790445593.071,hud,calib_s,,,,,"✓ Buffer 6s",
1790445593.072,marker,gnss,52.40251500,-1.44660100,216.80,true,,
1790445593.072,marker,dr,52.40257661,-1.44697804,269.30,true,,
1790445593.073,marker,reconciled,0.00000000,0.00000000,0.00,false,,
1790445593.121,hud,speed,,,,,"7.6 / 8.5",7.600
1790445593.122,hud,heading,,,,,"91° / 143°",90.800
1790445593.122,hud,drift,,,,,"44.08%",44.080
1790445593.123,hud,turns,,,,,"✗ turns: 1/15",
1790445593.123,hud,calib_s,,,,,"✓ Buffer 6s",
1790445593.124,marker,gnss,52.40251500,-1.44660100,216.80,true,,
1790445593.124,marker,dr,52.40257593,-1.44696692,269.20,true,,
1790445593.125,marker,reconciled,0.00000000,0.00000000,0.00,false,,
1790445593.173,hud,speed,,,,,"7.6 / 8.5",7.630
1790445593.173,hud,heading,,,,,"91° / 143°",90.700
1790445593.174,hud,drift,,,,,"43.55%",43.550
1790445593.174,hud,turns,,,,,"✗ turns: 1/15",
1790445593.174,hud,calib_s,,,,,"✓ Buffer 6s",
1790445593.175,marker,gnss,52.40251500,-1.44660100,216.80,true,,
1790445593.175,marker,dr,52.40257526,-1.44695575,269.30,true,,
1790445593.176,marker,reconciled,0.00000000,0.00000000,0.00,false,,
1790445593.227,hud,speed,,,,,"7.7 / 8.5",7.710
1790445593.227,hud,heading,,,,,"91° / 143°",90.700
1790445593.228,hud,drift,,,,,"43.04%",43.040
1790445593.228,hud,turns,,,,,"✗ turns: 1/15",
1790445593.228,hud,calib_s,,,,,"✓ Buffer 6s",
1790445593.229,marker,gnss,52.40251500,-1.44660100,216.80,true,,
1790445593.230,marker,dr,52.40257459,-1.44694458,269.30,true,,
1790445593.230,marker,reconciled,0.00000000,0.00000000,0.00,false,,
1790445593.278,hud,speed,,,,,"7.8 / 8.5",7.840
1790445593.279,hud,heading,,,,,"91° / 143°",90.800
1790445593.279,hud,drift,,,,,"42.55%",42.550
1790445593.279,hud,turns,,,,,"✗ turns: 1/15",
1790445593.279,hud,calib_s,,,,,"✓ Buffer 6s",
1790445593.280,marker,gnss,52.40251500,-1.44660100,216.80,true,,
1790445593.280,marker,dr,52.40257393,-1.44693310,269.20,true,,
1790445593.281,marker,reconciled,0.00000000,0.00000000,0.00,false,,
1790445593.326,hud,speed,,,,,"7.9 / 8.5",7.880
1790445593.327,hud,heading,,,,,"91° / 143°",90.800
1790445593.327,hud,drift,,,,,"42.08%",42.080
1790445593.327,hud,turns,,,,,"✗ turns: 1/15",
1790445593.328,hud,calib_s,,,,,"✓ Buffer 6s",
1790445593.328,marker,gnss,52.40251500,-1.44660100,216.80,true,,
1790445593.329,marker,dr,52.40257332,-1.44692145,269.20,true,,
1790445593.329,marker,reconciled,0.00000000,0.00000000,0.00,false,,
1790445593.378,hud,speed,,,,,"8.0 / 8.5",8.030
1790445593.379,hud,heading,,,,,"91° / 143°",90.600
1790445593.379,hud,drift,,,,,"41.63%",41.630
1790445593.380,hud,turns,,,,,"✗ turns: 1/15",
1790445593.380,hud,calib_s,,,,,"✓ Buffer 6s",
1790445593.380,marker,gnss,52.40251500,-1.44660100,216.80,true,,
1790445593.381,marker,dr,52.40257273,-1.44690980,269.40,true,,
1790445593.381,marker,reconciled,0.00000000,0.00000000,0.00,false,,
1790445593.427,hud,speed,,,,,"8.2 / 8.5",8.160
1790445593.428,hud,heading,,,,,"90° / 143°",90.400
1790445593.428,hud,drift,,,,,"41.20%",41.200
1790445593.429,hud,turns,,,,,"✗ turns: 1/15",
1790445593.429,hud,calib_s,,,,,"✓ Buffer 6s",
1790445593.429,marker,gnss,52.40251500,-1.44660100,216.80,true,,
1790445593.430,marker,dr,52.40257215,-1.44689784,269.60,true,,
1790445593.430,marker,reconciled,0.00000000,0.00000000,0.00,false,,
1790445593.481,hud,speed,,,,,"8.5 / 8.5",8.500
1790445593.482,hud,heading,,,,,"90° / 143°",90.200
1790445593.482,hud,drift,,,,,"40.75%",40.750
1790445593.482,hud,turns,,,,,"✗ turns: 1/15",
1790445593.483,hud,calib_s,,,,,"✓ Buffer 6s",
1790445593.483,marker,gnss,52.40251500,-1.44660100,216.80,true,,
1790445593.484,marker,dr,52.40257157,-1.44688536,269.80,true,,
1790445593.484,marker,reconciled,0.00000000,0.00000000,0.00,false,,
1790445593.538,hud,speed,,,,,"8.7 / 8.5",8.730
1790445593.538,hud,heading,,,,,"90° / 143°",90.100
1790445593.539,hud,drift,,,,,"40.31%",40.310
1790445593.539,hud,turns,,,,,"✗ turns: 1/15",
1790445593.539,hud,calib_s,,,,,"✓ Buffer 6s",
1790445593.540,marker,gnss,52.40251500,-1.44660100,216.80,true,,
1790445593.540,marker,dr,52.40257098,-1.44687253,269.90,true,,
1790445593.541,marker,reconciled,0.00000000,0.00000000,0.00,false,,
1790445593.581,hud,speed,,,,,"8.7 / 8.5",8.730
1790445593.581,hud,heading,,,,,"90° / 143°",89.900
1790445593.581,hud,drift,,,,,"39.89%",39.890
1790445593.582,hud,turns,,,,,"✗ turns: 1/15",
1790445593.582,hud,calib_s,,,,,"✓ Buffer 6s",
1790445593.583,marker,gnss,52.40251500,-1.44660100,216.80,true,,
1790445593.583,marker,dr,52.40257041,-1.44685956,270.10,true,,
1790445593.583,marker,reconciled,0.00000000,0.00000000,0.00,false,,
1790445593.633,hud,speed,,,,,"8.9 / 8.5",8.850
1790445593.633,hud,heading,,,,,"90° / 143°",89.800
1790445593.634,hud,drift,,,,,"39.50%",39.500
1790445593.634,hud,turns,,,,,"✗ turns: 1/15",
1790445593.635,hud,calib_s,,,,,"✓ Buffer 6s",
1790445593.635,marker,gnss,52.40251500,-1.44660100,216.80,true,,
1790445593.636,marker,dr,52.40256988,-1.44684655,270.20,true,,
1790445593.636,marker,reconciled,0.00000000,0.00000000,0.00,false,,
1790445593.682,hud,speed,,,,,"9.1 / 8.5",9.110
1790445593.682,hud,heading,,,,,"90° / 143°",89.800
1790445593.683,hud,drift,,,,,"39.12%",39.120
1790445593.683,hud,turns,,,,,"✗ turns: 1/15",
1790445593.684,hud,calib_s,,,,,"✓ Buffer 6s",
1790445593.684,marker,gnss,52.40251500,-1.44660100,216.80,true,,
1790445593.685,marker,dr,52.40256935,-1.44683329,270.20,true,,
1790445593.685,marker,reconciled,0.00000000,0.00000000,0.00,false,,
1790445593.737,hud,speed,,,,,"9.1 / 8.5",9.070
1790445593.738,hud,heading,,,,,"90° / 143°",89.600
1790445593.738,hud,drift,,,,,"38.78%",38.780
1790445593.739,hud,turns,,,,,"✗ turns: 1/15",
1790445593.739,hud,calib_s,,,,,"✓ Buffer 6s",
1790445593.740,marker,gnss,52.40251500,-1.44660100,216.80,true,,
1790445593.740,marker,dr,52.40256894,-1.44681996,270.40,true,,
1790445593.741,marker,reconciled,0.00000000,0.00000000,0.00,false,,
1790445593.785,hud,speed,,,,,"9.2 / 8.5",9.210
1790445593.786,hud,heading,,,,,"90° / 143°",89.500
1790445593.786,hud,drift,,,,,"38.46%",38.460
1790445593.787,hud,turns,,,,,"✗ turns: 1/15",
1790445593.787,hud,calib_s,,,,,"✓ Buffer 6s",
1790445593.788,marker,gnss,52.40251500,-1.44660100,216.80,true,,
1790445593.788,marker,dr,52.40256855,-1.44680641,270.50,true,,
1790445593.789,marker,reconciled,0.00000000,0.00000000,0.00,false,,
1790445593.837,hud,speed,,,,,"9.3 / 8.5",9.280
1790445593.837,hud,heading,,,,,"89° / 143°",89.200
1790445593.837,hud,drift,,,,,"38.16%",38.160
1790445593.838,hud,turns,,,,,"✗ turns: 1/15",
1790445593.838,hud,calib_s,,,,,"✓ Buffer 6s",
1790445593.839,marker,gnss,52.40251500,-1.44660100,216.80,true,,
1790445593.839,marker,dr,52.40256819,-1.44679262,270.80,true,,
1790445593.840,marker,reconciled,0.00000000,0.00000000,0.00,false,,
1790445593.888,hud,speed,,,,,"9.6 / 8.5",9.630
1790445593.888,hud,heading,,,,,"89° / 143°",89.000
1790445593.889,hud,drift,,,,,"37.85%",37.850
1790445593.889,hud,turns,,,,,"✗ turns: 1/15",
1790445593.889,hud,calib_s,,,,,"✓ Buffer 6s",
1790445593.890,marker,gnss,52.40251500,-1.44660100,216.80,true,,
1790445593.891,marker,dr,52.40256779,-1.44677845,271.00,true,,
1790445593.891,marker,reconciled,0.00000000,0.00000000,0.00,false,,
1790445593.936,hud,speed,,,,,"9.6 / 8.5",9.560
1790445593.937,hud,heading,,,,,"89° / 143°",89.000
1790445593.937,hud,drift,,,,,"37.59%",37.590
1790445593.937,hud,turns,,,,,"✗ turns: 1/15",
1790445593.938,hud,calib_s,,,,,"✓ Buffer 6s",
1790445593.938,marker,gnss,52.40251500,-1.44660100,216.80,true,,
1790445593.939,marker,dr,52.40256746,-1.44676450,271.00,true,,
1790445593.939,marker,reconciled,0.00000000,0.00000000,0.00,false,,
1790445593.989,hud,speed,,,,,"9.7 / 8.5",9.650
1790445593.990,hud,heading,,,,,"89° / 143°",88.900
1790445593.991,hud,drift,,,,,"37.35%",37.350
1790445593.991,hud,turns,,,,,"✗ turns: 1/15",
1790445593.991,hud,calib_s,,,,,"✓ Buffer 6s",
1790445593.992,marker,gnss,52.40251500,-1.44660100,216.80,true,,
1790445593.992,marker,dr,52.40256721,-1.44675028,271.10,true,,
1790445593.993,marker,reconciled,0.00000000,0.00000000,0.00,false,,
1790445594.039,hud,speed,,,,,"9.7 / 8.5",9.710
1790445594.040,hud,heading,,,,,"89° / 143°",88.800
1790445594.040,hud,drift,,,,,"37.14%",37.140
1790445594.041,hud,turns,,,,,"✗ turns: 1/15",
1790445594.041,hud,calib_s,,,,,"✓ Buffer 6s",
1790445594.041,marker,gnss,52.40251500,-1.44660100,216.80,true,,
1790445594.042,marker,dr,52.40256699,-1.44673583,271.20,true,,
1790445594.042,marker,reconciled,0.00000000,0.00000000,0.00,false,,
1790445594.091,hud,speed,,,,,"10.0 / 8.5",9.970
1790445594.091,hud,heading,,,,,"89° / 143°",88.600
1790445594.092,hud,drift,,,,,"36.94%",36.940
1790445594.092,hud,turns,,,,,"✗ turns: 1/15",
1790445594.092,hud,calib_s,,,,,"✓ Buffer 6s",
1790445594.093,marker,gnss,52.40251500,-1.44660100,216.80,true,,
1790445594.093,marker,dr,52.40256679,-1.44672116,271.40,true,,
1790445594.094,marker,reconciled,0.00000000,0.00000000,0.00,false,,
1790445594.141,hud,speed,,,,,"9.9 / 8.5",9.910
1790445594.142,hud,heading,,,,,"88° / 143°",88.400
1790445594.143,hud,drift,,,,,"36.77%",36.770
1790445594.143,hud,turns,,,,,"✗ turns: 1/15",
1790445594.143,hud,calib_s,,,,,"✓ Buffer 6s",
1790445594.144,marker,gnss,52.40251500,-1.44660100,216.80,true,,
1790445594.145,marker,dr,52.40256659,-1.44670657,271.60,true,,
1790445594.145,marker,reconciled,0.00000000,0.00000000,0.00,false,,
1790445594.191,hud,speed,,,,,"10.0 / 8.5",10.000
1790445594.191,hud,heading,,,,,"88° / 143°",88.400
1790445594.192,hud,drift,,,,,"36.62%",36.620
1790445594.192,hud,turns,,,,,"✗ turns: 1/15",
1790445594.192,hud,calib_s,,,,,"✓ Buffer 6s",
1790445594.193,marker,gnss,52.40251500,-1.44660100,216.80,true,,
1790445594.193,marker,dr,52.40256644,-1.44669197,271.60,true,,
1790445594.193,marker,reconciled,0.00000000,0.00000000,0.00,false,,
1790445594.244,hud,speed,,,,,"10.2 / 8.5",10.160
1790445594.244,hud,heading,,,,,"88° / 143°",88.300
1790445594.245,hud,drift,,,,,"36.50%",36.500
1790445594.245,hud,turns,,,,,"✗ turns: 1/15",
1790445594.245,hud,calib_s,,,,,"✓ Buffer 6s",
1790445594.246,marker,gnss,52.40251500,-1.44660100,216.80,true,,
1790445594.248,marker,dr,52.40256636,-1.44667702,271.70,true,,
1790445594.248,marker,reconciled,0.00000000,0.00000000,0.00,false,,
1790445594.297,hud,speed,,,,,"10.3 / 8.5",10.300
1790445594.298,hud,heading,,,,,"88° / 143°",88.100
1790445594.298,hud,drift,,,,,"36.39%",36.390
1790445594.299,hud,turns,,,,,"✗ turns: 1/15",
1790445594.299,hud,calib_s,,,,,"✓ Buffer 6s",
1790445594.299,marker,gnss,52.40251500,-1.44660100,216.80,true,,
1790445594.300,marker,dr,52.40256629,-1.44666185,271.90,true,,
1790445594.300,marker,reconciled,0.00000000,0.00000000,0.00,false,,
1790445594.344,hud,speed,,,,,"10.3 / 8.5",10.330
1790445594.345,hud,heading,,,,,"88° / 143°",87.900
1790445594.345,hud,drift,,,,,"36.31%",36.310
1790445594.345,hud,turns,,,,,"✗ turns: 1/15",
1790445594.345,hud,calib_s,,,,,"✓ Buffer 6s",
1790445594.346,marker,gnss,52.40251500,-1.44660100,216.80,true,,
1790445594.347,marker,dr,52.40256618,-1.44664648,272.10,true,,
1790445594.347,marker,reconciled,0.00000000,0.00000000,0.00,false,,
1790445594.394,hud,speed,,,,,"10.3 / 8.5",10.280
1790445594.394,hud,heading,,,,,"88° / 143°",87.600
1790445594.394,hud,drift,,,,,"36.25%",36.250
1790445594.395,hud,turns,,,,,"✗ turns: 1/15",
1790445594.395,hud,calib_s,,,,,"✓ Buffer 6s",
1790445594.395,marker,gnss,52.40251500,-1.44660100,216.80,true,,
1790445594.396,marker,dr,52.40256613,-1.44663150,272.40,true,,
1790445594.396,marker,reconciled,0.00000000,0.00000000,0.00,false,,
1790445594.448,hud,speed,,,,,"10.2 / 8.5",10.220
1790445594.448,hud,heading,,,,,"88° / 143°",87.700
1790445594.449,hud,drift,,,,,"36.23%",36.230
1790445594.449,hud,turns,,,,,"✗ turns: 1/15",
1790445594.449,hud,calib_s,,,,,"✓ Buffer 6s",
1790445594.450,marker,gnss,52.40251500,-1.44660100,216.80,true,,
1790445594.450,marker,dr,52.40256614,-1.44661645,272.30,true,,
1790445594.451,marker,reconciled,0.00000000,0.00000000,0.00,false,,
1790445594.494,hud,speed,,,,,"10.2 / 8.5",10.190
1790445594.495,hud,heading,,,,,"88° / 143°",87.700
1790445594.495,hud,drift,,,,,"36.23%",36.230
1790445594.495,hud,turns,,,,,"✗ turns: 1/15",
1790445594.496,hud,calib_s,,,,,"✓ Buffer 6s",
1790445594.496,marker,gnss,52.40251500,-1.44660100,216.80,true,,
1790445594.497,marker,dr,52.40256616,-1.44660143,272.30,true,,
1790445594.497,marker,reconciled,0.00000000,0.00000000,0.00,false,,
1790445594.551,hud,speed,,,,,"10.2 / 8.5",10.220
1790445594.551,hud,heading,,,,,"88° / 143°",87.700
1790445594.551,hud,drift,,,,,"36.26%",36.260
1790445594.552,hud,turns,,,,,"✗ turns: 1/15",
1790445594.552,hud,calib_s,,,,,"✓ Buffer 6s",
1790445594.552,marker,gnss,52.40251500,-1.44660100,216.80,true,,
1790445594.553,marker,dr,52.40256623,-1.44658624,272.30,true,,
1790445594.553,marker,reconciled,0.00000000,0.00000000,0.00,false,,
1790445594.598,hud,speed,,,,,"10.1 / 8.5",10.090
1790445594.599,hud,heading,,,,,"88° / 143°",87.700
1790445594.599,hud,drift,,,,,"36.31%",36.310
1790445594.599,hud,turns,,,,,"✗ turns: 1/15",
1790445594.600,hud,calib_s,,,,,"✓ Buffer 6s",
1790445594.600,marker,gnss,52.40251500,-1.44660100,216.80,true,,
1790445594.600,marker,dr,52.40256631,-1.44657154,272.30,true,,
1790445594.601,marker,reconciled,0.00000000,0.00000000,0.00,false,,
1790445594.649,hud,speed,,,,,"10.1 / 8.5",10.070
1790445594.649,hud,heading,,,,,"88° / 143°",87.600
1790445594.650,hud,drift,,,,,"36.39%",36.390
1790445594.650,hud,turns,,,,,"✗ turns: 1/15",
1790445594.650,hud,calib_s,,,,,"✓ Buffer 6s",
1790445594.651,marker,gnss,52.40251500,-1.44660100,216.80,true,,
1790445594.651,marker,dr,52.40256644,-1.44655673,272.40,true,,
1790445594.652,marker,reconciled,0.00000000,0.00000000,0.00,false,,
1790445594.704,hud,speed,,,,,"10.0 / 8.5",10.010
1790445594.705,hud,heading,,,,,"87° / 143°",87.400
1790445594.705,hud,drift,,,,,"36.49%",36.490
1790445594.705,hud,turns,,,,,"✗ turns: 1/15",
1790445594.706,hud,calib_s,,,,,"✓ Buffer 6s",
1790445594.706,marker,gnss,52.40251500,-1.44660100,216.80,true,,
1790445594.707,marker,dr,52.40256657,-1.44654201,272.60,true,,
1790445594.707,marker,reconciled,0.00000000,0.00000000,0.00,false,,
1790445594.752,hud,speed,,,,,"10.0 / 8.5",9.960
1790445594.752,hud,heading,,,,,"87° / 143°",86.900
1790445594.753,hud,drift,,,,,"36.60%",36.600
1790445594.753,hud,turns,,,,,"✗ turns: 1/15",
1790445594.753,hud,calib_s,,,,,"✓ Buffer 6s",
1790445594.754,marker,gnss,52.40251500,-1.44660100,216.80,true,,
1790445594.754,marker,dr,52.40256670,-1.44652737,273.10,true,,
1790445594.755,marker,reconciled,0.00000000,0.00000000,0.00,false,,
1790445594.807,hud,speed,,,,,"9.8 / 8.5",9.840
1790445594.807,hud,heading,,,,,"87° / 143°",86.700
1790445594.807,hud,drift,,,,,"36.73%",36.730
1790445594.807,hud,turns,,,,,"✗ turns: 1/15",
1790445594.808,hud,calib_s,,,,,"✓ Buffer 6s",
1790445594.808,marker,gnss,52.40251500,-1.44660100,216.80,true,,
1790445594.809,marker,dr,52.40256684,-1.44651287,273.30,true,,
1790445594.809,marker,reconciled,0.00000000,0.00000000,0.00,false,,
1790445594.853,hud,speed,,,,,"9.8 / 8.5",9.760
1790445594.854,hud,heading,,,,,"87° / 143°",86.800
1790445594.855,hud,drift,,,,,"36.88%",36.880
1790445594.855,hud,turns,,,,,"✗ turns: 1/15",
1790445594.855,hud,calib_s,,,,,"✓ Buffer 6s",
1790445594.856,marker,gnss,52.40251500,-1.44660100,216.80,true,,
1790445594.856,marker,dr,52.40256696,-1.44649834,273.20,true,,
1790445594.857,marker,reconciled,0.00000000,0.00000000,0.00,false,,
1790445594.911,hud,speed,,,,,"9.7 / 8.5",9.710
1790445594.911,hud,heading,,,,,"87° / 143°",86.900
1790445594.912,hud,drift,,,,,"37.04%",37.040
1790445594.912,hud,turns,,,,,"✗ turns: 1/15",
1790445594.912,hud,calib_s,,,,,"✓ Buffer 6s",
1790445594.913,marker,gnss,52.40251500,-1.44660100,216.80,true,,
1790445594.913,marker,dr,52.40256712,-1.44648405,273.10,true,,
1790445594.914,marker,reconciled,0.00000000,0.00000000,0.00,false,,
1790445594.956,hud,speed,,,,,"9.7 / 8.5",9.700
1790445594.956,hud,heading,,,,,"87° / 143°",87.100
1790445594.957,hud,drift,,,,,"37.21%",37.210
1790445594.957,hud,turns,,,,,"✗ turns: 1/15",
1790445594.957,hud,calib_s,,,,,"✓ Buffer 6s",
1790445594.958,marker,gnss,52.40251500,-1.44660100,216.80,true,,
1790445594.958,marker,dr,52.40256728,-1.44646979,272.90,true,,
1790445594.959,marker,reconciled,0.00000000,0.00000000,0.00,false,,
1790445595.006,hud,speed,,,,,"9.8 / 8.5",9.800
1790445595.006,hud,heading,,,,,"87° / 143°",87.200
1790445595.006,hud,drift,,,,,"37.40%",37.400
1790445595.007,hud,turns,,,,,"✗ turns: 1/15",
1790445595.007,hud,calib_s,,,,,"✓ Buffer 6s",
1790445595.007,marker,gnss,52.40251500,-1.44660100,216.80,true,,
1790445595.008,marker,dr,52.40256751,-1.44645553,272.80,true,,
1790445595.008,marker,reconciled,0.00000000,0.00000000,0.00,false,,
1790445595.061,hud,speed,,,,,"9.9 / 8.5",9.910
1790445595.062,hud,heading,,,,,"87° / 143°",87.100
1790445595.062,hud,drift,,,,,"37.59%",37.590
1790445595.063,hud,turns,,,,,"✗ turns: 1/15",
1790445595.063,hud,calib_s,,,,,"✓ Buffer 6s",
1790445595.064,marker,gnss,52.40251500,-1.44660100,216.80,true,,
1790445595.064,marker,dr,52.40256774,-1.44644082,272.90,true,,
1790445595.065,marker,reconciled,0.00000000,0.00000000,0.00,false,,
1790445595.109,hud,speed,,,,,"10.0 / 8.5",9.990
1790445595.110,hud,heading,,,,,"87° / 143°",87.100
1790445595.110,hud,drift,,,,,"37.79%",37.790
1790445595.111,hud,turns,,,,,"✗ turns: 1/15",
1790445595.111,hud,calib_s,,,,,"✓ Buffer 6s",
1790445595.111,marker,gnss,52.40251500,-1.44660100,216.80,true,,
1790445595.112,marker,dr,52.40256800,-1.44642628,272.90,true,,
1790445595.113,marker,reconciled,0.00000000,0.00000000,0.00,false,,
1790445595.160,hud,speed,,,,,"10.1 / 8.5",10.100
1790445595.161,hud,heading,,,,,"87° / 143°",86.900
1790445595.161,hud,drift,,,,,"38.00%",38.000
1790445595.161,hud,turns,,,,,"✗ turns: 1/15",
1790445595.161,hud,calib_s,,,,,"✓ Buffer 6s",
1790445595.162,marker,gnss,52.40251500,-1.44660100,216.80,true,,
1790445595.163,marker,dr,52.40256827,-1.44641129,273.10,true,,
1790445595.163,marker,reconciled,0.00000000,0.00000000,0.00,false,,
1790445595.214,hud,speed,,,,,"10.2 / 8.5",10.200
1790445595.214,hud,heading,,,,,"87° / 143°",86.900
1790445595.215,hud,drift,,,,,"38.21%",38.210
1790445595.215,hud,turns,,,,,"✗ turns: 1/15",
1790445595.215,hud,calib_s,,,,,"✓ Buffer 6s",
1790445595.216,marker,gnss,52.40251500,-1.44660100,216.80,true,,
1790445595.216,marker,dr,52.40256848,-1.44639629,273.10,true,,
1790445595.217,marker,reconciled,0.00000000,0.00000000,0.00,false,,
1790445595.261,hud,speed,,,,,"10.3 / 8.5",10.330
1790445595.262,hud,heading,,,,,"87° / 143°",87.000
1790445595.262,hud,drift,,,,,"38.42%",38.420
1790445595.263,hud,turns,,,,,"✗ turns: 1/15",
1790445595.263,hud,calib_s,,,,,"✓ Buffer 6s",
1790445595.264,marker,gnss,52.40251500,-1.44660100,216.80,true,,
1790445595.264,marker,dr,52.40256875,-1.44638127,273.00,true,,
1790445595.265,marker,reconciled,0.00000000,0.00000000,0.00,false,,
1790445595.317,hud,speed,,,,,"10.5 / 8.5",10.460
1790445595.318,hud,heading,,,,,"87° / 143°",87.300
1790445595.318,hud,drift,,,,,"38.65%",38.650
1790445595.318,hud,turns,,,,,"✗ turns: 1/15",
1790445595.319,hud,calib_s,,,,,"✓ Buffer 6s",
1790445595.319,marker,gnss,52.40251500,-1.44660100,216.80,true,,
1790445595.320,marker,dr,52.40256906,-1.44636592,272.70,true,,
1790445595.320,marker,reconciled,0.00000000,0.00000000,0.00,false,,
1790445595.362,hud,speed,,,,,"10.6 / 8.5",10.600
1790445595.363,hud,heading,,,,,"87° / 143°",87.300
1790445595.363,hud,drift,,,,,"38.88%",38.880
1790445595.364,hud,turns,,,,,"✗ turns: 1/15",
1790445595.364,hud,calib_s,,,,,"✓ Buffer 6s",
1790445595.365,marker,gnss,52.40251500,-1.44660100,216.80,true,,
1790445595.365,marker,dr,52.40256938,-1.44635019,272.70,true,,
1790445595.366,marker,reconciled,0.00000000,0.00000000,0.00,false,,
1790445595.413,hud,speed,,,,,"10.7 / 8.5",10.710
1790445595.414,hud,heading,,,,,"88° / 143°",87.500
1790445595.414,hud,drift,,,,,"39.12%",39.120
1790445595.414,hud,turns,,,,,"✗ turns: 1/15",
1790445595.415,hud,calib_s,,,,,"✓ Buffer 6s",
1790445595.415,marker,gnss,52.40251500,-1.44660100,216.80,true,,
1790445595.416,marker,dr,52.40256971,-1.44633462,272.50,true,,
1790445595.416,marker,reconciled,0.00000000,0.00000000,0.00,false,,
1790445595.466,hud,speed,,,,,"10.9 / 8.5",10.860
1790445595.466,hud,heading,,,,,"87° / 143°",87.300
1790445595.466,hud,drift,,,,,"39.36%",39.360
1790445595.466,hud,turns,,,,,"✗ turns: 1/15",
1790445595.467,hud,calib_s,,,,,"✓ Buffer 6s",
1790445595.467,marker,gnss,52.40251500,-1.44660100,216.80,true,,
1790445595.468,marker,dr,52.40256996,-1.44631867,272.70,true,,
1790445595.468,marker,reconciled,0.00000000,0.00000000,0.00,false,,
1790445595.518,hud,speed,,,,,"11.0 / 8.5",10.990
1790445595.518,hud,heading,,,,,"87° / 143°",87.100
1790445595.519,hud,drift,,,,,"39.59%",39.590
1790445595.519,hud,turns,,,,,"✗ turns: 1/15",
1790445595.519,hud,calib_s,,,,,"✓ Buffer 6s",
1790445595.520,marker,gnss,52.40251500,-1.44660100,216.80,true,,
1790445595.520,marker,dr,52.40257021,-1.44630253,272.90,true,,
1790445595.521,marker,reconciled,0.00000000,0.00000000,0.00,false,,
1790445595.570,hud,speed,,,,,"11.1 / 8.5",11.110
1790445595.571,hud,heading,,,,,"87° / 143°",87.100
1790445595.571,hud,drift,,,,,"39.84%",39.840
1790445595.572,hud,turns,,,,,"✗ turns: 1/15",
1790445595.572,hud,calib_s,,,,,"✓ Buffer 6s",
1790445595.573,marker,gnss,52.40251500,-1.44660100,216.80,true,,
1790445595.573,marker,dr,52.40257047,-1.44628620,272.90,true,,
1790445595.574,marker,reconciled,0.00000000,0.00000000,0.00,false,,
1790445595.618,hud,speed,,,,,"11.2 / 8.5",11.230
1790445595.619,hud,heading,,,,,"87° / 143°",86.500
1790445595.619,hud,drift,,,,,"40.10%",40.100
1790445595.620,hud,turns,,,,,"✗ turns: 1/15",
1790445595.620,hud,calib_s,,,,,"✓ Buffer 6s",
1790445595.621,marker,gnss,52.40251500,-1.44660100,216.80,true,,
1790445595.621,marker,dr,52.40257085,-1.44626954,273.50,true,,
1790445595.621,marker,reconciled,0.00000000,0.00000000,0.00,false,,
1790445595.671,hud,speed,,,,,"11.3 / 8.5",11.340
1790445595.672,hud,heading,,,,,"87° / 143°",86.800
1790445595.672,hud,drift,,,,,"40.36%",40.360
1790445595.672,hud,turns,,,,,"✗ turns: 1/15",
1790445595.673,hud,calib_s,,,,,"✓ Buffer 6s",
1790445595.673,marker,gnss,52.40251500,-1.44660100,216.80,true,,
1790445595.674,marker,dr,52.40257114,-1.44625288,273.20,true,,
1790445595.674,marker,reconciled,0.00000000,0.00000000,0.00,false,,
1790445595.725,hud,speed,,,,,"11.5 / 8.5",11.500
1790445595.726,hud,heading,,,,,"87° / 143°",86.900
1790445595.726,hud,drift,,,,,"40.62%",40.620
1790445595.727,hud,turns,,,,,"✗ turns: 1/15",
1790445595.727,hud,calib_s,,,,,"✓ Buffer 6s",
1790445595.727,marker,gnss,52.40251500,-1.44660100,216.80,true,,
1790445595.728,marker,dr,52.40257140,-1.44623597,273.10,true,,
1790445595.729,marker,reconciled,0.00000000,0.00000000,0.00,false,,
1790445595.776,hud,speed,,,,,"11.4 / 8.5",11.400
1790445595.776,hud,heading,,,,,"87° / 143°",87.000
1790445595.777,hud,drift,,,,,"40.90%",40.900
1790445595.777,hud,turns,,,,,"✗ turns: 1/15",
1790445595.777,hud,calib_s,,,,,"✓ Buffer 6s",
1790445595.778,marker,gnss,52.40251500,-1.44660100,216.80,true,,
1790445595.778,marker,dr,52.40257174,-1.44621923,273.00,true,,
1790445595.779,marker,reconciled,0.00000000,0.00000000,0.00,false,,
1790445595.827,hud,speed,,,,,"11.6 / 8.5",11.600
1790445595.827,hud,heading,,,,,"87° / 143°",87.000
1790445595.828,hud,drift,,,,,"41.18%",41.180
1790445595.828,hud,turns,,,,,"✗ turns: 1/15",
1790445595.828,hud,calib_s,,,,,"✓ Buffer 6s",
1790445595.828,marker,gnss,52.40251500,-1.44660100,216.80,true,,
1790445595.829,marker,dr,52.40257216,-1.44620220,273.00,true,,
1790445595.829,marker,reconciled,0.00000000,0.00000000,0.00,false,,
1790445595.875,hud,speed,,,,,"11.7 / 8.5",11.730
1790445595.875,hud,heading,,,,,"87° / 143°",87.100
1790445595.876,hud,drift,,,,,"41.47%",41.470
1790445595.876,hud,turns,,,,,"✗ turns: 1/15",
1790445595.876,hud,calib_s,,,,,"✓ Buffer 6s",
1790445595.877,marker,gnss,52.40251500,-1.44660100,216.80,true,,
1790445595.877,marker,dr,52.40257257,-1.44618515,272.90,true,,
1790445595.878,marker,reconciled,0.00000000,0.00000000,0.00,false,,
1790445595.928,hud,speed,,,,,"11.9 / 8.5",11.850
1790445595.929,hud,heading,,,,,"87° / 143°",87.100
1790445595.929,hud,drift,,,,,"41.77%",41.770
1790445595.930,hud,turns,,,,,"✗ turns: 1/15",
1790445595.930,hud,calib_s,,,,,"✓ Buffer 6s",
1790445595.932,marker,gnss,52.40251500,-1.44660100,216.80,true,,
1790445595.933,marker,dr,52.40257302,-1.44616758,272.90,true,,
1790445595.934,marker,reconciled,0.00000000,0.00000000,0.00,false,,
1790445595.978,hud,speed,,,,,"12.0 / 8.5",12.000
1790445595.979,hud,heading,,,,,"87° / 143°",87.100
1790445595.979,hud,drift,,,,,"42.07%",42.070
1790445595.979,hud,turns,,,,,"✗ turns: 1/15",
1790445595.979,hud,calib_s,,,,,"✓ Buffer 6s",
1790445595.980,marker,gnss,52.40251500,-1.44660100,216.80,true,,
1790445595.980,marker,dr,52.40257348,-1.44615014,272.90,true,,
1790445595.981,marker,reconciled,0.00000000,0.00000000,0.00,false,,
1790445596.031,hud,speed,,,,,"12.1 / 8.5",12.140
1790445596.032,hud,heading,,,,,"87° / 143°",87.000
1790445596.032,hud,drift,,,,,"42.38%",42.380
1790445596.032,hud,turns,,,,,"✗ turns: 1/15",
1790445596.032,hud,calib_s,,,,,"✓ Buffer 6s",
1790445596.033,marker,gnss,52.40251500,-1.44660100,216.80,true,,
1790445596.033,marker,dr,52.40257397,-1.44613232,273.00,true,,
1790445596.034,marker,reconciled,0.00000000,0.00000000,0.00,false,,
1790445596.088,hud,speed,,,,,"12.2 / 8.5",12.240
1790445596.088,hud,heading,,,,,"87° / 143°",86.800
1790445596.088,hud,drift,,,,,"42.69%",42.690
1790445596.089,hud,turns,,,,,"✗ turns: 1/15",
1790445596.089,hud,calib_s,,,,,"✓ Buffer 6s",
1790445596.089,marker,gnss,52.40251500,-1.44660100,216.80,true,,
1790445596.090,marker,dr,52.40257442,-1.44611416,273.20,true,,
1790445596.090,marker,reconciled,0.00000000,0.00000000,0.00,false,,
1790445596.127,hud,speed,,,,,"12.4 / 8.5",12.410
1790445596.127,hud,heading,,,,,"87° / 143°",86.500
1790445596.128,hud,drift,,,,,"43.01%",43.010
1790445596.128,hud,turns,,,,,"✗ turns: 1/15",
1790445596.128,hud,calib_s,,,,,"✓ Buffer 6s",
1790445596.129,marker,gnss,52.40251500,-1.44660100,216.80,true,,
1790445596.129,marker,dr,52.40257494,-1.44609595,273.50,true,,
1790445596.129,marker,reconciled,0.00000000,0.00000000,0.00,false,,
1790445596.183,hud,speed,,,,,"12.6 / 8.5",12.560
1790445596.183,hud,heading,,,,,"87° / 143°",86.700
1790445596.184,hud,drift,,,,,"43.34%",43.340
1790445596.184,hud,turns,,,,,"✗ turns: 1/15",
1790445596.184,hud,calib_s,,,,,"✓ Buffer 6s",
1790445596.185,marker,gnss,52.40251500,-1.44660100,216.80,true,,
1790445596.185,marker,dr,52.40257554,-1.44607752,273.30,true,,
1790445596.185,marker,reconciled,0.00000000,0.00000000,0.00,false,,
1790445596.232,hud,speed,,,,,"12.7 / 8.5",12.660
1790445596.233,hud,heading,,,,,"87° / 143°",86.900
1790445596.233,hud,drift,,,,,"43.68%",43.680
1790445596.233,hud,turns,,,,,"✗ turns: 1/15",
1790445596.234,hud,calib_s,,,,,"✓ Buffer 6s",
1790445596.234,marker,gnss,52.40251500,-1.44660100,216.80,true,,
1790445596.235,marker,dr,52.40257615,-1.44605914,273.10,true,,
1790445596.235,marker,reconciled,0.00000000,0.00000000,0.00,false,,
1790445596.285,hud,speed,,,,,"12.7 / 8.5",12.740
1790445596.285,hud,heading,,,,,"87° / 143°",86.900
1790445596.285,hud,drift,,,,,"44.02%",44.020
1790445596.286,hud,turns,,,,,"✗ turns: 1/15",
1790445596.286,hud,calib_s,,,,,"✓ Buffer 6s",
1790445596.287,marker,gnss,52.40251500,-1.44660100,216.80,true,,
1790445596.288,marker,dr,52.40257678,-1.44604045,273.10,true,,
1790445596.288,marker,reconciled,0.00000000,0.00000000,0.00,false,,
1790445596.339,hud,speed,,,,,"12.7 / 8.5",12.710
1790445596.339,hud,heading,,,,,"87° / 143°",86.800
1790445596.340,hud,drift,,,,,"44.36%",44.360
1790445596.340,hud,turns,,,,,"✗ turns: 1/15",
1790445596.340,hud,calib_s,,,,,"✓ Buffer 6s",
1790445596.341,marker,gnss,52.40251500,-1.44660100,216.80,true,,
1790445596.341,marker,dr,52.40257743,-1.44602182,273.20,true,,
1790445596.342,marker,reconciled,0.00000000,0.00000000,0.00,false,,
1790445596.386,hud,speed,,,,,"12.7 / 8.5",12.650
1790445596.386,hud,heading,,,,,"87° / 143°",86.900
1790445596.386,hud,drift,,,,,"44.72%",44.720
1790445596.387,hud,turns,,,,,"✗ turns: 1/15",
1790445596.387,hud,calib_s,,,,,"✓ Buffer 6s",
1790445596.388,marker,gnss,52.40251500,-1.44660100,216.80,true,,
1790445596.388,marker,dr,52.40257812,-1.44600327,273.10,true,,
1790445596.389,marker,reconciled,0.00000000,0.00000000,0.00,false,,
1790445596.441,hud,speed,,,,,"12.6 / 8.5",12.590
1790445596.441,hud,heading,,,,,"87° / 143°",86.900
1790445596.442,hud,drift,,,,,"45.07%",45.070
1790445596.442,hud,turns,,,,,"✗ turns: 1/15",
1790445596.442,hud,calib_s,,,,,"✓ Buffer 6s",
1790445596.443,marker,gnss,52.40251500,-1.44660100,216.80,true,,
1790445596.444,marker,dr,52.40257880,-1.44598481,273.10,true,,
1790445596.444,marker,reconciled,0.00000000,0.00000000,0.00,false,,
1790445596.491,hud,speed,,,,,"12.6 / 8.5",12.590
1790445596.491,hud,heading,,,,,"87° / 143°",86.900
1790445596.492,hud,drift,,,,,"45.43%",45.430
1790445596.492,hud,turns,,,,,"✗ turns: 1/15",
1790445596.492,hud,calib_s,,,,,"✓ Buffer 6s",
1790445596.493,marker,gnss,52.40251500,-1.44660100,216.80,true,,
1790445596.493,marker,dr,52.40257950,-1.44596617,273.10,true,,
1790445596.494,marker,reconciled,0.00000000,0.00000000,0.00,false,,
1790445596.541,hud,speed,,,,,"12.6 / 8.5",12.550
1790445596.542,hud,heading,,,,,"87° / 143°",86.800
1790445596.542,hud,drift,,,,,"45.79%",45.790
1790445596.543,hud,turns,,,,,"✗ turns: 1/15",
1790445596.543,hud,calib_s,,,,,"✓ Buffer 6s",
1790445596.544,marker,gnss,52.40251500,-1.44660100,216.80,true,,
1790445596.544,marker,dr,52.40258022,-1.44594796,273.20,true,,
1790445596.544,marker,reconciled,0.00000000,0.00000000,0.00,false,,
1790445596.593,hud,speed,,,,,"12.5 / 8.5",12.470
1790445596.594,hud,heading,,,,,"87° / 143°",86.500
1790445596.594,hud,drift,,,,,"46.15%",46.150
1790445596.594,hud,turns,,,,,"✗ turns: 1/15",
1790445596.595,hud,calib_s,,,,,"✓ Buffer 6s",
1790445596.595,marker,gnss,52.40251500,-1.44660100,216.80,true,,
1790445596.595,marker,dr,52.40258096,-1.44592949,273.50,true,,
1790445596.596,marker,reconciled,0.00000000,0.00000000,0.00,false,,
1790445596.643,hud,speed,,,,,"12.4 / 8.5",12.440
1790445596.643,hud,heading,,,,,"86° / 143°",86.100
1790445596.644,hud,drift,,,,,"46.52%",46.520
1790445596.644,hud,turns,,,,,"✗ turns: 1/15",
1790445596.644,hud,calib_s,,,,,"✓ Buffer 6s",
1790445596.644,marker,gnss,52.40251500,-1.44660100,216.80,true,,
1790445596.645,marker,dr,52.40258173,-1.44591144,273.90,true,,
1790445596.645,marker,reconciled,0.00000000,0.00000000,0.00,false,,
1790445596.694,hud,speed,,,,,"12.2 / 8.5",12.200
1790445596.695,hud,heading,,,,,"86° / 143°",86.100
1790445596.695,hud,drift,,,,,"46.88%",46.880
1790445596.695,hud,turns,,,,,"✗ turns: 1/15",
1790445596.696,hud,calib_s,,,,,"✓ Buffer 6s",
1790445596.696,marker,gnss,52.40251500,-1.44660100,216.80,true,,
1790445596.697,marker,dr,52.40258255,-1.44589339,273.90,true,,
1790445596.697,marker,reconciled,0.00000000,0.00000000,0.00,false,,
1790445596.742,hud,speed,,,,,"12.0 / 8.5",12.010
1790445596.742,hud,heading,,,,,"86° / 143°",86.100
1790445596.743,hud,drift,,,,,"47.24%",47.240
1790445596.743,hud,turns,,,,,"✗ turns: 1/15",
1790445596.743,hud,calib_s,,,,,"✓ Buffer 6s",
1790445596.744,marker,gnss,52.40251500,-1.44660100,216.80,true,,
1790445596.744,marker,dr,52.40258334,-1.44587580,273.90,true,,
1790445596.745,marker,reconciled,0.00000000,0.00000000,0.00,false,,
1790445596.796,hud,speed,,,,,"11.8 / 8.5",11.820
1790445596.796,hud,heading,,,,,"86° / 143°",86.200
1790445596.797,hud,drift,,,,,"47.60%",47.600
1790445596.797,hud,turns,,,,,"✗ turns: 1/15",
1790445596.797,hud,calib_s,,,,,"✓ Buffer 6s",
1790445596.798,marker,gnss,52.40251500,-1.44660100,216.80,true,,
1790445596.798,marker,dr,52.40258410,-1.44585830,273.80,true,,
1790445596.799,marker,reconciled,0.00000000,0.00000000,0.00,false,,
1790445596.851,hud,speed,,,,,"11.7 / 8.5",11.680
1790445596.851,hud,heading,,,,,"86° / 143°",86.300
1790445596.852,hud,drift,,,,,"47.95%",47.950
1790445596.852,hud,turns,,,,,"✗ turns: 1/15",
1790445596.852,hud,calib_s,,,,,"✓ Buffer 6s",
1790445596.853,marker,gnss,52.40251500,-1.44660100,216.80,true,,
1790445596.853,marker,dr,52.40258484,-1.44584153,273.70,true,,
1790445596.854,marker,reconciled,0.00000000,0.00000000,0.00,false,,
1790445596.897,hud,speed,,,,,"11.7 / 8.5",11.670
1790445596.897,hud,heading,,,,,"87° / 143°",86.500
1790445596.897,hud,drift,,,,,"48.30%",48.300
1790445596.898,hud,turns,,,,,"✗ turns: 1/15",
1790445596.898,hud,calib_s,,,,,"✓ Buffer 6s",
1790445596.898,marker,gnss,52.40251500,-1.44660100,216.80,true,,
1790445596.899,marker,dr,52.40258563,-1.44582443,273.50,true,,
1790445596.899,marker,reconciled,0.00000000,0.00000000,0.00,false,,
1790445596.953,hud,speed,,,,,"11.6 / 8.5",11.600
1790445596.954,hud,heading,,,,,"87° / 143°",86.900
1790445596.954,hud,drift,,,,,"48.66%",48.660
1790445596.955,hud,turns,,,,,"✗ turns: 1/15",
1790445596.955,hud,calib_s,,,,,"✓ Buffer 6s",
1790445596.956,marker,gnss,52.40251500,-1.44660100,216.80,true,,
1790445596.956,marker,dr,52.40258648,-1.44580726,273.10,true,,
1790445596.957,marker,reconciled,0.00000000,0.00000000,0.00,false,,
1790445596.997,hud,speed,,,,,"11.6 / 8.5",11.550
1790445596.998,hud,heading,,,,,"87° / 143°",86.700
1790445596.998,hud,drift,,,,,"49.01%",49.010
1790445596.999,hud,turns,,,,,"✗ turns: 1/15",
1790445596.999,hud,calib_s,,,,,"✓ Buffer 6s",
1790445596.999,marker,gnss,52.40251500,-1.44660100,216.80,true,,
1790445597.000,marker,dr,52.40258736,-1.44579051,273.30,true,,
1790445597.000,marker,reconciled,0.00000000,0.00000000,0.00,false,,
1790445597.056,hud,speed,,,,,"11.6 / 8.5",11.570
1790445597.057,hud,heading,,,,,"87° / 143°",86.500
1790445597.057,hud,drift,,,,,"49.37%",49.370
1790445597.058,hud,turns,,,,,"✗ turns: 1/15",
1790445597.058,hud,calib_s,,,,,"✓ Buffer 6s",
1790445597.059,marker,gnss,52.40251500,-1.44660100,216.80,true,,
1790445597.059,marker,dr,52.40258824,-1.44577340,273.50,true,,
1790445597.060,marker,reconciled,0.00000000,0.00000000,0.00,false,,
1790445597.109,hud,speed,,,,,"11.7 / 8.5",11.670
1790445597.109,hud,heading,,,,,"87° / 143°",86.600
1790445597.110,hud,drift,,,,,"49.72%",49.720
1790445597.110,hud,turns,,,,,"✗ turns: 1/15",
1790445597.111,hud,calib_s,,,,,"✓ Buffer 6s",
1790445597.111,marker,gnss,52.40251500,-1.44660100,216.80,true,,
1790445597.112,marker,dr,52.40258911,-1.44575631,273.40,true,,
1790445597.112,marker,reconciled,0.00000000,0.00000000,0.00,false,,
1790445597.156,hud,speed,,,,,"11.7 / 8.5",11.660
1790445597.156,hud,heading,,,,,"87° / 143°",86.700
1790445597.156,hud,drift,,,,,"50.07%",50.070
1790445597.157,hud,turns,,,,,"✗ turns: 1/15",
1790445597.157,hud,calib_s,,,,,"✓ Buffer 6s",
1790445597.158,marker,gnss,52.40251500,-1.44660100,216.80,true,,
1790445597.158,marker,dr,52.40258996,-1.44573923,273.30,true,,
1790445597.159,marker,reconciled,0.00000000,0.00000000,0.00,false,,
1790445597.207,hud,speed,,,,,"11.8 / 8.5",11.760
1790445597.207,hud,heading,,,,,"86° / 143°",86.400
1790445597.207,hud,drift,,,,,"50.43%",50.430
1790445597.208,hud,turns,,,,,"✗ turns: 1/15",
1790445597.208,hud,calib_s,,,,,"✓ Buffer 6s",
1790445597.209,marker,gnss,52.40251500,-1.44660100,216.80,true,,
1790445597.209,marker,dr,52.40259092,-1.44572202,273.60,true,,
1790445597.210,marker,reconciled,0.00000000,0.00000000,0.00,false,,
1790445597.256,hud,speed,,,,,"11.8 / 8.5",11.830
1790445597.256,hud,heading,,,,,"86° / 143°",86.100
1790445597.257,hud,drift,,,,,"50.79%",50.790
1790445597.257,hud,turns,,,,,"✗ turns: 1/15",
1790445597.257,hud,calib_s,,,,,"✓ Buffer 6s",
1790445597.257,marker,gnss,52.40251500,-1.44660100,216.80,true,,
1790445597.258,marker,dr,52.40259191,-1.44570472,273.90,true,,
1790445597.259,marker,reconciled,0.00000000,0.00000000,0.00,false,,
1790445597.308,hud,speed,,,,,"11.9 / 8.5",11.930
1790445597.309,hud,heading,,,,,"86° / 143°",86.000
1790445597.309,hud,drift,,,,,"51.14%",51.140
1790445597.309,hud,turns,,,,,"✗ turns: 1/15",
1790445597.309,hud,calib_s,,,,,"✓ Buffer 6s",
1790445597.310,marker,gnss,52.40251500,-1.44660100,216.80,true,,
1790445597.311,marker,dr,52.40259288,-1.44568745,274.00,true,,
1790445597.311,marker,reconciled,0.00000000,0.00000000,0.00,false,,
1790445597.360,hud,speed,,,,,"12.0 / 11.0",12.030
1790445597.361,hud,heading,,,,,"86° / 140°",86.100
1790445597.361,hud,drift,,,,,"52.59%",52.590
1790445597.361,hud,turns,,,,,"✗ turns: 1/15",
1790445597.362,hud,calib_s,,,,,"✓ Buffer 6s",
1790445597.362,marker,gnss,52.40189000,-1.44583800,220.20,true,,
1790445597.363,marker,dr,52.40259387,-1.44566986,273.90,true,,
1790445597.363,marker,reconciled,0.00000000,0.00000000,0.00,false,,
1790445597.406,hud,speed,,,,,"12.2 / 11.0",12.170
1790445597.407,hud,heading,,,,,"86° / 140°",86.300
1790445597.407,hud,drift,,,,,"52.88%",52.880
1790445597.407,hud,turns,,,,,"✗ turns: 1/15",
1790445597.407,hud,calib_s,,,,,"✓ Buffer 6s",
1790445597.408,marker,gnss,52.40189000,-1.44583800,220.20,true,,
1790445597.408,marker,dr,52.40259487,-1.44565188,273.70,true,,
1790445597.409,marker,reconciled,0.00000000,0.00000000,0.00,false,,
1790445597.458,hud,speed,,,,,"12.3 / 11.0",12.260
1790445597.458,hud,heading,,,,,"86° / 140°",86.300
1790445597.459,hud,drift,,,,,"53.17%",53.170
1790445597.459,hud,turns,,,,,"✗ turns: 1/15",
1790445597.459,hud,calib_s,,,,,"✓ Buffer 6s",
1790445597.460,marker,gnss,52.40189000,-1.44583800,220.20,true,,
1790445597.460,marker,dr,52.40259589,-1.44563413,273.70,true,,
1790445597.461,marker,reconciled,0.00000000,0.00000000,0.00,false,,
1790445597.511,hud,speed,,,,,"12.4 / 11.0",12.350
1790445597.511,hud,heading,,,,,"86° / 140°",86.300
1790445597.512,hud,drift,,,,,"53.45%",53.450
1790445597.512,hud,turns,,,,,"✗ turns: 1/15",
1790445597.512,hud,calib_s,,,,,"✓ Buffer 6s",
1790445597.513,marker,gnss,52.40189000,-1.44583800,220.20,true,,
1790445597.513,marker,dr,52.40259690,-1.44561606,273.70,true,,
1790445597.513,marker,reconciled,0.00000000,0.00000000,0.00,false,,
1790445597.566,hud,speed,,,,,"12.5 / 11.0",12.470
1790445597.566,hud,heading,,,,,"86° / 140°",86.300
1790445597.567,hud,drift,,,,,"53.73%",53.730
1790445597.567,hud,turns,,,,,"✗ turns: 1/15",
1790445597.567,hud,calib_s,,,,,"✓ Buffer 6s",
1790445597.568,marker,gnss,52.40189000,-1.44583800,220.20,true,,
1790445597.569,marker,dr,52.40259793,-1.44559781,273.70,true,,
1790445597.569,marker,reconciled,0.00000000,0.00000000,0.00,false,,
1790445597.616,hud,speed,,,,,"12.6 / 11.0",12.580
1790445597.617,hud,heading,,,,,"86° / 140°",86.200
1790445597.617,hud,drift,,,,,"54.01%",54.010
1790445597.617,hud,turns,,,,,"✗ turns: 1/15",
1790445597.617,hud,calib_s,,,,,"✓ Buffer 6s",
1790445597.618,marker,gnss,52.40189000,-1.44583800,220.20,true,,
1790445597.618,marker,dr,52.40259895,-1.44557942,273.80,true,,
1790445597.619,marker,reconciled,0.00000000,0.00000000,0.00,false,,
1790445597.664,hud,speed,,,,,"12.7 / 11.0",12.680
1790445597.664,hud,heading,,,,,"86° / 140°",86.200
1790445597.665,hud,drift,,,,,"54.30%",54.300
1790445597.665,hud,turns,,,,,"✗ turns: 1/15",
1790445597.665,hud,calib_s,,,,,"✓ Buffer 6s",
1790445597.665,marker,gnss,52.40189000,-1.44583800,220.20,true,,
1790445597.666,marker,dr,52.40260001,-1.44556068,273.80,true,,
1790445597.667,marker,reconciled,0.00000000,0.00000000,0.00,false,,
1790445597.715,hud,speed,,,,,"12.8 / 11.0",12.800
1790445597.715,hud,heading,,,,,"86° / 140°",86.300
1790445597.715,hud,drift,,,,,"54.58%",54.580
1790445597.716,hud,turns,,,,,"✗ turns: 1/15",
1790445597.716,hud,calib_s,,,,,"✓ Buffer 6s",
1790445597.716,marker,gnss,52.40189000,-1.44583800,220.20,true,,
1790445597.717,marker,dr,52.40260110,-1.44554197,273.70,true,,
1790445597.717,marker,reconciled,0.00000000,0.00000000,0.00,false,,
1790445597.769,hud,speed,,,,,"12.9 / 11.0",12.920
1790445597.769,hud,heading,,,,,"86° / 140°",86.400
1790445597.769,hud,drift,,,,,"54.87%",54.870
1790445597.770,hud,turns,,,,,"✗ turns: 1/15",
1790445597.770,hud,calib_s,,,,,"✓ Buffer 6s",
1790445597.771,marker,gnss,52.40189000,-1.44583800,220.20,true,,
1790445597.771,marker,dr,52.40260222,-1.44552307,273.60,true,,
1790445597.771,marker,reconciled,0.00000000,0.00000000,0.00,false,,
1790445597.818,hud,speed,,,,,"13.0 / 11.0",13.040
1790445597.819,hud,heading,,,,,"86° / 140°",86.200
1790445597.819,hud,drift,,,,,"55.15%",55.150
1790445597.820,hud,turns,,,,,"✗ turns: 1/15",
1790445597.820,hud,calib_s,,,,,"✓ Buffer 6s",
1790445597.821,marker,gnss,52.40189000,-1.44583800,220.20,true,,
1790445597.821,marker,dr,52.40260335,-1.44550419,273.80,true,,
1790445597.822,marker,reconciled,0.00000000,0.00000000,0.00,false,,
1790445597.872,hud,speed,,,,,"13.2 / 11.0",13.170
1790445597.873,hud,heading,,,,,"86° / 140°",86.200
1790445597.873,hud,drift,,,,,"55.43%",55.430
1790445597.873,hud,turns,,,,,"✗ turns: 1/15",
1790445597.873,hud,calib_s,,,,,"✓ Buffer 6s",
1790445597.874,marker,gnss,52.40189000,-1.44583800,220.20,true,,
1790445597.875,marker,dr,52.40260454,-1.44548494,273.80,true,,
1790445597.875,marker,reconciled,0.00000000,0.00000000,0.00,false,,
1790445597.918,hud,speed,,,,,"13.3 / 11.0",13.320
1790445597.919,hud,heading,,,,,"86° / 140°",86.200
1790445597.919,hud,drift,,,,,"55.72%",55.720
1790445597.920,hud,turns,,,,,"✗ turns: 1/15",
1790445597.920,hud,calib_s,,,,,"✓ Buffer 6s",
1790445597.920,marker,gnss,52.40189000,-1.44583800,220.20,true,,
1790445597.921,marker,dr,52.40260578,-1.44546528,273.80,true,,
1790445597.921,marker,reconciled,0.00000000,0.00000000,0.00,false,,
1790445597.971,hud,speed,,,,,"13.4 / 11.0",13.420
1790445597.971,hud,heading,,,,,"86° / 140°",86.300
1790445597.972,hud,drift,,,,,"56.01%",56.010
1790445597.972,hud,turns,,,,,"✗ turns: 1/15",
1790445597.972,hud,calib_s,,,,,"✓ Buffer 6s",
1790445597.972,marker,gnss,52.40189000,-1.44583800,220.20,true,,
1790445597.973,marker,dr,52.40260704,-1.44544566,273.70,true,,
1790445597.973,marker,reconciled,0.00000000,0.00000000,0.00,false,,
1790445598.021,hud,speed,,,,,"13.5 / 11.0",13.540
1790445598.021,hud,heading,,,,,"86° / 140°",86.200
1790445598.022,hud,drift,,,,,"56.30%",56.300
1790445598.022,hud,turns,,,,,"✗ turns: 1/15",
1790445598.022,hud,calib_s,,,,,"✓ Buffer 6s",
1790445598.023,marker,gnss,52.40189000,-1.44583800,220.20,true,,
1790445598.024,marker,dr,52.40260830,-1.44542588,273.80,true,,
1790445598.024,marker,reconciled,0.00000000,0.00000000,0.00,false,,
1790445598.072,hud,speed,,,,,"13.7 / 11.0",13.650
1790445598.072,hud,heading,,,,,"86° / 140°",86.200
1790445598.073,hud,drift,,,,,"56.58%",56.580
1790445598.073,hud,turns,,,,,"✗ turns: 1/15",
1790445598.073,hud,calib_s,,,,,"✓ Buffer 6s",
1790445598.074,marker,gnss,52.40189000,-1.44583800,220.20,true,,
1790445598.074,marker,dr,52.40260958,-1.44540614,273.80,true,,
1790445598.075,marker,reconciled,0.00000000,0.00000000,0.00,false,,
1790445598.125,hud,speed,,,,,"13.8 / 11.0",13.770
1790445598.125,hud,heading,,,,,"86° / 140°",86.100
1790445598.126,hud,drift,,,,,"56.87%",56.870
1790445598.126,hud,turns,,,,,"✗ turns: 1/15",
1790445598.126,hud,calib_s,,,,,"✓ Buffer 6s",
1790445598.127,marker,gnss,52.40189000,-1.44583800,220.20,true,,
1790445598.127,marker,dr,52.40261092,-1.44538604,273.90,true,,
1790445598.128,marker,reconciled,0.00000000,0.00000000,0.00,false,,
1790445598.175,hud,speed,,,,,"13.9 / 11.0",13.920
1790445598.176,hud,heading,,,,,"86° / 140°",86.000
1790445598.176,hud,drift,,,,,"57.17%",57.170
1790445598.177,hud,turns,,,,,"✗ turns: 1/15",
1790445598.177,hud,calib_s,,,,,"✓ Buffer 6s",
1790445598.177,marker,gnss,52.40189000,-1.44583800,220.20,true,,
1790445598.178,marker,dr,52.40261231,-1.44536572,274.00,true,,
1790445598.179,marker,reconciled,0.00000000,0.00000000,0.00,false,,
1790445598.222,hud,speed,,,,,"14.1 / 11.0",14.080
1790445598.222,hud,heading,,,,,"86° / 140°",85.900
1790445598.223,hud,drift,,,,,"57.46%",57.460
1790445598.223,hud,turns,,,,,"✗ turns: 1/15",
1790445598.223,hud,calib_s,,,,,"✓ Buffer 6s",
1790445598.224,marker,gnss,52.40189000,-1.44583800,220.20,true,,
1790445598.224,marker,dr,52.40261379,-1.44534498,274.10,true,,
1790445598.224,marker,reconciled,0.00000000,0.00000000,0.00,false,,
1790445598.276,hud,speed,,,,,"14.2 / 11.0",14.180
1790445598.276,hud,heading,,,,,"86° / 140°",86.000
1790445598.277,hud,drift,,,,,"57.76%",57.760
1790445598.277,hud,turns,,,,,"✗ turns: 1/15",
1790445598.277,hud,calib_s,,,,,"✓ Buffer 6s",
1790445598.278,marker,gnss,52.40189000,-1.44583800,220.20,true,,
1790445598.278,marker,dr,52.40261529,-1.44532430,274.00,true,,
1790445598.279,marker,reconciled,0.00000000,0.00000000,0.00,false,,
1790445598.327,hud,speed,,,,,"14.3 / 11.0",14.290
1790445598.327,hud,heading,,,,,"86° / 140°",86.000
1790445598.328,hud,drift,,,,,"58.06%",58.060
1790445598.328,hud,turns,,,,,"✗ turns: 1/15",
1790445598.328,hud,calib_s,,,,,"✓ Buffer 6s",
1790445598.329,marker,gnss,52.40189000,-1.44583800,220.20,true,,
1790445598.329,marker,dr,52.40261681,-1.44530368,274.00,true,,
1790445598.329,marker,reconciled,0.00000000,0.00000000,0.00,false,,
1790445598.378,hud,speed,,,,,"14.4 / 11.0",14.380
1790445598.378,hud,heading,,,,,"86° / 140°",85.900
1790445598.379,hud,drift,,,,,"58.35%",58.350
1790445598.379,hud,turns,,,,,"✗ turns: 1/15",
1790445598.379,hud,calib_s,,,,,"✓ Buffer 6s",
1790445598.380,marker,gnss,52.40189000,-1.44583800,220.20,true,,
1790445598.380,marker,dr,52.40261833,-1.44528271,274.10,true,,
1790445598.381,marker,reconciled,0.00000000,0.00000000,0.00,false,,
1790445598.426,hud,speed,,,,,"14.4 / 11.0",14.420
1790445598.427,hud,heading,,,,,"86° / 140°",85.900
1790445598.427,hud,drift,,,,,"58.65%",58.650
1790445598.427,hud,turns,,,,,"✗ turns: 1/15",
1790445598.427,hud,calib_s,,,,,"✓ Buffer 6s",
1790445598.428,marker,gnss,52.40189000,-1.44583800,220.20,true,,
1790445598.428,marker,dr,52.40261988,-1.44526148,274.10,true,,
1790445598.429,marker,reconciled,0.00000000,0.00000000,0.00,false,,
1790445598.480,hud,speed,,,,,"14.5 / 11.0",14.470
1790445598.480,hud,heading,,,,,"86° / 140°",85.800
1790445598.480,hud,drift,,,,,"58.94%",58.940
1790445598.481,hud,turns,,,,,"✗ turns: 1/15",
1790445598.481,hud,calib_s,,,,,"✓ Buffer 6s",
1790445598.481,marker,gnss,52.40189000,-1.44583800,220.20,true,,
1790445598.482,marker,dr,52.40262145,-1.44524060,274.20,true,,
1790445598.483,marker,reconciled,0.00000000,0.00000000,0.00,false,,
1790445598.529,hud,speed,,,,,"14.5 / 11.0",14.520
1790445598.530,hud,heading,,,,,"86° / 140°",85.600
1790445598.530,hud,drift,,,,,"59.24%",59.240
1790445598.531,hud,turns,,,,,"✗ turns: 1/15",
1790445598.531,hud,calib_s,,,,,"✓ Buffer 6s",
1790445598.532,marker,gnss,52.40189000,-1.44583800,220.20,true,,
1790445598.532,marker,dr,52.40262306,-1.44521923,274.40,true,,
1790445598.533,marker,reconciled,0.00000000,0.00000000,0.00,false,,
1790445598.581,hud,speed,,,,,"14.6 / 11.0",14.570
1790445598.581,hud,heading,,,,,"86° / 140°",85.500
1790445598.582,hud,drift,,,,,"59.53%",59.530
1790445598.582,hud,turns,,,,,"✗ turns: 1/15",
1790445598.583,hud,calib_s,,,,,"✓ Buffer 6s",
1790445598.584,marker,gnss,52.40189000,-1.44583800,220.20,true,,
1790445598.584,marker,dr,52.40262466,-1.44519822,274.50,true,,
1790445598.585,marker,reconciled,0.00000000,0.00000000,0.00,false,,
1790445598.633,hud,speed,,,,,"14.6 / 11.0",14.570
1790445598.633,hud,heading,,,,,"86° / 140°",85.500
1790445598.633,hud,drift,,,,,"59.83%",59.830
1790445598.633,hud,turns,,,,,"✗ turns: 1/15",
1790445598.634,hud,calib_s,,,,,"✓ Buffer 6s",
1790445598.634,marker,gnss,52.40189000,-1.44583800,220.20,true,,
1790445598.635,marker,dr,52.40262633,-1.44517704,274.50,true,,
1790445598.635,marker,reconciled,0.00000000,0.00000000,0.00,false,,
1790445598.681,hud,speed,,,,,"14.6 / 11.0",14.610
1790445598.681,hud,heading,,,,,"85° / 140°",85.400
1790445598.681,hud,drift,,,,,"60.12%",60.120
1790445598.682,hud,turns,,,,,"✗ turns: 1/15",
1790445598.682,hud,calib_s,,,,,"✓ Buffer 6s",
1790445598.682,marker,gnss,52.40189000,-1.44583800,220.20,true,,
1790445598.683,marker,dr,52.40262801,-1.44515557,274.60,true,,
1790445598.683,marker,reconciled,0.00000000,0.00000000,0.00,false,,
1790445598.731,hud,speed,,,,,"14.7 / 11.0",14.650
1790445598.731,hud,heading,,,,,"85° / 140°",85.300
1790445598.731,hud,drift,,,,,"60.42%",60.420
1790445598.732,hud,turns,,,,,"✗ turns: 1/15",
1790445598.732,hud,calib_s,,,,,"✓ Buffer 6s",
1790445598.732,marker,gnss,52.40189000,-1.44583800,220.20,true,,
1790445598.733,marker,dr,52.40262973,-1.44513427,274.70,true,,
1790445598.733,marker,reconciled,0.00000000,0.00000000,0.00,false,,
1790445598.782,hud,speed,,,,,"14.7 / 11.0",14.710
1790445598.783,hud,heading,,,,,"85° / 140°",85.200
1790445598.783,hud,drift,,,,,"60.71%",60.710
1790445598.784,hud,turns,,,,,"✗ turns: 1/15",
1790445598.784,hud,calib_s,,,,,"✓ Buffer 6s",
1790445598.784,marker,gnss,52.40189000,-1.44583800,220.20,true,,
1790445598.785,marker,dr,52.40263145,-1.44511310,274.80,true,,
1790445598.785,marker,reconciled,0.00000000,0.00000000,0.00,false,,
1790445598.834,hud,speed,,,,,"14.7 / 11.0",14.650
1790445598.834,hud,heading,,,,,"85° / 140°",85.400
1790445598.834,hud,drift,,,,,"61.00%",61.000
1790445598.835,hud,turns,,,,,"✗ turns: 1/15",
1790445598.835,hud,calib_s,,,,,"✓ Buffer 6s",
1790445598.835,marker,gnss,52.40189000,-1.44583800,220.20,true,,
1790445598.836,marker,dr,52.40263319,-1.44509178,274.60,true,,
1790445598.836,marker,reconciled,0.00000000,0.00000000,0.00,false,,
1790445598.888,hud,speed,,,,,"14.7 / 11.0",14.660
1790445598.889,hud,heading,,,,,"86° / 140°",85.500
1790445598.889,hud,drift,,,,,"61.29%",61.290
1790445598.889,hud,turns,,,,,"✗ turns: 1/15",
1790445598.889,hud,calib_s,,,,,"✓ Buffer 6s",
1790445598.890,marker,gnss,52.40189000,-1.44583800,220.20,true,,
1790445598.891,marker,dr,52.40263495,-1.44507044,274.50,true,,
1790445598.891,marker,reconciled,0.00000000,0.00000000,0.00,false,,
1790445598.938,hud,speed,,,,,"14.5 / 11.0",14.520
1790445598.939,hud,heading,,,,,"86° / 140°",85.600
1790445598.939,hud,drift,,,,,"61.57%",61.570
1790445598.940,hud,turns,,,,,"✗ turns: 1/15",
1790445598.940,hud,calib_s,,,,,"✓ Buffer 6s",
1790445598.940,marker,gnss,52.40189000,-1.44583800,220.20,true,,
1790445598.941,marker,dr,52.40263670,-1.44504907,274.40,true,,
1790445598.941,marker,reconciled,0.00000000,0.00000000,0.00,false,,
1790445598.990,hud,speed,,,,,"14.4 / 11.0",14.430
1790445598.991,hud,heading,,,,,"86° / 140°",85.700
1790445598.991,hud,drift,,,,,"61.85%",61.850
1790445598.992,hud,turns,,,,,"✗ turns: 1/15",
1790445598.992,hud,calib_s,,,,,"✓ Buffer 6s",
1790445598.993,marker,gnss,52.40189000,-1.44583800,220.20,true,,
1790445598.993,marker,dr,52.40263840,-1.44502803,274.30,true,,
1790445598.994,marker,reconciled,0.00000000,0.00000000,0.00,false,,
1790445599.039,hud,speed,,,,,"14.4 / 11.0",14.350
1790445599.040,hud,heading,,,,,"86° / 140°",85.800
1790445599.040,hud,drift,,,,,"62.12%",62.120
1790445599.040,hud,turns,,,,,"✗ turns: 1/15",
1790445599.041,hud,calib_s,,,,,"✓ Buffer 6s",
1790445599.041,marker,gnss,52.40189000,-1.44583800,220.20,true,,
1790445599.042,marker,dr,52.40264011,-1.44500732,274.20,true,,
1790445599.043,marker,reconciled,0.00000000,0.00000000,0.00,false,,
1790445599.090,hud,speed,,,,,"14.3 / 11.0",14.270
1790445599.090,hud,heading,,,,,"86° / 140°",85.800
1790445599.091,hud,drift,,,,,"62.39%",62.390
1790445599.091,hud,turns,,,,,"✗ turns: 1/15",
1790445599.091,hud,calib_s,,,,,"✓ Buffer 6s",
1790445599.092,marker,gnss,52.40189000,-1.44583800,220.20,true,,
1790445599.092,marker,dr,52.40264181,-1.44498631,274.20,true,,
1790445599.093,marker,reconciled,0.00000000,0.00000000,0.00,false,,
1790445599.144,hud,speed,,,,,"14.2 / 11.0",14.200
1790445599.144,hud,heading,,,,,"86° / 140°",85.800
1790445599.145,hud,drift,,,,,"62.65%",62.650
1790445599.145,hud,turns,,,,,"✗ turns: 1/15",
1790445599.145,hud,calib_s,,,,,"✓ Buffer 6s",
1790445599.145,marker,gnss,52.40189000,-1.44583800,220.20,true,,
1790445599.146,marker,dr,52.40264343,-1.44496579,274.20,true,,
1790445599.146,marker,reconciled,0.00000000,0.00000000,0.00,false,,
1790445599.191,hud,speed,,,,,"14.2 / 11.0",14.210
1790445599.191,hud,heading,,,,,"86° / 140°",85.900
1790445599.191,hud,drift,,,,,"62.91%",62.910
1790445599.192,hud,turns,,,,,"✗ turns: 1/15",
1790445599.192,hud,calib_s,,,,,"✓ Buffer 6s",
1790445599.193,marker,gnss,52.40189000,-1.44583800,220.20,true,,
1790445599.193,marker,dr,52.40264506,-1.44494506,274.10,true,,
1790445599.194,marker,reconciled,0.00000000,0.00000000,0.00,false,,
1790445599.242,hud,speed,,,,,"14.2 / 11.0",14.180
1790445599.243,hud,heading,,,,,"86° / 140°",85.800
1790445599.243,hud,drift,,,,,"63.17%",63.170
1790445599.244,hud,turns,,,,,"✗ turns: 1/15",
1790445599.244,hud,calib_s,,,,,"✓ Buffer 6s",
1790445599.244,marker,gnss,52.40189000,-1.44583800,220.20,true,,
1790445599.245,marker,dr,52.40264664,-1.44492437,274.20,true,,
1790445599.246,marker,reconciled,0.00000000,0.00000000,0.00,false,,
1790445599.293,hud,speed,,,,,"14.2 / 11.0",14.160
1790445599.293,hud,heading,,,,,"86° / 140°",85.900
1790445599.294,hud,drift,,,,,"63.42%",63.420
1790445599.294,hud,turns,,,,,"✗ turns: 1/15",
1790445599.294,hud,calib_s,,,,,"✓ Buffer 6s",
1790445599.295,marker,gnss,52.40189000,-1.44583800,220.20,true,,
1790445599.295,marker,dr,52.40264821,-1.44490350,274.10,true,,
1790445599.295,marker,reconciled,0.00000000,0.00000000,0.00,false,,
1790445599.342,hud,speed,,,,,"14.1 / 11.0",14.120
1790445599.342,hud,heading,,,,,"86° / 140°",85.900
1790445599.343,hud,drift,,,,,"63.67%",63.670
1790445599.343,hud,turns,,,,,"✗ turns: 1/15",
1790445599.343,hud,calib_s,,,,,"✓ Buffer 6s",
1790445599.344,marker,gnss,52.40189000,-1.44583800,220.20,true,,
1790445599.344,marker,dr,52.40264976,-1.44488288,274.10,true,,
1790445599.344,marker,reconciled,0.00000000,0.00000000,0.00,false,,
1790445599.395,hud,speed,,,,,"14.1 / 11.0",14.140
1790445599.396,hud,heading,,,,,"86° / 140°",85.800
1790445599.396,hud,drift,,,,,"63.91%",63.910
1790445599.396,hud,turns,,,,,"✗ turns: 1/15",
1790445599.397,hud,calib_s,,,,,"✓ Buffer 6s",
1790445599.397,marker,gnss,52.40189000,-1.44583800,220.20,true,,
1790445599.397,marker,dr,52.40265129,-1.44486226,274.20,true,,
1790445599.398,marker,reconciled,0.00000000,0.00000000,0.00,false,,
1790445599.442,hud,speed,,,,,"14.0 / 11.0",13.970
1790445599.443,hud,heading,,,,,"86° / 140°",85.900
1790445599.443,hud,drift,,,,,"64.15%",64.150
1790445599.443,hud,turns,,,,,"✗ turns: 1/15",
1790445599.444,hud,calib_s,,,,,"✓ Buffer 6s",
1790445599.444,marker,gnss,52.40189000,-1.44583800,220.20,true,,
1790445599.444,marker,dr,52.40265274,-1.44484207,274.10,true,,
1790445599.445,marker,reconciled,0.00000000,0.00000000,0.00,false,,
1790445599.498,hud,speed,,,,,"13.9 / 11.0",13.930
1790445599.499,hud,heading,,,,,"86° / 140°",85.900
1790445599.499,hud,drift,,,,,"64.38%",64.380
1790445599.499,hud,turns,,,,,"✗ turns: 1/15",
1790445599.500,hud,calib_s,,,,,"✓ Buffer 6s",
1790445599.500,marker,gnss,52.40189000,-1.44583800,220.20,true,,
1790445599.501,marker,dr,52.40265416,-1.44482152,274.10,true,,
1790445599.501,marker,reconciled,0.00000000,0.00000000,0.00,false,,
1790445599.547,hud,speed,,,,,"13.9 / 11.0",13.850
1790445599.548,hud,heading,,,,,"86° / 140°",85.800
1790445599.548,hud,drift,,,,,"64.60%",64.600
1790445599.548,hud,turns,,,,,"✗ turns: 1/15",
1790445599.548,hud,calib_s,,,,,"✓ Buffer 6s",
1790445599.549,marker,gnss,52.40189000,-1.44583800,220.20,true,,
1790445599.549,marker,dr,52.40265555,-1.44480150,274.20,true,,
1790445599.550,marker,reconciled,0.00000000,0.00000000,0.00,false,,
1790445599.600,hud,speed,,,,,"13.6 / 11.0",13.620
1790445599.601,hud,heading,,,,,"86° / 140°",85.700
1790445599.601,hud,drift,,,,,"64.82%",64.820
1790445599.601,hud,turns,,,,,"✗ turns: 1/15",
1790445599.602,hud,calib_s,,,,,"✓ Buffer 6s",
1790445599.602,marker,gnss,52.40189000,-1.44583800,220.20,true,,
1790445599.603,marker,dr,52.40265692,-1.44478162,274.30,true,,
1790445599.603,marker,reconciled,0.00000000,0.00000000,0.00,false,,
1790445599.654,hud,speed,,,,,"13.5 / 11.0",13.460
1790445599.654,hud,heading,,,,,"86° / 140°",85.600
1790445599.655,hud,drift,,,,,"65.03%",65.030
1790445599.655,hud,turns,,,,,"✗ turns: 1/15",
1790445599.655,hud,calib_s,,,,,"✓ Buffer 6s",
1790445599.656,marker,gnss,52.40189000,-1.44583800,220.20,true,,
1790445599.656,marker,dr,52.40265823,-1.44476196,274.40,true,,
1790445599.657,marker,reconciled,0.00000000,0.00000000,0.00,false,,
1790445599.699,hud,speed,,,,,"13.4 / 11.0",13.410
1790445599.700,hud,heading,,,,,"86° / 140°",85.500
1790445599.700,hud,drift,,,,,"65.24%",65.240
1790445599.701,hud,turns,,,,,"✗ turns: 1/15",
1790445599.701,hud,calib_s,,,,,"✓ Buffer 6s",
1790445599.701,marker,gnss,52.40189000,-1.44583800,220.20,true,,
1790445599.702,marker,dr,52.40265945,-1.44474218,274.50,true,,
1790445599.702,marker,reconciled,0.00000000,0.00000000,0.00,false,,
1790445599.749,hud,speed,,,,,"13.2 / 11.0",13.230
1790445599.750,hud,heading,,,,,"86° / 140°",85.500
1790445599.750,hud,drift,,,,,"65.43%",65.430
1790445599.751,hud,turns,,,,,"✗ turns: 1/15",
1790445599.751,hud,calib_s,,,,,"✓ Buffer 6s",
1790445599.751,marker,gnss,52.40189000,-1.44583800,220.20,true,,
1790445599.752,marker,dr,52.40266061,-1.44472284,274.50,true,,
1790445599.752,marker,reconciled,0.00000000,0.00000000,0.00,false,,
1790445599.802,hud,speed,,,,,"13.2 / 11.0",13.230
1790445599.803,hud,heading,,,,,"86° / 140°",85.700
1790445599.803,hud,drift,,,,,"65.62%",65.620
1790445599.804,hud,turns,,,,,"✗ turns: 1/15",
1790445599.804,hud,calib_s,,,,,"✓ Buffer 6s",
1790445599.804,marker,gnss,52.40189000,-1.44583800,220.20,true,,
1790445599.805,marker,dr,52.40266172,-1.44470368,274.30,true,,
1790445599.805,marker,reconciled,0.00000000,0.00000000,0.00,false,,
1790445599.853,hud,speed,,,,,"13.1 / 11.0",13.080
1790445599.853,hud,heading,,,,,"86° / 140°",85.800
1790445599.854,hud,drift,,,,,"65.81%",65.810
1790445599.854,hud,turns,,,,,"✗ turns: 1/15",
1790445599.854,hud,calib_s,,,,,"✓ Buffer 6s",
1790445599.855,marker,gnss,52.40189000,-1.44583800,220.20,true,,
1790445599.856,marker,dr,52.40266282,-1.44468455,274.20,true,,
1790445599.856,marker,reconciled,0.00000000,0.00000000,0.00,false,,
1790445599.907,hud,speed,,,,,"13.1 / 11.0",13.100
1790445599.907,hud,heading,,,,,"86° / 140°",85.800
1790445599.907,hud,drift,,,,,"66.00%",66.000
1790445599.908,hud,turns,,,,,"✗ turns: 1/15",
1790445599.908,hud,calib_s,,,,,"✓ Buffer 6s",
1790445599.908,marker,gnss,52.40189000,-1.44583800,220.20,true,,
1790445599.909,marker,dr,52.40266387,-1.44466518,274.20,true,,
1790445599.909,marker,reconciled,0.00000000,0.00000000,0.00,false,,
1790445599.957,hud,speed,,,,,"13.1 / 11.0",13.140
1790445599.958,hud,heading,,,,,"86° / 140°",85.500
1790445599.958,hud,drift,,,,,"66.18%",66.180
1790445599.959,hud,turns,,,,,"✗ turns: 1/15",
1790445599.959,hud,calib_s,,,,,"✓ Buffer 6s",
1790445599.959,marker,gnss,52.40189000,-1.44583800,220.20,true,,
1790445599.960,marker,dr,52.40266488,-1.44464613,274.50,true,,
1790445599.960,marker,reconciled,0.00000000,0.00000000,0.00,false,,
1790445600.008,hud,speed,,,,,"13.2 / 11.0",13.190
1790445600.008,hud,heading,,,,,"85° / 140°",85.200
1790445600.009,hud,drift,,,,,"66.36%",66.360
1790445600.009,hud,turns,,,,,"✗ turns: 1/15",
1790445600.009,hud,calib_s,,,,,"✓ Buffer 6s",
1790445600.010,marker,gnss,52.40189000,-1.44583800,220.20,true,,
1790445600.011,marker,dr,52.40266590,-1.44462664,274.80,true,,
1790445600.011,marker,reconciled,0.00000000,0.00000000,0.00,false,,
1790445600.056,hud,speed,,,,,"13.2 / 11.0",13.180
1790445600.057,hud,heading,,,,,"85° / 140°",84.900
1790445600.057,hud,drift,,,,,"66.53%",66.530
1790445600.057,hud,turns,,,,,"✗ turns: 1/15",
1790445600.057,hud,calib_s,,,,,"✓ Buffer 6s",
1790445600.058,marker,gnss,52.40189000,-1.44583800,220.20,true,,
1790445600.059,marker,dr,52.40266689,-1.44460733,275.10,true,,
1790445600.059,marker,reconciled,0.00000000,0.00000000,0.00,false,,
1790445600.108,hud,speed,,,,,"13.3 / 11.0",13.260
1790445600.109,hud,heading,,,,,"85° / 140°",84.500
1790445600.109,hud,drift,,,,,"66.71%",66.710
1790445600.109,hud,turns,,,,,"✗ turns: 1/15",
1790445600.110,hud,calib_s,,,,,"✓ Buffer 6s",
1790445600.110,marker,gnss,52.40189000,-1.44583800,220.20,true,,
1790445600.111,marker,dr,52.40266781,-1.44458791,275.50,true,,
1790445600.111,marker,reconciled,0.00000000,0.00000000,0.00,false,,
1790445600.161,hud,speed,,,,,"13.2 / 11.0",13.210
1790445600.162,hud,heading,,,,,"84° / 140°",84.300
1790445600.162,hud,drift,,,,,"66.87%",66.870
1790445600.163,hud,turns,,,,,"✗ turns: 1/15",
1790445600.163,hud,calib_s,,,,,"✓ Buffer 6s",
1790445600.163,marker,gnss,52.40189000,-1.44583800,220.20,true,,
1790445600.164,marker,dr,52.40266866,-1.44456870,275.70,true,,
1790445600.164,marker,reconciled,0.00000000,0.00000000,0.00,false,,
1790445600.207,hud,speed,,,,,"13.3 / 11.0",13.260
1790445600.208,hud,heading,,,,,"84° / 140°",84.300
1790445600.208,hud,drift,,,,,"67.04%",67.040
1790445600.208,hud,turns,,,,,"✗ turns: 1/15",
1790445600.208,hud,calib_s,,,,,"✓ Buffer 6s",
1790445600.209,marker,gnss,52.40189000,-1.44583800,220.20,true,,
1790445600.209,marker,dr,52.40266951,-1.44454900,275.70,true,,
1790445600.210,marker,reconciled,0.00000000,0.00000000,0.00,false,,
1790445600.262,hud,speed,,,,,"13.3 / 11.0",13.310
1790445600.263,hud,heading,,,,,"85° / 140°",84.500
1790445600.263,hud,drift,,,,,"67.21%",67.210
1790445600.263,hud,turns,,,,,"✗ turns: 1/15",
1790445600.264,hud,calib_s,,,,,"✓ Buffer 6s",
1790445600.264,marker,gnss,52.40189000,-1.44583800,220.20,true,,
1790445600.265,marker,dr,52.40267035,-1.44452947,275.50,true,,
1790445600.265,marker,reconciled,0.00000000,0.00000000,0.00,false,,
1790445600.309,hud,speed,,,,,"13.5 / 11.0",13.450
1790445600.310,hud,heading,,,,,"85° / 140°",85.000
1790445600.310,hud,drift,,,,,"67.37%",67.370
1790445600.311,hud,turns,,,,,"✗ turns: 1/15",
1790445600.311,hud,calib_s,,,,,"✓ Buffer 6s",
1790445600.311,marker,gnss,52.40189000,-1.44583800,220.20,true,,
1790445600.312,marker,dr,52.40267120,-1.44450975,275.00,true,,
1790445600.312,marker,reconciled,0.00000000,0.00000000,0.00,false,,
1790445600.362,hud,speed,,,,,"13.6 / 11.0",13.620
1790445600.362,hud,heading,,,,,"85° / 140°",85.300
1790445600.363,hud,drift,,,,,"67.54%",67.540
1790445600.363,hud,turns,,,,,"✗ turns: 1/15",
1790445600.364,hud,calib_s,,,,,"✓ Buffer 6s",
1790445600.364,marker,gnss,52.40189000,-1.44583800,220.20,true,,
1790445600.365,marker,dr,52.40267206,-1.44448979,274.70,true,,
1790445600.365,marker,reconciled,0.00000000,0.00000000,0.00,false,,
1790445600.422,hud,speed,,,,,"13.7 / 11.0",13.680
1790445600.423,hud,heading,,,,,"85° / 140°",85.200
1790445600.423,hud,drift,,,,,"67.71%",67.710
1790445600.423,hud,turns,,,,,"✗ turns: 1/15",
1790445600.424,hud,calib_s,,,,,"✓ Buffer 6s",
1790445600.424,marker,gnss,52.40189000,-1.44583800,220.20,true,,
1790445600.425,marker,dr,52.40267287,-1.44446973,274.80,true,,
1790445600.425,marker,reconciled,0.00000000,0.00000000,0.00,false,,
1790445600.468,hud,speed,,,,,"13.8 / 11.0",13.770
1790445600.468,hud,heading,,,,,"85° / 140°",85.300
1790445600.469,hud,drift,,,,,"67.87%",67.870
1790445600.469,hud,turns,,,,,"✗ turns: 1/15",
1790445600.469,hud,calib_s,,,,,"✓ Buffer 6s",
1790445600.470,marker,gnss,52.40189000,-1.44583800,220.20,true,,
1790445600.470,marker,dr,52.40267366,-1.44444974,274.70,true,,
1790445600.471,marker,reconciled,0.00000000,0.00000000,0.00,false,,
1790445600.522,hud,speed,,,,,"13.9 / 11.0",13.880
1790445600.523,hud,heading,,,,,"86° / 140°",85.500
1790445600.523,hud,drift,,,,,"68.03%",68.030
1790445600.523,hud,turns,,,,,"✗ turns: 1/15",
1790445600.523,hud,calib_s,,,,,"✓ Buffer 6s",
1790445600.524,marker,gnss,52.40189000,-1.44583800,220.20,true,,
1790445600.525,marker,dr,52.40267447,-1.44442939,274.50,true,,
1790445600.525,marker,reconciled,0.00000000,0.00000000,0.00,false,,
1790445600.570,hud,speed,,,,,"14.0 / 11.0",13.990
1790445600.570,hud,heading,,,,,"86° / 140°",85.800
1790445600.571,hud,drift,,,,,"68.20%",68.200
1790445600.571,hud,turns,,,,,"✗ turns: 1/15",
1790445600.571,hud,calib_s,,,,,"✓ Buffer 6s",
1790445600.572,marker,gnss,52.40189000,-1.44583800,220.20,true,,
1790445600.572,marker,dr,52.40267525,-1.44440889,274.20,true,,
1790445600.572,marker,reconciled,0.00000000,0.00000000,0.00,false,,
1790445600.623,hud,speed,,,,,"14.1 / 11.0",14.090
1790445600.624,hud,heading,,,,,"86° / 140°",86.000
1790445600.624,hud,drift,,,,,"68.36%",68.360
1790445600.624,hud,turns,,,,,"✗ turns: 1/15",
1790445600.625,hud,calib_s,,,,,"✓ Buffer 6s",
1790445600.625,marker,gnss,52.40189000,-1.44583800,220.20,true,,
1790445600.625,marker,dr,52.40267597,-1.44438823,274.00,true,,
1790445600.626,marker,reconciled,0.00000000,0.00000000,0.00,false,,
1790445600.676,hud,speed,,,,,"14.2 / 11.0",14.210
1790445600.677,hud,heading,,,,,"86° / 140°",86.000
1790445600.677,hud,drift,,,,,"68.52%",68.520
1790445600.678,hud,turns,,,,,"✗ turns: 1/15",
1790445600.678,hud,calib_s,,,,,"✓ Buffer 6s",
1790445600.678,marker,gnss,52.40189000,-1.44583800,220.20,true,,
1790445600.679,marker,dr,52.40267671,-1.44436741,274.00,true,,
1790445600.679,marker,reconciled,0.00000000,0.00000000,0.00,false,,
1790445600.721,hud,speed,,,,,"14.3 / 11.0",14.330
1790445600.722,hud,heading,,,,,"86° / 140°",86.100
1790445600.722,hud,drift,,,,,"68.69%",68.690
1790445600.723,hud,turns,,,,,"✗ turns: 1/15",
1790445600.723,hud,calib_s,,,,,"✓ Buffer 6s",
1790445600.724,marker,gnss,52.40189000,-1.44583800,220.20,true,,
1790445600.724,marker,dr,52.40267749,-1.44434640,273.90,true,,
1790445600.725,marker,reconciled,0.00000000,0.00000000,0.00,false,,
1790445600.774,hud,speed,,,,,"14.4 / 11.0",14.440
1790445600.774,hud,heading,,,,,"86° / 140°",86.100
1790445600.775,hud,drift,,,,,"68.86%",68.860
1790445600.775,hud,turns,,,,,"✗ turns: 1/15",
1790445600.775,hud,calib_s,,,,,"✓ Buffer 6s",
1790445600.776,marker,gnss,52.40189000,-1.44583800,220.20,true,,
1790445600.777,marker,dr,52.40267827,-1.44432523,273.90,true,,
1790445600.777,marker,reconciled,0.00000000,0.00000000,0.00,false,,
1790445600.823,hud,speed,,,,,"14.6 / 11.0",14.570
1790445600.824,hud,heading,,,,,"86° / 140°",86.100
1790445600.824,hud,drift,,,,,"69.03%",69.030
1790445600.825,hud,turns,,,,,"✗ turns: 1/15",
1790445600.825,hud,calib_s,,,,,"✓ Buffer 6s",
1790445600.825,marker,gnss,52.40189000,-1.44583800,220.20,true,,
1790445600.826,marker,dr,52.40267904,-1.44430366,273.90,true,,
1790445600.827,marker,reconciled,0.00000000,0.00000000,0.00,false,,
1790445600.877,hud,speed,,,,,"14.7 / 11.0",14.670
1790445600.877,hud,heading,,,,,"86° / 140°",85.900
1790445600.878,hud,drift,,,,,"69.19%",69.190
1790445600.878,hud,turns,,,,,"✗ turns: 1/15",
1790445600.879,hud,calib_s,,,,,"✓ Buffer 6s",
1790445600.879,marker,gnss,52.40189000,-1.44583800,220.20,true,,
1790445600.880,marker,dr,52.40267978,-1.44428214,274.10,true,,
1790445600.880,marker,reconciled,0.00000000,0.00000000,0.00,false,,
1790445600.929,hud,speed,,,,,"14.8 / 11.0",14.750
1790445600.929,hud,heading,,,,,"86° / 140°",86.000
1790445600.929,hud,drift,,,,,"69.36%",69.360
1790445600.930,hud,turns,,,,,"✗ turns: 1/15",
1790445600.930,hud,calib_s,,,,,"✓ Buffer 6s",
1790445600.931,marker,gnss,52.40189000,-1.44583800,220.20,true,,
1790445600.932,marker,dr,52.40268050,-1.44426051,274.00,true,,
1790445600.932,marker,reconciled,0.00000000,0.00000000,0.00,false,,
1790445600.978,hud,speed,,,,,"14.8 / 11.0",14.790
1790445600.978,hud,heading,,,,,"86° / 140°",85.900
1790445600.979,hud,drift,,,,,"69.52%",69.520
1790445600.979,hud,turns,,,,,"✗ turns: 1/15",
1790445600.979,hud,calib_s,,,,,"✓ Buffer 6s",
1790445600.980,marker,gnss,52.40189000,-1.44583800,220.20,true,,
1790445600.980,marker,dr,52.40268120,-1.44423902,274.10,true,,
1790445600.981,marker,reconciled,0.00000000,0.00000000,0.00,false,,
1790445601.030,hud,speed,,,,,"14.7 / 11.0",14.700
1790445601.031,hud,heading,,,,,"86° / 140°",86.100
1790445601.031,hud,drift,,,,,"69.68%",69.680
1790445601.032,hud,turns,,,,,"✗ turns: 1/15",
1790445601.032,hud,calib_s,,,,,"✓ Buffer 6s",
1790445601.032,marker,gnss,52.40189000,-1.44583800,220.20,true,,
1790445601.033,marker,dr,52.40268191,-1.44421724,273.90,true,,
1790445601.034,marker,reconciled,0.00000000,0.00000000,0.00,false,,
1790445601.079,hud,speed,,,,,"14.6 / 11.0",14.590
1790445601.080,hud,heading,,,,,"86° / 140°",85.900
1790445601.080,hud,drift,,,,,"69.84%",69.840
1790445601.080,hud,turns,,,,,"✗ turns: 1/15",
1790445601.081,hud,calib_s,,,,,"✓ Buffer 6s",
1790445601.081,marker,gnss,52.40189000,-1.44583800,220.20,true,,
1790445601.082,marker,dr,52.40268265,-1.44419585,274.10,true,,
1790445601.082,marker,reconciled,0.00000000,0.00000000,0.00,false,,
1790445601.132,hud,speed,,,,,"14.6 / 11.0",14.560
1790445601.133,hud,heading,,,,,"86° / 140°",86.000
1790445601.133,hud,drift,,,,,"70.00%",70.000
1790445601.134,hud,turns,,,,,"✗ turns: 1/15",
1790445601.134,hud,calib_s,,,,,"✓ Buffer 6s",
1790445601.134,marker,gnss,52.40189000,-1.44583800,220.20,true,,
1790445601.135,marker,dr,52.40268333,-1.44417470,274.00,true,,
1790445601.135,marker,reconciled,0.00000000,0.00000000,0.00,false,,
1790445601.184,hud,speed,,,,,"14.5 / 11.0",14.490
1790445601.184,hud,heading,,,,,"86° / 140°",85.800
1790445601.185,hud,drift,,,,,"70.15%",70.150
1790445601.185,hud,turns,,,,,"✗ turns: 1/15",
1790445601.185,hud,calib_s,,,,,"✓ Buffer 6s",
1790445601.186,marker,gnss,52.40189000,-1.44583800,220.20,true,,
1790445601.186,marker,dr,52.40268402,-1.44415322,274.20,true,,
1790445601.187,marker,reconciled,0.00000000,0.00000000,0.00,false,,
1790445601.233,hud,speed,,,,,"14.2 / 11.0",14.230
1790445601.233,hud,heading,,,,,"86° / 140°",85.700
1790445601.233,hud,drift,,,,,"70.30%",70.300
1790445601.234,hud,turns,,,,,"✗ turns: 1/15",
1790445601.234,hud,calib_s,,,,,"✓ Buffer 6s",
1790445601.235,marker,gnss,52.40189000,-1.44583800,220.20,true,,
1790445601.236,marker,dr,52.40268472,-1.44413255,274.30,true,,
1790445601.236,marker,reconciled,0.00000000,0.00000000,0.00,false,,
1790445601.289,hud,speed,,,,,"14.0 / 11.0",14.010
1790445601.290,hud,heading,,,,,"86° / 140°",85.600
1790445601.290,hud,drift,,,,,"70.44%",70.440
1790445601.291,hud,turns,,,,,"✗ turns: 1/15",
1790445601.291,hud,calib_s,,,,,"✓ Buffer 6s",
1790445601.291,marker,gnss,52.40189000,-1.44583800,220.20,true,,
1790445601.292,marker,dr,52.40268539,-1.44411198,274.40,true,,
1790445601.292,marker,reconciled,0.00000000,0.00000000,0.00,false,,
1790445601.332,hud,speed,,,,,"13.8 / 11.0",13.800
1790445601.333,hud,heading,,,,,"86° / 140°",85.500
1790445601.333,hud,drift,,,,,"70.58%",70.580
1790445601.333,hud,turns,,,,,"✗ turns: 1/15",
1790445601.333,hud,calib_s,,,,,"✓ Buffer 6s",
1790445601.334,marker,gnss,52.40189000,-1.44583800,220.20,true,,
1790445601.335,marker,dr,52.40268605,-1.44409171,274.50,true,,
1790445601.335,marker,reconciled,0.00000000,0.00000000,0.00,false,,
1790445601.387,hud,speed,,,,,"13.7 / 11.0",13.690
1790445601.387,hud,heading,,,,,"86° / 140°",85.600
1790445601.387,hud,drift,,,,,"70.72%",70.720
1790445601.388,hud,turns,,,,,"✗ turns: 1/15",
1790445601.388,hud,calib_s,,,,,"✓ Buffer 6s",
1790445601.388,marker,gnss,52.40189000,-1.44583800,220.20,true,,
1790445601.389,marker,dr,52.40268668,-1.44407141,274.40,true,,
1790445601.389,marker,reconciled,0.00000000,0.00000000,0.00,false,,
1790445601.435,hud,speed,,,,,"13.7 / 11.0",13.690
1790445601.435,hud,heading,,,,,"86° / 140°",85.600
1790445601.435,hud,drift,,,,,"70.85%",70.850
1790445601.436,hud,turns,,,,,"✗ turns: 1/15",
1790445601.436,hud,calib_s,,,,,"✓ Buffer 6s",
1790445601.436,marker,gnss,52.40189000,-1.44583800,220.20,true,,
1790445601.437,marker,dr,52.40268735,-1.44405152,274.40,true,,
1790445601.437,marker,reconciled,0.00000000,0.00000000,0.00,false,,
1790445601.488,hud,speed,,,,,"13.7 / 11.0",13.680
1790445601.488,hud,heading,,,,,"86° / 140°",85.900
1790445601.489,hud,drift,,,,,"70.99%",70.990
1790445601.489,hud,turns,,,,,"✗ turns: 1/15",
1790445601.489,hud,calib_s,,,,,"✓ Buffer 6s",
1790445601.490,marker,gnss,52.40189000,-1.44583800,220.20,true,,
1790445601.490,marker,dr,52.40268805,-1.44403126,274.10,true,,
1790445601.491,marker,reconciled,0.00000000,0.00000000,0.00,false,,
1790445601.539,hud,speed,,,,,"13.5 / 11.0",13.530
1790445601.540,hud,heading,,,,,"86° / 140°",86.000
1790445601.540,hud,drift,,,,,"71.12%",71.120
1790445601.541,hud,turns,,,,,"✗ turns: 1/15",
1790445601.541,hud,calib_s,,,,,"✓ Buffer 6s",
1790445601.542,marker,gnss,52.40189000,-1.44583800,220.20,true,,
1790445601.542,marker,dr,52.40268881,-1.44401162,274.00,true,,
1790445601.543,marker,reconciled,0.00000000,0.00000000,0.00,false,,
1790445601.591,hud,speed,,,,,"13.6 / 11.0",13.550
1790445601.592,hud,heading,,,,,"86° / 140°",85.900
1790445601.592,hud,drift,,,,,"71.25%",71.250
1790445601.592,hud,turns,,,,,"✗ turns: 1/15",
1790445601.592,hud,calib_s,,,,,"✓ Buffer 6s",
1790445601.593,marker,gnss,52.40189000,-1.44583800,220.20,true,,
1790445601.593,marker,dr,52.40268960,-1.44399156,274.10,true,,
1790445601.594,marker,reconciled,0.00000000,0.00000000,0.00,false,,
1790445601.639,hud,speed,,,,,"13.5 / 11.0",13.540
1790445601.640,hud,heading,,,,,"86° / 140°",86.000
1790445601.640,hud,drift,,,,,"71.38%",71.380
1790445601.640,hud,turns,,,,,"✗ turns: 1/15",
1790445601.641,hud,calib_s,,,,,"✓ Buffer 6s",
1790445601.641,marker,gnss,52.40189000,-1.44583800,220.20,true,,
1790445601.642,marker,dr,52.40269035,-1.44397191,274.00,true,,
1790445601.642,marker,reconciled,0.00000000,0.00000000,0.00,false,,
1790445601.692,hud,speed,,,,,"13.6 / 11.0",13.570
1790445601.692,hud,heading,,,,,"86° / 140°",85.800
1790445601.692,hud,drift,,,,,"71.52%",71.520
1790445601.693,hud,turns,,,,,"✗ turns: 1/15",
1790445601.693,hud,calib_s,,,,,"✓ Buffer 6s",
1790445601.693,marker,gnss,52.40189000,-1.44583800,220.20,true,,
1790445601.695,marker,dr,52.40269110,-1.44395180,274.20,true,,
1790445601.696,marker,reconciled,0.00000000,0.00000000,0.00,false,,
1790445601.742,hud,speed,,,,,"13.6 / 11.0",13.600
1790445601.742,hud,heading,,,,,"86° / 140°",85.700
1790445601.742,hud,drift,,,,,"71.64%",71.640
1790445601.743,hud,turns,,,,,"✗ turns: 1/15",
1790445601.743,hud,calib_s,,,,,"✓ Buffer 6s",
1790445601.743,marker,gnss,52.40189000,-1.44583800,220.20,true,,
1790445601.744,marker,dr,52.40269179,-1.44393184,274.30,true,,
1790445601.744,marker,reconciled,0.00000000,0.00000000,0.00,false,,
1790445601.793,hud,speed,,,,,"13.7 / 11.0",13.660
1790445601.793,hud,heading,,,,,"86° / 140°",85.800
1790445601.794,hud,drift,,,,,"71.77%",71.770
1790445601.794,hud,turns,,,,,"✗ turns: 1/15",
1790445601.794,hud,calib_s,,,,,"✓ Buffer 6s",
1790445601.795,marker,gnss,52.40189000,-1.44583800,220.20,true,,
1790445601.795,marker,dr,52.40269251,-1.44391201,274.20,true,,
1790445601.796,marker,reconciled,0.00000000,0.00000000,0.00,false,,
1790445601.844,hud,speed,,,,,"13.7 / 11.0",13.720
1790445601.844,hud,heading,,,,,"86° / 140°",86.200
1790445601.845,hud,drift,,,,,"71.90%",71.900
1790445601.845,hud,turns,,,,,"✗ turns: 1/15",
1790445601.845,hud,calib_s,,,,,"✓ Buffer 6s",
1790445601.845,marker,gnss,52.40189000,-1.44583800,220.20,true,,
1790445601.846,marker,dr,52.40269320,-1.44389188,273.80,true,,
1790445601.846,marker,reconciled,0.00000000,0.00000000,0.00,false,,
1790445601.894,hud,speed,,,,,"13.8 / 11.0",13.810
1790445601.895,hud,heading,,,,,"87° / 140°",86.700
1790445601.895,hud,drift,,,,,"72.03%",72.030
1790445601.895,hud,turns,,,,,"✗ turns: 1/15",
1790445601.896,hud,calib_s,,,,,"✓ Buffer 6s",
1790445601.896,marker,gnss,52.40189000,-1.44583800,220.20,true,,
1790445601.897,marker,dr,52.40269388,-1.44387141,273.30,true,,
1790445601.897,marker,reconciled,0.00000000,0.00000000,0.00,false,,
1790445601.951,hud,speed,,,,,"13.9 / 12.3",13.900
1790445601.951,hud,heading,,,,,"87° / 135°",86.700
1790445601.952,hud,drift,,,,,"72.20%",72.200
1790445601.952,hud,turns,,,,,"✗ turns: 1/15",
1790445601.952,hud,calib_s,,,,,"✓ Buffer 6s",
1790445601.953,marker,gnss,52.40121500,-1.44490700,225.50,true,,
1790445601.953,marker,dr,52.40269453,-1.44385122,273.30,true,,
1790445601.954,marker,reconciled,0.00000000,0.00000000,0.00,false,,
1790445601.997,hud,speed,,,,,"14.0 / 12.3",13.980
1790445601.997,hud,heading,,,,,"87° / 135°",86.600
1790445601.997,hud,drift,,,,,"72.28%",72.280
1790445601.998,hud,turns,,,,,"✗ turns: 1/15",
1790445601.998,hud,calib_s,,,,,"✓ Buffer 6s",
1790445601.998,marker,gnss,52.40121500,-1.44490700,225.50,true,,
1790445601.999,marker,dr,52.40269522,-1.44383072,273.40,true,,
1790445601.999,marker,reconciled,0.00000000,0.00000000,0.00,false,,
1790445602.047,hud,speed,,,,,"14.0 / 12.3",14.010
1790445602.047,hud,heading,,,,,"87° / 135°",86.500
1790445602.048,hud,drift,,,,,"72.35%",72.350
1790445602.048,hud,turns,,,,,"✗ turns: 1/15",
1790445602.048,hud,calib_s,,,,,"✓ Buffer 6s",
1790445602.049,marker,gnss,52.40121500,-1.44490700,225.50,true,,
1790445602.049,marker,dr,52.40269591,-1.44381017,273.50,true,,
1790445602.049,marker,reconciled,0.00000000,0.00000000,0.00,false,,
1790445602.098,hud,speed,,,,,"13.9 / 12.3",13.940
1790445602.099,hud,heading,,,,,"86° / 135°",86.400
1790445602.099,hud,drift,,,,,"72.42%",72.420
1790445602.100,hud,turns,,,,,"✗ turns: 1/15",
1790445602.100,hud,calib_s,,,,,"✓ Buffer 6s",
1790445602.100,marker,gnss,52.40121500,-1.44490700,225.50,true,,
1790445602.101,marker,dr,52.40269663,-1.44378972,273.60,true,,
1790445602.101,marker,reconciled,0.00000000,0.00000000,0.00,false,,
1790445602.151,hud,speed,,,,,"13.8 / 12.3",13.810
1790445602.152,hud,heading,,,,,"86° / 135°",86.100
1790445602.152,hud,drift,,,,,"72.49%",72.490
1790445602.152,hud,turns,,,,,"✗ turns: 1/15",
1790445602.153,hud,calib_s,,,,,"✓ Buffer 6s",
1790445602.153,marker,gnss,52.40121500,-1.44490700,225.50,true,,
1790445602.154,marker,dr,52.40269738,-1.44376947,273.90,true,,
1790445602.154,marker,reconciled,0.00000000,0.00000000,0.00,false,,
1790445602.204,hud,speed,,,,,"13.7 / 12.3",13.670
1790445602.204,hud,heading,,,,,"86° / 135°",86.100
1790445602.205,hud,drift,,,,,"72.56%",72.560
1790445602.205,hud,turns,,,,,"✗ turns: 1/15",
1790445602.205,hud,calib_s,,,,,"✓ Buffer 6s",
1790445602.205,marker,gnss,52.40121500,-1.44490700,225.50,true,,
1790445602.206,marker,dr,52.40269812,-1.44374942,273.90,true,,
1790445602.207,marker,reconciled,0.00000000,0.00000000,0.00,false,,
1790445602.253,hud,speed,,,,,"13.6 / 12.3",13.640
1790445602.253,hud,heading,,,,,"86° / 135°",86.000
1790445602.253,hud,drift,,,,,"72.62%",72.620
1790445602.254,hud,turns,,,,,"✗ turns: 1/15",
1790445602.254,hud,calib_s,,,,,"✓ Buffer 6s",
1790445602.255,marker,gnss,52.40121500,-1.44490700,225.50,true,,
1790445602.255,marker,dr,52.40269890,-1.44372942,274.00,true,,
1790445602.256,marker,reconciled,0.00000000,0.00000000,0.00,false,,
1790445602.304,hud,speed,,,,,"13.5 / 12.3",13.530
1790445602.304,hud,heading,,,,,"86° / 135°",86.100
1790445602.304,hud,drift,,,,,"72.69%",72.690
1790445602.304,hud,turns,,,,,"✗ turns: 1/15",
1790445602.304,hud,calib_s,,,,,"✓ Buffer 6s",
1790445602.305,marker,gnss,52.40121500,-1.44490700,225.50,true,,
1790445602.305,marker,dr,52.40269968,-1.44370938,273.90,true,,
1790445602.305,marker,reconciled,0.00000000,0.00000000,0.00,false,,
1790445602.358,hud,speed,,,,,"13.5 / 12.3",13.510
1790445602.358,hud,heading,,,,,"86° / 135°",86.400
1790445602.359,hud,drift,,,,,"72.75%",72.750
1790445602.359,hud,turns,,,,,"✗ turns: 1/15",
1790445602.359,hud,calib_s,,,,,"✓ Buffer 6s",
1790445602.361,marker,gnss,52.40121500,-1.44490700,225.50,true,,
1790445602.362,marker,dr,52.40270047,-1.44368958,273.60,true,,
1790445602.362,marker,reconciled,0.00000000,0.00000000,0.00,false,,
1790445602.407,hud,speed,,,,,"13.5 / 12.3",13.540
1790445602.407,hud,heading,,,,,"86° / 135°",86.400
1790445602.407,hud,drift,,,,,"72.81%",72.810
1790445602.408,hud,turns,,,,,"✗ turns: 1/15",
1790445602.408,hud,calib_s,,,,,"✓ Buffer 6s",
1790445602.408,marker,gnss,52.40121500,-1.44490700,225.50,true,,
1790445602.409,marker,dr,52.40270124,-1.44366993,273.60,true,,
1790445602.409,marker,reconciled,0.00000000,0.00000000,0.00,false,,
1790445602.460,hud,speed,,,,,"13.6 / 12.3",13.630
1790445602.461,hud,heading,,,,,"87° / 135°",86.600
1790445602.461,hud,drift,,,,,"72.88%",72.880
1790445602.461,hud,turns,,,,,"✗ turns: 1/15",
1790445602.462,hud,calib_s,,,,,"✓ Buffer 6s",
1790445602.462,marker,gnss,52.40121500,-1.44490700,225.50,true,,
1790445602.463,marker,dr,52.40270206,-1.44364994,273.40,true,,
1790445602.463,marker,reconciled,0.00000000,0.00000000,0.00,false,,
1790445602.508,hud,speed,,,,,"13.7 / 12.3",13.650
1790445602.509,hud,heading,,,,,"86° / 135°",86.400
1790445602.509,hud,drift,,,,,"72.95%",72.950
1790445602.509,hud,turns,,,,,"✗ turns: 1/15",
1790445602.509,hud,calib_s,,,,,"✓ Buffer 6s",
1790445602.510,marker,gnss,52.40121500,-1.44490700,225.50,true,,
1790445602.511,marker,dr,52.40270292,-1.44362974,273.60,true,,
1790445602.511,marker,reconciled,0.00000000,0.00000000,0.00,false,,
1790445602.562,hud,speed,,,,,"13.7 / 12.3",13.650
1790445602.563,hud,heading,,,,,"86° / 135°",86.200
1790445602.563,hud,drift,,,,,"73.01%",73.010
1790445602.564,hud,turns,,,,,"✗ turns: 1/15",
1790445602.564,hud,calib_s,,,,,"✓ Buffer 6s",
1790445602.564,marker,gnss,52.40121500,-1.44490700,225.50,true,,
1790445602.565,marker,dr,52.40270379,-1.44360994,273.80,true,,
1790445602.565,marker,reconciled,0.00000000,0.00000000,0.00,false,,
1790445602.612,hud,speed,,,,,"13.7 / 12.3",13.730
1790445602.612,hud,heading,,,,,"86° / 135°",85.600
1790445602.612,hud,drift,,,,,"73.08%",73.080
1790445602.613,hud,turns,,,,,"✗ turns: 1/15",
1790445602.613,hud,calib_s,,,,,"✓ Buffer 6s",
1790445602.613,marker,gnss,52.40121500,-1.44490700,225.50,true,,
1790445602.614,marker,dr,52.40270462,-1.44358981,274.40,true,,
1790445602.615,marker,reconciled,0.00000000,0.00000000,0.00,false,,
1790445602.663,hud,speed,,,,,"13.6 / 12.3",13.600
1790445602.664,hud,heading,,,,,"85° / 135°",85.300
1790445602.664,hud,drift,,,,,"73.14%",73.140
1790445602.664,hud,turns,,,,,"✗ turns: 1/15",
1790445602.664,hud,calib_s,,,,,"✓ Buffer 6s",
1790445602.664,marker,gnss,52.40121500,-1.44490700,225.50,true,,
1790445602.665,marker,dr,52.40270547,-1.44356987,274.70,true,,
1790445602.665,marker,reconciled,0.00000000,0.00000000,0.00,false,,
1790445602.715,hud,speed,,,,,"13.5 / 12.3",13.460
1790445602.715,hud,heading,,,,,"85° / 135°",85.300
1790445602.716,hud,drift,,,,,"73.21%",73.210
1790445602.716,hud,turns,,,,,"✗ turns: 1/15",
1790445602.716,hud,calib_s,,,,,"✓ Buffer 6s",
1790445602.717,marker,gnss,52.40121500,-1.44490700,225.50,true,,
1790445602.717,marker,dr,52.40270641,-1.44355014,274.70,true,,
1790445602.718,marker,reconciled,0.00000000,0.00000000,0.00,false,,
1790445602.763,hud,speed,,,,,"13.6 / 12.3",13.630
1790445602.764,hud,heading,,,,,"85° / 135°",84.900
1790445602.764,hud,drift,,,,,"73.27%",73.270
1790445602.764,hud,turns,,,,,"✗ turns: 1/15",
1790445602.765,hud,calib_s,,,,,"✓ Buffer 6s",
1790445602.765,marker,gnss,52.40121500,-1.44490700,225.50,true,,
1790445602.765,marker,dr,52.40270722,-1.44353016,275.10,true,,
1790445602.766,marker,reconciled,0.00000000,0.00000000,0.00,false,,
1790445602.816,hud,speed,,,,,"13.5 / 12.3",13.490
1790445602.816,hud,heading,,,,,"85° / 135°",84.900
1790445602.817,hud,drift,,,,,"73.33%",73.330
1790445602.817,hud,turns,,,,,"✗ turns: 1/15",
1790445602.817,hud,calib_s,,,,,"✓ Buffer 6s",
1790445602.817,marker,gnss,52.40121500,-1.44490700,225.50,true,,
1790445602.818,marker,dr,52.40270808,-1.44351015,275.10,true,,
1790445602.819,marker,reconciled,0.00000000,0.00000000,0.00,false,,
1790445602.866,hud,speed,,,,,"13.6 / 12.3",13.640
1790445602.866,hud,heading,,,,,"85° / 135°",85.200
1790445602.867,hud,drift,,,,,"73.40%",73.400
1790445602.867,hud,turns,,,,,"✗ turns: 1/15",
1790445602.867,hud,calib_s,,,,,"✓ Buffer 6s",
1790445602.868,marker,gnss,52.40121500,-1.44490700,225.50,true,,
1790445602.869,marker,dr,52.40270901,-1.44349016,274.80,true,,
1790445602.869,marker,reconciled,0.00000000,0.00000000,0.00,false,,
1790445602.918,hud,speed,,,,,"13.7 / 12.3",13.690
1790445602.918,hud,heading,,,,,"86° / 135°",85.500
1790445602.919,hud,drift,,,,,"73.46%",73.460
1790445602.919,hud,turns,,,,,"✗ turns: 1/15",
1790445602.919,hud,calib_s,,,,,"✓ Buffer 6s",
1790445602.920,marker,gnss,52.40121500,-1.44490700,225.50,true,,
1790445602.920,marker,dr,52.40270995,-1.44347010,274.50,true,,
1790445602.921,marker,reconciled,0.00000000,0.00000000,0.00,false,,
1790445602.968,hud,speed,,,,,"13.8 / 12.3",13.750
1790445602.969,hud,heading,,,,,"85° / 135°",85.300
1790445602.969,hud,drift,,,,,"73.53%",73.530
1790445602.969,hud,turns,,,,,"✗ turns: 1/15",
1790445602.969,hud,calib_s,,,,,"✓ Buffer 6s",
1790445602.970,marker,gnss,52.40121500,-1.44490700,225.50,true,,
1790445602.971,marker,dr,52.40271088,-1.44344996,274.70,true,,
1790445602.971,marker,reconciled,0.00000000,0.00000000,0.00,false,,
1790445603.017,hud,speed,,,,,"13.8 / 12.3",13.830
1790445603.017,hud,heading,,,,,"85° / 135°",85.000
1790445603.018,hud,drift,,,,,"73.60%",73.600
1790445603.018,hud,turns,,,,,"✗ turns: 1/15",
1790445603.019,hud,calib_s,,,,,"✓ Buffer 6s",
1790445603.019,marker,gnss,52.40121500,-1.44490700,225.50,true,,
1790445603.020,marker,dr,52.40271179,-1.44342989,275.00,true,,
1790445603.020,marker,reconciled,0.00000000,0.00000000,0.00,false,,
1790445603.068,hud,speed,,,,,"13.9 / 12.3",13.880
1790445603.068,hud,heading,,,,,"85° / 135°",84.900
1790445603.068,hud,drift,,,,,"73.66%",73.660
1790445603.069,hud,turns,,,,,"✗ turns: 1/15",
1790445603.069,hud,calib_s,,,,,"✓ Buffer 6s",
1790445603.069,marker,gnss,52.40121500,-1.44490700,225.50,true,,
1790445603.069,marker,dr,52.40271268,-1.44340953,275.10,true,,
1790445603.070,marker,reconciled,0.00000000,0.00000000,0.00,false,,
1790445603.121,hud,speed,,,,,"13.9 / 12.3",13.860
1790445603.121,hud,heading,,,,,"85° / 135°",85.000
1790445603.122,hud,drift,,,,,"73.73%",73.730
1790445603.122,hud,turns,,,,,"✗ turns: 1/15",
1790445603.122,hud,calib_s,,,,,"✓ Buffer 6s",
1790445603.123,marker,gnss,52.40121500,-1.44490700,225.50,true,,
1790445603.123,marker,dr,52.40271367,-1.44338923,275.00,true,,
1790445603.124,marker,reconciled,0.00000000,0.00000000,0.00,false,,
1790445603.171,hud,speed,,,,,"13.9 / 12.3",13.890
1790445603.172,hud,heading,,,,,"85° / 135°",85.100
1790445603.172,hud,drift,,,,,"73.80%",73.800
1790445603.172,hud,turns,,,,,"✗ turns: 1/15",
1790445603.172,hud,calib_s,,,,,"✓ Buffer 6s",
1790445603.173,marker,gnss,52.40121500,-1.44490700,225.50,true,,
1790445603.173,marker,dr,52.40271473,-1.44336889,274.90,true,,
1790445603.174,marker,reconciled,0.00000000,0.00000000,0.00,false,,
1790445603.225,hud,speed,,,,,"14.0 / 12.3",13.970
1790445603.225,hud,heading,,,,,"85° / 135°",85.300
1790445603.225,hud,drift,,,,,"73.87%",73.870
1790445603.226,hud,turns,,,,,"✗ turns: 1/15",
1790445603.226,hud,calib_s,,,,,"✓ Buffer 6s",
1790445603.227,marker,gnss,52.40121500,-1.44490700,225.50,true,,
1790445603.227,marker,dr,52.40271582,-1.44334824,274.70,true,,
1790445603.228,marker,reconciled,0.00000000,0.00000000,0.00,false,,
1790445603.273,hud,speed,,,,,"14.1 / 12.3",14.110
1790445603.273,hud,heading,,,,,"85° / 135°",85.300
1790445603.273,hud,drift,,,,,"73.94%",73.940
1790445603.274,hud,turns,,,,,"✗ turns: 1/15",
1790445603.274,hud,calib_s,,,,,"✓ Buffer 6s",
1790445603.274,marker,gnss,52.40121500,-1.44490700,225.50,true,,
1790445603.275,marker,dr,52.40271685,-1.44332758,274.70,true,,
1790445603.276,marker,reconciled,0.00000000,0.00000000,0.00,false,,
1790445603.322,hud,speed,,,,,"14.2 / 12.3",14.190
1790445603.323,hud,heading,,,,,"85° / 135°",85.300
1790445603.323,hud,drift,,,,,"74.01%",74.010
1790445603.324,hud,turns,,,,,"✗ turns: 1/15",
1790445603.324,hud,calib_s,,,,,"✓ Buffer 6s",
1790445603.324,marker,gnss,52.40121500,-1.44490700,225.50,true,,
1790445603.325,marker,dr,52.40271790,-1.44330680,274.70,true,,
1790445603.325,marker,reconciled,0.00000000,0.00000000,0.00,false,,
1790445603.375,hud,speed,,,,,"14.3 / 12.3",14.290
1790445603.376,hud,heading,,,,,"85° / 135°",85.400
1790445603.376,hud,drift,,,,,"74.09%",74.090
1790445603.376,hud,turns,,,,,"✗ turns: 1/15",
1790445603.376,hud,calib_s,,,,,"✓ Buffer 6s",
1790445603.377,marker,gnss,52.40121500,-1.44490700,225.50,true,,
1790445603.377,marker,dr,52.40271898,-1.44328589,274.60,true,,
1790445603.378,marker,reconciled,0.00000000,0.00000000,0.00,false,,
1790445603.429,hud,speed,,,,,"14.4 / 12.3",14.390
1790445603.429,hud,heading,,,,,"85° / 135°",85.300
1790445603.430,hud,drift,,,,,"74.16%",74.160
1790445603.430,hud,turns,,,,,"✗ turns: 1/15",
1790445603.430,hud,calib_s,,,,,"✓ Buffer 6s",
1790445603.431,marker,gnss,52.40121500,-1.44490700,225.50,true,,
1790445603.431,marker,dr,52.40272009,-1.44326482,274.70,true,,
1790445603.432,marker,reconciled,0.00000000,0.00000000,0.00,false,,
1790445603.480,hud,speed,,,,,"14.5 / 12.3",14.520
1790445603.480,hud,heading,,,,,"86° / 135°",85.500
1790445603.481,hud,drift,,,,,"74.24%",74.240
1790445603.481,hud,turns,,,,,"✗ turns: 1/15",
1790445603.481,hud,calib_s,,,,,"✓ Buffer 6s",
1790445603.482,marker,gnss,52.40121500,-1.44490700,225.50,true,,
1790445603.482,marker,dr,52.40272119,-1.44324378,274.50,true,,
1790445603.483,marker,reconciled,0.00000000,0.00000000,0.00,false,,
1790445603.529,hud,speed,,,,,"14.5 / 12.3",14.500
1790445603.529,hud,heading,,,,,"86° / 135°",85.900
1790445603.529,hud,drift,,,,,"74.32%",74.320
1790445603.530,hud,turns,,,,,"✗ turns: 1/15",
1790445603.530,hud,calib_s,,,,,"✓ Buffer 6s",
1790445603.530,marker,gnss,52.40121500,-1.44490700,225.50,true,,
1790445603.531,marker,dr,52.40272231,-1.44322234,274.10,true,,
1790445603.531,marker,reconciled,0.00000000,0.00000000,0.00,false,,
1790445603.579,hud,speed,,,,,"14.6 / 12.3",14.640
1790445603.580,hud,heading,,,,,"86° / 135°",86.200
1790445603.580,hud,drift,,,,,"74.40%",74.400
1790445603.580,hud,turns,,,,,"✗ turns: 1/15",
1790445603.581,hud,calib_s,,,,,"✓ Buffer 6s",
1790445603.581,marker,gnss,52.40121500,-1.44490700,225.50,true,,
1790445603.582,marker,dr,52.40272344,-1.44320111,273.80,true,,
1790445603.582,marker,reconciled,0.00000000,0.00000000,0.00,false,,
1790445603.631,hud,speed,,,,,"14.8 / 12.3",14.760
1790445603.632,hud,heading,,,,,"86° / 135°",86.200
1790445603.632,hud,drift,,,,,"74.47%",74.470
1790445603.633,hud,turns,,,,,"✗ turns: 1/15",
1790445603.633,hud,calib_s,,,,,"✓ Buffer 6s",
1790445603.633,marker,gnss,52.40121500,-1.44490700,225.50,true,,
1790445603.634,marker,dr,52.40272456,-1.44317925,273.80,true,,
1790445603.635,marker,reconciled,0.00000000,0.00000000,0.00,false,,
1790445603.683,hud,speed,,,,,"14.9 / 12.3",14.880
1790445603.684,hud,heading,,,,,"86° / 135°",86.400
1790445603.684,hud,drift,,,,,"74.56%",74.560
1790445603.684,hud,turns,,,,,"✗ turns: 1/15",
1790445603.685,hud,calib_s,,,,,"✓ Buffer 6s",
1790445603.685,marker,gnss,52.40121500,-1.44490700,225.50,true,,
1790445603.686,marker,dr,52.40272569,-1.44315743,273.60,true,,
1790445603.686,marker,reconciled,0.00000000,0.00000000,0.00,false,,
1790445603.735,hud,speed,,,,,"14.9 / 12.3",14.850
1790445603.736,hud,heading,,,,,"86° / 135°",86.400
1790445603.736,hud,drift,,,,,"74.63%",74.630
1790445603.737,hud,turns,,,,,"✗ turns: 1/15",
1790445603.737,hud,calib_s,,,,,"✓ Buffer 6s",
1790445603.737,marker,gnss,52.40121500,-1.44490700,225.50,true,,
1790445603.738,marker,dr,52.40272680,-1.44313564,273.60,true,,
1790445603.739,marker,reconciled,0.00000000,0.00000000,0.00,false,,
1790445603.784,hud,speed,,,,,"15.1 / 12.3",15.060
1790445603.785,hud,heading,,,,,"87° / 135°",86.600
1790445603.785,hud,drift,,,,,"74.71%",74.710
1790445603.785,hud,turns,,,,,"✗ turns: 1/15",
1790445603.785,hud,calib_s,,,,,"✓ Buffer 6s",
1790445603.786,marker,gnss,52.40121500,-1.44490700,225.50,true,,
1790445603.787,marker,dr,52.40272788,-1.44311379,273.40,true,,
1790445603.787,marker,reconciled,0.00000000,0.00000000,0.00,false,,
1790445603.836,hud,speed,,,,,"15.2 / 12.3",15.220
1790445603.836,hud,heading,,,,,"87° / 135°",86.800
1790445603.837,hud,drift,,,,,"74.80%",74.800
1790445603.837,hud,turns,,,,,"✗ turns: 1/15",
1790445603.837,hud,calib_s,,,,,"✓ Buffer 6s",
1790445603.838,marker,gnss,52.40121500,-1.44490700,225.50,true,,
1790445603.838,marker,dr,52.40272896,-1.44309123,273.20,true,,
1790445603.839,marker,reconciled,0.00000000,0.00000000,0.00,false,,
1790445603.887,hud,speed,,,,,"15.4 / 12.3",15.380
1790445603.887,hud,heading,,,,,"87° / 135°",87.000
1790445603.888,hud,drift,,,,,"74.88%",74.880
1790445603.888,hud,turns,,,,,"✗ turns: 1/15",
1790445603.888,hud,calib_s,,,,,"✓ Buffer 6s",
1790445603.888,marker,gnss,52.40121500,-1.44490700,225.50,true,,
1790445603.889,marker,dr,52.40272998,-1.44306890,273.00,true,,
1790445603.889,marker,reconciled,0.00000000,0.00000000,0.00,false,,
1790445603.934,hud,speed,,,,,"15.5 / 12.3",15.470
1790445603.935,hud,heading,,,,,"87° / 135°",87.000
1790445603.935,hud,drift,,,,,"74.96%",74.960
1790445603.935,hud,turns,,,,,"✗ turns: 1/15",
1790445603.936,hud,calib_s,,,,,"✓ Buffer 6s",
1790445603.936,marker,gnss,52.40121500,-1.44490700,225.50,true,,
1790445603.936,marker,dr,52.40273107,-1.44304594,273.00,true,,
1790445603.937,marker,reconciled,0.00000000,0.00000000,0.00,false,,
1790445603.987,hud,speed,,,,,"15.7 / 12.3",15.650
1790445603.988,hud,heading,,,,,"87° / 135°",86.900
1790445603.988,hud,drift,,,,,"75.05%",75.050
1790445603.988,hud,turns,,,,,"✗ turns: 1/15",
1790445603.989,hud,calib_s,,,,,"✓ Buffer 6s",
1790445603.989,marker,gnss,52.40121500,-1.44490700,225.50,true,,
1790445603.989,marker,dr,52.40273210,-1.44302297,273.10,true,,
1790445603.990,marker,reconciled,0.00000000,0.00000000,0.00,false,,
1790445604.038,hud,speed,,,,,"15.8 / 12.3",15.780
1790445604.039,hud,heading,,,,,"87° / 135°",86.600
1790445604.039,hud,drift,,,,,"75.13%",75.130
1790445604.039,hud,turns,,,,,"✗ turns: 1/15",
1790445604.040,hud,calib_s,,,,,"✓ Buffer 6s",
1790445604.040,marker,gnss,52.40121500,-1.44490700,225.50,true,,
1790445604.041,marker,dr,52.40273313,-1.44299985,273.40,true,,
1790445604.041,marker,reconciled,0.00000000,0.00000000,0.00,false,,
1790445604.089,hud,speed,,,,,"15.9 / 12.3",15.880
1790445604.090,hud,heading,,,,,"87° / 135°",86.500
1790445604.090,hud,drift,,,,,"75.22%",75.220
1790445604.091,hud,turns,,,,,"✗ turns: 1/15",
1790445604.091,hud,calib_s,,,,,"✓ Buffer 6s",
1790445604.092,marker,gnss,52.40121500,-1.44490700,225.50,true,,
1790445604.092,marker,dr,52.40273413,-1.44297680,273.50,true,,
1790445604.093,marker,reconciled,0.00000000,0.00000000,0.00,false,,
1790445604.140,hud,speed,,,,,"16.0 / 12.3",16.000
1790445604.141,hud,heading,,,,,"86° / 135°",86.400
1790445604.141,hud,drift,,,,,"75.31%",75.310
1790445604.141,hud,turns,,,,,"✗ turns: 1/15",
1790445604.142,hud,calib_s,,,,,"✓ Buffer 6s",
1790445604.142,marker,gnss,52.40121500,-1.44490700,225.50,true,,
1790445604.143,marker,dr,52.40273515,-1.44295311,273.60,true,,
1790445604.143,marker,reconciled,0.00000000,0.00000000,0.00,false,,
1790445604.192,hud,speed,,,,,"16.2 / 12.3",16.160
1790445604.193,hud,heading,,,,,"86° / 135°",86.400
1790445604.193,hud,drift,,,,,"75.39%",75.390
1790445604.193,hud,turns,,,,,"✗ turns: 1/15",
1790445604.193,hud,calib_s,,,,,"✓ Buffer 6s",
1790445604.194,marker,gnss,52.40121500,-1.44490700,225.50,true,,
1790445604.195,marker,dr,52.40273616,-1.44292942,273.60,true,,
1790445604.196,marker,reconciled,0.00000000,0.00000000,0.00,false,,
1790445604.244,hud,speed,,,,,"16.3 / 12.3",16.320
1790445604.245,hud,heading,,,,,"87° / 135°",86.500
1790445604.245,hud,drift,,,,,"75.48%",75.480
1790445604.245,hud,turns,,,,,"✗ turns: 1/15",
1790445604.246,hud,calib_s,,,,,"✓ Buffer 6s",
1790445604.246,marker,gnss,52.40121500,-1.44490700,225.50,true,,
1790445604.247,marker,dr,52.40273717,-1.44290550,273.50,true,,
1790445604.248,marker,reconciled,0.00000000,0.00000000,0.00,false,,
1790445604.291,hud,speed,,,,,"16.4 / 12.3",16.430
1790445604.291,hud,heading,,,,,"87° / 135°",86.500
1790445604.291,hud,drift,,,,,"75.57%",75.570
1790445604.292,hud,turns,,,,,"✗ turns: 1/15",
1790445604.292,hud,calib_s,,,,,"✓ Buffer 6s",
1790445604.292,marker,gnss,52.40121500,-1.44490700,225.50,true,,
1790445604.293,marker,dr,52.40273816,-1.44288142,273.50,true,,
1790445604.294,marker,reconciled,0.00000000,0.00000000,0.00,false,,
1790445604.344,hud,speed,,,,,"16.5 / 12.3",16.490
1790445604.344,hud,heading,,,,,"87° / 135°",86.600
1790445604.345,hud,drift,,,,,"75.66%",75.660
1790445604.345,hud,turns,,,,,"✗ turns: 1/15",
1790445604.345,hud,calib_s,,,,,"✓ Buffer 6s",
1790445604.345,marker,gnss,52.40121500,-1.44490700,225.50,true,,
1790445604.346,marker,dr,52.40273914,-1.44285749,273.40,true,,
1790445604.346,marker,reconciled,0.00000000,0.00000000,0.00,false,,
1790445604.395,hud,speed,,,,,"16.7 / 12.3",16.660
1790445604.396,hud,heading,,,,,"87° / 135°",86.800
1790445604.396,hud,drift,,,,,"75.76%",75.760
1790445604.396,hud,turns,,,,,"✗ turns: 1/15",
1790445604.396,hud,calib_s,,,,,"✓ Buffer 6s",
1790445604.397,marker,gnss,52.40121500,-1.44490700,225.50,true,,
1790445604.398,marker,dr,52.40274015,-1.44283306,273.20,true,,
1790445604.398,marker,reconciled,0.00000000,0.00000000,0.00,false,,
1790445604.446,hud,speed,,,,,"16.8 / 12.3",16.770
1790445604.447,hud,heading,,,,,"87° / 135°",86.800
1790445604.447,hud,drift,,,,,"75.85%",75.850
1790445604.447,hud,turns,,,,,"✗ turns: 1/15",
1790445604.448,hud,calib_s,,,,,"✓ Buffer 6s",
1790445604.448,marker,gnss,52.40121500,-1.44490700,225.50,true,,
1790445604.449,marker,dr,52.40274115,-1.44280822,273.20,true,,
1790445604.449,marker,reconciled,0.00000000,0.00000000,0.00,false,,
1790445604.499,hud,speed,,,,,"16.9 / 12.3",16.880
1790445604.500,hud,heading,,,,,"87° / 135°",86.800
1790445604.500,hud,drift,,,,,"75.94%",75.940
1790445604.500,hud,turns,,,,,"✗ turns: 1/15",
1790445604.500,hud,calib_s,,,,,"✓ Buffer 6s",
1790445604.501,marker,gnss,52.40121500,-1.44490700,225.50,true,,
1790445604.501,marker,dr,52.40274217,-1.44278371,273.20,true,,
1790445604.501,marker,reconciled,0.00000000,0.00000000,0.00,false,,
1790445604.545,hud,speed,,,,,"17.0 / 12.3",16.970
1790445604.546,hud,heading,,,,,"87° / 135°",86.800
1790445604.546,hud,drift,,,,,"76.04%",76.040
1790445604.546,hud,turns,,,,,"✗ turns: 1/15",
1790445604.547,hud,calib_s,,,,,"✓ Buffer 6s",
1790445604.547,marker,gnss,52.40121500,-1.44490700,225.50,true,,
1790445604.548,marker,dr,52.40274321,-1.44275859,273.20,true,,
1790445604.548,marker,reconciled,0.00000000,0.00000000,0.00,false,,
1790445604.597,hud,speed,,,,,"17.1 / 12.3",17.080
1790445604.597,hud,heading,,,,,"87° / 135°",86.600
1790445604.597,hud,drift,,,,,"76.14%",76.140
1790445604.598,hud,turns,,,,,"✗ turns: 1/15",
1790445604.598,hud,calib_s,,,,,"✓ Buffer 6s",
1790445604.598,marker,gnss,52.40121500,-1.44490700,225.50,true,,
1790445604.599,marker,dr,52.40274417,-1.44273355,273.40,true,,
1790445604.599,marker,reconciled,0.00000000,0.00000000,0.00,false,,
1790445604.649,hud,speed,,,,,"17.2 / 12.3",17.200
1790445604.649,hud,heading,,,,,"87° / 135°",86.700
1790445604.649,hud,drift,,,,,"76.23%",76.230
1790445604.649,hud,turns,,,,,"✗ turns: 1/15",
1790445604.649,hud,calib_s,,,,,"✓ Buffer 6s",
1790445604.650,marker,gnss,52.40121500,-1.44490700,225.50,true,,
1790445604.651,marker,dr,52.40274511,-1.44270857,273.30,true,,
1790445604.651,marker,reconciled,0.00000000,0.00000000,0.00,false,,
1790445604.704,hud,speed,,,,,"17.3 / 12.3",17.310
1790445604.704,hud,heading,,,,,"87° / 135°",86.700
1790445604.704,hud,drift,,,,,"76.33%",76.330
1790445604.705,hud,turns,,,,,"✗ turns: 1/15",
1790445604.705,hud,calib_s,,,,,"✓ Buffer 6s",
1790445604.705,marker,gnss,52.40121500,-1.44490700,225.50,true,,
1790445604.706,marker,dr,52.40274609,-1.44268318,273.30,true,,
1790445604.707,marker,reconciled,0.00000000,0.00000000,0.00,false,,
1790445604.755,hud,speed,,,,,"17.4 / 12.3",17.410
1790445604.755,hud,heading,,,,,"87° / 135°",86.600
1790445604.755,hud,drift,,,,,"76.43%",76.430
1790445604.756,hud,turns,,,,,"✗ turns: 1/15",
1790445604.756,hud,calib_s,,,,,"✓ Buffer 6s",
1790445604.756,marker,gnss,52.40121500,-1.44490700,225.50,true,,
1790445604.757,marker,dr,52.40274711,-1.44265766,273.40,true,,
1790445604.757,marker,reconciled,0.00000000,0.00000000,0.00,false,,
1790445604.802,hud,speed,,,,,"17.6 / 12.3",17.550
1790445604.803,hud,heading,,,,,"87° / 135°",86.600
1790445604.803,hud,drift,,,,,"76.53%",76.530
1790445604.804,hud,turns,,,,,"✗ turns: 1/15",
1790445604.804,hud,calib_s,,,,,"✓ Buffer 6s",
1790445604.804,marker,gnss,52.40121500,-1.44490700,225.50,true,,
1790445604.805,marker,dr,52.40274812,-1.44263193,273.40,true,,
1790445604.805,marker,reconciled,0.00000000,0.00000000,0.00,false,,
1790445604.857,hud,speed,,,,,"17.7 / 12.3",17.680
1790445604.857,hud,heading,,,,,"87° / 135°",86.500
1790445604.857,hud,drift,,,,,"76.63%",76.630
1790445604.858,hud,turns,,,,,"✗ turns: 1/15",
1790445604.858,hud,calib_s,,,,,"✓ Buffer 6s",
1790445604.858,marker,gnss,52.40121500,-1.44490700,225.50,true,,
1790445604.859,marker,dr,52.40274913,-1.44260600,273.50,true,,
1790445604.859,marker,reconciled,0.00000000,0.00000000,0.00,false,,
1790445604.905,hud,speed,,,,,"17.8 / 12.3",17.820
1790445604.905,hud,heading,,,,,"87° / 135°",86.600
1790445604.906,hud,drift,,,,,"76.73%",76.730
1790445604.906,hud,turns,,,,,"✗ turns: 1/15",
1790445604.907,hud,calib_s,,,,,"✓ Buffer 6s",
1790445604.907,marker,gnss,52.40121500,-1.44490700,225.50,true,,
1790445604.908,marker,dr,52.40275015,-1.44257987,273.40,true,,
1790445604.908,marker,reconciled,0.00000000,0.00000000,0.00,false,,
1790445604.956,hud,speed,,,,,"17.9 / 12.3",17.940
1790445604.957,hud,heading,,,,,"87° / 135°",86.700
1790445604.957,hud,drift,,,,,"76.83%",76.830
1790445604.957,hud,turns,,,,,"✗ turns: 1/15",
1790445604.958,hud,calib_s,,,,,"✓ Buffer 6s",
1790445604.958,marker,gnss,52.40121500,-1.44490700,225.50,true,,
1790445604.959,marker,dr,52.40275118,-1.44255357,273.30,true,,
1790445604.959,marker,reconciled,0.00000000,0.00000000,0.00,false,,
1790445605.006,hud,speed,,,,,"18.0 / 12.3",18.030
1790445605.007,hud,heading,,,,,"87° / 135°",86.700
1790445605.007,hud,drift,,,,,"76.94%",76.940
1790445605.008,hud,turns,,,,,"✗ turns: 1/15",
1790445605.008,hud,calib_s,,,,,"✓ Buffer 6s",
1790445605.008,marker,gnss,52.40121500,-1.44490700,225.50,true,,
1790445605.009,marker,dr,52.40275219,-1.44252687,273.30,true,,
1790445605.009,marker,reconciled,0.00000000,0.00000000,0.00,false,,
1790445605.058,hud,speed,,,,,"18.2 / 12.3",18.160
1790445605.059,hud,heading,,,,,"87° / 135°",86.500
1790445605.059,hud,drift,,,,,"77.04%",77.040
1790445605.059,hud,turns,,,,,"✗ turns: 1/15",
1790445605.059,hud,calib_s,,,,,"✓ Buffer 6s",
1790445605.060,marker,gnss,52.40121500,-1.44490700,225.50,true,,
1790445605.060,marker,dr,52.40275315,-1.44250023,273.50,true,,
1790445605.061,marker,reconciled,0.00000000,0.00000000,0.00,false,,
1790445605.109,hud,speed,,,,,"18.3 / 12.3",18.300
1790445605.110,hud,heading,,,,,"87° / 135°",86.500
1790445605.110,hud,drift,,,,,"77.15%",77.150
1790445605.111,hud,turns,,,,,"✗ turns: 1/15",
1790445605.111,hud,calib_s,,,,,"✓ Buffer 6s",
1790445605.112,marker,gnss,52.40121500,-1.44490700,225.50,true,,
1790445605.112,marker,dr,52.40275412,-1.44247366,273.50,true,,
1790445605.112,marker,reconciled,0.00000000,0.00000000,0.00,false,,
1790445605.158,hud,speed,,,,,"18.4 / 12.3",18.430
1790445605.158,hud,heading,,,,,"87° / 135°",86.600
1790445605.159,hud,drift,,,,,"77.26%",77.260
1790445605.159,hud,turns,,,,,"✗ turns: 1/15",
1790445605.159,hud,calib_s,,,,,"✓ Buffer 6s",
1790445605.160,marker,gnss,52.40121500,-1.44490700,225.50,true,,
1790445605.160,marker,dr,52.40275514,-1.44244664,273.40,true,,
1790445605.161,marker,reconciled,0.00000000,0.00000000,0.00,false,,
1790445605.214,hud,speed,,,,,"18.6 / 12.3",18.560
1790445605.214,hud,heading,,,,,"86° / 135°",86.400
1790445605.215,hud,drift,,,,,"77.37%",77.370
1790445605.215,hud,turns,,,,,"✗ turns: 1/15",
1790445605.215,hud,calib_s,,,,,"✓ Buffer 6s",
1790445605.216,marker,gnss,52.40121500,-1.44490700,225.50,true,,
1790445605.216,marker,dr,52.40275619,-1.44241943,273.60,true,,
1790445605.217,marker,reconciled,0.00000000,0.00000000,0.00,false,,
1790445605.265,hud,speed,,,,,"18.7 / 12.3",18.690
1790445605.265,hud,heading,,,,,"86° / 135°",86.200
1790445605.266,hud,drift,,,,,"77.48%",77.480
1790445605.266,hud,turns,,,,,"✗ turns: 1/15",
1790445605.266,hud,calib_s,,,,,"✓ Buffer 6s",
1790445605.267,marker,gnss,52.40121500,-1.44490700,225.50,true,,
1790445605.268,marker,dr,52.40275726,-1.44239175,273.80,true,,
1790445605.268,marker,reconciled,0.00000000,0.00000000,0.00,false,,
1790445605.313,hud,speed,,,,,"18.8 / 12.3",18.770
1790445605.313,hud,heading,,,,,"86° / 135°",86.100
1790445605.314,hud,drift,,,,,"77.59%",77.590
1790445605.314,hud,turns,,,,,"✗ turns: 1/15",
1790445605.314,hud,calib_s,,,,,"✓ Buffer 6s",
1790445605.314,marker,gnss,52.40121500,-1.44490700,225.50,true,,
1790445605.315,marker,dr,52.40275833,-1.44236422,273.90,true,,
1790445605.315,marker,reconciled,0.00000000,0.00000000,0.00,false,,
1790445605.366,hud,speed,,,,,"18.7 / 12.3",18.700
1790445605.366,hud,heading,,,,,"86° / 135°",86.100
1790445605.366,hud,drift,,,,,"77.70%",77.700
1790445605.367,hud,turns,,,,,"✗ turns: 1/15",
1790445605.367,hud,calib_s,,,,,"✓ Buffer 6s",
1790445605.367,marker,gnss,52.40121500,-1.44490700,225.50,true,,
1790445605.368,marker,dr,52.40275944,-1.44233708,273.90,true,,
1790445605.368,marker,reconciled,0.00000000,0.00000000,0.00,false,,
1790445605.417,hud,speed,,,,,"18.7 / 12.3",18.690
1790445605.417,hud,heading,,,,,"86° / 135°",86.000
1790445605.418,hud,drift,,,,,"77.82%",77.820
1790445605.418,hud,turns,,,,,"✗ turns: 1/15",
1790445605.418,hud,calib_s,,,,,"✓ Buffer 6s",
1790445605.419,marker,gnss,52.40121500,-1.44490700,225.50,true,,
1790445605.419,marker,dr,52.40276060,-1.44230941,274.00,true,,
1790445605.419,marker,reconciled,0.00000000,0.00000000,0.00,false,,
1790445605.469,hud,speed,,,,,"18.7 / 12.3",18.720
1790445605.469,hud,heading,,,,,"86° / 135°",86.200
1790445605.469,hud,drift,,,,,"77.93%",77.930
1790445605.470,hud,turns,,,,,"✗ turns: 1/15",
1790445605.470,hud,calib_s,,,,,"✓ Buffer 6s",
1790445605.471,marker,gnss,52.40121500,-1.44490700,225.50,true,,
1790445605.471,marker,dr,52.40276173,-1.44228225,273.80,true,,
1790445605.472,marker,reconciled,0.00000000,0.00000000,0.00,false,,
1790445605.519,hud,speed,,,,,"18.6 / 12.3",18.620
1790445605.519,hud,heading,,,,,"87° / 135°",86.500
1790445605.520,hud,drift,,,,,"78.04%",78.040
1790445605.520,hud,turns,,,,,"✗ turns: 1/15",
1790445605.520,hud,calib_s,,,,,"✓ Buffer 6s",
1790445605.521,marker,gnss,52.40121500,-1.44490700,225.50,true,,
1790445605.521,marker,dr,52.40276284,-1.44225468,273.50,true,,
1790445605.521,marker,reconciled,0.00000000,0.00000000,0.00,false,,
1790445605.570,hud,speed,,,,,"18.6 / 12.3",18.570
1790445605.570,hud,heading,,,,,"87° / 135°",86.600
1790445605.570,hud,drift,,,,,"78.14%",78.140
1790445605.571,hud,turns,,,,,"✗ turns: 1/15",
1790445605.571,hud,calib_s,,,,,"✓ Buffer 6s",
1790445605.571,marker,gnss,52.40121500,-1.44490700,225.50,true,,
1790445605.572,marker,dr,52.40276395,-1.44222772,273.40,true,,
1790445605.572,marker,reconciled,0.00000000,0.00000000,0.00,false,,
1790445605.617,hud,speed,,,,,"18.5 / 12.3",18.490
1790445605.617,hud,heading,,,,,"87° / 135°",86.600
1790445605.618,hud,drift,,,,,"78.25%",78.250
1790445605.618,hud,turns,,,,,"✗ turns: 1/15",
1790445605.618,hud,calib_s,,,,,"✓ Buffer 6s",
1790445605.619,marker,gnss,52.40121500,-1.44490700,225.50,true,,
1790445605.619,marker,dr,52.40276507,-1.44220062,273.40,true,,
1790445605.620,marker,reconciled,0.00000000,0.00000000,0.00,false,,
1790445605.674,hud,speed,,,,,"18.5 / 12.3",18.490
1790445605.675,hud,heading,,,,,"86° / 135°",86.400
1790445605.675,hud,drift,,,,,"78.36%",78.360
1790445605.675,hud,turns,,,,,"✗ turns: 1/15",
1790445605.675,hud,calib_s,,,,,"✓ Buffer 6s",
1790445605.676,marker,gnss,52.40121500,-1.44490700,225.50,true,,
1790445605.676,marker,dr,52.40276617,-1.44217351,273.60,true,,
1790445605.677,marker,reconciled,0.00000000,0.00000000,0.00,false,,
1790445605.725,hud,speed,,,,,"18.4 / 12.3",18.440
1790445605.725,hud,heading,,,,,"86° / 135°",86.200
1790445605.726,hud,drift,,,,,"78.46%",78.460
1790445605.726,hud,turns,,,,,"✗ turns: 1/15",
1790445605.726,hud,calib_s,,,,,"✓ Buffer 6s",
1790445605.727,marker,gnss,52.40121500,-1.44490700,225.50,true,,
1790445605.727,marker,dr,52.40276727,-1.44214649,273.80,true,,
1790445605.728,marker,reconciled,0.00000000,0.00000000,0.00,false,,
1790445605.774,hud,speed,,,,,"18.4 / 12.3",18.350
1790445605.774,hud,heading,,,,,"86° / 135°",86.300
1790445605.775,hud,drift,,,,,"78.56%",78.560
1790445605.775,hud,turns,,,,,"✗ turns: 1/15",
1790445605.776,hud,calib_s,,,,,"✓ Buffer 6s",
1790445605.776,marker,gnss,52.40121500,-1.44490700,225.50,true,,
1790445605.777,marker,dr,52.40276839,-1.44211958,273.70,true,,
1790445605.777,marker,reconciled,0.00000000,0.00000000,0.00,false,,
1790445605.819,hud,speed,,,,,"18.4 / 12.3",18.440
1790445605.820,hud,heading,,,,,"86° / 135°",86.400
1790445605.820,hud,drift,,,,,"78.67%",78.670
1790445605.820,hud,turns,,,,,"✗ turns: 1/15",
1790445605.820,hud,calib_s,,,,,"✓ Buffer 6s",
1790445605.821,marker,gnss,52.40121500,-1.44490700,225.50,true,,
1790445605.821,marker,dr,52.40276954,-1.44209229,273.60,true,,
1790445605.822,marker,reconciled,0.00000000,0.00000000,0.00,false,,
1790445605.875,hud,speed,,,,,"18.5 / 12.3",18.510
1790445605.875,hud,heading,,,,,"87° / 135°",86.700
1790445605.875,hud,drift,,,,,"78.77%",78.770
1790445605.875,hud,turns,,,,,"✗ turns: 1/15",
1790445605.876,hud,calib_s,,,,,"✓ Buffer 6s",
1790445605.876,marker,gnss,52.40121500,-1.44490700,225.50,true,,
1790445605.876,marker,dr,52.40277065,-1.44206515,273.30,true,,
1790445605.877,marker,reconciled,0.00000000,0.00000000,0.00,false,,
1790445605.923,hud,speed,,,,,"18.6 / 12.3",18.600
1790445605.924,hud,heading,,,,,"87° / 135°",86.800
1790445605.924,hud,drift,,,,,"78.87%",78.870
1790445605.924,hud,turns,,,,,"✗ turns: 1/15",
1790445605.924,hud,calib_s,,,,,"✓ Buffer 6s",
1790445605.925,marker,gnss,52.40121500,-1.44490700,225.50,true,,
1790445605.925,marker,dr,52.40277173,-1.44203815,273.20,true,,
1790445605.926,marker,reconciled,0.00000000,0.00000000,0.00,false,,
1790445605.977,hud,speed,,,,,"18.7 / 12.3",18.670
1790445605.978,hud,heading,,,,,"87° / 135°",86.800
1790445605.978,hud,drift,,,,,"78.98%",78.980
1790445605.978,hud,turns,,,,,"✗ turns: 1/15",
1790445605.979,hud,calib_s,,,,,"✓ Buffer 6s",
1790445605.979,marker,gnss,52.40121500,-1.44490700,225.50,true,,
1790445605.980,marker,dr,52.40277280,-1.44201049,273.20,true,,
1790445605.980,marker,reconciled,0.00000000,0.00000000,0.00,false,,
1790445606.026,hud,speed,,,,,"18.8 / 12.3",18.770
1790445606.027,hud,heading,,,,,"87° / 135°",86.700
1790445606.027,hud,drift,,,,,"79.08%",79.080
1790445606.027,hud,turns,,,,,"✗ turns: 1/15",
1790445606.027,hud,calib_s,,,,,"✓ Buffer 6s",
1790445606.028,marker,gnss,52.40121500,-1.44490700,225.50,true,,
1790445606.028,marker,dr,52.40277390,-1.44198296,273.30,true,,
1790445606.029,marker,reconciled,0.00000000,0.00000000,0.00,false,,
1790445606.076,hud,speed,,,,,"18.9 / 12.3",18.890
1790445606.077,hud,heading,,,,,"87° / 135°",86.800
1790445606.077,hud,drift,,,,,"79.19%",79.190
1790445606.077,hud,turns,,,,,"✗ turns: 1/15",
1790445606.078,hud,calib_s,,,,,"✓ Buffer 6s",
1790445606.078,marker,gnss,52.40121500,-1.44490700,225.50,true,,
1790445606.079,marker,dr,52.40277500,-1.44195554,273.20,true,,
1790445606.079,marker,reconciled,0.00000000,0.00000000,0.00,false,,
1790445606.125,hud,speed,,,,,"18.9 / 12.3",18.900
1790445606.125,hud,heading,,,,,"87° / 135°",86.700
1790445606.126,hud,drift,,,,,"79.30%",79.300
1790445606.127,hud,turns,,,,,"✗ turns: 1/15",
1790445606.127,hud,calib_s,,,,,"✓ Buffer 6s",
1790445606.128,marker,gnss,52.40121500,-1.44490700,225.50,true,,
1790445606.128,marker,dr,52.40277612,-1.44192783,273.30,true,,
1790445606.129,marker,reconciled,0.00000000,0.00000000,0.00,false,,
1790445606.181,hud,speed,,,,,"19.0 / 12.3",19.040
1790445606.182,hud,heading,,,,,"87° / 135°",86.600
1790445606.182,hud,drift,,,,,"79.40%",79.400
1790445606.183,hud,turns,,,,,"✗ turns: 1/15",
1790445606.183,hud,calib_s,,,,,"✓ Buffer 6s",
1790445606.183,marker,gnss,52.40121500,-1.44490700,225.50,true,,
1790445606.184,marker,dr,52.40277729,-1.44189992,273.40,true,,
1790445606.184,marker,reconciled,0.00000000,0.00000000,0.00,false,,
1790445606.231,hud,speed,,,,,"19.2 / 12.3",19.160
1790445606.231,hud,heading,,,,,"87° / 135°",86.600
1790445606.232,hud,drift,,,,,"79.52%",79.520
1790445606.232,hud,turns,,,,,"✗ turns: 1/15",
1790445606.232,hud,calib_s,,,,,"✓ Buffer 6s",
1790445606.233,marker,gnss,52.40121500,-1.44490700,225.50,true,,
1790445606.233,marker,dr,52.40277848,-1.44187155,273.40,true,,
1790445606.234,marker,reconciled,0.00000000,0.00000000,0.00,false,,
1790445606.288,hud,speed,,,,,"19.3 / 12.3",19.300
1790445606.289,hud,heading,,,,,"86° / 135°",86.100
1790445606.289,hud,drift,,,,,"79.63%",79.630
1790445606.289,hud,turns,,,,,"✗ turns: 1/15",
1790445606.290,hud,calib_s,,,,,"✓ Buffer 6s",
1790445606.290,marker,gnss,52.40121500,-1.44490700,225.50,true,,
1790445606.291,marker,dr,52.40277961,-1.44184325,273.90,true,,
1790445606.291,marker,reconciled,0.00000000,0.00000000,0.00,false,,
1790445606.328,hud,speed,,,,,"19.4 / 12.3",19.380
1790445606.329,hud,heading,,,,,"86° / 135°",85.800
1790445606.329,hud,drift,,,,,"79.74%",79.740
1790445606.329,hud,turns,,,,,"✗ turns: 1/15",
1790445606.329,hud,calib_s,,,,,"✓ Buffer 6s",
1790445606.330,marker,gnss,52.40121500,-1.44490700,225.50,true,,
1790445606.330,marker,dr,52.40278073,-1.44181512,274.20,true,,
1790445606.331,marker,reconciled,0.00000000,0.00000000,0.00,false,,
1790445606.384,hud,speed,,,,,"19.4 / 12.3",19.360
1790445606.384,hud,heading,,,,,"86° / 135°",86.000
1790445606.385,hud,drift,,,,,"79.85%",79.850
1790445606.385,hud,turns,,,,,"✗ turns: 1/15",
1790445606.385,hud,calib_s,,,,,"✓ Buffer 6s",
1790445606.385,marker,gnss,52.40121500,-1.44490700,225.50,true,,
1790445606.386,marker,dr,52.40278187,-1.44178673,274.00,true,,
1790445606.386,marker,reconciled,0.00000000,0.00000000,0.00,false,,
1790445606.433,hud,speed,,,,,"19.4 / 12.3",19.380
1790445606.433,hud,heading,,,,,"86° / 135°",86.000
1790445606.434,hud,drift,,,,,"79.96%",79.960
1790445606.434,hud,turns,,,,,"✗ turns: 1/15",
1790445606.434,hud,calib_s,,,,,"✓ Buffer 6s",
1790445606.435,marker,gnss,52.40121500,-1.44490700,225.50,true,,
1790445606.435,marker,dr,52.40278306,-1.44175803,274.00,true,,
1790445606.436,marker,reconciled,0.00000000,0.00000000,0.00,false,,
1790445606.487,hud,speed,,,,,"19.6 / 12.3",19.620
1790445606.487,hud,heading,,,,,"86° / 135°",86.000
1790445606.487,hud,drift,,,,,"80.07%",80.070
1790445606.488,hud,turns,,,,,"✗ turns: 1/15",
1790445606.488,hud,calib_s,,,,,"✓ Buffer 6s",
1790445606.488,marker,gnss,52.40121500,-1.44490700,225.50,true,,
1790445606.489,marker,dr,52.40278423,-1.44172927,274.00,true,,
1790445606.489,marker,reconciled,0.00000000,0.00000000,0.00,false,,
1790445606.538,hud,speed,,,,,"19.7 / 13.2",19.690
1790445606.538,hud,heading,,,,,"86° / 134°",86.000
1790445606.539,hud,drift,,,,,"79.35%",79.350
1790445606.539,hud,turns,,,,,"✗ turns: 1/15",
1790445606.539,hud,calib_s,,,,,"✓ Buffer 6s",
1790445606.541,marker,gnss,52.40048000,-1.44368600,225.70,true,,
1790445606.542,marker,dr,52.40278541,-1.44170070,274.00,true,,
1790445606.543,marker,reconciled,0.00000000,0.00000000,0.00,false,,
1790445606.587,hud,speed,,,,,"19.6 / 13.2",19.640
1790445606.587,hud,heading,,,,,"86° / 134°",85.900
1790445606.587,hud,drift,,,,,"79.45%",79.450
1790445606.588,hud,turns,,,,,"✗ turns: 1/15",
1790445606.588,hud,calib_s,,,,,"✓ Buffer 6s",
1790445606.588,marker,gnss,52.40048000,-1.44368600,225.70,true,,
1790445606.589,marker,dr,52.40278664,-1.44167162,274.10,true,,
1790445606.589,marker,reconciled,0.00000000,0.00000000,0.00,false,,
1790445606.639,hud,speed,,,,,"19.6 / 13.2",19.600
1790445606.639,hud,heading,,,,,"86° / 134°",85.800
1790445606.639,hud,drift,,,,,"79.55%",79.550
1790445606.640,hud,turns,,,,,"✗ turns: 1/15",
1790445606.640,hud,calib_s,,,,,"✓ Buffer 6s",
1790445606.641,marker,gnss,52.40048000,-1.44368600,225.70,true,,
1790445606.641,marker,dr,52.40278789,-1.44164319,274.20,true,,
1790445606.642,marker,reconciled,0.00000000,0.00000000,0.00,false,,
1790445606.687,hud,speed,,,,,"19.7 / 13.2",19.700
1790445606.688,hud,heading,,,,,"86° / 134°",86.000
1790445606.688,hud,drift,,,,,"79.65%",79.650
1790445606.688,hud,turns,,,,,"✗ turns: 1/15",
1790445606.689,hud,calib_s,,,,,"✓ Buffer 6s",
1790445606.689,marker,gnss,52.40048000,-1.44368600,225.70,true,,
1790445606.691,marker,dr,52.40278915,-1.44161402,274.00,true,,
1790445606.691,marker,reconciled,0.00000000,0.00000000,0.00,false,,
1790445606.737,hud,speed,,,,,"19.7 / 13.2",19.690
1790445606.738,hud,heading,,,,,"86° / 134°",86.000
1790445606.738,hud,drift,,,,,"79.75%",79.750
1790445606.738,hud,turns,,,,,"✗ turns: 1/15",
1790445606.739,hud,calib_s,,,,,"✓ Buffer 6s",
1790445606.739,marker,gnss,52.40048000,-1.44368600,225.70,true,,
1790445606.740,marker,dr,52.40279040,-1.44158545,274.00,true,,
1790445606.741,marker,reconciled,0.00000000,0.00000000,0.00,false,,
1790445606.789,hud,speed,,,,,"19.6 / 13.2",19.570
1790445606.790,hud,heading,,,,,"86° / 134°",86.200
1790445606.790,hud,drift,,,,,"79.85%",79.850
1790445606.790,hud,turns,,,,,"✗ turns: 1/15",
1790445606.791,hud,calib_s,,,,,"✓ Buffer 6s",
1790445606.791,marker,gnss,52.40048000,-1.44368600,225.70,true,,
1790445606.791,marker,dr,52.40279167,-1.44155649,273.80,true,,
1790445606.792,marker,reconciled,0.00000000,0.00000000,0.00,false,,
1790445606.843,hud,speed,,,,,"19.6 / 13.2",19.600
1790445606.844,hud,heading,,,,,"86° / 134°",86.000
1790445606.844,hud,drift,,,,,"79.95%",79.950
1790445606.845,hud,turns,,,,,"✗ turns: 1/15",
1790445606.845,hud,calib_s,,,,,"✓ Buffer 6s",
1790445606.845,marker,gnss,52.40048000,-1.44368600,225.70,true,,
1790445606.846,marker,dr,52.40279294,-1.44152777,274.00,true,,
1790445606.846,marker,reconciled,0.00000000,0.00000000,0.00,false,,
1790445606.892,hud,speed,,,,,"19.4 / 13.2",19.410
1790445606.892,hud,heading,,,,,"86° / 134°",85.900
1790445606.892,hud,drift,,,,,"80.04%",80.040
1790445606.893,hud,turns,,,,,"✗ turns: 1/15",
1790445606.893,hud,calib_s,,,,,"✓ Buffer 6s",
1790445606.893,marker,gnss,52.40048000,-1.44368600,225.70,true,,
1790445606.894,marker,dr,52.40279420,-1.44149960,274.10,true,,
1790445606.894,marker,reconciled,0.00000000,0.00000000,0.00,false,,
1790445606.946,hud,speed,,,,,"19.2 / 13.2",19.220
1790445606.947,hud,heading,,,,,"86° / 134°",85.700
1790445606.947,hud,drift,,,,,"80.13%",80.130
1790445606.948,hud,turns,,,,,"✗ turns: 1/15",
1790445606.948,hud,calib_s,,,,,"✓ Buffer 6s",
1790445606.948,marker,gnss,52.40048000,-1.44368600,225.70,true,,
1790445606.949,marker,dr,52.40279546,-1.44147144,274.30,true,,
1790445606.949,marker,reconciled,0.00000000,0.00000000,0.00,false,,
1790445606.991,hud,speed,,,,,"19.1 / 13.2",19.090
1790445606.992,hud,heading,,,,,"86° / 134°",85.600
1790445606.992,hud,drift,,,,,"80.22%",80.220
1790445606.992,hud,turns,,,,,"✗ turns: 1/15",
1790445606.992,hud,calib_s,,,,,"✓ Buffer 6s",
1790445606.993,marker,gnss,52.40048000,-1.44368600,225.70,true,,
1790445606.993,marker,dr,52.40279674,-1.44144319,274.40,true,,
1790445606.994,marker,reconciled,0.00000000,0.00000000,0.00,false,,
1790445607.051,hud,speed,,,,,"18.9 / 13.2",18.940
1790445607.051,hud,heading,,,,,"86° / 134°",85.600
1790445607.052,hud,drift,,,,,"80.31%",80.310
1790445607.052,hud,turns,,,,,"✗ turns: 1/15",
1790445607.052,hud,calib_s,,,,,"✓ Buffer 6s",
1790445607.053,marker,gnss,52.40048000,-1.44368600,225.70,true,,
1790445607.054,marker,dr,52.40279797,-1.44141543,274.40,true,,
1790445607.054,marker,reconciled,0.00000000,0.00000000,0.00,false,,
1790445607.094,hud,speed,,,,,"18.8 / 13.2",18.780
1790445607.095,hud,heading,,,,,"86° / 134°",85.700
1790445607.095,hud,drift,,,,,"80.39%",80.390
1790445607.096,hud,turns,,,,,"✗ turns: 1/15",
1790445607.096,hud,calib_s,,,,,"✓ Buffer 6s",
1790445607.097,marker,gnss,52.40048000,-1.44368600,225.70,true,,
1790445607.097,marker,dr,52.40279921,-1.44138818,274.30,true,,
1790445607.098,marker,reconciled,0.00000000,0.00000000,0.00,false,,
1790445607.150,hud,speed,,,,,"18.6 / 13.2",18.580
1790445607.150,hud,heading,,,,,"86° / 134°",85.800
1790445607.151,hud,drift,,,,,"80.48%",80.480
1790445607.151,hud,turns,,,,,"✗ turns: 1/15",
1790445607.151,hud,calib_s,,,,,"✓ Buffer 6s",
1790445607.152,marker,gnss,52.40048000,-1.44368600,225.70,true,,
1790445607.152,marker,dr,52.40280043,-1.44136068,274.20,true,,
1790445607.153,marker,reconciled,0.00000000,0.00000000,0.00,false,,
1790445607.193,hud,speed,,,,,"18.4 / 13.2",18.380
1790445607.194,hud,heading,,,,,"86° / 134°",85.900
1790445607.194,hud,drift,,,,,"80.55%",80.550
1790445607.194,hud,turns,,,,,"✗ turns: 1/15",
1790445607.194,hud,calib_s,,,,,"✓ Buffer 6s",
1790445607.195,marker,gnss,52.40048000,-1.44368600,225.70,true,,
1790445607.195,marker,dr,52.40280168,-1.44133375,274.10,true,,
1790445607.196,marker,reconciled,0.00000000,0.00000000,0.00,false,,
1790445607.249,hud,speed,,,,,"18.2 / 13.2",18.190
1790445607.249,hud,heading,,,,,"86° / 134°",86.000
1790445607.249,hud,drift,,,,,"80.63%",80.630
1790445607.250,hud,turns,,,,,"✗ turns: 1/15",
1790445607.250,hud,calib_s,,,,,"✓ Buffer 6s",
1790445607.250,marker,gnss,52.40048000,-1.44368600,225.70,true,,
1790445607.252,marker,dr,52.40280296,-1.44130711,274.00,true,,
1790445607.252,marker,reconciled,0.00000000,0.00000000,0.00,false,,
1790445607.298,hud,speed,,,,,"18.0 / 13.2",18.010
1790445607.299,hud,heading,,,,,"86° / 134°",86.200
1790445607.299,hud,drift,,,,,"80.70%",80.700
1790445607.300,hud,turns,,,,,"✗ turns: 1/15",
1790445607.300,hud,calib_s,,,,,"✓ Buffer 6s",
1790445607.300,marker,gnss,52.40048000,-1.44368600,225.70,true,,
1790445607.301,marker,dr,52.40280421,-1.44128072,273.80,true,,
1790445607.301,marker,reconciled,0.00000000,0.00000000,0.00,false,,
1790445607.354,hud,speed,,,,,"17.9 / 13.2",17.880
1790445607.355,hud,heading,,,,,"86° / 134°",86.300
1790445607.355,hud,drift,,,,,"80.77%",80.770
1790445607.355,hud,turns,,,,,"✗ turns: 1/15",
1790445607.356,hud,calib_s,,,,,"✓ Buffer 6s",
1790445607.356,marker,gnss,52.40048000,-1.44368600,225.70,true,,
1790445607.356,marker,dr,52.40280545,-1.44125452,273.70,true,,
1790445607.357,marker,reconciled,0.00000000,0.00000000,0.00,false,,
1790445607.399,hud,speed,,,,,"17.8 / 13.2",17.810
1790445607.400,hud,heading,,,,,"86° / 134°",86.300
1790445607.400,hud,drift,,,,,"80.84%",80.840
1790445607.401,hud,turns,,,,,"✗ turns: 1/15",
1790445607.401,hud,calib_s,,,,,"✓ Buffer 6s",
1790445607.401,marker,gnss,52.40048000,-1.44368600,225.70,true,,
1790445607.402,marker,dr,52.40280674,-1.44122843,273.70,true,,
1790445607.402,marker,reconciled,0.00000000,0.00000000,0.00,false,,
1790445607.454,hud,speed,,,,,"17.6 / 13.2",17.580
1790445607.454,hud,heading,,,,,"86° / 134°",86.200
1790445607.455,hud,drift,,,,,"80.91%",80.910
1790445607.455,hud,turns,,,,,"✗ turns: 1/15",
1790445607.455,hud,calib_s,,,,,"✓ Buffer 6s",
1790445607.455,marker,gnss,52.40048000,-1.44368600,225.70,true,,
1790445607.456,marker,dr,52.40280798,-1.44120294,273.80,true,,
1790445607.456,marker,reconciled,0.00000000,0.00000000,0.00,false,,
1790445607.504,hud,speed,,,,,"17.5 / 13.2",17.520
1790445607.504,hud,heading,,,,,"86° / 134°",86.200
1790445607.505,hud,drift,,,,,"80.97%",80.970
1790445607.505,hud,turns,,,,,"✗ turns: 1/15",
1790445607.505,hud,calib_s,,,,,"✓ Buffer 6s",
1790445607.506,marker,gnss,52.40048000,-1.44368600,225.70,true,,
1790445607.506,marker,dr,52.40280922,-1.44117727,273.80,true,,
1790445607.507,marker,reconciled,0.00000000,0.00000000,0.00,false,,
1790445607.552,hud,speed,,,,,"17.4 / 13.2",17.420
1790445607.553,hud,heading,,,,,"86° / 134°",86.100
1790445607.553,hud,drift,,,,,"81.04%",81.040
1790445607.553,hud,turns,,,,,"✗ turns: 1/15",
1790445607.554,hud,calib_s,,,,,"✓ Buffer 6s",
1790445607.554,marker,gnss,52.40048000,-1.44368600,225.70,true,,
1790445607.555,marker,dr,52.40281044,-1.44115149,273.90,true,,
1790445607.555,marker,reconciled,0.00000000,0.00000000,0.00,false,,
1790445607.602,hud,speed,,,,,"17.3 / 13.2",17.340
1790445607.602,hud,heading,,,,,"86° / 134°",86.200
1790445607.602,hud,drift,,,,,"81.09%",81.090
1790445607.603,hud,turns,,,,,"✗ turns: 1/15",
1790445607.603,hud,calib_s,,,,,"✓ Buffer 6s",
1790445607.603,marker,gnss,52.40048000,-1.44368600,225.70,true,,
1790445607.604,marker,dr,52.40281160,-1.44112634,273.80,true,,
1790445607.604,marker,reconciled,0.00000000,0.00000000,0.00,false,,
1790445607.657,hud,speed,,,,,"17.3 / 13.2",17.250
1790445607.657,hud,heading,,,,,"87° / 134°",86.500
1790445607.657,hud,drift,,,,,"81.15%",81.150
1790445607.658,hud,turns,,,,,"✗ turns: 1/15",
1790445607.659,hud,calib_s,,,,,"✓ Buffer 6s",
1790445607.659,marker,gnss,52.40048000,-1.44368600,225.70,true,,
1790445607.660,marker,dr,52.40281276,-1.44110081,273.50,true,,
1790445607.660,marker,reconciled,0.00000000,0.00000000,0.00,false,,
1790445607.704,hud,speed,,,,,"17.1 / 13.2",17.090
1790445607.705,hud,heading,,,,,"87° / 134°",86.600
1790445607.705,hud,drift,,,,,"81.21%",81.210
1790445607.705,hud,turns,,,,,"✗ turns: 1/15",
1790445607.705,hud,calib_s,,,,,"✓ Buffer 6s",
1790445607.706,marker,gnss,52.40048000,-1.44368600,225.70,true,,
1790445607.707,marker,dr,52.40281389,-1.44107575,273.40,true,,
1790445607.707,marker,reconciled,0.00000000,0.00000000,0.00,false,,
1790445607.759,hud,speed,,,,,"17.0 / 13.2",16.950
1790445607.760,hud,heading,,,,,"87° / 134°",86.800
1790445607.760,hud,drift,,,,,"81.26%",81.260
1790445607.760,hud,turns,,,,,"✗ turns: 1/15",
1790445607.761,hud,calib_s,,,,,"✓ Buffer 6s",
1790445607.761,marker,gnss,52.40048000,-1.44368600,225.70,true,,
1790445607.762,marker,dr,52.40281505,-1.44105089,273.20,true,,
1790445607.763,marker,reconciled,0.00000000,0.00000000,0.00,false,,
1790445607.806,hud,speed,,,,,"16.9 / 13.2",16.880
1790445607.806,hud,heading,,,,,"87° / 134°",86.700
1790445607.806,hud,drift,,,,,"81.31%",81.310
1790445607.807,hud,turns,,,,,"✗ turns: 1/15",
1790445607.807,hud,calib_s,,,,,"✓ Buffer 6s",
1790445607.807,marker,gnss,52.40048000,-1.44368600,225.70,true,,
1790445607.808,marker,dr,52.40281619,-1.44102637,273.30,true,,
1790445607.808,marker,reconciled,0.00000000,0.00000000,0.00,false,,
1790445607.860,hud,speed,,,,,"16.8 / 13.2",16.780
1790445607.860,hud,heading,,,,,"87° / 134°",86.600
1790445607.861,hud,drift,,,,,"81.37%",81.370
1790445607.861,hud,turns,,,,,"✗ turns: 1/15",
1790445607.861,hud,calib_s,,,,,"✓ Buffer 6s",
1790445607.862,marker,gnss,52.40048000,-1.44368600,225.70,true,,
1790445607.863,marker,dr,52.40281734,-1.44100152,273.40,true,,
1790445607.863,marker,reconciled,0.00000000,0.00000000,0.00,false,,
1790445607.904,hud,speed,,,,,"16.7 / 13.2",16.700
1790445607.904,hud,heading,,,,,"87° / 134°",86.600
1790445607.905,hud,drift,,,,,"81.41%",81.410
1790445607.905,hud,turns,,,,,"✗ turns: 1/15",
1790445607.905,hud,calib_s,,,,,"✓ Buffer 6s",
1790445607.905,marker,gnss,52.40048000,-1.44368600,225.70,true,,
1790445607.906,marker,dr,52.40281846,-1.44097705,273.40,true,,
1790445607.906,marker,reconciled,0.00000000,0.00000000,0.00,false,,
1790445607.963,hud,speed,,,,,"16.5 / 13.2",16.500
1790445607.963,hud,heading,,,,,"87° / 134°",86.500
1790445607.963,hud,drift,,,,,"81.46%",81.460
1790445607.964,hud,turns,,,,,"✗ turns: 1/15",
1790445607.964,hud,calib_s,,,,,"✓ Buffer 6s",
1790445607.964,marker,gnss,52.40048000,-1.44368600,225.70,true,,
1790445607.965,marker,dr,52.40281952,-1.44095286,273.50,true,,
1790445607.965,marker,reconciled,0.00000000,0.00000000,0.00,false,,
1790445608.008,hud,speed,,,,,"16.4 / 13.2",16.350
1790445608.008,hud,heading,,,,,"87° / 134°",86.600
1790445608.008,hud,drift,,,,,"81.50%",81.500
1790445608.009,hud,turns,,,,,"✗ turns: 1/15",
1790445608.009,hud,calib_s,,,,,"✓ Buffer 6s",
1790445608.009,marker,gnss,52.40048000,-1.44368600,225.70,true,,
1790445608.010,marker,dr,52.40282055,-1.44092913,273.40,true,,
1790445608.011,marker,reconciled,0.00000000,0.00000000,0.00,false,,
1790445608.066,hud,speed,,,,,"16.2 / 13.2",16.240
1790445608.067,hud,heading,,,,,"87° / 134°",86.800
1790445608.067,hud,drift,,,,,"81.54%",81.540
1790445608.067,hud,turns,,,,,"✗ turns: 1/15",
1790445608.067,hud,calib_s,,,,,"✓ Buffer 6s",
1790445608.068,marker,gnss,52.40048000,-1.44368600,225.70,true,,
1790445608.068,marker,dr,52.40282160,-1.44090532,273.20,true,,
1790445608.069,marker,reconciled,0.00000000,0.00000000,0.00,false,,
1790445608.115,hud,speed,,,,,"16.1 / 13.2",16.060
1790445608.115,hud,heading,,,,,"87° / 134°",86.800
1790445608.116,hud,drift,,,,,"81.58%",81.580
1790445608.116,hud,turns,,,,,"✗ turns: 1/15",
1790445608.116,hud,calib_s,,,,,"✓ Buffer 6s",
1790445608.117,marker,gnss,52.40048000,-1.44368600,225.70,true,,
1790445608.117,marker,dr,52.40282261,-1.44088175,273.20,true,,
1790445608.118,marker,reconciled,0.00000000,0.00000000,0.00,false,,
1790445608.163,hud,speed,,,,,"15.9 / 13.2",15.890
1790445608.163,hud,heading,,,,,"87° / 134°",86.900
1790445608.164,hud,drift,,,,,"81.61%",81.610
1790445608.164,hud,turns,,,,,"✗ turns: 1/15",
1790445608.164,hud,calib_s,,,,,"✓ Buffer 6s",
1790445608.164,marker,gnss,52.40048000,-1.44368600,225.70,true,,
1790445608.165,marker,dr,52.40282360,-1.44085844,273.10,true,,
1790445608.165,marker,reconciled,0.00000000,0.00000000,0.00,false,,
1790445608.220,hud,speed,,,,,"15.7 / 13.2",15.660
1790445608.220,hud,heading,,,,,"87° / 134°",86.700
1790445608.221,hud,drift,,,,,"81.65%",81.650
1790445608.221,hud,turns,,,,,"✗ turns: 1/15",
1790445608.221,hud,calib_s,,,,,"✓ Buffer 6s",
1790445608.222,marker,gnss,52.40048000,-1.44368600,225.70,true,,
1790445608.222,marker,dr,52.40282460,-1.44083525,273.30,true,,
1790445608.223,marker,reconciled,0.00000000,0.00000000,0.00,false,,
1790445608.264,hud,speed,,,,,"15.5 / 13.2",15.460
1790445608.264,hud,heading,,,,,"87° / 134°",86.700
1790445608.265,hud,drift,,,,,"81.67%",81.670
1790445608.265,hud,turns,,,,,"✗ turns: 1/15",
1790445608.265,hud,calib_s,,,,,"✓ Buffer 6s",
1790445608.266,marker,gnss,52.40048000,-1.44368600,225.70,true,,
1790445608.267,marker,dr,52.40282558,-1.44081282,273.30,true,,
1790445608.267,marker,reconciled,0.00000000,0.00000000,0.00,false,,
1790445608.320,hud,speed,,,,,"15.4 / 13.2",15.360
1790445608.320,hud,heading,,,,,"87° / 134°",86.700
1790445608.321,hud,drift,,,,,"81.70%",81.700
1790445608.321,hud,turns,,,,,"✗ turns: 1/15",
1790445608.321,hud,calib_s,,,,,"✓ Buffer 6s",
1790445608.321,marker,gnss,52.40048000,-1.44368600,225.70,true,,
1790445608.322,marker,dr,52.40282654,-1.44079030,273.30,true,,
1790445608.322,marker,reconciled,0.00000000,0.00000000,0.00,false,,
1790445608.374,hud,speed,,,,,"15.2 / 13.2",15.180
1790445608.374,hud,heading,,,,,"87° / 134°",86.700
1790445608.375,hud,drift,,,,,"81.73%",81.730
1790445608.375,hud,turns,,,,,"✗ turns: 1/15",
1790445608.375,hud,calib_s,,,,,"✓ Buffer 6s",
1790445608.376,marker,gnss,52.40048000,-1.44368600,225.70,true,,
1790445608.377,marker,dr,52.40282749,-1.44076782,273.30,true,,
1790445608.377,marker,reconciled,0.00000000,0.00000000,0.00,false,,
1790445608.420,hud,speed,,,,,"15.0 / 13.2",15.010
1790445608.420,hud,heading,,,,,"87° / 134°",86.800
1790445608.420,hud,drift,,,,,"81.75%",81.750
1790445608.421,hud,turns,,,,,"✗ turns: 1/15",
1790445608.421,hud,calib_s,,,,,"✓ Buffer 6s",
1790445608.421,marker,gnss,52.40048000,-1.44368600,225.70,true,,
1790445608.422,marker,dr,52.40282838,-1.44074580,273.20,true,,
1790445608.422,marker,reconciled,0.00000000,0.00000000,0.00,false,,
1790445608.472,hud,speed,,,,,"14.9 / 13.2",14.870
1790445608.473,hud,heading,,,,,"87° / 134°",86.800
1790445608.473,hud,drift,,,,,"81.77%",81.770
1790445608.473,hud,turns,,,,,"✗ turns: 1/15",
1790445608.474,hud,calib_s,,,,,"✓ Buffer 6s",
1790445608.474,marker,gnss,52.40048000,-1.44368600,225.70,true,,
1790445608.475,marker,dr,52.40282929,-1.44072400,273.20,true,,
1790445608.475,marker,reconciled,0.00000000,0.00000000,0.00,false,,
1790445608.517,hud,speed,,,,,"14.7 / 13.2",14.690
1790445608.518,hud,heading,,,,,"87° / 134°",86.800
1790445608.518,hud,drift,,,,,"81.78%",81.780
1790445608.518,hud,turns,,,,,"✗ turns: 1/15",
1790445608.518,hud,calib_s,,,,,"✓ Buffer 6s",
1790445608.519,marker,gnss,52.40048000,-1.44368600,225.70,true,,
1790445608.519,marker,dr,52.40283018,-1.44070245,273.20,true,,
1790445608.520,marker,reconciled,0.00000000,0.00000000,0.00,false,,
1790445608.582,hud,speed,,,,,"14.5 / 13.2",14.480
1790445608.582,hud,heading,,,,,"87° / 134°",86.800
1790445608.582,hud,drift,,,,,"81.80%",81.800
1790445608.582,hud,turns,,,,,"✗ turns: 1/15",
1790445608.583,hud,calib_s,,,,,"✓ Buffer 6s",
1790445608.583,marker,gnss,52.40048000,-1.44368600,225.70,true,,
1790445608.583,marker,dr,52.40283102,-1.44068143,273.20,true,,
1790445608.584,marker,reconciled,0.00000000,0.00000000,0.00,false,,
1790445608.623,hud,speed,,,,,"14.3 / 13.2",14.310
1790445608.624,hud,heading,,,,,"87° / 134°",86.800
1790445608.624,hud,drift,,,,,"81.81%",81.810
1790445608.624,hud,turns,,,,,"✗ turns: 1/15",
1790445608.624,hud,calib_s,,,,,"✓ Buffer 6s",
1790445608.625,marker,gnss,52.40048000,-1.44368600,225.70,true,,
1790445608.625,marker,dr,52.40283186,-1.44066024,273.20,true,,
1790445608.626,marker,reconciled,0.00000000,0.00000000,0.00,false,,
1790445608.675,hud,speed,,,,,"14.1 / 13.2",14.120
1790445608.675,hud,heading,,,,,"87° / 134°",86.600
1790445608.675,hud,drift,,,,,"81.82%",81.820
1790445608.676,hud,turns,,,,,"✗ turns: 1/15",
1790445608.676,hud,calib_s,,,,,"✓ Buffer 6s",
1790445608.676,marker,gnss,52.40048000,-1.44368600,225.70,true,,
1790445608.677,marker,dr,52.40283269,-1.44063954,273.40,true,,
1790445608.677,marker,reconciled,0.00000000,0.00000000,0.00,false,,
1790445608.731,hud,speed,,,,,"13.9 / 13.2",13.920
1790445608.731,hud,heading,,,,,"87° / 134°",86.500
1790445608.731,hud,drift,,,,,"81.82%",81.820
1790445608.732,hud,turns,,,,,"✗ turns: 1/15",
1790445608.732,hud,calib_s,,,,,"✓ Buffer 6s",
1790445608.732,marker,gnss,52.40048000,-1.44368600,225.70,true,,
1790445608.733,marker,dr,52.40283350,-1.44061934,273.50,true,,
1790445608.733,marker,reconciled,0.00000000,0.00000000,0.00,false,,
1790445608.773,hud,speed,,,,,"13.8 / 13.2",13.810
1790445608.773,hud,heading,,,,,"86° / 134°",86.400
1790445608.774,hud,drift,,,,,"81.83%",81.830
1790445608.774,hud,turns,,,,,"✗ turns: 1/15",
1790445608.774,hud,calib_s,,,,,"✓ Buffer 6s",
1790445608.775,marker,gnss,52.40048000,-1.44368600,225.70,true,,
1790445608.775,marker,dr,52.40283433,-1.44059909,273.60,true,,
1790445608.775,marker,reconciled,0.00000000,0.00000000,0.00,false,,
1790445608.832,hud,speed,,,,,"13.8 / 13.2",13.780
1790445608.832,hud,heading,,,,,"87° / 134°",86.500
1790445608.833,hud,drift,,,,,"81.83%",81.830
1790445608.833,hud,turns,,,,,"✗ turns: 1/15",
1790445608.833,hud,calib_s,,,,,"✓ Buffer 6s",
1790445608.833,marker,gnss,52.40048000,-1.44368600,225.70,true,,
1790445608.834,marker,dr,52.40283523,-1.44057891,273.50,true,,
1790445608.835,marker,reconciled,0.00000000,0.00000000,0.00,false,,
1790445608.880,hud,speed,,,,,"13.5 / 13.2",13.520
1790445608.881,hud,heading,,,,,"86° / 134°",86.400
1790445608.881,hud,drift,,,,,"81.84%",81.840
1790445608.882,hud,turns,,,,,"✗ turns: 1/15",
1790445608.882,hud,calib_s,,,,,"✓ Buffer 6s",
1790445608.883,marker,gnss,52.40048000,-1.44368600,225.70,true,,
1790445608.883,marker,dr,52.40283608,-1.44055890,273.60,true,,
1790445608.884,marker,reconciled,0.00000000,0.00000000,0.00,false,,
1790445608.924,hud,speed,,,,,"13.3 / 13.2",13.320
1790445608.925,hud,heading,,,,,"87° / 134°",86.700
1790445608.925,hud,drift,,,,,"81.84%",81.840
1790445608.925,hud,turns,,,,,"✗ turns: 1/15",
1790445608.925,hud,calib_s,,,,,"✓ Buffer 6s",
1790445608.925,marker,gnss,52.40048000,-1.44368600,225.70,true,,
1790445608.926,marker,dr,52.40283692,-1.44053937,273.30,true,,
1790445608.926,marker,reconciled,0.00000000,0.00000000,0.00,false,,
1790445608.981,hud,speed,,,,,"13.3 / 13.2",13.260
1790445608.982,hud,heading,,,,,"87° / 134°",86.900
1790445608.982,hud,drift,,,,,"81.83%",81.830
1790445608.982,hud,turns,,,,,"✗ turns: 1/15",
1790445608.983,hud,calib_s,,,,,"✓ Buffer 6s",
1790445608.983,marker,gnss,52.40048000,-1.44368600,225.70,true,,
1790445608.984,marker,dr,52.40283770,-1.44051993,273.10,true,,
1790445608.984,marker,reconciled,0.00000000,0.00000000,0.00,false,,
1790445609.030,hud,speed,,,,,"13.0 / 13.2",12.990
1790445609.031,hud,heading,,,,,"87° / 134°",87.100
1790445609.031,hud,drift,,,,,"81.83%",81.830
1790445609.031,hud,turns,,,,,"✗ turns: 1/15",
1790445609.032,hud,calib_s,,,,,"✓ Buffer 6s",
1790445609.032,marker,gnss,52.40048000,-1.44368600,225.70,true,,
1790445609.032,marker,dr,52.40283849,-1.44050088,272.90,true,,
1790445609.033,marker,reconciled,0.00000000,0.00000000,0.00,false,,
1790445609.087,hud,speed,,,,,"12.8 / 13.2",12.790
1790445609.087,hud,heading,,,,,"87° / 134°",87.400
1790445609.088,hud,drift,,,,,"81.82%",81.820
1790445609.088,hud,turns,,,,,"✗ turns: 1/15",
1790445609.088,hud,calib_s,,,,,"✓ Buffer 6s",
1790445609.089,marker,gnss,52.40048000,-1.44368600,225.70,true,,
1790445609.089,marker,dr,52.40283928,-1.44048211,272.60,true,,
1790445609.090,marker,reconciled,0.00000000,0.00000000,0.00,false,,
1790445609.129,hud,speed,,,,,"12.7 / 13.2",12.650
1790445609.129,hud,heading,,,,,"88° / 134°",87.500
1790445609.129,hud,drift,,,,,"81.81%",81.810
1790445609.130,hud,turns,,,,,"✗ turns: 1/15",
1790445609.130,hud,calib_s,,,,,"✓ Buffer 6s",
1790445609.130,marker,gnss,52.40048000,-1.44368600,225.70,true,,
1790445609.131,marker,dr,52.40284005,-1.44046372,272.50,true,,
1790445609.131,marker,reconciled,0.00000000,0.00000000,0.00,false,,
1790445609.188,hud,speed,,,,,"12.4 / 13.2",12.430
1790445609.188,hud,heading,,,,,"88° / 134°",87.500
1790445609.189,hud,drift,,,,,"81.80%",81.800
1790445609.189,hud,turns,,,,,"✗ turns: 1/15",
1790445609.189,hud,calib_s,,,,,"✓ Buffer 6s",
1790445609.190,marker,gnss,52.40048000,-1.44368600,225.70,true,,
1790445609.190,marker,dr,52.40284074,-1.44044527,272.50,true,,
1790445609.191,marker,reconciled,0.00000000,0.00000000,0.00,false,,
1790445609.236,hud,speed,,,,,"12.2 / 13.2",12.210
1790445609.236,hud,heading,,,,,"87° / 134°",87.400
1790445609.237,hud,drift,,,,,"81.78%",81.780
1790445609.237,hud,turns,,,,,"✗ turns: 1/15",
1790445609.237,hud,calib_s,,,,,"✓ Buffer 6s",
1790445609.238,marker,gnss,52.40048000,-1.44368600,225.70,true,,
1790445609.238,marker,dr,52.40284139,-1.44042734,272.60,true,,
1790445609.239,marker,reconciled,0.00000000,0.00000000,0.00,false,,
1790445609.289,hud,speed,,,,,"12.0 / 13.2",12.010
1790445609.290,hud,heading,,,,,"87° / 134°",87.400
1790445609.290,hud,drift,,,,,"81.76%",81.760
1790445609.290,hud,turns,,,,,"✗ turns: 1/15",
1790445609.290,hud,calib_s,,,,,"✓ Buffer 6s",
1790445609.291,marker,gnss,52.40048000,-1.44368600,225.70,true,,
1790445609.291,marker,dr,52.40284205,-1.44040989,272.60,true,,
1790445609.292,marker,reconciled,0.00000000,0.00000000,0.00,false,,
1790445609.334,hud,speed,,,,,"11.8 / 13.2",11.840
1790445609.335,hud,heading,,,,,"87° / 134°",87.400
1790445609.335,hud,drift,,,,,"81.74%",81.740
1790445609.336,hud,turns,,,,,"✗ turns: 1/15",
1790445609.336,hud,calib_s,,,,,"✓ Buffer 6s",
1790445609.336,marker,gnss,52.40048000,-1.44368600,225.70,true,,
1790445609.337,marker,dr,52.40284274,-1.44039252,272.60,true,,
1790445609.337,marker,reconciled,0.00000000,0.00000000,0.00,false,,
1790445609.392,hud,speed,,,,,"11.7 / 13.2",11.690
1790445609.393,hud,heading,,,,,"88° / 134°",87.500
1790445609.393,hud,drift,,,,,"81.72%",81.720
1790445609.393,hud,turns,,,,,"✗ turns: 1/15",
1790445609.394,hud,calib_s,,,,,"✓ Buffer 6s",
1790445609.394,marker,gnss,52.40048000,-1.44368600,225.70,true,,
1790445609.395,marker,dr,52.40284337,-1.44037519,272.50,true,,
1790445609.395,marker,reconciled,0.00000000,0.00000000,0.00,false,,
1790445609.441,hud,speed,,,,,"11.5 / 13.2",11.480
1790445609.442,hud,heading,,,,,"88° / 134°",87.600
1790445609.442,hud,drift,,,,,"81.70%",81.700
1790445609.443,hud,turns,,,,,"✗ turns: 1/15",
1790445609.443,hud,calib_s,,,,,"✓ Buffer 6s",
1790445609.443,marker,gnss,52.40048000,-1.44368600,225.70,true,,
1790445609.444,marker,dr,52.40284392,-1.44035850,272.40,true,,
1790445609.444,marker,reconciled,0.00000000,0.00000000,0.00,false,,
1790445609.492,hud,speed,,,,,"11.4 / 13.2",11.350
1790445609.493,hud,heading,,,,,"87° / 134°",87.400
1790445609.493,hud,drift,,,,,"81.67%",81.670
1790445609.493,hud,turns,,,,,"✗ turns: 1/15",
1790445609.493,hud,calib_s,,,,,"✓ Buffer 6s",
1790445609.494,marker,gnss,52.40048000,-1.44368600,225.70,true,,
1790445609.494,marker,dr,52.40284447,-1.44034168,272.60,true,,
1790445609.495,marker,reconciled,0.00000000,0.00000000,0.00,false,,
1790445609.539,hud,speed,,,,,"11.2 / 13.2",11.150
1790445609.540,hud,heading,,,,,"87° / 134°",87.000
1790445609.540,hud,drift,,,,,"81.64%",81.640
1790445609.540,hud,turns,,,,,"✗ turns: 1/15",
1790445609.541,hud,calib_s,,,,,"✓ Buffer 6s",
1790445609.541,marker,gnss,52.40048000,-1.44368600,225.70,true,,
1790445609.541,marker,dr,52.40284500,-1.44032549,273.00,true,,
1790445609.542,marker,reconciled,0.00000000,0.00000000,0.00,false,,
1790445609.597,hud,speed,,,,,"11.0 / 13.2",10.970
1790445609.597,hud,heading,,,,,"87° / 134°",87.000
1790445609.597,hud,drift,,,,,"81.61%",81.610
1790445609.598,hud,turns,,,,,"✗ turns: 1/15",
1790445609.598,hud,calib_s,,,,,"✓ Buffer 6s",
1790445609.598,marker,gnss,52.40048000,-1.44368600,225.70,true,,
1790445609.599,marker,dr,52.40284552,-1.44030924,273.00,true,,
1790445609.599,marker,reconciled,0.00000000,0.00000000,0.00,false,,
1790445609.638,hud,speed,,,,,"10.8 / 13.2",10.780
1790445609.638,hud,heading,,,,,"87° / 134°",87.000
1790445609.638,hud,drift,,,,,"81.57%",81.570
1790445609.639,hud,turns,,,,,"✗ turns: 1/15",
1790445609.639,hud,calib_s,,,,,"✓ Buffer 6s",
1790445609.639,marker,gnss,52.40048000,-1.44368600,225.70,true,,
1790445609.640,marker,dr,52.40284602,-1.44029357,273.00,true,,
1790445609.640,marker,reconciled,0.00000000,0.00000000,0.00,false,,
1790445609.695,hud,speed,,,,,"10.6 / 13.2",10.590
1790445609.695,hud,heading,,,,,"87° / 134°",86.900
1790445609.696,hud,drift,,,,,"81.54%",81.540
1790445609.696,hud,turns,,,,,"✗ turns: 1/15",
1790445609.696,hud,calib_s,,,,,"✓ Buffer 6s",
1790445609.697,marker,gnss,52.40048000,-1.44368600,225.70,true,,
1790445609.697,marker,dr,52.40284651,-1.44027804,273.10,true,,
1790445609.698,marker,reconciled,0.00000000,0.00000000,0.00,false,,
1790445609.745,hud,speed,,,,,"10.3 / 13.2",10.330
1790445609.745,hud,heading,,,,,"87° / 134°",87.000
1790445609.745,hud,drift,,,,,"81.50%",81.500
1790445609.746,hud,turns,,,,,"✗ turns: 1/15",
1790445609.746,hud,calib_s,,,,,"✓ Buffer 6s",
1790445609.746,marker,gnss,52.40048000,-1.44368600,225.70,true,,
1790445609.747,marker,dr,52.40284703,-1.44026273,273.00,true,,
1790445609.747,marker,reconciled,0.00000000,0.00000000,0.00,false,,
1790445609.798,hud,speed,,,,,"10.2 / 13.2",10.240
1790445609.799,hud,heading,,,,,"87° / 134°",86.800
1790445609.799,hud,drift,,,,,"81.46%",81.460
1790445609.799,hud,turns,,,,,"✗ turns: 1/15",
1790445609.799,hud,calib_s,,,,,"✓ Buffer 6s",
1790445609.800,marker,gnss,52.40048000,-1.44368600,225.70,true,,
1790445609.800,marker,dr,52.40284755,-1.44024770,273.20,true,,
1790445609.801,marker,reconciled,0.00000000,0.00000000,0.00,false,,
1790445609.851,hud,speed,,,,,"10.1 / 13.2",10.070
1790445609.851,hud,heading,,,,,"87° / 134°",86.800
1790445609.851,hud,drift,,,,,"81.42%",81.420
1790445609.852,hud,turns,,,,,"✗ turns: 1/15",
1790445609.852,hud,calib_s,,,,,"✓ Buffer 6s",
1790445609.852,marker,gnss,52.40048000,-1.44368600,225.70,true,,
1790445609.853,marker,dr,52.40284810,-1.44023294,273.20,true,,
1790445609.853,marker,reconciled,0.00000000,0.00000000,0.00,false,,
1790445609.898,hud,speed,,,,,"9.9 / 13.2",9.870
1790445609.899,hud,heading,,,,,"87° / 134°",86.700
1790445609.899,hud,drift,,,,,"81.38%",81.380
1790445609.899,hud,turns,,,,,"✗ turns: 1/15",
1790445609.900,hud,calib_s,,,,,"✓ Buffer 6s",
1790445609.900,marker,gnss,52.40048000,-1.44368600,225.70,true,,
1790445609.901,marker,dr,52.40284861,-1.44021847,273.30,true,,
1790445609.901,marker,reconciled,0.00000000,0.00000000,0.00,false,,
1790445609.945,hud,speed,,,,,"9.8 / 13.2",9.750
1790445609.946,hud,heading,,,,,"87° / 134°",86.600
1790445609.946,hud,drift,,,,,"81.34%",81.340
1790445609.946,hud,turns,,,,,"✗ turns: 1/15",
1790445609.947,hud,calib_s,,,,,"✓ Buffer 6s",
1790445609.947,marker,gnss,52.40048000,-1.44368600,225.70,true,,
1790445609.947,marker,dr,52.40284904,-1.44020416,273.40,true,,
1790445609.948,marker,reconciled,0.00000000,0.00000000,0.00,false,,
1790445610.004,hud,speed,,,,,"9.7 / 13.2",9.670
1790445610.004,hud,heading,,,,,"87° / 134°",86.600
1790445610.005,hud,drift,,,,,"81.29%",81.290
1790445610.005,hud,turns,,,,,"✗ turns: 1/15",
1790445610.005,hud,calib_s,,,,,"✓ Buffer 6s",
1790445610.006,marker,gnss,52.40048000,-1.44368600,225.70,true,,
1790445610.006,marker,dr,52.40284949,-1.44018997,273.40,true,,
1790445610.007,marker,reconciled,0.00000000,0.00000000,0.00,false,,
1790445610.058,hud,speed,,,,,"9.6 / 13.2",9.570
1790445610.059,hud,heading,,,,,"87° / 134°",86.600
1790445610.059,hud,drift,,,,,"81.25%",81.250
1790445610.060,hud,turns,,,,,"✗ turns: 1/15",
1790445610.060,hud,calib_s,,,,,"✓ Buffer 6s",
1790445610.060,marker,gnss,52.40048000,-1.44368600,225.70,true,,
1790445610.061,marker,dr,52.40284995,-1.44017608,273.40,true,,
1790445610.062,marker,reconciled,0.00000000,0.00000000,0.00,false,,
1790445610.101,hud,speed,,,,,"9.4 / 13.2",9.430
1790445610.101,hud,heading,,,,,"87° / 134°",86.500
1790445610.102,hud,drift,,,,,"81.20%",81.200
1790445610.102,hud,turns,,,,,"✗ turns: 1/15",
1790445610.102,hud,calib_s,,,,,"✓ Buffer 6s",
1790445610.103,marker,gnss,52.40048000,-1.44368600,225.70,true,,
1790445610.105,marker,dr,52.40285044,-1.44016225,273.50,true,,
1790445610.105,marker,reconciled,0.00000000,0.00000000,0.00,false,,
1790445610.156,hud,speed,,,,,"9.4 / 13.2",9.360
1790445610.156,hud,heading,,,,,"86° / 134°",86.300
1790445610.157,hud,drift,,,,,"81.15%",81.150
1790445610.157,hud,turns,,,,,"✗ turns: 1/15",
1790445610.157,hud,calib_s,,,,,"✓ Buffer 6s",
1790445610.158,marker,gnss,52.40048000,-1.44368600,225.70,true,,
1790445610.158,marker,dr,52.40285092,-1.44014837,273.70,true,,
1790445610.159,marker,reconciled,0.00000000,0.00000000,0.00,false,,
1790445610.203,hud,speed,,,,,"9.3 / 13.2",9.280
1790445610.203,hud,heading,,,,,"86° / 134°",86.100
1790445610.203,hud,drift,,,,,"81.11%",81.110
1790445610.204,hud,turns,,,,,"✗ turns: 1/15",
1790445610.204,hud,calib_s,,,,,"✓ Buffer 6s",
1790445610.204,marker,gnss,52.40048000,-1.44368600,225.70,true,,
1790445610.205,marker,dr,52.40285140,-1.44013476,273.90,true,,
1790445610.205,marker,reconciled,0.00000000,0.00000000,0.00,false,,
1790445610.257,hud,speed,,,,,"9.2 / 13.2",9.150
1790445610.257,hud,heading,,,,,"86° / 134°",85.900
1790445610.257,hud,drift,,,,,"81.06%",81.060
1790445610.258,hud,turns,,,,,"✗ turns: 1/15",
1790445610.258,hud,calib_s,,,,,"✓ Buffer 6s",
1790445610.258,marker,gnss,52.40048000,-1.44368600,225.70,true,,
1790445610.259,marker,dr,52.40285186,-1.44012145,274.10,true,,
1790445610.259,marker,reconciled,0.00000000,0.00000000,0.00,false,,
1790445610.307,hud,speed,,,,,"9.1 / 13.2",9.100
1790445610.308,hud,heading,,,,,"86° / 134°",85.900
1790445610.308,hud,drift,,,,,"81.01%",81.010
1790445610.308,hud,turns,,,,,"✗ turns: 1/15",
1790445610.309,hud,calib_s,,,,,"✓ Buffer 6s",
1790445610.309,marker,gnss,52.40048000,-1.44368600,225.70,true,,
1790445610.310,marker,dr,52.40285232,-1.44010807,274.10,true,,
1790445610.310,marker,reconciled,0.00000000,0.00000000,0.00,false,,
1790445610.363,hud,speed,,,,,"9.1 / 13.2",9.140
1790445610.364,hud,heading,,,,,"86° / 134°",85.700
1790445610.364,hud,drift,,,,,"80.97%",80.970
1790445610.364,hud,turns,,,,,"✗ turns: 1/15",
1790445610.364,hud,calib_s,,,,,"✓ Buffer 6s",
1790445610.365,marker,gnss,52.40048000,-1.44368600,225.70,true,,
1790445610.365,marker,dr,52.40285281,-1.44009465,274.30,true,,
1790445610.366,marker,reconciled,0.00000000,0.00000000,0.00,false,,
1790445610.410,hud,speed,,,,,"9.0 / 13.2",9.020
1790445610.410,hud,heading,,,,,"86° / 134°",85.800
1790445610.411,hud,drift,,,,,"80.92%",80.920
1790445610.411,hud,turns,,,,,"✗ turns: 1/15",
1790445610.411,hud,calib_s,,,,,"✓ Buffer 6s",
1790445610.412,marker,gnss,52.40048000,-1.44368600,225.70,true,,
1790445610.412,marker,dr,52.40285326,-1.44008139,274.20,true,,
1790445610.412,marker,reconciled,0.00000000,0.00000000,0.00,false,,
1790445610.463,hud,speed,,,,,"8.9 / 13.2",8.920
1790445610.464,hud,heading,,,,,"86° / 134°",86.000
1790445610.464,hud,drift,,,,,"80.87%",80.870
1790445610.464,hud,turns,,,,,"✗ turns: 1/15",
1790445610.464,hud,calib_s,,,,,"✓ Buffer 6s",
1790445610.465,marker,gnss,52.40048000,-1.44368600,225.70,true,,
1790445610.465,marker,dr,52.40285372,-1.44006831,274.00,true,,
1790445610.466,marker,reconciled,0.00000000,0.00000000,0.00,false,,
1790445610.510,hud,speed,,,,,"9.0 / 13.2",8.970
1790445610.510,hud,heading,,,,,"86° / 134°",85.800
1790445610.511,hud,drift,,,,,"80.82%",80.820
1790445610.511,hud,turns,,,,,"✗ turns: 1/15",
1790445610.511,hud,calib_s,,,,,"✓ Buffer 6s",
1790445610.511,marker,gnss,52.40048000,-1.44368600,225.70,true,,
1790445610.512,marker,dr,52.40285412,-1.44005513,274.20,true,,
1790445610.512,marker,reconciled,0.00000000,0.00000000,0.00,false,,
1790445610.565,hud,speed,,,,,"9.0 / 13.2",8.990
1790445610.565,hud,heading,,,,,"86° / 134°",85.800
1790445610.565,hud,drift,,,,,"80.78%",80.780
1790445610.565,hud,turns,,,,,"✗ turns: 1/15",
1790445610.565,hud,calib_s,,,,,"✓ Buffer 6s",
1790445610.566,marker,gnss,52.40048000,-1.44368600,225.70,true,,
1790445610.566,marker,dr,52.40285456,-1.44004193,274.20,true,,
1790445610.567,marker,reconciled,0.00000000,0.00000000,0.00,false,,
1790445610.613,hud,speed,,,,,"9.0 / 13.2",8.970
1790445610.614,hud,heading,,,,,"85° / 134°",85.400
1790445610.614,hud,drift,,,,,"80.73%",80.730
1790445610.615,hud,turns,,,,,"✗ turns: 1/15",
1790445610.615,hud,calib_s,,,,,"✓ Buffer 6s",
1790445610.615,marker,gnss,52.40048000,-1.44368600,225.70,true,,
1790445610.616,marker,dr,52.40285502,-1.44002863,274.60,true,,
1790445610.616,marker,reconciled,0.00000000,0.00000000,0.00,false,,
1790445610.667,hud,speed,,,,,"8.8 / 13.2",8.760
1790445610.667,hud,heading,,,,,"85° / 134°",85.000
1790445610.667,hud,drift,,,,,"80.68%",80.680
1790445610.668,hud,turns,,,,,"✗ turns: 1/15",
1790445610.668,hud,calib_s,,,,,"✓ Buffer 6s",
1790445610.668,marker,gnss,52.40048000,-1.44368600,225.70,true,,
1790445610.669,marker,dr,52.40285549,-1.44001576,275.00,true,,
1790445610.669,marker,reconciled,0.00000000,0.00000000,0.00,false,,
1790445610.711,hud,speed,,,,,"8.6 / 13.2",8.640
1790445610.711,hud,heading,,,,,"85° / 134°",85.200
1790445610.711,hud,drift,,,,,"80.63%",80.630
1790445610.711,hud,turns,,,,,"✗ turns: 1/15",
1790445610.712,hud,calib_s,,,,,"✓ Buffer 6s",
1790445610.712,marker,gnss,52.40048000,-1.44368600,225.70,true,,
1790445610.713,marker,dr,52.40285597,-1.44000307,274.80,true,,
1790445610.713,marker,reconciled,0.00000000,0.00000000,0.00,false,,
1790445610.769,hud,speed,,,,,"8.8 / 13.2",8.810
1790445610.769,hud,heading,,,,,"86° / 134°",85.500
1790445610.770,hud,drift,,,,,"80.59%",80.590
1790445610.770,hud,turns,,,,,"✗ turns: 1/15",
1790445610.770,hud,calib_s,,,,,"✓ Buffer 6s",
1790445610.771,marker,gnss,52.40048000,-1.44368600,225.70,true,,
1790445610.771,marker,dr,52.40285641,-1.43999026,274.50,true,,
1790445610.772,marker,reconciled,0.00000000,0.00000000,0.00,false,,
1790445610.814,hud,speed,,,,,"8.9 / 13.2",8.890
1790445610.814,hud,heading,,,,,"86° / 134°",86.000
1790445610.815,hud,drift,,,,,"80.54%",80.540
1790445610.815,hud,turns,,,,,"✗ turns: 1/15",
1790445610.815,hud,calib_s,,,,,"✓ Buffer 6s",
1790445610.815,marker,gnss,52.40048000,-1.44368600,225.70,true,,
1790445610.816,marker,dr,52.40285679,-1.43997708,274.00,true,,
1790445610.816,marker,reconciled,0.00000000,0.00000000,0.00,false,,
1790445610.874,hud,speed,,,,,"8.9 / 13.2",8.880
1790445610.875,hud,heading,,,,,"87° / 134°",86.600
1790445610.875,hud,drift,,,,,"80.49%",80.490
1790445610.875,hud,turns,,,,,"✗ turns: 1/15",
1790445610.875,hud,calib_s,,,,,"✓ Buffer 6s",
1790445610.876,marker,gnss,52.40048000,-1.44368600,225.70,true,,
1790445610.876,marker,dr,52.40285715,-1.43996405,273.40,true,,
1790445610.877,marker,reconciled,0.00000000,0.00000000,0.00,false,,
1790445610.922,hud,speed,,,,,"8.8 / 13.2",8.760
1790445610.922,hud,heading,,,,,"87° / 134°",86.900
1790445610.923,hud,drift,,,,,"80.44%",80.440
1790445610.923,hud,turns,,,,,"✗ turns: 1/15",
1790445610.923,hud,calib_s,,,,,"✓ Buffer 6s",
1790445610.924,marker,gnss,52.40048000,-1.44368600,225.70,true,,
1790445610.924,marker,dr,52.40285754,-1.43995133,273.10,true,,
1790445610.925,marker,reconciled,0.00000000,0.00000000,0.00,false,,
1790445610.964,hud,speed,,,,,"8.8 / 13.2",8.780
1790445610.965,hud,heading,,,,,"87° / 134°",87.100
1790445610.965,hud,drift,,,,,"80.40%",80.400
1790445610.965,hud,turns,,,,,"✗ turns: 1/15",
1790445610.965,hud,calib_s,,,,,"✓ Buffer 6s",
1790445610.966,marker,gnss,52.40048000,-1.44368600,225.70,true,,
1790445610.966,marker,dr,52.40285799,-1.43993844,272.90,true,,
1790445610.966,marker,reconciled,0.00000000,0.00000000,0.00,false,,
1790445611.022,hud,speed,,,,,"8.8 / 13.2",8.790
1790445611.023,hud,heading,,,,,"87° / 134°",87.000
1790445611.023,hud,drift,,,,,"80.35%",80.350
1790445611.023,hud,turns,,,,,"✗ turns: 1/15",
1790445611.024,hud,calib_s,,,,,"✓ Buffer 6s",
1790445611.024,marker,gnss,52.40048000,-1.44368600,225.70,true,,
1790445611.025,marker,dr,52.40285841,-1.43992542,273.00,true,,
1790445611.025,marker,reconciled,0.00000000,0.00000000,0.00,false,,
1790445611.072,hud,speed,,,,,"8.8 / 13.2",8.780
1790445611.073,hud,heading,,,,,"87° / 134°",86.700
1790445611.073,hud,drift,,,,,"80.30%",80.300
1790445611.073,hud,turns,,,,,"✗ turns: 1/15",
1790445611.074,hud,calib_s,,,,,"✓ Buffer 6s",
1790445611.074,marker,gnss,52.40048000,-1.44368600,225.70,true,,
1790445611.075,marker,dr,52.40285875,-1.43991266,273.30,true,,
1790445611.076,marker,reconciled,0.00000000,0.00000000,0.00,false,,
1790445611.124,hud,speed,,,,,"8.6 / 11.6",8.640
1790445611.124,hud,heading,,,,,"87° / 133°",86.700
1790445611.124,hud,drift,,,,,"78.76%",78.760
1790445611.125,hud,turns,,,,,"✗ turns: 1/15",
1790445611.125,hud,calib_s,,,,,"✓ Buffer 6s",
1790445611.125,marker,gnss,52.39979000,-1.44253300,227.20,true,,
1790445611.126,marker,dr,52.40285910,-1.43989999,273.30,true,,
1790445611.126,marker,reconciled,0.00000000,0.00000000,0.00,false,,
1790445611.181,hud,speed,,,,,"8.6 / 11.6",8.640
1790445611.182,hud,heading,,,,,"87° / 133°",86.700
1790445611.182,hud,drift,,,,,"81.17%",81.170
1790445611.182,hud,turns,,,,,"✗ turns: 1/15",
1790445611.183,hud,calib_s,,,,,"✓ Buffer 6s",
1790445611.187,marker,gnss,52.39979000,-1.44253300,227.20,true,,
1790445611.187,marker,dr,52.40285910,-1.43989999,273.30,true,,
1790445611.188,marker,reconciled,0.00000000,0.00000000,0.00,false,,
1790445611.244,hud,speed,,,,,"8.6 / 11.6",8.640
1790445611.244,hud,heading,,,,,"87° / 133°",86.700
1790445611.245,hud,drift,,,,,"81.17%",81.170
1790445611.245,hud,turns,,,,,"✗ turns: 1/15",
1790445611.245,hud,calib_s,,,,,"✓ Buffer 6s",
1790445611.249,marker,gnss,52.39979000,-1.44253300,227.20,true,,
1790445611.250,marker,dr,52.40285910,-1.43989999,273.30,true,,
1790445611.251,marker,reconciled,0.00000000,0.00000000,0.00,false,,
1790445611.275,hud,speed,,,,,"8.6 / 11.6",8.640
1790445611.275,hud,heading,,,,,"87° / 133°",86.700
1790445611.275,hud,drift,,,,,"81.17%",81.170
1790445611.276,hud,turns,,,,,"✗ turns: 1/15",
1790445611.276,hud,calib_s,,,,,"✓ Buffer 6s",
1790445611.279,marker,gnss,52.39979000,-1.44253300,227.20,true,,
1790445611.279,marker,dr,52.40285910,-1.43989999,273.30,true,,
1790445611.280,marker,reconciled,0.00000000,0.00000000,0.00,false,,
1790445611.321,hud,speed,,,,,"8.6 / 11.6",8.640
1790445611.322,hud,heading,,,,,"87° / 133°",86.700
1790445611.322,hud,drift,,,,,"81.17%",81.170
1790445611.322,hud,turns,,,,,"✗ turns: 1/15",
1790445611.322,hud,calib_s,,,,,"✓ Buffer 6s",
1790445611.325,marker,gnss,52.39979000,-1.44253300,227.20,true,,
1790445611.325,marker,dr,52.40285910,-1.43989999,273.30,true,,
1790445611.326,marker,reconciled,0.00000000,0.00000000,0.00,false,,
1790445611.375,hud,speed,,,,,"8.6 / 11.6",8.640
1790445611.375,hud,heading,,,,,"87° / 133°",86.700
1790445611.376,hud,drift,,,,,"81.17%",81.170
1790445611.376,hud,turns,,,,,"✗ turns: 1/15",
1790445611.376,hud,calib_s,,,,,"✓ Buffer 6s",
1790445611.379,marker,gnss,52.39979000,-1.44253300,227.20,true,,
1790445611.380,marker,dr,52.40285910,-1.43989999,273.30,true,,
1790445611.381,marker,reconciled,0.00000000,0.00000000,0.00,false,,
1790445611.426,hud,speed,,,,,"8.6 / 11.6",8.640
1790445611.426,hud,heading,,,,,"87° / 133°",86.700
1790445611.427,hud,drift,,,,,"81.17%",81.170
1790445611.427,hud,turns,,,,,"✗ turns: 1/15",
1790445611.427,hud,calib_s,,,,,"✓ Buffer 6s",
1790445611.431,marker,gnss,52.39979000,-1.44253300,227.20,true,,
1790445611.432,marker,dr,52.40285910,-1.43989999,273.30,true,,
1790445611.432,marker,reconciled,0.00000000,0.00000000,0.00,false,,
1790445611.473,hud,speed,,,,,"8.6 / 11.6",8.640
1790445611.474,hud,heading,,,,,"87° / 133°",86.700
1790445611.475,hud,drift,,,,,"81.17%",81.170
1790445611.475,hud,turns,,,,,"✗ turns: 1/15",
1790445611.475,hud,calib_s,,,,,"✓ Buffer 6s",
1790445611.479,marker,gnss,52.39979000,-1.44253300,227.20,true,,
1790445611.480,marker,dr,52.40285910,-1.43989999,273.30,true,,
1790445611.480,marker,reconciled,0.00000000,0.00000000,0.00,false,,
1790445611.530,hud,speed,,,,,"8.6 / 11.6",8.640
1790445611.530,hud,heading,,,,,"87° / 133°",86.700
1790445611.531,hud,drift,,,,,"81.17%",81.170
1790445611.531,hud,turns,,,,,"✗ turns: 1/15",
1790445611.531,hud,calib_s,,,,,"✓ Buffer 6s",
1790445611.533,marker,gnss,52.39979000,-1.44253300,227.20,true,,
1790445611.534,marker,dr,52.40285910,-1.43989999,273.30,true,,
1790445611.534,marker,reconciled,0.00000000,0.00000000,0.00,false,,
1790445611.580,hud,speed,,,,,"8.6 / 11.6",8.640
1790445611.580,hud,heading,,,,,"87° / 133°",86.700
1790445611.580,hud,drift,,,,,"81.17%",81.170
1790445611.581,hud,turns,,,,,"✗ turns: 1/15",
1790445611.581,hud,calib_s,,,,,"✓ Buffer 6s",
1790445611.585,marker,gnss,52.39979000,-1.44253300,227.20,true,,
1790445611.586,marker,dr,52.40285910,-1.43989999,273.30,true,,
1790445611.586,marker,reconciled,0.00000000,0.00000000,0.00,false,,
1790445611.630,hud,speed,,,,,"8.6 / 11.6",8.640
1790445611.631,hud,heading,,,,,"87° / 133°",86.700
1790445611.631,hud,drift,,,,,"81.17%",81.170
1790445611.632,hud,turns,,,,,"✗ turns: 1/15",
1790445611.632,hud,calib_s,,,,,"✓ Buffer 6s",
1790445611.636,marker,gnss,52.39979000,-1.44253300,227.20,true,,
1790445611.637,marker,dr,52.40285910,-1.43989999,273.30,true,,
1790445611.638,marker,reconciled,0.00000000,0.00000000,0.00,false,,
1790445611.679,hud,speed,,,,,"8.6 / 11.6",8.640
1790445611.679,hud,heading,,,,,"87° / 133°",86.700
1790445611.680,hud,drift,,,,,"81.17%",81.170
1790445611.680,hud,turns,,,,,"✗ turns: 1/15",
1790445611.680,hud,calib_s,,,,,"✓ Buffer 6s",
1790445611.684,marker,gnss,52.39979000,-1.44253300,227.20,true,,
1790445611.685,marker,dr,52.40285910,-1.43989999,273.30,true,,
1790445611.686,marker,reconciled,0.00000000,0.00000000,0.00,false,,
1790445611.730,hud,speed,,,,,"8.6 / 11.6",8.640
1790445611.731,hud,heading,,,,,"87° / 133°",86.700
1790445611.731,hud,drift,,,,,"81.17%",81.170
1790445611.732,hud,turns,,,,,"✗ turns: 1/15",
1790445611.732,hud,calib_s,,,,,"✓ Buffer 6s",
1790445611.736,marker,gnss,52.39979000,-1.44253300,227.20,true,,
1790445611.737,marker,dr,52.40285910,-1.43989999,273.30,true,,
1790445611.737,marker,reconciled,0.00000000,0.00000000,0.00,false,,
1790445611.783,hud,speed,,,,,"8.6 / 11.6",8.640
1790445611.784,hud,heading,,,,,"87° / 133°",86.700
1790445611.784,hud,drift,,,,,"81.17%",81.170
1790445611.785,hud,turns,,,,,"✗ turns: 1/15",
1790445611.785,hud,calib_s,,,,,"✓ Buffer 6s",
1790445611.789,marker,gnss,52.39979000,-1.44253300,227.20,true,,
1790445611.790,marker,dr,52.40285910,-1.43989999,273.30,true,,
1790445611.790,marker,reconciled,0.00000000,0.00000000,0.00,false,,
1790445611.833,hud,speed,,,,,"8.6 / 11.6",8.640
1790445611.834,hud,heading,,,,,"87° / 133°",86.700
1790445611.834,hud,drift,,,,,"81.17%",81.170
1790445611.834,hud,turns,,,,,"✗ turns: 1/15",
1790445611.835,hud,calib_s,,,,,"✓ Buffer 6s",
1790445611.838,marker,gnss,52.39979000,-1.44253300,227.20,true,,
1790445611.839,marker,dr,52.40285910,-1.43989999,273.30,true,,
1790445611.840,marker,reconciled,0.00000000,0.00000000,0.00,false,,
1790445611.889,hud,speed,,,,,"8.6 / 11.6",8.640
1790445611.889,hud,heading,,,,,"87° / 133°",86.700
1790445611.889,hud,drift,,,,,"81.17%",81.170
1790445611.890,hud,turns,,,,,"✗ turns: 1/15",
1790445611.890,hud,calib_s,,,,,"✓ Buffer 6s",
1790445611.894,marker,gnss,52.39979000,-1.44253300,227.20,true,,
1790445611.895,marker,dr,52.40285910,-1.43989999,273.30,true,,
1790445611.895,marker,reconciled,0.00000000,0.00000000,0.00,false,,
1790445611.934,hud,speed,,,,,"8.6 / 11.6",8.640
1790445611.935,hud,heading,,,,,"87° / 133°",86.700
1790445611.935,hud,drift,,,,,"81.17%",81.170
1790445611.936,hud,turns,,,,,"✗ turns: 1/15",
1790445611.936,hud,calib_s,,,,,"✓ Buffer 6s",
1790445611.940,marker,gnss,52.39979000,-1.44253300,227.20,true,,
1790445611.941,marker,dr,52.40285910,-1.43989999,273.30,true,,
1790445611.941,marker,reconciled,0.00000000,0.00000000,0.00,false,,
1790445611.987,hud,speed,,,,,"8.6 / 11.6",8.640
1790445611.987,hud,heading,,,,,"87° / 133°",86.700
1790445611.987,hud,drift,,,,,"81.17%",81.170
1790445611.988,hud,turns,,,,,"✗ turns: 1/15",
1790445611.988,hud,calib_s,,,,,"✓ Buffer 6s",
1790445611.992,marker,gnss,52.39979000,-1.44253300,227.20,true,,
1790445611.993,marker,dr,52.40285910,-1.43989999,273.30,true,,
1790445611.993,marker,reconciled,0.00000000,0.00000000,0.00,false,,
1790445612.034,hud,speed,,,,,"8.6 / 11.6",8.640
1790445612.034,hud,heading,,,,,"87° / 133°",86.700
1790445612.035,hud,drift,,,,,"81.17%",81.170
1790445612.035,hud,turns,,,,,"✗ turns: 1/15",
1790445612.035,hud,calib_s,,,,,"✓ Buffer 6s",
1790445612.039,marker,gnss,52.39979000,-1.44253300,227.20,true,,
1790445612.040,marker,dr,52.40285910,-1.43989999,273.30,true,,
1790445612.040,marker,reconciled,0.00000000,0.00000000,0.00,false,,
1790445612.089,hud,speed,,,,,"8.6 / 11.6",8.640
1790445612.089,hud,heading,,,,,"87° / 133°",86.700
1790445612.089,hud,drift,,,,,"81.17%",81.170
1790445612.090,hud,turns,,,,,"✗ turns: 1/15",
1790445612.090,hud,calib_s,,,,,"✓ Buffer 6s",
1790445612.094,marker,gnss,52.39979000,-1.44253300,227.20,true,,
1790445612.095,marker,dr,52.40285910,-1.43989999,273.30,true,,
1790445612.095,marker,reconciled,0.00000000,0.00000000,0.00,false,,
1790445612.139,hud,speed,,,,,"8.6 / 11.6",8.640
1790445612.139,hud,heading,,,,,"87° / 133°",86.700
1790445612.140,hud,drift,,,,,"81.17%",81.170
1790445612.140,hud,turns,,,,,"✗ turns: 1/15",
1790445612.140,hud,calib_s,,,,,"✓ Buffer 6s",
1790445612.145,marker,gnss,52.39979000,-1.44253300,227.20,true,,
1790445612.146,marker,dr,52.40285910,-1.43989999,273.30,true,,
1790445612.147,marker,reconciled,0.00000000,0.00000000,0.00,false,,
1790445612.194,hud,speed,,,,,"8.6 / 11.6",8.640
1790445612.195,hud,heading,,,,,"87° / 133°",86.700
1790445612.195,hud,drift,,,,,"81.17%",81.170
1790445612.196,hud,turns,,,,,"✗ turns: 1/15",
1790445612.196,hud,calib_s,,,,,"✓ Buffer 6s",
1790445612.200,marker,gnss,52.39979000,-1.44253300,227.20,true,,
1790445612.201,marker,dr,52.40285910,-1.43989999,273.30,true,,
1790445612.201,marker,reconciled,0.00000000,0.00000000,0.00,false,,
1790445612.238,hud,speed,,,,,"8.6 / 11.6",8.640
1790445612.239,hud,heading,,,,,"87° / 133°",86.700
1790445612.239,hud,drift,,,,,"81.17%",81.170
1790445612.239,hud,turns,,,,,"✗ turns: 1/15",
1790445612.240,hud,calib_s,,,,,"✓ Buffer 6s",
1790445612.244,marker,gnss,52.39979000,-1.44253300,227.20,true,,
1790445612.245,marker,dr,52.40285910,-1.43989999,273.30,true,,
1790445612.246,marker,reconciled,0.00000000,0.00000000,0.00,false,,
1790445612.293,hud,speed,,,,,"8.6 / 11.6",8.640
1790445612.293,hud,heading,,,,,"87° / 133°",86.700
1790445612.294,hud,drift,,,,,"81.17%",81.170
1790445612.294,hud,turns,,,,,"✗ turns: 1/15",
1790445612.294,hud,calib_s,,,,,"✓ Buffer 6s",
1790445612.298,marker,gnss,52.39979000,-1.44253300,227.20,true,,
1790445612.299,marker,dr,52.40285910,-1.43989999,273.30,true,,
1790445612.299,marker,reconciled,0.00000000,0.00000000,0.00,false,,
1790445612.342,hud,speed,,,,,"8.6 / 11.6",8.640
1790445612.342,hud,heading,,,,,"87° / 133°",86.700
1790445612.343,hud,drift,,,,,"81.17%",81.170
1790445612.343,hud,turns,,,,,"✗ turns: 1/15",
1790445612.343,hud,calib_s,,,,,"✓ Buffer 6s",
1790445612.347,marker,gnss,52.39979000,-1.44253300,227.20,true,,
1790445612.348,marker,dr,52.40285910,-1.43989999,273.30,true,,
1790445612.348,marker,reconciled,0.00000000,0.00000000,0.00,false,,
1790445612.395,hud,speed,,,,,"8.6 / 11.6",8.640
1790445612.396,hud,heading,,,,,"87° / 133°",86.700
1790445612.396,hud,drift,,,,,"81.17%",81.170
1790445612.396,hud,turns,,,,,"✗ turns: 1/15",
1790445612.396,hud,calib_s,,,,,"✓ Buffer 6s",
1790445612.400,marker,gnss,52.39979000,-1.44253300,227.20,true,,
1790445612.401,marker,dr,52.40285910,-1.43989999,273.30,true,,
1790445612.401,marker,reconciled,0.00000000,0.00000000,0.00,false,,
1790445612.446,hud,speed,,,,,"8.6 / 11.6",8.640
1790445612.446,hud,heading,,,,,"87° / 133°",86.700
1790445612.447,hud,drift,,,,,"81.17%",81.170
1790445612.447,hud,turns,,,,,"✗ turns: 1/15",
1790445612.447,hud,calib_s,,,,,"✓ Buffer 6s",
1790445612.450,marker,gnss,52.39979000,-1.44253300,227.20,true,,
1790445612.450,marker,dr,52.40285910,-1.43989999,273.30,true,,
1790445612.451,marker,reconciled,0.00000000,0.00000000,0.00,false,,
1790445612.491,hud,speed,,,,,"8.6 / 11.6",8.640
1790445612.492,hud,heading,,,,,"87° / 133°",86.700
1790445612.492,hud,drift,,,,,"81.17%",81.170
1790445612.492,hud,turns,,,,,"✗ turns: 1/15",
1790445612.492,hud,calib_s,,,,,"✓ Buffer 6s",
1790445612.496,marker,gnss,52.39979000,-1.44253300,227.20,true,,
1790445612.496,marker,dr,52.40285910,-1.43989999,273.30,true,,
1790445612.497,marker,reconciled,0.00000000,0.00000000,0.00,false,,
1790445612.543,hud,speed,,,,,"8.6 / 11.6",8.640
1790445612.543,hud,heading,,,,,"87° / 133°",86.700
1790445612.543,hud,drift,,,,,"81.17%",81.170
1790445612.544,hud,turns,,,,,"✗ turns: 1/15",
1790445612.544,hud,calib_s,,,,,"✓ Buffer 6s",
1790445612.547,marker,gnss,52.39979000,-1.44253300,227.20,true,,
1790445612.548,marker,dr,52.40285910,-1.43989999,273.30,true,,
1790445612.548,marker,reconciled,0.00000000,0.00000000,0.00,false,,
1790445612.600,hud,speed,,,,,"8.6 / 11.6",8.640
1790445612.600,hud,heading,,,,,"87° / 133°",86.700
1790445612.601,hud,drift,,,,,"81.17%",81.170
1790445612.601,hud,turns,,,,,"✗ turns: 1/15",
1790445612.601,hud,calib_s,,,,,"✓ Buffer 6s",
1790445612.605,marker,gnss,52.39979000,-1.44253300,227.20,true,,
1790445612.606,marker,dr,52.40285910,-1.43989999,273.30,true,,
1790445612.607,marker,reconciled,0.00000000,0.00000000,0.00,false,,
1790445612.652,hud,speed,,,,,"8.6 / 11.6",8.640
1790445612.652,hud,heading,,,,,"87° / 133°",86.700
1790445612.653,hud,drift,,,,,"81.17%",81.170
1790445612.653,hud,turns,,,,,"✗ turns: 1/15",
1790445612.653,hud,calib_s,,,,,"✓ Buffer 6s",
1790445612.658,marker,gnss,52.39979000,-1.44253300,227.20,true,,
1790445612.659,marker,dr,52.40285910,-1.43989999,273.30,true,,
1790445612.659,marker,reconciled,0.00000000,0.00000000,0.00,false,,
1790445612.697,hud,speed,,,,,"8.6 / 11.6",8.640
1790445612.698,hud,heading,,,,,"87° / 133°",86.700
1790445612.698,hud,drift,,,,,"81.17%",81.170
1790445612.698,hud,turns,,,,,"✗ turns: 1/15",
1790445612.699,hud,calib_s,,,,,"✓ Buffer 6s",
1790445612.704,marker,gnss,52.39979000,-1.44253300,227.20,true,,
1790445612.705,marker,dr,52.40285910,-1.43989999,273.30,true,,
1790445612.705,marker,reconciled,0.00000000,0.00000000,0.00,false,,
1790445612.752,hud,speed,,,,,"8.6 / 11.6",8.640
1790445612.753,hud,heading,,,,,"87° / 133°",86.700
1790445612.753,hud,drift,,,,,"81.17%",81.170
1790445612.753,hud,turns,,,,,"✗ turns: 1/15",
1790445612.754,hud,calib_s,,,,,"✓ Buffer 6s",
1790445612.758,marker,gnss,52.39979000,-1.44253300,227.20,true,,
1790445612.759,marker,dr,52.40285910,-1.43989999,273.30,true,,
1790445612.759,marker,reconciled,0.00000000,0.00000000,0.00,false,,
1790445612.801,hud,speed,,,,,"8.6 / 11.6",8.640
1790445612.801,hud,heading,,,,,"87° / 133°",86.700
1790445612.801,hud,drift,,,,,"81.17%",81.170
1790445612.801,hud,turns,,,,,"✗ turns: 1/15",
1790445612.802,hud,calib_s,,,,,"✓ Buffer 6s",
1790445612.806,marker,gnss,52.39979000,-1.44253300,227.20,true,,
1790445612.807,marker,dr,52.40285910,-1.43989999,273.30,true,,
1790445612.807,marker,reconciled,0.00000000,0.00000000,0.00,false,,
1790445612.856,hud,speed,,,,,"8.6 / 11.6",8.640
1790445612.857,hud,heading,,,,,"87° / 133°",86.700
1790445612.857,hud,drift,,,,,"81.17%",81.170
1790445612.858,hud,turns,,,,,"✗ turns: 1/15",
1790445612.858,hud,calib_s,,,,,"✓ Buffer 6s",
1790445612.863,marker,gnss,52.39979000,-1.44253300,227.20,true,,
1790445612.863,marker,dr,52.40285910,-1.43989999,273.30,true,,
1790445612.864,marker,reconciled,0.00000000,0.00000000,0.00,false,,
1790445612.907,hud,speed,,,,,"8.6 / 11.6",8.640
1790445612.908,hud,heading,,,,,"87° / 133°",86.700
1790445612.908,hud,drift,,,,,"81.17%",81.170
1790445612.909,hud,turns,,,,,"✗ turns: 1/15",
1790445612.909,hud,calib_s,,,,,"✓ Buffer 6s",
1790445612.913,marker,gnss,52.39979000,-1.44253300,227.20,true,,
1790445612.914,marker,dr,52.40285910,-1.43989999,273.30,true,,
1790445612.915,marker,reconciled,0.00000000,0.00000000,0.00,false,,
1790445612.953,hud,speed,,,,,"8.6 / 11.6",8.640
1790445612.954,hud,heading,,,,,"87° / 133°",86.700
1790445612.954,hud,drift,,,,,"81.17%",81.170
1790445612.954,hud,turns,,,,,"✗ turns: 1/15",
1790445612.955,hud,calib_s,,,,,"✓ Buffer 6s",
1790445612.959,marker,gnss,52.39979000,-1.44253300,227.20,true,,
1790445612.960,marker,dr,52.40285910,-1.43989999,273.30,true,,
1790445612.961,marker,reconciled,0.00000000,0.00000000,0.00,false,,
1790445613.008,hud,speed,,,,,"8.6 / 11.6",8.640
1790445613.009,hud,heading,,,,,"87° / 133°",86.700
1790445613.009,hud,drift,,,,,"81.17%",81.170
1790445613.010,hud,turns,,,,,"✗ turns: 1/15",
1790445613.010,hud,calib_s,,,,,"✓ Buffer 6s",
1790445613.014,marker,gnss,52.39979000,-1.44253300,227.20,true,,
1790445613.015,marker,dr,52.40285910,-1.43989999,273.30,true,,
1790445613.015,marker,reconciled,0.00000000,0.00000000,0.00,false,,
1790445613.059,hud,speed,,,,,"8.6 / 11.6",8.640
1790445613.060,hud,heading,,,,,"87° / 133°",86.700
1790445613.060,hud,drift,,,,,"81.17%",81.170
1790445613.061,hud,turns,,,,,"✗ turns: 1/15",
1790445613.061,hud,calib_s,,,,,"✓ Buffer 6s",
1790445613.065,marker,gnss,52.39979000,-1.44253300,227.20,true,,
1790445613.066,marker,dr,52.40285910,-1.43989999,273.30,true,,
1790445613.066,marker,reconciled,0.00000000,0.00000000,0.00,false,,
1790445613.111,hud,speed,,,,,"8.6 / 11.6",8.640
1790445613.112,hud,heading,,,,,"87° / 133°",86.700
1790445613.112,hud,drift,,,,,"81.17%",81.170
1790445613.112,hud,turns,,,,,"✗ turns: 1/15",
1790445613.113,hud,calib_s,,,,,"✓ Buffer 6s",
1790445613.117,marker,gnss,52.39979000,-1.44253300,227.20,true,,
1790445613.117,marker,dr,52.40285910,-1.43989999,273.30,true,,
1790445613.118,marker,reconciled,0.00000000,0.00000000,0.00,false,,
1790445613.167,hud,speed,,,,,"8.6 / 11.6",8.640
1790445613.168,hud,heading,,,,,"87° / 133°",86.700
1790445613.168,hud,drift,,,,,"81.17%",81.170
1790445613.168,hud,turns,,,,,"✗ turns: 1/15",
1790445613.169,hud,calib_s,,,,,"✓ Buffer 6s",
1790445613.172,marker,gnss,52.39979000,-1.44253300,227.20,true,,
1790445613.172,marker,dr,52.40285910,-1.43989999,273.30,true,,
1790445613.173,marker,reconciled,0.00000000,0.00000000,0.00,false,,
1790445613.211,hud,speed,,,,,"8.6 / 11.6",8.640
1790445613.211,hud,heading,,,,,"87° / 133°",86.700
1790445613.212,hud,drift,,,,,"81.17%",81.170
1790445613.212,hud,turns,,,,,"✗ turns: 1/15",
1790445613.212,hud,calib_s,,,,,"✓ Buffer 6s",
1790445613.216,marker,gnss,52.39979000,-1.44253300,227.20,true,,
1790445613.217,marker,dr,52.40285910,-1.43989999,273.30,true,,
1790445613.217,marker,reconciled,0.00000000,0.00000000,0.00,false,,
1790445613.262,hud,speed,,,,,"8.6 / 11.6",8.640
1790445613.263,hud,heading,,,,,"87° / 133°",86.700
1790445613.263,hud,drift,,,,,"81.17%",81.170
1790445613.263,hud,turns,,,,,"✗ turns: 1/15",
1790445613.264,hud,calib_s,,,,,"✓ Buffer 6s",
1790445613.268,marker,gnss,52.39979000,-1.44253300,227.20,true,,
1790445613.268,marker,dr,52.40285910,-1.43989999,273.30,true,,
1790445613.269,marker,reconciled,0.00000000,0.00000000,0.00,false,,
1790445613.317,hud,speed,,,,,"8.6 / 11.6",8.640
1790445613.317,hud,heading,,,,,"87° / 133°",86.700
1790445613.318,hud,drift,,,,,"81.17%",81.170
1790445613.318,hud,turns,,,,,"✗ turns: 1/15",
1790445613.318,hud,calib_s,,,,,"✓ Buffer 6s",
1790445613.322,marker,gnss,52.39979000,-1.44253300,227.20,true,,
1790445613.322,marker,dr,52.40285910,-1.43989999,273.30,true,,
1790445613.323,marker,reconciled,0.00000000,0.00000000,0.00,false,,
1790445613.364,hud,speed,,,,,"8.6 / 11.6",8.640
1790445613.365,hud,heading,,,,,"87° / 133°",86.700
1790445613.365,hud,drift,,,,,"81.17%",81.170
1790445613.365,hud,turns,,,,,"✗ turns: 1/15",
1790445613.365,hud,calib_s,,,,,"✓ Buffer 6s",
1790445613.369,marker,gnss,52.39979000,-1.44253300,227.20,true,,
1790445613.370,marker,dr,52.40285910,-1.43989999,273.30,true,,
1790445613.370,marker,reconciled,0.00000000,0.00000000,0.00,false,,
1790445613.420,hud,speed,,,,,"8.6 / 11.6",8.640
1790445613.420,hud,heading,,,,,"87° / 133°",86.700
1790445613.420,hud,drift,,,,,"81.17%",81.170
1790445613.421,hud,turns,,,,,"✗ turns: 1/15",
1790445613.421,hud,calib_s,,,,,"✓ Buffer 6s",
1790445613.424,marker,gnss,52.39979000,-1.44253300,227.20,true,,
1790445613.425,marker,dr,52.40285910,-1.43989999,273.30,true,,
1790445613.425,marker,reconciled,0.00000000,0.00000000,0.00,false,,
1790445613.465,hud,speed,,,,,"8.6 / 11.6",8.640
1790445613.465,hud,heading,,,,,"87° / 133°",86.700
1790445613.465,hud,drift,,,,,"81.17%",81.170
1790445613.466,hud,turns,,,,,"✗ turns: 1/15",
1790445613.466,hud,calib_s,,,,,"✓ Buffer 6s",
1790445613.471,marker,gnss,52.39979000,-1.44253300,227.20,true,,
1790445613.472,marker,dr,52.40285910,-1.43989999,273.30,true,,
1790445613.472,marker,reconciled,0.00000000,0.00000000,0.00,false,,
1790445613.521,hud,speed,,,,,"8.6 / 11.6",8.640
1790445613.522,hud,heading,,,,,"87° / 133°",86.700
1790445613.523,hud,drift,,,,,"81.17%",81.170
1790445613.523,hud,turns,,,,,"✗ turns: 1/15",
1790445613.523,hud,calib_s,,,,,"✓ Buffer 6s",
1790445613.527,marker,gnss,52.39979000,-1.44253300,227.20,true,,
1790445613.528,marker,dr,52.40285910,-1.43989999,273.30,true,,
1790445613.528,marker,reconciled,0.00000000,0.00000000,0.00,false,,
1790445613.563,hud,speed,,,,,"8.6 / 11.6",8.640
1790445613.563,hud,heading,,,,,"87° / 133°",86.700
1790445613.564,hud,drift,,,,,"81.17%",81.170
1790445613.564,hud,turns,,,,,"✗ turns: 1/15",
1790445613.564,hud,calib_s,,,,,"✓ Buffer 6s",
1790445613.568,marker,gnss,52.39979000,-1.44253300,227.20,true,,
1790445613.569,marker,dr,52.40285910,-1.43989999,273.30,true,,
1790445613.569,marker,reconciled,0.00000000,0.00000000,0.00,false,,
1790445613.623,hud,speed,,,,,"8.6 / 11.6",8.640
1790445613.624,hud,heading,,,,,"87° / 133°",86.700
1790445613.624,hud,drift,,,,,"81.17%",81.170
1790445613.624,hud,turns,,,,,"✗ turns: 1/15",
1790445613.625,hud,calib_s,,,,,"✓ Buffer 6s",
1790445613.628,marker,gnss,52.39979000,-1.44253300,227.20,true,,
1790445613.629,marker,dr,52.40285910,-1.43989999,273.30,true,,
1790445613.630,marker,reconciled,0.00000000,0.00000000,0.00,false,,
1790445613.670,hud,speed,,,,,"8.6 / 11.6",8.640
1790445613.671,hud,heading,,,,,"87° / 133°",86.700
1790445613.671,hud,drift,,,,,"81.17%",81.170
1790445613.672,hud,turns,,,,,"✗ turns: 1/15",
1790445613.672,hud,calib_s,,,,,"✓ Buffer 6s",
1790445613.676,marker,gnss,52.39979000,-1.44253300,227.20,true,,
1790445613.677,marker,dr,52.40285910,-1.43989999,273.30,true,,
1790445613.677,marker,reconciled,0.00000000,0.00000000,0.00,false,,
