t,category,name,lat,lon,rotation_deg,visible,text_val,num_val
1790445809.330,hud,speed,,,,,"0.0 / 0.0",0.000
1790445809.331,hud,heading,,,,,"0° / 0°",0.000
1790445809.331,hud,drift,,,,,"0.00%",0.000
1790445809.331,hud,turns,,,,,"✗ turns: 0/15",
1790445809.332,hud,calib_s,,,,,"✗ Buffer (need 6s)",
1790445809.332,marker,reconciled,0.00000000,0.00000000,0.00,false,,
1790445812.815,hud,speed,,,,,"0.0 / 0.0",0.000
1790445812.816,hud,heading,,,,,"0° / 0°",0.000
1790445812.816,hud,drift,,,,,"0.00%",0.000
1790445812.816,hud,turns,,,,,"✗ turns: 0/15",
1790445812.817,hud,calib_s,,,,,"✗ Buffer (need 6s)",
1790445812.817,marker,reconciled,0.00000000,0.00000000,0.00,false,,
1790445812.871,hud,speed,,,,,"0.0 / 0.0",0.000
1790445812.871,hud,heading,,,,,"0° / 0°",0.000
1790445812.871,hud,drift,,,,,"0.00%",0.000
1790445812.872,hud,turns,,,,,"✗ turns: 0/15",
1790445812.872,hud,calib_s,,,,,"✗ Buffer (need 6s)",
1790445812.872,marker,reconciled,0.00000000,0.00000000,0.00,false,,
1790445812.920,hud,speed,,,,,"0.0 / 0.0",0.000
1790445812.920,hud,heading,,,,,"0° / 0°",0.000
1790445812.920,hud,drift,,,,,"0.00%",0.000
1790445812.921,hud,turns,,,,,"✗ turns: 0/15",
1790445812.921,hud,calib_s,,,,,"✗ Buffer (need 6s)",
1790445812.921,marker,reconciled,0.00000000,0.00000000,0.00,false,,
1790445812.973,hud,speed,,,,,"0.0 / 0.0",0.000
1790445812.974,hud,heading,,,,,"0° / 0°",0.000
1790445812.974,hud,drift,,,,,"0.00%",0.000
1790445812.975,hud,turns,,,,,"✗ turns: 0/15",
1790445812.975,hud,calib_s,,,,,"✗ Buffer (need 6s)",
1790445812.975,marker,reconciled,0.00000000,0.00000000,0.00,false,,
1790445813.021,hud,speed,,,,,"0.0 / 0.0",0.000
1790445813.021,hud,heading,,,,,"0° / 0°",0.000
1790445813.022,hud,drift,,,,,"0.00%",0.000
1790445813.022,hud,turns,,,,,"✗ turns: 0/15",
1790445813.023,hud,calib_s,,,,,"✗ Buffer (need 6s)",
1790445813.023,marker,reconciled,0.00000000,0.00000000,0.00,false,,
1790445813.074,hud,speed,,,,,"0.0 / 0.0",0.000
1790445813.074,hud,heading,,,,,"0° / 0°",0.000
1790445813.075,hud,drift,,,,,"0.00%",0.000
1790445813.075,hud,turns,,,,,"✗ turns: 0/15",
1790445813.075,hud,calib_s,,,,,"✗ Buffer (need 6s)",
1790445813.075,marker,reconciled,0.00000000,0.00000000,0.00,false,,
1790445813.124,hud,speed,,,,,"0.0 / 0.0",0.000
1790445813.124,hud,heading,,,,,"0° / 0°",0.000
1790445813.125,hud,drift,,,,,"0.00%",0.000
1790445813.125,hud,turns,,,,,"✗ turns: 0/15",
1790445813.125,hud,calib_s,,,,,"✗ Buffer (need 6s)",
1790445813.125,marker,reconciled,0.00000000,0.00000000,0.00,false,,
1790445813.177,hud,speed,,,,,"0.0 / 0.0",0.000
1790445813.177,hud,heading,,,,,"0° / 0°",0.000
1790445813.178,hud,drift,,,,,"0.00%",0.000
1790445813.178,hud,turns,,,,,"✗ turns: 0/15",
1790445813.178,hud,calib_s,,,,,"✗ Buffer (need 6s)",
1790445813.178,marker,reconciled,0.00000000,0.00000000,0.00,false,,
1790445813.230,hud,speed,,,,,"0.0 / 0.0",0.000
1790445813.231,hud,heading,,,,,"0° / 0°",0.000
1790445813.231,hud,drift,,,,,"0.00%",0.000
1790445813.231,hud,turns,,,,,"✗ turns: 0/15",
1790445813.232,hud,calib_s,,,,,"✗ Buffer (need 6s)",
1790445813.232,marker,reconciled,0.00000000,0.00000000,0.00,false,,
1790445813.281,hud,speed,,,,,"0.0 / 0.0",0.000
1790445813.282,hud,heading,,,,,"0° / 0°",0.000
1790445813.282,hud,drift,,,,,"0.00%",0.000
1790445813.283,hud,turns,,,,,"✗ turns: 0/15",
1790445813.283,hud,calib_s,,,,,"✗ Buffer (need 6s)",
1790445813.283,marker,reconciled,0.00000000,0.00000000,0.00,false,,
1790445813.333,hud,speed,,,,,"0.0 / 0.0",0.000
1790445813.333,hud,heading,,,,,"0° / 0°",0.000
1790445813.334,hud,drift,,,,,"0.00%",0.000
1790445813.334,hud,turns,,,,,"✗ turns: 0/15",
1790445813.334,hud,calib_s,,,,,"✗ Buffer (need 6s)",
1790445813.335,marker,reconciled,0.00000000,0.00000000,0.00,false,,
1790445813.380,hud,speed,,,,,"0.0 / 0.0",0.000
1790445813.380,hud,heading,,,,,"0° / 0°",0.000
1790445813.381,hud,drift,,,,,"0.00%",0.000
1790445813.381,hud,turns,,,,,"✗ turns: 0/15",
1790445813.382,hud,calib_s,,,,,"✗ Buffer (need 6s)",
1790445813.383,marker,reconciled,0.00000000,0.00000000,0.00,false,,
1790445813.431,hud,speed,,,,,"0.0 / 0.0",0.000
1790445813.431,hud,heading,,,,,"0° / 0°",0.000
1790445813.432,hud,drift,,,,,"0.00%",0.000
1790445813.432,hud,turns,,,,,"✗ turns: 0/15",
1790445813.432,hud,calib_s,,,,,"✗ Buffer (need 6s)",
1790445813.433,marker,reconciled,0.00000000,0.00000000,0.00,false,,
1790445813.484,hud,speed,,,,,"0.0 / 0.0",0.000
1790445813.484,hud,heading,,,,,"0° / 0°",0.000
1790445813.484,hud,drift,,,,,"0.00%",0.000
1790445813.485,hud,turns,,,,,"✗ turns: 0/15",
1790445813.485,hud,calib_s,,,,,"✗ Buffer (need 6s)",
1790445813.485,marker,reconciled,0.00000000,0.00000000,0.00,false,,
1790445813.536,hud,speed,,,,,"0.0 / 0.0",0.000
1790445813.536,hud,heading,,,,,"0° / 0°",0.000
1790445813.536,hud,drift,,,,,"0.00%",0.000
1790445813.537,hud,turns,,,,,"✗ turns: 0/15",
1790445813.537,hud,calib_s,,,,,"✗ Buffer (need 6s)",
1790445813.537,marker,reconciled,0.00000000,0.00000000,0.00,false,,
1790445813.584,hud,speed,,,,,"0.0 / 0.0",0.000
1790445813.585,hud,heading,,,,,"0° / 0°",0.000
1790445813.585,hud,drift,,,,,"0.00%",0.000
1790445813.586,hud,turns,,,,,"✗ turns: 0/15",
1790445813.586,hud,calib_s,,,,,"✗ Buffer (need 6s)",
1790445813.586,marker,reconciled,0.00000000,0.00000000,0.00,false,,
1790445813.635,hud,speed,,,,,"0.0 / 0.0",0.000
1790445813.635,hud,heading,,,,,"0° / 0°",0.000
1790445813.636,hud,drift,,,,,"0.00%",0.000
1790445813.636,hud,turns,,,,,"✗ turns: 0/15",
1790445813.636,hud,calib_s,,,,,"✗ Buffer (need 6s)",
1790445813.637,marker,reconciled,0.00000000,0.00000000,0.00,false,,
1790445813.686,hud,speed,,,,,"0.0 / 0.0",0.000
1790445813.686,hud,heading,,,,,"0° / 0°",0.000
1790445813.687,hud,drift,,,,,"0.00%",0.000
1790445813.687,hud,turns,,,,,"✗ turns: 0/15",
1790445813.687,hud,calib_s,,,,,"✗ Buffer (need 6s)",
1790445813.688,marker,reconciled,0.00000000,0.00000000,0.00,false,,
1790445813.740,hud,speed,,,,,"0.0 / 0.0",0.000
1790445813.741,hud,heading,,,,,"0° / 0°",0.000
1790445813.741,hud,drift,,,,,"0.00%",0.000
1790445813.741,hud,turns,,,,,"✗ turns: 0/15",
1790445813.742,hud,calib_s,,,,,"✗ Buffer (need 6s)",
1790445813.742,marker,reconciled,0.00000000,0.00000000,0.00,false,,
1790445813.792,hud,speed,,,,,"0.0 / 0.0",0.000
1790445813.792,hud,heading,,,,,"0° / 0°",0.000
1790445813.793,hud,drift,,,,,"0.00%",0.000
1790445813.793,hud,turns,,,,,"✗ turns: 0/15",
1790445813.793,hud,calib_s,,,,,"✗ Buffer (need 6s)",
1790445813.794,marker,reconciled,0.00000000,0.00000000,0.00,false,,
1790445813.842,hud,speed,,,,,"0.0 / 0.0",0.000
1790445813.842,hud,heading,,,,,"0° / 0°",0.000
1790445813.842,hud,drift,,,,,"0.00%",0.000
1790445813.843,hud,turns,,,,,"✗ turns: 0/15",
1790445813.843,hud,calib_s,,,,,"✗ Buffer (need 6s)",
1790445813.843,marker,reconciled,0.00000000,0.00000000,0.00,false,,
1790445813.893,hud,speed,,,,,"0.0 / 0.0",0.000
1790445813.893,hud,heading,,,,,"0° / 0°",0.000
1790445813.893,hud,drift,,,,,"0.00%",0.000
1790445813.894,hud,turns,,,,,"✗ turns: 0/15",
1790445813.894,hud,calib_s,,,,,"✗ Buffer (need 6s)",
1790445813.894,marker,reconciled,0.00000000,0.00000000,0.00,false,,
1790445813.944,hud,speed,,,,,"0.0 / 0.0",0.000
1790445813.945,hud,heading,,,,,"0° / 0°",0.000
1790445813.945,hud,drift,,,,,"0.00%",0.000
1790445813.945,hud,turns,,,,,"✗ turns: 0/15",
1790445813.945,hud,calib_s,,,,,"✗ Buffer (need 6s)",
1790445813.945,marker,reconciled,0.00000000,0.00000000,0.00,false,,
1790445813.992,hud,speed,,,,,"0.0 / 0.0",0.000
1790445813.992,hud,heading,,,,,"0° / 0°",0.000
1790445813.993,hud,drift,,,,,"0.00%",0.000
1790445813.993,hud,turns,,,,,"✗ turns: 0/15",
1790445813.993,hud,calib_s,,,,,"✗ Buffer (need 6s)",
1790445813.994,marker,reconciled,0.00000000,0.00000000,0.00,false,,
1790445814.043,hud,speed,,,,,"0.0 / 0.0",0.000
1790445814.044,hud,heading,,,,,"0° / 0°",0.000
1790445814.044,hud,drift,,,,,"0.00%",0.000
1790445814.044,hud,turns,,,,,"✗ turns: 0/15",
1790445814.044,hud,calib_s,,,,,"✗ Buffer (need 6s)",
1790445814.045,marker,reconciled,0.00000000,0.00000000,0.00,false,,
1790445814.098,hud,speed,,,,,"0.0 / 0.0",0.000
1790445814.098,hud,heading,,,,,"0° / 0°",0.000
1790445814.098,hud,drift,,,,,"0.00%",0.000
1790445814.099,hud,turns,,,,,"✗ turns: 0/15",
1790445814.099,hud,calib_s,,,,,"✗ Buffer (need 6s)",
1790445814.099,marker,reconciled,0.00000000,0.00000000,0.00,false,,
1790445814.145,hud,speed,,,,,"0.0 / 0.0",0.000
1790445814.146,hud,heading,,,,,"0° / 0°",0.000
1790445814.146,hud,drift,,,,,"0.00%",0.000
1790445814.147,hud,turns,,,,,"✗ turns: 0/15",
1790445814.147,hud,calib_s,,,,,"✗ Buffer (need 6s)",
1790445814.147,marker,reconciled,0.00000000,0.00000000,0.00,false,,
1790445814.195,hud,speed,,,,,"0.0 / 0.0",0.000
1790445814.196,hud,heading,,,,,"0° / 0°",0.000
1790445814.196,hud,drift,,,,,"0.00%",0.000
1790445814.197,hud,turns,,,,,"✗ turns: 0/15",
1790445814.197,hud,calib_s,,,,,"✗ Buffer (need 6s)",
1790445814.197,marker,reconciled,0.00000000,0.00000000,0.00,false,,
1790445814.248,hud,speed,,,,,"0.0 / 0.0",0.000
1790445814.249,hud,heading,,,,,"0° / 0°",0.000
1790445814.249,hud,drift,,,,,"0.00%",0.000
1790445814.249,hud,turns,,,,,"✗ turns: 0/15",
1790445814.250,hud,calib_s,,,,,"✗ Buffer (need 6s)",
1790445814.250,marker,reconciled,0.00000000,0.00000000,0.00,false,,
1790445814.303,hud,speed,,,,,"0.0 / 0.0",0.000
1790445814.303,hud,heading,,,,,"0° / 0°",0.000
1790445814.304,hud,drift,,,,,"0.00%",0.000
1790445814.304,hud,turns,,,,,"✗ turns: 0/15",
1790445814.304,hud,calib_s,,,,,"✗ Buffer (need 6s)",
1790445814.304,marker,reconciled,0.00000000,0.00000000,0.00,false,,
1790445814.358,hud,speed,,,,,"0.0 / 0.0",0.000
1790445814.358,hud,heading,,,,,"0° / 0°",0.000
1790445814.359,hud,drift,,,,,"0.00%",0.000
1790445814.359,hud,turns,,,,,"✗ turns: 0/15",
1790445814.359,hud,calib_s,,,,,"✗ Buffer (need 6s)",
1790445814.361,marker,gnss,52.37286400,-1.24189100,113.90,true,,
1790445814.362,marker,reconciled,0.00000000,0.00000000,0.00,false,,
1790445814.411,hud,speed,,,,,"0.0 / 0.0",0.000
1790445814.411,hud,heading,,,,,"0° / 0°",0.000
1790445814.412,hud,drift,,,,,"0.00%",0.000
1790445814.412,hud,turns,,,,,"✗ turns: 0/15",
1790445814.412,hud,calib_s,,,,,"✗ Buffer (need 6s)",
1790445814.413,marker,gnss,52.37286400,-1.24189100,113.90,true,,
1790445814.413,marker,reconciled,0.00000000,0.00000000,0.00,false,,
1790445814.458,hud,speed,,,,,"0.0 / 0.0",0.000
1790445814.458,hud,heading,,,,,"0° / 0°",0.000
1790445814.459,hud,drift,,,,,"0.00%",0.000
1790445814.459,hud,turns,,,,,"✗ turns: 0/15",
1790445814.459,hud,calib_s,,,,,"✗ Buffer (need 6s)",
1790445814.459,marker,gnss,52.37286400,-1.24189100,113.90,true,,
1790445814.460,marker,reconciled,0.00000000,0.00000000,0.00,false,,
1790445814.511,hud,speed,,,,,"0.0 / 0.0",0.000
1790445814.511,hud,heading,,,,,"0° / 0°",0.000
1790445814.512,hud,drift,,,,,"0.00%",0.000
1790445814.512,hud,turns,,,,,"✗ turns: 0/15",
1790445814.512,hud,calib_s,,,,,"✗ Buffer (need 6s)",
1790445814.512,marker,gnss,52.37286400,-1.24189100,113.90,true,,
1790445814.513,marker,reconciled,0.00000000,0.00000000,0.00,false,,
1790445814.560,hud,speed,,,,,"0.0 / 0.0",0.000
1790445814.561,hud,heading,,,,,"0° / 0°",0.000
1790445814.561,hud,drift,,,,,"0.00%",0.000
1790445814.561,hud,turns,,,,,"✗ turns: 0/15",
1790445814.562,hud,calib_s,,,,,"✗ Buffer (need 6s)",
1790445814.562,marker,gnss,52.37286400,-1.24189100,113.90,true,,
1790445814.563,marker,reconciled,0.00000000,0.00000000,0.00,false,,
1790445814.609,hud,speed,,,,,"0.0 / 0.0",0.000
1790445814.610,hud,heading,,,,,"0° / 0°",0.000
1790445814.610,hud,drift,,,,,"0.00%",0.000
1790445814.610,hud,turns,,,,,"✗ turns: 0/15",
1790445814.610,hud,calib_s,,,,,"✗ Buffer (need 6s)",
1790445814.611,marker,gnss,52.37286400,-1.24189100,113.90,true,,
1790445814.611,marker,reconciled,0.00000000,0.00000000,0.00,false,,
1790445814.666,hud,speed,,,,,"0.0 / 0.0",0.000
1790445814.667,hud,heading,,,,,"0° / 0°",0.000
1790445814.667,hud,drift,,,,,"0.00%",0.000
1790445814.667,hud,turns,,,,,"✗ turns: 0/15",
1790445814.667,hud,calib_s,,,,,"✗ Buffer (need 6s)",
1790445814.668,marker,gnss,52.37286400,-1.24189100,113.90,true,,
1790445814.668,marker,reconciled,0.00000000,0.00000000,0.00,false,,
1790445814.711,hud,speed,,,,,"0.0 / 0.0",0.000
1790445814.711,hud,heading,,,,,"0° / 0°",0.000
1790445814.711,hud,drift,,,,,"0.00%",0.000
1790445814.712,hud,turns,,,,,"✗ turns: 0/15",
1790445814.712,hud,calib_s,,,,,"✗ Buffer (need 6s)",
1790445814.712,marker,gnss,52.37286400,-1.24189100,113.90,true,,
1790445814.712,marker,reconciled,0.00000000,0.00000000,0.00,false,,
1790445814.766,hud,speed,,,,,"0.0 / 0.0",0.000
1790445814.766,hud,heading,,,,,"0° / 0°",0.000
1790445814.766,hud,drift,,,,,"0.00%",0.000
1790445814.766,hud,turns,,,,,"✗ turns: 0/15",
1790445814.767,hud,calib_s,,,,,"✗ Buffer (need 6s)",
1790445814.767,marker,gnss,52.37286400,-1.24189100,113.90,true,,
1790445814.767,marker,reconciled,0.00000000,0.00000000,0.00,false,,
1790445814.812,hud,speed,,,,,"0.0 / 0.0",0.000
1790445814.813,hud,heading,,,,,"0° / 0°",0.000
1790445814.813,hud,drift,,,,,"0.00%",0.000
1790445814.814,hud,turns,,,,,"✗ turns: 0/15",
1790445814.814,hud,calib_s,,,,,"✗ Buffer (need 6s)",
1790445814.815,marker,gnss,52.37286400,-1.24189100,113.90,true,,
1790445814.815,marker,reconciled,0.00000000,0.00000000,0.00,false,,
1790445814.868,hud,speed,,,,,"0.0 / 0.0",0.000
1790445814.869,hud,heading,,,,,"0° / 0°",0.000
1790445814.869,hud,drift,,,,,"0.00%",0.000
1790445814.870,hud,turns,,,,,"✗ turns: 0/15",
1790445814.870,hud,calib_s,,,,,"✗ Buffer (need 6s)",
1790445814.871,marker,gnss,52.37286400,-1.24189100,113.90,true,,
1790445814.872,marker,reconciled,0.00000000,0.00000000,0.00,false,,
1790445814.913,hud,speed,,,,,"0.0 / 0.0",0.000
1790445814.914,hud,heading,,,,,"0° / 0°",0.000
1790445814.914,hud,drift,,,,,"0.00%",0.000
1790445814.915,hud,turns,,,,,"✗ turns: 0/15",
1790445814.915,hud,calib_s,,,,,"✗ Buffer (need 6s)",
1790445814.915,marker,gnss,52.37286400,-1.24189100,113.90,true,,
1790445814.916,marker,reconciled,0.00000000,0.00000000,0.00,false,,
1790445814.967,hud,speed,,,,,"0.0 / 0.0",0.000
1790445814.967,hud,heading,,,,,"0° / 0°",0.000
1790445814.968,hud,drift,,,,,"0.00%",0.000
1790445814.968,hud,turns,,,,,"✗ turns: 0/15",
1790445814.968,hud,calib_s,,,,,"✗ Buffer (need 6s)",
1790445814.969,marker,gnss,52.37286400,-1.24189100,113.90,true,,
1790445814.969,marker,reconciled,0.00000000,0.00000000,0.00,false,,
1790445815.015,hud,speed,,,,,"0.0 / 0.0",0.000
1790445815.015,hud,heading,,,,,"0° / 0°",0.000
1790445815.016,hud,drift,,,,,"0.00%",0.000
1790445815.016,hud,turns,,,,,"✗ turns: 0/15",
1790445815.016,hud,calib_s,,,,,"✗ Buffer (need 6s)",
1790445815.016,marker,gnss,52.37286400,-1.24189100,113.90,true,,
1790445815.017,marker,reconciled,0.00000000,0.00000000,0.00,false,,
1790445815.068,hud,speed,,,,,"0.0 / 0.0",0.000
1790445815.069,hud,heading,,,,,"0° / 0°",0.000
1790445815.069,hud,drift,,,,,"0.00%",0.000
1790445815.069,hud,turns,,,,,"✗ turns: 0/15",
1790445815.070,hud,calib_s,,,,,"✗ Buffer (need 6s)",
1790445815.070,marker,gnss,52.37286400,-1.24189100,113.90,true,,
1790445815.071,marker,reconciled,0.00000000,0.00000000,0.00,false,,
1790445815.126,hud,speed,,,,,"0.0 / 0.0",0.000
1790445815.127,hud,heading,,,,,"0° / 0°",0.000
1790445815.127,hud,drift,,,,,"0.00%",0.000
1790445815.128,hud,turns,,,,,"✗ turns: 0/15",
1790445815.128,hud,calib_s,,,,,"✗ Buffer (need 6s)",
1790445815.129,marker,gnss,52.37286400,-1.24189100,113.90,true,,
1790445815.129,marker,reconciled,0.00000000,0.00000000,0.00,false,,
1790445815.168,hud,speed,,,,,"0.0 / 0.0",0.000
1790445815.168,hud,heading,,,,,"0° / 0°",0.000
1790445815.168,hud,drift,,,,,"0.00%",0.000
1790445815.169,hud,turns,,,,,"✗ turns: 0/15",
1790445815.169,hud,calib_s,,,,,"✗ Buffer (need 6s)",
1790445815.169,marker,gnss,52.37286400,-1.24189100,113.90,true,,
1790445815.170,marker,reconciled,0.00000000,0.00000000,0.00,false,,
1790445815.226,hud,speed,,,,,"0.0 / 0.0",0.000
1790445815.226,hud,heading,,,,,"0° / 0°",0.000
1790445815.227,hud,drift,,,,,"0.00%",0.000
1790445815.227,hud,turns,,,,,"✗ turns: 0/15",
1790445815.227,hud,calib_s,,,,,"✗ Buffer (need 6s)",
1790445815.227,marker,gnss,52.37286400,-1.24189100,113.90,true,,
1790445815.228,marker,reconciled,0.00000000,0.00000000,0.00,false,,
1790445815.284,hud,speed,,,,,"0.0 / 0.0",0.000
1790445815.284,hud,heading,,,,,"0° / 0°",0.000
1790445815.285,hud,drift,,,,,"0.00%",0.000
1790445815.285,hud,turns,,,,,"✗ turns: 0/15",
1790445815.285,hud,calib_s,,,,,"✗ Buffer (need 6s)",
1790445815.286,marker,gnss,52.37286400,-1.24189100,113.90,true,,
1790445815.287,marker,reconciled,0.00000000,0.00000000,0.00,false,,
1790445815.326,hud,speed,,,,,"0.0 / 0.0",0.000
1790445815.327,hud,heading,,,,,"0° / 0°",0.000
1790445815.327,hud,drift,,,,,"0.00%",0.000
1790445815.327,hud,turns,,,,,"✗ turns: 0/15",
1790445815.327,hud,calib_s,,,,,"✗ Buffer (need 6s)",
1790445815.328,marker,gnss,52.37286400,-1.24189100,113.90,true,,
1790445815.328,marker,reconciled,0.00000000,0.00000000,0.00,false,,
1790445815.383,hud,speed,,,,,"0.0 / 0.0",0.000
1790445815.383,hud,heading,,,,,"0° / 0°",0.000
1790445815.383,hud,drift,,,,,"0.00%",0.000
1790445815.384,hud,turns,,,,,"✗ turns: 0/15",
1790445815.384,hud,calib_s,,,,,"✗ Buffer (need 6s)",
1790445815.384,marker,gnss,52.37286400,-1.24189100,113.90,true,,
1790445815.385,marker,reconciled,0.00000000,0.00000000,0.00,false,,
1790445815.422,hud,speed,,,,,"0.0 / 0.0",0.000
1790445815.423,hud,heading,,,,,"0° / 0°",0.000
1790445815.423,hud,drift,,,,,"0.00%",0.000
1790445815.423,hud,turns,,,,,"✗ turns: 0/15",
1790445815.423,hud,calib_s,,,,,"✗ Buffer (need 6s)",
1790445815.424,marker,gnss,52.37286400,-1.24189100,113.90,true,,
1790445815.424,marker,reconciled,0.00000000,0.00000000,0.00,false,,
1790445815.467,hud,speed,,,,,"0.0 / 0.0",0.000
1790445815.467,hud,heading,,,,,"0° / 0°",0.000
1790445815.467,hud,drift,,,,,"0.00%",0.000
1790445815.467,hud,turns,,,,,"✗ turns: 0/15",
1790445815.467,hud,calib_s,,,,,"✗ Buffer (need 6s)",
1790445815.468,marker,gnss,52.37286400,-1.24189100,113.90,true,,
1790445815.468,marker,reconciled,0.00000000,0.00000000,0.00,false,,
1790445815.521,hud,speed,,,,,"0.0 / 0.0",0.000
1790445815.521,hud,heading,,,,,"0° / 0°",0.000
1790445815.521,hud,drift,,,,,"0.00%",0.000
1790445815.522,hud,turns,,,,,"✗ turns: 0/15",
1790445815.522,hud,calib_s,,,,,"✗ Buffer (need 6s)",
1790445815.522,marker,gnss,52.37286400,-1.24189100,113.90,true,,
1790445815.523,marker,reconciled,0.00000000,0.00000000,0.00,false,,
1790445815.571,hud,speed,,,,,"0.0 / 0.0",0.000
1790445815.572,hud,heading,,,,,"0° / 0°",0.000
1790445815.572,hud,drift,,,,,"0.00%",0.000
1790445815.573,hud,turns,,,,,"✗ turns: 0/15",
1790445815.573,hud,calib_s,,,,,"✗ Buffer (need 6s)",
1790445815.573,marker,gnss,52.37286400,-1.24189100,113.90,true,,
1790445815.573,marker,reconciled,0.00000000,0.00000000,0.00,false,,
1790445815.631,hud,speed,,,,,"0.0 / 0.0",0.000
1790445815.632,hud,heading,,,,,"0° / 0°",0.000
1790445815.632,hud,drift,,,,,"0.00%",0.000
1790445815.633,hud,turns,,,,,"✗ turns: 0/15",
1790445815.633,hud,calib_s,,,,,"✗ Buffer (need 6s)",
1790445815.633,marker,gnss,52.37286400,-1.24189100,113.90,true,,
1790445815.634,marker,reconciled,0.00000000,0.00000000,0.00,false,,
1790445815.678,hud,speed,,,,,"0.0 / 0.0",0.000
1790445815.679,hud,heading,,,,,"0° / 0°",0.000
1790445815.679,hud,drift,,,,,"0.00%",0.000
1790445815.680,hud,turns,,,,,"✗ turns: 0/15",
1790445815.680,hud,calib_s,,,,,"✗ Buffer (need 6s)",
1790445815.680,marker,gnss,52.37286400,-1.24189100,113.90,true,,
1790445815.681,marker,reconciled,0.00000000,0.00000000,0.00,false,,
1790445815.725,hud,speed,,,,,"0.0 / 0.0",0.000
1790445815.726,hud,heading,,,,,"0° / 0°",0.000
1790445815.726,hud,drift,,,,,"0.00%",0.000
1790445815.726,hud,turns,,,,,"✗ turns: 0/15",
1790445815.727,hud,calib_s,,,,,"✗ Buffer (need 6s)",
1790445815.727,marker,gnss,52.37286400,-1.24189100,113.90,true,,
1790445815.727,marker,reconciled,0.00000000,0.00000000,0.00,false,,
1790445815.776,hud,speed,,,,,"0.0 / 0.0",0.000
1790445815.776,hud,heading,,,,,"0° / 0°",0.000
1790445815.777,hud,drift,,,,,"0.00%",0.000
1790445815.777,hud,turns,,,,,"✗ turns: 0/15",
1790445815.777,hud,calib_s,,,,,"✗ Buffer (need 6s)",
1790445815.778,marker,gnss,52.37286400,-1.24189100,113.90,true,,
1790445815.778,marker,reconciled,0.00000000,0.00000000,0.00,false,,
1790445815.828,hud,speed,,,,,"0.0 / 0.0",0.000
1790445815.829,hud,heading,,,,,"0° / 0°",0.000
1790445815.829,hud,drift,,,,,"0.00%",0.000
1790445815.829,hud,turns,,,,,"✗ turns: 0/15",
1790445815.830,hud,calib_s,,,,,"✓ Buffer 6s",
1790445815.830,marker,gnss,52.37286400,-1.24189100,113.90,true,,
1790445815.831,marker,reconciled,0.00000000,0.00000000,0.00,false,,
1790445815.878,hud,speed,,,,,"0.0 / 0.0",0.000
1790445815.878,hud,heading,,,,,"0° / 0°",0.000
1790445815.878,hud,drift,,,,,"0.00%",0.000
1790445815.879,hud,turns,,,,,"✗ turns: 0/15",
1790445815.879,hud,calib_s,,,,,"✓ Buffer 6s",
1790445815.879,marker,gnss,52.37286400,-1.24189100,113.90,true,,
1790445815.880,marker,reconciled,0.00000000,0.00000000,0.00,false,,
1790445815.929,hud,speed,,,,,"0.0 / 0.0",0.000
1790445815.930,hud,heading,,,,,"0° / 0°",0.000
1790445815.930,hud,drift,,,,,"0.00%",0.000
1790445815.931,hud,turns,,,,,"✗ turns: 0/15",
1790445815.931,hud,calib_s,,,,,"✓ Buffer 6s",
1790445815.931,marker,gnss,52.37286400,-1.24189100,113.90,true,,
1790445815.932,marker,reconciled,0.00000000,0.00000000,0.00,false,,
1790445815.976,hud,speed,,,,,"0.0 / 0.0",0.000
1790445815.977,hud,heading,,,,,"0° / 0°",0.000
1790445815.977,hud,drift,,,,,"0.00%",0.000
1790445815.977,hud,turns,,,,,"✗ turns: 0/15",
1790445815.977,hud,calib_s,,,,,"✓ Buffer 6s",
1790445815.978,marker,gnss,52.37286400,-1.24189100,113.90,true,,
1790445815.978,marker,reconciled,0.00000000,0.00000000,0.00,false,,
1790445816.030,hud,speed,,,,,"0.0 / 0.0",0.000
1790445816.030,hud,heading,,,,,"0° / 0°",0.000
1790445816.031,hud,drift,,,,,"0.00%",0.000
1790445816.031,hud,turns,,,,,"✗ turns: 0/15",
1790445816.031,hud,calib_s,,,,,"✓ Buffer 6s",
1790445816.032,marker,gnss,52.37286400,-1.24189100,113.90,true,,
1790445816.032,marker,reconciled,0.00000000,0.00000000,0.00,false,,
1790445816.083,hud,speed,,,,,"0.0 / 0.0",0.000
1790445816.083,hud,heading,,,,,"0° / 0°",0.000
1790445816.084,hud,drift,,,,,"0.00%",0.000
1790445816.084,hud,turns,,,,,"✗ turns: 0/15",
1790445816.084,hud,calib_s,,,,,"✓ Buffer 6s",
1790445816.085,marker,gnss,52.37286400,-1.24189100,113.90,true,,
1790445816.085,marker,reconciled,0.00000000,0.00000000,0.00,false,,
1790445816.135,hud,speed,,,,,"0.0 / 0.0",0.000
1790445816.135,hud,heading,,,,,"0° / 0°",0.000
1790445816.135,hud,drift,,,,,"0.00%",0.000
1790445816.136,hud,turns,,,,,"✗ turns: 0/15",
1790445816.136,hud,calib_s,,,,,"✓ Buffer 6s",
1790445816.136,marker,gnss,52.37286400,-1.24189100,113.90,true,,
1790445816.137,marker,reconciled,0.00000000,0.00000000,0.00,false,,
1790445816.182,hud,speed,,,,,"0.0 / 0.0",0.000
1790445816.183,hud,heading,,,,,"0° / 0°",0.000
1790445816.183,hud,drift,,,,,"0.00%",0.000
1790445816.184,hud,turns,,,,,"✗ turns: 0/15",
1790445816.184,hud,calib_s,,,,,"✓ Buffer 6s",
1790445816.184,marker,gnss,52.37286400,-1.24189100,113.90,true,,
1790445816.185,marker,reconciled,0.00000000,0.00000000,0.00,false,,
1790445816.234,hud,speed,,,,,"0.0 / 0.0",0.000
1790445816.235,hud,heading,,,,,"0° / 0°",0.000
1790445816.235,hud,drift,,,,,"0.00%",0.000
1790445816.236,hud,turns,,,,,"✗ turns: 0/15",
1790445816.236,hud,calib_s,,,,,"✓ Buffer 6s",
1790445816.236,marker,gnss,52.37286400,-1.24189100,113.90,true,,
1790445816.237,marker,reconciled,0.00000000,0.00000000,0.00,false,,
1790445816.288,hud,speed,,,,,"0.0 / 0.0",0.000
1790445816.288,hud,heading,,,,,"0° / 0°",0.000
1790445816.288,hud,drift,,,,,"0.00%",0.000
1790445816.289,hud,turns,,,,,"✗ turns: 0/15",
1790445816.289,hud,calib_s,,,,,"✓ Buffer 6s",
1790445816.289,marker,gnss,52.37286400,-1.24189100,113.90,true,,
1790445816.290,marker,reconciled,0.00000000,0.00000000,0.00,false,,
1790445816.340,hud,speed,,,,,"0.0 / 0.0",0.000
1790445816.340,hud,heading,,,,,"0° / 0°",0.000
1790445816.341,hud,drift,,,,,"0.00%",0.000
1790445816.341,hud,turns,,,,,"✗ turns: 0/15",
1790445816.341,hud,calib_s,,,,,"✓ Buffer 6s",
1790445816.342,marker,gnss,52.37286400,-1.24189100,113.90,true,,
1790445816.342,marker,reconciled,0.00000000,0.00000000,0.00,false,,
1790445816.393,hud,speed,,,,,"0.0 / 0.0",0.000
1790445816.394,hud,heading,,,,,"0° / 0°",0.000
1790445816.394,hud,drift,,,,,"0.00%",0.000
1790445816.395,hud,turns,,,,,"✗ turns: 0/15",
1790445816.395,hud,calib_s,,,,,"✓ Buffer 6s",
1790445816.396,marker,gnss,52.37286400,-1.24189100,113.90,true,,
1790445816.396,marker,reconciled,0.00000000,0.00000000,0.00,false,,
1790445816.438,hud,speed,,,,,"0.0 / 0.0",0.000
1790445816.439,hud,heading,,,,,"0° / 0°",0.000
1790445816.439,hud,drift,,,,,"0.00%",0.000
1790445816.439,hud,turns,,,,,"✗ turns: 0/15",
1790445816.439,hud,calib_s,,,,,"✓ Buffer 6s",
1790445816.440,marker,gnss,52.37286400,-1.24189100,113.90,true,,
1790445816.440,marker,reconciled,0.00000000,0.00000000,0.00,false,,
1790445816.491,hud,speed,,,,,"0.0 / 0.0",0.000
1790445816.491,hud,heading,,,,,"0° / 0°",0.000
1790445816.492,hud,drift,,,,,"0.00%",0.000
1790445816.492,hud,turns,,,,,"✗ turns: 0/15",
1790445816.492,hud,calib_s,,,,,"✓ Buffer 6s",
1790445816.492,marker,gnss,52.37286400,-1.24189100,113.90,true,,
1790445816.493,marker,reconciled,0.00000000,0.00000000,0.00,false,,
1790445816.541,hud,speed,,,,,"0.0 / 0.0",0.000
1790445816.541,hud,heading,,,,,"0° / 0°",0.000
1790445816.542,hud,drift,,,,,"0.00%",0.000
1790445816.542,hud,turns,,,,,"✗ turns: 0/15",
1790445816.542,hud,calib_s,,,,,"✓ Buffer 6s",
1790445816.543,marker,gnss,52.37286400,-1.24189100,113.90,true,,
1790445816.543,marker,reconciled,0.00000000,0.00000000,0.00,false,,
1790445816.594,hud,speed,,,,,"0.0 / 0.0",0.000
1790445816.594,hud,heading,,,,,"0° / 0°",0.000
1790445816.595,hud,drift,,,,,"0.00%",0.000
1790445816.595,hud,turns,,,,,"✗ turns: 0/15",
1790445816.595,hud,calib_s,,,,,"✓ Buffer 6s",
1790445816.596,marker,gnss,52.37286400,-1.24189100,113.90,true,,
1790445816.596,marker,reconciled,0.00000000,0.00000000,0.00,false,,
1790445816.646,hud,speed,,,,,"0.0 / 0.0",0.000
1790445816.646,hud,heading,,,,,"0° / 0°",0.000
1790445816.646,hud,drift,,,,,"0.00%",0.000
1790445816.647,hud,turns,,,,,"✗ turns: 0/15",
1790445816.647,hud,calib_s,,,,,"✓ Buffer 6s",
1790445816.647,marker,gnss,52.37286400,-1.24189100,113.90,true,,
1790445816.648,marker,reconciled,0.00000000,0.00000000,0.00,false,,
1790445816.697,hud,speed,,,,,"0.0 / 0.0",0.000
1790445816.697,hud,heading,,,,,"0° / 0°",0.000
1790445816.698,hud,drift,,,,,"0.00%",0.000
1790445816.698,hud,turns,,,,,"✗ turns: 0/15",
1790445816.698,hud,calib_s,,,,,"✓ Buffer 6s",
1790445816.699,marker,gnss,52.37286400,-1.24189100,113.90,true,,
1790445816.699,marker,reconciled,0.00000000,0.00000000,0.00,false,,
1790445816.744,hud,speed,,,,,"0.0 / 0.0",0.000
1790445816.745,hud,heading,,,,,"0° / 0°",0.000
1790445816.745,hud,drift,,,,,"0.00%",0.000
1790445816.745,hud,turns,,,,,"✗ turns: 0/15",
1790445816.745,hud,calib_s,,,,,"✓ Buffer 6s",
1790445816.746,marker,gnss,52.37286400,-1.24189100,113.90,true,,
1790445816.746,marker,reconciled,0.00000000,0.00000000,0.00,false,,
1790445816.796,hud,speed,,,,,"0.0 / 0.0",0.000
1790445816.797,hud,heading,,,,,"0° / 0°",0.000
1790445816.797,hud,drift,,,,,"0.00%",0.000
1790445816.798,hud,turns,,,,,"✗ turns: 0/15",
1790445816.798,hud,calib_s,,,,,"✓ Buffer 6s",
1790445816.798,marker,gnss,52.37286400,-1.24189100,113.90,true,,
1790445816.799,marker,reconciled,0.00000000,0.00000000,0.00,false,,
1790445816.848,hud,speed,,,,,"0.0 / 0.0",0.000
1790445816.848,hud,heading,,,,,"0° / 0°",0.000
1790445816.848,hud,drift,,,,,"0.00%",0.000
1790445816.849,hud,turns,,,,,"✗ turns: 0/15",
1790445816.849,hud,calib_s,,,,,"✓ Buffer 6s",
1790445816.850,marker,gnss,52.37286400,-1.24189100,113.90,true,,
1790445816.850,marker,reconciled,0.00000000,0.00000000,0.00,false,,
1790445816.899,hud,speed,,,,,"0.0 / 0.0",0.000
1790445816.900,hud,heading,,,,,"0° / 0°",0.000
1790445816.900,hud,drift,,,,,"0.00%",0.000
1790445816.900,hud,turns,,,,,"✗ turns: 0/15",
1790445816.900,hud,calib_s,,,,,"✓ Buffer 6s",
1790445816.901,marker,gnss,52.37286400,-1.24189100,113.90,true,,
1790445816.901,marker,reconciled,0.00000000,0.00000000,0.00,false,,
1790445816.948,hud,speed,,,,,"0.0 / 0.0",0.000
1790445816.948,hud,heading,,,,,"0° / 0°",0.000
1790445816.949,hud,drift,,,,,"0.00%",0.000
1790445816.949,hud,turns,,,,,"✗ turns: 0/15",
1790445816.949,hud,calib_s,,,,,"✓ Buffer 6s",
1790445816.950,marker,gnss,52.37286400,-1.24189100,113.90,true,,
1790445816.950,marker,reconciled,0.00000000,0.00000000,0.00,false,,
1790445817.000,hud,speed,,,,,"0.0 / 0.0",0.000
1790445817.001,hud,heading,,,,,"0° / 0°",0.000
1790445817.001,hud,drift,,,,,"0.00%",0.000
1790445817.001,hud,turns,,,,,"✗ turns: 0/15",
1790445817.002,hud,calib_s,,,,,"✓ Buffer 6s",
1790445817.002,marker,gnss,52.37286400,-1.24189100,113.90,true,,
1790445817.002,marker,reconciled,0.00000000,0.00000000,0.00,false,,
1790445817.052,hud,speed,,,,,"0.0 / 0.0",0.000
1790445817.052,hud,heading,,,,,"0° / 0°",0.000
1790445817.053,hud,drift,,,,,"0.00%",0.000
1790445817.053,hud,turns,,,,,"✗ turns: 0/15",
1790445817.053,hud,calib_s,,,,,"✓ Buffer 6s",
1790445817.054,marker,gnss,52.37286400,-1.24189100,113.90,true,,
1790445817.054,marker,reconciled,0.00000000,0.00000000,0.00,false,,
1790445817.101,hud,speed,,,,,"0.0 / 0.0",0.000
1790445817.102,hud,heading,,,,,"0° / 0°",0.000
1790445817.102,hud,drift,,,,,"0.00%",0.000
1790445817.102,hud,turns,,,,,"✗ turns: 0/15",
1790445817.103,hud,calib_s,,,,,"✓ Buffer 6s",
1790445817.103,marker,gnss,52.37286400,-1.24189100,113.90,true,,
1790445817.103,marker,reconciled,0.00000000,0.00000000,0.00,false,,
1790445817.157,hud,speed,,,,,"0.0 / 0.0",0.000
1790445817.157,hud,heading,,,,,"0° / 0°",0.000
1790445817.157,hud,drift,,,,,"0.00%",0.000
1790445817.158,hud,turns,,,,,"✗ turns: 0/15",
1790445817.158,hud,calib_s,,,,,"✓ Buffer 6s",
1790445817.159,marker,gnss,52.37286400,-1.24189100,113.90,true,,
1790445817.159,marker,reconciled,0.00000000,0.00000000,0.00,false,,
1790445817.205,hud,speed,,,,,"0.0 / 0.0",0.000
1790445817.206,hud,heading,,,,,"0° / 0°",0.000
1790445817.206,hud,drift,,,,,"0.00%",0.000
1790445817.207,hud,turns,,,,,"✗ turns: 0/15",
1790445817.207,hud,calib_s,,,,,"✓ Buffer 6s",
1790445817.208,marker,gnss,52.37286400,-1.24189100,113.90,true,,
1790445817.208,marker,reconciled,0.00000000,0.00000000,0.00,false,,
1790445817.254,hud,speed,,,,,"0.0 / 0.0",0.000
1790445817.255,hud,heading,,,,,"0° / 0°",0.000
1790445817.255,hud,drift,,,,,"0.00%",0.000
1790445817.255,hud,turns,,,,,"✗ turns: 0/15",
1790445817.255,hud,calib_s,,,,,"✓ Buffer 6s",
1790445817.256,marker,gnss,52.37286400,-1.24189100,113.90,true,,
1790445817.256,marker,reconciled,0.00000000,0.00000000,0.00,false,,
1790445817.306,hud,speed,,,,,"0.0 / 0.0",0.000
1790445817.306,hud,heading,,,,,"0° / 0°",0.000
1790445817.307,hud,drift,,,,,"0.00%",0.000
1790445817.307,hud,turns,,,,,"✗ turns: 0/15",
1790445817.307,hud,calib_s,,,,,"✓ Buffer 6s",
1790445817.308,marker,gnss,52.37286400,-1.24189100,113.90,true,,
1790445817.308,marker,reconciled,0.00000000,0.00000000,0.00,false,,
1790445817.357,hud,speed,,,,,"0.0 / 0.0",0.000
1790445817.357,hud,heading,,,,,"0° / 0°",0.000
1790445817.358,hud,drift,,,,,"0.00%",0.000
1790445817.358,hud,turns,,,,,"✗ turns: 0/15",
1790445817.358,hud,calib_s,,,,,"✓ Buffer 6s",
1790445817.359,marker,gnss,52.37286400,-1.24189100,113.90,true,,
1790445817.359,marker,reconciled,0.00000000,0.00000000,0.00,false,,
1790445817.407,hud,speed,,,,,"0.0 / 0.0",0.000
1790445817.408,hud,heading,,,,,"0° / 0°",0.000
1790445817.408,hud,drift,,,,,"0.00%",0.000
1790445817.408,hud,turns,,,,,"✗ turns: 0/15",
1790445817.409,hud,calib_s,,,,,"✓ Buffer 6s",
1790445817.409,marker,gnss,52.37286400,-1.24189100,113.90,true,,
1790445817.409,marker,reconciled,0.00000000,0.00000000,0.00,false,,
1790445817.457,hud,speed,,,,,"0.0 / 0.0",0.000
1790445817.457,hud,heading,,,,,"0° / 0°",0.000
1790445817.457,hud,drift,,,,,"0.00%",0.000
1790445817.458,hud,turns,,,,,"✗ turns: 0/15",
1790445817.458,hud,calib_s,,,,,"✓ Buffer 6s",
1790445817.458,marker,gnss,52.37286400,-1.24189100,113.90,true,,
1790445817.459,marker,reconciled,0.00000000,0.00000000,0.00,false,,
1790445817.510,hud,speed,,,,,"0.0 / 0.0",0.000
1790445817.511,hud,heading,,,,,"0° / 0°",0.000
1790445817.511,hud,drift,,,,,"0.00%",0.000
1790445817.512,hud,turns,,,,,"✗ turns: 0/15",
1790445817.512,hud,calib_s,,,,,"✓ Buffer 6s",
1790445817.512,marker,gnss,52.37286400,-1.24189100,113.90,true,,
1790445817.512,marker,reconciled,0.00000000,0.00000000,0.00,false,,
1790445817.559,hud,speed,,,,,"0.0 / 0.0",0.000
1790445817.560,hud,heading,,,,,"0° / 0°",0.000
1790445817.560,hud,drift,,,,,"0.00%",0.000
1790445817.561,hud,turns,,,,,"✗ turns: 0/15",
1790445817.561,hud,calib_s,,,,,"✓ Buffer 6s",
1790445817.561,marker,gnss,52.37286400,-1.24189100,113.90,true,,
1790445817.562,marker,reconciled,0.00000000,0.00000000,0.00,false,,
1790445817.612,hud,speed,,,,,"0.0 / 0.0",0.000
1790445817.613,hud,heading,,,,,"0° / 0°",0.000
1790445817.613,hud,drift,,,,,"0.00%",0.000
1790445817.613,hud,turns,,,,,"✗ turns: 0/15",
1790445817.613,hud,calib_s,,,,,"✓ Buffer 6s",
1790445817.614,marker,gnss,52.37286400,-1.24189100,113.90,true,,
1790445817.614,marker,reconciled,0.00000000,0.00000000,0.00,false,,
1790445817.668,hud,speed,,,,,"0.0 / 0.0",0.000
1790445817.668,hud,heading,,,,,"0° / 0°",0.000
1790445817.669,hud,drift,,,,,"0.00%",0.000
1790445817.669,hud,turns,,,,,"✗ turns: 0/15",
1790445817.669,hud,calib_s,,,,,"✓ Buffer 6s",
1790445817.670,marker,gnss,52.37286400,-1.24189100,113.90,true,,
1790445817.670,marker,reconciled,0.00000000,0.00000000,0.00,false,,
1790445817.711,hud,speed,,,,,"0.0 / 0.0",0.000
1790445817.712,hud,heading,,,,,"0° / 0°",0.000
1790445817.712,hud,drift,,,,,"0.00%",0.000
1790445817.712,hud,turns,,,,,"✗ turns: 0/15",
1790445817.713,hud,calib_s,,,,,"✓ Buffer 6s",
1790445817.713,marker,gnss,52.37286400,-1.24189100,113.90,true,,
1790445817.713,marker,reconciled,0.00000000,0.00000000,0.00,false,,
1790445817.766,hud,speed,,,,,"0.0 / 0.0",0.000
1790445817.767,hud,heading,,,,,"0° / 0°",0.000
1790445817.767,hud,drift,,,,,"0.00%",0.000
1790445817.768,hud,turns,,,,,"✗ turns: 0/15",
1790445817.768,hud,calib_s,,,,,"✓ Buffer 6s",
1790445817.768,marker,gnss,52.37286400,-1.24189100,113.90,true,,
1790445817.769,marker,reconciled,0.00000000,0.00000000,0.00,false,,
1790445817.818,hud,speed,,,,,"0.0 / 0.0",0.000
1790445817.819,hud,heading,,,,,"0° / 0°",0.000
1790445817.819,hud,drift,,,,,"0.00%",0.000
1790445817.820,hud,turns,,,,,"✗ turns: 0/15",
1790445817.820,hud,calib_s,,,,,"✓ Buffer 6s",
1790445817.820,marker,gnss,52.37286400,-1.24189100,113.90,true,,
1790445817.821,marker,reconciled,0.00000000,0.00000000,0.00,false,,
1790445817.865,hud,speed,,,,,"0.0 / 0.0",0.000
1790445817.866,hud,heading,,,,,"0° / 0°",0.000
1790445817.866,hud,drift,,,,,"0.00%",0.000
1790445817.866,hud,turns,,,,,"✗ turns: 0/15",
1790445817.867,hud,calib_s,,,,,"✓ Buffer 6s",
1790445817.867,marker,gnss,52.37286400,-1.24189100,113.90,true,,
1790445817.867,marker,reconciled,0.00000000,0.00000000,0.00,false,,
1790445817.922,hud,speed,,,,,"0.0 / 0.0",0.000
1790445817.922,hud,heading,,,,,"0° / 0°",0.000
1790445817.922,hud,drift,,,,,"0.00%",0.000
1790445817.923,hud,turns,,,,,"✗ turns: 0/15",
1790445817.923,hud,calib_s,,,,,"✓ Buffer 6s",
1790445817.923,marker,gnss,52.37286400,-1.24189100,113.90,true,,
1790445817.924,marker,reconciled,0.00000000,0.00000000,0.00,false,,
1790445817.966,hud,speed,,,,,"0.0 / 0.0",0.000
1790445817.967,hud,heading,,,,,"0° / 0°",0.000
1790445817.967,hud,drift,,,,,"0.00%",0.000
1790445817.967,hud,turns,,,,,"✗ turns: 0/15",
1790445817.967,hud,calib_s,,,,,"✓ Buffer 6s",
1790445817.968,marker,gnss,52.37286400,-1.24189100,113.90,true,,
1790445817.968,marker,reconciled,0.00000000,0.00000000,0.00,false,,
1790445818.018,hud,speed,,,,,"0.0 / 0.0",0.000
1790445818.018,hud,heading,,,,,"0° / 0°",0.000
1790445818.018,hud,drift,,,,,"0.00%",0.000
1790445818.019,hud,turns,,,,,"✗ turns: 0/15",
1790445818.019,hud,calib_s,,,,,"✓ Buffer 6s",
1790445818.019,marker,gnss,52.37286400,-1.24189100,113.90,true,,
1790445818.020,marker,reconciled,0.00000000,0.00000000,0.00,false,,
1790445818.068,hud,speed,,,,,"0.0 / 0.0",0.000
1790445818.068,hud,heading,,,,,"0° / 0°",0.000
1790445818.068,hud,drift,,,,,"0.00%",0.000
1790445818.068,hud,turns,,,,,"✗ turns: 0/15",
1790445818.069,hud,calib_s,,,,,"✓ Buffer 6s",
1790445818.069,marker,gnss,52.37286400,-1.24189100,113.90,true,,
1790445818.069,marker,reconciled,0.00000000,0.00000000,0.00,false,,
1790445818.121,hud,speed,,,,,"0.0 / 0.0",0.000
1790445818.122,hud,heading,,,,,"0° / 0°",0.000
1790445818.122,hud,drift,,,,,"0.00%",0.000
1790445818.122,hud,turns,,,,,"✗ turns: 0/15",
1790445818.123,hud,calib_s,,,,,"✓ Buffer 6s",
1790445818.123,marker,gnss,52.37286400,-1.24189100,113.90,true,,
1790445818.124,marker,reconciled,0.00000000,0.00000000,0.00,false,,
1790445818.175,hud,speed,,,,,"0.0 / 0.0",0.000
1790445818.175,hud,heading,,,,,"0° / 0°",0.000
1790445818.175,hud,drift,,,,,"0.00%",0.000
1790445818.176,hud,turns,,,,,"✗ turns: 0/15",
1790445818.176,hud,calib_s,,,,,"✓ Buffer 6s",
1790445818.176,marker,gnss,52.37286400,-1.24189100,113.90,true,,
1790445818.176,marker,reconciled,0.00000000,0.00000000,0.00,false,,
1790445818.225,hud,speed,,,,,"0.0 / 0.0",0.000
1790445818.225,hud,heading,,,,,"0° / 0°",0.000
1790445818.225,hud,drift,,,,,"0.00%",0.000
1790445818.226,hud,turns,,,,,"✗ turns: 0/15",
1790445818.226,hud,calib_s,,,,,"✓ Buffer 6s",
1790445818.227,marker,gnss,52.37286400,-1.24189100,113.90,true,,
1790445818.227,marker,reconciled,0.00000000,0.00000000,0.00,false,,
1790445818.274,hud,speed,,,,,"0.0 / 0.0",0.000
1790445818.275,hud,heading,,,,,"0° / 0°",0.000
1790445818.275,hud,drift,,,,,"0.00%",0.000
1790445818.276,hud,turns,,,,,"✗ turns: 0/15",
1790445818.276,hud,calib_s,,,,,"✓ Buffer 6s",
1790445818.277,marker,gnss,52.37286400,-1.24189100,113.90,true,,
1790445818.277,marker,reconciled,0.00000000,0.00000000,0.00,false,,
1790445818.326,hud,speed,,,,,"0.0 / 0.0",0.000
1790445818.326,hud,heading,,,,,"0° / 0°",0.000
1790445818.327,hud,drift,,,,,"0.00%",0.000
1790445818.327,hud,turns,,,,,"✗ turns: 0/15",
1790445818.327,hud,calib_s,,,,,"✓ Buffer 6s",
1790445818.328,marker,gnss,52.37286400,-1.24189100,113.90,true,,
1790445818.328,marker,reconciled,0.00000000,0.00000000,0.00,false,,
1790445818.375,hud,speed,,,,,"0.0 / 0.0",0.000
1790445818.376,hud,heading,,,,,"0° / 0°",0.000
1790445818.376,hud,drift,,,,,"0.00%",0.000
1790445818.376,hud,turns,,,,,"✗ turns: 0/15",
1790445818.377,hud,calib_s,,,,,"✓ Buffer 6s",
1790445818.377,marker,gnss,52.37286400,-1.24189100,113.90,true,,
1790445818.377,marker,reconciled,0.00000000,0.00000000,0.00,false,,
1790445818.426,hud,speed,,,,,"0.0 / 0.0",0.000
1790445818.427,hud,heading,,,,,"0° / 0°",0.000
1790445818.427,hud,drift,,,,,"0.00%",0.000
1790445818.427,hud,turns,,,,,"✗ turns: 0/15",
1790445818.428,hud,calib_s,,,,,"✓ Buffer 6s",
1790445818.428,marker,gnss,52.37286400,-1.24189100,113.90,true,,
1790445818.428,marker,reconciled,0.00000000,0.00000000,0.00,false,,
1790445818.475,hud,speed,,,,,"0.0 / 0.0",0.000
1790445818.476,hud,heading,,,,,"0° / 0°",0.000
1790445818.476,hud,drift,,,,,"0.00%",0.000
1790445818.476,hud,turns,,,,,"✗ turns: 0/15",
1790445818.477,hud,calib_s,,,,,"✓ Buffer 6s",
1790445818.477,marker,gnss,52.37286400,-1.24189100,113.90,true,,
1790445818.477,marker,reconciled,0.00000000,0.00000000,0.00,false,,
1790445818.525,hud,speed,,,,,"0.0 / 0.0",0.000
1790445818.525,hud,heading,,,,,"0° / 0°",0.000
1790445818.526,hud,drift,,,,,"0.00%",0.000
1790445818.526,hud,turns,,,,,"✗ turns: 0/15",
1790445818.526,hud,calib_s,,,,,"✓ Buffer 6s",
1790445818.527,marker,gnss,52.37286400,-1.24189100,113.90,true,,
1790445818.527,marker,reconciled,0.00000000,0.00000000,0.00,false,,
1790445818.580,hud,speed,,,,,"0.0 / 0.0",0.000
1790445818.580,hud,heading,,,,,"0° / 0°",0.000
1790445818.581,hud,drift,,,,,"0.00%",0.000
1790445818.581,hud,turns,,,,,"✗ turns: 0/15",
1790445818.581,hud,calib_s,,,,,"✓ Buffer 6s",
1790445818.582,marker,gnss,52.37286400,-1.24189100,113.90,true,,
1790445818.582,marker,reconciled,0.00000000,0.00000000,0.00,false,,
1790445818.630,hud,speed,,,,,"0.0 / 0.0",0.000
1790445818.630,hud,heading,,,,,"0° / 0°",0.000
1790445818.630,hud,drift,,,,,"0.00%",0.000
1790445818.631,hud,turns,,,,,"✗ turns: 0/15",
1790445818.631,hud,calib_s,,,,,"✓ Buffer 6s",
1790445818.631,marker,gnss,52.37286400,-1.24189100,113.90,true,,
1790445818.632,marker,reconciled,0.00000000,0.00000000,0.00,false,,
1790445818.683,hud,speed,,,,,"0.0 / 0.0",0.000
1790445818.683,hud,heading,,,,,"0° / 0°",0.000
1790445818.683,hud,drift,,,,,"0.00%",0.000
1790445818.684,hud,turns,,,,,"✗ turns: 0/15",
1790445818.684,hud,calib_s,,,,,"✓ Buffer 6s",
1790445818.684,marker,gnss,52.37286400,-1.24189100,113.90,true,,
1790445818.685,marker,reconciled,0.00000000,0.00000000,0.00,false,,
1790445818.729,hud,speed,,,,,"0.0 / 0.0",0.000
1790445818.729,hud,heading,,,,,"0° / 0°",0.000
1790445818.729,hud,drift,,,,,"0.00%",0.000
1790445818.729,hud,turns,,,,,"✗ turns: 0/15",
1790445818.729,hud,calib_s,,,,,"✓ Buffer 6s",
1790445818.730,marker,gnss,52.37286400,-1.24189100,113.90,true,,
1790445818.730,marker,reconciled,0.00000000,0.00000000,0.00,false,,
1790445818.781,hud,speed,,,,,"0.0 / 0.0",0.000
1790445818.781,hud,heading,,,,,"0° / 0°",0.000
1790445818.781,hud,drift,,,,,"0.00%",0.000
1790445818.781,hud,turns,,,,,"✗ turns: 0/15",
1790445818.781,hud,calib_s,,,,,"✓ Buffer 6s",
1790445818.782,marker,gnss,52.37286400,-1.24189100,113.90,true,,
1790445818.782,marker,reconciled,0.00000000,0.00000000,0.00,false,,
1790445818.833,hud,speed,,,,,"0.0 / 0.0",0.000
1790445818.833,hud,heading,,,,,"0° / 0°",0.000
1790445818.834,hud,drift,,,,,"0.00%",0.000
1790445818.834,hud,turns,,,,,"✗ turns: 0/15",
1790445818.835,hud,calib_s,,,,,"✓ Buffer 6s",
1790445818.835,marker,gnss,52.37286400,-1.24189100,113.90,true,,
1790445818.836,marker,reconciled,0.00000000,0.00000000,0.00,false,,
1790445818.885,hud,speed,,,,,"0.0 / 0.0",0.000
1790445818.886,hud,heading,,,,,"0° / 0°",0.000
1790445818.886,hud,drift,,,,,"0.00%",0.000
1790445818.886,hud,turns,,,,,"✗ turns: 0/15",
1790445818.887,hud,calib_s,,,,,"✓ Buffer 6s",
1790445818.887,marker,gnss,52.37286400,-1.24189100,113.90,true,,
1790445818.887,marker,reconciled,0.00000000,0.00000000,0.00,false,,
1790445818.941,hud,speed,,,,,"0.0 / 0.0",0.000
1790445818.941,hud,heading,,,,,"0° / 0°",0.000
1790445818.942,hud,drift,,,,,"0.00%",0.000
1790445818.942,hud,turns,,,,,"✗ turns: 1/15",
1790445818.942,hud,calib_s,,,,,"✓ Buffer 6s",
1790445818.943,marker,gnss,52.37262300,-1.24278900,195.10,true,,
1790445818.943,marker,reconciled,0.00000000,0.00000000,0.00,false,,
1790445818.985,hud,speed,,,,,"0.0 / 0.0",0.000
1790445818.985,hud,heading,,,,,"0° / 0°",0.000
1790445818.986,hud,drift,,,,,"0.00%",0.000
1790445818.986,hud,turns,,,,,"✗ turns: 1/15",
1790445818.986,hud,calib_s,,,,,"✓ Buffer 6s",
1790445818.987,marker,gnss,52.37262300,-1.24278900,195.10,true,,
1790445818.987,marker,reconciled,0.00000000,0.00000000,0.00,false,,
1790445819.038,hud,speed,,,,,"0.0 / 0.0",0.000
1790445819.038,hud,heading,,,,,"0° / 0°",0.000
1790445819.038,hud,drift,,,,,"0.00%",0.000
1790445819.039,hud,turns,,,,,"✗ turns: 1/15",
1790445819.039,hud,calib_s,,,,,"✓ Buffer 6s",
1790445819.039,marker,gnss,52.37262300,-1.24278900,195.10,true,,
1790445819.040,marker,reconciled,0.00000000,0.00000000,0.00,false,,
1790445819.092,hud,speed,,,,,"0.0 / 0.0",0.000
1790445819.092,hud,heading,,,,,"0° / 0°",0.000
1790445819.093,hud,drift,,,,,"0.00%",0.000
1790445819.093,hud,turns,,,,,"✗ turns: 1/15",
1790445819.093,hud,calib_s,,,,,"✓ Buffer 6s",
1790445819.094,marker,gnss,52.37262300,-1.24278900,195.10,true,,
1790445819.094,marker,reconciled,0.00000000,0.00000000,0.00,false,,
1790445819.142,hud,speed,,,,,"0.0 / 0.0",0.000
1790445819.143,hud,heading,,,,,"0° / 0°",0.000
1790445819.143,hud,drift,,,,,"0.00%",0.000
1790445819.143,hud,turns,,,,,"✗ turns: 1/15",
1790445819.144,hud,calib_s,,,,,"✓ Buffer 6s",
1790445819.144,marker,gnss,52.37262300,-1.24278900,195.10,true,,
1790445819.144,marker,reconciled,0.00000000,0.00000000,0.00,false,,
1790445819.195,hud,speed,,,,,"0.0 / 0.0",0.000
1790445819.195,hud,heading,,,,,"0° / 0°",0.000
1790445819.196,hud,drift,,,,,"0.00%",0.000
1790445819.196,hud,turns,,,,,"✗ turns: 1/15",
1790445819.196,hud,calib_s,,,,,"✓ Buffer 6s",
1790445819.197,marker,gnss,52.37262300,-1.24278900,195.10,true,,
1790445819.197,marker,reconciled,0.00000000,0.00000000,0.00,false,,
1790445819.248,hud,speed,,,,,"0.0 / 0.0",0.000
1790445819.248,hud,heading,,,,,"0° / 0°",0.000
1790445819.249,hud,drift,,,,,"0.00%",0.000
1790445819.249,hud,turns,,,,,"✗ turns: 1/15",
1790445819.249,hud,calib_s,,,,,"✓ Buffer 6s",
1790445819.249,marker,gnss,52.37262300,-1.24278900,195.10,true,,
1790445819.250,marker,reconciled,0.00000000,0.00000000,0.00,false,,
1790445819.298,hud,speed,,,,,"0.0 / 0.0",0.000
1790445819.298,hud,heading,,,,,"0° / 0°",0.000
1790445819.299,hud,drift,,,,,"0.00%",0.000
1790445819.299,hud,turns,,,,,"✗ turns: 1/15",
1790445819.299,hud,calib_s,,,,,"✓ Buffer 6s",
1790445819.300,marker,gnss,52.37262300,-1.24278900,195.10,true,,
1790445819.300,marker,reconciled,0.00000000,0.00000000,0.00,false,,
1790445819.349,hud,speed,,,,,"0.0 / 0.0",0.000
1790445819.349,hud,heading,,,,,"0° / 0°",0.000
1790445819.349,hud,drift,,,,,"0.00%",0.000
1790445819.350,hud,turns,,,,,"✗ turns: 1/15",
1790445819.350,hud,calib_s,,,,,"✓ Buffer 6s",
1790445819.351,marker,gnss,52.37262300,-1.24278900,195.10,true,,
1790445819.351,marker,reconciled,0.00000000,0.00000000,0.00,false,,
1790445819.398,hud,speed,,,,,"0.0 / 0.0",0.000
1790445819.399,hud,heading,,,,,"0° / 0°",0.000
1790445819.399,hud,drift,,,,,"0.00%",0.000
1790445819.399,hud,turns,,,,,"✗ turns: 1/15",
1790445819.400,hud,calib_s,,,,,"✓ Buffer 6s",
1790445819.400,marker,gnss,52.37262300,-1.24278900,195.10,true,,
1790445819.400,marker,reconciled,0.00000000,0.00000000,0.00,false,,
1790445819.450,hud,speed,,,,,"0.0 / 0.0",0.000
1790445819.450,hud,heading,,,,,"0° / 0°",0.000
1790445819.450,hud,drift,,,,,"0.00%",0.000
1790445819.451,hud,turns,,,,,"✗ turns: 1/15",
1790445819.451,hud,calib_s,,,,,"✓ Buffer 6s",
1790445819.451,marker,gnss,52.37262300,-1.24278900,195.10,true,,
1790445819.452,marker,reconciled,0.00000000,0.00000000,0.00,false,,
1790445819.501,hud,speed,,,,,"0.0 / 0.0",0.000
1790445819.502,hud,heading,,,,,"0° / 0°",0.000
1790445819.502,hud,drift,,,,,"0.00%",0.000
1790445819.503,hud,turns,,,,,"✗ turns: 1/15",
1790445819.503,hud,calib_s,,,,,"✓ Buffer 6s",
1790445819.503,marker,gnss,52.37262300,-1.24278900,195.10,true,,
1790445819.504,marker,reconciled,0.00000000,0.00000000,0.00,false,,
1790445819.552,hud,speed,,,,,"0.0 / 0.0",0.000
1790445819.553,hud,heading,,,,,"0° / 0°",0.000
1790445819.553,hud,drift,,,,,"0.00%",0.000
1790445819.553,hud,turns,,,,,"✗ turns: 1/15",
1790445819.553,hud,calib_s,,,,,"✓ Buffer 6s",
1790445819.554,marker,gnss,52.37262300,-1.24278900,195.10,true,,
1790445819.554,marker,reconciled,0.00000000,0.00000000,0.00,false,,
1790445819.604,hud,speed,,,,,"0.0 / 0.0",0.000
1790445819.604,hud,heading,,,,,"0° / 0°",0.000
1790445819.605,hud,drift,,,,,"0.00%",0.000
1790445819.605,hud,turns,,,,,"✗ turns: 1/15",
1790445819.605,hud,calib_s,,,,,"✓ Buffer 6s",
1790445819.606,marker,gnss,52.37262300,-1.24278900,195.10,true,,
1790445819.606,marker,reconciled,0.00000000,0.00000000,0.00,false,,
1790445819.655,hud,speed,,,,,"0.0 / 0.0",0.000
1790445819.655,hud,heading,,,,,"0° / 0°",0.000
1790445819.656,hud,drift,,,,,"0.00%",0.000
1790445819.656,hud,turns,,,,,"✗ turns: 1/15",
1790445819.656,hud,calib_s,,,,,"✓ Buffer 6s",
1790445819.657,marker,gnss,52.37262300,-1.24278900,195.10,true,,
1790445819.657,marker,reconciled,0.00000000,0.00000000,0.00,false,,
1790445819.705,hud,speed,,,,,"0.0 / 0.0",0.000
1790445819.706,hud,heading,,,,,"0° / 0°",0.000
1790445819.706,hud,drift,,,,,"0.00%",0.000
1790445819.707,hud,turns,,,,,"✗ turns: 1/15",
1790445819.707,hud,calib_s,,,,,"✓ Buffer 6s",
1790445819.707,marker,gnss,52.37262300,-1.24278900,195.10,true,,
1790445819.708,marker,reconciled,0.00000000,0.00000000,0.00,false,,
1790445819.761,hud,speed,,,,,"0.0 / 0.0",0.000
1790445819.761,hud,heading,,,,,"0° / 0°",0.000
1790445819.762,hud,drift,,,,,"0.00%",0.000
1790445819.762,hud,turns,,,,,"✗ turns: 1/15",
1790445819.763,hud,calib_s,,,,,"✓ Buffer 6s",
1790445819.763,marker,gnss,52.37262300,-1.24278900,195.10,true,,
1790445819.764,marker,reconciled,0.00000000,0.00000000,0.00,false,,
1790445819.805,hud,speed,,,,,"0.0 / 0.0",0.000
1790445819.806,hud,heading,,,,,"0° / 0°",0.000
1790445819.806,hud,drift,,,,,"0.00%",0.000
1790445819.806,hud,turns,,,,,"✗ turns: 1/15",
1790445819.807,hud,calib_s,,,,,"✓ Buffer 6s",
1790445819.807,marker,gnss,52.37262300,-1.24278900,195.10,true,,
1790445819.807,marker,reconciled,0.00000000,0.00000000,0.00,false,,
1790445819.858,hud,speed,,,,,"0.0 / 0.0",0.000
1790445819.858,hud,heading,,,,,"0° / 0°",0.000
1790445819.859,hud,drift,,,,,"0.00%",0.000
1790445819.859,hud,turns,,,,,"✗ turns: 1/15",
1790445819.859,hud,calib_s,,,,,"✓ Buffer 6s",
1790445819.860,marker,gnss,52.37262300,-1.24278900,195.10,true,,
1790445819.860,marker,reconciled,0.00000000,0.00000000,0.00,false,,
1790445819.911,hud,speed,,,,,"0.0 / 0.0",0.000
1790445819.911,hud,heading,,,,,"0° / 0°",0.000
1790445819.911,hud,drift,,,,,"0.00%",0.000
1790445819.912,hud,turns,,,,,"✗ turns: 1/15",
1790445819.912,hud,calib_s,,,,,"✓ Buffer 6s",
1790445819.912,marker,gnss,52.37262300,-1.24278900,195.10,true,,
1790445819.913,marker,reconciled,0.00000000,0.00000000,0.00,false,,
1790445819.963,hud,speed,,,,,"0.0 / 0.0",0.000
1790445819.963,hud,heading,,,,,"0° / 0°",0.000
1790445819.963,hud,drift,,,,,"0.00%",0.000
1790445819.964,hud,turns,,,,,"✗ turns: 1/15",
1790445819.964,hud,calib_s,,,,,"✓ Buffer 6s",
1790445819.964,marker,gnss,52.37262300,-1.24278900,195.10,true,,
1790445819.965,marker,reconciled,0.00000000,0.00000000,0.00,false,,
1790445820.009,hud,speed,,,,,"0.0 / 0.0",0.000
1790445820.009,hud,heading,,,,,"0° / 0°",0.000
1790445820.009,hud,drift,,,,,"0.00%",0.000
1790445820.010,hud,turns,,,,,"✗ turns: 1/15",
1790445820.010,hud,calib_s,,,,,"✓ Buffer 6s",
1790445820.010,marker,gnss,52.37262300,-1.24278900,195.10,true,,
1790445820.011,marker,reconciled,0.00000000,0.00000000,0.00,false,,
1790445820.068,hud,speed,,,,,"0.0 / 0.0",0.000
1790445820.069,hud,heading,,,,,"0° / 0°",0.000
1790445820.069,hud,drift,,,,,"0.00%",0.000
1790445820.070,hud,turns,,,,,"✗ turns: 1/15",
1790445820.070,hud,calib_s,,,,,"✓ Buffer 6s",
1790445820.071,marker,gnss,52.37262300,-1.24278900,195.10,true,,
1790445820.071,marker,reconciled,0.00000000,0.00000000,0.00,false,,
1790445820.115,hud,speed,,,,,"0.0 / 0.0",0.000
1790445820.115,hud,heading,,,,,"0° / 0°",0.000
1790445820.116,hud,drift,,,,,"0.00%",0.000
1790445820.116,hud,turns,,,,,"✗ turns: 1/15",
1790445820.116,hud,calib_s,,,,,"✓ Buffer 6s",
1790445820.117,marker,gnss,52.37262300,-1.24278900,195.10,true,,
1790445820.117,marker,reconciled,0.00000000,0.00000000,0.00,false,,
1790445820.162,hud,speed,,,,,"0.0 / 0.0",0.000
1790445820.163,hud,heading,,,,,"0° / 0°",0.000
1790445820.163,hud,drift,,,,,"0.00%",0.000
1790445820.163,hud,turns,,,,,"✗ turns: 1/15",
1790445820.164,hud,calib_s,,,,,"✓ Buffer 6s",
1790445820.164,marker,gnss,52.37262300,-1.24278900,195.10,true,,
1790445820.164,marker,reconciled,0.00000000,0.00000000,0.00,false,,
1790445820.224,hud,speed,,,,,"0.0 / 0.0",0.000
1790445820.224,hud,heading,,,,,"0° / 0°",0.000
1790445820.225,hud,drift,,,,,"0.00%",0.000
1790445820.225,hud,turns,,,,,"✗ turns: 1/15",
1790445820.225,hud,calib_s,,,,,"✓ Buffer 6s",
1790445820.226,marker,gnss,52.37262300,-1.24278900,195.10,true,,
1790445820.226,marker,reconciled,0.00000000,0.00000000,0.00,false,,
1790445820.265,hud,speed,,,,,"0.0 / 0.0",0.000
1790445820.265,hud,heading,,,,,"0° / 0°",0.000
1790445820.265,hud,drift,,,,,"0.00%",0.000
1790445820.266,hud,turns,,,,,"✗ turns: 1/15",
1790445820.266,hud,calib_s,,,,,"✓ Buffer 6s",
1790445820.266,marker,gnss,52.37262300,-1.24278900,195.10,true,,
1790445820.267,marker,reconciled,0.00000000,0.00000000,0.00,false,,
1790445820.316,hud,speed,,,,,"0.0 / 0.0",0.000
1790445820.316,hud,heading,,,,,"0° / 0°",0.000
1790445820.317,hud,drift,,,,,"0.00%",0.000
1790445820.317,hud,turns,,,,,"✗ turns: 1/15",
1790445820.317,hud,calib_s,,,,,"✓ Buffer 6s",
1790445820.317,marker,gnss,52.37262300,-1.24278900,195.10,true,,
1790445820.318,marker,reconciled,0.00000000,0.00000000,0.00,false,,
1790445820.367,hud,speed,,,,,"0.0 / 0.0",0.000
1790445820.367,hud,heading,,,,,"0° / 0°",0.000
1790445820.368,hud,drift,,,,,"0.00%",0.000
1790445820.368,hud,turns,,,,,"✗ turns: 1/15",
1790445820.368,hud,calib_s,,,,,"✓ Buffer 6s",
1790445820.368,marker,gnss,52.37262300,-1.24278900,195.10,true,,
1790445820.369,marker,reconciled,0.00000000,0.00000000,0.00,false,,
1790445820.425,hud,speed,,,,,"0.0 / 0.0",0.000
1790445820.425,hud,heading,,,,,"0° / 0°",0.000
1790445820.425,hud,drift,,,,,"0.00%",0.000
1790445820.426,hud,turns,,,,,"✗ turns: 1/15",
1790445820.426,hud,calib_s,,,,,"✓ Buffer 6s",
1790445820.427,marker,gnss,52.37262300,-1.24278900,195.10,true,,
1790445820.427,marker,reconciled,0.00000000,0.00000000,0.00,false,,
1790445820.469,hud,speed,,,,,"0.0 / 0.0",0.000
1790445820.470,hud,heading,,,,,"0° / 0°",0.000
1790445820.470,hud,drift,,,,,"0.00%",0.000
1790445820.470,hud,turns,,,,,"✗ turns: 1/15",
1790445820.470,hud,calib_s,,,,,"✓ Buffer 6s",
1790445820.471,marker,gnss,52.37262300,-1.24278900,195.10,true,,
1790445820.471,marker,reconciled,0.00000000,0.00000000,0.00,false,,
1790445820.523,hud,speed,,,,,"0.0 / 0.0",0.000
1790445820.523,hud,heading,,,,,"0° / 0°",0.000
1790445820.524,hud,drift,,,,,"0.00%",0.000
1790445820.524,hud,turns,,,,,"✗ turns: 1/15",
1790445820.524,hud,calib_s,,,,,"✓ Buffer 6s",
1790445820.524,marker,gnss,52.37262300,-1.24278900,195.10,true,,
1790445820.525,marker,reconciled,0.00000000,0.00000000,0.00,false,,
1790445820.579,hud,speed,,,,,"0.0 / 0.0",0.000
1790445820.580,hud,heading,,,,,"0° / 0°",0.000
1790445820.580,hud,drift,,,,,"0.00%",0.000
1790445820.580,hud,turns,,,,,"✗ turns: 1/15",
1790445820.581,hud,calib_s,,,,,"✓ Buffer 6s",
1790445820.581,marker,gnss,52.37262300,-1.24278900,195.10,true,,
1790445820.581,marker,reconciled,0.00000000,0.00000000,0.00,false,,
1790445820.625,hud,speed,,,,,"0.0 / 0.0",0.000
1790445820.626,hud,heading,,,,,"0° / 0°",0.000
1790445820.626,hud,drift,,,,,"0.00%",0.000
1790445820.627,hud,turns,,,,,"✗ turns: 1/15",
1790445820.627,hud,calib_s,,,,,"✓ Buffer 6s",
1790445820.627,marker,gnss,52.37262300,-1.24278900,195.10,true,,
1790445820.628,marker,reconciled,0.00000000,0.00000000,0.00,false,,
1790445820.674,hud,speed,,,,,"0.0 / 0.0",0.000
1790445820.674,hud,heading,,,,,"0° / 0°",0.000
1790445820.675,hud,drift,,,,,"0.00%",0.000
1790445820.675,hud,turns,,,,,"✗ turns: 1/15",
1790445820.675,hud,calib_s,,,,,"✓ Buffer 6s",
1790445820.675,marker,gnss,52.37262300,-1.24278900,195.10,true,,
1790445820.676,marker,reconciled,0.00000000,0.00000000,0.00,false,,
1790445820.728,hud,speed,,,,,"0.0 / 0.0",0.000
1790445820.729,hud,heading,,,,,"0° / 0°",0.000
1790445820.729,hud,drift,,,,,"0.00%",0.000
1790445820.729,hud,turns,,,,,"✗ turns: 1/15",
1790445820.729,hud,calib_s,,,,,"✓ Buffer 6s",
1790445820.730,marker,gnss,52.37262300,-1.24278900,195.10,true,,
1790445820.730,marker,reconciled,0.00000000,0.00000000,0.00,false,,
1790445820.778,hud,speed,,,,,"0.0 / 0.0",0.000
1790445820.778,hud,heading,,,,,"0° / 0°",0.000
1790445820.779,hud,drift,,,,,"0.00%",0.000
1790445820.779,hud,turns,,,,,"✗ turns: 1/15",
1790445820.779,hud,calib_s,,,,,"✓ Buffer 6s",
1790445820.780,marker,gnss,52.37262300,-1.24278900,195.10,true,,
1790445820.780,marker,reconciled,0.00000000,0.00000000,0.00,false,,
1790445820.829,hud,speed,,,,,"0.0 / 0.0",0.000
1790445820.830,hud,heading,,,,,"0° / 0°",0.000
1790445820.830,hud,drift,,,,,"0.00%",0.000
1790445820.831,hud,turns,,,,,"✗ turns: 1/15",
1790445820.831,hud,calib_s,,,,,"✓ Buffer 6s",
1790445820.832,marker,gnss,52.37262300,-1.24278900,195.10,true,,
1790445820.832,marker,reconciled,0.00000000,0.00000000,0.00,false,,
1790445820.882,hud,speed,,,,,"0.0 / 0.0",0.000
1790445820.883,hud,heading,,,,,"0° / 0°",0.000
1790445820.883,hud,drift,,,,,"0.00%",0.000
1790445820.884,hud,turns,,,,,"✗ turns: 1/15",
1790445820.884,hud,calib_s,,,,,"✓ Buffer 6s",
1790445820.884,marker,gnss,52.37262300,-1.24278900,195.10,true,,
1790445820.885,marker,reconciled,0.00000000,0.00000000,0.00,false,,
1790445820.933,hud,speed,,,,,"0.0 / 0.0",0.000
1790445820.933,hud,heading,,,,,"0° / 0°",0.000
1790445820.933,hud,drift,,,,,"0.00%",0.000
1790445820.934,hud,turns,,,,,"✗ turns: 1/15",
1790445820.934,hud,calib_s,,,,,"✓ Buffer 6s",
1790445820.935,marker,gnss,52.37262300,-1.24278900,195.10,true,,
1790445820.935,marker,reconciled,0.00000000,0.00000000,0.00,false,,
1790445820.982,hud,speed,,,,,"0.0 / 0.0",0.000
1790445820.983,hud,heading,,,,,"0° / 0°",0.000
1790445820.983,hud,drift,,,,,"0.00%",0.000
1790445820.983,hud,turns,,,,,"✗ turns: 1/15",
1790445820.983,hud,calib_s,,,,,"✓ Buffer 6s",
1790445820.984,marker,gnss,52.37262300,-1.24278900,195.10,true,,
1790445820.984,marker,reconciled,0.00000000,0.00000000,0.00,false,,
1790445821.036,hud,speed,,,,,"0.0 / 0.0",0.000
1790445821.037,hud,heading,,,,,"0° / 0°",0.000
1790445821.037,hud,drift,,,,,"0.00%",0.000
1790445821.038,hud,turns,,,,,"✗ turns: 1/15",
1790445821.038,hud,calib_s,,,,,"✓ Buffer 6s",
1790445821.039,marker,gnss,52.37262300,-1.24278900,195.10,true,,
1790445821.039,marker,reconciled,0.00000000,0.00000000,0.00,false,,
1790445821.088,hud,speed,,,,,"0.0 / 0.0",0.000
1790445821.088,hud,heading,,,,,"0° / 0°",0.000
1790445821.089,hud,drift,,,,,"0.00%",0.000
1790445821.089,hud,turns,,,,,"✗ turns: 1/15",
1790445821.089,hud,calib_s,,,,,"✓ Buffer 6s",
1790445821.089,marker,gnss,52.37262300,-1.24278900,195.10,true,,
1790445821.090,marker,reconciled,0.00000000,0.00000000,0.00,false,,
1790445821.136,hud,speed,,,,,"0.0 / 0.0",0.000
1790445821.136,hud,heading,,,,,"0° / 0°",0.000
1790445821.137,hud,drift,,,,,"0.00%",0.000
1790445821.137,hud,turns,,,,,"✗ turns: 1/15",
1790445821.137,hud,calib_s,,,,,"✓ Buffer 6s",
1790445821.138,marker,gnss,52.37262300,-1.24278900,195.10,true,,
1790445821.138,marker,reconciled,0.00000000,0.00000000,0.00,false,,
1790445821.186,hud,speed,,,,,"0.0 / 0.0",0.000
1790445821.187,hud,heading,,,,,"0° / 0°",0.000
1790445821.187,hud,drift,,,,,"0.00%",0.000
1790445821.187,hud,turns,,,,,"✗ turns: 1/15",
1790445821.188,hud,calib_s,,,,,"✓ Buffer 6s",
1790445821.188,marker,gnss,52.37262300,-1.24278900,195.10,true,,
1790445821.189,marker,reconciled,0.00000000,0.00000000,0.00,false,,
1790445821.238,hud,speed,,,,,"0.0 / 0.0",0.000
1790445821.238,hud,heading,,,,,"0° / 0°",0.000
1790445821.239,hud,drift,,,,,"0.00%",0.000
1790445821.239,hud,turns,,,,,"✗ turns: 1/15",
1790445821.239,hud,calib_s,,,,,"✓ Buffer 6s",
1790445821.240,marker,gnss,52.37262300,-1.24278900,195.10,true,,
1790445821.240,marker,reconciled,0.00000000,0.00000000,0.00,false,,
1790445821.292,hud,speed,,,,,"0.0 / 0.0",0.000
1790445821.292,hud,heading,,,,,"0° / 0°",0.000
1790445821.293,hud,drift,,,,,"0.00%",0.000
1790445821.293,hud,turns,,,,,"✗ turns: 1/15",
1790445821.293,hud,calib_s,,,,,"✓ Buffer 6s",
1790445821.294,marker,gnss,52.37262300,-1.24278900,195.10,true,,
1790445821.295,marker,reconciled,0.00000000,0.00000000,0.00,false,,
1790445821.338,hud,speed,,,,,"0.0 / 0.0",0.000
1790445821.339,hud,heading,,,,,"0° / 0°",0.000
1790445821.339,hud,drift,,,,,"0.00%",0.000
1790445821.340,hud,turns,,,,,"✗ turns: 1/15",
1790445821.340,hud,calib_s,,,,,"✓ Buffer 6s",
1790445821.341,marker,gnss,52.37262300,-1.24278900,195.10,true,,
1790445821.341,marker,reconciled,0.00000000,0.00000000,0.00,false,,
1790445821.388,hud,speed,,,,,"0.0 / 0.0",0.000
1790445821.389,hud,heading,,,,,"0° / 0°",0.000
1790445821.389,hud,drift,,,,,"0.00%",0.000
1790445821.389,hud,turns,,,,,"✗ turns: 1/15",
1790445821.389,hud,calib_s,,,,,"✓ Buffer 6s",
1790445821.389,marker,gnss,52.37262300,-1.24278900,195.10,true,,
1790445821.390,marker,reconciled,0.00000000,0.00000000,0.00,false,,
1790445821.441,hud,speed,,,,,"0.0 / 0.0",0.000
1790445821.441,hud,heading,,,,,"0° / 0°",0.000
1790445821.442,hud,drift,,,,,"0.00%",0.000
1790445821.442,hud,turns,,,,,"✗ turns: 1/15",
1790445821.443,hud,calib_s,,,,,"✓ Buffer 6s",
1790445821.443,marker,gnss,52.37262300,-1.24278900,195.10,true,,
1790445821.444,marker,reconciled,0.00000000,0.00000000,0.00,false,,
1790445821.495,hud,speed,,,,,"0.0 / 0.0",0.000
1790445821.496,hud,heading,,,,,"0° / 0°",0.000
1790445821.496,hud,drift,,,,,"0.00%",0.000
1790445821.496,hud,turns,,,,,"✗ turns: 1/15",
1790445821.496,hud,calib_s,,,,,"✓ Buffer 6s",
1790445821.497,marker,gnss,52.37262300,-1.24278900,195.10,true,,
1790445821.497,marker,reconciled,0.00000000,0.00000000,0.00,false,,
1790445821.542,hud,speed,,,,,"0.0 / 0.0",0.000
1790445821.543,hud,heading,,,,,"0° / 0°",0.000
1790445821.543,hud,drift,,,,,"0.00%",0.000
1790445821.543,hud,turns,,,,,"✗ turns: 1/15",
1790445821.543,hud,calib_s,,,,,"✓ Buffer 6s",
1790445821.544,marker,gnss,52.37262300,-1.24278900,195.10,true,,
1790445821.545,marker,reconciled,0.00000000,0.00000000,0.00,false,,
1790445821.596,hud,speed,,,,,"0.0 / 0.0",0.000
1790445821.597,hud,heading,,,,,"0° / 0°",0.000
1790445821.597,hud,drift,,,,,"0.00%",0.000
1790445821.597,hud,turns,,,,,"✗ turns: 1/15",
1790445821.597,hud,calib_s,,,,,"✓ Buffer 6s",
1790445821.598,marker,gnss,52.37262300,-1.24278900,195.10,true,,
1790445821.598,marker,reconciled,0.00000000,0.00000000,0.00,false,,
1790445821.645,hud,speed,,,,,"0.0 / 0.0",0.000
1790445821.645,hud,heading,,,,,"0° / 0°",0.000
1790445821.645,hud,drift,,,,,"0.00%",0.000
1790445821.646,hud,turns,,,,,"✗ turns: 1/15",
1790445821.646,hud,calib_s,,,,,"✓ Buffer 6s",
1790445821.646,marker,gnss,52.37262300,-1.24278900,195.10,true,,
1790445821.647,marker,reconciled,0.00000000,0.00000000,0.00,false,,
1790445821.699,hud,speed,,,,,"0.0 / 0.0",0.000
1790445821.699,hud,heading,,,,,"0° / 0°",0.000
1790445821.700,hud,drift,,,,,"0.00%",0.000
1790445821.700,hud,turns,,,,,"✗ turns: 1/15",
1790445821.700,hud,calib_s,,,,,"✓ Buffer 6s",
1790445821.700,marker,gnss,52.37262300,-1.24278900,195.10,true,,
1790445821.701,marker,reconciled,0.00000000,0.00000000,0.00,false,,
1790445821.751,hud,speed,,,,,"0.0 / 0.0",0.000
1790445821.752,hud,heading,,,,,"0° / 0°",0.000
1790445821.752,hud,drift,,,,,"0.00%",0.000
1790445821.752,hud,turns,,,,,"✗ turns: 1/15",
1790445821.753,hud,calib_s,,,,,"✓ Buffer 6s",
1790445821.753,marker,gnss,52.37262300,-1.24278900,195.10,true,,
1790445821.754,marker,reconciled,0.00000000,0.00000000,0.00,false,,
1790445821.803,hud,speed,,,,,"0.0 / 0.0",0.000
1790445821.804,hud,heading,,,,,"0° / 0°",0.000
1790445821.804,hud,drift,,,,,"0.00%",0.000
1790445821.804,hud,turns,,,,,"✗ turns: 1/15",
1790445821.804,hud,calib_s,,,,,"✓ Buffer 6s",
1790445821.805,marker,gnss,52.37262300,-1.24278900,195.10,true,,
1790445821.805,marker,reconciled,0.00000000,0.00000000,0.00,false,,
1790445821.853,hud,speed,,,,,"0.0 / 0.0",0.000
1790445821.854,hud,heading,,,,,"0° / 0°",0.000
1790445821.854,hud,drift,,,,,"0.00%",0.000
1790445821.854,hud,turns,,,,,"✗ turns: 1/15",
1790445821.854,hud,calib_s,,,,,"✓ Buffer 6s",
1790445821.855,marker,gnss,52.37262300,-1.24278900,195.10,true,,
1790445821.855,marker,reconciled,0.00000000,0.00000000,0.00,false,,
1790445821.905,hud,speed,,,,,"0.0 / 0.0",0.000
1790445821.906,hud,heading,,,,,"0° / 0°",0.000
1790445821.906,hud,drift,,,,,"0.00%",0.000
1790445821.906,hud,turns,,,,,"✗ turns: 1/15",
1790445821.907,hud,calib_s,,,,,"✓ Buffer 6s",
1790445821.907,marker,gnss,52.37262300,-1.24278900,195.10,true,,
1790445821.907,marker,reconciled,0.00000000,0.00000000,0.00,false,,
1790445821.957,hud,speed,,,,,"0.0 / 0.0",0.000
1790445821.957,hud,heading,,,,,"0° / 0°",0.000
1790445821.957,hud,drift,,,,,"0.00%",0.000
1790445821.958,hud,turns,,,,,"✗ turns: 1/15",
1790445821.958,hud,calib_s,,,,,"✓ Buffer 6s",
1790445821.958,marker,gnss,52.37262300,-1.24278900,195.10,true,,
1790445821.959,marker,reconciled,0.00000000,0.00000000,0.00,false,,
1790445822.010,hud,speed,,,,,"0.0 / 0.0",0.000
1790445822.011,hud,heading,,,,,"0° / 0°",0.000
1790445822.011,hud,drift,,,,,"0.00%",0.000
1790445822.011,hud,turns,,,,,"✗ turns: 1/15",
1790445822.012,hud,calib_s,,,,,"✓ Buffer 6s",
1790445822.012,marker,gnss,52.37262300,-1.24278900,195.10,true,,
1790445822.013,marker,reconciled,0.00000000,0.00000000,0.00,false,,
1790445822.058,hud,speed,,,,,"0.0 / 0.0",0.000
1790445822.059,hud,heading,,,,,"0° / 0°",0.000
1790445822.059,hud,drift,,,,,"0.00%",0.000
1790445822.059,hud,turns,,,,,"✗ turns: 1/15",
1790445822.060,hud,calib_s,,,,,"✓ Buffer 6s",
1790445822.060,marker,gnss,52.37262300,-1.24278900,195.10,true,,
1790445822.060,marker,reconciled,0.00000000,0.00000000,0.00,false,,
1790445822.111,hud,speed,,,,,"0.0 / 0.0",0.000
1790445822.112,hud,heading,,,,,"0° / 0°",0.000
1790445822.112,hud,drift,,,,,"0.00%",0.000
1790445822.112,hud,turns,,,,,"✗ turns: 1/15",
1790445822.113,hud,calib_s,,,,,"✓ Buffer 6s",
1790445822.113,marker,gnss,52.37262300,-1.24278900,195.10,true,,
1790445822.113,marker,reconciled,0.00000000,0.00000000,0.00,false,,
1790445822.161,hud,speed,,,,,"0.0 / 0.0",0.000
1790445822.161,hud,heading,,,,,"0° / 0°",0.000
1790445822.161,hud,drift,,,,,"0.00%",0.000
1790445822.162,hud,turns,,,,,"✗ turns: 1/15",
1790445822.162,hud,calib_s,,,,,"✓ Buffer 6s",
1790445822.163,marker,gnss,52.37262300,-1.24278900,195.10,true,,
1790445822.163,marker,reconciled,0.00000000,0.00000000,0.00,false,,
1790445822.209,hud,speed,,,,,"0.0 / 0.0",0.000
1790445822.210,hud,heading,,,,,"0° / 0°",0.000
1790445822.210,hud,drift,,,,,"0.00%",0.000
1790445822.210,hud,turns,,,,,"✗ turns: 1/15",
1790445822.211,hud,calib_s,,,,,"✓ Buffer 6s",
1790445822.211,marker,gnss,52.37262300,-1.24278900,195.10,true,,
1790445822.212,marker,reconciled,0.00000000,0.00000000,0.00,false,,
1790445822.264,hud,speed,,,,,"0.0 / 0.0",0.000
1790445822.265,hud,heading,,,,,"0° / 0°",0.000
1790445822.265,hud,drift,,,,,"0.00%",0.000
1790445822.265,hud,turns,,,,,"✗ turns: 1/15",
1790445822.265,hud,calib_s,,,,,"✓ Buffer 6s",
1790445822.266,marker,gnss,52.37262300,-1.24278900,195.10,true,,
1790445822.266,marker,reconciled,0.00000000,0.00000000,0.00,false,,
1790445822.318,hud,speed,,,,,"0.0 / 0.0",0.000
1790445822.318,hud,heading,,,,,"0° / 0°",0.000
1790445822.318,hud,drift,,,,,"0.00%",0.000
1790445822.318,hud,turns,,,,,"✗ turns: 1/15",
1790445822.319,hud,calib_s,,,,,"✓ Buffer 6s",
1790445822.319,marker,gnss,52.37262300,-1.24278900,195.10,true,,
1790445822.319,marker,reconciled,0.00000000,0.00000000,0.00,false,,
1790445822.369,hud,speed,,,,,"0.0 / 0.0",0.000
1790445822.370,hud,heading,,,,,"0° / 0°",0.000
1790445822.370,hud,drift,,,,,"0.00%",0.000
1790445822.371,hud,turns,,,,,"✗ turns: 1/15",
1790445822.371,hud,calib_s,,,,,"✓ Buffer 6s",
1790445822.372,marker,gnss,52.37262300,-1.24278900,195.10,true,,
1790445822.372,marker,reconciled,0.00000000,0.00000000,0.00,false,,
1790445822.421,hud,speed,,,,,"0.0 / 0.0",0.000
1790445822.422,hud,heading,,,,,"0° / 0°",0.000
1790445822.422,hud,drift,,,,,"0.00%",0.000
1790445822.423,hud,turns,,,,,"✗ turns: 1/15",
1790445822.423,hud,calib_s,,,,,"✓ Buffer 6s",
1790445822.423,marker,gnss,52.37262300,-1.24278900,195.10,true,,
1790445822.424,marker,reconciled,0.00000000,0.00000000,0.00,false,,
1790445822.470,hud,speed,,,,,"0.0 / 0.0",0.000
1790445822.470,hud,heading,,,,,"0° / 0°",0.000
1790445822.470,hud,drift,,,,,"0.00%",0.000
1790445822.471,hud,turns,,,,,"✗ turns: 1/15",
1790445822.471,hud,calib_s,,,,,"✓ Buffer 6s",
1790445822.471,marker,gnss,52.37262300,-1.24278900,195.10,true,,
1790445822.472,marker,reconciled,0.00000000,0.00000000,0.00,false,,
1790445822.526,hud,speed,,,,,"0.0 / 0.0",0.000
1790445822.526,hud,heading,,,,,"0° / 0°",0.000
1790445822.527,hud,drift,,,,,"0.00%",0.000
1790445822.527,hud,turns,,,,,"✗ turns: 1/15",
1790445822.527,hud,calib_s,,,,,"✓ Buffer 6s",
1790445822.528,marker,gnss,52.37262300,-1.24278900,195.10,true,,
1790445822.528,marker,reconciled,0.00000000,0.00000000,0.00,false,,
1790445822.574,hud,speed,,,,,"0.0 / 0.0",0.000
1790445822.575,hud,heading,,,,,"0° / 0°",0.000
1790445822.575,hud,drift,,,,,"0.00%",0.000
1790445822.575,hud,turns,,,,,"✗ turns: 1/15",
1790445822.576,hud,calib_s,,,,,"✓ Buffer 6s",
1790445822.576,marker,gnss,52.37262300,-1.24278900,195.10,true,,
1790445822.577,marker,reconciled,0.00000000,0.00000000,0.00,false,,
1790445822.624,hud,speed,,,,,"0.0 / 0.0",0.000
1790445822.625,hud,heading,,,,,"0° / 0°",0.000
1790445822.625,hud,drift,,,,,"0.00%",0.000
1790445822.625,hud,turns,,,,,"✗ turns: 1/15",
1790445822.625,hud,calib_s,,,,,"✓ Buffer 6s",
1790445822.626,marker,gnss,52.37262300,-1.24278900,195.10,true,,
1790445822.626,marker,reconciled,0.00000000,0.00000000,0.00,false,,
1790445822.677,hud,speed,,,,,"0.0 / 0.0",0.000
1790445822.677,hud,heading,,,,,"0° / 0°",0.000
1790445822.678,hud,drift,,,,,"0.00%",0.000
1790445822.678,hud,turns,,,,,"✗ turns: 1/15",
1790445822.679,hud,calib_s,,,,,"✓ Buffer 6s",
1790445822.679,marker,gnss,52.37262300,-1.24278900,195.10,true,,
1790445822.680,marker,reconciled,0.00000000,0.00000000,0.00,false,,
1790445822.724,hud,speed,,,,,"0.0 / 0.0",0.000
1790445822.725,hud,heading,,,,,"0° / 0°",0.000
1790445822.725,hud,drift,,,,,"0.00%",0.000
1790445822.725,hud,turns,,,,,"✗ turns: 1/15",
1790445822.726,hud,calib_s,,,,,"✓ Buffer 6s",
1790445822.727,marker,gnss,52.37262300,-1.24278900,195.10,true,,
1790445822.727,marker,reconciled,0.00000000,0.00000000,0.00,false,,
1790445822.779,hud,speed,,,,,"0.0 / 0.0",0.000
1790445822.780,hud,heading,,,,,"0° / 0°",0.000
1790445822.780,hud,drift,,,,,"0.00%",0.000
1790445822.781,hud,turns,,,,,"✗ turns: 1/15",
1790445822.781,hud,calib_s,,,,,"✓ Buffer 6s",
1790445822.782,marker,gnss,52.37262300,-1.24278900,195.10,true,,
1790445822.782,marker,reconciled,0.00000000,0.00000000,0.00,false,,
1790445822.828,hud,speed,,,,,"0.0 / 0.0",0.000
1790445822.828,hud,heading,,,,,"0° / 0°",0.000
1790445822.828,hud,drift,,,,,"0.00%",0.000
1790445822.829,hud,turns,,,,,"✗ turns: 1/15",
1790445822.829,hud,calib_s,,,,,"✓ Buffer 6s",
1790445822.829,marker,gnss,52.37262300,-1.24278900,195.10,true,,
1790445822.829,marker,reconciled,0.00000000,0.00000000,0.00,false,,
1790445822.881,hud,speed,,,,,"0.0 / 0.0",0.000
1790445822.882,hud,heading,,,,,"0° / 0°",0.000
1790445822.882,hud,drift,,,,,"0.00%",0.000
1790445822.882,hud,turns,,,,,"✗ turns: 1/15",
1790445822.882,hud,calib_s,,,,,"✓ Buffer 6s",
1790445822.883,marker,gnss,52.37262300,-1.24278900,195.10,true,,
1790445822.883,marker,reconciled,0.00000000,0.00000000,0.00,false,,
1790445822.929,hud,speed,,,,,"0.0 / 0.0",0.000
1790445822.930,hud,heading,,,,,"0° / 0°",0.000
1790445822.930,hud,drift,,,,,"0.00%",0.000
1790445822.931,hud,turns,,,,,"✗ turns: 1/15",
1790445822.931,hud,calib_s,,,,,"✓ Buffer 6s",
1790445822.931,marker,gnss,52.37262300,-1.24278900,195.10,true,,
1790445822.932,marker,reconciled,0.00000000,0.00000000,0.00,false,,
1790445822.982,hud,speed,,,,,"0.0 / 0.0",0.000
1790445822.982,hud,heading,,,,,"0° / 0°",0.000
1790445822.983,hud,drift,,,,,"0.00%",0.000
1790445822.983,hud,turns,,,,,"✗ turns: 1/15",
1790445822.983,hud,calib_s,,,,,"✓ Buffer 6s",
1790445822.984,marker,gnss,52.37262300,-1.24278900,195.10,true,,
1790445822.984,marker,reconciled,0.00000000,0.00000000,0.00,false,,
1790445823.035,hud,speed,,,,,"0.0 / 0.0",0.000
1790445823.036,hud,heading,,,,,"0° / 0°",0.000
1790445823.036,hud,drift,,,,,"0.00%",0.000
1790445823.036,hud,turns,,,,,"✗ turns: 1/15",
1790445823.036,hud,calib_s,,,,,"✓ Buffer 6s",
1790445823.037,marker,gnss,52.37262300,-1.24278900,195.10,true,,
1790445823.037,marker,reconciled,0.00000000,0.00000000,0.00,false,,
1790445823.084,hud,speed,,,,,"0.0 / 0.0",0.000
1790445823.085,hud,heading,,,,,"0° / 0°",0.000
1790445823.085,hud,drift,,,,,"0.00%",0.000
1790445823.085,hud,turns,,,,,"✗ turns: 1/15",
1790445823.085,hud,calib_s,,,,,"✓ Buffer 6s",
1790445823.086,marker,gnss,52.37262300,-1.24278900,195.10,true,,
1790445823.086,marker,reconciled,0.00000000,0.00000000,0.00,false,,
1790445823.137,hud,speed,,,,,"0.0 / 0.0",0.000
1790445823.138,hud,heading,,,,,"0° / 0°",0.000
1790445823.138,hud,drift,,,,,"0.00%",0.000
1790445823.138,hud,turns,,,,,"✗ turns: 1/15",
1790445823.139,hud,calib_s,,,,,"✓ Buffer 6s",
1790445823.139,marker,gnss,52.37262300,-1.24278900,195.10,true,,
1790445823.140,marker,reconciled,0.00000000,0.00000000,0.00,false,,
1790445823.189,hud,speed,,,,,"0.0 / 0.0",0.000
1790445823.189,hud,heading,,,,,"0° / 0°",0.000
1790445823.190,hud,drift,,,,,"0.00%",0.000
1790445823.190,hud,turns,,,,,"✗ turns: 1/15",
1790445823.191,hud,calib_s,,,,,"✓ Buffer 6s",
1790445823.191,marker,gnss,52.37262300,-1.24278900,195.10,true,,
1790445823.192,marker,reconciled,0.00000000,0.00000000,0.00,false,,
1790445823.237,hud,speed,,,,,"0.0 / 0.0",0.000
1790445823.237,hud,heading,,,,,"0° / 0°",0.000
1790445823.237,hud,drift,,,,,"0.00%",0.000
1790445823.237,hud,turns,,,,,"✗ turns: 1/15",
1790445823.237,hud,calib_s,,,,,"✓ Buffer 6s",
1790445823.238,marker,gnss,52.37262300,-1.24278900,195.10,true,,
1790445823.238,marker,reconciled,0.00000000,0.00000000,0.00,false,,
1790445823.301,hud,speed,,,,,"0.0 / 0.0",0.000
1790445823.301,hud,heading,,,,,"0° / 0°",0.000
1790445823.302,hud,drift,,,,,"0.00%",0.000
1790445823.302,hud,turns,,,,,"✗ turns: 1/15",
1790445823.302,hud,calib_s,,,,,"✓ Buffer 6s",
1790445823.303,marker,gnss,52.37262300,-1.24278900,195.10,true,,
1790445823.303,marker,reconciled,0.00000000,0.00000000,0.00,false,,
1790445823.337,hud,speed,,,,,"0.0 / 0.0",0.000
1790445823.337,hud,heading,,,,,"0° / 0°",0.000
1790445823.337,hud,drift,,,,,"0.00%",0.000
1790445823.337,hud,turns,,,,,"✗ turns: 1/15",
1790445823.338,hud,calib_s,,,,,"✓ Buffer 6s",
1790445823.338,marker,gnss,52.37262300,-1.24278900,195.10,true,,
1790445823.338,marker,reconciled,0.00000000,0.00000000,0.00,false,,
1790445823.392,hud,speed,,,,,"0.0 / 0.0",0.000
1790445823.393,hud,heading,,,,,"0° / 0°",0.000
1790445823.393,hud,drift,,,,,"0.00%",0.000
1790445823.394,hud,turns,,,,,"✗ turns: 1/15",
1790445823.394,hud,calib_s,,,,,"✓ Buffer 6s",
1790445823.395,marker,gnss,52.37262300,-1.24278900,195.10,true,,
1790445823.395,marker,reconciled,0.00000000,0.00000000,0.00,false,,
1790445823.440,hud,speed,,,,,"0.0 / 0.0",0.000
1790445823.441,hud,heading,,,,,"0° / 0°",0.000
1790445823.441,hud,drift,,,,,"0.00%",0.000
1790445823.441,hud,turns,,,,,"✗ turns: 1/15",
1790445823.441,hud,calib_s,,,,,"✓ Buffer 6s",
1790445823.441,marker,gnss,52.37262300,-1.24278900,195.10,true,,
1790445823.442,marker,reconciled,0.00000000,0.00000000,0.00,false,,
1790445823.493,hud,speed,,,,,"0.0 / 0.0",0.000
1790445823.494,hud,heading,,,,,"0° / 0°",0.000
1790445823.494,hud,drift,,,,,"0.00%",0.000
1790445823.495,hud,turns,,,,,"✗ turns: 1/15",
1790445823.495,hud,calib_s,,,,,"✓ Buffer 6s",
1790445823.495,marker,gnss,52.37262300,-1.24278900,195.10,true,,
1790445823.496,marker,reconciled,0.00000000,0.00000000,0.00,false,,
1790445823.550,hud,speed,,,,,"0.0 / 0.0",0.000
1790445823.551,hud,heading,,,,,"0° / 0°",0.000
1790445823.551,hud,drift,,,,,"0.00%",0.000
1790445823.551,hud,turns,,,,,"✗ turns: 2/15",
1790445823.552,hud,calib_s,,,,,"✓ Buffer 6s",
1790445823.552,marker,gnss,52.37222300,-1.24261500,199.70,true,,
1790445823.552,marker,reconciled,0.00000000,0.00000000,0.00,false,,
1790445823.593,hud,speed,,,,,"0.0 / 0.0",0.000
1790445823.594,hud,heading,,,,,"0° / 0°",0.000
1790445823.594,hud,drift,,,,,"0.00%",0.000
1790445823.595,hud,turns,,,,,"✗ turns: 2/15",
1790445823.595,hud,calib_s,,,,,"✓ Buffer 6s",
1790445823.596,marker,gnss,52.37222300,-1.24261500,199.70,true,,
1790445823.596,marker,reconciled,0.00000000,0.00000000,0.00,false,,
1790445823.648,hud,speed,,,,,"0.0 / 0.0",0.000
1790445823.649,hud,heading,,,,,"0° / 0°",0.000
1790445823.649,hud,drift,,,,,"0.00%",0.000
1790445823.649,hud,turns,,,,,"✗ turns: 2/15",
1790445823.649,hud,calib_s,,,,,"✓ Buffer 6s",
1790445823.650,marker,gnss,52.37222300,-1.24261500,199.70,true,,
1790445823.650,marker,reconciled,0.00000000,0.00000000,0.00,false,,
1790445823.697,hud,speed,,,,,"0.0 / 0.0",0.000
1790445823.697,hud,heading,,,,,"0° / 0°",0.000
1790445823.697,hud,drift,,,,,"0.00%",0.000
1790445823.698,hud,turns,,,,,"✗ turns: 2/15",
1790445823.698,hud,calib_s,,,,,"✓ Buffer 6s",
1790445823.698,marker,gnss,52.37222300,-1.24261500,199.70,true,,
1790445823.699,marker,reconciled,0.00000000,0.00000000,0.00,false,,
1790445823.751,hud,speed,,,,,"0.0 / 0.0",0.000
1790445823.751,hud,heading,,,,,"0° / 0°",0.000
1790445823.752,hud,drift,,,,,"0.00%",0.000
1790445823.752,hud,turns,,,,,"✗ turns: 2/15",
1790445823.752,hud,calib_s,,,,,"✓ Buffer 6s",
1790445823.753,marker,gnss,52.37222300,-1.24261500,199.70,true,,
1790445823.753,marker,reconciled,0.00000000,0.00000000,0.00,false,,
1790445823.802,hud,speed,,,,,"0.0 / 0.0",0.000
1790445823.803,hud,heading,,,,,"0° / 0°",0.000
1790445823.803,hud,drift,,,,,"0.00%",0.000
1790445823.804,hud,turns,,,,,"✗ turns: 2/15",
1790445823.804,hud,calib_s,,,,,"✓ Buffer 6s",
1790445823.804,marker,gnss,52.37222300,-1.24261500,199.70,true,,
1790445823.805,marker,reconciled,0.00000000,0.00000000,0.00,false,,
1790445823.850,hud,speed,,,,,"0.0 / 0.0",0.000
1790445823.851,hud,heading,,,,,"0° / 0°",0.000
1790445823.851,hud,drift,,,,,"0.00%",0.000
1790445823.851,hud,turns,,,,,"✗ turns: 2/15",
1790445823.851,hud,calib_s,,,,,"✓ Buffer 6s",
1790445823.852,marker,gnss,52.37222300,-1.24261500,199.70,true,,
1790445823.852,marker,reconciled,0.00000000,0.00000000,0.00,false,,
1790445823.901,hud,speed,,,,,"0.0 / 0.0",0.000
1790445823.901,hud,heading,,,,,"0° / 0°",0.000
1790445823.902,hud,drift,,,,,"0.00%",0.000
1790445823.902,hud,turns,,,,,"✗ turns: 2/15",
1790445823.902,hud,calib_s,,,,,"✓ Buffer 6s",
1790445823.903,marker,gnss,52.37222300,-1.24261500,199.70,true,,
1790445823.903,marker,reconciled,0.00000000,0.00000000,0.00,false,,
1790445823.953,hud,speed,,,,,"0.0 / 0.0",0.000
1790445823.953,hud,heading,,,,,"0° / 0°",0.000
1790445823.953,hud,drift,,,,,"0.00%",0.000
1790445823.953,hud,turns,,,,,"✗ turns: 2/15",
1790445823.954,hud,calib_s,,,,,"✓ Buffer 6s",
1790445823.954,marker,gnss,52.37222300,-1.24261500,199.70,true,,
1790445823.954,marker,reconciled,0.00000000,0.00000000,0.00,false,,
1790445824.006,hud,speed,,,,,"0.0 / 0.0",0.000
1790445824.006,hud,heading,,,,,"0° / 0°",0.000
1790445824.007,hud,drift,,,,,"0.00%",0.000
1790445824.007,hud,turns,,,,,"✗ turns: 2/15",
1790445824.008,hud,calib_s,,,,,"✓ Buffer 6s",
1790445824.008,marker,gnss,52.37222300,-1.24261500,199.70,true,,
1790445824.009,marker,reconciled,0.00000000,0.00000000,0.00,false,,
1790445824.060,hud,speed,,,,,"0.0 / 0.0",0.000
1790445824.060,hud,heading,,,,,"0° / 0°",0.000
1790445824.061,hud,drift,,,,,"0.00%",0.000
1790445824.061,hud,turns,,,,,"✗ turns: 2/15",
1790445824.061,hud,calib_s,,,,,"✓ Buffer 6s",
1790445824.062,marker,gnss,52.37222300,-1.24261500,199.70,true,,
1790445824.062,marker,reconciled,0.00000000,0.00000000,0.00,false,,
1790445824.103,hud,speed,,,,,"0.0 / 0.0",0.000
1790445824.104,hud,heading,,,,,"0° / 0°",0.000
1790445824.104,hud,drift,,,,,"0.00%",0.000
1790445824.104,hud,turns,,,,,"✗ turns: 2/15",
1790445824.105,hud,calib_s,,,,,"✓ Buffer 6s",
1790445824.105,marker,gnss,52.37222300,-1.24261500,199.70,true,,
1790445824.105,marker,reconciled,0.00000000,0.00000000,0.00,false,,
1790445824.155,hud,speed,,,,,"0.0 / 0.0",0.000
1790445824.156,hud,heading,,,,,"0° / 0°",0.000
1790445824.156,hud,drift,,,,,"0.00%",0.000
1790445824.156,hud,turns,,,,,"✗ turns: 2/15",
1790445824.156,hud,calib_s,,,,,"✓ Buffer 6s",
1790445824.157,marker,gnss,52.37222300,-1.24261500,199.70,true,,
1790445824.157,marker,reconciled,0.00000000,0.00000000,0.00,false,,
1790445824.206,hud,speed,,,,,"0.0 / 0.0",0.000
1790445824.206,hud,heading,,,,,"0° / 0°",0.000
1790445824.207,hud,drift,,,,,"0.00%",0.000
1790445824.207,hud,turns,,,,,"✗ turns: 2/15",
1790445824.207,hud,calib_s,,,,,"✓ Buffer 6s",
1790445824.208,marker,gnss,52.37222300,-1.24261500,199.70,true,,
1790445824.208,marker,reconciled,0.00000000,0.00000000,0.00,false,,
1790445824.261,hud,speed,,,,,"0.0 / 0.0",0.000
1790445824.261,hud,heading,,,,,"0° / 0°",0.000
1790445824.262,hud,drift,,,,,"0.00%",0.000
1790445824.262,hud,turns,,,,,"✗ turns: 2/15",
1790445824.263,hud,calib_s,,,,,"✓ Buffer 6s",
1790445824.263,marker,gnss,52.37222300,-1.24261500,199.70,true,,
1790445824.264,marker,reconciled,0.00000000,0.00000000,0.00,false,,
1790445824.318,hud,speed,,,,,"0.0 / 0.0",0.000
1790445824.318,hud,heading,,,,,"0° / 0°",0.000
1790445824.319,hud,drift,,,,,"0.00%",0.000
1790445824.319,hud,turns,,,,,"✗ turns: 2/15",
1790445824.319,hud,calib_s,,,,,"✓ Buffer 6s",
1790445824.320,marker,gnss,52.37222300,-1.24261500,199.70,true,,
1790445824.320,marker,reconciled,0.00000000,0.00000000,0.00,false,,
1790445824.365,hud,speed,,,,,"0.0 / 0.0",0.000
1790445824.365,hud,heading,,,,,"0° / 0°",0.000
1790445824.366,hud,drift,,,,,"0.00%",0.000
1790445824.366,hud,turns,,,,,"✗ turns: 2/15",
1790445824.366,hud,calib_s,,,,,"✓ Buffer 6s",
1790445824.367,marker,gnss,52.37222300,-1.24261500,199.70,true,,
1790445824.367,marker,reconciled,0.00000000,0.00000000,0.00,false,,
1790445824.413,hud,speed,,,,,"0.0 / 0.0",0.000
1790445824.414,hud,heading,,,,,"0° / 0°",0.000
1790445824.414,hud,drift,,,,,"0.00%",0.000
1790445824.415,hud,turns,,,,,"✗ turns: 2/15",
1790445824.415,hud,calib_s,,,,,"✓ Buffer 6s",
1790445824.415,marker,gnss,52.37222300,-1.24261500,199.70,true,,
1790445824.416,marker,reconciled,0.00000000,0.00000000,0.00,false,,
1790445824.465,hud,speed,,,,,"0.0 / 0.0",0.000
1790445824.465,hud,heading,,,,,"0° / 0°",0.000
1790445824.465,hud,drift,,,,,"0.00%",0.000
1790445824.466,hud,turns,,,,,"✗ turns: 2/15",
1790445824.466,hud,calib_s,,,,,"✓ Buffer 6s",
1790445824.466,marker,gnss,52.37222300,-1.24261500,199.70,true,,
1790445824.467,marker,reconciled,0.00000000,0.00000000,0.00,false,,
1790445824.518,hud,speed,,,,,"0.0 / 0.0",0.000
1790445824.519,hud,heading,,,,,"0° / 0°",0.000
1790445824.519,hud,drift,,,,,"0.00%",0.000
1790445824.520,hud,turns,,,,,"✗ turns: 2/15",
1790445824.520,hud,calib_s,,,,,"✓ Buffer 6s",
1790445824.520,marker,gnss,52.37222300,-1.24261500,199.70,true,,
1790445824.521,marker,reconciled,0.00000000,0.00000000,0.00,false,,
1790445824.569,hud,speed,,,,,"0.0 / 0.0",0.000
1790445824.570,hud,heading,,,,,"0° / 0°",0.000
1790445824.570,hud,drift,,,,,"0.00%",0.000
1790445824.571,hud,turns,,,,,"✗ turns: 2/15",
1790445824.571,hud,calib_s,,,,,"✓ Buffer 6s",
1790445824.572,marker,gnss,52.37222300,-1.24261500,199.70,true,,
1790445824.572,marker,reconciled,0.00000000,0.00000000,0.00,false,,
1790445824.621,hud,speed,,,,,"0.0 / 0.0",0.000
1790445824.622,hud,heading,,,,,"0° / 0°",0.000
1790445824.622,hud,drift,,,,,"0.00%",0.000
1790445824.623,hud,turns,,,,,"✗ turns: 2/15",
1790445824.623,hud,calib_s,,,,,"✓ Buffer 6s",
1790445824.623,marker,gnss,52.37222300,-1.24261500,199.70,true,,
1790445824.624,marker,reconciled,0.00000000,0.00000000,0.00,false,,
1790445824.669,hud,speed,,,,,"0.0 / 0.0",0.000
1790445824.669,hud,heading,,,,,"0° / 0°",0.000
1790445824.669,hud,drift,,,,,"0.00%",0.000
1790445824.670,hud,turns,,,,,"✗ turns: 2/15",
1790445824.670,hud,calib_s,,,,,"✓ Buffer 6s",
1790445824.671,marker,gnss,52.37222300,-1.24261500,199.70,true,,
1790445824.671,marker,reconciled,0.00000000,0.00000000,0.00,false,,
1790445824.722,hud,speed,,,,,"0.0 / 0.0",0.000
1790445824.723,hud,heading,,,,,"0° / 0°",0.000
1790445824.723,hud,drift,,,,,"0.00%",0.000
1790445824.724,hud,turns,,,,,"✗ turns: 2/15",
1790445824.724,hud,calib_s,,,,,"✓ Buffer 6s",
1790445824.724,marker,gnss,52.37222300,-1.24261500,199.70,true,,
1790445824.725,marker,reconciled,0.00000000,0.00000000,0.00,false,,
1790445824.772,hud,speed,,,,,"0.0 / 0.0",0.000
1790445824.772,hud,heading,,,,,"0° / 0°",0.000
1790445824.773,hud,drift,,,,,"0.00%",0.000
1790445824.773,hud,turns,,,,,"✗ turns: 2/15",
1790445824.773,hud,calib_s,,,,,"✓ Buffer 6s",
1790445824.774,marker,gnss,52.37222300,-1.24261500,199.70,true,,
1790445824.774,marker,reconciled,0.00000000,0.00000000,0.00,false,,
1790445824.823,hud,speed,,,,,"0.0 / 0.0",0.000
1790445824.823,hud,heading,,,,,"0° / 0°",0.000
1790445824.823,hud,drift,,,,,"0.00%",0.000
1790445824.824,hud,turns,,,,,"✗ turns: 2/15",
1790445824.824,hud,calib_s,,,,,"✓ Buffer 6s",
1790445824.824,marker,gnss,52.37222300,-1.24261500,199.70,true,,
1790445824.825,marker,reconciled,0.00000000,0.00000000,0.00,false,,
1790445824.874,hud,speed,,,,,"0.0 / 0.0",0.000
1790445824.874,hud,heading,,,,,"0° / 0°",0.000
1790445824.875,hud,drift,,,,,"0.00%",0.000
1790445824.875,hud,turns,,,,,"✗ turns: 2/15",
1790445824.875,hud,calib_s,,,,,"✓ Buffer 6s",
1790445824.876,marker,gnss,52.37222300,-1.24261500,199.70,true,,
1790445824.876,marker,reconciled,0.00000000,0.00000000,0.00,false,,
1790445824.925,hud,speed,,,,,"0.0 / 0.0",0.000
1790445824.925,hud,heading,,,,,"0° / 0°",0.000
1790445824.926,hud,drift,,,,,"0.00%",0.000
1790445824.926,hud,turns,,,,,"✗ turns: 2/15",
1790445824.926,hud,calib_s,,,,,"✓ Buffer 6s",
1790445824.927,marker,gnss,52.37222300,-1.24261500,199.70,true,,
1790445824.927,marker,reconciled,0.00000000,0.00000000,0.00,false,,
1790445824.974,hud,speed,,,,,"0.0 / 0.0",0.000
1790445824.974,hud,heading,,,,,"0° / 0°",0.000
1790445824.975,hud,drift,,,,,"0.00%",0.000
1790445824.975,hud,turns,,,,,"✗ turns: 2/15",
1790445824.975,hud,calib_s,,,,,"✓ Buffer 6s",
1790445824.976,marker,gnss,52.37222300,-1.24261500,199.70,true,,
1790445824.976,marker,reconciled,0.00000000,0.00000000,0.00,false,,
1790445825.029,hud,speed,,,,,"0.0 / 0.0",0.000
1790445825.029,hud,heading,,,,,"0° / 0°",0.000
1790445825.030,hud,drift,,,,,"0.00%",0.000
1790445825.030,hud,turns,,,,,"✗ turns: 2/15",
1790445825.031,hud,calib_s,,,,,"✓ Buffer 6s",
1790445825.031,marker,gnss,52.37222300,-1.24261500,199.70,true,,
1790445825.032,marker,reconciled,0.00000000,0.00000000,0.00,false,,
1790445825.077,hud,speed,,,,,"0.0 / 0.0",0.000
1790445825.078,hud,heading,,,,,"0° / 0°",0.000
1790445825.078,hud,drift,,,,,"0.00%",0.000
1790445825.079,hud,turns,,,,,"✗ turns: 2/15",
1790445825.079,hud,calib_s,,,,,"✓ Buffer 6s",
1790445825.079,marker,gnss,52.37222300,-1.24261500,199.70,true,,
1790445825.079,marker,reconciled,0.00000000,0.00000000,0.00,false,,
1790445825.129,hud,speed,,,,,"0.0 / 0.0",0.000
1790445825.129,hud,heading,,,,,"0° / 0°",0.000
1790445825.130,hud,drift,,,,,"0.00%",0.000
1790445825.130,hud,turns,,,,,"✗ turns: 2/15",
1790445825.130,hud,calib_s,,,,,"✓ Buffer 6s",
1790445825.131,marker,gnss,52.37222300,-1.24261500,199.70,true,,
1790445825.131,marker,reconciled,0.00000000,0.00000000,0.00,false,,
1790445825.177,hud,speed,,,,,"0.0 / 0.0",0.000
1790445825.178,hud,heading,,,,,"0° / 0°",0.000
1790445825.178,hud,drift,,,,,"0.00%",0.000
1790445825.178,hud,turns,,,,,"✗ turns: 2/15",
1790445825.179,hud,calib_s,,,,,"✓ Buffer 6s",
1790445825.179,marker,gnss,52.37222300,-1.24261500,199.70,true,,
1790445825.179,marker,reconciled,0.00000000,0.00000000,0.00,false,,
1790445825.228,hud,speed,,,,,"0.0 / 0.0",0.000
1790445825.229,hud,heading,,,,,"0° / 0°",0.000
1790445825.229,hud,drift,,,,,"0.00%",0.000
1790445825.229,hud,turns,,,,,"✗ turns: 2/15",
1790445825.229,hud,calib_s,,,,,"✓ Buffer 6s",
1790445825.229,marker,gnss,52.37222300,-1.24261500,199.70,true,,
1790445825.230,marker,reconciled,0.00000000,0.00000000,0.00,false,,
1790445825.287,hud,speed,,,,,"0.0 / 0.0",0.000
1790445825.288,hud,heading,,,,,"0° / 0°",0.000
1790445825.288,hud,drift,,,,,"0.00%",0.000
1790445825.288,hud,turns,,,,,"✗ turns: 2/15",
1790445825.288,hud,calib_s,,,,,"✓ Buffer 6s",
1790445825.289,marker,gnss,52.37222300,-1.24261500,199.70,true,,
1790445825.289,marker,reconciled,0.00000000,0.00000000,0.00,false,,
1790445825.334,hud,speed,,,,,"0.0 / 0.0",0.000
1790445825.335,hud,heading,,,,,"0° / 0°",0.000
1790445825.335,hud,drift,,,,,"0.00%",0.000
1790445825.335,hud,turns,,,,,"✗ turns: 2/15",
1790445825.335,hud,calib_s,,,,,"✓ Buffer 6s",
1790445825.336,marker,gnss,52.37222300,-1.24261500,199.70,true,,
1790445825.336,marker,reconciled,0.00000000,0.00000000,0.00,false,,
1790445825.383,hud,speed,,,,,"0.0 / 0.0",0.000
1790445825.384,hud,heading,,,,,"0° / 0°",0.000
1790445825.384,hud,drift,,,,,"0.00%",0.000
1790445825.384,hud,turns,,,,,"✗ turns: 2/15",
1790445825.385,hud,calib_s,,,,,"✓ Buffer 6s",
1790445825.385,marker,gnss,52.37222300,-1.24261500,199.70,true,,
1790445825.385,marker,reconciled,0.00000000,0.00000000,0.00,false,,
1790445825.438,hud,speed,,,,,"0.0 / 0.0",0.000
1790445825.438,hud,heading,,,,,"0° / 0°",0.000
1790445825.439,hud,drift,,,,,"0.00%",0.000
1790445825.439,hud,turns,,,,,"✗ turns: 2/15",
1790445825.439,hud,calib_s,,,,,"✓ Buffer 6s",
1790445825.440,marker,gnss,52.37222300,-1.24261500,199.70,true,,
1790445825.440,marker,reconciled,0.00000000,0.00000000,0.00,false,,
1790445825.487,hud,speed,,,,,"0.0 / 0.0",0.000
1790445825.487,hud,heading,,,,,"0° / 0°",0.000
1790445825.488,hud,drift,,,,,"0.00%",0.000
1790445825.488,hud,turns,,,,,"✗ turns: 2/15",
1790445825.488,hud,calib_s,,,,,"✓ Buffer 6s",
1790445825.489,marker,gnss,52.37222300,-1.24261500,199.70,true,,
1790445825.489,marker,reconciled,0.00000000,0.00000000,0.00,false,,
1790445825.540,hud,speed,,,,,"0.0 / 0.0",0.000
1790445825.540,hud,heading,,,,,"0° / 0°",0.000
1790445825.541,hud,drift,,,,,"0.00%",0.000
1790445825.541,hud,turns,,,,,"✗ turns: 2/15",
1790445825.541,hud,calib_s,,,,,"✓ Buffer 6s",
1790445825.542,marker,gnss,52.37222300,-1.24261500,199.70,true,,
1790445825.542,marker,reconciled,0.00000000,0.00000000,0.00,false,,
1790445825.592,hud,speed,,,,,"0.0 / 0.0",0.000
1790445825.592,hud,heading,,,,,"0° / 0°",0.000
1790445825.592,hud,drift,,,,,"0.00%",0.000
1790445825.593,hud,turns,,,,,"✗ turns: 2/15",
1790445825.593,hud,calib_s,,,,,"✓ Buffer 6s",
1790445825.593,marker,gnss,52.37222300,-1.24261500,199.70,true,,
1790445825.594,marker,reconciled,0.00000000,0.00000000,0.00,false,,
1790445825.640,hud,speed,,,,,"0.0 / 0.0",0.000
1790445825.640,hud,heading,,,,,"0° / 0°",0.000
1790445825.640,hud,drift,,,,,"0.00%",0.000
1790445825.641,hud,turns,,,,,"✗ turns: 2/15",
1790445825.641,hud,calib_s,,,,,"✓ Buffer 6s",
1790445825.641,marker,gnss,52.37222300,-1.24261500,199.70,true,,
1790445825.642,marker,reconciled,0.00000000,0.00000000,0.00,false,,
1790445825.692,hud,speed,,,,,"0.0 / 0.0",0.000
1790445825.693,hud,heading,,,,,"0° / 0°",0.000
1790445825.693,hud,drift,,,,,"0.00%",0.000
1790445825.693,hud,turns,,,,,"✗ turns: 2/15",
1790445825.693,hud,calib_s,,,,,"✓ Buffer 6s",
1790445825.694,marker,gnss,52.37222300,-1.24261500,199.70,true,,
1790445825.694,marker,reconciled,0.00000000,0.00000000,0.00,false,,
1790445825.740,hud,speed,,,,,"0.0 / 0.0",0.000
1790445825.741,hud,heading,,,,,"0° / 0°",0.000
1790445825.741,hud,drift,,,,,"0.00%",0.000
1790445825.741,hud,turns,,,,,"✗ turns: 2/15",
1790445825.741,hud,calib_s,,,,,"✓ Buffer 6s",
1790445825.742,marker,gnss,52.37222300,-1.24261500,199.70,true,,
1790445825.742,marker,reconciled,0.00000000,0.00000000,0.00,false,,
1790445825.792,hud,speed,,,,,"0.0 / 0.0",0.000
1790445825.792,hud,heading,,,,,"0° / 0°",0.000
1790445825.793,hud,drift,,,,,"0.00%",0.000
1790445825.793,hud,turns,,,,,"✗ turns: 2/15",
1790445825.793,hud,calib_s,,,,,"✓ Buffer 6s",
1790445825.793,marker,gnss,52.37222300,-1.24261500,199.70,true,,
1790445825.793,marker,reconciled,0.00000000,0.00000000,0.00,false,,
1790445825.847,hud,speed,,,,,"0.0 / 0.0",0.000
1790445825.847,hud,heading,,,,,"0° / 0°",0.000
1790445825.848,hud,drift,,,,,"0.00%",0.000
1790445825.848,hud,turns,,,,,"✗ turns: 2/15",
1790445825.848,hud,calib_s,,,,,"✓ Buffer 6s",
1790445825.849,marker,gnss,52.37222300,-1.24261500,199.70,true,,
1790445825.849,marker,reconciled,0.00000000,0.00000000,0.00,false,,
1790445825.897,hud,speed,,,,,"0.0 / 0.0",0.000
1790445825.898,hud,heading,,,,,"0° / 0°",0.000
1790445825.898,hud,drift,,,,,"0.00%",0.000
1790445825.899,hud,turns,,,,,"✗ turns: 2/15",
1790445825.899,hud,calib_s,,,,,"✓ Buffer 6s",
1790445825.899,marker,gnss,52.37222300,-1.24261500,199.70,true,,
1790445825.900,marker,reconciled,0.00000000,0.00000000,0.00,false,,
1790445825.946,hud,speed,,,,,"0.0 / 0.0",0.000
1790445825.946,hud,heading,,,,,"0° / 0°",0.000
1790445825.946,hud,drift,,,,,"0.00%",0.000
1790445825.947,hud,turns,,,,,"✗ turns: 2/15",
1790445825.947,hud,calib_s,,,,,"✓ Buffer 6s",
1790445825.947,marker,gnss,52.37222300,-1.24261500,199.70,true,,
1790445825.948,marker,reconciled,0.00000000,0.00000000,0.00,false,,
1790445825.998,hud,speed,,,,,"0.0 / 0.0",0.000
1790445825.999,hud,heading,,,,,"0° / 0°",0.000
1790445825.999,hud,drift,,,,,"0.00%",0.000
1790445825.999,hud,turns,,,,,"✗ turns: 2/15",
1790445825.999,hud,calib_s,,,,,"✓ Buffer 6s",
1790445826.000,marker,gnss,52.37222300,-1.24261500,199.70,true,,
1790445826.000,marker,reconciled,0.00000000,0.00000000,0.00,false,,
1790445826.049,hud,speed,,,,,"0.0 / 0.0",0.000
1790445826.050,hud,heading,,,,,"0° / 0°",0.000
1790445826.050,hud,drift,,,,,"0.00%",0.000
1790445826.051,hud,turns,,,,,"✗ turns: 2/15",
1790445826.051,hud,calib_s,,,,,"✓ Buffer 6s",
1790445826.051,marker,gnss,52.37222300,-1.24261500,199.70,true,,
1790445826.052,marker,reconciled,0.00000000,0.00000000,0.00,false,,
1790445826.103,hud,speed,,,,,"0.0 / 0.0",0.000
1790445826.103,hud,heading,,,,,"0° / 0°",0.000
1790445826.103,hud,drift,,,,,"0.00%",0.000
1790445826.104,hud,turns,,,,,"✗ turns: 2/15",
1790445826.104,hud,calib_s,,,,,"✓ Buffer 6s",
1790445826.104,marker,gnss,52.37222300,-1.24261500,199.70,true,,
1790445826.104,marker,reconciled,0.00000000,0.00000000,0.00,false,,
1790445826.152,hud,speed,,,,,"0.0 / 0.0",0.000
1790445826.152,hud,heading,,,,,"0° / 0°",0.000
1790445826.153,hud,drift,,,,,"0.00%",0.000
1790445826.153,hud,turns,,,,,"✗ turns: 2/15",
1790445826.153,hud,calib_s,,,,,"✓ Buffer 6s",
1790445826.154,marker,gnss,52.37222300,-1.24261500,199.70,true,,
1790445826.154,marker,reconciled,0.00000000,0.00000000,0.00,false,,
1790445826.201,hud,speed,,,,,"0.0 / 0.0",0.000
1790445826.201,hud,heading,,,,,"0° / 0°",0.000
1790445826.201,hud,drift,,,,,"0.00%",0.000
1790445826.202,hud,turns,,,,,"✗ turns: 2/15",
1790445826.202,hud,calib_s,,,,,"✓ Buffer 6s",
1790445826.202,marker,gnss,52.37222300,-1.24261500,199.70,true,,
1790445826.203,marker,reconciled,0.00000000,0.00000000,0.00,false,,
1790445826.253,hud,speed,,,,,"0.0 / 0.0",0.000
1790445826.254,hud,heading,,,,,"0° / 0°",0.000
1790445826.254,hud,drift,,,,,"0.00%",0.000
1790445826.254,hud,turns,,,,,"✗ turns: 2/15",
1790445826.254,hud,calib_s,,,,,"✓ Buffer 6s",
1790445826.255,marker,gnss,52.37222300,-1.24261500,199.70,true,,
1790445826.255,marker,reconciled,0.00000000,0.00000000,0.00,false,,
1790445826.305,hud,speed,,,,,"0.0 / 0.0",0.000
1790445826.306,hud,heading,,,,,"0° / 0°",0.000
1790445826.306,hud,drift,,,,,"0.00%",0.000
1790445826.307,hud,turns,,,,,"✗ turns: 2/15",
1790445826.307,hud,calib_s,,,,,"✓ Buffer 6s",
1790445826.307,marker,gnss,52.37222300,-1.24261500,199.70,true,,
1790445826.308,marker,reconciled,0.00000000,0.00000000,0.00,false,,
1790445826.359,hud,speed,,,,,"0.0 / 0.0",0.000
1790445826.360,hud,heading,,,,,"0° / 0°",0.000
1790445826.360,hud,drift,,,,,"0.00%",0.000
1790445826.360,hud,turns,,,,,"✗ turns: 2/15",
1790445826.361,hud,calib_s,,,,,"✓ Buffer 6s",
1790445826.361,marker,gnss,52.37222300,-1.24261500,199.70,true,,
1790445826.361,marker,reconciled,0.00000000,0.00000000,0.00,false,,
1790445826.406,hud,speed,,,,,"0.0 / 0.0",0.000
1790445826.407,hud,heading,,,,,"0° / 0°",0.000
1790445826.407,hud,drift,,,,,"0.00%",0.000
1790445826.408,hud,turns,,,,,"✗ turns: 2/15",
1790445826.408,hud,calib_s,,,,,"✓ Buffer 6s",
1790445826.408,marker,gnss,52.37222300,-1.24261500,199.70,true,,
1790445826.409,marker,reconciled,0.00000000,0.00000000,0.00,false,,
1790445826.457,hud,speed,,,,,"0.0 / 0.0",0.000
1790445826.457,hud,heading,,,,,"0° / 0°",0.000
1790445826.458,hud,drift,,,,,"0.00%",0.000
1790445826.458,hud,turns,,,,,"✗ turns: 2/15",
1790445826.458,hud,calib_s,,,,,"✓ Buffer 6s",
1790445826.459,marker,gnss,52.37222300,-1.24261500,199.70,true,,
1790445826.459,marker,reconciled,0.00000000,0.00000000,0.00,false,,
1790445826.510,hud,speed,,,,,"0.0 / 0.0",0.000
1790445826.511,hud,heading,,,,,"0° / 0°",0.000
1790445826.511,hud,drift,,,,,"0.00%",0.000
1790445826.512,hud,turns,,,,,"✗ turns: 2/15",
1790445826.512,hud,calib_s,,,,,"✓ Buffer 6s",
1790445826.512,marker,gnss,52.37222300,-1.24261500,199.70,true,,
1790445826.513,marker,reconciled,0.00000000,0.00000000,0.00,false,,
1790445826.561,hud,speed,,,,,"0.0 / 0.0",0.000
1790445826.562,hud,heading,,,,,"0° / 0°",0.000
1790445826.562,hud,drift,,,,,"0.00%",0.000
1790445826.563,hud,turns,,,,,"✗ turns: 2/15",
1790445826.563,hud,calib_s,,,,,"✓ Buffer 6s",
1790445826.563,marker,gnss,52.37222300,-1.24261500,199.70,true,,
1790445826.564,marker,reconciled,0.00000000,0.00000000,0.00,false,,
1790445826.615,hud,speed,,,,,"0.0 / 0.0",0.000
1790445826.616,hud,heading,,,,,"0° / 0°",0.000
1790445826.616,hud,drift,,,,,"0.00%",0.000
1790445826.616,hud,turns,,,,,"✗ turns: 2/15",
1790445826.617,hud,calib_s,,,,,"✓ Buffer 6s",
1790445826.617,marker,gnss,52.37222300,-1.24261500,199.70,true,,
1790445826.617,marker,reconciled,0.00000000,0.00000000,0.00,false,,
1790445826.662,hud,speed,,,,,"0.0 / 0.0",0.000
1790445826.662,hud,heading,,,,,"0° / 0°",0.000
1790445826.663,hud,drift,,,,,"0.00%",0.000
1790445826.663,hud,turns,,,,,"✗ turns: 2/15",
1790445826.663,hud,calib_s,,,,,"✓ Buffer 6s",
1790445826.664,marker,gnss,52.37222300,-1.24261500,199.70,true,,
1790445826.664,marker,reconciled,0.00000000,0.00000000,0.00,false,,
1790445826.713,hud,speed,,,,,"0.0 / 0.0",0.000
1790445826.713,hud,heading,,,,,"0° / 0°",0.000
1790445826.714,hud,drift,,,,,"0.00%",0.000
1790445826.714,hud,turns,,,,,"✗ turns: 2/15",
1790445826.714,hud,calib_s,,,,,"✓ Buffer 6s",
1790445826.714,marker,gnss,52.37222300,-1.24261500,199.70,true,,
1790445826.715,marker,reconciled,0.00000000,0.00000000,0.00,false,,
1790445826.766,hud,speed,,,,,"0.0 / 0.0",0.000
1790445826.766,hud,heading,,,,,"0° / 0°",0.000
1790445826.767,hud,drift,,,,,"0.00%",0.000
1790445826.767,hud,turns,,,,,"✗ turns: 2/15",
1790445826.767,hud,calib_s,,,,,"✓ Buffer 6s",
1790445826.768,marker,gnss,52.37222300,-1.24261500,199.70,true,,
1790445826.768,marker,reconciled,0.00000000,0.00000000,0.00,false,,
1790445826.815,hud,speed,,,,,"0.0 / 0.0",0.000
1790445826.816,hud,heading,,,,,"0° / 0°",0.000
1790445826.816,hud,drift,,,,,"0.00%",0.000
1790445826.816,hud,turns,,,,,"✗ turns: 2/15",
1790445826.816,hud,calib_s,,,,,"✓ Buffer 6s",
1790445826.817,marker,gnss,52.37222300,-1.24261500,199.70,true,,
1790445826.817,marker,reconciled,0.00000000,0.00000000,0.00,false,,
1790445826.867,hud,speed,,,,,"0.0 / 0.0",0.000
1790445826.868,hud,heading,,,,,"0° / 0°",0.000
1790445826.868,hud,drift,,,,,"0.00%",0.000
1790445826.869,hud,turns,,,,,"✗ turns: 2/15",
1790445826.869,hud,calib_s,,,,,"✓ Buffer 6s",
1790445826.869,marker,gnss,52.37222300,-1.24261500,199.70,true,,
1790445826.869,marker,reconciled,0.00000000,0.00000000,0.00,false,,
1790445826.916,hud,speed,,,,,"0.0 / 0.0",0.000
1790445826.916,hud,heading,,,,,"0° / 0°",0.000
1790445826.916,hud,drift,,,,,"0.00%",0.000
1790445826.916,hud,turns,,,,,"✗ turns: 2/15",
1790445826.917,hud,calib_s,,,,,"✓ Buffer 6s",
1790445826.917,marker,gnss,52.37222300,-1.24261500,199.70,true,,
1790445826.917,marker,reconciled,0.00000000,0.00000000,0.00,false,,
1790445826.975,hud,speed,,,,,"0.0 / 0.0",0.000
1790445826.976,hud,heading,,,,,"0° / 0°",0.000
1790445826.976,hud,drift,,,,,"0.00%",0.000
1790445826.976,hud,turns,,,,,"✗ turns: 2/15",
1790445826.977,hud,calib_s,,,,,"✓ Buffer 6s",
1790445826.977,marker,gnss,52.37222300,-1.24261500,199.70,true,,
1790445826.977,marker,reconciled,0.00000000,0.00000000,0.00,false,,
1790445827.018,hud,speed,,,,,"0.0 / 0.0",0.000
1790445827.019,hud,heading,,,,,"0° / 0°",0.000
1790445827.019,hud,drift,,,,,"0.00%",0.000
1790445827.020,hud,turns,,,,,"✗ turns: 2/15",
1790445827.020,hud,calib_s,,,,,"✓ Buffer 6s",
1790445827.020,marker,gnss,52.37222300,-1.24261500,199.70,true,,
1790445827.021,marker,reconciled,0.00000000,0.00000000,0.00,false,,
1790445827.070,hud,speed,,,,,"0.0 / 0.0",0.000
1790445827.071,hud,heading,,,,,"0° / 0°",0.000
1790445827.071,hud,drift,,,,,"0.00%",0.000
1790445827.071,hud,turns,,,,,"✗ turns: 2/15",
1790445827.072,hud,calib_s,,,,,"✓ Buffer 6s",
1790445827.072,marker,gnss,52.37222300,-1.24261500,199.70,true,,
1790445827.072,marker,reconciled,0.00000000,0.00000000,0.00,false,,
1790445827.123,hud,speed,,,,,"0.0 / 0.0",0.000
1790445827.124,hud,heading,,,,,"0° / 0°",0.000
1790445827.124,hud,drift,,,,,"0.00%",0.000
1790445827.124,hud,turns,,,,,"✗ turns: 2/15",
1790445827.124,hud,calib_s,,,,,"✓ Buffer 6s",
1790445827.125,marker,gnss,52.37222300,-1.24261500,199.70,true,,
1790445827.125,marker,reconciled,0.00000000,0.00000000,0.00,false,,
1790445827.176,hud,speed,,,,,"0.0 / 0.0",0.000
1790445827.176,hud,heading,,,,,"0° / 0°",0.000
1790445827.177,hud,drift,,,,,"0.00%",0.000
1790445827.177,hud,turns,,,,,"✗ turns: 2/15",
1790445827.177,hud,calib_s,,,,,"✓ Buffer 6s",
1790445827.177,marker,gnss,52.37222300,-1.24261500,199.70,true,,
1790445827.178,marker,reconciled,0.00000000,0.00000000,0.00,false,,
1790445827.225,hud,speed,,,,,"0.0 / 0.0",0.000
1790445827.225,hud,heading,,,,,"0° / 0°",0.000
1790445827.225,hud,drift,,,,,"0.00%",0.000
1790445827.225,hud,turns,,,,,"✗ turns: 2/15",
1790445827.226,hud,calib_s,,,,,"✓ Buffer 6s",
1790445827.226,marker,gnss,52.37222300,-1.24261500,199.70,true,,
1790445827.227,marker,reconciled,0.00000000,0.00000000,0.00,false,,
1790445827.280,hud,speed,,,,,"0.0 / 0.0",0.000
1790445827.281,hud,heading,,,,,"0° / 0°",0.000
1790445827.281,hud,drift,,,,,"0.00%",0.000
1790445827.281,hud,turns,,,,,"✗ turns: 2/15",
1790445827.282,hud,calib_s,,,,,"✓ Buffer 6s",
1790445827.282,marker,gnss,52.37222300,-1.24261500,199.70,true,,
1790445827.283,marker,reconciled,0.00000000,0.00000000,0.00,false,,
1790445827.328,hud,speed,,,,,"0.0 / 0.0",0.000
1790445827.328,hud,heading,,,,,"0° / 0°",0.000
1790445827.329,hud,drift,,,,,"0.00%",0.000
1790445827.329,hud,turns,,,,,"✗ turns: 2/15",
1790445827.329,hud,calib_s,,,,,"✓ Buffer 6s",
1790445827.330,marker,gnss,52.37222300,-1.24261500,199.70,true,,
1790445827.330,marker,reconciled,0.00000000,0.00000000,0.00,false,,
1790445827.379,hud,speed,,,,,"0.0 / 0.0",0.000
1790445827.380,hud,heading,,,,,"0° / 0°",0.000
1790445827.380,hud,drift,,,,,"0.00%",0.000
1790445827.380,hud,turns,,,,,"✗ turns: 2/15",
1790445827.381,hud,calib_s,,,,,"✓ Buffer 6s",
1790445827.381,marker,gnss,52.37222300,-1.24261500,199.70,true,,
1790445827.381,marker,reconciled,0.00000000,0.00000000,0.00,false,,
1790445827.428,hud,speed,,,,,"0.0 / 0.0",0.000
1790445827.428,hud,heading,,,,,"0° / 0°",0.000
1790445827.428,hud,drift,,,,,"0.00%",0.000
1790445827.429,hud,turns,,,,,"✗ turns: 2/15",
1790445827.429,hud,calib_s,,,,,"✓ Buffer 6s",
1790445827.429,marker,gnss,52.37222300,-1.24261500,199.70,true,,
1790445827.429,marker,reconciled,0.00000000,0.00000000,0.00,false,,
1790445827.480,hud,speed,,,,,"0.0 / 0.0",0.000
1790445827.480,hud,heading,,,,,"0° / 0°",0.000
1790445827.480,hud,drift,,,,,"0.00%",0.000
1790445827.481,hud,turns,,,,,"✗ turns: 2/15",
1790445827.481,hud,calib_s,,,,,"✓ Buffer 6s",
1790445827.481,marker,gnss,52.37222300,-1.24261500,199.70,true,,
1790445827.482,marker,reconciled,0.00000000,0.00000000,0.00,false,,
1790445827.530,hud,speed,,,,,"0.0 / 0.0",0.000
1790445827.531,hud,heading,,,,,"0° / 0°",0.000
1790445827.531,hud,drift,,,,,"0.00%",0.000
1790445827.531,hud,turns,,,,,"✗ turns: 2/15",
1790445827.531,hud,calib_s,,,,,"✓ Buffer 6s",
1790445827.532,marker,gnss,52.37222300,-1.24261500,199.70,true,,
1790445827.532,marker,reconciled,0.00000000,0.00000000,0.00,false,,
1790445827.585,hud,speed,,,,,"0.0 / 0.0",0.000
1790445827.585,hud,heading,,,,,"0° / 0°",0.000
1790445827.586,hud,drift,,,,,"0.00%",0.000
1790445827.586,hud,turns,,,,,"✗ turns: 2/15",
1790445827.586,hud,calib_s,,,,,"✓ Buffer 6s",
1790445827.587,marker,gnss,52.37222300,-1.24261500,199.70,true,,
1790445827.587,marker,reconciled,0.00000000,0.00000000,0.00,false,,
1790445827.636,hud,speed,,,,,"0.0 / 0.0",0.000
1790445827.637,hud,heading,,,,,"0° / 0°",0.000
1790445827.637,hud,drift,,,,,"0.00%",0.000
1790445827.637,hud,turns,,,,,"✗ turns: 2/15",
1790445827.638,hud,calib_s,,,,,"✓ Buffer 6s",
1790445827.638,marker,gnss,52.37222300,-1.24261500,199.70,true,,
1790445827.639,marker,reconciled,0.00000000,0.00000000,0.00,false,,
1790445827.678,hud,speed,,,,,"0.0 / 0.0",0.000
1790445827.679,hud,heading,,,,,"0° / 0°",0.000
1790445827.679,hud,drift,,,,,"0.00%",0.000
1790445827.679,hud,turns,,,,,"✗ turns: 2/15",
1790445827.680,hud,calib_s,,,,,"✓ Buffer 6s",
1790445827.680,marker,gnss,52.37222300,-1.24261500,199.70,true,,
1790445827.680,marker,reconciled,0.00000000,0.00000000,0.00,false,,
1790445827.735,hud,speed,,,,,"0.0 / 0.0",0.000
1790445827.735,hud,heading,,,,,"0° / 0°",0.000
1790445827.735,hud,drift,,,,,"0.00%",0.000
1790445827.736,hud,turns,,,,,"✗ turns: 2/15",
1790445827.736,hud,calib_s,,,,,"✓ Buffer 6s",
1790445827.736,marker,gnss,52.37222300,-1.24261500,199.70,true,,
1790445827.737,marker,reconciled,0.00000000,0.00000000,0.00,false,,
1790445827.781,hud,speed,,,,,"0.0 / 0.0",0.000
1790445827.781,hud,heading,,,,,"0° / 0°",0.000
1790445827.781,hud,drift,,,,,"0.00%",0.000
1790445827.782,hud,turns,,,,,"✗ turns: 2/15",
1790445827.782,hud,calib_s,,,,,"✓ Buffer 6s",
1790445827.782,marker,gnss,52.37222300,-1.24261500,199.70,true,,
1790445827.783,marker,reconciled,0.00000000,0.00000000,0.00,false,,
1790445827.838,hud,speed,,,,,"0.0 / 0.0",0.000
1790445827.839,hud,heading,,,,,"0° / 0°",0.000
1790445827.839,hud,drift,,,,,"0.00%",0.000
1790445827.840,hud,turns,,,,,"✗ turns: 2/15",
1790445827.840,hud,calib_s,,,,,"✓ Buffer 6s",
1790445827.841,marker,gnss,52.37222300,-1.24261500,199.70,true,,
1790445827.841,marker,reconciled,0.00000000,0.00000000,0.00,false,,
1790445827.885,hud,speed,,,,,"0.0 / 0.0",0.000
1790445827.885,hud,heading,,,,,"0° / 0°",0.000
1790445827.886,hud,drift,,,,,"0.00%",0.000
1790445827.886,hud,turns,,,,,"✗ turns: 2/15",
1790445827.886,hud,calib_s,,,,,"✓ Buffer 6s",
1790445827.886,marker,gnss,52.37222300,-1.24261500,199.70,true,,
1790445827.887,marker,reconciled,0.00000000,0.00000000,0.00,false,,
1790445827.941,hud,speed,,,,,"0.0 / 0.0",0.000
1790445827.941,hud,heading,,,,,"0° / 0°",0.000
1790445827.941,hud,drift,,,,,"0.00%",0.000
1790445827.942,hud,turns,,,,,"✗ turns: 2/15",
1790445827.942,hud,calib_s,,,,,"✓ Buffer 6s",
1790445827.942,marker,gnss,52.37222300,-1.24261500,199.70,true,,
1790445827.943,marker,reconciled,0.00000000,0.00000000,0.00,false,,
1790445827.987,hud,speed,,,,,"0.0 / 0.0",0.000
1790445827.987,hud,heading,,,,,"0° / 0°",0.000
1790445827.988,hud,drift,,,,,"0.00%",0.000
1790445827.988,hud,turns,,,,,"✗ turns: 2/15",
1790445827.988,hud,calib_s,,,,,"✓ Buffer 6s",
1790445827.989,marker,gnss,52.37222300,-1.24261500,199.70,true,,
1790445827.989,marker,reconciled,0.00000000,0.00000000,0.00,false,,
1790445828.042,hud,speed,,,,,"0.0 / 0.0",0.000
1790445828.042,hud,heading,,,,,"0° / 0°",0.000
1790445828.043,hud,drift,,,,,"0.00%",0.000
1790445828.043,hud,turns,,,,,"✗ turns: 2/15",
1790445828.043,hud,calib_s,,,,,"✓ Buffer 6s",
1790445828.044,marker,gnss,52.37222300,-1.24261500,199.70,true,,
1790445828.044,marker,reconciled,0.00000000,0.00000000,0.00,false,,
1790445828.091,hud,speed,,,,,"0.0 / 0.0",0.000
1790445828.091,hud,heading,,,,,"0° / 0°",0.000
1790445828.091,hud,drift,,,,,"0.00%",0.000
1790445828.092,hud,turns,,,,,"✗ turns: 2/15",
1790445828.092,hud,calib_s,,,,,"✓ Buffer 6s",
1790445828.093,marker,gnss,52.37222300,-1.24261500,199.70,true,,
1790445828.093,marker,reconciled,0.00000000,0.00000000,0.00,false,,
1790445828.172,hud,speed,,,,,"5.7 / 5.6",5.700
1790445828.172,hud,heading,,,,,"236° / 82°",235.900
1790445828.173,hud,drift,,,,,"95.90%",95.900
1790445828.173,hud,turns,,,,,"✗ turns: 3/15",
1790445828.173,hud,calib_s,,,,,"✓ Buffer 6s",
1790445828.174,marker,gnss,52.37159700,-1.24225300,277.60,true,,
1790445828.175,marker,dr,52.37159489,-1.24226664,124.10,true,,
1790445828.176,marker,reconciled,0.00000000,0.00000000,0.00,false,,
1790445828.214,hud,speed,,,,,"5.9 / 5.6",5.900
1790445828.214,hud,heading,,,,,"236° / 82°",236.300
1790445828.215,hud,drift,,,,,"206.76%",206.760
1790445828.215,hud,turns,,,,,"✗ turns: 3/15",
1790445828.215,hud,calib_s,,,,,"✓ Buffer 6s",
1790445828.216,marker,gnss,52.37159700,-1.24225300,277.60,true,,
1790445828.216,marker,dr,52.37159157,-1.24227349,123.70,true,,
1790445828.217,marker,reconciled,0.00000000,0.00000000,0.00,false,,
1790445828.252,hud,speed,,,,,"6.0 / 5.6",6.030
1790445828.252,hud,heading,,,,,"236° / 82°",236.400
1790445828.253,hud,drift,,,,,"266.00%",266.000
1790445828.253,hud,turns,,,,,"✗ turns: 3/15",
1790445828.253,hud,calib_s,,,,,"✓ Buffer 6s",
1790445828.254,marker,gnss,52.37159700,-1.24225300,277.60,true,,
1790445828.254,marker,dr,52.37158813,-1.24228017,123.60,true,,
1790445828.255,marker,reconciled,0.00000000,0.00000000,0.00,false,,
1790445828.296,hud,speed,,,,,"6.0 / 5.6",6.030
1790445828.297,hud,heading,,,,,"237° / 82°",236.500
1790445828.297,hud,drift,,,,,"238.52%",238.520
1790445828.297,hud,turns,,,,,"✗ turns: 3/15",
1790445828.298,hud,calib_s,,,,,"✓ Buffer 6s",
1790445828.298,marker,gnss,52.37159700,-1.24225300,277.60,true,,
1790445828.299,marker,dr,52.37158461,-1.24228687,123.50,true,,
1790445828.299,marker,reconciled,0.00000000,0.00000000,0.00,false,,
1790445828.343,hud,speed,,,,,"5.8 / 5.6",5.820
1790445828.344,hud,heading,,,,,"237° / 82°",236.700
1790445828.344,hud,drift,,,,,"225.93%",225.930
1790445828.344,hud,turns,,,,,"✗ turns: 3/15",
1790445828.344,hud,calib_s,,,,,"✓ Buffer 6s",
1790445828.345,marker,gnss,52.37159700,-1.24225300,277.60,true,,
1790445828.345,marker,dr,52.37158116,-1.24229330,123.30,true,,
1790445828.345,marker,reconciled,0.00000000,0.00000000,0.00,false,,
1790445828.403,hud,speed,,,,,"5.8 / 5.6",5.780
1790445828.403,hud,heading,,,,,"237° / 82°",237.100
1790445828.404,hud,drift,,,,,"218.28%",218.280
1790445828.404,hud,turns,,,,,"✗ turns: 3/15",
1790445828.404,hud,calib_s,,,,,"✓ Buffer 6s",
1790445828.404,marker,gnss,52.37159700,-1.24225300,277.60,true,,
1790445828.405,marker,dr,52.37157766,-1.24229970,122.90,true,,
1790445828.405,marker,reconciled,0.00000000,0.00000000,0.00,false,,
1790445828.447,hud,speed,,,,,"5.8 / 5.6",5.790
1790445828.448,hud,heading,,,,,"237° / 82°",236.900
1790445828.448,hud,drift,,,,,"213.15%",213.150
1790445828.448,hud,turns,,,,,"✗ turns: 3/15",
1790445828.449,hud,calib_s,,,,,"✓ Buffer 6s",
1790445828.449,marker,gnss,52.37159700,-1.24225300,277.60,true,,
1790445828.449,marker,dr,52.37157416,-1.24230590,123.10,true,,
1790445828.450,marker,reconciled,0.00000000,0.00000000,0.00,false,,
1790445828.503,hud,speed,,,,,"5.8 / 5.6",5.820
1790445828.503,hud,heading,,,,,"237° / 82°",236.700
1790445828.503,hud,drift,,,,,"209.39%",209.390
1790445828.504,hud,turns,,,,,"✗ turns: 3/15",
1790445828.504,hud,calib_s,,,,,"✓ Buffer 6s",
1790445828.504,marker,gnss,52.37159700,-1.24225300,277.60,true,,
1790445828.505,marker,dr,52.37157065,-1.24231223,123.30,true,,
1790445828.505,marker,reconciled,0.00000000,0.00000000,0.00,false,,
1790445828.551,hud,speed,,,,,"5.8 / 5.6",5.840
1790445828.551,hud,heading,,,,,"236° / 82°",236.400
1790445828.551,hud,drift,,,,,"206.52%",206.520
1790445828.552,hud,turns,,,,,"✗ turns: 3/15",
1790445828.552,hud,calib_s,,,,,"✓ Buffer 6s",
1790445828.552,marker,gnss,52.37159700,-1.24225300,277.60,true,,
1790445828.553,marker,dr,52.37156712,-1.24231857,123.60,true,,
1790445828.553,marker,reconciled,0.00000000,0.00000000,0.00,false,,
1790445828.604,hud,speed,,,,,"5.9 / 5.6",5.870
1790445828.605,hud,heading,,,,,"236° / 82°",236.200
1790445828.605,hud,drift,,,,,"204.28%",204.280
1790445828.605,hud,turns,,,,,"✗ turns: 3/15",
1790445828.605,hud,calib_s,,,,,"✓ Buffer 6s",
1790445828.606,marker,gnss,52.37159700,-1.24225300,277.60,true,,
1790445828.607,marker,dr,52.37156360,-1.24232509,123.80,true,,
1790445828.607,marker,reconciled,0.00000000,0.00000000,0.00,false,,
1790445828.653,hud,speed,,,,,"5.9 / 5.6",5.880
1790445828.653,hud,heading,,,,,"236° / 82°",236.000
1790445828.653,hud,drift,,,,,"202.56%",202.560
1790445828.653,hud,turns,,,,,"✗ turns: 3/15",
1790445828.653,hud,calib_s,,,,,"✓ Buffer 6s",
1790445828.654,marker,gnss,52.37159700,-1.24225300,277.60,true,,
1790445828.654,marker,dr,52.37156023,-1.24233163,124.00,true,,
1790445828.654,marker,reconciled,0.00000000,0.00000000,0.00,false,,
1790445828.708,hud,speed,,,,,"5.9 / 5.6",5.850
1790445828.709,hud,heading,,,,,"236° / 82°",236.000
1790445828.709,hud,drift,,,,,"201.22%",201.220
1790445828.709,hud,turns,,,,,"✗ turns: 3/15",
1790445828.709,hud,calib_s,,,,,"✓ Buffer 6s",
1790445828.710,marker,gnss,52.37159700,-1.24225300,277.60,true,,
1790445828.711,marker,dr,52.37155687,-1.24233833,124.00,true,,
1790445828.711,marker,reconciled,0.00000000,0.00000000,0.00,false,,
1790445828.753,hud,speed,,,,,"5.9 / 5.6",5.900
1790445828.754,hud,heading,,,,,"236° / 82°",235.900
1790445828.755,hud,drift,,,,,"200.07%",200.070
1790445828.755,hud,turns,,,,,"✗ turns: 3/15",
1790445828.755,hud,calib_s,,,,,"✓ Buffer 6s",
1790445828.755,marker,gnss,52.37159700,-1.24225300,277.60,true,,
1790445828.756,marker,dr,52.37155360,-1.24234501,124.10,true,,
1790445828.756,marker,reconciled,0.00000000,0.00000000,0.00,false,,
1790445828.811,hud,speed,,,,,"5.9 / 5.6",5.940
1790445828.811,hud,heading,,,,,"236° / 82°",236.000
1790445828.812,hud,drift,,,,,"199.07%",199.070
1790445828.812,hud,turns,,,,,"✗ turns: 3/15",
1790445828.812,hud,calib_s,,,,,"✓ Buffer 6s",
1790445828.812,marker,gnss,52.37159700,-1.24225300,277.60,true,,
1790445828.813,marker,dr,52.37155036,-1.24235193,124.00,true,,
1790445828.813,marker,reconciled,0.00000000,0.00000000,0.00,false,,
1790445828.855,hud,speed,,,,,"6.0 / 5.6",6.030
1790445828.855,hud,heading,,,,,"236° / 82°",236.100
1790445828.856,hud,drift,,,,,"198.15%",198.150
1790445828.856,hud,turns,,,,,"✗ turns: 3/15",
1790445828.856,hud,calib_s,,,,,"✓ Buffer 6s",
1790445828.857,marker,gnss,52.37159700,-1.24225300,277.60,true,,
1790445828.857,marker,dr,52.37154717,-1.24235908,123.90,true,,
1790445828.858,marker,reconciled,0.00000000,0.00000000,0.00,false,,
1790445828.915,hud,speed,,,,,"6.1 / 5.6",6.110
1790445828.915,hud,heading,,,,,"236° / 82°",236.100
1790445828.916,hud,drift,,,,,"197.27%",197.270
1790445828.916,hud,turns,,,,,"✗ turns: 3/15",
1790445828.916,hud,calib_s,,,,,"✓ Buffer 6s",
1790445828.917,marker,gnss,52.37159700,-1.24225300,277.60,true,,
1790445828.917,marker,dr,52.37154399,-1.24236651,123.90,true,,
1790445828.918,marker,reconciled,0.00000000,0.00000000,0.00,false,,
1790445828.958,hud,speed,,,,,"6.2 / 5.6",6.190
1790445828.958,hud,heading,,,,,"236° / 82°",236.400
1790445828.959,hud,drift,,,,,"196.47%",196.470
1790445828.959,hud,turns,,,,,"✗ turns: 3/15",
1790445828.959,hud,calib_s,,,,,"✓ Buffer 6s",
1790445828.960,marker,gnss,52.37159700,-1.24225300,277.60,true,,
1790445828.960,marker,dr,52.37154095,-1.24237402,123.60,true,,
1790445828.960,marker,reconciled,0.00000000,0.00000000,0.00,false,,
1790445829.014,hud,speed,,,,,"6.3 / 5.6",6.340
1790445829.015,hud,heading,,,,,"237° / 82°",236.600
1790445829.015,hud,drift,,,,,"195.61%",195.610
1790445829.015,hud,turns,,,,,"✗ turns: 3/15",
1790445829.016,hud,calib_s,,,,,"✓ Buffer 6s",
1790445829.016,marker,gnss,52.37159700,-1.24225300,277.60,true,,
1790445829.016,marker,dr,52.37153776,-1.24238184,123.40,true,,
1790445829.017,marker,reconciled,0.00000000,0.00000000,0.00,false,,
1790445829.061,hud,speed,,,,,"6.4 / 5.6",6.410
1790445829.061,hud,heading,,,,,"237° / 82°",236.500
1790445829.062,hud,drift,,,,,"194.80%",194.800
1790445829.062,hud,turns,,,,,"✗ turns: 3/15",
1790445829.062,hud,calib_s,,,,,"✓ Buffer 6s",
1790445829.063,marker,gnss,52.37159700,-1.24225300,277.60,true,,
1790445829.063,marker,dr,52.37153460,-1.24238970,123.50,true,,
1790445829.064,marker,reconciled,0.00000000,0.00000000,0.00,false,,
1790445829.117,hud,speed,,,,,"6.5 / 5.6",6.460
1790445829.117,hud,heading,,,,,"237° / 82°",236.600
1790445829.118,hud,drift,,,,,"194.07%",194.070
1790445829.118,hud,turns,,,,,"✗ turns: 3/15",
1790445829.118,hud,calib_s,,,,,"✓ Buffer 6s",
1790445829.119,marker,gnss,52.37159700,-1.24225300,277.60,true,,
1790445829.119,marker,dr,52.37153153,-1.24239763,123.40,true,,
1790445829.120,marker,reconciled,0.00000000,0.00000000,0.00,false,,
1790445829.165,hud,speed,,,,,"6.5 / 5.6",6.520
1790445829.166,hud,heading,,,,,"237° / 82°",236.800
1790445829.166,hud,drift,,,,,"193.38%",193.380
1790445829.167,hud,turns,,,,,"✗ turns: 3/15",
1790445829.167,hud,calib_s,,,,,"✓ Buffer 6s",
1790445829.167,marker,gnss,52.37159700,-1.24225300,277.60,true,,
1790445829.168,marker,dr,52.37152849,-1.24240582,123.20,true,,
1790445829.168,marker,reconciled,0.00000000,0.00000000,0.00,false,,
1790445829.221,hud,speed,,,,,"6.6 / 5.6",6.600
1790445829.221,hud,heading,,,,,"237° / 82°",236.900
1790445829.221,hud,drift,,,,,"192.69%",192.690
1790445829.222,hud,turns,,,,,"✗ turns: 3/15",
1790445829.222,hud,calib_s,,,,,"✓ Buffer 6s",
1790445829.223,marker,gnss,52.37159700,-1.24225300,277.60,true,,
1790445829.224,marker,dr,52.37152540,-1.24241420,123.10,true,,
1790445829.224,marker,reconciled,0.00000000,0.00000000,0.00,false,,
1790445829.264,hud,speed,,,,,"6.8 / 5.6",6.760
1790445829.264,hud,heading,,,,,"237° / 82°",236.700
1790445829.265,hud,drift,,,,,"191.98%",191.980
1790445829.265,hud,turns,,,,,"✗ turns: 3/15",
1790445829.265,hud,calib_s,,,,,"✓ Buffer 6s",
1790445829.265,marker,gnss,52.37159700,-1.24225300,277.60,true,,
1790445829.266,marker,dr,52.37152231,-1.24242263,123.30,true,,
1790445829.267,marker,reconciled,0.00000000,0.00000000,0.00,false,,
1790445829.321,hud,speed,,,,,"6.9 / 5.6",6.860
1790445829.321,hud,heading,,,,,"237° / 82°",236.800
1790445829.322,hud,drift,,,,,"191.27%",191.270
1790445829.322,hud,turns,,,,,"✗ turns: 3/15",
1790445829.322,hud,calib_s,,,,,"✓ Buffer 6s",
1790445829.323,marker,gnss,52.37159700,-1.24225300,277.60,true,,
1790445829.323,marker,dr,52.37151922,-1.24243134,123.20,true,,
1790445829.324,marker,reconciled,0.00000000,0.00000000,0.00,false,,
1790445829.368,hud,speed,,,,,"6.9 / 5.6",6.920
1790445829.368,hud,heading,,,,,"237° / 82°",236.900
1790445829.369,hud,drift,,,,,"190.60%",190.600
1790445829.369,hud,turns,,,,,"✗ turns: 3/15",
1790445829.369,hud,calib_s,,,,,"✓ Buffer 6s",
1790445829.369,marker,gnss,52.37159700,-1.24225300,277.60,true,,
1790445829.370,marker,dr,52.37151609,-1.24244011,123.10,true,,
1790445829.370,marker,reconciled,0.00000000,0.00000000,0.00,false,,
1790445829.426,hud,speed,,,,,"6.9 / 5.6",6.870
1790445829.427,hud,heading,,,,,"237° / 82°",236.700
1790445829.427,hud,drift,,,,,"190.00%",190.000
1790445829.427,hud,turns,,,,,"✗ turns: 3/15",
1790445829.428,hud,calib_s,,,,,"✓ Buffer 6s",
1790445829.428,marker,gnss,52.37159700,-1.24225300,277.60,true,,
1790445829.429,marker,dr,52.37151295,-1.24244893,123.30,true,,
1790445829.429,marker,reconciled,0.00000000,0.00000000,0.00,false,,
1790445829.470,hud,speed,,,,,"6.9 / 5.6",6.880
1790445829.470,hud,heading,,,,,"237° / 82°",236.600
1790445829.471,hud,drift,,,,,"189.47%",189.470
1790445829.471,hud,turns,,,,,"✗ turns: 3/15",
1790445829.471,hud,calib_s,,,,,"✓ Buffer 6s",
1790445829.472,marker,gnss,52.37159700,-1.24225300,277.60,true,,
1790445829.472,marker,dr,52.37151000,-1.24245771,123.40,true,,
1790445829.473,marker,reconciled,0.00000000,0.00000000,0.00,false,,
1790445829.528,hud,speed,,,,,"6.9 / 5.6",6.940
1790445829.528,hud,heading,,,,,"237° / 82°",237.000
1790445829.529,hud,drift,,,,,"211.43%",211.430
1790445829.529,hud,turns,,,,,"✗ turns: 3/15",
1790445829.529,hud,calib_s,,,,,"✓ Buffer 6s",
1790445829.530,marker,gnss,52.37159700,-1.24225300,277.60,true,,
1790445829.530,marker,dr,52.37150697,-1.24246673,123.00,true,,
1790445829.531,marker,reconciled,0.00000000,0.00000000,0.00,false,,
1790445829.575,hud,speed,,,,,"7.0 / 5.6",7.040
1790445829.576,hud,heading,,,,,"237° / 82°",237.200
1790445829.576,hud,drift,,,,,"211.82%",211.820
1790445829.576,hud,turns,,,,,"✗ turns: 3/15",
1790445829.577,hud,calib_s,,,,,"✓ Buffer 6s",
1790445829.577,marker,gnss,52.37159700,-1.24225300,277.60,true,,
1790445829.577,marker,dr,52.37150404,-1.24247577,122.80,true,,
1790445829.578,marker,reconciled,0.00000000,0.00000000,0.00,false,,
1790445829.629,hud,speed,,,,,"7.1 / 5.6",7.090
1790445829.630,hud,heading,,,,,"238° / 82°",237.500
1790445829.630,hud,drift,,,,,"212.23%",212.230
1790445829.631,hud,turns,,,,,"✗ turns: 3/15",
1790445829.631,hud,calib_s,,,,,"✓ Buffer 6s",
1790445829.631,marker,gnss,52.37159700,-1.24225300,277.60,true,,
1790445829.632,marker,dr,52.37150115,-1.24248515,122.50,true,,
1790445829.632,marker,reconciled,0.00000000,0.00000000,0.00,false,,
1790445829.677,hud,speed,,,,,"7.0 / 5.6",7.040
1790445829.677,hud,heading,,,,,"237° / 82°",237.300
1790445829.678,hud,drift,,,,,"212.58%",212.580
1790445829.678,hud,turns,,,,,"✗ turns: 3/15",
1790445829.678,hud,calib_s,,,,,"✓ Buffer 6s",
1790445829.679,marker,gnss,52.37159700,-1.24225300,277.60,true,,
1790445829.679,marker,dr,52.37149831,-1.24249439,122.70,true,,
1790445829.680,marker,reconciled,0.00000000,0.00000000,0.00,false,,
1790445829.733,hud,speed,,,,,"7.1 / 5.6",7.070
1790445829.733,hud,heading,,,,,"237° / 82°",237.300
1790445829.733,hud,drift,,,,,"212.92%",212.920
1790445829.734,hud,turns,,,,,"✗ turns: 3/15",
1790445829.735,hud,calib_s,,,,,"✓ Buffer 6s",
1790445829.735,marker,gnss,52.37159700,-1.24225300,277.60,true,,
1790445829.736,marker,dr,52.37149541,-1.24250361,122.70,true,,
1790445829.737,marker,reconciled,0.00000000,0.00000000,0.00,false,,
1790445829.779,hud,speed,,,,,"7.0 / 5.6",7.010
1790445829.780,hud,heading,,,,,"237° / 82°",236.700
1790445829.780,hud,drift,,,,,"213.21%",213.210
1790445829.780,hud,turns,,,,,"✗ turns: 3/15",
1790445829.780,hud,calib_s,,,,,"✓ Buffer 6s",
1790445829.781,marker,gnss,52.37159700,-1.24225300,277.60,true,,
1790445829.781,marker,dr,52.37149255,-1.24251267,123.30,true,,
1790445829.781,marker,reconciled,0.00000000,0.00000000,0.00,false,,
1790445829.832,hud,speed,,,,,"6.9 / 5.6",6.860
1790445829.833,hud,heading,,,,,"237° / 82°",237.000
1790445829.833,hud,drift,,,,,"213.41%",213.410
1790445829.833,hud,turns,,,,,"✗ turns: 3/15",
1790445829.833,hud,calib_s,,,,,"✓ Buffer 6s",
1790445829.834,marker,gnss,52.37159700,-1.24225300,277.60,true,,
1790445829.834,marker,dr,52.37148989,-1.24252178,123.00,true,,
1790445829.835,marker,reconciled,0.00000000,0.00000000,0.00,false,,
1790445829.879,hud,speed,,,,,"6.9 / 5.6",6.890
1790445829.880,hud,heading,,,,,"237° / 82°",237.000
1790445829.880,hud,drift,,,,,"213.63%",213.630
1790445829.880,hud,turns,,,,,"✗ turns: 3/15",
1790445829.880,hud,calib_s,,,,,"✓ Buffer 6s",
1790445829.881,marker,gnss,52.37159700,-1.24225300,277.60,true,,
1790445829.881,marker,dr,52.37148721,-1.24253092,123.00,true,,
1790445829.881,marker,reconciled,0.00000000,0.00000000,0.00,false,,
1790445829.939,hud,speed,,,,,"7.1 / 5.6",7.120
1790445829.939,hud,heading,,,,,"237° / 82°",236.600
1790445829.939,hud,drift,,,,,"213.94%",213.940
1790445829.940,hud,turns,,,,,"✗ turns: 3/15",
1790445829.940,hud,calib_s,,,,,"✓ Buffer 6s",
1790445829.940,marker,gnss,52.37159700,-1.24225300,277.60,true,,
1790445829.941,marker,dr,52.37148425,-1.24254032,123.40,true,,
1790445829.941,marker,reconciled,0.00000000,0.00000000,0.00,false,,
1790445829.982,hud,speed,,,,,"7.2 / 5.6",7.220
1790445829.983,hud,heading,,,,,"236° / 82°",236.400
1790445829.983,hud,drift,,,,,"214.29%",214.290
1790445829.984,hud,turns,,,,,"✗ turns: 3/15",
1790445829.984,hud,calib_s,,,,,"✓ Buffer 6s",
1790445829.984,marker,gnss,52.37159700,-1.24225300,277.60,true,,
1790445829.985,marker,dr,52.37148140,-1.24254976,123.60,true,,
1790445829.985,marker,reconciled,0.00000000,0.00000000,0.00,false,,
1790445830.038,hud,speed,,,,,"7.2 / 5.6",7.150
1790445830.039,hud,heading,,,,,"237° / 82°",236.700
1790445830.039,hud,drift,,,,,"214.59%",214.590
1790445830.039,hud,turns,,,,,"✗ turns: 3/15",
1790445830.039,hud,calib_s,,,,,"✓ Buffer 6s",
1790445830.040,marker,gnss,52.37159700,-1.24225300,277.60,true,,
1790445830.040,marker,dr,52.37147869,-1.24255931,123.30,true,,
1790445830.040,marker,reconciled,0.00000000,0.00000000,0.00,false,,
1790445830.083,hud,speed,,,,,"7.2 / 5.6",7.210
1790445830.084,hud,heading,,,,,"237° / 82°",237.000
1790445830.084,hud,drift,,,,,"214.90%",214.900
1790445830.084,hud,turns,,,,,"✗ turns: 3/15",
1790445830.084,hud,calib_s,,,,,"✓ Buffer 6s",
1790445830.085,marker,gnss,52.37159700,-1.24225300,277.60,true,,
1790445830.085,marker,dr,52.37147582,-1.24256893,123.00,true,,
1790445830.086,marker,reconciled,0.00000000,0.00000000,0.00,false,,
1790445830.142,hud,speed,,,,,"7.4 / 5.6",7.350
1790445830.143,hud,heading,,,,,"237° / 82°",237.000
1790445830.143,hud,drift,,,,,"215.26%",215.260
1790445830.143,hud,turns,,,,,"✗ turns: 3/15",
1790445830.143,hud,calib_s,,,,,"✓ Buffer 6s",
1790445830.144,marker,gnss,52.37159700,-1.24225300,277.60,true,,
1790445830.144,marker,dr,52.37147290,-1.24257862,123.00,true,,
1790445830.145,marker,reconciled,0.00000000,0.00000000,0.00,false,,
1790445830.190,hud,speed,,,,,"7.5 / 5.6",7.500
1790445830.191,hud,heading,,,,,"237° / 82°",237.000
1790445830.191,hud,drift,,,,,"215.66%",215.660
1790445830.191,hud,turns,,,,,"✗ turns: 3/15",
1790445830.192,hud,calib_s,,,,,"✓ Buffer 6s",
1790445830.192,marker,gnss,52.37159700,-1.24225300,277.60,true,,
1790445830.192,marker,dr,52.37146993,-1.24258840,123.00,true,,
1790445830.193,marker,reconciled,0.00000000,0.00000000,0.00,false,,
1790445830.247,hud,speed,,,,,"7.3 / 5.6",7.340
1790445830.247,hud,heading,,,,,"237° / 82°",236.800
1790445830.247,hud,drift,,,,,"215.97%",215.970
1790445830.248,hud,turns,,,,,"✗ turns: 3/15",
1790445830.248,hud,calib_s,,,,,"✓ Buffer 6s",
1790445830.248,marker,gnss,52.37159700,-1.24225300,277.60,true,,
1790445830.249,marker,dr,52.37146693,-1.24259801,123.20,true,,
1790445830.249,marker,reconciled,0.00000000,0.00000000,0.00,false,,
1790445830.288,hud,speed,,,,,"7.3 / 5.6",7.280
1790445830.288,hud,heading,,,,,"237° / 82°",236.700
1790445830.289,hud,drift,,,,,"216.24%",216.240
1790445830.289,hud,turns,,,,,"✗ turns: 3/15",
1790445830.289,hud,calib_s,,,,,"✓ Buffer 6s",
1790445830.290,marker,gnss,52.37159700,-1.24225300,277.60,true,,
1790445830.290,marker,dr,52.37146388,-1.24260750,123.30,true,,
1790445830.291,marker,reconciled,0.00000000,0.00000000,0.00,false,,
1790445830.345,hud,speed,,,,,"7.3 / 5.6",7.250
1790445830.345,hud,heading,,,,,"237° / 82°",236.800
1790445830.345,hud,drift,,,,,"216.48%",216.480
1790445830.346,hud,turns,,,,,"✗ turns: 3/15",
1790445830.346,hud,calib_s,,,,,"✓ Buffer 6s",
1790445830.346,marker,gnss,52.37159700,-1.24225300,277.60,true,,
1790445830.347,marker,dr,52.37146082,-1.24261691,123.20,true,,
1790445830.347,marker,reconciled,0.00000000,0.00000000,0.00,false,,
1790445830.392,hud,speed,,,,,"7.3 / 5.6",7.310
1790445830.392,hud,heading,,,,,"237° / 82°",236.700
1790445830.392,hud,drift,,,,,"216.74%",216.740
1790445830.393,hud,turns,,,,,"✗ turns: 3/15",
1790445830.393,hud,calib_s,,,,,"✓ Buffer 6s",
1790445830.393,marker,gnss,52.37159700,-1.24225300,277.60,true,,
1790445830.394,marker,dr,52.37145776,-1.24262643,123.30,true,,
1790445830.394,marker,reconciled,0.00000000,0.00000000,0.00,false,,
1790445830.450,hud,speed,,,,,"7.3 / 5.6",7.330
1790445830.451,hud,heading,,,,,"237° / 82°",236.600
1790445830.451,hud,drift,,,,,"216.99%",216.990
1790445830.451,hud,turns,,,,,"✗ turns: 3/15",
1790445830.452,hud,calib_s,,,,,"✓ Buffer 6s",
1790445830.452,marker,gnss,52.37159700,-1.24225300,277.60,true,,
1790445830.452,marker,dr,52.37145467,-1.24263596,123.40,true,,
1790445830.453,marker,reconciled,0.00000000,0.00000000,0.00,false,,
1790445830.492,hud,speed,,,,,"7.5 / 5.6",7.490
1790445830.493,hud,heading,,,,,"237° / 82°",236.800
1790445830.493,hud,drift,,,,,"217.30%",217.300
1790445830.493,hud,turns,,,,,"✗ turns: 3/15",
1790445830.493,hud,calib_s,,,,,"✓ Buffer 6s",
1790445830.494,marker,gnss,52.37159700,-1.24225300,277.60,true,,
1790445830.494,marker,dr,52.37145145,-1.24264575,123.20,true,,
1790445830.495,marker,reconciled,0.00000000,0.00000000,0.00,false,,
1790445830.549,hud,speed,,,,,"7.4 / 5.6",7.400
1790445830.550,hud,heading,,,,,"237° / 82°",237.100
1790445830.550,hud,drift,,,,,"217.55%",217.550
1790445830.551,hud,turns,,,,,"✗ turns: 3/15",
1790445830.551,hud,calib_s,,,,,"✓ Buffer 6s",
1790445830.551,marker,gnss,52.37159700,-1.24225300,277.60,true,,
1790445830.552,marker,dr,52.37144834,-1.24265535,122.90,true,,
1790445830.552,marker,reconciled,0.00000000,0.00000000,0.00,false,,
1790445830.598,hud,speed,,,,,"7.5 / 5.6",7.510
1790445830.599,hud,heading,,,,,"237° / 82°",237.100
1790445830.599,hud,drift,,,,,"217.83%",217.830
1790445830.599,hud,turns,,,,,"✗ turns: 3/15",
1790445830.600,hud,calib_s,,,,,"✓ Buffer 6s",
1790445830.600,marker,gnss,52.37159700,-1.24225300,277.60,true,,
1790445830.601,marker,dr,52.37144517,-1.24266497,122.90,true,,
1790445830.601,marker,reconciled,0.00000000,0.00000000,0.00,false,,
1790445830.650,hud,speed,,,,,"7.5 / 5.6",7.510
1790445830.651,hud,heading,,,,,"237° / 82°",237.400
1790445830.651,hud,drift,,,,,"218.09%",218.090
1790445830.651,hud,turns,,,,,"✗ turns: 3/15",
1790445830.651,hud,calib_s,,,,,"✓ Buffer 6s",
1790445830.652,marker,gnss,52.37159700,-1.24225300,277.60,true,,
1790445830.652,marker,dr,52.37144200,-1.24267469,122.60,true,,
1790445830.653,marker,reconciled,0.00000000,0.00000000,0.00,false,,
1790445830.703,hud,speed,,,,,"7.8 / 5.6",7.750
1790445830.703,hud,heading,,,,,"238° / 82°",237.600
1790445830.704,hud,drift,,,,,"218.44%",218.440
1790445830.704,hud,turns,,,,,"✗ turns: 3/15",
1790445830.704,hud,calib_s,,,,,"✓ Buffer 6s",
1790445830.704,marker,gnss,52.37159700,-1.24225300,277.60,true,,
1790445830.705,marker,dr,52.37143877,-1.24268476,122.40,true,,
1790445830.705,marker,reconciled,0.00000000,0.00000000,0.00,false,,
1790445830.755,hud,speed,,,,,"7.7 / 5.6",7.660
1790445830.756,hud,heading,,,,,"238° / 82°",237.500
1790445830.756,hud,drift,,,,,"218.74%",218.740
1790445830.756,hud,turns,,,,,"✗ turns: 3/15",
1790445830.757,hud,calib_s,,,,,"✓ Buffer 6s",
1790445830.757,marker,gnss,52.37159700,-1.24225300,277.60,true,,
1790445830.758,marker,dr,52.37143547,-1.24269474,122.50,true,,
1790445830.758,marker,reconciled,0.00000000,0.00000000,0.00,false,,
1790445830.802,hud,speed,,,,,"7.8 / 5.6",7.800
1790445830.803,hud,heading,,,,,"237° / 82°",237.100
1790445830.803,hud,drift,,,,,"219.07%",219.070
1790445830.803,hud,turns,,,,,"✗ turns: 3/15",
1790445830.803,hud,calib_s,,,,,"✓ Buffer 6s",
1790445830.804,marker,gnss,52.37159700,-1.24225300,277.60,true,,
1790445830.804,marker,dr,52.37143210,-1.24270478,122.90,true,,
1790445830.805,marker,reconciled,0.00000000,0.00000000,0.00,false,,
1790445830.861,hud,speed,,,,,"7.7 / 5.6",7.740
1790445830.861,hud,heading,,,,,"237° / 82°",237.100
1790445830.862,hud,drift,,,,,"219.37%",219.370
1790445830.862,hud,turns,,,,,"✗ turns: 3/15",
1790445830.862,hud,calib_s,,,,,"✓ Buffer 6s",
1790445830.863,marker,gnss,52.37159700,-1.24225300,277.60,true,,
1790445830.864,marker,dr,52.37142882,-1.24271481,122.90,true,,
1790445830.864,marker,reconciled,0.00000000,0.00000000,0.00,false,,
1790445830.902,hud,speed,,,,,"7.9 / 5.6",7.940
1790445830.903,hud,heading,,,,,"237° / 82°",237.300
1790445830.903,hud,drift,,,,,"219.73%",219.730
1790445830.904,hud,turns,,,,,"✗ turns: 3/15",
1790445830.904,hud,calib_s,,,,,"✓ Buffer 6s",
1790445830.904,marker,gnss,52.37159700,-1.24225300,277.60,true,,
1790445830.905,marker,dr,52.37142542,-1.24272507,122.70,true,,
1790445830.905,marker,reconciled,0.00000000,0.00000000,0.00,false,,
1790445830.962,hud,speed,,,,,"8.0 / 5.6",7.990
1790445830.962,hud,heading,,,,,"237° / 82°",237.000
1790445830.962,hud,drift,,,,,"220.09%",220.090
1790445830.963,hud,turns,,,,,"✗ turns: 3/15",
1790445830.963,hud,calib_s,,,,,"✓ Buffer 6s",
1790445830.963,marker,gnss,52.37159700,-1.24225300,277.60,true,,
1790445830.964,marker,dr,52.37142193,-1.24273533,123.00,true,,
1790445830.964,marker,reconciled,0.00000000,0.00000000,0.00,false,,
1790445831.009,hud,speed,,,,,"7.9 / 5.6",7.940
1790445831.009,hud,heading,,,,,"237° / 82°",237.100
1790445831.009,hud,drift,,,,,"220.41%",220.410
1790445831.010,hud,turns,,,,,"✗ turns: 3/15",
1790445831.010,hud,calib_s,,,,,"✓ Buffer 6s",
1790445831.011,marker,gnss,52.37159700,-1.24225300,277.60,true,,
1790445831.011,marker,dr,52.37141843,-1.24274536,122.90,true,,
1790445831.011,marker,reconciled,0.00000000,0.00000000,0.00,false,,
1790445831.062,hud,speed,,,,,"7.8 / 5.6",7.780
1790445831.062,hud,heading,,,,,"237° / 82°",237.200
1790445831.063,hud,drift,,,,,"220.67%",220.670
1790445831.063,hud,turns,,,,,"✗ turns: 3/15",
1790445831.063,hud,calib_s,,,,,"✓ Buffer 6s",
1790445831.064,marker,gnss,52.37159700,-1.24225300,277.60,true,,
1790445831.064,marker,dr,52.37141486,-1.24275532,122.80,true,,
1790445831.064,marker,reconciled,0.00000000,0.00000000,0.00,false,,
1790445831.113,hud,speed,,,,,"8.0 / 5.6",7.950
1790445831.113,hud,heading,,,,,"238° / 82°",237.500
1790445831.114,hud,drift,,,,,"220.95%",220.950
1790445831.114,hud,turns,,,,,"✗ turns: 3/15",
1790445831.114,hud,calib_s,,,,,"✓ Buffer 6s",
1790445831.115,marker,gnss,52.37159700,-1.24225300,277.60,true,,
1790445831.115,marker,dr,52.37141120,-1.24276521,122.50,true,,
1790445831.116,marker,reconciled,0.00000000,0.00000000,0.00,false,,
1790445831.164,hud,speed,,,,,"8.0 / 5.6",8.030
1790445831.165,hud,heading,,,,,"238° / 82°",237.600
1790445831.165,hud,drift,,,,,"221.26%",221.260
1790445831.165,hud,turns,,,,,"✗ turns: 3/15",
1790445831.165,hud,calib_s,,,,,"✓ Buffer 6s",
1790445831.166,marker,gnss,52.37159700,-1.24225300,277.60,true,,
1790445831.166,marker,dr,52.37140745,-1.24277526,122.40,true,,
1790445831.167,marker,reconciled,0.00000000,0.00000000,0.00,false,,
1790445831.214,hud,speed,,,,,"8.4 / 5.6",8.360
1790445831.214,hud,heading,,,,,"238° / 82°",237.700
1790445831.215,hud,drift,,,,,"221.64%",221.640
1790445831.215,hud,turns,,,,,"✗ turns: 3/15",
1790445831.215,hud,calib_s,,,,,"✓ Buffer 6s",
1790445831.215,marker,gnss,52.37159700,-1.24225300,277.60,true,,
1790445831.216,marker,dr,52.37140340,-1.24278574,122.30,true,,
1790445831.216,marker,reconciled,0.00000000,0.00000000,0.00,false,,
1790445831.268,hud,speed,,,,,"8.2 / 5.6",8.220
1790445831.269,hud,heading,,,,,"238° / 82°",237.700
1790445831.269,hud,drift,,,,,"221.97%",221.970
1790445831.269,hud,turns,,,,,"✗ turns: 3/15",
1790445831.269,hud,calib_s,,,,,"✓ Buffer 6s",
1790445831.270,marker,gnss,52.37159700,-1.24225300,277.60,true,,
1790445831.270,marker,dr,52.37139935,-1.24279585,122.30,true,,
1790445831.271,marker,reconciled,0.00000000,0.00000000,0.00,false,,
1790445831.313,hud,speed,,,,,"8.3 / 5.6",8.250
1790445831.313,hud,heading,,,,,"237° / 82°",237.400
1790445831.313,hud,drift,,,,,"222.28%",222.280
1790445831.314,hud,turns,,,,,"✗ turns: 3/15",
1790445831.314,hud,calib_s,,,,,"✓ Buffer 6s",
1790445831.314,marker,gnss,52.37159700,-1.24225300,277.60,true,,
1790445831.315,marker,dr,52.37139521,-1.24280574,122.60,true,,
1790445831.315,marker,reconciled,0.00000000,0.00000000,0.00,false,,
1790445831.372,hud,speed,,,,,"8.1 / 5.6",8.110
1790445831.372,hud,heading,,,,,"237° / 82°",237.200
1790445831.373,hud,drift,,,,,"222.53%",222.530
1790445831.373,hud,turns,,,,,"✗ turns: 3/15",
1790445831.373,hud,calib_s,,,,,"✓ Buffer 6s",
1790445831.374,marker,gnss,52.37159700,-1.24225300,277.60,true,,
1790445831.374,marker,dr,52.37139100,-1.24281561,122.80,true,,
1790445831.375,marker,reconciled,0.00000000,0.00000000,0.00,false,,
1790445831.415,hud,speed,,,,,"8.1 / 5.6",8.110
1790445831.416,hud,heading,,,,,"237° / 82°",237.400
1790445831.416,hud,drift,,,,,"222.78%",222.780
1790445831.416,hud,turns,,,,,"✗ turns: 3/15",
1790445831.416,hud,calib_s,,,,,"✓ Buffer 6s",
1790445831.417,marker,gnss,52.37159700,-1.24225300,277.60,true,,
1790445831.417,marker,dr,52.37138682,-1.24282522,122.60,true,,
1790445831.417,marker,reconciled,0.00000000,0.00000000,0.00,false,,
1790445831.473,hud,speed,,,,,"8.1 / 5.6",8.070
1790445831.474,hud,heading,,,,,"238° / 82°",237.700
1790445831.474,hud,drift,,,,,"223.00%",223.000
1790445831.474,hud,turns,,,,,"✗ turns: 3/15",
1790445831.474,hud,calib_s,,,,,"✓ Buffer 6s",
1790445831.475,marker,gnss,52.37159700,-1.24225300,277.60,true,,
1790445831.475,marker,dr,52.37138257,-1.24283484,122.30,true,,
1790445831.476,marker,reconciled,0.00000000,0.00000000,0.00,false,,
1790445831.514,hud,speed,,,,,"8.1 / 5.6",8.110
1790445831.514,hud,heading,,,,,"238° / 82°",237.700
1790445831.515,hud,drift,,,,,"223.21%",223.210
1790445831.515,hud,turns,,,,,"✗ turns: 3/15",
1790445831.515,hud,calib_s,,,,,"✓ Buffer 6s",
1790445831.515,marker,gnss,52.37159700,-1.24225300,277.60,true,,
1790445831.516,marker,dr,52.37137811,-1.24284431,122.30,true,,
1790445831.516,marker,reconciled,0.00000000,0.00000000,0.00,false,,
1790445831.572,hud,speed,,,,,"8.1 / 5.6",8.070
1790445831.573,hud,heading,,,,,"238° / 82°",237.700
1790445831.573,hud,drift,,,,,"223.41%",223.410
1790445831.573,hud,turns,,,,,"✗ turns: 3/15",
1790445831.573,hud,calib_s,,,,,"✓ Buffer 6s",
1790445831.573,marker,gnss,52.37159700,-1.24225300,277.60,true,,
1790445831.574,marker,dr,52.37137362,-1.24285367,122.30,true,,
1790445831.574,marker,reconciled,0.00000000,0.00000000,0.00,false,,
1790445831.622,hud,speed,,,,,"8.1 / 5.6",8.050
1790445831.622,hud,heading,,,,,"238° / 82°",237.800
1790445831.623,hud,drift,,,,,"223.59%",223.590
1790445831.623,hud,turns,,,,,"✗ turns: 3/15",
1790445831.623,hud,calib_s,,,,,"✓ Buffer 6s",
1790445831.624,marker,gnss,52.37159700,-1.24225300,277.60,true,,
1790445831.624,marker,dr,52.37136907,-1.24286307,122.20,true,,
1790445831.624,marker,reconciled,0.00000000,0.00000000,0.00,false,,
1790445831.679,hud,speed,,,,,"7.9 / 5.6",7.920
1790445831.679,hud,heading,,,,,"238° / 82°",238.000
1790445831.679,hud,drift,,,,,"223.72%",223.720
1790445831.680,hud,turns,,,,,"✗ turns: 3/15",
1790445831.680,hud,calib_s,,,,,"✓ Buffer 6s",
1790445831.680,marker,gnss,52.37159700,-1.24225300,277.60,true,,
1790445831.681,marker,dr,52.37136462,-1.24287205,122.00,true,,
1790445831.681,marker,reconciled,0.00000000,0.00000000,0.00,false,,
1790445831.724,hud,speed,,,,,"7.9 / 5.6",7.850
1790445831.725,hud,heading,,,,,"238° / 82°",238.200
1790445831.725,hud,drift,,,,,"223.83%",223.830
1790445831.725,hud,turns,,,,,"✗ turns: 3/15",
1790445831.725,hud,calib_s,,,,,"✓ Buffer 6s",
1790445831.726,marker,gnss,52.37159700,-1.24225300,277.60,true,,
1790445831.728,marker,dr,52.37135996,-1.24288095,121.80,true,,
1790445831.728,marker,reconciled,0.00000000,0.00000000,0.00,false,,
1790445831.779,hud,speed,,,,,"7.8 / 5.6",7.770
1790445831.780,hud,heading,,,,,"238° / 82°",238.100
1790445831.780,hud,drift,,,,,"223.90%",223.900
1790445831.780,hud,turns,,,,,"✗ turns: 3/15",
1790445831.781,hud,calib_s,,,,,"✓ Buffer 6s",
1790445831.781,marker,gnss,52.37159700,-1.24225300,277.60,true,,
1790445831.782,marker,dr,52.37135536,-1.24288951,121.90,true,,
1790445831.782,marker,reconciled,0.00000000,0.00000000,0.00,false,,
1790445831.823,hud,speed,,,,,"7.8 / 5.6",7.780
1790445831.824,hud,heading,,,,,"238° / 82°",238.000
1790445831.824,hud,drift,,,,,"223.96%",223.960
1790445831.824,hud,turns,,,,,"✗ turns: 3/15",
1790445831.824,hud,calib_s,,,,,"✓ Buffer 6s",
1790445831.825,marker,gnss,52.37159700,-1.24225300,277.60,true,,
1790445831.825,marker,dr,52.37135060,-1.24289812,122.00,true,,
1790445831.825,marker,reconciled,0.00000000,0.00000000,0.00,false,,
1790445831.880,hud,speed,,,,,"7.8 / 5.6",7.750
1790445831.880,hud,heading,,,,,"238° / 82°",237.900
1790445831.881,hud,drift,,,,,"224.02%",224.020
1790445831.881,hud,turns,,,,,"✗ turns: 3/15",
1790445831.881,hud,calib_s,,,,,"✓ Buffer 6s",
1790445831.881,marker,gnss,52.37159700,-1.24225300,277.60,true,,
1790445831.882,marker,dr,52.37134595,-1.24290652,122.10,true,,
1790445831.883,marker,reconciled,0.00000000,0.00000000,0.00,false,,
1790445831.924,hud,speed,,,,,"7.8 / 5.6",7.780
1790445831.925,hud,heading,,,,,"238° / 82°",238.000
1790445831.925,hud,drift,,,,,"224.08%",224.080
1790445831.925,hud,turns,,,,,"✗ turns: 3/15",
1790445831.925,hud,calib_s,,,,,"✓ Buffer 6s",
1790445831.926,marker,gnss,52.37159700,-1.24225300,277.60,true,,
1790445831.926,marker,dr,52.37134119,-1.24291514,122.00,true,,
1790445831.926,marker,reconciled,0.00000000,0.00000000,0.00,false,,
1790445831.982,hud,speed,,,,,"7.8 / 5.6",7.780
1790445831.982,hud,heading,,,,,"238° / 82°",237.900
1790445831.983,hud,drift,,,,,"224.14%",224.140
1790445831.983,hud,turns,,,,,"✗ turns: 3/15",
1790445831.983,hud,calib_s,,,,,"✓ Buffer 6s",
1790445831.983,marker,gnss,52.37159700,-1.24225300,277.60,true,,
1790445831.984,marker,dr,52.37133654,-1.24292374,122.10,true,,
1790445831.984,marker,reconciled,0.00000000,0.00000000,0.00,false,,
1790445832.029,hud,speed,,,,,"7.7 / 5.6",7.720
1790445832.029,hud,heading,,,,,"238° / 82°",237.900
1790445832.030,hud,drift,,,,,"224.19%",224.190
1790445832.030,hud,turns,,,,,"✗ turns: 3/15",
1790445832.030,hud,calib_s,,,,,"✓ Buffer 6s",
1790445832.031,marker,gnss,52.37159700,-1.24225300,277.60,true,,
1790445832.031,marker,dr,52.37133195,-1.24293216,122.10,true,,
1790445832.032,marker,reconciled,0.00000000,0.00000000,0.00,false,,
1790445832.086,hud,speed,,,,,"7.6 / 5.6",7.610
1790445832.086,hud,heading,,,,,"238° / 82°",238.000
1790445832.087,hud,drift,,,,,"224.22%",224.220
1790445832.087,hud,turns,,,,,"✗ turns: 3/15",
1790445832.087,hud,calib_s,,,,,"✓ Buffer 6s",
1790445832.088,marker,gnss,52.37159700,-1.24225300,277.60,true,,
1790445832.088,marker,dr,52.37132744,-1.24294063,122.00,true,,
1790445832.088,marker,reconciled,0.00000000,0.00000000,0.00,false,,
1790445832.132,hud,speed,,,,,"7.6 / 5.6",7.630
1790445832.132,hud,heading,,,,,"238° / 82°",238.100
1790445832.133,hud,drift,,,,,"224.26%",224.260
1790445832.133,hud,turns,,,,,"✗ turns: 3/15",
1790445832.133,hud,calib_s,,,,,"✓ Buffer 6s",
1790445832.133,marker,gnss,52.37159700,-1.24225300,277.60,true,,
1790445832.135,marker,dr,52.37132297,-1.24294921,121.90,true,,
1790445832.135,marker,reconciled,0.00000000,0.00000000,0.00,false,,
1790445832.189,hud,speed,,,,,"7.5 / 5.6",7.540
1790445832.189,hud,heading,,,,,"238° / 82°",237.900
1790445832.189,hud,drift,,,,,"224.28%",224.280
1790445832.189,hud,turns,,,,,"✗ turns: 3/15",
1790445832.190,hud,calib_s,,,,,"✓ Buffer 6s",
1790445832.190,marker,gnss,52.37159700,-1.24225300,277.60,true,,
1790445832.191,marker,dr,52.37131859,-1.24295782,122.10,true,,
1790445832.191,marker,reconciled,0.00000000,0.00000000,0.00,false,,
1790445832.233,hud,speed,,,,,"7.5 / 5.6",7.540
1790445832.233,hud,heading,,,,,"238° / 82°",237.700
1790445832.233,hud,drift,,,,,"224.30%",224.300
1790445832.234,hud,turns,,,,,"✗ turns: 3/15",
1790445832.234,hud,calib_s,,,,,"✓ Buffer 6s",
1790445832.234,marker,gnss,52.37159700,-1.24225300,277.60,true,,
1790445832.235,marker,dr,52.37131431,-1.24296641,122.30,true,,
1790445832.235,marker,reconciled,0.00000000,0.00000000,0.00,false,,
1790445832.291,hud,speed,,,,,"7.6 / 5.6",7.600
1790445832.292,hud,heading,,,,,"238° / 82°",237.500
1790445832.292,hud,drift,,,,,"224.34%",224.340
1790445832.292,hud,turns,,,,,"✗ turns: 3/15",
1790445832.293,hud,calib_s,,,,,"✓ Buffer 6s",
1790445832.293,marker,gnss,52.37159700,-1.24225300,277.60,true,,
1790445832.294,marker,dr,52.37131011,-1.24297520,122.50,true,,
1790445832.294,marker,reconciled,0.00000000,0.00000000,0.00,false,,
1790445832.333,hud,speed,,,,,"7.6 / 5.6",7.610
1790445832.334,hud,heading,,,,,"237° / 82°",237.400
1790445832.334,hud,drift,,,,,"224.40%",224.400
1790445832.335,hud,turns,,,,,"✗ turns: 3/15",
1790445832.335,hud,calib_s,,,,,"✓ Buffer 6s",
1790445832.335,marker,gnss,52.37159700,-1.24225300,277.60,true,,
1790445832.336,marker,dr,52.37130608,-1.24298420,122.60,true,,
1790445832.336,marker,reconciled,0.00000000,0.00000000,0.00,false,,
1790445832.388,hud,speed,,,,,"7.6 / 5.6",7.590
1790445832.388,hud,heading,,,,,"238° / 82°",237.600
1790445832.389,hud,drift,,,,,"224.47%",224.470
1790445832.389,hud,turns,,,,,"✗ turns: 3/15",
1790445832.389,hud,calib_s,,,,,"✓ Buffer 6s",
1790445832.389,marker,gnss,52.37159700,-1.24225300,277.60,true,,
1790445832.390,marker,dr,52.37130223,-1.24299341,122.40,true,,
1790445832.391,marker,reconciled,0.00000000,0.00000000,0.00,false,,
1790445832.437,hud,speed,,,,,"7.6 / 5.6",7.590
1790445832.437,hud,heading,,,,,"238° / 82°",237.600
1790445832.437,hud,drift,,,,,"224.54%",224.540
1790445832.438,hud,turns,,,,,"✗ turns: 3/15",
1790445832.438,hud,calib_s,,,,,"✓ Buffer 6s",
1790445832.439,marker,gnss,52.37159700,-1.24225300,277.60,true,,
1790445832.439,marker,dr,52.37129855,-1.24300266,122.40,true,,
1790445832.440,marker,reconciled,0.00000000,0.00000000,0.00,false,,
1790445832.494,hud,speed,,,,,"7.5 / 5.6",7.510
1790445832.495,hud,heading,,,,,"238° / 82°",237.500
1790445832.495,hud,drift,,,,,"224.60%",224.600
1790445832.495,hud,turns,,,,,"✗ turns: 3/15",
1790445832.495,hud,calib_s,,,,,"✓ Buffer 6s",
1790445832.496,marker,gnss,52.37159700,-1.24225300,277.60,true,,
1790445832.496,marker,dr,52.37129501,-1.24301205,122.50,true,,
1790445832.496,marker,reconciled,0.00000000,0.00000000,0.00,false,,
1790445832.537,hud,speed,,,,,"7.5 / 5.6",7.500
1790445832.537,hud,heading,,,,,"238° / 82°",237.500
1790445832.538,hud,drift,,,,,"224.66%",224.660
1790445832.538,hud,turns,,,,,"✗ turns: 3/15",
1790445832.538,hud,calib_s,,,,,"✓ Buffer 6s",
1790445832.539,marker,gnss,52.37159700,-1.24225300,277.60,true,,
1790445832.539,marker,dr,52.37129161,-1.24302168,122.50,true,,
1790445832.540,marker,reconciled,0.00000000,0.00000000,0.00,false,,
1790445832.592,hud,speed,,,,,"7.5 / 5.6",7.500
1790445832.592,hud,heading,,,,,"237° / 82°",237.400
1790445832.593,hud,drift,,,,,"224.73%",224.730
1790445832.593,hud,turns,,,,,"✗ turns: 3/15",
1790445832.593,hud,calib_s,,,,,"✓ Buffer 6s",
1790445832.593,marker,gnss,52.37159700,-1.24225300,277.60,true,,
1790445832.594,marker,dr,52.37128843,-1.24303128,122.60,true,,
1790445832.595,marker,reconciled,0.00000000,0.00000000,0.00,false,,
1790445832.640,hud,speed,,,,,"7.5 / 5.6",7.500
1790445832.640,hud,heading,,,,,"238° / 82°",237.600
1790445832.641,hud,drift,,,,,"224.81%",224.810
1790445832.641,hud,turns,,,,,"✗ turns: 3/15",
1790445832.641,hud,calib_s,,,,,"✓ Buffer 6s",
1790445832.641,marker,gnss,52.37159700,-1.24225300,277.60,true,,
1790445832.642,marker,dr,52.37128541,-1.24304114,122.40,true,,
1790445832.642,marker,reconciled,0.00000000,0.00000000,0.00,false,,
1790445832.695,hud,speed,,,,,"7.4 / 5.6",7.350
1790445832.695,hud,heading,,,,,"238° / 82°",237.800
1790445832.695,hud,drift,,,,,"224.85%",224.850
1790445832.696,hud,turns,,,,,"✗ turns: 3/15",
1790445832.696,hud,calib_s,,,,,"✓ Buffer 6s",
1790445832.696,marker,gnss,52.37159700,-1.24225300,277.60,true,,
1790445832.697,marker,dr,52.37128263,-1.24305106,122.20,true,,
1790445832.698,marker,reconciled,0.00000000,0.00000000,0.00,false,,
1790445832.745,hud,speed,,,,,"7.3 / 5.6",7.280
1790445832.745,hud,heading,,,,,"238° / 95°",237.800
1790445832.745,hud,drift,,,,,"210.99%",210.990
1790445832.745,hud,turns,,,,,"✗ turns: 3/15",
1790445832.745,hud,calib_s,,,,,"✓ Buffer 6s",
1790445832.746,marker,gnss,52.37166200,-1.24143400,265.20,true,,
1790445832.746,marker,dr,52.37128008,-1.24306092,122.20,true,,
1790445832.747,marker,reconciled,0.00000000,0.00000000,0.00,false,,
1790445832.796,hud,speed,,,,,"7.2 / 5.6",7.200
1790445832.796,hud,heading,,,,,"238° / 95°",237.800
1790445832.797,hud,drift,,,,,"211.06%",211.060
1790445832.797,hud,turns,,,,,"✗ turns: 3/15",
1790445832.797,hud,calib_s,,,,,"✓ Buffer 6s",
1790445832.798,marker,gnss,52.37166200,-1.24143400,265.20,true,,
1790445832.798,marker,dr,52.37127767,-1.24307075,122.20,true,,
1790445832.799,marker,reconciled,0.00000000,0.00000000,0.00,false,,
1790445832.845,hud,speed,,,,,"7.3 / 5.6",7.290
1790445832.845,hud,heading,,,,,"238° / 95°",237.900
1790445832.846,hud,drift,,,,,"211.14%",211.140
1790445832.846,hud,turns,,,,,"✗ turns: 3/15",
1790445832.847,hud,calib_s,,,,,"✓ Buffer 6s",
1790445832.847,marker,gnss,52.37166200,-1.24143400,265.20,true,,
1790445832.848,marker,dr,52.37127536,-1.24308079,122.10,true,,
1790445832.848,marker,reconciled,0.00000000,0.00000000,0.00,false,,
1790445832.899,hud,speed,,,,,"7.3 / 5.6",7.260
1790445832.900,hud,heading,,,,,"238° / 95°",238.100
1790445832.900,hud,drift,,,,,"211.22%",211.220
1790445832.900,hud,turns,,,,,"✗ turns: 3/15",
1790445832.900,hud,calib_s,,,,,"✓ Buffer 6s",
1790445832.901,marker,gnss,52.37166200,-1.24143400,265.20,true,,
1790445832.901,marker,dr,52.37127316,-1.24309083,121.90,true,,
1790445832.902,marker,reconciled,0.00000000,0.00000000,0.00,false,,
1790445832.946,hud,speed,,,,,"7.3 / 5.6",7.270
1790445832.947,hud,heading,,,,,"238° / 95°",238.200
1790445832.947,hud,drift,,,,,"211.29%",211.290
1790445832.947,hud,turns,,,,,"✗ turns: 3/15",
1790445832.947,hud,calib_s,,,,,"✓ Buffer 6s",
1790445832.948,marker,gnss,52.37166200,-1.24143400,265.20,true,,
1790445832.948,marker,dr,52.37127108,-1.24310096,121.80,true,,
1790445832.948,marker,reconciled,0.00000000,0.00000000,0.00,false,,
1790445833.005,hud,speed,,,,,"7.3 / 5.6",7.280
1790445833.006,hud,heading,,,,,"238° / 95°",238.300
1790445833.006,hud,drift,,,,,"211.37%",211.370
1790445833.006,hud,turns,,,,,"✗ turns: 3/15",
1790445833.007,hud,calib_s,,,,,"✓ Buffer 6s",
1790445833.007,marker,gnss,52.37166200,-1.24143400,265.20,true,,
1790445833.008,marker,dr,52.37126910,-1.24311104,121.70,true,,
1790445833.008,marker,reconciled,0.00000000,0.00000000,0.00,false,,
1790445833.048,hud,speed,,,,,"7.3 / 5.6",7.260
1790445833.049,hud,heading,,,,,"238° / 95°",238.400
1790445833.049,hud,drift,,,,,"211.44%",211.440
1790445833.049,hud,turns,,,,,"✗ turns: 3/15",
1790445833.049,hud,calib_s,,,,,"✓ Buffer 6s",
1790445833.050,marker,gnss,52.37166200,-1.24143400,265.20,true,,
1790445833.051,marker,dr,52.37126713,-1.24312120,121.60,true,,
1790445833.051,marker,reconciled,0.00000000,0.00000000,0.00,false,,
1790445833.106,hud,speed,,,,,"7.4 / 5.6",7.430
1790445833.106,hud,heading,,,,,"238° / 95°",238.400
1790445833.107,hud,drift,,,,,"211.54%",211.540
1790445833.107,hud,turns,,,,,"✗ turns: 3/15",
1790445833.107,hud,calib_s,,,,,"✓ Buffer 6s",
1790445833.108,marker,gnss,52.37166200,-1.24143400,265.20,true,,
1790445833.108,marker,dr,52.37126510,-1.24313159,121.60,true,,
1790445833.108,marker,reconciled,0.00000000,0.00000000,0.00,false,,
1790445833.153,hud,speed,,,,,"7.6 / 5.6",7.580
1790445833.154,hud,heading,,,,,"238° / 95°",238.400
1790445833.154,hud,drift,,,,,"211.67%",211.670
1790445833.154,hud,turns,,,,,"✗ turns: 3/15",
1790445833.155,hud,calib_s,,,,,"✓ Buffer 6s",
1790445833.155,marker,gnss,52.37166200,-1.24143400,265.20,true,,
1790445833.155,marker,dr,52.37126304,-1.24314222,121.60,true,,
1790445833.156,marker,reconciled,0.00000000,0.00000000,0.00,false,,
1790445833.209,hud,speed,,,,,"7.5 / 5.6",7.490
1790445833.209,hud,heading,,,,,"238° / 95°",238.400
1790445833.210,hud,drift,,,,,"211.78%",211.780
1790445833.211,hud,turns,,,,,"✗ turns: 3/15",
1790445833.211,hud,calib_s,,,,,"✓ Buffer 6s",
1790445833.212,marker,gnss,52.37166200,-1.24143400,265.20,true,,
1790445833.212,marker,dr,52.37126102,-1.24315287,121.60,true,,
1790445833.213,marker,reconciled,0.00000000,0.00000000,0.00,false,,
1790445833.266,hud,speed,,,,,"7.6 / 5.6",7.570
1790445833.267,hud,heading,,,,,"238° / 95°",238.300
1790445833.267,hud,drift,,,,,"211.90%",211.900
1790445833.267,hud,turns,,,,,"✗ turns: 3/15",
1790445833.267,hud,calib_s,,,,,"✓ Buffer 6s",
1790445833.268,marker,gnss,52.37166200,-1.24143400,265.20,true,,
1790445833.268,marker,dr,52.37125901,-1.24316341,121.70,true,,
1790445833.268,marker,reconciled,0.00000000,0.00000000,0.00,false,,
1790445833.309,hud,speed,,,,,"7.7 / 5.6",7.730
1790445833.310,hud,heading,,,,,"238° / 95°",238.100
1790445833.310,hud,drift,,,,,"212.05%",212.050
1790445833.310,hud,turns,,,,,"✗ turns: 3/15",
1790445833.310,hud,calib_s,,,,,"✓ Buffer 6s",
1790445833.311,marker,gnss,52.37166200,-1.24143400,265.20,true,,
1790445833.311,marker,dr,52.37125690,-1.24317430,121.90,true,,
1790445833.312,marker,reconciled,0.00000000,0.00000000,0.00,false,,
1790445833.355,hud,speed,,,,,"7.8 / 5.6",7.780
1790445833.355,hud,heading,,,,,"238° / 95°",238.200
1790445833.355,hud,drift,,,,,"212.21%",212.210
1790445833.356,hud,turns,,,,,"✗ turns: 3/15",
1790445833.356,hud,calib_s,,,,,"✓ Buffer 6s",
1790445833.356,marker,gnss,52.37166200,-1.24143400,265.20,true,,
1790445833.356,marker,dr,52.37125487,-1.24318533,121.80,true,,
1790445833.357,marker,reconciled,0.00000000,0.00000000,0.00,false,,
1790445833.409,hud,speed,,,,,"8.0 / 5.6",8.020
1790445833.409,hud,heading,,,,,"238° / 95°",238.400
1790445833.409,hud,drift,,,,,"212.40%",212.400
1790445833.410,hud,turns,,,,,"✗ turns: 3/15",
1790445833.410,hud,calib_s,,,,,"✓ Buffer 6s",
1790445833.410,marker,gnss,52.37166200,-1.24143400,265.20,true,,
1790445833.411,marker,dr,52.37125267,-1.24319657,121.60,true,,
1790445833.411,marker,reconciled,0.00000000,0.00000000,0.00,false,,
1790445833.457,hud,speed,,,,,"8.2 / 5.6",8.190
1790445833.457,hud,heading,,,,,"239° / 95°",238.700
1790445833.457,hud,drift,,,,,"212.61%",212.610
1790445833.458,hud,turns,,,,,"✗ turns: 3/15",
1790445833.458,hud,calib_s,,,,,"✓ Buffer 6s",
1790445833.459,marker,gnss,52.37166200,-1.24143400,265.20,true,,
1790445833.459,marker,dr,52.37125044,-1.24320803,121.30,true,,
1790445833.460,marker,reconciled,0.00000000,0.00000000,0.00,false,,
1790445833.512,hud,speed,,,,,"8.2 / 5.6",8.170
1790445833.512,hud,heading,,,,,"239° / 95°",238.500
1790445833.512,hud,drift,,,,,"212.82%",212.820
1790445833.513,hud,turns,,,,,"✗ turns: 3/15",
1790445833.513,hud,calib_s,,,,,"✓ Buffer 6s",
1790445833.513,marker,gnss,52.37166200,-1.24143400,265.20,true,,
1790445833.514,marker,dr,52.37124822,-1.24321950,121.50,true,,
1790445833.514,marker,reconciled,0.00000000,0.00000000,0.00,false,,
1790445833.558,hud,speed,,,,,"8.3 / 5.6",8.280
1790445833.559,hud,heading,,,,,"238° / 95°",238.200
1790445833.559,hud,drift,,,,,"213.04%",213.040
1790445833.559,hud,turns,,,,,"✗ turns: 3/15",
1790445833.560,hud,calib_s,,,,,"✓ Buffer 6s",
1790445833.560,marker,gnss,52.37166200,-1.24143400,265.20,true,,
1790445833.560,marker,dr,52.37124590,-1.24323125,121.80,true,,
1790445833.561,marker,reconciled,0.00000000,0.00000000,0.00,false,,
1790445833.612,hud,speed,,,,,"8.4 / 5.6",8.360
1790445833.613,hud,heading,,,,,"238° / 95°",238.200
1790445833.613,hud,drift,,,,,"213.28%",213.280
1790445833.613,hud,turns,,,,,"✗ turns: 3/15",
1790445833.614,hud,calib_s,,,,,"✓ Buffer 6s",
1790445833.614,marker,gnss,52.37166200,-1.24143400,265.20,true,,
1790445833.615,marker,dr,52.37124356,-1.24324290,121.80,true,,
1790445833.615,marker,reconciled,0.00000000,0.00000000,0.00,false,,
1790445833.661,hud,speed,,,,,"8.5 / 5.6",8.510
1790445833.661,hud,heading,,,,,"238° / 95°",238.200
1790445833.662,hud,drift,,,,,"213.53%",213.530
1790445833.662,hud,turns,,,,,"✗ turns: 3/15",
1790445833.662,hud,calib_s,,,,,"✓ Buffer 6s",
1790445833.663,marker,gnss,52.37166200,-1.24143400,265.20,true,,
1790445833.663,marker,dr,52.37124102,-1.24325477,121.80,true,,
1790445833.663,marker,reconciled,0.00000000,0.00000000,0.00,false,,
1790445833.712,hud,speed,,,,,"8.6 / 5.6",8.640
1790445833.712,hud,heading,,,,,"238° / 95°",238.400
1790445833.713,hud,drift,,,,,"213.80%",213.800
1790445833.713,hud,turns,,,,,"✗ turns: 3/15",
1790445833.713,hud,calib_s,,,,,"✓ Buffer 6s",
1790445833.713,marker,gnss,52.37166200,-1.24143400,265.20,true,,
1790445833.714,marker,dr,52.37123827,-1.24326665,121.60,true,,
1790445833.714,marker,reconciled,0.00000000,0.00000000,0.00,false,,
1790445833.764,hud,speed,,,,,"8.7 / 5.6",8.700
1790445833.764,hud,heading,,,,,"238° / 95°",238.300
1790445833.764,hud,drift,,,,,"214.07%",214.070
1790445833.764,hud,turns,,,,,"✗ turns: 3/15",
1790445833.765,hud,calib_s,,,,,"✓ Buffer 6s",
1790445833.765,marker,gnss,52.37166200,-1.24143400,265.20,true,,
1790445833.765,marker,dr,52.37123540,-1.24327858,121.70,true,,
1790445833.766,marker,reconciled,0.00000000,0.00000000,0.00,false,,
1790445833.816,hud,speed,,,,,"8.8 / 5.6",8.780
1790445833.816,hud,heading,,,,,"238° / 95°",238.400
1790445833.817,hud,drift,,,,,"214.35%",214.350
1790445833.817,hud,turns,,,,,"✗ turns: 3/15",
1790445833.817,hud,calib_s,,,,,"✓ Buffer 6s",
1790445833.817,marker,gnss,52.37166200,-1.24143400,265.20,true,,
1790445833.818,marker,dr,52.37123242,-1.24329069,121.60,true,,
1790445833.818,marker,reconciled,0.00000000,0.00000000,0.00,false,,
1790445833.865,hud,speed,,,,,"8.9 / 5.6",8.880
1790445833.865,hud,heading,,,,,"238° / 95°",238.400
1790445833.865,hud,drift,,,,,"214.63%",214.630
1790445833.866,hud,turns,,,,,"✗ turns: 3/15",
1790445833.866,hud,calib_s,,,,,"✓ Buffer 6s",
1790445833.866,marker,gnss,52.37166200,-1.24143400,265.20,true,,
1790445833.867,marker,dr,52.37122936,-1.24330262,121.60,true,,
1790445833.867,marker,reconciled,0.00000000,0.00000000,0.00,false,,
1790445833.922,hud,speed,,,,,"8.9 / 5.6",8.930
1790445833.923,hud,heading,,,,,"238° / 95°",238.400
1790445833.923,hud,drift,,,,,"214.92%",214.920
1790445833.923,hud,turns,,,,,"✗ turns: 3/15",
1790445833.923,hud,calib_s,,,,,"✓ Buffer 6s",
1790445833.924,marker,gnss,52.37166200,-1.24143400,265.20,true,,
1790445833.924,marker,dr,52.37122613,-1.24331480,121.60,true,,
1790445833.925,marker,reconciled,0.00000000,0.00000000,0.00,false,,
1790445833.965,hud,speed,,,,,"9.0 / 5.6",8.990
1790445833.965,hud,heading,,,,,"239° / 95°",238.500
1790445833.966,hud,drift,,,,,"215.20%",215.200
1790445833.966,hud,turns,,,,,"✗ turns: 3/15",
1790445833.966,hud,calib_s,,,,,"✓ Buffer 6s",
1790445833.967,marker,gnss,52.37166200,-1.24143400,265.20,true,,
1790445833.967,marker,dr,52.37122284,-1.24332671,121.50,true,,
1790445833.968,marker,reconciled,0.00000000,0.00000000,0.00,false,,
1790445834.024,hud,speed,,,,,"9.0 / 5.6",9.030
1790445834.024,hud,heading,,,,,"239° / 95°",238.500
1790445834.025,hud,drift,,,,,"215.49%",215.490
1790445834.025,hud,turns,,,,,"✗ turns: 3/15",
1790445834.025,hud,calib_s,,,,,"✓ Buffer 6s",
1790445834.026,marker,gnss,52.37166200,-1.24143400,265.20,true,,
1790445834.026,marker,dr,52.37121943,-1.24333875,121.50,true,,
1790445834.027,marker,reconciled,0.00000000,0.00000000,0.00,false,,
1790445834.065,hud,speed,,,,,"9.0 / 5.6",9.010
1790445834.065,hud,heading,,,,,"239° / 95°",238.500
1790445834.066,hud,drift,,,,,"215.76%",215.760
1790445834.066,hud,turns,,,,,"✗ turns: 3/15",
1790445834.066,hud,calib_s,,,,,"✓ Buffer 6s",
1790445834.067,marker,gnss,52.37166200,-1.24143400,265.20,true,,
1790445834.067,marker,dr,52.37121597,-1.24335070,121.50,true,,
1790445834.068,marker,reconciled,0.00000000,0.00000000,0.00,false,,
1790445834.126,hud,speed,,,,,"8.9 / 5.6",8.900
1790445834.127,hud,heading,,,,,"239° / 95°",238.800
1790445834.127,hud,drift,,,,,"216.02%",216.020
1790445834.127,hud,turns,,,,,"✗ turns: 3/15",
1790445834.127,hud,calib_s,,,,,"✓ Buffer 6s",
1790445834.128,marker,gnss,52.37166200,-1.24143400,265.20,true,,
1790445834.128,marker,dr,52.37121251,-1.24336247,121.20,true,,
1790445834.129,marker,reconciled,0.00000000,0.00000000,0.00,false,,
1790445834.172,hud,speed,,,,,"8.9 / 5.6",8.880
1790445834.172,hud,heading,,,,,"239° / 95°",238.900
1790445834.172,hud,drift,,,,,"216.27%",216.270
1790445834.173,hud,turns,,,,,"✗ turns: 3/15",
1790445834.173,hud,calib_s,,,,,"✓ Buffer 6s",
1790445834.173,marker,gnss,52.37166200,-1.24143400,265.20,true,,
1790445834.174,marker,dr,52.37120903,-1.24337433,121.10,true,,
1790445834.174,marker,reconciled,0.00000000,0.00000000,0.00,false,,
1790445834.228,hud,speed,,,,,"8.8 / 5.6",8.770
1790445834.228,hud,heading,,,,,"239° / 95°",238.900
1790445834.229,hud,drift,,,,,"216.50%",216.500
1790445834.229,hud,turns,,,,,"✗ turns: 3/15",
1790445834.229,hud,calib_s,,,,,"✓ Buffer 6s",
1790445834.230,marker,gnss,52.37166200,-1.24143400,265.20,true,,
1790445834.231,marker,dr,52.37120561,-1.24338591,121.10,true,,
1790445834.231,marker,reconciled,0.00000000,0.00000000,0.00,false,,
1790445834.273,hud,speed,,,,,"8.6 / 5.6",8.600
1790445834.274,hud,heading,,,,,"239° / 95°",239.000
1790445834.274,hud,drift,,,,,"216.70%",216.700
1790445834.274,hud,turns,,,,,"✗ turns: 3/15",
1790445834.275,hud,calib_s,,,,,"✓ Buffer 6s",
1790445834.275,marker,gnss,52.37166200,-1.24143400,265.20,true,,
1790445834.276,marker,dr,52.37120222,-1.24339725,121.00,true,,
1790445834.276,marker,reconciled,0.00000000,0.00000000,0.00,false,,
1790445834.327,hud,speed,,,,,"8.5 / 5.6",8.450
1790445834.327,hud,heading,,,,,"239° / 95°",238.900
1790445834.327,hud,drift,,,,,"216.88%",216.880
1790445834.328,hud,turns,,,,,"✗ turns: 3/15",
1790445834.328,hud,calib_s,,,,,"✓ Buffer 6s",
1790445834.328,marker,gnss,52.37166200,-1.24143400,265.20,true,,
1790445834.329,marker,dr,52.37119891,-1.24340826,121.10,true,,
1790445834.329,marker,reconciled,0.00000000,0.00000000,0.00,false,,
1790445834.375,hud,speed,,,,,"8.4 / 5.6",8.380
1790445834.375,hud,heading,,,,,"239° / 95°",239.100
1790445834.376,hud,drift,,,,,"217.05%",217.050
1790445834.376,hud,turns,,,,,"✗ turns: 3/15",
1790445834.376,hud,calib_s,,,,,"✓ Buffer 6s",
1790445834.377,marker,gnss,52.37166200,-1.24143400,265.20,true,,
1790445834.377,marker,dr,52.37119555,-1.24341939,120.90,true,,
1790445834.377,marker,reconciled,0.00000000,0.00000000,0.00,false,,
1790445834.434,hud,speed,,,,,"8.3 / 5.6",8.270
1790445834.435,hud,heading,,,,,"239° / 95°",239.200
1790445834.435,hud,drift,,,,,"217.20%",217.200
1790445834.435,hud,turns,,,,,"✗ turns: 3/15",
1790445834.435,hud,calib_s,,,,,"✓ Buffer 6s",
1790445834.436,marker,gnss,52.37166200,-1.24143400,265.20,true,,
1790445834.436,marker,dr,52.37119228,-1.24343027,120.80,true,,
1790445834.437,marker,reconciled,0.00000000,0.00000000,0.00,false,,
1790445834.479,hud,speed,,,,,"8.2 / 5.6",8.150
1790445834.479,hud,heading,,,,,"239° / 95°",239.200
1790445834.480,hud,drift,,,,,"217.33%",217.330
1790445834.480,hud,turns,,,,,"✗ turns: 3/15",
1790445834.480,hud,calib_s,,,,,"✓ Buffer 6s",
1790445834.480,marker,gnss,52.37166200,-1.24143400,265.20,true,,
1790445834.481,marker,dr,52.37118903,-1.24344096,120.80,true,,
1790445834.481,marker,reconciled,0.00000000,0.00000000,0.00,false,,
1790445834.536,hud,speed,,,,,"8.0 / 5.6",7.990
1790445834.536,hud,heading,,,,,"240° / 95°",239.500
1790445834.536,hud,drift,,,,,"217.44%",217.440
1790445834.537,hud,turns,,,,,"✗ turns: 3/15",
1790445834.537,hud,calib_s,,,,,"✓ Buffer 6s",
1790445834.537,marker,gnss,52.37166200,-1.24143400,265.20,true,,
1790445834.538,marker,dr,52.37118585,-1.24345146,120.50,true,,
1790445834.538,marker,reconciled,0.00000000,0.00000000,0.00,false,,
1790445834.577,hud,speed,,,,,"7.8 / 5.6",7.820
1790445834.578,hud,heading,,,,,"239° / 95°",239.400
1790445834.578,hud,drift,,,,,"217.52%",217.520
1790445834.578,hud,turns,,,,,"✗ turns: 3/15",
1790445834.578,hud,calib_s,,,,,"✓ Buffer 6s",
1790445834.579,marker,gnss,52.37166200,-1.24143400,265.20,true,,
1790445834.579,marker,dr,52.37118272,-1.24346172,120.60,true,,
1790445834.580,marker,reconciled,0.00000000,0.00000000,0.00,false,,
1790445834.635,hud,speed,,,,,"7.7 / 5.6",7.700
1790445834.635,hud,heading,,,,,"239° / 95°",239.400
1790445834.635,hud,drift,,,,,"217.59%",217.590
1790445834.635,hud,turns,,,,,"✗ turns: 3/15",
1790445834.636,hud,calib_s,,,,,"✓ Buffer 6s",
1790445834.636,marker,gnss,52.37166200,-1.24143400,265.20,true,,
1790445834.637,marker,dr,52.37117966,-1.24347184,120.60,true,,
1790445834.637,marker,reconciled,0.00000000,0.00000000,0.00,false,,
1790445834.682,hud,speed,,,,,"7.5 / 5.6",7.510
1790445834.683,hud,heading,,,,,"239° / 95°",239.400
1790445834.683,hud,drift,,,,,"217.63%",217.630
1790445834.683,hud,turns,,,,,"✗ turns: 3/15",
1790445834.684,hud,calib_s,,,,,"✓ Buffer 6s",
1790445834.684,marker,gnss,52.37166200,-1.24143400,265.20,true,,
1790445834.685,marker,dr,52.37117666,-1.24348170,120.60,true,,
1790445834.685,marker,reconciled,0.00000000,0.00000000,0.00,false,,
1790445834.739,hud,speed,,,,,"7.5 / 5.6",7.480
1790445834.739,hud,heading,,,,,"239° / 95°",239.400
1790445834.740,hud,drift,,,,,"217.67%",217.670
1790445834.740,hud,turns,,,,,"✗ turns: 3/15",
1790445834.740,hud,calib_s,,,,,"✓ Buffer 6s",
1790445834.741,marker,gnss,52.37166200,-1.24143400,265.20,true,,
1790445834.741,marker,dr,52.37117366,-1.24349151,120.60,true,,
1790445834.742,marker,reconciled,0.00000000,0.00000000,0.00,false,,
1790445834.787,hud,speed,,,,,"7.4 / 5.6",7.410
1790445834.787,hud,heading,,,,,"239° / 95°",239.300
1790445834.788,hud,drift,,,,,"217.70%",217.700
1790445834.788,hud,turns,,,,,"✗ turns: 3/15",
1790445834.788,hud,calib_s,,,,,"✓ Buffer 6s",
1790445834.788,marker,gnss,52.37166200,-1.24143400,265.20,true,,
1790445834.789,marker,dr,52.37117069,-1.24350113,120.70,true,,
1790445834.789,marker,reconciled,0.00000000,0.00000000,0.00,false,,
1790445834.840,hud,speed,,,,,"7.4 / 5.6",7.410
1790445834.840,hud,heading,,,,,"239° / 95°",239.400
1790445834.841,hud,drift,,,,,"217.73%",217.730
1790445834.841,hud,turns,,,,,"✗ turns: 3/15",
1790445834.841,hud,calib_s,,,,,"✓ Buffer 6s",
1790445834.842,marker,gnss,52.37166200,-1.24143400,265.20,true,,
1790445834.842,marker,dr,52.37116764,-1.24351092,120.60,true,,
1790445834.843,marker,reconciled,0.00000000,0.00000000,0.00,false,,
1790445834.887,hud,speed,,,,,"7.4 / 5.6",7.390
1790445834.888,hud,heading,,,,,"239° / 95°",239.300
1790445834.888,hud,drift,,,,,"217.76%",217.760
1790445834.888,hud,turns,,,,,"✗ turns: 3/15",
1790445834.889,hud,calib_s,,,,,"✓ Buffer 6s",
1790445834.889,marker,gnss,52.37166200,-1.24143400,265.20,true,,
1790445834.890,marker,dr,52.37116465,-1.24352049,120.70,true,,
1790445834.890,marker,reconciled,0.00000000,0.00000000,0.00,false,,
1790445834.941,hud,speed,,,,,"7.3 / 5.6",7.300
1790445834.941,hud,heading,,,,,"239° / 95°",239.300
1790445834.942,hud,drift,,,,,"217.77%",217.770
1790445834.942,hud,turns,,,,,"✗ turns: 3/15",
1790445834.942,hud,calib_s,,,,,"✓ Buffer 6s",
1790445834.943,marker,gnss,52.37166200,-1.24143400,265.20,true,,
1790445834.943,marker,dr,52.37116166,-1.24353015,120.70,true,,
1790445834.943,marker,reconciled,0.00000000,0.00000000,0.00,false,,
1790445834.989,hud,speed,,,,,"7.3 / 5.6",7.310
1790445834.989,hud,heading,,,,,"240° / 95°",239.500
1790445834.989,hud,drift,,,,,"217.79%",217.790
1790445834.990,hud,turns,,,,,"✗ turns: 3/15",
1790445834.990,hud,calib_s,,,,,"✓ Buffer 6s",
1790445834.991,marker,gnss,52.37166200,-1.24143400,265.20,true,,
1790445834.991,marker,dr,52.37115873,-1.24353963,120.50,true,,
1790445834.992,marker,reconciled,0.00000000,0.00000000,0.00,false,,
1790445835.046,hud,speed,,,,,"7.2 / 5.6",7.240
1790445835.047,hud,heading,,,,,"239° / 95°",239.400
1790445835.047,hud,drift,,,,,"217.80%",217.800
1790445835.047,hud,turns,,,,,"✗ turns: 3/15",
1790445835.047,hud,calib_s,,,,,"✓ Buffer 6s",
1790445835.048,marker,gnss,52.37166200,-1.24143400,265.20,true,,
1790445835.048,marker,dr,52.37115578,-1.24354910,120.60,true,,
1790445835.049,marker,reconciled,0.00000000,0.00000000,0.00,false,,
1790445835.091,hud,speed,,,,,"7.2 / 5.6",7.180
1790445835.091,hud,heading,,,,,"240° / 95°",239.500
1790445835.091,hud,drift,,,,,"217.80%",217.800
1790445835.092,hud,turns,,,,,"✗ turns: 3/15",
1790445835.092,hud,calib_s,,,,,"✓ Buffer 6s",
1790445835.092,marker,gnss,52.37166200,-1.24143400,265.20,true,,
1790445835.093,marker,dr,52.37115283,-1.24355860,120.50,true,,
1790445835.093,marker,reconciled,0.00000000,0.00000000,0.00,false,,
1790445835.146,hud,speed,,,,,"7.1 / 5.6",7.050
1790445835.146,hud,heading,,,,,"240° / 95°",239.500
1790445835.147,hud,drift,,,,,"217.79%",217.790
1790445835.147,hud,turns,,,,,"✗ turns: 3/15",
1790445835.147,hud,calib_s,,,,,"✓ Buffer 6s",
1790445835.147,marker,gnss,52.37166200,-1.24143400,265.20,true,,
1790445835.148,marker,dr,52.37115000,-1.24356786,120.50,true,,
1790445835.149,marker,reconciled,0.00000000,0.00000000,0.00,false,,
1790445835.195,hud,speed,,,,,"7.0 / 5.6",6.970
1790445835.195,hud,heading,,,,,"239° / 95°",239.200
1790445835.195,hud,drift,,,,,"217.77%",217.770
1790445835.196,hud,turns,,,,,"✗ turns: 3/15",
1790445835.196,hud,calib_s,,,,,"✓ Buffer 6s",
1790445835.196,marker,gnss,52.37166200,-1.24143400,265.20,true,,
1790445835.197,marker,dr,52.37114731,-1.24357700,120.80,true,,
1790445835.197,marker,reconciled,0.00000000,0.00000000,0.00,false,,
1790445835.245,hud,speed,,,,,"6.8 / 5.6",6.820
1790445835.245,hud,heading,,,,,"239° / 95°",239.100
1790445835.246,hud,drift,,,,,"217.73%",217.730
1790445835.246,hud,turns,,,,,"✗ turns: 3/15",
1790445835.246,hud,calib_s,,,,,"✓ Buffer 6s",
1790445835.246,marker,gnss,52.37166200,-1.24143400,265.20,true,,
1790445835.247,marker,dr,52.37114475,-1.24358614,120.90,true,,
1790445835.247,marker,reconciled,0.00000000,0.00000000,0.00,false,,
1790445835.297,hud,speed,,,,,"6.8 / 5.6",6.780
1790445835.297,hud,heading,,,,,"239° / 95°",239.100
1790445835.297,hud,drift,,,,,"217.70%",217.700
1790445835.297,hud,turns,,,,,"✗ turns: 3/15",
1790445835.298,hud,calib_s,,,,,"✓ Buffer 6s",
1790445835.298,marker,gnss,52.37166200,-1.24143400,265.20,true,,
1790445835.299,marker,dr,52.37114230,-1.24359530,120.90,true,,
1790445835.299,marker,reconciled,0.00000000,0.00000000,0.00,false,,
1790445835.350,hud,speed,,,,,"6.6 / 5.6",6.610
1790445835.351,hud,heading,,,,,"239° / 95°",238.700
1790445835.351,hud,drift,,,,,"217.64%",217.640
1790445835.351,hud,turns,,,,,"✗ turns: 3/15",
1790445835.352,hud,calib_s,,,,,"✓ Buffer 6s",
1790445835.352,marker,gnss,52.37166200,-1.24143400,265.20,true,,
1790445835.352,marker,dr,52.37113997,-1.24360437,121.30,true,,
1790445835.353,marker,reconciled,0.00000000,0.00000000,0.00,false,,
1790445835.394,hud,speed,,,,,"6.4 / 5.6",6.410
1790445835.395,hud,heading,,,,,"239° / 95°",238.700
1790445835.395,hud,drift,,,,,"217.57%",217.570
1790445835.395,hud,turns,,,,,"✗ turns: 3/15",
1790445835.396,hud,calib_s,,,,,"✓ Buffer 6s",
1790445835.396,marker,gnss,52.37166200,-1.24143400,265.20,true,,
1790445835.396,marker,dr,52.37113785,-1.24361311,121.30,true,,
1790445835.397,marker,reconciled,0.00000000,0.00000000,0.00,false,,
1790445835.453,hud,speed,,,,,"6.3 / 5.6",6.260
1790445835.453,hud,heading,,,,,"239° / 95°",238.600
1790445835.454,hud,drift,,,,,"217.48%",217.480
1790445835.454,hud,turns,,,,,"✗ turns: 3/15",
1790445835.454,hud,calib_s,,,,,"✓ Buffer 6s",
1790445835.455,marker,gnss,52.37166200,-1.24143400,265.20,true,,
1790445835.455,marker,dr,52.37113582,-1.24362179,121.40,true,,
1790445835.455,marker,reconciled,0.00000000,0.00000000,0.00,false,,
1790445835.501,hud,speed,,,,,"6.1 / 5.6",6.070
1790445835.501,hud,heading,,,,,"238° / 95°",238.400
1790445835.502,hud,drift,,,,,"217.38%",217.380
1790445835.502,hud,turns,,,,,"✗ turns: 3/15",
1790445835.502,hud,calib_s,,,,,"✓ Buffer 6s",
1790445835.503,marker,gnss,52.37166200,-1.24143400,265.20,true,,
1790445835.503,marker,dr,52.37113391,-1.24363025,121.60,true,,
1790445835.504,marker,reconciled,0.00000000,0.00000000,0.00,false,,
1790445835.557,hud,speed,,,,,"5.9 / 5.6",5.910
1790445835.557,hud,heading,,,,,"238° / 95°",238.200
1790445835.557,hud,drift,,,,,"217.26%",217.260
1790445835.558,hud,turns,,,,,"✗ turns: 3/15",
1790445835.558,hud,calib_s,,,,,"✓ Buffer 6s",
1790445835.558,marker,gnss,52.37166200,-1.24143400,265.20,true,,
1790445835.559,marker,dr,52.37113215,-1.24363860,121.80,true,,
1790445835.559,marker,reconciled,0.00000000,0.00000000,0.00,false,,
1790445835.601,hud,speed,,,,,"5.8 / 5.6",5.790
1790445835.601,hud,heading,,,,,"238° / 95°",238.200
1790445835.601,hud,drift,,,,,"217.13%",217.130
1790445835.602,hud,turns,,,,,"✗ turns: 3/15",
1790445835.602,hud,calib_s,,,,,"✓ Buffer 6s",
1790445835.603,marker,gnss,52.37166200,-1.24143400,265.20,true,,
1790445835.603,marker,dr,52.37113047,-1.24364683,121.80,true,,
1790445835.603,marker,reconciled,0.00000000,0.00000000,0.00,false,,
1790445835.659,hud,speed,,,,,"5.7 / 5.6",5.690
1790445835.660,hud,heading,,,,,"238° / 95°",238.100
1790445835.660,hud,drift,,,,,"216.99%",216.990
1790445835.660,hud,turns,,,,,"✗ turns: 3/15",
1790445835.661,hud,calib_s,,,,,"✓ Buffer 6s",
1790445835.661,marker,gnss,52.37166200,-1.24143400,265.20,true,,
1790445835.662,marker,dr,52.37112887,-1.24365493,121.90,true,,
1790445835.662,marker,reconciled,0.00000000,0.00000000,0.00,false,,
1790445835.703,hud,speed,,,,,"5.6 / 5.6",5.630
1790445835.703,hud,heading,,,,,"238° / 95°",237.900
1790445835.704,hud,drift,,,,,"216.85%",216.850
1790445835.704,hud,turns,,,,,"✗ turns: 3/15",
1790445835.704,hud,calib_s,,,,,"✓ Buffer 6s",
1790445835.705,marker,gnss,52.37166200,-1.24143400,265.20,true,,
1790445835.705,marker,dr,52.37112733,-1.24366307,122.10,true,,
1790445835.705,marker,reconciled,0.00000000,0.00000000,0.00,false,,
1790445835.759,hud,speed,,,,,"5.5 / 5.6",5.510
1790445835.760,hud,heading,,,,,"238° / 95°",237.700
1790445835.760,hud,drift,,,,,"216.70%",216.700
1790445835.760,hud,turns,,,,,"✗ turns: 3/15",
1790445835.760,hud,calib_s,,,,,"✓ Buffer 6s",
1790445835.761,marker,gnss,52.37166200,-1.24143400,265.20,true,,
1790445835.761,marker,dr,52.37112588,-1.24367121,122.30,true,,
1790445835.761,marker,reconciled,0.00000000,0.00000000,0.00,false,,
1790445835.806,hud,speed,,,,,"5.4 / 5.6",5.360
1790445835.806,hud,heading,,,,,"238° / 95°",237.700
1790445835.806,hud,drift,,,,,"216.54%",216.540
1790445835.807,hud,turns,,,,,"✗ turns: 3/15",
1790445835.807,hud,calib_s,,,,,"✓ Buffer 6s",
1790445835.807,marker,gnss,52.37166200,-1.24143400,265.20,true,,
1790445835.808,marker,dr,52.37112462,-1.24367880,122.30,true,,
1790445835.808,marker,reconciled,0.00000000,0.00000000,0.00,false,,
1790445835.859,hud,speed,,,,,"5.3 / 5.6",5.300
1790445835.859,hud,heading,,,,,"238° / 95°",237.700
1790445835.860,hud,drift,,,,,"216.37%",216.370
1790445835.860,hud,turns,,,,,"✗ turns: 3/15",
1790445835.860,hud,calib_s,,,,,"✓ Buffer 6s",
1790445835.860,marker,gnss,52.37166200,-1.24143400,265.20,true,,
1790445835.861,marker,dr,52.37112339,-1.24368655,122.30,true,,
1790445835.861,marker,reconciled,0.00000000,0.00000000,0.00,false,,
1790445835.903,hud,speed,,,,,"5.3 / 5.6",5.250
1790445835.904,hud,heading,,,,,"238° / 95°",237.600
1790445835.904,hud,drift,,,,,"216.20%",216.200
1790445835.904,hud,turns,,,,,"✗ turns: 3/15",
1790445835.904,hud,calib_s,,,,,"✓ Buffer 6s",
1790445835.905,marker,gnss,52.37166200,-1.24143400,265.20,true,,
1790445835.905,marker,dr,52.37112215,-1.24369421,122.40,true,,
1790445835.905,marker,reconciled,0.00000000,0.00000000,0.00,false,,
1790445835.963,hud,speed,,,,,"5.2 / 5.6",5.170
1790445835.963,hud,heading,,,,,"238° / 95°",237.500
1790445835.964,hud,drift,,,,,"216.02%",216.020
1790445835.964,hud,turns,,,,,"✗ turns: 3/15",
1790445835.964,hud,calib_s,,,,,"✓ Buffer 6s",
1790445835.965,marker,gnss,52.37166200,-1.24143400,265.20,true,,
1790445835.965,marker,dr,52.37112091,-1.24370174,122.50,true,,
1790445835.966,marker,reconciled,0.00000000,0.00000000,0.00,false,,
1790445836.010,hud,speed,,,,,"5.2 / 5.6",5.170
1790445836.011,hud,heading,,,,,"237° / 95°",237.200
1790445836.011,hud,drift,,,,,"215.84%",215.840
1790445836.011,hud,turns,,,,,"✗ turns: 3/15",
1790445836.012,hud,calib_s,,,,,"✓ Buffer 6s",
1790445836.012,marker,gnss,52.37166200,-1.24143400,265.20,true,,
1790445836.012,marker,dr,52.37111961,-1.24370927,122.80,true,,
1790445836.013,marker,reconciled,0.00000000,0.00000000,0.00,false,,
1790445836.065,hud,speed,,,,,"5.1 / 5.6",5.080
1790445836.065,hud,heading,,,,,"237° / 95°",237.200
1790445836.065,hud,drift,,,,,"215.65%",215.650
1790445836.066,hud,turns,,,,,"✗ turns: 3/15",
1790445836.066,hud,calib_s,,,,,"✓ Buffer 6s",
1790445836.067,marker,gnss,52.37166200,-1.24143400,265.20,true,,
1790445836.067,marker,dr,52.37111835,-1.24371670,122.80,true,,
1790445836.067,marker,reconciled,0.00000000,0.00000000,0.00,false,,
1790445836.109,hud,speed,,,,,"5.0 / 5.6",5.040
1790445836.109,hud,heading,,,,,"237° / 95°",237.000
1790445836.109,hud,drift,,,,,"215.47%",215.470
1790445836.110,hud,turns,,,,,"✗ turns: 3/15",
1790445836.110,hud,calib_s,,,,,"✓ Buffer 6s",
1790445836.111,marker,gnss,52.37166200,-1.24143400,265.20,true,,
1790445836.112,marker,dr,52.37111706,-1.24372410,123.00,true,,
1790445836.112,marker,reconciled,0.00000000,0.00000000,0.00,false,,
1790445836.165,hud,speed,,,,,"5.1 / 5.6",5.080
1790445836.166,hud,heading,,,,,"237° / 95°",237.100
1790445836.166,hud,drift,,,,,"215.29%",215.290
1790445836.167,hud,turns,,,,,"✗ turns: 3/15",
1790445836.167,hud,calib_s,,,,,"✓ Buffer 6s",
1790445836.167,marker,gnss,52.37166200,-1.24143400,265.20,true,,
1790445836.168,marker,dr,52.37111574,-1.24373129,122.90,true,,
1790445836.168,marker,reconciled,0.00000000,0.00000000,0.00,false,,
1790445836.213,hud,speed,,,,,"5.2 / 5.6",5.170
1790445836.213,hud,heading,,,,,"237° / 95°",237.100
1790445836.213,hud,drift,,,,,"215.12%",215.120
1790445836.214,hud,turns,,,,,"✗ turns: 3/15",
1790445836.214,hud,calib_s,,,,,"✓ Buffer 6s",
1790445836.215,marker,gnss,52.37166200,-1.24143400,265.20,true,,
1790445836.215,marker,dr,52.37111430,-1.24373866,122.90,true,,
1790445836.216,marker,reconciled,0.00000000,0.00000000,0.00,false,,
1790445836.266,hud,speed,,,,,"5.3 / 5.6",5.260
1790445836.266,hud,heading,,,,,"237° / 95°",237.200
1790445836.267,hud,drift,,,,,"214.96%",214.960
1790445836.267,hud,turns,,,,,"✗ turns: 3/15",
1790445836.267,hud,calib_s,,,,,"✓ Buffer 6s",
1790445836.268,marker,gnss,52.37166200,-1.24143400,265.20,true,,
1790445836.268,marker,dr,52.37111270,-1.24374613,122.80,true,,
1790445836.269,marker,reconciled,0.00000000,0.00000000,0.00,false,,
1790445836.314,hud,speed,,,,,"5.3 / 5.6",5.340
1790445836.315,hud,heading,,,,,"237° / 95°",237.300
1790445836.315,hud,drift,,,,,"214.80%",214.800
1790445836.315,hud,turns,,,,,"✗ turns: 3/15",
1790445836.316,hud,calib_s,,,,,"✓ Buffer 6s",
1790445836.316,marker,gnss,52.37166200,-1.24143400,265.20,true,,
1790445836.316,marker,dr,52.37111100,-1.24375353,122.70,true,,
1790445836.317,marker,reconciled,0.00000000,0.00000000,0.00,false,,
1790445836.368,hud,speed,,,,,"5.4 / 5.6",5.420
1790445836.369,hud,heading,,,,,"237° / 95°",237.300
1790445836.369,hud,drift,,,,,"214.65%",214.650
1790445836.369,hud,turns,,,,,"✗ turns: 3/15",
1790445836.370,hud,calib_s,,,,,"✓ Buffer 6s",
1790445836.370,marker,gnss,52.37166200,-1.24143400,265.20,true,,
1790445836.371,marker,dr,52.37110918,-1.24376088,122.70,true,,
1790445836.371,marker,reconciled,0.00000000,0.00000000,0.00,false,,
1790445836.416,hud,speed,,,,,"5.6 / 5.6",5.550
1790445836.417,hud,heading,,,,,"237° / 95°",237.300
1790445836.417,hud,drift,,,,,"214.51%",214.510
1790445836.417,hud,turns,,,,,"✗ turns: 3/15",
1790445836.417,hud,calib_s,,,,,"✓ Buffer 6s",
1790445836.418,marker,gnss,52.37166200,-1.24143400,265.20,true,,
1790445836.418,marker,dr,52.37110720,-1.24376850,122.70,true,,
1790445836.419,marker,reconciled,0.00000000,0.00000000,0.00,false,,
1790445836.471,hud,speed,,,,,"5.7 / 5.6",5.660
1790445836.471,hud,heading,,,,,"237° / 95°",237.400
1790445836.472,hud,drift,,,,,"214.39%",214.390
1790445836.472,hud,turns,,,,,"✗ turns: 3/15",
1790445836.472,hud,calib_s,,,,,"✓ Buffer 6s",
1790445836.473,marker,gnss,52.37166200,-1.24143400,265.20,true,,
1790445836.473,marker,dr,52.37110512,-1.24377612,122.60,true,,
1790445836.473,marker,reconciled,0.00000000,0.00000000,0.00,false,,
1790445836.517,hud,speed,,,,,"5.7 / 5.6",5.730
1790445836.517,hud,heading,,,,,"237° / 95°",237.200
1790445836.518,hud,drift,,,,,"214.27%",214.270
1790445836.518,hud,turns,,,,,"✗ turns: 3/15",
1790445836.518,hud,calib_s,,,,,"✓ Buffer 6s",
1790445836.519,marker,gnss,52.37166200,-1.24143400,265.20,true,,
1790445836.519,marker,dr,52.37110297,-1.24378371,122.80,true,,
1790445836.520,marker,reconciled,0.00000000,0.00000000,0.00,false,,
1790445836.575,hud,speed,,,,,"5.8 / 5.6",5.780
1790445836.576,hud,heading,,,,,"237° / 95°",237.300
1790445836.576,hud,drift,,,,,"214.16%",214.160
1790445836.576,hud,turns,,,,,"✗ turns: 3/15",
1790445836.577,hud,calib_s,,,,,"✓ Buffer 6s",
1790445836.577,marker,gnss,52.37166200,-1.24143400,265.20,true,,
1790445836.578,marker,dr,52.37110073,-1.24379151,122.70,true,,
1790445836.578,marker,reconciled,0.00000000,0.00000000,0.00,false,,
1790445836.618,hud,speed,,,,,"5.9 / 5.6",5.880
1790445836.619,hud,heading,,,,,"237° / 95°",237.400
1790445836.619,hud,drift,,,,,"214.06%",214.060
1790445836.620,hud,turns,,,,,"✗ turns: 3/15",
1790445836.620,hud,calib_s,,,,,"✓ Buffer 6s",
1790445836.620,marker,gnss,52.37166200,-1.24143400,265.20,true,,
1790445836.621,marker,dr,52.37109844,-1.24379931,122.60,true,,
1790445836.621,marker,reconciled,0.00000000,0.00000000,0.00,false,,
1790445836.676,hud,speed,,,,,"6.0 / 5.6",6.030
1790445836.677,hud,heading,,,,,"237° / 95°",237.300
1790445836.677,hud,drift,,,,,"213.98%",213.980
1790445836.677,hud,turns,,,,,"✗ turns: 3/15",
1790445836.677,hud,calib_s,,,,,"✓ Buffer 6s",
1790445836.678,marker,gnss,52.37166200,-1.24143400,265.20,true,,
1790445836.678,marker,dr,52.37109606,-1.24380719,122.70,true,,
1790445836.679,marker,reconciled,0.00000000,0.00000000,0.00,false,,
1790445836.722,hud,speed,,,,,"6.1 / 5.6",6.090
1790445836.723,hud,heading,,,,,"237° / 95°",237.400
1790445836.723,hud,drift,,,,,"213.89%",213.890
1790445836.724,hud,turns,,,,,"✗ turns: 3/15",
1790445836.724,hud,calib_s,,,,,"✓ Buffer 6s",
1790445836.724,marker,gnss,52.37166200,-1.24143400,265.20,true,,
1790445836.725,marker,dr,52.37109358,-1.24381518,122.60,true,,
1790445836.725,marker,reconciled,0.00000000,0.00000000,0.00,false,,
1790445836.775,hud,speed,,,,,"6.4 / 5.6",6.400
1790445836.775,hud,heading,,,,,"237° / 95°",237.400
1790445836.775,hud,drift,,,,,"213.84%",213.840
1790445836.775,hud,turns,,,,,"✗ turns: 3/15",
1790445836.775,hud,calib_s,,,,,"✓ Buffer 6s",
1790445836.776,marker,gnss,52.37166200,-1.24143400,265.20,true,,
1790445836.776,marker,dr,52.37109094,-1.24382353,122.60,true,,
1790445836.776,marker,reconciled,0.00000000,0.00000000,0.00,false,,
1790445836.825,hud,speed,,,,,"6.4 / 5.6",6.430
1790445836.825,hud,heading,,,,,"237° / 95°",237.400
1790445836.826,hud,drift,,,,,"213.79%",213.790
1790445836.826,hud,turns,,,,,"✗ turns: 3/15",
1790445836.826,hud,calib_s,,,,,"✓ Buffer 6s",
1790445836.827,marker,gnss,52.37166200,-1.24143400,265.20,true,,
1790445836.827,marker,dr,52.37108827,-1.24383202,122.60,true,,
1790445836.827,marker,reconciled,0.00000000,0.00000000,0.00,false,,
1790445836.878,hud,speed,,,,,"6.7 / 5.6",6.720
1790445836.879,hud,heading,,,,,"237° / 95°",237.300
1790445836.879,hud,drift,,,,,"213.78%",213.780
1790445836.879,hud,turns,,,,,"✗ turns: 3/15",
1790445836.880,hud,calib_s,,,,,"✓ Buffer 6s",
1790445836.880,marker,gnss,52.37166200,-1.24143400,265.20,true,,
1790445836.880,marker,dr,52.37108551,-1.24384069,122.70,true,,
1790445836.881,marker,reconciled,0.00000000,0.00000000,0.00,false,,
1790445836.925,hud,speed,,,,,"6.9 / 5.6",6.890
1790445836.925,hud,heading,,,,,"237° / 95°",237.000
1790445836.926,hud,drift,,,,,"213.77%",213.770
1790445836.926,hud,turns,,,,,"✗ turns: 3/15",
1790445836.926,hud,calib_s,,,,,"✓ Buffer 6s",
1790445836.927,marker,gnss,52.37166200,-1.24143400,265.20,true,,
1790445836.927,marker,dr,52.37108262,-1.24384967,123.00,true,,
1790445836.928,marker,reconciled,0.00000000,0.00000000,0.00,false,,
1790445836.979,hud,speed,,,,,"7.1 / 5.6",7.060
1790445836.979,hud,heading,,,,,"237° / 95°",236.700
1790445836.980,hud,drift,,,,,"213.79%",213.790
1790445836.980,hud,turns,,,,,"✗ turns: 3/15",
1790445836.980,hud,calib_s,,,,,"✓ Buffer 6s",
1790445836.980,marker,gnss,52.37166200,-1.24143400,265.20,true,,
1790445836.981,marker,dr,52.37107966,-1.24385887,123.30,true,,
1790445836.981,marker,reconciled,0.00000000,0.00000000,0.00,false,,
1790445837.037,hud,speed,,,,,"7.0 / 5.6",7.000
1790445837.038,hud,heading,,,,,"236° / 95°",236.300
1790445837.038,hud,drift,,,,,"213.80%",213.800
1790445837.038,hud,turns,,,,,"✗ turns: 3/15",
1790445837.039,hud,calib_s,,,,,"✓ Buffer 6s",
1790445837.039,marker,gnss,52.37166200,-1.24143400,265.20,true,,
1790445837.040,marker,dr,52.37107670,-1.24386823,123.70,true,,
1790445837.040,marker,reconciled,0.00000000,0.00000000,0.00,false,,
1790445837.085,hud,speed,,,,,"6.9 / 5.6",6.910
1790445837.085,hud,heading,,,,,"236° / 95°",236.300
1790445837.086,hud,drift,,,,,"213.80%",213.800
1790445837.086,hud,turns,,,,,"✗ turns: 3/15",
1790445837.087,hud,calib_s,,,,,"✓ Buffer 6s",
1790445837.087,marker,gnss,52.37166200,-1.24143400,265.20,true,,
1790445837.088,marker,dr,52.37107389,-1.24387716,123.70,true,,
1790445837.088,marker,reconciled,0.00000000,0.00000000,0.00,false,,
1790445837.130,hud,speed,,,,,"6.9 / 5.6",6.910
1790445837.130,hud,heading,,,,,"236° / 95°",236.300
1790445837.130,hud,drift,,,,,"213.80%",213.800
1790445837.131,hud,turns,,,,,"✗ turns: 3/15",
1790445837.131,hud,calib_s,,,,,"✓ Buffer 6s",
1790445837.131,marker,gnss,52.37166200,-1.24143400,265.20,true,,
1790445837.132,marker,dr,52.37107097,-1.24388620,123.70,true,,
1790445837.132,marker,reconciled,0.00000000,0.00000000,0.00,false,,
1790445837.185,hud,speed,,,,,"7.0 / 5.6",6.950
1790445837.186,hud,heading,,,,,"236° / 95°",236.200
1790445837.186,hud,drift,,,,,"213.81%",213.810
1790445837.186,hud,turns,,,,,"✗ turns: 3/15",
1790445837.187,hud,calib_s,,,,,"✓ Buffer 6s",
1790445837.187,marker,gnss,52.37166200,-1.24143400,265.20,true,,
1790445837.188,marker,dr,52.37106796,-1.24389533,123.80,true,,
1790445837.188,marker,reconciled,0.00000000,0.00000000,0.00,false,,
1790445837.229,hud,speed,,,,,"6.9 / 5.6",6.910
1790445837.229,hud,heading,,,,,"236° / 95°",236.100
1790445837.230,hud,drift,,,,,"213.81%",213.810
1790445837.230,hud,turns,,,,,"✗ turns: 3/15",
1790445837.230,hud,calib_s,,,,,"✓ Buffer 6s",
1790445837.231,marker,gnss,52.37166200,-1.24143400,265.20,true,,
1790445837.231,marker,dr,52.37106498,-1.24390432,123.90,true,,
1790445837.231,marker,reconciled,0.00000000,0.00000000,0.00,false,,
1790445837.292,hud,speed,,,,,"6.9 / 5.6",6.910
1790445837.292,hud,heading,,,,,"236° / 95°",235.900
1790445837.293,hud,drift,,,,,"213.81%",213.810
1790445837.293,hud,turns,,,,,"✗ turns: 3/15",
1790445837.293,hud,calib_s,,,,,"✓ Buffer 6s",
1790445837.294,marker,gnss,52.37166200,-1.24143400,265.20,true,,
1790445837.294,marker,dr,52.37106200,-1.24391328,124.10,true,,
1790445837.295,marker,reconciled,0.00000000,0.00000000,0.00,false,,
1790445837.336,hud,speed,,,,,"6.8 / 4.5",6.770
1790445837.336,hud,heading,,,,,"236° / 255°",235.800
1790445837.336,hud,drift,,,,,"195.83%",195.830
1790445837.336,hud,turns,,,,,"✗ turns: 3/15",
1790445837.337,hud,calib_s,,,,,"✓ Buffer 6s",
1790445837.337,marker,gnss,52.37162800,-1.24080000,105.00,true,,
1790445837.337,marker,dr,52.37105909,-1.24392198,124.20,true,,
1790445837.338,marker,reconciled,0.00000000,0.00000000,0.00,false,,
1790445837.390,hud,speed,,,,,"6.7 / 4.5",6.700
1790445837.390,hud,heading,,,,,"236° / 255°",235.700
1790445837.391,hud,drift,,,,,"195.22%",195.220
1790445837.391,hud,turns,,,,,"✗ turns: 3/15",
1790445837.391,hud,calib_s,,,,,"✓ Buffer 6s",
1790445837.391,marker,gnss,52.37162800,-1.24080000,105.00,true,,
1790445837.392,marker,dr,52.37105616,-1.24393076,124.30,true,,
1790445837.392,marker,reconciled,0.00000000,0.00000000,0.00,false,,
1790445837.437,hud,speed,,,,,"6.6 / 4.5",6.600
1790445837.438,hud,heading,,,,,"236° / 255°",235.800
1790445837.438,hud,drift,,,,,"194.62%",194.620
1790445837.439,hud,turns,,,,,"✗ turns: 3/15",
1790445837.439,hud,calib_s,,,,,"✓ Buffer 6s",
1790445837.439,marker,gnss,52.37162800,-1.24080000,105.00,true,,
1790445837.440,marker,dr,52.37105326,-1.24393917,124.20,true,,
1790445837.440,marker,reconciled,0.00000000,0.00000000,0.00,false,,
1790445837.493,hud,speed,,,,,"6.5 / 4.5",6.510
1790445837.493,hud,heading,,,,,"236° / 255°",235.800
1790445837.493,hud,drift,,,,,"194.01%",194.010
1790445837.494,hud,turns,,,,,"✗ turns: 3/15",
1790445837.494,hud,calib_s,,,,,"✓ Buffer 6s",
1790445837.495,marker,gnss,52.37162800,-1.24080000,105.00,true,,
1790445837.495,marker,dr,52.37105029,-1.24394757,124.20,true,,
1790445837.495,marker,reconciled,0.00000000,0.00000000,0.00,false,,
1790445837.540,hud,speed,,,,,"6.5 / 4.5",6.490
1790445837.540,hud,heading,,,,,"236° / 255°",235.900
1790445837.540,hud,drift,,,,,"193.40%",193.400
1790445837.540,hud,turns,,,,,"✗ turns: 3/15",
1790445837.541,hud,calib_s,,,,,"✓ Buffer 6s",
1790445837.541,marker,gnss,52.37162800,-1.24080000,105.00,true,,
1790445837.541,marker,dr,52.37104731,-1.24395578,124.10,true,,
1790445837.541,marker,reconciled,0.00000000,0.00000000,0.00,false,,
1790445837.598,hud,speed,,,,,"6.5 / 4.5",6.520
1790445837.599,hud,heading,,,,,"236° / 255°",235.900
1790445837.599,hud,drift,,,,,"192.80%",192.800
1790445837.599,hud,turns,,,,,"✗ turns: 3/15",
1790445837.599,hud,calib_s,,,,,"✓ Buffer 6s",
1790445837.600,marker,gnss,52.37162800,-1.24080000,105.00,true,,
1790445837.600,marker,dr,52.37104428,-1.24396399,124.10,true,,
1790445837.601,marker,reconciled,0.00000000,0.00000000,0.00,false,,
1790445837.644,hud,speed,,,,,"6.4 / 4.5",6.410
1790445837.644,hud,heading,,,,,"236° / 255°",235.900
1790445837.645,hud,drift,,,,,"192.20%",192.200
1790445837.645,hud,turns,,,,,"✗ turns: 3/15",
1790445837.645,hud,calib_s,,,,,"✓ Buffer 6s",
1790445837.645,marker,gnss,52.37162800,-1.24080000,105.00,true,,
1790445837.646,marker,dr,52.37104130,-1.24397196,124.10,true,,
1790445837.646,marker,reconciled,0.00000000,0.00000000,0.00,false,,
1790445837.699,hud,speed,,,,,"6.3 / 4.5",6.330
1790445837.700,hud,heading,,,,,"236° / 255°",235.800
1790445837.700,hud,drift,,,,,"191.59%",191.590
1790445837.700,hud,turns,,,,,"✗ turns: 3/15",
1790445837.701,hud,calib_s,,,,,"✓ Buffer 6s",
1790445837.701,marker,gnss,52.37162800,-1.24080000,105.00,true,,
1790445837.701,marker,dr,52.37103829,-1.24397985,124.20,true,,
1790445837.702,marker,reconciled,0.00000000,0.00000000,0.00,false,,
1790445837.743,hud,speed,,,,,"6.2 / 4.5",6.220
1790445837.744,hud,heading,,,,,"236° / 255°",235.900
1790445837.744,hud,drift,,,,,"190.97%",190.970
1790445837.744,hud,turns,,,,,"✗ turns: 3/15",
1790445837.745,hud,calib_s,,,,,"✓ Buffer 6s",
1790445837.745,marker,gnss,52.37162800,-1.24080000,105.00,true,,
1790445837.745,marker,dr,52.37103529,-1.24398756,124.10,true,,
1790445837.746,marker,reconciled,0.00000000,0.00000000,0.00,false,,
1790445837.801,hud,speed,,,,,"6.2 / 4.5",6.210
1790445837.801,hud,heading,,,,,"236° / 255°",235.900
1790445837.801,hud,drift,,,,,"190.35%",190.350
1790445837.802,hud,turns,,,,,"✗ turns: 3/15",
1790445837.802,hud,calib_s,,,,,"✓ Buffer 6s",
1790445837.802,marker,gnss,52.37162800,-1.24080000,105.00,true,,
1790445837.803,marker,dr,52.37103221,-1.24399526,124.10,true,,
1790445837.803,marker,reconciled,0.00000000,0.00000000,0.00,false,,
1790445837.848,hud,speed,,,,,"6.2 / 4.5",6.190
1790445837.849,hud,heading,,,,,"236° / 255°",235.900
1790445837.849,hud,drift,,,,,"189.73%",189.730
1790445837.849,hud,turns,,,,,"✗ turns: 3/15",
1790445837.850,hud,calib_s,,,,,"✓ Buffer 6s",
1790445837.850,marker,gnss,52.37162800,-1.24080000,105.00,true,,
1790445837.851,marker,dr,52.37102909,-1.24400279,124.10,true,,
1790445837.851,marker,reconciled,0.00000000,0.00000000,0.00,false,,
1790445837.902,hud,speed,,,,,"6.2 / 4.5",6.160
1790445837.902,hud,heading,,,,,"236° / 255°",235.900
1790445837.903,hud,drift,,,,,"189.12%",189.120
1790445837.903,hud,turns,,,,,"✗ turns: 3/15",
1790445837.903,hud,calib_s,,,,,"✓ Buffer 6s",
1790445837.904,marker,gnss,52.37162800,-1.24080000,105.00,true,,
1790445837.904,marker,dr,52.37102592,-1.24401021,124.10,true,,
1790445837.905,marker,reconciled,0.00000000,0.00000000,0.00,false,,
1790445837.947,hud,speed,,,,,"6.1 / 4.5",6.070
1790445837.948,hud,heading,,,,,"236° / 255°",236.000
1790445837.948,hud,drift,,,,,"188.50%",188.500
1790445837.949,hud,turns,,,,,"✗ turns: 3/15",
1790445837.949,hud,calib_s,,,,,"✓ Buffer 6s",
1790445837.949,marker,gnss,52.37162800,-1.24080000,105.00,true,,
1790445837.950,marker,dr,52.37102274,-1.24401745,124.00,true,,
1790445837.950,marker,reconciled,0.00000000,0.00000000,0.00,false,,
1790445838.004,hud,speed,,,,,"6.1 / 4.5",6.080
1790445838.005,hud,heading,,,,,"236° / 255°",236.000
1790445838.005,hud,drift,,,,,"187.89%",187.890
1790445838.005,hud,turns,,,,,"✗ turns: 3/15",
1790445838.005,hud,calib_s,,,,,"✓ Buffer 6s",
1790445838.006,marker,gnss,52.37162800,-1.24080000,105.00,true,,
1790445838.006,marker,dr,52.37101951,-1.24402465,124.00,true,,
1790445838.007,marker,reconciled,0.00000000,0.00000000,0.00,false,,
1790445838.050,hud,speed,,,,,"6.0 / 4.5",5.960
1790445838.050,hud,heading,,,,,"236° / 255°",236.000
1790445838.051,hud,drift,,,,,"187.27%",187.270
1790445838.051,hud,turns,,,,,"✗ turns: 3/15",
1790445838.051,hud,calib_s,,,,,"✓ Buffer 6s",
1790445838.052,marker,gnss,52.37162800,-1.24080000,105.00,true,,
1790445838.052,marker,dr,52.37101630,-1.24403166,124.00,true,,
1790445838.053,marker,reconciled,0.00000000,0.00000000,0.00,false,,
1790445838.107,hud,speed,,,,,"5.9 / 4.5",5.940
1790445838.107,hud,heading,,,,,"236° / 255°",235.800
1790445838.107,hud,drift,,,,,"186.65%",186.650
1790445838.108,hud,turns,,,,,"✗ turns: 3/15",
1790445838.108,hud,calib_s,,,,,"✓ Buffer 6s",
1790445838.108,marker,gnss,52.37162800,-1.24080000,105.00,true,,
1790445838.109,marker,dr,52.37101307,-1.24403859,124.20,true,,
1790445838.109,marker,reconciled,0.00000000,0.00000000,0.00,false,,
1790445838.151,hud,speed,,,,,"5.8 / 4.5",5.750
1790445838.152,hud,heading,,,,,"236° / 255°",235.600
1790445838.152,hud,drift,,,,,"186.03%",186.030
1790445838.152,hud,turns,,,,,"✗ turns: 3/15",
1790445838.153,hud,calib_s,,,,,"✓ Buffer 6s",
1790445838.153,marker,gnss,52.37162800,-1.24080000,105.00,true,,
1790445838.153,marker,dr,52.37100993,-1.24404518,124.40,true,,
1790445838.154,marker,reconciled,0.00000000,0.00000000,0.00,false,,
1790445838.207,hud,speed,,,,,"5.6 / 4.5",5.600
1790445838.208,hud,heading,,,,,"235° / 255°",235.300
1790445838.208,hud,drift,,,,,"185.39%",185.390
1790445838.208,hud,turns,,,,,"✗ turns: 3/15",
1790445838.208,hud,calib_s,,,,,"✓ Buffer 6s",
1790445838.209,marker,gnss,52.37162800,-1.24080000,105.00,true,,
1790445838.209,marker,dr,52.37100680,-1.24405159,124.70,true,,
1790445838.210,marker,reconciled,0.00000000,0.00000000,0.00,false,,
1790445838.253,hud,speed,,,,,"5.6 / 4.5",5.620
1790445838.254,hud,heading,,,,,"236° / 255°",235.600
1790445838.254,hud,drift,,,,,"184.74%",184.740
1790445838.255,hud,turns,,,,,"✗ turns: 3/15",
1790445838.255,hud,calib_s,,,,,"✓ Buffer 6s",
1790445838.255,marker,gnss,52.37162800,-1.24080000,105.00,true,,
1790445838.256,marker,dr,52.37100353,-1.24405800,124.40,true,,
1790445838.256,marker,reconciled,0.00000000,0.00000000,0.00,false,,
1790445838.309,hud,speed,,,,,"5.7 / 4.5",5.700
1790445838.309,hud,heading,,,,,"236° / 255°",235.800
1790445838.310,hud,drift,,,,,"184.12%",184.120
1790445838.311,hud,turns,,,,,"✗ turns: 3/15",
1790445838.311,hud,calib_s,,,,,"✓ Buffer 6s",
1790445838.311,marker,gnss,52.37162800,-1.24080000,105.00,true,,
1790445838.312,marker,dr,52.37100025,-1.24406432,124.20,true,,
1790445838.312,marker,reconciled,0.00000000,0.00000000,0.00,false,,
1790445838.360,hud,speed,,,,,"5.7 / 4.5",5.720
1790445838.360,hud,heading,,,,,"236° / 255°",235.800
1790445838.361,hud,drift,,,,,"183.50%",183.500
1790445838.361,hud,turns,,,,,"✗ turns: 3/15",
1790445838.361,hud,calib_s,,,,,"✓ Buffer 6s",
1790445838.361,marker,gnss,52.37162800,-1.24080000,105.00,true,,
1790445838.362,marker,dr,52.37099691,-1.24407071,124.20,true,,
1790445838.362,marker,reconciled,0.00000000,0.00000000,0.00,false,,
1790445838.408,hud,speed,,,,,"5.8 / 4.5",5.760
1790445838.409,hud,heading,,,,,"236° / 255°",235.700
1790445838.409,hud,drift,,,,,"182.88%",182.880
1790445838.409,hud,turns,,,,,"✗ turns: 3/15",
1790445838.409,hud,calib_s,,,,,"✓ Buffer 6s",
1790445838.410,marker,gnss,52.37162800,-1.24080000,105.00,true,,
1790445838.410,marker,dr,52.37099351,-1.24407720,124.30,true,,
1790445838.411,marker,reconciled,0.00000000,0.00000000,0.00,false,,
1790445838.459,hud,speed,,,,,"5.8 / 4.5",5.760
1790445838.459,hud,heading,,,,,"236° / 255°",235.600
1790445838.459,hud,drift,,,,,"182.27%",182.270
1790445838.460,hud,turns,,,,,"✗ turns: 3/15",
1790445838.460,hud,calib_s,,,,,"✓ Buffer 6s",
1790445838.460,marker,gnss,52.37162800,-1.24080000,105.00,true,,
1790445838.461,marker,dr,52.37099014,-1.24408361,124.40,true,,
1790445838.461,marker,reconciled,0.00000000,0.00000000,0.00,false,,
1790445838.512,hud,speed,,,,,"5.8 / 4.5",5.790
1790445838.512,hud,heading,,,,,"236° / 255°",235.600
1790445838.512,hud,drift,,,,,"181.67%",181.670
1790445838.513,hud,turns,,,,,"✗ turns: 3/15",
1790445838.513,hud,calib_s,,,,,"✓ Buffer 6s",
1790445838.513,marker,gnss,52.37162800,-1.24080000,105.00,true,,
1790445838.514,marker,dr,52.37098673,-1.24409004,124.40,true,,
1790445838.514,marker,reconciled,0.00000000,0.00000000,0.00,false,,
1790445838.556,hud,speed,,,,,"5.9 / 4.5",5.880
1790445838.556,hud,heading,,,,,"236° / 255°",235.700
1790445838.557,hud,drift,,,,,"181.09%",181.090
1790445838.557,hud,turns,,,,,"✗ turns: 3/15",
1790445838.557,hud,calib_s,,,,,"✓ Buffer 6s",
1790445838.557,marker,gnss,52.37162800,-1.24080000,105.00,true,,
1790445838.557,marker,dr,52.37098332,-1.24409654,124.30,true,,
1790445838.558,marker,reconciled,0.00000000,0.00000000,0.00,false,,
1790445838.616,hud,speed,,,,,"5.9 / 4.5",5.910
1790445838.616,hud,heading,,,,,"236° / 255°",235.700
1790445838.616,hud,drift,,,,,"180.50%",180.500
1790445838.617,hud,turns,,,,,"✗ turns: 3/15",
1790445838.617,hud,calib_s,,,,,"✓ Buffer 6s",
1790445838.617,marker,gnss,52.37162800,-1.24080000,105.00,true,,
1790445838.618,marker,dr,52.37097983,-1.24410310,124.30,true,,
1790445838.618,marker,reconciled,0.00000000,0.00000000,0.00,false,,
1790445838.660,hud,speed,,,,,"6.0 / 4.5",5.970
1790445838.660,hud,heading,,,,,"236° / 255°",235.900
1790445838.661,hud,drift,,,,,"179.93%",179.930
1790445838.661,hud,turns,,,,,"✗ turns: 3/15",
1790445838.661,hud,calib_s,,,,,"✓ Buffer 6s",
1790445838.661,marker,gnss,52.37162800,-1.24080000,105.00,true,,
1790445838.662,marker,dr,52.37097627,-1.24410971,124.10,true,,
1790445838.663,marker,reconciled,0.00000000,0.00000000,0.00,false,,
1790445838.716,hud,speed,,,,,"6.0 / 4.5",6.020
1790445838.716,hud,heading,,,,,"236° / 255°",236.000
1790445838.717,hud,drift,,,,,"179.36%",179.360
1790445838.717,hud,turns,,,,,"✗ turns: 3/15",
1790445838.717,hud,calib_s,,,,,"✓ Buffer 6s",
1790445838.717,marker,gnss,52.37162800,-1.24080000,105.00,true,,
1790445838.718,marker,dr,52.37097265,-1.24411634,124.00,true,,
1790445838.719,marker,reconciled,0.00000000,0.00000000,0.00,false,,
1790445838.764,hud,speed,,,,,"6.2 / 4.5",6.200
1790445838.764,hud,heading,,,,,"236° / 255°",236.100
1790445838.765,hud,drift,,,,,"178.80%",178.800
1790445838.765,hud,turns,,,,,"✗ turns: 3/15",
1790445838.765,hud,calib_s,,,,,"✓ Buffer 6s",
1790445838.765,marker,gnss,52.37162800,-1.24080000,105.00,true,,
1790445838.766,marker,dr,52.37096891,-1.24412327,123.90,true,,
1790445838.767,marker,reconciled,0.00000000,0.00000000,0.00,false,,
1790445838.818,hud,speed,,,,,"6.4 / 4.5",6.360
1790445838.819,hud,heading,,,,,"236° / 255°",236.000
1790445838.819,hud,drift,,,,,"178.28%",178.280
1790445838.819,hud,turns,,,,,"✗ turns: 3/15",
1790445838.819,hud,calib_s,,,,,"✓ Buffer 6s",
1790445838.820,marker,gnss,52.37162800,-1.24080000,105.00,true,,
1790445838.820,marker,dr,52.37096516,-1.24413025,124.00,true,,
1790445838.820,marker,reconciled,0.00000000,0.00000000,0.00,false,,
1790445838.867,hud,speed,,,,,"6.5 / 4.5",6.450
1790445838.868,hud,heading,,,,,"236° / 255°",236.200
1790445838.868,hud,drift,,,,,"177.75%",177.750
1790445838.869,hud,turns,,,,,"✗ turns: 3/15",
1790445838.869,hud,calib_s,,,,,"✓ Buffer 6s",
1790445838.869,marker,gnss,52.37162800,-1.24080000,105.00,true,,
1790445838.870,marker,dr,52.37096133,-1.24413742,123.80,true,,
1790445838.871,marker,reconciled,0.00000000,0.00000000,0.00,false,,
1790445838.921,hud,speed,,,,,"6.5 / 4.5",6.470
1790445838.922,hud,heading,,,,,"236° / 255°",236.100
1790445838.922,hud,drift,,,,,"177.23%",177.230
1790445838.923,hud,turns,,,,,"✗ turns: 3/15",
1790445838.923,hud,calib_s,,,,,"✓ Buffer 6s",
1790445838.923,marker,gnss,52.37162800,-1.24080000,105.00,true,,
1790445838.924,marker,dr,52.37095743,-1.24414465,123.90,true,,
1790445838.924,marker,reconciled,0.00000000,0.00000000,0.00,false,,
1790445838.965,hud,speed,,,,,"6.6 / 4.5",6.600
1790445838.966,hud,heading,,,,,"236° / 255°",236.200
1790445838.966,hud,drift,,,,,"176.73%",176.730
1790445838.966,hud,turns,,,,,"✗ turns: 3/15",
1790445838.967,hud,calib_s,,,,,"✓ Buffer 6s",
1790445838.967,marker,gnss,52.37162800,-1.24080000,105.00,true,,
1790445838.967,marker,dr,52.37095357,-1.24415194,123.80,true,,
1790445838.968,marker,reconciled,0.00000000,0.00000000,0.00,false,,
1790445839.022,hud,speed,,,,,"6.8 / 4.5",6.770
1790445839.022,hud,heading,,,,,"236° / 255°",236.300
1790445839.023,hud,drift,,,,,"176.24%",176.240
1790445839.023,hud,turns,,,,,"✗ turns: 3/15",
1790445839.023,hud,calib_s,,,,,"✓ Buffer 6s",
1790445839.023,marker,gnss,52.37162800,-1.24080000,105.00,true,,
1790445839.024,marker,dr,52.37094954,-1.24415961,123.70,true,,
1790445839.024,marker,reconciled,0.00000000,0.00000000,0.00,false,,
1790445839.068,hud,speed,,,,,"6.7 / 4.5",6.710
1790445839.069,hud,heading,,,,,"236° / 255°",235.700
1790445839.069,hud,drift,,,,,"175.76%",175.760
1790445839.069,hud,turns,,,,,"✗ turns: 3/15",
1790445839.070,hud,calib_s,,,,,"✓ Buffer 6s",
1790445839.070,marker,gnss,52.37162800,-1.24080000,105.00,true,,
1790445839.070,marker,dr,52.37094566,-1.24416714,124.30,true,,
1790445839.071,marker,reconciled,0.00000000,0.00000000,0.00,false,,
1790445839.126,hud,speed,,,,,"6.7 / 4.5",6.660
1790445839.127,hud,heading,,,,,"235° / 255°",235.400
1790445839.127,hud,drift,,,,,"175.27%",175.270
1790445839.127,hud,turns,,,,,"✗ turns: 3/15",
1790445839.128,hud,calib_s,,,,,"✓ Buffer 6s",
1790445839.128,marker,gnss,52.37162800,-1.24080000,105.00,true,,
1790445839.128,marker,dr,52.37094176,-1.24417453,124.60,true,,
1790445839.129,marker,reconciled,0.00000000,0.00000000,0.00,false,,
1790445839.172,hud,speed,,,,,"6.6 / 4.5",6.640
1790445839.172,hud,heading,,,,,"236° / 255°",235.600
1790445839.173,hud,drift,,,,,"174.78%",174.780
1790445839.173,hud,turns,,,,,"✗ turns: 3/15",
1790445839.173,hud,calib_s,,,,,"✓ Buffer 6s",
1790445839.173,marker,gnss,52.37162800,-1.24080000,105.00,true,,
1790445839.174,marker,dr,52.37093786,-1.24418189,124.40,true,,
1790445839.175,marker,reconciled,0.00000000,0.00000000,0.00,false,,
1790445839.226,hud,speed,,,,,"6.7 / 4.5",6.720
1790445839.227,hud,heading,,,,,"236° / 255°",235.900
1790445839.227,hud,drift,,,,,"174.31%",174.310
1790445839.227,hud,turns,,,,,"✗ turns: 3/15",
1790445839.228,hud,calib_s,,,,,"✓ Buffer 6s",
1790445839.228,marker,gnss,52.37162800,-1.24080000,105.00,true,,
1790445839.228,marker,dr,52.37093396,-1.24418930,124.10,true,,
1790445839.229,marker,reconciled,0.00000000,0.00000000,0.00,false,,
1790445839.272,hud,speed,,,,,"6.8 / 4.5",6.770
1790445839.272,hud,heading,,,,,"236° / 255°",236.100
1790445839.273,hud,drift,,,,,"173.84%",173.840
1790445839.273,hud,turns,,,,,"✗ turns: 3/15",
1790445839.273,hud,calib_s,,,,,"✓ Buffer 6s",
1790445839.274,marker,gnss,52.37162800,-1.24080000,105.00,true,,
1790445839.274,marker,dr,52.37093008,-1.24419699,123.90,true,,
1790445839.275,marker,reconciled,0.00000000,0.00000000,0.00,false,,
1790445839.326,hud,speed,,,,,"7.1 / 4.5",7.090
1790445839.326,hud,heading,,,,,"236° / 255°",236.100
1790445839.327,hud,drift,,,,,"173.41%",173.410
1790445839.327,hud,turns,,,,,"✗ turns: 3/15",
1790445839.327,hud,calib_s,,,,,"✓ Buffer 6s",
1790445839.327,marker,gnss,52.37162800,-1.24080000,105.00,true,,
1790445839.328,marker,dr,52.37092619,-1.24420526,123.90,true,,
1790445839.328,marker,reconciled,0.00000000,0.00000000,0.00,false,,
1790445839.375,hud,speed,,,,,"7.1 / 4.5",7.140
1790445839.376,hud,heading,,,,,"236° / 255°",235.900
1790445839.376,hud,drift,,,,,"172.98%",172.980
1790445839.376,hud,turns,,,,,"✗ turns: 3/15",
1790445839.376,hud,calib_s,,,,,"✓ Buffer 6s",
1790445839.377,marker,gnss,52.37162800,-1.24080000,105.00,true,,
1790445839.377,marker,dr,52.37092231,-1.24421362,124.10,true,,
1790445839.378,marker,reconciled,0.00000000,0.00000000,0.00,false,,
1790445839.429,hud,speed,,,,,"7.1 / 4.5",7.110
1790445839.429,hud,heading,,,,,"236° / 255°",235.500
1790445839.429,hud,drift,,,,,"172.56%",172.560
1790445839.430,hud,turns,,,,,"✗ turns: 3/15",
1790445839.430,hud,calib_s,,,,,"✓ Buffer 6s",
1790445839.430,marker,gnss,52.37162800,-1.24080000,105.00,true,,
1790445839.431,marker,dr,52.37091844,-1.24422205,124.50,true,,
1790445839.431,marker,reconciled,0.00000000,0.00000000,0.00,false,,
1790445839.475,hud,speed,,,,,"7.1 / 4.5",7.140
1790445839.476,hud,heading,,,,,"236° / 255°",235.800
1790445839.476,hud,drift,,,,,"172.14%",172.140
1790445839.476,hud,turns,,,,,"✗ turns: 3/15",
1790445839.476,hud,calib_s,,,,,"✓ Buffer 6s",
1790445839.477,marker,gnss,52.37162800,-1.24080000,105.00,true,,
1790445839.477,marker,dr,52.37091457,-1.24423042,124.20,true,,
1790445839.478,marker,reconciled,0.00000000,0.00000000,0.00,false,,
1790445839.530,hud,speed,,,,,"7.4 / 4.5",7.400
1790445839.530,hud,heading,,,,,"236° / 255°",235.900
1790445839.531,hud,drift,,,,,"171.74%",171.740
1790445839.531,hud,turns,,,,,"✗ turns: 3/15",
1790445839.531,hud,calib_s,,,,,"✓ Buffer 6s",
1790445839.531,marker,gnss,52.37162800,-1.24080000,105.00,true,,
1790445839.532,marker,dr,52.37091058,-1.24423911,124.10,true,,
1790445839.532,marker,reconciled,0.00000000,0.00000000,0.00,false,,
1790445839.577,hud,speed,,,,,"7.4 / 4.5",7.390
1790445839.578,hud,heading,,,,,"236° / 255°",236.000
1790445839.578,hud,drift,,,,,"171.35%",171.350
1790445839.578,hud,turns,,,,,"✗ turns: 3/15",
1790445839.578,hud,calib_s,,,,,"✓ Buffer 6s",
1790445839.579,marker,gnss,52.37162800,-1.24080000,105.00,true,,
1790445839.579,marker,dr,52.37090672,-1.24424782,124.00,true,,
1790445839.580,marker,reconciled,0.00000000,0.00000000,0.00,false,,
1790445839.634,hud,speed,,,,,"7.7 / 4.5",7.660
1790445839.634,hud,heading,,,,,"236° / 255°",236.000
1790445839.635,hud,drift,,,,,"170.98%",170.980
1790445839.635,hud,turns,,,,,"✗ turns: 3/15",
1790445839.635,hud,calib_s,,,,,"✓ Buffer 6s",
1790445839.636,marker,gnss,52.37162800,-1.24080000,105.00,true,,
1790445839.636,marker,dr,52.37090272,-1.24425712,124.00,true,,
1790445839.637,marker,reconciled,0.00000000,0.00000000,0.00,false,,
1790445839.680,hud,speed,,,,,"7.8 / 4.5",7.830
1790445839.681,hud,heading,,,,,"236° / 255°",235.700
1790445839.681,hud,drift,,,,,"170.63%",170.630
1790445839.682,hud,turns,,,,,"✗ turns: 3/15",
1790445839.682,hud,calib_s,,,,,"✓ Buffer 6s",
1790445839.683,marker,gnss,52.37162800,-1.24080000,105.00,true,,
1790445839.683,marker,dr,52.37089867,-1.24426653,124.30,true,,
1790445839.684,marker,reconciled,0.00000000,0.00000000,0.00,false,,
1790445839.735,hud,speed,,,,,"8.0 / 4.5",7.960
1790445839.735,hud,heading,,,,,"236° / 255°",235.500
1790445839.736,hud,drift,,,,,"170.29%",170.290
1790445839.736,hud,turns,,,,,"✗ turns: 3/15",
1790445839.736,hud,calib_s,,,,,"✓ Buffer 6s",
1790445839.737,marker,gnss,52.37162800,-1.24080000,105.00,true,,
1790445839.737,marker,dr,52.37089458,-1.24427596,124.50,true,,
1790445839.738,marker,reconciled,0.00000000,0.00000000,0.00,false,,
1790445839.781,hud,speed,,,,,"8.0 / 4.5",7.990
1790445839.781,hud,heading,,,,,"236° / 255°",235.600
1790445839.782,hud,drift,,,,,"169.95%",169.950
1790445839.782,hud,turns,,,,,"✗ turns: 3/15",
1790445839.782,hud,calib_s,,,,,"✓ Buffer 6s",
1790445839.783,marker,gnss,52.37162800,-1.24080000,105.00,true,,
1790445839.783,marker,dr,52.37089036,-1.24428559,124.40,true,,
1790445839.784,marker,reconciled,0.00000000,0.00000000,0.00,false,,
1790445839.840,hud,speed,,,,,"8.0 / 4.5",8.040
1790445839.840,hud,heading,,,,,"236° / 255°",235.600
1790445839.840,hud,drift,,,,,"169.63%",169.630
1790445839.841,hud,turns,,,,,"✗ turns: 3/15",
1790445839.841,hud,calib_s,,,,,"✓ Buffer 6s",
1790445839.841,marker,gnss,52.37162800,-1.24080000,105.00,true,,
1790445839.842,marker,dr,52.37088623,-1.24429513,124.40,true,,
1790445839.842,marker,reconciled,0.00000000,0.00000000,0.00,false,,
1790445839.886,hud,speed,,,,,"8.1 / 4.5",8.060
1790445839.887,hud,heading,,,,,"235° / 255°",235.400
1790445839.887,hud,drift,,,,,"169.30%",169.300
1790445839.888,hud,turns,,,,,"✗ turns: 3/15",
1790445839.888,hud,calib_s,,,,,"✓ Buffer 6s",
1790445839.888,marker,gnss,52.37162800,-1.24080000,105.00,true,,
1790445839.889,marker,dr,52.37088210,-1.24430484,124.60,true,,
1790445839.889,marker,reconciled,0.00000000,0.00000000,0.00,false,,
1790445839.939,hud,speed,,,,,"8.0 / 4.5",8.040
1790445839.940,hud,heading,,,,,"236° / 255°",235.500
1790445839.940,hud,drift,,,,,"168.97%",168.970
1790445839.940,hud,turns,,,,,"✗ turns: 3/15",
1790445839.940,hud,calib_s,,,,,"✓ Buffer 6s",
1790445839.941,marker,gnss,52.37162800,-1.24080000,105.00,true,,
1790445839.941,marker,dr,52.37087794,-1.24431463,124.50,true,,
1790445839.942,marker,reconciled,0.00000000,0.00000000,0.00,false,,
1790445839.987,hud,speed,,,,,"8.0 / 4.5",8.010
1790445839.987,hud,heading,,,,,"235° / 255°",235.400
1790445839.988,hud,drift,,,,,"168.65%",168.650
1790445839.988,hud,turns,,,,,"✗ turns: 3/15",
1790445839.988,hud,calib_s,,,,,"✓ Buffer 6s",
1790445839.989,marker,gnss,52.37162800,-1.24080000,105.00,true,,
1790445839.989,marker,dr,52.37087391,-1.24432422,124.60,true,,
1790445839.989,marker,reconciled,0.00000000,0.00000000,0.00,false,,
1790445840.041,hud,speed,,,,,"8.0 / 4.5",7.990
1790445840.042,hud,heading,,,,,"235° / 255°",235.200
1790445840.042,hud,drift,,,,,"168.33%",168.330
1790445840.043,hud,turns,,,,,"✗ turns: 3/15",
1790445840.043,hud,calib_s,,,,,"✓ Buffer 6s",
1790445840.043,marker,gnss,52.37162800,-1.24080000,105.00,true,,
1790445840.044,marker,dr,52.37086980,-1.24433398,124.80,true,,
1790445840.044,marker,reconciled,0.00000000,0.00000000,0.00,false,,
1790445840.088,hud,speed,,,,,"7.9 / 4.5",7.900
1790445840.089,hud,heading,,,,,"235° / 255°",235.000
1790445840.089,hud,drift,,,,,"168.00%",168.000
1790445840.089,hud,turns,,,,,"✗ turns: 3/15",
1790445840.089,hud,calib_s,,,,,"✓ Buffer 6s",
1790445840.090,marker,gnss,52.37162800,-1.24080000,105.00,true,,
1790445840.090,marker,dr,52.37086577,-1.24434353,125.00,true,,
1790445840.091,marker,reconciled,0.00000000,0.00000000,0.00,false,,
1790445840.145,hud,speed,,,,,"7.9 / 4.5",7.850
1790445840.146,hud,heading,,,,,"235° / 255°",235.000
1790445840.146,hud,drift,,,,,"167.67%",167.670
1790445840.146,hud,turns,,,,,"✗ turns: 3/15",
1790445840.146,hud,calib_s,,,,,"✓ Buffer 6s",
1790445840.147,marker,gnss,52.37162800,-1.24080000,105.00,true,,
1790445840.147,marker,dr,52.37086178,-1.24435305,125.00,true,,
1790445840.148,marker,reconciled,0.00000000,0.00000000,0.00,false,,
1790445840.188,hud,speed,,,,,"7.8 / 4.5",7.800
1790445840.188,hud,heading,,,,,"235° / 255°",235.100
1790445840.189,hud,drift,,,,,"167.34%",167.340
1790445840.189,hud,turns,,,,,"✗ turns: 3/15",
1790445840.189,hud,calib_s,,,,,"✓ Buffer 6s",
1790445840.189,marker,gnss,52.37162800,-1.24080000,105.00,true,,
1790445840.191,marker,dr,52.37085784,-1.24436252,124.90,true,,
1790445840.191,marker,reconciled,0.00000000,0.00000000,0.00,false,,
1790445840.244,hud,speed,,,,,"7.7 / 4.5",7.740
1790445840.245,hud,heading,,,,,"235° / 255°",235.100
1790445840.245,hud,drift,,,,,"167.01%",167.010
1790445840.245,hud,turns,,,,,"✗ turns: 3/15",
1790445840.245,hud,calib_s,,,,,"✓ Buffer 6s",
1790445840.246,marker,gnss,52.37162800,-1.24080000,105.00,true,,
1790445840.246,marker,dr,52.37085393,-1.24437192,124.90,true,,
1790445840.247,marker,reconciled,0.00000000,0.00000000,0.00,false,,
1790445840.296,hud,speed,,,,,"7.7 / 4.5",7.670
1790445840.296,hud,heading,,,,,"235° / 255°",235.200
1790445840.296,hud,drift,,,,,"166.68%",166.680
1790445840.297,hud,turns,,,,,"✗ turns: 3/15",
1790445840.297,hud,calib_s,,,,,"✓ Buffer 6s",
1790445840.297,marker,gnss,52.37162800,-1.24080000,105.00,true,,
1790445840.298,marker,dr,52.37085004,-1.24438122,124.80,true,,
1790445840.298,marker,reconciled,0.00000000,0.00000000,0.00,false,,
1790445840.348,hud,speed,,,,,"7.6 / 4.5",7.590
1790445840.349,hud,heading,,,,,"235° / 255°",235.200
1790445840.349,hud,drift,,,,,"166.35%",166.350
1790445840.349,hud,turns,,,,,"✗ turns: 3/15",
1790445840.350,hud,calib_s,,,,,"✓ Buffer 6s",
1790445840.350,marker,gnss,52.37162800,-1.24080000,105.00,true,,
1790445840.351,marker,dr,52.37084621,-1.24439045,124.80,true,,
1790445840.351,marker,reconciled,0.00000000,0.00000000,0.00,false,,
1790445840.395,hud,speed,,,,,"7.5 / 4.5",7.510
1790445840.395,hud,heading,,,,,"235° / 255°",235.100
1790445840.396,hud,drift,,,,,"166.01%",166.010
1790445840.396,hud,turns,,,,,"✗ turns: 3/15",
1790445840.396,hud,calib_s,,,,,"✓ Buffer 6s",
1790445840.396,marker,gnss,52.37162800,-1.24080000,105.00,true,,
1790445840.397,marker,dr,52.37084243,-1.24439959,124.90,true,,
1790445840.397,marker,reconciled,0.00000000,0.00000000,0.00,false,,
1790445840.450,hud,speed,,,,,"7.4 / 4.5",7.430
1790445840.450,hud,heading,,,,,"235° / 255°",234.900
1790445840.451,hud,drift,,,,,"165.67%",165.670
1790445840.451,hud,turns,,,,,"✗ turns: 3/15",
1790445840.451,hud,calib_s,,,,,"✓ Buffer 6s",
1790445840.451,marker,gnss,52.37162800,-1.24080000,105.00,true,,
1790445840.452,marker,dr,52.37083870,-1.24440851,125.10,true,,
1790445840.452,marker,reconciled,0.00000000,0.00000000,0.00,false,,
1790445840.497,hud,speed,,,,,"7.3 / 4.5",7.340
1790445840.497,hud,heading,,,,,"235° / 255°",234.900
1790445840.498,hud,drift,,,,,"165.32%",165.320
1790445840.498,hud,turns,,,,,"✗ turns: 3/15",
1790445840.498,hud,calib_s,,,,,"✓ Buffer 6s",
1790445840.498,marker,gnss,52.37162800,-1.24080000,105.00,true,,
1790445840.499,marker,dr,52.37083495,-1.24441738,125.10,true,,
1790445840.499,marker,reconciled,0.00000000,0.00000000,0.00,false,,
1790445840.554,hud,speed,,,,,"7.3 / 4.5",7.250
1790445840.554,hud,heading,,,,,"235° / 255°",235.000
1790445840.555,hud,drift,,,,,"164.97%",164.970
1790445840.555,hud,turns,,,,,"✗ turns: 3/15",
1790445840.555,hud,calib_s,,,,,"✓ Buffer 6s",
1790445840.556,marker,gnss,52.37162800,-1.24080000,105.00,true,,
1790445840.556,marker,dr,52.37083122,-1.24442610,125.00,true,,
1790445840.557,marker,reconciled,0.00000000,0.00000000,0.00,false,,
1790445840.597,hud,speed,,,,,"7.1 / 4.5",7.140
1790445840.598,hud,heading,,,,,"235° / 255°",234.900
1790445840.598,hud,drift,,,,,"164.61%",164.610
1790445840.599,hud,turns,,,,,"✗ turns: 3/15",
1790445840.599,hud,calib_s,,,,,"✓ Buffer 6s",
1790445840.599,marker,gnss,52.37162800,-1.24080000,105.00,true,,
1790445840.600,marker,dr,52.37082749,-1.24443464,125.10,true,,
1790445840.600,marker,reconciled,0.00000000,0.00000000,0.00,false,,
1790445840.656,hud,speed,,,,,"7.0 / 4.5",7.030
1790445840.657,hud,heading,,,,,"235° / 255°",234.800
1790445840.657,hud,drift,,,,,"164.25%",164.250
1790445840.657,hud,turns,,,,,"✗ turns: 3/15",
1790445840.657,hud,calib_s,,,,,"✓ Buffer 6s",
1790445840.658,marker,gnss,52.37162800,-1.24080000,105.00,true,,
1790445840.658,marker,dr,52.37082376,-1.24444297,125.20,true,,
1790445840.659,marker,reconciled,0.00000000,0.00000000,0.00,false,,
1790445840.701,hud,speed,,,,,"6.9 / 4.5",6.910
1790445840.701,hud,heading,,,,,"235° / 255°",234.700
1790445840.702,hud,drift,,,,,"163.87%",163.870
1790445840.702,hud,turns,,,,,"✗ turns: 3/15",
1790445840.702,hud,calib_s,,,,,"✓ Buffer 6s",
1790445840.703,marker,gnss,52.37162800,-1.24080000,105.00,true,,
1790445840.703,marker,dr,52.37082000,-1.24445116,125.30,true,,
1790445840.704,marker,reconciled,0.00000000,0.00000000,0.00,false,,
1790445840.756,hud,speed,,,,,"6.8 / 4.5",6.790
1790445840.756,hud,heading,,,,,"235° / 255°",234.600
1790445840.756,hud,drift,,,,,"163.50%",163.500
1790445840.757,hud,turns,,,,,"✗ turns: 3/15",
1790445840.757,hud,calib_s,,,,,"✓ Buffer 6s",
1790445840.758,marker,gnss,52.37162800,-1.24080000,105.00,true,,
1790445840.759,marker,dr,52.37081631,-1.24445894,125.40,true,,
1790445840.759,marker,reconciled,0.00000000,0.00000000,0.00,false,,
1790445840.808,hud,speed,,,,,"6.7 / 4.5",6.700
1790445840.809,hud,heading,,,,,"234° / 255°",234.300
1790445840.809,hud,drift,,,,,"163.11%",163.110
1790445840.809,hud,turns,,,,,"✗ turns: 3/15",
1790445840.810,hud,calib_s,,,,,"✓ Buffer 6s",
1790445840.810,marker,gnss,52.37162800,-1.24080000,105.00,true,,
1790445840.810,marker,dr,52.37081248,-1.24446664,125.70,true,,
1790445840.811,marker,reconciled,0.00000000,0.00000000,0.00,false,,
1790445840.861,hud,speed,,,,,"6.6 / 4.5",6.600
1790445840.861,hud,heading,,,,,"234° / 255°",234.200
1790445840.861,hud,drift,,,,,"162.71%",162.710
1790445840.862,hud,turns,,,,,"✗ turns: 3/15",
1790445840.862,hud,calib_s,,,,,"✓ Buffer 6s",
1790445840.863,marker,gnss,52.37162800,-1.24080000,105.00,true,,
1790445840.863,marker,dr,52.37080867,-1.24447401,125.80,true,,
1790445840.864,marker,reconciled,0.00000000,0.00000000,0.00,false,,
1790445840.906,hud,speed,,,,,"6.5 / 4.5",6.480
1790445840.907,hud,heading,,,,,"234° / 255°",234.100
1790445840.907,hud,drift,,,,,"162.31%",162.310
1790445840.907,hud,turns,,,,,"✗ turns: 3/15",
1790445840.907,hud,calib_s,,,,,"✓ Buffer 6s",
1790445840.908,marker,gnss,52.37162800,-1.24080000,105.00,true,,
1790445840.908,marker,dr,52.37080490,-1.24448105,125.90,true,,
1790445840.908,marker,reconciled,0.00000000,0.00000000,0.00,false,,
1790445840.961,hud,speed,,,,,"6.4 / 4.5",6.390
1790445840.961,hud,heading,,,,,"234° / 255°",234.100
1790445840.962,hud,drift,,,,,"161.90%",161.900
1790445840.962,hud,turns,,,,,"✗ turns: 3/15",
1790445840.963,hud,calib_s,,,,,"✓ Buffer 6s",
1790445840.963,marker,gnss,52.37162800,-1.24080000,105.00,true,,
1790445840.964,marker,dr,52.37080101,-1.24448799,125.90,true,,
1790445840.964,marker,reconciled,0.00000000,0.00000000,0.00,false,,
1790445841.006,hud,speed,,,,,"6.2 / 4.5",6.240
1790445841.007,hud,heading,,,,,"234° / 255°",234.100
1790445841.007,hud,drift,,,,,"161.48%",161.480
1790445841.007,hud,turns,,,,,"✗ turns: 3/15",
1790445841.007,hud,calib_s,,,,,"✓ Buffer 6s",
1790445841.008,marker,gnss,52.37162800,-1.24080000,105.00,true,,
1790445841.008,marker,dr,52.37079715,-1.24449457,125.90,true,,
1790445841.008,marker,reconciled,0.00000000,0.00000000,0.00,false,,
1790445841.060,hud,speed,,,,,"6.1 / 4.5",6.110
1790445841.061,hud,heading,,,,,"234° / 255°",234.300
1790445841.061,hud,drift,,,,,"161.06%",161.060
1790445841.061,hud,turns,,,,,"✗ turns: 3/15",
1790445841.062,hud,calib_s,,,,,"✓ Buffer 6s",
1790445841.062,marker,gnss,52.37162800,-1.24080000,105.00,true,,
1790445841.063,marker,dr,52.37079330,-1.24450083,125.70,true,,
1790445841.063,marker,reconciled,0.00000000,0.00000000,0.00,false,,
1790445841.107,hud,speed,,,,,"6.0 / 4.5",6.040
1790445841.108,hud,heading,,,,,"234° / 255°",234.400
1790445841.108,hud,drift,,,,,"160.62%",160.620
1790445841.108,hud,turns,,,,,"✗ turns: 3/15",
1790445841.108,hud,calib_s,,,,,"✓ Buffer 6s",
1790445841.109,marker,gnss,52.37162800,-1.24080000,105.00,true,,
1790445841.109,marker,dr,52.37078933,-1.24450701,125.60,true,,
1790445841.109,marker,reconciled,0.00000000,0.00000000,0.00,false,,
1790445841.167,hud,speed,,,,,"6.0 / 4.5",5.990
1790445841.167,hud,heading,,,,,"234° / 255°",234.300
1790445841.167,hud,drift,,,,,"160.19%",160.190
1790445841.167,hud,turns,,,,,"✗ turns: 3/15",
1790445841.168,hud,calib_s,,,,,"✓ Buffer 6s",
1790445841.168,marker,gnss,52.37162800,-1.24080000,105.00,true,,
1790445841.169,marker,dr,52.37078537,-1.24451299,125.70,true,,
1790445841.169,marker,reconciled,0.00000000,0.00000000,0.00,false,,
1790445841.209,hud,speed,,,,,"6.0 / 4.5",5.960
1790445841.209,hud,heading,,,,,"234° / 255°",234.300
1790445841.210,hud,drift,,,,,"159.75%",159.750
1790445841.210,hud,turns,,,,,"✗ turns: 3/15",
1790445841.210,hud,calib_s,,,,,"✓ Buffer 6s",
1790445841.211,marker,gnss,52.37162800,-1.24080000,105.00,true,,
1790445841.211,marker,dr,52.37078139,-1.24451889,125.70,true,,
1790445841.212,marker,reconciled,0.00000000,0.00000000,0.00,false,,
1790445841.265,hud,speed,,,,,"6.0 / 4.5",6.000
1790445841.265,hud,heading,,,,,"234° / 255°",234.200
1790445841.265,hud,drift,,,,,"159.32%",159.320
1790445841.266,hud,turns,,,,,"✗ turns: 3/15",
1790445841.266,hud,calib_s,,,,,"✓ Buffer 6s",
1790445841.266,marker,gnss,52.37162800,-1.24080000,105.00,true,,
1790445841.267,marker,dr,52.37077737,-1.24452475,125.80,true,,
1790445841.267,marker,reconciled,0.00000000,0.00000000,0.00,false,,
1790445841.309,hud,speed,,,,,"6.0 / 4.5",6.020
1790445841.310,hud,heading,,,,,"234° / 255°",234.100
1790445841.310,hud,drift,,,,,"158.90%",158.900
1790445841.311,hud,turns,,,,,"✗ turns: 3/15",
1790445841.311,hud,calib_s,,,,,"✓ Buffer 6s",
1790445841.311,marker,gnss,52.37162800,-1.24080000,105.00,true,,
1790445841.312,marker,dr,52.37077333,-1.24453048,125.90,true,,
1790445841.312,marker,reconciled,0.00000000,0.00000000,0.00,false,,
1790445841.368,hud,speed,,,,,"6.0 / 4.5",6.010
1790445841.368,hud,heading,,,,,"234° / 255°",234.300
1790445841.368,hud,drift,,,,,"158.47%",158.470
1790445841.369,hud,turns,,,,,"✗ turns: 3/15",
1790445841.369,hud,calib_s,,,,,"✓ Buffer 6s",
1790445841.369,marker,gnss,52.37162800,-1.24080000,105.00,true,,
1790445841.370,marker,dr,52.37076919,-1.24453623,125.70,true,,
1790445841.370,marker,reconciled,0.00000000,0.00000000,0.00,false,,
1790445841.417,hud,speed,,,,,"6.1 / 4.5",6.050
1790445841.417,hud,heading,,,,,"234° / 255°",234.400
1790445841.418,hud,drift,,,,,"158.05%",158.050
1790445841.418,hud,turns,,,,,"✗ turns: 3/15",
1790445841.419,hud,calib_s,,,,,"✓ Buffer 6s",
1790445841.419,marker,gnss,52.37162800,-1.24080000,105.00,true,,
1790445841.420,marker,dr,52.37076498,-1.24454198,125.60,true,,
1790445841.420,marker,reconciled,0.00000000,0.00000000,0.00,false,,
1790445841.469,hud,speed,,,,,"6.1 / 4.5",6.110
1790445841.469,hud,heading,,,,,"234° / 255°",234.400
1790445841.470,hud,drift,,,,,"157.63%",157.630
1790445841.470,hud,turns,,,,,"✗ turns: 3/15",
1790445841.470,hud,calib_s,,,,,"✓ Buffer 6s",
1790445841.471,marker,gnss,52.37162800,-1.24080000,105.00,true,,
1790445841.471,marker,dr,52.37076077,-1.24454786,125.60,true,,
1790445841.471,marker,reconciled,0.00000000,0.00000000,0.00,false,,
1790445841.515,hud,speed,,,,,"6.2 / 4.5",6.200
1790445841.516,hud,heading,,,,,"234° / 255°",234.300
1790445841.516,hud,drift,,,,,"157.22%",157.220
1790445841.516,hud,turns,,,,,"✗ turns: 3/15",
1790445841.517,hud,calib_s,,,,,"✓ Buffer 6s",
1790445841.517,marker,gnss,52.37162800,-1.24080000,105.00,true,,
1790445841.518,marker,dr,52.37075650,-1.24455391,125.70,true,,
1790445841.518,marker,reconciled,0.00000000,0.00000000,0.00,false,,
1790445841.571,hud,speed,,,,,"6.3 / 4.5",6.270
1790445841.571,hud,heading,,,,,"234° / 255°",234.100
1790445841.571,hud,drift,,,,,"156.82%",156.820
1790445841.572,hud,turns,,,,,"✗ turns: 3/15",
1790445841.572,hud,calib_s,,,,,"✓ Buffer 6s",
1790445841.572,marker,gnss,52.37162800,-1.24080000,105.00,true,,
1790445841.573,marker,dr,52.37075227,-1.24456000,125.90,true,,
1790445841.573,marker,reconciled,0.00000000,0.00000000,0.00,false,,
1790445841.618,hud,speed,,,,,"6.4 / 4.5",6.350
1790445841.618,hud,heading,,,,,"234° / 255°",234.200
1790445841.618,hud,drift,,,,,"156.43%",156.430
1790445841.618,hud,turns,,,,,"✗ turns: 3/15",
1790445841.619,hud,calib_s,,,,,"✓ Buffer 6s",
1790445841.619,marker,gnss,52.37162800,-1.24080000,105.00,true,,
1790445841.619,marker,dr,52.37074802,-1.24456626,125.80,true,,
1790445841.619,marker,reconciled,0.00000000,0.00000000,0.00,false,,
1790445841.675,hud,speed,,,,,"6.4 / 4.5",6.380
1790445841.676,hud,heading,,,,,"234° / 255°",234.300
1790445841.676,hud,drift,,,,,"156.05%",156.050
1790445841.676,hud,turns,,,,,"✗ turns: 3/15",
1790445841.676,hud,calib_s,,,,,"✓ Buffer 6s",
1790445841.677,marker,gnss,52.37162800,-1.24080000,105.00,true,,
1790445841.677,marker,dr,52.37074379,-1.24457264,125.70,true,,
1790445841.678,marker,reconciled,0.00000000,0.00000000,0.00,false,,
1790445841.720,hud,speed,,,,,"6.4 / 4.5",6.400
1790445841.720,hud,heading,,,,,"234° / 255°",234.300
1790445841.720,hud,drift,,,,,"155.68%",155.680
1790445841.721,hud,turns,,,,,"✗ turns: 3/15",
1790445841.721,hud,calib_s,,,,,"✓ Buffer 6s",
1790445841.721,marker,gnss,52.37162800,-1.24080000,105.00,true,,
1790445841.722,marker,dr,52.37073963,-1.24457918,125.70,true,,
1790445841.723,marker,reconciled,0.00000000,0.00000000,0.00,false,,
1790445841.777,hud,speed,,,,,"6.5 / 4.5",6.470
1790445841.777,hud,heading,,,,,"234° / 255°",234.100
1790445841.778,hud,drift,,,,,"155.31%",155.310
1790445841.778,hud,turns,,,,,"✗ turns: 3/15",
1790445841.778,hud,calib_s,,,,,"✓ Buffer 6s",
1790445841.779,marker,gnss,52.37162800,-1.24080000,105.00,true,,
1790445841.779,marker,dr,52.37073556,-1.24458595,125.90,true,,
1790445841.780,marker,reconciled,0.00000000,0.00000000,0.00,false,,
1790445841.821,hud,speed,,,,,"6.5 / 4.5",6.500
1790445841.822,hud,heading,,,,,"234° / 255°",234.000
1790445841.822,hud,drift,,,,,"154.96%",154.960
1790445841.823,hud,turns,,,,,"✗ turns: 3/15",
1790445841.823,hud,calib_s,,,,,"✓ Buffer 6s",
1790445841.824,marker,gnss,52.37162800,-1.24080000,105.00,true,,
1790445841.824,marker,dr,52.37073159,-1.24459279,126.00,true,,
1790445841.825,marker,reconciled,0.00000000,0.00000000,0.00,false,,
1790445841.879,hud,speed,,,,,"6.6 / 4.5",6.550
1790445841.880,hud,heading,,,,,"234° / 255°",233.900
1790445841.880,hud,drift,,,,,"154.61%",154.610
1790445841.880,hud,turns,,,,,"✗ turns: 3/15",
1790445841.881,hud,calib_s,,,,,"✓ Buffer 6s",
1790445841.881,marker,gnss,52.37162800,-1.24080000,105.00,true,,
1790445841.882,marker,dr,52.37072763,-1.24459987,126.10,true,,
1790445841.882,marker,reconciled,0.00000000,0.00000000,0.00,false,,
1790445841.927,hud,speed,,,,,"6.6 / 5.5",6.570
1790445841.927,hud,heading,,,,,"234° / 49°",233.800
1790445841.927,hud,drift,,,,,"151.25%",151.250
1790445841.928,hud,turns,,,,,"✗ turns: 3/15",
1790445841.928,hud,calib_s,,,,,"✓ Buffer 6s",
1790445841.928,marker,gnss,52.37153000,-1.24140500,310.80,true,,
1790445841.929,marker,dr,52.37072374,-1.24460710,126.20,true,,
1790445841.929,marker,reconciled,0.00000000,0.00000000,0.00,false,,
1790445841.981,hud,speed,,,,,"6.6 / 5.5",6.580
1790445841.981,hud,heading,,,,,"234° / 49°",233.600
1790445841.982,hud,drift,,,,,"151.45%",151.450
1790445841.982,hud,turns,,,,,"✗ turns: 3/15",
1790445841.983,hud,calib_s,,,,,"✓ Buffer 6s",
1790445841.983,marker,gnss,52.37153000,-1.24140500,310.80,true,,
1790445841.983,marker,dr,52.37071990,-1.24461454,126.40,true,,
1790445841.984,marker,reconciled,0.00000000,0.00000000,0.00,false,,
1790445842.026,hud,speed,,,,,"6.6 / 5.5",6.630
1790445842.026,hud,heading,,,,,"234° / 49°",233.500
1790445842.027,hud,drift,,,,,"151.66%",151.660
1790445842.027,hud,turns,,,,,"✗ turns: 3/15",
1790445842.027,hud,calib_s,,,,,"✓ Buffer 6s",
1790445842.027,marker,gnss,52.37153000,-1.24140500,310.80,true,,
1790445842.028,marker,dr,52.37071610,-1.24462199,126.50,true,,
1790445842.028,marker,reconciled,0.00000000,0.00000000,0.00,false,,
1790445842.082,hud,speed,,,,,"6.6 / 5.5",6.640
1790445842.082,hud,heading,,,,,"233° / 49°",233.400
1790445842.082,hud,drift,,,,,"151.87%",151.870
1790445842.083,hud,turns,,,,,"✗ turns: 3/15",
1790445842.083,hud,calib_s,,,,,"✓ Buffer 6s",
1790445842.083,marker,gnss,52.37153000,-1.24140500,310.80,true,,
1790445842.084,marker,dr,52.37071236,-1.24462955,126.60,true,,
1790445842.084,marker,reconciled,0.00000000,0.00000000,0.00,false,,
1790445842.128,hud,speed,,,,,"6.6 / 5.5",6.640
1790445842.128,hud,heading,,,,,"233° / 49°",233.400
1790445842.129,hud,drift,,,,,"152.07%",152.070
1790445842.129,hud,turns,,,,,"✗ turns: 3/15",
1790445842.129,hud,calib_s,,,,,"✓ Buffer 6s",
1790445842.130,marker,gnss,52.37153000,-1.24140500,310.80,true,,
1790445842.130,marker,dr,52.37070875,-1.24463717,126.60,true,,
1790445842.131,marker,reconciled,0.00000000,0.00000000,0.00,false,,
1790445842.185,hud,speed,,,,,"6.6 / 5.5",6.590
1790445842.185,hud,heading,,,,,"234° / 49°",233.600
1790445842.186,hud,drift,,,,,"152.28%",152.280
1790445842.186,hud,turns,,,,,"✗ turns: 3/15",
1790445842.186,hud,calib_s,,,,,"✓ Buffer 6s",
1790445842.187,marker,gnss,52.37153000,-1.24140500,310.80,true,,
1790445842.187,marker,dr,52.37070516,-1.24464498,126.40,true,,
1790445842.187,marker,reconciled,0.00000000,0.00000000,0.00,false,,
1790445842.231,hud,speed,,,,,"6.6 / 5.5",6.560
1790445842.232,hud,heading,,,,,"234° / 49°",233.600
1790445842.232,hud,drift,,,,,"152.48%",152.480
1790445842.232,hud,turns,,,,,"✗ turns: 3/15",
1790445842.233,hud,calib_s,,,,,"✓ Buffer 6s",
1790445842.233,marker,gnss,52.37153000,-1.24140500,310.80,true,,
1790445842.233,marker,dr,52.37070174,-1.24465271,126.40,true,,
1790445842.234,marker,reconciled,0.00000000,0.00000000,0.00,false,,
1790445842.284,hud,speed,,,,,"6.6 / 5.5",6.550
1790445842.285,hud,heading,,,,,"234° / 49°",233.600
1790445842.285,hud,drift,,,,,"152.69%",152.690
1790445842.285,hud,turns,,,,,"✗ turns: 3/15",
1790445842.286,hud,calib_s,,,,,"✓ Buffer 6s",
1790445842.286,marker,gnss,52.37153000,-1.24140500,310.80,true,,
1790445842.287,marker,dr,52.37069838,-1.24466062,126.40,true,,
1790445842.287,marker,reconciled,0.00000000,0.00000000,0.00,false,,
1790445842.332,hud,speed,,,,,"6.6 / 5.5",6.550
1790445842.332,hud,heading,,,,,"234° / 49°",233.500
1790445842.333,hud,drift,,,,,"152.90%",152.900
1790445842.333,hud,turns,,,,,"✗ turns: 3/15",
1790445842.333,hud,calib_s,,,,,"✓ Buffer 6s",
1790445842.334,marker,gnss,52.37153000,-1.24140500,310.80,true,,
1790445842.334,marker,dr,52.37069508,-1.24466871,126.50,true,,
1790445842.335,marker,reconciled,0.00000000,0.00000000,0.00,false,,
1790445842.388,hud,speed,,,,,"6.6 / 5.5",6.620
1790445842.389,hud,heading,,,,,"233° / 49°",233.300
1790445842.389,hud,drift,,,,,"153.11%",153.110
1790445842.390,hud,turns,,,,,"✗ turns: 3/15",
1790445842.390,hud,calib_s,,,,,"✓ Buffer 6s",
1790445842.390,marker,gnss,52.37153000,-1.24140500,310.80,true,,
1790445842.391,marker,dr,52.37069183,-1.24467688,126.70,true,,
1790445842.391,marker,reconciled,0.00000000,0.00000000,0.00,false,,
1790445842.436,hud,speed,,,,,"6.7 / 5.5",6.680
1790445842.436,hud,heading,,,,,"233° / 49°",233.300
1790445842.437,hud,drift,,,,,"153.32%",153.320
1790445842.437,hud,turns,,,,,"✗ turns: 3/15",
1790445842.437,hud,calib_s,,,,,"✓ Buffer 6s",
1790445842.437,marker,gnss,52.37153000,-1.24140500,310.80,true,,
1790445842.438,marker,dr,52.37068859,-1.24468518,126.70,true,,
1790445842.438,marker,reconciled,0.00000000,0.00000000,0.00,false,,
1790445842.490,hud,speed,,,,,"6.8 / 5.5",6.800
1790445842.491,hud,heading,,,,,"234° / 49°",233.500
1790445842.491,hud,drift,,,,,"153.54%",153.540
1790445842.491,hud,turns,,,,,"✗ turns: 3/15",
1790445842.491,hud,calib_s,,,,,"✓ Buffer 6s",
1790445842.492,marker,gnss,52.37153000,-1.24140500,310.80,true,,
1790445842.492,marker,dr,52.37068533,-1.24469351,126.50,true,,
1790445842.493,marker,reconciled,0.00000000,0.00000000,0.00,false,,
1790445842.534,hud,speed,,,,,"6.9 / 5.5",6.870
1790445842.534,hud,heading,,,,,"234° / 49°",233.700
1790445842.535,hud,drift,,,,,"153.76%",153.760
1790445842.535,hud,turns,,,,,"✗ turns: 3/15",
1790445842.535,hud,calib_s,,,,,"✓ Buffer 6s",
1790445842.536,marker,gnss,52.37153000,-1.24140500,310.80,true,,
1790445842.537,marker,dr,52.37068202,-1.24470203,126.30,true,,
1790445842.537,marker,reconciled,0.00000000,0.00000000,0.00,false,,
1790445842.592,hud,speed,,,,,"6.9 / 5.5",6.920
1790445842.592,hud,heading,,,,,"234° / 49°",233.800
1790445842.593,hud,drift,,,,,"153.98%",153.980
1790445842.593,hud,turns,,,,,"✗ turns: 3/15",
1790445842.593,hud,calib_s,,,,,"✓ Buffer 6s",
1790445842.594,marker,gnss,52.37153000,-1.24140500,310.80,true,,
1790445842.594,marker,dr,52.37067875,-1.24471065,126.20,true,,
1790445842.595,marker,reconciled,0.00000000,0.00000000,0.00,false,,
1790445842.638,hud,speed,,,,,"6.9 / 5.5",6.900
1790445842.639,hud,heading,,,,,"233° / 49°",233.400
1790445842.639,hud,drift,,,,,"154.21%",154.210
1790445842.639,hud,turns,,,,,"✗ turns: 3/15",
1790445842.639,hud,calib_s,,,,,"✓ Buffer 6s",
1790445842.640,marker,gnss,52.37153000,-1.24140500,310.80,true,,
1790445842.640,marker,dr,52.37067554,-1.24471947,126.60,true,,
1790445842.640,marker,reconciled,0.00000000,0.00000000,0.00,false,,
1790445842.696,hud,speed,,,,,"7.0 / 5.5",6.980
1790445842.696,hud,heading,,,,,"233° / 49°",233.200
1790445842.697,hud,drift,,,,,"154.43%",154.430
1790445842.697,hud,turns,,,,,"✗ turns: 3/15",
1790445842.697,hud,calib_s,,,,,"✓ Buffer 6s",
1790445842.697,marker,gnss,52.37153000,-1.24140500,310.80,true,,
1790445842.698,marker,dr,52.37067236,-1.24472835,126.80,true,,
1790445842.698,marker,reconciled,0.00000000,0.00000000,0.00,false,,
1790445842.740,hud,speed,,,,,"7.1 / 5.5",7.110
1790445842.741,hud,heading,,,,,"233° / 49°",233.200
1790445842.741,hud,drift,,,,,"154.67%",154.670
1790445842.741,hud,turns,,,,,"✗ turns: 3/15",
1790445842.741,hud,calib_s,,,,,"✓ Buffer 6s",
1790445842.742,marker,gnss,52.37153000,-1.24140500,310.80,true,,
1790445842.742,marker,dr,52.37066908,-1.24473764,126.80,true,,
1790445842.743,marker,reconciled,0.00000000,0.00000000,0.00,false,,
1790445842.795,hud,speed,,,,,"7.3 / 5.5",7.260
1790445842.795,hud,heading,,,,,"233° / 49°",233.400
1790445842.796,hud,drift,,,,,"154.91%",154.910
1790445842.796,hud,turns,,,,,"✗ turns: 3/15",
1790445842.796,hud,calib_s,,,,,"✓ Buffer 6s",
1790445842.797,marker,gnss,52.37153000,-1.24140500,310.80,true,,
1790445842.797,marker,dr,52.37066583,-1.24474666,126.60,true,,
1790445842.797,marker,reconciled,0.00000000,0.00000000,0.00,false,,
1790445842.843,hud,speed,,,,,"7.4 / 5.5",7.360
1790445842.844,hud,heading,,,,,"234° / 49°",233.600
1790445842.844,hud,drift,,,,,"155.16%",155.160
1790445842.844,hud,turns,,,,,"✗ turns: 3/15",
1790445842.845,hud,calib_s,,,,,"✓ Buffer 6s",
1790445842.845,marker,gnss,52.37153000,-1.24140500,310.80,true,,
1790445842.845,marker,dr,52.37066249,-1.24475600,126.40,true,,
1790445842.846,marker,reconciled,0.00000000,0.00000000,0.00,false,,
1790445842.897,hud,speed,,,,,"7.4 / 5.5",7.410
1790445842.897,hud,heading,,,,,"234° / 49°",233.700
1790445842.897,hud,drift,,,,,"155.40%",155.400
1790445842.897,hud,turns,,,,,"✗ turns: 3/15",
1790445842.898,hud,calib_s,,,,,"✓ Buffer 6s",
1790445842.898,marker,gnss,52.37153000,-1.24140500,310.80,true,,
1790445842.899,marker,dr,52.37065916,-1.24476542,126.30,true,,
1790445842.899,marker,reconciled,0.00000000,0.00000000,0.00,false,,
1790445842.945,hud,speed,,,,,"7.5 / 5.5",7.460
1790445842.945,hud,heading,,,,,"234° / 49°",233.700
1790445842.946,hud,drift,,,,,"155.65%",155.650
1790445842.946,hud,turns,,,,,"✗ turns: 3/15",
1790445842.946,hud,calib_s,,,,,"✓ Buffer 6s",
1790445842.947,marker,gnss,52.37153000,-1.24140500,310.80,true,,
1790445842.947,marker,dr,52.37065582,-1.24477490,126.30,true,,
1790445842.948,marker,reconciled,0.00000000,0.00000000,0.00,false,,
1790445842.999,hud,speed,,,,,"7.6 / 5.5",7.550
1790445842.999,hud,heading,,,,,"233° / 49°",233.400
1790445843.000,hud,drift,,,,,"155.90%",155.900
1790445843.000,hud,turns,,,,,"✗ turns: 3/15",
1790445843.000,hud,calib_s,,,,,"✓ Buffer 6s",
1790445843.001,marker,gnss,52.37153000,-1.24140500,310.80,true,,
1790445843.001,marker,dr,52.37065239,-1.24478449,126.60,true,,
1790445843.001,marker,reconciled,0.00000000,0.00000000,0.00,false,,
1790445843.047,hud,speed,,,,,"7.6 / 5.5",7.640
1790445843.048,hud,heading,,,,,"233° / 49°",233.000
1790445843.048,hud,drift,,,,,"156.16%",156.160
1790445843.048,hud,turns,,,,,"✗ turns: 3/15",
1790445843.049,hud,calib_s,,,,,"✓ Buffer 6s",
1790445843.049,marker,gnss,52.37153000,-1.24140500,310.80,true,,
1790445843.050,marker,dr,52.37064903,-1.24479420,127.00,true,,
1790445843.050,marker,reconciled,0.00000000,0.00000000,0.00,false,,
1790445843.103,hud,speed,,,,,"7.7 / 5.5",7.730
1790445843.103,hud,heading,,,,,"233° / 49°",232.700
1790445843.103,hud,drift,,,,,"156.42%",156.420
1790445843.104,hud,turns,,,,,"✗ turns: 3/15",
1790445843.104,hud,calib_s,,,,,"✓ Buffer 6s",
1790445843.104,marker,gnss,52.37153000,-1.24140500,310.80,true,,
1790445843.105,marker,dr,52.37064565,-1.24480424,127.30,true,,
1790445843.105,marker,reconciled,0.00000000,0.00000000,0.00,false,,
1790445843.153,hud,speed,,,,,"7.8 / 5.5",7.840
1790445843.153,hud,heading,,,,,"233° / 49°",232.600
1790445843.153,hud,drift,,,,,"156.70%",156.700
1790445843.153,hud,turns,,,,,"✗ turns: 3/15",
1790445843.154,hud,calib_s,,,,,"✓ Buffer 6s",
1790445843.154,marker,gnss,52.37153000,-1.24140500,310.80,true,,
1790445843.155,marker,dr,52.37064223,-1.24481453,127.40,true,,
1790445843.155,marker,reconciled,0.00000000,0.00000000,0.00,false,,
1790445843.203,hud,speed,,,,,"8.0 / 5.5",7.970
1790445843.204,hud,heading,,,,,"233° / 49°",232.600
1790445843.204,hud,drift,,,,,"156.98%",156.980
1790445843.204,hud,turns,,,,,"✗ turns: 3/15",
1790445843.204,hud,calib_s,,,,,"✓ Buffer 6s",
1790445843.205,marker,gnss,52.37153000,-1.24140500,310.80,true,,
1790445843.205,marker,dr,52.37063871,-1.24482494,127.40,true,,
1790445843.205,marker,reconciled,0.00000000,0.00000000,0.00,false,,
1790445843.246,hud,speed,,,,,"8.1 / 5.5",8.100
1790445843.246,hud,heading,,,,,"233° / 49°",232.700
1790445843.247,hud,drift,,,,,"157.26%",157.260
1790445843.247,hud,turns,,,,,"✗ turns: 3/15",
1790445843.247,hud,calib_s,,,,,"✓ Buffer 6s",
1790445843.247,marker,gnss,52.37153000,-1.24140500,310.80,true,,
1790445843.247,marker,dr,52.37063518,-1.24483549,127.30,true,,
1790445843.248,marker,reconciled,0.00000000,0.00000000,0.00,false,,
1790445843.303,hud,speed,,,,,"8.2 / 5.5",8.170
1790445843.304,hud,heading,,,,,"233° / 49°",232.500
1790445843.304,hud,drift,,,,,"157.55%",157.550
1790445843.304,hud,turns,,,,,"✗ turns: 3/15",
1790445843.304,hud,calib_s,,,,,"✓ Buffer 6s",
1790445843.305,marker,gnss,52.37153000,-1.24140500,310.80,true,,
1790445843.305,marker,dr,52.37063153,-1.24484619,127.50,true,,
1790445843.305,marker,reconciled,0.00000000,0.00000000,0.00,false,,
1790445843.353,hud,speed,,,,,"8.2 / 5.5",8.200
1790445843.353,hud,heading,,,,,"232° / 49°",232.400
1790445843.354,hud,drift,,,,,"157.83%",157.830
1790445843.354,hud,turns,,,,,"✗ turns: 3/15",
1790445843.354,hud,calib_s,,,,,"✓ Buffer 6s",
1790445843.355,marker,gnss,52.37153000,-1.24140500,310.80,true,,
1790445843.355,marker,dr,52.37062794,-1.24485688,127.60,true,,
1790445843.355,marker,reconciled,0.00000000,0.00000000,0.00,false,,
1790445843.407,hud,speed,,,,,"8.3 / 5.5",8.300
1790445843.407,hud,heading,,,,,"232° / 49°",232.100
1790445843.407,hud,drift,,,,,"158.12%",158.120
1790445843.408,hud,turns,,,,,"✗ turns: 3/15",
1790445843.408,hud,calib_s,,,,,"✓ Buffer 6s",
1790445843.408,marker,gnss,52.37153000,-1.24140500,310.80,true,,
1790445843.409,marker,dr,52.37062437,-1.24486775,127.90,true,,
1790445843.409,marker,reconciled,0.00000000,0.00000000,0.00,false,,
1790445843.454,hud,speed,,,,,"8.4 / 5.5",8.350
1790445843.454,hud,heading,,,,,"232° / 49°",232.000
1790445843.454,hud,drift,,,,,"158.41%",158.410
1790445843.455,hud,turns,,,,,"✗ turns: 3/15",
1790445843.455,hud,calib_s,,,,,"✓ Buffer 6s",
1790445843.455,marker,gnss,52.37153000,-1.24140500,310.80,true,,
1790445843.456,marker,dr,52.37062090,-1.24487873,128.00,true,,
1790445843.456,marker,reconciled,0.00000000,0.00000000,0.00,false,,
1790445843.509,hud,speed,,,,,"8.4 / 5.5",8.410
1790445843.509,hud,heading,,,,,"232° / 49°",232.000
1790445843.510,hud,drift,,,,,"158.72%",158.720
1790445843.510,hud,turns,,,,,"✗ turns: 3/15",
1790445843.510,hud,calib_s,,,,,"✓ Buffer 6s",
1790445843.511,marker,gnss,52.37153000,-1.24140500,310.80,true,,
1790445843.511,marker,dr,52.37061736,-1.24489012,128.00,true,,
1790445843.512,marker,reconciled,0.00000000,0.00000000,0.00,false,,
1790445843.556,hud,speed,,,,,"8.5 / 5.5",8.460
1790445843.556,hud,heading,,,,,"232° / 49°",232.000
1790445843.557,hud,drift,,,,,"159.01%",159.010
1790445843.557,hud,turns,,,,,"✗ turns: 3/15",
1790445843.557,hud,calib_s,,,,,"✓ Buffer 6s",
1790445843.558,marker,gnss,52.37153000,-1.24140500,310.80,true,,
1790445843.558,marker,dr,52.37061391,-1.24490136,128.00,true,,
1790445843.559,marker,reconciled,0.00000000,0.00000000,0.00,false,,
1790445843.611,hud,speed,,,,,"8.5 / 5.5",8.540
1790445843.612,hud,heading,,,,,"232° / 49°",232.000
1790445843.612,hud,drift,,,,,"159.32%",159.320
1790445843.612,hud,turns,,,,,"✗ turns: 3/15",
1790445843.613,hud,calib_s,,,,,"✓ Buffer 6s",
1790445843.613,marker,gnss,52.37153000,-1.24140500,310.80,true,,
1790445843.613,marker,dr,52.37061041,-1.24491291,128.00,true,,
1790445843.614,marker,reconciled,0.00000000,0.00000000,0.00,false,,
1790445843.657,hud,speed,,,,,"8.6 / 5.5",8.610
1790445843.657,hud,heading,,,,,"232° / 49°",231.700
1790445843.658,hud,drift,,,,,"159.62%",159.620
1790445843.658,hud,turns,,,,,"✗ turns: 3/15",
1790445843.658,hud,calib_s,,,,,"✓ Buffer 6s",
1790445843.659,marker,gnss,52.37153000,-1.24140500,310.80,true,,
1790445843.659,marker,dr,52.37060692,-1.24492434,128.30,true,,
1790445843.659,marker,reconciled,0.00000000,0.00000000,0.00,false,,
1790445843.714,hud,speed,,,,,"8.5 / 5.5",8.530
1790445843.714,hud,heading,,,,,"232° / 49°",231.600
1790445843.714,hud,drift,,,,,"159.92%",159.920
1790445843.715,hud,turns,,,,,"✗ turns: 3/15",
1790445843.715,hud,calib_s,,,,,"✓ Buffer 6s",
1790445843.715,marker,gnss,52.37153000,-1.24140500,310.80,true,,
1790445843.715,marker,dr,52.37060359,-1.24493602,128.40,true,,
1790445843.716,marker,reconciled,0.00000000,0.00000000,0.00,false,,
1790445843.761,hud,speed,,,,,"8.6 / 5.5",8.550
1790445843.761,hud,heading,,,,,"231° / 49°",231.400
1790445843.761,hud,drift,,,,,"160.22%",160.220
1790445843.762,hud,turns,,,,,"✗ turns: 3/15",
1790445843.762,hud,calib_s,,,,,"✓ Buffer 6s",
1790445843.762,marker,gnss,52.37153000,-1.24140500,310.80,true,,
1790445843.763,marker,dr,52.37060030,-1.24494770,128.60,true,,
1790445843.763,marker,reconciled,0.00000000,0.00000000,0.00,false,,
1790445843.814,hud,speed,,,,,"8.5 / 5.5",8.500
1790445843.814,hud,heading,,,,,"231° / 49°",231.400
1790445843.815,hud,drift,,,,,"160.52%",160.520
1790445843.815,hud,turns,,,,,"✗ turns: 3/15",
1790445843.815,hud,calib_s,,,,,"✓ Buffer 6s",
1790445843.816,marker,gnss,52.37153000,-1.24140500,310.80,true,,
1790445843.816,marker,dr,52.37059713,-1.24495953,128.60,true,,
1790445843.817,marker,reconciled,0.00000000,0.00000000,0.00,false,,
1790445843.862,hud,speed,,,,,"8.6 / 5.5",8.600
1790445843.862,hud,heading,,,,,"232° / 49°",231.600
1790445843.863,hud,drift,,,,,"160.81%",160.810
1790445843.863,hud,turns,,,,,"✗ turns: 3/15",
1790445843.863,hud,calib_s,,,,,"✓ Buffer 6s",
1790445843.864,marker,gnss,52.37153000,-1.24140500,310.80,true,,
1790445843.864,marker,dr,52.37059400,-1.24497131,128.40,true,,
1790445843.864,marker,reconciled,0.00000000,0.00000000,0.00,false,,
1790445843.917,hud,speed,,,,,"8.6 / 5.5",8.570
1790445843.917,hud,heading,,,,,"232° / 49°",231.700
1790445843.918,hud,drift,,,,,"161.10%",161.100
1790445843.918,hud,turns,,,,,"✗ turns: 3/15",
1790445843.918,hud,calib_s,,,,,"✓ Buffer 6s",
1790445843.919,marker,gnss,52.37153000,-1.24140500,310.80,true,,
1790445843.919,marker,dr,52.37059098,-1.24498303,128.30,true,,
1790445843.920,marker,reconciled,0.00000000,0.00000000,0.00,false,,
1790445843.967,hud,speed,,,,,"8.5 / 5.5",8.510
1790445843.968,hud,heading,,,,,"232° / 49°",231.900
1790445843.968,hud,drift,,,,,"161.38%",161.380
1790445843.968,hud,turns,,,,,"✗ turns: 3/15",
1790445843.968,hud,calib_s,,,,,"✓ Buffer 6s",
1790445843.969,marker,gnss,52.37153000,-1.24140500,310.80,true,,
1790445843.969,marker,dr,52.37058802,-1.24499464,128.10,true,,
1790445843.969,marker,reconciled,0.00000000,0.00000000,0.00,false,,
1790445844.019,hud,speed,,,,,"8.4 / 5.5",8.430
1790445844.019,hud,heading,,,,,"232° / 49°",231.800
1790445844.020,hud,drift,,,,,"161.66%",161.660
1790445844.020,hud,turns,,,,,"✗ turns: 3/15",
1790445844.020,hud,calib_s,,,,,"✓ Buffer 6s",
1790445844.021,marker,gnss,52.37153000,-1.24140500,310.80,true,,
1790445844.021,marker,dr,52.37058514,-1.24500629,128.20,true,,
1790445844.021,marker,reconciled,0.00000000,0.00000000,0.00,false,,
1790445844.065,hud,speed,,,,,"8.3 / 5.5",8.290
1790445844.066,hud,heading,,,,,"232° / 49°",231.900
1790445844.066,hud,drift,,,,,"161.93%",161.930
1790445844.067,hud,turns,,,,,"✗ turns: 3/15",
1790445844.067,hud,calib_s,,,,,"✓ Buffer 6s",
1790445844.067,marker,gnss,52.37153000,-1.24140500,310.80,true,,
1790445844.068,marker,dr,52.37058237,-1.24501786,128.10,true,,
1790445844.068,marker,reconciled,0.00000000,0.00000000,0.00,false,,
1790445844.121,hud,speed,,,,,"8.1 / 5.5",8.120
1790445844.121,hud,heading,,,,,"232° / 49°",231.900
1790445844.122,hud,drift,,,,,"162.19%",162.190
1790445844.122,hud,turns,,,,,"✗ turns: 3/15",
1790445844.122,hud,calib_s,,,,,"✓ Buffer 6s",
1790445844.123,marker,gnss,52.37153000,-1.24140500,310.80,true,,
1790445844.123,marker,dr,52.37057973,-1.24502903,128.10,true,,
1790445844.123,marker,reconciled,0.00000000,0.00000000,0.00,false,,
1790445844.168,hud,speed,,,,,"8.0 / 5.5",7.970
1790445844.169,hud,heading,,,,,"232° / 49°",231.800
1790445844.169,hud,drift,,,,,"162.44%",162.440
1790445844.169,hud,turns,,,,,"✗ turns: 3/15",
1790445844.169,hud,calib_s,,,,,"✓ Buffer 6s",
1790445844.170,marker,gnss,52.37153000,-1.24140500,310.80,true,,
1790445844.171,marker,dr,52.37057709,-1.24504024,128.20,true,,
1790445844.171,marker,reconciled,0.00000000,0.00000000,0.00,false,,
1790445844.224,hud,speed,,,,,"7.9 / 5.5",7.870
1790445844.225,hud,heading,,,,,"232° / 49°",231.800
1790445844.225,hud,drift,,,,,"162.67%",162.670
1790445844.225,hud,turns,,,,,"✗ turns: 3/15",
1790445844.226,hud,calib_s,,,,,"✓ Buffer 6s",
1790445844.226,marker,gnss,52.37153000,-1.24140500,310.80,true,,
1790445844.227,marker,dr,52.37057456,-1.24505113,128.20,true,,
1790445844.227,marker,reconciled,0.00000000,0.00000000,0.00,false,,
1790445844.269,hud,speed,,,,,"7.8 / 5.5",7.780
1790445844.269,hud,heading,,,,,"232° / 49°",231.800
1790445844.270,hud,drift,,,,,"162.91%",162.910
1790445844.270,hud,turns,,,,,"✗ turns: 3/15",
1790445844.270,hud,calib_s,,,,,"✓ Buffer 6s",
1790445844.271,marker,gnss,52.37153000,-1.24140500,310.80,true,,
1790445844.271,marker,dr,52.37057200,-1.24506205,128.20,true,,
1790445844.271,marker,reconciled,0.00000000,0.00000000,0.00,false,,
1790445844.324,hud,speed,,,,,"7.7 / 5.5",7.710
1790445844.324,hud,heading,,,,,"232° / 49°",231.800
1790445844.325,hud,drift,,,,,"163.14%",163.140
1790445844.325,hud,turns,,,,,"✗ turns: 3/15",
1790445844.325,hud,calib_s,,,,,"✓ Buffer 6s",
1790445844.325,marker,gnss,52.37153000,-1.24140500,310.80,true,,
1790445844.326,marker,dr,52.37056944,-1.24507276,128.20,true,,
1790445844.326,marker,reconciled,0.00000000,0.00000000,0.00,false,,
1790445844.372,hud,speed,,,,,"7.7 / 5.5",7.680
1790445844.372,hud,heading,,,,,"232° / 49°",231.700
1790445844.372,hud,drift,,,,,"163.36%",163.360
1790445844.373,hud,turns,,,,,"✗ turns: 3/15",
1790445844.373,hud,calib_s,,,,,"✓ Buffer 6s",
1790445844.373,marker,gnss,52.37153000,-1.24140500,310.80,true,,
1790445844.374,marker,dr,52.37056693,-1.24508334,128.30,true,,
1790445844.374,marker,reconciled,0.00000000,0.00000000,0.00,false,,
1790445844.429,hud,speed,,,,,"7.6 / 5.5",7.630
1790445844.430,hud,heading,,,,,"232° / 49°",231.600
1790445844.430,hud,drift,,,,,"163.59%",163.590
1790445844.430,hud,turns,,,,,"✗ turns: 3/15",
1790445844.430,hud,calib_s,,,,,"✓ Buffer 6s",
1790445844.431,marker,gnss,52.37153000,-1.24140500,310.80,true,,
1790445844.431,marker,dr,52.37056434,-1.24509406,128.40,true,,
1790445844.432,marker,reconciled,0.00000000,0.00000000,0.00,false,,
1790445844.474,hud,speed,,,,,"7.5 / 5.5",7.530
1790445844.474,hud,heading,,,,,"231° / 49°",231.400
1790445844.474,hud,drift,,,,,"163.81%",163.810
1790445844.475,hud,turns,,,,,"✗ turns: 3/15",
1790445844.475,hud,calib_s,,,,,"✓ Buffer 6s",
1790445844.475,marker,gnss,52.37153000,-1.24140500,310.80,true,,
1790445844.476,marker,dr,52.37056185,-1.24510461,128.60,true,,
1790445844.476,marker,reconciled,0.00000000,0.00000000,0.00,false,,
1790445844.527,hud,speed,,,,,"7.6 / 5.5",7.550
1790445844.528,hud,heading,,,,,"232° / 49°",231.500
1790445844.528,hud,drift,,,,,"164.02%",164.020
1790445844.528,hud,turns,,,,,"✗ turns: 3/15",
1790445844.529,hud,calib_s,,,,,"✓ Buffer 6s",
1790445844.529,marker,gnss,52.37153000,-1.24140500,310.80,true,,
1790445844.529,marker,dr,52.37055934,-1.24511503,128.50,true,,
1790445844.530,marker,reconciled,0.00000000,0.00000000,0.00,false,,
1790445844.573,hud,speed,,,,,"7.6 / 5.5",7.550
1790445844.573,hud,heading,,,,,"232° / 49°",231.700
1790445844.574,hud,drift,,,,,"164.23%",164.230
1790445844.574,hud,turns,,,,,"✗ turns: 3/15",
1790445844.574,hud,calib_s,,,,,"✓ Buffer 6s",
1790445844.575,marker,gnss,52.37153000,-1.24140500,310.80,true,,
1790445844.576,marker,dr,52.37055679,-1.24512543,128.30,true,,
1790445844.576,marker,reconciled,0.00000000,0.00000000,0.00,false,,
1790445844.631,hud,speed,,,,,"7.6 / 5.5",7.630
1790445844.631,hud,heading,,,,,"232° / 49°",231.800
1790445844.632,hud,drift,,,,,"164.45%",164.450
1790445844.632,hud,turns,,,,,"✗ turns: 3/15",
1790445844.632,hud,calib_s,,,,,"✓ Buffer 6s",
1790445844.632,marker,gnss,52.37153000,-1.24140500,310.80,true,,
1790445844.633,marker,dr,52.37055415,-1.24513587,128.20,true,,
1790445844.633,marker,reconciled,0.00000000,0.00000000,0.00,false,,
1790445844.677,hud,speed,,,,,"7.6 / 5.5",7.630
1790445844.677,hud,heading,,,,,"232° / 49°",231.800
1790445844.678,hud,drift,,,,,"164.66%",164.660
1790445844.678,hud,turns,,,,,"✗ turns: 3/15",
1790445844.678,hud,calib_s,,,,,"✓ Buffer 6s",
1790445844.679,marker,gnss,52.37153000,-1.24140500,310.80,true,,
1790445844.679,marker,dr,52.37055140,-1.24514623,128.20,true,,
1790445844.680,marker,reconciled,0.00000000,0.00000000,0.00,false,,
1790445844.733,hud,speed,,,,,"7.7 / 5.5",7.690
1790445844.734,hud,heading,,,,,"232° / 49°",231.900
1790445844.734,hud,drift,,,,,"164.87%",164.870
1790445844.734,hud,turns,,,,,"✗ turns: 3/15",
1790445844.735,hud,calib_s,,,,,"✓ Buffer 6s",
1790445844.735,marker,gnss,52.37153000,-1.24140500,310.80,true,,
1790445844.736,marker,dr,52.37054852,-1.24515652,128.10,true,,
1790445844.736,marker,reconciled,0.00000000,0.00000000,0.00,false,,
1790445844.786,hud,speed,,,,,"7.7 / 5.5",7.710
1790445844.786,hud,heading,,,,,"232° / 49°",231.800
1790445844.786,hud,drift,,,,,"165.09%",165.090
1790445844.787,hud,turns,,,,,"✗ turns: 3/15",
1790445844.787,hud,calib_s,,,,,"✓ Buffer 6s",
1790445844.787,marker,gnss,52.37153000,-1.24140500,310.80,true,,
1790445844.788,marker,dr,52.37054554,-1.24516679,128.20,true,,
1790445844.788,marker,reconciled,0.00000000,0.00000000,0.00,false,,
1790445844.835,hud,speed,,,,,"7.8 / 5.5",7.760
1790445844.835,hud,heading,,,,,"232° / 49°",231.800
1790445844.836,hud,drift,,,,,"165.30%",165.300
1790445844.836,hud,turns,,,,,"✗ turns: 3/15",
1790445844.836,hud,calib_s,,,,,"✓ Buffer 6s",
1790445844.837,marker,gnss,52.37153000,-1.24140500,310.80,true,,
1790445844.839,marker,dr,52.37054243,-1.24517703,128.20,true,,
1790445844.840,marker,reconciled,0.00000000,0.00000000,0.00,false,,
1790445844.885,hud,speed,,,,,"7.8 / 5.5",7.830
1790445844.885,hud,heading,,,,,"232° / 49°",231.900
1790445844.885,hud,drift,,,,,"165.52%",165.520
1790445844.886,hud,turns,,,,,"✗ turns: 3/15",
1790445844.886,hud,calib_s,,,,,"✓ Buffer 6s",
1790445844.887,marker,gnss,52.37153000,-1.24140500,310.80,true,,
1790445844.887,marker,dr,52.37053919,-1.24518739,128.10,true,,
1790445844.888,marker,reconciled,0.00000000,0.00000000,0.00,false,,
1790445844.937,hud,speed,,,,,"7.9 / 5.5",7.940
1790445844.937,hud,heading,,,,,"232° / 49°",232.100
1790445844.938,hud,drift,,,,,"165.74%",165.740
1790445844.938,hud,turns,,,,,"✗ turns: 3/15",
1790445844.938,hud,calib_s,,,,,"✓ Buffer 6s",
1790445844.940,marker,gnss,52.37153000,-1.24140500,310.80,true,,
1790445844.941,marker,dr,52.37053583,-1.24519792,127.90,true,,
1790445844.941,marker,reconciled,0.00000000,0.00000000,0.00,false,,
1790445844.991,hud,speed,,,,,"8.0 / 5.5",8.040
1790445844.992,hud,heading,,,,,"232° / 49°",232.200
1790445844.992,hud,drift,,,,,"165.96%",165.960
1790445844.992,hud,turns,,,,,"✗ turns: 3/15",
1790445844.992,hud,calib_s,,,,,"✓ Buffer 6s",
1790445844.993,marker,gnss,52.37153000,-1.24140500,310.80,true,,
1790445844.993,marker,dr,52.37053256,-1.24520799,127.80,true,,
1790445844.994,marker,reconciled,0.00000000,0.00000000,0.00,false,,
1790445845.036,hud,speed,,,,,"8.1 / 5.5",8.140
1790445845.036,hud,heading,,,,,"232° / 49°",232.300
1790445845.037,hud,drift,,,,,"166.18%",166.180
1790445845.037,hud,turns,,,,,"✗ turns: 3/15",
1790445845.037,hud,calib_s,,,,,"✓ Buffer 6s",
1790445845.038,marker,gnss,52.37153000,-1.24140500,310.80,true,,
1790445845.040,marker,dr,52.37052905,-1.24521841,127.70,true,,
1790445845.041,marker,reconciled,0.00000000,0.00000000,0.00,false,,
1790445845.088,hud,speed,,,,,"8.2 / 5.5",8.200
1790445845.088,hud,heading,,,,,"232° / 49°",232.300
1790445845.089,hud,drift,,,,,"166.41%",166.410
1790445845.089,hud,turns,,,,,"✗ turns: 3/15",
1790445845.089,hud,calib_s,,,,,"✓ Buffer 6s",
1790445845.089,marker,gnss,52.37153000,-1.24140500,310.80,true,,
1790445845.090,marker,dr,52.37052543,-1.24522885,127.70,true,,
1790445845.091,marker,reconciled,0.00000000,0.00000000,0.00,false,,
1790445845.139,hud,speed,,,,,"8.3 / 5.5",8.290
1790445845.140,hud,heading,,,,,"232° / 49°",232.300
1790445845.140,hud,drift,,,,,"166.64%",166.640
1790445845.140,hud,turns,,,,,"✗ turns: 3/15",
1790445845.141,hud,calib_s,,,,,"✓ Buffer 6s",
1790445845.142,marker,gnss,52.37153000,-1.24140500,310.80,true,,
1790445845.143,marker,dr,52.37052168,-1.24523931,127.70,true,,
1790445845.144,marker,reconciled,0.00000000,0.00000000,0.00,false,,
1790445845.191,hud,speed,,,,,"8.4 / 5.5",8.360
1790445845.191,hud,heading,,,,,"232° / 49°",232.400
1790445845.191,hud,drift,,,,,"166.87%",166.870
1790445845.191,hud,turns,,,,,"✗ turns: 3/15",
1790445845.192,hud,calib_s,,,,,"✓ Buffer 6s",
1790445845.192,marker,gnss,52.37153000,-1.24140500,310.80,true,,
1790445845.193,marker,dr,52.37051777,-1.24524987,127.60,true,,
1790445845.193,marker,reconciled,0.00000000,0.00000000,0.00,false,,
1790445845.245,hud,speed,,,,,"8.4 / 5.5",8.420
1790445845.246,hud,heading,,,,,"232° / 49°",232.300
1790445845.246,hud,drift,,,,,"167.11%",167.110
1790445845.246,hud,turns,,,,,"✗ turns: 3/15",
1790445845.247,hud,calib_s,,,,,"✓ Buffer 6s",
1790445845.247,marker,gnss,52.37153000,-1.24140500,310.80,true,,
1790445845.249,marker,dr,52.37051384,-1.24526041,127.70,true,,
1790445845.249,marker,reconciled,0.00000000,0.00000000,0.00,false,,
1790445845.293,hud,speed,,,,,"8.4 / 5.5",8.360
1790445845.294,hud,heading,,,,,"232° / 49°",232.400
1790445845.294,hud,drift,,,,,"167.34%",167.340
1790445845.294,hud,turns,,,,,"✗ turns: 3/15",
1790445845.295,hud,calib_s,,,,,"✓ Buffer 6s",
1790445845.295,marker,gnss,52.37153000,-1.24140500,310.80,true,,
1790445845.295,marker,dr,52.37050994,-1.24527074,127.60,true,,
1790445845.296,marker,reconciled,0.00000000,0.00000000,0.00,false,,
1790445845.344,hud,speed,,,,,"8.4 / 5.5",8.360
1790445845.345,hud,heading,,,,,"232° / 49°",232.200
1790445845.345,hud,drift,,,,,"167.57%",167.570
1790445845.345,hud,turns,,,,,"✗ turns: 3/15",
1790445845.345,hud,calib_s,,,,,"✓ Buffer 6s",
1790445845.347,marker,gnss,52.37153000,-1.24140500,310.80,true,,
1790445845.348,marker,dr,52.37050596,-1.24528115,127.80,true,,
1790445845.348,marker,reconciled,0.00000000,0.00000000,0.00,false,,
1790445845.395,hud,speed,,,,,"8.4 / 5.5",8.390
1790445845.396,hud,heading,,,,,"232° / 49°",232.300
1790445845.396,hud,drift,,,,,"167.80%",167.800
1790445845.396,hud,turns,,,,,"✗ turns: 3/15",
1790445845.396,hud,calib_s,,,,,"✓ Buffer 6s",
1790445845.397,marker,gnss,52.37153000,-1.24140500,310.80,true,,
1790445845.397,marker,dr,52.37050187,-1.24529163,127.70,true,,
1790445845.398,marker,reconciled,0.00000000,0.00000000,0.00,false,,
1790445845.447,hud,speed,,,,,"8.4 / 5.5",8.420
1790445845.447,hud,heading,,,,,"232° / 49°",232.100
1790445845.448,hud,drift,,,,,"168.03%",168.030
1790445845.448,hud,turns,,,,,"✗ turns: 3/15",
1790445845.448,hud,calib_s,,,,,"✓ Buffer 6s",
1790445845.448,marker,gnss,52.37153000,-1.24140500,310.80,true,,
1790445845.450,marker,dr,52.37049774,-1.24530201,127.90,true,,
1790445845.450,marker,reconciled,0.00000000,0.00000000,0.00,false,,
1790445845.499,hud,speed,,,,,"8.5 / 5.5",8.490
1790445845.499,hud,heading,,,,,"232° / 49°",232.200
1790445845.500,hud,drift,,,,,"168.25%",168.250
1790445845.500,hud,turns,,,,,"✗ turns: 3/15",
1790445845.500,hud,calib_s,,,,,"✓ Buffer 6s",
1790445845.500,marker,gnss,52.37153000,-1.24140500,310.80,true,,
1790445845.501,marker,dr,52.37049360,-1.24531234,127.80,true,,
1790445845.501,marker,reconciled,0.00000000,0.00000000,0.00,false,,
1790445845.549,hud,speed,,,,,"8.5 / 5.5",8.460
1790445845.549,hud,heading,,,,,"232° / 49°",232.200
1790445845.550,hud,drift,,,,,"168.49%",168.490
1790445845.550,hud,turns,,,,,"✗ turns: 3/15",
1790445845.551,hud,calib_s,,,,,"✓ Buffer 6s",
1790445845.552,marker,gnss,52.37153000,-1.24140500,310.80,true,,
1790445845.553,marker,dr,52.37048937,-1.24532281,127.80,true,,
1790445845.554,marker,reconciled,0.00000000,0.00000000,0.00,false,,
1790445845.599,hud,speed,,,,,"8.5 / 5.5",8.490
1790445845.599,hud,heading,,,,,"232° / 49°",232.400
1790445845.599,hud,drift,,,,,"168.71%",168.710
1790445845.599,hud,turns,,,,,"✗ turns: 3/15",
1790445845.600,hud,calib_s,,,,,"✓ Buffer 6s",
1790445845.600,marker,gnss,52.37153000,-1.24140500,310.80,true,,
1790445845.600,marker,dr,52.37048515,-1.24533305,127.60,true,,
1790445845.601,marker,reconciled,0.00000000,0.00000000,0.00,false,,
1790445845.654,hud,speed,,,,,"8.7 / 5.5",8.650
1790445845.655,hud,heading,,,,,"232° / 49°",232.300
1790445845.655,hud,drift,,,,,"168.95%",168.950
1790445845.655,hud,turns,,,,,"✗ turns: 3/15",
1790445845.655,hud,calib_s,,,,,"✓ Buffer 6s",
1790445845.656,marker,gnss,52.37153000,-1.24140500,310.80,true,,
1790445845.657,marker,dr,52.37048075,-1.24534352,127.70,true,,
1790445845.657,marker,reconciled,0.00000000,0.00000000,0.00,false,,
1790445845.699,hud,speed,,,,,"8.6 / 5.5",8.560
1790445845.700,hud,heading,,,,,"232° / 49°",232.300
1790445845.700,hud,drift,,,,,"169.18%",169.180
1790445845.700,hud,turns,,,,,"✗ turns: 3/15",
1790445845.701,hud,calib_s,,,,,"✓ Buffer 6s",
1790445845.701,marker,gnss,52.37153000,-1.24140500,310.80,true,,
1790445845.702,marker,dr,52.37047634,-1.24535396,127.70,true,,
1790445845.702,marker,reconciled,0.00000000,0.00000000,0.00,false,,
1790445845.753,hud,speed,,,,,"8.5 / 5.5",8.480
1790445845.753,hud,heading,,,,,"232° / 49°",232.300
1790445845.754,hud,drift,,,,,"169.40%",169.400
1790445845.754,hud,turns,,,,,"✗ turns: 3/15",
1790445845.755,hud,calib_s,,,,,"✓ Buffer 6s",
1790445845.757,marker,gnss,52.37153000,-1.24140500,310.80,true,,
1790445845.758,marker,dr,52.37047201,-1.24536420,127.70,true,,
1790445845.758,marker,reconciled,0.00000000,0.00000000,0.00,false,,
1790445845.803,hud,speed,,,,,"8.4 / 5.5",8.380
1790445845.803,hud,heading,,,,,"232° / 49°",232.100
1790445845.804,hud,drift,,,,,"169.61%",169.610
1790445845.804,hud,turns,,,,,"✗ turns: 3/15",
1790445845.804,hud,calib_s,,,,,"✓ Buffer 6s",
1790445845.804,marker,gnss,52.37153000,-1.24140500,310.80,true,,
1790445845.805,marker,dr,52.37046774,-1.24537421,127.90,true,,
1790445845.805,marker,reconciled,0.00000000,0.00000000,0.00,false,,
1790445845.856,hud,speed,,,,,"8.3 / 5.5",8.290
1790445845.857,hud,heading,,,,,"232° / 49°",232.200
1790445845.857,hud,drift,,,,,"169.83%",169.830
1790445845.857,hud,turns,,,,,"✗ turns: 3/15",
1790445845.857,hud,calib_s,,,,,"✓ Buffer 6s",
1790445845.858,marker,gnss,52.37153000,-1.24140500,310.80,true,,
1790445845.860,marker,dr,52.37046347,-1.24538418,127.80,true,,
1790445845.860,marker,reconciled,0.00000000,0.00000000,0.00,false,,
1790445845.906,hud,speed,,,,,"8.2 / 5.5",8.220
1790445845.906,hud,heading,,,,,"232° / 49°",232.100
1790445845.907,hud,drift,,,,,"170.03%",170.030
1790445845.907,hud,turns,,,,,"✗ turns: 3/15",
1790445845.907,hud,calib_s,,,,,"✓ Buffer 6s",
1790445845.907,marker,gnss,52.37153000,-1.24140500,310.80,true,,
1790445845.908,marker,dr,52.37045921,-1.24539406,127.90,true,,
1790445845.908,marker,reconciled,0.00000000,0.00000000,0.00,false,,
1790445845.957,hud,speed,,,,,"8.1 / 5.5",8.080
1790445845.958,hud,heading,,,,,"232° / 49°",232.100
1790445845.958,hud,drift,,,,,"170.23%",170.230
1790445845.958,hud,turns,,,,,"✗ turns: 3/15",
1790445845.959,hud,calib_s,,,,,"✓ Buffer 6s",
1790445845.960,marker,gnss,52.37153000,-1.24140500,310.80,true,,
1790445845.961,marker,dr,52.37045499,-1.24540387,127.90,true,,
1790445845.961,marker,reconciled,0.00000000,0.00000000,0.00,false,,
1790445846.012,hud,speed,,,,,"8.0 / 5.5",7.950
1790445846.012,hud,heading,,,,,"232° / 49°",232.100
1790445846.013,hud,drift,,,,,"170.42%",170.420
1790445846.013,hud,turns,,,,,"✗ turns: 3/15",
1790445846.013,hud,calib_s,,,,,"✓ Buffer 6s",
1790445846.014,marker,gnss,52.37153000,-1.24140500,310.80,true,,
1790445846.015,marker,dr,52.37045093,-1.24541334,127.90,true,,
1790445846.015,marker,reconciled,0.00000000,0.00000000,0.00,false,,
1790445846.059,hud,speed,,,,,"7.8 / 5.5",7.840
1790445846.059,hud,heading,,,,,"232° / 49°",232.200
1790445846.060,hud,drift,,,,,"170.61%",170.610
1790445846.060,hud,turns,,,,,"✗ turns: 3/15",
1790445846.060,hud,calib_s,,,,,"✓ Buffer 6s",
1790445846.060,marker,gnss,52.37153000,-1.24140500,310.80,true,,
1790445846.063,marker,dr,52.37044688,-1.24542277,127.80,true,,
1790445846.063,marker,reconciled,0.00000000,0.00000000,0.00,false,,
1790445846.109,hud,speed,,,,,"7.7 / 5.5",7.700
1790445846.109,hud,heading,,,,,"232° / 49°",232.200
1790445846.109,hud,drift,,,,,"170.78%",170.780
1790445846.109,hud,turns,,,,,"✗ turns: 3/15",
1790445846.110,hud,calib_s,,,,,"✓ Buffer 6s",
1790445846.110,marker,gnss,52.37153000,-1.24140500,310.80,true,,
1790445846.111,marker,dr,52.37044289,-1.24543200,127.80,true,,
1790445846.111,marker,reconciled,0.00000000,0.00000000,0.00,false,,
1790445846.157,hud,speed,,,,,"7.6 / 5.5",7.560
1790445846.157,hud,heading,,,,,"232° / 49°",232.200
1790445846.157,hud,drift,,,,,"170.95%",170.950
1790445846.158,hud,turns,,,,,"✗ turns: 3/15",
1790445846.158,hud,calib_s,,,,,"✓ Buffer 6s",
1790445846.159,marker,gnss,52.37153000,-1.24140500,310.80,true,,
1790445846.160,marker,dr,52.37043896,-1.24544105,127.80,true,,
1790445846.160,marker,reconciled,0.00000000,0.00000000,0.00,false,,
1790445846.208,hud,speed,,,,,"7.5 / 5.5",7.480
1790445846.209,hud,heading,,,,,"232° / 49°",232.200
1790445846.209,hud,drift,,,,,"171.12%",171.120
1790445846.209,hud,turns,,,,,"✗ turns: 3/15",
1790445846.209,hud,calib_s,,,,,"✓ Buffer 6s",
1790445846.210,marker,gnss,52.37153000,-1.24140500,310.80,true,,
1790445846.211,marker,dr,52.37043505,-1.24545010,127.80,true,,
1790445846.211,marker,reconciled,0.00000000,0.00000000,0.00,false,,
1790445846.265,hud,speed,,,,,"7.3 / 5.5",7.310
1790445846.265,hud,heading,,,,,"232° / 49°",232.200
1790445846.265,hud,drift,,,,,"171.27%",171.270
1790445846.265,hud,turns,,,,,"✗ turns: 3/15",
1790445846.266,hud,calib_s,,,,,"✓ Buffer 6s",
1790445846.266,marker,gnss,52.37153000,-1.24140500,310.80,true,,
1790445846.268,marker,dr,52.37043127,-1.24545890,127.80,true,,
1790445846.268,marker,reconciled,0.00000000,0.00000000,0.00,false,,
1790445846.313,hud,speed,,,,,"7.1 / 5.5",7.130
1790445846.313,hud,heading,,,,,"232° / 49°",232.300
1790445846.313,hud,drift,,,,,"171.42%",171.420
1790445846.314,hud,turns,,,,,"✗ turns: 3/15",
1790445846.314,hud,calib_s,,,,,"✓ Buffer 6s",
1790445846.314,marker,gnss,52.37153000,-1.24140500,310.80,true,,
1790445846.315,marker,dr,52.37042765,-1.24546740,127.70,true,,
1790445846.315,marker,reconciled,0.00000000,0.00000000,0.00,false,,
1790445846.367,hud,speed,,,,,"7.0 / 5.5",6.990
1790445846.368,hud,heading,,,,,"232° / 49°",232.400
1790445846.368,hud,drift,,,,,"171.56%",171.560
1790445846.368,hud,turns,,,,,"✗ turns: 3/15",
1790445846.368,hud,calib_s,,,,,"✓ Buffer 6s",
1790445846.370,marker,gnss,52.37153000,-1.24140500,310.80,true,,
1790445846.370,marker,dr,52.37042402,-1.24547589,127.60,true,,
1790445846.371,marker,reconciled,0.00000000,0.00000000,0.00,false,,
1790445846.414,hud,speed,,,,,"6.8 / 5.5",6.830
1790445846.415,hud,heading,,,,,"232° / 49°",232.300
1790445846.415,hud,drift,,,,,"171.69%",171.690
1790445846.415,hud,turns,,,,,"✗ turns: 3/15",
1790445846.415,hud,calib_s,,,,,"✓ Buffer 6s",
1790445846.416,marker,gnss,52.37153000,-1.24140500,310.80,true,,
1790445846.416,marker,dr,52.37042057,-1.24548406,127.70,true,,
1790445846.417,marker,reconciled,0.00000000,0.00000000,0.00,false,,
1790445846.469,hud,speed,,,,,"6.6 / 5.5",6.600
1790445846.469,hud,heading,,,,,"232° / 49°",232.100
1790445846.470,hud,drift,,,,,"171.81%",171.810
1790445846.470,hud,turns,,,,,"✗ turns: 3/15",
1790445846.470,hud,calib_s,,,,,"✓ Buffer 6s",
1790445846.471,marker,gnss,52.37153000,-1.24140500,310.80,true,,
1790445846.472,marker,dr,52.37041727,-1.24549212,127.90,true,,
1790445846.473,marker,reconciled,0.00000000,0.00000000,0.00,false,,
1790445846.520,hud,speed,,,,,"6.5 / 5.7",6.490
1790445846.521,hud,heading,,,,,"232° / 173°",232.000
1790445846.521,hud,drift,,,,,"153.64%",153.640
1790445846.521,hud,turns,,,,,"✗ turns: 3/15",
1790445846.521,hud,calib_s,,,,,"✓ Buffer 6s",
1790445846.522,marker,gnss,52.37172700,-1.24103000,186.80,true,,
1790445846.522,marker,dr,52.37041410,-1.24550015,128.00,true,,
1790445846.523,marker,reconciled,0.00000000,0.00000000,0.00,false,,
1790445846.571,hud,speed,,,,,"6.4 / 5.7",6.350
1790445846.571,hud,heading,,,,,"232° / 173°",232.000
1790445846.572,hud,drift,,,,,"153.44%",153.440
1790445846.572,hud,turns,,,,,"✗ turns: 3/15",
1790445846.572,hud,calib_s,,,,,"✓ Buffer 6s",
1790445846.573,marker,gnss,52.37172700,-1.24103000,186.80,true,,
1790445846.574,marker,dr,52.37041108,-1.24550811,128.00,true,,
1790445846.574,marker,reconciled,0.00000000,0.00000000,0.00,false,,
1790445846.619,hud,speed,,,,,"6.2 / 5.7",6.210
1790445846.620,hud,heading,,,,,"232° / 173°",231.900
1790445846.620,hud,drift,,,,,"153.25%",153.250
1790445846.620,hud,turns,,,,,"✗ turns: 3/15",
1790445846.620,hud,calib_s,,,,,"✓ Buffer 6s",
1790445846.621,marker,gnss,52.37172700,-1.24103000,186.80,true,,
1790445846.621,marker,dr,52.37040813,-1.24551603,128.10,true,,
1790445846.621,marker,reconciled,0.00000000,0.00000000,0.00,false,,
1790445846.672,hud,speed,,,,,"6.1 / 5.7",6.120
1790445846.673,hud,heading,,,,,"232° / 173°",231.800
1790445846.673,hud,drift,,,,,"153.05%",153.050
1790445846.673,hud,turns,,,,,"✗ turns: 3/15",
1790445846.674,hud,calib_s,,,,,"✓ Buffer 6s",
1790445846.674,marker,gnss,52.37172700,-1.24103000,186.80,true,,
1790445846.675,marker,dr,52.37040533,-1.24552386,128.20,true,,
1790445846.675,marker,reconciled,0.00000000,0.00000000,0.00,false,,
1790445846.721,hud,speed,,,,,"6.1 / 5.7",6.060
1790445846.721,hud,heading,,,,,"232° / 173°",231.600
1790445846.722,hud,drift,,,,,"152.85%",152.850
1790445846.722,hud,turns,,,,,"✗ turns: 3/15",
1790445846.722,hud,calib_s,,,,,"✓ Buffer 6s",
1790445846.723,marker,gnss,52.37172700,-1.24103000,186.80,true,,
1790445846.723,marker,dr,52.37040263,-1.24553159,128.40,true,,
1790445846.724,marker,reconciled,0.00000000,0.00000000,0.00,false,,
1790445846.780,hud,speed,,,,,"5.9 / 5.7",5.930
1790445846.780,hud,heading,,,,,"231° / 173°",231.300
1790445846.781,hud,drift,,,,,"152.65%",152.650
1790445846.781,hud,turns,,,,,"✗ turns: 3/15",
1790445846.781,hud,calib_s,,,,,"✓ Buffer 6s",
1790445846.781,marker,gnss,52.37172700,-1.24103000,186.80,true,,
1790445846.782,marker,dr,52.37040005,-1.24553936,128.70,true,,
1790445846.783,marker,reconciled,0.00000000,0.00000000,0.00,false,,
1790445846.821,hud,speed,,,,,"5.7 / 5.7",5.740
1790445846.821,hud,heading,,,,,"231° / 173°",231.200
1790445846.822,hud,drift,,,,,"152.45%",152.450
1790445846.822,hud,turns,,,,,"✗ turns: 3/15",
1790445846.822,hud,calib_s,,,,,"✓ Buffer 6s",
1790445846.822,marker,gnss,52.37172700,-1.24103000,186.80,true,,
1790445846.823,marker,dr,52.37039762,-1.24554706,128.80,true,,
1790445846.823,marker,reconciled,0.00000000,0.00000000,0.00,false,,
1790445846.877,hud,speed,,,,,"5.6 / 5.7",5.630
1790445846.877,hud,heading,,,,,"231° / 173°",231.000
1790445846.877,hud,drift,,,,,"152.24%",152.240
1790445846.878,hud,turns,,,,,"✗ turns: 3/15",
1790445846.878,hud,calib_s,,,,,"✓ Buffer 6s",
1790445846.878,marker,gnss,52.37172700,-1.24103000,186.80,true,,
1790445846.879,marker,dr,52.37039529,-1.24555466,129.00,true,,
1790445846.879,marker,reconciled,0.00000000,0.00000000,0.00,false,,
1790445846.923,hud,speed,,,,,"5.7 / 5.7",5.710
1790445846.923,hud,heading,,,,,"231° / 173°",230.800
1790445846.923,hud,drift,,,,,"152.03%",152.030
1790445846.923,hud,turns,,,,,"✗ turns: 3/15",
1790445846.924,hud,calib_s,,,,,"✓ Buffer 6s",
1790445846.924,marker,gnss,52.37172700,-1.24103000,186.80,true,,
1790445846.924,marker,dr,52.37039289,-1.24556241,129.20,true,,
1790445846.924,marker,reconciled,0.00000000,0.00000000,0.00,false,,
1790445846.980,hud,speed,,,,,"5.6 / 5.7",5.610
1790445846.980,hud,heading,,,,,"231° / 173°",230.700
1790445846.980,hud,drift,,,,,"151.83%",151.830
1790445846.981,hud,turns,,,,,"✗ turns: 3/15",
1790445846.981,hud,calib_s,,,,,"✓ Buffer 6s",
1790445846.981,marker,gnss,52.37172700,-1.24103000,186.80,true,,
1790445846.982,marker,dr,52.37039062,-1.24557003,129.30,true,,
1790445846.982,marker,reconciled,0.00000000,0.00000000,0.00,false,,
1790445847.026,hud,speed,,,,,"5.5 / 5.7",5.540
1790445847.027,hud,heading,,,,,"230° / 173°",230.400
1790445847.027,hud,drift,,,,,"151.63%",151.630
1790445847.027,hud,turns,,,,,"✗ turns: 3/15",
1790445847.027,hud,calib_s,,,,,"✓ Buffer 6s",
1790445847.028,marker,gnss,52.37172700,-1.24103000,186.80,true,,
1790445847.028,marker,dr,52.37038842,-1.24557765,129.60,true,,
1790445847.028,marker,reconciled,0.00000000,0.00000000,0.00,false,,
1790445847.080,hud,speed,,,,,"5.4 / 5.7",5.440
1790445847.080,hud,heading,,,,,"230° / 173°",230.200
1790445847.080,hud,drift,,,,,"151.42%",151.420
1790445847.081,hud,turns,,,,,"✗ turns: 3/15",
1790445847.081,hud,calib_s,,,,,"✓ Buffer 6s",
1790445847.081,marker,gnss,52.37172700,-1.24103000,186.80,true,,
1790445847.082,marker,dr,52.37038633,-1.24558525,129.80,true,,
1790445847.082,marker,reconciled,0.00000000,0.00000000,0.00,false,,
1790445847.123,hud,speed,,,,,"5.3 / 5.7",5.270
1790445847.124,hud,heading,,,,,"230° / 173°",230.000
1790445847.124,hud,drift,,,,,"151.21%",151.210
1790445847.124,hud,turns,,,,,"✗ turns: 3/15",
1790445847.124,hud,calib_s,,,,,"✓ Buffer 6s",
1790445847.125,marker,gnss,52.37172700,-1.24103000,186.80,true,,
1790445847.126,marker,dr,52.37038435,-1.24559287,130.00,true,,
1790445847.127,marker,reconciled,0.00000000,0.00000000,0.00,false,,
1790445847.181,hud,speed,,,,,"5.2 / 5.7",5.230
1790445847.181,hud,heading,,,,,"230° / 173°",230.000
1790445847.182,hud,drift,,,,,"151.00%",151.000
1790445847.182,hud,turns,,,,,"✗ turns: 3/15",
1790445847.182,hud,calib_s,,,,,"✓ Buffer 6s",
1790445847.183,marker,gnss,52.37172700,-1.24103000,186.80,true,,
1790445847.183,marker,dr,52.37038241,-1.24560035,130.00,true,,
1790445847.184,marker,reconciled,0.00000000,0.00000000,0.00,false,,
1790445847.227,hud,speed,,,,,"5.2 / 5.7",5.150
1790445847.227,hud,heading,,,,,"230° / 173°",230.000
1790445847.227,hud,drift,,,,,"150.78%",150.780
1790445847.228,hud,turns,,,,,"✗ turns: 3/15",
1790445847.228,hud,calib_s,,,,,"✓ Buffer 6s",
1790445847.228,marker,gnss,52.37172700,-1.24103000,186.80,true,,
1790445847.229,marker,dr,52.37038047,-1.24560763,130.00,true,,
1790445847.229,marker,reconciled,0.00000000,0.00000000,0.00,false,,
1790445847.284,hud,speed,,,,,"5.0 / 5.7",5.020
1790445847.284,hud,heading,,,,,"230° / 173°",229.800
1790445847.285,hud,drift,,,,,"150.56%",150.560
1790445847.285,hud,turns,,,,,"✗ turns: 3/15",
1790445847.285,hud,calib_s,,,,,"✓ Buffer 6s",
1790445847.285,marker,gnss,52.37172700,-1.24103000,186.80,true,,
1790445847.286,marker,dr,52.37037855,-1.24561465,130.20,true,,
1790445847.287,marker,reconciled,0.00000000,0.00000000,0.00,false,,
1790445847.329,hud,speed,,,,,"4.9 / 5.7",4.890
1790445847.330,hud,heading,,,,,"230° / 173°",229.700
1790445847.330,hud,drift,,,,,"150.34%",150.340
1790445847.330,hud,turns,,,,,"✗ turns: 3/15",
1790445847.331,hud,calib_s,,,,,"✓ Buffer 6s",
1790445847.331,marker,gnss,52.37172700,-1.24103000,186.80,true,,
1790445847.332,marker,dr,52.37037668,-1.24562142,130.30,true,,
1790445847.332,marker,reconciled,0.00000000,0.00000000,0.00,false,,
1790445847.383,hud,speed,,,,,"4.8 / 5.7",4.810
1790445847.384,hud,heading,,,,,"230° / 173°",229.600
1790445847.384,hud,drift,,,,,"150.11%",150.110
1790445847.384,hud,turns,,,,,"✗ turns: 3/15",
1790445847.384,hud,calib_s,,,,,"✓ Buffer 6s",
1790445847.385,marker,gnss,52.37172700,-1.24103000,186.80,true,,
1790445847.385,marker,dr,52.37037480,-1.24562821,130.40,true,,
1790445847.386,marker,reconciled,0.00000000,0.00000000,0.00,false,,
1790445847.428,hud,speed,,,,,"4.8 / 5.7",4.790
1790445847.429,hud,heading,,,,,"230° / 173°",229.500
1790445847.429,hud,drift,,,,,"149.88%",149.880
1790445847.429,hud,turns,,,,,"✗ turns: 3/15",
1790445847.429,hud,calib_s,,,,,"✓ Buffer 6s",
1790445847.430,marker,gnss,52.37172700,-1.24103000,186.80,true,,
1790445847.430,marker,dr,52.37037293,-1.24563480,130.50,true,,
1790445847.431,marker,reconciled,0.00000000,0.00000000,0.00,false,,
1790445847.487,hud,speed,,,,,"4.8 / 5.7",4.760
1790445847.488,hud,heading,,,,,"230° / 173°",229.600
1790445847.488,hud,drift,,,,,"149.65%",149.650
1790445847.488,hud,turns,,,,,"✗ turns: 3/15",
1790445847.489,hud,calib_s,,,,,"✓ Buffer 6s",
1790445847.489,marker,gnss,52.37172700,-1.24103000,186.80,true,,
1790445847.490,marker,dr,52.37037102,-1.24564138,130.40,true,,
1790445847.490,marker,reconciled,0.00000000,0.00000000,0.00,false,,
1790445847.534,hud,speed,,,,,"4.7 / 5.7",4.710
1790445847.534,hud,heading,,,,,"230° / 173°",229.500
1790445847.535,hud,drift,,,,,"149.42%",149.420
1790445847.535,hud,turns,,,,,"✗ turns: 3/15",
1790445847.535,hud,calib_s,,,,,"✓ Buffer 6s",
1790445847.535,marker,gnss,52.37172700,-1.24103000,186.80,true,,
1790445847.536,marker,dr,52.37036907,-1.24564776,130.50,true,,
1790445847.536,marker,reconciled,0.00000000,0.00000000,0.00,false,,
1790445847.589,hud,speed,,,,,"4.7 / 5.7",4.660
1790445847.590,hud,heading,,,,,"230° / 173°",229.500
1790445847.590,hud,drift,,,,,"149.19%",149.190
1790445847.590,hud,turns,,,,,"✗ turns: 3/15",
1790445847.591,hud,calib_s,,,,,"✓ Buffer 6s",
1790445847.591,marker,gnss,52.37172700,-1.24103000,186.80,true,,
1790445847.592,marker,dr,52.37036708,-1.24565398,130.50,true,,
1790445847.592,marker,reconciled,0.00000000,0.00000000,0.00,false,,
1790445847.637,hud,speed,,,,,"4.7 / 5.7",4.730
1790445847.638,hud,heading,,,,,"230° / 173°",229.500
1790445847.638,hud,drift,,,,,"148.96%",148.960
1790445847.639,hud,turns,,,,,"✗ turns: 3/15",
1790445847.639,hud,calib_s,,,,,"✓ Buffer 6s",
1790445847.639,marker,gnss,52.37172700,-1.24103000,186.80,true,,
1790445847.640,marker,dr,52.37036501,-1.24566013,130.50,true,,
1790445847.640,marker,reconciled,0.00000000,0.00000000,0.00,false,,
1790445847.691,hud,speed,,,,,"4.8 / 5.7",4.750
1790445847.691,hud,heading,,,,,"230° / 173°",229.500
1790445847.692,hud,drift,,,,,"148.73%",148.730
1790445847.692,hud,turns,,,,,"✗ turns: 3/15",
1790445847.692,hud,calib_s,,,,,"✓ Buffer 6s",
1790445847.692,marker,gnss,52.37172700,-1.24103000,186.80,true,,
1790445847.693,marker,dr,52.37036285,-1.24566627,130.50,true,,
1790445847.693,marker,reconciled,0.00000000,0.00000000,0.00,false,,
1790445847.739,hud,speed,,,,,"4.8 / 5.7",4.810
1790445847.739,hud,heading,,,,,"230° / 173°",229.600
1790445847.740,hud,drift,,,,,"148.51%",148.510
1790445847.740,hud,turns,,,,,"✗ turns: 3/15",
1790445847.740,hud,calib_s,,,,,"✓ Buffer 6s",
1790445847.740,marker,gnss,52.37172700,-1.24103000,186.80,true,,
1790445847.741,marker,dr,52.37036062,-1.24567240,130.40,true,,
1790445847.741,marker,reconciled,0.00000000,0.00000000,0.00,false,,
1790445847.791,hud,speed,,,,,"5.0 / 5.7",4.990
1790445847.792,hud,heading,,,,,"230° / 173°",229.800
1790445847.792,hud,drift,,,,,"148.29%",148.290
1790445847.792,hud,turns,,,,,"✗ turns: 3/15",
1790445847.792,hud,calib_s,,,,,"✓ Buffer 6s",
1790445847.793,marker,gnss,52.37172700,-1.24103000,186.80,true,,
1790445847.793,marker,dr,52.37035824,-1.24567865,130.20,true,,
1790445847.794,marker,reconciled,0.00000000,0.00000000,0.00,false,,
1790445847.839,hud,speed,,,,,"5.2 / 5.7",5.150
1790445847.840,hud,heading,,,,,"230° / 173°",229.800
1790445847.840,hud,drift,,,,,"148.08%",148.080
1790445847.840,hud,turns,,,,,"✗ turns: 3/15",
1790445847.840,hud,calib_s,,,,,"✓ Buffer 6s",
1790445847.841,marker,gnss,52.37172700,-1.24103000,186.80,true,,
1790445847.841,marker,dr,52.37035572,-1.24568500,130.20,true,,
1790445847.842,marker,reconciled,0.00000000,0.00000000,0.00,false,,
1790445847.896,hud,speed,,,,,"5.3 / 5.7",5.270
1790445847.896,hud,heading,,,,,"230° / 173°",229.900
1790445847.896,hud,drift,,,,,"147.87%",147.870
1790445847.896,hud,turns,,,,,"✗ turns: 3/15",
1790445847.897,hud,calib_s,,,,,"✓ Buffer 6s",
1790445847.897,marker,gnss,52.37172700,-1.24103000,186.80,true,,
1790445847.897,marker,dr,52.37035309,-1.24569145,130.10,true,,
1790445847.898,marker,reconciled,0.00000000,0.00000000,0.00,false,,
1790445847.942,hud,speed,,,,,"5.4 / 5.7",5.370
1790445847.942,hud,heading,,,,,"230° / 173°",229.800
1790445847.943,hud,drift,,,,,"147.67%",147.670
1790445847.943,hud,turns,,,,,"✗ turns: 3/15",
1790445847.943,hud,calib_s,,,,,"✓ Buffer 6s",
1790445847.944,marker,gnss,52.37172700,-1.24103000,186.80,true,,
1790445847.944,marker,dr,52.37035039,-1.24569800,130.20,true,,
1790445847.944,marker,reconciled,0.00000000,0.00000000,0.00,false,,
1790445847.997,hud,speed,,,,,"5.5 / 5.7",5.460
1790445847.997,hud,heading,,,,,"230° / 173°",229.800
1790445847.997,hud,drift,,,,,"147.47%",147.470
1790445847.997,hud,turns,,,,,"✗ turns: 3/15",
1790445847.998,hud,calib_s,,,,,"✓ Buffer 6s",
1790445847.998,marker,gnss,52.37172700,-1.24103000,186.80,true,,
1790445847.999,marker,dr,52.37034759,-1.24570461,130.20,true,,
1790445847.999,marker,reconciled,0.00000000,0.00000000,0.00,false,,
1790445848.047,hud,speed,,,,,"5.6 / 5.7",5.600
1790445848.047,hud,heading,,,,,"230° / 173°",229.700
1790445848.047,hud,drift,,,,,"147.28%",147.280
1790445848.048,hud,turns,,,,,"✗ turns: 3/15",
1790445848.048,hud,calib_s,,,,,"✓ Buffer 6s",
1790445848.048,marker,gnss,52.37172700,-1.24103000,186.80,true,,
1790445848.049,marker,dr,52.37034469,-1.24571133,130.30,true,,
1790445848.049,marker,reconciled,0.00000000,0.00000000,0.00,false,,
1790445848.101,hud,speed,,,,,"5.7 / 5.7",5.720
1790445848.102,hud,heading,,,,,"230° / 173°",229.800
1790445848.102,hud,drift,,,,,"147.10%",147.100
1790445848.102,hud,turns,,,,,"✗ turns: 3/15",
1790445848.103,hud,calib_s,,,,,"✓ Buffer 6s",
1790445848.103,marker,gnss,52.37172700,-1.24103000,186.80,true,,
1790445848.103,marker,dr,52.37034165,-1.24571823,130.20,true,,
1790445848.104,marker,reconciled,0.00000000,0.00000000,0.00,false,,
1790445848.147,hud,speed,,,,,"5.9 / 5.7",5.880
1790445848.147,hud,heading,,,,,"230° / 173°",229.800
1790445848.148,hud,drift,,,,,"146.92%",146.920
1790445848.148,hud,turns,,,,,"✗ turns: 3/15",
1790445848.148,hud,calib_s,,,,,"✓ Buffer 6s",
1790445848.148,marker,gnss,52.37172700,-1.24103000,186.80,true,,
1790445848.149,marker,dr,52.37033853,-1.24572521,130.20,true,,
1790445848.149,marker,reconciled,0.00000000,0.00000000,0.00,false,,
1790445848.202,hud,speed,,,,,"6.0 / 5.7",6.030
1790445848.203,hud,heading,,,,,"230° / 173°",229.800
1790445848.203,hud,drift,,,,,"146.75%",146.750
1790445848.203,hud,turns,,,,,"✗ turns: 3/15",
1790445848.204,hud,calib_s,,,,,"✓ Buffer 6s",
1790445848.204,marker,gnss,52.37172700,-1.24103000,186.80,true,,
1790445848.205,marker,dr,52.37033532,-1.24573234,130.20,true,,
1790445848.205,marker,reconciled,0.00000000,0.00000000,0.00,false,,
1790445848.247,hud,speed,,,,,"6.4 / 5.7",6.370
1790445848.247,hud,heading,,,,,"230° / 173°",229.600
1790445848.248,hud,drift,,,,,"146.60%",146.600
1790445848.248,hud,turns,,,,,"✗ turns: 3/15",
1790445848.248,hud,calib_s,,,,,"✓ Buffer 6s",
1790445848.248,marker,gnss,52.37172700,-1.24103000,186.80,true,,
1790445848.249,marker,dr,52.37033193,-1.24573978,130.40,true,,
1790445848.249,marker,reconciled,0.00000000,0.00000000,0.00,false,,
1790445848.305,hud,speed,,,,,"6.4 / 5.7",6.430
1790445848.305,hud,heading,,,,,"229° / 173°",229.400
1790445848.306,hud,drift,,,,,"146.45%",146.450
1790445848.306,hud,turns,,,,,"✗ turns: 3/15",
1790445848.306,hud,calib_s,,,,,"✓ Buffer 6s",
1790445848.307,marker,gnss,52.37172700,-1.24103000,186.80,true,,
1790445848.307,marker,dr,52.37032846,-1.24574737,130.60,true,,
1790445848.307,marker,reconciled,0.00000000,0.00000000,0.00,false,,
1790445848.348,hud,speed,,,,,"6.5 / 5.7",6.500
1790445848.348,hud,heading,,,,,"229° / 173°",228.900
1790445848.348,hud,drift,,,,,"146.30%",146.300
1790445848.349,hud,turns,,,,,"✗ turns: 3/15",
1790445848.349,hud,calib_s,,,,,"✓ Buffer 6s",
1790445848.349,marker,gnss,52.37172700,-1.24103000,186.80,true,,
1790445848.349,marker,dr,52.37032496,-1.24575507,131.10,true,,
1790445848.350,marker,reconciled,0.00000000,0.00000000,0.00,false,,
1790445848.404,hud,speed,,,,,"6.6 / 5.7",6.550
1790445848.405,hud,heading,,,,,"229° / 173°",228.500
1790445848.405,hud,drift,,,,,"146.15%",146.150
1790445848.405,hud,turns,,,,,"✗ turns: 3/15",
1790445848.406,hud,calib_s,,,,,"✓ Buffer 6s",
1790445848.406,marker,gnss,52.37172700,-1.24103000,186.80,true,,
1790445848.407,marker,dr,52.37032142,-1.24576295,131.50,true,,
1790445848.407,marker,reconciled,0.00000000,0.00000000,0.00,false,,
1790445848.452,hud,speed,,,,,"6.5 / 5.7",6.540
1790445848.452,hud,heading,,,,,"229° / 173°",228.600
1790445848.453,hud,drift,,,,,"146.01%",146.010
1790445848.453,hud,turns,,,,,"✗ turns: 3/15",
1790445848.453,hud,calib_s,,,,,"✓ Buffer 6s",
1790445848.454,marker,gnss,52.37172700,-1.24103000,186.80,true,,
1790445848.454,marker,dr,52.37031795,-1.24577073,131.40,true,,
1790445848.454,marker,reconciled,0.00000000,0.00000000,0.00,false,,
1790445848.512,hud,speed,,,,,"6.7 / 5.7",6.650
1790445848.512,hud,heading,,,,,"229° / 173°",228.800
1790445848.513,hud,drift,,,,,"145.87%",145.870
1790445848.513,hud,turns,,,,,"✗ turns: 3/15",
1790445848.513,hud,calib_s,,,,,"✓ Buffer 6s",
1790445848.514,marker,gnss,52.37172700,-1.24103000,186.80,true,,
1790445848.515,marker,dr,52.37031436,-1.24577876,131.20,true,,
1790445848.515,marker,reconciled,0.00000000,0.00000000,0.00,false,,
1790445848.555,hud,speed,,,,,"7.0 / 5.7",6.960
1790445848.555,hud,heading,,,,,"229° / 173°",228.700
1790445848.555,hud,drift,,,,,"145.75%",145.750
1790445848.556,hud,turns,,,,,"✗ turns: 3/15",
1790445848.556,hud,calib_s,,,,,"✓ Buffer 6s",
1790445848.556,marker,gnss,52.37172700,-1.24103000,186.80,true,,
1790445848.556,marker,dr,52.37031065,-1.24578696,131.30,true,,
1790445848.557,marker,reconciled,0.00000000,0.00000000,0.00,false,,
1790445848.608,hud,speed,,,,,"6.9 / 5.7",6.930
1790445848.608,hud,heading,,,,,"229° / 173°",228.500
1790445848.608,hud,drift,,,,,"145.62%",145.620
1790445848.609,hud,turns,,,,,"✗ turns: 3/15",
1790445848.609,hud,calib_s,,,,,"✓ Buffer 6s",
1790445848.609,marker,gnss,52.37172700,-1.24103000,186.80,true,,
1790445848.609,marker,dr,52.37030687,-1.24579529,131.50,true,,
1790445848.610,marker,reconciled,0.00000000,0.00000000,0.00,false,,
1790445848.654,hud,speed,,,,,"6.9 / 5.7",6.860
1790445848.654,hud,heading,,,,,"228° / 173°",228.200
1790445848.655,hud,drift,,,,,"145.50%",145.500
1790445848.655,hud,turns,,,,,"✗ turns: 3/15",
1790445848.655,hud,calib_s,,,,,"✓ Buffer 6s",
1790445848.655,marker,gnss,52.37172700,-1.24103000,186.80,true,,
1790445848.656,marker,dr,52.37030316,-1.24580345,131.80,true,,
1790445848.656,marker,reconciled,0.00000000,0.00000000,0.00,false,,
1790445848.710,hud,speed,,,,,"6.8 / 5.7",6.760
1790445848.711,hud,heading,,,,,"228° / 173°",228.000
1790445848.711,hud,drift,,,,,"145.37%",145.370
1790445848.711,hud,turns,,,,,"✗ turns: 3/15",
1790445848.711,hud,calib_s,,,,,"✓ Buffer 6s",
1790445848.712,marker,gnss,52.37172700,-1.24103000,186.80,true,,
1790445848.712,marker,dr,52.37029954,-1.24581147,132.00,true,,
1790445848.713,marker,reconciled,0.00000000,0.00000000,0.00,false,,
1790445848.756,hud,speed,,,,,"6.7 / 5.7",6.700
1790445848.756,hud,heading,,,,,"228° / 173°",228.100
1790445848.757,hud,drift,,,,,"145.24%",145.240
1790445848.757,hud,turns,,,,,"✗ turns: 3/15",
1790445848.757,hud,calib_s,,,,,"✓ Buffer 6s",
1790445848.757,marker,gnss,52.37172700,-1.24103000,186.80,true,,
1790445848.758,marker,dr,52.37029584,-1.24581948,131.90,true,,
1790445848.758,marker,reconciled,0.00000000,0.00000000,0.00,false,,
1790445848.813,hud,speed,,,,,"6.7 / 5.7",6.680
1790445848.814,hud,heading,,,,,"228° / 173°",228.200
1790445848.814,hud,drift,,,,,"145.10%",145.100
1790445848.815,hud,turns,,,,,"✗ turns: 3/15",
1790445848.815,hud,calib_s,,,,,"✓ Buffer 6s",
1790445848.815,marker,gnss,52.37172700,-1.24103000,186.80,true,,
1790445848.817,marker,dr,52.37029213,-1.24582729,131.80,true,,
1790445848.817,marker,reconciled,0.00000000,0.00000000,0.00,false,,
1790445848.860,hud,speed,,,,,"6.7 / 5.7",6.670
1790445848.860,hud,heading,,,,,"228° / 173°",228.300
1790445848.860,hud,drift,,,,,"144.97%",144.970
1790445848.861,hud,turns,,,,,"✗ turns: 3/15",
1790445848.861,hud,calib_s,,,,,"✓ Buffer 6s",
1790445848.861,marker,gnss,52.37172700,-1.24103000,186.80,true,,
1790445848.863,marker,dr,52.37028841,-1.24583502,131.70,true,,
1790445848.863,marker,reconciled,0.00000000,0.00000000,0.00,false,,
1790445848.909,hud,speed,,,,,"6.6 / 5.7",6.630
1790445848.909,hud,heading,,,,,"228° / 173°",228.400
1790445848.910,hud,drift,,,,,"144.83%",144.830
1790445848.910,hud,turns,,,,,"✗ turns: 3/15",
1790445848.910,hud,calib_s,,,,,"✓ Buffer 6s",
1790445848.912,marker,gnss,52.37172700,-1.24103000,186.80,true,,
1790445848.912,marker,dr,52.37028472,-1.24584255,131.60,true,,
1790445848.913,marker,reconciled,0.00000000,0.00000000,0.00,false,,
1790445848.960,hud,speed,,,,,"6.6 / 5.7",6.560
1790445848.960,hud,heading,,,,,"228° / 173°",228.200
1790445848.960,hud,drift,,,,,"144.69%",144.690
1790445848.961,hud,turns,,,,,"✗ turns: 3/15",
1790445848.961,hud,calib_s,,,,,"✓ Buffer 6s",
1790445848.961,marker,gnss,52.37172700,-1.24103000,186.80,true,,
1790445848.962,marker,dr,52.37028098,-1.24585003,131.80,true,,
1790445848.962,marker,reconciled,0.00000000,0.00000000,0.00,false,,
1790445849.013,hud,speed,,,,,"6.5 / 5.7",6.510
1790445849.013,hud,heading,,,,,"228° / 173°",228.200
1790445849.014,hud,drift,,,,,"144.55%",144.550
1790445849.014,hud,turns,,,,,"✗ turns: 3/15",
1790445849.014,hud,calib_s,,,,,"✓ Buffer 6s",
1790445849.015,marker,gnss,52.37172700,-1.24103000,186.80,true,,
1790445849.016,marker,dr,52.37027726,-1.24585745,131.80,true,,
1790445849.016,marker,reconciled,0.00000000,0.00000000,0.00,false,,
1790445849.065,hud,speed,,,,,"6.4 / 5.7",6.400
1790445849.065,hud,heading,,,,,"228° / 173°",228.100
1790445849.065,hud,drift,,,,,"144.41%",144.410
1790445849.066,hud,turns,,,,,"✗ turns: 3/15",
1790445849.066,hud,calib_s,,,,,"✓ Buffer 6s",
1790445849.066,marker,gnss,52.37172700,-1.24103000,186.80,true,,
1790445849.067,marker,dr,52.37027358,-1.24586468,131.90,true,,
1790445849.067,marker,reconciled,0.00000000,0.00000000,0.00,false,,
1790445849.114,hud,speed,,,,,"6.3 / 5.7",6.330
1790445849.115,hud,heading,,,,,"228° / 173°",228.200
1790445849.115,hud,drift,,,,,"144.26%",144.260
1790445849.115,hud,turns,,,,,"✗ turns: 3/15",
1790445849.115,hud,calib_s,,,,,"✓ Buffer 6s",
1790445849.117,marker,gnss,52.37172700,-1.24103000,186.80,true,,
1790445849.117,marker,dr,52.37026985,-1.24587184,131.80,true,,
1790445849.118,marker,reconciled,0.00000000,0.00000000,0.00,false,,
1790445849.169,hud,speed,,,,,"6.4 / 5.7",6.350
1790445849.169,hud,heading,,,,,"229° / 173°",228.500
1790445849.169,hud,drift,,,,,"144.11%",144.110
1790445849.170,hud,turns,,,,,"✗ turns: 3/15",
1790445849.170,hud,calib_s,,,,,"✓ Buffer 6s",
1790445849.171,marker,gnss,52.37172700,-1.24103000,186.80,true,,
1790445849.171,marker,dr,52.37026610,-1.24587887,131.50,true,,
1790445849.172,marker,reconciled,0.00000000,0.00000000,0.00,false,,
1790445849.217,hud,speed,,,,,"6.4 / 5.7",6.390
1790445849.217,hud,heading,,,,,"229° / 173°",228.700
1790445849.218,hud,drift,,,,,"143.97%",143.970
1790445849.218,hud,turns,,,,,"✗ turns: 3/15",
1790445849.218,hud,calib_s,,,,,"✓ Buffer 6s",
1790445849.218,marker,gnss,52.37172700,-1.24103000,186.80,true,,
1790445849.221,marker,dr,52.37026227,-1.24588588,131.30,true,,
1790445849.221,marker,reconciled,0.00000000,0.00000000,0.00,false,,
1790445849.267,hud,speed,,,,,"6.4 / 5.7",6.360
1790445849.267,hud,heading,,,,,"229° / 173°",228.700
1790445849.268,hud,drift,,,,,"143.82%",143.820
1790445849.268,hud,turns,,,,,"✗ turns: 3/15",
1790445849.268,hud,calib_s,,,,,"✓ Buffer 6s",
1790445849.268,marker,gnss,52.37172700,-1.24103000,186.80,true,,
1790445849.269,marker,dr,52.37025846,-1.24589272,131.30,true,,
1790445849.269,marker,reconciled,0.00000000,0.00000000,0.00,false,,
1790445849.320,hud,speed,,,,,"6.4 / 5.7",6.350
1790445849.320,hud,heading,,,,,"229° / 173°",228.700
1790445849.320,hud,drift,,,,,"143.67%",143.670
1790445849.321,hud,turns,,,,,"✗ turns: 3/15",
1790445849.321,hud,calib_s,,,,,"✓ Buffer 6s",
1790445849.322,marker,gnss,52.37172700,-1.24103000,186.80,true,,
1790445849.323,marker,dr,52.37025459,-1.24589959,131.30,true,,
1790445849.323,marker,reconciled,0.00000000,0.00000000,0.00,false,,
1790445849.370,hud,speed,,,,,"6.3 / 5.7",6.300
1790445849.371,hud,heading,,,,,"229° / 173°",228.800
1790445849.371,hud,drift,,,,,"143.52%",143.520
1790445849.371,hud,turns,,,,,"✗ turns: 3/15",
1790445849.371,hud,calib_s,,,,,"✓ Buffer 6s",
1790445849.372,marker,gnss,52.37172700,-1.24103000,186.80,true,,
1790445849.372,marker,dr,52.37025069,-1.24590632,131.20,true,,
1790445849.372,marker,reconciled,0.00000000,0.00000000,0.00,false,,
1790445849.423,hud,speed,,,,,"6.3 / 5.7",6.340
1790445849.423,hud,heading,,,,,"229° / 173°",229.000
1790445849.424,hud,drift,,,,,"143.38%",143.380
1790445849.424,hud,turns,,,,,"✗ turns: 3/15",
1790445849.424,hud,calib_s,,,,,"✓ Buffer 6s",
1790445849.424,marker,gnss,52.37172700,-1.24103000,186.80,true,,
1790445849.426,marker,dr,52.37024671,-1.24591304,131.00,true,,
1790445849.427,marker,reconciled,0.00000000,0.00000000,0.00,false,,
1790445849.472,hud,speed,,,,,"6.4 / 5.7",6.380
1790445849.472,hud,heading,,,,,"229° / 173°",229.100
1790445849.473,hud,drift,,,,,"143.23%",143.230
1790445849.473,hud,turns,,,,,"✗ turns: 3/15",
1790445849.473,hud,calib_s,,,,,"✓ Buffer 6s",
1790445849.473,marker,gnss,52.37172700,-1.24103000,186.80,true,,
1790445849.474,marker,dr,52.37024266,-1.24591974,130.90,true,,
1790445849.474,marker,reconciled,0.00000000,0.00000000,0.00,false,,
1790445849.524,hud,speed,,,,,"6.5 / 5.7",6.480
1790445849.525,hud,heading,,,,,"229° / 173°",229.100
1790445849.525,hud,drift,,,,,"143.09%",143.090
1790445849.525,hud,turns,,,,,"✗ turns: 3/15",
1790445849.526,hud,calib_s,,,,,"✓ Buffer 6s",
1790445849.527,marker,gnss,52.37172700,-1.24103000,186.80,true,,
1790445849.528,marker,dr,52.37023851,-1.24592660,130.90,true,,
1790445849.528,marker,reconciled,0.00000000,0.00000000,0.00,false,,
1790445849.575,hud,speed,,,,,"6.5 / 5.7",6.530
1790445849.575,hud,heading,,,,,"229° / 173°",229.100
1790445849.575,hud,drift,,,,,"142.95%",142.950
1790445849.575,hud,turns,,,,,"✗ turns: 3/15",
1790445849.576,hud,calib_s,,,,,"✓ Buffer 6s",
1790445849.576,marker,gnss,52.37172700,-1.24103000,186.80,true,,
1790445849.576,marker,dr,52.37023435,-1.24593342,130.90,true,,
1790445849.577,marker,reconciled,0.00000000,0.00000000,0.00,false,,
1790445849.625,hud,speed,,,,,"6.5 / 5.7",6.520
1790445849.626,hud,heading,,,,,"229° / 173°",229.100
1790445849.626,hud,drift,,,,,"142.81%",142.810
1790445849.626,hud,turns,,,,,"✗ turns: 3/15",
1790445849.627,hud,calib_s,,,,,"✓ Buffer 6s",
1790445849.627,marker,gnss,52.37172700,-1.24103000,186.80,true,,
1790445849.628,marker,dr,52.37023022,-1.24594015,130.90,true,,
1790445849.629,marker,reconciled,0.00000000,0.00000000,0.00,false,,
1790445849.676,hud,speed,,,,,"6.6 / 5.7",6.630
1790445849.676,hud,heading,,,,,"229° / 173°",229.300
1790445849.676,hud,drift,,,,,"142.67%",142.670
1790445849.677,hud,turns,,,,,"✗ turns: 3/15",
1790445849.677,hud,calib_s,,,,,"✓ Buffer 6s",
1790445849.677,marker,gnss,52.37172700,-1.24103000,186.80,true,,
1790445849.678,marker,dr,52.37022592,-1.24594710,130.70,true,,
1790445849.678,marker,reconciled,0.00000000,0.00000000,0.00,false,,
1790445849.726,hud,speed,,,,,"6.7 / 5.7",6.740
1790445849.727,hud,heading,,,,,"229° / 173°",229.300
1790445849.727,hud,drift,,,,,"142.54%",142.540
1790445849.727,hud,turns,,,,,"✗ turns: 3/15",
1790445849.727,hud,calib_s,,,,,"✓ Buffer 6s",
1790445849.729,marker,gnss,52.37172700,-1.24103000,186.80,true,,
1790445849.730,marker,dr,52.37022162,-1.24595404,130.70,true,,
1790445849.730,marker,reconciled,0.00000000,0.00000000,0.00,false,,
1790445849.777,hud,speed,,,,,"6.9 / 5.7",6.870
1790445849.777,hud,heading,,,,,"229° / 173°",229.300
1790445849.778,hud,drift,,,,,"142.42%",142.420
1790445849.778,hud,turns,,,,,"✗ turns: 3/15",
1790445849.778,hud,calib_s,,,,,"✓ Buffer 6s",
1790445849.779,marker,gnss,52.37172700,-1.24103000,186.80,true,,
1790445849.779,marker,dr,52.37021723,-1.24596119,130.70,true,,
1790445849.779,marker,reconciled,0.00000000,0.00000000,0.00,false,,
1790445849.830,hud,speed,,,,,"6.9 / 5.7",6.920
1790445849.831,hud,heading,,,,,"229° / 173°",229.300
1790445849.831,hud,drift,,,,,"142.30%",142.300
1790445849.831,hud,turns,,,,,"✗ turns: 3/15",
1790445849.831,hud,calib_s,,,,,"✓ Buffer 6s",
1790445849.832,marker,gnss,52.37172700,-1.24103000,186.80,true,,
1790445849.833,marker,dr,52.37021284,-1.24596846,130.70,true,,
1790445849.833,marker,reconciled,0.00000000,0.00000000,0.00,false,,
1790445849.882,hud,speed,,,,,"7.0 / 5.7",7.020
1790445849.883,hud,heading,,,,,"229° / 173°",229.200
1790445849.883,hud,drift,,,,,"142.18%",142.180
1790445849.883,hud,turns,,,,,"✗ turns: 3/15",
1790445849.883,hud,calib_s,,,,,"✓ Buffer 6s",
1790445849.884,marker,gnss,52.37172700,-1.24103000,186.80,true,,
1790445849.884,marker,dr,52.37020841,-1.24597583,130.80,true,,
1790445849.885,marker,reconciled,0.00000000,0.00000000,0.00,false,,
1790445849.931,hud,speed,,,,,"7.1 / 5.7",7.090
1790445849.931,hud,heading,,,,,"229° / 173°",229.100
1790445849.931,hud,drift,,,,,"142.06%",142.060
1790445849.932,hud,turns,,,,,"✗ turns: 3/15",
1790445849.932,hud,calib_s,,,,,"✓ Buffer 6s",
1790445849.933,marker,gnss,52.37172700,-1.24103000,186.80,true,,
1790445849.934,marker,dr,52.37020394,-1.24598325,130.90,true,,
1790445849.934,marker,reconciled,0.00000000,0.00000000,0.00,false,,
1790445849.982,hud,speed,,,,,"7.1 / 5.7",7.140
1790445849.982,hud,heading,,,,,"229° / 173°",229.000
1790445849.983,hud,drift,,,,,"141.95%",141.950
1790445849.983,hud,turns,,,,,"✗ turns: 3/15",
1790445849.983,hud,calib_s,,,,,"✓ Buffer 6s",
1790445849.983,marker,gnss,52.37172700,-1.24103000,186.80,true,,
1790445849.984,marker,dr,52.37019941,-1.24599081,131.00,true,,
1790445849.984,marker,reconciled,0.00000000,0.00000000,0.00,false,,
1790445850.035,hud,speed,,,,,"7.3 / 5.7",7.280
1790445850.035,hud,heading,,,,,"229° / 173°",229.000
1790445850.035,hud,drift,,,,,"141.84%",141.840
1790445850.036,hud,turns,,,,,"✗ turns: 3/15",
1790445850.036,hud,calib_s,,,,,"✓ Buffer 6s",
1790445850.036,marker,gnss,52.37172700,-1.24103000,186.80,true,,
1790445850.038,marker,dr,52.37019482,-1.24599842,131.00,true,,
1790445850.038,marker,reconciled,0.00000000,0.00000000,0.00,false,,
1790445850.088,hud,speed,,,,,"7.4 / 5.7",7.350
1790445850.089,hud,heading,,,,,"229° / 173°",229.000
1790445850.089,hud,drift,,,,,"141.74%",141.740
1790445850.089,hud,turns,,,,,"✗ turns: 3/15",
1790445850.089,hud,calib_s,,,,,"✓ Buffer 6s",
1790445850.090,marker,gnss,52.37172700,-1.24103000,186.80,true,,
1790445850.091,marker,dr,52.37019016,-1.24600608,131.00,true,,
1790445850.091,marker,reconciled,0.00000000,0.00000000,0.00,false,,
1790445850.133,hud,speed,,,,,"7.4 / 5.7",7.420
1790445850.133,hud,heading,,,,,"229° / 173°",229.000
1790445850.134,hud,drift,,,,,"141.63%",141.630
1790445850.134,hud,turns,,,,,"✗ turns: 3/15",
1790445850.135,hud,calib_s,,,,,"✓ Buffer 6s",
1790445850.136,marker,gnss,52.37172700,-1.24103000,186.80,true,,
1790445850.137,marker,dr,52.37018550,-1.24601373,131.00,true,,
1790445850.137,marker,reconciled,0.00000000,0.00000000,0.00,false,,
1790445850.186,hud,speed,,,,,"7.5 / 5.7",7.530
1790445850.187,hud,heading,,,,,"229° / 173°",229.200
1790445850.187,hud,drift,,,,,"141.54%",141.540
1790445850.187,hud,turns,,,,,"✗ turns: 3/15",
1790445850.187,hud,calib_s,,,,,"✓ Buffer 6s",
1790445850.188,marker,gnss,52.37172700,-1.24103000,186.80,true,,
1790445850.188,marker,dr,52.37018065,-1.24602163,130.80,true,,
1790445850.188,marker,reconciled,0.00000000,0.00000000,0.00,false,,
1790445850.237,hud,speed,,,,,"7.7 / 5.7",7.650
1790445850.238,hud,heading,,,,,"229° / 173°",229.000
1790445850.238,hud,drift,,,,,"141.44%",141.440
1790445850.238,hud,turns,,,,,"✗ turns: 3/15",
1790445850.238,hud,calib_s,,,,,"✓ Buffer 6s",
1790445850.239,marker,gnss,52.37172700,-1.24103000,186.80,true,,
1790445850.240,marker,dr,52.37017572,-1.24602962,131.00,true,,
1790445850.241,marker,reconciled,0.00000000,0.00000000,0.00,false,,
1790445850.290,hud,speed,,,,,"7.7 / 5.7",7.710
1790445850.291,hud,heading,,,,,"229° / 173°",228.900
1790445850.291,hud,drift,,,,,"141.35%",141.350
1790445850.291,hud,turns,,,,,"✗ turns: 3/15",
1790445850.291,hud,calib_s,,,,,"✓ Buffer 6s",
1790445850.292,marker,gnss,52.37172700,-1.24103000,186.80,true,,
1790445850.292,marker,dr,52.37017086,-1.24603735,131.10,true,,
1790445850.292,marker,reconciled,0.00000000,0.00000000,0.00,false,,
1790445850.340,hud,speed,,,,,"7.8 / 5.7",7.770
1790445850.340,hud,heading,,,,,"229° / 173°",229.100
1790445850.341,hud,drift,,,,,"141.26%",141.260
1790445850.341,hud,turns,,,,,"✗ turns: 3/15",
1790445850.341,hud,calib_s,,,,,"✓ Buffer 6s",
1790445850.342,marker,gnss,52.37172700,-1.24103000,186.80,true,,
1790445850.343,marker,dr,52.37016577,-1.24604536,130.90,true,,
1790445850.344,marker,reconciled,0.00000000,0.00000000,0.00,false,,
1790445850.390,hud,speed,,,,,"7.8 / 5.7",7.760
1790445850.390,hud,heading,,,,,"229° / 173°",229.100
1790445850.391,hud,drift,,,,,"141.17%",141.170
1790445850.391,hud,turns,,,,,"✗ turns: 3/15",
1790445850.391,hud,calib_s,,,,,"✓ Buffer 6s",
1790445850.391,marker,gnss,52.37172700,-1.24103000,186.80,true,,
1790445850.392,marker,dr,52.37016067,-1.24605317,130.90,true,,
1790445850.392,marker,reconciled,0.00000000,0.00000000,0.00,false,,
1790445850.443,hud,speed,,,,,"7.8 / 5.7",7.800
1790445850.443,hud,heading,,,,,"229° / 173°",229.200
1790445850.444,hud,drift,,,,,"141.08%",141.080
1790445850.444,hud,turns,,,,,"✗ turns: 3/15",
1790445850.444,hud,calib_s,,,,,"✓ Buffer 6s",
1790445850.444,marker,gnss,52.37172700,-1.24103000,186.80,true,,
1790445850.446,marker,dr,52.37015555,-1.24606103,130.80,true,,
1790445850.447,marker,reconciled,0.00000000,0.00000000,0.00,false,,
1790445850.495,hud,speed,,,,,"7.9 / 5.7",7.860
1790445850.495,hud,heading,,,,,"229° / 173°",229.000
1790445850.496,hud,drift,,,,,"140.99%",140.990
1790445850.496,hud,turns,,,,,"✗ turns: 3/15",
1790445850.496,hud,calib_s,,,,,"✓ Buffer 6s",
1790445850.497,marker,gnss,52.37172700,-1.24103000,186.80,true,,
1790445850.497,marker,dr,52.37015050,-1.24606894,131.00,true,,
1790445850.497,marker,reconciled,0.00000000,0.00000000,0.00,false,,
1790445850.544,hud,speed,,,,,"7.8 / 5.7",7.760
1790445850.544,hud,heading,,,,,"229° / 173°",228.500
1790445850.545,hud,drift,,,,,"140.90%",140.900
1790445850.545,hud,turns,,,,,"✗ turns: 3/15",
1790445850.545,hud,calib_s,,,,,"✓ Buffer 6s",
1790445850.547,marker,gnss,52.37172700,-1.24103000,186.80,true,,
1790445850.548,marker,dr,52.37014543,-1.24607690,131.50,true,,
1790445850.549,marker,reconciled,0.00000000,0.00000000,0.00,false,,
1790445850.600,hud,speed,,,,,"7.7 / 5.7",7.650
1790445850.601,hud,heading,,,,,"228° / 173°",228.200
1790445850.601,hud,drift,,,,,"140.80%",140.800
1790445850.602,hud,turns,,,,,"✗ turns: 3/15",
1790445850.602,hud,calib_s,,,,,"✓ Buffer 6s",
1790445850.602,marker,gnss,52.37172700,-1.24103000,186.80,true,,
1790445850.603,marker,dr,52.37014046,-1.24608457,131.80,true,,
1790445850.603,marker,reconciled,0.00000000,0.00000000,0.00,false,,
1790445850.644,hud,speed,,,,,"7.8 / 5.7",7.750
1790445850.645,hud,heading,,,,,"228° / 173°",228.000
1790445850.645,hud,drift,,,,,"140.71%",140.710
1790445850.645,hud,turns,,,,,"✗ turns: 3/15",
1790445850.646,hud,calib_s,,,,,"✓ Buffer 6s",
1790445850.646,marker,gnss,52.37172700,-1.24103000,186.80,true,,
1790445850.648,marker,dr,52.37013543,-1.24609210,132.00,true,,
1790445850.649,marker,reconciled,0.00000000,0.00000000,0.00,false,,
1790445850.697,hud,speed,,,,,"7.8 / 5.7",7.760
1790445850.697,hud,heading,,,,,"229° / 173°",228.500
1790445850.698,hud,drift,,,,,"140.62%",140.620
1790445850.698,hud,turns,,,,,"✗ turns: 3/15",
1790445850.698,hud,calib_s,,,,,"✓ Buffer 6s",
1790445850.699,marker,gnss,52.37172700,-1.24103000,186.80,true,,
1790445850.699,marker,dr,52.37013022,-1.24609983,131.50,true,,
1790445850.700,marker,reconciled,0.00000000,0.00000000,0.00,false,,
1790445850.747,hud,speed,,,,,"7.8 / 5.7",7.800
1790445850.748,hud,heading,,,,,"229° / 173°",228.900
1790445850.748,hud,drift,,,,,"140.53%",140.530
1790445850.748,hud,turns,,,,,"✗ turns: 3/15",
1790445850.748,hud,calib_s,,,,,"✓ Buffer 6s",
1790445850.750,marker,gnss,52.37172700,-1.24103000,186.80,true,,
1790445850.751,marker,dr,52.37012512,-1.24610754,131.10,true,,
1790445850.751,marker,reconciled,0.00000000,0.00000000,0.00,false,,
1790445850.799,hud,speed,,,,,"8.1 / 5.7",8.130
1790445850.799,hud,heading,,,,,"229° / 173°",228.700
1790445850.799,hud,drift,,,,,"140.46%",140.460
1790445850.800,hud,turns,,,,,"✗ turns: 3/15",
1790445850.800,hud,calib_s,,,,,"✓ Buffer 6s",
1790445850.800,marker,gnss,52.37172700,-1.24103000,186.80,true,,
1790445850.800,marker,dr,52.37011988,-1.24611586,131.30,true,,
1790445850.801,marker,reconciled,0.00000000,0.00000000,0.00,false,,
1790445850.856,hud,speed,,,,,"8.1 / 5.7",8.070
1790445850.856,hud,heading,,,,,"228° / 173°",228.200
1790445850.857,hud,drift,,,,,"140.38%",140.380
1790445850.857,hud,turns,,,,,"✗ turns: 3/15",
1790445850.857,hud,calib_s,,,,,"✓ Buffer 6s",
1790445850.858,marker,gnss,52.37172700,-1.24103000,186.80,true,,
1790445850.860,marker,dr,52.37011470,-1.24612428,131.80,true,,
1790445850.860,marker,reconciled,0.00000000,0.00000000,0.00,false,,
1790445850.903,hud,speed,,,,,"8.1 / 5.7",8.050
1790445850.903,hud,heading,,,,,"228° / 173°",228.000
1790445850.903,hud,drift,,,,,"140.30%",140.300
1790445850.903,hud,turns,,,,,"✗ turns: 3/15",
1790445850.904,hud,calib_s,,,,,"✓ Buffer 6s",
1790445850.904,marker,gnss,52.37172700,-1.24103000,186.80,true,,
1790445850.904,marker,dr,52.37010954,-1.24613248,132.00,true,,
1790445850.905,marker,reconciled,0.00000000,0.00000000,0.00,false,,
1790445850.952,hud,speed,,,,,"8.0 / 5.7",8.010
1790445850.952,hud,heading,,,,,"228° / 173°",228.000
1790445850.952,hud,drift,,,,,"140.22%",140.220
1790445850.953,hud,turns,,,,,"✗ turns: 3/15",
1790445850.953,hud,calib_s,,,,,"✓ Buffer 6s",
1790445850.954,marker,gnss,52.37172700,-1.24103000,186.80,true,,
1790445850.955,marker,dr,52.37010441,-1.24614062,132.00,true,,
1790445850.955,marker,reconciled,0.00000000,0.00000000,0.00,false,,
1790445851.000,hud,speed,,,,,"8.1 / 5.7",8.060
1790445851.000,hud,heading,,,,,"228° / 173°",228.000
1790445851.000,hud,drift,,,,,"140.15%",140.150
1790445851.001,hud,turns,,,,,"✗ turns: 3/15",
1790445851.001,hud,calib_s,,,,,"✓ Buffer 6s",
1790445851.001,marker,gnss,52.37172700,-1.24103000,186.80,true,,
1790445851.002,marker,dr,52.37009928,-1.24614891,132.00,true,,
1790445851.002,marker,reconciled,0.00000000,0.00000000,0.00,false,,
1790445851.054,hud,speed,,,,,"8.1 / 5.7",8.120
1790445851.055,hud,heading,,,,,"228° / 173°",228.400
1790445851.055,hud,drift,,,,,"140.08%",140.080
1790445851.055,hud,turns,,,,,"✗ turns: 3/15",
1790445851.055,hud,calib_s,,,,,"✓ Buffer 6s",
1790445851.056,marker,gnss,52.37172700,-1.24103000,186.80,true,,
1790445851.057,marker,dr,52.37009407,-1.24615743,131.60,true,,
1790445851.058,marker,reconciled,0.00000000,0.00000000,0.00,false,,
1790445851.104,hud,speed,,,,,"8.2 / 5.6",8.220
1790445851.105,hud,heading,,,,,"229° / 283°",228.600
1790445851.105,hud,drift,,,,,"129.79%",129.790
1790445851.105,hud,turns,,,,,"✗ turns: 3/15",
1790445851.105,hud,calib_s,,,,,"✓ Buffer 6s",
1790445851.106,marker,gnss,52.37152500,-1.24099200,76.80,true,,
1790445851.107,marker,dr,52.37008898,-1.24616587,131.40,true,,
1790445851.107,marker,reconciled,0.00000000,0.00000000,0.00,false,,
1790445851.155,hud,speed,,,,,"8.4 / 5.6",8.440
1790445851.155,hud,heading,,,,,"229° / 283°",228.500
1790445851.155,hud,drift,,,,,"129.66%",129.660
1790445851.156,hud,turns,,,,,"✗ turns: 3/15",
1790445851.156,hud,calib_s,,,,,"✓ Buffer 6s",
1790445851.157,marker,gnss,52.37152500,-1.24099200,76.80,true,,
1790445851.158,marker,dr,52.37008371,-1.24617480,131.50,true,,
1790445851.158,marker,reconciled,0.00000000,0.00000000,0.00,false,,
1790445851.206,hud,speed,,,,,"8.6 / 5.6",8.630
1790445851.206,hud,heading,,,,,"229° / 283°",228.500
1790445851.206,hud,drift,,,,,"129.55%",129.550
1790445851.207,hud,turns,,,,,"✗ turns: 3/15",
1790445851.207,hud,calib_s,,,,,"✓ Buffer 6s",
1790445851.207,marker,gnss,52.37152500,-1.24099200,76.80,true,,
1790445851.208,marker,dr,52.37007838,-1.24618400,131.50,true,,
1790445851.208,marker,reconciled,0.00000000,0.00000000,0.00,false,,
1790445851.257,hud,speed,,,,,"8.8 / 5.6",8.770
1790445851.257,hud,heading,,,,,"228° / 283°",228.400
1790445851.258,hud,drift,,,,,"129.44%",129.440
1790445851.258,hud,turns,,,,,"✗ turns: 3/15",
1790445851.258,hud,calib_s,,,,,"✓ Buffer 6s",
1790445851.259,marker,gnss,52.37152500,-1.24099200,76.80,true,,
1790445851.260,marker,dr,52.37007298,-1.24619337,131.60,true,,
1790445851.261,marker,reconciled,0.00000000,0.00000000,0.00,false,,
1790445851.314,hud,speed,,,,,"8.9 / 5.6",8.860
1790445851.314,hud,heading,,,,,"228° / 283°",228.400
1790445851.314,hud,drift,,,,,"129.33%",129.330
1790445851.315,hud,turns,,,,,"✗ turns: 3/15",
1790445851.315,hud,calib_s,,,,,"✓ Buffer 6s",
1790445851.315,marker,gnss,52.37152500,-1.24099200,76.80,true,,
1790445851.316,marker,dr,52.37006752,-1.24620283,131.60,true,,
1790445851.316,marker,reconciled,0.00000000,0.00000000,0.00,false,,
1790445851.371,hud,speed,,,,,"9.0 / 5.6",8.950
1790445851.371,hud,heading,,,,,"228° / 283°",228.400
1790445851.371,hud,drift,,,,,"129.23%",129.230
1790445851.371,hud,turns,,,,,"✗ turns: 3/15",
1790445851.372,hud,calib_s,,,,,"✓ Buffer 6s",
1790445851.373,marker,gnss,52.37152500,-1.24099200,76.80,true,,
1790445851.373,marker,dr,52.37006202,-1.24621242,131.60,true,,
1790445851.374,marker,reconciled,0.00000000,0.00000000,0.00,false,,
1790445851.409,hud,speed,,,,,"9.0 / 5.6",8.960
1790445851.410,hud,heading,,,,,"228° / 283°",228.200
1790445851.410,hud,drift,,,,,"129.13%",129.130
1790445851.410,hud,turns,,,,,"✗ turns: 3/15",
1790445851.410,hud,calib_s,,,,,"✓ Buffer 6s",
1790445851.411,marker,gnss,52.37152500,-1.24099200,76.80,true,,
1790445851.411,marker,dr,52.37005657,-1.24622209,131.80,true,,
1790445851.411,marker,reconciled,0.00000000,0.00000000,0.00,false,,
1790445851.462,hud,speed,,,,,"9.0 / 5.6",8.960
1790445851.462,hud,heading,,,,,"228° / 283°",228.200
1790445851.462,hud,drift,,,,,"129.03%",129.030
1790445851.462,hud,turns,,,,,"✗ turns: 3/15",
1790445851.463,hud,calib_s,,,,,"✓ Buffer 6s",
1790445851.463,marker,gnss,52.37152500,-1.24099200,76.80,true,,
1790445851.465,marker,dr,52.37005111,-1.24623175,131.80,true,,
1790445851.465,marker,reconciled,0.00000000,0.00000000,0.00,false,,
1790445851.511,hud,speed,,,,,"8.9 / 5.6",8.930
1790445851.511,hud,heading,,,,,"228° / 283°",228.300
1790445851.512,hud,drift,,,,,"128.93%",128.930
1790445851.512,hud,turns,,,,,"✗ turns: 3/15",
1790445851.512,hud,calib_s,,,,,"✓ Buffer 6s",
1790445851.512,marker,gnss,52.37152500,-1.24099200,76.80,true,,
1790445851.513,marker,dr,52.37004566,-1.24624137,131.70,true,,
1790445851.513,marker,reconciled,0.00000000,0.00000000,0.00,false,,
1790445851.563,hud,speed,,,,,"8.8 / 5.6",8.770
1790445851.563,hud,heading,,,,,"228° / 283°",228.300
1790445851.564,hud,drift,,,,,"128.82%",128.820
1790445851.564,hud,turns,,,,,"✗ turns: 3/15",
1790445851.564,hud,calib_s,,,,,"✓ Buffer 6s",
1790445851.566,marker,gnss,52.37152500,-1.24099200,76.80,true,,
1790445851.567,marker,dr,52.37004032,-1.24625084,131.70,true,,
1790445851.568,marker,reconciled,0.00000000,0.00000000,0.00,false,,
1790445851.616,hud,speed,,,,,"8.6 / 5.6",8.620
1790445851.617,hud,heading,,,,,"228° / 283°",228.300
1790445851.617,hud,drift,,,,,"128.72%",128.720
1790445851.617,hud,turns,,,,,"✗ turns: 3/15",
1790445851.617,hud,calib_s,,,,,"✓ Buffer 6s",
1790445851.618,marker,gnss,52.37152500,-1.24099200,76.80,true,,
1790445851.618,marker,dr,52.37003510,-1.24626018,131.70,true,,
1790445851.619,marker,reconciled,0.00000000,0.00000000,0.00,false,,
1790445851.664,hud,speed,,,,,"8.6 / 5.6",8.570
1790445851.665,hud,heading,,,,,"228° / 283°",228.400
1790445851.665,hud,drift,,,,,"128.61%",128.610
1790445851.666,hud,turns,,,,,"✗ turns: 3/15",
1790445851.666,hud,calib_s,,,,,"✓ Buffer 6s",
1790445851.667,marker,gnss,52.37152500,-1.24099200,76.80,true,,
1790445851.668,marker,dr,52.37002985,-1.24626957,131.60,true,,
1790445851.669,marker,reconciled,0.00000000,0.00000000,0.00,false,,
1790445851.715,hud,speed,,,,,"8.4 / 5.6",8.390
1790445851.715,hud,heading,,,,,"229° / 283°",228.500
1790445851.716,hud,drift,,,,,"128.49%",128.490
1790445851.716,hud,turns,,,,,"✗ turns: 3/15",
1790445851.716,hud,calib_s,,,,,"✓ Buffer 6s",
1790445851.717,marker,gnss,52.37152500,-1.24099200,76.80,true,,
1790445851.717,marker,dr,52.37002476,-1.24627865,131.50,true,,
1790445851.718,marker,reconciled,0.00000000,0.00000000,0.00,false,,
1790445851.767,hud,speed,,,,,"8.4 / 5.6",8.350
1790445851.768,hud,heading,,,,,"229° / 283°",228.600
1790445851.768,hud,drift,,,,,"128.38%",128.380
1790445851.768,hud,turns,,,,,"✗ turns: 3/15",
1790445851.768,hud,calib_s,,,,,"✓ Buffer 6s",
1790445851.770,marker,gnss,52.37152500,-1.24099200,76.80,true,,
1790445851.770,marker,dr,52.37001974,-1.24628761,131.40,true,,
1790445851.771,marker,reconciled,0.00000000,0.00000000,0.00,false,,
1790445851.818,hud,speed,,,,,"8.3 / 5.6",8.280
1790445851.818,hud,heading,,,,,"229° / 283°",228.700
1790445851.819,hud,drift,,,,,"128.26%",128.260
1790445851.819,hud,turns,,,,,"✗ turns: 3/15",
1790445851.819,hud,calib_s,,,,,"✓ Buffer 6s",
1790445851.820,marker,gnss,52.37152500,-1.24099200,76.80,true,,
1790445851.820,marker,dr,52.37001475,-1.24629663,131.30,true,,
1790445851.821,marker,reconciled,0.00000000,0.00000000,0.00,false,,
1790445851.869,hud,speed,,,,,"8.2 / 5.6",8.200
1790445851.869,hud,heading,,,,,"229° / 283°",228.600
1790445851.869,hud,drift,,,,,"128.14%",128.140
1790445851.870,hud,turns,,,,,"✗ turns: 3/15",
1790445851.870,hud,calib_s,,,,,"✓ Buffer 6s",
1790445851.870,marker,gnss,52.37152500,-1.24099200,76.80,true,,
1790445851.872,marker,dr,52.37000983,-1.24630559,131.40,true,,
1790445851.872,marker,reconciled,0.00000000,0.00000000,0.00,false,,
1790445851.919,hud,speed,,,,,"8.2 / 5.6",8.160
1790445851.920,hud,heading,,,,,"229° / 283°",228.700
1790445851.920,hud,drift,,,,,"128.03%",128.030
1790445851.920,hud,turns,,,,,"✗ turns: 3/15",
1790445851.920,hud,calib_s,,,,,"✓ Buffer 6s",
1790445851.921,marker,gnss,52.37152500,-1.24099200,76.80,true,,
1790445851.921,marker,dr,52.37000487,-1.24631459,131.30,true,,
1790445851.922,marker,reconciled,0.00000000,0.00000000,0.00,false,,
1790445851.971,hud,speed,,,,,"8.1 / 5.6",8.080
1790445851.971,hud,heading,,,,,"229° / 283°",228.700
1790445851.972,hud,drift,,,,,"127.91%",127.910
1790445851.972,hud,turns,,,,,"✗ turns: 3/15",
1790445851.972,hud,calib_s,,,,,"✓ Buffer 6s",
1790445851.974,marker,gnss,52.37152500,-1.24099200,76.80,true,,
1790445851.974,marker,dr,52.37000010,-1.24632339,131.30,true,,
1790445851.975,marker,reconciled,0.00000000,0.00000000,0.00,false,,
1790445852.026,hud,speed,,,,,"8.0 / 5.6",7.970
1790445852.027,hud,heading,,,,,"229° / 283°",228.800
1790445852.027,hud,drift,,,,,"127.78%",127.780
1790445852.027,hud,turns,,,,,"✗ turns: 3/15",
1790445852.028,hud,calib_s,,,,,"✓ Buffer 6s",
1790445852.028,marker,gnss,52.37152500,-1.24099200,76.80,true,,
1790445852.029,marker,dr,52.36999533,-1.24633227,131.20,true,,
1790445852.029,marker,reconciled,0.00000000,0.00000000,0.00,false,,
1790445852.074,hud,speed,,,,,"7.9 / 5.6",7.870
1790445852.074,hud,heading,,,,,"229° / 283°",228.900
1790445852.075,hud,drift,,,,,"127.66%",127.660
1790445852.075,hud,turns,,,,,"✗ turns: 3/15",
1790445852.075,hud,calib_s,,,,,"✓ Buffer 6s",
1790445852.075,marker,gnss,52.37152500,-1.24099200,76.80,true,,
1790445852.077,marker,dr,52.36999067,-1.24634097,131.10,true,,
1790445852.078,marker,reconciled,0.00000000,0.00000000,0.00,false,,
1790445852.131,hud,speed,,,,,"7.8 / 5.6",7.780
1790445852.131,hud,heading,,,,,"229° / 283°",228.700
1790445852.131,hud,drift,,,,,"127.53%",127.530
1790445852.132,hud,turns,,,,,"✗ turns: 3/15",
1790445852.132,hud,calib_s,,,,,"✓ Buffer 6s",
1790445852.132,marker,gnss,52.37152500,-1.24099200,76.80,true,,
1790445852.133,marker,dr,52.36998605,-1.24634956,131.30,true,,
1790445852.133,marker,reconciled,0.00000000,0.00000000,0.00,false,,
1790445852.174,hud,speed,,,,,"7.7 / 5.6",7.670
1790445852.175,hud,heading,,,,,"229° / 283°",228.700
1790445852.175,hud,drift,,,,,"127.41%",127.410
1790445852.175,hud,turns,,,,,"✗ turns: 3/15",
1790445852.176,hud,calib_s,,,,,"✓ Buffer 6s",
1790445852.177,marker,gnss,52.37152500,-1.24099200,76.80,true,,
1790445852.178,marker,dr,52.36998152,-1.24635790,131.30,true,,
1790445852.178,marker,reconciled,0.00000000,0.00000000,0.00,false,,
1790445852.227,hud,speed,,,,,"7.6 / 5.6",7.580
1790445852.227,hud,heading,,,,,"229° / 283°",228.800
1790445852.228,hud,drift,,,,,"127.27%",127.270
1790445852.228,hud,turns,,,,,"✗ turns: 3/15",
1790445852.228,hud,calib_s,,,,,"✓ Buffer 6s",
1790445852.228,marker,gnss,52.37152500,-1.24099200,76.80,true,,
1790445852.229,marker,dr,52.36997694,-1.24636629,131.20,true,,
1790445852.229,marker,reconciled,0.00000000,0.00000000,0.00,false,,
1790445852.277,hud,speed,,,,,"7.5 / 5.6",7.500
1790445852.277,hud,heading,,,,,"229° / 283°",228.700
1790445852.278,hud,drift,,,,,"127.14%",127.140
1790445852.278,hud,turns,,,,,"✗ turns: 3/15",
1790445852.278,hud,calib_s,,,,,"✓ Buffer 6s",
1790445852.278,marker,gnss,52.37152500,-1.24099200,76.80,true,,
1790445852.282,marker,dr,52.36997249,-1.24637442,131.30,true,,
1790445852.283,marker,reconciled,0.00000000,0.00000000,0.00,false,,
1790445852.328,hud,speed,,,,,"7.4 / 5.6",7.380
1790445852.329,hud,heading,,,,,"229° / 283°",228.600
1790445852.329,hud,drift,,,,,"127.01%",127.010
1790445852.329,hud,turns,,,,,"✗ turns: 3/15",
1790445852.329,hud,calib_s,,,,,"✓ Buffer 6s",
1790445852.330,marker,gnss,52.37152500,-1.24099200,76.80,true,,
1790445852.331,marker,dr,52.36996806,-1.24638247,131.40,true,,
1790445852.331,marker,reconciled,0.00000000,0.00000000,0.00,false,,
1790445852.383,hud,speed,,,,,"7.3 / 5.6",7.260
1790445852.384,hud,heading,,,,,"229° / 283°",228.500
1790445852.384,hud,drift,,,,,"126.87%",126.870
1790445852.384,hud,turns,,,,,"✗ turns: 3/15",
1790445852.385,hud,calib_s,,,,,"✓ Buffer 6s",
1790445852.386,marker,gnss,52.37152500,-1.24099200,76.80,true,,
1790445852.387,marker,dr,52.36996361,-1.24639026,131.50,true,,
1790445852.387,marker,reconciled,0.00000000,0.00000000,0.00,false,,
1790445852.430,hud,speed,,,,,"7.1 / 5.6",7.130
1790445852.430,hud,heading,,,,,"228° / 283°",228.400
1790445852.431,hud,drift,,,,,"126.72%",126.720
1790445852.431,hud,turns,,,,,"✗ turns: 3/15",
1790445852.431,hud,calib_s,,,,,"✓ Buffer 6s",
1790445852.432,marker,gnss,52.37152500,-1.24099200,76.80,true,,
1790445852.432,marker,dr,52.36995914,-1.24639772,131.60,true,,
1790445852.433,marker,reconciled,0.00000000,0.00000000,0.00,false,,
1790445852.481,hud,speed,,,,,"7.0 / 5.6",7.000
1790445852.482,hud,heading,,,,,"228° / 283°",228.100
1790445852.482,hud,drift,,,,,"126.57%",126.570
1790445852.482,hud,turns,,,,,"✗ turns: 3/15",
1790445852.483,hud,calib_s,,,,,"✓ Buffer 6s",
1790445852.483,marker,gnss,52.37152500,-1.24099200,76.80,true,,
1790445852.485,marker,dr,52.36995462,-1.24640497,131.90,true,,
1790445852.485,marker,reconciled,0.00000000,0.00000000,0.00,false,,
1790445852.532,hud,speed,,,,,"7.0 / 5.6",6.950
1790445852.533,hud,heading,,,,,"228° / 283°",228.000
1790445852.533,hud,drift,,,,,"126.41%",126.410
1790445852.533,hud,turns,,,,,"✗ turns: 3/15",
1790445852.533,hud,calib_s,,,,,"✓ Buffer 6s",
1790445852.534,marker,gnss,52.37152500,-1.24099200,76.80,true,,
1790445852.535,marker,dr,52.36995012,-1.24641180,132.00,true,,
1790445852.535,marker,reconciled,0.00000000,0.00000000,0.00,false,,
1790445852.586,hud,speed,,,,,"6.9 / 5.6",6.920
1790445852.586,hud,heading,,,,,"228° / 283°",227.700
1790445852.587,hud,drift,,,,,"126.25%",126.250
1790445852.587,hud,turns,,,,,"✗ turns: 3/15",
1790445852.587,hud,calib_s,,,,,"✓ Buffer 6s",
1790445852.588,marker,gnss,52.37152500,-1.24099200,76.80,true,,
1790445852.589,marker,dr,52.36994540,-1.24641841,132.30,true,,
1790445852.589,marker,reconciled,0.00000000,0.00000000,0.00,false,,
1790445852.638,hud,speed,,,,,"7.0 / 5.6",6.980
1790445852.638,hud,heading,,,,,"228° / 283°",227.700
1790445852.639,hud,drift,,,,,"126.10%",126.100
1790445852.639,hud,turns,,,,,"✗ turns: 3/15",
1790445852.639,hud,calib_s,,,,,"✓ Buffer 6s",
1790445852.639,marker,gnss,52.37152500,-1.24099200,76.80,true,,
1790445852.640,marker,dr,52.36994064,-1.24642467,132.30,true,,
1790445852.640,marker,reconciled,0.00000000,0.00000000,0.00,false,,
1790445852.689,hud,speed,,,,,"7.0 / 5.6",6.990
1790445852.690,hud,heading,,,,,"228° / 283°",227.800
1790445852.690,hud,drift,,,,,"125.94%",125.940
1790445852.691,hud,turns,,,,,"✗ turns: 3/15",
1790445852.691,hud,calib_s,,,,,"✓ Buffer 6s",
1790445852.691,marker,gnss,52.37152500,-1.24099200,76.80,true,,
1790445852.693,marker,dr,52.36993569,-1.24643096,132.20,true,,
1790445852.693,marker,reconciled,0.00000000,0.00000000,0.00,false,,
1790445852.735,hud,speed,,,,,"7.0 / 5.6",7.000
1790445852.735,hud,heading,,,,,"228° / 283°",227.800
1790445852.735,hud,drift,,,,,"125.78%",125.780
1790445852.736,hud,turns,,,,,"✗ turns: 3/15",
1790445852.736,hud,calib_s,,,,,"✓ Buffer 6s",
1790445852.736,marker,gnss,52.37152500,-1.24099200,76.80,true,,
1790445852.737,marker,dr,52.36993074,-1.24643700,132.20,true,,
1790445852.737,marker,reconciled,0.00000000,0.00000000,0.00,false,,
1790445852.788,hud,speed,,,,,"7.0 / 5.6",7.020
1790445852.788,hud,heading,,,,,"228° / 283°",227.600
1790445852.789,hud,drift,,,,,"125.62%",125.620
1790445852.789,hud,turns,,,,,"✗ turns: 3/15",
1790445852.789,hud,calib_s,,,,,"✓ Buffer 6s",
1790445852.790,marker,gnss,52.37152500,-1.24099200,76.80,true,,
1790445852.791,marker,dr,52.36992569,-1.24644300,132.40,true,,
1790445852.792,marker,reconciled,0.00000000,0.00000000,0.00,false,,
1790445852.837,hud,speed,,,,,"7.1 / 5.6",7.060
1790445852.837,hud,heading,,,,,"228° / 283°",227.500
1790445852.837,hud,drift,,,,,"125.46%",125.460
1790445852.837,hud,turns,,,,,"✗ turns: 3/15",
1790445852.838,hud,calib_s,,,,,"✓ Buffer 6s",
1790445852.838,marker,gnss,52.37152500,-1.24099200,76.80,true,,
1790445852.839,marker,dr,52.36992057,-1.24644889,132.50,true,,
1790445852.839,marker,reconciled,0.00000000,0.00000000,0.00,false,,
1790445852.890,hud,speed,,,,,"7.1 / 5.6",7.060
1790445852.890,hud,heading,,,,,"228° / 283°",227.600
1790445852.891,hud,drift,,,,,"125.30%",125.300
1790445852.891,hud,turns,,,,,"✗ turns: 3/15",
1790445852.891,hud,calib_s,,,,,"✓ Buffer 6s",
1790445852.891,marker,gnss,52.37152500,-1.24099200,76.80,true,,
1790445852.893,marker,dr,52.36991537,-1.24645467,132.40,true,,
1790445852.893,marker,reconciled,0.00000000,0.00000000,0.00,false,,
1790445852.938,hud,speed,,,,,"7.1 / 5.6",7.050
1790445852.939,hud,heading,,,,,"228° / 283°",227.700
1790445852.939,hud,drift,,,,,"125.14%",125.140
1790445852.939,hud,turns,,,,,"✗ turns: 3/15",
1790445852.939,hud,calib_s,,,,,"✓ Buffer 6s",
1790445852.940,marker,gnss,52.37152500,-1.24099200,76.80,true,,
1790445852.940,marker,dr,52.36991009,-1.24646051,132.30,true,,
1790445852.941,marker,reconciled,0.00000000,0.00000000,0.00,false,,
1790445852.992,hud,speed,,,,,"7.1 / 5.6",7.050
1790445852.992,hud,heading,,,,,"228° / 283°",227.600
1790445852.992,hud,drift,,,,,"124.99%",124.990
1790445852.992,hud,turns,,,,,"✗ turns: 3/15",
1790445852.993,hud,calib_s,,,,,"✓ Buffer 6s",
1790445852.994,marker,gnss,52.37152500,-1.24099200,76.80,true,,
1790445852.995,marker,dr,52.36990492,-1.24646621,132.40,true,,
1790445852.995,marker,reconciled,0.00000000,0.00000000,0.00,false,,
1790445853.041,hud,speed,,,,,"7.1 / 5.6",7.080
1790445853.042,hud,heading,,,,,"228° / 283°",227.500
1790445853.042,hud,drift,,,,,"124.83%",124.830
1790445853.043,hud,turns,,,,,"✗ turns: 3/15",
1790445853.043,hud,calib_s,,,,,"✓ Buffer 6s",
1790445853.043,marker,gnss,52.37152500,-1.24099200,76.80,true,,
1790445853.044,marker,dr,52.36989968,-1.24647196,132.50,true,,
1790445853.044,marker,reconciled,0.00000000,0.00000000,0.00,false,,
1790445853.096,hud,speed,,,,,"7.1 / 5.6",7.090
1790445853.096,hud,heading,,,,,"227° / 283°",227.300
1790445853.097,hud,drift,,,,,"124.68%",124.680
1790445853.097,hud,turns,,,,,"✗ turns: 3/15",
1790445853.097,hud,calib_s,,,,,"✓ Buffer 6s",
1790445853.098,marker,gnss,52.37152500,-1.24099200,76.80,true,,
1790445853.100,marker,dr,52.36989441,-1.24647776,132.70,true,,
1790445853.100,marker,reconciled,0.00000000,0.00000000,0.00,false,,
1790445853.149,hud,speed,,,,,"7.1 / 5.6",7.050
1790445853.149,hud,heading,,,,,"227° / 283°",227.400
1790445853.150,hud,drift,,,,,"124.52%",124.520
1790445853.150,hud,turns,,,,,"✗ turns: 3/15",
1790445853.150,hud,calib_s,,,,,"✓ Buffer 6s",
1790445853.151,marker,gnss,52.37152500,-1.24099200,76.80,true,,
1790445853.151,marker,dr,52.36988917,-1.24648352,132.60,true,,
1790445853.151,marker,reconciled,0.00000000,0.00000000,0.00,false,,
1790445853.195,hud,speed,,,,,"6.9 / 5.6",6.920
1790445853.195,hud,heading,,,,,"228° / 283°",227.600
1790445853.195,hud,drift,,,,,"124.37%",124.370
1790445853.196,hud,turns,,,,,"✗ turns: 3/15",
1790445853.196,hud,calib_s,,,,,"✓ Buffer 6s",
1790445853.197,marker,gnss,52.37152500,-1.24099200,76.80,true,,
1790445853.199,marker,dr,52.36988410,-1.24648926,132.40,true,,
1790445853.199,marker,reconciled,0.00000000,0.00000000,0.00,false,,
1790445853.246,hud,speed,,,,,"6.7 / 5.6",6.730
1790445853.246,hud,heading,,,,,"228° / 283°",227.700
1790445853.246,hud,drift,,,,,"124.21%",124.210
1790445853.247,hud,turns,,,,,"✗ turns: 3/15",
1790445853.247,hud,calib_s,,,,,"✓ Buffer 6s",
1790445853.247,marker,gnss,52.37152500,-1.24099200,76.80,true,,
1790445853.248,marker,dr,52.36987915,-1.24649507,132.30,true,,
1790445853.248,marker,reconciled,0.00000000,0.00000000,0.00,false,,
1790445853.299,hud,speed,,,,,"6.6 / 5.6",6.560
1790445853.299,hud,heading,,,,,"228° / 283°",227.800
1790445853.300,hud,drift,,,,,"124.06%",124.060
1790445853.300,hud,turns,,,,,"✗ turns: 3/15",
1790445853.300,hud,calib_s,,,,,"✓ Buffer 6s",
1790445853.301,marker,gnss,52.37152500,-1.24099200,76.80,true,,
1790445853.302,marker,dr,52.36987444,-1.24650098,132.20,true,,
1790445853.303,marker,reconciled,0.00000000,0.00000000,0.00,false,,
1790445853.353,hud,speed,,,,,"6.5 / 5.6",6.490
1790445853.354,hud,heading,,,,,"228° / 283°",227.800
1790445853.354,hud,drift,,,,,"123.90%",123.900
1790445853.355,hud,turns,,,,,"✗ turns: 3/15",
1790445853.355,hud,calib_s,,,,,"✓ Buffer 6s",
1790445853.355,marker,gnss,52.37152500,-1.24099200,76.80,true,,
1790445853.356,marker,dr,52.36986989,-1.24650701,132.20,true,,
1790445853.356,marker,reconciled,0.00000000,0.00000000,0.00,false,,
1790445853.401,hud,speed,,,,,"6.4 / 5.6",6.390
1790445853.401,hud,heading,,,,,"228° / 283°",227.800
1790445853.402,hud,drift,,,,,"123.74%",123.740
1790445853.402,hud,turns,,,,,"✗ turns: 3/15",
1790445853.402,hud,calib_s,,,,,"✓ Buffer 6s",
1790445853.404,marker,gnss,52.37152500,-1.24099200,76.80,true,,
1790445853.404,marker,dr,52.36986547,-1.24651321,132.20,true,,
1790445853.405,marker,reconciled,0.00000000,0.00000000,0.00,false,,
1790445853.450,hud,speed,,,,,"6.3 / 5.6",6.260
1790445853.451,hud,heading,,,,,"228° / 283°",228.000
1790445853.451,hud,drift,,,,,"123.58%",123.580
1790445853.451,hud,turns,,,,,"✗ turns: 3/15",
1790445853.452,hud,calib_s,,,,,"✓ Buffer 6s",
1790445853.452,marker,gnss,52.37152500,-1.24099200,76.80,true,,
1790445853.452,marker,dr,52.36986128,-1.24651941,132.00,true,,
1790445853.453,marker,reconciled,0.00000000,0.00000000,0.00,false,,
1790445853.499,hud,speed,,,,,"6.2 / 5.6",6.160
1790445853.500,hud,heading,,,,,"228° / 283°",228.000
1790445853.500,hud,drift,,,,,"123.43%",123.430
1790445853.500,hud,turns,,,,,"✗ turns: 3/15",
1790445853.500,hud,calib_s,,,,,"✓ Buffer 6s",
1790445853.501,marker,gnss,52.37152500,-1.24099200,76.80,true,,
1790445853.503,marker,dr,52.36985731,-1.24652563,132.00,true,,
1790445853.503,marker,reconciled,0.00000000,0.00000000,0.00,false,,
1790445853.552,hud,speed,,,,,"6.0 / 5.6",5.970
1790445853.552,hud,heading,,,,,"228° / 283°",227.900
1790445853.553,hud,drift,,,,,"123.26%",123.260
1790445853.553,hud,turns,,,,,"✗ turns: 3/15",
1790445853.553,hud,calib_s,,,,,"✓ Buffer 6s",
1790445853.553,marker,gnss,52.37152500,-1.24099200,76.80,true,,
1790445853.554,marker,dr,52.36985353,-1.24653184,132.10,true,,
1790445853.554,marker,reconciled,0.00000000,0.00000000,0.00,false,,
1790445853.601,hud,speed,,,,,"6.0 / 5.6",5.950
1790445853.602,hud,heading,,,,,"228° / 283°",227.900
1790445853.602,hud,drift,,,,,"123.10%",123.100
1790445853.603,hud,turns,,,,,"✗ turns: 3/15",
1790445853.603,hud,calib_s,,,,,"✓ Buffer 6s",
1790445853.604,marker,gnss,52.37152500,-1.24099200,76.80,true,,
1790445853.605,marker,dr,52.36984981,-1.24653814,132.10,true,,
1790445853.605,marker,reconciled,0.00000000,0.00000000,0.00,false,,
1790445853.656,hud,speed,,,,,"6.0 / 5.6",5.950
1790445853.656,hud,heading,,,,,"228° / 283°",227.900
1790445853.656,hud,drift,,,,,"122.94%",122.940
1790445853.657,hud,turns,,,,,"✗ turns: 3/15",
1790445853.657,hud,calib_s,,,,,"✓ Buffer 6s",
1790445853.657,marker,gnss,52.37152500,-1.24099200,76.80,true,,
1790445853.658,marker,dr,52.36984617,-1.24654454,132.10,true,,
1790445853.658,marker,reconciled,0.00000000,0.00000000,0.00,false,,
1790445853.704,hud,speed,,,,,"5.9 / 5.6",5.920
1790445853.705,hud,heading,,,,,"228° / 283°",227.800
1790445853.705,hud,drift,,,,,"122.78%",122.780
1790445853.705,hud,turns,,,,,"✗ turns: 3/15",
1790445853.705,hud,calib_s,,,,,"✓ Buffer 6s",
1790445853.706,marker,gnss,52.37152500,-1.24099200,76.80,true,,
1790445853.707,marker,dr,52.36984265,-1.24655106,132.20,true,,
1790445853.708,marker,reconciled,0.00000000,0.00000000,0.00,false,,
1790445853.754,hud,speed,,,,,"6.0 / 5.6",5.950
1790445853.755,hud,heading,,,,,"228° / 283°",227.900
1790445853.755,hud,drift,,,,,"122.63%",122.630
1790445853.755,hud,turns,,,,,"✗ turns: 3/15",
1790445853.756,hud,calib_s,,,,,"✓ Buffer 6s",
1790445853.756,marker,gnss,52.37152500,-1.24099200,76.80,true,,
1790445853.757,marker,dr,52.36983917,-1.24655780,132.10,true,,
1790445853.757,marker,reconciled,0.00000000,0.00000000,0.00,false,,
1790445853.807,hud,speed,,,,,"5.8 / 5.6",5.760
1790445853.807,hud,heading,,,,,"228° / 283°",228.000
1790445853.807,hud,drift,,,,,"122.46%",122.460
1790445853.807,hud,turns,,,,,"✗ turns: 3/15",
1790445853.808,hud,calib_s,,,,,"✓ Buffer 6s",
1790445853.809,marker,gnss,52.37152500,-1.24099200,76.80,true,,
1790445853.810,marker,dr,52.36983594,-1.24656440,132.00,true,,
1790445853.810,marker,reconciled,0.00000000,0.00000000,0.00,false,,
1790445853.857,hud,speed,,,,,"5.8 / 5.6",5.750
1790445853.858,hud,heading,,,,,"228° / 283°",227.900
1790445853.858,hud,drift,,,,,"122.30%",122.300
1790445853.859,hud,turns,,,,,"✗ turns: 3/15",
1790445853.859,hud,calib_s,,,,,"✓ Buffer 6s",
1790445853.859,marker,gnss,52.37152500,-1.24099200,76.80,true,,
1790445853.860,marker,dr,52.36983280,-1.24657111,132.10,true,,
1790445853.860,marker,reconciled,0.00000000,0.00000000,0.00,false,,
1790445853.911,hud,speed,,,,,"5.8 / 5.6",5.820
1790445853.911,hud,heading,,,,,"228° / 283°",228.000
1790445853.912,hud,drift,,,,,"122.15%",122.150
1790445853.912,hud,turns,,,,,"✗ turns: 3/15",
1790445853.912,hud,calib_s,,,,,"✓ Buffer 6s",
1790445853.912,marker,gnss,52.37152500,-1.24099200,76.80,true,,
1790445853.914,marker,dr,52.36982972,-1.24657790,132.00,true,,
1790445853.915,marker,reconciled,0.00000000,0.00000000,0.00,false,,
1790445853.961,hud,speed,,,,,"5.8 / 5.6",5.760
1790445853.961,hud,heading,,,,,"228° / 283°",227.900
1790445853.961,hud,drift,,,,,"121.99%",121.990
1790445853.961,hud,turns,,,,,"✗ turns: 3/15",
1790445853.962,hud,calib_s,,,,,"✓ Buffer 6s",
1790445853.962,marker,gnss,52.37152500,-1.24099200,76.80,true,,
1790445853.963,marker,dr,52.36982671,-1.24658478,132.10,true,,
1790445853.963,marker,reconciled,0.00000000,0.00000000,0.00,false,,
1790445854.014,hud,speed,,,,,"5.8 / 5.6",5.840
1790445854.015,hud,heading,,,,,"228° / 283°",227.900
1790445854.015,hud,drift,,,,,"121.84%",121.840
1790445854.015,hud,turns,,,,,"✗ turns: 3/15",
1790445854.016,hud,calib_s,,,,,"✓ Buffer 6s",
1790445854.017,marker,gnss,52.37152500,-1.24099200,76.80,true,,
1790445854.018,marker,dr,52.36982368,-1.24659191,132.10,true,,
1790445854.018,marker,reconciled,0.00000000,0.00000000,0.00,false,,
1790445854.062,hud,speed,,,,,"5.9 / 5.6",5.870
1790445854.063,hud,heading,,,,,"228° / 283°",227.900
1790445854.063,hud,drift,,,,,"121.69%",121.690
1790445854.063,hud,turns,,,,,"✗ turns: 3/15",
1790445854.063,hud,calib_s,,,,,"✓ Buffer 6s",
1790445854.064,marker,gnss,52.37152500,-1.24099200,76.80,true,,
1790445854.064,marker,dr,52.36982076,-1.24659899,132.10,true,,
1790445854.065,marker,reconciled,0.00000000,0.00000000,0.00,false,,
1790445854.111,hud,speed,,,,,"5.9 / 5.6",5.930
1790445854.111,hud,heading,,,,,"228° / 283°",227.800
1790445854.112,hud,drift,,,,,"121.54%",121.540
1790445854.112,hud,turns,,,,,"✗ turns: 3/15",
1790445854.112,hud,calib_s,,,,,"✓ Buffer 6s",
1790445854.113,marker,gnss,52.37152500,-1.24099200,76.80,true,,
1790445854.114,marker,dr,52.36981778,-1.24660638,132.20,true,,
1790445854.115,marker,reconciled,0.00000000,0.00000000,0.00,false,,
1790445854.166,hud,speed,,,,,"6.0 / 5.6",6.040
1790445854.166,hud,heading,,,,,"228° / 283°",227.700
1790445854.166,hud,drift,,,,,"121.39%",121.390
1790445854.167,hud,turns,,,,,"✗ turns: 3/15",
1790445854.167,hud,calib_s,,,,,"✓ Buffer 6s",
1790445854.167,marker,gnss,52.37152500,-1.24099200,76.80,true,,
1790445854.168,marker,dr,52.36981482,-1.24661379,132.30,true,,
1790445854.168,marker,reconciled,0.00000000,0.00000000,0.00,false,,
1790445854.216,hud,speed,,,,,"6.1 / 5.6",6.140
1790445854.217,hud,heading,,,,,"228° / 283°",227.800
1790445854.217,hud,drift,,,,,"121.25%",121.250
1790445854.217,hud,turns,,,,,"✗ turns: 3/15",
1790445854.218,hud,calib_s,,,,,"✓ Buffer 6s",
1790445854.219,marker,gnss,52.37152500,-1.24099200,76.80,true,,
1790445854.220,marker,dr,52.36981176,-1.24662145,132.20,true,,
1790445854.221,marker,reconciled,0.00000000,0.00000000,0.00,false,,
1790445854.266,hud,speed,,,,,"6.1 / 5.6",6.090
1790445854.266,hud,heading,,,,,"228° / 283°",228.000
1790445854.267,hud,drift,,,,,"121.11%",121.110
1790445854.267,hud,turns,,,,,"✗ turns: 3/15",
1790445854.267,hud,calib_s,,,,,"✓ Buffer 6s",
1790445854.268,marker,gnss,52.37152500,-1.24099200,76.80,true,,
1790445854.269,marker,dr,52.36980883,-1.24662888,132.00,true,,
1790445854.269,marker,reconciled,0.00000000,0.00000000,0.00,false,,
1790445854.316,hud,speed,,,,,"6.0 / 5.6",6.010
1790445854.317,hud,heading,,,,,"228° / 283°",227.900
1790445854.317,hud,drift,,,,,"120.96%",120.960
1790445854.317,hud,turns,,,,,"✗ turns: 3/15",
1790445854.317,hud,calib_s,,,,,"✓ Buffer 6s",
1790445854.318,marker,gnss,52.37152500,-1.24099200,76.80,true,,
1790445854.319,marker,dr,52.36980599,-1.24663653,132.10,true,,
1790445854.320,marker,reconciled,0.00000000,0.00000000,0.00,false,,
1790445854.367,hud,speed,,,,,"6.2 / 5.6",6.150
1790445854.367,hud,heading,,,,,"228° / 283°",228.300
1790445854.367,hud,drift,,,,,"120.82%",120.820
1790445854.368,hud,turns,,,,,"✗ turns: 3/15",
1790445854.368,hud,calib_s,,,,,"✓ Buffer 6s",
1790445854.368,marker,gnss,52.37152500,-1.24099200,76.80,true,,
1790445854.369,marker,dr,52.36980320,-1.24664429,131.70,true,,
1790445854.369,marker,reconciled,0.00000000,0.00000000,0.00,false,,
1790445854.423,hud,speed,,,,,"6.3 / 5.6",6.250
1790445854.424,hud,heading,,,,,"228° / 283°",227.800
1790445854.424,hud,drift,,,,,"120.69%",120.690
1790445854.424,hud,turns,,,,,"✗ turns: 3/15",
1790445854.425,hud,calib_s,,,,,"✓ Buffer 6s",
1790445854.426,marker,gnss,52.37152500,-1.24099200,76.80,true,,
1790445854.427,marker,dr,52.36980045,-1.24665235,132.20,true,,
1790445854.427,marker,reconciled,0.00000000,0.00000000,0.00,false,,
1790445854.473,hud,speed,,,,,"6.1 / 5.6",6.080
1790445854.473,hud,heading,,,,,"228° / 283°",227.700
1790445854.474,hud,drift,,,,,"120.55%",120.550
1790445854.474,hud,turns,,,,,"✗ turns: 3/15",
1790445854.474,hud,calib_s,,,,,"✓ Buffer 6s",
1790445854.475,marker,gnss,52.37152500,-1.24099200,76.80,true,,
1790445854.475,marker,dr,52.36979778,-1.24666031,132.30,true,,
1790445854.476,marker,reconciled,0.00000000,0.00000000,0.00,false,,
1790445854.521,hud,speed,,,,,"6.2 / 5.6",6.150
1790445854.521,hud,heading,,,,,"228° / 283°",227.900
1790445854.522,hud,drift,,,,,"120.42%",120.420
1790445854.522,hud,turns,,,,,"✗ turns: 3/15",
1790445854.522,hud,calib_s,,,,,"✓ Buffer 6s",
1790445854.523,marker,gnss,52.37152500,-1.24099200,76.80,true,,
1790445854.525,marker,dr,52.36979505,-1.24666811,132.10,true,,
1790445854.526,marker,reconciled,0.00000000,0.00000000,0.00,false,,
1790445854.572,hud,speed,,,,,"6.2 / 5.6",6.190
1790445854.572,hud,heading,,,,,"228° / 283°",228.400
1790445854.572,hud,drift,,,,,"120.28%",120.280
1790445854.573,hud,turns,,,,,"✗ turns: 3/15",
1790445854.573,hud,calib_s,,,,,"✓ Buffer 6s",
1790445854.573,marker,gnss,52.37152500,-1.24099200,76.80,true,,
1790445854.574,marker,dr,52.36979229,-1.24667605,131.60,true,,
1790445854.575,marker,reconciled,0.00000000,0.00000000,0.00,false,,
1790445854.625,hud,speed,,,,,"6.0 / 5.6",5.980
1790445854.626,hud,heading,,,,,"228° / 283°",228.400
1790445854.626,hud,drift,,,,,"120.13%",120.130
1790445854.626,hud,turns,,,,,"✗ turns: 3/15",
1790445854.627,hud,calib_s,,,,,"✓ Buffer 6s",
1790445854.628,marker,gnss,52.37152500,-1.24099200,76.80,true,,
1790445854.629,marker,dr,52.36978984,-1.24668377,131.60,true,,
1790445854.629,marker,reconciled,0.00000000,0.00000000,0.00,false,,
1790445854.680,hud,speed,,,,,"5.9 / 5.6",5.860
1790445854.680,hud,heading,,,,,"228° / 283°",228.200
1790445854.681,hud,drift,,,,,"119.99%",119.990
1790445854.681,hud,turns,,,,,"✗ turns: 3/15",
1790445854.681,hud,calib_s,,,,,"✓ Buffer 6s",
1790445854.682,marker,gnss,52.37152500,-1.24099200,76.80,true,,
1790445854.682,marker,dr,52.36978745,-1.24669144,131.80,true,,
1790445854.683,marker,reconciled,0.00000000,0.00000000,0.00,false,,
1790445854.725,hud,speed,,,,,"5.7 / 5.6",5.740
1790445854.726,hud,heading,,,,,"228° / 283°",227.900
1790445854.726,hud,drift,,,,,"119.84%",119.840
1790445854.726,hud,turns,,,,,"✗ turns: 3/15",
1790445854.727,hud,calib_s,,,,,"✓ Buffer 6s",
1790445854.727,marker,gnss,52.37152500,-1.24099200,76.80,true,,
1790445854.729,marker,dr,52.36978510,-1.24669894,132.10,true,,
1790445854.729,marker,reconciled,0.00000000,0.00000000,0.00,false,,
1790445854.775,hud,speed,,,,,"5.8 / 5.6",5.750
1790445854.776,hud,heading,,,,,"228° / 283°",227.900
1790445854.776,hud,drift,,,,,"119.70%",119.700
1790445854.776,hud,turns,,,,,"✗ turns: 3/15",
1790445854.776,hud,calib_s,,,,,"✓ Buffer 6s",
1790445854.777,marker,gnss,52.37152500,-1.24099200,76.80,true,,
1790445854.777,marker,dr,52.36978270,-1.24670652,132.10,true,,
1790445854.778,marker,reconciled,0.00000000,0.00000000,0.00,false,,
1790445854.825,hud,speed,,,,,"5.7 / 5.6",5.680
1790445854.826,hud,heading,,,,,"228° / 283°",228.100
1790445854.826,hud,drift,,,,,"119.55%",119.550
1790445854.826,hud,turns,,,,,"✗ turns: 3/15",
1790445854.826,hud,calib_s,,,,,"✓ Buffer 6s",
1790445854.828,marker,gnss,52.37152500,-1.24099200,76.80,true,,
1790445854.829,marker,dr,52.36978028,-1.24671399,131.90,true,,
1790445854.829,marker,reconciled,0.00000000,0.00000000,0.00,false,,
1790445854.878,hud,speed,,,,,"5.7 / 5.6",5.670
1790445854.879,hud,heading,,,,,"228° / 283°",228.300
1790445854.879,hud,drift,,,,,"119.40%",119.400
1790445854.880,hud,turns,,,,,"✗ turns: 3/15",
1790445854.880,hud,calib_s,,,,,"✓ Buffer 6s",
1790445854.880,marker,gnss,52.37152500,-1.24099200,76.80,true,,
1790445854.881,marker,dr,52.36977789,-1.24672132,131.70,true,,
1790445854.881,marker,reconciled,0.00000000,0.00000000,0.00,false,,
1790445854.931,hud,speed,,,,,"5.7 / 5.6",5.680
1790445854.931,hud,heading,,,,,"228° / 283°",228.300
1790445854.931,hud,drift,,,,,"119.25%",119.250
1790445854.932,hud,turns,,,,,"✗ turns: 3/15",
1790445854.932,hud,calib_s,,,,,"✓ Buffer 6s",
1790445854.932,marker,gnss,52.37152500,-1.24099200,76.80,true,,
1790445854.934,marker,dr,52.36977556,-1.24672860,131.70,true,,
1790445854.935,marker,reconciled,0.00000000,0.00000000,0.00,false,,
1790445854.978,hud,speed,,,,,"5.6 / 5.6",5.600
1790445854.978,hud,heading,,,,,"228° / 283°",228.200
1790445854.979,hud,drift,,,,,"119.11%",119.110
1790445854.979,hud,turns,,,,,"✗ turns: 3/15",
1790445854.979,hud,calib_s,,,,,"✓ Buffer 6s",
1790445854.980,marker,gnss,52.37152500,-1.24099200,76.80,true,,
1790445854.981,marker,dr,52.36977322,-1.24673589,131.80,true,,
1790445854.981,marker,reconciled,0.00000000,0.00000000,0.00,false,,
1790445855.030,hud,speed,,,,,"5.6 / 5.6",5.620
1790445855.030,hud,heading,,,,,"228° / 283°",228.200
1790445855.031,hud,drift,,,,,"118.96%",118.960
1790445855.031,hud,turns,,,,,"✗ turns: 3/15",
1790445855.031,hud,calib_s,,,,,"✓ Buffer 6s",
1790445855.033,marker,gnss,52.37152500,-1.24099200,76.80,true,,
1790445855.034,marker,dr,52.36977083,-1.24674329,131.80,true,,
1790445855.034,marker,reconciled,0.00000000,0.00000000,0.00,false,,
1790445855.079,hud,speed,,,,,"5.6 / 5.6",5.570
1790445855.080,hud,heading,,,,,"228° / 283°",228.200
1790445855.080,hud,drift,,,,,"118.81%",118.810
1790445855.080,hud,turns,,,,,"✗ turns: 3/15",
1790445855.081,hud,calib_s,,,,,"✓ Buffer 6s",
1790445855.081,marker,gnss,52.37152500,-1.24099200,76.80,true,,
1790445855.082,marker,dr,52.36976845,-1.24675053,131.80,true,,
1790445855.082,marker,reconciled,0.00000000,0.00000000,0.00,false,,
1790445855.132,hud,speed,,,,,"5.6 / 5.6",5.550
1790445855.133,hud,heading,,,,,"228° / 283°",228.300
1790445855.133,hud,drift,,,,,"118.66%",118.660
1790445855.133,hud,turns,,,,,"✗ turns: 3/15",
1790445855.133,hud,calib_s,,,,,"✓ Buffer 6s",
1790445855.134,marker,gnss,52.37152500,-1.24099200,76.80,true,,
1790445855.136,marker,dr,52.36976605,-1.24675757,131.70,true,,
1790445855.137,marker,reconciled,0.00000000,0.00000000,0.00,false,,
1790445855.184,hud,speed,,,,,"5.6 / 5.6",5.610
1790445855.184,hud,heading,,,,,"229° / 283°",228.500
1790445855.184,hud,drift,,,,,"118.51%",118.510
1790445855.185,hud,turns,,,,,"✗ turns: 3/15",
1790445855.185,hud,calib_s,,,,,"✓ Buffer 6s",
1790445855.185,marker,gnss,52.37152500,-1.24099200,76.80,true,,
1790445855.186,marker,dr,52.36976359,-1.24676470,131.50,true,,
1790445855.187,marker,reconciled,0.00000000,0.00000000,0.00,false,,
1790445855.236,hud,speed,,,,,"5.8 / 5.6",5.780
1790445855.236,hud,heading,,,,,"228° / 283°",228.400
1790445855.237,hud,drift,,,,,"118.37%",118.370
1790445855.237,hud,turns,,,,,"✗ turns: 3/15",
1790445855.237,hud,calib_s,,,,,"✓ Buffer 6s",
1790445855.239,marker,gnss,52.37152500,-1.24099200,76.80,true,,
1790445855.240,marker,dr,52.36976101,-1.24677222,131.60,true,,
1790445855.240,marker,reconciled,0.00000000,0.00000000,0.00,false,,
1790445855.284,hud,speed,,,,,"5.7 / 5.6",5.670
1790445855.285,hud,heading,,,,,"229° / 283°",228.500
1790445855.285,hud,drift,,,,,"118.23%",118.230
1790445855.285,hud,turns,,,,,"✗ turns: 3/15",
1790445855.285,hud,calib_s,,,,,"✓ Buffer 6s",
1790445855.286,marker,gnss,52.37152500,-1.24099200,76.80,true,,
1790445855.286,marker,dr,52.36975851,-1.24677931,131.50,true,,
1790445855.287,marker,reconciled,0.00000000,0.00000000,0.00,false,,
1790445855.334,hud,speed,,,,,"5.6 / 5.6",5.630
1790445855.335,hud,heading,,,,,"228° / 283°",228.400
1790445855.335,hud,drift,,,,,"118.08%",118.080
1790445855.335,hud,turns,,,,,"✗ turns: 3/15",
1790445855.335,hud,calib_s,,,,,"✓ Buffer 6s",
1790445855.336,marker,gnss,52.37152500,-1.24099200,76.80,true,,
1790445855.337,marker,dr,52.36975591,-1.24678643,131.60,true,,
1790445855.338,marker,reconciled,0.00000000,0.00000000,0.00,false,,
1790445855.388,hud,speed,,,,,"5.5 / 5.6",5.540
1790445855.388,hud,heading,,,,,"228° / 283°",228.400
1790445855.388,hud,drift,,,,,"117.94%",117.940
1790445855.389,hud,turns,,,,,"✗ turns: 3/15",
1790445855.389,hud,calib_s,,,,,"✓ Buffer 6s",
1790445855.389,marker,gnss,52.37152500,-1.24099200,76.80,true,,
1790445855.390,marker,dr,52.36975332,-1.24679336,131.60,true,,
1790445855.391,marker,reconciled,0.00000000,0.00000000,0.00,false,,
1790445855.439,hud,speed,,,,,"5.5 / 5.6",5.510
1790445855.439,hud,heading,,,,,"228° / 283°",228.200
1790445855.440,hud,drift,,,,,"117.79%",117.790
1790445855.440,hud,turns,,,,,"✗ turns: 3/15",
1790445855.440,hud,calib_s,,,,,"✓ Buffer 6s",
1790445855.442,marker,gnss,52.37152500,-1.24099200,76.80,true,,
1790445855.442,marker,dr,52.36975070,-1.24680027,131.80,true,,
1790445855.443,marker,reconciled,0.00000000,0.00000000,0.00,false,,
1790445855.486,hud,speed,,,,,"5.6 / 5.6",5.550
1790445855.486,hud,heading,,,,,"228° / 283°",228.400
1790445855.487,hud,drift,,,,,"117.65%",117.650
1790445855.487,hud,turns,,,,,"✗ turns: 3/15",
1790445855.487,hud,calib_s,,,,,"✓ Buffer 6s",
1790445855.488,marker,gnss,52.37152500,-1.24099200,76.80,true,,
1790445855.488,marker,dr,52.36974805,-1.24680716,131.60,true,,
1790445855.489,marker,reconciled,0.00000000,0.00000000,0.00,false,,
1790445855.540,hud,speed,,,,,"5.7 / 5.6",5.680
1790445855.541,hud,heading,,,,,"229° / 283°",228.500
1790445855.541,hud,drift,,,,,"117.51%",117.510
1790445855.541,hud,turns,,,,,"✗ turns: 3/15",
1790445855.542,hud,calib_s,,,,,"✓ Buffer 6s",
1790445855.542,marker,gnss,52.37152500,-1.24099200,76.80,true,,
1790445855.544,marker,dr,52.36974536,-1.24681413,131.50,true,,
1790445855.545,marker,reconciled,0.00000000,0.00000000,0.00,false,,
1790445855.588,hud,speed,,,,,"5.5 / 5.6",5.510
1790445855.588,hud,heading,,,,,"229° / 283°",228.700
1790445855.589,hud,drift,,,,,"117.36%",117.360
1790445855.589,hud,turns,,,,,"✗ turns: 3/15",
1790445855.589,hud,calib_s,,,,,"✓ Buffer 6s",
1790445855.589,marker,gnss,52.37152500,-1.24099200,76.80,true,,
1790445855.590,marker,dr,52.36974272,-1.24682101,131.30,true,,
1790445855.590,marker,reconciled,0.00000000,0.00000000,0.00,false,,
1790445855.639,hud,speed,,,,,"5.6 / 5.6",5.570
1790445855.639,hud,heading,,,,,"229° / 283°",228.600
1790445855.639,hud,drift,,,,,"117.22%",117.220
1790445855.640,hud,turns,,,,,"✗ turns: 3/15",
1790445855.640,hud,calib_s,,,,,"✓ Buffer 6s",
1790445855.641,marker,gnss,52.37152500,-1.24099200,76.80,true,,
1790445855.642,marker,dr,52.36974006,-1.24682779,131.40,true,,
1790445855.642,marker,reconciled,0.00000000,0.00000000,0.00,false,,
1790445855.693,hud,speed,,,,,"5.5 / 6.3",5.470
1790445855.693,hud,heading,,,,,"228° / 267°",228.400
1790445855.694,hud,drift,,,,,"116.88%",116.880
1790445855.694,hud,turns,,,,,"✗ turns: 3/15",
1790445855.694,hud,calib_s,,,,,"✓ Buffer 6s",
1790445855.695,marker,gnss,52.37162000,-1.24164500,93.00,true,,
1790445855.695,marker,dr,52.36973732,-1.24683458,131.60,true,,
1790445855.695,marker,reconciled,0.00000000,0.00000000,0.00,false,,
1790445855.743,hud,speed,,,,,"5.5 / 6.3",5.480
1790445855.743,hud,heading,,,,,"228° / 267°",228.400
1790445855.744,hud,drift,,,,,"116.66%",116.660
1790445855.744,hud,turns,,,,,"✗ turns: 3/15",
1790445855.744,hud,calib_s,,,,,"✓ Buffer 6s",
1790445855.745,marker,gnss,52.37162000,-1.24164500,93.00,true,,
1790445855.747,marker,dr,52.36973464,-1.24684125,131.60,true,,
1790445855.747,marker,reconciled,0.00000000,0.00000000,0.00,false,,
1790445855.792,hud,speed,,,,,"5.5 / 6.3",5.530
1790445855.792,hud,heading,,,,,"229° / 267°",228.600
1790445855.793,hud,drift,,,,,"116.45%",116.450
1790445855.793,hud,turns,,,,,"✗ turns: 3/15",
1790445855.793,hud,calib_s,,,,,"✓ Buffer 6s",
1790445855.794,marker,gnss,52.37162000,-1.24164500,93.00,true,,
1790445855.795,marker,dr,52.36973185,-1.24684796,131.40,true,,
1790445855.795,marker,reconciled,0.00000000,0.00000000,0.00,false,,
1790445855.842,hud,speed,,,,,"5.5 / 6.3",5.490
1790445855.843,hud,heading,,,,,"228° / 267°",228.300
1790445855.843,hud,drift,,,,,"116.24%",116.240
1790445855.843,hud,turns,,,,,"✗ turns: 3/15",
1790445855.844,hud,calib_s,,,,,"✓ Buffer 6s",
1790445855.845,marker,gnss,52.37162000,-1.24164500,93.00,true,,
1790445855.846,marker,dr,52.36972908,-1.24685467,131.70,true,,
1790445855.847,marker,reconciled,0.00000000,0.00000000,0.00,false,,
1790445855.892,hud,speed,,,,,"5.5 / 6.3",5.530
1790445855.892,hud,heading,,,,,"229° / 267°",228.500
1790445855.893,hud,drift,,,,,"116.03%",116.030
1790445855.893,hud,turns,,,,,"✗ turns: 3/15",
1790445855.893,hud,calib_s,,,,,"✓ Buffer 6s",
1790445855.893,marker,gnss,52.37162000,-1.24164500,93.00,true,,
1790445855.894,marker,dr,52.36972634,-1.24686143,131.50,true,,
1790445855.895,marker,reconciled,0.00000000,0.00000000,0.00,false,,
1790445855.945,hud,speed,,,,,"5.6 / 6.3",5.610
1790445855.946,hud,heading,,,,,"228° / 267°",228.400
1790445855.946,hud,drift,,,,,"115.83%",115.830
1790445855.946,hud,turns,,,,,"✗ turns: 3/15",
1790445855.947,hud,calib_s,,,,,"✓ Buffer 6s",
1790445855.947,marker,gnss,52.37162000,-1.24164500,93.00,true,,
1790445855.949,marker,dr,52.36972351,-1.24686828,131.60,true,,
1790445855.949,marker,reconciled,0.00000000,0.00000000,0.00,false,,
1790445855.995,hud,speed,,,,,"5.9 / 6.3",5.850
1790445855.995,hud,heading,,,,,"229° / 267°",228.800
1790445855.995,hud,drift,,,,,"115.63%",115.630
1790445855.996,hud,turns,,,,,"✗ turns: 3/15",
1790445855.996,hud,calib_s,,,,,"✓ Buffer 6s",
1790445855.996,marker,gnss,52.37162000,-1.24164500,93.00,true,,
1790445855.997,marker,dr,52.36972051,-1.24687542,131.20,true,,
1790445855.997,marker,reconciled,0.00000000,0.00000000,0.00,false,,
1790445856.046,hud,speed,,,,,"6.1 / 6.3",6.080
1790445856.046,hud,heading,,,,,"229° / 267°",228.600
1790445856.047,hud,drift,,,,,"115.43%",115.430
1790445856.047,hud,turns,,,,,"✗ turns: 3/15",
1790445856.047,hud,calib_s,,,,,"✓ Buffer 6s",
1790445856.048,marker,gnss,52.37162000,-1.24164500,93.00,true,,
1790445856.049,marker,dr,52.36971744,-1.24688268,131.40,true,,
1790445856.049,marker,reconciled,0.00000000,0.00000000,0.00,false,,
1790445856.100,hud,speed,,,,,"6.2 / 6.3",6.220
1790445856.101,hud,heading,,,,,"229° / 267°",228.900
1790445856.101,hud,drift,,,,,"115.25%",115.250
1790445856.101,hud,turns,,,,,"✗ turns: 3/15",
1790445856.102,hud,calib_s,,,,,"✓ Buffer 6s",
1790445856.102,marker,gnss,52.37162000,-1.24164500,93.00,true,,
1790445856.103,marker,dr,52.36971422,-1.24689009,131.10,true,,
1790445856.104,marker,reconciled,0.00000000,0.00000000,0.00,false,,
1790445856.148,hud,speed,,,,,"6.4 / 6.3",6.360
1790445856.148,hud,heading,,,,,"229° / 267°",228.800
1790445856.148,hud,drift,,,,,"115.06%",115.060
1790445856.148,hud,turns,,,,,"✗ turns: 3/15",
1790445856.148,hud,calib_s,,,,,"✓ Buffer 6s",
1790445856.149,marker,gnss,52.37162000,-1.24164500,93.00,true,,
1790445856.151,marker,dr,52.36971087,-1.24689761,131.20,true,,
1790445856.151,marker,reconciled,0.00000000,0.00000000,0.00,false,,
1790445856.200,hud,speed,,,,,"6.5 / 6.3",6.490
1790445856.201,hud,heading,,,,,"229° / 267°",229.000
1790445856.201,hud,drift,,,,,"114.88%",114.880
1790445856.201,hud,turns,,,,,"✗ turns: 3/15",
1790445856.201,hud,calib_s,,,,,"✓ Buffer 6s",
1790445856.202,marker,gnss,52.37162000,-1.24164500,93.00,true,,
1790445856.202,marker,dr,52.36970747,-1.24690529,131.00,true,,
1790445856.203,marker,reconciled,0.00000000,0.00000000,0.00,false,,
1790445856.250,hud,speed,,,,,"6.6 / 6.3",6.610
1790445856.250,hud,heading,,,,,"229° / 267°",229.100
1790445856.251,hud,drift,,,,,"114.71%",114.710
1790445856.251,hud,turns,,,,,"✗ turns: 3/15",
1790445856.251,hud,calib_s,,,,,"✓ Buffer 6s",
1790445856.253,marker,gnss,52.37162000,-1.24164500,93.00,true,,
1790445856.254,marker,dr,52.36970396,-1.24691316,130.90,true,,
1790445856.254,marker,reconciled,0.00000000,0.00000000,0.00,false,,
1790445856.299,hud,speed,,,,,"6.7 / 6.3",6.670
1790445856.299,hud,heading,,,,,"229° / 267°",228.900
1790445856.300,hud,drift,,,,,"114.54%",114.540
1790445856.300,hud,turns,,,,,"✗ turns: 3/15",
1790445856.300,hud,calib_s,,,,,"✓ Buffer 6s",
1790445856.301,marker,gnss,52.37162000,-1.24164500,93.00,true,,
1790445856.301,marker,dr,52.36970046,-1.24692097,131.10,true,,
1790445856.301,marker,reconciled,0.00000000,0.00000000,0.00,false,,
1790445856.351,hud,speed,,,,,"6.8 / 6.3",6.770
1790445856.351,hud,heading,,,,,"229° / 267°",229.100
1790445856.352,hud,drift,,,,,"114.36%",114.360
1790445856.352,hud,turns,,,,,"✗ turns: 3/15",
1790445856.352,hud,calib_s,,,,,"✓ Buffer 6s",
1790445856.353,marker,gnss,52.37162000,-1.24164500,93.00,true,,
1790445856.354,marker,dr,52.36969684,-1.24692904,130.90,true,,
1790445856.355,marker,reconciled,0.00000000,0.00000000,0.00,false,,
1790445856.402,hud,speed,,,,,"6.9 / 6.3",6.910
1790445856.402,hud,heading,,,,,"229° / 267°",229.200
1790445856.402,hud,drift,,,,,"114.20%",114.200
1790445856.403,hud,turns,,,,,"✗ turns: 3/15",
1790445856.403,hud,calib_s,,,,,"✓ Buffer 6s",
1790445856.403,marker,gnss,52.37162000,-1.24164500,93.00,true,,
1790445856.404,marker,dr,52.36969320,-1.24693719,130.80,true,,
1790445856.404,marker,reconciled,0.00000000,0.00000000,0.00,false,,
1790445856.454,hud,speed,,,,,"7.0 / 6.3",6.990
1790445856.454,hud,heading,,,,,"229° / 267°",229.000
1790445856.455,hud,drift,,,,,"114.04%",114.040
1790445856.455,hud,turns,,,,,"✗ turns: 3/15",
1790445856.455,hud,calib_s,,,,,"✓ Buffer 6s",
1790445856.457,marker,gnss,52.37162000,-1.24164500,93.00,true,,
1790445856.458,marker,dr,52.36968955,-1.24694540,131.00,true,,
1790445856.459,marker,reconciled,0.00000000,0.00000000,0.00,false,,
1790445856.505,hud,speed,,,,,"7.1 / 6.3",7.060
1790445856.505,hud,heading,,,,,"229° / 267°",228.500
1790445856.506,hud,drift,,,,,"113.88%",113.880
1790445856.506,hud,turns,,,,,"✗ turns: 3/15",
1790445856.506,hud,calib_s,,,,,"✓ Buffer 6s",
1790445856.507,marker,gnss,52.37162000,-1.24164500,93.00,true,,
1790445856.507,marker,dr,52.36968581,-1.24695394,131.50,true,,
1790445856.508,marker,reconciled,0.00000000,0.00000000,0.00,false,,
1790445856.555,hud,speed,,,,,"7.1 / 6.3",7.110
1790445856.556,hud,heading,,,,,"229° / 267°",228.500
1790445856.556,hud,drift,,,,,"113.73%",113.730
1790445856.556,hud,turns,,,,,"✗ turns: 3/15",
1790445856.556,hud,calib_s,,,,,"✓ Buffer 6s",
1790445856.557,marker,gnss,52.37162000,-1.24164500,93.00,true,,
1790445856.559,marker,dr,52.36968212,-1.24696244,131.50,true,,
1790445856.559,marker,reconciled,0.00000000,0.00000000,0.00,false,,
1790445856.607,hud,speed,,,,,"7.2 / 6.3",7.230
1790445856.607,hud,heading,,,,,"228° / 267°",228.300
1790445856.608,hud,drift,,,,,"113.58%",113.580
1790445856.608,hud,turns,,,,,"✗ turns: 3/15",
1790445856.608,hud,calib_s,,,,,"✓ Buffer 6s",
1790445856.609,marker,gnss,52.37162000,-1.24164500,93.00,true,,
1790445856.609,marker,dr,52.36967828,-1.24697109,131.70,true,,
1790445856.609,marker,reconciled,0.00000000,0.00000000,0.00,false,,
1790445856.659,hud,speed,,,,,"7.3 / 6.3",7.330
1790445856.659,hud,heading,,,,,"228° / 267°",228.100
1790445856.659,hud,drift,,,,,"113.43%",113.430
1790445856.659,hud,turns,,,,,"✗ turns: 3/15",
1790445856.660,hud,calib_s,,,,,"✓ Buffer 6s",
1790445856.661,marker,gnss,52.37162000,-1.24164500,93.00,true,,
1790445856.662,marker,dr,52.36967431,-1.24697994,131.90,true,,
1790445856.662,marker,reconciled,0.00000000,0.00000000,0.00,false,,
1790445856.711,hud,speed,,,,,"7.4 / 6.3",7.370
1790445856.712,hud,heading,,,,,"228° / 267°",227.900
1790445856.712,hud,drift,,,,,"113.28%",113.280
1790445856.712,hud,turns,,,,,"✗ turns: 3/15",
1790445856.712,hud,calib_s,,,,,"✓ Buffer 6s",
1790445856.712,marker,gnss,52.37162000,-1.24164500,93.00,true,,
1790445856.713,marker,dr,52.36967037,-1.24698865,132.10,true,,
1790445856.713,marker,reconciled,0.00000000,0.00000000,0.00,false,,
1790445856.761,hud,speed,,,,,"7.5 / 6.3",7.480
1790445856.762,hud,heading,,,,,"228° / 267°",228.200
1790445856.762,hud,drift,,,,,"113.14%",113.140
1790445856.762,hud,turns,,,,,"✗ turns: 3/15",
1790445856.763,hud,calib_s,,,,,"✓ Buffer 6s",
1790445856.763,marker,gnss,52.37162000,-1.24164500,93.00,true,,
1790445856.765,marker,dr,52.36966633,-1.24699749,131.80,true,,
1790445856.766,marker,reconciled,0.00000000,0.00000000,0.00,false,,
1790445856.811,hud,speed,,,,,"7.6 / 6.3",7.550
1790445856.812,hud,heading,,,,,"228° / 267°",228.100
1790445856.812,hud,drift,,,,,"113.00%",113.000
1790445856.812,hud,turns,,,,,"✗ turns: 3/15",
1790445856.812,hud,calib_s,,,,,"✓ Buffer 6s",
1790445856.813,marker,gnss,52.37162000,-1.24164500,93.00,true,,
1790445856.813,marker,dr,52.36966223,-1.24700657,131.90,true,,
1790445856.814,marker,reconciled,0.00000000,0.00000000,0.00,false,,
1790445856.861,hud,speed,,,,,"7.7 / 6.3",7.650
1790445856.861,hud,heading,,,,,"228° / 267°",227.900
1790445856.862,hud,drift,,,,,"112.86%",112.860
1790445856.862,hud,turns,,,,,"✗ turns: 3/15",
1790445856.862,hud,calib_s,,,,,"✓ Buffer 6s",
1790445856.864,marker,gnss,52.37162000,-1.24164500,93.00,true,,
1790445856.864,marker,dr,52.36965810,-1.24701553,132.10,true,,
1790445856.865,marker,reconciled,0.00000000,0.00000000,0.00,false,,
1790445856.912,hud,speed,,,,,"7.7 / 6.3",7.690
1790445856.912,hud,heading,,,,,"228° / 267°",227.700
1790445856.913,hud,drift,,,,,"112.73%",112.730
1790445856.913,hud,turns,,,,,"✗ turns: 3/15",
1790445856.913,hud,calib_s,,,,,"✓ Buffer 6s",
1790445856.913,marker,gnss,52.37162000,-1.24164500,93.00,true,,
1790445856.914,marker,dr,52.36965377,-1.24702459,132.30,true,,
1790445856.914,marker,reconciled,0.00000000,0.00000000,0.00,false,,
1790445856.967,hud,speed,,,,,"7.7 / 6.3",7.720
1790445856.968,hud,heading,,,,,"228° / 267°",227.800
1790445856.968,hud,drift,,,,,"112.59%",112.590
1790445856.968,hud,turns,,,,,"✗ turns: 3/15",
1790445856.968,hud,calib_s,,,,,"✓ Buffer 6s",
1790445856.969,marker,gnss,52.37162000,-1.24164500,93.00,true,,
1790445856.970,marker,dr,52.36964951,-1.24703350,132.20,true,,
1790445856.970,marker,reconciled,0.00000000,0.00000000,0.00,false,,
1790445857.018,hud,speed,,,,,"7.8 / 6.3",7.830
1790445857.018,hud,heading,,,,,"228° / 267°",227.700
1790445857.019,hud,drift,,,,,"112.46%",112.460
1790445857.019,hud,turns,,,,,"✗ turns: 3/15",
1790445857.019,hud,calib_s,,,,,"✓ Buffer 6s",
1790445857.019,marker,gnss,52.37162000,-1.24164500,93.00,true,,
1790445857.020,marker,dr,52.36964506,-1.24704266,132.30,true,,
1790445857.020,marker,reconciled,0.00000000,0.00000000,0.00,false,,
1790445857.066,hud,speed,,,,,"7.9 / 6.3",7.920
1790445857.067,hud,heading,,,,,"227° / 267°",227.400
1790445857.067,hud,drift,,,,,"112.33%",112.330
1790445857.068,hud,turns,,,,,"✗ turns: 3/15",
1790445857.068,hud,calib_s,,,,,"✓ Buffer 6s",
1790445857.070,marker,gnss,52.37162000,-1.24164500,93.00,true,,
1790445857.070,marker,dr,52.36964061,-1.24705167,132.60,true,,
1790445857.071,marker,reconciled,0.00000000,0.00000000,0.00,false,,
1790445857.115,hud,speed,,,,,"7.9 / 6.3",7.920
1790445857.115,hud,heading,,,,,"227° / 267°",227.300
1790445857.116,hud,drift,,,,,"112.20%",112.200
1790445857.116,hud,turns,,,,,"✗ turns: 3/15",
1790445857.116,hud,calib_s,,,,,"✓ Buffer 6s",
1790445857.117,marker,gnss,52.37162000,-1.24164500,93.00,true,,
1790445857.117,marker,dr,52.36963605,-1.24706069,132.70,true,,
1790445857.117,marker,reconciled,0.00000000,0.00000000,0.00,false,,
1790445857.165,hud,speed,,,,,"8.0 / 6.3",7.990
1790445857.165,hud,heading,,,,,"227° / 267°",227.100
1790445857.166,hud,drift,,,,,"112.08%",112.080
1790445857.166,hud,turns,,,,,"✗ turns: 3/15",
1790445857.166,hud,calib_s,,,,,"✓ Buffer 6s",
1790445857.166,marker,gnss,52.37162000,-1.24164500,93.00,true,,
1790445857.168,marker,dr,52.36963140,-1.24706970,132.90,true,,
1790445857.168,marker,reconciled,0.00000000,0.00000000,0.00,false,,
1790445857.217,hud,speed,,,,,"8.0 / 6.3",8.010
1790445857.218,hud,heading,,,,,"227° / 267°",226.900
1790445857.218,hud,drift,,,,,"111.95%",111.950
1790445857.218,hud,turns,,,,,"✗ turns: 3/15",
1790445857.219,hud,calib_s,,,,,"✓ Buffer 6s",
1790445857.219,marker,gnss,52.37162000,-1.24164500,93.00,true,,
1790445857.219,marker,dr,52.36962673,-1.24707876,133.10,true,,
1790445857.220,marker,reconciled,0.00000000,0.00000000,0.00,false,,
1790445857.266,hud,speed,,,,,"8.1 / 6.3",8.070
1790445857.267,hud,heading,,,,,"227° / 267°",226.700
1790445857.267,hud,drift,,,,,"111.83%",111.830
1790445857.267,hud,turns,,,,,"✗ turns: 3/15",
1790445857.267,hud,calib_s,,,,,"✓ Buffer 6s",
1790445857.269,marker,gnss,52.37162000,-1.24164500,93.00,true,,
1790445857.269,marker,dr,52.36962194,-1.24708796,133.30,true,,
1790445857.270,marker,reconciled,0.00000000,0.00000000,0.00,false,,
1790445857.319,hud,speed,,,,,"8.1 / 6.3",8.090
1790445857.319,hud,heading,,,,,"227° / 267°",226.600
1790445857.320,hud,drift,,,,,"111.71%",111.710
1790445857.320,hud,turns,,,,,"✗ turns: 3/15",
1790445857.320,hud,calib_s,,,,,"✓ Buffer 6s",
1790445857.321,marker,gnss,52.37162000,-1.24164500,93.00,true,,
1790445857.321,marker,dr,52.36961719,-1.24709689,133.40,true,,
1790445857.321,marker,reconciled,0.00000000,0.00000000,0.00,false,,
1790445857.372,hud,speed,,,,,"8.1 / 6.3",8.130
1790445857.372,hud,heading,,,,,"227° / 267°",226.600
1790445857.373,hud,drift,,,,,"111.59%",111.590
1790445857.373,hud,turns,,,,,"✗ turns: 3/15",
1790445857.373,hud,calib_s,,,,,"✓ Buffer 6s",
1790445857.373,marker,gnss,52.37162000,-1.24164500,93.00,true,,
1790445857.376,marker,dr,52.36961230,-1.24710601,133.40,true,,
1790445857.376,marker,reconciled,0.00000000,0.00000000,0.00,false,,
1790445857.423,hud,speed,,,,,"8.2 / 6.3",8.150
1790445857.424,hud,heading,,,,,"227° / 267°",226.600
1790445857.424,hud,drift,,,,,"111.47%",111.470
1790445857.424,hud,turns,,,,,"✗ turns: 3/15",
1790445857.424,hud,calib_s,,,,,"✓ Buffer 6s",
1790445857.425,marker,gnss,52.37162000,-1.24164500,93.00,true,,
1790445857.425,marker,dr,52.36960741,-1.24711498,133.40,true,,
1790445857.426,marker,reconciled,0.00000000,0.00000000,0.00,false,,
1790445857.479,hud,speed,,,,,"8.3 / 6.3",8.290
1790445857.479,hud,heading,,,,,"226° / 267°",226.300
1790445857.480,hud,drift,,,,,"111.35%",111.350
1790445857.480,hud,turns,,,,,"✗ turns: 3/15",
1790445857.480,hud,calib_s,,,,,"✓ Buffer 6s",
1790445857.482,marker,gnss,52.37162000,-1.24164500,93.00,true,,
1790445857.482,marker,dr,52.36960246,-1.24712411,133.70,true,,
1790445857.483,marker,reconciled,0.00000000,0.00000000,0.00,false,,
1790445857.527,hud,speed,,,,,"8.4 / 6.3",8.370
1790445857.527,hud,heading,,,,,"226° / 267°",226.200
1790445857.527,hud,drift,,,,,"111.24%",111.240
1790445857.528,hud,turns,,,,,"✗ turns: 3/15",
1790445857.528,hud,calib_s,,,,,"✓ Buffer 6s",
1790445857.528,marker,gnss,52.37162000,-1.24164500,93.00,true,,
1790445857.529,marker,dr,52.36959744,-1.24713317,133.80,true,,
1790445857.529,marker,reconciled,0.00000000,0.00000000,0.00,false,,
1790445857.573,hud,speed,,,,,"8.5 / 6.3",8.480
1790445857.574,hud,heading,,,,,"226° / 267°",226.000
1790445857.574,hud,drift,,,,,"111.13%",111.130
1790445857.574,hud,turns,,,,,"✗ turns: 3/15",
1790445857.575,hud,calib_s,,,,,"✓ Buffer 6s",
1790445857.575,marker,gnss,52.37162000,-1.24164500,93.00,true,,
1790445857.577,marker,dr,52.36959223,-1.24714228,134.00,true,,
1790445857.578,marker,reconciled,0.00000000,0.00000000,0.00,false,,
1790445857.625,hud,speed,,,,,"8.5 / 6.3",8.540
1790445857.626,hud,heading,,,,,"226° / 267°",226.300
1790445857.626,hud,drift,,,,,"111.01%",111.010
1790445857.626,hud,turns,,,,,"✗ turns: 3/15",
1790445857.627,hud,calib_s,,,,,"✓ Buffer 6s",
1790445857.627,marker,gnss,52.37162000,-1.24164500,93.00,true,,
1790445857.627,marker,dr,52.36958686,-1.24715142,133.70,true,,
1790445857.628,marker,reconciled,0.00000000,0.00000000,0.00,false,,
1790445857.679,hud,speed,,,,,"8.6 / 6.3",8.590
1790445857.680,hud,heading,,,,,"226° / 267°",226.100
1790445857.680,hud,drift,,,,,"110.91%",110.910
1790445857.680,hud,turns,,,,,"✗ turns: 3/15",
1790445857.680,hud,calib_s,,,,,"✓ Buffer 6s",
1790445857.681,marker,gnss,52.37162000,-1.24164500,93.00,true,,
1790445857.682,marker,dr,52.36958152,-1.24716051,133.90,true,,
1790445857.682,marker,reconciled,0.00000000,0.00000000,0.00,false,,
1790445857.731,hud,speed,,,,,"8.6 / 6.3",8.590
1790445857.732,hud,heading,,,,,"226° / 267°",225.800
1790445857.732,hud,drift,,,,,"110.80%",110.800
1790445857.732,hud,turns,,,,,"✗ turns: 3/15",
1790445857.732,hud,calib_s,,,,,"✓ Buffer 6s",
1790445857.733,marker,gnss,52.37162000,-1.24164500,93.00,true,,
1790445857.733,marker,dr,52.36957618,-1.24716962,134.20,true,,
1790445857.733,marker,reconciled,0.00000000,0.00000000,0.00,false,,
1790445857.780,hud,speed,,,,,"8.6 / 6.3",8.570
1790445857.780,hud,heading,,,,,"226° / 267°",225.700
1790445857.781,hud,drift,,,,,"110.69%",110.690
1790445857.781,hud,turns,,,,,"✗ turns: 3/15",
1790445857.781,hud,calib_s,,,,,"✓ Buffer 6s",
1790445857.782,marker,gnss,52.37162000,-1.24164500,93.00,true,,
1790445857.782,marker,dr,52.36957088,-1.24717857,134.30,true,,
1790445857.783,marker,reconciled,0.00000000,0.00000000,0.00,false,,
1790445857.827,hud,speed,,,,,"8.6 / 6.3",8.610
1790445857.828,hud,heading,,,,,"226° / 267°",225.700
1790445857.828,hud,drift,,,,,"110.58%",110.580
1790445857.828,hud,turns,,,,,"✗ turns: 3/15",
1790445857.829,hud,calib_s,,,,,"✓ Buffer 6s",
1790445857.829,marker,gnss,52.37162000,-1.24164500,93.00,true,,
1790445857.830,marker,dr,52.36956538,-1.24718762,134.30,true,,
1790445857.830,marker,reconciled,0.00000000,0.00000000,0.00,false,,
1790445857.884,hud,speed,,,,,"8.7 / 6.3",8.650
1790445857.885,hud,heading,,,,,"226° / 267°",225.700
1790445857.885,hud,drift,,,,,"110.48%",110.480
1790445857.885,hud,turns,,,,,"✗ turns: 3/15",
1790445857.886,hud,calib_s,,,,,"✓ Buffer 6s",
1790445857.886,marker,gnss,52.37162000,-1.24164500,93.00,true,,
1790445857.887,marker,dr,52.36955994,-1.24719646,134.30,true,,
1790445857.887,marker,reconciled,0.00000000,0.00000000,0.00,false,,
1790445857.930,hud,speed,,,,,"8.7 / 6.3",8.670
1790445857.931,hud,heading,,,,,"226° / 267°",225.900
1790445857.931,hud,drift,,,,,"110.37%",110.370
1790445857.931,hud,turns,,,,,"✗ turns: 3/15",
1790445857.932,hud,calib_s,,,,,"✓ Buffer 6s",
1790445857.932,marker,gnss,52.37162000,-1.24164500,93.00,true,,
1790445857.932,marker,dr,52.36955442,-1.24720543,134.10,true,,
1790445857.933,marker,reconciled,0.00000000,0.00000000,0.00,false,,
1790445857.988,hud,speed,,,,,"8.7 / 6.3",8.690
1790445857.988,hud,heading,,,,,"226° / 267°",225.800
1790445857.989,hud,drift,,,,,"110.27%",110.270
1790445857.989,hud,turns,,,,,"✗ turns: 3/15",
1790445857.989,hud,calib_s,,,,,"✓ Buffer 6s",
1790445857.989,marker,gnss,52.37162000,-1.24164500,93.00,true,,
1790445857.990,marker,dr,52.36954887,-1.24721437,134.20,true,,
1790445857.990,marker,reconciled,0.00000000,0.00000000,0.00,false,,
1790445858.032,hud,speed,,,,,"8.7 / 6.3",8.680
1790445858.033,hud,heading,,,,,"226° / 267°",225.900
1790445858.033,hud,drift,,,,,"110.16%",110.160
1790445858.034,hud,turns,,,,,"✗ turns: 3/15",
1790445858.034,hud,calib_s,,,,,"✓ Buffer 6s",
1790445858.035,marker,gnss,52.37162000,-1.24164500,93.00,true,,
1790445858.035,marker,dr,52.36954326,-1.24722338,134.10,true,,
1790445858.035,marker,reconciled,0.00000000,0.00000000,0.00,false,,
1790445858.089,hud,speed,,,,,"8.7 / 6.3",8.670
1790445858.089,hud,heading,,,,,"226° / 267°",225.900
1790445858.090,hud,drift,,,,,"110.06%",110.060
1790445858.090,hud,turns,,,,,"✗ turns: 3/15",
1790445858.091,hud,calib_s,,,,,"✓ Buffer 6s",
1790445858.091,marker,gnss,52.37162000,-1.24164500,93.00,true,,
1790445858.091,marker,dr,52.36953774,-1.24723216,134.10,true,,
1790445858.092,marker,reconciled,0.00000000,0.00000000,0.00,false,,
1790445858.131,hud,speed,,,,,"8.7 / 6.3",8.650
1790445858.132,hud,heading,,,,,"226° / 267°",225.800
1790445858.132,hud,drift,,,,,"109.95%",109.950
1790445858.132,hud,turns,,,,,"✗ turns: 3/15",
1790445858.132,hud,calib_s,,,,,"✓ Buffer 6s",
1790445858.133,marker,gnss,52.37162000,-1.24164500,93.00,true,,
1790445858.133,marker,dr,52.36953215,-1.24724096,134.20,true,,
1790445858.133,marker,reconciled,0.00000000,0.00000000,0.00,false,,
1790445858.188,hud,speed,,,,,"8.6 / 6.3",8.640
1790445858.188,hud,heading,,,,,"226° / 267°",225.700
1790445858.189,hud,drift,,,,,"109.85%",109.850
1790445858.189,hud,turns,,,,,"✗ turns: 3/15",
1790445858.189,hud,calib_s,,,,,"✓ Buffer 6s",
1790445858.189,marker,gnss,52.37162000,-1.24164500,93.00,true,,
1790445858.190,marker,dr,52.36952651,-1.24724981,134.30,true,,
1790445858.190,marker,reconciled,0.00000000,0.00000000,0.00,false,,
1790445858.239,hud,speed,,,,,"8.6 / 6.3",8.630
1790445858.240,hud,heading,,,,,"226° / 267°",225.600
1790445858.240,hud,drift,,,,,"109.74%",109.740
1790445858.240,hud,turns,,,,,"✗ turns: 3/15",
1790445858.240,hud,calib_s,,,,,"✓ Buffer 6s",
1790445858.240,marker,gnss,52.37162000,-1.24164500,93.00,true,,
1790445858.241,marker,dr,52.36952092,-1.24725856,134.40,true,,
1790445858.241,marker,reconciled,0.00000000,0.00000000,0.00,false,,
1790445858.291,hud,speed,,,,,"8.6 / 6.3",8.590
1790445858.291,hud,heading,,,,,"226° / 267°",225.600
1790445858.292,hud,drift,,,,,"109.64%",109.640
1790445858.292,hud,turns,,,,,"✗ turns: 3/15",
1790445858.292,hud,calib_s,,,,,"✓ Buffer 6s",
1790445858.293,marker,gnss,52.37162000,-1.24164500,93.00,true,,
1790445858.293,marker,dr,52.36951538,-1.24726711,134.40,true,,
1790445858.293,marker,reconciled,0.00000000,0.00000000,0.00,false,,
1790445858.336,hud,speed,,,,,"8.5 / 6.3",8.510
1790445858.337,hud,heading,,,,,"226° / 267°",225.600
1790445858.337,hud,drift,,,,,"109.53%",109.530
1790445858.337,hud,turns,,,,,"✗ turns: 3/15",
1790445858.338,hud,calib_s,,,,,"✓ Buffer 6s",
1790445858.338,marker,gnss,52.37162000,-1.24164500,93.00,true,,
1790445858.339,marker,dr,52.36950976,-1.24727571,134.40,true,,
1790445858.339,marker,reconciled,0.00000000,0.00000000,0.00,false,,
1790445858.393,hud,speed,,,,,"8.5 / 6.3",8.460
1790445858.393,hud,heading,,,,,"226° / 267°",225.700
1790445858.393,hud,drift,,,,,"109.42%",109.420
1790445858.393,hud,turns,,,,,"✗ turns: 3/15",
1790445858.394,hud,calib_s,,,,,"✓ Buffer 6s",
1790445858.394,marker,gnss,52.37162000,-1.24164500,93.00,true,,
1790445858.394,marker,dr,52.36950421,-1.24728417,134.30,true,,
1790445858.395,marker,reconciled,0.00000000,0.00000000,0.00,false,,
1790445858.439,hud,speed,,,,,"8.4 / 6.3",8.400
1790445858.439,hud,heading,,,,,"226° / 267°",225.700
1790445858.440,hud,drift,,,,,"109.31%",109.310
1790445858.440,hud,turns,,,,,"✗ turns: 3/15",
1790445858.440,hud,calib_s,,,,,"✓ Buffer 6s",
1790445858.441,marker,gnss,52.37162000,-1.24164500,93.00,true,,
1790445858.441,marker,dr,52.36949863,-1.24729263,134.30,true,,
1790445858.441,marker,reconciled,0.00000000,0.00000000,0.00,false,,
1790445858.496,hud,speed,,,,,"8.3 / 6.3",8.300
1790445858.496,hud,heading,,,,,"226° / 267°",225.700
1790445858.496,hud,drift,,,,,"109.21%",109.210
1790445858.496,hud,turns,,,,,"✗ turns: 3/15",
1790445858.497,hud,calib_s,,,,,"✓ Buffer 6s",
1790445858.497,marker,gnss,52.37162000,-1.24164500,93.00,true,,
1790445858.497,marker,dr,52.36949327,-1.24730075,134.30,true,,
1790445858.498,marker,reconciled,0.00000000,0.00000000,0.00,false,,
1790445858.539,hud,speed,,,,,"8.2 / 6.3",8.210
1790445858.539,hud,heading,,,,,"226° / 267°",225.500
1790445858.540,hud,drift,,,,,"109.09%",109.090
1790445858.540,hud,turns,,,,,"✗ turns: 3/15",
1790445858.540,hud,calib_s,,,,,"✓ Buffer 6s",
1790445858.541,marker,gnss,52.37162000,-1.24164500,93.00,true,,
1790445858.541,marker,dr,52.36948789,-1.24730896,134.50,true,,
1790445858.541,marker,reconciled,0.00000000,0.00000000,0.00,false,,
1790445858.595,hud,speed,,,,,"8.1 / 6.3",8.100
1790445858.595,hud,heading,,,,,"226° / 267°",225.500
1790445858.596,hud,drift,,,,,"108.98%",108.980
1790445858.596,hud,turns,,,,,"✗ turns: 3/15",
1790445858.596,hud,calib_s,,,,,"✓ Buffer 6s",
1790445858.596,marker,gnss,52.37162000,-1.24164500,93.00,true,,
1790445858.597,marker,dr,52.36948256,-1.24731701,134.50,true,,
1790445858.597,marker,reconciled,0.00000000,0.00000000,0.00,false,,
1790445858.643,hud,speed,,,,,"8.0 / 6.3",7.980
1790445858.643,hud,heading,,,,,"226° / 267°",225.500
1790445858.643,hud,drift,,,,,"108.86%",108.860
1790445858.644,hud,turns,,,,,"✗ turns: 3/15",
1790445858.644,hud,calib_s,,,,,"✓ Buffer 6s",
1790445858.644,marker,gnss,52.37162000,-1.24164500,93.00,true,,
1790445858.645,marker,dr,52.36947720,-1.24732495,134.50,true,,
1790445858.645,marker,reconciled,0.00000000,0.00000000,0.00,false,,
1790445858.697,hud,speed,,,,,"7.8 / 6.3",7.830
1790445858.697,hud,heading,,,,,"226° / 267°",225.700
1790445858.697,hud,drift,,,,,"108.74%",108.740
1790445858.698,hud,turns,,,,,"✗ turns: 3/15",
1790445858.698,hud,calib_s,,,,,"✓ Buffer 6s",
1790445858.698,marker,gnss,52.37162000,-1.24164500,93.00,true,,
1790445858.699,marker,dr,52.36947195,-1.24733261,134.30,true,,
1790445858.699,marker,reconciled,0.00000000,0.00000000,0.00,false,,
1790445858.744,hud,speed,,,,,"7.7 / 6.3",7.690
1790445858.745,hud,heading,,,,,"226° / 267°",225.800
1790445858.745,hud,drift,,,,,"108.61%",108.610
1790445858.745,hud,turns,,,,,"✗ turns: 3/15",
1790445858.745,hud,calib_s,,,,,"✓ Buffer 6s",
1790445858.746,marker,gnss,52.37162000,-1.24164500,93.00,true,,
1790445858.746,marker,dr,52.36946678,-1.24734014,134.20,true,,
1790445858.747,marker,reconciled,0.00000000,0.00000000,0.00,false,,
1790445858.806,hud,speed,,,,,"7.7 / 6.3",7.690
1790445858.807,hud,heading,,,,,"226° / 267°",225.800
1790445858.807,hud,drift,,,,,"168.11%",168.110
1790445858.807,hud,turns,,,,,"✗ turns: 3/15",
1790445858.807,hud,calib_s,,,,,"✓ Buffer 6s",
1790445858.808,marker,gnss,52.37162000,-1.24164500,93.00,true,,
1790445858.808,marker,dr,52.36946678,-1.24734014,134.20,true,,
1790445858.808,marker,reconciled,0.00000000,0.00000000,0.00,false,,
1790445858.843,hud,speed,,,,,"7.7 / 6.3",7.690
1790445858.843,hud,heading,,,,,"226° / 267°",225.800
1790445858.844,hud,drift,,,,,"168.11%",168.110
1790445858.844,hud,turns,,,,,"✗ turns: 3/15",
1790445858.844,hud,calib_s,,,,,"✓ Buffer 6s",
1790445858.845,marker,gnss,52.37162000,-1.24164500,93.00,true,,
1790445858.845,marker,dr,52.36946678,-1.24734014,134.20,true,,
1790445858.845,marker,reconciled,0.00000000,0.00000000,0.00,false,,
1790445858.902,hud,speed,,,,,"7.7 / 6.3",7.690
1790445858.902,hud,heading,,,,,"226° / 267°",225.800
1790445858.902,hud,drift,,,,,"168.11%",168.110
1790445858.903,hud,turns,,,,,"✗ turns: 3/15",
1790445858.903,hud,calib_s,,,,,"✓ Buffer 6s",
1790445858.903,marker,gnss,52.37162000,-1.24164500,93.00,true,,
1790445858.904,marker,dr,52.36946678,-1.24734014,134.20,true,,
1790445858.904,marker,reconciled,0.00000000,0.00000000,0.00,false,,
1790445858.946,hud,speed,,,,,"7.7 / 6.3",7.690
1790445858.946,hud,heading,,,,,"226° / 267°",225.800
1790445858.946,hud,drift,,,,,"168.11%",168.110
1790445858.947,hud,turns,,,,,"✗ turns: 3/15",
1790445858.947,hud,calib_s,,,,,"✓ Buffer 6s",
1790445858.947,marker,gnss,52.37162000,-1.24164500,93.00,true,,
1790445858.948,marker,dr,52.36946678,-1.24734014,134.20,true,,
1790445858.948,marker,reconciled,0.00000000,0.00000000,0.00,false,,
1790445859.004,hud,speed,,,,,"7.7 / 6.3",7.690
1790445859.005,hud,heading,,,,,"226° / 267°",225.800
1790445859.005,hud,drift,,,,,"168.11%",168.110
1790445859.005,hud,turns,,,,,"✗ turns: 3/15",
1790445859.005,hud,calib_s,,,,,"✓ Buffer 6s",
1790445859.006,marker,gnss,52.37162000,-1.24164500,93.00,true,,
1790445859.006,marker,dr,52.36946678,-1.24734014,134.20,true,,
1790445859.007,marker,reconciled,0.00000000,0.00000000,0.00,false,,
1790445859.048,hud,speed,,,,,"7.7 / 6.3",7.690
1790445859.048,hud,heading,,,,,"226° / 267°",225.800
1790445859.048,hud,drift,,,,,"168.11%",168.110
1790445859.048,hud,turns,,,,,"✗ turns: 3/15",
1790445859.049,hud,calib_s,,,,,"✓ Buffer 6s",
1790445859.049,marker,gnss,52.37162000,-1.24164500,93.00,true,,
1790445859.050,marker,dr,52.36946678,-1.24734014,134.20,true,,
1790445859.050,marker,reconciled,0.00000000,0.00000000,0.00,false,,
1790445859.102,hud,speed,,,,,"7.7 / 6.3",7.690
1790445859.103,hud,heading,,,,,"226° / 267°",225.800
1790445859.103,hud,drift,,,,,"168.11%",168.110
1790445859.103,hud,turns,,,,,"✗ turns: 3/15",
1790445859.103,hud,calib_s,,,,,"✓ Buffer 6s",
1790445859.104,marker,gnss,52.37162000,-1.24164500,93.00,true,,
1790445859.104,marker,dr,52.36946678,-1.24734014,134.20,true,,
1790445859.105,marker,reconciled,0.00000000,0.00000000,0.00,false,,
1790445859.149,hud,speed,,,,,"7.7 / 6.3",7.690
1790445859.150,hud,heading,,,,,"226° / 267°",225.800
1790445859.150,hud,drift,,,,,"168.11%",168.110
1790445859.150,hud,turns,,,,,"✗ turns: 3/15",
1790445859.151,hud,calib_s,,,,,"✓ Buffer 6s",
1790445859.151,marker,gnss,52.37162000,-1.24164500,93.00,true,,
1790445859.152,marker,dr,52.36946678,-1.24734014,134.20,true,,
1790445859.152,marker,reconciled,0.00000000,0.00000000,0.00,false,,
1790445859.205,hud,speed,,,,,"7.7 / 6.3",7.690
1790445859.205,hud,heading,,,,,"226° / 267°",225.800
1790445859.206,hud,drift,,,,,"168.11%",168.110
1790445859.206,hud,turns,,,,,"✗ turns: 3/15",
1790445859.206,hud,calib_s,,,,,"✓ Buffer 6s",
1790445859.207,marker,gnss,52.37162000,-1.24164500,93.00,true,,
1790445859.207,marker,dr,52.36946678,-1.24734014,134.20,true,,
1790445859.207,marker,reconciled,0.00000000,0.00000000,0.00,false,,
1790445859.255,hud,speed,,,,,"7.7 / 6.3",7.690
1790445859.256,hud,heading,,,,,"226° / 267°",225.800
1790445859.256,hud,drift,,,,,"168.11%",168.110
1790445859.256,hud,turns,,,,,"✗ turns: 3/15",
1790445859.256,hud,calib_s,,,,,"✓ Buffer 6s",
1790445859.257,marker,gnss,52.37162000,-1.24164500,93.00,true,,
1790445859.257,marker,dr,52.36946678,-1.24734014,134.20,true,,
1790445859.258,marker,reconciled,0.00000000,0.00000000,0.00,false,,
1790445859.308,hud,speed,,,,,"7.7 / 6.3",7.690
1790445859.308,hud,heading,,,,,"226° / 267°",225.800
1790445859.308,hud,drift,,,,,"168.11%",168.110
1790445859.309,hud,turns,,,,,"✗ turns: 3/15",
1790445859.309,hud,calib_s,,,,,"✓ Buffer 6s",
1790445859.309,marker,gnss,52.37162000,-1.24164500,93.00,true,,
1790445859.310,marker,dr,52.36946678,-1.24734014,134.20,true,,
1790445859.310,marker,reconciled,0.00000000,0.00000000,0.00,false,,
1790445859.356,hud,speed,,,,,"7.7 / 6.3",7.690
1790445859.356,hud,heading,,,,,"226° / 267°",225.800
1790445859.356,hud,drift,,,,,"168.11%",168.110
1790445859.357,hud,turns,,,,,"✗ turns: 3/15",
1790445859.357,hud,calib_s,,,,,"✓ Buffer 6s",
1790445859.357,marker,gnss,52.37162000,-1.24164500,93.00,true,,
1790445859.358,marker,dr,52.36946678,-1.24734014,134.20,true,,
1790445859.358,marker,reconciled,0.00000000,0.00000000,0.00,false,,
1790445859.411,hud,speed,,,,,"7.7 / 6.3",7.690
1790445859.411,hud,heading,,,,,"226° / 267°",225.800
1790445859.411,hud,drift,,,,,"168.11%",168.110
1790445859.412,hud,turns,,,,,"✗ turns: 3/15",
1790445859.412,hud,calib_s,,,,,"✓ Buffer 6s",
1790445859.412,marker,gnss,52.37162000,-1.24164500,93.00,true,,
1790445859.413,marker,dr,52.36946678,-1.24734014,134.20,true,,
1790445859.413,marker,reconciled,0.00000000,0.00000000,0.00,false,,
1790445859.460,hud,speed,,,,,"7.7 / 6.3",7.690
1790445859.460,hud,heading,,,,,"226° / 267°",225.800
1790445859.460,hud,drift,,,,,"168.11%",168.110
1790445859.461,hud,turns,,,,,"✗ turns: 3/15",
1790445859.461,hud,calib_s,,,,,"✓ Buffer 6s",
1790445859.461,marker,gnss,52.37162000,-1.24164500,93.00,true,,
1790445859.462,marker,dr,52.36946678,-1.24734014,134.20,true,,
1790445859.463,marker,reconciled,0.00000000,0.00000000,0.00,false,,
1790445859.516,hud,speed,,,,,"7.7 / 6.3",7.690
1790445859.516,hud,heading,,,,,"226° / 267°",225.800
1790445859.517,hud,drift,,,,,"168.11%",168.110
1790445859.517,hud,turns,,,,,"✗ turns: 3/15",
1790445859.517,hud,calib_s,,,,,"✓ Buffer 6s",
1790445859.518,marker,gnss,52.37162000,-1.24164500,93.00,true,,
1790445859.518,marker,dr,52.36946678,-1.24734014,134.20,true,,
1790445859.519,marker,reconciled,0.00000000,0.00000000,0.00,false,,
1790445859.558,hud,speed,,,,,"7.7 / 6.3",7.690
1790445859.558,hud,heading,,,,,"226° / 267°",225.800
1790445859.559,hud,drift,,,,,"168.11%",168.110
1790445859.559,hud,turns,,,,,"✗ turns: 3/15",
1790445859.559,hud,calib_s,,,,,"✓ Buffer 6s",
1790445859.560,marker,gnss,52.37162000,-1.24164500,93.00,true,,
1790445859.561,marker,dr,52.36946678,-1.24734014,134.20,true,,
1790445859.561,marker,reconciled,0.00000000,0.00000000,0.00,false,,
1790445859.613,hud,speed,,,,,"7.7 / 6.3",7.690
1790445859.614,hud,heading,,,,,"226° / 267°",225.800
1790445859.614,hud,drift,,,,,"168.11%",168.110
1790445859.614,hud,turns,,,,,"✗ turns: 3/15",
1790445859.614,hud,calib_s,,,,,"✓ Buffer 6s",
1790445859.615,marker,gnss,52.37162000,-1.24164500,93.00,true,,
1790445859.615,marker,dr,52.36946678,-1.24734014,134.20,true,,
1790445859.615,marker,reconciled,0.00000000,0.00000000,0.00,false,,
1790445859.662,hud,speed,,,,,"7.7 / 6.3",7.690
1790445859.663,hud,heading,,,,,"226° / 267°",225.800
1790445859.663,hud,drift,,,,,"168.11%",168.110
1790445859.663,hud,turns,,,,,"✗ turns: 3/15",
1790445859.663,hud,calib_s,,,,,"✓ Buffer 6s",
1790445859.664,marker,gnss,52.37162000,-1.24164500,93.00,true,,
1790445859.664,marker,dr,52.36946678,-1.24734014,134.20,true,,
1790445859.665,marker,reconciled,0.00000000,0.00000000,0.00,false,,
1790445859.716,hud,speed,,,,,"7.7 / 6.3",7.690
1790445859.716,hud,heading,,,,,"226° / 267°",225.800
1790445859.717,hud,drift,,,,,"168.11%",168.110
1790445859.717,hud,turns,,,,,"✗ turns: 3/15",
1790445859.717,hud,calib_s,,,,,"✓ Buffer 6s",
1790445859.717,marker,gnss,52.37162000,-1.24164500,93.00,true,,
1790445859.718,marker,dr,52.36946678,-1.24734014,134.20,true,,
1790445859.718,marker,reconciled,0.00000000,0.00000000,0.00,false,,
1790445859.765,hud,speed,,,,,"7.7 / 6.3",7.690
1790445859.765,hud,heading,,,,,"226° / 267°",225.800
1790445859.765,hud,drift,,,,,"168.11%",168.110
1790445859.765,hud,turns,,,,,"✗ turns: 3/15",
1790445859.766,hud,calib_s,,,,,"✓ Buffer 6s",
1790445859.766,marker,gnss,52.37162000,-1.24164500,93.00,true,,
1790445859.767,marker,dr,52.36946678,-1.24734014,134.20,true,,
1790445859.767,marker,reconciled,0.00000000,0.00000000,0.00,false,,
1790445859.822,hud,speed,,,,,"7.7 / 6.3",7.690
1790445859.822,hud,heading,,,,,"226° / 267°",225.800
1790445859.823,hud,drift,,,,,"168.11%",168.110
1790445859.823,hud,turns,,,,,"✗ turns: 3/15",
1790445859.823,hud,calib_s,,,,,"✓ Buffer 6s",
1790445859.824,marker,gnss,52.37162000,-1.24164500,93.00,true,,
1790445859.825,marker,dr,52.36946678,-1.24734014,134.20,true,,
1790445859.825,marker,reconciled,0.00000000,0.00000000,0.00,false,,
1790445859.869,hud,speed,,,,,"7.7 / 6.3",7.690
1790445859.869,hud,heading,,,,,"226° / 267°",225.800
1790445859.870,hud,drift,,,,,"168.11%",168.110
1790445859.870,hud,turns,,,,,"✗ turns: 3/15",
1790445859.870,hud,calib_s,,,,,"✓ Buffer 6s",
1790445859.871,marker,gnss,52.37162000,-1.24164500,93.00,true,,
1790445859.871,marker,dr,52.36946678,-1.24734014,134.20,true,,
1790445859.872,marker,reconciled,0.00000000,0.00000000,0.00,false,,
1790445859.923,hud,speed,,,,,"7.7 / 6.3",7.690
1790445859.924,hud,heading,,,,,"226° / 267°",225.800
1790445859.924,hud,drift,,,,,"168.11%",168.110
1790445859.924,hud,turns,,,,,"✗ turns: 3/15",
1790445859.925,hud,calib_s,,,,,"✓ Buffer 6s",
1790445859.925,marker,gnss,52.37162000,-1.24164500,93.00,true,,
1790445859.925,marker,dr,52.36946678,-1.24734014,134.20,true,,
1790445859.926,marker,reconciled,0.00000000,0.00000000,0.00,false,,
1790445859.971,hud,speed,,,,,"7.7 / 6.3",7.690
1790445859.972,hud,heading,,,,,"226° / 267°",225.800
1790445859.972,hud,drift,,,,,"168.11%",168.110
1790445859.972,hud,turns,,,,,"✗ turns: 3/15",
1790445859.972,hud,calib_s,,,,,"✓ Buffer 6s",
1790445859.973,marker,gnss,52.37162000,-1.24164500,93.00,true,,
1790445859.973,marker,dr,52.36946678,-1.24734014,134.20,true,,
1790445859.974,marker,reconciled,0.00000000,0.00000000,0.00,false,,
1790445860.028,hud,speed,,,,,"7.7 / 6.3",7.690
1790445860.029,hud,heading,,,,,"226° / 267°",225.800
1790445860.029,hud,drift,,,,,"168.11%",168.110
1790445860.029,hud,turns,,,,,"✗ turns: 3/15",
1790445860.030,hud,calib_s,,,,,"✓ Buffer 6s",
1790445860.030,marker,gnss,52.37162000,-1.24164500,93.00,true,,
1790445860.031,marker,dr,52.36946678,-1.24734014,134.20,true,,
1790445860.031,marker,reconciled,0.00000000,0.00000000,0.00,false,,
1790445860.071,hud,speed,,,,,"7.7 / 6.3",7.690
1790445860.071,hud,heading,,,,,"226° / 267°",225.800
1790445860.071,hud,drift,,,,,"168.11%",168.110
1790445860.071,hud,turns,,,,,"✗ turns: 3/15",
1790445860.072,hud,calib_s,,,,,"✓ Buffer 6s",
1790445860.072,marker,gnss,52.37162000,-1.24164500,93.00,true,,
1790445860.073,marker,dr,52.36946678,-1.24734014,134.20,true,,
1790445860.074,marker,reconciled,0.00000000,0.00000000,0.00,false,,
1790445860.126,hud,speed,,,,,"7.7 / 6.3",7.690
1790445860.127,hud,heading,,,,,"226° / 267°",225.800
1790445860.127,hud,drift,,,,,"168.11%",168.110
1790445860.127,hud,turns,,,,,"✗ turns: 3/15",
1790445860.128,hud,calib_s,,,,,"✓ Buffer 6s",
1790445860.128,marker,gnss,52.37162000,-1.24164500,93.00,true,,
1790445860.128,marker,dr,52.36946678,-1.24734014,134.20,true,,
1790445860.129,marker,reconciled,0.00000000,0.00000000,0.00,false,,
1790445860.174,hud,speed,,,,,"7.7 / 6.3",7.690
1790445860.175,hud,heading,,,,,"226° / 267°",225.800
1790445860.175,hud,drift,,,,,"168.11%",168.110
1790445860.175,hud,turns,,,,,"✗ turns: 3/15",
1790445860.175,hud,calib_s,,,,,"✓ Buffer 6s",
1790445860.176,marker,gnss,52.37162000,-1.24164500,93.00,true,,
1790445860.176,marker,dr,52.36946678,-1.24734014,134.20,true,,
1790445860.177,marker,reconciled,0.00000000,0.00000000,0.00,false,,
1790445860.231,hud,speed,,,,,"7.7 / 6.3",7.690
1790445860.232,hud,heading,,,,,"226° / 267°",225.800
1790445860.232,hud,drift,,,,,"168.11%",168.110
1790445860.232,hud,turns,,,,,"✗ turns: 3/15",
1790445860.232,hud,calib_s,,,,,"✓ Buffer 6s",
1790445860.233,marker,gnss,52.37162000,-1.24164500,93.00,true,,
1790445860.233,marker,dr,52.36946678,-1.24734014,134.20,true,,
1790445860.234,marker,reconciled,0.00000000,0.00000000,0.00,false,,
1790445860.284,hud,speed,,,,,"7.7 / 6.3",7.690
1790445860.284,hud,heading,,,,,"226° / 267°",225.800
1790445860.284,hud,drift,,,,,"168.11%",168.110
1790445860.285,hud,turns,,,,,"✗ turns: 3/15",
1790445860.285,hud,calib_s,,,,,"✓ Buffer 6s",
1790445860.285,marker,gnss,52.37160000,-1.24232000,16.70,true,,
1790445860.286,marker,dr,52.36946678,-1.24734014,134.20,true,,
1790445860.286,marker,reconciled,0.00000000,0.00000000,0.00,false,,
1790445860.333,hud,speed,,,,,"7.7 / 6.3",7.690
1790445860.333,hud,heading,,,,,"226° / 267°",225.800
1790445860.334,hud,drift,,,,,"168.11%",168.110
1790445860.334,hud,turns,,,,,"✗ turns: 3/15",
1790445860.334,hud,calib_s,,,,,"✓ Buffer 6s",
1790445860.335,marker,gnss,52.37160000,-1.24232000,16.70,true,,
1790445860.335,marker,dr,52.36946678,-1.24734014,134.20,true,,
1790445860.336,marker,reconciled,0.00000000,0.00000000,0.00,false,,
1790445860.382,hud,speed,,,,,"7.7 / 6.3",7.690
1790445860.382,hud,heading,,,,,"226° / 267°",225.800
1790445860.383,hud,drift,,,,,"168.11%",168.110
1790445860.383,hud,turns,,,,,"✗ turns: 3/15",
1790445860.383,hud,calib_s,,,,,"✓ Buffer 6s",
1790445860.384,marker,gnss,52.37160000,-1.24232000,16.70,true,,
1790445860.384,marker,dr,52.36946678,-1.24734014,134.20,true,,
1790445860.385,marker,reconciled,0.00000000,0.00000000,0.00,false,,
1790445860.435,hud,speed,,,,,"7.7 / 6.3",7.690
1790445860.436,hud,heading,,,,,"226° / 267°",225.800
1790445860.436,hud,drift,,,,,"168.11%",168.110
1790445860.437,hud,turns,,,,,"✗ turns: 3/15",
1790445860.437,hud,calib_s,,,,,"✓ Buffer 6s",
1790445860.437,marker,gnss,52.37160000,-1.24232000,16.70,true,,
1790445860.438,marker,dr,52.36946678,-1.24734014,134.20,true,,
1790445860.438,marker,reconciled,0.00000000,0.00000000,0.00,false,,
1790445860.484,hud,speed,,,,,"7.7 / 6.3",7.690
1790445860.484,hud,heading,,,,,"226° / 267°",225.800
1790445860.485,hud,drift,,,,,"168.11%",168.110
1790445860.485,hud,turns,,,,,"✗ turns: 3/15",
1790445860.485,hud,calib_s,,,,,"✓ Buffer 6s",
1790445860.486,marker,gnss,52.37160000,-1.24232000,16.70,true,,
1790445860.487,marker,dr,52.36946678,-1.24734014,134.20,true,,
1790445860.487,marker,reconciled,0.00000000,0.00000000,0.00,false,,
1790445860.540,hud,speed,,,,,"7.7 / 6.3",7.690
1790445860.540,hud,heading,,,,,"226° / 267°",225.800
1790445860.541,hud,drift,,,,,"168.11%",168.110
1790445860.541,hud,turns,,,,,"✗ turns: 3/15",
1790445860.541,hud,calib_s,,,,,"✓ Buffer 6s",
1790445860.542,marker,gnss,52.37160000,-1.24232000,16.70,true,,
1790445860.542,marker,dr,52.36946678,-1.24734014,134.20,true,,
1790445860.543,marker,reconciled,0.00000000,0.00000000,0.00,false,,
1790445860.583,hud,speed,,,,,"7.7 / 6.3",7.690
1790445860.583,hud,heading,,,,,"226° / 267°",225.800
1790445860.583,hud,drift,,,,,"168.11%",168.110
1790445860.583,hud,turns,,,,,"✗ turns: 3/15",
1790445860.584,hud,calib_s,,,,,"✓ Buffer 6s",
1790445860.584,marker,gnss,52.37160000,-1.24232000,16.70,true,,
1790445860.585,marker,dr,52.36946678,-1.24734014,134.20,true,,
1790445860.585,marker,reconciled,0.00000000,0.00000000,0.00,false,,
1790445860.639,hud,speed,,,,,"7.7 / 6.3",7.690
1790445860.639,hud,heading,,,,,"226° / 267°",225.800
1790445860.639,hud,drift,,,,,"168.11%",168.110
1790445860.640,hud,turns,,,,,"✗ turns: 3/15",
1790445860.640,hud,calib_s,,,,,"✓ Buffer 6s",
1790445860.640,marker,gnss,52.37160000,-1.24232000,16.70,true,,
1790445860.641,marker,dr,52.36946678,-1.24734014,134.20,true,,
1790445860.641,marker,reconciled,0.00000000,0.00000000,0.00,false,,
1790445860.690,hud,speed,,,,,"7.7 / 6.3",7.690
1790445860.690,hud,heading,,,,,"226° / 267°",225.800
1790445860.691,hud,drift,,,,,"168.11%",168.110
1790445860.691,hud,turns,,,,,"✗ turns: 3/15",
1790445860.691,hud,calib_s,,,,,"✓ Buffer 6s",
1790445860.691,marker,gnss,52.37160000,-1.24232000,16.70,true,,
1790445860.692,marker,dr,52.36946678,-1.24734014,134.20,true,,
1790445860.692,marker,reconciled,0.00000000,0.00000000,0.00,false,,
1790445860.743,hud,speed,,,,,"7.7 / 6.3",7.690
1790445860.743,hud,heading,,,,,"226° / 267°",225.800
1790445860.744,hud,drift,,,,,"168.11%",168.110
1790445860.744,hud,turns,,,,,"✗ turns: 3/15",
1790445860.744,hud,calib_s,,,,,"✓ Buffer 6s",
1790445860.745,marker,gnss,52.37160000,-1.24232000,16.70,true,,
1790445860.745,marker,dr,52.36946678,-1.24734014,134.20,true,,
1790445860.745,marker,reconciled,0.00000000,0.00000000,0.00,false,,
1790445860.794,hud,speed,,,,,"7.7 / 6.3",7.690
1790445860.795,hud,heading,,,,,"226° / 267°",225.800
1790445860.795,hud,drift,,,,,"168.11%",168.110
1790445860.795,hud,turns,,,,,"✗ turns: 3/15",
1790445860.796,hud,calib_s,,,,,"✓ Buffer 6s",
1790445860.796,marker,gnss,52.37160000,-1.24232000,16.70,true,,
1790445860.796,marker,dr,52.36946678,-1.24734014,134.20,true,,
1790445860.797,marker,reconciled,0.00000000,0.00000000,0.00,false,,
1790445860.844,hud,speed,,,,,"7.7 / 6.3",7.690
1790445860.844,hud,heading,,,,,"226° / 267°",225.800
1790445860.844,hud,drift,,,,,"168.11%",168.110
1790445860.845,hud,turns,,,,,"✗ turns: 3/15",
1790445860.845,hud,calib_s,,,,,"✓ Buffer 6s",
1790445860.845,marker,gnss,52.37160000,-1.24232000,16.70,true,,
1790445860.846,marker,dr,52.36946678,-1.24734014,134.20,true,,
1790445860.846,marker,reconciled,0.00000000,0.00000000,0.00,false,,
1790445860.890,hud,speed,,,,,"7.7 / 6.3",7.690
1790445860.891,hud,heading,,,,,"226° / 267°",225.800
1790445860.891,hud,drift,,,,,"168.11%",168.110
1790445860.891,hud,turns,,,,,"✗ turns: 3/15",
1790445860.891,hud,calib_s,,,,,"✓ Buffer 6s",
1790445860.892,marker,gnss,52.37160000,-1.24232000,16.70,true,,
1790445860.892,marker,dr,52.36946678,-1.24734014,134.20,true,,
1790445860.892,marker,reconciled,0.00000000,0.00000000,0.00,false,,
1790445860.945,hud,speed,,,,,"7.7 / 6.3",7.690
1790445860.946,hud,heading,,,,,"226° / 267°",225.800
1790445860.946,hud,drift,,,,,"168.11%",168.110
1790445860.947,hud,turns,,,,,"✗ turns: 3/15",
1790445860.947,hud,calib_s,,,,,"✓ Buffer 6s",
1790445860.947,marker,gnss,52.37160000,-1.24232000,16.70,true,,
1790445860.948,marker,dr,52.36946678,-1.24734014,134.20,true,,
1790445860.948,marker,reconciled,0.00000000,0.00000000,0.00,false,,
1790445860.992,hud,speed,,,,,"7.7 / 6.3",7.690
1790445860.993,hud,heading,,,,,"226° / 267°",225.800
1790445860.993,hud,drift,,,,,"168.11%",168.110
1790445860.994,hud,turns,,,,,"✗ turns: 3/15",
1790445860.994,hud,calib_s,,,,,"✓ Buffer 6s",
1790445860.995,marker,gnss,52.37160000,-1.24232000,16.70,true,,
1790445860.996,marker,dr,52.36946678,-1.24734014,134.20,true,,
1790445860.996,marker,reconciled,0.00000000,0.00000000,0.00,false,,
1790445861.049,hud,speed,,,,,"7.7 / 6.3",7.690
1790445861.050,hud,heading,,,,,"226° / 267°",225.800
1790445861.050,hud,drift,,,,,"168.11%",168.110
1790445861.050,hud,turns,,,,,"✗ turns: 3/15",
1790445861.051,hud,calib_s,,,,,"✓ Buffer 6s",
1790445861.051,marker,gnss,52.37160000,-1.24232000,16.70,true,,
1790445861.052,marker,dr,52.36946678,-1.24734014,134.20,true,,
1790445861.052,marker,reconciled,0.00000000,0.00000000,0.00,false,,
1790445861.098,hud,speed,,,,,"7.7 / 6.3",7.690
1790445861.099,hud,heading,,,,,"226° / 267°",225.800
1790445861.099,hud,drift,,,,,"168.11%",168.110
1790445861.100,hud,turns,,,,,"✗ turns: 3/15",
1790445861.100,hud,calib_s,,,,,"✓ Buffer 6s",
1790445861.101,marker,gnss,52.37160000,-1.24232000,16.70,true,,
1790445861.101,marker,dr,52.36946678,-1.24734014,134.20,true,,
1790445861.102,marker,reconciled,0.00000000,0.00000000,0.00,false,,
1790445861.147,hud,speed,,,,,"7.7 / 6.3",7.690
1790445861.148,hud,heading,,,,,"226° / 267°",225.800
1790445861.148,hud,drift,,,,,"168.11%",168.110
1790445861.148,hud,turns,,,,,"✗ turns: 3/15",
1790445861.148,hud,calib_s,,,,,"✓ Buffer 6s",
1790445861.149,marker,gnss,52.37160000,-1.24232000,16.70,true,,
1790445861.149,marker,dr,52.36946678,-1.24734014,134.20,true,,
1790445861.150,marker,reconciled,0.00000000,0.00000000,0.00,false,,
1790445861.193,hud,speed,,,,,"7.7 / 6.3",7.690
1790445861.194,hud,heading,,,,,"226° / 267°",225.800
1790445861.194,hud,drift,,,,,"168.11%",168.110
1790445861.194,hud,turns,,,,,"✗ turns: 3/15",
1790445861.195,hud,calib_s,,,,,"✓ Buffer 6s",
1790445861.195,marker,gnss,52.37160000,-1.24232000,16.70,true,,
1790445861.195,marker,dr,52.36946678,-1.24734014,134.20,true,,
1790445861.196,marker,reconciled,0.00000000,0.00000000,0.00,false,,
1790445861.248,hud,speed,,,,,"7.7 / 6.3",7.690
1790445861.248,hud,heading,,,,,"226° / 267°",225.800
1790445861.249,hud,drift,,,,,"168.11%",168.110
1790445861.249,hud,turns,,,,,"✗ turns: 3/15",
1790445861.249,hud,calib_s,,,,,"✓ Buffer 6s",
1790445861.250,marker,gnss,52.37160000,-1.24232000,16.70,true,,
1790445861.250,marker,dr,52.36946678,-1.24734014,134.20,true,,
1790445861.251,marker,reconciled,0.00000000,0.00000000,0.00,false,,
