t,category,name,lat,lon,rotation_deg,visible,text_val,num_val
1790443709.455,hud,speed,,,,,"0.0 / 0.0",0.000
1790443709.456,hud,heading,,,,,"0° / 0°",0.000
1790443709.458,hud,drift,,,,,"0.00%",0.000
1790443709.459,hud,turns,,,,,"✗ turns: 0/15",
1790443709.460,hud,calib_s,,,,,"✗ Buffer (need 6s)",
1790443709.462,marker,dr,0.00000000,0.00000000,0.00,false,,
1790443709.464,marker,reconciled,0.00000000,0.00000000,0.00,false,,
1790443709.564,hud,speed,,,,,"0.0 / 0.0",0.000
1790443709.565,hud,heading,,,,,"0° / 0°",0.000
1790443709.567,hud,drift,,,,,"0.00%",0.000
1790443709.568,hud,turns,,,,,"✗ turns: 0/15",
1790443709.570,hud,calib_s,,,,,"✗ Buffer (need 6s)",
1790443709.571,marker,dr,0.00000000,0.00000000,0.00,false,,
1790443709.573,marker,reconciled,0.00000000,0.00000000,0.00,false,,
1790443709.610,hud,speed,,,,,"0.0 / 0.0",0.000
1790443709.611,hud,heading,,,,,"0° / 0°",0.000
1790443709.613,hud,drift,,,,,"0.00%",0.000
1790443709.615,hud,turns,,,,,"✗ turns: 0/15",
1790443709.617,hud,calib_s,,,,,"✗ Buffer (need 6s)",
1790443709.618,marker,dr,0.00000000,0.00000000,0.00,false,,
1790443709.622,marker,reconciled,0.00000000,0.00000000,0.00,false,,
1790443709.691,hud,speed,,,,,"0.0 / 0.0",0.000
1790443709.693,hud,heading,,,,,"0° / 0°",0.000
1790443709.695,hud,drift,,,,,"0.00%",0.000
1790443709.696,hud,turns,,,,,"✗ turns: 0/15",
1790443709.698,hud,calib_s,,,,,"✗ Buffer (need 6s)",
1790443709.699,marker,dr,0.00000000,0.00000000,0.00,false,,
1790443709.701,marker,reconciled,0.00000000,0.00000000,0.00,false,,
1790443709.741,hud,speed,,,,,"0.0 / 0.0",0.000
1790443709.743,hud,heading,,,,,"0° / 0°",0.000
1790443709.744,hud,drift,,,,,"0.00%",0.000
1790443709.745,hud,turns,,,,,"✗ turns: 0/15",
1790443709.747,hud,calib_s,,,,,"✗ Buffer (need 6s)",
1790443709.748,marker,dr,0.00000000,0.00000000,0.00,false,,
1790443709.749,marker,reconciled,0.00000000,0.00000000,0.00,false,,
1790443709.777,hud,speed,,,,,"0.0 / 0.0",0.000
1790443709.779,hud,heading,,,,,"0° / 0°",0.000
1790443709.780,hud,drift,,,,,"0.00%",0.000
1790443709.781,hud,turns,,,,,"✗ turns: 0/15",
1790443709.782,hud,calib_s,,,,,"✗ Buffer (need 6s)",
1790443709.783,marker,dr,0.00000000,0.00000000,0.00,false,,
1790443709.784,marker,reconciled,0.00000000,0.00000000,0.00,false,,
1790443709.832,hud,speed,,,,,"0.0 / 0.0",0.000
1790443709.833,hud,heading,,,,,"0° / 0°",0.000
1790443709.834,hud,drift,,,,,"0.00%",0.000
1790443709.835,hud,turns,,,,,"✗ turns: 0/15",
1790443709.836,hud,calib_s,,,,,"✗ Buffer (need 6s)",
1790443709.837,marker,dr,0.00000000,0.00000000,0.00,false,,
1790443709.839,marker,reconciled,0.00000000,0.00000000,0.00,false,,
1790443709.866,hud,speed,,,,,"0.0 / 0.0",0.000
1790443709.867,hud,heading,,,,,"0° / 0°",0.000
1790443709.868,hud,drift,,,,,"0.00%",0.000
1790443709.869,hud,turns,,,,,"✗ turns: 0/15",
1790443709.870,hud,calib_s,,,,,"✗ Buffer (need 6s)",
1790443709.871,marker,dr,0.00000000,0.00000000,0.00,false,,
1790443709.872,marker,reconciled,0.00000000,0.00000000,0.00,false,,
1790443709.918,hud,speed,,,,,"0.0 / 0.0",0.000
1790443709.920,hud,heading,,,,,"0° / 0°",0.000
1790443709.921,hud,drift,,,,,"0.00%",0.000
1790443709.922,hud,turns,,,,,"✗ turns: 0/15",
1790443709.923,hud,calib_s,,,,,"✗ Buffer (need 6s)",
1790443709.924,marker,dr,0.00000000,0.00000000,0.00,false,,
1790443709.926,marker,reconciled,0.00000000,0.00000000,0.00,false,,
1790443709.950,hud,speed,,,,,"0.0 / 0.0",0.000
1790443709.951,hud,heading,,,,,"0° / 0°",0.000
1790443709.952,hud,drift,,,,,"0.00%",0.000
1790443709.953,hud,turns,,,,,"✗ turns: 0/15",
1790443709.954,hud,calib_s,,,,,"✗ Buffer (need 6s)",
1790443709.955,marker,dr,0.00000000,0.00000000,0.00,false,,
1790443709.956,marker,reconciled,0.00000000,0.00000000,0.00,false,,
1790443709.981,hud,speed,,,,,"0.0 / 0.0",0.000
1790443709.982,hud,heading,,,,,"0° / 0°",0.000
1790443709.983,hud,drift,,,,,"0.00%",0.000
1790443709.984,hud,turns,,,,,"✗ turns: 0/15",
1790443709.985,hud,calib_s,,,,,"✗ Buffer (need 6s)",
1790443709.986,marker,dr,0.00000000,0.00000000,0.00,false,,
1790443709.987,marker,reconciled,0.00000000,0.00000000,0.00,false,,
1790443710.013,hud,speed,,,,,"0.0 / 0.0",0.000
1790443710.014,hud,heading,,,,,"0° / 0°",0.000
1790443710.015,hud,drift,,,,,"0.00%",0.000
1790443710.016,hud,turns,,,,,"✗ turns: 0/15",
1790443710.017,hud,calib_s,,,,,"✗ Buffer (need 6s)",
1790443710.018,marker,dr,0.00000000,0.00000000,0.00,false,,
1790443710.019,marker,reconciled,0.00000000,0.00000000,0.00,false,,
1790443710.065,hud,speed,,,,,"0.0 / 0.0",0.000
1790443710.066,hud,heading,,,,,"0° / 0°",0.000
1790443710.067,hud,drift,,,,,"0.00%",0.000
1790443710.068,hud,turns,,,,,"✗ turns: 0/15",
1790443710.069,hud,calib_s,,,,,"✗ Buffer (need 6s)",
1790443710.071,marker,dr,0.00000000,0.00000000,0.00,false,,
1790443710.072,marker,reconciled,0.00000000,0.00000000,0.00,false,,
1790443710.094,hud,speed,,,,,"0.0 / 0.0",0.000
1790443710.095,hud,heading,,,,,"0° / 0°",0.000
1790443710.096,hud,drift,,,,,"0.00%",0.000
1790443710.097,hud,turns,,,,,"✗ turns: 0/15",
1790443710.098,hud,calib_s,,,,,"✗ Buffer (need 6s)",
1790443710.099,marker,dr,0.00000000,0.00000000,0.00,false,,
1790443710.100,marker,reconciled,0.00000000,0.00000000,0.00,false,,
1790443710.123,hud,speed,,,,,"0.0 / 0.0",0.000
1790443710.124,hud,heading,,,,,"0° / 0°",0.000
1790443710.125,hud,drift,,,,,"0.00%",0.000
1790443710.126,hud,turns,,,,,"✗ turns: 0/15",
1790443710.127,hud,calib_s,,,,,"✗ Buffer (need 6s)",
1790443710.127,marker,dr,0.00000000,0.00000000,0.00,false,,
1790443710.128,marker,reconciled,0.00000000,0.00000000,0.00,false,,
1790443710.149,hud,speed,,,,,"0.0 / 0.0",0.000
1790443710.150,hud,heading,,,,,"0° / 0°",0.000
1790443710.151,hud,drift,,,,,"0.00%",0.000
1790443710.153,hud,turns,,,,,"✗ turns: 0/15",
1790443710.153,hud,calib_s,,,,,"✗ Buffer (need 6s)",
1790443710.154,marker,dr,0.00000000,0.00000000,0.00,false,,
1790443710.155,marker,reconciled,0.00000000,0.00000000,0.00,false,,
1790443710.197,hud,speed,,,,,"0.0 / 0.0",0.000
1790443710.199,hud,heading,,,,,"0° / 0°",0.000
1790443710.200,hud,drift,,,,,"0.00%",0.000
1790443710.202,hud,turns,,,,,"✗ turns: 0/15",
1790443710.203,hud,calib_s,,,,,"✗ Buffer (need 6s)",
1790443710.204,marker,dr,0.00000000,0.00000000,0.00,false,,
1790443710.205,marker,reconciled,0.00000000,0.00000000,0.00,false,,
1790443710.229,hud,speed,,,,,"0.0 / 0.0",0.000
1790443710.230,hud,heading,,,,,"0° / 0°",0.000
1790443710.232,hud,drift,,,,,"0.00%",0.000
1790443710.233,hud,turns,,,,,"✗ turns: 0/15",
1790443710.233,hud,calib_s,,,,,"✗ Buffer (need 6s)",
1790443710.234,marker,dr,0.00000000,0.00000000,0.00,false,,
1790443710.236,marker,reconciled,0.00000000,0.00000000,0.00,false,,
1790443710.260,hud,speed,,,,,"0.0 / 0.0",0.000
1790443710.261,hud,heading,,,,,"0° / 0°",0.000
1790443710.262,hud,drift,,,,,"0.00%",0.000
1790443710.263,hud,turns,,,,,"✗ turns: 0/15",
1790443710.264,hud,calib_s,,,,,"✗ Buffer (need 6s)",
1790443710.265,marker,dr,0.00000000,0.00000000,0.00,false,,
1790443710.267,marker,reconciled,0.00000000,0.00000000,0.00,false,,
1790443710.313,hud,speed,,,,,"0.0 / 0.0",0.000
1790443710.314,hud,heading,,,,,"0° / 0°",0.000
1790443710.316,hud,drift,,,,,"0.00%",0.000
1790443710.317,hud,turns,,,,,"✗ turns: 0/15",
1790443710.318,hud,calib_s,,,,,"✗ Buffer (need 6s)",
1790443710.319,marker,dr,0.00000000,0.00000000,0.00,false,,
1790443710.320,marker,reconciled,0.00000000,0.00000000,0.00,false,,
1790443710.345,hud,speed,,,,,"0.0 / 0.0",0.000
1790443710.346,hud,heading,,,,,"0° / 0°",0.000
1790443710.347,hud,drift,,,,,"0.00%",0.000
1790443710.348,hud,turns,,,,,"✗ turns: 0/15",
1790443710.349,hud,calib_s,,,,,"✗ Buffer (need 6s)",
1790443710.350,marker,dr,0.00000000,0.00000000,0.00,false,,
1790443710.351,marker,reconciled,0.00000000,0.00000000,0.00,false,,
1790443710.375,hud,speed,,,,,"0.0 / 0.0",0.000
1790443710.376,hud,heading,,,,,"0° / 0°",0.000
1790443710.378,hud,drift,,,,,"0.00%",0.000
1790443710.379,hud,turns,,,,,"✗ turns: 0/15",
1790443710.380,hud,calib_s,,,,,"✗ Buffer (need 6s)",
1790443710.380,marker,dr,0.00000000,0.00000000,0.00,false,,
1790443710.382,marker,reconciled,0.00000000,0.00000000,0.00,false,,
1790443710.749,hud,speed,,,,,"0.0 / 0.0",0.000
1790443710.749,hud,heading,,,,,"0° / 0°",0.000
1790443710.749,hud,drift,,,,,"0.00%",0.000
1790443710.750,hud,turns,,,,,"✗ turns: 0/15",
1790443710.750,hud,calib_s,,,,,"✗ Buffer (need 6s)",
1790443710.750,marker,reconciled,0.00000000,0.00000000,0.00,false,,
1790443710.862,hud,speed,,,,,"0.0 / 0.0",0.000
1790443710.863,hud,heading,,,,,"0° / 0°",0.000
1790443710.863,hud,drift,,,,,"0.00%",0.000
1790443710.863,hud,turns,,,,,"✗ turns: 0/15",
1790443710.863,hud,calib_s,,,,,"✗ Buffer (need 6s)",
1790443710.864,marker,reconciled,0.00000000,0.00000000,0.00,false,,
1790443710.982,hud,speed,,,,,"0.0 / 0.0",0.000
1790443710.983,hud,heading,,,,,"0° / 0°",0.000
1790443710.983,hud,drift,,,,,"0.00%",0.000
1790443710.984,hud,turns,,,,,"✗ turns: 0/15",
1790443710.984,hud,calib_s,,,,,"✗ Buffer (need 6s)",
1790443710.985,marker,reconciled,0.00000000,0.00000000,0.00,false,,
1790443711.016,hud,speed,,,,,"0.0 / 0.0",0.000
1790443711.017,hud,heading,,,,,"0° / 0°",0.000
1790443711.017,hud,drift,,,,,"0.00%",0.000
1790443711.017,hud,turns,,,,,"✗ turns: 0/15",
1790443711.018,hud,calib_s,,,,,"✗ Buffer (need 6s)",
1790443711.018,marker,reconciled,0.00000000,0.00000000,0.00,false,,
1790443711.051,hud,speed,,,,,"0.0 / 0.0",0.000
1790443711.052,hud,heading,,,,,"0° / 0°",0.000
1790443711.052,hud,drift,,,,,"0.00%",0.000
1790443711.052,hud,turns,,,,,"✗ turns: 0/15",
1790443711.052,hud,calib_s,,,,,"✗ Buffer (need 6s)",
1790443711.053,marker,reconciled,0.00000000,0.00000000,0.00,false,,
1790443711.107,hud,speed,,,,,"0.0 / 0.0",0.000
1790443711.107,hud,heading,,,,,"0° / 0°",0.000
1790443711.107,hud,drift,,,,,"0.00%",0.000
1790443711.108,hud,turns,,,,,"✗ turns: 0/15",
1790443711.108,hud,calib_s,,,,,"✗ Buffer (need 6s)",
1790443711.108,marker,reconciled,0.00000000,0.00000000,0.00,false,,
1790443711.160,hud,speed,,,,,"0.0 / 0.0",0.000
1790443711.160,hud,heading,,,,,"0° / 0°",0.000
1790443711.160,hud,drift,,,,,"0.00%",0.000
1790443711.161,hud,turns,,,,,"✗ turns: 0/15",
1790443711.161,hud,calib_s,,,,,"✗ Buffer (need 6s)",
1790443711.161,marker,reconciled,0.00000000,0.00000000,0.00,false,,
1790443711.210,hud,speed,,,,,"0.0 / 0.0",0.000
1790443711.210,hud,heading,,,,,"0° / 0°",0.000
1790443711.211,hud,drift,,,,,"0.00%",0.000
1790443711.211,hud,turns,,,,,"✗ turns: 0/15",
1790443711.211,hud,calib_s,,,,,"✗ Buffer (need 6s)",
1790443711.211,marker,reconciled,0.00000000,0.00000000,0.00,false,,
1790443711.261,hud,speed,,,,,"0.0 / 0.0",0.000
1790443711.262,hud,heading,,,,,"0° / 0°",0.000
1790443711.262,hud,drift,,,,,"0.00%",0.000
1790443711.263,hud,turns,,,,,"✗ turns: 0/15",
1790443711.263,hud,calib_s,,,,,"✗ Buffer (need 6s)",
1790443711.263,marker,reconciled,0.00000000,0.00000000,0.00,false,,
1790443711.311,hud,speed,,,,,"0.0 / 0.0",0.000
1790443711.311,hud,heading,,,,,"0° / 0°",0.000
1790443711.311,hud,drift,,,,,"0.00%",0.000
1790443711.312,hud,turns,,,,,"✗ turns: 0/15",
1790443711.312,hud,calib_s,,,,,"✗ Buffer (need 6s)",
1790443711.312,marker,reconciled,0.00000000,0.00000000,0.00,false,,
1790443711.361,hud,speed,,,,,"0.0 / 0.0",0.000
1790443711.362,hud,heading,,,,,"0° / 0°",0.000
1790443711.362,hud,drift,,,,,"0.00%",0.000
1790443711.363,hud,turns,,,,,"✗ turns: 0/15",
1790443711.363,hud,calib_s,,,,,"✗ Buffer (need 6s)",
1790443711.363,marker,reconciled,0.00000000,0.00000000,0.00,false,,
1790443711.416,hud,speed,,,,,"0.0 / 0.0",0.000
1790443711.417,hud,heading,,,,,"0° / 0°",0.000
1790443711.417,hud,drift,,,,,"0.00%",0.000
1790443711.418,hud,turns,,,,,"✗ turns: 0/15",
1790443711.418,hud,calib_s,,,,,"✗ Buffer (need 6s)",
1790443711.418,marker,reconciled,0.00000000,0.00000000,0.00,false,,
1790443711.471,hud,speed,,,,,"0.0 / 0.0",0.000
1790443711.472,hud,heading,,,,,"0° / 0°",0.000
1790443711.472,hud,drift,,,,,"0.00%",0.000
1790443711.473,hud,turns,,,,,"✗ turns: 0/15",
1790443711.473,hud,calib_s,,,,,"✗ Buffer (need 6s)",
1790443711.473,marker,reconciled,0.00000000,0.00000000,0.00,false,,
1790443711.525,hud,speed,,,,,"0.0 / 0.0",0.000
1790443711.525,hud,heading,,,,,"0° / 0°",0.000
1790443711.526,hud,drift,,,,,"0.00%",0.000
1790443711.526,hud,turns,,,,,"✗ turns: 0/15",
1790443711.526,hud,calib_s,,,,,"✗ Buffer (need 6s)",
1790443711.527,marker,reconciled,0.00000000,0.00000000,0.00,false,,
1790443711.574,hud,speed,,,,,"0.0 / 0.0",0.000
1790443711.575,hud,heading,,,,,"0° / 0°",0.000
1790443711.575,hud,drift,,,,,"0.00%",0.000
1790443711.575,hud,turns,,,,,"✗ turns: 0/15",
1790443711.576,hud,calib_s,,,,,"✗ Buffer (need 6s)",
1790443711.576,marker,reconciled,0.00000000,0.00000000,0.00,false,,
1790443711.638,hud,speed,,,,,"0.0 / 0.0",0.000
1790443711.639,hud,heading,,,,,"0° / 0°",0.000
1790443711.639,hud,drift,,,,,"0.00%",0.000
1790443711.640,hud,turns,,,,,"✗ turns: 0/15",
1790443711.640,hud,calib_s,,,,,"✗ Buffer (need 6s)",
1790443711.640,marker,reconciled,0.00000000,0.00000000,0.00,false,,
1790443711.675,hud,speed,,,,,"0.0 / 0.0",0.000
1790443711.675,hud,heading,,,,,"0° / 0°",0.000
1790443711.676,hud,drift,,,,,"0.00%",0.000
1790443711.676,hud,turns,,,,,"✗ turns: 0/15",
1790443711.676,hud,calib_s,,,,,"✗ Buffer (need 6s)",
1790443711.676,marker,reconciled,0.00000000,0.00000000,0.00,false,,
1790443711.725,hud,speed,,,,,"0.0 / 0.0",0.000
1790443711.726,hud,heading,,,,,"0° / 0°",0.000
1790443711.726,hud,drift,,,,,"0.00%",0.000
1790443711.726,hud,turns,,,,,"✗ turns: 0/15",
1790443711.727,hud,calib_s,,,,,"✗ Buffer (need 6s)",
1790443711.727,marker,reconciled,0.00000000,0.00000000,0.00,false,,
1790443711.785,hud,speed,,,,,"0.0 / 0.0",0.000
1790443711.785,hud,heading,,,,,"0° / 0°",0.000
1790443711.786,hud,drift,,,,,"0.00%",0.000
1790443711.786,hud,turns,,,,,"✗ turns: 0/15",
1790443711.786,hud,calib_s,,,,,"✗ Buffer (need 6s)",
1790443711.787,marker,reconciled,0.00000000,0.00000000,0.00,false,,
1790443711.833,hud,speed,,,,,"0.0 / 0.0",0.000
1790443711.833,hud,heading,,,,,"0° / 0°",0.000
1790443711.834,hud,drift,,,,,"0.00%",0.000
1790443711.834,hud,turns,,,,,"✗ turns: 0/15",
1790443711.835,hud,calib_s,,,,,"✗ Buffer (need 6s)",
1790443711.835,marker,reconciled,0.00000000,0.00000000,0.00,false,,
1790443711.882,hud,speed,,,,,"0.0 / 0.0",0.000
1790443711.882,hud,heading,,,,,"0° / 0°",0.000
1790443711.883,hud,drift,,,,,"0.00%",0.000
1790443711.883,hud,turns,,,,,"✗ turns: 0/15",
1790443711.883,hud,calib_s,,,,,"✗ Buffer (need 6s)",
1790443711.884,marker,reconciled,0.00000000,0.00000000,0.00,false,,
1790443711.932,hud,speed,,,,,"0.0 / 0.0",0.000
1790443711.933,hud,heading,,,,,"0° / 0°",0.000
1790443711.933,hud,drift,,,,,"0.00%",0.000
1790443711.933,hud,turns,,,,,"✗ turns: 0/15",
1790443711.934,hud,calib_s,,,,,"✗ Buffer (need 6s)",
1790443711.934,marker,reconciled,0.00000000,0.00000000,0.00,false,,
1790443711.984,hud,speed,,,,,"0.0 / 0.0",0.000
1790443711.984,hud,heading,,,,,"0° / 0°",0.000
1790443711.985,hud,drift,,,,,"0.00%",0.000
1790443711.985,hud,turns,,,,,"✗ turns: 0/15",
1790443711.985,hud,calib_s,,,,,"✗ Buffer (need 6s)",
1790443711.986,marker,reconciled,0.00000000,0.00000000,0.00,false,,
1790443712.037,hud,speed,,,,,"0.0 / 0.0",0.000
1790443712.038,hud,heading,,,,,"0° / 0°",0.000
1790443712.038,hud,drift,,,,,"0.00%",0.000
1790443712.039,hud,turns,,,,,"✗ turns: 0/15",
1790443712.039,hud,calib_s,,,,,"✗ Buffer (need 6s)",
1790443712.039,marker,reconciled,0.00000000,0.00000000,0.00,false,,
1790443712.084,hud,speed,,,,,"0.0 / 0.0",0.000
1790443712.084,hud,heading,,,,,"0° / 0°",0.000
1790443712.084,hud,drift,,,,,"0.00%",0.000
1790443712.085,hud,turns,,,,,"✗ turns: 0/15",
1790443712.085,hud,calib_s,,,,,"✗ Buffer (need 6s)",
1790443712.085,marker,reconciled,0.00000000,0.00000000,0.00,false,,
1790443712.139,hud,speed,,,,,"0.0 / 0.0",0.000
1790443712.140,hud,heading,,,,,"0° / 0°",0.000
1790443712.140,hud,drift,,,,,"0.00%",0.000
1790443712.140,hud,turns,,,,,"✗ turns: 0/15",
1790443712.141,hud,calib_s,,,,,"✗ Buffer (need 6s)",
1790443712.141,marker,reconciled,0.00000000,0.00000000,0.00,false,,
1790443712.191,hud,speed,,,,,"0.0 / 0.0",0.000
1790443712.191,hud,heading,,,,,"0° / 0°",0.000
1790443712.192,hud,drift,,,,,"0.00%",0.000
1790443712.192,hud,turns,,,,,"✗ turns: 0/15",
1790443712.192,hud,calib_s,,,,,"✗ Buffer (need 6s)",
1790443712.192,marker,reconciled,0.00000000,0.00000000,0.00,false,,
1790443712.243,hud,speed,,,,,"0.0 / 0.0",0.000
1790443712.244,hud,heading,,,,,"0° / 0°",0.000
1790443712.244,hud,drift,,,,,"0.00%",0.000
1790443712.245,hud,turns,,,,,"✗ turns: 0/15",
1790443712.245,hud,calib_s,,,,,"✗ Buffer (need 6s)",
1790443712.245,marker,reconciled,0.00000000,0.00000000,0.00,false,,
1790443712.308,hud,speed,,,,,"0.0 / 0.0",0.000
1790443712.308,hud,heading,,,,,"0° / 0°",0.000
1790443712.309,hud,drift,,,,,"0.00%",0.000
1790443712.309,hud,turns,,,,,"✗ turns: 0/15",
1790443712.309,hud,calib_s,,,,,"✗ Buffer (need 6s)",
1790443712.310,marker,reconciled,0.00000000,0.00000000,0.00,false,,
1790443712.344,hud,speed,,,,,"0.0 / 0.0",0.000
1790443712.344,hud,heading,,,,,"0° / 0°",0.000
1790443712.344,hud,drift,,,,,"0.00%",0.000
1790443712.345,hud,turns,,,,,"✗ turns: 0/15",
1790443712.345,hud,calib_s,,,,,"✗ Buffer (need 6s)",
1790443712.345,marker,reconciled,0.00000000,0.00000000,0.00,false,,
1790443712.394,hud,speed,,,,,"0.0 / 0.0",0.000
1790443712.395,hud,heading,,,,,"0° / 0°",0.000
1790443712.395,hud,drift,,,,,"0.00%",0.000
1790443712.395,hud,turns,,,,,"✗ turns: 0/15",
1790443712.395,hud,calib_s,,,,,"✗ Buffer (need 6s)",
1790443712.395,marker,reconciled,0.00000000,0.00000000,0.00,false,,
1790443712.451,hud,speed,,,,,"0.0 / 0.0",0.000
1790443712.452,hud,heading,,,,,"0° / 0°",0.000
1790443712.452,hud,drift,,,,,"0.00%",0.000
1790443712.452,hud,turns,,,,,"✗ turns: 0/15",
1790443712.453,hud,calib_s,,,,,"✗ Buffer (need 6s)",
1790443712.453,marker,reconciled,0.00000000,0.00000000,0.00,false,,
1790443712.509,hud,speed,,,,,"0.0 / 0.0",0.000
1790443712.509,hud,heading,,,,,"0° / 0°",0.000
1790443712.509,hud,drift,,,,,"0.00%",0.000
1790443712.510,hud,turns,,,,,"✗ turns: 0/15",
1790443712.510,hud,calib_s,,,,,"✗ Buffer (need 6s)",
1790443712.510,marker,reconciled,0.00000000,0.00000000,0.00,false,,
1790443712.555,hud,speed,,,,,"0.0 / 0.0",0.000
1790443712.556,hud,heading,,,,,"0° / 0°",0.000
1790443712.556,hud,drift,,,,,"0.00%",0.000
1790443712.557,hud,turns,,,,,"✗ turns: 0/15",
1790443712.557,hud,calib_s,,,,,"✗ Buffer (need 6s)",
1790443712.557,marker,reconciled,0.00000000,0.00000000,0.00,false,,
1790443712.608,hud,speed,,,,,"0.0 / 0.0",0.000
1790443712.609,hud,heading,,,,,"0° / 0°",0.000
1790443712.609,hud,drift,,,,,"0.00%",0.000
1790443712.609,hud,turns,,,,,"✗ turns: 0/15",
1790443712.610,hud,calib_s,,,,,"✗ Buffer (need 6s)",
1790443712.610,marker,reconciled,0.00000000,0.00000000,0.00,false,,
1790443712.660,hud,speed,,,,,"0.0 / 0.0",0.000
1790443712.661,hud,heading,,,,,"0° / 0°",0.000
1790443712.661,hud,drift,,,,,"0.00%",0.000
1790443712.662,hud,turns,,,,,"✗ turns: 0/15",
1790443712.662,hud,calib_s,,,,,"✗ Buffer (need 6s)",
1790443712.662,marker,reconciled,0.00000000,0.00000000,0.00,false,,
1790443712.710,hud,speed,,,,,"0.0 / 0.0",0.000
1790443712.711,hud,heading,,,,,"0° / 0°",0.000
1790443712.711,hud,drift,,,,,"0.00%",0.000
1790443712.711,hud,turns,,,,,"✗ turns: 0/15",
1790443712.712,hud,calib_s,,,,,"✗ Buffer (need 6s)",
1790443712.712,marker,reconciled,0.00000000,0.00000000,0.00,false,,
1790443712.761,hud,speed,,,,,"0.0 / 0.0",0.000
1790443712.762,hud,heading,,,,,"0° / 0°",0.000
1790443712.762,hud,drift,,,,,"0.00%",0.000
1790443712.762,hud,turns,,,,,"✗ turns: 0/15",
1790443712.763,hud,calib_s,,,,,"✗ Buffer (need 6s)",
1790443712.763,marker,reconciled,0.00000000,0.00000000,0.00,false,,
1790443712.818,hud,speed,,,,,"0.0 / 0.0",0.000
1790443712.819,hud,heading,,,,,"0° / 0°",0.000
1790443712.819,hud,drift,,,,,"0.00%",0.000
1790443712.820,hud,turns,,,,,"✗ turns: 0/15",
1790443712.820,hud,calib_s,,,,,"✗ Buffer (need 6s)",
1790443712.820,marker,reconciled,0.00000000,0.00000000,0.00,false,,
1790443712.862,hud,speed,,,,,"0.0 / 0.0",0.000
1790443712.863,hud,heading,,,,,"0° / 0°",0.000
1790443712.863,hud,drift,,,,,"0.00%",0.000
1790443712.863,hud,turns,,,,,"✗ turns: 0/15",
1790443712.864,hud,calib_s,,,,,"✗ Buffer (need 6s)",
1790443712.864,marker,reconciled,0.00000000,0.00000000,0.00,false,,
1790443712.916,hud,speed,,,,,"0.0 / 0.0",0.000
1790443712.916,hud,heading,,,,,"0° / 0°",0.000
1790443712.917,hud,drift,,,,,"0.00%",0.000
1790443712.917,hud,turns,,,,,"✗ turns: 0/15",
1790443712.917,hud,calib_s,,,,,"✗ Buffer (need 6s)",
1790443712.917,marker,reconciled,0.00000000,0.00000000,0.00,false,,
1790443712.969,hud,speed,,,,,"0.0 / 0.0",0.000
1790443712.970,hud,heading,,,,,"0° / 0°",0.000
1790443712.970,hud,drift,,,,,"0.00%",0.000
1790443712.971,hud,turns,,,,,"✗ turns: 0/15",
1790443712.971,hud,calib_s,,,,,"✗ Buffer (need 6s)",
1790443712.971,marker,reconciled,0.00000000,0.00000000,0.00,false,,
1790443713.021,hud,speed,,,,,"0.0 / 0.0",0.000
1790443713.022,hud,heading,,,,,"0° / 0°",0.000
1790443713.023,hud,drift,,,,,"0.00%",0.000
1790443713.023,hud,turns,,,,,"✗ turns: 0/15",
1790443713.023,hud,calib_s,,,,,"✗ Buffer (need 6s)",
1790443713.023,marker,reconciled,0.00000000,0.00000000,0.00,false,,
1790443713.075,hud,speed,,,,,"0.0 / 0.0",0.000
1790443713.076,hud,heading,,,,,"0° / 0°",0.000
1790443713.076,hud,drift,,,,,"0.00%",0.000
1790443713.077,hud,turns,,,,,"✗ turns: 0/15",
1790443713.077,hud,calib_s,,,,,"✗ Buffer (need 6s)",
1790443713.077,marker,reconciled,0.00000000,0.00000000,0.00,false,,
1790443713.123,hud,speed,,,,,"0.0 / 0.0",0.000
1790443713.124,hud,heading,,,,,"0° / 0°",0.000
1790443713.124,hud,drift,,,,,"0.00%",0.000
1790443713.124,hud,turns,,,,,"✗ turns: 0/15",
1790443713.125,hud,calib_s,,,,,"✗ Buffer (need 6s)",
1790443713.125,marker,reconciled,0.00000000,0.00000000,0.00,false,,
1790443713.175,hud,speed,,,,,"0.0 / 0.0",0.000
1790443713.175,hud,heading,,,,,"0° / 0°",0.000
1790443713.176,hud,drift,,,,,"0.00%",0.000
1790443713.176,hud,turns,,,,,"✗ turns: 0/15",
1790443713.176,hud,calib_s,,,,,"✗ Buffer (need 6s)",
1790443713.177,marker,reconciled,0.00000000,0.00000000,0.00,false,,
1790443713.230,hud,speed,,,,,"0.0 / 0.0",0.000
1790443713.230,hud,heading,,,,,"0° / 0°",0.000
1790443713.231,hud,drift,,,,,"0.00%",0.000
1790443713.231,hud,turns,,,,,"✗ turns: 0/15",
1790443713.231,hud,calib_s,,,,,"✗ Buffer (need 6s)",
1790443713.232,marker,reconciled,0.00000000,0.00000000,0.00,false,,
1790443713.276,hud,speed,,,,,"0.0 / 0.0",0.000
1790443713.277,hud,heading,,,,,"0° / 0°",0.000
1790443713.277,hud,drift,,,,,"0.00%",0.000
1790443713.278,hud,turns,,,,,"✗ turns: 0/15",
1790443713.278,hud,calib_s,,,,,"✗ Buffer (need 6s)",
1790443713.278,marker,reconciled,0.00000000,0.00000000,0.00,false,,
1790443713.335,hud,speed,,,,,"0.0 / 0.0",0.000
1790443713.336,hud,heading,,,,,"0° / 0°",0.000
1790443713.336,hud,drift,,,,,"0.00%",0.000
1790443713.337,hud,turns,,,,,"✗ turns: 0/15",
1790443713.337,hud,calib_s,,,,,"✗ Buffer (need 6s)",
1790443713.337,marker,reconciled,0.00000000,0.00000000,0.00,false,,
1790443713.380,hud,speed,,,,,"0.0 / 0.0",0.000
1790443713.381,hud,heading,,,,,"0° / 0°",0.000
1790443713.381,hud,drift,,,,,"0.00%",0.000
1790443713.381,hud,turns,,,,,"✗ turns: 0/15",
1790443713.382,hud,calib_s,,,,,"✗ Buffer (need 6s)",
1790443713.382,marker,reconciled,0.00000000,0.00000000,0.00,false,,
1790443713.435,hud,speed,,,,,"0.0 / 0.0",0.000
1790443713.436,hud,heading,,,,,"0° / 0°",0.000
1790443713.436,hud,drift,,,,,"0.00%",0.000
1790443713.436,hud,turns,,,,,"✗ turns: 0/15",
1790443713.436,hud,calib_s,,,,,"✗ Buffer (need 6s)",
1790443713.437,marker,reconciled,0.00000000,0.00000000,0.00,false,,
1790443713.487,hud,speed,,,,,"0.0 / 0.0",0.000
1790443713.487,hud,heading,,,,,"0° / 0°",0.000
1790443713.488,hud,drift,,,,,"0.00%",0.000
1790443713.488,hud,turns,,,,,"✗ turns: 0/15",
1790443713.488,hud,calib_s,,,,,"✗ Buffer (need 6s)",
1790443713.488,marker,reconciled,0.00000000,0.00000000,0.00,false,,
1790443713.540,hud,speed,,,,,"0.0 / 0.0",0.000
1790443713.541,hud,heading,,,,,"0° / 0°",0.000
1790443713.541,hud,drift,,,,,"0.00%",0.000
1790443713.541,hud,turns,,,,,"✗ turns: 0/15",
1790443713.542,hud,calib_s,,,,,"✗ Buffer (need 6s)",
1790443713.542,marker,reconciled,0.00000000,0.00000000,0.00,false,,
1790443713.594,hud,speed,,,,,"0.0 / 0.0",0.000
1790443713.595,hud,heading,,,,,"0° / 0°",0.000
1790443713.595,hud,drift,,,,,"0.00%",0.000
1790443713.596,hud,turns,,,,,"✗ turns: 0/15",
1790443713.596,hud,calib_s,,,,,"✗ Buffer (need 6s)",
1790443713.596,marker,reconciled,0.00000000,0.00000000,0.00,false,,
1790443713.639,hud,speed,,,,,"0.0 / 0.0",0.000
1790443713.640,hud,heading,,,,,"0° / 0°",0.000
1790443713.640,hud,drift,,,,,"0.00%",0.000
1790443713.640,hud,turns,,,,,"✗ turns: 0/15",
1790443713.641,hud,calib_s,,,,,"✗ Buffer (need 6s)",
1790443713.641,marker,reconciled,0.00000000,0.00000000,0.00,false,,
1790443713.693,hud,speed,,,,,"0.0 / 0.0",0.000
1790443713.694,hud,heading,,,,,"0° / 0°",0.000
1790443713.694,hud,drift,,,,,"0.00%",0.000
1790443713.694,hud,turns,,,,,"✗ turns: 0/15",
1790443713.695,hud,calib_s,,,,,"✗ Buffer (need 6s)",
1790443713.695,marker,reconciled,0.00000000,0.00000000,0.00,false,,
1790443713.746,hud,speed,,,,,"0.0 / 0.0",0.000
1790443713.747,hud,heading,,,,,"0° / 0°",0.000
1790443713.747,hud,drift,,,,,"0.00%",0.000
1790443713.747,hud,turns,,,,,"✗ turns: 0/15",
1790443713.748,hud,calib_s,,,,,"✗ Buffer (need 6s)",
1790443713.748,marker,reconciled,0.00000000,0.00000000,0.00,false,,
1790443713.799,hud,speed,,,,,"0.0 / 0.0",0.000
1790443713.800,hud,heading,,,,,"0° / 0°",0.000
1790443713.800,hud,drift,,,,,"0.00%",0.000
1790443713.801,hud,turns,,,,,"✗ turns: 0/15",
1790443713.801,hud,calib_s,,,,,"✗ Buffer (need 6s)",
1790443713.801,marker,reconciled,0.00000000,0.00000000,0.00,false,,
1790443713.855,hud,speed,,,,,"0.0 / 0.0",0.000
1790443713.856,hud,heading,,,,,"0° / 0°",0.000
1790443713.856,hud,drift,,,,,"0.00%",0.000
1790443713.856,hud,turns,,,,,"✗ turns: 0/15",
1790443713.856,hud,calib_s,,,,,"✗ Buffer (need 6s)",
1790443713.857,marker,reconciled,0.00000000,0.00000000,0.00,false,,
1790443713.898,hud,speed,,,,,"0.0 / 0.0",0.000
1790443713.899,hud,heading,,,,,"0° / 0°",0.000
1790443713.899,hud,drift,,,,,"0.00%",0.000
1790443713.899,hud,turns,,,,,"✗ turns: 0/15",
1790443713.900,hud,calib_s,,,,,"✗ Buffer (need 6s)",
1790443713.900,marker,reconciled,0.00000000,0.00000000,0.00,false,,
1790443713.955,hud,speed,,,,,"0.0 / 0.0",0.000
1790443713.956,hud,heading,,,,,"0° / 0°",0.000
1790443713.956,hud,drift,,,,,"0.00%",0.000
1790443713.957,hud,turns,,,,,"✗ turns: 0/15",
1790443713.957,hud,calib_s,,,,,"✗ Buffer (need 6s)",
1790443713.957,marker,reconciled,0.00000000,0.00000000,0.00,false,,
1790443714.004,hud,speed,,,,,"0.0 / 0.0",0.000
1790443714.005,hud,heading,,,,,"0° / 0°",0.000
1790443714.005,hud,drift,,,,,"0.00%",0.000
1790443714.006,hud,turns,,,,,"✗ turns: 0/15",
1790443714.006,hud,calib_s,,,,,"✗ Buffer (need 6s)",
1790443714.006,marker,reconciled,0.00000000,0.00000000,0.00,false,,
1790443714.060,hud,speed,,,,,"0.0 / 0.0",0.000
1790443714.060,hud,heading,,,,,"0° / 0°",0.000
1790443714.060,hud,drift,,,,,"0.00%",0.000
1790443714.061,hud,turns,,,,,"✗ turns: 0/15",
1790443714.061,hud,calib_s,,,,,"✓ Buffer 6s",
1790443714.061,marker,reconciled,0.00000000,0.00000000,0.00,false,,
1790443724.970,hud,speed,,,,,"0.0 / 0.0",0.000
1790443724.971,hud,heading,,,,,"0° / 0°",0.000
1790443724.971,hud,drift,,,,,"0.00%",0.000
1790443724.971,hud,turns,,,,,"✗ turns: 0/15",
1790443724.972,hud,calib_s,,,,,"✓ Buffer 6s",
1790443724.975,marker,gnss,52.40264500,-1.44874800,266.80,true,,
1790443724.976,marker,reconciled,0.00000000,0.00000000,0.00,false,,
1790443725.023,hud,speed,,,,,"0.0 / 0.0",0.000
1790443725.024,hud,heading,,,,,"0° / 0°",0.000
1790443725.024,hud,drift,,,,,"0.00%",0.000
1790443725.025,hud,turns,,,,,"✗ turns: 0/15",
1790443725.026,hud,calib_s,,,,,"✓ Buffer 6s",
1790443725.026,marker,gnss,52.40264500,-1.44874800,266.80,true,,
1790443725.027,marker,reconciled,0.00000000,0.00000000,0.00,false,,
1790443725.073,hud,speed,,,,,"0.0 / 0.0",0.000
1790443725.074,hud,heading,,,,,"0° / 0°",0.000
1790443725.074,hud,drift,,,,,"0.00%",0.000
1790443725.075,hud,turns,,,,,"✗ turns: 0/15",
1790443725.075,hud,calib_s,,,,,"✓ Buffer 6s",
1790443725.076,marker,gnss,52.40264500,-1.44874800,266.80,true,,
1790443725.077,marker,reconciled,0.00000000,0.00000000,0.00,false,,
1790443725.137,hud,speed,,,,,"0.0 / 0.0",0.000
1790443725.138,hud,heading,,,,,"0° / 0°",0.000
1790443725.138,hud,drift,,,,,"0.00%",0.000
1790443725.139,hud,turns,,,,,"✗ turns: 0/15",
1790443725.139,hud,calib_s,,,,,"✓ Buffer 6s",
1790443725.140,marker,gnss,52.40264500,-1.44874800,266.80,true,,
1790443725.140,marker,reconciled,0.00000000,0.00000000,0.00,false,,
1790443725.187,hud,speed,,,,,"0.0 / 0.0",0.000
1790443725.187,hud,heading,,,,,"0° / 0°",0.000
1790443725.188,hud,drift,,,,,"0.00%",0.000
1790443725.188,hud,turns,,,,,"✗ turns: 0/15",
1790443725.189,hud,calib_s,,,,,"✓ Buffer 6s",
1790443725.190,marker,gnss,52.40264500,-1.44874800,266.80,true,,
1790443725.190,marker,reconciled,0.00000000,0.00000000,0.00,false,,
1790443725.238,hud,speed,,,,,"0.0 / 0.0",0.000
1790443725.239,hud,heading,,,,,"0° / 0°",0.000
1790443725.240,hud,drift,,,,,"0.00%",0.000
1790443725.240,hud,turns,,,,,"✗ turns: 0/15",
1790443725.241,hud,calib_s,,,,,"✓ Buffer 6s",
1790443725.242,marker,gnss,52.40264500,-1.44874800,266.80,true,,
1790443725.242,marker,reconciled,0.00000000,0.00000000,0.00,false,,
1790443725.287,hud,speed,,,,,"0.0 / 0.0",0.000
1790443725.288,hud,heading,,,,,"0° / 0°",0.000
1790443725.288,hud,drift,,,,,"0.00%",0.000
1790443725.289,hud,turns,,,,,"✗ turns: 0/15",
1790443725.289,hud,calib_s,,,,,"✓ Buffer 6s",
1790443725.290,marker,gnss,52.40264500,-1.44874800,266.80,true,,
1790443725.290,marker,reconciled,0.00000000,0.00000000,0.00,false,,
1790443725.335,hud,speed,,,,,"0.0 / 0.0",0.000
1790443725.336,hud,heading,,,,,"0° / 0°",0.000
1790443725.336,hud,drift,,,,,"0.00%",0.000
1790443725.337,hud,turns,,,,,"✗ turns: 0/15",
1790443725.337,hud,calib_s,,,,,"✓ Buffer 6s",
1790443725.338,marker,gnss,52.40264500,-1.44874800,266.80,true,,
1790443725.338,marker,reconciled,0.00000000,0.00000000,0.00,false,,
1790443725.382,hud,speed,,,,,"0.0 / 0.0",0.000
1790443725.383,hud,heading,,,,,"0° / 0°",0.000
1790443725.383,hud,drift,,,,,"0.00%",0.000
1790443725.384,hud,turns,,,,,"✗ turns: 0/15",
1790443725.384,hud,calib_s,,,,,"✓ Buffer 6s",
1790443725.385,marker,gnss,52.40264500,-1.44874800,266.80,true,,
1790443725.386,marker,reconciled,0.00000000,0.00000000,0.00,false,,
1790443725.428,hud,speed,,,,,"0.0 / 0.0",0.000
1790443725.429,hud,heading,,,,,"0° / 0°",0.000
1790443725.430,hud,drift,,,,,"0.00%",0.000
1790443725.431,hud,turns,,,,,"✗ turns: 0/15",
1790443725.431,hud,calib_s,,,,,"✓ Buffer 6s",
1790443725.432,marker,gnss,52.40264500,-1.44874800,266.80,true,,
1790443725.432,marker,reconciled,0.00000000,0.00000000,0.00,false,,
1790443725.484,hud,speed,,,,,"0.0 / 0.0",0.000
1790443725.485,hud,heading,,,,,"0° / 0°",0.000
1790443725.485,hud,drift,,,,,"0.00%",0.000
1790443725.486,hud,turns,,,,,"✗ turns: 0/15",
1790443725.486,hud,calib_s,,,,,"✓ Buffer 6s",
1790443725.487,marker,gnss,52.40264500,-1.44874800,266.80,true,,
1790443725.488,marker,reconciled,0.00000000,0.00000000,0.00,false,,
1790443725.531,hud,speed,,,,,"0.0 / 0.0",0.000
1790443725.532,hud,heading,,,,,"0° / 0°",0.000
1790443725.532,hud,drift,,,,,"0.00%",0.000
1790443725.533,hud,turns,,,,,"✗ turns: 0/15",
1790443725.533,hud,calib_s,,,,,"✓ Buffer 6s",
1790443725.534,marker,gnss,52.40264500,-1.44874800,266.80,true,,
1790443725.535,marker,reconciled,0.00000000,0.00000000,0.00,false,,
1790443725.579,hud,speed,,,,,"0.0 / 0.0",0.000
1790443725.580,hud,heading,,,,,"0° / 0°",0.000
1790443725.581,hud,drift,,,,,"0.00%",0.000
1790443725.581,hud,turns,,,,,"✗ turns: 0/15",
1790443725.582,hud,calib_s,,,,,"✓ Buffer 6s",
1790443725.583,marker,gnss,52.40264500,-1.44874800,266.80,true,,
1790443725.583,marker,reconciled,0.00000000,0.00000000,0.00,false,,
1790443725.634,hud,speed,,,,,"0.0 / 0.0",0.000
1790443725.634,hud,heading,,,,,"0° / 0°",0.000
1790443725.635,hud,drift,,,,,"0.00%",0.000
1790443725.636,hud,turns,,,,,"✗ turns: 0/15",
1790443725.636,hud,calib_s,,,,,"✓ Buffer 6s",
1790443725.637,marker,gnss,52.40264500,-1.44874800,266.80,true,,
1790443725.637,marker,reconciled,0.00000000,0.00000000,0.00,false,,
1790443725.686,hud,speed,,,,,"0.0 / 0.0",0.000
1790443725.686,hud,heading,,,,,"0° / 0°",0.000
1790443725.687,hud,drift,,,,,"0.00%",0.000
1790443725.687,hud,turns,,,,,"✗ turns: 0/15",
1790443725.688,hud,calib_s,,,,,"✓ Buffer 6s",
1790443725.689,marker,gnss,52.40264500,-1.44874800,266.80,true,,
1790443725.689,marker,reconciled,0.00000000,0.00000000,0.00,false,,
1790443725.755,hud,speed,,,,,"0.0 / 0.0",0.000
1790443725.756,hud,heading,,,,,"0° / 0°",0.000
1790443725.756,hud,drift,,,,,"0.00%",0.000
1790443725.757,hud,turns,,,,,"✗ turns: 0/15",
1790443725.758,hud,calib_s,,,,,"✓ Buffer 6s",
1790443725.759,marker,gnss,52.40264500,-1.44874800,266.80,true,,
1790443725.759,marker,reconciled,0.00000000,0.00000000,0.00,false,,
1790443725.810,hud,speed,,,,,"0.0 / 0.0",0.000
1790443725.811,hud,heading,,,,,"0° / 0°",0.000
1790443725.812,hud,drift,,,,,"0.00%",0.000
1790443725.812,hud,turns,,,,,"✗ turns: 0/15",
1790443725.813,hud,calib_s,,,,,"✓ Buffer 6s",
1790443725.814,marker,gnss,52.40264500,-1.44874800,266.80,true,,
1790443725.815,marker,reconciled,0.00000000,0.00000000,0.00,false,,
1790443725.860,hud,speed,,,,,"0.0 / 0.0",0.000
1790443725.861,hud,heading,,,,,"0° / 0°",0.000
1790443725.861,hud,drift,,,,,"0.00%",0.000
1790443725.862,hud,turns,,,,,"✗ turns: 0/15",
1790443725.863,hud,calib_s,,,,,"✓ Buffer 6s",
1790443725.864,marker,gnss,52.40264500,-1.44874800,266.80,true,,
1790443725.864,marker,reconciled,0.00000000,0.00000000,0.00,false,,
1790443725.911,hud,speed,,,,,"0.0 / 0.0",0.000
1790443725.912,hud,heading,,,,,"0° / 0°",0.000
1790443725.913,hud,drift,,,,,"0.00%",0.000
1790443725.913,hud,turns,,,,,"✗ turns: 0/15",
1790443725.914,hud,calib_s,,,,,"✓ Buffer 6s",
1790443725.915,marker,gnss,52.40264500,-1.44874800,266.80,true,,
1790443725.915,marker,reconciled,0.00000000,0.00000000,0.00,false,,
1790443725.959,hud,speed,,,,,"0.0 / 0.0",0.000
1790443725.959,hud,heading,,,,,"0° / 0°",0.000
1790443725.960,hud,drift,,,,,"0.00%",0.000
1790443725.961,hud,turns,,,,,"✗ turns: 0/15",
1790443725.961,hud,calib_s,,,,,"✓ Buffer 6s",
1790443725.962,marker,gnss,52.40264500,-1.44874800,266.80,true,,
1790443725.962,marker,reconciled,0.00000000,0.00000000,0.00,false,,
1790443726.011,hud,speed,,,,,"0.0 / 0.0",0.000
1790443726.012,hud,heading,,,,,"0° / 0°",0.000
1790443726.013,hud,drift,,,,,"0.00%",0.000
1790443726.013,hud,turns,,,,,"✗ turns: 0/15",
1790443726.014,hud,calib_s,,,,,"✓ Buffer 6s",
1790443726.015,marker,gnss,52.40264500,-1.44874800,266.80,true,,
1790443726.016,marker,reconciled,0.00000000,0.00000000,0.00,false,,
1790443726.068,hud,speed,,,,,"0.0 / 0.0",0.000
1790443726.069,hud,heading,,,,,"0° / 0°",0.000
1790443726.070,hud,drift,,,,,"0.00%",0.000
1790443726.071,hud,turns,,,,,"✗ turns: 0/15",
1790443726.072,hud,calib_s,,,,,"✓ Buffer 6s",
1790443726.073,marker,gnss,52.40264500,-1.44874800,266.80,true,,
1790443726.074,marker,reconciled,0.00000000,0.00000000,0.00,false,,
1790443726.119,hud,speed,,,,,"0.0 / 0.0",0.000
1790443726.120,hud,heading,,,,,"0° / 0°",0.000
1790443726.121,hud,drift,,,,,"0.00%",0.000
1790443726.122,hud,turns,,,,,"✗ turns: 0/15",
1790443726.123,hud,calib_s,,,,,"✓ Buffer 6s",
1790443726.123,marker,gnss,52.40264500,-1.44874800,266.80,true,,
1790443726.124,marker,reconciled,0.00000000,0.00000000,0.00,false,,
1790443726.155,hud,speed,,,,,"0.0 / 0.0",0.000
1790443726.156,hud,heading,,,,,"0° / 0°",0.000
1790443726.156,hud,drift,,,,,"0.00%",0.000
1790443726.157,hud,turns,,,,,"✗ turns: 0/15",
1790443726.157,hud,calib_s,,,,,"✓ Buffer 6s",
1790443726.158,marker,gnss,52.40264500,-1.44874800,266.80,true,,
1790443726.158,marker,reconciled,0.00000000,0.00000000,0.00,false,,
1790443726.196,hud,speed,,,,,"0.0 / 0.0",0.000
1790443726.197,hud,heading,,,,,"0° / 0°",0.000
1790443726.198,hud,drift,,,,,"0.00%",0.000
1790443726.199,hud,turns,,,,,"✗ turns: 0/15",
1790443726.199,hud,calib_s,,,,,"✓ Buffer 6s",
1790443726.200,marker,gnss,52.40264500,-1.44874800,266.80,true,,
1790443726.200,marker,reconciled,0.00000000,0.00000000,0.00,false,,
1790443726.251,hud,speed,,,,,"0.0 / 0.0",0.000
1790443726.251,hud,heading,,,,,"0° / 0°",0.000
1790443726.252,hud,drift,,,,,"0.00%",0.000
1790443726.252,hud,turns,,,,,"✗ turns: 0/15",
1790443726.252,hud,calib_s,,,,,"✓ Buffer 6s",
1790443726.253,marker,gnss,52.40264500,-1.44874800,266.80,true,,
1790443726.253,marker,reconciled,0.00000000,0.00000000,0.00,false,,
1790443726.300,hud,speed,,,,,"0.0 / 0.0",0.000
1790443726.301,hud,heading,,,,,"0° / 0°",0.000
1790443726.302,hud,drift,,,,,"0.00%",0.000
1790443726.302,hud,turns,,,,,"✗ turns: 0/15",
1790443726.303,hud,calib_s,,,,,"✓ Buffer 6s",
1790443726.304,marker,gnss,52.40264500,-1.44874800,266.80,true,,
1790443726.304,marker,reconciled,0.00000000,0.00000000,0.00,false,,
1790443726.345,hud,speed,,,,,"0.0 / 0.0",0.000
1790443726.346,hud,heading,,,,,"0° / 0°",0.000
1790443726.346,hud,drift,,,,,"0.00%",0.000
1790443726.347,hud,turns,,,,,"✗ turns: 0/15",
1790443726.347,hud,calib_s,,,,,"✓ Buffer 6s",
1790443726.348,marker,gnss,52.40264500,-1.44874800,266.80,true,,
1790443726.348,marker,reconciled,0.00000000,0.00000000,0.00,false,,
1790443726.398,hud,speed,,,,,"0.0 / 0.0",0.000
1790443726.399,hud,heading,,,,,"0° / 0°",0.000
1790443726.399,hud,drift,,,,,"0.00%",0.000
1790443726.400,hud,turns,,,,,"✗ turns: 0/15",
1790443726.400,hud,calib_s,,,,,"✓ Buffer 6s",
1790443726.401,marker,gnss,52.40264500,-1.44874800,266.80,true,,
1790443726.401,marker,reconciled,0.00000000,0.00000000,0.00,false,,
1790443726.451,hud,speed,,,,,"0.0 / 0.0",0.000
1790443726.451,hud,heading,,,,,"0° / 0°",0.000
1790443726.452,hud,drift,,,,,"0.00%",0.000
1790443726.452,hud,turns,,,,,"✗ turns: 0/15",
1790443726.453,hud,calib_s,,,,,"✓ Buffer 6s",
1790443726.453,marker,gnss,52.40264500,-1.44874800,266.80,true,,
1790443726.454,marker,reconciled,0.00000000,0.00000000,0.00,false,,
1790443726.505,hud,speed,,,,,"0.0 / 0.0",0.000
1790443726.505,hud,heading,,,,,"0° / 0°",0.000
1790443726.505,hud,drift,,,,,"0.00%",0.000
1790443726.506,hud,turns,,,,,"✗ turns: 0/15",
1790443726.506,hud,calib_s,,,,,"✓ Buffer 6s",
1790443726.507,marker,gnss,52.40264500,-1.44874800,266.80,true,,
1790443726.508,marker,reconciled,0.00000000,0.00000000,0.00,false,,
1790443726.553,hud,speed,,,,,"0.0 / 0.0",0.000
1790443726.554,hud,heading,,,,,"0° / 0°",0.000
1790443726.554,hud,drift,,,,,"0.00%",0.000
1790443726.554,hud,turns,,,,,"✗ turns: 0/15",
1790443726.555,hud,calib_s,,,,,"✓ Buffer 6s",
1790443726.555,marker,gnss,52.40264500,-1.44874800,266.80,true,,
1790443726.556,marker,reconciled,0.00000000,0.00000000,0.00,false,,
1790443726.606,hud,speed,,,,,"0.0 / 0.0",0.000
1790443726.606,hud,heading,,,,,"0° / 0°",0.000
1790443726.607,hud,drift,,,,,"0.00%",0.000
1790443726.607,hud,turns,,,,,"✗ turns: 0/15",
1790443726.607,hud,calib_s,,,,,"✓ Buffer 6s",
1790443726.607,marker,gnss,52.40264500,-1.44874800,266.80,true,,
1790443726.608,marker,reconciled,0.00000000,0.00000000,0.00,false,,
1790443726.653,hud,speed,,,,,"0.0 / 0.0",0.000
1790443726.654,hud,heading,,,,,"0° / 0°",0.000
1790443726.654,hud,drift,,,,,"0.00%",0.000
1790443726.655,hud,turns,,,,,"✗ turns: 0/15",
1790443726.655,hud,calib_s,,,,,"✓ Buffer 6s",
1790443726.655,marker,gnss,52.40264500,-1.44874800,266.80,true,,
1790443726.656,marker,reconciled,0.00000000,0.00000000,0.00,false,,
1790443726.707,hud,speed,,,,,"0.0 / 0.0",0.000
1790443726.707,hud,heading,,,,,"0° / 0°",0.000
1790443726.708,hud,drift,,,,,"0.00%",0.000
1790443726.708,hud,turns,,,,,"✗ turns: 0/15",
1790443726.708,hud,calib_s,,,,,"✓ Buffer 6s",
1790443726.709,marker,gnss,52.40264500,-1.44874800,266.80,true,,
1790443726.709,marker,reconciled,0.00000000,0.00000000,0.00,false,,
1790443726.762,hud,speed,,,,,"0.0 / 0.0",0.000
1790443726.763,hud,heading,,,,,"0° / 0°",0.000
1790443726.763,hud,drift,,,,,"0.00%",0.000
1790443726.763,hud,turns,,,,,"✗ turns: 0/15",
1790443726.763,hud,calib_s,,,,,"✓ Buffer 6s",
1790443726.764,marker,gnss,52.40264500,-1.44874800,266.80,true,,
1790443726.764,marker,reconciled,0.00000000,0.00000000,0.00,false,,
1790443726.812,hud,speed,,,,,"0.0 / 0.0",0.000
1790443726.812,hud,heading,,,,,"0° / 0°",0.000
1790443726.813,hud,drift,,,,,"0.00%",0.000
1790443726.813,hud,turns,,,,,"✗ turns: 0/15",
1790443726.813,hud,calib_s,,,,,"✓ Buffer 6s",
1790443726.814,marker,gnss,52.40264500,-1.44874800,266.80,true,,
1790443726.814,marker,reconciled,0.00000000,0.00000000,0.00,false,,
1790443726.865,hud,speed,,,,,"0.0 / 0.0",0.000
1790443726.866,hud,heading,,,,,"0° / 0°",0.000
1790443726.867,hud,drift,,,,,"0.00%",0.000
1790443726.867,hud,turns,,,,,"✗ turns: 0/15",
1790443726.867,hud,calib_s,,,,,"✓ Buffer 6s",
1790443726.868,marker,gnss,52.40264500,-1.44874800,266.80,true,,
1790443726.868,marker,reconciled,0.00000000,0.00000000,0.00,false,,
1790443726.915,hud,speed,,,,,"0.0 / 0.0",0.000
1790443726.916,hud,heading,,,,,"0° / 0°",0.000
1790443726.916,hud,drift,,,,,"0.00%",0.000
1790443726.917,hud,turns,,,,,"✗ turns: 0/15",
1790443726.917,hud,calib_s,,,,,"✓ Buffer 6s",
1790443726.917,marker,gnss,52.40264500,-1.44874800,266.80,true,,
1790443726.918,marker,reconciled,0.00000000,0.00000000,0.00,false,,
1790443726.968,hud,speed,,,,,"0.0 / 0.0",0.000
1790443726.968,hud,heading,,,,,"0° / 0°",0.000
1790443726.969,hud,drift,,,,,"0.00%",0.000
1790443726.969,hud,turns,,,,,"✗ turns: 0/15",
1790443726.969,hud,calib_s,,,,,"✓ Buffer 6s",
1790443726.970,marker,gnss,52.40264500,-1.44874800,266.80,true,,
1790443726.971,marker,reconciled,0.00000000,0.00000000,0.00,false,,
1790443727.020,hud,speed,,,,,"0.0 / 0.0",0.000
1790443727.021,hud,heading,,,,,"0° / 0°",0.000
1790443727.021,hud,drift,,,,,"0.00%",0.000
1790443727.022,hud,turns,,,,,"✗ turns: 0/15",
1790443727.022,hud,calib_s,,,,,"✓ Buffer 6s",
1790443727.023,marker,gnss,52.40264500,-1.44874800,266.80,true,,
1790443727.023,marker,reconciled,0.00000000,0.00000000,0.00,false,,
1790443727.073,hud,speed,,,,,"0.0 / 0.0",0.000
1790443727.073,hud,heading,,,,,"0° / 0°",0.000
1790443727.074,hud,drift,,,,,"0.00%",0.000
1790443727.074,hud,turns,,,,,"✗ turns: 0/15",
1790443727.075,hud,calib_s,,,,,"✓ Buffer 6s",
1790443727.075,marker,gnss,52.40264500,-1.44874800,266.80,true,,
1790443727.076,marker,reconciled,0.00000000,0.00000000,0.00,false,,
1790443727.123,hud,speed,,,,,"0.0 / 0.0",0.000
1790443727.124,hud,heading,,,,,"0° / 0°",0.000
1790443727.124,hud,drift,,,,,"0.00%",0.000
1790443727.125,hud,turns,,,,,"✗ turns: 0/15",
1790443727.125,hud,calib_s,,,,,"✓ Buffer 6s",
1790443727.125,marker,gnss,52.40264500,-1.44874800,266.80,true,,
1790443727.126,marker,reconciled,0.00000000,0.00000000,0.00,false,,
1790443727.176,hud,speed,,,,,"0.0 / 0.0",0.000
1790443727.177,hud,heading,,,,,"0° / 0°",0.000
1790443727.177,hud,drift,,,,,"0.00%",0.000
1790443727.178,hud,turns,,,,,"✗ turns: 0/15",
1790443727.178,hud,calib_s,,,,,"✓ Buffer 6s",
1790443727.179,marker,gnss,52.40264500,-1.44874800,266.80,true,,
1790443727.180,marker,reconciled,0.00000000,0.00000000,0.00,false,,
1790443727.229,hud,speed,,,,,"0.0 / 0.0",0.000
1790443727.229,hud,heading,,,,,"0° / 0°",0.000
1790443727.230,hud,drift,,,,,"0.00%",0.000
1790443727.230,hud,turns,,,,,"✗ turns: 0/15",
1790443727.231,hud,calib_s,,,,,"✓ Buffer 6s",
1790443727.231,marker,gnss,52.40264500,-1.44874800,266.80,true,,
1790443727.232,marker,reconciled,0.00000000,0.00000000,0.00,false,,
1790443727.280,hud,speed,,,,,"0.0 / 0.0",0.000
1790443727.281,hud,heading,,,,,"0° / 0°",0.000
1790443727.281,hud,drift,,,,,"0.00%",0.000
1790443727.281,hud,turns,,,,,"✗ turns: 0/15",
1790443727.281,hud,calib_s,,,,,"✓ Buffer 6s",
1790443727.282,marker,gnss,52.40264500,-1.44874800,266.80,true,,
1790443727.283,marker,reconciled,0.00000000,0.00000000,0.00,false,,
1790443727.330,hud,speed,,,,,"0.0 / 0.0",0.000
1790443727.330,hud,heading,,,,,"0° / 0°",0.000
1790443727.331,hud,drift,,,,,"0.00%",0.000
1790443727.331,hud,turns,,,,,"✗ turns: 0/15",
1790443727.331,hud,calib_s,,,,,"✓ Buffer 6s",
1790443727.332,marker,gnss,52.40264500,-1.44874800,266.80,true,,
1790443727.332,marker,reconciled,0.00000000,0.00000000,0.00,false,,
1790443727.384,hud,speed,,,,,"0.0 / 0.0",0.000
1790443727.384,hud,heading,,,,,"0° / 0°",0.000
1790443727.385,hud,drift,,,,,"0.00%",0.000
1790443727.385,hud,turns,,,,,"✗ turns: 0/15",
1790443727.385,hud,calib_s,,,,,"✓ Buffer 6s",
1790443727.386,marker,gnss,52.40264500,-1.44874800,266.80,true,,
1790443727.386,marker,reconciled,0.00000000,0.00000000,0.00,false,,
1790443727.435,hud,speed,,,,,"0.0 / 0.0",0.000
1790443727.436,hud,heading,,,,,"0° / 0°",0.000
1790443727.436,hud,drift,,,,,"0.00%",0.000
1790443727.436,hud,turns,,,,,"✗ turns: 0/15",
1790443727.436,hud,calib_s,,,,,"✓ Buffer 6s",
1790443727.437,marker,gnss,52.40264500,-1.44874800,266.80,true,,
1790443727.437,marker,reconciled,0.00000000,0.00000000,0.00,false,,
1790443727.486,hud,speed,,,,,"0.0 / 0.0",0.000
1790443727.487,hud,heading,,,,,"0° / 0°",0.000
1790443727.487,hud,drift,,,,,"0.00%",0.000
1790443727.488,hud,turns,,,,,"✗ turns: 0/15",
1790443727.488,hud,calib_s,,,,,"✓ Buffer 6s",
1790443727.489,marker,gnss,52.40264500,-1.44874800,266.80,true,,
1790443727.489,marker,reconciled,0.00000000,0.00000000,0.00,false,,
1790443727.542,hud,speed,,,,,"0.0 / 0.0",0.000
1790443727.543,hud,heading,,,,,"0° / 0°",0.000
1790443727.543,hud,drift,,,,,"0.00%",0.000
1790443727.543,hud,turns,,,,,"✗ turns: 0/15",
1790443727.544,hud,calib_s,,,,,"✓ Buffer 6s",
1790443727.544,marker,gnss,52.40264500,-1.44874800,266.80,true,,
1790443727.545,marker,reconciled,0.00000000,0.00000000,0.00,false,,
1790443727.589,hud,speed,,,,,"0.0 / 0.0",0.000
1790443727.590,hud,heading,,,,,"0° / 0°",0.000
1790443727.590,hud,drift,,,,,"0.00%",0.000
1790443727.591,hud,turns,,,,,"✗ turns: 0/15",
1790443727.591,hud,calib_s,,,,,"✓ Buffer 6s",
1790443727.591,marker,gnss,52.40264500,-1.44874800,266.80,true,,
1790443727.592,marker,reconciled,0.00000000,0.00000000,0.00,false,,
1790443727.637,hud,speed,,,,,"0.0 / 0.0",0.000
1790443727.638,hud,heading,,,,,"0° / 0°",0.000
1790443727.638,hud,drift,,,,,"0.00%",0.000
1790443727.639,hud,turns,,,,,"✗ turns: 0/15",
1790443727.639,hud,calib_s,,,,,"✓ Buffer 6s",
1790443727.639,marker,gnss,52.40264500,-1.44874800,266.80,true,,
1790443727.640,marker,reconciled,0.00000000,0.00000000,0.00,false,,
1790443727.696,hud,speed,,,,,"0.0 / 0.0",0.000
1790443727.697,hud,heading,,,,,"0° / 0°",0.000
1790443727.697,hud,drift,,,,,"0.00%",0.000
1790443727.697,hud,turns,,,,,"✗ turns: 0/15",
1790443727.697,hud,calib_s,,,,,"✓ Buffer 6s",
1790443727.698,marker,gnss,52.40264500,-1.44874800,266.80,true,,
1790443727.699,marker,reconciled,0.00000000,0.00000000,0.00,false,,
1790443727.747,hud,speed,,,,,"0.0 / 0.0",0.000
1790443727.747,hud,heading,,,,,"0° / 0°",0.000
1790443727.748,hud,drift,,,,,"0.00%",0.000
1790443727.748,hud,turns,,,,,"✗ turns: 0/15",
1790443727.748,hud,calib_s,,,,,"✓ Buffer 6s",
1790443727.749,marker,gnss,52.40264500,-1.44874800,266.80,true,,
1790443727.749,marker,reconciled,0.00000000,0.00000000,0.00,false,,
1790443727.801,hud,speed,,,,,"0.0 / 0.0",0.000
1790443727.801,hud,heading,,,,,"0° / 0°",0.000
1790443727.802,hud,drift,,,,,"0.00%",0.000
1790443727.802,hud,turns,,,,,"✗ turns: 0/15",
1790443727.803,hud,calib_s,,,,,"✓ Buffer 6s",
1790443727.803,marker,gnss,52.40264500,-1.44874800,266.80,true,,
1790443727.804,marker,reconciled,0.00000000,0.00000000,0.00,false,,
1790443727.848,hud,speed,,,,,"0.0 / 0.0",0.000
1790443727.849,hud,heading,,,,,"0° / 0°",0.000
1790443727.849,hud,drift,,,,,"0.00%",0.000
1790443727.849,hud,turns,,,,,"✗ turns: 0/15",
1790443727.850,hud,calib_s,,,,,"✓ Buffer 6s",
1790443727.850,marker,gnss,52.40264500,-1.44874800,266.80,true,,
1790443727.851,marker,reconciled,0.00000000,0.00000000,0.00,false,,
1790443727.900,hud,speed,,,,,"0.0 / 0.0",0.000
1790443727.901,hud,heading,,,,,"0° / 0°",0.000
1790443727.901,hud,drift,,,,,"0.00%",0.000
1790443727.902,hud,turns,,,,,"✗ turns: 0/15",
1790443727.902,hud,calib_s,,,,,"✓ Buffer 6s",
1790443727.903,marker,gnss,52.40264500,-1.44874800,266.80,true,,
1790443727.904,marker,reconciled,0.00000000,0.00000000,0.00,false,,
1790443727.950,hud,speed,,,,,"0.0 / 0.0",0.000
1790443727.950,hud,heading,,,,,"0° / 0°",0.000
1790443727.951,hud,drift,,,,,"0.00%",0.000
1790443727.951,hud,turns,,,,,"✗ turns: 0/15",
1790443727.951,hud,calib_s,,,,,"✓ Buffer 6s",
1790443727.952,marker,gnss,52.40264500,-1.44874800,266.80,true,,
1790443727.952,marker,reconciled,0.00000000,0.00000000,0.00,false,,
1790443727.996,hud,speed,,,,,"0.0 / 0.0",0.000
1790443727.997,hud,heading,,,,,"0° / 0°",0.000
1790443727.997,hud,drift,,,,,"0.00%",0.000
1790443727.997,hud,turns,,,,,"✗ turns: 0/15",
1790443727.998,hud,calib_s,,,,,"✓ Buffer 6s",
1790443727.998,marker,gnss,52.40264500,-1.44874800,266.80,true,,
1790443727.999,marker,reconciled,0.00000000,0.00000000,0.00,false,,
1790443728.055,hud,speed,,,,,"0.0 / 0.0",0.000
1790443728.055,hud,heading,,,,,"0° / 0°",0.000
1790443728.056,hud,drift,,,,,"0.00%",0.000
1790443728.056,hud,turns,,,,,"✗ turns: 0/15",
1790443728.056,hud,calib_s,,,,,"✓ Buffer 6s",
1790443728.057,marker,gnss,52.40264500,-1.44874800,266.80,true,,
1790443728.057,marker,reconciled,0.00000000,0.00000000,0.00,false,,
1790443728.107,hud,speed,,,,,"0.0 / 0.0",0.000
1790443728.108,hud,heading,,,,,"0° / 0°",0.000
1790443728.108,hud,drift,,,,,"0.00%",0.000
1790443728.109,hud,turns,,,,,"✗ turns: 0/15",
1790443728.109,hud,calib_s,,,,,"✓ Buffer 6s",
1790443728.109,marker,gnss,52.40264500,-1.44874800,266.80,true,,
1790443728.110,marker,reconciled,0.00000000,0.00000000,0.00,false,,
1790443728.159,hud,speed,,,,,"0.0 / 0.0",0.000
1790443728.160,hud,heading,,,,,"0° / 0°",0.000
1790443728.160,hud,drift,,,,,"0.00%",0.000
1790443728.160,hud,turns,,,,,"✗ turns: 0/15",
1790443728.160,hud,calib_s,,,,,"✓ Buffer 6s",
1790443728.161,marker,gnss,52.40264500,-1.44874800,266.80,true,,
1790443728.161,marker,reconciled,0.00000000,0.00000000,0.00,false,,
1790443728.210,hud,speed,,,,,"0.0 / 0.0",0.000
1790443728.211,hud,heading,,,,,"0° / 0°",0.000
1790443728.211,hud,drift,,,,,"0.00%",0.000
1790443728.211,hud,turns,,,,,"✗ turns: 0/15",
1790443728.212,hud,calib_s,,,,,"✓ Buffer 6s",
1790443728.212,marker,gnss,52.40264500,-1.44874800,266.80,true,,
1790443728.213,marker,reconciled,0.00000000,0.00000000,0.00,false,,
1790443728.264,hud,speed,,,,,"0.0 / 0.0",0.000
1790443728.265,hud,heading,,,,,"0° / 0°",0.000
1790443728.265,hud,drift,,,,,"0.00%",0.000
1790443728.266,hud,turns,,,,,"✗ turns: 0/15",
1790443728.266,hud,calib_s,,,,,"✓ Buffer 6s",
1790443728.267,marker,gnss,52.40264500,-1.44874800,266.80,true,,
1790443728.267,marker,reconciled,0.00000000,0.00000000,0.00,false,,
1790443728.319,hud,speed,,,,,"0.0 / 0.0",0.000
1790443728.319,hud,heading,,,,,"0° / 0°",0.000
1790443728.320,hud,drift,,,,,"0.00%",0.000
1790443728.320,hud,turns,,,,,"✗ turns: 0/15",
1790443728.320,hud,calib_s,,,,,"✓ Buffer 6s",
1790443728.321,marker,gnss,52.40264500,-1.44874800,266.80,true,,
1790443728.321,marker,reconciled,0.00000000,0.00000000,0.00,false,,
1790443728.361,hud,speed,,,,,"0.0 / 0.0",0.000
1790443728.362,hud,heading,,,,,"0° / 0°",0.000
1790443728.362,hud,drift,,,,,"0.00%",0.000
1790443728.363,hud,turns,,,,,"✗ turns: 0/15",
1790443728.363,hud,calib_s,,,,,"✓ Buffer 6s",
1790443728.363,marker,gnss,52.40264500,-1.44874800,266.80,true,,
1790443728.364,marker,reconciled,0.00000000,0.00000000,0.00,false,,
1790443728.414,hud,speed,,,,,"0.0 / 0.0",0.000
1790443728.415,hud,heading,,,,,"0° / 0°",0.000
1790443728.415,hud,drift,,,,,"0.00%",0.000
1790443728.415,hud,turns,,,,,"✗ turns: 0/15",
1790443728.416,hud,calib_s,,,,,"✓ Buffer 6s",
1790443728.416,marker,gnss,52.40264500,-1.44874800,266.80,true,,
1790443728.417,marker,reconciled,0.00000000,0.00000000,0.00,false,,
1790443728.474,hud,speed,,,,,"0.0 / 0.0",0.000
1790443728.475,hud,heading,,,,,"0° / 0°",0.000
1790443728.475,hud,drift,,,,,"0.00%",0.000
1790443728.476,hud,turns,,,,,"✗ turns: 0/15",
1790443728.476,hud,calib_s,,,,,"✓ Buffer 6s",
1790443728.477,marker,gnss,52.40264500,-1.44874800,266.80,true,,
1790443728.477,marker,reconciled,0.00000000,0.00000000,0.00,false,,
1790443728.524,hud,speed,,,,,"0.0 / 0.0",0.000
1790443728.525,hud,heading,,,,,"0° / 0°",0.000
1790443728.525,hud,drift,,,,,"0.00%",0.000
1790443728.525,hud,turns,,,,,"✗ turns: 0/15",
1790443728.526,hud,calib_s,,,,,"✓ Buffer 6s",
1790443728.527,marker,gnss,52.40264500,-1.44874800,266.80,true,,
1790443728.527,marker,reconciled,0.00000000,0.00000000,0.00,false,,
1790443728.579,hud,speed,,,,,"0.0 / 0.0",0.000
1790443728.579,hud,heading,,,,,"0° / 0°",0.000
1790443728.580,hud,drift,,,,,"0.00%",0.000
1790443728.580,hud,turns,,,,,"✗ turns: 0/15",
1790443728.580,hud,calib_s,,,,,"✓ Buffer 6s",
1790443728.581,marker,gnss,52.40264500,-1.44874800,266.80,true,,
1790443728.581,marker,reconciled,0.00000000,0.00000000,0.00,false,,
1790443728.629,hud,speed,,,,,"0.0 / 0.0",0.000
1790443728.630,hud,heading,,,,,"0° / 0°",0.000
1790443728.630,hud,drift,,,,,"0.00%",0.000
1790443728.631,hud,turns,,,,,"✗ turns: 0/15",
1790443728.631,hud,calib_s,,,,,"✓ Buffer 6s",
1790443728.631,marker,gnss,52.40264500,-1.44874800,266.80,true,,
1790443728.632,marker,reconciled,0.00000000,0.00000000,0.00,false,,
1790443728.682,hud,speed,,,,,"0.0 / 0.0",0.000
1790443728.683,hud,heading,,,,,"0° / 0°",0.000
1790443728.683,hud,drift,,,,,"0.00%",0.000
1790443728.683,hud,turns,,,,,"✗ turns: 0/15",
1790443728.684,hud,calib_s,,,,,"✓ Buffer 6s",
1790443728.684,marker,gnss,52.40264500,-1.44874800,266.80,true,,
1790443728.685,marker,reconciled,0.00000000,0.00000000,0.00,false,,
1790443728.733,hud,speed,,,,,"0.0 / 0.0",0.000
1790443728.733,hud,heading,,,,,"0° / 0°",0.000
1790443728.734,hud,drift,,,,,"0.00%",0.000
1790443728.734,hud,turns,,,,,"✗ turns: 0/15",
1790443728.734,hud,calib_s,,,,,"✓ Buffer 6s",
1790443728.735,marker,gnss,52.40264500,-1.44874800,266.80,true,,
1790443728.735,marker,reconciled,0.00000000,0.00000000,0.00,false,,
1790443728.786,hud,speed,,,,,"0.0 / 0.0",0.000
1790443728.786,hud,heading,,,,,"0° / 0°",0.000
1790443728.787,hud,drift,,,,,"0.00%",0.000
1790443728.787,hud,turns,,,,,"✗ turns: 0/15",
1790443728.787,hud,calib_s,,,,,"✓ Buffer 6s",
1790443728.788,marker,gnss,52.40264500,-1.44874800,266.80,true,,
1790443728.788,marker,reconciled,0.00000000,0.00000000,0.00,false,,
1790443728.843,hud,speed,,,,,"0.0 / 0.0",0.000
1790443728.843,hud,heading,,,,,"0° / 0°",0.000
1790443728.844,hud,drift,,,,,"0.00%",0.000
1790443728.844,hud,turns,,,,,"✗ turns: 0/15",
1790443728.844,hud,calib_s,,,,,"✓ Buffer 6s",
1790443728.845,marker,gnss,52.40264500,-1.44874800,266.80,true,,
1790443728.845,marker,reconciled,0.00000000,0.00000000,0.00,false,,
1790443728.888,hud,speed,,,,,"0.0 / 0.0",0.000
1790443728.889,hud,heading,,,,,"0° / 0°",0.000
1790443728.889,hud,drift,,,,,"0.00%",0.000
1790443728.889,hud,turns,,,,,"✗ turns: 0/15",
1790443728.890,hud,calib_s,,,,,"✓ Buffer 6s",
1790443728.890,marker,gnss,52.40264500,-1.44874800,266.80,true,,
1790443728.891,marker,reconciled,0.00000000,0.00000000,0.00,false,,
1790443728.941,hud,speed,,,,,"0.0 / 0.0",0.000
1790443728.942,hud,heading,,,,,"0° / 0°",0.000
1790443728.943,hud,drift,,,,,"0.00%",0.000
1790443728.943,hud,turns,,,,,"✗ turns: 0/15",
1790443728.943,hud,calib_s,,,,,"✓ Buffer 6s",
1790443728.944,marker,gnss,52.40264500,-1.44874800,266.80,true,,
1790443728.944,marker,reconciled,0.00000000,0.00000000,0.00,false,,
1790443728.996,hud,speed,,,,,"0.0 / 0.0",0.000
1790443728.996,hud,heading,,,,,"0° / 0°",0.000
1790443728.997,hud,drift,,,,,"0.00%",0.000
1790443728.997,hud,turns,,,,,"✗ turns: 0/15",
1790443728.997,hud,calib_s,,,,,"✓ Buffer 6s",
1790443728.998,marker,gnss,52.40264500,-1.44874800,266.80,true,,
1790443728.998,marker,reconciled,0.00000000,0.00000000,0.00,false,,
1790443729.045,hud,speed,,,,,"0.0 / 0.0",0.000
1790443729.046,hud,heading,,,,,"0° / 0°",0.000
1790443729.046,hud,drift,,,,,"0.00%",0.000
1790443729.047,hud,turns,,,,,"✗ turns: 0/15",
1790443729.047,hud,calib_s,,,,,"✓ Buffer 6s",
1790443729.048,marker,gnss,52.40264500,-1.44874800,266.80,true,,
1790443729.048,marker,reconciled,0.00000000,0.00000000,0.00,false,,
1790443729.099,hud,speed,,,,,"0.0 / 0.0",0.000
1790443729.100,hud,heading,,,,,"0° / 0°",0.000
1790443729.100,hud,drift,,,,,"0.00%",0.000
1790443729.100,hud,turns,,,,,"✗ turns: 0/15",
1790443729.101,hud,calib_s,,,,,"✓ Buffer 6s",
1790443729.101,marker,gnss,52.40264500,-1.44874800,266.80,true,,
1790443729.102,marker,reconciled,0.00000000,0.00000000,0.00,false,,
1790443729.148,hud,speed,,,,,"0.0 / 0.0",0.000
1790443729.149,hud,heading,,,,,"0° / 0°",0.000
1790443729.149,hud,drift,,,,,"0.00%",0.000
1790443729.149,hud,turns,,,,,"✗ turns: 0/15",
1790443729.150,hud,calib_s,,,,,"✓ Buffer 6s",
1790443729.150,marker,gnss,52.40264500,-1.44874800,266.80,true,,
1790443729.151,marker,reconciled,0.00000000,0.00000000,0.00,false,,
1790443729.202,hud,speed,,,,,"0.0 / 0.0",0.000
1790443729.203,hud,heading,,,,,"0° / 0°",0.000
1790443729.203,hud,drift,,,,,"0.00%",0.000
1790443729.203,hud,turns,,,,,"✗ turns: 0/15",
1790443729.204,hud,calib_s,,,,,"✓ Buffer 6s",
1790443729.204,marker,gnss,52.40264500,-1.44874800,266.80,true,,
1790443729.205,marker,reconciled,0.00000000,0.00000000,0.00,false,,
1790443729.251,hud,speed,,,,,"0.0 / 0.0",0.000
1790443729.252,hud,heading,,,,,"0° / 0°",0.000
1790443729.252,hud,drift,,,,,"0.00%",0.000
1790443729.253,hud,turns,,,,,"✗ turns: 0/15",
1790443729.253,hud,calib_s,,,,,"✓ Buffer 6s",
1790443729.253,marker,gnss,52.40264500,-1.44874800,266.80,true,,
1790443729.254,marker,reconciled,0.00000000,0.00000000,0.00,false,,
1790443729.299,hud,speed,,,,,"0.0 / 0.0",0.000
1790443729.300,hud,heading,,,,,"0° / 0°",0.000
1790443729.301,hud,drift,,,,,"0.00%",0.000
1790443729.301,hud,turns,,,,,"✗ turns: 0/15",
1790443729.301,hud,calib_s,,,,,"✓ Buffer 6s",
1790443729.302,marker,gnss,52.40264500,-1.44874800,266.80,true,,
1790443729.302,marker,reconciled,0.00000000,0.00000000,0.00,false,,
1790443729.363,hud,speed,,,,,"0.0 / 0.0",0.000
1790443729.364,hud,heading,,,,,"0° / 0°",0.000
1790443729.364,hud,drift,,,,,"0.00%",0.000
1790443729.364,hud,turns,,,,,"✗ turns: 0/15",
1790443729.365,hud,calib_s,,,,,"✓ Buffer 6s",
1790443729.365,marker,gnss,52.40264500,-1.44874800,266.80,true,,
1790443729.366,marker,reconciled,0.00000000,0.00000000,0.00,false,,
1790443729.401,hud,speed,,,,,"0.0 / 0.0",0.000
1790443729.401,hud,heading,,,,,"0° / 0°",0.000
1790443729.402,hud,drift,,,,,"0.00%",0.000
1790443729.402,hud,turns,,,,,"✗ turns: 0/15",
1790443729.402,hud,calib_s,,,,,"✓ Buffer 6s",
1790443729.403,marker,gnss,52.40264500,-1.44874800,266.80,true,,
1790443729.403,marker,reconciled,0.00000000,0.00000000,0.00,false,,
1790443729.458,hud,speed,,,,,"0.0 / 0.0",0.000
1790443729.459,hud,heading,,,,,"0° / 0°",0.000
1790443729.459,hud,drift,,,,,"0.00%",0.000
1790443729.460,hud,turns,,,,,"✗ turns: 0/15",
1790443729.460,hud,calib_s,,,,,"✓ Buffer 6s",
1790443729.460,marker,gnss,52.40264500,-1.44874800,266.80,true,,
1790443729.461,marker,reconciled,0.00000000,0.00000000,0.00,false,,
1790443729.512,hud,speed,,,,,"0.0 / 0.0",0.000
1790443729.512,hud,heading,,,,,"0° / 0°",0.000
1790443729.513,hud,drift,,,,,"0.00%",0.000
1790443729.513,hud,turns,,,,,"✗ turns: 0/15",
1790443729.513,hud,calib_s,,,,,"✓ Buffer 6s",
1790443729.514,marker,gnss,52.40264500,-1.44874800,266.80,true,,
1790443729.514,marker,reconciled,0.00000000,0.00000000,0.00,false,,
1790443729.559,hud,speed,,,,,"0.0 / 0.0",0.000
1790443729.560,hud,heading,,,,,"0° / 0°",0.000
1790443729.560,hud,drift,,,,,"0.00%",0.000
1790443729.560,hud,turns,,,,,"✗ turns: 0/15",
1790443729.561,hud,calib_s,,,,,"✓ Buffer 6s",
1790443729.561,marker,gnss,52.40264500,-1.44874800,266.80,true,,
1790443729.562,marker,reconciled,0.00000000,0.00000000,0.00,false,,
1790443729.627,hud,speed,,,,,"0.0 / 0.0",0.000
1790443729.627,hud,heading,,,,,"0° / 0°",0.000
1790443729.628,hud,drift,,,,,"0.00%",0.000
1790443729.628,hud,turns,,,,,"✗ turns: 1/15",
1790443729.628,hud,calib_s,,,,,"✓ Buffer 6s",
1790443729.629,marker,gnss,52.40260700,-1.44766700,270.00,true,,
1790443729.629,marker,reconciled,0.00000000,0.00000000,0.00,false,,
1790443729.663,hud,speed,,,,,"0.0 / 0.0",0.000
1790443729.664,hud,heading,,,,,"0° / 0°",0.000
1790443729.664,hud,drift,,,,,"0.00%",0.000
1790443729.664,hud,turns,,,,,"✗ turns: 1/15",
1790443729.664,hud,calib_s,,,,,"✓ Buffer 6s",
1790443729.665,marker,gnss,52.40260700,-1.44766700,270.00,true,,
1790443729.665,marker,reconciled,0.00000000,0.00000000,0.00,false,,
1790443729.794,hud,speed,,,,,"0.0 / 0.0",0.000
1790443729.794,hud,heading,,,,,"0° / 0°",0.000
1790443729.795,hud,drift,,,,,"0.00%",0.000
1790443729.795,hud,turns,,,,,"✗ turns: 1/15",
1790443729.795,hud,calib_s,,,,,"✓ Buffer 6s",
1790443729.795,marker,gnss,52.40260700,-1.44766700,270.00,true,,
1790443729.796,marker,reconciled,0.00000000,0.00000000,0.00,false,,
1790443729.821,hud,speed,,,,,"0.0 / 0.0",0.000
1790443729.821,hud,heading,,,,,"0° / 0°",0.000
1790443729.821,hud,drift,,,,,"0.00%",0.000
1790443729.821,hud,turns,,,,,"✗ turns: 1/15",
1790443729.822,hud,calib_s,,,,,"✓ Buffer 6s",
1790443729.822,marker,gnss,52.40260700,-1.44766700,270.00,true,,
1790443729.823,marker,reconciled,0.00000000,0.00000000,0.00,false,,
1790443729.870,hud,speed,,,,,"0.0 / 0.0",0.000
1790443729.870,hud,heading,,,,,"0° / 0°",0.000
1790443729.871,hud,drift,,,,,"0.00%",0.000
1790443729.871,hud,turns,,,,,"✗ turns: 1/15",
1790443729.871,hud,calib_s,,,,,"✓ Buffer 6s",
1790443729.872,marker,gnss,52.40260700,-1.44766700,270.00,true,,
1790443729.872,marker,reconciled,0.00000000,0.00000000,0.00,false,,
1790443729.928,hud,speed,,,,,"0.0 / 0.0",0.000
1790443729.928,hud,heading,,,,,"0° / 0°",0.000
1790443729.929,hud,drift,,,,,"0.00%",0.000
1790443729.929,hud,turns,,,,,"✗ turns: 1/15",
1790443729.929,hud,calib_s,,,,,"✓ Buffer 6s",
1790443729.930,marker,gnss,52.40260700,-1.44766700,270.00,true,,
1790443729.931,marker,reconciled,0.00000000,0.00000000,0.00,false,,
1790443729.976,hud,speed,,,,,"0.0 / 0.0",0.000
1790443729.977,hud,heading,,,,,"0° / 0°",0.000
1790443729.977,hud,drift,,,,,"0.00%",0.000
1790443729.977,hud,turns,,,,,"✗ turns: 1/15",
1790443729.978,hud,calib_s,,,,,"✓ Buffer 6s",
1790443729.979,marker,gnss,52.40260700,-1.44766700,270.00,true,,
1790443729.979,marker,reconciled,0.00000000,0.00000000,0.00,false,,
1790443730.025,hud,speed,,,,,"0.0 / 0.0",0.000
1790443730.026,hud,heading,,,,,"0° / 0°",0.000
1790443730.026,hud,drift,,,,,"0.00%",0.000
1790443730.027,hud,turns,,,,,"✗ turns: 1/15",
1790443730.027,hud,calib_s,,,,,"✓ Buffer 6s",
1790443730.028,marker,gnss,52.40260700,-1.44766700,270.00,true,,
1790443730.028,marker,reconciled,0.00000000,0.00000000,0.00,false,,
1790443730.081,hud,speed,,,,,"0.0 / 0.0",0.000
1790443730.081,hud,heading,,,,,"0° / 0°",0.000
1790443730.082,hud,drift,,,,,"0.00%",0.000
1790443730.082,hud,turns,,,,,"✗ turns: 1/15",
1790443730.083,hud,calib_s,,,,,"✓ Buffer 6s",
1790443730.083,marker,gnss,52.40260700,-1.44766700,270.00,true,,
1790443730.084,marker,reconciled,0.00000000,0.00000000,0.00,false,,
1790443730.137,hud,speed,,,,,"0.0 / 0.0",0.000
1790443730.137,hud,heading,,,,,"0° / 0°",0.000
1790443730.138,hud,drift,,,,,"0.00%",0.000
1790443730.138,hud,turns,,,,,"✗ turns: 1/15",
1790443730.138,hud,calib_s,,,,,"✓ Buffer 6s",
1790443730.139,marker,gnss,52.40260700,-1.44766700,270.00,true,,
1790443730.140,marker,reconciled,0.00000000,0.00000000,0.00,false,,
1790443730.187,hud,speed,,,,,"0.0 / 0.0",0.000
1790443730.188,hud,heading,,,,,"0° / 0°",0.000
1790443730.188,hud,drift,,,,,"0.00%",0.000
1790443730.188,hud,turns,,,,,"✗ turns: 1/15",
1790443730.188,hud,calib_s,,,,,"✓ Buffer 6s",
1790443730.189,marker,gnss,52.40260700,-1.44766700,270.00,true,,
1790443730.189,marker,reconciled,0.00000000,0.00000000,0.00,false,,
1790443730.235,hud,speed,,,,,"0.0 / 0.0",0.000
1790443730.235,hud,heading,,,,,"0° / 0°",0.000
1790443730.236,hud,drift,,,,,"0.00%",0.000
1790443730.236,hud,turns,,,,,"✗ turns: 1/15",
1790443730.236,hud,calib_s,,,,,"✓ Buffer 6s",
1790443730.237,marker,gnss,52.40260700,-1.44766700,270.00,true,,
1790443730.237,marker,reconciled,0.00000000,0.00000000,0.00,false,,
1790443730.288,hud,speed,,,,,"0.0 / 0.0",0.000
1790443730.288,hud,heading,,,,,"0° / 0°",0.000
1790443730.289,hud,drift,,,,,"0.00%",0.000
1790443730.289,hud,turns,,,,,"✗ turns: 1/15",
1790443730.290,hud,calib_s,,,,,"✓ Buffer 6s",
1790443730.290,marker,gnss,52.40260700,-1.44766700,270.00,true,,
1790443730.291,marker,reconciled,0.00000000,0.00000000,0.00,false,,
1790443730.337,hud,speed,,,,,"0.0 / 0.0",0.000
1790443730.338,hud,heading,,,,,"0° / 0°",0.000
1790443730.338,hud,drift,,,,,"0.00%",0.000
1790443730.339,hud,turns,,,,,"✗ turns: 1/15",
1790443730.339,hud,calib_s,,,,,"✓ Buffer 6s",
1790443730.339,marker,gnss,52.40260700,-1.44766700,270.00,true,,
1790443730.340,marker,reconciled,0.00000000,0.00000000,0.00,false,,
1790443730.393,hud,speed,,,,,"0.0 / 0.0",0.000
1790443730.394,hud,heading,,,,,"0° / 0°",0.000
1790443730.394,hud,drift,,,,,"0.00%",0.000
1790443730.395,hud,turns,,,,,"✗ turns: 1/15",
1790443730.395,hud,calib_s,,,,,"✓ Buffer 6s",
1790443730.396,marker,gnss,52.40260700,-1.44766700,270.00,true,,
1790443730.396,marker,reconciled,0.00000000,0.00000000,0.00,false,,
1790443730.447,hud,speed,,,,,"0.0 / 0.0",0.000
1790443730.447,hud,heading,,,,,"0° / 0°",0.000
1790443730.448,hud,drift,,,,,"0.00%",0.000
1790443730.448,hud,turns,,,,,"✗ turns: 1/15",
1790443730.448,hud,calib_s,,,,,"✓ Buffer 6s",
1790443730.449,marker,gnss,52.40260700,-1.44766700,270.00,true,,
1790443730.449,marker,reconciled,0.00000000,0.00000000,0.00,false,,
1790443730.497,hud,speed,,,,,"0.0 / 0.0",0.000
1790443730.497,hud,heading,,,,,"0° / 0°",0.000
1790443730.498,hud,drift,,,,,"0.00%",0.000
1790443730.498,hud,turns,,,,,"✗ turns: 1/15",
1790443730.499,hud,calib_s,,,,,"✓ Buffer 6s",
1790443730.499,marker,gnss,52.40260700,-1.44766700,270.00,true,,
1790443730.500,marker,reconciled,0.00000000,0.00000000,0.00,false,,
1790443730.542,hud,speed,,,,,"0.0 / 0.0",0.000
1790443730.543,hud,heading,,,,,"0° / 0°",0.000
1790443730.543,hud,drift,,,,,"0.00%",0.000
1790443730.543,hud,turns,,,,,"✗ turns: 1/15",
1790443730.544,hud,calib_s,,,,,"✓ Buffer 6s",
1790443730.544,marker,gnss,52.40260700,-1.44766700,270.00,true,,
1790443730.545,marker,reconciled,0.00000000,0.00000000,0.00,false,,
1790443730.596,hud,speed,,,,,"0.0 / 0.0",0.000
1790443730.597,hud,heading,,,,,"0° / 0°",0.000
1790443730.597,hud,drift,,,,,"0.00%",0.000
1790443730.597,hud,turns,,,,,"✗ turns: 1/15",
1790443730.598,hud,calib_s,,,,,"✓ Buffer 6s",
1790443730.598,marker,gnss,52.40260700,-1.44766700,270.00,true,,
1790443730.599,marker,reconciled,0.00000000,0.00000000,0.00,false,,
1790443730.649,hud,speed,,,,,"0.0 / 0.0",0.000
1790443730.650,hud,heading,,,,,"0° / 0°",0.000
1790443730.650,hud,drift,,,,,"0.00%",0.000
1790443730.651,hud,turns,,,,,"✗ turns: 1/15",
1790443730.651,hud,calib_s,,,,,"✓ Buffer 6s",
1790443730.651,marker,gnss,52.40260700,-1.44766700,270.00,true,,
1790443730.652,marker,reconciled,0.00000000,0.00000000,0.00,false,,
1790443730.704,hud,speed,,,,,"0.0 / 0.0",0.000
1790443730.705,hud,heading,,,,,"0° / 0°",0.000
1790443730.705,hud,drift,,,,,"0.00%",0.000
1790443730.706,hud,turns,,,,,"✗ turns: 1/15",
1790443730.706,hud,calib_s,,,,,"✓ Buffer 6s",
1790443730.707,marker,gnss,52.40260700,-1.44766700,270.00,true,,
1790443730.707,marker,reconciled,0.00000000,0.00000000,0.00,false,,
1790443730.752,hud,speed,,,,,"0.0 / 0.0",0.000
1790443730.753,hud,heading,,,,,"0° / 0°",0.000
1790443730.753,hud,drift,,,,,"0.00%",0.000
1790443730.754,hud,turns,,,,,"✗ turns: 1/15",
1790443730.754,hud,calib_s,,,,,"✓ Buffer 6s",
1790443730.755,marker,gnss,52.40260700,-1.44766700,270.00,true,,
1790443730.755,marker,reconciled,0.00000000,0.00000000,0.00,false,,
1790443730.806,hud,speed,,,,,"0.0 / 0.0",0.000
1790443730.806,hud,heading,,,,,"0° / 0°",0.000
1790443730.807,hud,drift,,,,,"0.00%",0.000
1790443730.807,hud,turns,,,,,"✗ turns: 1/15",
1790443730.807,hud,calib_s,,,,,"✓ Buffer 6s",
1790443730.808,marker,gnss,52.40260700,-1.44766700,270.00,true,,
1790443730.808,marker,reconciled,0.00000000,0.00000000,0.00,false,,
1790443730.856,hud,speed,,,,,"0.0 / 0.0",0.000
1790443730.857,hud,heading,,,,,"0° / 0°",0.000
1790443730.857,hud,drift,,,,,"0.00%",0.000
1790443730.858,hud,turns,,,,,"✗ turns: 1/15",
1790443730.858,hud,calib_s,,,,,"✓ Buffer 6s",
1790443730.859,marker,gnss,52.40260700,-1.44766700,270.00,true,,
1790443730.859,marker,reconciled,0.00000000,0.00000000,0.00,false,,
1790443730.911,hud,speed,,,,,"0.0 / 0.0",0.000
1790443730.911,hud,heading,,,,,"0° / 0°",0.000
1790443730.912,hud,drift,,,,,"0.00%",0.000
1790443730.912,hud,turns,,,,,"✗ turns: 1/15",
1790443730.912,hud,calib_s,,,,,"✓ Buffer 6s",
1790443730.913,marker,gnss,52.40260700,-1.44766700,270.00,true,,
1790443730.913,marker,reconciled,0.00000000,0.00000000,0.00,false,,
1790443730.965,hud,speed,,,,,"0.0 / 0.0",0.000
1790443730.966,hud,heading,,,,,"0° / 0°",0.000
1790443730.966,hud,drift,,,,,"0.00%",0.000
1790443730.967,hud,turns,,,,,"✗ turns: 1/15",
1790443730.967,hud,calib_s,,,,,"✓ Buffer 6s",
1790443730.967,marker,gnss,52.40260700,-1.44766700,270.00,true,,
1790443730.968,marker,reconciled,0.00000000,0.00000000,0.00,false,,
1790443731.010,hud,speed,,,,,"0.0 / 0.0",0.000
1790443731.010,hud,heading,,,,,"0° / 0°",0.000
1790443731.011,hud,drift,,,,,"0.00%",0.000
1790443731.011,hud,turns,,,,,"✗ turns: 1/15",
1790443731.011,hud,calib_s,,,,,"✓ Buffer 6s",
1790443731.012,marker,gnss,52.40260700,-1.44766700,270.00,true,,
1790443731.012,marker,reconciled,0.00000000,0.00000000,0.00,false,,
1790443731.060,hud,speed,,,,,"0.0 / 0.0",0.000
1790443731.061,hud,heading,,,,,"0° / 0°",0.000
1790443731.061,hud,drift,,,,,"0.00%",0.000
1790443731.061,hud,turns,,,,,"✗ turns: 1/15",
1790443731.061,hud,calib_s,,,,,"✓ Buffer 6s",
1790443731.063,marker,gnss,52.40260700,-1.44766700,270.00,true,,
1790443731.063,marker,reconciled,0.00000000,0.00000000,0.00,false,,
1790443731.124,hud,speed,,,,,"0.0 / 0.0",0.000
1790443731.125,hud,heading,,,,,"0° / 0°",0.000
1790443731.125,hud,drift,,,,,"0.00%",0.000
1790443731.126,hud,turns,,,,,"✗ turns: 1/15",
1790443731.126,hud,calib_s,,,,,"✓ Buffer 6s",
1790443731.127,marker,gnss,52.40260700,-1.44766700,270.00,true,,
1790443731.127,marker,reconciled,0.00000000,0.00000000,0.00,false,,
1790443731.166,hud,speed,,,,,"0.0 / 0.0",0.000
1790443731.167,hud,heading,,,,,"0° / 0°",0.000
1790443731.167,hud,drift,,,,,"0.00%",0.000
1790443731.168,hud,turns,,,,,"✗ turns: 1/15",
1790443731.168,hud,calib_s,,,,,"✓ Buffer 6s",
1790443731.168,marker,gnss,52.40260700,-1.44766700,270.00,true,,
1790443731.169,marker,reconciled,0.00000000,0.00000000,0.00,false,,
1790443731.222,hud,speed,,,,,"0.0 / 0.0",0.000
1790443731.222,hud,heading,,,,,"0° / 0°",0.000
1790443731.223,hud,drift,,,,,"0.00%",0.000
1790443731.223,hud,turns,,,,,"✗ turns: 1/15",
1790443731.223,hud,calib_s,,,,,"✓ Buffer 6s",
1790443731.224,marker,gnss,52.40260700,-1.44766700,270.00,true,,
1790443731.224,marker,reconciled,0.00000000,0.00000000,0.00,false,,
1790443731.272,hud,speed,,,,,"0.0 / 0.0",0.000
1790443731.273,hud,heading,,,,,"0° / 0°",0.000
1790443731.273,hud,drift,,,,,"0.00%",0.000
1790443731.274,hud,turns,,,,,"✗ turns: 1/15",
1790443731.274,hud,calib_s,,,,,"✓ Buffer 6s",
1790443731.275,marker,gnss,52.40260700,-1.44766700,270.00,true,,
1790443731.275,marker,reconciled,0.00000000,0.00000000,0.00,false,,
1790443731.326,hud,speed,,,,,"0.0 / 0.0",0.000
1790443731.326,hud,heading,,,,,"0° / 0°",0.000
1790443731.327,hud,drift,,,,,"0.00%",0.000
1790443731.327,hud,turns,,,,,"✗ turns: 1/15",
1790443731.327,hud,calib_s,,,,,"✓ Buffer 6s",
1790443731.328,marker,gnss,52.40260700,-1.44766700,270.00,true,,
1790443731.328,marker,reconciled,0.00000000,0.00000000,0.00,false,,
1790443731.378,hud,speed,,,,,"0.0 / 0.0",0.000
1790443731.379,hud,heading,,,,,"0° / 0°",0.000
1790443731.379,hud,drift,,,,,"0.00%",0.000
1790443731.379,hud,turns,,,,,"✗ turns: 1/15",
1790443731.380,hud,calib_s,,,,,"✓ Buffer 6s",
1790443731.380,marker,gnss,52.40260700,-1.44766700,270.00,true,,
1790443731.381,marker,reconciled,0.00000000,0.00000000,0.00,false,,
1790443731.427,hud,speed,,,,,"0.0 / 0.0",0.000
1790443731.428,hud,heading,,,,,"0° / 0°",0.000
1790443731.428,hud,drift,,,,,"0.00%",0.000
1790443731.429,hud,turns,,,,,"✗ turns: 1/15",
1790443731.429,hud,calib_s,,,,,"✓ Buffer 6s",
1790443731.430,marker,gnss,52.40260700,-1.44766700,270.00,true,,
1790443731.430,marker,reconciled,0.00000000,0.00000000,0.00,false,,
1790443731.484,hud,speed,,,,,"0.0 / 0.0",0.000
1790443731.485,hud,heading,,,,,"0° / 0°",0.000
1790443731.485,hud,drift,,,,,"0.00%",0.000
1790443731.486,hud,turns,,,,,"✗ turns: 1/15",
1790443731.486,hud,calib_s,,,,,"✓ Buffer 6s",
1790443731.487,marker,gnss,52.40260700,-1.44766700,270.00,true,,
1790443731.487,marker,reconciled,0.00000000,0.00000000,0.00,false,,
1790443731.530,hud,speed,,,,,"0.0 / 0.0",0.000
1790443731.531,hud,heading,,,,,"0° / 0°",0.000
1790443731.531,hud,drift,,,,,"0.00%",0.000
1790443731.531,hud,turns,,,,,"✗ turns: 1/15",
1790443731.532,hud,calib_s,,,,,"✓ Buffer 6s",
1790443731.532,marker,gnss,52.40260700,-1.44766700,270.00,true,,
1790443731.532,marker,reconciled,0.00000000,0.00000000,0.00,false,,
1790443731.583,hud,speed,,,,,"0.0 / 0.0",0.000
1790443731.584,hud,heading,,,,,"0° / 0°",0.000
1790443731.584,hud,drift,,,,,"0.00%",0.000
1790443731.585,hud,turns,,,,,"✗ turns: 1/15",
1790443731.585,hud,calib_s,,,,,"✓ Buffer 6s",
1790443731.585,marker,gnss,52.40260700,-1.44766700,270.00,true,,
1790443731.586,marker,reconciled,0.00000000,0.00000000,0.00,false,,
1790443731.633,hud,speed,,,,,"0.0 / 0.0",0.000
1790443731.633,hud,heading,,,,,"0° / 0°",0.000
1790443731.634,hud,drift,,,,,"0.00%",0.000
1790443731.634,hud,turns,,,,,"✗ turns: 1/15",
1790443731.634,hud,calib_s,,,,,"✓ Buffer 6s",
1790443731.635,marker,gnss,52.40260700,-1.44766700,270.00,true,,
1790443731.635,marker,reconciled,0.00000000,0.00000000,0.00,false,,
1790443731.685,hud,speed,,,,,"0.0 / 0.0",0.000
1790443731.685,hud,heading,,,,,"0° / 0°",0.000
1790443731.686,hud,drift,,,,,"0.00%",0.000
1790443731.686,hud,turns,,,,,"✗ turns: 1/15",
1790443731.686,hud,calib_s,,,,,"✓ Buffer 6s",
1790443731.687,marker,gnss,52.40260700,-1.44766700,270.00,true,,
1790443731.687,marker,reconciled,0.00000000,0.00000000,0.00,false,,
1790443731.739,hud,speed,,,,,"0.0 / 0.0",0.000
1790443731.739,hud,heading,,,,,"0° / 0°",0.000
1790443731.740,hud,drift,,,,,"0.00%",0.000
1790443731.740,hud,turns,,,,,"✗ turns: 1/15",
1790443731.740,hud,calib_s,,,,,"✓ Buffer 6s",
1790443731.741,marker,gnss,52.40260700,-1.44766700,270.00,true,,
1790443731.741,marker,reconciled,0.00000000,0.00000000,0.00,false,,
1790443731.787,hud,speed,,,,,"0.0 / 0.0",0.000
1790443731.788,hud,heading,,,,,"0° / 0°",0.000
1790443731.788,hud,drift,,,,,"0.00%",0.000
1790443731.789,hud,turns,,,,,"✗ turns: 1/15",
1790443731.789,hud,calib_s,,,,,"✓ Buffer 6s",
1790443731.789,marker,gnss,52.40260700,-1.44766700,270.00,true,,
1790443731.790,marker,reconciled,0.00000000,0.00000000,0.00,false,,
1790443731.841,hud,speed,,,,,"0.0 / 0.0",0.000
1790443731.842,hud,heading,,,,,"0° / 0°",0.000
1790443731.842,hud,drift,,,,,"0.00%",0.000
1790443731.843,hud,turns,,,,,"✗ turns: 1/15",
1790443731.843,hud,calib_s,,,,,"✓ Buffer 6s",
1790443731.844,marker,gnss,52.40260700,-1.44766700,270.00,true,,
1790443731.844,marker,reconciled,0.00000000,0.00000000,0.00,false,,
1790443731.894,hud,speed,,,,,"0.0 / 0.0",0.000
1790443731.895,hud,heading,,,,,"0° / 0°",0.000
1790443731.895,hud,drift,,,,,"0.00%",0.000
1790443731.895,hud,turns,,,,,"✗ turns: 1/15",
1790443731.895,hud,calib_s,,,,,"✓ Buffer 6s",
1790443731.896,marker,gnss,52.40260700,-1.44766700,270.00,true,,
1790443731.896,marker,reconciled,0.00000000,0.00000000,0.00,false,,
1790443731.948,hud,speed,,,,,"0.0 / 0.0",0.000
1790443731.948,hud,heading,,,,,"0° / 0°",0.000
1790443731.949,hud,drift,,,,,"0.00%",0.000
1790443731.949,hud,turns,,,,,"✗ turns: 1/15",
1790443731.949,hud,calib_s,,,,,"✓ Buffer 6s",
1790443731.950,marker,gnss,52.40260700,-1.44766700,270.00,true,,
1790443731.951,marker,reconciled,0.00000000,0.00000000,0.00,false,,
1790443731.996,hud,speed,,,,,"0.0 / 0.0",0.000
1790443731.996,hud,heading,,,,,"0° / 0°",0.000
1790443731.997,hud,drift,,,,,"0.00%",0.000
1790443731.997,hud,turns,,,,,"✗ turns: 1/15",
1790443731.997,hud,calib_s,,,,,"✓ Buffer 6s",
1790443731.998,marker,gnss,52.40260700,-1.44766700,270.00,true,,
1790443731.998,marker,reconciled,0.00000000,0.00000000,0.00,false,,
1790443732.050,hud,speed,,,,,"0.0 / 0.0",0.000
1790443732.051,hud,heading,,,,,"0° / 0°",0.000
1790443732.051,hud,drift,,,,,"0.00%",0.000
1790443732.051,hud,turns,,,,,"✗ turns: 1/15",
1790443732.052,hud,calib_s,,,,,"✓ Buffer 6s",
1790443732.052,marker,gnss,52.40260700,-1.44766700,270.00,true,,
1790443732.053,marker,reconciled,0.00000000,0.00000000,0.00,false,,
1790443732.103,hud,speed,,,,,"0.0 / 0.0",0.000
1790443732.104,hud,heading,,,,,"0° / 0°",0.000
1790443732.104,hud,drift,,,,,"0.00%",0.000
1790443732.104,hud,turns,,,,,"✗ turns: 1/15",
1790443732.104,hud,calib_s,,,,,"✓ Buffer 6s",
1790443732.105,marker,gnss,52.40260700,-1.44766700,270.00,true,,
1790443732.105,marker,reconciled,0.00000000,0.00000000,0.00,false,,
1790443732.150,hud,speed,,,,,"0.0 / 0.0",0.000
1790443732.151,hud,heading,,,,,"0° / 0°",0.000
1790443732.151,hud,drift,,,,,"0.00%",0.000
1790443732.151,hud,turns,,,,,"✗ turns: 1/15",
1790443732.152,hud,calib_s,,,,,"✓ Buffer 6s",
1790443732.152,marker,gnss,52.40260700,-1.44766700,270.00,true,,
1790443732.152,marker,reconciled,0.00000000,0.00000000,0.00,false,,
1790443732.201,hud,speed,,,,,"0.0 / 0.0",0.000
1790443732.202,hud,heading,,,,,"0° / 0°",0.000
1790443732.202,hud,drift,,,,,"0.00%",0.000
1790443732.203,hud,turns,,,,,"✗ turns: 1/15",
1790443732.203,hud,calib_s,,,,,"✓ Buffer 6s",
1790443732.203,marker,gnss,52.40260700,-1.44766700,270.00,true,,
1790443732.204,marker,reconciled,0.00000000,0.00000000,0.00,false,,
1790443732.254,hud,speed,,,,,"0.0 / 0.0",0.000
1790443732.254,hud,heading,,,,,"0° / 0°",0.000
1790443732.255,hud,drift,,,,,"0.00%",0.000
1790443732.255,hud,turns,,,,,"✗ turns: 1/15",
1790443732.255,hud,calib_s,,,,,"✓ Buffer 6s",
1790443732.256,marker,gnss,52.40260700,-1.44766700,270.00,true,,
1790443732.256,marker,reconciled,0.00000000,0.00000000,0.00,false,,
1790443732.307,hud,speed,,,,,"0.0 / 0.0",0.000
1790443732.307,hud,heading,,,,,"0° / 0°",0.000
1790443732.308,hud,drift,,,,,"0.00%",0.000
1790443732.308,hud,turns,,,,,"✗ turns: 1/15",
1790443732.308,hud,calib_s,,,,,"✓ Buffer 6s",
1790443732.309,marker,gnss,52.40260700,-1.44766700,270.00,true,,
1790443732.309,marker,reconciled,0.00000000,0.00000000,0.00,false,,
1790443732.358,hud,speed,,,,,"0.0 / 0.0",0.000
1790443732.358,hud,heading,,,,,"0° / 0°",0.000
1790443732.359,hud,drift,,,,,"0.00%",0.000
1790443732.359,hud,turns,,,,,"✗ turns: 1/15",
1790443732.359,hud,calib_s,,,,,"✓ Buffer 6s",
1790443732.360,marker,gnss,52.40260700,-1.44766700,270.00,true,,
1790443732.360,marker,reconciled,0.00000000,0.00000000,0.00,false,,
1790443732.408,hud,speed,,,,,"0.0 / 0.0",0.000
1790443732.408,hud,heading,,,,,"0° / 0°",0.000
1790443732.409,hud,drift,,,,,"0.00%",0.000
1790443732.409,hud,turns,,,,,"✗ turns: 1/15",
1790443732.409,hud,calib_s,,,,,"✓ Buffer 6s",
1790443732.410,marker,gnss,52.40260700,-1.44766700,270.00,true,,
1790443732.410,marker,reconciled,0.00000000,0.00000000,0.00,false,,
1790443732.459,hud,speed,,,,,"0.0 / 0.0",0.000
1790443732.460,hud,heading,,,,,"0° / 0°",0.000
1790443732.460,hud,drift,,,,,"0.00%",0.000
1790443732.461,hud,turns,,,,,"✗ turns: 1/15",
1790443732.461,hud,calib_s,,,,,"✓ Buffer 6s",
1790443732.461,marker,gnss,52.40260700,-1.44766700,270.00,true,,
1790443732.462,marker,reconciled,0.00000000,0.00000000,0.00,false,,
1790443732.513,hud,speed,,,,,"0.0 / 0.0",0.000
1790443732.513,hud,heading,,,,,"0° / 0°",0.000
1790443732.514,hud,drift,,,,,"0.00%",0.000
1790443732.514,hud,turns,,,,,"✗ turns: 1/15",
1790443732.515,hud,calib_s,,,,,"✓ Buffer 6s",
1790443732.516,marker,gnss,52.40260700,-1.44766700,270.00,true,,
1790443732.516,marker,reconciled,0.00000000,0.00000000,0.00,false,,
1790443732.561,hud,speed,,,,,"0.0 / 0.0",0.000
1790443732.561,hud,heading,,,,,"0° / 0°",0.000
1790443732.562,hud,drift,,,,,"0.00%",0.000
1790443732.562,hud,turns,,,,,"✗ turns: 1/15",
1790443732.562,hud,calib_s,,,,,"✓ Buffer 6s",
1790443732.563,marker,gnss,52.40260700,-1.44766700,270.00,true,,
1790443732.563,marker,reconciled,0.00000000,0.00000000,0.00,false,,
1790443732.614,hud,speed,,,,,"0.0 / 0.0",0.000
1790443732.615,hud,heading,,,,,"0° / 0°",0.000
1790443732.615,hud,drift,,,,,"0.00%",0.000
1790443732.616,hud,turns,,,,,"✗ turns: 1/15",
1790443732.616,hud,calib_s,,,,,"✓ Buffer 6s",
1790443732.617,marker,gnss,52.40260700,-1.44766700,270.00,true,,
1790443732.617,marker,reconciled,0.00000000,0.00000000,0.00,false,,
1790443732.669,hud,speed,,,,,"0.0 / 0.0",0.000
1790443732.669,hud,heading,,,,,"0° / 0°",0.000
1790443732.670,hud,drift,,,,,"0.00%",0.000
1790443732.670,hud,turns,,,,,"✗ turns: 1/15",
1790443732.670,hud,calib_s,,,,,"✓ Buffer 6s",
1790443732.671,marker,gnss,52.40260700,-1.44766700,270.00,true,,
1790443732.671,marker,reconciled,0.00000000,0.00000000,0.00,false,,
1790443732.717,hud,speed,,,,,"0.0 / 0.0",0.000
1790443732.718,hud,heading,,,,,"0° / 0°",0.000
1790443732.718,hud,drift,,,,,"0.00%",0.000
1790443732.718,hud,turns,,,,,"✗ turns: 1/15",
1790443732.719,hud,calib_s,,,,,"✓ Buffer 6s",
1790443732.719,marker,gnss,52.40260700,-1.44766700,270.00,true,,
1790443732.720,marker,reconciled,0.00000000,0.00000000,0.00,false,,
1790443732.773,hud,speed,,,,,"0.0 / 0.0",0.000
1790443732.773,hud,heading,,,,,"0° / 0°",0.000
1790443732.774,hud,drift,,,,,"0.00%",0.000
1790443732.774,hud,turns,,,,,"✗ turns: 1/15",
1790443732.774,hud,calib_s,,,,,"✓ Buffer 6s",
1790443732.775,marker,gnss,52.40260700,-1.44766700,270.00,true,,
1790443732.775,marker,reconciled,0.00000000,0.00000000,0.00,false,,
1790443732.821,hud,speed,,,,,"0.0 / 0.0",0.000
1790443732.821,hud,heading,,,,,"0° / 0°",0.000
1790443732.821,hud,drift,,,,,"0.00%",0.000
1790443732.822,hud,turns,,,,,"✗ turns: 1/15",
1790443732.822,hud,calib_s,,,,,"✓ Buffer 6s",
1790443732.823,marker,gnss,52.40260700,-1.44766700,270.00,true,,
1790443732.823,marker,reconciled,0.00000000,0.00000000,0.00,false,,
1790443732.874,hud,speed,,,,,"0.0 / 0.0",0.000
1790443732.875,hud,heading,,,,,"0° / 0°",0.000
1790443732.875,hud,drift,,,,,"0.00%",0.000
1790443732.875,hud,turns,,,,,"✗ turns: 1/15",
1790443732.876,hud,calib_s,,,,,"✓ Buffer 6s",
1790443732.876,marker,gnss,52.40260700,-1.44766700,270.00,true,,
1790443732.877,marker,reconciled,0.00000000,0.00000000,0.00,false,,
1790443732.927,hud,speed,,,,,"0.0 / 0.0",0.000
1790443732.928,hud,heading,,,,,"0° / 0°",0.000
1790443732.928,hud,drift,,,,,"0.00%",0.000
1790443732.928,hud,turns,,,,,"✗ turns: 1/15",
1790443732.929,hud,calib_s,,,,,"✓ Buffer 6s",
1790443732.929,marker,gnss,52.40260700,-1.44766700,270.00,true,,
1790443732.930,marker,reconciled,0.00000000,0.00000000,0.00,false,,
1790443732.973,hud,speed,,,,,"0.0 / 0.0",0.000
1790443732.974,hud,heading,,,,,"0° / 0°",0.000
1790443732.975,hud,drift,,,,,"0.00%",0.000
1790443732.975,hud,turns,,,,,"✗ turns: 1/15",
1790443732.975,hud,calib_s,,,,,"✓ Buffer 6s",
1790443732.976,marker,gnss,52.40260700,-1.44766700,270.00,true,,
1790443732.976,marker,reconciled,0.00000000,0.00000000,0.00,false,,
1790443733.031,hud,speed,,,,,"0.0 / 0.0",0.000
1790443733.032,hud,heading,,,,,"0° / 0°",0.000
1790443733.032,hud,drift,,,,,"0.00%",0.000
1790443733.032,hud,turns,,,,,"✗ turns: 1/15",
1790443733.032,hud,calib_s,,,,,"✓ Buffer 6s",
1790443733.033,marker,gnss,52.40260700,-1.44766700,270.00,true,,
1790443733.033,marker,reconciled,0.00000000,0.00000000,0.00,false,,
1790443733.080,hud,speed,,,,,"0.0 / 0.0",0.000
1790443733.080,hud,heading,,,,,"0° / 0°",0.000
1790443733.081,hud,drift,,,,,"0.00%",0.000
1790443733.081,hud,turns,,,,,"✗ turns: 1/15",
1790443733.081,hud,calib_s,,,,,"✓ Buffer 6s",
1790443733.082,marker,gnss,52.40260700,-1.44766700,270.00,true,,
1790443733.083,marker,reconciled,0.00000000,0.00000000,0.00,false,,
1790443733.127,hud,speed,,,,,"0.0 / 0.0",0.000
1790443733.128,hud,heading,,,,,"0° / 0°",0.000
1790443733.128,hud,drift,,,,,"0.00%",0.000
1790443733.129,hud,turns,,,,,"✗ turns: 1/15",
1790443733.129,hud,calib_s,,,,,"✓ Buffer 6s",
1790443733.129,marker,gnss,52.40260700,-1.44766700,270.00,true,,
1790443733.130,marker,reconciled,0.00000000,0.00000000,0.00,false,,
1790443733.179,hud,speed,,,,,"0.0 / 0.0",0.000
1790443733.180,hud,heading,,,,,"0° / 0°",0.000
1790443733.180,hud,drift,,,,,"0.00%",0.000
1790443733.180,hud,turns,,,,,"✗ turns: 1/15",
1790443733.181,hud,calib_s,,,,,"✓ Buffer 6s",
1790443733.181,marker,gnss,52.40260700,-1.44766700,270.00,true,,
1790443733.182,marker,reconciled,0.00000000,0.00000000,0.00,false,,
1790443733.232,hud,speed,,,,,"0.0 / 0.0",0.000
1790443733.233,hud,heading,,,,,"0° / 0°",0.000
1790443733.233,hud,drift,,,,,"0.00%",0.000
1790443733.234,hud,turns,,,,,"✗ turns: 1/15",
1790443733.234,hud,calib_s,,,,,"✓ Buffer 6s",
1790443733.235,marker,gnss,52.40260700,-1.44766700,270.00,true,,
1790443733.235,marker,reconciled,0.00000000,0.00000000,0.00,false,,
1790443733.285,hud,speed,,,,,"0.0 / 0.0",0.000
1790443733.285,hud,heading,,,,,"0° / 0°",0.000
1790443733.286,hud,drift,,,,,"0.00%",0.000
1790443733.286,hud,turns,,,,,"✗ turns: 1/15",
1790443733.286,hud,calib_s,,,,,"✓ Buffer 6s",
1790443733.287,marker,gnss,52.40260700,-1.44766700,270.00,true,,
1790443733.288,marker,reconciled,0.00000000,0.00000000,0.00,false,,
1790443733.331,hud,speed,,,,,"0.0 / 0.0",0.000
1790443733.332,hud,heading,,,,,"0° / 0°",0.000
1790443733.332,hud,drift,,,,,"0.00%",0.000
1790443733.332,hud,turns,,,,,"✗ turns: 1/15",
1790443733.333,hud,calib_s,,,,,"✓ Buffer 6s",
1790443733.333,marker,gnss,52.40260700,-1.44766700,270.00,true,,
1790443733.334,marker,reconciled,0.00000000,0.00000000,0.00,false,,
1790443733.386,hud,speed,,,,,"0.0 / 0.0",0.000
1790443733.387,hud,heading,,,,,"0° / 0°",0.000
1790443733.387,hud,drift,,,,,"0.00%",0.000
1790443733.387,hud,turns,,,,,"✗ turns: 1/15",
1790443733.388,hud,calib_s,,,,,"✓ Buffer 6s",
1790443733.388,marker,gnss,52.40260700,-1.44766700,270.00,true,,
1790443733.389,marker,reconciled,0.00000000,0.00000000,0.00,false,,
1790443733.441,hud,speed,,,,,"0.0 / 0.0",0.000
1790443733.441,hud,heading,,,,,"0° / 0°",0.000
1790443733.442,hud,drift,,,,,"0.00%",0.000
1790443733.442,hud,turns,,,,,"✗ turns: 1/15",
1790443733.443,hud,calib_s,,,,,"✓ Buffer 6s",
1790443733.443,marker,gnss,52.40260700,-1.44766700,270.00,true,,
1790443733.443,marker,reconciled,0.00000000,0.00000000,0.00,false,,
1790443733.487,hud,speed,,,,,"0.0 / 0.0",0.000
1790443733.488,hud,heading,,,,,"0° / 0°",0.000
1790443733.488,hud,drift,,,,,"0.00%",0.000
1790443733.488,hud,turns,,,,,"✗ turns: 1/15",
1790443733.489,hud,calib_s,,,,,"✓ Buffer 6s",
1790443733.489,marker,gnss,52.40260700,-1.44766700,270.00,true,,
1790443733.490,marker,reconciled,0.00000000,0.00000000,0.00,false,,
1790443733.542,hud,speed,,,,,"0.0 / 0.0",0.000
1790443733.543,hud,heading,,,,,"0° / 0°",0.000
1790443733.543,hud,drift,,,,,"0.00%",0.000
1790443733.543,hud,turns,,,,,"✗ turns: 1/15",
1790443733.544,hud,calib_s,,,,,"✓ Buffer 6s",
1790443733.544,marker,gnss,52.40260700,-1.44766700,270.00,true,,
1790443733.545,marker,reconciled,0.00000000,0.00000000,0.00,false,,
1790443733.597,hud,speed,,,,,"0.0 / 0.0",0.000
1790443733.598,hud,heading,,,,,"0° / 0°",0.000
1790443733.599,hud,drift,,,,,"0.00%",0.000
1790443733.599,hud,turns,,,,,"✗ turns: 1/15",
1790443733.599,hud,calib_s,,,,,"✓ Buffer 6s",
1790443733.600,marker,gnss,52.40260700,-1.44766700,270.00,true,,
1790443733.600,marker,reconciled,0.00000000,0.00000000,0.00,false,,
1790443733.640,hud,speed,,,,,"0.0 / 0.0",0.000
1790443733.641,hud,heading,,,,,"0° / 0°",0.000
1790443733.642,hud,drift,,,,,"0.00%",0.000
1790443733.642,hud,turns,,,,,"✗ turns: 1/15",
1790443733.643,hud,calib_s,,,,,"✓ Buffer 6s",
1790443733.643,marker,gnss,52.40260700,-1.44766700,270.00,true,,
1790443733.644,marker,reconciled,0.00000000,0.00000000,0.00,false,,
1790443733.696,hud,speed,,,,,"0.0 / 0.0",0.000
1790443733.697,hud,heading,,,,,"0° / 0°",0.000
1790443733.697,hud,drift,,,,,"0.00%",0.000
1790443733.697,hud,turns,,,,,"✗ turns: 1/15",
1790443733.698,hud,calib_s,,,,,"✓ Buffer 6s",
1790443733.698,marker,gnss,52.40260700,-1.44766700,270.00,true,,
1790443733.699,marker,reconciled,0.00000000,0.00000000,0.00,false,,
1790443733.752,hud,speed,,,,,"0.0 / 0.0",0.000
1790443733.752,hud,heading,,,,,"0° / 0°",0.000
1790443733.752,hud,drift,,,,,"0.00%",0.000
1790443733.753,hud,turns,,,,,"✗ turns: 1/15",
1790443733.753,hud,calib_s,,,,,"✓ Buffer 6s",
1790443733.754,marker,gnss,52.40260700,-1.44766700,270.00,true,,
1790443733.755,marker,reconciled,0.00000000,0.00000000,0.00,false,,
1790443733.800,hud,speed,,,,,"0.0 / 0.0",0.000
1790443733.800,hud,heading,,,,,"0° / 0°",0.000
1790443733.801,hud,drift,,,,,"0.00%",0.000
1790443733.801,hud,turns,,,,,"✗ turns: 1/15",
1790443733.801,hud,calib_s,,,,,"✓ Buffer 6s",
1790443733.802,marker,gnss,52.40260700,-1.44766700,270.00,true,,
1790443733.803,marker,reconciled,0.00000000,0.00000000,0.00,false,,
1790443733.852,hud,speed,,,,,"0.0 / 0.0",0.000
1790443733.853,hud,heading,,,,,"0° / 0°",0.000
1790443733.853,hud,drift,,,,,"0.00%",0.000
1790443733.854,hud,turns,,,,,"✗ turns: 1/15",
1790443733.854,hud,calib_s,,,,,"✓ Buffer 6s",
1790443733.855,marker,gnss,52.40260700,-1.44766700,270.00,true,,
1790443733.855,marker,reconciled,0.00000000,0.00000000,0.00,false,,
1790443733.902,hud,speed,,,,,"0.0 / 0.0",0.000
1790443733.903,hud,heading,,,,,"0° / 0°",0.000
1790443733.903,hud,drift,,,,,"0.00%",0.000
1790443733.903,hud,turns,,,,,"✗ turns: 1/15",
1790443733.904,hud,calib_s,,,,,"✓ Buffer 6s",
1790443733.904,marker,gnss,52.40260700,-1.44766700,270.00,true,,
1790443733.906,marker,reconciled,0.00000000,0.00000000,0.00,false,,
1790443733.964,hud,speed,,,,,"0.0 / 0.0",0.000
1790443733.964,hud,heading,,,,,"0° / 0°",0.000
1790443733.965,hud,drift,,,,,"0.00%",0.000
1790443733.965,hud,turns,,,,,"✗ turns: 1/15",
1790443733.965,hud,calib_s,,,,,"✓ Buffer 6s",
1790443733.966,marker,gnss,52.40260700,-1.44766700,270.00,true,,
1790443733.967,marker,reconciled,0.00000000,0.00000000,0.00,false,,
1790443734.010,hud,speed,,,,,"0.0 / 0.0",0.000
1790443734.011,hud,heading,,,,,"0° / 0°",0.000
1790443734.011,hud,drift,,,,,"0.00%",0.000
1790443734.011,hud,turns,,,,,"✗ turns: 1/15",
1790443734.012,hud,calib_s,,,,,"✓ Buffer 6s",
1790443734.012,marker,gnss,52.40260700,-1.44766700,270.00,true,,
1790443734.012,marker,reconciled,0.00000000,0.00000000,0.00,false,,
1790443734.057,hud,speed,,,,,"0.0 / 0.0",0.000
1790443734.057,hud,heading,,,,,"0° / 0°",0.000
1790443734.058,hud,drift,,,,,"0.00%",0.000
1790443734.058,hud,turns,,,,,"✗ turns: 1/15",
1790443734.058,hud,calib_s,,,,,"✓ Buffer 6s",
1790443734.059,marker,gnss,52.40260700,-1.44766700,270.00,true,,
1790443734.059,marker,reconciled,0.00000000,0.00000000,0.00,false,,
1790443734.105,hud,speed,,,,,"0.0 / 0.0",0.000
1790443734.106,hud,heading,,,,,"0° / 0°",0.000
1790443734.106,hud,drift,,,,,"0.00%",0.000
1790443734.107,hud,turns,,,,,"✗ turns: 1/15",
1790443734.107,hud,calib_s,,,,,"✓ Buffer 6s",
1790443734.107,marker,gnss,52.40260700,-1.44766700,270.00,true,,
1790443734.108,marker,reconciled,0.00000000,0.00000000,0.00,false,,
1790443734.159,hud,speed,,,,,"0.0 / 0.0",0.000
1790443734.160,hud,heading,,,,,"0° / 0°",0.000
1790443734.160,hud,drift,,,,,"0.00%",0.000
1790443734.160,hud,turns,,,,,"✗ turns: 1/15",
1790443734.160,hud,calib_s,,,,,"✓ Buffer 6s",
1790443734.161,marker,gnss,52.40260700,-1.44766700,270.00,true,,
1790443734.161,marker,reconciled,0.00000000,0.00000000,0.00,false,,
1790443734.210,hud,speed,,,,,"0.0 / 0.0",0.000
1790443734.211,hud,heading,,,,,"0° / 0°",0.000
1790443734.211,hud,drift,,,,,"0.00%",0.000
1790443734.211,hud,turns,,,,,"✗ turns: 1/15",
1790443734.212,hud,calib_s,,,,,"✓ Buffer 6s",
1790443734.212,marker,gnss,52.40260700,-1.44766700,270.00,true,,
1790443734.212,marker,reconciled,0.00000000,0.00000000,0.00,false,,
1790443734.267,hud,speed,,,,,"0.0 / 0.0",0.000
1790443734.268,hud,heading,,,,,"0° / 0°",0.000
1790443734.268,hud,drift,,,,,"0.00%",0.000
1790443734.269,hud,turns,,,,,"✗ turns: 1/15",
1790443734.269,hud,calib_s,,,,,"✓ Buffer 6s",
1790443734.269,marker,gnss,52.40260700,-1.44766700,270.00,true,,
1790443734.270,marker,reconciled,0.00000000,0.00000000,0.00,false,,
1790443734.315,hud,speed,,,,,"0.0 / 0.0",0.000
1790443734.315,hud,heading,,,,,"0° / 0°",0.000
1790443734.316,hud,drift,,,,,"0.00%",0.000
1790443734.316,hud,turns,,,,,"✗ turns: 1/15",
1790443734.316,hud,calib_s,,,,,"✓ Buffer 6s",
1790443734.317,marker,gnss,52.40260700,-1.44766700,270.00,true,,
1790443734.318,marker,reconciled,0.00000000,0.00000000,0.00,false,,
1790443734.365,hud,speed,,,,,"0.0 / 0.0",0.000
1790443734.366,hud,heading,,,,,"0° / 0°",0.000
1790443734.366,hud,drift,,,,,"0.00%",0.000
1790443734.367,hud,turns,,,,,"✗ turns: 1/15",
1790443734.367,hud,calib_s,,,,,"✓ Buffer 6s",
1790443734.368,marker,gnss,52.40260700,-1.44766700,270.00,true,,
1790443734.368,marker,reconciled,0.00000000,0.00000000,0.00,false,,
1790443734.418,hud,speed,,,,,"0.0 / 0.0",0.000
1790443734.419,hud,heading,,,,,"0° / 0°",0.000
1790443734.419,hud,drift,,,,,"0.00%",0.000
1790443734.419,hud,turns,,,,,"✗ turns: 1/15",
1790443734.420,hud,calib_s,,,,,"✓ Buffer 6s",
1790443734.420,marker,gnss,52.40260700,-1.44766700,270.00,true,,
1790443734.421,marker,reconciled,0.00000000,0.00000000,0.00,false,,
1790443734.469,hud,speed,,,,,"0.0 / 0.0",0.000
1790443734.469,hud,heading,,,,,"0° / 0°",0.000
1790443734.470,hud,drift,,,,,"0.00%",0.000
1790443734.470,hud,turns,,,,,"✗ turns: 1/15",
1790443734.471,hud,calib_s,,,,,"✓ Buffer 6s",
1790443734.471,marker,gnss,52.40260700,-1.44766700,270.00,true,,
1790443734.472,marker,reconciled,0.00000000,0.00000000,0.00,false,,
1790443734.523,hud,speed,,,,,"0.0 / 0.0",0.000
1790443734.524,hud,heading,,,,,"0° / 0°",0.000
1790443734.524,hud,drift,,,,,"0.00%",0.000
1790443734.524,hud,turns,,,,,"✗ turns: 1/15",
1790443734.525,hud,calib_s,,,,,"✓ Buffer 6s",
1790443734.525,marker,gnss,52.40260700,-1.44766700,270.00,true,,
1790443734.526,marker,reconciled,0.00000000,0.00000000,0.00,false,,
1790443734.577,hud,speed,,,,,"0.0 / 0.0",0.000
1790443734.578,hud,heading,,,,,"0° / 0°",0.000
1790443734.579,hud,drift,,,,,"0.00%",0.000
1790443734.579,hud,turns,,,,,"✗ turns: 1/15",
1790443734.579,hud,calib_s,,,,,"✓ Buffer 6s",
1790443734.580,marker,gnss,52.40260700,-1.44766700,270.00,true,,
1790443734.580,marker,reconciled,0.00000000,0.00000000,0.00,false,,
1790443734.625,hud,speed,,,,,"0.0 / 0.0",0.000
1790443734.626,hud,heading,,,,,"0° / 0°",0.000
1790443734.627,hud,drift,,,,,"0.00%",0.000
1790443734.627,hud,turns,,,,,"✗ turns: 1/15",
1790443734.627,hud,calib_s,,,,,"✓ Buffer 6s",
1790443734.628,marker,gnss,52.40260700,-1.44766700,270.00,true,,
1790443734.628,marker,reconciled,0.00000000,0.00000000,0.00,false,,
1790443734.681,hud,speed,,,,,"0.0 / 0.0",0.000
1790443734.682,hud,heading,,,,,"0° / 0°",0.000
1790443734.682,hud,drift,,,,,"0.00%",0.000
1790443734.683,hud,turns,,,,,"✗ turns: 1/15",
1790443734.683,hud,calib_s,,,,,"✓ Buffer 6s",
1790443734.684,marker,gnss,52.40260700,-1.44766700,270.00,true,,
1790443734.684,marker,reconciled,0.00000000,0.00000000,0.00,false,,
1790443734.730,hud,speed,,,,,"0.0 / 0.0",0.000
1790443734.731,hud,heading,,,,,"0° / 0°",0.000
1790443734.731,hud,drift,,,,,"0.00%",0.000
1790443734.731,hud,turns,,,,,"✗ turns: 1/15",
1790443734.732,hud,calib_s,,,,,"✓ Buffer 6s",
1790443734.732,marker,gnss,52.40260700,-1.44766700,270.00,true,,
1790443734.733,marker,reconciled,0.00000000,0.00000000,0.00,false,,
1790443734.781,hud,speed,,,,,"0.0 / 0.0",0.000
1790443734.781,hud,heading,,,,,"0° / 0°",0.000
1790443734.782,hud,drift,,,,,"0.00%",0.000
1790443734.782,hud,turns,,,,,"✗ turns: 1/15",
1790443734.783,hud,calib_s,,,,,"✓ Buffer 6s",
1790443734.783,marker,gnss,52.40260700,-1.44766700,270.00,true,,
1790443734.784,marker,reconciled,0.00000000,0.00000000,0.00,false,,
1790443734.830,hud,speed,,,,,"0.0 / 0.0",0.000
1790443734.831,hud,heading,,,,,"0° / 0°",0.000
1790443734.831,hud,drift,,,,,"0.00%",0.000
1790443734.832,hud,turns,,,,,"✗ turns: 1/15",
1790443734.832,hud,calib_s,,,,,"✓ Buffer 6s",
1790443734.832,marker,gnss,52.40260700,-1.44766700,270.00,true,,
1790443734.833,marker,reconciled,0.00000000,0.00000000,0.00,false,,
1790443734.881,hud,speed,,,,,"0.0 / 0.0",0.000
1790443734.881,hud,heading,,,,,"0° / 0°",0.000
1790443734.882,hud,drift,,,,,"0.00%",0.000
1790443734.882,hud,turns,,,,,"✗ turns: 1/15",
1790443734.883,hud,calib_s,,,,,"✓ Buffer 6s",
1790443734.883,marker,gnss,52.40260700,-1.44766700,270.00,true,,
1790443734.884,marker,reconciled,0.00000000,0.00000000,0.00,false,,
1790443734.938,hud,speed,,,,,"0.0 / 0.0",0.000
1790443734.939,hud,heading,,,,,"0° / 0°",0.000
1790443734.939,hud,drift,,,,,"0.00%",0.000
1790443734.939,hud,turns,,,,,"✗ turns: 1/15",
1790443734.940,hud,calib_s,,,,,"✓ Buffer 6s",
1790443734.940,marker,gnss,52.40260700,-1.44766700,270.00,true,,
1790443734.941,marker,reconciled,0.00000000,0.00000000,0.00,false,,
1790443734.988,hud,speed,,,,,"0.0 / 0.0",0.000
1790443734.989,hud,heading,,,,,"0° / 0°",0.000
1790443734.990,hud,drift,,,,,"0.00%",0.000
1790443734.990,hud,turns,,,,,"✗ turns: 1/15",
1790443734.991,hud,calib_s,,,,,"✓ Buffer 6s",
1790443734.991,marker,gnss,52.40260700,-1.44766700,270.00,true,,
1790443734.992,marker,reconciled,0.00000000,0.00000000,0.00,false,,
1790443735.032,hud,speed,,,,,"0.0 / 0.0",0.000
1790443735.033,hud,heading,,,,,"0° / 0°",0.000
1790443735.034,hud,drift,,,,,"0.00%",0.000
1790443735.034,hud,turns,,,,,"✗ turns: 1/15",
1790443735.034,hud,calib_s,,,,,"✓ Buffer 6s",
1790443735.035,marker,gnss,52.40260700,-1.44766700,270.00,true,,
1790443735.035,marker,reconciled,0.00000000,0.00000000,0.00,false,,
1790443735.089,hud,speed,,,,,"0.0 / 0.0",0.000
1790443735.089,hud,heading,,,,,"0° / 0°",0.000
1790443735.090,hud,drift,,,,,"0.00%",0.000
1790443735.090,hud,turns,,,,,"✗ turns: 1/15",
1790443735.090,hud,calib_s,,,,,"✓ Buffer 6s",
1790443735.091,marker,gnss,52.40260700,-1.44766700,270.00,true,,
1790443735.091,marker,reconciled,0.00000000,0.00000000,0.00,false,,
1790443735.140,hud,speed,,,,,"0.0 / 0.0",0.000
1790443735.141,hud,heading,,,,,"0° / 0°",0.000
1790443735.141,hud,drift,,,,,"0.00%",0.000
1790443735.142,hud,turns,,,,,"✗ turns: 1/15",
1790443735.142,hud,calib_s,,,,,"✓ Buffer 6s",
1790443735.143,marker,gnss,52.40260700,-1.44766700,270.00,true,,
1790443735.143,marker,reconciled,0.00000000,0.00000000,0.00,false,,
1790443735.194,hud,speed,,,,,"0.0 / 0.0",0.000
1790443735.194,hud,heading,,,,,"0° / 0°",0.000
1790443735.195,hud,drift,,,,,"0.00%",0.000
1790443735.195,hud,turns,,,,,"✗ turns: 1/15",
1790443735.195,hud,calib_s,,,,,"✓ Buffer 6s",
1790443735.196,marker,gnss,52.40260700,-1.44766700,270.00,true,,
1790443735.196,marker,reconciled,0.00000000,0.00000000,0.00,false,,
1790443735.243,hud,speed,,,,,"0.0 / 0.0",0.000
1790443735.244,hud,heading,,,,,"0° / 0°",0.000
1790443735.244,hud,drift,,,,,"0.00%",0.000
1790443735.245,hud,turns,,,,,"✗ turns: 1/15",
1790443735.245,hud,calib_s,,,,,"✓ Buffer 6s",
1790443735.246,marker,gnss,52.40260700,-1.44766700,270.00,true,,
1790443735.246,marker,reconciled,0.00000000,0.00000000,0.00,false,,
1790443735.292,hud,speed,,,,,"0.0 / 0.0",0.000
1790443735.292,hud,heading,,,,,"0° / 0°",0.000
1790443735.293,hud,drift,,,,,"0.00%",0.000
1790443735.293,hud,turns,,,,,"✗ turns: 1/15",
1790443735.293,hud,calib_s,,,,,"✓ Buffer 6s",
1790443735.294,marker,gnss,52.40260700,-1.44766700,270.00,true,,
1790443735.295,marker,reconciled,0.00000000,0.00000000,0.00,false,,
1790443735.349,hud,speed,,,,,"0.0 / 0.0",0.000
1790443735.349,hud,heading,,,,,"0° / 0°",0.000
1790443735.350,hud,drift,,,,,"0.00%",0.000
1790443735.350,hud,turns,,,,,"✗ turns: 1/15",
1790443735.351,hud,calib_s,,,,,"✓ Buffer 6s",
1790443735.351,marker,gnss,52.40260700,-1.44766700,270.00,true,,
1790443735.352,marker,reconciled,0.00000000,0.00000000,0.00,false,,
1790443735.402,hud,speed,,,,,"0.0 / 0.0",0.000
1790443735.402,hud,heading,,,,,"0° / 0°",0.000
1790443735.403,hud,drift,,,,,"0.00%",0.000
1790443735.403,hud,turns,,,,,"✗ turns: 1/15",
1790443735.403,hud,calib_s,,,,,"✓ Buffer 6s",
1790443735.404,marker,gnss,52.40260700,-1.44766700,270.00,true,,
1790443735.404,marker,reconciled,0.00000000,0.00000000,0.00,false,,
1790443735.451,hud,speed,,,,,"0.0 / 0.0",0.000
1790443735.451,hud,heading,,,,,"0° / 0°",0.000
1790443735.452,hud,drift,,,,,"0.00%",0.000
1790443735.452,hud,turns,,,,,"✗ turns: 1/15",
1790443735.452,hud,calib_s,,,,,"✓ Buffer 6s",
1790443735.453,marker,gnss,52.40260700,-1.44766700,270.00,true,,
1790443735.453,marker,reconciled,0.00000000,0.00000000,0.00,false,,
1790443735.501,hud,speed,,,,,"0.0 / 0.0",0.000
1790443735.502,hud,heading,,,,,"0° / 0°",0.000
1790443735.502,hud,drift,,,,,"0.00%",0.000
1790443735.503,hud,turns,,,,,"✗ turns: 1/15",
1790443735.503,hud,calib_s,,,,,"✓ Buffer 6s",
1790443735.504,marker,gnss,52.40260700,-1.44766700,270.00,true,,
1790443735.504,marker,reconciled,0.00000000,0.00000000,0.00,false,,
1790443735.554,hud,speed,,,,,"0.0 / 0.0",0.000
1790443735.555,hud,heading,,,,,"0° / 0°",0.000
1790443735.555,hud,drift,,,,,"0.00%",0.000
1790443735.555,hud,turns,,,,,"✗ turns: 1/15",
1790443735.555,hud,calib_s,,,,,"✓ Buffer 6s",
1790443735.556,marker,gnss,52.40260700,-1.44766700,270.00,true,,
1790443735.557,marker,reconciled,0.00000000,0.00000000,0.00,false,,
1790443735.603,hud,speed,,,,,"0.0 / 0.0",0.000
1790443735.604,hud,heading,,,,,"0° / 0°",0.000
1790443735.604,hud,drift,,,,,"0.00%",0.000
1790443735.605,hud,turns,,,,,"✗ turns: 1/15",
1790443735.605,hud,calib_s,,,,,"✓ Buffer 6s",
1790443735.605,marker,gnss,52.40260700,-1.44766700,270.00,true,,
1790443735.606,marker,reconciled,0.00000000,0.00000000,0.00,false,,
1790443735.657,hud,speed,,,,,"0.0 / 0.0",0.000
1790443735.657,hud,heading,,,,,"0° / 0°",0.000
1790443735.658,hud,drift,,,,,"0.00%",0.000
1790443735.658,hud,turns,,,,,"✗ turns: 1/15",
1790443735.658,hud,calib_s,,,,,"✓ Buffer 6s",
1790443735.659,marker,gnss,52.40260700,-1.44766700,270.00,true,,
1790443735.659,marker,reconciled,0.00000000,0.00000000,0.00,false,,
1790443735.707,hud,speed,,,,,"0.0 / 0.0",0.000
1790443735.707,hud,heading,,,,,"0° / 0°",0.000
1790443735.708,hud,drift,,,,,"0.00%",0.000
1790443735.708,hud,turns,,,,,"✗ turns: 1/15",
1790443735.708,hud,calib_s,,,,,"✓ Buffer 6s",
1790443735.709,marker,gnss,52.40260700,-1.44766700,270.00,true,,
1790443735.709,marker,reconciled,0.00000000,0.00000000,0.00,false,,
1790443735.759,hud,speed,,,,,"0.0 / 0.0",0.000
1790443735.759,hud,heading,,,,,"0° / 0°",0.000
1790443735.760,hud,drift,,,,,"0.00%",0.000
1790443735.760,hud,turns,,,,,"✗ turns: 1/15",
1790443735.760,hud,calib_s,,,,,"✓ Buffer 6s",
1790443735.761,marker,gnss,52.40260700,-1.44766700,270.00,true,,
1790443735.761,marker,reconciled,0.00000000,0.00000000,0.00,false,,
1790443735.813,hud,speed,,,,,"0.0 / 0.0",0.000
1790443735.813,hud,heading,,,,,"0° / 0°",0.000
1790443735.814,hud,drift,,,,,"0.00%",0.000
1790443735.814,hud,turns,,,,,"✗ turns: 1/15",
1790443735.815,hud,calib_s,,,,,"✓ Buffer 6s",
1790443735.815,marker,gnss,52.40260700,-1.44766700,270.00,true,,
1790443735.816,marker,reconciled,0.00000000,0.00000000,0.00,false,,
1790443735.863,hud,speed,,,,,"0.0 / 0.0",0.000
1790443735.863,hud,heading,,,,,"0° / 0°",0.000
1790443735.864,hud,drift,,,,,"0.00%",0.000
1790443735.864,hud,turns,,,,,"✗ turns: 1/15",
1790443735.864,hud,calib_s,,,,,"✓ Buffer 6s",
1790443735.865,marker,gnss,52.40260700,-1.44766700,270.00,true,,
1790443735.865,marker,reconciled,0.00000000,0.00000000,0.00,false,,
1790443735.913,hud,speed,,,,,"0.0 / 0.0",0.000
1790443735.913,hud,heading,,,,,"0° / 0°",0.000
1790443735.913,hud,drift,,,,,"0.00%",0.000
1790443735.914,hud,turns,,,,,"✗ turns: 1/15",
1790443735.914,hud,calib_s,,,,,"✓ Buffer 6s",
1790443735.915,marker,gnss,52.40260700,-1.44766700,270.00,true,,
1790443735.915,marker,reconciled,0.00000000,0.00000000,0.00,false,,
1790443735.965,hud,speed,,,,,"0.0 / 0.0",0.000
1790443735.966,hud,heading,,,,,"0° / 0°",0.000
1790443735.966,hud,drift,,,,,"0.00%",0.000
1790443735.966,hud,turns,,,,,"✗ turns: 1/15",
1790443735.967,hud,calib_s,,,,,"✓ Buffer 6s",
1790443735.967,marker,gnss,52.40260700,-1.44766700,270.00,true,,
1790443735.968,marker,reconciled,0.00000000,0.00000000,0.00,false,,
1790443736.018,hud,speed,,,,,"0.0 / 0.0",0.000
1790443736.019,hud,heading,,,,,"0° / 0°",0.000
1790443736.019,hud,drift,,,,,"0.00%",0.000
1790443736.020,hud,turns,,,,,"✗ turns: 1/15",
1790443736.020,hud,calib_s,,,,,"✓ Buffer 6s",
1790443736.021,marker,gnss,52.40260700,-1.44766700,270.00,true,,
1790443736.021,marker,reconciled,0.00000000,0.00000000,0.00,false,,
1790443736.070,hud,speed,,,,,"0.0 / 0.0",0.000
1790443736.071,hud,heading,,,,,"0° / 0°",0.000
1790443736.071,hud,drift,,,,,"0.00%",0.000
1790443736.072,hud,turns,,,,,"✗ turns: 1/15",
1790443736.072,hud,calib_s,,,,,"✓ Buffer 6s",
1790443736.073,marker,gnss,52.40260700,-1.44766700,270.00,true,,
1790443736.073,marker,reconciled,0.00000000,0.00000000,0.00,false,,
1790443736.127,hud,speed,,,,,"0.0 / 0.0",0.000
1790443736.128,hud,heading,,,,,"0° / 0°",0.000
1790443736.128,hud,drift,,,,,"0.00%",0.000
1790443736.129,hud,turns,,,,,"✗ turns: 1/15",
1790443736.129,hud,calib_s,,,,,"✓ Buffer 6s",
1790443736.131,marker,gnss,52.40260700,-1.44766700,270.00,true,,
1790443736.131,marker,reconciled,0.00000000,0.00000000,0.00,false,,
1790443736.169,hud,speed,,,,,"0.0 / 0.0",0.000
1790443736.170,hud,heading,,,,,"0° / 0°",0.000
1790443736.170,hud,drift,,,,,"0.00%",0.000
1790443736.171,hud,turns,,,,,"✗ turns: 1/15",
1790443736.171,hud,calib_s,,,,,"✓ Buffer 6s",
1790443736.171,marker,gnss,52.40260700,-1.44766700,270.00,true,,
1790443736.172,marker,reconciled,0.00000000,0.00000000,0.00,false,,
1790443736.224,hud,speed,,,,,"0.0 / 0.0",0.000
1790443736.224,hud,heading,,,,,"0° / 0°",0.000
1790443736.225,hud,drift,,,,,"0.00%",0.000
1790443736.225,hud,turns,,,,,"✗ turns: 1/15",
1790443736.225,hud,calib_s,,,,,"✓ Buffer 6s",
1790443736.226,marker,gnss,52.40260700,-1.44766700,270.00,true,,
1790443736.226,marker,reconciled,0.00000000,0.00000000,0.00,false,,
1790443736.275,hud,speed,,,,,"0.0 / 0.0",0.000
1790443736.276,hud,heading,,,,,"0° / 0°",0.000
1790443736.276,hud,drift,,,,,"0.00%",0.000
1790443736.277,hud,turns,,,,,"✗ turns: 1/15",
1790443736.277,hud,calib_s,,,,,"✓ Buffer 6s",
1790443736.278,marker,gnss,52.40260700,-1.44766700,270.00,true,,
1790443736.278,marker,reconciled,0.00000000,0.00000000,0.00,false,,
1790443736.328,hud,speed,,,,,"0.0 / 0.0",0.000
1790443736.329,hud,heading,,,,,"0° / 0°",0.000
1790443736.329,hud,drift,,,,,"0.00%",0.000
1790443736.330,hud,turns,,,,,"✗ turns: 1/15",
1790443736.330,hud,calib_s,,,,,"✓ Buffer 6s",
1790443736.331,marker,gnss,52.40260700,-1.44766700,270.00,true,,
1790443736.331,marker,reconciled,0.00000000,0.00000000,0.00,false,,
1790443736.383,hud,speed,,,,,"0.0 / 0.0",0.000
1790443736.383,hud,heading,,,,,"0° / 0°",0.000
1790443736.384,hud,drift,,,,,"0.00%",0.000
1790443736.384,hud,turns,,,,,"✗ turns: 1/15",
1790443736.384,hud,calib_s,,,,,"✓ Buffer 6s",
1790443736.385,marker,gnss,52.40260700,-1.44766700,270.00,true,,
1790443736.385,marker,reconciled,0.00000000,0.00000000,0.00,false,,
1790443736.433,hud,speed,,,,,"0.0 / 0.0",0.000
1790443736.434,hud,heading,,,,,"0° / 0°",0.000
1790443736.435,hud,drift,,,,,"0.00%",0.000
1790443736.435,hud,turns,,,,,"✗ turns: 1/15",
1790443736.435,hud,calib_s,,,,,"✓ Buffer 6s",
1790443736.436,marker,gnss,52.40260700,-1.44766700,270.00,true,,
1790443736.436,marker,reconciled,0.00000000,0.00000000,0.00,false,,
1790443736.485,hud,speed,,,,,"0.0 / 0.0",0.000
1790443736.486,hud,heading,,,,,"0° / 0°",0.000
1790443736.486,hud,drift,,,,,"0.00%",0.000
1790443736.487,hud,turns,,,,,"✗ turns: 1/15",
1790443736.487,hud,calib_s,,,,,"✓ Buffer 6s",
1790443736.488,marker,gnss,52.40260700,-1.44766700,270.00,true,,
1790443736.488,marker,reconciled,0.00000000,0.00000000,0.00,false,,
1790443736.535,hud,speed,,,,,"0.0 / 0.0",0.000
1790443736.536,hud,heading,,,,,"0° / 0°",0.000
1790443736.536,hud,drift,,,,,"0.00%",0.000
1790443736.537,hud,turns,,,,,"✗ turns: 1/15",
1790443736.537,hud,calib_s,,,,,"✓ Buffer 6s",
1790443736.538,marker,gnss,52.40260700,-1.44766700,270.00,true,,
1790443736.538,marker,reconciled,0.00000000,0.00000000,0.00,false,,
1790443736.592,hud,speed,,,,,"0.0 / 0.0",0.000
1790443736.593,hud,heading,,,,,"0° / 0°",0.000
1790443736.593,hud,drift,,,,,"0.00%",0.000
1790443736.593,hud,turns,,,,,"✗ turns: 1/15",
1790443736.594,hud,calib_s,,,,,"✓ Buffer 6s",
1790443736.594,marker,gnss,52.40260700,-1.44766700,270.00,true,,
1790443736.595,marker,reconciled,0.00000000,0.00000000,0.00,false,,
1790443736.637,hud,speed,,,,,"0.0 / 0.0",0.000
1790443736.637,hud,heading,,,,,"0° / 0°",0.000
1790443736.638,hud,drift,,,,,"0.00%",0.000
1790443736.638,hud,turns,,,,,"✗ turns: 1/15",
1790443736.639,hud,calib_s,,,,,"✓ Buffer 6s",
1790443736.639,marker,gnss,52.40260700,-1.44766700,270.00,true,,
1790443736.640,marker,reconciled,0.00000000,0.00000000,0.00,false,,
1790443736.691,hud,speed,,,,,"0.0 / 0.0",0.000
1790443736.691,hud,heading,,,,,"0° / 0°",0.000
1790443736.692,hud,drift,,,,,"0.00%",0.000
1790443736.692,hud,turns,,,,,"✗ turns: 1/15",
1790443736.692,hud,calib_s,,,,,"✓ Buffer 6s",
1790443736.693,marker,gnss,52.40260700,-1.44766700,270.00,true,,
1790443736.693,marker,reconciled,0.00000000,0.00000000,0.00,false,,
1790443736.745,hud,speed,,,,,"0.0 / 0.0",0.000
1790443736.745,hud,heading,,,,,"0° / 0°",0.000
1790443736.745,hud,drift,,,,,"0.00%",0.000
1790443736.746,hud,turns,,,,,"✗ turns: 1/15",
1790443736.746,hud,calib_s,,,,,"✓ Buffer 6s",
1790443736.747,marker,gnss,52.40260700,-1.44766700,270.00,true,,
1790443736.747,marker,reconciled,0.00000000,0.00000000,0.00,false,,
1790443736.793,hud,speed,,,,,"0.0 / 0.0",0.000
1790443736.794,hud,heading,,,,,"0° / 0°",0.000
1790443736.795,hud,drift,,,,,"0.00%",0.000
1790443736.795,hud,turns,,,,,"✗ turns: 1/15",
1790443736.795,hud,calib_s,,,,,"✓ Buffer 6s",
1790443736.796,marker,gnss,52.40260700,-1.44766700,270.00,true,,
1790443736.797,marker,reconciled,0.00000000,0.00000000,0.00,false,,
1790443736.843,hud,speed,,,,,"0.0 / 0.0",0.000
1790443736.844,hud,heading,,,,,"0° / 0°",0.000
1790443736.844,hud,drift,,,,,"0.00%",0.000
1790443736.844,hud,turns,,,,,"✗ turns: 1/15",
1790443736.845,hud,calib_s,,,,,"✓ Buffer 6s",
1790443736.845,marker,gnss,52.40260700,-1.44766700,270.00,true,,
1790443736.846,marker,reconciled,0.00000000,0.00000000,0.00,false,,
1790443736.899,hud,speed,,,,,"0.0 / 0.0",0.000
1790443736.899,hud,heading,,,,,"0° / 0°",0.000
1790443736.900,hud,drift,,,,,"0.00%",0.000
1790443736.900,hud,turns,,,,,"✗ turns: 1/15",
1790443736.900,hud,calib_s,,,,,"✓ Buffer 6s",
1790443736.901,marker,gnss,52.40260700,-1.44766700,270.00,true,,
1790443736.901,marker,reconciled,0.00000000,0.00000000,0.00,false,,
1790443736.947,hud,speed,,,,,"0.0 / 0.0",0.000
1790443736.948,hud,heading,,,,,"0° / 0°",0.000
1790443736.948,hud,drift,,,,,"0.00%",0.000
1790443736.948,hud,turns,,,,,"✗ turns: 1/15",
1790443736.949,hud,calib_s,,,,,"✓ Buffer 6s",
1790443736.949,marker,gnss,52.40260700,-1.44766700,270.00,true,,
1790443736.950,marker,reconciled,0.00000000,0.00000000,0.00,false,,
1790443737.001,hud,speed,,,,,"0.0 / 0.0",0.000
1790443737.001,hud,heading,,,,,"0° / 0°",0.000
1790443737.002,hud,drift,,,,,"0.00%",0.000
1790443737.002,hud,turns,,,,,"✗ turns: 1/15",
1790443737.003,hud,calib_s,,,,,"✓ Buffer 6s",
1790443737.003,marker,gnss,52.40260700,-1.44766700,270.00,true,,
1790443737.004,marker,reconciled,0.00000000,0.00000000,0.00,false,,
1790443737.054,hud,speed,,,,,"0.0 / 0.0",0.000
1790443737.055,hud,heading,,,,,"0° / 0°",0.000
1790443737.055,hud,drift,,,,,"0.00%",0.000
1790443737.055,hud,turns,,,,,"✗ turns: 1/15",
1790443737.056,hud,calib_s,,,,,"✓ Buffer 6s",
1790443737.056,marker,gnss,52.40260700,-1.44766700,270.00,true,,
1790443737.057,marker,reconciled,0.00000000,0.00000000,0.00,false,,
1790443737.104,hud,speed,,,,,"0.0 / 0.0",0.000
1790443737.105,hud,heading,,,,,"0° / 0°",0.000
1790443737.105,hud,drift,,,,,"0.00%",0.000
1790443737.106,hud,turns,,,,,"✗ turns: 1/15",
1790443737.106,hud,calib_s,,,,,"✓ Buffer 6s",
1790443737.107,marker,gnss,52.40260700,-1.44766700,270.00,true,,
1790443737.107,marker,reconciled,0.00000000,0.00000000,0.00,false,,
1790443737.155,hud,speed,,,,,"0.0 / 0.0",0.000
1790443737.155,hud,heading,,,,,"0° / 0°",0.000
1790443737.156,hud,drift,,,,,"0.00%",0.000
1790443737.156,hud,turns,,,,,"✗ turns: 1/15",
1790443737.157,hud,calib_s,,,,,"✓ Buffer 6s",
1790443737.157,marker,gnss,52.40260700,-1.44766700,270.00,true,,
1790443737.158,marker,reconciled,0.00000000,0.00000000,0.00,false,,
1790443737.205,hud,speed,,,,,"0.0 / 0.0",0.000
1790443737.205,hud,heading,,,,,"0° / 0°",0.000
1790443737.206,hud,drift,,,,,"0.00%",0.000
1790443737.206,hud,turns,,,,,"✗ turns: 1/15",
1790443737.206,hud,calib_s,,,,,"✓ Buffer 6s",
1790443737.207,marker,gnss,52.40260700,-1.44766700,270.00,true,,
1790443737.207,marker,reconciled,0.00000000,0.00000000,0.00,false,,
1790443737.257,hud,speed,,,,,"0.0 / 0.0",0.000
1790443737.257,hud,heading,,,,,"0° / 0°",0.000
1790443737.257,hud,drift,,,,,"0.00%",0.000
1790443737.258,hud,turns,,,,,"✗ turns: 1/15",
1790443737.258,hud,calib_s,,,,,"✓ Buffer 6s",
1790443737.259,marker,gnss,52.40260700,-1.44766700,270.00,true,,
1790443737.259,marker,reconciled,0.00000000,0.00000000,0.00,false,,
1790443737.310,hud,speed,,,,,"0.0 / 0.0",0.000
1790443737.310,hud,heading,,,,,"0° / 0°",0.000
1790443737.311,hud,drift,,,,,"0.00%",0.000
1790443737.311,hud,turns,,,,,"✗ turns: 1/15",
1790443737.311,hud,calib_s,,,,,"✓ Buffer 6s",
1790443737.312,marker,gnss,52.40260700,-1.44766700,270.00,true,,
1790443737.312,marker,reconciled,0.00000000,0.00000000,0.00,false,,
1790443737.359,hud,speed,,,,,"0.0 / 0.0",0.000
1790443737.360,hud,heading,,,,,"0° / 0°",0.000
1790443737.360,hud,drift,,,,,"0.00%",0.000
1790443737.361,hud,turns,,,,,"✗ turns: 1/15",
1790443737.361,hud,calib_s,,,,,"✓ Buffer 6s",
1790443737.361,marker,gnss,52.40260700,-1.44766700,270.00,true,,
1790443737.362,marker,reconciled,0.00000000,0.00000000,0.00,false,,
1790443737.453,hud,speed,,,,,"4.0 / 4.2",3.970
1790443737.454,hud,heading,,,,,"91° / 99°",90.900
1790443737.454,hud,drift,,,,,"31.80%",31.800
1790443737.455,hud,turns,,,,,"✗ turns: 1/15",
1790443737.455,hud,calib_s,,,,,"✓ Buffer 6s",
1790443737.455,marker,gnss,52.40260700,-1.44752500,260.80,true,,
1790443737.456,marker,dr,52.40260696,-1.44752032,269.10,true,,
1790443737.457,marker,reconciled,0.00000000,0.00000000,0.00,false,,
1790443737.505,hud,speed,,,,,"3.8 / 4.2",3.810
1790443737.506,hud,heading,,,,,"91° / 99°",90.900
1790443737.506,hud,drift,,,,,"28.83%",28.830
1790443737.507,hud,turns,,,,,"✗ turns: 1/15",
1790443737.507,hud,calib_s,,,,,"✓ Buffer 6s",
1790443737.508,marker,gnss,52.40260700,-1.44752500,260.80,true,,
1790443737.508,marker,dr,52.40260684,-1.44751467,269.10,true,,
1790443737.509,marker,reconciled,0.00000000,0.00000000,0.00,false,,
1790443737.543,hud,speed,,,,,"3.7 / 4.2",3.650
1790443737.543,hud,heading,,,,,"91° / 99°",91.000
1790443737.544,hud,drift,,,,,"25.67%",25.670
1790443737.544,hud,turns,,,,,"✗ turns: 1/15",
1790443737.544,hud,calib_s,,,,,"✓ Buffer 6s",
1790443737.545,marker,gnss,52.40260700,-1.44752500,260.80,true,,
1790443737.545,marker,dr,52.40260672,-1.44750936,269.00,true,,
1790443737.546,marker,reconciled,0.00000000,0.00000000,0.00,false,,
1790443737.578,hud,speed,,,,,"3.6 / 4.2",3.550
1790443737.578,hud,heading,,,,,"91° / 99°",91.000
1790443737.578,hud,drift,,,,,"21.29%",21.290
1790443737.579,hud,turns,,,,,"✗ turns: 1/15",
1790443737.579,hud,calib_s,,,,,"✓ Buffer 6s",
1790443737.579,marker,gnss,52.40260700,-1.44752500,260.80,true,,
1790443737.580,marker,dr,52.40260658,-1.44750415,269.00,true,,
1790443737.580,marker,reconciled,0.00000000,0.00000000,0.00,false,,
1790443737.630,hud,speed,,,,,"3.5 / 4.2",3.510
1790443737.630,hud,heading,,,,,"91° / 99°",91.000
1790443737.630,hud,drift,,,,,"15.89%",15.890
1790443737.631,hud,turns,,,,,"✗ turns: 1/15",
1790443737.631,hud,calib_s,,,,,"✓ Buffer 6s",
1790443737.631,marker,gnss,52.40260700,-1.44752500,260.80,true,,
1790443737.632,marker,dr,52.40260639,-1.44749895,269.00,true,,
1790443737.632,marker,reconciled,0.00000000,0.00000000,0.00,false,,
1790443737.688,hud,speed,,,,,"3.5 / 4.2",3.530
1790443737.688,hud,heading,,,,,"91° / 99°",91.000
1790443737.689,hud,drift,,,,,"13.81%",13.810
1790443737.689,hud,turns,,,,,"✗ turns: 1/15",
1790443737.689,hud,calib_s,,,,,"✓ Buffer 6s",
1790443737.690,marker,gnss,52.40260700,-1.44752500,260.80,true,,
1790443737.691,marker,dr,52.40260616,-1.44749382,269.00,true,,
1790443737.691,marker,reconciled,0.00000000,0.00000000,0.00,false,,
1790443737.734,hud,speed,,,,,"3.5 / 4.2",3.490
1790443737.734,hud,heading,,,,,"91° / 99°",91.200
1790443737.735,hud,drift,,,,,"13.06%",13.060
1790443737.735,hud,turns,,,,,"✗ turns: 1/15",
1790443737.735,hud,calib_s,,,,,"✓ Buffer 6s",
1790443737.736,marker,gnss,52.40260700,-1.44752500,260.80,true,,
1790443737.737,marker,dr,52.40260588,-1.44748866,268.80,true,,
1790443737.737,marker,reconciled,0.00000000,0.00000000,0.00,false,,
1790443737.787,hud,speed,,,,,"3.4 / 4.2",3.440
1790443737.788,hud,heading,,,,,"91° / 99°",91.200
1790443737.788,hud,drift,,,,,"13.10%",13.100
1790443737.788,hud,turns,,,,,"✗ turns: 1/15",
1790443737.788,hud,calib_s,,,,,"✓ Buffer 6s",
1790443737.789,marker,gnss,52.40260700,-1.44752500,260.80,true,,
1790443737.790,marker,dr,52.40260558,-1.44748363,268.80,true,,
1790443737.790,marker,reconciled,0.00000000,0.00000000,0.00,false,,
1790443737.838,hud,speed,,,,,"3.4 / 4.2",3.390
1790443737.839,hud,heading,,,,,"91° / 99°",91.200
1790443737.839,hud,drift,,,,,"13.57%",13.570
1790443737.839,hud,turns,,,,,"✗ turns: 1/15",
1790443737.839,hud,calib_s,,,,,"✓ Buffer 6s",
1790443737.840,marker,gnss,52.40260700,-1.44752500,260.80,true,,
1790443737.841,marker,dr,52.40260526,-1.44747868,268.80,true,,
1790443737.841,marker,reconciled,0.00000000,0.00000000,0.00,false,,
1790443737.887,hud,speed,,,,,"0.0 / 4.2",0.000
1790443737.888,hud,heading,,,,,"91° / 99°",91.200
1790443737.888,hud,drift,,,,,"25.16%",25.160
1790443737.888,hud,turns,,,,,"✗ turns: 1/15",
1790443737.889,hud,calib_s,,,,,"✓ Buffer 6s",
1790443737.889,marker,gnss,52.40260700,-1.44752500,260.80,true,,
1790443737.890,marker,dr,52.40260526,-1.44747868,268.80,true,,
1790443737.890,marker,reconciled,0.00000000,0.00000000,0.00,false,,
1790443737.943,hud,speed,,,,,"0.0 / 4.2",0.000
1790443737.943,hud,heading,,,,,"91° / 99°",91.200
1790443737.944,hud,drift,,,,,"38.84%",38.840
1790443737.944,hud,turns,,,,,"✗ turns: 1/15",
1790443737.944,hud,calib_s,,,,,"✓ Buffer 6s",
1790443737.945,marker,gnss,52.40260700,-1.44752500,260.80,true,,
1790443737.945,marker,dr,52.40260526,-1.44747868,268.80,true,,
1790443737.946,marker,reconciled,0.00000000,0.00000000,0.00,false,,
1790443737.993,hud,speed,,,,,"3.3 / 4.2",3.290
1790443737.993,hud,heading,,,,,"91° / 99°",91.100
1790443737.994,hud,drift,,,,,"38.16%",38.160
1790443737.994,hud,turns,,,,,"✗ turns: 1/15",
1790443737.994,hud,calib_s,,,,,"✓ Buffer 6s",
1790443737.995,marker,gnss,52.40260700,-1.44752500,260.80,true,,
1790443737.996,marker,dr,52.40260525,-1.44747380,268.90,true,,
1790443737.996,marker,reconciled,0.00000000,0.00000000,0.00,false,,
1790443738.045,hud,speed,,,,,"3.1 / 4.2",3.050
1790443738.046,hud,heading,,,,,"91° / 99°",90.800
1790443738.046,hud,drift,,,,,"38.41%",38.410
1790443738.046,hud,turns,,,,,"✗ turns: 1/15",
1790443738.047,hud,calib_s,,,,,"✓ Buffer 6s",
1790443738.047,marker,gnss,52.40260700,-1.44752500,260.80,true,,
1790443738.048,marker,dr,52.40260520,-1.44746931,269.20,true,,
1790443738.048,marker,reconciled,0.00000000,0.00000000,0.00,false,,
1790443738.097,hud,speed,,,,,"3.0 / 4.2",2.960
1790443738.098,hud,heading,,,,,"91° / 99°",91.200
1790443738.098,hud,drift,,,,,"38.90%",38.900
1790443738.098,hud,turns,,,,,"✗ turns: 1/15",
1790443738.099,hud,calib_s,,,,,"✓ Buffer 6s",
1790443738.099,marker,gnss,52.40260700,-1.44752500,260.80,true,,
1790443738.100,marker,dr,52.40260511,-1.44746502,268.80,true,,
1790443738.100,marker,reconciled,0.00000000,0.00000000,0.00,false,,
1790443738.146,hud,speed,,,,,"3.0 / 4.2",2.980
1790443738.147,hud,heading,,,,,"91° / 99°",91.300
1790443738.147,hud,drift,,,,,"39.19%",39.190
1790443738.147,hud,turns,,,,,"✗ turns: 1/15",
1790443738.148,hud,calib_s,,,,,"✓ Buffer 6s",
1790443738.148,marker,gnss,52.40260700,-1.44752500,260.80,true,,
1790443738.149,marker,dr,52.40260498,-1.44746064,268.70,true,,
1790443738.149,marker,reconciled,0.00000000,0.00000000,0.00,false,,
1790443738.200,hud,speed,,,,,"3.1 / 4.2",3.060
1790443738.201,hud,heading,,,,,"91° / 99°",91.300
1790443738.201,hud,drift,,,,,"39.30%",39.300
1790443738.201,hud,turns,,,,,"✗ turns: 1/15",
1790443738.201,hud,calib_s,,,,,"✓ Buffer 6s",
1790443738.202,marker,gnss,52.40260700,-1.44752500,260.80,true,,
1790443738.202,marker,dr,52.40260494,-1.44745614,268.70,true,,
1790443738.203,marker,reconciled,0.00000000,0.00000000,0.00,false,,
1790443738.252,hud,speed,,,,,"3.1 / 4.2",3.100
1790443738.253,hud,heading,,,,,"91° / 99°",91.200
1790443738.253,hud,drift,,,,,"39.28%",39.280
1790443738.253,hud,turns,,,,,"✗ turns: 1/15",
1790443738.254,hud,calib_s,,,,,"✓ Buffer 6s",
1790443738.255,marker,gnss,52.40260700,-1.44752500,260.80,true,,
1790443738.255,marker,dr,52.40260487,-1.44745159,268.80,true,,
1790443738.256,marker,reconciled,0.00000000,0.00000000,0.00,false,,
1790443738.300,hud,speed,,,,,"3.2 / 4.2",3.180
1790443738.301,hud,heading,,,,,"91° / 99°",91.300
1790443738.301,hud,drift,,,,,"39.02%",39.020
1790443738.301,hud,turns,,,,,"✗ turns: 1/15",
1790443738.302,hud,calib_s,,,,,"✓ Buffer 6s",
1790443738.302,marker,gnss,52.40260700,-1.44752500,260.80,true,,
1790443738.303,marker,dr,52.40260476,-1.44744692,268.70,true,,
1790443738.303,marker,reconciled,0.00000000,0.00000000,0.00,false,,
1790443738.352,hud,speed,,,,,"3.3 / 4.2",3.250
1790443738.353,hud,heading,,,,,"91° / 99°",91.300
1790443738.353,hud,drift,,,,,"38.58%",38.580
1790443738.353,hud,turns,,,,,"✗ turns: 1/15",
1790443738.354,hud,calib_s,,,,,"✓ Buffer 6s",
1790443738.354,marker,gnss,52.40260700,-1.44752500,260.80,true,,
1790443738.355,marker,dr,52.40260463,-1.44744215,268.70,true,,
1790443738.355,marker,reconciled,0.00000000,0.00000000,0.00,false,,
1790443738.403,hud,speed,,,,,"3.3 / 4.2",3.340
1790443738.403,hud,heading,,,,,"91° / 99°",91.400
1790443738.404,hud,drift,,,,,"37.98%",37.980
1790443738.404,hud,turns,,,,,"✗ turns: 1/15",
1790443738.404,hud,calib_s,,,,,"✓ Buffer 6s",
1790443738.405,marker,gnss,52.40260700,-1.44752500,260.80,true,,
1790443738.405,marker,dr,52.40260447,-1.44743720,268.60,true,,
1790443738.405,marker,reconciled,0.00000000,0.00000000,0.00,false,,
1790443738.456,hud,speed,,,,,"3.4 / 4.2",3.420
1790443738.457,hud,heading,,,,,"91° / 99°",91.400
1790443738.457,hud,drift,,,,,"37.24%",37.240
1790443738.457,hud,turns,,,,,"✗ turns: 1/15",
1790443738.458,hud,calib_s,,,,,"✓ Buffer 6s",
1790443738.458,marker,gnss,52.40260700,-1.44752500,260.80,true,,
1790443738.459,marker,dr,52.40260426,-1.44743219,268.60,true,,
1790443738.459,marker,reconciled,0.00000000,0.00000000,0.00,false,,
1790443738.505,hud,speed,,,,,"3.5 / 4.2",3.530
1790443738.505,hud,heading,,,,,"91° / 99°",91.400
1790443738.506,hud,drift,,,,,"36.40%",36.400
1790443738.506,hud,turns,,,,,"✗ turns: 1/15",
1790443738.507,hud,calib_s,,,,,"✓ Buffer 6s",
1790443738.507,marker,gnss,52.40260700,-1.44752500,260.80,true,,
1790443738.508,marker,dr,52.40260410,-1.44742705,268.60,true,,
1790443738.508,marker,reconciled,0.00000000,0.00000000,0.00,false,,
1790443738.556,hud,speed,,,,,"3.7 / 4.2",3.660
1790443738.557,hud,heading,,,,,"91° / 99°",91.400
1790443738.557,hud,drift,,,,,"35.39%",35.390
1790443738.558,hud,turns,,,,,"✗ turns: 1/15",
1790443738.558,hud,calib_s,,,,,"✓ Buffer 6s",
1790443738.559,marker,gnss,52.40260700,-1.44752500,260.80,true,,
1790443738.559,marker,dr,52.40260390,-1.44742169,268.60,true,,
1790443738.560,marker,reconciled,0.00000000,0.00000000,0.00,false,,
1790443738.608,hud,speed,,,,,"3.8 / 4.2",3.780
1790443738.609,hud,heading,,,,,"91° / 99°",91.300
1790443738.609,hud,drift,,,,,"34.29%",34.290
1790443738.610,hud,turns,,,,,"✗ turns: 1/15",
1790443738.610,hud,calib_s,,,,,"✓ Buffer 6s",
1790443738.611,marker,gnss,52.40260700,-1.44752500,260.80,true,,
1790443738.611,marker,dr,52.40260372,-1.44741614,268.70,true,,
1790443738.612,marker,reconciled,0.00000000,0.00000000,0.00,false,,
1790443738.659,hud,speed,,,,,"3.9 / 4.2",3.870
1790443738.660,hud,heading,,,,,"91° / 99°",91.400
1790443738.660,hud,drift,,,,,"33.14%",33.140
1790443738.660,hud,turns,,,,,"✗ turns: 1/15",
1790443738.661,hud,calib_s,,,,,"✓ Buffer 6s",
1790443738.662,marker,gnss,52.40260700,-1.44752500,260.80,true,,
1790443738.663,marker,dr,52.40260354,-1.44741040,268.60,true,,
1790443738.663,marker,reconciled,0.00000000,0.00000000,0.00,false,,
1790443738.711,hud,speed,,,,,"4.0 / 4.2",4.000
1790443738.712,hud,heading,,,,,"92° / 99°",91.500
1790443738.712,hud,drift,,,,,"31.92%",31.920
1790443738.712,hud,turns,,,,,"✗ turns: 1/15",
1790443738.713,hud,calib_s,,,,,"✓ Buffer 6s",
1790443738.713,marker,gnss,52.40260700,-1.44752500,260.80,true,,
1790443738.714,marker,dr,52.40260334,-1.44740459,268.50,true,,
1790443738.714,marker,reconciled,0.00000000,0.00000000,0.00,false,,
1790443738.761,hud,speed,,,,,"4.1 / 4.2",4.120
1790443738.761,hud,heading,,,,,"92° / 99°",91.600
1790443738.762,hud,drift,,,,,"30.63%",30.630
1790443738.762,hud,turns,,,,,"✗ turns: 1/15",
1790443738.762,hud,calib_s,,,,,"✓ Buffer 6s",
1790443738.763,marker,gnss,52.40260700,-1.44752500,260.80,true,,
1790443738.764,marker,dr,52.40260311,-1.44739854,268.40,true,,
1790443738.764,marker,reconciled,0.00000000,0.00000000,0.00,false,,
1790443738.814,hud,speed,,,,,"4.2 / 4.2",4.200
1790443738.815,hud,heading,,,,,"92° / 99°",91.600
1790443738.815,hud,drift,,,,,"29.36%",29.360
1790443738.816,hud,turns,,,,,"✗ turns: 1/15",
1790443738.816,hud,calib_s,,,,,"✓ Buffer 6s",
1790443738.816,marker,gnss,52.40260700,-1.44752500,260.80,true,,
1790443738.817,marker,dr,52.40260289,-1.44739239,268.40,true,,
1790443738.817,marker,reconciled,0.00000000,0.00000000,0.00,false,,
1790443738.865,hud,speed,,,,,"4.3 / 4.2",4.250
1790443738.865,hud,heading,,,,,"92° / 99°",91.700
1790443738.866,hud,drift,,,,,"28.16%",28.160
1790443738.866,hud,turns,,,,,"✗ turns: 1/15",
1790443738.866,hud,calib_s,,,,,"✓ Buffer 6s",
1790443738.867,marker,gnss,52.40260700,-1.44752500,260.80,true,,
1790443738.867,marker,dr,52.40260266,-1.44738610,268.30,true,,
1790443738.868,marker,reconciled,0.00000000,0.00000000,0.00,false,,
1790443738.915,hud,speed,,,,,"4.3 / 4.2",4.300
1790443738.915,hud,heading,,,,,"92° / 99°",91.700
1790443738.916,hud,drift,,,,,"27.01%",27.010
1790443738.916,hud,turns,,,,,"✗ turns: 1/15",
1790443738.916,hud,calib_s,,,,,"✓ Buffer 6s",
1790443738.917,marker,gnss,52.40260700,-1.44752500,260.80,true,,
1790443738.917,marker,dr,52.40260244,-1.44737979,268.30,true,,
1790443738.918,marker,reconciled,0.00000000,0.00000000,0.00,false,,
1790443738.969,hud,speed,,,,,"4.3 / 4.2",4.320
1790443738.969,hud,heading,,,,,"92° / 99°",91.700
1790443738.969,hud,drift,,,,,"25.93%",25.930
1790443738.970,hud,turns,,,,,"✗ turns: 1/15",
1790443738.970,hud,calib_s,,,,,"✓ Buffer 6s",
1790443738.971,marker,gnss,52.40260700,-1.44752500,260.80,true,,
1790443738.971,marker,dr,52.40260219,-1.44737346,268.30,true,,
1790443738.972,marker,reconciled,0.00000000,0.00000000,0.00,false,,
1790443739.020,hud,speed,,,,,"4.3 / 4.2",4.310
1790443739.020,hud,heading,,,,,"92° / 99°",91.700
1790443739.021,hud,drift,,,,,"24.96%",24.960
1790443739.021,hud,turns,,,,,"✗ turns: 1/15",
1790443739.021,hud,calib_s,,,,,"✓ Buffer 6s",
1790443739.022,marker,gnss,52.40260700,-1.44752500,260.80,true,,
1790443739.023,marker,dr,52.40260192,-1.44736720,268.30,true,,
1790443739.023,marker,reconciled,0.00000000,0.00000000,0.00,false,,
1790443739.070,hud,speed,,,,,"4.3 / 4.2",4.260
1790443739.070,hud,heading,,,,,"92° / 99°",91.700
1790443739.070,hud,drift,,,,,"24.09%",24.090
1790443739.071,hud,turns,,,,,"✗ turns: 1/15",
1790443739.071,hud,calib_s,,,,,"✓ Buffer 6s",
1790443739.072,marker,gnss,52.40260700,-1.44752500,260.80,true,,
1790443739.072,marker,dr,52.40260163,-1.44736090,268.30,true,,
1790443739.072,marker,reconciled,0.00000000,0.00000000,0.00,false,,
1790443739.123,hud,speed,,,,,"4.2 / 4.2",4.230
1790443739.123,hud,heading,,,,,"92° / 99°",91.800
1790443739.124,hud,drift,,,,,"23.34%",23.340
1790443739.124,hud,turns,,,,,"✗ turns: 1/15",
1790443739.124,hud,calib_s,,,,,"✓ Buffer 6s",
1790443739.125,marker,gnss,52.40260700,-1.44752500,260.80,true,,
1790443739.126,marker,dr,52.40260138,-1.44735470,268.20,true,,
1790443739.126,marker,reconciled,0.00000000,0.00000000,0.00,false,,
1790443739.177,hud,speed,,,,,"4.2 / 4.2",4.190
1790443739.178,hud,heading,,,,,"92° / 99°",91.800
1790443739.178,hud,drift,,,,,"22.71%",22.710
1790443739.179,hud,turns,,,,,"✗ turns: 1/15",
1790443739.179,hud,calib_s,,,,,"✓ Buffer 6s",
1790443739.180,marker,gnss,52.40260700,-1.44752500,260.80,true,,
1790443739.180,marker,dr,52.40260116,-1.44734855,268.20,true,,
1790443739.180,marker,reconciled,0.00000000,0.00000000,0.00,false,,
1790443739.227,hud,speed,,,,,"3.9 / 4.2",3.920
1790443739.227,hud,heading,,,,,"92° / 99°",91.800
1790443739.228,hud,drift,,,,,"22.35%",22.350
1790443739.228,hud,turns,,,,,"✗ turns: 1/15",
1790443739.228,hud,calib_s,,,,,"✓ Buffer 6s",
1790443739.229,marker,gnss,52.40260700,-1.44752500,260.80,true,,
1790443739.229,marker,dr,52.40260094,-1.44734281,268.20,true,,
1790443739.229,marker,reconciled,0.00000000,0.00000000,0.00,false,,
1790443739.276,hud,speed,,,,,"0.0 / 4.2",0.000
1790443739.276,hud,heading,,,,,"92° / 99°",91.800
1790443739.277,hud,drift,,,,,"20.35%",20.350
1790443739.277,hud,turns,,,,,"✗ turns: 1/15",
1790443739.277,hud,calib_s,,,,,"✓ Buffer 6s",
1790443739.278,marker,gnss,52.40260700,-1.44752500,260.80,true,,
1790443739.279,marker,dr,52.40260094,-1.44734281,268.20,true,,
1790443739.279,marker,reconciled,0.00000000,0.00000000,0.00,false,,
1790443739.326,hud,speed,,,,,"0.0 / 4.2",0.000
1790443739.326,hud,heading,,,,,"92° / 99°",91.800
1790443739.327,hud,drift,,,,,"22.27%",22.270
1790443739.327,hud,turns,,,,,"✗ turns: 1/15",
1790443739.327,hud,calib_s,,,,,"✓ Buffer 6s",
1790443739.328,marker,gnss,52.40260700,-1.44752500,260.80,true,,
1790443739.328,marker,dr,52.40260094,-1.44734281,268.20,true,,
1790443739.329,marker,reconciled,0.00000000,0.00000000,0.00,false,,
1790443739.381,hud,speed,,,,,"3.6 / 4.2",3.550
1790443739.382,hud,heading,,,,,"92° / 99°",91.600
1790443739.382,hud,drift,,,,,"22.18%",22.180
1790443739.383,hud,turns,,,,,"✗ turns: 1/15",
1790443739.383,hud,calib_s,,,,,"✓ Buffer 6s",
1790443739.384,marker,gnss,52.40260700,-1.44752500,260.80,true,,
1790443739.384,marker,dr,52.40260083,-1.44733759,268.40,true,,
1790443739.385,marker,reconciled,0.00000000,0.00000000,0.00,false,,
1790443739.436,hud,speed,,,,,"0.0 / 4.2",0.000
1790443739.437,hud,heading,,,,,"92° / 99°",91.600
1790443739.437,hud,drift,,,,,"24.00%",24.000
1790443739.438,hud,turns,,,,,"✗ turns: 1/15",
1790443739.438,hud,calib_s,,,,,"✓ Buffer 6s",
1790443739.439,marker,gnss,52.40260700,-1.44752500,260.80,true,,
1790443739.439,marker,dr,52.40260083,-1.44733759,268.40,true,,
1790443739.439,marker,reconciled,0.00000000,0.00000000,0.00,false,,
1790443739.486,hud,speed,,,,,"3.3 / 4.2",3.300
1790443739.487,hud,heading,,,,,"91° / 99°",91.400
1790443739.487,hud,drift,,,,,"24.01%",24.010
1790443739.487,hud,turns,,,,,"✗ turns: 1/15",
1790443739.488,hud,calib_s,,,,,"✓ Buffer 6s",
1790443739.488,marker,gnss,52.40260700,-1.44752500,260.80,true,,
1790443739.489,marker,dr,52.40260077,-1.44733279,268.60,true,,
1790443739.489,marker,reconciled,0.00000000,0.00000000,0.00,false,,
1790443739.548,hud,speed,,,,,"0.0 / 4.2",0.000
1790443739.548,hud,heading,,,,,"91° / 99°",91.400
1790443739.549,hud,drift,,,,,"25.74%",25.740
1790443739.549,hud,turns,,,,,"✗ turns: 1/15",
1790443739.550,hud,calib_s,,,,,"✓ Buffer 6s",
1790443739.550,marker,gnss,52.40260700,-1.44752500,260.80,true,,
1790443739.551,marker,dr,52.40260077,-1.44733279,268.60,true,,
1790443739.552,marker,reconciled,0.00000000,0.00000000,0.00,false,,
1790443739.584,hud,speed,,,,,"0.0 / 4.2",0.000
1790443739.584,hud,heading,,,,,"91° / 99°",91.400
1790443739.584,hud,drift,,,,,"27.38%",27.380
1790443739.584,hud,turns,,,,,"✗ turns: 1/15",
1790443739.585,hud,calib_s,,,,,"✓ Buffer 6s",
1790443739.585,marker,gnss,52.40260700,-1.44752500,260.80,true,,
1790443739.585,marker,dr,52.40260077,-1.44733279,268.60,true,,
1790443739.586,marker,reconciled,0.00000000,0.00000000,0.00,false,,
1790443739.635,hud,speed,,,,,"0.0 / 4.2",0.000
1790443739.636,hud,heading,,,,,"91° / 99°",91.400
1790443739.636,hud,drift,,,,,"28.99%",28.990
1790443739.636,hud,turns,,,,,"✗ turns: 1/15",
1790443739.637,hud,calib_s,,,,,"✓ Buffer 6s",
1790443739.637,marker,gnss,52.40260700,-1.44752500,260.80,true,,
1790443739.638,marker,dr,52.40260077,-1.44733279,268.60,true,,
1790443739.638,marker,reconciled,0.00000000,0.00000000,0.00,false,,
1790443739.690,hud,speed,,,,,"3.2 / 4.2",3.200
1790443739.691,hud,heading,,,,,"91° / 99°",91.100
1790443739.691,hud,drift,,,,,"28.94%",28.940
1790443739.691,hud,turns,,,,,"✗ turns: 1/15",
1790443739.691,hud,calib_s,,,,,"✓ Buffer 6s",
1790443739.692,marker,gnss,52.40260700,-1.44752500,260.80,true,,
1790443739.692,marker,dr,52.40260074,-1.44732814,268.90,true,,
1790443739.693,marker,reconciled,0.00000000,0.00000000,0.00,false,,
1790443739.745,hud,speed,,,,,"3.2 / 4.2",3.200
1790443739.745,hud,heading,,,,,"91° / 99°",91.300
1790443739.746,hud,drift,,,,,"28.89%",28.890
1790443739.746,hud,turns,,,,,"✗ turns: 1/15",
1790443739.747,hud,calib_s,,,,,"✓ Buffer 6s",
1790443739.747,marker,gnss,52.40260700,-1.44752500,260.80,true,,
1790443739.748,marker,dr,52.40260069,-1.44732339,268.70,true,,
1790443739.748,marker,reconciled,0.00000000,0.00000000,0.00,false,,
1790443739.791,hud,speed,,,,,"0.0 / 4.2",0.000
1790443739.792,hud,heading,,,,,"91° / 99°",91.300
1790443739.793,hud,drift,,,,,"30.36%",30.360
1790443739.793,hud,turns,,,,,"✗ turns: 1/15",
1790443739.793,hud,calib_s,,,,,"✓ Buffer 6s",
1790443739.794,marker,gnss,52.40260700,-1.44752500,260.80,true,,
1790443739.794,marker,dr,52.40260069,-1.44732339,268.70,true,,
1790443739.795,marker,reconciled,0.00000000,0.00000000,0.00,false,,
1790443739.842,hud,speed,,,,,"0.0 / 4.2",0.000
1790443739.842,hud,heading,,,,,"91° / 99°",91.300
1790443739.843,hud,drift,,,,,"31.77%",31.770
1790443739.843,hud,turns,,,,,"✗ turns: 1/15",
1790443739.843,hud,calib_s,,,,,"✓ Buffer 6s",
1790443739.844,marker,gnss,52.40260700,-1.44752500,260.80,true,,
1790443739.845,marker,dr,52.40260069,-1.44732339,268.70,true,,
1790443739.845,marker,reconciled,0.00000000,0.00000000,0.00,false,,
1790443739.896,hud,speed,,,,,"0.0 / 4.2",0.000
1790443739.896,hud,heading,,,,,"91° / 99°",91.300
1790443739.896,hud,drift,,,,,"33.12%",33.120
1790443739.897,hud,turns,,,,,"✗ turns: 1/15",
1790443739.897,hud,calib_s,,,,,"✓ Buffer 6s",
1790443739.898,marker,gnss,52.40260700,-1.44752500,260.80,true,,
1790443739.898,marker,dr,52.40260069,-1.44732339,268.70,true,,
1790443739.899,marker,reconciled,0.00000000,0.00000000,0.00,false,,
1790443739.949,hud,speed,,,,,"3.2 / 4.2",3.230
1790443739.949,hud,heading,,,,,"92° / 99°",91.500
1790443739.949,hud,drift,,,,,"32.97%",32.970
1790443739.950,hud,turns,,,,,"✗ turns: 1/15",
1790443739.950,hud,calib_s,,,,,"✓ Buffer 6s",
1790443739.951,marker,gnss,52.40260700,-1.44752500,260.80,true,,
1790443739.951,marker,dr,52.40260061,-1.44731860,268.50,true,,
1790443739.951,marker,reconciled,0.00000000,0.00000000,0.00,false,,
1790443740.001,hud,speed,,,,,"3.3 / 4.2",3.270
1790443740.002,hud,heading,,,,,"92° / 99°",91.900
1790443740.002,hud,drift,,,,,"32.79%",32.790
1790443740.003,hud,turns,,,,,"✗ turns: 1/15",
1790443740.003,hud,calib_s,,,,,"✓ Buffer 6s",
1790443740.003,marker,gnss,52.40260700,-1.44752500,260.80,true,,
1790443740.004,marker,dr,52.40260050,-1.44731379,268.10,true,,
1790443740.004,marker,reconciled,0.00000000,0.00000000,0.00,false,,
1790443740.051,hud,speed,,,,,"0.0 / 4.2",0.000
1790443740.051,hud,heading,,,,,"92° / 99°",91.900
1790443740.051,hud,drift,,,,,"34.06%",34.060
1790443740.052,hud,turns,,,,,"✗ turns: 1/15",
1790443740.052,hud,calib_s,,,,,"✓ Buffer 6s",
1790443740.052,marker,gnss,52.40260700,-1.44752500,260.80,true,,
1790443740.052,marker,dr,52.40260050,-1.44731379,268.10,true,,
1790443740.053,marker,reconciled,0.00000000,0.00000000,0.00,false,,
1790443740.099,hud,speed,,,,,"3.4 / 4.2",3.410
1790443740.100,hud,heading,,,,,"92° / 99°",92.000
1790443740.100,hud,drift,,,,,"33.81%",33.810
1790443740.101,hud,turns,,,,,"✗ turns: 1/15",
1790443740.101,hud,calib_s,,,,,"✓ Buffer 6s",
1790443740.101,marker,gnss,52.40260700,-1.44752500,260.80,true,,
1790443740.102,marker,dr,52.40260036,-1.44730879,268.00,true,,
1790443740.102,marker,reconciled,0.00000000,0.00000000,0.00,false,,
1790443740.150,hud,speed,,,,,"3.5 / 4.2",3.490
1790443740.151,hud,heading,,,,,"92° / 99°",92.000
1790443740.151,hud,drift,,,,,"33.53%",33.530
1790443740.152,hud,turns,,,,,"✗ turns: 1/15",
1790443740.152,hud,calib_s,,,,,"✓ Buffer 6s",
1790443740.153,marker,gnss,52.40260700,-1.44752500,260.80,true,,
1790443740.153,marker,dr,52.40260018,-1.44730373,268.00,true,,
1790443740.153,marker,reconciled,0.00000000,0.00000000,0.00,false,,
1790443740.201,hud,speed,,,,,"3.6 / 4.2",3.570
1790443740.202,hud,heading,,,,,"92° / 99°",91.900
1790443740.203,hud,drift,,,,,"33.22%",33.220
1790443740.203,hud,turns,,,,,"✗ turns: 1/15",
1790443740.203,hud,calib_s,,,,,"✓ Buffer 6s",
1790443740.204,marker,gnss,52.40260700,-1.44752500,260.80,true,,
1790443740.205,marker,dr,52.40259997,-1.44729849,268.10,true,,
1790443740.206,marker,reconciled,0.00000000,0.00000000,0.00,false,,
1790443740.254,hud,speed,,,,,"3.6 / 4.2",3.570
1790443740.255,hud,heading,,,,,"92° / 99°",92.000
1790443740.255,hud,drift,,,,,"32.91%",32.910
1790443740.256,hud,turns,,,,,"✗ turns: 1/15",
1790443740.256,hud,calib_s,,,,,"✓ Buffer 6s",
1790443740.256,marker,gnss,52.40260700,-1.44752500,260.80,true,,
1790443740.257,marker,dr,52.40259972,-1.44729326,268.00,true,,
1790443740.257,marker,reconciled,0.00000000,0.00000000,0.00,false,,
1790443740.307,hud,speed,,,,,"3.6 / 4.2",3.550
1790443740.307,hud,heading,,,,,"92° / 99°",92.100
1790443740.308,hud,drift,,,,,"32.62%",32.620
1790443740.308,hud,turns,,,,,"✗ turns: 1/15",
1790443740.308,hud,calib_s,,,,,"✓ Buffer 6s",
1790443740.309,marker,gnss,52.40260700,-1.44752500,260.80,true,,
1790443740.309,marker,dr,52.40259943,-1.44728802,267.90,true,,
1790443740.310,marker,reconciled,0.00000000,0.00000000,0.00,false,,
1790443740.359,hud,speed,,,,,"3.5 / 4.2",3.490
1790443740.360,hud,heading,,,,,"92° / 99°",92.200
1790443740.360,hud,drift,,,,,"32.37%",32.370
1790443740.360,hud,turns,,,,,"✗ turns: 1/15",
1790443740.361,hud,calib_s,,,,,"✓ Buffer 6s",
1790443740.361,marker,gnss,52.40260700,-1.44752500,260.80,true,,
1790443740.362,marker,dr,52.40259912,-1.44728297,267.80,true,,
1790443740.362,marker,reconciled,0.00000000,0.00000000,0.00,false,,
1790443740.411,hud,speed,,,,,"3.5 / 4.2",3.540
1790443740.412,hud,heading,,,,,"92° / 99°",92.400
1790443740.412,hud,drift,,,,,"32.09%",32.090
1790443740.413,hud,turns,,,,,"✗ turns: 1/15",
1790443740.413,hud,calib_s,,,,,"✓ Buffer 6s",
1790443740.414,marker,gnss,52.40260700,-1.44752500,260.80,true,,
1790443740.414,marker,dr,52.40259873,-1.44727782,267.60,true,,
1790443740.415,marker,reconciled,0.00000000,0.00000000,0.00,false,,
1790443740.465,hud,speed,,,,,"3.5 / 4.2",3.480
1790443740.465,hud,heading,,,,,"92° / 99°",92.400
1790443740.466,hud,drift,,,,,"31.84%",31.840
1790443740.466,hud,turns,,,,,"✗ turns: 1/15",
1790443740.466,hud,calib_s,,,,,"✓ Buffer 6s",
1790443740.467,marker,gnss,52.40260700,-1.44752500,260.80,true,,
1790443740.468,marker,dr,52.40259835,-1.44727274,267.60,true,,
1790443740.468,marker,reconciled,0.00000000,0.00000000,0.00,false,,
1790443740.518,hud,speed,,,,,"3.7 / 4.2",3.670
1790443740.519,hud,heading,,,,,"92° / 99°",92.300
1790443740.519,hud,drift,,,,,"31.53%",31.530
1790443740.519,hud,turns,,,,,"✗ turns: 1/15",
1790443740.520,hud,calib_s,,,,,"✓ Buffer 6s",
1790443740.520,marker,gnss,52.40260700,-1.44752500,260.80,true,,
1790443740.521,marker,dr,52.40259797,-1.44726733,267.70,true,,
1790443740.521,marker,reconciled,0.00000000,0.00000000,0.00,false,,
1790443740.563,hud,speed,,,,,"3.7 / 4.2",3.680
1790443740.564,hud,heading,,,,,"92° / 99°",92.400
1790443740.564,hud,drift,,,,,"31.22%",31.220
1790443740.564,hud,turns,,,,,"✗ turns: 1/15",
1790443740.565,hud,calib_s,,,,,"✓ Buffer 6s",
1790443740.565,marker,gnss,52.40260700,-1.44752500,260.80,true,,
1790443740.566,marker,dr,52.40259756,-1.44726202,267.60,true,,
1790443740.566,marker,reconciled,0.00000000,0.00000000,0.00,false,,
1790443740.618,hud,speed,,,,,"3.9 / 4.2",3.850
1790443740.619,hud,heading,,,,,"93° / 99°",92.500
1790443740.619,hud,drift,,,,,"30.85%",30.850
1790443740.619,hud,turns,,,,,"✗ turns: 1/15",
1790443740.620,hud,calib_s,,,,,"✓ Buffer 6s",
1790443740.620,marker,gnss,52.40260700,-1.44752500,260.80,true,,
1790443740.621,marker,dr,52.40259705,-1.44725637,267.50,true,,
1790443740.621,marker,reconciled,0.00000000,0.00000000,0.00,false,,
1790443740.672,hud,speed,,,,,"3.8 / 4.2",3.830
1790443740.673,hud,heading,,,,,"93° / 99°",93.000
1790443740.673,hud,drift,,,,,"30.51%",30.510
1790443740.673,hud,turns,,,,,"✗ turns: 1/15",
1790443740.673,hud,calib_s,,,,,"✓ Buffer 6s",
1790443740.674,marker,gnss,52.40260700,-1.44752500,260.80,true,,
1790443740.675,marker,dr,52.40259660,-1.44725086,267.00,true,,
1790443740.675,marker,reconciled,0.00000000,0.00000000,0.00,false,,
1790443740.722,hud,speed,,,,,"3.9 / 4.2",3.860
1790443740.722,hud,heading,,,,,"93° / 99°",93.000
1790443740.723,hud,drift,,,,,"30.17%",30.170
1790443740.723,hud,turns,,,,,"✗ turns: 1/15",
1790443740.723,hud,calib_s,,,,,"✓ Buffer 6s",
1790443740.724,marker,gnss,52.40260700,-1.44752500,260.80,true,,
1790443740.725,marker,dr,52.40259615,-1.44724524,267.00,true,,
1790443740.725,marker,reconciled,0.00000000,0.00000000,0.00,false,,
1790443740.773,hud,speed,,,,,"4.0 / 4.2",3.950
1790443740.773,hud,heading,,,,,"93° / 99°",93.100
1790443740.774,hud,drift,,,,,"29.81%",29.810
1790443740.774,hud,turns,,,,,"✗ turns: 1/15",
1790443740.774,hud,calib_s,,,,,"✓ Buffer 6s",
1790443740.775,marker,gnss,52.40260700,-1.44752500,260.80,true,,
1790443740.775,marker,dr,52.40259566,-1.44723950,266.90,true,,
1790443740.775,marker,reconciled,0.00000000,0.00000000,0.00,false,,
1790443740.823,hud,speed,,,,,"4.1 / 4.2",4.060
1790443740.823,hud,heading,,,,,"93° / 99°",93.000
1790443740.823,hud,drift,,,,,"29.41%",29.410
1790443740.824,hud,turns,,,,,"✗ turns: 1/15",
1790443740.824,hud,calib_s,,,,,"✓ Buffer 6s",
1790443740.825,marker,gnss,52.40260700,-1.44752500,260.80,true,,
1790443740.825,marker,dr,52.40259509,-1.44723362,267.00,true,,
1790443740.825,marker,reconciled,0.00000000,0.00000000,0.00,false,,
1790443740.874,hud,speed,,,,,"4.4 / 4.2",4.350
1790443740.874,hud,heading,,,,,"93° / 99°",93.200
1790443740.875,hud,drift,,,,,"28.93%",28.930
1790443740.875,hud,turns,,,,,"✗ turns: 1/15",
1790443740.875,hud,calib_s,,,,,"✓ Buffer 6s",
1790443740.876,marker,gnss,52.40260700,-1.44752500,260.80,true,,
1790443740.876,marker,dr,52.40259451,-1.44722731,266.80,true,,
1790443740.877,marker,reconciled,0.00000000,0.00000000,0.00,false,,
1790443740.922,hud,speed,,,,,"4.4 / 4.2",4.350
1790443740.923,hud,heading,,,,,"93° / 99°",93.200
1790443740.923,hud,drift,,,,,"28.46%",28.460
1790443740.924,hud,turns,,,,,"✗ turns: 1/15",
1790443740.924,hud,calib_s,,,,,"✓ Buffer 6s",
1790443740.925,marker,gnss,52.40260700,-1.44752500,260.80,true,,
1790443740.925,marker,dr,52.40259391,-1.44722101,266.80,true,,
1790443740.925,marker,reconciled,0.00000000,0.00000000,0.00,false,,
1790443740.974,hud,speed,,,,,"4.4 / 4.2",4.360
1790443740.975,hud,heading,,,,,"93° / 99°",93.200
1790443740.975,hud,drift,,,,,"27.99%",27.990
1790443740.975,hud,turns,,,,,"✗ turns: 1/15",
1790443740.975,hud,calib_s,,,,,"✓ Buffer 6s",
1790443740.976,marker,gnss,52.40260700,-1.44752500,260.80,true,,
1790443740.976,marker,dr,52.40259328,-1.44721469,266.80,true,,
1790443740.977,marker,reconciled,0.00000000,0.00000000,0.00,false,,
1790443741.028,hud,speed,,,,,"4.5 / 4.2",4.500
1790443741.029,hud,heading,,,,,"93° / 99°",93.300
1790443741.029,hud,drift,,,,,"27.49%",27.490
1790443741.029,hud,turns,,,,,"✗ turns: 1/15",
1790443741.030,hud,calib_s,,,,,"✓ Buffer 6s",
1790443741.030,marker,gnss,52.40260700,-1.44752500,260.80,true,,
1790443741.031,marker,dr,52.40259264,-1.44720817,266.70,true,,
1790443741.031,marker,reconciled,0.00000000,0.00000000,0.00,false,,
1790443741.080,hud,speed,,,,,"4.6 / 4.2",4.570
1790443741.081,hud,heading,,,,,"93° / 99°",93.200
1790443741.081,hud,drift,,,,,"26.98%",26.980
1790443741.081,hud,turns,,,,,"✗ turns: 1/15",
1790443741.081,hud,calib_s,,,,,"✓ Buffer 6s",
1790443741.082,marker,gnss,52.40260700,-1.44752500,260.80,true,,
1790443741.083,marker,dr,52.40259201,-1.44720146,266.80,true,,
1790443741.083,marker,reconciled,0.00000000,0.00000000,0.00,false,,
1790443741.129,hud,speed,,,,,"4.9 / 4.2",4.910
1790443741.130,hud,heading,,,,,"93° / 99°",93.000
1790443741.130,hud,drift,,,,,"26.39%",26.390
1790443741.130,hud,turns,,,,,"✗ turns: 1/15",
1790443741.131,hud,calib_s,,,,,"✓ Buffer 6s",
1790443741.131,marker,gnss,52.40260700,-1.44752500,260.80,true,,
1790443741.132,marker,dr,52.40259136,-1.44719440,267.00,true,,
1790443741.132,marker,reconciled,0.00000000,0.00000000,0.00,false,,
1790443741.182,hud,speed,,,,,"5.1 / 4.2",5.130
1790443741.183,hud,heading,,,,,"93° / 99°",92.900
1790443741.183,hud,drift,,,,,"25.73%",25.730
1790443741.183,hud,turns,,,,,"✗ turns: 1/15",
1790443741.184,hud,calib_s,,,,,"✓ Buffer 6s",
1790443741.184,marker,gnss,52.40260700,-1.44752500,260.80,true,,
1790443741.185,marker,dr,52.40259062,-1.44718688,267.10,true,,
1790443741.185,marker,reconciled,0.00000000,0.00000000,0.00,false,,
1790443741.233,hud,speed,,,,,"5.3 / 4.2",5.320
1790443741.234,hud,heading,,,,,"93° / 99°",92.700
1790443741.234,hud,drift,,,,,"25.03%",25.030
1790443741.234,hud,turns,,,,,"✗ turns: 1/15",
1790443741.235,hud,calib_s,,,,,"✓ Buffer 6s",
1790443741.235,marker,gnss,52.40260700,-1.44752500,260.80,true,,
1790443741.236,marker,dr,52.40258986,-1.44717922,267.30,true,,
1790443741.236,marker,reconciled,0.00000000,0.00000000,0.00,false,,
1790443741.287,hud,speed,,,,,"5.5 / 4.2",5.480
1790443741.288,hud,heading,,,,,"93° / 99°",92.600
1790443741.288,hud,drift,,,,,"24.29%",24.290
1790443741.289,hud,turns,,,,,"✗ turns: 1/15",
1790443741.289,hud,calib_s,,,,,"✓ Buffer 6s",
1790443741.289,marker,gnss,52.40260700,-1.44752500,260.80,true,,
1790443741.290,marker,dr,52.40258908,-1.44717115,267.40,true,,
1790443741.291,marker,reconciled,0.00000000,0.00000000,0.00,false,,
1790443741.338,hud,speed,,,,,"5.5 / 4.2",5.500
1790443741.339,hud,heading,,,,,"92° / 99°",92.400
1790443741.339,hud,drift,,,,,"23.58%",23.580
1790443741.339,hud,turns,,,,,"✗ turns: 1/15",
1790443741.340,hud,calib_s,,,,,"✓ Buffer 6s",
1790443741.340,marker,gnss,52.40260700,-1.44752500,260.80,true,,
1790443741.341,marker,dr,52.40258828,-1.44716323,267.60,true,,
1790443741.341,marker,reconciled,0.00000000,0.00000000,0.00,false,,
1790443741.389,hud,speed,,,,,"5.5 / 4.2",5.480
1790443741.390,hud,heading,,,,,"92° / 99°",92.200
1790443741.390,hud,drift,,,,,"22.87%",22.870
1790443741.391,hud,turns,,,,,"✗ turns: 1/15",
1790443741.391,hud,calib_s,,,,,"✓ Buffer 6s",
1790443741.391,marker,gnss,52.40260700,-1.44752500,260.80,true,,
1790443741.392,marker,dr,52.40258740,-1.44715517,267.80,true,,
1790443741.392,marker,reconciled,0.00000000,0.00000000,0.00,false,,
1790443741.441,hud,speed,,,,,"5.6 / 4.2",5.590
1790443741.441,hud,heading,,,,,"92° / 99°",92.100
1790443741.442,hud,drift,,,,,"22.16%",22.160
1790443741.442,hud,turns,,,,,"✗ turns: 1/15",
1790443741.442,hud,calib_s,,,,,"✓ Buffer 6s",
1790443741.443,marker,gnss,52.40260700,-1.44752500,260.80,true,,
1790443741.443,marker,dr,52.40258657,-1.44714710,267.90,true,,
1790443741.443,marker,reconciled,0.00000000,0.00000000,0.00,false,,
1790443741.493,hud,speed,,,,,"5.6 / 4.2",5.620
1790443741.494,hud,heading,,,,,"92° / 99°",92.100
1790443741.494,hud,drift,,,,,"21.41%",21.410
1790443741.495,hud,turns,,,,,"✗ turns: 1/15",
1790443741.495,hud,calib_s,,,,,"✓ Buffer 6s",
1790443741.496,marker,gnss,52.40260700,-1.44752500,260.80,true,,
1790443741.496,marker,dr,52.40258565,-1.44713850,267.90,true,,
1790443741.496,marker,reconciled,0.00000000,0.00000000,0.00,false,,
1790443741.545,hud,speed,,,,,"5.8 / 4.2",5.760
1790443741.546,hud,heading,,,,,"92° / 99°",91.900
1790443741.546,hud,drift,,,,,"20.72%",20.720
1790443741.546,hud,turns,,,,,"✗ turns: 1/15",
1790443741.547,hud,calib_s,,,,,"✓ Buffer 6s",
1790443741.547,marker,gnss,52.40260700,-1.44752500,260.80,true,,
1790443741.548,marker,dr,52.40258485,-1.44713052,268.10,true,,
1790443741.548,marker,reconciled,0.00000000,0.00000000,0.00,false,,
1790443741.595,hud,speed,,,,,"5.8 / 4.2",5.840
1790443741.595,hud,heading,,,,,"92° / 99°",91.800
1790443741.596,hud,drift,,,,,"19.98%",19.980
1790443741.596,hud,turns,,,,,"✗ turns: 1/15",
1790443741.596,hud,calib_s,,,,,"✓ Buffer 6s",
1790443741.597,marker,gnss,52.40260700,-1.44752500,260.80,true,,
1790443741.598,marker,dr,52.40258398,-1.44712191,268.20,true,,
1790443741.598,marker,reconciled,0.00000000,0.00000000,0.00,false,,
1790443741.647,hud,speed,,,,,"5.9 / 4.2",5.880
1790443741.648,hud,heading,,,,,"92° / 99°",91.900
1790443741.648,hud,drift,,,,,"19.27%",19.270
1790443741.648,hud,turns,,,,,"✗ turns: 1/15",
1790443741.649,hud,calib_s,,,,,"✓ Buffer 6s",
1790443741.649,marker,gnss,52.40260700,-1.44752500,260.80,true,,
1790443741.650,marker,dr,52.40258310,-1.44711343,268.10,true,,
1790443741.651,marker,reconciled,0.00000000,0.00000000,0.00,false,,
1790443741.694,hud,speed,,,,,"6.1 / 4.2",6.050
1790443741.694,hud,heading,,,,,"92° / 99°",91.800
1790443741.695,hud,drift,,,,,"18.51%",18.510
1790443741.695,hud,turns,,,,,"✗ turns: 1/15",
1790443741.695,hud,calib_s,,,,,"✓ Buffer 6s",
1790443741.696,marker,gnss,52.40260700,-1.44752500,260.80,true,,
1790443741.696,marker,dr,52.40258221,-1.44710453,268.20,true,,
1790443741.697,marker,reconciled,0.00000000,0.00000000,0.00,false,,
1790443741.749,hud,speed,,,,,"6.1 / 4.2",6.070
1790443741.749,hud,heading,,,,,"92° / 99°",91.700
1790443741.750,hud,drift,,,,,"17.77%",17.770
1790443741.750,hud,turns,,,,,"✗ turns: 1/15",
1790443741.751,hud,calib_s,,,,,"✓ Buffer 6s",
1790443741.751,marker,gnss,52.40260700,-1.44752500,260.80,true,,
1790443741.752,marker,dr,52.40258132,-1.44709567,268.30,true,,
1790443741.752,marker,reconciled,0.00000000,0.00000000,0.00,false,,
1790443741.801,hud,speed,,,,,"6.2 / 4.2",6.180
1790443741.801,hud,heading,,,,,"92° / 99°",91.700
1790443741.801,hud,drift,,,,,"17.02%",17.020
1790443741.802,hud,turns,,,,,"✗ turns: 1/15",
1790443741.802,hud,calib_s,,,,,"✓ Buffer 6s",
1790443741.802,marker,gnss,52.40260700,-1.44752500,260.80,true,,
1790443741.803,marker,dr,52.40258039,-1.44708666,268.30,true,,
1790443741.803,marker,reconciled,0.00000000,0.00000000,0.00,false,,
1790443741.851,hud,speed,,,,,"6.3 / 4.2",6.260
1790443741.852,hud,heading,,,,,"92° / 99°",91.700
1790443741.852,hud,drift,,,,,"16.28%",16.280
1790443741.852,hud,turns,,,,,"✗ turns: 1/15",
1790443741.853,hud,calib_s,,,,,"✓ Buffer 6s",
1790443741.853,marker,gnss,52.40260700,-1.44752500,260.80,true,,
1790443741.854,marker,dr,52.40257949,-1.44707763,268.30,true,,
1790443741.854,marker,reconciled,0.00000000,0.00000000,0.00,false,,
1790443741.906,hud,speed,,,,,"6.4 / 4.2",6.420
1790443741.906,hud,heading,,,,,"92° / 99°",91.700
1790443741.907,hud,drift,,,,,"15.52%",15.520
1790443741.907,hud,turns,,,,,"✗ turns: 1/15",
1790443741.907,hud,calib_s,,,,,"✓ Buffer 6s",
1790443741.908,marker,gnss,52.40260700,-1.44752500,260.80,true,,
1790443741.909,marker,dr,52.40257860,-1.44706826,268.30,true,,
1790443741.909,marker,reconciled,0.00000000,0.00000000,0.00,false,,
1790443741.952,hud,speed,,,,,"6.4 / 4.2",6.430
1790443741.952,hud,heading,,,,,"92° / 99°",91.600
1790443741.953,hud,drift,,,,,"14.77%",14.770
1790443741.953,hud,turns,,,,,"✗ turns: 1/15",
1790443741.953,hud,calib_s,,,,,"✓ Buffer 6s",
1790443741.954,marker,gnss,52.40260700,-1.44752500,260.80,true,,
1790443741.954,marker,dr,52.40257773,-1.44705888,268.40,true,,
1790443741.955,marker,reconciled,0.00000000,0.00000000,0.00,false,,
1790443742.005,hud,speed,,,,,"6.6 / 4.2",6.600
1790443742.006,hud,heading,,,,,"92° / 99°",91.600
1790443742.006,hud,drift,,,,,"14.00%",14.000
1790443742.007,hud,turns,,,,,"✗ turns: 1/15",
1790443742.007,hud,calib_s,,,,,"✓ Buffer 6s",
1790443742.008,marker,gnss,52.40260700,-1.44752500,260.80,true,,
1790443742.008,marker,dr,52.40257686,-1.44704924,268.40,true,,
1790443742.009,marker,reconciled,0.00000000,0.00000000,0.00,false,,
1790443742.061,hud,speed,,,,,"6.6 / 8.5",6.560
1790443742.061,hud,heading,,,,,"92° / 143°",91.600
1790443742.062,hud,drift,,,,,"48.05%",48.050
1790443742.062,hud,turns,,,,,"✗ turns: 1/15",
1790443742.062,hud,calib_s,,,,,"✓ Buffer 6s",
1790443742.063,marker,gnss,52.40251500,-1.44660100,216.80,true,,
1790443742.063,marker,dr,52.40257601,-1.44703957,268.40,true,,
1790443742.064,marker,reconciled,0.00000000,0.00000000,0.00,false,,
1790443742.105,hud,speed,,,,,"6.7 / 8.5",6.740
1790443742.105,hud,heading,,,,,"92° / 143°",91.600
1790443742.105,hud,drift,,,,,"47.39%",47.390
1790443742.105,hud,turns,,,,,"✗ turns: 1/15",
1790443742.106,hud,calib_s,,,,,"✓ Buffer 6s",
1790443742.106,marker,gnss,52.40251500,-1.44660100,216.80,true,,
1790443742.107,marker,dr,52.40257516,-1.44702984,268.40,true,,
1790443742.107,marker,reconciled,0.00000000,0.00000000,0.00,false,,
1790443742.157,hud,speed,,,,,"6.8 / 8.5",6.820
1790443742.158,hud,heading,,,,,"92° / 143°",91.700
1790443742.158,hud,drift,,,,,"46.74%",46.740
1790443742.159,hud,turns,,,,,"✗ turns: 1/15",
1790443742.159,hud,calib_s,,,,,"✓ Buffer 6s",
1790443742.160,marker,gnss,52.40251500,-1.44660100,216.80,true,,
1790443742.160,marker,dr,52.40257431,-1.44701989,268.30,true,,
1790443742.160,marker,reconciled,0.00000000,0.00000000,0.00,false,,
1790443742.209,hud,speed,,,,,"6.9 / 8.5",6.890
1790443742.210,hud,heading,,,,,"92° / 143°",91.800
1790443742.211,hud,drift,,,,,"46.12%",46.120
1790443742.211,hud,turns,,,,,"✗ turns: 1/15",
1790443742.211,hud,calib_s,,,,,"✓ Buffer 6s",
1790443742.212,marker,gnss,52.40251500,-1.44660100,216.80,true,,
1790443742.212,marker,dr,52.40257345,-1.44700976,268.20,true,,
1790443742.213,marker,reconciled,0.00000000,0.00000000,0.00,false,,
1790443742.265,hud,speed,,,,,"6.9 / 8.5",6.940
1790443742.265,hud,heading,,,,,"92° / 143°",91.600
1790443742.265,hud,drift,,,,,"45.54%",45.540
1790443742.266,hud,turns,,,,,"✗ turns: 1/15",
1790443742.266,hud,calib_s,,,,,"✓ Buffer 6s",
1790443742.267,marker,gnss,52.40251500,-1.44660100,216.80,true,,
1790443742.267,marker,dr,52.40257267,-1.44699972,268.40,true,,
1790443742.267,marker,reconciled,0.00000000,0.00000000,0.00,false,,
1790443742.319,hud,speed,,,,,"7.1 / 8.5",7.050
1790443742.320,hud,heading,,,,,"92° / 143°",91.500
1790443742.320,hud,drift,,,,,"44.96%",44.960
1790443742.320,hud,turns,,,,,"✗ turns: 1/15",
1790443742.321,hud,calib_s,,,,,"✓ Buffer 6s",
1790443742.321,marker,gnss,52.40251500,-1.44660100,216.80,true,,
1790443742.322,marker,dr,52.40257187,-1.44698932,268.50,true,,
1790443742.322,marker,reconciled,0.00000000,0.00000000,0.00,false,,
1790443742.368,hud,speed,,,,,"7.1 / 8.5",7.110
1790443742.368,hud,heading,,,,,"92° / 143°",91.700
1790443742.369,hud,drift,,,,,"44.41%",44.410
1790443742.369,hud,turns,,,,,"✗ turns: 1/15",
1790443742.369,hud,calib_s,,,,,"✓ Buffer 6s",
1790443742.370,marker,gnss,52.40251500,-1.44660100,216.80,true,,
1790443742.370,marker,dr,52.40257110,-1.44697893,268.30,true,,
1790443742.371,marker,reconciled,0.00000000,0.00000000,0.00,false,,
1790443742.418,hud,speed,,,,,"7.6 / 8.5",7.600
1790443742.419,hud,heading,,,,,"92° / 143°",91.800
1790443742.419,hud,drift,,,,,"43.83%",43.830
1790443742.419,hud,turns,,,,,"✗ turns: 1/15",
1790443742.420,hud,calib_s,,,,,"✓ Buffer 6s",
1790443742.420,marker,gnss,52.40251500,-1.44660100,216.80,true,,
1790443742.421,marker,dr,52.40257031,-1.44696784,268.20,true,,
1790443742.421,marker,reconciled,0.00000000,0.00000000,0.00,false,,
1790443742.468,hud,speed,,,,,"7.6 / 8.5",7.630
1790443742.468,hud,heading,,,,,"92° / 143°",91.700
1790443742.469,hud,drift,,,,,"43.28%",43.280
1790443742.469,hud,turns,,,,,"✗ turns: 1/15",
1790443742.469,hud,calib_s,,,,,"✓ Buffer 6s",
1790443742.470,marker,gnss,52.40251500,-1.44660100,216.80,true,,
1790443742.470,marker,dr,52.40256952,-1.44695668,268.30,true,,
1790443742.471,marker,reconciled,0.00000000,0.00000000,0.00,false,,
1790443742.520,hud,speed,,,,,"7.7 / 8.5",7.710
1790443742.520,hud,heading,,,,,"92° / 143°",91.700
1790443742.521,hud,drift,,,,,"42.75%",42.750
1790443742.521,hud,turns,,,,,"✗ turns: 1/15",
1790443742.521,hud,calib_s,,,,,"✓ Buffer 6s",
1790443742.521,marker,gnss,52.40251500,-1.44660100,216.80,true,,
1790443742.522,marker,dr,52.40256875,-1.44694553,268.30,true,,
1790443742.522,marker,reconciled,0.00000000,0.00000000,0.00,false,,
1790443742.575,hud,speed,,,,,"7.8 / 8.5",7.840
1790443742.575,hud,heading,,,,,"92° / 143°",91.700
1790443742.576,hud,drift,,,,,"42.24%",42.240
1790443742.576,hud,turns,,,,,"✗ turns: 1/15",
1790443742.576,hud,calib_s,,,,,"✓ Buffer 6s",
1790443742.577,marker,gnss,52.40251500,-1.44660100,216.80,true,,
1790443742.578,marker,dr,52.40256797,-1.44693408,268.30,true,,
1790443742.578,marker,reconciled,0.00000000,0.00000000,0.00,false,,
1790443742.624,hud,speed,,,,,"7.9 / 8.5",7.880
1790443742.625,hud,heading,,,,,"92° / 143°",91.700
1790443742.625,hud,drift,,,,,"41.75%",41.750
1790443742.625,hud,turns,,,,,"✗ turns: 1/15",
1790443742.626,hud,calib_s,,,,,"✓ Buffer 6s",
1790443742.626,marker,gnss,52.40251500,-1.44660100,216.80,true,,
1790443742.627,marker,dr,52.40256724,-1.44692243,268.30,true,,
1790443742.627,marker,reconciled,0.00000000,0.00000000,0.00,false,,
1790443742.678,hud,speed,,,,,"8.0 / 8.5",8.030
1790443742.679,hud,heading,,,,,"92° / 143°",91.600
1790443742.679,hud,drift,,,,,"41.28%",41.280
1790443742.679,hud,turns,,,,,"✗ turns: 1/15",
1790443742.680,hud,calib_s,,,,,"✓ Buffer 6s",
1790443742.680,marker,gnss,52.40251500,-1.44660100,216.80,true,,
1790443742.681,marker,dr,52.40256654,-1.44691080,268.40,true,,
1790443742.681,marker,reconciled,0.00000000,0.00000000,0.00,false,,
1790443742.728,hud,speed,,,,,"8.2 / 8.5",8.160
1790443742.728,hud,heading,,,,,"91° / 143°",91.400
1790443742.729,hud,drift,,,,,"40.82%",40.820
1790443742.729,hud,turns,,,,,"✗ turns: 1/15",
1790443742.729,hud,calib_s,,,,,"✓ Buffer 6s",
1790443742.730,marker,gnss,52.40251500,-1.44660100,216.80,true,,
1790443742.731,marker,dr,52.40256584,-1.44689886,268.60,true,,
1790443742.731,marker,reconciled,0.00000000,0.00000000,0.00,false,,
1790443742.776,hud,speed,,,,,"8.5 / 8.5",8.500
1790443742.776,hud,heading,,,,,"91° / 143°",91.100
1790443742.777,hud,drift,,,,,"40.35%",40.350
1790443742.777,hud,turns,,,,,"✗ turns: 1/15",
1790443742.777,hud,calib_s,,,,,"✓ Buffer 6s",
1790443742.778,marker,gnss,52.40251500,-1.44660100,216.80,true,,
1790443742.778,marker,dr,52.40256513,-1.44688640,268.90,true,,
1790443742.779,marker,reconciled,0.00000000,0.00000000,0.00,false,,
1790443742.833,hud,speed,,,,,"8.7 / 8.5",8.730
1790443742.834,hud,heading,,,,,"91° / 143°",91.000
1790443742.834,hud,drift,,,,,"39.89%",39.890
1790443742.835,hud,turns,,,,,"✗ turns: 1/15",
1790443742.835,hud,calib_s,,,,,"✓ Buffer 6s",
1790443742.836,marker,gnss,52.40251500,-1.44660100,216.80,true,,
1790443742.836,marker,dr,52.40256441,-1.44687359,269.00,true,,
1790443742.837,marker,reconciled,0.00000000,0.00000000,0.00,false,,
1790443742.884,hud,speed,,,,,"8.7 / 8.5",8.730
1790443742.884,hud,heading,,,,,"91° / 143°",90.900
1790443742.885,hud,drift,,,,,"39.45%",39.450
1790443742.885,hud,turns,,,,,"✗ turns: 1/15",
1790443742.885,hud,calib_s,,,,,"✓ Buffer 6s",
1790443742.886,marker,gnss,52.40251500,-1.44660100,216.80,true,,
1790443742.887,marker,dr,52.40256371,-1.44686064,269.10,true,,
1790443742.887,marker,reconciled,0.00000000,0.00000000,0.00,false,,
1790443742.930,hud,speed,,,,,"8.9 / 8.5",8.850
1790443742.931,hud,heading,,,,,"91° / 143°",90.700
1790443742.931,hud,drift,,,,,"39.04%",39.040
1790443742.932,hud,turns,,,,,"✗ turns: 1/15",
1790443742.932,hud,calib_s,,,,,"✓ Buffer 6s",
1790443742.932,marker,gnss,52.40251500,-1.44660100,216.80,true,,
1790443742.933,marker,dr,52.40256305,-1.44684764,269.30,true,,
1790443742.933,marker,reconciled,0.00000000,0.00000000,0.00,false,,
1790443742.983,hud,speed,,,,,"9.1 / 8.5",9.110
1790443742.984,hud,heading,,,,,"91° / 143°",90.800
1790443742.984,hud,drift,,,,,"38.63%",38.630
1790443742.984,hud,turns,,,,,"✗ turns: 1/15",
1790443742.984,hud,calib_s,,,,,"✓ Buffer 6s",
1790443742.985,marker,gnss,52.40251500,-1.44660100,216.80,true,,
1790443742.986,marker,dr,52.40256239,-1.44683440,269.20,true,,
1790443742.986,marker,reconciled,0.00000000,0.00000000,0.00,false,,
1790443743.034,hud,speed,,,,,"9.1 / 8.5",9.070
1790443743.035,hud,heading,,,,,"91° / 143°",90.600
1790443743.035,hud,drift,,,,,"38.26%",38.260
1790443743.035,hud,turns,,,,,"✗ turns: 1/15",
1790443743.036,hud,calib_s,,,,,"✓ Buffer 6s",
1790443743.036,marker,gnss,52.40251500,-1.44660100,216.80,true,,
1790443743.037,marker,dr,52.40256184,-1.44682108,269.40,true,,
1790443743.037,marker,reconciled,0.00000000,0.00000000,0.00,false,,
1790443743.088,hud,speed,,,,,"9.2 / 8.5",9.210
1790443743.089,hud,heading,,,,,"90° / 143°",90.400
1790443743.089,hud,drift,,,,,"37.91%",37.910
1790443743.089,hud,turns,,,,,"✗ turns: 1/15",
1790443743.090,hud,calib_s,,,,,"✓ Buffer 6s",
1790443743.090,marker,gnss,52.40251500,-1.44660100,216.80,true,,
1790443743.091,marker,dr,52.40256132,-1.44680754,269.60,true,,
1790443743.091,marker,reconciled,0.00000000,0.00000000,0.00,false,,
1790443743.140,hud,speed,,,,,"9.3 / 8.5",9.280
1790443743.140,hud,heading,,,,,"90° / 143°",90.100
1790443743.141,hud,drift,,,,,"37.58%",37.580
1790443743.141,hud,turns,,,,,"✗ turns: 1/15",
1790443743.141,hud,calib_s,,,,,"✓ Buffer 6s",
1790443743.141,marker,gnss,52.40251500,-1.44660100,216.80,true,,
1790443743.142,marker,dr,52.40256082,-1.44679377,269.90,true,,
1790443743.142,marker,reconciled,0.00000000,0.00000000,0.00,false,,
1790443743.188,hud,speed,,,,,"9.6 / 8.5",9.630
1790443743.188,hud,heading,,,,,"90° / 143°",89.900
1790443743.189,hud,drift,,,,,"37.25%",37.250
1790443743.189,hud,turns,,,,,"✗ turns: 1/15",
1790443743.189,hud,calib_s,,,,,"✓ Buffer 6s",
1790443743.189,marker,gnss,52.40251500,-1.44660100,216.80,true,,
1790443743.190,marker,dr,52.40256028,-1.44677961,270.10,true,,
1790443743.190,marker,reconciled,0.00000000,0.00000000,0.00,false,,
1790443743.238,hud,speed,,,,,"9.6 / 8.5",9.560
1790443743.239,hud,heading,,,,,"90° / 143°",89.900
1790443743.239,hud,drift,,,,,"36.96%",36.960
1790443743.239,hud,turns,,,,,"✗ turns: 1/15",
1790443743.239,hud,calib_s,,,,,"✓ Buffer 6s",
1790443743.240,marker,gnss,52.40251500,-1.44660100,216.80,true,,
1790443743.241,marker,dr,52.40255981,-1.44676566,270.10,true,,
1790443743.241,marker,reconciled,0.00000000,0.00000000,0.00,false,,
1790443743.289,hud,speed,,,,,"9.7 / 8.5",9.650
1790443743.290,hud,heading,,,,,"90° / 143°",89.900
1790443743.290,hud,drift,,,,,"36.70%",36.700
1790443743.291,hud,turns,,,,,"✗ turns: 1/15",
1790443743.291,hud,calib_s,,,,,"✓ Buffer 6s",
1790443743.291,marker,gnss,52.40251500,-1.44660100,216.80,true,,
1790443743.292,marker,dr,52.40255942,-1.44675146,270.10,true,,
1790443743.292,marker,reconciled,0.00000000,0.00000000,0.00,false,,
1790443743.344,hud,speed,,,,,"9.7 / 8.5",9.710
1790443743.344,hud,heading,,,,,"90° / 143°",89.800
1790443743.345,hud,drift,,,,,"36.46%",36.460
1790443743.345,hud,turns,,,,,"✗ turns: 1/15",
1790443743.345,hud,calib_s,,,,,"✓ Buffer 6s",
1790443743.346,marker,gnss,52.40251500,-1.44660100,216.80,true,,
1790443743.346,marker,dr,52.40255905,-1.44673702,270.20,true,,
1790443743.347,marker,reconciled,0.00000000,0.00000000,0.00,false,,
1790443743.392,hud,speed,,,,,"10.0 / 8.5",9.970
1790443743.393,hud,heading,,,,,"90° / 143°",89.500
1790443743.393,hud,drift,,,,,"36.23%",36.230
1790443743.394,hud,turns,,,,,"✗ turns: 1/15",
1790443743.394,hud,calib_s,,,,,"✓ Buffer 6s",
1790443743.395,marker,gnss,52.40251500,-1.44660100,216.80,true,,
1790443743.395,marker,dr,52.40255871,-1.44672235,270.50,true,,
1790443743.395,marker,reconciled,0.00000000,0.00000000,0.00,false,,
1790443743.444,hud,speed,,,,,"9.9 / 8.5",9.910
1790443743.444,hud,heading,,,,,"89° / 143°",89.300
1790443743.445,hud,drift,,,,,"36.04%",36.040
1790443743.445,hud,turns,,,,,"✗ turns: 1/15",
1790443743.445,hud,calib_s,,,,,"✓ Buffer 6s",
1790443743.446,marker,gnss,52.40251500,-1.44660100,216.80,true,,
1790443743.446,marker,dr,52.40255835,-1.44670777,270.70,true,,
1790443743.447,marker,reconciled,0.00000000,0.00000000,0.00,false,,
1790443743.492,hud,speed,,,,,"10.0 / 8.5",10.000
1790443743.492,hud,heading,,,,,"89° / 143°",89.300
1790443743.493,hud,drift,,,,,"35.87%",35.870
1790443743.493,hud,turns,,,,,"✗ turns: 1/15",
1790443743.493,hud,calib_s,,,,,"✓ Buffer 6s",
1790443743.494,marker,gnss,52.40251500,-1.44660100,216.80,true,,
1790443743.495,marker,dr,52.40255806,-1.44669318,270.70,true,,
1790443743.495,marker,reconciled,0.00000000,0.00000000,0.00,false,,
1790443743.547,hud,speed,,,,,"10.2 / 8.5",10.160
1790443743.548,hud,heading,,,,,"89° / 143°",89.200
1790443743.548,hud,drift,,,,,"35.72%",35.720
1790443743.548,hud,turns,,,,,"✗ turns: 1/15",
1790443743.549,hud,calib_s,,,,,"✓ Buffer 6s",
1790443743.549,marker,gnss,52.40251500,-1.44660100,216.80,true,,
1790443743.550,marker,dr,52.40255782,-1.44667822,270.80,true,,
1790443743.550,marker,reconciled,0.00000000,0.00000000,0.00,false,,
1790443743.603,hud,speed,,,,,"10.3 / 8.5",10.300
1790443743.604,hud,heading,,,,,"89° / 143°",89.000
1790443743.604,hud,drift,,,,,"35.59%",35.590
1790443743.604,hud,turns,,,,,"✗ turns: 1/15",
1790443743.605,hud,calib_s,,,,,"✓ Buffer 6s",
1790443743.605,marker,gnss,52.40251500,-1.44660100,216.80,true,,
1790443743.606,marker,dr,52.40255760,-1.44666306,271.00,true,,
1790443743.606,marker,reconciled,0.00000000,0.00000000,0.00,false,,
1790443743.651,hud,speed,,,,,"10.3 / 8.5",10.330
1790443743.651,hud,heading,,,,,"89° / 143°",88.900
1790443743.651,hud,drift,,,,,"35.47%",35.470
1790443743.652,hud,turns,,,,,"✗ turns: 1/15",
1790443743.652,hud,calib_s,,,,,"✓ Buffer 6s",
1790443743.652,marker,gnss,52.40251500,-1.44660100,216.80,true,,
1790443743.653,marker,dr,52.40255734,-1.44664770,271.10,true,,
1790443743.653,marker,reconciled,0.00000000,0.00000000,0.00,false,,
1790443743.704,hud,speed,,,,,"10.3 / 8.5",10.280
1790443743.705,hud,heading,,,,,"89° / 143°",88.500
1790443743.705,hud,drift,,,,,"35.39%",35.390
1790443743.705,hud,turns,,,,,"✗ turns: 1/15",
1790443743.706,hud,calib_s,,,,,"✓ Buffer 6s",
1790443743.706,marker,gnss,52.40251500,-1.44660100,216.80,true,,
1790443743.707,marker,dr,52.40255714,-1.44663272,271.50,true,,
1790443743.707,marker,reconciled,0.00000000,0.00000000,0.00,false,,
1790443743.754,hud,speed,,,,,"10.2 / 8.5",10.220
1790443743.754,hud,heading,,,,,"89° / 143°",88.600
1790443743.755,hud,drift,,,,,"35.35%",35.350
1790443743.755,hud,turns,,,,,"✗ turns: 1/15",
1790443743.755,hud,calib_s,,,,,"✓ Buffer 6s",
1790443743.756,marker,gnss,52.40251500,-1.44660100,216.80,true,,
1790443743.757,marker,dr,52.40255700,-1.44661767,271.40,true,,
1790443743.757,marker,reconciled,0.00000000,0.00000000,0.00,false,,
1790443743.809,hud,speed,,,,,"10.2 / 8.5",10.190
1790443743.809,hud,heading,,,,,"89° / 143°",88.600
1790443743.810,hud,drift,,,,,"35.33%",35.330
1790443743.810,hud,turns,,,,,"✗ turns: 1/15",
1790443743.810,hud,calib_s,,,,,"✓ Buffer 6s",
1790443743.811,marker,gnss,52.40251500,-1.44660100,216.80,true,,
1790443743.812,marker,dr,52.40255687,-1.44660265,271.40,true,,
1790443743.812,marker,reconciled,0.00000000,0.00000000,0.00,false,,
1790443743.858,hud,speed,,,,,"10.2 / 8.5",10.220
1790443743.859,hud,heading,,,,,"89° / 143°",88.700
1790443743.859,hud,drift,,,,,"35.33%",35.330
1790443743.860,hud,turns,,,,,"✗ turns: 1/15",
1790443743.860,hud,calib_s,,,,,"✓ Buffer 6s",
1790443743.860,marker,gnss,52.40251500,-1.44660100,216.80,true,,
1790443743.861,marker,dr,52.40255678,-1.44658746,271.30,true,,
1790443743.861,marker,reconciled,0.00000000,0.00000000,0.00,false,,
1790443743.911,hud,speed,,,,,"10.2 / 8.5",10.160
1790443743.912,hud,heading,,,,,"89° / 143°",88.500
1790443743.912,hud,drift,,,,,"38.90%",38.900
1790443743.913,hud,turns,,,,,"✗ turns: 1/15",
1790443743.913,hud,calib_s,,,,,"✓ Buffer 6s",
1790443743.913,marker,gnss,52.40251500,-1.44660100,216.80,true,,
1790443743.914,marker,dr,52.40258933,-1.44657689,271.50,true,,
1790443743.915,marker,reconciled,0.00000000,0.00000000,0.00,false,,
1790443743.956,hud,speed,,,,,"10.1 / 8.5",10.080
1790443743.957,hud,heading,,,,,"88° / 143°",88.400
1790443743.957,hud,drift,,,,,"38.99%",38.990
1790443743.957,hud,turns,,,,,"✗ turns: 1/15",
1790443743.957,hud,calib_s,,,,,"✓ Buffer 6s",
1790443743.958,marker,gnss,52.40251500,-1.44660100,216.80,true,,
1790443743.959,marker,dr,52.40258955,-1.44656209,271.60,true,,
1790443743.959,marker,reconciled,0.00000000,0.00000000,0.00,false,,
1790443744.013,hud,speed,,,,,"10.0 / 8.5",10.010
1790443744.013,hud,heading,,,,,"88° / 143°",88.300
1790443744.014,hud,drift,,,,,"39.08%",39.080
1790443744.014,hud,turns,,,,,"✗ turns: 1/15",
1790443744.014,hud,calib_s,,,,,"✓ Buffer 6s",
1790443744.015,marker,gnss,52.40251500,-1.44660100,216.80,true,,
1790443744.015,marker,dr,52.40258975,-1.44654737,271.70,true,,
1790443744.016,marker,reconciled,0.00000000,0.00000000,0.00,false,,
1790443744.063,hud,speed,,,,,"10.0 / 8.5",9.950
1790443744.064,hud,heading,,,,,"88° / 143°",87.800
1790443744.064,hud,drift,,,,,"39.19%",39.190
1790443744.064,hud,turns,,,,,"✗ turns: 1/15",
1790443744.064,hud,calib_s,,,,,"✓ Buffer 6s",
1790443744.065,marker,gnss,52.40251500,-1.44660100,216.80,true,,
1790443744.065,marker,dr,52.40258993,-1.44653274,272.20,true,,
1790443744.066,marker,reconciled,0.00000000,0.00000000,0.00,false,,
1790443744.116,hud,speed,,,,,"9.9 / 8.5",9.900
1790443744.117,hud,heading,,,,,"87° / 143°",87.400
1790443744.117,hud,drift,,,,,"41.95%",41.950
1790443744.117,hud,turns,,,,,"✗ turns: 1/15",
1790443744.118,hud,calib_s,,,,,"✓ Buffer 6s",
1790443744.118,marker,gnss,52.40251500,-1.44660100,216.80,true,,
1790443744.119,marker,dr,52.40260945,-1.44654009,272.60,true,,
1790443744.119,marker,reconciled,0.00000000,0.00000000,0.00,false,,
1790443744.163,hud,speed,,,,,"9.8 / 8.5",9.780
1790443744.164,hud,heading,,,,,"87° / 143°",87.400
1790443744.164,hud,drift,,,,,"42.07%",42.070
1790443744.164,hud,turns,,,,,"✗ turns: 1/15",
1790443744.164,hud,calib_s,,,,,"✓ Buffer 6s",
1790443744.165,marker,gnss,52.40251500,-1.44660100,216.80,true,,
1790443744.165,marker,dr,52.40260980,-1.44652557,272.60,true,,
1790443744.166,marker,reconciled,0.00000000,0.00000000,0.00,false,,
1790443744.216,hud,speed,,,,,"9.7 / 8.5",9.720
1790443744.216,hud,heading,,,,,"88° / 143°",87.500
1790443744.217,hud,drift,,,,,"42.21%",42.210
1790443744.217,hud,turns,,,,,"✗ turns: 1/15",
1790443744.217,hud,calib_s,,,,,"✓ Buffer 6s",
1790443744.217,marker,gnss,52.40251500,-1.44660100,216.80,true,,
1790443744.218,marker,dr,52.40261014,-1.44651130,272.50,true,,
1790443744.219,marker,reconciled,0.00000000,0.00000000,0.00,false,,
1790443744.269,hud,speed,,,,,"9.7 / 8.5",9.700
1790443744.269,hud,heading,,,,,"88° / 143°",87.800
1790443744.269,hud,drift,,,,,"42.36%",42.360
1790443744.270,hud,turns,,,,,"✗ turns: 1/15",
1790443744.270,hud,calib_s,,,,,"✓ Buffer 6s",
1790443744.271,marker,gnss,52.40251500,-1.44660100,216.80,true,,
1790443744.271,marker,dr,52.40261044,-1.44649705,272.20,true,,
1790443744.271,marker,reconciled,0.00000000,0.00000000,0.00,false,,
1790443744.318,hud,speed,,,,,"9.8 / 8.5",9.810
1790443744.319,hud,heading,,,,,"88° / 143°",87.800
1790443744.319,hud,drift,,,,,"42.51%",42.510
1790443744.320,hud,turns,,,,,"✗ turns: 1/15",
1790443744.320,hud,calib_s,,,,,"✓ Buffer 6s",
1790443744.320,marker,gnss,52.40251500,-1.44660100,216.80,true,,
1790443744.321,marker,dr,52.40261079,-1.44648280,272.20,true,,
1790443744.321,marker,reconciled,0.00000000,0.00000000,0.00,false,,
1790443744.371,hud,speed,,,,,"9.9 / 8.5",9.910
1790443744.372,hud,heading,,,,,"88° / 143°",87.700
1790443744.372,hud,drift,,,,,"42.67%",42.670
1790443744.372,hud,turns,,,,,"✗ turns: 1/15",
1790443744.373,hud,calib_s,,,,,"✓ Buffer 6s",
1790443744.373,marker,gnss,52.40251500,-1.44660100,216.80,true,,
1790443744.374,marker,dr,52.40261111,-1.44646810,272.30,true,,
1790443744.374,marker,reconciled,0.00000000,0.00000000,0.00,false,,
1790443744.423,hud,speed,,,,,"10.0 / 8.5",9.990
1790443744.424,hud,heading,,,,,"88° / 143°",87.700
1790443744.424,hud,drift,,,,,"42.82%",42.820
1790443744.425,hud,turns,,,,,"✗ turns: 1/15",
1790443744.425,hud,calib_s,,,,,"✓ Buffer 6s",
1790443744.425,marker,gnss,52.40251500,-1.44660100,216.80,true,,
1790443744.426,marker,dr,52.40261142,-1.44645357,272.30,true,,
1790443744.426,marker,reconciled,0.00000000,0.00000000,0.00,false,,
1790443744.472,hud,speed,,,,,"10.1 / 8.5",10.100
1790443744.473,hud,heading,,,,,"88° / 143°",87.500
1790443744.473,hud,drift,,,,,"42.99%",42.990
1790443744.473,hud,turns,,,,,"✗ turns: 1/15",
1790443744.474,hud,calib_s,,,,,"✓ Buffer 6s",
1790443744.474,marker,gnss,52.40251500,-1.44660100,216.80,true,,
1790443744.475,marker,dr,52.40261173,-1.44643859,272.50,true,,
1790443744.475,marker,reconciled,0.00000000,0.00000000,0.00,false,,
1790443744.526,hud,speed,,,,,"10.2 / 8.5",10.200
1790443744.527,hud,heading,,,,,"88° / 143°",87.500
1790443744.527,hud,drift,,,,,"43.15%",43.150
1790443744.527,hud,turns,,,,,"✗ turns: 1/15",
1790443744.527,hud,calib_s,,,,,"✓ Buffer 6s",
1790443744.528,marker,gnss,52.40251500,-1.44660100,216.80,true,,
1790443744.528,marker,dr,52.40261196,-1.44642359,272.50,true,,
1790443744.528,marker,reconciled,0.00000000,0.00000000,0.00,false,,
1790443744.577,hud,speed,,,,,"10.3 / 8.5",10.330
1790443744.577,hud,heading,,,,,"88° / 143°",87.600
1790443744.578,hud,drift,,,,,"43.32%",43.320
1790443744.578,hud,turns,,,,,"✗ turns: 1/15",
1790443744.578,hud,calib_s,,,,,"✓ Buffer 6s",
1790443744.579,marker,gnss,52.40251500,-1.44660100,216.80,true,,
1790443744.579,marker,dr,52.40261223,-1.44640857,272.40,true,,
1790443744.580,marker,reconciled,0.00000000,0.00000000,0.00,false,,
1790443744.630,hud,speed,,,,,"10.5 / 8.5",10.460
1790443744.630,hud,heading,,,,,"88° / 143°",87.900
1790443744.631,hud,drift,,,,,"43.50%",43.500
1790443744.631,hud,turns,,,,,"✗ turns: 1/15",
1790443744.631,hud,calib_s,,,,,"✓ Buffer 6s",
1790443744.631,marker,gnss,52.40251500,-1.44660100,216.80,true,,
1790443744.632,marker,dr,52.40261253,-1.44639322,272.10,true,,
1790443744.632,marker,reconciled,0.00000000,0.00000000,0.00,false,,
1790443744.682,hud,speed,,,,,"10.6 / 8.5",10.600
1790443744.682,hud,heading,,,,,"88° / 143°",87.900
1790443744.682,hud,drift,,,,,"43.68%",43.680
1790443744.683,hud,turns,,,,,"✗ turns: 1/15",
1790443744.683,hud,calib_s,,,,,"✓ Buffer 6s",
1790443744.683,marker,gnss,52.40251500,-1.44660100,216.80,true,,
1790443744.684,marker,dr,52.40261283,-1.44637749,272.10,true,,
1790443744.684,marker,reconciled,0.00000000,0.00000000,0.00,false,,
1790443744.732,hud,speed,,,,,"10.7 / 8.5",10.710
1790443744.733,hud,heading,,,,,"88° / 143°",88.100
1790443744.733,hud,drift,,,,,"43.86%",43.860
1790443744.733,hud,turns,,,,,"✗ turns: 1/15",
1790443744.733,hud,calib_s,,,,,"✓ Buffer 6s",
1790443744.734,marker,gnss,52.40251500,-1.44660100,216.80,true,,
1790443744.735,marker,dr,52.40261312,-1.44636192,271.90,true,,
1790443744.735,marker,reconciled,0.00000000,0.00000000,0.00,false,,
1790443744.784,hud,speed,,,,,"10.9 / 8.5",10.860
1790443744.784,hud,heading,,,,,"88° / 143°",87.700
1790443744.784,hud,drift,,,,,"50.16%",50.160
1790443744.785,hud,turns,,,,,"✗ turns: 1/15",
1790443744.785,hud,calib_s,,,,,"✓ Buffer 6s",
1790443744.785,marker,gnss,52.40251500,-1.44660100,216.80,true,,
1790443744.786,marker,dr,52.40266621,-1.44640563,272.30,true,,
1790443744.786,marker,reconciled,0.00000000,0.00000000,0.00,false,,
1790443744.838,hud,speed,,,,,"11.0 / 8.5",10.980
1790443744.839,hud,heading,,,,,"88° / 143°",87.500
1790443744.839,hud,drift,,,,,"50.79%",50.790
1790443744.839,hud,turns,,,,,"✗ turns: 1/15",
1790443744.839,hud,calib_s,,,,,"✓ Buffer 6s",
1790443744.840,marker,gnss,52.40251500,-1.44660100,216.80,true,,
1790443744.840,marker,dr,52.40267093,-1.44639443,272.50,true,,
1790443744.841,marker,reconciled,0.00000000,0.00000000,0.00,false,,
1790443744.888,hud,speed,,,,,"11.1 / 8.5",11.110
1790443744.889,hud,heading,,,,,"87° / 143°",86.600
1790443744.889,hud,drift,,,,,"51.41%",51.410
1790443744.889,hud,turns,,,,,"✗ turns: 1/15",
1790443744.889,hud,calib_s,,,,,"✓ Buffer 6s",
1790443744.890,marker,gnss,52.40251500,-1.44660100,216.80,true,,
1790443744.891,marker,dr,52.40267571,-1.44638311,273.40,true,,
1790443744.891,marker,reconciled,0.00000000,0.00000000,0.00,false,,
1790443744.937,hud,speed,,,,,"11.2 / 8.5",11.180
1790443744.937,hud,heading,,,,,"86° / 143°",86.100
1790443744.937,hud,drift,,,,,"52.04%",52.040
1790443744.937,hud,turns,,,,,"✗ turns: 1/15",
1790443744.938,hud,calib_s,,,,,"✓ Buffer 6s",
1790443744.938,marker,gnss,52.40251500,-1.44660100,216.80,true,,
1790443744.939,marker,dr,52.40268066,-1.44637138,273.90,true,,
1790443744.939,marker,reconciled,0.00000000,0.00000000,0.00,false,,
1790443744.991,hud,speed,,,,,"11.2 / 8.5",11.180
1790443744.992,hud,heading,,,,,"86° / 143°",86.400
1790443744.992,hud,drift,,,,,"52.66%",52.660
1790443744.992,hud,turns,,,,,"✗ turns: 1/15",
1790443744.992,hud,calib_s,,,,,"✓ Buffer 6s",
1790443744.995,marker,gnss,52.40251500,-1.44660100,216.80,true,,
1790443744.995,marker,dr,52.40268554,-1.44635983,273.60,true,,
1790443744.996,marker,reconciled,0.00000000,0.00000000,0.00,false,,
1790443745.048,hud,speed,,,,,"11.5 / 8.5",11.510
1790443745.048,hud,heading,,,,,"86° / 143°",85.700
1790443745.048,hud,drift,,,,,"53.28%",53.280
1790443745.049,hud,turns,,,,,"✗ turns: 1/15",
1790443745.049,hud,calib_s,,,,,"✓ Buffer 6s",
1790443745.050,marker,gnss,52.40251500,-1.44660100,216.80,true,,
1790443745.050,marker,dr,52.40269053,-1.44634799,274.30,true,,
1790443745.051,marker,reconciled,0.00000000,0.00000000,0.00,false,,
1790443745.092,hud,speed,,,,,"11.2 / 8.5",11.180
1790443745.093,hud,heading,,,,,"85° / 143°",85.100
1790443745.093,hud,drift,,,,,"53.89%",53.890
1790443745.093,hud,turns,,,,,"✗ turns: 1/15",
1790443745.093,hud,calib_s,,,,,"✓ Buffer 6s",
1790443745.094,marker,gnss,52.40251500,-1.44660100,216.80,true,,
1790443745.094,marker,dr,52.40269543,-1.44633638,274.90,true,,
1790443745.095,marker,reconciled,0.00000000,0.00000000,0.00,false,,
1790443745.144,hud,speed,,,,,"11.6 / 8.5",11.600
1790443745.145,hud,heading,,,,,"84° / 143°",84.300
1790443745.145,hud,drift,,,,,"54.51%",54.510
1790443745.145,hud,turns,,,,,"✗ turns: 1/15",
1790443745.145,hud,calib_s,,,,,"✓ Buffer 6s",
1790443745.146,marker,gnss,52.40251500,-1.44660100,216.80,true,,
1790443745.147,marker,dr,52.40270059,-1.44632418,275.70,true,,
1790443745.147,marker,reconciled,0.00000000,0.00000000,0.00,false,,
1790443745.198,hud,speed,,,,,"11.7 / 8.5",11.730
1790443745.199,hud,heading,,,,,"84° / 143°",83.700
1790443745.199,hud,drift,,,,,"55.12%",55.120
1790443745.199,hud,turns,,,,,"✗ turns: 1/15",
1790443745.200,hud,calib_s,,,,,"✓ Buffer 6s",
1790443745.200,marker,gnss,52.40251500,-1.44660100,216.80,true,,
1790443745.201,marker,dr,52.40270577,-1.44631191,276.30,true,,
1790443745.201,marker,reconciled,0.00000000,0.00000000,0.00,false,,
1790443745.250,hud,speed,,,,,"11.9 / 8.5",11.850
1790443745.250,hud,heading,,,,,"83° / 143°",82.900
1790443745.251,hud,drift,,,,,"55.75%",55.750
1790443745.251,hud,turns,,,,,"✗ turns: 1/15",
1790443745.251,hud,calib_s,,,,,"✓ Buffer 6s",
1790443745.252,marker,gnss,52.40251500,-1.44660100,216.80,true,,
1790443745.252,marker,dr,52.40271115,-1.44629916,277.10,true,,
1790443745.252,marker,reconciled,0.00000000,0.00000000,0.00,false,,
1790443745.297,hud,speed,,,,,"12.0 / 8.5",12.000
1790443745.298,hud,heading,,,,,"82° / 143°",82.300
1790443745.299,hud,drift,,,,,"56.37%",56.370
1790443745.299,hud,turns,,,,,"✗ turns: 1/15",
1790443745.299,hud,calib_s,,,,,"✓ Buffer 6s",
1790443745.300,marker,gnss,52.40251500,-1.44660100,216.80,true,,
1790443745.300,marker,dr,52.40271652,-1.44628643,277.70,true,,
1790443745.300,marker,reconciled,0.00000000,0.00000000,0.00,false,,
1790443745.348,hud,speed,,,,,"11.2 / 8.5",11.180
1790443745.348,hud,heading,,,,,"82° / 143°",81.500
1790443745.349,hud,drift,,,,,"56.97%",56.970
1790443745.349,hud,turns,,,,,"✗ turns: 1/15",
1790443745.349,hud,calib_s,,,,,"✓ Buffer 6s",
1790443745.350,marker,gnss,52.40251500,-1.44660100,216.80,true,,
1790443745.350,marker,dr,52.40272161,-1.44627437,278.50,true,,
1790443745.351,marker,reconciled,0.00000000,0.00000000,0.00,false,,
1790443745.401,hud,speed,,,,,"11.2 / 8.5",11.170
1790443745.401,hud,heading,,,,,"81° / 143°",81.300
1790443745.402,hud,drift,,,,,"57.57%",57.570
1790443745.402,hud,turns,,,,,"✗ turns: 1/15",
1790443745.402,hud,calib_s,,,,,"✓ Buffer 6s",
1790443745.403,marker,gnss,52.40251500,-1.44660100,216.80,true,,
1790443745.404,marker,dr,52.40272677,-1.44626214,278.70,true,,
1790443745.404,marker,reconciled,0.00000000,0.00000000,0.00,false,,
1790443745.450,hud,speed,,,,,"11.2 / 8.5",11.180
1790443745.451,hud,heading,,,,,"81° / 143°",81.000
1790443745.451,hud,drift,,,,,"58.16%",58.160
1790443745.452,hud,turns,,,,,"✗ turns: 1/15",
1790443745.452,hud,calib_s,,,,,"✓ Buffer 6s",
1790443745.452,marker,gnss,52.40251500,-1.44660100,216.80,true,,
1790443745.453,marker,dr,52.40273190,-1.44625000,279.00,true,,
1790443745.453,marker,reconciled,0.00000000,0.00000000,0.00,false,,
1790443745.505,hud,speed,,,,,"11.2 / 8.5",11.190
1790443745.506,hud,heading,,,,,"81° / 143°",81.200
1790443745.506,hud,drift,,,,,"58.74%",58.740
1790443745.506,hud,turns,,,,,"✗ turns: 1/15",
1790443745.507,hud,calib_s,,,,,"✓ Buffer 6s",
1790443745.507,marker,gnss,52.40251500,-1.44660100,216.80,true,,
1790443745.508,marker,dr,52.40273704,-1.44623781,278.80,true,,
1790443745.509,marker,reconciled,0.00000000,0.00000000,0.00,false,,
1790443745.556,hud,speed,,,,,"11.2 / 8.5",11.180
1790443745.557,hud,heading,,,,,"81° / 143°",81.200
1790443745.557,hud,drift,,,,,"59.32%",59.320
1790443745.558,hud,turns,,,,,"✗ turns: 1/15",
1790443745.558,hud,calib_s,,,,,"✓ Buffer 6s",
1790443745.558,marker,gnss,52.40251500,-1.44660100,216.80,true,,
1790443745.559,marker,dr,52.40274213,-1.44622575,278.80,true,,
1790443745.559,marker,reconciled,0.00000000,0.00000000,0.00,false,,
1790443745.607,hud,speed,,,,,"12.7 / 8.5",12.740
1790443745.608,hud,heading,,,,,"81° / 143°",80.500
1790443745.608,hud,drift,,,,,"59.94%",59.940
1790443745.608,hud,turns,,,,,"✗ turns: 1/15",
1790443745.609,hud,calib_s,,,,,"✓ Buffer 6s",
1790443745.609,marker,gnss,52.40251500,-1.44660100,216.80,true,,
1790443745.609,marker,dr,52.40274799,-1.44621188,279.50,true,,
1790443745.610,marker,reconciled,0.00000000,0.00000000,0.00,false,,
1790443745.661,hud,speed,,,,,"12.7 / 8.5",12.710
1790443745.661,hud,heading,,,,,"80° / 143°",79.800
1790443745.662,hud,drift,,,,,"60.57%",60.570
1790443745.662,hud,turns,,,,,"✗ turns: 1/15",
1790443745.662,hud,calib_s,,,,,"✓ Buffer 6s",
1790443745.663,marker,gnss,52.40251500,-1.44660100,216.80,true,,
1790443745.663,marker,dr,52.40275386,-1.44619797,280.20,true,,
1790443745.664,marker,reconciled,0.00000000,0.00000000,0.00,false,,
1790443745.710,hud,speed,,,,,"12.7 / 8.5",12.650
1790443745.710,hud,heading,,,,,"79° / 143°",79.300
1790443745.711,hud,drift,,,,,"61.19%",61.190
1790443745.711,hud,turns,,,,,"✗ turns: 1/15",
1790443745.711,hud,calib_s,,,,,"✓ Buffer 6s",
1790443745.712,marker,gnss,52.40251500,-1.44660100,216.80,true,,
1790443745.712,marker,dr,52.40275975,-1.44618402,280.70,true,,
1790443745.713,marker,reconciled,0.00000000,0.00000000,0.00,false,,
1790443745.763,hud,speed,,,,,"12.6 / 8.5",12.590
1790443745.763,hud,heading,,,,,"79° / 143°",78.700
1790443745.764,hud,drift,,,,,"61.80%",61.800
1790443745.764,hud,turns,,,,,"✗ turns: 1/15",
1790443745.764,hud,calib_s,,,,,"✓ Buffer 6s",
1790443745.765,marker,gnss,52.40251500,-1.44660100,216.80,true,,
1790443745.765,marker,dr,52.40276562,-1.44617011,281.30,true,,
1790443745.765,marker,reconciled,0.00000000,0.00000000,0.00,false,,
1790443745.813,hud,speed,,,,,"12.6 / 8.5",12.580
1790443745.813,hud,heading,,,,,"78° / 143°",78.100
1790443745.813,hud,drift,,,,,"62.42%",62.420
1790443745.814,hud,turns,,,,,"✗ turns: 1/15",
1790443745.814,hud,calib_s,,,,,"✓ Buffer 6s",
1790443745.814,marker,gnss,52.40251500,-1.44660100,216.80,true,,
1790443745.815,marker,dr,52.40277158,-1.44615598,281.90,true,,
1790443745.815,marker,reconciled,0.00000000,0.00000000,0.00,false,,
1790443745.863,hud,speed,,,,,"12.6 / 8.5",12.550
1790443745.864,hud,heading,,,,,"77° / 143°",77.000
1790443745.864,hud,drift,,,,,"62.95%",62.950
1790443745.864,hud,turns,,,,,"✗ turns: 1/15",
1790443745.864,hud,calib_s,,,,,"✓ Buffer 6s",
1790443745.865,marker,gnss,52.40251500,-1.44660100,216.80,true,,
1790443745.865,marker,dr,52.40277657,-1.44614366,283.00,true,,
1790443745.865,marker,reconciled,0.00000000,0.00000000,0.00,false,,
1790443745.917,hud,speed,,,,,"12.5 / 8.5",12.470
1790443745.917,hud,heading,,,,,"77° / 143°",76.700
1790443745.917,hud,drift,,,,,"63.25%",63.250
1790443745.917,hud,turns,,,,,"✗ turns: 1/15",
1790443745.918,hud,calib_s,,,,,"✓ Buffer 6s",
1790443745.918,marker,gnss,52.40251500,-1.44660100,216.80,true,,
1790443745.919,marker,dr,52.40277913,-1.44612562,283.30,true,,
1790443745.920,marker,reconciled,0.00000000,0.00000000,0.00,false,,
1790443745.968,hud,speed,,,,,"12.4 / 8.5",12.440
1790443745.968,hud,heading,,,,,"76° / 143°",76.300
1790443745.969,hud,drift,,,,,"63.54%",63.540
1790443745.969,hud,turns,,,,,"✗ turns: 1/15",
1790443745.969,hud,calib_s,,,,,"✓ Buffer 6s",
1790443745.970,marker,gnss,52.40251500,-1.44660100,216.80,true,,
1790443745.970,marker,dr,52.40278168,-1.44610801,283.70,true,,
1790443745.971,marker,reconciled,0.00000000,0.00000000,0.00,false,,
1790443746.017,hud,speed,,,,,"12.2 / 8.5",12.190
1790443746.017,hud,heading,,,,,"76° / 143°",76.300
1790443746.017,hud,drift,,,,,"63.84%",63.840
1790443746.017,hud,turns,,,,,"✗ turns: 1/15",
1790443746.018,hud,calib_s,,,,,"✓ Buffer 6s",
1790443746.018,marker,gnss,52.40251500,-1.44660100,216.80,true,,
1790443746.019,marker,dr,52.40278429,-1.44609042,283.70,true,,
1790443746.020,marker,reconciled,0.00000000,0.00000000,0.00,false,,
1790443746.070,hud,speed,,,,,"12.0 / 8.5",12.000
1790443746.071,hud,heading,,,,,"76° / 143°",76.400
1790443746.071,hud,drift,,,,,"64.14%",64.140
1790443746.072,hud,turns,,,,,"✗ turns: 1/15",
1790443746.072,hud,calib_s,,,,,"✓ Buffer 6s",
1790443746.072,marker,gnss,52.40251500,-1.44660100,216.80,true,,
1790443746.073,marker,dr,52.40278682,-1.44607328,283.60,true,,
1790443746.073,marker,reconciled,0.00000000,0.00000000,0.00,false,,
1790443746.121,hud,speed,,,,,"11.8 / 8.5",11.820
1790443746.122,hud,heading,,,,,"76° / 143°",76.400
1790443746.122,hud,drift,,,,,"64.44%",64.440
1790443746.122,hud,turns,,,,,"✗ turns: 1/15",
1790443746.123,hud,calib_s,,,,,"✓ Buffer 6s",
1790443746.123,marker,gnss,52.40251500,-1.44660100,216.80,true,,
1790443746.124,marker,dr,52.40278933,-1.44605622,283.60,true,,
1790443746.124,marker,reconciled,0.00000000,0.00000000,0.00,false,,
1790443746.176,hud,speed,,,,,"11.7 / 8.5",11.680
1790443746.177,hud,heading,,,,,"77° / 143°",76.600
1790443746.177,hud,drift,,,,,"64.73%",64.730
1790443746.177,hud,turns,,,,,"✗ turns: 1/15",
1790443746.177,hud,calib_s,,,,,"✓ Buffer 6s",
1790443746.178,marker,gnss,52.40251500,-1.44660100,216.80,true,,
1790443746.179,marker,dr,52.40279175,-1.44603988,283.40,true,,
1790443746.180,marker,reconciled,0.00000000,0.00000000,0.00,false,,
1790443746.223,hud,speed,,,,,"11.7 / 8.5",11.680
1790443746.223,hud,heading,,,,,"77° / 143°",76.800
1790443746.224,hud,drift,,,,,"65.03%",65.030
1790443746.224,hud,turns,,,,,"✗ turns: 1/15",
1790443746.224,hud,calib_s,,,,,"✓ Buffer 6s",
1790443746.225,marker,gnss,52.40251500,-1.44660100,216.80,true,,
1790443746.225,marker,dr,52.40279427,-1.44602323,283.20,true,,
1790443746.226,marker,reconciled,0.00000000,0.00000000,0.00,false,,
1790443746.277,hud,speed,,,,,"11.6 / 8.5",11.610
1790443746.277,hud,heading,,,,,"77° / 143°",77.100
1790443746.277,hud,drift,,,,,"65.34%",65.340
1790443746.278,hud,turns,,,,,"✗ turns: 1/15",
1790443746.278,hud,calib_s,,,,,"✓ Buffer 6s",
1790443746.279,marker,gnss,52.40251500,-1.44660100,216.80,true,,
1790443746.279,marker,dr,52.40279685,-1.44600653,282.90,true,,
1790443746.280,marker,reconciled,0.00000000,0.00000000,0.00,false,,
1790443746.330,hud,speed,,,,,"11.6 / 8.5",11.570
1790443746.331,hud,heading,,,,,"77° / 143°",76.900
1790443746.331,hud,drift,,,,,"65.64%",65.640
1790443746.331,hud,turns,,,,,"✗ turns: 1/15",
1790443746.332,hud,calib_s,,,,,"✓ Buffer 6s",
1790443746.332,marker,gnss,52.40251500,-1.44660100,216.80,true,,
1790443746.333,marker,dr,52.40279942,-1.44599026,283.10,true,,
1790443746.333,marker,reconciled,0.00000000,0.00000000,0.00,false,,
1790443746.377,hud,speed,,,,,"11.6 / 8.5",11.590
1790443746.377,hud,heading,,,,,"77° / 143°",76.800
1790443746.377,hud,drift,,,,,"65.94%",65.940
1790443746.378,hud,turns,,,,,"✗ turns: 1/15",
1790443746.378,hud,calib_s,,,,,"✓ Buffer 6s",
1790443746.379,marker,gnss,52.40251500,-1.44660100,216.80,true,,
1790443746.379,marker,dr,52.40280202,-1.44597362,283.20,true,,
1790443746.380,marker,reconciled,0.00000000,0.00000000,0.00,false,,
1790443746.429,hud,speed,,,,,"11.7 / 8.5",11.690
1790443746.430,hud,heading,,,,,"77° / 143°",76.800
1790443746.430,hud,drift,,,,,"66.25%",66.250
1790443746.431,hud,turns,,,,,"✗ turns: 1/15",
1790443746.431,hud,calib_s,,,,,"✓ Buffer 6s",
1790443746.431,marker,gnss,52.40251500,-1.44660100,216.80,true,,
1790443746.432,marker,dr,52.40280462,-1.44595701,283.20,true,,
1790443746.432,marker,reconciled,0.00000000,0.00000000,0.00,false,,
1790443746.480,hud,speed,,,,,"11.7 / 8.5",11.680
1790443746.480,hud,heading,,,,,"77° / 143°",76.900
1790443746.481,hud,drift,,,,,"66.55%",66.550
1790443746.481,hud,turns,,,,,"✗ turns: 1/15",
1790443746.481,hud,calib_s,,,,,"✓ Buffer 6s",
1790443746.481,marker,gnss,52.40251500,-1.44660100,216.80,true,,
1790443746.482,marker,dr,52.40280721,-1.44594041,283.10,true,,
1790443746.483,marker,reconciled,0.00000000,0.00000000,0.00,false,,
1790443746.532,hud,speed,,,,,"11.8 / 8.5",11.770
1790443746.532,hud,heading,,,,,"77° / 143°",76.600
1790443746.533,hud,drift,,,,,"66.86%",66.860
1790443746.533,hud,turns,,,,,"✗ turns: 1/15",
1790443746.533,hud,calib_s,,,,,"✓ Buffer 6s",
1790443746.534,marker,gnss,52.40251500,-1.44660100,216.80,true,,
1790443746.535,marker,dr,52.40280992,-1.44592370,283.40,true,,
1790443746.536,marker,reconciled,0.00000000,0.00000000,0.00,false,,
1790443746.582,hud,speed,,,,,"11.8 / 8.5",11.840
1790443746.582,hud,heading,,,,,"76° / 143°",76.400
1790443746.583,hud,drift,,,,,"69.19%",69.190
1790443746.583,hud,turns,,,,,"✗ turns: 1/15",
1790443746.583,hud,calib_s,,,,,"✓ Buffer 6s",
1790443746.584,marker,gnss,52.40251500,-1.44660100,216.80,true,,
1790443746.584,marker,dr,52.40283474,-1.44606894,283.60,true,,
1790443746.585,marker,reconciled,0.00000000,0.00000000,0.00,false,,
1790443746.634,hud,speed,,,,,"11.9 / 8.5",11.920
1790443746.635,hud,heading,,,,,"76° / 143°",76.100
1790443746.635,hud,drift,,,,,"68.18%",68.180
1790443746.635,hud,turns,,,,,"✗ turns: 1/15",
1790443746.635,hud,calib_s,,,,,"✓ Buffer 6s",
1790443746.636,marker,gnss,52.40251500,-1.44660100,216.80,true,,
1790443746.636,marker,dr,52.40282252,-1.44603531,283.90,true,,
1790443746.637,marker,reconciled,0.00000000,0.00000000,0.00,false,,
1790443746.688,hud,speed,,,,,"12.0 / 11.0",12.020
1790443746.688,hud,heading,,,,,"75° / 140°",75.200
1790443746.689,hud,drift,,,,,"71.21%",71.210
1790443746.689,hud,turns,,,,,"✗ turns: 1/15",
1790443746.689,hud,calib_s,,,,,"✓ Buffer 6s",
1790443746.689,marker,gnss,52.40189000,-1.44583800,220.20,true,,
1790443746.690,marker,dr,52.40284388,-1.44605721,284.80,true,,
1790443746.690,marker,reconciled,0.00000000,0.00000000,0.00,false,,
1790443746.735,hud,speed,,,,,"12.2 / 11.0",12.170
1790443746.736,hud,heading,,,,,"75° / 140°",75.400
1790443746.736,hud,drift,,,,,"67.17%",67.170
1790443746.736,hud,turns,,,,,"✗ turns: 1/15",
1790443746.736,hud,calib_s,,,,,"✓ Buffer 6s",
1790443746.737,marker,gnss,52.40189000,-1.44583800,220.20,true,,
1790443746.737,marker,dr,52.40277704,-1.44614304,284.60,true,,
1790443746.738,marker,reconciled,0.00000000,0.00000000,0.00,false,,
1790443746.788,hud,speed,,,,,"12.3 / 11.0",12.260
1790443746.789,hud,heading,,,,,"75° / 140°",74.500
1790443746.789,hud,drift,,,,,"67.73%",67.730
1790443746.789,hud,turns,,,,,"✗ turns: 1/15",
1790443746.790,hud,calib_s,,,,,"✓ Buffer 6s",
1790443746.790,marker,gnss,52.40189000,-1.44583800,220.20,true,,
1790443746.791,marker,dr,52.40278392,-1.44613421,285.50,true,,
1790443746.791,marker,reconciled,0.00000000,0.00000000,0.00,false,,
1790443746.841,hud,speed,,,,,"12.4 / 11.0",12.350
1790443746.841,hud,heading,,,,,"75° / 140°",74.500
1790443746.841,hud,drift,,,,,"67.92%",67.920
1790443746.842,hud,turns,,,,,"✗ turns: 1/15",
1790443746.842,hud,calib_s,,,,,"✓ Buffer 6s",
1790443746.842,marker,gnss,52.40189000,-1.44583800,220.20,true,,
1790443746.843,marker,dr,52.40278690,-1.44611673,285.50,true,,
1790443746.844,marker,reconciled,0.00000000,0.00000000,0.00,false,,
1790443746.895,hud,speed,,,,,"12.5 / 11.0",12.480
1790443746.895,hud,heading,,,,,"75° / 140°",74.500
1790443746.896,hud,drift,,,,,"68.13%",68.130
1790443746.896,hud,turns,,,,,"✗ turns: 1/15",
1790443746.896,hud,calib_s,,,,,"✓ Buffer 6s",
1790443746.897,marker,gnss,52.40189000,-1.44583800,220.20,true,,
1790443746.897,marker,dr,52.40278997,-1.44609911,285.50,true,,
1790443746.898,marker,reconciled,0.00000000,0.00000000,0.00,false,,
1790443746.946,hud,speed,,,,,"12.6 / 11.0",12.580
1790443746.947,hud,heading,,,,,"74° / 140°",74.400
1790443746.947,hud,drift,,,,,"68.33%",68.330
1790443746.948,hud,turns,,,,,"✗ turns: 1/15",
1790443746.948,hud,calib_s,,,,,"✓ Buffer 6s",
1790443746.949,marker,gnss,52.40189000,-1.44583800,220.20,true,,
1790443746.949,marker,dr,52.40279308,-1.44608135,285.60,true,,
1790443746.950,marker,reconciled,0.00000000,0.00000000,0.00,false,,
1790443746.996,hud,speed,,,,,"12.7 / 11.0",12.690
1790443746.996,hud,heading,,,,,"74° / 140°",74.400
1790443746.997,hud,drift,,,,,"68.54%",68.540
1790443746.997,hud,turns,,,,,"✗ turns: 1/15",
1790443746.997,hud,calib_s,,,,,"✓ Buffer 6s",
1790443746.998,marker,gnss,52.40189000,-1.44583800,220.20,true,,
1790443746.998,marker,dr,52.40279630,-1.44606330,285.60,true,,
1790443746.999,marker,reconciled,0.00000000,0.00000000,0.00,false,,
1790443747.046,hud,speed,,,,,"12.8 / 11.0",12.810
1790443747.047,hud,heading,,,,,"75° / 140°",74.500
1790443747.047,hud,drift,,,,,"68.76%",68.760
1790443747.048,hud,turns,,,,,"✗ turns: 1/15",
1790443747.048,hud,calib_s,,,,,"✓ Buffer 6s",
1790443747.048,marker,gnss,52.40189000,-1.44583800,220.20,true,,
1790443747.049,marker,dr,52.40279957,-1.44604528,285.50,true,,
1790443747.049,marker,reconciled,0.00000000,0.00000000,0.00,false,,
1790443747.098,hud,speed,,,,,"12.9 / 11.0",12.940
1790443747.099,hud,heading,,,,,"75° / 140°",74.500
1790443747.099,hud,drift,,,,,"68.97%",68.970
1790443747.099,hud,turns,,,,,"✗ turns: 1/15",
1790443747.100,hud,calib_s,,,,,"✓ Buffer 6s",
1790443747.100,marker,gnss,52.40189000,-1.44583800,220.20,true,,
1790443747.101,marker,dr,52.40280291,-1.44602710,285.50,true,,
1790443747.101,marker,reconciled,0.00000000,0.00000000,0.00,false,,
1790443747.150,hud,speed,,,,,"13.1 / 11.0",13.050
1790443747.151,hud,heading,,,,,"74° / 140°",74.400
1790443747.151,hud,drift,,,,,"69.19%",69.190
1790443747.151,hud,turns,,,,,"✗ turns: 1/15",
1790443747.152,hud,calib_s,,,,,"✓ Buffer 6s",
1790443747.152,marker,gnss,52.40189000,-1.44583800,220.20,true,,
1790443747.153,marker,dr,52.40280627,-1.44600895,285.60,true,,
1790443747.153,marker,reconciled,0.00000000,0.00000000,0.00,false,,
1790443747.203,hud,speed,,,,,"13.2 / 11.0",13.190
1790443747.204,hud,heading,,,,,"74° / 140°",74.400
1790443747.204,hud,drift,,,,,"69.42%",69.420
1790443747.204,hud,turns,,,,,"✗ turns: 1/15",
1790443747.205,hud,calib_s,,,,,"✓ Buffer 6s",
1790443747.205,marker,gnss,52.40189000,-1.44583800,220.20,true,,
1790443747.206,marker,dr,52.40280973,-1.44599046,285.60,true,,
1790443747.206,marker,reconciled,0.00000000,0.00000000,0.00,false,,
1790443747.255,hud,speed,,,,,"13.3 / 11.0",13.340
1790443747.256,hud,heading,,,,,"74° / 140°",74.400
1790443747.256,hud,drift,,,,,"69.65%",69.650
1790443747.257,hud,turns,,,,,"✗ turns: 1/15",
1790443747.257,hud,calib_s,,,,,"✓ Buffer 6s",
1790443747.257,marker,gnss,52.40189000,-1.44583800,220.20,true,,
1790443747.258,marker,dr,52.40281333,-1.44597159,285.60,true,,
1790443747.258,marker,reconciled,0.00000000,0.00000000,0.00,false,,
1790443747.307,hud,speed,,,,,"13.4 / 11.0",13.440
1790443747.307,hud,heading,,,,,"74° / 140°",74.400
1790443747.308,hud,drift,,,,,"69.88%",69.880
1790443747.308,hud,turns,,,,,"✗ turns: 1/15",
1790443747.308,hud,calib_s,,,,,"✓ Buffer 6s",
1790443747.309,marker,gnss,52.40189000,-1.44583800,220.20,true,,
1790443747.309,marker,dr,52.40281694,-1.44595278,285.60,true,,
1790443747.310,marker,reconciled,0.00000000,0.00000000,0.00,false,,
1790443747.359,hud,speed,,,,,"13.6 / 11.0",13.550
1790443747.360,hud,heading,,,,,"74° / 140°",74.400
1790443747.360,hud,drift,,,,,"70.11%",70.110
1790443747.360,hud,turns,,,,,"✗ turns: 1/15",
1790443747.361,hud,calib_s,,,,,"✓ Buffer 6s",
1790443747.361,marker,gnss,52.40189000,-1.44583800,220.20,true,,
1790443747.362,marker,dr,52.40282059,-1.44593381,285.60,true,,
1790443747.363,marker,reconciled,0.00000000,0.00000000,0.00,false,,
1790443747.406,hud,speed,,,,,"13.6 / 11.0",13.630
1790443747.407,hud,heading,,,,,"74° / 140°",73.500
1790443747.407,hud,drift,,,,,"74.30%",74.300
1790443747.407,hud,turns,,,,,"✗ turns: 1/15",
1790443747.408,hud,calib_s,,,,,"✓ Buffer 6s",
1790443747.408,marker,gnss,52.40189000,-1.44583800,220.20,true,,
1790443747.409,marker,dr,52.40287403,-1.44601849,286.50,true,,
1790443747.409,marker,reconciled,0.00000000,0.00000000,0.00,false,,
1790443747.460,hud,speed,,,,,"13.8 / 11.0",13.750
1790443747.460,hud,heading,,,,,"73° / 140°",73.000
1790443747.460,hud,drift,,,,,"72.50%",72.500
1790443747.461,hud,turns,,,,,"✗ turns: 1/15",
1790443747.461,hud,calib_s,,,,,"✓ Buffer 6s",
1790443747.461,marker,gnss,52.40189000,-1.44583800,220.20,true,,
1790443747.462,marker,dr,52.40285064,-1.44596869,287.00,true,,
1790443747.463,marker,reconciled,0.00000000,0.00000000,0.00,false,,
1790443747.509,hud,speed,,,,,"13.9 / 11.0",13.900
1790443747.510,hud,heading,,,,,"72° / 140°",72.000
1790443747.510,hud,drift,,,,,"74.94%",74.940
1790443747.510,hud,turns,,,,,"✗ turns: 1/15",
1790443747.511,hud,calib_s,,,,,"✓ Buffer 6s",
1790443747.511,marker,gnss,52.40189000,-1.44583800,220.20,true,,
1790443747.512,marker,dr,52.40288247,-1.44600765,288.00,true,,
1790443747.513,marker,reconciled,0.00000000,0.00000000,0.00,false,,
1790443747.560,hud,speed,,,,,"14.1 / 11.0",14.050
1790443747.561,hud,heading,,,,,"71° / 140°",71.000
1790443747.561,hud,drift,,,,,"75.48%",75.480
1790443747.561,hud,turns,,,,,"✗ turns: 1/15",
1790443747.562,hud,calib_s,,,,,"✓ Buffer 6s",
1790443747.562,marker,gnss,52.40189000,-1.44583800,220.20,true,,
1790443747.563,marker,dr,52.40289085,-1.44599689,289.00,true,,
1790443747.563,marker,reconciled,0.00000000,0.00000000,0.00,false,,
1790443747.612,hud,speed,,,,,"14.2 / 11.0",14.160
1790443747.612,hud,heading,,,,,"70° / 140°",70.300
1790443747.613,hud,drift,,,,,"76.02%",76.020
1790443747.613,hud,turns,,,,,"✗ turns: 1/15",
1790443747.613,hud,calib_s,,,,,"✓ Buffer 6s",
1790443747.614,marker,gnss,52.40189000,-1.44583800,220.20,true,,
1790443747.614,marker,dr,52.40289929,-1.44598606,289.70,true,,
1790443747.615,marker,reconciled,0.00000000,0.00000000,0.00,false,,
1790443747.661,hud,speed,,,,,"14.3 / 11.0",14.290
1790443747.662,hud,heading,,,,,"70° / 140°",70.300
1790443747.662,hud,drift,,,,,"76.23%",76.230
1790443747.662,hud,turns,,,,,"✗ turns: 1/15",
1790443747.663,hud,calib_s,,,,,"✓ Buffer 6s",
1790443747.663,marker,gnss,52.40189000,-1.44583800,220.20,true,,
1790443747.664,marker,dr,52.40290365,-1.44596657,289.70,true,,
1790443747.664,marker,reconciled,0.00000000,0.00000000,0.00,false,,
1790443747.715,hud,speed,,,,,"14.4 / 11.0",14.390
1790443747.716,hud,heading,,,,,"70° / 140°",70.200
1790443747.716,hud,drift,,,,,"76.45%",76.450
1790443747.716,hud,turns,,,,,"✗ turns: 1/15",
1790443747.717,hud,calib_s,,,,,"✓ Buffer 6s",
1790443747.717,marker,gnss,52.40189000,-1.44583800,220.20,true,,
1790443747.717,marker,dr,52.40290815,-1.44594679,289.80,true,,
1790443747.718,marker,reconciled,0.00000000,0.00000000,0.00,false,,
1790443747.768,hud,speed,,,,,"14.4 / 11.0",14.430
1790443747.768,hud,heading,,,,,"70° / 140°",70.200
1790443747.768,hud,drift,,,,,"76.67%",76.670
1790443747.769,hud,turns,,,,,"✗ turns: 1/15",
1790443747.769,hud,calib_s,,,,,"✓ Buffer 6s",
1790443747.769,marker,gnss,52.40189000,-1.44583800,220.20,true,,
1790443747.770,marker,dr,52.40291277,-1.44592682,289.80,true,,
1790443747.770,marker,reconciled,0.00000000,0.00000000,0.00,false,,
1790443747.819,hud,speed,,,,,"14.5 / 11.0",14.490
1790443747.819,hud,heading,,,,,"70° / 140°",70.100
1790443747.820,hud,drift,,,,,"76.90%",76.900
1790443747.820,hud,turns,,,,,"✗ turns: 1/15",
1790443747.820,hud,calib_s,,,,,"✓ Buffer 6s",
1790443747.821,marker,gnss,52.40189000,-1.44583800,220.20,true,,
1790443747.821,marker,dr,52.40291740,-1.44590722,289.90,true,,
1790443747.822,marker,reconciled,0.00000000,0.00000000,0.00,false,,
1790443747.869,hud,speed,,,,,"14.5 / 11.0",14.530
1790443747.870,hud,heading,,,,,"70° / 140°",69.900
1790443747.870,hud,drift,,,,,"77.14%",77.140
1790443747.870,hud,turns,,,,,"✗ turns: 1/15",
1790443747.871,hud,calib_s,,,,,"✓ Buffer 6s",
1790443747.871,marker,gnss,52.40189000,-1.44583800,220.20,true,,
1790443747.872,marker,dr,52.40292219,-1.44588717,290.10,true,,
1790443747.872,marker,reconciled,0.00000000,0.00000000,0.00,false,,
1790443747.920,hud,speed,,,,,"14.6 / 11.0",14.570
1790443747.921,hud,heading,,,,,"70° / 140°",69.800
1790443747.921,hud,drift,,,,,"77.38%",77.380
1790443747.921,hud,turns,,,,,"✗ turns: 1/15",
1790443747.921,hud,calib_s,,,,,"✓ Buffer 6s",
1790443747.922,marker,gnss,52.40189000,-1.44583800,220.20,true,,
1790443747.922,marker,dr,52.40292695,-1.44586751,290.20,true,,
1790443747.923,marker,reconciled,0.00000000,0.00000000,0.00,false,,
1790443747.975,hud,speed,,,,,"14.6 / 11.0",14.590
1790443747.975,hud,heading,,,,,"70° / 140°",69.800
1790443747.975,hud,drift,,,,,"77.62%",77.620
1790443747.976,hud,turns,,,,,"✗ turns: 1/15",
1790443747.976,hud,calib_s,,,,,"✓ Buffer 6s",
1790443747.977,marker,gnss,52.40189000,-1.44583800,220.20,true,,
1790443747.977,marker,dr,52.40293182,-1.44584770,290.20,true,,
1790443747.977,marker,reconciled,0.00000000,0.00000000,0.00,false,,
1790443748.021,hud,speed,,,,,"14.6 / 11.0",14.610
1790443748.021,hud,heading,,,,,"70° / 140°",69.700
1790443748.022,hud,drift,,,,,"77.87%",77.870
1790443748.022,hud,turns,,,,,"✗ turns: 1/15",
1790443748.022,hud,calib_s,,,,,"✓ Buffer 6s",
1790443748.023,marker,gnss,52.40189000,-1.44583800,220.20,true,,
1790443748.024,marker,dr,52.40293678,-1.44582765,290.30,true,,
1790443748.024,marker,reconciled,0.00000000,0.00000000,0.00,false,,
1790443748.075,hud,speed,,,,,"14.7 / 11.0",14.660
1790443748.075,hud,heading,,,,,"70° / 140°",69.600
1790443748.075,hud,drift,,,,,"78.12%",78.120
1790443748.076,hud,turns,,,,,"✗ turns: 1/15",
1790443748.076,hud,calib_s,,,,,"✓ Buffer 6s",
1790443748.076,marker,gnss,52.40189000,-1.44583800,220.20,true,,
1790443748.077,marker,dr,52.40294177,-1.44580779,290.40,true,,
1790443748.077,marker,reconciled,0.00000000,0.00000000,0.00,false,,
1790443748.126,hud,speed,,,,,"14.7 / 11.0",14.720
1790443748.127,hud,heading,,,,,"70° / 140°",69.500
1790443748.127,hud,drift,,,,,"78.37%",78.370
1790443748.128,hud,turns,,,,,"✗ turns: 1/15",
1790443748.128,hud,calib_s,,,,,"✓ Buffer 6s",
1790443748.128,marker,gnss,52.40189000,-1.44583800,220.20,true,,
1790443748.129,marker,dr,52.40294677,-1.44578808,290.50,true,,
1790443748.129,marker,reconciled,0.00000000,0.00000000,0.00,false,,
1790443748.177,hud,speed,,,,,"14.7 / 11.0",14.650
1790443748.178,hud,heading,,,,,"70° / 140°",69.700
1790443748.178,hud,drift,,,,,"78.62%",78.620
1790443748.179,hud,turns,,,,,"✗ turns: 1/15",
1790443748.179,hud,calib_s,,,,,"✓ Buffer 6s",
1790443748.179,marker,gnss,52.40189000,-1.44583800,220.20,true,,
1790443748.180,marker,dr,52.40295183,-1.44576823,290.30,true,,
1790443748.180,marker,reconciled,0.00000000,0.00000000,0.00,false,,
1790443748.232,hud,speed,,,,,"14.7 / 11.0",14.670
1790443748.232,hud,heading,,,,,"70° / 140°",69.800
1790443748.233,hud,drift,,,,,"78.87%",78.870
1790443748.233,hud,turns,,,,,"✗ turns: 1/15",
1790443748.233,hud,calib_s,,,,,"✓ Buffer 6s",
1790443748.234,marker,gnss,52.40189000,-1.44583800,220.20,true,,
1790443748.234,marker,dr,52.40295692,-1.44574838,290.20,true,,
1790443748.235,marker,reconciled,0.00000000,0.00000000,0.00,false,,
1790443748.282,hud,speed,,,,,"14.5 / 11.0",14.540
1790443748.282,hud,heading,,,,,"70° / 140°",69.900
1790443748.283,hud,drift,,,,,"79.12%",79.120
1790443748.283,hud,turns,,,,,"✗ turns: 1/15",
1790443748.283,hud,calib_s,,,,,"✓ Buffer 6s",
1790443748.284,marker,gnss,52.40189000,-1.44583800,220.20,true,,
1790443748.284,marker,dr,52.40296202,-1.44572852,290.10,true,,
1790443748.285,marker,reconciled,0.00000000,0.00000000,0.00,false,,
1790443748.331,hud,speed,,,,,"14.5 / 11.0",14.450
1790443748.332,hud,heading,,,,,"70° / 140°",70.000
1790443748.332,hud,drift,,,,,"79.37%",79.370
1790443748.332,hud,turns,,,,,"✗ turns: 1/15",
1790443748.332,hud,calib_s,,,,,"✓ Buffer 6s",
1790443748.333,marker,gnss,52.40189000,-1.44583800,220.20,true,,
1790443748.333,marker,dr,52.40296703,-1.44570895,290.00,true,,
1790443748.334,marker,reconciled,0.00000000,0.00000000,0.00,false,,
1790443748.385,hud,speed,,,,,"14.4 / 11.0",14.380
1790443748.386,hud,heading,,,,,"70° / 140°",70.000
1790443748.386,hud,drift,,,,,"79.62%",79.620
1790443748.386,hud,turns,,,,,"✗ turns: 1/15",
1790443748.387,hud,calib_s,,,,,"✓ Buffer 6s",
1790443748.387,marker,gnss,52.40189000,-1.44583800,220.20,true,,
1790443748.388,marker,dr,52.40297201,-1.44568971,290.00,true,,
1790443748.389,marker,reconciled,0.00000000,0.00000000,0.00,false,,
1790443748.433,hud,speed,,,,,"14.3 / 11.0",14.290
1790443748.433,hud,heading,,,,,"70° / 140°",70.100
1790443748.433,hud,drift,,,,,"79.87%",79.870
1790443748.433,hud,turns,,,,,"✗ turns: 1/15",
1790443748.434,hud,calib_s,,,,,"✓ Buffer 6s",
1790443748.434,marker,gnss,52.40189000,-1.44583800,220.20,true,,
1790443748.435,marker,dr,52.40297704,-1.44567018,289.90,true,,
1790443748.435,marker,reconciled,0.00000000,0.00000000,0.00,false,,
1790443748.489,hud,speed,,,,,"14.2 / 11.0",14.220
1790443748.490,hud,heading,,,,,"70° / 140°",70.100
1790443748.490,hud,drift,,,,,"80.11%",80.110
1790443748.491,hud,turns,,,,,"✗ turns: 1/15",
1790443748.491,hud,calib_s,,,,,"✓ Buffer 6s",
1790443748.491,marker,gnss,52.40189000,-1.44583800,220.20,true,,
1790443748.492,marker,dr,52.40298194,-1.44565112,289.90,true,,
1790443748.492,marker,reconciled,0.00000000,0.00000000,0.00,false,,
1790443748.534,hud,speed,,,,,"14.2 / 11.0",14.230
1790443748.535,hud,heading,,,,,"70° / 140°",70.200
1790443748.535,hud,drift,,,,,"80.35%",80.350
1790443748.535,hud,turns,,,,,"✗ turns: 1/15",
1790443748.536,hud,calib_s,,,,,"✓ Buffer 6s",
1790443748.536,marker,gnss,52.40189000,-1.44583800,220.20,true,,
1790443748.536,marker,dr,52.40298688,-1.44563184,289.80,true,,
1790443748.537,marker,reconciled,0.00000000,0.00000000,0.00,false,,
1790443748.592,hud,speed,,,,,"14.2 / 11.0",14.190
1790443748.593,hud,heading,,,,,"70° / 140°",70.100
1790443748.593,hud,drift,,,,,"80.59%",80.590
1790443748.593,hud,turns,,,,,"✗ turns: 1/15",
1790443748.593,hud,calib_s,,,,,"✓ Buffer 6s",
1790443748.594,marker,gnss,52.40189000,-1.44583800,220.20,true,,
1790443748.595,marker,dr,52.40299177,-1.44561259,289.90,true,,
1790443748.595,marker,reconciled,0.00000000,0.00000000,0.00,false,,
1790443748.640,hud,speed,,,,,"14.2 / 11.0",14.170
1790443748.641,hud,heading,,,,,"70° / 140°",70.200
1790443748.641,hud,drift,,,,,"80.83%",80.830
1790443748.641,hud,turns,,,,,"✗ turns: 1/15",
1790443748.641,hud,calib_s,,,,,"✓ Buffer 6s",
1790443748.642,marker,gnss,52.40189000,-1.44583800,220.20,true,,
1790443748.642,marker,dr,52.40299669,-1.44559317,289.80,true,,
1790443748.643,marker,reconciled,0.00000000,0.00000000,0.00,false,,
1790443748.691,hud,speed,,,,,"14.1 / 11.0",14.130
1790443748.692,hud,heading,,,,,"70° / 140°",70.200
1790443748.692,hud,drift,,,,,"81.06%",81.060
1790443748.692,hud,turns,,,,,"✗ turns: 1/15",
1790443748.693,hud,calib_s,,,,,"✓ Buffer 6s",
1790443748.693,marker,gnss,52.40189000,-1.44583800,220.20,true,,
1790443748.694,marker,dr,52.40300156,-1.44557399,289.80,true,,
1790443748.695,marker,reconciled,0.00000000,0.00000000,0.00,false,,
1790443748.745,hud,speed,,,,,"14.1 / 11.0",14.140
1790443748.745,hud,heading,,,,,"70° / 140°",70.100
1790443748.746,hud,drift,,,,,"81.29%",81.290
1790443748.746,hud,turns,,,,,"✗ turns: 1/15",
1790443748.746,hud,calib_s,,,,,"✓ Buffer 6s",
1790443748.747,marker,gnss,52.40189000,-1.44583800,220.20,true,,
1790443748.748,marker,dr,52.40300641,-1.44555479,289.90,true,,
1790443748.748,marker,reconciled,0.00000000,0.00000000,0.00,false,,
1790443748.793,hud,speed,,,,,"14.0 / 11.0",13.980
1790443748.794,hud,heading,,,,,"70° / 140°",70.200
1790443748.794,hud,drift,,,,,"81.51%",81.510
1790443748.794,hud,turns,,,,,"✗ turns: 1/15",
1790443748.794,hud,calib_s,,,,,"✓ Buffer 6s",
1790443748.795,marker,gnss,52.40189000,-1.44583800,220.20,true,,
1790443748.796,marker,dr,52.40301112,-1.44553597,289.80,true,,
1790443748.796,marker,reconciled,0.00000000,0.00000000,0.00,false,,
1790443748.847,hud,speed,,,,,"13.9 / 11.0",13.930
1790443748.847,hud,heading,,,,,"70° / 140°",70.200
1790443748.847,hud,drift,,,,,"81.74%",81.740
1790443748.848,hud,turns,,,,,"✗ turns: 1/15",
1790443748.848,hud,calib_s,,,,,"✓ Buffer 6s",
1790443748.848,marker,gnss,52.40189000,-1.44583800,220.20,true,,
1790443748.849,marker,dr,52.40301586,-1.44551681,289.80,true,,
1790443748.850,marker,reconciled,0.00000000,0.00000000,0.00,false,,
1790443748.897,hud,speed,,,,,"13.9 / 11.0",13.850
1790443748.898,hud,heading,,,,,"70° / 140°",70.000
1790443748.898,hud,drift,,,,,"81.96%",81.960
1790443748.898,hud,turns,,,,,"✗ turns: 1/15",
1790443748.899,hud,calib_s,,,,,"✓ Buffer 6s",
1790443748.899,marker,gnss,52.40189000,-1.44583800,220.20,true,,
1790443748.900,marker,dr,52.40302049,-1.44549814,290.00,true,,
1790443748.900,marker,reconciled,0.00000000,0.00000000,0.00,false,,
1790443748.948,hud,speed,,,,,"13.6 / 11.0",13.620
1790443748.949,hud,heading,,,,,"70° / 140°",70.000
1790443748.949,hud,drift,,,,,"82.17%",82.170
1790443748.949,hud,turns,,,,,"✗ turns: 1/15",
1790443748.949,hud,calib_s,,,,,"✓ Buffer 6s",
1790443748.950,marker,gnss,52.40189000,-1.44583800,220.20,true,,
1790443748.951,marker,dr,52.40302508,-1.44547959,290.00,true,,
1790443748.951,marker,reconciled,0.00000000,0.00000000,0.00,false,,
1790443749.003,hud,speed,,,,,"13.5 / 11.0",13.460
1790443749.004,hud,heading,,,,,"70° / 140°",69.900
1790443749.004,hud,drift,,,,,"82.38%",82.380
1790443749.004,hud,turns,,,,,"✗ turns: 1/15",
1790443749.004,hud,calib_s,,,,,"✓ Buffer 6s",
1790443749.005,marker,gnss,52.40189000,-1.44583800,220.20,true,,
1790443749.005,marker,dr,52.40302958,-1.44546124,290.10,true,,
1790443749.005,marker,reconciled,0.00000000,0.00000000,0.00,false,,
1790443749.052,hud,speed,,,,,"13.4 / 11.0",13.400
1790443749.053,hud,heading,,,,,"70° / 140°",69.800
1790443749.053,hud,drift,,,,,"82.58%",82.580
1790443749.053,hud,turns,,,,,"✗ turns: 1/15",
1790443749.053,hud,calib_s,,,,,"✓ Buffer 6s",
1790443749.054,marker,gnss,52.40189000,-1.44583800,220.20,true,,
1790443749.055,marker,dr,52.40303402,-1.44544272,290.20,true,,
1790443749.055,marker,reconciled,0.00000000,0.00000000,0.00,false,,
1790443749.101,hud,speed,,,,,"13.2 / 11.0",13.230
1790443749.101,hud,heading,,,,,"70° / 140°",69.800
1790443749.101,hud,drift,,,,,"82.77%",82.770
1790443749.101,hud,turns,,,,,"✗ turns: 1/15",
1790443749.102,hud,calib_s,,,,,"✓ Buffer 6s",
1790443749.102,marker,gnss,52.40189000,-1.44583800,220.20,true,,
1790443749.103,marker,dr,52.40303832,-1.44542461,290.20,true,,
1790443749.105,marker,reconciled,0.00000000,0.00000000,0.00,false,,
1790443749.155,hud,speed,,,,,"13.2 / 11.0",13.230
1790443749.156,hud,heading,,,,,"70° / 140°",70.000
1790443749.156,hud,drift,,,,,"82.97%",82.970
1790443749.156,hud,turns,,,,,"✗ turns: 1/15",
1790443749.156,hud,calib_s,,,,,"✓ Buffer 6s",
1790443749.157,marker,gnss,52.40189000,-1.44583800,220.20,true,,
1790443749.158,marker,dr,52.40304255,-1.44540665,290.00,true,,
1790443749.158,marker,reconciled,0.00000000,0.00000000,0.00,false,,
1790443749.203,hud,speed,,,,,"13.1 / 11.0",13.080
1790443749.204,hud,heading,,,,,"70° / 140°",70.100
1790443749.204,hud,drift,,,,,"83.15%",83.150
1790443749.204,hud,turns,,,,,"✗ turns: 1/15",
1790443749.204,hud,calib_s,,,,,"✓ Buffer 6s",
1790443749.205,marker,gnss,52.40189000,-1.44583800,220.20,true,,
1790443749.206,marker,dr,52.40304676,-1.44538871,289.90,true,,
1790443749.207,marker,reconciled,0.00000000,0.00000000,0.00,false,,
1790443749.259,hud,speed,,,,,"13.1 / 11.0",13.100
1790443749.260,hud,heading,,,,,"70° / 140°",70.000
1790443749.260,hud,drift,,,,,"83.34%",83.340
1790443749.261,hud,turns,,,,,"✗ turns: 1/15",
1790443749.261,hud,calib_s,,,,,"✓ Buffer 6s",
1790443749.261,marker,gnss,52.40189000,-1.44583800,220.20,true,,
1790443749.262,marker,dr,52.40305097,-1.44537053,290.00,true,,
1790443749.263,marker,reconciled,0.00000000,0.00000000,0.00,false,,
1790443749.310,hud,speed,,,,,"13.1 / 11.0",13.140
1790443749.311,hud,heading,,,,,"70° / 140°",69.800
1790443749.311,hud,drift,,,,,"83.52%",83.520
1790443749.311,hud,turns,,,,,"✗ turns: 1/15",
1790443749.311,hud,calib_s,,,,,"✓ Buffer 6s",
1790443749.312,marker,gnss,52.40189000,-1.44583800,220.20,true,,
1790443749.312,marker,dr,52.40305509,-1.44535263,290.20,true,,
1790443749.313,marker,reconciled,0.00000000,0.00000000,0.00,false,,
1790443749.364,hud,speed,,,,,"13.2 / 11.0",13.190
1790443749.364,hud,heading,,,,,"70° / 140°",69.500
1790443749.365,hud,drift,,,,,"83.70%",83.700
1790443749.365,hud,turns,,,,,"✗ turns: 1/15",
1790443749.365,hud,calib_s,,,,,"✓ Buffer 6s",
1790443749.366,marker,gnss,52.40189000,-1.44583800,220.20,true,,
1790443749.366,marker,dr,52.40305929,-1.44533431,290.50,true,,
1790443749.367,marker,reconciled,0.00000000,0.00000000,0.00,false,,
1790443749.408,hud,speed,,,,,"13.2 / 11.0",13.180
1790443749.409,hud,heading,,,,,"69° / 140°",69.200
1790443749.409,hud,drift,,,,,"83.88%",83.880
1790443749.409,hud,turns,,,,,"✗ turns: 1/15",
1790443749.409,hud,calib_s,,,,,"✓ Buffer 6s",
1790443749.410,marker,gnss,52.40189000,-1.44583800,220.20,true,,
1790443749.410,marker,dr,52.40306344,-1.44531616,290.80,true,,
1790443749.411,marker,reconciled,0.00000000,0.00000000,0.00,false,,
1790443749.461,hud,speed,,,,,"13.3 / 11.0",13.260
1790443749.461,hud,heading,,,,,"69° / 140°",68.800
1790443749.462,hud,drift,,,,,"84.06%",84.060
1790443749.463,hud,turns,,,,,"✗ turns: 1/15",
1790443749.463,hud,calib_s,,,,,"✓ Buffer 6s",
1790443749.463,marker,gnss,52.40189000,-1.44583800,220.20,true,,
1790443749.464,marker,dr,52.40306753,-1.44529786,291.20,true,,
1790443749.464,marker,reconciled,0.00000000,0.00000000,0.00,false,,
1790443749.514,hud,speed,,,,,"13.2 / 11.0",13.220
1790443749.514,hud,heading,,,,,"69° / 140°",68.600
1790443749.515,hud,drift,,,,,"84.23%",84.230
1790443749.515,hud,turns,,,,,"✗ turns: 1/15",
1790443749.515,hud,calib_s,,,,,"✓ Buffer 6s",
1790443749.516,marker,gnss,52.40189000,-1.44583800,220.20,true,,
1790443749.516,marker,dr,52.40307152,-1.44527974,291.40,true,,
1790443749.517,marker,reconciled,0.00000000,0.00000000,0.00,false,,
1790443749.562,hud,speed,,,,,"13.3 / 11.0",13.270
1790443749.563,hud,heading,,,,,"69° / 140°",68.600
1790443749.563,hud,drift,,,,,"84.40%",84.400
1790443749.563,hud,turns,,,,,"✗ turns: 1/15",
1790443749.564,hud,calib_s,,,,,"✓ Buffer 6s",
1790443749.564,marker,gnss,52.40189000,-1.44583800,220.20,true,,
1790443749.565,marker,dr,52.40307559,-1.44526115,291.40,true,,
1790443749.565,marker,reconciled,0.00000000,0.00000000,0.00,false,,
1790443749.611,hud,speed,,,,,"13.3 / 11.0",13.310
1790443749.611,hud,heading,,,,,"69° / 140°",68.800
1790443749.612,hud,drift,,,,,"84.57%",84.570
1790443749.612,hud,turns,,,,,"✗ turns: 1/15",
1790443749.612,hud,calib_s,,,,,"✓ Buffer 6s",
1790443749.613,marker,gnss,52.40189000,-1.44583800,220.20,true,,
1790443749.613,marker,dr,52.40307964,-1.44524272,291.20,true,,
1790443749.613,marker,reconciled,0.00000000,0.00000000,0.00,false,,
1790443749.662,hud,speed,,,,,"13.5 / 11.0",13.450
1790443749.663,hud,heading,,,,,"69° / 140°",69.300
1790443749.663,hud,drift,,,,,"84.74%",84.740
1790443749.664,hud,turns,,,,,"✗ turns: 1/15",
1790443749.664,hud,calib_s,,,,,"✓ Buffer 6s",
1790443749.664,marker,gnss,52.40189000,-1.44583800,220.20,true,,
1790443749.665,marker,dr,52.40308371,-1.44522411,290.70,true,,
1790443749.665,marker,reconciled,0.00000000,0.00000000,0.00,false,,
1790443749.713,hud,speed,,,,,"13.6 / 11.0",13.620
1790443749.714,hud,heading,,,,,"70° / 140°",69.600
1790443749.714,hud,drift,,,,,"84.91%",84.910
1790443749.714,hud,turns,,,,,"✗ turns: 1/15",
1790443749.715,hud,calib_s,,,,,"✓ Buffer 6s",
1790443749.715,marker,gnss,52.40189000,-1.44583800,220.20,true,,
1790443749.716,marker,dr,52.40308784,-1.44520527,290.40,true,,
1790443749.716,marker,reconciled,0.00000000,0.00000000,0.00,false,,
1790443749.767,hud,speed,,,,,"13.7 / 11.0",13.680
1790443749.768,hud,heading,,,,,"70° / 140°",69.500
1790443749.768,hud,drift,,,,,"85.08%",85.080
1790443749.768,hud,turns,,,,,"✗ turns: 1/15",
1790443749.769,hud,calib_s,,,,,"✓ Buffer 6s",
1790443749.769,marker,gnss,52.40189000,-1.44583800,220.20,true,,
1790443749.770,marker,dr,52.40309194,-1.44518632,290.50,true,,
1790443749.770,marker,reconciled,0.00000000,0.00000000,0.00,false,,
1790443749.816,hud,speed,,,,,"13.8 / 11.0",13.770
1790443749.816,hud,heading,,,,,"70° / 140°",69.600
1790443749.817,hud,drift,,,,,"85.25%",85.250
1790443749.817,hud,turns,,,,,"✗ turns: 1/15",
1790443749.817,hud,calib_s,,,,,"✓ Buffer 6s",
1790443749.818,marker,gnss,52.40189000,-1.44583800,220.20,true,,
1790443749.819,marker,dr,52.40309601,-1.44516742,290.40,true,,
1790443749.820,marker,reconciled,0.00000000,0.00000000,0.00,false,,
1790443749.872,hud,speed,,,,,"13.9 / 11.0",13.880
1790443749.873,hud,heading,,,,,"70° / 140°",69.800
1790443749.873,hud,drift,,,,,"85.42%",85.420
1790443749.874,hud,turns,,,,,"✗ turns: 1/15",
1790443749.874,hud,calib_s,,,,,"✓ Buffer 6s",
1790443749.874,marker,gnss,52.40189000,-1.44583800,220.20,true,,
1790443749.875,marker,dr,52.40310015,-1.44514819,290.20,true,,
1790443749.875,marker,reconciled,0.00000000,0.00000000,0.00,false,,
1790443749.919,hud,speed,,,,,"14.0 / 11.0",13.990
1790443749.919,hud,heading,,,,,"70° / 140°",70.100
1790443749.919,hud,drift,,,,,"85.59%",85.590
1790443749.920,hud,turns,,,,,"✗ turns: 1/15",
1790443749.920,hud,calib_s,,,,,"✓ Buffer 6s",
1790443749.920,marker,gnss,52.40189000,-1.44583800,220.20,true,,
1790443749.921,marker,dr,52.40310429,-1.44512879,289.90,true,,
1790443749.921,marker,reconciled,0.00000000,0.00000000,0.00,false,,
1790443749.972,hud,speed,,,,,"14.1 / 11.0",14.090
1790443749.973,hud,heading,,,,,"70° / 140°",70.300
1790443749.973,hud,drift,,,,,"85.76%",85.760
1790443749.973,hud,turns,,,,,"✗ turns: 1/15",
1790443749.973,hud,calib_s,,,,,"✓ Buffer 6s",
1790443749.975,marker,gnss,52.40189000,-1.44583800,220.20,true,,
1790443749.975,marker,dr,52.40310840,-1.44510923,289.70,true,,
1790443749.976,marker,reconciled,0.00000000,0.00000000,0.00,false,,
1790443750.026,hud,speed,,,,,"14.2 / 11.0",14.200
1790443750.026,hud,heading,,,,,"70° / 140°",70.300
1790443750.026,hud,drift,,,,,"85.93%",85.930
1790443750.027,hud,turns,,,,,"✗ turns: 1/15",
1790443750.027,hud,calib_s,,,,,"✓ Buffer 6s",
1790443750.028,marker,gnss,52.40189000,-1.44583800,220.20,true,,
1790443750.028,marker,dr,52.40311256,-1.44508951,289.70,true,,
1790443750.028,marker,reconciled,0.00000000,0.00000000,0.00,false,,
1790443750.073,hud,speed,,,,,"14.3 / 11.0",14.330
1790443750.074,hud,heading,,,,,"70° / 140°",70.400
1790443750.074,hud,drift,,,,,"86.10%",86.100
1790443750.075,hud,turns,,,,,"✗ turns: 1/15",
1790443750.075,hud,calib_s,,,,,"✓ Buffer 6s",
1790443750.075,marker,gnss,52.40189000,-1.44583800,220.20,true,,
1790443750.076,marker,dr,52.40311679,-1.44506962,289.60,true,,
1790443750.076,marker,reconciled,0.00000000,0.00000000,0.00,false,,
1790443750.127,hud,speed,,,,,"14.4 / 11.0",14.440
1790443750.127,hud,heading,,,,,"70° / 140°",70.400
1790443750.128,hud,drift,,,,,"86.27%",86.270
1790443750.128,hud,turns,,,,,"✗ turns: 1/15",
1790443750.128,hud,calib_s,,,,,"✓ Buffer 6s",
1790443750.129,marker,gnss,52.40189000,-1.44583800,220.20,true,,
1790443750.129,marker,dr,52.40312104,-1.44504959,289.60,true,,
1790443750.130,marker,reconciled,0.00000000,0.00000000,0.00,false,,
1790443750.179,hud,speed,,,,,"14.6 / 11.0",14.570
1790443750.180,hud,heading,,,,,"70° / 140°",70.300
1790443750.180,hud,drift,,,,,"86.45%",86.450
1790443750.181,hud,turns,,,,,"✗ turns: 1/15",
1790443750.181,hud,calib_s,,,,,"✓ Buffer 6s",
1790443750.181,marker,gnss,52.40189000,-1.44583800,220.20,true,,
1790443750.182,marker,dr,52.40312534,-1.44502916,289.70,true,,
1790443750.183,marker,reconciled,0.00000000,0.00000000,0.00,false,,
1790443750.229,hud,speed,,,,,"14.7 / 11.0",14.670
1790443750.230,hud,heading,,,,,"70° / 140°",70.200
1790443750.231,hud,drift,,,,,"86.62%",86.620
1790443750.231,hud,turns,,,,,"✗ turns: 1/15",
1790443750.231,hud,calib_s,,,,,"✓ Buffer 6s",
1790443750.232,marker,gnss,52.40189000,-1.44583800,220.20,true,,
1790443750.232,marker,dr,52.40312962,-1.44500877,289.80,true,,
1790443750.233,marker,reconciled,0.00000000,0.00000000,0.00,false,,
1790443750.285,hud,speed,,,,,"14.8 / 11.0",14.750
1790443750.286,hud,heading,,,,,"70° / 140°",70.300
1790443750.286,hud,drift,,,,,"86.79%",86.790
1790443750.287,hud,turns,,,,,"✗ turns: 1/15",
1790443750.287,hud,calib_s,,,,,"✓ Buffer 6s",
1790443750.287,marker,gnss,52.40189000,-1.44583800,220.20,true,,
1790443750.288,marker,dr,52.40313390,-1.44498827,289.70,true,,
1790443750.288,marker,reconciled,0.00000000,0.00000000,0.00,false,,
1790443750.335,hud,speed,,,,,"14.8 / 11.0",14.790
1790443750.336,hud,heading,,,,,"70° / 140°",70.200
1790443750.336,hud,drift,,,,,"86.96%",86.960
1790443750.336,hud,turns,,,,,"✗ turns: 1/15",
1790443750.337,hud,calib_s,,,,,"✓ Buffer 6s",
1790443750.337,marker,gnss,52.40189000,-1.44583800,220.20,true,,
1790443750.338,marker,dr,52.40313813,-1.44496790,289.80,true,,
1790443750.339,marker,reconciled,0.00000000,0.00000000,0.00,false,,
1790443750.388,hud,speed,,,,,"14.7 / 11.0",14.700
1790443750.389,hud,heading,,,,,"70° / 140°",70.400
1790443750.389,hud,drift,,,,,"87.13%",87.130
1790443750.390,hud,turns,,,,,"✗ turns: 1/15",
1790443750.390,hud,calib_s,,,,,"✓ Buffer 6s",
1790443750.392,marker,gnss,52.40189000,-1.44583800,220.20,true,,
1790443750.393,marker,dr,52.40314242,-1.44494724,289.60,true,,
1790443750.393,marker,reconciled,0.00000000,0.00000000,0.00,false,,
1790443750.435,hud,speed,,,,,"14.6 / 11.0",14.590
1790443750.436,hud,heading,,,,,"70° / 140°",70.200
1790443750.436,hud,drift,,,,,"87.30%",87.300
1790443750.436,hud,turns,,,,,"✗ turns: 1/15",
1790443750.437,hud,calib_s,,,,,"✓ Buffer 6s",
1790443750.437,marker,gnss,52.40189000,-1.44583800,220.20,true,,
1790443750.438,marker,dr,52.40314667,-1.44492697,289.80,true,,
1790443750.438,marker,reconciled,0.00000000,0.00000000,0.00,false,,
1790443750.489,hud,speed,,,,,"14.6 / 11.0",14.560
1790443750.490,hud,heading,,,,,"70° / 140°",70.300
1790443750.490,hud,drift,,,,,"87.46%",87.460
1790443750.490,hud,turns,,,,,"✗ turns: 1/15",
1790443750.491,hud,calib_s,,,,,"✓ Buffer 6s",
1790443750.491,marker,gnss,52.40189000,-1.44583800,220.20,true,,
1790443750.492,marker,dr,52.40315082,-1.44490691,289.70,true,,
1790443750.492,marker,reconciled,0.00000000,0.00000000,0.00,false,,
1790443750.541,hud,speed,,,,,"14.5 / 11.0",14.490
1790443750.542,hud,heading,,,,,"70° / 140°",70.100
1790443750.542,hud,drift,,,,,"87.63%",87.630
1790443750.542,hud,turns,,,,,"✗ turns: 1/15",
1790443750.543,hud,calib_s,,,,,"✓ Buffer 6s",
1790443750.543,marker,gnss,52.40189000,-1.44583800,220.20,true,,
1790443750.543,marker,dr,52.40315504,-1.44488654,289.90,true,,
1790443750.544,marker,reconciled,0.00000000,0.00000000,0.00,false,,
1790443750.586,hud,speed,,,,,"14.2 / 11.0",14.230
1790443750.587,hud,heading,,,,,"70° / 140°",70.000
1790443750.587,hud,drift,,,,,"87.79%",87.790
1790443750.587,hud,turns,,,,,"✗ turns: 1/15",
1790443750.588,hud,calib_s,,,,,"✓ Buffer 6s",
1790443750.588,marker,gnss,52.40189000,-1.44583800,220.20,true,,
1790443750.589,marker,dr,52.40315913,-1.44486694,290.00,true,,
1790443750.590,marker,reconciled,0.00000000,0.00000000,0.00,false,,
1790443750.639,hud,speed,,,,,"14.0 / 11.0",14.010
1790443750.640,hud,heading,,,,,"70° / 140°",69.900
1790443750.640,hud,drift,,,,,"87.94%",87.940
1790443750.640,hud,turns,,,,,"✗ turns: 1/15",
1790443750.641,hud,calib_s,,,,,"✓ Buffer 6s",
1790443750.641,marker,gnss,52.40189000,-1.44583800,220.20,true,,
1790443750.642,marker,dr,52.40316319,-1.44484744,290.10,true,,
1790443750.642,marker,reconciled,0.00000000,0.00000000,0.00,false,,
1790443750.690,hud,speed,,,,,"13.8 / 11.0",13.800
1790443750.691,hud,heading,,,,,"70° / 140°",69.800
1790443750.691,hud,drift,,,,,"88.09%",88.090
1790443750.691,hud,turns,,,,,"✗ turns: 1/15",
1790443750.691,hud,calib_s,,,,,"✓ Buffer 6s",
1790443750.692,marker,gnss,52.40189000,-1.44583800,220.20,true,,
1790443750.692,marker,dr,52.40316718,-1.44482822,290.20,true,,
1790443750.693,marker,reconciled,0.00000000,0.00000000,0.00,false,,
1790443750.739,hud,speed,,,,,"13.7 / 11.0",13.690
1790443750.740,hud,heading,,,,,"70° / 140°",69.900
1790443750.740,hud,drift,,,,,"88.24%",88.240
1790443750.740,hud,turns,,,,,"✗ turns: 1/15",
1790443750.741,hud,calib_s,,,,,"✓ Buffer 6s",
1790443750.741,marker,gnss,52.40189000,-1.44583800,220.20,true,,
1790443750.742,marker,dr,52.40317115,-1.44480896,290.10,true,,
1790443750.742,marker,reconciled,0.00000000,0.00000000,0.00,false,,
1790443750.792,hud,speed,,,,,"13.7 / 11.0",13.690
1790443750.792,hud,heading,,,,,"70° / 140°",69.900
1790443750.792,hud,drift,,,,,"88.38%",88.380
1790443750.793,hud,turns,,,,,"✗ turns: 1/15",
1790443750.793,hud,calib_s,,,,,"✓ Buffer 6s",
1790443750.793,marker,gnss,52.40189000,-1.44583800,220.20,true,,
1790443750.794,marker,dr,52.40317508,-1.44479011,290.10,true,,
1790443750.794,marker,reconciled,0.00000000,0.00000000,0.00,false,,
1790443750.843,hud,speed,,,,,"13.7 / 11.0",13.680
1790443750.843,hud,heading,,,,,"70° / 140°",70.200
1790443750.844,hud,drift,,,,,"88.53%",88.530
1790443750.844,hud,turns,,,,,"✗ turns: 1/15",
1790443750.844,hud,calib_s,,,,,"✓ Buffer 6s",
1790443750.845,marker,gnss,52.40189000,-1.44583800,220.20,true,,
1790443750.845,marker,dr,52.40317911,-1.44477091,289.80,true,,
1790443750.845,marker,reconciled,0.00000000,0.00000000,0.00,false,,
1790443750.890,hud,speed,,,,,"13.5 / 11.0",13.530
1790443750.891,hud,heading,,,,,"70° / 140°",70.200
1790443750.891,hud,drift,,,,,"88.68%",88.680
1790443750.891,hud,turns,,,,,"✗ turns: 1/15",
1790443750.892,hud,calib_s,,,,,"✓ Buffer 6s",
1790443750.892,marker,gnss,52.40189000,-1.44583800,220.20,true,,
1790443750.892,marker,dr,52.40318309,-1.44475234,289.80,true,,
1790443750.893,marker,reconciled,0.00000000,0.00000000,0.00,false,,
1790443750.943,hud,speed,,,,,"13.6 / 11.0",13.550
1790443750.943,hud,heading,,,,,"70° / 140°",70.200
1790443750.944,hud,drift,,,,,"88.82%",88.820
1790443750.944,hud,turns,,,,,"✗ turns: 1/15",
1790443750.944,hud,calib_s,,,,,"✓ Buffer 6s",
1790443750.945,marker,gnss,52.40189000,-1.44583800,220.20,true,,
1790443750.945,marker,dr,52.40318718,-1.44473338,289.80,true,,
1790443750.946,marker,reconciled,0.00000000,0.00000000,0.00,false,,
1790443750.993,hud,speed,,,,,"13.5 / 11.0",13.540
1790443750.993,hud,heading,,,,,"70° / 140°",70.300
1790443750.993,hud,drift,,,,,"88.97%",88.970
1790443750.994,hud,turns,,,,,"✗ turns: 1/15",
1790443750.994,hud,calib_s,,,,,"✓ Buffer 6s",
1790443750.994,marker,gnss,52.40189000,-1.44583800,220.20,true,,
1790443750.995,marker,dr,52.40319115,-1.44471479,289.70,true,,
1790443750.995,marker,reconciled,0.00000000,0.00000000,0.00,false,,
1790443751.047,hud,speed,,,,,"13.6 / 11.0",13.570
1790443751.048,hud,heading,,,,,"70° / 140°",70.100
1790443751.048,hud,drift,,,,,"89.11%",89.110
1790443751.048,hud,turns,,,,,"✗ turns: 1/15",
1790443751.049,hud,calib_s,,,,,"✓ Buffer 6s",
1790443751.049,marker,gnss,52.40189000,-1.44583800,220.20,true,,
1790443751.050,marker,dr,52.40319520,-1.44469577,289.90,true,,
1790443751.050,marker,reconciled,0.00000000,0.00000000,0.00,false,,
1790443751.096,hud,speed,,,,,"13.6 / 11.0",13.600
1790443751.097,hud,heading,,,,,"70° / 140°",70.000
1790443751.097,hud,drift,,,,,"89.25%",89.250
1790443751.097,hud,turns,,,,,"✗ turns: 1/15",
1790443751.098,hud,calib_s,,,,,"✓ Buffer 6s",
1790443751.098,marker,gnss,52.40189000,-1.44583800,220.20,true,,
1790443751.099,marker,dr,52.40319917,-1.44467686,290.00,true,,
1790443751.099,marker,reconciled,0.00000000,0.00000000,0.00,false,,
1790443751.144,hud,speed,,,,,"13.7 / 11.0",13.660
1790443751.144,hud,heading,,,,,"70° / 140°",70.100
1790443751.145,hud,drift,,,,,"89.40%",89.400
1790443751.145,hud,turns,,,,,"✗ turns: 1/15",
1790443751.145,hud,calib_s,,,,,"✓ Buffer 6s",
1790443751.146,marker,gnss,52.40189000,-1.44583800,220.20,true,,
1790443751.146,marker,dr,52.40320315,-1.44465808,289.90,true,,
1790443751.147,marker,reconciled,0.00000000,0.00000000,0.00,false,,
1790443751.197,hud,speed,,,,,"13.7 / 11.0",13.720
1790443751.198,hud,heading,,,,,"71° / 140°",70.500
1790443751.198,hud,drift,,,,,"89.54%",89.540
1790443751.198,hud,turns,,,,,"✗ turns: 1/15",
1790443751.199,hud,calib_s,,,,,"✓ Buffer 6s",
1790443751.199,marker,gnss,52.40189000,-1.44583800,220.20,true,,
1790443751.200,marker,dr,52.40320714,-1.44463901,289.50,true,,
1790443751.200,marker,reconciled,0.00000000,0.00000000,0.00,false,,
1790443751.251,hud,speed,,,,,"13.8 / 11.0",13.810
1790443751.251,hud,heading,,,,,"71° / 140°",71.000
1790443751.252,hud,drift,,,,,"89.68%",89.680
1790443751.252,hud,turns,,,,,"✗ turns: 1/15",
1790443751.252,hud,calib_s,,,,,"✓ Buffer 6s",
1790443751.253,marker,gnss,52.40189000,-1.44583800,220.20,true,,
1790443751.253,marker,dr,52.40321119,-1.44461961,289.00,true,,
1790443751.254,marker,reconciled,0.00000000,0.00000000,0.00,false,,
1790443751.304,hud,speed,,,,,"13.9 / 12.3",13.900
1790443751.305,hud,heading,,,,,"71° / 135°",71.000
1790443751.305,hud,drift,,,,,"89.85%",89.850
1790443751.305,hud,turns,,,,,"✗ turns: 1/15",
1790443751.306,hud,calib_s,,,,,"✓ Buffer 6s",
1790443751.308,marker,gnss,52.40121500,-1.44490700,225.50,true,,
1790443751.309,marker,dr,52.40321515,-1.44460046,289.00,true,,
1790443751.309,marker,reconciled,0.00000000,0.00000000,0.00,false,,
1790443751.355,hud,speed,,,,,"14.0 / 12.3",13.980
1790443751.356,hud,heading,,,,,"71° / 135°",70.900
1790443751.356,hud,drift,,,,,"89.95%",89.950
1790443751.356,hud,turns,,,,,"✗ turns: 1/15",
1790443751.356,hud,calib_s,,,,,"✓ Buffer 6s",
1790443751.357,marker,gnss,52.40121500,-1.44490700,225.50,true,,
1790443751.358,marker,dr,52.40321921,-1.44458102,289.10,true,,
1790443751.358,marker,reconciled,0.00000000,0.00000000,0.00,false,,
1790443751.405,hud,speed,,,,,"14.0 / 12.3",14.010
1790443751.406,hud,heading,,,,,"71° / 135°",70.800
1790443751.406,hud,drift,,,,,"90.05%",90.050
1790443751.406,hud,turns,,,,,"✗ turns: 1/15",
1790443751.407,hud,calib_s,,,,,"✓ Buffer 6s",
1790443751.407,marker,gnss,52.40121500,-1.44490700,225.50,true,,
1790443751.407,marker,dr,52.40322327,-1.44456155,289.20,true,,
1790443751.408,marker,reconciled,0.00000000,0.00000000,0.00,false,,
1790443751.454,hud,speed,,,,,"13.9 / 12.3",13.940
1790443751.454,hud,heading,,,,,"71° / 135°",70.700
1790443751.454,hud,drift,,,,,"90.15%",90.150
1790443751.455,hud,turns,,,,,"✗ turns: 1/15",
1790443751.455,hud,calib_s,,,,,"✓ Buffer 6s",
1790443751.455,marker,gnss,52.40121500,-1.44490700,225.50,true,,
1790443751.456,marker,dr,52.40322736,-1.44454218,289.30,true,,
1790443751.456,marker,reconciled,0.00000000,0.00000000,0.00,false,,
1790443751.504,hud,speed,,,,,"13.8 / 12.3",13.810
1790443751.504,hud,heading,,,,,"70° / 135°",70.400
1790443751.505,hud,drift,,,,,"90.24%",90.240
1790443751.505,hud,turns,,,,,"✗ turns: 1/15",
1790443751.505,hud,calib_s,,,,,"✓ Buffer 6s",
1790443751.506,marker,gnss,52.40121500,-1.44490700,225.50,true,,
1790443751.506,marker,dr,52.40323143,-1.44452302,289.60,true,,
1790443751.507,marker,reconciled,0.00000000,0.00000000,0.00,false,,
1790443751.558,hud,speed,,,,,"13.7 / 12.3",13.670
1790443751.558,hud,heading,,,,,"70° / 135°",70.400
1790443751.558,hud,drift,,,,,"90.34%",90.340
1790443751.559,hud,turns,,,,,"✗ turns: 1/15",
1790443751.559,hud,calib_s,,,,,"✓ Buffer 6s",
1790443751.559,marker,gnss,52.40121500,-1.44490700,225.50,true,,
1790443751.560,marker,dr,52.40323546,-1.44450405,289.60,true,,
1790443751.560,marker,reconciled,0.00000000,0.00000000,0.00,false,,
1790443751.605,hud,speed,,,,,"13.6 / 12.3",13.640
1790443751.606,hud,heading,,,,,"70° / 135°",70.300
1790443751.606,hud,drift,,,,,"90.43%",90.430
1790443751.606,hud,turns,,,,,"✗ turns: 1/15",
1790443751.607,hud,calib_s,,,,,"✓ Buffer 6s",
1790443751.607,marker,gnss,52.40121500,-1.44490700,225.50,true,,
1790443751.608,marker,dr,52.40323952,-1.44448514,289.70,true,,
1790443751.608,marker,reconciled,0.00000000,0.00000000,0.00,false,,
1790443751.659,hud,speed,,,,,"13.5 / 12.3",13.530
1790443751.660,hud,heading,,,,,"70° / 135°",70.400
1790443751.660,hud,drift,,,,,"90.52%",90.520
1790443751.660,hud,turns,,,,,"✗ turns: 1/15",
1790443751.661,hud,calib_s,,,,,"✓ Buffer 6s",
1790443751.661,marker,gnss,52.40121500,-1.44490700,225.50,true,,
1790443751.662,marker,dr,52.40324359,-1.44446619,289.60,true,,
1790443751.662,marker,reconciled,0.00000000,0.00000000,0.00,false,,
1790443751.709,hud,speed,,,,,"13.5 / 12.3",13.510
1790443751.709,hud,heading,,,,,"71° / 135°",70.700
1790443751.710,hud,drift,,,,,"90.61%",90.610
1790443751.710,hud,turns,,,,,"✗ turns: 1/15",
1790443751.710,hud,calib_s,,,,,"✓ Buffer 6s",
1790443751.711,marker,gnss,52.40121500,-1.44490700,225.50,true,,
1790443751.711,marker,dr,52.40324763,-1.44444748,289.30,true,,
1790443751.712,marker,reconciled,0.00000000,0.00000000,0.00,false,,
1790443751.758,hud,speed,,,,,"13.5 / 12.3",13.540
1790443751.758,hud,heading,,,,,"71° / 135°",70.700
1790443751.759,hud,drift,,,,,"90.70%",90.700
1790443751.759,hud,turns,,,,,"✗ turns: 1/15",
1790443751.759,hud,calib_s,,,,,"✓ Buffer 6s",
1790443751.759,marker,gnss,52.40121500,-1.44490700,225.50,true,,
1790443751.760,marker,dr,52.40325163,-1.44442890,289.30,true,,
1790443751.760,marker,reconciled,0.00000000,0.00000000,0.00,false,,
1790443751.811,hud,speed,,,,,"13.6 / 12.3",13.630
1790443751.812,hud,heading,,,,,"71° / 135°",70.900
1790443751.812,hud,drift,,,,,"90.79%",90.790
1790443751.812,hud,turns,,,,,"✗ turns: 1/15",
1790443751.812,hud,calib_s,,,,,"✓ Buffer 6s",
1790443751.813,marker,gnss,52.40121500,-1.44490700,225.50,true,,
1790443751.813,marker,dr,52.40325573,-1.44441003,289.10,true,,
1790443751.814,marker,reconciled,0.00000000,0.00000000,0.00,false,,
1790443751.859,hud,speed,,,,,"13.7 / 12.3",13.650
1790443751.860,hud,heading,,,,,"71° / 135°",70.700
1790443751.860,hud,drift,,,,,"90.88%",90.880
1790443751.860,hud,turns,,,,,"✗ turns: 1/15",
1790443751.861,hud,calib_s,,,,,"✓ Buffer 6s",
1790443751.861,marker,gnss,52.40121500,-1.44490700,225.50,true,,
1790443751.861,marker,dr,52.40325990,-1.44439096,289.30,true,,
1790443751.862,marker,reconciled,0.00000000,0.00000000,0.00,false,,
1790443751.911,hud,speed,,,,,"13.7 / 12.3",13.650
1790443751.912,hud,heading,,,,,"71° / 135°",70.500
1790443751.912,hud,drift,,,,,"90.97%",90.970
1790443751.912,hud,turns,,,,,"✗ turns: 1/15",
1790443751.912,hud,calib_s,,,,,"✓ Buffer 6s",
1790443751.913,marker,gnss,52.40121500,-1.44490700,225.50,true,,
1790443751.913,marker,dr,52.40326401,-1.44437228,289.50,true,,
1790443751.914,marker,reconciled,0.00000000,0.00000000,0.00,false,,
1790443751.961,hud,speed,,,,,"13.7 / 12.3",13.730
1790443751.962,hud,heading,,,,,"70° / 135°",69.900
1790443751.962,hud,drift,,,,,"91.06%",91.060
1790443751.963,hud,turns,,,,,"✗ turns: 1/15",
1790443751.963,hud,calib_s,,,,,"✓ Buffer 6s",
1790443751.963,marker,gnss,52.40121500,-1.44490700,225.50,true,,
1790443751.964,marker,dr,52.40326814,-1.44435327,290.10,true,,
1790443751.964,marker,reconciled,0.00000000,0.00000000,0.00,false,,
1790443752.015,hud,speed,,,,,"13.6 / 12.3",13.600
1790443752.015,hud,heading,,,,,"70° / 135°",69.600
1790443752.016,hud,drift,,,,,"91.15%",91.150
1790443752.016,hud,turns,,,,,"✗ turns: 1/15",
1790443752.016,hud,calib_s,,,,,"✓ Buffer 6s",
1790443752.017,marker,gnss,52.40121500,-1.44490700,225.50,true,,
1790443752.017,marker,dr,52.40327226,-1.44433445,290.40,true,,
1790443752.017,marker,reconciled,0.00000000,0.00000000,0.00,false,,
1790443752.068,hud,speed,,,,,"13.5 / 12.3",13.460
1790443752.069,hud,heading,,,,,"70° / 135°",69.600
1790443752.069,hud,drift,,,,,"91.24%",91.240
1790443752.069,hud,turns,,,,,"✗ turns: 1/15",
1790443752.070,hud,calib_s,,,,,"✓ Buffer 6s",
1790443752.070,marker,gnss,52.40121500,-1.44490700,225.50,true,,
1790443752.071,marker,dr,52.40327644,-1.44431588,290.40,true,,
1790443752.071,marker,reconciled,0.00000000,0.00000000,0.00,false,,
1790443752.114,hud,speed,,,,,"13.6 / 12.3",13.630
1790443752.115,hud,heading,,,,,"69° / 135°",69.200
1790443752.115,hud,drift,,,,,"91.33%",91.330
1790443752.115,hud,turns,,,,,"✗ turns: 1/15",
1790443752.116,hud,calib_s,,,,,"✓ Buffer 6s",
1790443752.116,marker,gnss,52.40121500,-1.44490700,225.50,true,,
1790443752.117,marker,dr,52.40328052,-1.44429699,290.80,true,,
1790443752.117,marker,reconciled,0.00000000,0.00000000,0.00,false,,
1790443752.167,hud,speed,,,,,"13.5 / 12.3",13.490
1790443752.168,hud,heading,,,,,"69° / 135°",69.200
1790443752.168,hud,drift,,,,,"91.42%",91.420
1790443752.168,hud,turns,,,,,"✗ turns: 1/15",
1790443752.169,hud,calib_s,,,,,"✓ Buffer 6s",
1790443752.169,marker,gnss,52.40121500,-1.44490700,225.50,true,,
1790443752.170,marker,dr,52.40328467,-1.44427811,290.80,true,,
1790443752.170,marker,reconciled,0.00000000,0.00000000,0.00,false,,
1790443752.220,hud,speed,,,,,"13.6 / 12.3",13.640
1790443752.221,hud,heading,,,,,"70° / 135°",69.500
1790443752.221,hud,drift,,,,,"91.51%",91.510
1790443752.221,hud,turns,,,,,"✗ turns: 1/15",
1790443752.221,hud,calib_s,,,,,"✓ Buffer 6s",
1790443752.222,marker,gnss,52.40121500,-1.44490700,225.50,true,,
1790443752.223,marker,dr,52.40328887,-1.44425928,290.50,true,,
1790443752.223,marker,reconciled,0.00000000,0.00000000,0.00,false,,
1790443752.268,hud,speed,,,,,"13.7 / 12.3",13.690
1790443752.269,hud,heading,,,,,"70° / 135°",69.800
1790443752.269,hud,drift,,,,,"91.60%",91.600
1790443752.270,hud,turns,,,,,"✗ turns: 1/15",
1790443752.270,hud,calib_s,,,,,"✓ Buffer 6s",
1790443752.271,marker,gnss,52.40121500,-1.44490700,225.50,true,,
1790443752.273,marker,dr,52.40329309,-1.44424039,290.20,true,,
1790443752.273,marker,reconciled,0.00000000,0.00000000,0.00,false,,
1790443752.320,hud,speed,,,,,"13.8 / 12.3",13.750
1790443752.321,hud,heading,,,,,"70° / 135°",69.600
1790443752.321,hud,drift,,,,,"91.69%",91.690
1790443752.321,hud,turns,,,,,"✗ turns: 1/15",
1790443752.321,hud,calib_s,,,,,"✓ Buffer 6s",
1790443752.322,marker,gnss,52.40121500,-1.44490700,225.50,true,,
1790443752.322,marker,dr,52.40329733,-1.44422141,290.40,true,,
1790443752.323,marker,reconciled,0.00000000,0.00000000,0.00,false,,
1790443752.368,hud,speed,,,,,"13.8 / 12.3",13.830
1790443752.369,hud,heading,,,,,"69° / 135°",69.300
1790443752.369,hud,drift,,,,,"91.78%",91.780
1790443752.369,hud,turns,,,,,"✗ turns: 1/15",
1790443752.370,hud,calib_s,,,,,"✓ Buffer 6s",
1790443752.370,marker,gnss,52.40121500,-1.44490700,225.50,true,,
1790443752.371,marker,dr,52.40330152,-1.44420249,290.70,true,,
1790443752.371,marker,reconciled,0.00000000,0.00000000,0.00,false,,
1790443752.422,hud,speed,,,,,"13.9 / 12.3",13.880
1790443752.423,hud,heading,,,,,"69° / 135°",69.200
1790443752.423,hud,drift,,,,,"91.86%",91.860
1790443752.423,hud,turns,,,,,"✗ turns: 1/15",
1790443752.423,hud,calib_s,,,,,"✓ Buffer 6s",
1790443752.424,marker,gnss,52.40121500,-1.44490700,225.50,true,,
1790443752.424,marker,dr,52.40330575,-1.44418328,290.80,true,,
1790443752.424,marker,reconciled,0.00000000,0.00000000,0.00,false,,
1790443752.471,hud,speed,,,,,"13.9 / 12.3",13.860
1790443752.472,hud,heading,,,,,"69° / 135°",69.300
1790443752.472,hud,drift,,,,,"91.96%",91.960
1790443752.472,hud,turns,,,,,"✗ turns: 1/15",
1790443752.473,hud,calib_s,,,,,"✓ Buffer 6s",
1790443752.473,marker,gnss,52.40121500,-1.44490700,225.50,true,,
1790443752.473,marker,dr,52.40331006,-1.44416417,290.70,true,,
1790443752.474,marker,reconciled,0.00000000,0.00000000,0.00,false,,
1790443752.525,hud,speed,,,,,"13.9 / 12.3",13.890
1790443752.526,hud,heading,,,,,"69° / 135°",69.400
1790443752.526,hud,drift,,,,,"92.05%",92.050
1790443752.526,hud,turns,,,,,"✗ turns: 1/15",
1790443752.526,hud,calib_s,,,,,"✓ Buffer 6s",
1790443752.527,marker,gnss,52.40121500,-1.44490700,225.50,true,,
1790443752.527,marker,dr,52.40331445,-1.44414507,290.60,true,,
1790443752.528,marker,reconciled,0.00000000,0.00000000,0.00,false,,
1790443752.580,hud,speed,,,,,"14.0 / 12.3",13.970
1790443752.580,hud,heading,,,,,"70° / 135°",69.600
1790443752.580,hud,drift,,,,,"92.14%",92.140
1790443752.581,hud,turns,,,,,"✗ turns: 1/15",
1790443752.581,hud,calib_s,,,,,"✓ Buffer 6s",
1790443752.582,marker,gnss,52.40121500,-1.44490700,225.50,true,,
1790443752.582,marker,dr,52.40331892,-1.44412567,290.40,true,,
1790443752.583,marker,reconciled,0.00000000,0.00000000,0.00,false,,
1790443752.627,hud,speed,,,,,"14.1 / 12.3",14.110
1790443752.627,hud,heading,,,,,"70° / 135°",69.600
1790443752.627,hud,drift,,,,,"92.24%",92.240
1790443752.628,hud,turns,,,,,"✗ turns: 1/15",
1790443752.628,hud,calib_s,,,,,"✓ Buffer 6s",
1790443752.628,marker,gnss,52.40121500,-1.44490700,225.50,true,,
1790443752.629,marker,dr,52.40332333,-1.44410623,290.40,true,,
1790443752.629,marker,reconciled,0.00000000,0.00000000,0.00,false,,
1790443752.678,hud,speed,,,,,"14.2 / 12.3",14.190
1790443752.678,hud,heading,,,,,"70° / 135°",69.600
1790443752.678,hud,drift,,,,,"92.33%",92.330
1790443752.679,hud,turns,,,,,"✗ turns: 1/15",
1790443752.679,hud,calib_s,,,,,"✓ Buffer 6s",
1790443752.679,marker,gnss,52.40121500,-1.44490700,225.50,true,,
1790443752.680,marker,dr,52.40332778,-1.44408670,290.40,true,,
1790443752.680,marker,reconciled,0.00000000,0.00000000,0.00,false,,
1790443752.727,hud,speed,,,,,"14.3 / 12.3",14.290
1790443752.727,hud,heading,,,,,"70° / 135°",69.700
1790443752.728,hud,drift,,,,,"92.43%",92.430
1790443752.728,hud,turns,,,,,"✗ turns: 1/15",
1790443752.728,hud,calib_s,,,,,"✓ Buffer 6s",
1790443752.729,marker,gnss,52.40121500,-1.44490700,225.50,true,,
1790443752.729,marker,dr,52.40333229,-1.44406704,290.30,true,,
1790443752.729,marker,reconciled,0.00000000,0.00000000,0.00,false,,
1790443752.779,hud,speed,,,,,"14.4 / 12.3",14.390
1790443752.780,hud,heading,,,,,"70° / 135°",69.600
1790443752.780,hud,drift,,,,,"92.53%",92.530
1790443752.780,hud,turns,,,,,"✗ turns: 1/15",
1790443752.780,hud,calib_s,,,,,"✓ Buffer 6s",
1790443752.781,marker,gnss,52.40121500,-1.44490700,225.50,true,,
1790443752.781,marker,dr,52.40333684,-1.44404725,290.40,true,,
1790443752.782,marker,reconciled,0.00000000,0.00000000,0.00,false,,
1790443752.829,hud,speed,,,,,"14.5 / 12.3",14.520
1790443752.829,hud,heading,,,,,"70° / 135°",69.800
1790443752.829,hud,drift,,,,,"92.63%",92.630
1790443752.830,hud,turns,,,,,"✗ turns: 1/15",
1790443752.830,hud,calib_s,,,,,"✓ Buffer 6s",
1790443752.831,marker,gnss,52.40121500,-1.44490700,225.50,true,,
1790443752.831,marker,dr,52.40334138,-1.44402748,290.20,true,,
1790443752.831,marker,reconciled,0.00000000,0.00000000,0.00,false,,
1790443752.881,hud,speed,,,,,"14.5 / 12.3",14.500
1790443752.881,hud,heading,,,,,"70° / 135°",70.200
1790443752.882,hud,drift,,,,,"92.73%",92.730
1790443752.882,hud,turns,,,,,"✗ turns: 1/15",
1790443752.882,hud,calib_s,,,,,"✓ Buffer 6s",
1790443752.883,marker,gnss,52.40121500,-1.44490700,225.50,true,,
1790443752.883,marker,dr,52.40334602,-1.44400734,289.80,true,,
1790443752.884,marker,reconciled,0.00000000,0.00000000,0.00,false,,
1790443752.930,hud,speed,,,,,"14.6 / 12.3",14.640
1790443752.930,hud,heading,,,,,"71° / 135°",70.500
1790443752.931,hud,drift,,,,,"92.83%",92.830
1790443752.931,hud,turns,,,,,"✗ turns: 1/15",
1790443752.931,hud,calib_s,,,,,"✓ Buffer 6s",
1790443752.932,marker,gnss,52.40121500,-1.44490700,225.50,true,,
1790443752.933,marker,dr,52.40335061,-1.44398740,289.50,true,,
1790443752.933,marker,reconciled,0.00000000,0.00000000,0.00,false,,
1790443752.984,hud,speed,,,,,"14.8 / 12.3",14.760
1790443752.984,hud,heading,,,,,"71° / 135°",70.500
1790443752.985,hud,drift,,,,,"92.93%",92.930
1790443752.985,hud,turns,,,,,"✗ turns: 1/15",
1790443752.985,hud,calib_s,,,,,"✓ Buffer 6s",
1790443752.986,marker,gnss,52.40121500,-1.44490700,225.50,true,,
1790443752.986,marker,dr,52.40335531,-1.44396685,289.50,true,,
1790443752.986,marker,reconciled,0.00000000,0.00000000,0.00,false,,
1790443753.029,hud,speed,,,,,"14.9 / 12.3",14.880
1790443753.029,hud,heading,,,,,"71° / 135°",70.700
1790443753.029,hud,drift,,,,,"93.03%",93.030
1790443753.030,hud,turns,,,,,"✗ turns: 1/15",
1790443753.030,hud,calib_s,,,,,"✓ Buffer 6s",
1790443753.030,marker,gnss,52.40121500,-1.44490700,225.50,true,,
1790443753.031,marker,dr,52.40336001,-1.44394635,289.30,true,,
1790443753.031,marker,reconciled,0.00000000,0.00000000,0.00,false,,
1790443753.082,hud,speed,,,,,"14.9 / 12.3",14.860
1790443753.083,hud,heading,,,,,"71° / 135°",70.700
1790443753.083,hud,drift,,,,,"93.13%",93.130
1790443753.083,hud,turns,,,,,"✗ turns: 1/15",
1790443753.084,hud,calib_s,,,,,"✓ Buffer 6s",
1790443753.084,marker,gnss,52.40121500,-1.44490700,225.50,true,,
1790443753.084,marker,dr,52.40336468,-1.44392586,289.30,true,,
1790443753.085,marker,reconciled,0.00000000,0.00000000,0.00,false,,
1790443753.130,hud,speed,,,,,"15.1 / 12.3",15.060
1790443753.130,hud,heading,,,,,"71° / 135°",70.900
1790443753.131,hud,drift,,,,,"93.24%",93.240
1790443753.131,hud,turns,,,,,"✗ turns: 1/15",
1790443753.131,hud,calib_s,,,,,"✓ Buffer 6s",
1790443753.132,marker,gnss,52.40121500,-1.44490700,225.50,true,,
1790443753.132,marker,dr,52.40336935,-1.44390531,289.10,true,,
1790443753.132,marker,reconciled,0.00000000,0.00000000,0.00,false,,
1790443753.181,hud,speed,,,,,"15.2 / 12.3",15.230
1790443753.181,hud,heading,,,,,"71° / 135°",71.000
1790443753.182,hud,drift,,,,,"93.34%",93.340
1790443753.182,hud,turns,,,,,"✗ turns: 1/15",
1790443753.182,hud,calib_s,,,,,"✓ Buffer 6s",
1790443753.183,marker,gnss,52.40121500,-1.44490700,225.50,true,,
1790443753.183,marker,dr,52.40337411,-1.44388407,289.00,true,,
1790443753.184,marker,reconciled,0.00000000,0.00000000,0.00,false,,
1790443753.232,hud,speed,,,,,"15.4 / 12.3",15.380
1790443753.232,hud,heading,,,,,"71° / 135°",71.300
1790443753.233,hud,drift,,,,,"93.44%",93.440
1790443753.233,hud,turns,,,,,"✗ turns: 1/15",
1790443753.233,hud,calib_s,,,,,"✓ Buffer 6s",
1790443753.234,marker,gnss,52.40121500,-1.44490700,225.50,true,,
1790443753.234,marker,dr,52.40337879,-1.44386302,288.70,true,,
1790443753.235,marker,reconciled,0.00000000,0.00000000,0.00,false,,
1790443753.284,hud,speed,,,,,"15.5 / 12.3",15.480
1790443753.284,hud,heading,,,,,"71° / 135°",71.300
1790443753.285,hud,drift,,,,,"93.55%",93.550
1790443753.285,hud,turns,,,,,"✗ turns: 1/15",
1790443753.285,hud,calib_s,,,,,"✓ Buffer 6s",
1790443753.286,marker,gnss,52.40121500,-1.44490700,225.50,true,,
1790443753.286,marker,dr,52.40338365,-1.44384140,288.70,true,,
1790443753.287,marker,reconciled,0.00000000,0.00000000,0.00,false,,
1790443753.336,hud,speed,,,,,"15.7 / 12.3",15.660
1790443753.336,hud,heading,,,,,"71° / 135°",71.200
1790443753.337,hud,drift,,,,,"93.65%",93.650
1790443753.337,hud,turns,,,,,"✗ turns: 1/15",
1790443753.337,hud,calib_s,,,,,"✓ Buffer 6s",
1790443753.337,marker,gnss,52.40121500,-1.44490700,225.50,true,,
1790443753.338,marker,dr,52.40338844,-1.44381974,288.80,true,,
1790443753.339,marker,reconciled,0.00000000,0.00000000,0.00,false,,
1790443753.387,hud,speed,,,,,"15.8 / 12.3",15.780
1790443753.388,hud,heading,,,,,"71° / 135°",70.900
1790443753.388,hud,drift,,,,,"93.76%",93.760
1790443753.388,hud,turns,,,,,"✗ turns: 1/15",
1790443753.389,hud,calib_s,,,,,"✓ Buffer 6s",
1790443753.389,marker,gnss,52.40121500,-1.44490700,225.50,true,,
1790443753.390,marker,dr,52.40339326,-1.44379794,289.10,true,,
1790443753.390,marker,reconciled,0.00000000,0.00000000,0.00,false,,
1790443753.435,hud,speed,,,,,"15.9 / 12.3",15.880
1790443753.435,hud,heading,,,,,"71° / 135°",70.800
1790443753.435,hud,drift,,,,,"93.87%",93.870
1790443753.436,hud,turns,,,,,"✗ turns: 1/15",
1790443753.436,hud,calib_s,,,,,"✓ Buffer 6s",
1790443753.436,marker,gnss,52.40121500,-1.44490700,225.50,true,,
1790443753.437,marker,dr,52.40339804,-1.44377619,289.20,true,,
1790443753.437,marker,reconciled,0.00000000,0.00000000,0.00,false,,
1790443753.488,hud,speed,,,,,"16.0 / 12.3",16.000
1790443753.489,hud,heading,,,,,"71° / 135°",70.700
1790443753.489,hud,drift,,,,,"93.97%",93.970
1790443753.489,hud,turns,,,,,"✗ turns: 1/15",
1790443753.489,hud,calib_s,,,,,"✓ Buffer 6s",
1790443753.490,marker,gnss,52.40121500,-1.44490700,225.50,true,,
1790443753.491,marker,dr,52.40340295,-1.44375384,289.30,true,,
1790443753.491,marker,reconciled,0.00000000,0.00000000,0.00,false,,
1790443753.538,hud,speed,,,,,"16.2 / 12.3",16.160
1790443753.538,hud,heading,,,,,"71° / 135°",70.700
1790443753.539,hud,drift,,,,,"94.08%",94.080
1790443753.539,hud,turns,,,,,"✗ turns: 1/15",
1790443753.539,hud,calib_s,,,,,"✓ Buffer 6s",
1790443753.540,marker,gnss,52.40121500,-1.44490700,225.50,true,,
1790443753.540,marker,dr,52.40340784,-1.44373148,289.30,true,,
1790443753.541,marker,reconciled,0.00000000,0.00000000,0.00,false,,
1790443753.591,hud,speed,,,,,"16.3 / 12.3",16.320
1790443753.591,hud,heading,,,,,"71° / 135°",70.800
1790443753.591,hud,drift,,,,,"94.19%",94.190
1790443753.592,hud,turns,,,,,"✗ turns: 1/15",
1790443753.592,hud,calib_s,,,,,"✓ Buffer 6s",
1790443753.592,marker,gnss,52.40121500,-1.44490700,225.50,true,,
1790443753.593,marker,dr,52.40341277,-1.44370890,289.20,true,,
1790443753.593,marker,reconciled,0.00000000,0.00000000,0.00,false,,
1790443753.640,hud,speed,,,,,"16.4 / 12.3",16.430
1790443753.641,hud,heading,,,,,"71° / 135°",70.800
1790443753.641,hud,drift,,,,,"94.30%",94.300
1790443753.641,hud,turns,,,,,"✗ turns: 1/15",
1790443753.641,hud,calib_s,,,,,"✓ Buffer 6s",
1790443753.642,marker,gnss,52.40121500,-1.44490700,225.50,true,,
1790443753.642,marker,dr,52.40341771,-1.44368615,289.20,true,,
1790443753.643,marker,reconciled,0.00000000,0.00000000,0.00,false,,
1790443753.692,hud,speed,,,,,"16.5 / 12.3",16.490
1790443753.693,hud,heading,,,,,"71° / 135°",70.900
1790443753.693,hud,drift,,,,,"94.41%",94.410
1790443753.693,hud,turns,,,,,"✗ turns: 1/15",
1790443753.693,hud,calib_s,,,,,"✓ Buffer 6s",
1790443753.694,marker,gnss,52.40121500,-1.44490700,225.50,true,,
1790443753.695,marker,dr,52.40342262,-1.44366355,289.10,true,,
1790443753.695,marker,reconciled,0.00000000,0.00000000,0.00,false,,
1790443753.746,hud,speed,,,,,"16.7 / 12.3",16.660
1790443753.747,hud,heading,,,,,"71° / 135°",71.100
1790443753.747,hud,drift,,,,,"94.53%",94.530
1790443753.747,hud,turns,,,,,"✗ turns: 1/15",
1790443753.748,hud,calib_s,,,,,"✓ Buffer 6s",
1790443753.748,marker,gnss,52.40121500,-1.44490700,225.50,true,,
1790443753.749,marker,dr,52.40342763,-1.44364048,288.90,true,,
1790443753.749,marker,reconciled,0.00000000,0.00000000,0.00,false,,
1790443753.793,hud,speed,,,,,"16.8 / 12.3",16.770
1790443753.793,hud,heading,,,,,"71° / 135°",71.100
1790443753.793,hud,drift,,,,,"94.64%",94.640
1790443753.794,hud,turns,,,,,"✗ turns: 1/15",
1790443753.794,hud,calib_s,,,,,"✓ Buffer 6s",
1790443753.795,marker,gnss,52.40121500,-1.44490700,225.50,true,,
1790443753.795,marker,dr,52.40343271,-1.44361701,288.90,true,,
1790443753.796,marker,reconciled,0.00000000,0.00000000,0.00,false,,
1790443753.852,hud,speed,,,,,"16.9 / 12.3",16.880
1790443753.853,hud,heading,,,,,"71° / 135°",71.100
1790443753.853,hud,drift,,,,,"94.75%",94.750
1790443753.853,hud,turns,,,,,"✗ turns: 1/15",
1790443753.853,hud,calib_s,,,,,"✓ Buffer 6s",
1790443753.854,marker,gnss,52.40121500,-1.44490700,225.50,true,,
1790443753.854,marker,dr,52.40343775,-1.44359387,288.90,true,,
1790443753.855,marker,reconciled,0.00000000,0.00000000,0.00,false,,
1790443753.896,hud,speed,,,,,"17.0 / 12.3",16.970
1790443753.896,hud,heading,,,,,"71° / 135°",71.100
1790443753.897,hud,drift,,,,,"94.87%",94.870
1790443753.897,hud,turns,,,,,"✗ turns: 1/15",
1790443753.897,hud,calib_s,,,,,"✓ Buffer 6s",
1790443753.898,marker,gnss,52.40121500,-1.44490700,225.50,true,,
1790443753.898,marker,dr,52.40344291,-1.44357014,288.90,true,,
1790443753.899,marker,reconciled,0.00000000,0.00000000,0.00,false,,
1790443753.948,hud,speed,,,,,"17.1 / 12.3",17.080
1790443753.949,hud,heading,,,,,"71° / 135°",70.900
1790443753.949,hud,drift,,,,,"94.99%",94.990
1790443753.949,hud,turns,,,,,"✗ turns: 1/15",
1790443753.950,hud,calib_s,,,,,"✓ Buffer 6s",
1790443753.950,marker,gnss,52.40121500,-1.44490700,225.50,true,,
1790443753.951,marker,dr,52.40344798,-1.44354646,289.10,true,,
1790443753.951,marker,reconciled,0.00000000,0.00000000,0.00,false,,
1790443754.001,hud,speed,,,,,"17.2 / 12.3",17.200
1790443754.002,hud,heading,,,,,"71° / 135°",71.000
1790443754.003,hud,drift,,,,,"95.10%",95.100
1790443754.003,hud,turns,,,,,"✗ turns: 1/15",
1790443754.003,hud,calib_s,,,,,"✓ Buffer 6s",
1790443754.004,marker,gnss,52.40121500,-1.44490700,225.50,true,,
1790443754.005,marker,dr,52.40345303,-1.44352284,289.00,true,,
1790443754.005,marker,reconciled,0.00000000,0.00000000,0.00,false,,
1790443754.053,hud,speed,,,,,"17.3 / 12.3",17.310
1790443754.054,hud,heading,,,,,"71° / 135°",71.000
1790443754.054,hud,drift,,,,,"95.22%",95.220
1790443754.055,hud,turns,,,,,"✗ turns: 1/15",
1790443754.055,hud,calib_s,,,,,"✓ Buffer 6s",
1790443754.056,marker,gnss,52.40121500,-1.44490700,225.50,true,,
1790443754.057,marker,dr,52.40345817,-1.44349883,289.00,true,,
1790443754.057,marker,reconciled,0.00000000,0.00000000,0.00,false,,
1790443754.111,hud,speed,,,,,"17.4 / 12.3",17.410
1790443754.112,hud,heading,,,,,"71° / 135°",70.900
1790443754.112,hud,drift,,,,,"95.33%",95.330
1790443754.112,hud,turns,,,,,"✗ turns: 1/15",
1790443754.112,hud,calib_s,,,,,"✓ Buffer 6s",
1790443754.113,marker,gnss,52.40121500,-1.44490700,225.50,true,,
1790443754.113,marker,dr,52.40346338,-1.44347471,289.10,true,,
1790443754.113,marker,reconciled,0.00000000,0.00000000,0.00,false,,
1790443754.154,hud,speed,,,,,"17.6 / 12.3",17.550
1790443754.155,hud,heading,,,,,"71° / 135°",70.900
1790443754.155,hud,drift,,,,,"95.45%",95.450
1790443754.155,hud,turns,,,,,"✗ turns: 1/15",
1790443754.155,hud,calib_s,,,,,"✓ Buffer 6s",
1790443754.156,marker,gnss,52.40121500,-1.44490700,225.50,true,,
1790443754.156,marker,dr,52.40346861,-1.44345039,289.10,true,,
1790443754.157,marker,reconciled,0.00000000,0.00000000,0.00,false,,
1790443754.204,hud,speed,,,,,"17.7 / 12.3",17.680
1790443754.204,hud,heading,,,,,"71° / 135°",70.800
1790443754.205,hud,drift,,,,,"95.58%",95.580
1790443754.205,hud,turns,,,,,"✗ turns: 1/15",
1790443754.205,hud,calib_s,,,,,"✓ Buffer 6s",
1790443754.206,marker,gnss,52.40121500,-1.44490700,225.50,true,,
1790443754.206,marker,dr,52.40347388,-1.44342587,289.20,true,,
1790443754.207,marker,reconciled,0.00000000,0.00000000,0.00,false,,
1790443754.260,hud,speed,,,,,"17.8 / 12.3",17.820
1790443754.260,hud,heading,,,,,"71° / 135°",70.900
1790443754.261,hud,drift,,,,,"95.70%",95.700
1790443754.261,hud,turns,,,,,"✗ turns: 1/15",
1790443754.261,hud,calib_s,,,,,"✓ Buffer 6s",
1790443754.262,marker,gnss,52.40121500,-1.44490700,225.50,true,,
1790443754.263,marker,dr,52.40347918,-1.44340117,289.10,true,,
1790443754.264,marker,reconciled,0.00000000,0.00000000,0.00,false,,
1790443754.315,hud,speed,,,,,"17.9 / 12.3",17.940
1790443754.315,hud,heading,,,,,"71° / 135°",71.000
1790443754.316,hud,drift,,,,,"95.82%",95.820
1790443754.317,hud,turns,,,,,"✗ turns: 1/15",
1790443754.317,hud,calib_s,,,,,"✓ Buffer 6s",
1790443754.318,marker,gnss,52.40121500,-1.44490700,225.50,true,,
1790443754.320,marker,dr,52.40348453,-1.44337631,289.00,true,,
1790443754.321,marker,reconciled,0.00000000,0.00000000,0.00,false,,
1790443754.372,hud,speed,,,,,"18.0 / 12.3",18.030
1790443754.372,hud,heading,,,,,"71° / 135°",71.000
1790443754.373,hud,drift,,,,,"95.95%",95.950
1790443754.373,hud,turns,,,,,"✗ turns: 1/15",
1790443754.373,hud,calib_s,,,,,"✓ Buffer 6s",
1790443754.374,marker,gnss,52.40121500,-1.44490700,225.50,true,,
1790443754.375,marker,dr,52.40348992,-1.44335104,289.00,true,,
1790443754.375,marker,reconciled,0.00000000,0.00000000,0.00,false,,
1790443754.408,hud,speed,,,,,"18.2 / 12.3",18.160
1790443754.409,hud,heading,,,,,"71° / 135°",70.800
1790443754.409,hud,drift,,,,,"96.07%",96.070
1790443754.409,hud,turns,,,,,"✗ turns: 1/15",
1790443754.409,hud,calib_s,,,,,"✓ Buffer 6s",
1790443754.410,marker,gnss,52.40121500,-1.44490700,225.50,true,,
1790443754.410,marker,dr,52.40349525,-1.44332583,289.20,true,,
1790443754.411,marker,reconciled,0.00000000,0.00000000,0.00,false,,
1790443754.458,hud,speed,,,,,"18.3 / 12.3",18.300
1790443754.459,hud,heading,,,,,"71° / 135°",70.800
1790443754.459,hud,drift,,,,,"96.19%",96.190
1790443754.460,hud,turns,,,,,"✗ turns: 1/15",
1790443754.460,hud,calib_s,,,,,"✓ Buffer 6s",
1790443754.460,marker,gnss,52.40121500,-1.44490700,225.50,true,,
1790443754.461,marker,dr,52.40350059,-1.44330068,289.20,true,,
1790443754.461,marker,reconciled,0.00000000,0.00000000,0.00,false,,
1790443754.511,hud,speed,,,,,"18.4 / 12.3",18.430
1790443754.511,hud,heading,,,,,"71° / 135°",70.900
1790443754.511,hud,drift,,,,,"96.32%",96.320
1790443754.511,hud,turns,,,,,"✗ turns: 1/15",
1790443754.512,hud,calib_s,,,,,"✓ Buffer 6s",
1790443754.512,marker,gnss,52.40121500,-1.44490700,225.50,true,,
1790443754.512,marker,dr,52.40350605,-1.44327512,289.10,true,,
1790443754.513,marker,reconciled,0.00000000,0.00000000,0.00,false,,
1790443754.561,hud,speed,,,,,"18.6 / 12.3",18.560
1790443754.561,hud,heading,,,,,"71° / 135°",70.700
1790443754.561,hud,drift,,,,,"96.45%",96.450
1790443754.562,hud,turns,,,,,"✗ turns: 1/15",
1790443754.562,hud,calib_s,,,,,"✓ Buffer 6s",
1790443754.562,marker,gnss,52.40121500,-1.44490700,225.50,true,,
1790443754.563,marker,dr,52.40351155,-1.44324938,289.30,true,,
1790443754.563,marker,reconciled,0.00000000,0.00000000,0.00,false,,
1790443754.617,hud,speed,,,,,"18.7 / 12.3",18.690
1790443754.617,hud,heading,,,,,"71° / 135°",70.500
1790443754.618,hud,drift,,,,,"96.58%",96.580
1790443754.618,hud,turns,,,,,"✗ turns: 1/15",
1790443754.619,hud,calib_s,,,,,"✓ Buffer 6s",
1790443754.619,marker,gnss,52.40121500,-1.44490700,225.50,true,,
1790443754.620,marker,dr,52.40351717,-1.44322321,289.50,true,,
1790443754.620,marker,reconciled,0.00000000,0.00000000,0.00,false,,
1790443754.664,hud,speed,,,,,"18.8 / 12.3",18.770
1790443754.664,hud,heading,,,,,"70° / 135°",70.400
1790443754.665,hud,drift,,,,,"96.71%",96.710
1790443754.665,hud,turns,,,,,"✗ turns: 1/15",
1790443754.665,hud,calib_s,,,,,"✓ Buffer 6s",
1790443754.666,marker,gnss,52.40121500,-1.44490700,225.50,true,,
1790443754.666,marker,dr,52.40352276,-1.44319719,289.60,true,,
1790443754.667,marker,reconciled,0.00000000,0.00000000,0.00,false,,
1790443754.713,hud,speed,,,,,"18.7 / 12.3",18.700
1790443754.714,hud,heading,,,,,"70° / 135°",70.400
1790443754.714,hud,drift,,,,,"96.84%",96.840
1790443754.715,hud,turns,,,,,"✗ turns: 1/15",
1790443754.715,hud,calib_s,,,,,"✓ Buffer 6s",
1790443754.715,marker,gnss,52.40121500,-1.44490700,225.50,true,,
1790443754.716,marker,dr,52.40352832,-1.44317154,289.60,true,,
1790443754.716,marker,reconciled,0.00000000,0.00000000,0.00,false,,
1790443754.768,hud,speed,,,,,"18.7 / 12.3",18.690
1790443754.768,hud,heading,,,,,"70° / 135°",70.300
1790443754.768,hud,drift,,,,,"96.98%",96.980
1790443754.769,hud,turns,,,,,"✗ turns: 1/15",
1790443754.769,hud,calib_s,,,,,"✓ Buffer 6s",
1790443754.770,marker,gnss,52.40121500,-1.44490700,225.50,true,,
1790443754.770,marker,dr,52.40353402,-1.44314542,289.70,true,,
1790443754.771,marker,reconciled,0.00000000,0.00000000,0.00,false,,
1790443754.815,hud,speed,,,,,"18.7 / 12.3",18.720
1790443754.816,hud,heading,,,,,"71° / 135°",70.500
1790443754.816,hud,drift,,,,,"97.11%",97.110
1790443754.816,hud,turns,,,,,"✗ turns: 1/15",
1790443754.816,hud,calib_s,,,,,"✓ Buffer 6s",
1790443754.817,marker,gnss,52.40121500,-1.44490700,225.50,true,,
1790443754.817,marker,dr,52.40353961,-1.44311978,289.50,true,,
1790443754.817,marker,reconciled,0.00000000,0.00000000,0.00,false,,
1790443754.870,hud,speed,,,,,"18.6 / 12.3",18.620
1790443754.870,hud,heading,,,,,"71° / 135°",70.800
1790443754.870,hud,drift,,,,,"97.23%",97.230
1790443754.871,hud,turns,,,,,"✗ turns: 1/15",
1790443754.871,hud,calib_s,,,,,"✓ Buffer 6s",
1790443754.871,marker,gnss,52.40121500,-1.44490700,225.50,true,,
1790443754.872,marker,dr,52.40354524,-1.44309373,289.20,true,,
1790443754.872,marker,reconciled,0.00000000,0.00000000,0.00,false,,
1790443754.917,hud,speed,,,,,"18.6 / 12.3",18.570
1790443754.917,hud,heading,,,,,"71° / 135°",70.900
1790443754.918,hud,drift,,,,,"97.36%",97.360
1790443754.918,hud,turns,,,,,"✗ turns: 1/15",
1790443754.919,hud,calib_s,,,,,"✓ Buffer 6s",
1790443754.919,marker,gnss,52.40121500,-1.44490700,225.50,true,,
1790443754.920,marker,dr,52.40355077,-1.44306827,289.10,true,,
1790443754.920,marker,reconciled,0.00000000,0.00000000,0.00,false,,
1790443754.968,hud,speed,,,,,"18.5 / 12.3",18.490
1790443754.968,hud,heading,,,,,"71° / 135°",70.900
1790443754.968,hud,drift,,,,,"97.49%",97.490
1790443754.969,hud,turns,,,,,"✗ turns: 1/15",
1790443754.969,hud,calib_s,,,,,"✓ Buffer 6s",
1790443754.969,marker,gnss,52.40121500,-1.44490700,225.50,true,,
1790443754.970,marker,dr,52.40355633,-1.44304267,289.10,true,,
1790443754.970,marker,reconciled,0.00000000,0.00000000,0.00,false,,
1790443755.020,hud,speed,,,,,"18.5 / 12.3",18.490
1790443755.021,hud,heading,,,,,"71° / 135°",70.700
1790443755.021,hud,drift,,,,,"97.61%",97.610
1790443755.021,hud,turns,,,,,"✗ turns: 1/15",
1790443755.021,hud,calib_s,,,,,"✓ Buffer 6s",
1790443755.022,marker,gnss,52.40121500,-1.44490700,225.50,true,,
1790443755.023,marker,dr,52.40356187,-1.44301706,289.30,true,,
1790443755.023,marker,reconciled,0.00000000,0.00000000,0.00,false,,
1790443755.073,hud,speed,,,,,"18.4 / 12.3",18.440
1790443755.073,hud,heading,,,,,"71° / 135°",70.500
1790443755.073,hud,drift,,,,,"97.73%",97.730
1790443755.073,hud,turns,,,,,"✗ turns: 1/15",
1790443755.074,hud,calib_s,,,,,"✓ Buffer 6s",
1790443755.074,marker,gnss,52.40121500,-1.44490700,225.50,true,,
1790443755.075,marker,dr,52.40356741,-1.44299153,289.50,true,,
1790443755.075,marker,reconciled,0.00000000,0.00000000,0.00,false,,
1790443755.126,hud,speed,,,,,"18.4 / 12.3",18.350
1790443755.127,hud,heading,,,,,"71° / 135°",70.600
1790443755.127,hud,drift,,,,,"97.85%",97.850
1790443755.127,hud,turns,,,,,"✗ turns: 1/15",
1790443755.127,hud,calib_s,,,,,"✓ Buffer 6s",
1790443755.128,marker,gnss,52.40121500,-1.44490700,225.50,true,,
1790443755.128,marker,dr,52.40357294,-1.44296613,289.40,true,,
1790443755.129,marker,reconciled,0.00000000,0.00000000,0.00,false,,
1790443755.174,hud,speed,,,,,"18.4 / 12.3",18.440
1790443755.175,hud,heading,,,,,"71° / 135°",70.700
1790443755.175,hud,drift,,,,,"97.98%",97.980
1790443755.175,hud,turns,,,,,"✗ turns: 1/15",
1790443755.176,hud,calib_s,,,,,"✓ Buffer 6s",
1790443755.177,marker,gnss,52.40121500,-1.44490700,225.50,true,,
1790443755.178,marker,dr,52.40357857,-1.44294036,289.30,true,,
1790443755.179,marker,reconciled,0.00000000,0.00000000,0.00,false,,
1790443755.235,hud,speed,,,,,"18.5 / 12.3",18.510
1790443755.236,hud,heading,,,,,"71° / 135°",71.000
1790443755.236,hud,drift,,,,,"98.10%",98.100
1790443755.236,hud,turns,,,,,"✗ turns: 1/15",
1790443755.236,hud,calib_s,,,,,"✓ Buffer 6s",
1790443755.237,marker,gnss,52.40121500,-1.44490700,225.50,true,,
1790443755.237,marker,dr,52.40358413,-1.44291473,289.00,true,,
1790443755.238,marker,reconciled,0.00000000,0.00000000,0.00,false,,
1790443755.281,hud,speed,,,,,"18.6 / 12.3",18.600
1790443755.281,hud,heading,,,,,"71° / 135°",71.100
1790443755.282,hud,drift,,,,,"98.22%",98.220
1790443755.282,hud,turns,,,,,"✗ turns: 1/15",
1790443755.282,hud,calib_s,,,,,"✓ Buffer 6s",
1790443755.283,marker,gnss,52.40121500,-1.44490700,225.50,true,,
1790443755.283,marker,dr,52.40358964,-1.44288921,288.90,true,,
1790443755.283,marker,reconciled,0.00000000,0.00000000,0.00,false,,
1790443755.329,hud,speed,,,,,"18.7 / 12.3",18.670
1790443755.330,hud,heading,,,,,"71° / 135°",71.100
1790443755.330,hud,drift,,,,,"98.35%",98.350
1790443755.330,hud,turns,,,,,"✗ turns: 1/15",
1790443755.330,hud,calib_s,,,,,"✓ Buffer 6s",
1790443755.331,marker,gnss,52.40121500,-1.44490700,225.50,true,,
1790443755.331,marker,dr,52.40359525,-1.44286306,288.90,true,,
1790443755.332,marker,reconciled,0.00000000,0.00000000,0.00,false,,
1790443755.384,hud,speed,,,,,"18.8 / 12.3",18.770
1790443755.385,hud,heading,,,,,"71° / 135°",71.000
1790443755.385,hud,drift,,,,,"98.47%",98.470
1790443755.385,hud,turns,,,,,"✗ turns: 1/15",
1790443755.385,hud,calib_s,,,,,"✓ Buffer 6s",
1790443755.386,marker,gnss,52.40121500,-1.44490700,225.50,true,,
1790443755.386,marker,dr,52.40360086,-1.44283704,289.00,true,,
1790443755.387,marker,reconciled,0.00000000,0.00000000,0.00,false,,
1790443755.432,hud,speed,,,,,"18.9 / 12.3",18.890
1790443755.432,hud,heading,,,,,"71° / 135°",71.100
1790443755.432,hud,drift,,,,,"98.59%",98.590
1790443755.433,hud,turns,,,,,"✗ turns: 1/15",
1790443755.433,hud,calib_s,,,,,"✓ Buffer 6s",
1790443755.433,marker,gnss,52.40121500,-1.44490700,225.50,true,,
1790443755.433,marker,dr,52.40360647,-1.44281113,288.90,true,,
1790443755.434,marker,reconciled,0.00000000,0.00000000,0.00,false,,
1790443755.482,hud,speed,,,,,"18.9 / 12.3",18.900
1790443755.483,hud,heading,,,,,"71° / 135°",71.000
1790443755.483,hud,drift,,,,,"98.72%",98.720
1790443755.483,hud,turns,,,,,"✗ turns: 1/15",
1790443755.483,hud,calib_s,,,,,"✓ Buffer 6s",
1790443755.484,marker,gnss,52.40121500,-1.44490700,225.50,true,,
1790443755.484,marker,dr,52.40361213,-1.44278495,289.00,true,,
1790443755.484,marker,reconciled,0.00000000,0.00000000,0.00,false,,
1790443755.532,hud,speed,,,,,"19.0 / 12.3",19.040
1790443755.532,hud,heading,,,,,"71° / 135°",70.900
1790443755.532,hud,drift,,,,,"98.85%",98.850
1790443755.532,hud,turns,,,,,"✗ turns: 1/15",
1790443755.533,hud,calib_s,,,,,"✓ Buffer 6s",
1790443755.533,marker,gnss,52.40121500,-1.44490700,225.50,true,,
1790443755.533,marker,dr,52.40361788,-1.44275860,289.10,true,,
1790443755.534,marker,reconciled,0.00000000,0.00000000,0.00,false,,
1790443755.585,hud,speed,,,,,"19.2 / 12.3",19.160
1790443755.585,hud,heading,,,,,"71° / 135°",70.900
1790443755.585,hud,drift,,,,,"98.98%",98.980
1790443755.585,hud,turns,,,,,"✗ turns: 1/15",
1790443755.586,hud,calib_s,,,,,"✓ Buffer 6s",
1790443755.586,marker,gnss,52.40121500,-1.44490700,225.50,true,,
1790443755.587,marker,dr,52.40362372,-1.44273181,289.10,true,,
1790443755.587,marker,reconciled,0.00000000,0.00000000,0.00,false,,
1790443755.636,hud,speed,,,,,"19.3 / 12.3",19.300
1790443755.636,hud,heading,,,,,"70° / 135°",70.400
1790443755.636,hud,drift,,,,,"99.10%",99.100
1790443755.637,hud,turns,,,,,"✗ turns: 1/15",
1790443755.637,hud,calib_s,,,,,"✓ Buffer 6s",
1790443755.637,marker,gnss,52.40121500,-1.44490700,225.50,true,,
1790443755.638,marker,dr,52.40362949,-1.44270507,289.60,true,,
1790443755.638,marker,reconciled,0.00000000,0.00000000,0.00,false,,
1790443755.687,hud,speed,,,,,"19.4 / 12.3",19.380
1790443755.687,hud,heading,,,,,"70° / 135°",70.100
1790443755.687,hud,drift,,,,,"99.23%",99.230
1790443755.688,hud,turns,,,,,"✗ turns: 1/15",
1790443755.688,hud,calib_s,,,,,"✓ Buffer 6s",
1790443755.688,marker,gnss,52.40121500,-1.44490700,225.50,true,,
1790443755.689,marker,dr,52.40363523,-1.44267848,289.90,true,,
1790443755.689,marker,reconciled,0.00000000,0.00000000,0.00,false,,
1790443755.735,hud,speed,,,,,"19.4 / 12.3",19.360
1790443755.735,hud,heading,,,,,"70° / 135°",70.300
1790443755.736,hud,drift,,,,,"99.36%",99.360
1790443755.736,hud,turns,,,,,"✗ turns: 1/15",
1790443755.736,hud,calib_s,,,,,"✓ Buffer 6s",
1790443755.736,marker,gnss,52.40121500,-1.44490700,225.50,true,,
1790443755.737,marker,dr,52.40364103,-1.44265166,289.70,true,,
1790443755.737,marker,reconciled,0.00000000,0.00000000,0.00,false,,
1790443755.786,hud,speed,,,,,"19.4 / 12.3",19.380
1790443755.787,hud,heading,,,,,"70° / 135°",70.300
1790443755.787,hud,drift,,,,,"99.49%",99.490
1790443755.787,hud,turns,,,,,"✗ turns: 1/15",
1790443755.787,hud,calib_s,,,,,"✓ Buffer 6s",
1790443755.788,marker,gnss,52.40121500,-1.44490700,225.50,true,,
1790443755.788,marker,dr,52.40364692,-1.44262456,289.70,true,,
1790443755.789,marker,reconciled,0.00000000,0.00000000,0.00,false,,
1790443755.841,hud,speed,,,,,"19.6 / 12.3",19.620
1790443755.841,hud,heading,,,,,"70° / 135°",70.300
1790443755.842,hud,drift,,,,,"99.62%",99.620
1790443755.842,hud,turns,,,,,"✗ turns: 1/15",
1790443755.842,hud,calib_s,,,,,"✓ Buffer 6s",
1790443755.843,marker,gnss,52.40121500,-1.44490700,225.50,true,,
1790443755.844,marker,dr,52.40365281,-1.44259739,289.70,true,,
1790443755.844,marker,reconciled,0.00000000,0.00000000,0.00,false,,
1790443755.893,hud,speed,,,,,"19.7 / 13.2",19.690
1790443755.893,hud,heading,,,,,"70° / 134°",70.300
1790443755.893,hud,drift,,,,,"99.01%",99.010
1790443755.894,hud,turns,,,,,"✗ turns: 1/15",
1790443755.894,hud,calib_s,,,,,"✓ Buffer 6s",
1790443755.894,marker,gnss,52.40048000,-1.44368600,225.70,true,,
1790443755.895,marker,dr,52.40365868,-1.44257040,289.70,true,,
1790443755.895,marker,reconciled,0.00000000,0.00000000,0.00,false,,
1790443755.938,hud,speed,,,,,"19.6 / 13.2",19.640
1790443755.939,hud,heading,,,,,"70° / 134°",70.200
1790443755.939,hud,drift,,,,,"99.13%",99.130
1790443755.939,hud,turns,,,,,"✗ turns: 1/15",
1790443755.939,hud,calib_s,,,,,"✓ Buffer 6s",
1790443755.940,marker,gnss,52.40048000,-1.44368600,225.70,true,,
1790443755.940,marker,dr,52.40366467,-1.44254296,289.80,true,,
1790443755.940,marker,reconciled,0.00000000,0.00000000,0.00,false,,
1790443755.992,hud,speed,,,,,"19.6 / 13.2",19.600
1790443755.992,hud,heading,,,,,"70° / 134°",70.100
1790443755.992,hud,drift,,,,,"99.25%",99.250
1790443755.993,hud,turns,,,,,"✗ turns: 1/15",
1790443755.993,hud,calib_s,,,,,"✓ Buffer 6s",
1790443755.993,marker,gnss,52.40048000,-1.44368600,225.70,true,,
1790443755.993,marker,dr,52.40367058,-1.44251613,289.90,true,,
1790443755.994,marker,reconciled,0.00000000,0.00000000,0.00,false,,
1790443756.040,hud,speed,,,,,"19.7 / 13.2",19.700
1790443756.041,hud,heading,,,,,"70° / 134°",70.300
1790443756.041,hud,drift,,,,,"99.37%",99.370
1790443756.041,hud,turns,,,,,"✗ turns: 1/15",
1790443756.041,hud,calib_s,,,,,"✓ Buffer 6s",
1790443756.042,marker,gnss,52.40048000,-1.44368600,225.70,true,,
1790443756.042,marker,dr,52.40367663,-1.44248861,289.70,true,,
1790443756.043,marker,reconciled,0.00000000,0.00000000,0.00,false,,
1790443756.090,hud,speed,,,,,"19.7 / 13.2",19.690
1790443756.091,hud,heading,,,,,"70° / 134°",70.300
1790443756.091,hud,drift,,,,,"99.48%",99.480
1790443756.091,hud,turns,,,,,"✗ turns: 1/15",
1790443756.091,hud,calib_s,,,,,"✓ Buffer 6s",
1790443756.092,marker,gnss,52.40048000,-1.44368600,225.70,true,,
1790443756.092,marker,dr,52.40368256,-1.44246166,289.70,true,,
1790443756.092,marker,reconciled,0.00000000,0.00000000,0.00,false,,
1790443756.141,hud,speed,,,,,"19.6 / 13.2",19.570
1790443756.141,hud,heading,,,,,"71° / 134°",70.500
1790443756.142,hud,drift,,,,,"99.60%",99.600
1790443756.142,hud,turns,,,,,"✗ turns: 1/15",
1790443756.142,hud,calib_s,,,,,"✓ Buffer 6s",
1790443756.143,marker,gnss,52.40048000,-1.44368600,225.70,true,,
1790443756.143,marker,dr,52.40368858,-1.44243434,289.50,true,,
1790443756.143,marker,reconciled,0.00000000,0.00000000,0.00,false,,
1790443756.189,hud,speed,,,,,"19.6 / 13.2",19.600
1790443756.189,hud,heading,,,,,"70° / 134°",70.300
1790443756.190,hud,drift,,,,,"99.72%",99.720
1790443756.190,hud,turns,,,,,"✗ turns: 1/15",
1790443756.190,hud,calib_s,,,,,"✓ Buffer 6s",
1790443756.191,marker,gnss,52.40048000,-1.44368600,225.70,true,,
1790443756.191,marker,dr,52.40369456,-1.44240726,289.70,true,,
1790443756.191,marker,reconciled,0.00000000,0.00000000,0.00,false,,
1790443756.242,hud,speed,,,,,"19.4 / 13.2",19.410
1790443756.242,hud,heading,,,,,"70° / 134°",70.100
1790443756.242,hud,drift,,,,,"99.83%",99.830
1790443756.243,hud,turns,,,,,"✗ turns: 1/15",
1790443756.243,hud,calib_s,,,,,"✓ Buffer 6s",
1790443756.243,marker,gnss,52.40048000,-1.44368600,225.70,true,,
1790443756.244,marker,dr,52.40370043,-1.44238070,289.90,true,,
1790443756.244,marker,reconciled,0.00000000,0.00000000,0.00,false,,
1790443756.292,hud,speed,,,,,"19.2 / 13.2",19.220
1790443756.292,hud,heading,,,,,"70° / 134°",70.000
1790443756.293,hud,drift,,,,,"99.94%",99.940
1790443756.293,hud,turns,,,,,"✗ turns: 1/15",
1790443756.293,hud,calib_s,,,,,"✓ Buffer 6s",
1790443756.293,marker,gnss,52.40048000,-1.44368600,225.70,true,,
1790443756.294,marker,dr,52.40370631,-1.44235415,290.00,true,,
1790443756.294,marker,reconciled,0.00000000,0.00000000,0.00,false,,
1790443756.343,hud,speed,,,,,"19.1 / 13.2",19.090
1790443756.343,hud,heading,,,,,"70° / 134°",69.900
1790443756.343,hud,drift,,,,,"100.05%",100.050
1790443756.344,hud,turns,,,,,"✗ turns: 1/15",
1790443756.344,hud,calib_s,,,,,"✓ Buffer 6s",
1790443756.344,marker,gnss,52.40048000,-1.44368600,225.70,true,,
1790443756.345,marker,dr,52.40371222,-1.44232752,290.10,true,,
1790443756.345,marker,reconciled,0.00000000,0.00000000,0.00,false,,
1790443756.396,hud,speed,,,,,"18.9 / 13.2",18.940
1790443756.396,hud,heading,,,,,"70° / 134°",69.900
1790443756.396,hud,drift,,,,,"100.15%",100.150
1790443756.397,hud,turns,,,,,"✗ turns: 1/15",
1790443756.397,hud,calib_s,,,,,"✓ Buffer 6s",
1790443756.397,marker,gnss,52.40048000,-1.44368600,225.70,true,,
1790443756.398,marker,dr,52.40371799,-1.44230133,290.10,true,,
1790443756.398,marker,reconciled,0.00000000,0.00000000,0.00,false,,
1790443756.444,hud,speed,,,,,"18.8 / 13.2",18.780
1790443756.445,hud,heading,,,,,"70° / 134°",70.000
1790443756.445,hud,drift,,,,,"100.25%",100.250
1790443756.445,hud,turns,,,,,"✗ turns: 1/15",
1790443756.445,hud,calib_s,,,,,"✓ Buffer 6s",
1790443756.446,marker,gnss,52.40048000,-1.44368600,225.70,true,,
1790443756.446,marker,dr,52.40372370,-1.44227565,290.00,true,,
1790443756.447,marker,reconciled,0.00000000,0.00000000,0.00,false,,
1790443756.498,hud,speed,,,,,"18.6 / 13.2",18.580
1790443756.498,hud,heading,,,,,"70° / 134°",70.100
1790443756.499,hud,drift,,,,,"100.35%",100.350
1790443756.499,hud,turns,,,,,"✗ turns: 1/15",
1790443756.499,hud,calib_s,,,,,"✓ Buffer 6s",
1790443756.500,marker,gnss,52.40048000,-1.44368600,225.70,true,,
1790443756.500,marker,dr,52.40372943,-1.44224972,289.90,true,,
1790443756.500,marker,reconciled,0.00000000,0.00000000,0.00,false,,
1790443756.548,hud,speed,,,,,"18.4 / 13.2",18.380
1790443756.548,hud,heading,,,,,"70° / 134°",70.200
1790443756.548,hud,drift,,,,,"100.45%",100.450
1790443756.548,hud,turns,,,,,"✗ turns: 1/15",
1790443756.548,hud,calib_s,,,,,"✓ Buffer 6s",
1790443756.549,marker,gnss,52.40048000,-1.44368600,225.70,true,,
1790443756.549,marker,dr,52.40373510,-1.44222435,289.80,true,,
1790443756.549,marker,reconciled,0.00000000,0.00000000,0.00,false,,
1790443756.598,hud,speed,,,,,"18.2 / 13.2",18.190
1790443756.598,hud,heading,,,,,"70° / 134°",70.300
1790443756.598,hud,drift,,,,,"100.54%",100.540
1790443756.599,hud,turns,,,,,"✗ turns: 1/15",
1790443756.599,hud,calib_s,,,,,"✓ Buffer 6s",
1790443756.599,marker,gnss,52.40048000,-1.44368600,225.70,true,,
1790443756.600,marker,dr,52.40374073,-1.44219926,289.70,true,,
1790443756.600,marker,reconciled,0.00000000,0.00000000,0.00,false,,
1790443756.651,hud,speed,,,,,"18.0 / 13.2",18.010
1790443756.651,hud,heading,,,,,"71° / 134°",70.500
1790443756.651,hud,drift,,,,,"100.63%",100.630
1790443756.651,hud,turns,,,,,"✗ turns: 1/15",
1790443756.652,hud,calib_s,,,,,"✓ Buffer 6s",
1790443756.652,marker,gnss,52.40048000,-1.44368600,225.70,true,,
1790443756.652,marker,dr,52.40374630,-1.44217442,289.50,true,,
1790443756.653,marker,reconciled,0.00000000,0.00000000,0.00,false,,
1790443756.704,hud,speed,,,,,"17.9 / 13.2",17.880
1790443756.705,hud,heading,,,,,"71° / 134°",70.600
1790443756.705,hud,drift,,,,,"100.72%",100.720
1790443756.705,hud,turns,,,,,"✗ turns: 1/15",
1790443756.705,hud,calib_s,,,,,"✓ Buffer 6s",
1790443756.706,marker,gnss,52.40048000,-1.44368600,225.70,true,,
1790443756.706,marker,dr,52.40375184,-1.44214975,289.40,true,,
1790443756.706,marker,reconciled,0.00000000,0.00000000,0.00,false,,
1790443756.751,hud,speed,,,,,"17.8 / 13.2",17.810
1790443756.751,hud,heading,,,,,"71° / 134°",70.600
1790443756.752,hud,drift,,,,,"100.81%",100.810
1790443756.752,hud,turns,,,,,"✗ turns: 1/15",
1790443756.752,hud,calib_s,,,,,"✓ Buffer 6s",
1790443756.752,marker,gnss,52.40048000,-1.44368600,225.70,true,,
1790443756.753,marker,dr,52.40375740,-1.44212520,289.40,true,,
1790443756.753,marker,reconciled,0.00000000,0.00000000,0.00,false,,
1790443756.803,hud,speed,,,,,"17.6 / 13.2",17.580
1790443756.803,hud,heading,,,,,"71° / 134°",70.500
1790443756.804,hud,drift,,,,,"100.89%",100.890
1790443756.804,hud,turns,,,,,"✗ turns: 1/15",
1790443756.804,hud,calib_s,,,,,"✓ Buffer 6s",
1790443756.804,marker,gnss,52.40048000,-1.44368600,225.70,true,,
1790443756.805,marker,dr,52.40376282,-1.44210121,289.50,true,,
1790443756.805,marker,reconciled,0.00000000,0.00000000,0.00,false,,
1790443756.854,hud,speed,,,,,"17.5 / 13.2",17.520
1790443756.855,hud,heading,,,,,"71° / 134°",70.500
1790443756.855,hud,drift,,,,,"100.98%",100.980
1790443756.855,hud,turns,,,,,"✗ turns: 1/15",
1790443756.855,hud,calib_s,,,,,"✓ Buffer 6s",
1790443756.856,marker,gnss,52.40048000,-1.44368600,225.70,true,,
1790443756.856,marker,dr,52.40376826,-1.44207704,289.50,true,,
1790443756.857,marker,reconciled,0.00000000,0.00000000,0.00,false,,
1790443756.907,hud,speed,,,,,"17.4 / 13.2",17.420
1790443756.907,hud,heading,,,,,"70° / 134°",70.400
1790443756.908,hud,drift,,,,,"101.06%",101.060
1790443756.908,hud,turns,,,,,"✗ turns: 1/15",
1790443756.908,hud,calib_s,,,,,"✓ Buffer 6s",
1790443756.908,marker,gnss,52.40048000,-1.44368600,225.70,true,,
1790443756.909,marker,dr,52.40377370,-1.44205276,289.60,true,,
1790443756.909,marker,reconciled,0.00000000,0.00000000,0.00,false,,
1790443756.956,hud,speed,,,,,"17.3 / 13.2",17.340
1790443756.956,hud,heading,,,,,"71° / 134°",70.500
1790443756.956,hud,drift,,,,,"101.13%",101.130
1790443756.956,hud,turns,,,,,"✗ turns: 1/15",
1790443756.956,hud,calib_s,,,,,"✓ Buffer 6s",
1790443756.957,marker,gnss,52.40048000,-1.44368600,225.70,true,,
1790443756.957,marker,dr,52.40377898,-1.44202906,289.50,true,,
1790443756.957,marker,reconciled,0.00000000,0.00000000,0.00,false,,
1790443757.006,hud,speed,,,,,"17.3 / 13.2",17.250
1790443757.006,hud,heading,,,,,"71° / 134°",70.800
1790443757.007,hud,drift,,,,,"101.21%",101.210
1790443757.007,hud,turns,,,,,"✗ turns: 1/15",
1790443757.007,hud,calib_s,,,,,"✓ Buffer 6s",
1790443757.007,marker,gnss,52.40048000,-1.44368600,225.70,true,,
1790443757.008,marker,dr,52.40378432,-1.44200500,289.20,true,,
1790443757.008,marker,reconciled,0.00000000,0.00000000,0.00,false,,
1790443757.060,hud,speed,,,,,"17.1 / 13.2",17.090
1790443757.061,hud,heading,,,,,"71° / 134°",70.900
1790443757.061,hud,drift,,,,,"101.28%",101.280
1790443757.061,hud,turns,,,,,"✗ turns: 1/15",
1790443757.062,hud,calib_s,,,,,"✓ Buffer 6s",
1790443757.062,marker,gnss,52.40048000,-1.44368600,225.70,true,,
1790443757.063,marker,dr,52.40378956,-1.44198138,289.10,true,,
1790443757.063,marker,reconciled,0.00000000,0.00000000,0.00,false,,
1790443757.114,hud,speed,,,,,"17.0 / 13.2",16.960
1790443757.114,hud,heading,,,,,"71° / 134°",71.100
1790443757.115,hud,drift,,,,,"101.35%",101.350
1790443757.115,hud,turns,,,,,"✗ turns: 1/15",
1790443757.115,hud,calib_s,,,,,"✓ Buffer 6s",
1790443757.116,marker,gnss,52.40048000,-1.44368600,225.70,true,,
1790443757.116,marker,dr,52.40379479,-1.44195796,288.90,true,,
1790443757.117,marker,reconciled,0.00000000,0.00000000,0.00,false,,
1790443757.166,hud,speed,,,,,"16.9 / 13.2",16.890
1790443757.167,hud,heading,,,,,"71° / 134°",71.000
1790443757.167,hud,drift,,,,,"101.42%",101.420
1790443757.167,hud,turns,,,,,"✗ turns: 1/15",
1790443757.167,hud,calib_s,,,,,"✓ Buffer 6s",
1790443757.168,marker,gnss,52.40048000,-1.44368600,225.70,true,,
1790443757.169,marker,dr,52.40379995,-1.44193486,289.00,true,,
1790443757.169,marker,reconciled,0.00000000,0.00000000,0.00,false,,
1790443757.215,hud,speed,,,,,"16.8 / 13.2",16.780
1790443757.216,hud,heading,,,,,"71° / 134°",70.900
1790443757.216,hud,drift,,,,,"101.49%",101.490
1790443757.216,hud,turns,,,,,"✗ turns: 1/15",
1790443757.217,hud,calib_s,,,,,"✓ Buffer 6s",
1790443757.217,marker,gnss,52.40048000,-1.44368600,225.70,true,,
1790443757.217,marker,dr,52.40380517,-1.44191144,289.10,true,,
1790443757.218,marker,reconciled,0.00000000,0.00000000,0.00,false,,
1790443757.264,hud,speed,,,,,"16.7 / 13.2",16.700
1790443757.264,hud,heading,,,,,"71° / 134°",70.900
1790443757.264,hud,drift,,,,,"101.55%",101.550
1790443757.265,hud,turns,,,,,"✗ turns: 1/15",
1790443757.265,hud,calib_s,,,,,"✓ Buffer 6s",
1790443757.265,marker,gnss,52.40048000,-1.44368600,225.70,true,,
1790443757.266,marker,dr,52.40381030,-1.44188838,289.10,true,,
1790443757.266,marker,reconciled,0.00000000,0.00000000,0.00,false,,
1790443757.319,hud,speed,,,,,"16.5 / 13.2",16.500
1790443757.319,hud,heading,,,,,"71° / 134°",70.800
1790443757.319,hud,drift,,,,,"101.62%",101.620
1790443757.320,hud,turns,,,,,"✗ turns: 1/15",
1790443757.320,hud,calib_s,,,,,"✓ Buffer 6s",
1790443757.320,marker,gnss,52.40048000,-1.44368600,225.70,true,,
1790443757.320,marker,dr,52.40381532,-1.44186556,289.20,true,,
1790443757.321,marker,reconciled,0.00000000,0.00000000,0.00,false,,
1790443757.367,hud,speed,,,,,"16.4 / 13.2",16.360
1790443757.367,hud,heading,,,,,"71° / 134°",70.900
1790443757.368,hud,drift,,,,,"101.67%",101.670
1790443757.368,hud,turns,,,,,"✗ turns: 1/15",
1790443757.368,hud,calib_s,,,,,"✓ Buffer 6s",
1790443757.368,marker,gnss,52.40048000,-1.44368600,225.70,true,,
1790443757.369,marker,dr,52.40382025,-1.44184317,289.10,true,,
1790443757.369,marker,reconciled,0.00000000,0.00000000,0.00,false,,
1790443757.419,hud,speed,,,,,"16.2 / 13.2",16.240
1790443757.420,hud,heading,,,,,"71° / 134°",71.100
1790443757.420,hud,drift,,,,,"101.73%",101.730
1790443757.420,hud,turns,,,,,"✗ turns: 1/15",
1790443757.420,hud,calib_s,,,,,"✓ Buffer 6s",
1790443757.421,marker,gnss,52.40048000,-1.44368600,225.70,true,,
1790443757.421,marker,dr,52.40382520,-1.44182071,288.90,true,,
1790443757.421,marker,reconciled,0.00000000,0.00000000,0.00,false,,
