t,category,name,lat,lon,rotation_deg,visible,text_val,num_val
1790442305.336,hud,speed,,,,,"0.0 / 0.0",0.000
1790442305.336,hud,heading,,,,,"0-¦ / 0-¦",0.000
1790442305.337,hud,drift,,,,,"0.00%",0.000
1790442305.337,hud,turns,,,,,"G£ù turns: 0/15",
1790442305.338,hud,calib_s,,,,,"G£ù Buffer (need 6s)",
1790442305.339,marker,reconciled,0.00000000,0.00000000,0.00,false,,
1790442305.381,hud,speed,,,,,"0.0 / 0.0",0.000
1790442305.382,hud,heading,,,,,"0-¦ / 0-¦",0.000
1790442305.382,hud,drift,,,,,"0.00%",0.000
1790442305.383,hud,turns,,,,,"G£ù turns: 0/15",
1790442305.383,hud,calib_s,,,,,"G£ù Buffer (need 6s)",
1790442305.384,marker,reconciled,0.00000000,0.00000000,0.00,false,,
1790442305.432,hud,speed,,,,,"0.0 / 0.0",0.000
1790442305.433,hud,heading,,,,,"0-¦ / 0-¦",0.000
1790442305.433,hud,drift,,,,,"0.00%",0.000
1790442305.433,hud,turns,,,,,"G£ù turns: 0/15",
1790442305.434,hud,calib_s,,,,,"G£ù Buffer (need 6s)",
1790442305.434,marker,reconciled,0.00000000,0.00000000,0.00,false,,
1790442305.485,hud,speed,,,,,"0.0 / 0.0",0.000
1790442305.486,hud,heading,,,,,"0-¦ / 0-¦",0.000
1790442305.486,hud,drift,,,,,"0.00%",0.000
1790442305.487,hud,turns,,,,,"G£ù turns: 0/15",
1790442305.487,hud,calib_s,,,,,"G£ù Buffer (need 6s)",
1790442305.487,marker,reconciled,0.00000000,0.00000000,0.00,false,,
1790442305.534,hud,speed,,,,,"0.0 / 0.0",0.000
1790442305.534,hud,heading,,,,,"0-¦ / 0-¦",0.000
1790442305.535,hud,drift,,,,,"0.00%",0.000
1790442305.535,hud,turns,,,,,"G£ù turns: 0/15",
1790442305.536,hud,calib_s,,,,,"G£ù Buffer (need 6s)",
1790442305.536,marker,reconciled,0.00000000,0.00000000,0.00,false,,
1790442305.587,hud,speed,,,,,"0.0 / 0.0",0.000
1790442305.587,hud,heading,,,,,"0-¦ / 0-¦",0.000
1790442305.588,hud,drift,,,,,"0.00%",0.000
1790442305.588,hud,turns,,,,,"G£ù turns: 0/15",
1790442305.588,hud,calib_s,,,,,"G£ù Buffer (need 6s)",
1790442305.588,marker,reconciled,0.00000000,0.00000000,0.00,false,,
1790442305.635,hud,speed,,,,,"0.0 / 0.0",0.000
1790442305.636,hud,heading,,,,,"0-¦ / 0-¦",0.000
1790442305.636,hud,drift,,,,,"0.00%",0.000
1790442305.636,hud,turns,,,,,"G£ù turns: 0/15",
1790442305.637,hud,calib_s,,,,,"G£ù Buffer (need 6s)",
1790442305.637,marker,reconciled,0.00000000,0.00000000,0.00,false,,
1790442305.686,hud,speed,,,,,"0.0 / 0.0",0.000
1790442305.687,hud,heading,,,,,"0-¦ / 0-¦",0.000
1790442305.687,hud,drift,,,,,"0.00%",0.000
1790442305.687,hud,turns,,,,,"G£ù turns: 0/15",
1790442305.687,hud,calib_s,,,,,"G£ù Buffer (need 6s)",
1790442305.688,marker,reconciled,0.00000000,0.00000000,0.00,false,,
1790442305.737,hud,speed,,,,,"0.0 / 0.0",0.000
1790442305.737,hud,heading,,,,,"0-¦ / 0-¦",0.000
1790442305.738,hud,drift,,,,,"0.00%",0.000
1790442305.738,hud,turns,,,,,"G£ù turns: 0/15",
1790442305.738,hud,calib_s,,,,,"G£ù Buffer (need 6s)",
1790442305.739,marker,reconciled,0.00000000,0.00000000,0.00,false,,
1790442305.791,hud,speed,,,,,"0.0 / 0.0",0.000
1790442305.791,hud,heading,,,,,"0-¦ / 0-¦",0.000
1790442305.792,hud,drift,,,,,"0.00%",0.000
1790442305.792,hud,turns,,,,,"G£ù turns: 0/15",
1790442305.792,hud,calib_s,,,,,"G£ù Buffer (need 6s)",
1790442305.793,marker,reconciled,0.00000000,0.00000000,0.00,false,,
1790442305.843,hud,speed,,,,,"0.0 / 0.0",0.000
1790442305.843,hud,heading,,,,,"0-¦ / 0-¦",0.000
1790442305.843,hud,drift,,,,,"0.00%",0.000
1790442305.844,hud,turns,,,,,"G£ù turns: 0/15",
1790442305.844,hud,calib_s,,,,,"G£ù Buffer (need 6s)",
1790442305.844,marker,reconciled,0.00000000,0.00000000,0.00,false,,
1790442305.892,hud,speed,,,,,"0.0 / 0.0",0.000
1790442305.892,hud,heading,,,,,"0-¦ / 0-¦",0.000
1790442305.893,hud,drift,,,,,"0.00%",0.000
1790442305.893,hud,turns,,,,,"G£ù turns: 0/15",
1790442305.893,hud,calib_s,,,,,"G£ù Buffer (need 6s)",
1790442305.893,marker,reconciled,0.00000000,0.00000000,0.00,false,,
1790442305.946,hud,speed,,,,,"0.0 / 0.0",0.000
1790442305.947,hud,heading,,,,,"0-¦ / 0-¦",0.000
1790442305.947,hud,drift,,,,,"0.00%",0.000
1790442305.948,hud,turns,,,,,"G£ù turns: 0/15",
1790442305.948,hud,calib_s,,,,,"G£ù Buffer (need 6s)",
1790442305.948,marker,reconciled,0.00000000,0.00000000,0.00,false,,
1790442305.997,hud,speed,,,,,"0.0 / 0.0",0.000
1790442305.997,hud,heading,,,,,"0-¦ / 0-¦",0.000
1790442305.998,hud,drift,,,,,"0.00%",0.000
1790442305.998,hud,turns,,,,,"G£ù turns: 0/15",
1790442305.998,hud,calib_s,,,,,"G£ù Buffer (need 6s)",
1790442305.999,marker,reconciled,0.00000000,0.00000000,0.00,false,,
1790442306.048,hud,speed,,,,,"0.0 / 0.0",0.000
1790442306.048,hud,heading,,,,,"0-¦ / 0-¦",0.000
1790442306.049,hud,drift,,,,,"0.00%",0.000
1790442306.049,hud,turns,,,,,"G£ù turns: 0/15",
1790442306.049,hud,calib_s,,,,,"G£ù Buffer (need 6s)",
1790442306.049,marker,reconciled,0.00000000,0.00000000,0.00,false,,
1790442306.105,hud,speed,,,,,"0.0 / 0.0",0.000
1790442306.106,hud,heading,,,,,"0-¦ / 0-¦",0.000
1790442306.106,hud,drift,,,,,"0.00%",0.000
1790442306.107,hud,turns,,,,,"G£ù turns: 0/15",
1790442306.107,hud,calib_s,,,,,"G£ù Buffer (need 6s)",
1790442306.107,marker,reconciled,0.00000000,0.00000000,0.00,false,,
1790442306.152,hud,speed,,,,,"0.0 / 0.0",0.000
1790442306.152,hud,heading,,,,,"0-¦ / 0-¦",0.000
1790442306.153,hud,drift,,,,,"0.00%",0.000
1790442306.153,hud,turns,,,,,"G£ù turns: 0/15",
1790442306.153,hud,calib_s,,,,,"G£ù Buffer (need 6s)",
1790442306.154,marker,reconciled,0.00000000,0.00000000,0.00,false,,
1790442306.206,hud,speed,,,,,"0.0 / 0.0",0.000
1790442306.207,hud,heading,,,,,"0-¦ / 0-¦",0.000
1790442306.207,hud,drift,,,,,"0.00%",0.000
1790442306.208,hud,turns,,,,,"G£ù turns: 0/15",
1790442306.208,hud,calib_s,,,,,"G£ù Buffer (need 6s)",
1790442306.208,marker,reconciled,0.00000000,0.00000000,0.00,false,,
1790442306.255,hud,speed,,,,,"0.0 / 0.0",0.000
1790442306.256,hud,heading,,,,,"0-¦ / 0-¦",0.000
1790442306.256,hud,drift,,,,,"0.00%",0.000
1790442306.256,hud,turns,,,,,"G£ù turns: 0/15",
1790442306.256,hud,calib_s,,,,,"G£ù Buffer (need 6s)",
1790442306.257,marker,reconciled,0.00000000,0.00000000,0.00,false,,
1790442306.306,hud,speed,,,,,"0.0 / 0.0",0.000
1790442306.306,hud,heading,,,,,"0-¦ / 0-¦",0.000
1790442306.307,hud,drift,,,,,"0.00%",0.000
1790442306.307,hud,turns,,,,,"G£ù turns: 0/15",
1790442306.307,hud,calib_s,,,,,"G£ù Buffer (need 6s)",
1790442306.308,marker,reconciled,0.00000000,0.00000000,0.00,false,,
1790442306.361,hud,speed,,,,,"0.0 / 0.0",0.000
1790442306.361,hud,heading,,,,,"0-¦ / 0-¦",0.000
1790442306.362,hud,drift,,,,,"0.00%",0.000
1790442306.362,hud,turns,,,,,"G£ù turns: 0/15",
1790442306.362,hud,calib_s,,,,,"G£ù Buffer (need 6s)",
1790442306.363,marker,reconciled,0.00000000,0.00000000,0.00,false,,
1790442306.411,hud,speed,,,,,"0.0 / 0.0",0.000
1790442306.411,hud,heading,,,,,"0-¦ / 0-¦",0.000
1790442306.412,hud,drift,,,,,"0.00%",0.000
1790442306.412,hud,turns,,,,,"G£ù turns: 0/15",
1790442306.412,hud,calib_s,,,,,"G£ù Buffer (need 6s)",
1790442306.413,marker,reconciled,0.00000000,0.00000000,0.00,false,,
1790442306.461,hud,speed,,,,,"0.0 / 0.0",0.000
1790442306.462,hud,heading,,,,,"0-¦ / 0-¦",0.000
1790442306.462,hud,drift,,,,,"0.00%",0.000
1790442306.463,hud,turns,,,,,"G£ù turns: 0/15",
1790442306.463,hud,calib_s,,,,,"G£ù Buffer (need 6s)",
1790442306.463,marker,reconciled,0.00000000,0.00000000,0.00,false,,
1790442306.515,hud,speed,,,,,"0.0 / 0.0",0.000
1790442306.515,hud,heading,,,,,"0-¦ / 0-¦",0.000
1790442306.516,hud,drift,,,,,"0.00%",0.000
1790442306.516,hud,turns,,,,,"G£ù turns: 0/15",
1790442306.516,hud,calib_s,,,,,"G£ù Buffer (need 6s)",
1790442306.517,marker,reconciled,0.00000000,0.00000000,0.00,false,,
1790442306.567,hud,speed,,,,,"0.0 / 0.0",0.000
1790442306.567,hud,heading,,,,,"0-¦ / 0-¦",0.000
1790442306.568,hud,drift,,,,,"0.00%",0.000
1790442306.568,hud,turns,,,,,"G£ù turns: 0/15",
1790442306.568,hud,calib_s,,,,,"G£ù Buffer (need 6s)",
1790442306.569,marker,reconciled,0.00000000,0.00000000,0.00,false,,
1790442306.642,hud,speed,,,,,"0.0 / 0.0",0.000
1790442306.642,hud,heading,,,,,"0-¦ / 0-¦",0.000
1790442306.643,hud,drift,,,,,"0.00%",0.000
1790442306.643,hud,turns,,,,,"G£ù turns: 0/15",
1790442306.643,hud,calib_s,,,,,"G£ù Buffer (need 6s)",
1790442306.644,marker,reconciled,0.00000000,0.00000000,0.00,false,,
1790442306.682,hud,speed,,,,,"0.0 / 0.0",0.000
1790442306.683,hud,heading,,,,,"0-¦ / 0-¦",0.000
1790442306.683,hud,drift,,,,,"0.00%",0.000
1790442306.683,hud,turns,,,,,"G£ù turns: 0/15",
1790442306.683,hud,calib_s,,,,,"G£ù Buffer (need 6s)",
1790442306.684,marker,reconciled,0.00000000,0.00000000,0.00,false,,
1790442306.717,hud,speed,,,,,"0.0 / 0.0",0.000
1790442306.717,hud,heading,,,,,"0-¦ / 0-¦",0.000
1790442306.718,hud,drift,,,,,"0.00%",0.000
1790442306.718,hud,turns,,,,,"G£ù turns: 0/15",
1790442306.718,hud,calib_s,,,,,"G£ù Buffer (need 6s)",
1790442306.718,marker,reconciled,0.00000000,0.00000000,0.00,false,,
1790442306.772,hud,speed,,,,,"0.0 / 0.0",0.000
1790442306.772,hud,heading,,,,,"0-¦ / 0-¦",0.000
1790442306.772,hud,drift,,,,,"0.00%",0.000
1790442306.773,hud,turns,,,,,"G£ù turns: 0/15",
1790442306.773,hud,calib_s,,,,,"G£ù Buffer (need 6s)",
1790442306.773,marker,reconciled,0.00000000,0.00000000,0.00,false,,
1790442306.829,hud,speed,,,,,"0.0 / 0.0",0.000
1790442306.829,hud,heading,,,,,"0-¦ / 0-¦",0.000
1790442306.830,hud,drift,,,,,"0.00%",0.000
1790442306.830,hud,turns,,,,,"G£ù turns: 0/15",
1790442306.830,hud,calib_s,,,,,"G£ù Buffer (need 6s)",
1790442306.833,marker,gnss,52.46745000,-1.48168800,346.60,true,,
1790442306.833,marker,reconciled,0.00000000,0.00000000,0.00,false,,
1790442306.904,hud,speed,,,,,"0.0 / 0.0",0.000
1790442306.905,hud,heading,,,,,"0-¦ / 0-¦",0.000
1790442306.905,hud,drift,,,,,"0.00%",0.000
1790442306.905,hud,turns,,,,,"G£ù turns: 0/15",
1790442306.906,hud,calib_s,,,,,"G£ù Buffer (need 6s)",
1790442306.906,marker,gnss,52.46745000,-1.48168800,346.60,true,,
1790442306.907,marker,reconciled,0.00000000,0.00000000,0.00,false,,
1790442306.945,hud,speed,,,,,"0.0 / 0.0",0.000
1790442306.945,hud,heading,,,,,"0-¦ / 0-¦",0.000
1790442306.946,hud,drift,,,,,"0.00%",0.000
1790442306.946,hud,turns,,,,,"G£ù turns: 0/15",
1790442306.946,hud,calib_s,,,,,"G£ù Buffer (need 6s)",
1790442306.946,marker,gnss,52.46745000,-1.48168800,346.60,true,,
1790442306.947,marker,reconciled,0.00000000,0.00000000,0.00,false,,
1790442306.983,hud,speed,,,,,"0.0 / 0.0",0.000
1790442306.983,hud,heading,,,,,"0-¦ / 0-¦",0.000
1790442306.984,hud,drift,,,,,"0.00%",0.000
1790442306.984,hud,turns,,,,,"G£ù turns: 0/15",
1790442306.984,hud,calib_s,,,,,"G£ù Buffer (need 6s)",
1790442306.985,marker,gnss,52.46745000,-1.48168800,346.60,true,,
1790442306.985,marker,reconciled,0.00000000,0.00000000,0.00,false,,
1790442307.028,hud,speed,,,,,"0.0 / 0.0",0.000
1790442307.028,hud,heading,,,,,"0-¦ / 0-¦",0.000
1790442307.029,hud,drift,,,,,"0.00%",0.000
1790442307.029,hud,turns,,,,,"G£ù turns: 0/15",
1790442307.029,hud,calib_s,,,,,"G£ù Buffer (need 6s)",
1790442307.029,marker,gnss,52.46745000,-1.48168800,346.60,true,,
1790442307.030,marker,reconciled,0.00000000,0.00000000,0.00,false,,
1790442307.084,hud,speed,,,,,"0.0 / 0.0",0.000
1790442307.085,hud,heading,,,,,"0-¦ / 0-¦",0.000
1790442307.085,hud,drift,,,,,"0.00%",0.000
1790442307.085,hud,turns,,,,,"G£ù turns: 0/15",
1790442307.086,hud,calib_s,,,,,"G£ù Buffer (need 6s)",
1790442307.087,marker,gnss,52.46745000,-1.48168800,346.60,true,,
1790442307.087,marker,reconciled,0.00000000,0.00000000,0.00,false,,
1790442307.139,hud,speed,,,,,"0.0 / 0.0",0.000
1790442307.140,hud,heading,,,,,"0-¦ / 0-¦",0.000
1790442307.140,hud,drift,,,,,"0.00%",0.000
1790442307.140,hud,turns,,,,,"G£ù turns: 0/15",
1790442307.140,hud,calib_s,,,,,"G£ù Buffer (need 6s)",
1790442307.141,marker,gnss,52.46745000,-1.48168800,346.60,true,,
1790442307.141,marker,reconciled,0.00000000,0.00000000,0.00,false,,
1790442307.183,hud,speed,,,,,"0.0 / 0.0",0.000
1790442307.184,hud,heading,,,,,"0-¦ / 0-¦",0.000
1790442307.184,hud,drift,,,,,"0.00%",0.000
1790442307.184,hud,turns,,,,,"G£ù turns: 0/15",
1790442307.184,hud,calib_s,,,,,"G£ù Buffer (need 6s)",
1790442307.185,marker,gnss,52.46745000,-1.48168800,346.60,true,,
1790442307.185,marker,reconciled,0.00000000,0.00000000,0.00,false,,
1790442307.239,hud,speed,,,,,"0.0 / 0.0",0.000
1790442307.239,hud,heading,,,,,"0-¦ / 0-¦",0.000
1790442307.240,hud,drift,,,,,"0.00%",0.000
1790442307.240,hud,turns,,,,,"G£ù turns: 0/15",
1790442307.240,hud,calib_s,,,,,"G£ù Buffer (need 6s)",
1790442307.241,marker,gnss,52.46745000,-1.48168800,346.60,true,,
1790442307.241,marker,reconciled,0.00000000,0.00000000,0.00,false,,
1790442307.288,hud,speed,,,,,"0.0 / 0.0",0.000
1790442307.289,hud,heading,,,,,"0-¦ / 0-¦",0.000
1790442307.289,hud,drift,,,,,"0.00%",0.000
1790442307.289,hud,turns,,,,,"G£ù turns: 0/15",
1790442307.289,hud,calib_s,,,,,"G£ù Buffer (need 6s)",
1790442307.290,marker,gnss,52.46745000,-1.48168800,346.60,true,,
1790442307.290,marker,reconciled,0.00000000,0.00000000,0.00,false,,
1790442307.339,hud,speed,,,,,"0.0 / 0.0",0.000
1790442307.340,hud,heading,,,,,"0-¦ / 0-¦",0.000
1790442307.340,hud,drift,,,,,"0.00%",0.000
1790442307.340,hud,turns,,,,,"G£ù turns: 0/15",
1790442307.341,hud,calib_s,,,,,"G£ù Buffer (need 6s)",
1790442307.341,marker,gnss,52.46745000,-1.48168800,346.60,true,,
1790442307.341,marker,reconciled,0.00000000,0.00000000,0.00,false,,
1790442307.397,hud,speed,,,,,"0.0 / 0.0",0.000
1790442307.397,hud,heading,,,,,"0-¦ / 0-¦",0.000
1790442307.397,hud,drift,,,,,"0.00%",0.000
1790442307.398,hud,turns,,,,,"G£ù turns: 0/15",
1790442307.398,hud,calib_s,,,,,"G£ù Buffer (need 6s)",
1790442307.399,marker,gnss,52.46745000,-1.48168800,346.60,true,,
1790442307.399,marker,reconciled,0.00000000,0.00000000,0.00,false,,
1790442307.441,hud,speed,,,,,"0.0 / 0.0",0.000
1790442307.441,hud,heading,,,,,"0-¦ / 0-¦",0.000
1790442307.442,hud,drift,,,,,"0.00%",0.000
1790442307.442,hud,turns,,,,,"G£ù turns: 0/15",
1790442307.442,hud,calib_s,,,,,"G£ù Buffer (need 6s)",
1790442307.443,marker,gnss,52.46745000,-1.48168800,346.60,true,,
1790442307.443,marker,reconciled,0.00000000,0.00000000,0.00,false,,
1790442307.495,hud,speed,,,,,"0.0 / 0.0",0.000
1790442307.495,hud,heading,,,,,"0-¦ / 0-¦",0.000
1790442307.496,hud,drift,,,,,"0.00%",0.000
1790442307.496,hud,turns,,,,,"G£ù turns: 0/15",
1790442307.496,hud,calib_s,,,,,"G£ù Buffer (need 6s)",
1790442307.497,marker,gnss,52.46745000,-1.48168800,346.60,true,,
1790442307.497,marker,reconciled,0.00000000,0.00000000,0.00,false,,
1790442307.542,hud,speed,,,,,"0.0 / 0.0",0.000
1790442307.543,hud,heading,,,,,"0-¦ / 0-¦",0.000
1790442307.543,hud,drift,,,,,"0.00%",0.000
1790442307.543,hud,turns,,,,,"G£ù turns: 0/15",
1790442307.543,hud,calib_s,,,,,"G£ù Buffer (need 6s)",
1790442307.544,marker,gnss,52.46745000,-1.48168800,346.60,true,,
1790442307.544,marker,reconciled,0.00000000,0.00000000,0.00,false,,
1790442307.598,hud,speed,,,,,"0.0 / 0.0",0.000
1790442307.598,hud,heading,,,,,"0-¦ / 0-¦",0.000
1790442307.599,hud,drift,,,,,"0.00%",0.000
1790442307.599,hud,turns,,,,,"G£ù turns: 0/15",
1790442307.600,hud,calib_s,,,,,"G£ù Buffer (need 6s)",
1790442307.601,marker,gnss,52.46745000,-1.48168800,346.60,true,,
1790442307.601,marker,reconciled,0.00000000,0.00000000,0.00,false,,
1790442307.651,hud,speed,,,,,"0.0 / 0.0",0.000
1790442307.652,hud,heading,,,,,"0-¦ / 0-¦",0.000
1790442307.652,hud,drift,,,,,"0.00%",0.000
1790442307.652,hud,turns,,,,,"G£ù turns: 0/15",
1790442307.652,hud,calib_s,,,,,"G£ù Buffer (need 6s)",
1790442307.653,marker,gnss,52.46745000,-1.48168800,346.60,true,,
1790442307.654,marker,reconciled,0.00000000,0.00000000,0.00,false,,
1790442307.699,hud,speed,,,,,"0.0 / 0.0",0.000
1790442307.700,hud,heading,,,,,"0-¦ / 0-¦",0.000
1790442307.700,hud,drift,,,,,"0.00%",0.000
1790442307.701,hud,turns,,,,,"G£ù turns: 0/15",
1790442307.701,hud,calib_s,,,,,"G£ù Buffer (need 6s)",
1790442307.701,marker,gnss,52.46745000,-1.48168800,346.60,true,,
1790442307.702,marker,reconciled,0.00000000,0.00000000,0.00,false,,
1790442307.755,hud,speed,,,,,"0.0 / 0.0",0.000
1790442307.756,hud,heading,,,,,"0-¦ / 0-¦",0.000
1790442307.756,hud,drift,,,,,"0.00%",0.000
1790442307.757,hud,turns,,,,,"G£ù turns: 0/15",
1790442307.757,hud,calib_s,,,,,"G£ù Buffer (need 6s)",
1790442307.758,marker,gnss,52.46745000,-1.48168800,346.60,true,,
1790442307.758,marker,reconciled,0.00000000,0.00000000,0.00,false,,
1790442307.810,hud,speed,,,,,"0.0 / 0.0",0.000
1790442307.811,hud,heading,,,,,"0-¦ / 0-¦",0.000
1790442307.811,hud,drift,,,,,"0.00%",0.000
1790442307.812,hud,turns,,,,,"G£ù turns: 0/15",
1790442307.812,hud,calib_s,,,,,"G£ù Buffer (need 6s)",
1790442307.813,marker,gnss,52.46745000,-1.48168800,346.60,true,,
1790442307.813,marker,reconciled,0.00000000,0.00000000,0.00,false,,
1790442307.851,hud,speed,,,,,"0.0 / 0.0",0.000
1790442307.852,hud,heading,,,,,"0-¦ / 0-¦",0.000
1790442307.852,hud,drift,,,,,"0.00%",0.000
1790442307.853,hud,turns,,,,,"G£ù turns: 0/15",
1790442307.853,hud,calib_s,,,,,"G£ù Buffer (need 6s)",
1790442307.854,marker,gnss,52.46745000,-1.48168800,346.60,true,,
1790442307.854,marker,reconciled,0.00000000,0.00000000,0.00,false,,
1790442307.899,hud,speed,,,,,"0.0 / 0.0",0.000
1790442307.899,hud,heading,,,,,"0-¦ / 0-¦",0.000
1790442307.899,hud,drift,,,,,"0.00%",0.000
1790442307.899,hud,turns,,,,,"G£ù turns: 0/15",
1790442307.900,hud,calib_s,,,,,"G£ù Buffer (need 6s)",
1790442307.901,marker,gnss,52.46745000,-1.48168800,346.60,true,,
1790442307.901,marker,reconciled,0.00000000,0.00000000,0.00,false,,
1790442307.947,hud,speed,,,,,"0.0 / 0.0",0.000
1790442307.948,hud,heading,,,,,"0-¦ / 0-¦",0.000
1790442307.948,hud,drift,,,,,"0.00%",0.000
1790442307.948,hud,turns,,,,,"G£ù turns: 0/15",
1790442307.948,hud,calib_s,,,,,"G£ù Buffer (need 6s)",
1790442307.949,marker,gnss,52.46745000,-1.48168800,346.60,true,,
1790442307.949,marker,reconciled,0.00000000,0.00000000,0.00,false,,
1790442307.999,hud,speed,,,,,"0.0 / 0.0",0.000
1790442307.999,hud,heading,,,,,"0-¦ / 0-¦",0.000
1790442307.999,hud,drift,,,,,"0.00%",0.000
1790442308.000,hud,turns,,,,,"G£ù turns: 0/15",
1790442308.000,hud,calib_s,,,,,"G£ù Buffer (need 6s)",
1790442308.001,marker,gnss,52.46745000,-1.48168800,346.60,true,,
1790442308.001,marker,reconciled,0.00000000,0.00000000,0.00,false,,
1790442308.052,hud,speed,,,,,"0.0 / 0.0",0.000
1790442308.052,hud,heading,,,,,"0-¦ / 0-¦",0.000
1790442308.053,hud,drift,,,,,"0.00%",0.000
1790442308.053,hud,turns,,,,,"G£ù turns: 0/15",
1790442308.053,hud,calib_s,,,,,"G£ù Buffer (need 6s)",
1790442308.053,marker,gnss,52.46745000,-1.48168800,346.60,true,,
1790442308.055,marker,reconciled,0.00000000,0.00000000,0.00,false,,
1790442308.099,hud,speed,,,,,"0.0 / 0.0",0.000
1790442308.099,hud,heading,,,,,"0-¦ / 0-¦",0.000
1790442308.100,hud,drift,,,,,"0.00%",0.000
1790442308.100,hud,turns,,,,,"G£ù turns: 0/15",
1790442308.100,hud,calib_s,,,,,"G£ù Buffer (need 6s)",
1790442308.101,marker,gnss,52.46745000,-1.48168800,346.60,true,,
1790442308.101,marker,reconciled,0.00000000,0.00000000,0.00,false,,
1790442308.154,hud,speed,,,,,"0.0 / 0.0",0.000
1790442308.154,hud,heading,,,,,"0-¦ / 0-¦",0.000
1790442308.154,hud,drift,,,,,"0.00%",0.000
1790442308.155,hud,turns,,,,,"G£ù turns: 0/15",
1790442308.155,hud,calib_s,,,,,"G£ù Buffer (need 6s)",
1790442308.155,marker,gnss,52.46745000,-1.48168800,346.60,true,,
1790442308.156,marker,reconciled,0.00000000,0.00000000,0.00,false,,
1790442308.201,hud,speed,,,,,"0.0 / 0.0",0.000
1790442308.201,hud,heading,,,,,"0-¦ / 0-¦",0.000
1790442308.202,hud,drift,,,,,"0.00%",0.000
1790442308.202,hud,turns,,,,,"G£ù turns: 0/15",
1790442308.203,hud,calib_s,,,,,"G£ù Buffer (need 6s)",
1790442308.203,marker,gnss,52.46745000,-1.48168800,346.60,true,,
1790442308.204,marker,reconciled,0.00000000,0.00000000,0.00,false,,
1790442308.257,hud,speed,,,,,"0.0 / 0.0",0.000
1790442308.258,hud,heading,,,,,"0-¦ / 0-¦",0.000
1790442308.258,hud,drift,,,,,"0.00%",0.000
1790442308.259,hud,turns,,,,,"G£ù turns: 0/15",
1790442308.259,hud,calib_s,,,,,"G£ù Buffer (need 6s)",
1790442308.259,marker,gnss,52.46745000,-1.48168800,346.60,true,,
1790442308.260,marker,reconciled,0.00000000,0.00000000,0.00,false,,
1790442308.304,hud,speed,,,,,"0.0 / 0.0",0.000
1790442308.304,hud,heading,,,,,"0-¦ / 0-¦",0.000
1790442308.305,hud,drift,,,,,"0.00%",0.000
1790442308.305,hud,turns,,,,,"G£ù turns: 0/15",
1790442308.305,hud,calib_s,,,,,"G£ù Buffer (need 6s)",
1790442308.306,marker,gnss,52.46745000,-1.48168800,346.60,true,,
1790442308.306,marker,reconciled,0.00000000,0.00000000,0.00,false,,
1790442308.352,hud,speed,,,,,"0.0 / 0.0",0.000
1790442308.352,hud,heading,,,,,"0-¦ / 0-¦",0.000
1790442308.352,hud,drift,,,,,"0.00%",0.000
1790442308.353,hud,turns,,,,,"G£ù turns: 0/15",
1790442308.353,hud,calib_s,,,,,"G£ô Buffer 6s",
1790442308.353,marker,gnss,52.46745000,-1.48168800,346.60,true,,
1790442308.354,marker,reconciled,0.00000000,0.00000000,0.00,false,,
1790442308.405,hud,speed,,,,,"0.0 / 0.0",0.000
1790442308.405,hud,heading,,,,,"0-¦ / 0-¦",0.000
1790442308.405,hud,drift,,,,,"0.00%",0.000
1790442308.405,hud,turns,,,,,"G£ù turns: 0/15",
1790442308.406,hud,calib_s,,,,,"G£ô Buffer 6s",
1790442308.406,marker,gnss,52.46745000,-1.48168800,346.60,true,,
1790442308.407,marker,reconciled,0.00000000,0.00000000,0.00,false,,
1790442308.454,hud,speed,,,,,"0.0 / 0.0",0.000
1790442308.454,hud,heading,,,,,"0-¦ / 0-¦",0.000
1790442308.455,hud,drift,,,,,"0.00%",0.000
1790442308.455,hud,turns,,,,,"G£ù turns: 0/15",
1790442308.455,hud,calib_s,,,,,"G£ô Buffer 6s",
1790442308.456,marker,gnss,52.46745000,-1.48168800,346.60,true,,
1790442308.456,marker,reconciled,0.00000000,0.00000000,0.00,false,,
1790442308.508,hud,speed,,,,,"0.0 / 0.0",0.000
1790442308.509,hud,heading,,,,,"0-¦ / 0-¦",0.000
1790442308.509,hud,drift,,,,,"0.00%",0.000
1790442308.509,hud,turns,,,,,"G£ù turns: 0/15",
1790442308.509,hud,calib_s,,,,,"G£ô Buffer 6s",
1790442308.510,marker,gnss,52.46745000,-1.48168800,346.60,true,,
1790442308.511,marker,reconciled,0.00000000,0.00000000,0.00,false,,
1790442308.560,hud,speed,,,,,"0.0 / 0.0",0.000
1790442308.560,hud,heading,,,,,"0-¦ / 0-¦",0.000
1790442308.561,hud,drift,,,,,"0.00%",0.000
1790442308.561,hud,turns,,,,,"G£ù turns: 0/15",
1790442308.561,hud,calib_s,,,,,"G£ô Buffer 6s",
1790442308.562,marker,gnss,52.46745000,-1.48168800,346.60,true,,
1790442308.562,marker,reconciled,0.00000000,0.00000000,0.00,false,,
1790442308.613,hud,speed,,,,,"0.0 / 0.0",0.000
1790442308.614,hud,heading,,,,,"0-¦ / 0-¦",0.000
1790442308.614,hud,drift,,,,,"0.00%",0.000
1790442308.615,hud,turns,,,,,"G£ù turns: 0/15",
1790442308.615,hud,calib_s,,,,,"G£ô Buffer 6s",
1790442308.616,marker,gnss,52.46745000,-1.48168800,346.60,true,,
1790442308.616,marker,reconciled,0.00000000,0.00000000,0.00,false,,
1790442308.663,hud,speed,,,,,"0.0 / 0.0",0.000
1790442308.664,hud,heading,,,,,"0-¦ / 0-¦",0.000
1790442308.664,hud,drift,,,,,"0.00%",0.000
1790442308.664,hud,turns,,,,,"G£ù turns: 0/15",
1790442308.665,hud,calib_s,,,,,"G£ô Buffer 6s",
1790442308.665,marker,gnss,52.46745000,-1.48168800,346.60,true,,
1790442308.665,marker,reconciled,0.00000000,0.00000000,0.00,false,,
1790442308.715,hud,speed,,,,,"0.0 / 0.0",0.000
1790442308.715,hud,heading,,,,,"0-¦ / 0-¦",0.000
1790442308.716,hud,drift,,,,,"0.00%",0.000
1790442308.716,hud,turns,,,,,"G£ù turns: 0/15",
1790442308.716,hud,calib_s,,,,,"G£ô Buffer 6s",
1790442308.717,marker,gnss,52.46745000,-1.48168800,346.60,true,,
1790442308.717,marker,reconciled,0.00000000,0.00000000,0.00,false,,
1790442308.767,hud,speed,,,,,"0.0 / 0.0",0.000
1790442308.767,hud,heading,,,,,"0-¦ / 0-¦",0.000
1790442308.768,hud,drift,,,,,"0.00%",0.000
1790442308.768,hud,turns,,,,,"G£ù turns: 0/15",
1790442308.768,hud,calib_s,,,,,"G£ô Buffer 6s",
1790442308.769,marker,gnss,52.46745000,-1.48168800,346.60,true,,
1790442308.769,marker,reconciled,0.00000000,0.00000000,0.00,false,,
1790442308.819,hud,speed,,,,,"0.0 / 0.0",0.000
1790442308.819,hud,heading,,,,,"0-¦ / 0-¦",0.000
1790442308.820,hud,drift,,,,,"0.00%",0.000
1790442308.820,hud,turns,,,,,"G£ù turns: 0/15",
1790442308.820,hud,calib_s,,,,,"G£ô Buffer 6s",
1790442308.821,marker,gnss,52.46745000,-1.48168800,346.60,true,,
1790442308.821,marker,reconciled,0.00000000,0.00000000,0.00,false,,
1790442308.870,hud,speed,,,,,"0.0 / 0.0",0.000
1790442308.871,hud,heading,,,,,"0-¦ / 0-¦",0.000
1790442308.871,hud,drift,,,,,"0.00%",0.000
1790442308.871,hud,turns,,,,,"G£ù turns: 0/15",
1790442308.872,hud,calib_s,,,,,"G£ô Buffer 6s",
1790442308.872,marker,gnss,52.46745000,-1.48168800,346.60,true,,
1790442308.873,marker,reconciled,0.00000000,0.00000000,0.00,false,,
1790442308.923,hud,speed,,,,,"0.0 / 0.0",0.000
1790442308.924,hud,heading,,,,,"0-¦ / 0-¦",0.000
1790442308.924,hud,drift,,,,,"0.00%",0.000
1790442308.925,hud,turns,,,,,"G£ù turns: 0/15",
1790442308.925,hud,calib_s,,,,,"G£ô Buffer 6s",
1790442308.926,marker,gnss,52.46745000,-1.48168800,346.60,true,,
1790442308.926,marker,reconciled,0.00000000,0.00000000,0.00,false,,
1790442308.971,hud,speed,,,,,"0.0 / 0.0",0.000
1790442308.972,hud,heading,,,,,"0-¦ / 0-¦",0.000
1790442308.972,hud,drift,,,,,"0.00%",0.000
1790442308.972,hud,turns,,,,,"G£ù turns: 0/15",
1790442308.972,hud,calib_s,,,,,"G£ô Buffer 6s",
1790442308.973,marker,gnss,52.46745000,-1.48168800,346.60,true,,
1790442308.973,marker,reconciled,0.00000000,0.00000000,0.00,false,,
1790442309.024,hud,speed,,,,,"0.0 / 0.0",0.000
1790442309.025,hud,heading,,,,,"0-¦ / 0-¦",0.000
1790442309.025,hud,drift,,,,,"0.00%",0.000
1790442309.025,hud,turns,,,,,"G£ù turns: 0/15",
1790442309.025,hud,calib_s,,,,,"G£ô Buffer 6s",
1790442309.026,marker,gnss,52.46745000,-1.48168800,346.60,true,,
1790442309.027,marker,reconciled,0.00000000,0.00000000,0.00,false,,
1790442309.077,hud,speed,,,,,"0.0 / 0.0",0.000
1790442309.078,hud,heading,,,,,"0-¦ / 0-¦",0.000
1790442309.078,hud,drift,,,,,"0.00%",0.000
1790442309.079,hud,turns,,,,,"G£ù turns: 0/15",
1790442309.079,hud,calib_s,,,,,"G£ô Buffer 6s",
1790442309.079,marker,gnss,52.46745000,-1.48168800,346.60,true,,
1790442309.080,marker,reconciled,0.00000000,0.00000000,0.00,false,,
1790442309.132,hud,speed,,,,,"0.0 / 0.0",0.000
1790442309.132,hud,heading,,,,,"0-¦ / 0-¦",0.000
1790442309.133,hud,drift,,,,,"0.00%",0.000
1790442309.133,hud,turns,,,,,"G£ù turns: 0/15",
1790442309.133,hud,calib_s,,,,,"G£ô Buffer 6s",
1790442309.134,marker,gnss,52.46745000,-1.48168800,346.60,true,,
1790442309.134,marker,reconciled,0.00000000,0.00000000,0.00,false,,
1790442309.182,hud,speed,,,,,"0.0 / 0.0",0.000
1790442309.182,hud,heading,,,,,"0-¦ / 0-¦",0.000
1790442309.183,hud,drift,,,,,"0.00%",0.000
1790442309.183,hud,turns,,,,,"G£ù turns: 0/15",
1790442309.183,hud,calib_s,,,,,"G£ô Buffer 6s",
1790442309.184,marker,gnss,52.46745000,-1.48168800,346.60,true,,
1790442309.184,marker,reconciled,0.00000000,0.00000000,0.00,false,,
1790442309.237,hud,speed,,,,,"0.0 / 0.0",0.000
1790442309.238,hud,heading,,,,,"0-¦ / 0-¦",0.000
1790442309.238,hud,drift,,,,,"0.00%",0.000
1790442309.238,hud,turns,,,,,"G£ù turns: 0/15",
1790442309.239,hud,calib_s,,,,,"G£ô Buffer 6s",
1790442309.239,marker,gnss,52.46745000,-1.48168800,346.60,true,,
1790442309.240,marker,reconciled,0.00000000,0.00000000,0.00,false,,
1790442309.286,hud,speed,,,,,"0.0 / 0.0",0.000
1790442309.287,hud,heading,,,,,"0-¦ / 0-¦",0.000
1790442309.287,hud,drift,,,,,"0.00%",0.000
1790442309.287,hud,turns,,,,,"G£ù turns: 0/15",
1790442309.288,hud,calib_s,,,,,"G£ô Buffer 6s",
1790442309.288,marker,gnss,52.46745000,-1.48168800,346.60,true,,
1790442309.289,marker,reconciled,0.00000000,0.00000000,0.00,false,,
1790442309.337,hud,speed,,,,,"0.0 / 0.0",0.000
1790442309.337,hud,heading,,,,,"0-¦ / 0-¦",0.000
1790442309.337,hud,drift,,,,,"0.00%",0.000
1790442309.337,hud,turns,,,,,"G£ù turns: 0/15",
1790442309.338,hud,calib_s,,,,,"G£ô Buffer 6s",
1790442309.338,marker,gnss,52.46745000,-1.48168800,346.60,true,,
1790442309.339,marker,reconciled,0.00000000,0.00000000,0.00,false,,
1790442309.387,hud,speed,,,,,"0.0 / 0.0",0.000
1790442309.387,hud,heading,,,,,"0-¦ / 0-¦",0.000
1790442309.388,hud,drift,,,,,"0.00%",0.000
1790442309.388,hud,turns,,,,,"G£ù turns: 0/15",
1790442309.388,hud,calib_s,,,,,"G£ô Buffer 6s",
1790442309.388,marker,gnss,52.46745000,-1.48168800,346.60,true,,
1790442309.389,marker,reconciled,0.00000000,0.00000000,0.00,false,,
1790442309.439,hud,speed,,,,,"0.0 / 0.0",0.000
1790442309.440,hud,heading,,,,,"0-¦ / 0-¦",0.000
1790442309.440,hud,drift,,,,,"0.00%",0.000
1790442309.440,hud,turns,,,,,"G£ù turns: 0/15",
1790442309.440,hud,calib_s,,,,,"G£ô Buffer 6s",
1790442309.441,marker,gnss,52.46745000,-1.48168800,346.60,true,,
1790442309.441,marker,reconciled,0.00000000,0.00000000,0.00,false,,
1790442309.488,hud,speed,,,,,"0.0 / 0.0",0.000
1790442309.488,hud,heading,,,,,"0-¦ / 0-¦",0.000
1790442309.489,hud,drift,,,,,"0.00%",0.000
1790442309.489,hud,turns,,,,,"G£ù turns: 0/15",
1790442309.489,hud,calib_s,,,,,"G£ô Buffer 6s",
1790442309.490,marker,gnss,52.46745000,-1.48168800,346.60,true,,
1790442309.490,marker,reconciled,0.00000000,0.00000000,0.00,false,,
1790442309.538,hud,speed,,,,,"0.0 / 0.0",0.000
1790442309.538,hud,heading,,,,,"0-¦ / 0-¦",0.000
1790442309.539,hud,drift,,,,,"0.00%",0.000
1790442309.539,hud,turns,,,,,"G£ù turns: 0/15",
1790442309.539,hud,calib_s,,,,,"G£ô Buffer 6s",
1790442309.540,marker,gnss,52.46745000,-1.48168800,346.60,true,,
1790442309.540,marker,reconciled,0.00000000,0.00000000,0.00,false,,
1790442309.591,hud,speed,,,,,"0.0 / 0.0",0.000
1790442309.591,hud,heading,,,,,"0-¦ / 0-¦",0.000
1790442309.591,hud,drift,,,,,"0.00%",0.000
1790442309.592,hud,turns,,,,,"G£ù turns: 0/15",
1790442309.592,hud,calib_s,,,,,"G£ô Buffer 6s",
1790442309.593,marker,gnss,52.46745000,-1.48168800,346.60,true,,
1790442309.593,marker,reconciled,0.00000000,0.00000000,0.00,false,,
1790442309.641,hud,speed,,,,,"0.0 / 0.0",0.000
1790442309.641,hud,heading,,,,,"0-¦ / 0-¦",0.000
1790442309.642,hud,drift,,,,,"0.00%",0.000
1790442309.642,hud,turns,,,,,"G£ù turns: 0/15",
1790442309.643,hud,calib_s,,,,,"G£ô Buffer 6s",
1790442309.643,marker,gnss,52.46745000,-1.48168800,346.60,true,,
1790442309.644,marker,reconciled,0.00000000,0.00000000,0.00,false,,
1790442309.694,hud,speed,,,,,"0.0 / 0.0",0.000
1790442309.694,hud,heading,,,,,"0-¦ / 0-¦",0.000
1790442309.695,hud,drift,,,,,"0.00%",0.000
1790442309.695,hud,turns,,,,,"G£ù turns: 0/15",
1790442309.695,hud,calib_s,,,,,"G£ô Buffer 6s",
1790442309.696,marker,gnss,52.46745000,-1.48168800,346.60,true,,
1790442309.696,marker,reconciled,0.00000000,0.00000000,0.00,false,,
1790442309.741,hud,speed,,,,,"0.0 / 0.0",0.000
1790442309.742,hud,heading,,,,,"0-¦ / 0-¦",0.000
1790442309.742,hud,drift,,,,,"0.00%",0.000
1790442309.742,hud,turns,,,,,"G£ù turns: 0/15",
1790442309.743,hud,calib_s,,,,,"G£ô Buffer 6s",
1790442309.743,marker,gnss,52.46745000,-1.48168800,346.60,true,,
1790442309.743,marker,reconciled,0.00000000,0.00000000,0.00,false,,
1790442309.799,hud,speed,,,,,"0.0 / 0.0",0.000
1790442309.799,hud,heading,,,,,"0-¦ / 0-¦",0.000
1790442309.800,hud,drift,,,,,"0.00%",0.000
1790442309.800,hud,turns,,,,,"G£ù turns: 0/15",
1790442309.800,hud,calib_s,,,,,"G£ô Buffer 6s",
1790442309.801,marker,gnss,52.46745000,-1.48168800,346.60,true,,
1790442309.801,marker,reconciled,0.00000000,0.00000000,0.00,false,,
1790442309.846,hud,speed,,,,,"0.0 / 0.0",0.000
1790442309.847,hud,heading,,,,,"0-¦ / 0-¦",0.000
1790442309.847,hud,drift,,,,,"0.00%",0.000
1790442309.847,hud,turns,,,,,"G£ù turns: 0/15",
1790442309.847,hud,calib_s,,,,,"G£ô Buffer 6s",
1790442309.848,marker,gnss,52.46745000,-1.48168800,346.60,true,,
1790442309.848,marker,reconciled,0.00000000,0.00000000,0.00,false,,
1790442309.898,hud,speed,,,,,"0.0 / 0.0",0.000
1790442309.898,hud,heading,,,,,"0-¦ / 0-¦",0.000
1790442309.899,hud,drift,,,,,"0.00%",0.000
1790442309.899,hud,turns,,,,,"G£ù turns: 0/15",
1790442309.899,hud,calib_s,,,,,"G£ô Buffer 6s",
1790442309.900,marker,gnss,52.46745000,-1.48168800,346.60,true,,
1790442309.900,marker,reconciled,0.00000000,0.00000000,0.00,false,,
1790442309.953,hud,speed,,,,,"0.0 / 0.0",0.000
1790442309.953,hud,heading,,,,,"0-¦ / 0-¦",0.000
1790442309.954,hud,drift,,,,,"0.00%",0.000
1790442309.954,hud,turns,,,,,"G£ù turns: 0/15",
1790442309.954,hud,calib_s,,,,,"G£ô Buffer 6s",
1790442309.955,marker,gnss,52.46745000,-1.48168800,346.60,true,,
1790442309.956,marker,reconciled,0.00000000,0.00000000,0.00,false,,
1790442310.000,hud,speed,,,,,"0.0 / 0.0",0.000
1790442310.000,hud,heading,,,,,"0-¦ / 0-¦",0.000
1790442310.000,hud,drift,,,,,"0.00%",0.000
1790442310.000,hud,turns,,,,,"G£ù turns: 0/15",
1790442310.001,hud,calib_s,,,,,"G£ô Buffer 6s",
1790442310.001,marker,gnss,52.46745000,-1.48168800,346.60,true,,
1790442310.002,marker,reconciled,0.00000000,0.00000000,0.00,false,,
1790442310.064,hud,speed,,,,,"0.0 / 0.0",0.000
1790442310.064,hud,heading,,,,,"0-¦ / 0-¦",0.000
1790442310.065,hud,drift,,,,,"0.00%",0.000
1790442310.065,hud,turns,,,,,"G£ù turns: 0/15",
1790442310.066,hud,calib_s,,,,,"G£ô Buffer 6s",
1790442310.067,marker,gnss,52.46745000,-1.48168800,346.60,true,,
1790442310.067,marker,reconciled,0.00000000,0.00000000,0.00,false,,
1790442310.110,hud,speed,,,,,"0.0 / 0.0",0.000
1790442310.110,hud,heading,,,,,"0-¦ / 0-¦",0.000
1790442310.111,hud,drift,,,,,"0.00%",0.000
1790442310.111,hud,turns,,,,,"G£ù turns: 0/15",
1790442310.111,hud,calib_s,,,,,"G£ô Buffer 6s",
1790442310.112,marker,gnss,52.46745000,-1.48168800,346.60,true,,
1790442310.112,marker,reconciled,0.00000000,0.00000000,0.00,false,,
1790442310.161,hud,speed,,,,,"0.0 / 0.0",0.000
1790442310.161,hud,heading,,,,,"0-¦ / 0-¦",0.000
1790442310.161,hud,drift,,,,,"0.00%",0.000
1790442310.161,hud,turns,,,,,"G£ù turns: 0/15",
1790442310.161,hud,calib_s,,,,,"G£ô Buffer 6s",
1790442310.162,marker,gnss,52.46745000,-1.48168800,346.60,true,,
1790442310.162,marker,reconciled,0.00000000,0.00000000,0.00,false,,
1790442310.214,hud,speed,,,,,"0.0 / 0.0",0.000
1790442310.215,hud,heading,,,,,"0-¦ / 0-¦",0.000
1790442310.215,hud,drift,,,,,"0.00%",0.000
1790442310.215,hud,turns,,,,,"G£ù turns: 0/15",
1790442310.215,hud,calib_s,,,,,"G£ô Buffer 6s",
1790442310.216,marker,gnss,52.46745000,-1.48168800,346.60,true,,
1790442310.216,marker,reconciled,0.00000000,0.00000000,0.00,false,,
1790442310.263,hud,speed,,,,,"0.0 / 0.0",0.000
1790442310.264,hud,heading,,,,,"0-¦ / 0-¦",0.000
1790442310.264,hud,drift,,,,,"0.00%",0.000
1790442310.264,hud,turns,,,,,"G£ù turns: 0/15",
1790442310.264,hud,calib_s,,,,,"G£ô Buffer 6s",
1790442310.265,marker,gnss,52.46745000,-1.48168800,346.60,true,,
1790442310.265,marker,reconciled,0.00000000,0.00000000,0.00,false,,
1790442310.314,hud,speed,,,,,"0.0 / 0.0",0.000
1790442310.315,hud,heading,,,,,"0-¦ / 0-¦",0.000
1790442310.315,hud,drift,,,,,"0.00%",0.000
1790442310.315,hud,turns,,,,,"G£ù turns: 0/15",
1790442310.316,hud,calib_s,,,,,"G£ô Buffer 6s",
1790442310.316,marker,gnss,52.46745000,-1.48168800,346.60,true,,
1790442310.317,marker,reconciled,0.00000000,0.00000000,0.00,false,,
1790442310.367,hud,speed,,,,,"0.0 / 0.0",0.000
1790442310.367,hud,heading,,,,,"0-¦ / 0-¦",0.000
1790442310.368,hud,drift,,,,,"0.00%",0.000
1790442310.368,hud,turns,,,,,"G£ù turns: 0/15",
1790442310.368,hud,calib_s,,,,,"G£ô Buffer 6s",
1790442310.369,marker,gnss,52.46745000,-1.48168800,346.60,true,,
1790442310.369,marker,reconciled,0.00000000,0.00000000,0.00,false,,
1790442310.419,hud,speed,,,,,"0.0 / 0.0",0.000
1790442310.419,hud,heading,,,,,"0-¦ / 0-¦",0.000
1790442310.420,hud,drift,,,,,"0.00%",0.000
1790442310.420,hud,turns,,,,,"G£ù turns: 0/15",
1790442310.420,hud,calib_s,,,,,"G£ô Buffer 6s",
1790442310.421,marker,gnss,52.46745000,-1.48168800,346.60,true,,
1790442310.421,marker,reconciled,0.00000000,0.00000000,0.00,false,,
1790442310.470,hud,speed,,,,,"0.0 / 0.0",0.000
1790442310.471,hud,heading,,,,,"0-¦ / 0-¦",0.000
1790442310.471,hud,drift,,,,,"0.00%",0.000
1790442310.471,hud,turns,,,,,"G£ù turns: 0/15",
1790442310.471,hud,calib_s,,,,,"G£ô Buffer 6s",
1790442310.472,marker,gnss,52.46745000,-1.48168800,346.60,true,,
1790442310.472,marker,reconciled,0.00000000,0.00000000,0.00,false,,
1790442310.519,hud,speed,,,,,"0.0 / 0.0",0.000
1790442310.520,hud,heading,,,,,"0-¦ / 0-¦",0.000
1790442310.520,hud,drift,,,,,"0.00%",0.000
1790442310.520,hud,turns,,,,,"G£ù turns: 0/15",
1790442310.521,hud,calib_s,,,,,"G£ô Buffer 6s",
1790442310.521,marker,gnss,52.46745000,-1.48168800,346.60,true,,
1790442310.521,marker,reconciled,0.00000000,0.00000000,0.00,false,,
1790442310.569,hud,speed,,,,,"0.0 / 0.0",0.000
1790442310.569,hud,heading,,,,,"0-¦ / 0-¦",0.000
1790442310.570,hud,drift,,,,,"0.00%",0.000
1790442310.570,hud,turns,,,,,"G£ù turns: 0/15",
1790442310.570,hud,calib_s,,,,,"G£ô Buffer 6s",
1790442310.571,marker,gnss,52.46745000,-1.48168800,346.60,true,,
1790442310.571,marker,reconciled,0.00000000,0.00000000,0.00,false,,
1790442310.624,hud,speed,,,,,"0.0 / 0.0",0.000
1790442310.625,hud,heading,,,,,"0-¦ / 0-¦",0.000
1790442310.625,hud,drift,,,,,"0.00%",0.000
1790442310.625,hud,turns,,,,,"G£ù turns: 0/15",
1790442310.625,hud,calib_s,,,,,"G£ô Buffer 6s",
1790442310.626,marker,gnss,52.46745000,-1.48168800,346.60,true,,
1790442310.626,marker,reconciled,0.00000000,0.00000000,0.00,false,,
1790442310.677,hud,speed,,,,,"0.0 / 0.0",0.000
1790442310.677,hud,heading,,,,,"0-¦ / 0-¦",0.000
1790442310.678,hud,drift,,,,,"0.00%",0.000
1790442310.678,hud,turns,,,,,"G£ù turns: 0/15",
1790442310.678,hud,calib_s,,,,,"G£ô Buffer 6s",
1790442310.679,marker,gnss,52.46745000,-1.48168800,346.60,true,,
1790442310.680,marker,reconciled,0.00000000,0.00000000,0.00,false,,
1790442310.730,hud,speed,,,,,"0.0 / 0.0",0.000
1790442310.730,hud,heading,,,,,"0-¦ / 0-¦",0.000
1790442310.731,hud,drift,,,,,"0.00%",0.000
1790442310.731,hud,turns,,,,,"G£ù turns: 0/15",
1790442310.731,hud,calib_s,,,,,"G£ô Buffer 6s",
1790442310.732,marker,gnss,52.46745000,-1.48168800,346.60,true,,
1790442310.732,marker,reconciled,0.00000000,0.00000000,0.00,false,,
1790442310.777,hud,speed,,,,,"0.0 / 0.0",0.000
1790442310.778,hud,heading,,,,,"0-¦ / 0-¦",0.000
1790442310.778,hud,drift,,,,,"0.00%",0.000
1790442310.778,hud,turns,,,,,"G£ù turns: 0/15",
1790442310.779,hud,calib_s,,,,,"G£ô Buffer 6s",
1790442310.779,marker,gnss,52.46745000,-1.48168800,346.60,true,,
1790442310.780,marker,reconciled,0.00000000,0.00000000,0.00,false,,
1790442310.829,hud,speed,,,,,"0.0 / 0.0",0.000
1790442310.829,hud,heading,,,,,"0-¦ / 0-¦",0.000
1790442310.830,hud,drift,,,,,"0.00%",0.000
1790442310.830,hud,turns,,,,,"G£ù turns: 0/15",
1790442310.830,hud,calib_s,,,,,"G£ô Buffer 6s",
1790442310.831,marker,gnss,52.46745000,-1.48168800,346.60,true,,
1790442310.832,marker,reconciled,0.00000000,0.00000000,0.00,false,,
1790442310.880,hud,speed,,,,,"0.0 / 0.0",0.000
1790442310.880,hud,heading,,,,,"0-¦ / 0-¦",0.000
1790442310.880,hud,drift,,,,,"0.00%",0.000
1790442310.881,hud,turns,,,,,"G£ù turns: 0/15",
1790442310.881,hud,calib_s,,,,,"G£ô Buffer 6s",
1790442310.881,marker,gnss,52.46745000,-1.48168800,346.60,true,,
1790442310.882,marker,reconciled,0.00000000,0.00000000,0.00,false,,
1790442310.935,hud,speed,,,,,"0.0 / 0.0",0.000
1790442310.935,hud,heading,,,,,"0-¦ / 0-¦",0.000
1790442310.936,hud,drift,,,,,"0.00%",0.000
1790442310.936,hud,turns,,,,,"G£ù turns: 0/15",
1790442310.936,hud,calib_s,,,,,"G£ô Buffer 6s",
1790442310.937,marker,gnss,52.46745000,-1.48168800,346.60,true,,
1790442310.937,marker,reconciled,0.00000000,0.00000000,0.00,false,,
1790442310.987,hud,speed,,,,,"0.0 / 0.0",0.000
1790442310.987,hud,heading,,,,,"0-¦ / 0-¦",0.000
1790442310.988,hud,drift,,,,,"0.00%",0.000
1790442310.988,hud,turns,,,,,"G£ù turns: 0/15",
1790442310.988,hud,calib_s,,,,,"G£ô Buffer 6s",
1790442310.989,marker,gnss,52.46745000,-1.48168800,346.60,true,,
1790442310.989,marker,reconciled,0.00000000,0.00000000,0.00,false,,
1790442311.036,hud,speed,,,,,"0.0 / 0.0",0.000
1790442311.036,hud,heading,,,,,"0-¦ / 0-¦",0.000
1790442311.036,hud,drift,,,,,"0.00%",0.000
1790442311.037,hud,turns,,,,,"G£ù turns: 0/15",
1790442311.037,hud,calib_s,,,,,"G£ô Buffer 6s",
1790442311.037,marker,gnss,52.46745000,-1.48168800,346.60,true,,
1790442311.038,marker,reconciled,0.00000000,0.00000000,0.00,false,,
1790442311.090,hud,speed,,,,,"0.0 / 0.0",0.000
1790442311.090,hud,heading,,,,,"0-¦ / 0-¦",0.000
1790442311.090,hud,drift,,,,,"0.00%",0.000
1790442311.091,hud,turns,,,,,"G£ù turns: 0/15",
1790442311.091,hud,calib_s,,,,,"G£ô Buffer 6s",
1790442311.092,marker,gnss,52.46745000,-1.48168800,346.60,true,,
1790442311.092,marker,reconciled,0.00000000,0.00000000,0.00,false,,
1790442311.136,hud,speed,,,,,"0.0 / 0.0",0.000
1790442311.137,hud,heading,,,,,"0-¦ / 0-¦",0.000
1790442311.137,hud,drift,,,,,"0.00%",0.000
1790442311.137,hud,turns,,,,,"G£ù turns: 0/15",
1790442311.137,hud,calib_s,,,,,"G£ô Buffer 6s",
1790442311.138,marker,gnss,52.46745000,-1.48168800,346.60,true,,
1790442311.138,marker,reconciled,0.00000000,0.00000000,0.00,false,,
1790442311.189,hud,speed,,,,,"0.0 / 0.0",0.000
1790442311.190,hud,heading,,,,,"0-¦ / 0-¦",0.000
1790442311.190,hud,drift,,,,,"0.00%",0.000
1790442311.190,hud,turns,,,,,"G£ù turns: 0/15",
1790442311.190,hud,calib_s,,,,,"G£ô Buffer 6s",
1790442311.191,marker,gnss,52.46745000,-1.48168800,346.60,true,,
1790442311.191,marker,reconciled,0.00000000,0.00000000,0.00,false,,
1790442311.241,hud,speed,,,,,"0.0 / 0.0",0.000
1790442311.242,hud,heading,,,,,"0-¦ / 0-¦",0.000
1790442311.242,hud,drift,,,,,"0.00%",0.000
1790442311.242,hud,turns,,,,,"G£ù turns: 0/15",
1790442311.243,hud,calib_s,,,,,"G£ô Buffer 6s",
1790442311.243,marker,gnss,52.46745000,-1.48168800,346.60,true,,
1790442311.244,marker,reconciled,0.00000000,0.00000000,0.00,false,,
1790442311.289,hud,speed,,,,,"0.0 / 0.0",0.000
1790442311.290,hud,heading,,,,,"0-¦ / 0-¦",0.000
1790442311.290,hud,drift,,,,,"0.00%",0.000
1790442311.290,hud,turns,,,,,"G£ù turns: 0/15",
1790442311.291,hud,calib_s,,,,,"G£ô Buffer 6s",
1790442311.291,marker,gnss,52.46745000,-1.48168800,346.60,true,,
1790442311.291,marker,reconciled,0.00000000,0.00000000,0.00,false,,
1790442311.343,hud,speed,,,,,"0.0 / 0.0",0.000
1790442311.343,hud,heading,,,,,"0-¦ / 0-¦",0.000
1790442311.344,hud,drift,,,,,"0.00%",0.000
1790442311.344,hud,turns,,,,,"G£ù turns: 0/15",
1790442311.344,hud,calib_s,,,,,"G£ô Buffer 6s",
1790442311.344,marker,gnss,52.46745000,-1.48168800,346.60,true,,
1790442311.345,marker,reconciled,0.00000000,0.00000000,0.00,false,,
1790442311.395,hud,speed,,,,,"0.0 / 0.0",0.000
1790442311.396,hud,heading,,,,,"0-¦ / 0-¦",0.000
1790442311.396,hud,drift,,,,,"0.00%",0.000
1790442311.396,hud,turns,,,,,"G£ù turns: 0/15",
1790442311.396,hud,calib_s,,,,,"G£ô Buffer 6s",
1790442311.397,marker,gnss,52.46745000,-1.48168800,346.60,true,,
1790442311.397,marker,reconciled,0.00000000,0.00000000,0.00,false,,
1790442311.447,hud,speed,,,,,"0.0 / 0.0",0.000
1790442311.448,hud,heading,,,,,"0-¦ / 0-¦",0.000
1790442311.448,hud,drift,,,,,"0.00%",0.000
1790442311.449,hud,turns,,,,,"G£ù turns: 0/15",
1790442311.449,hud,calib_s,,,,,"G£ô Buffer 6s",
1790442311.449,marker,gnss,52.46745000,-1.48168800,346.60,true,,
1790442311.450,marker,reconciled,0.00000000,0.00000000,0.00,false,,
1790442311.503,hud,speed,,,,,"0.0 / 0.0",0.000
1790442311.504,hud,heading,,,,,"0-¦ / 0-¦",0.000
1790442311.504,hud,drift,,,,,"0.00%",0.000
1790442311.504,hud,turns,,,,,"G£ù turns: 1/15",
1790442311.505,hud,calib_s,,,,,"G£ô Buffer 6s",
1790442311.505,marker,gnss,52.46837000,-1.48133000,343.00,true,,
1790442311.505,marker,reconciled,0.00000000,0.00000000,0.00,false,,
1790442311.547,hud,speed,,,,,"0.0 / 0.0",0.000
1790442311.548,hud,heading,,,,,"0-¦ / 0-¦",0.000
1790442311.548,hud,drift,,,,,"0.00%",0.000
1790442311.549,hud,turns,,,,,"G£ù turns: 1/15",
1790442311.549,hud,calib_s,,,,,"G£ô Buffer 6s",
1790442311.549,marker,gnss,52.46837000,-1.48133000,343.00,true,,
1790442311.550,marker,reconciled,0.00000000,0.00000000,0.00,false,,
1790442311.673,hud,speed,,,,,"0.0 / 0.0",0.000
1790442311.674,hud,heading,,,,,"0-¦ / 0-¦",0.000
1790442311.674,hud,drift,,,,,"0.00%",0.000
1790442311.675,hud,turns,,,,,"G£ù turns: 1/15",
1790442311.675,hud,calib_s,,,,,"G£ô Buffer 6s",
1790442311.676,marker,gnss,52.46837000,-1.48133000,343.00,true,,
1790442311.677,marker,reconciled,0.00000000,0.00000000,0.00,false,,
1790442311.697,hud,speed,,,,,"0.0 / 0.0",0.000
1790442311.698,hud,heading,,,,,"0-¦ / 0-¦",0.000
1790442311.698,hud,drift,,,,,"0.00%",0.000
1790442311.698,hud,turns,,,,,"G£ù turns: 1/15",
1790442311.698,hud,calib_s,,,,,"G£ô Buffer 6s",
1790442311.699,marker,gnss,52.46837000,-1.48133000,343.00,true,,
1790442311.699,marker,reconciled,0.00000000,0.00000000,0.00,false,,
1790442311.745,hud,speed,,,,,"0.0 / 0.0",0.000
1790442311.746,hud,heading,,,,,"0-¦ / 0-¦",0.000
1790442311.746,hud,drift,,,,,"0.00%",0.000
1790442311.746,hud,turns,,,,,"G£ù turns: 1/15",
1790442311.746,hud,calib_s,,,,,"G£ô Buffer 6s",
1790442311.747,marker,gnss,52.46837000,-1.48133000,343.00,true,,
1790442311.747,marker,reconciled,0.00000000,0.00000000,0.00,false,,
1790442311.800,hud,speed,,,,,"0.0 / 0.0",0.000
1790442311.800,hud,heading,,,,,"0-¦ / 0-¦",0.000
1790442311.801,hud,drift,,,,,"0.00%",0.000
1790442311.801,hud,turns,,,,,"G£ù turns: 1/15",
1790442311.801,hud,calib_s,,,,,"G£ô Buffer 6s",
1790442311.802,marker,gnss,52.46837000,-1.48133000,343.00,true,,
1790442311.802,marker,reconciled,0.00000000,0.00000000,0.00,false,,
1790442311.849,hud,speed,,,,,"0.0 / 0.0",0.000
1790442311.850,hud,heading,,,,,"0-¦ / 0-¦",0.000
1790442311.850,hud,drift,,,,,"0.00%",0.000
1790442311.851,hud,turns,,,,,"G£ù turns: 1/15",
1790442311.851,hud,calib_s,,,,,"G£ô Buffer 6s",
1790442311.852,marker,gnss,52.46837000,-1.48133000,343.00,true,,
1790442311.852,marker,reconciled,0.00000000,0.00000000,0.00,false,,
1790442311.897,hud,speed,,,,,"0.0 / 0.0",0.000
1790442311.898,hud,heading,,,,,"0-¦ / 0-¦",0.000
1790442311.898,hud,drift,,,,,"0.00%",0.000
1790442311.899,hud,turns,,,,,"G£ù turns: 1/15",
1790442311.899,hud,calib_s,,,,,"G£ô Buffer 6s",
1790442311.899,marker,gnss,52.46837000,-1.48133000,343.00,true,,
1790442311.900,marker,reconciled,0.00000000,0.00000000,0.00,false,,
1790442311.948,hud,speed,,,,,"0.0 / 0.0",0.000
1790442311.948,hud,heading,,,,,"0-¦ / 0-¦",0.000
1790442311.948,hud,drift,,,,,"0.00%",0.000
1790442311.949,hud,turns,,,,,"G£ù turns: 1/15",
1790442311.949,hud,calib_s,,,,,"G£ô Buffer 6s",
1790442311.949,marker,gnss,52.46837000,-1.48133000,343.00,true,,
1790442311.949,marker,reconciled,0.00000000,0.00000000,0.00,false,,
1790442312.003,hud,speed,,,,,"0.0 / 0.0",0.000
1790442312.004,hud,heading,,,,,"0-¦ / 0-¦",0.000
1790442312.004,hud,drift,,,,,"0.00%",0.000
1790442312.004,hud,turns,,,,,"G£ù turns: 1/15",
1790442312.005,hud,calib_s,,,,,"G£ô Buffer 6s",
1790442312.005,marker,gnss,52.46837000,-1.48133000,343.00,true,,
1790442312.006,marker,reconciled,0.00000000,0.00000000,0.00,false,,
1790442312.053,hud,speed,,,,,"0.0 / 0.0",0.000
1790442312.053,hud,heading,,,,,"0-¦ / 0-¦",0.000
1790442312.054,hud,drift,,,,,"0.00%",0.000
1790442312.054,hud,turns,,,,,"G£ù turns: 1/15",
1790442312.054,hud,calib_s,,,,,"G£ô Buffer 6s",
1790442312.055,marker,gnss,52.46837000,-1.48133000,343.00,true,,
1790442312.055,marker,reconciled,0.00000000,0.00000000,0.00,false,,
1790442312.102,hud,speed,,,,,"0.0 / 0.0",0.000
1790442312.103,hud,heading,,,,,"0-¦ / 0-¦",0.000
1790442312.103,hud,drift,,,,,"0.00%",0.000
1790442312.104,hud,turns,,,,,"G£ù turns: 1/15",
1790442312.104,hud,calib_s,,,,,"G£ô Buffer 6s",
1790442312.104,marker,gnss,52.46837000,-1.48133000,343.00,true,,
1790442312.105,marker,reconciled,0.00000000,0.00000000,0.00,false,,
1790442312.155,hud,speed,,,,,"0.0 / 0.0",0.000
1790442312.155,hud,heading,,,,,"0-¦ / 0-¦",0.000
1790442312.155,hud,drift,,,,,"0.00%",0.000
1790442312.155,hud,turns,,,,,"G£ù turns: 1/15",
1790442312.156,hud,calib_s,,,,,"G£ô Buffer 6s",
1790442312.156,marker,gnss,52.46837000,-1.48133000,343.00,true,,
1790442312.156,marker,reconciled,0.00000000,0.00000000,0.00,false,,
1790442312.209,hud,speed,,,,,"0.0 / 0.0",0.000
1790442312.210,hud,heading,,,,,"0-¦ / 0-¦",0.000
1790442312.210,hud,drift,,,,,"0.00%",0.000
1790442312.210,hud,turns,,,,,"G£ù turns: 1/15",
1790442312.210,hud,calib_s,,,,,"G£ô Buffer 6s",
1790442312.211,marker,gnss,52.46837000,-1.48133000,343.00,true,,
1790442312.211,marker,reconciled,0.00000000,0.00000000,0.00,false,,
1790442312.260,hud,speed,,,,,"0.0 / 0.0",0.000
1790442312.260,hud,heading,,,,,"0-¦ / 0-¦",0.000
1790442312.261,hud,drift,,,,,"0.00%",0.000
1790442312.261,hud,turns,,,,,"G£ù turns: 1/15",
1790442312.261,hud,calib_s,,,,,"G£ô Buffer 6s",
1790442312.262,marker,gnss,52.46837000,-1.48133000,343.00,true,,
1790442312.262,marker,reconciled,0.00000000,0.00000000,0.00,false,,
1790442312.311,hud,speed,,,,,"0.0 / 0.0",0.000
1790442312.311,hud,heading,,,,,"0-¦ / 0-¦",0.000
1790442312.311,hud,drift,,,,,"0.00%",0.000
1790442312.312,hud,turns,,,,,"G£ù turns: 1/15",
1790442312.312,hud,calib_s,,,,,"G£ô Buffer 6s",
1790442312.312,marker,gnss,52.46837000,-1.48133000,343.00,true,,
1790442312.313,marker,reconciled,0.00000000,0.00000000,0.00,false,,
1790442312.362,hud,speed,,,,,"0.0 / 0.0",0.000
1790442312.362,hud,heading,,,,,"0-¦ / 0-¦",0.000
1790442312.363,hud,drift,,,,,"0.00%",0.000
1790442312.363,hud,turns,,,,,"G£ù turns: 1/15",
1790442312.363,hud,calib_s,,,,,"G£ô Buffer 6s",
1790442312.364,marker,gnss,52.46837000,-1.48133000,343.00,true,,
1790442312.364,marker,reconciled,0.00000000,0.00000000,0.00,false,,
1790442312.416,hud,speed,,,,,"0.0 / 0.0",0.000
1790442312.416,hud,heading,,,,,"0-¦ / 0-¦",0.000
1790442312.417,hud,drift,,,,,"0.00%",0.000
1790442312.417,hud,turns,,,,,"G£ù turns: 1/15",
1790442312.417,hud,calib_s,,,,,"G£ô Buffer 6s",
1790442312.418,marker,gnss,52.46837000,-1.48133000,343.00,true,,
1790442312.418,marker,reconciled,0.00000000,0.00000000,0.00,false,,
1790442312.475,hud,speed,,,,,"0.0 / 0.0",0.000
1790442312.475,hud,heading,,,,,"0-¦ / 0-¦",0.000
1790442312.475,hud,drift,,,,,"0.00%",0.000
1790442312.476,hud,turns,,,,,"G£ù turns: 1/15",
1790442312.476,hud,calib_s,,,,,"G£ô Buffer 6s",
1790442312.477,marker,gnss,52.46837000,-1.48133000,343.00,true,,
1790442312.477,marker,reconciled,0.00000000,0.00000000,0.00,false,,
1790442312.517,hud,speed,,,,,"0.0 / 0.0",0.000
1790442312.518,hud,heading,,,,,"0-¦ / 0-¦",0.000
1790442312.518,hud,drift,,,,,"0.00%",0.000
1790442312.519,hud,turns,,,,,"G£ù turns: 1/15",
1790442312.519,hud,calib_s,,,,,"G£ô Buffer 6s",
1790442312.520,marker,gnss,52.46837000,-1.48133000,343.00,true,,
1790442312.520,marker,reconciled,0.00000000,0.00000000,0.00,false,,
1790442312.570,hud,speed,,,,,"0.0 / 0.0",0.000
1790442312.570,hud,heading,,,,,"0-¦ / 0-¦",0.000
1790442312.571,hud,drift,,,,,"0.00%",0.000
1790442312.571,hud,turns,,,,,"G£ù turns: 1/15",
1790442312.571,hud,calib_s,,,,,"G£ô Buffer 6s",
1790442312.572,marker,gnss,52.46837000,-1.48133000,343.00,true,,
1790442312.572,marker,reconciled,0.00000000,0.00000000,0.00,false,,
1790442312.618,hud,speed,,,,,"0.0 / 0.0",0.000
1790442312.618,hud,heading,,,,,"0-¦ / 0-¦",0.000
1790442312.619,hud,drift,,,,,"0.00%",0.000
1790442312.619,hud,turns,,,,,"G£ù turns: 1/15",
1790442312.619,hud,calib_s,,,,,"G£ô Buffer 6s",
1790442312.620,marker,gnss,52.46837000,-1.48133000,343.00,true,,
1790442312.620,marker,reconciled,0.00000000,0.00000000,0.00,false,,
1790442312.673,hud,speed,,,,,"0.0 / 0.0",0.000
1790442312.674,hud,heading,,,,,"0-¦ / 0-¦",0.000
1790442312.674,hud,drift,,,,,"0.00%",0.000
1790442312.674,hud,turns,,,,,"G£ù turns: 1/15",
1790442312.675,hud,calib_s,,,,,"G£ô Buffer 6s",
1790442312.675,marker,gnss,52.46837000,-1.48133000,343.00,true,,
1790442312.676,marker,reconciled,0.00000000,0.00000000,0.00,false,,
1790442312.724,hud,speed,,,,,"0.0 / 0.0",0.000
1790442312.724,hud,heading,,,,,"0-¦ / 0-¦",0.000
1790442312.725,hud,drift,,,,,"0.00%",0.000
1790442312.725,hud,turns,,,,,"G£ù turns: 1/15",
1790442312.725,hud,calib_s,,,,,"G£ô Buffer 6s",
1790442312.726,marker,gnss,52.46837000,-1.48133000,343.00,true,,
1790442312.726,marker,reconciled,0.00000000,0.00000000,0.00,false,,
1790442312.775,hud,speed,,,,,"0.0 / 0.0",0.000
1790442312.775,hud,heading,,,,,"0-¦ / 0-¦",0.000
1790442312.775,hud,drift,,,,,"0.00%",0.000
1790442312.776,hud,turns,,,,,"G£ù turns: 1/15",
1790442312.776,hud,calib_s,,,,,"G£ô Buffer 6s",
1790442312.776,marker,gnss,52.46837000,-1.48133000,343.00,true,,
1790442312.777,marker,reconciled,0.00000000,0.00000000,0.00,false,,
1790442312.831,hud,speed,,,,,"0.0 / 0.0",0.000
1790442312.832,hud,heading,,,,,"0-¦ / 0-¦",0.000
1790442312.832,hud,drift,,,,,"0.00%",0.000
1790442312.832,hud,turns,,,,,"G£ù turns: 1/15",
1790442312.833,hud,calib_s,,,,,"G£ô Buffer 6s",
1790442312.833,marker,gnss,52.46837000,-1.48133000,343.00,true,,
1790442312.833,marker,reconciled,0.00000000,0.00000000,0.00,false,,
1790442312.878,hud,speed,,,,,"0.0 / 0.0",0.000
1790442312.879,hud,heading,,,,,"0-¦ / 0-¦",0.000
1790442312.879,hud,drift,,,,,"0.00%",0.000
1790442312.879,hud,turns,,,,,"G£ù turns: 1/15",
1790442312.880,hud,calib_s,,,,,"G£ô Buffer 6s",
1790442312.880,marker,gnss,52.46837000,-1.48133000,343.00,true,,
1790442312.881,marker,reconciled,0.00000000,0.00000000,0.00,false,,
1790442312.934,hud,speed,,,,,"0.0 / 0.0",0.000
1790442312.934,hud,heading,,,,,"0-¦ / 0-¦",0.000
1790442312.935,hud,drift,,,,,"0.00%",0.000
1790442312.935,hud,turns,,,,,"G£ù turns: 1/15",
1790442312.935,hud,calib_s,,,,,"G£ô Buffer 6s",
1790442312.936,marker,gnss,52.46837000,-1.48133000,343.00,true,,
1790442312.937,marker,reconciled,0.00000000,0.00000000,0.00,false,,
1790442312.983,hud,speed,,,,,"0.0 / 0.0",0.000
1790442312.983,hud,heading,,,,,"0-¦ / 0-¦",0.000
1790442312.984,hud,drift,,,,,"0.00%",0.000
1790442312.984,hud,turns,,,,,"G£ù turns: 1/15",
1790442312.984,hud,calib_s,,,,,"G£ô Buffer 6s",
1790442312.985,marker,gnss,52.46837000,-1.48133000,343.00,true,,
1790442312.985,marker,reconciled,0.00000000,0.00000000,0.00,false,,
1790442313.035,hud,speed,,,,,"0.0 / 0.0",0.000
1790442313.035,hud,heading,,,,,"0-¦ / 0-¦",0.000
1790442313.035,hud,drift,,,,,"0.00%",0.000
1790442313.036,hud,turns,,,,,"G£ù turns: 1/15",
1790442313.036,hud,calib_s,,,,,"G£ô Buffer 6s",
1790442313.036,marker,gnss,52.46837000,-1.48133000,343.00,true,,
1790442313.037,marker,reconciled,0.00000000,0.00000000,0.00,false,,
1790442313.087,hud,speed,,,,,"0.0 / 0.0",0.000
1790442313.087,hud,heading,,,,,"0-¦ / 0-¦",0.000
1790442313.087,hud,drift,,,,,"0.00%",0.000
1790442313.088,hud,turns,,,,,"G£ù turns: 1/15",
1790442313.088,hud,calib_s,,,,,"G£ô Buffer 6s",
1790442313.088,marker,gnss,52.46837000,-1.48133000,343.00,true,,
1790442313.089,marker,reconciled,0.00000000,0.00000000,0.00,false,,
1790442313.137,hud,speed,,,,,"0.0 / 0.0",0.000
1790442313.138,hud,heading,,,,,"0-¦ / 0-¦",0.000
1790442313.138,hud,drift,,,,,"0.00%",0.000
1790442313.138,hud,turns,,,,,"G£ù turns: 1/15",
1790442313.139,hud,calib_s,,,,,"G£ô Buffer 6s",
1790442313.139,marker,gnss,52.46837000,-1.48133000,343.00,true,,
1790442313.140,marker,reconciled,0.00000000,0.00000000,0.00,false,,
1790442313.189,hud,speed,,,,,"0.0 / 0.0",0.000
1790442313.189,hud,heading,,,,,"0-¦ / 0-¦",0.000
1790442313.190,hud,drift,,,,,"0.00%",0.000
1790442313.190,hud,turns,,,,,"G£ù turns: 1/15",
1790442313.190,hud,calib_s,,,,,"G£ô Buffer 6s",
1790442313.191,marker,gnss,52.46837000,-1.48133000,343.00,true,,
1790442313.192,marker,reconciled,0.00000000,0.00000000,0.00,false,,
1790442313.242,hud,speed,,,,,"0.0 / 0.0",0.000
1790442313.242,hud,heading,,,,,"0-¦ / 0-¦",0.000
1790442313.243,hud,drift,,,,,"0.00%",0.000
1790442313.243,hud,turns,,,,,"G£ù turns: 1/15",
1790442313.243,hud,calib_s,,,,,"G£ô Buffer 6s",
1790442313.244,marker,gnss,52.46837000,-1.48133000,343.00,true,,
1790442313.244,marker,reconciled,0.00000000,0.00000000,0.00,false,,
1790442313.293,hud,speed,,,,,"0.0 / 0.0",0.000
1790442313.293,hud,heading,,,,,"0-¦ / 0-¦",0.000
1790442313.293,hud,drift,,,,,"0.00%",0.000
1790442313.294,hud,turns,,,,,"G£ù turns: 1/15",
1790442313.294,hud,calib_s,,,,,"G£ô Buffer 6s",
1790442313.295,marker,gnss,52.46837000,-1.48133000,343.00,true,,
1790442313.295,marker,reconciled,0.00000000,0.00000000,0.00,false,,
1790442313.345,hud,speed,,,,,"0.0 / 0.0",0.000
1790442313.346,hud,heading,,,,,"0-¦ / 0-¦",0.000
1790442313.346,hud,drift,,,,,"0.00%",0.000
1790442313.346,hud,turns,,,,,"G£ù turns: 1/15",
1790442313.347,hud,calib_s,,,,,"G£ô Buffer 6s",
1790442313.347,marker,gnss,52.46837000,-1.48133000,343.00,true,,
1790442313.348,marker,reconciled,0.00000000,0.00000000,0.00,false,,
1790442313.397,hud,speed,,,,,"0.0 / 0.0",0.000
1790442313.397,hud,heading,,,,,"0-¦ / 0-¦",0.000
1790442313.397,hud,drift,,,,,"0.00%",0.000
1790442313.398,hud,turns,,,,,"G£ù turns: 1/15",
1790442313.398,hud,calib_s,,,,,"G£ô Buffer 6s",
1790442313.399,marker,gnss,52.46837000,-1.48133000,343.00,true,,
1790442313.400,marker,reconciled,0.00000000,0.00000000,0.00,false,,
1790442313.444,hud,speed,,,,,"0.0 / 0.0",0.000
1790442313.445,hud,heading,,,,,"0-¦ / 0-¦",0.000
1790442313.445,hud,drift,,,,,"0.00%",0.000
1790442313.445,hud,turns,,,,,"G£ù turns: 1/15",
1790442313.445,hud,calib_s,,,,,"G£ô Buffer 6s",
1790442313.446,marker,gnss,52.46837000,-1.48133000,343.00,true,,
1790442313.446,marker,reconciled,0.00000000,0.00000000,0.00,false,,
1790442313.497,hud,speed,,,,,"0.0 / 0.0",0.000
1790442313.498,hud,heading,,,,,"0-¦ / 0-¦",0.000
1790442313.498,hud,drift,,,,,"0.00%",0.000
1790442313.498,hud,turns,,,,,"G£ù turns: 1/15",
1790442313.499,hud,calib_s,,,,,"G£ô Buffer 6s",
1790442313.499,marker,gnss,52.46837000,-1.48133000,343.00,true,,
1790442313.500,marker,reconciled,0.00000000,0.00000000,0.00,false,,
1790442313.549,hud,speed,,,,,"0.0 / 0.0",0.000
1790442313.549,hud,heading,,,,,"0-¦ / 0-¦",0.000
1790442313.550,hud,drift,,,,,"0.00%",0.000
1790442313.550,hud,turns,,,,,"G£ù turns: 1/15",
1790442313.550,hud,calib_s,,,,,"G£ô Buffer 6s",
1790442313.551,marker,gnss,52.46837000,-1.48133000,343.00,true,,
1790442313.551,marker,reconciled,0.00000000,0.00000000,0.00,false,,
1790442313.600,hud,speed,,,,,"0.0 / 0.0",0.000
1790442313.601,hud,heading,,,,,"0-¦ / 0-¦",0.000
1790442313.601,hud,drift,,,,,"0.00%",0.000
1790442313.601,hud,turns,,,,,"G£ù turns: 1/15",
1790442313.601,hud,calib_s,,,,,"G£ô Buffer 6s",
1790442313.601,marker,gnss,52.46837000,-1.48133000,343.00,true,,
1790442313.602,marker,reconciled,0.00000000,0.00000000,0.00,false,,
1790442313.652,hud,speed,,,,,"0.0 / 0.0",0.000
1790442313.653,hud,heading,,,,,"0-¦ / 0-¦",0.000
1790442313.653,hud,drift,,,,,"0.00%",0.000
1790442313.653,hud,turns,,,,,"G£ù turns: 1/15",
1790442313.653,hud,calib_s,,,,,"G£ô Buffer 6s",
1790442313.654,marker,gnss,52.46837000,-1.48133000,343.00,true,,
1790442313.655,marker,reconciled,0.00000000,0.00000000,0.00,false,,
1790442313.704,hud,speed,,,,,"0.0 / 0.0",0.000
1790442313.705,hud,heading,,,,,"0-¦ / 0-¦",0.000
1790442313.705,hud,drift,,,,,"0.00%",0.000
1790442313.705,hud,turns,,,,,"G£ù turns: 1/15",
1790442313.705,hud,calib_s,,,,,"G£ô Buffer 6s",
1790442313.706,marker,gnss,52.46837000,-1.48133000,343.00,true,,
1790442313.707,marker,reconciled,0.00000000,0.00000000,0.00,false,,
1790442313.756,hud,speed,,,,,"0.0 / 0.0",0.000
1790442313.757,hud,heading,,,,,"0-¦ / 0-¦",0.000
1790442313.757,hud,drift,,,,,"0.00%",0.000
1790442313.757,hud,turns,,,,,"G£ù turns: 1/15",
1790442313.757,hud,calib_s,,,,,"G£ô Buffer 6s",
1790442313.758,marker,gnss,52.46837000,-1.48133000,343.00,true,,
1790442313.759,marker,reconciled,0.00000000,0.00000000,0.00,false,,
1790442313.807,hud,speed,,,,,"0.0 / 0.0",0.000
1790442313.807,hud,heading,,,,,"0-¦ / 0-¦",0.000
1790442313.807,hud,drift,,,,,"0.00%",0.000
1790442313.808,hud,turns,,,,,"G£ù turns: 1/15",
1790442313.808,hud,calib_s,,,,,"G£ô Buffer 6s",
1790442313.808,marker,gnss,52.46837000,-1.48133000,343.00,true,,
1790442313.809,marker,reconciled,0.00000000,0.00000000,0.00,false,,
1790442313.859,hud,speed,,,,,"0.0 / 0.0",0.000
1790442313.859,hud,heading,,,,,"0-¦ / 0-¦",0.000
1790442313.859,hud,drift,,,,,"0.00%",0.000
1790442313.860,hud,turns,,,,,"G£ù turns: 1/15",
1790442313.860,hud,calib_s,,,,,"G£ô Buffer 6s",
1790442313.860,marker,gnss,52.46837000,-1.48133000,343.00,true,,
1790442313.861,marker,reconciled,0.00000000,0.00000000,0.00,false,,
1790442313.909,hud,speed,,,,,"0.0 / 0.0",0.000
1790442313.910,hud,heading,,,,,"0-¦ / 0-¦",0.000
1790442313.910,hud,drift,,,,,"0.00%",0.000
1790442313.911,hud,turns,,,,,"G£ù turns: 1/15",
1790442313.911,hud,calib_s,,,,,"G£ô Buffer 6s",
1790442313.912,marker,gnss,52.46837000,-1.48133000,343.00,true,,
1790442313.912,marker,reconciled,0.00000000,0.00000000,0.00,false,,
1790442313.959,hud,speed,,,,,"0.0 / 0.0",0.000
1790442313.960,hud,heading,,,,,"0-¦ / 0-¦",0.000
1790442313.960,hud,drift,,,,,"0.00%",0.000
1790442313.960,hud,turns,,,,,"G£ù turns: 1/15",
1790442313.960,hud,calib_s,,,,,"G£ô Buffer 6s",
1790442313.961,marker,gnss,52.46837000,-1.48133000,343.00,true,,
1790442313.961,marker,reconciled,0.00000000,0.00000000,0.00,false,,
1790442314.009,hud,speed,,,,,"0.0 / 0.0",0.000
1790442314.010,hud,heading,,,,,"0-¦ / 0-¦",0.000
1790442314.010,hud,drift,,,,,"0.00%",0.000
1790442314.011,hud,turns,,,,,"G£ù turns: 1/15",
1790442314.011,hud,calib_s,,,,,"G£ô Buffer 6s",
1790442314.012,marker,gnss,52.46837000,-1.48133000,343.00,true,,
1790442314.012,marker,reconciled,0.00000000,0.00000000,0.00,false,,
1790442314.062,hud,speed,,,,,"0.0 / 0.0",0.000
1790442314.062,hud,heading,,,,,"0-¦ / 0-¦",0.000
1790442314.062,hud,drift,,,,,"0.00%",0.000
1790442314.063,hud,turns,,,,,"G£ù turns: 1/15",
1790442314.063,hud,calib_s,,,,,"G£ô Buffer 6s",
1790442314.064,marker,gnss,52.46837000,-1.48133000,343.00,true,,
1790442314.064,marker,reconciled,0.00000000,0.00000000,0.00,false,,
1790442314.115,hud,speed,,,,,"0.0 / 0.0",0.000
1790442314.115,hud,heading,,,,,"0-¦ / 0-¦",0.000
1790442314.116,hud,drift,,,,,"0.00%",0.000
1790442314.116,hud,turns,,,,,"G£ù turns: 1/15",
1790442314.116,hud,calib_s,,,,,"G£ô Buffer 6s",
1790442314.117,marker,gnss,52.46837000,-1.48133000,343.00,true,,
1790442314.117,marker,reconciled,0.00000000,0.00000000,0.00,false,,
1790442314.166,hud,speed,,,,,"0.0 / 0.0",0.000
1790442314.167,hud,heading,,,,,"0-¦ / 0-¦",0.000
1790442314.167,hud,drift,,,,,"0.00%",0.000
1790442314.167,hud,turns,,,,,"G£ù turns: 1/15",
1790442314.168,hud,calib_s,,,,,"G£ô Buffer 6s",
1790442314.168,marker,gnss,52.46837000,-1.48133000,343.00,true,,
1790442314.169,marker,reconciled,0.00000000,0.00000000,0.00,false,,
1790442314.214,hud,speed,,,,,"0.0 / 0.0",0.000
1790442314.214,hud,heading,,,,,"0-¦ / 0-¦",0.000
1790442314.214,hud,drift,,,,,"0.00%",0.000
1790442314.214,hud,turns,,,,,"G£ù turns: 1/15",
1790442314.215,hud,calib_s,,,,,"G£ô Buffer 6s",
1790442314.215,marker,gnss,52.46837000,-1.48133000,343.00,true,,
1790442314.216,marker,reconciled,0.00000000,0.00000000,0.00,false,,
1790442314.266,hud,speed,,,,,"0.0 / 0.0",0.000
1790442314.267,hud,heading,,,,,"0-¦ / 0-¦",0.000
1790442314.267,hud,drift,,,,,"0.00%",0.000
1790442314.268,hud,turns,,,,,"G£ù turns: 1/15",
1790442314.268,hud,calib_s,,,,,"G£ô Buffer 6s",
1790442314.269,marker,gnss,52.46837000,-1.48133000,343.00,true,,
1790442314.270,marker,reconciled,0.00000000,0.00000000,0.00,false,,
1790442314.329,hud,speed,,,,,"0.0 / 0.0",0.000
1790442314.329,hud,heading,,,,,"0-¦ / 0-¦",0.000
1790442314.329,hud,drift,,,,,"0.00%",0.000
1790442314.330,hud,turns,,,,,"G£ù turns: 1/15",
1790442314.330,hud,calib_s,,,,,"G£ô Buffer 6s",
1790442314.331,marker,gnss,52.46837000,-1.48133000,343.00,true,,
1790442314.331,marker,reconciled,0.00000000,0.00000000,0.00,false,,
1790442314.388,hud,speed,,,,,"0.0 / 0.0",0.000
1790442314.388,hud,heading,,,,,"0-¦ / 0-¦",0.000
1790442314.389,hud,drift,,,,,"0.00%",0.000
1790442314.389,hud,turns,,,,,"G£ù turns: 1/15",
1790442314.389,hud,calib_s,,,,,"G£ô Buffer 6s",
1790442314.390,marker,gnss,52.46837000,-1.48133000,343.00,true,,
1790442314.390,marker,reconciled,0.00000000,0.00000000,0.00,false,,
1790442314.433,hud,speed,,,,,"0.0 / 0.0",0.000
1790442314.434,hud,heading,,,,,"0-¦ / 0-¦",0.000
1790442314.434,hud,drift,,,,,"0.00%",0.000
1790442314.435,hud,turns,,,,,"G£ù turns: 1/15",
1790442314.435,hud,calib_s,,,,,"G£ô Buffer 6s",
1790442314.435,marker,gnss,52.46837000,-1.48133000,343.00,true,,
1790442314.435,marker,reconciled,0.00000000,0.00000000,0.00,false,,
1790442314.482,hud,speed,,,,,"0.0 / 0.0",0.000
1790442314.483,hud,heading,,,,,"0-¦ / 0-¦",0.000
1790442314.483,hud,drift,,,,,"0.00%",0.000
1790442314.483,hud,turns,,,,,"G£ù turns: 1/15",
1790442314.483,hud,calib_s,,,,,"G£ô Buffer 6s",
1790442314.484,marker,gnss,52.46837000,-1.48133000,343.00,true,,
1790442314.484,marker,reconciled,0.00000000,0.00000000,0.00,false,,
1790442314.528,hud,speed,,,,,"0.0 / 0.0",0.000
1790442314.529,hud,heading,,,,,"0-¦ / 0-¦",0.000
1790442314.529,hud,drift,,,,,"0.00%",0.000
1790442314.529,hud,turns,,,,,"G£ù turns: 1/15",
1790442314.530,hud,calib_s,,,,,"G£ô Buffer 6s",
1790442314.530,marker,gnss,52.46837000,-1.48133000,343.00,true,,
1790442314.531,marker,reconciled,0.00000000,0.00000000,0.00,false,,
1790442314.590,hud,speed,,,,,"0.0 / 0.0",0.000
1790442314.590,hud,heading,,,,,"0-¦ / 0-¦",0.000
1790442314.591,hud,drift,,,,,"0.00%",0.000
1790442314.591,hud,turns,,,,,"G£ù turns: 1/15",
1790442314.591,hud,calib_s,,,,,"G£ô Buffer 6s",
1790442314.591,marker,gnss,52.46837000,-1.48133000,343.00,true,,
1790442314.592,marker,reconciled,0.00000000,0.00000000,0.00,false,,
1790442314.639,hud,speed,,,,,"0.0 / 0.0",0.000
1790442314.640,hud,heading,,,,,"0-¦ / 0-¦",0.000
1790442314.640,hud,drift,,,,,"0.00%",0.000
1790442314.640,hud,turns,,,,,"G£ù turns: 1/15",
1790442314.640,hud,calib_s,,,,,"G£ô Buffer 6s",
1790442314.641,marker,gnss,52.46837000,-1.48133000,343.00,true,,
1790442314.641,marker,reconciled,0.00000000,0.00000000,0.00,false,,
1790442314.673,hud,speed,,,,,"0.0 / 0.0",0.000
1790442314.673,hud,heading,,,,,"0-¦ / 0-¦",0.000
1790442314.673,hud,drift,,,,,"0.00%",0.000
1790442314.673,hud,turns,,,,,"G£ù turns: 1/15",
1790442314.673,hud,calib_s,,,,,"G£ô Buffer 6s",
1790442314.674,marker,gnss,52.46837000,-1.48133000,343.00,true,,
1790442314.674,marker,reconciled,0.00000000,0.00000000,0.00,false,,
1790442314.721,hud,speed,,,,,"0.0 / 0.0",0.000
1790442314.721,hud,heading,,,,,"0-¦ / 0-¦",0.000
1790442314.722,hud,drift,,,,,"0.00%",0.000
1790442314.722,hud,turns,,,,,"G£ù turns: 1/15",
1790442314.722,hud,calib_s,,,,,"G£ô Buffer 6s",
1790442314.723,marker,gnss,52.46837000,-1.48133000,343.00,true,,
1790442314.723,marker,reconciled,0.00000000,0.00000000,0.00,false,,
1790442314.775,hud,speed,,,,,"0.0 / 0.0",0.000
1790442314.775,hud,heading,,,,,"0-¦ / 0-¦",0.000
1790442314.776,hud,drift,,,,,"0.00%",0.000
1790442314.776,hud,turns,,,,,"G£ù turns: 1/15",
1790442314.776,hud,calib_s,,,,,"G£ô Buffer 6s",
1790442314.777,marker,gnss,52.46837000,-1.48133000,343.00,true,,
1790442314.778,marker,reconciled,0.00000000,0.00000000,0.00,false,,
1790442314.826,hud,speed,,,,,"0.0 / 0.0",0.000
1790442314.827,hud,heading,,,,,"0-¦ / 0-¦",0.000
1790442314.827,hud,drift,,,,,"0.00%",0.000
1790442314.827,hud,turns,,,,,"G£ù turns: 1/15",
1790442314.827,hud,calib_s,,,,,"G£ô Buffer 6s",
1790442314.828,marker,gnss,52.46837000,-1.48133000,343.00,true,,
1790442314.828,marker,reconciled,0.00000000,0.00000000,0.00,false,,
1790442314.880,hud,speed,,,,,"0.0 / 0.0",0.000
1790442314.880,hud,heading,,,,,"0-¦ / 0-¦",0.000
1790442314.880,hud,drift,,,,,"0.00%",0.000
1790442314.881,hud,turns,,,,,"G£ù turns: 1/15",
1790442314.881,hud,calib_s,,,,,"G£ô Buffer 6s",
1790442314.881,marker,gnss,52.46837000,-1.48133000,343.00,true,,
1790442314.882,marker,reconciled,0.00000000,0.00000000,0.00,false,,
1790442314.941,hud,speed,,,,,"0.0 / 0.0",0.000
1790442314.941,hud,heading,,,,,"0-¦ / 0-¦",0.000
1790442314.942,hud,drift,,,,,"0.00%",0.000
1790442314.942,hud,turns,,,,,"G£ù turns: 1/15",
1790442314.942,hud,calib_s,,,,,"G£ô Buffer 6s",
1790442314.943,marker,gnss,52.46837000,-1.48133000,343.00,true,,
1790442314.943,marker,reconciled,0.00000000,0.00000000,0.00,false,,
1790442314.983,hud,speed,,,,,"0.0 / 0.0",0.000
1790442314.983,hud,heading,,,,,"0-¦ / 0-¦",0.000
1790442314.983,hud,drift,,,,,"0.00%",0.000
1790442314.983,hud,turns,,,,,"G£ù turns: 1/15",
1790442314.984,hud,calib_s,,,,,"G£ô Buffer 6s",
1790442314.984,marker,gnss,52.46837000,-1.48133000,343.00,true,,
1790442314.985,marker,reconciled,0.00000000,0.00000000,0.00,false,,
1790442315.028,hud,speed,,,,,"0.0 / 0.0",0.000
1790442315.028,hud,heading,,,,,"0-¦ / 0-¦",0.000
1790442315.029,hud,drift,,,,,"0.00%",0.000
1790442315.029,hud,turns,,,,,"G£ù turns: 1/15",
1790442315.029,hud,calib_s,,,,,"G£ô Buffer 6s",
1790442315.029,marker,gnss,52.46837000,-1.48133000,343.00,true,,
1790442315.029,marker,reconciled,0.00000000,0.00000000,0.00,false,,
1790442315.080,hud,speed,,,,,"0.0 / 0.0",0.000
1790442315.080,hud,heading,,,,,"0-¦ / 0-¦",0.000
1790442315.081,hud,drift,,,,,"0.00%",0.000
1790442315.081,hud,turns,,,,,"G£ù turns: 1/15",
1790442315.081,hud,calib_s,,,,,"G£ô Buffer 6s",
1790442315.082,marker,gnss,52.46837000,-1.48133000,343.00,true,,
1790442315.082,marker,reconciled,0.00000000,0.00000000,0.00,false,,
1790442315.133,hud,speed,,,,,"0.0 / 0.0",0.000
1790442315.133,hud,heading,,,,,"0-¦ / 0-¦",0.000
1790442315.133,hud,drift,,,,,"0.00%",0.000
1790442315.134,hud,turns,,,,,"G£ù turns: 1/15",
1790442315.134,hud,calib_s,,,,,"G£ô Buffer 6s",
1790442315.135,marker,gnss,52.46837000,-1.48133000,343.00,true,,
1790442315.135,marker,reconciled,0.00000000,0.00000000,0.00,false,,
1790442315.184,hud,speed,,,,,"0.0 / 0.0",0.000
1790442315.185,hud,heading,,,,,"0-¦ / 0-¦",0.000
1790442315.185,hud,drift,,,,,"0.00%",0.000
1790442315.185,hud,turns,,,,,"G£ù turns: 1/15",
1790442315.185,hud,calib_s,,,,,"G£ô Buffer 6s",
1790442315.186,marker,gnss,52.46837000,-1.48133000,343.00,true,,
1790442315.186,marker,reconciled,0.00000000,0.00000000,0.00,false,,
1790442315.233,hud,speed,,,,,"0.0 / 0.0",0.000
1790442315.233,hud,heading,,,,,"0-¦ / 0-¦",0.000
1790442315.234,hud,drift,,,,,"0.00%",0.000
1790442315.234,hud,turns,,,,,"G£ù turns: 1/15",
1790442315.234,hud,calib_s,,,,,"G£ô Buffer 6s",
1790442315.235,marker,gnss,52.46837000,-1.48133000,343.00,true,,
1790442315.235,marker,reconciled,0.00000000,0.00000000,0.00,false,,
1790442315.285,hud,speed,,,,,"0.0 / 0.0",0.000
1790442315.285,hud,heading,,,,,"0-¦ / 0-¦",0.000
1790442315.285,hud,drift,,,,,"0.00%",0.000
1790442315.285,hud,turns,,,,,"G£ù turns: 1/15",
1790442315.286,hud,calib_s,,,,,"G£ô Buffer 6s",
1790442315.286,marker,gnss,52.46837000,-1.48133000,343.00,true,,
1790442315.286,marker,reconciled,0.00000000,0.00000000,0.00,false,,
1790442315.340,hud,speed,,,,,"0.0 / 0.0",0.000
1790442315.341,hud,heading,,,,,"0-¦ / 0-¦",0.000
1790442315.341,hud,drift,,,,,"0.00%",0.000
1790442315.341,hud,turns,,,,,"G£ù turns: 1/15",
1790442315.341,hud,calib_s,,,,,"G£ô Buffer 6s",
1790442315.342,marker,gnss,52.46837000,-1.48133000,343.00,true,,
1790442315.342,marker,reconciled,0.00000000,0.00000000,0.00,false,,
1790442315.393,hud,speed,,,,,"0.0 / 0.0",0.000
1790442315.393,hud,heading,,,,,"0-¦ / 0-¦",0.000
1790442315.394,hud,drift,,,,,"0.00%",0.000
1790442315.394,hud,turns,,,,,"G£ù turns: 1/15",
1790442315.394,hud,calib_s,,,,,"G£ô Buffer 6s",
1790442315.395,marker,gnss,52.46837000,-1.48133000,343.00,true,,
1790442315.395,marker,reconciled,0.00000000,0.00000000,0.00,false,,
1790442315.441,hud,speed,,,,,"0.0 / 0.0",0.000
1790442315.442,hud,heading,,,,,"0-¦ / 0-¦",0.000
1790442315.442,hud,drift,,,,,"0.00%",0.000
1790442315.442,hud,turns,,,,,"G£ù turns: 1/15",
1790442315.442,hud,calib_s,,,,,"G£ô Buffer 6s",
1790442315.443,marker,gnss,52.46837000,-1.48133000,343.00,true,,
1790442315.444,marker,reconciled,0.00000000,0.00000000,0.00,false,,
1790442315.492,hud,speed,,,,,"0.0 / 0.0",0.000
1790442315.493,hud,heading,,,,,"0-¦ / 0-¦",0.000
1790442315.493,hud,drift,,,,,"0.00%",0.000
1790442315.493,hud,turns,,,,,"G£ù turns: 1/15",
1790442315.493,hud,calib_s,,,,,"G£ô Buffer 6s",
1790442315.493,marker,gnss,52.46837000,-1.48133000,343.00,true,,
1790442315.494,marker,reconciled,0.00000000,0.00000000,0.00,false,,
1790442315.545,hud,speed,,,,,"0.0 / 0.0",0.000
1790442315.546,hud,heading,,,,,"0-¦ / 0-¦",0.000
1790442315.546,hud,drift,,,,,"0.00%",0.000
1790442315.546,hud,turns,,,,,"G£ù turns: 1/15",
1790442315.546,hud,calib_s,,,,,"G£ô Buffer 6s",
1790442315.547,marker,gnss,52.46837000,-1.48133000,343.00,true,,
1790442315.547,marker,reconciled,0.00000000,0.00000000,0.00,false,,
1790442315.599,hud,speed,,,,,"0.0 / 0.0",0.000
1790442315.599,hud,heading,,,,,"0-¦ / 0-¦",0.000
1790442315.600,hud,drift,,,,,"0.00%",0.000
1790442315.600,hud,turns,,,,,"G£ù turns: 1/15",
1790442315.600,hud,calib_s,,,,,"G£ô Buffer 6s",
1790442315.601,marker,gnss,52.46837000,-1.48133000,343.00,true,,
1790442315.601,marker,reconciled,0.00000000,0.00000000,0.00,false,,
1790442315.648,hud,speed,,,,,"0.0 / 0.0",0.000
1790442315.649,hud,heading,,,,,"0-¦ / 0-¦",0.000
1790442315.649,hud,drift,,,,,"0.00%",0.000
1790442315.649,hud,turns,,,,,"G£ù turns: 1/15",
1790442315.649,hud,calib_s,,,,,"G£ô Buffer 6s",
1790442315.650,marker,gnss,52.46837000,-1.48133000,343.00,true,,
1790442315.651,marker,reconciled,0.00000000,0.00000000,0.00,false,,
1790442315.699,hud,speed,,,,,"0.0 / 0.0",0.000
1790442315.699,hud,heading,,,,,"0-¦ / 0-¦",0.000
1790442315.700,hud,drift,,,,,"0.00%",0.000
1790442315.700,hud,turns,,,,,"G£ù turns: 1/15",
1790442315.700,hud,calib_s,,,,,"G£ô Buffer 6s",
1790442315.701,marker,gnss,52.46837000,-1.48133000,343.00,true,,
1790442315.701,marker,reconciled,0.00000000,0.00000000,0.00,false,,
1790442315.764,hud,speed,,,,,"0.0 / 0.0",0.000
1790442315.764,hud,heading,,,,,"0-¦ / 0-¦",0.000
1790442315.765,hud,drift,,,,,"0.00%",0.000
1790442315.765,hud,turns,,,,,"G£ù turns: 1/15",
1790442315.765,hud,calib_s,,,,,"G£ô Buffer 6s",
1790442315.766,marker,gnss,52.46837000,-1.48133000,343.00,true,,
1790442315.766,marker,reconciled,0.00000000,0.00000000,0.00,false,,
1790442315.799,hud,speed,,,,,"0.0 / 0.0",0.000
1790442315.800,hud,heading,,,,,"0-¦ / 0-¦",0.000
1790442315.800,hud,drift,,,,,"0.00%",0.000
1790442315.800,hud,turns,,,,,"G£ù turns: 1/15",
1790442315.800,hud,calib_s,,,,,"G£ô Buffer 6s",
1790442315.801,marker,gnss,52.46837000,-1.48133000,343.00,true,,
1790442315.801,marker,reconciled,0.00000000,0.00000000,0.00,false,,
1790442315.851,hud,speed,,,,,"0.0 / 0.0",0.000
1790442315.851,hud,heading,,,,,"0-¦ / 0-¦",0.000
1790442315.852,hud,drift,,,,,"0.00%",0.000
1790442315.852,hud,turns,,,,,"G£ù turns: 1/15",
1790442315.852,hud,calib_s,,,,,"G£ô Buffer 6s",
1790442315.852,marker,gnss,52.46837000,-1.48133000,343.00,true,,
1790442315.853,marker,reconciled,0.00000000,0.00000000,0.00,false,,
1790442315.908,hud,speed,,,,,"0.0 / 0.0",0.000
1790442315.908,hud,heading,,,,,"0-¦ / 0-¦",0.000
1790442315.908,hud,drift,,,,,"0.00%",0.000
1790442315.908,hud,turns,,,,,"G£ù turns: 1/15",
1790442315.908,hud,calib_s,,,,,"G£ô Buffer 6s",
1790442315.909,marker,gnss,52.46837000,-1.48133000,343.00,true,,
1790442315.909,marker,reconciled,0.00000000,0.00000000,0.00,false,,
1790442315.954,hud,speed,,,,,"0.0 / 0.0",0.000
1790442315.954,hud,heading,,,,,"0-¦ / 0-¦",0.000
1790442315.954,hud,drift,,,,,"0.00%",0.000
1790442315.955,hud,turns,,,,,"G£ù turns: 1/15",
1790442315.955,hud,calib_s,,,,,"G£ô Buffer 6s",
1790442315.955,marker,gnss,52.46837000,-1.48133000,343.00,true,,
1790442315.955,marker,reconciled,0.00000000,0.00000000,0.00,false,,
1790442316.005,hud,speed,,,,,"0.0 / 0.0",0.000
1790442316.005,hud,heading,,,,,"0-¦ / 0-¦",0.000
1790442316.005,hud,drift,,,,,"0.00%",0.000
1790442316.005,hud,turns,,,,,"G£ù turns: 1/15",
1790442316.006,hud,calib_s,,,,,"G£ô Buffer 6s",
1790442316.006,marker,gnss,52.46837000,-1.48133000,343.00,true,,
1790442316.006,marker,reconciled,0.00000000,0.00000000,0.00,false,,
1790442316.050,hud,speed,,,,,"0.0 / 0.0",0.000
1790442316.050,hud,heading,,,,,"0-¦ / 0-¦",0.000
1790442316.051,hud,drift,,,,,"0.00%",0.000
1790442316.051,hud,turns,,,,,"G£ù turns: 1/15",
1790442316.051,hud,calib_s,,,,,"G£ô Buffer 6s",
1790442316.051,marker,gnss,52.46837000,-1.48133000,343.00,true,,
1790442316.052,marker,reconciled,0.00000000,0.00000000,0.00,false,,
1790442316.109,hud,speed,,,,,"0.0 / 0.0",0.000
1790442316.110,hud,heading,,,,,"0-¦ / 0-¦",0.000
1790442316.110,hud,drift,,,,,"0.00%",0.000
1790442316.110,hud,turns,,,,,"G£ù turns: 2/15",
1790442316.111,hud,calib_s,,,,,"G£ô Buffer 6s",
1790442316.111,marker,gnss,52.46930300,-1.48086100,338.80,true,,
1790442316.111,marker,reconciled,0.00000000,0.00000000,0.00,false,,
1790442316.156,hud,speed,,,,,"0.0 / 0.0",0.000
1790442316.156,hud,heading,,,,,"0-¦ / 0-¦",0.000
1790442316.156,hud,drift,,,,,"0.00%",0.000
1790442316.157,hud,turns,,,,,"G£ù turns: 2/15",
1790442316.157,hud,calib_s,,,,,"G£ô Buffer 6s",
1790442316.157,marker,gnss,52.46930300,-1.48086100,338.80,true,,
1790442316.158,marker,reconciled,0.00000000,0.00000000,0.00,false,,
1790442316.205,hud,speed,,,,,"0.0 / 0.0",0.000
1790442316.206,hud,heading,,,,,"0-¦ / 0-¦",0.000
1790442316.206,hud,drift,,,,,"0.00%",0.000
1790442316.207,hud,turns,,,,,"G£ù turns: 2/15",
1790442316.207,hud,calib_s,,,,,"G£ô Buffer 6s",
1790442316.207,marker,gnss,52.46930300,-1.48086100,338.80,true,,
1790442316.208,marker,reconciled,0.00000000,0.00000000,0.00,false,,
1790442316.253,hud,speed,,,,,"0.0 / 0.0",0.000
1790442316.254,hud,heading,,,,,"0-¦ / 0-¦",0.000
1790442316.254,hud,drift,,,,,"0.00%",0.000
1790442316.254,hud,turns,,,,,"G£ù turns: 2/15",
1790442316.255,hud,calib_s,,,,,"G£ô Buffer 6s",
1790442316.255,marker,gnss,52.46930300,-1.48086100,338.80,true,,
1790442316.256,marker,reconciled,0.00000000,0.00000000,0.00,false,,
1790442316.306,hud,speed,,,,,"0.0 / 0.0",0.000
1790442316.307,hud,heading,,,,,"0-¦ / 0-¦",0.000
1790442316.307,hud,drift,,,,,"0.00%",0.000
1790442316.307,hud,turns,,,,,"G£ù turns: 2/15",
1790442316.307,hud,calib_s,,,,,"G£ô Buffer 6s",
1790442316.308,marker,gnss,52.46930300,-1.48086100,338.80,true,,
1790442316.308,marker,reconciled,0.00000000,0.00000000,0.00,false,,
1790442316.359,hud,speed,,,,,"0.0 / 0.0",0.000
1790442316.359,hud,heading,,,,,"0-¦ / 0-¦",0.000
1790442316.359,hud,drift,,,,,"0.00%",0.000
1790442316.360,hud,turns,,,,,"G£ù turns: 2/15",
1790442316.360,hud,calib_s,,,,,"G£ô Buffer 6s",
1790442316.360,marker,gnss,52.46930300,-1.48086100,338.80,true,,
1790442316.361,marker,reconciled,0.00000000,0.00000000,0.00,false,,
1790442316.411,hud,speed,,,,,"0.0 / 0.0",0.000
1790442316.412,hud,heading,,,,,"0-¦ / 0-¦",0.000
1790442316.412,hud,drift,,,,,"0.00%",0.000
1790442316.412,hud,turns,,,,,"G£ù turns: 2/15",
1790442316.412,hud,calib_s,,,,,"G£ô Buffer 6s",
1790442316.413,marker,gnss,52.46930300,-1.48086100,338.80,true,,
1790442316.413,marker,reconciled,0.00000000,0.00000000,0.00,false,,
1790442316.461,hud,speed,,,,,"0.0 / 0.0",0.000
1790442316.461,hud,heading,,,,,"0-¦ / 0-¦",0.000
1790442316.462,hud,drift,,,,,"0.00%",0.000
1790442316.462,hud,turns,,,,,"G£ù turns: 2/15",
1790442316.462,hud,calib_s,,,,,"G£ô Buffer 6s",
1790442316.463,marker,gnss,52.46930300,-1.48086100,338.80,true,,
1790442316.463,marker,reconciled,0.00000000,0.00000000,0.00,false,,
1790442316.515,hud,speed,,,,,"0.0 / 0.0",0.000
1790442316.515,hud,heading,,,,,"0-¦ / 0-¦",0.000
1790442316.516,hud,drift,,,,,"0.00%",0.000
1790442316.516,hud,turns,,,,,"G£ù turns: 2/15",
1790442316.516,hud,calib_s,,,,,"G£ô Buffer 6s",
1790442316.517,marker,gnss,52.46930300,-1.48086100,338.80,true,,
1790442316.517,marker,reconciled,0.00000000,0.00000000,0.00,false,,
1790442316.565,hud,speed,,,,,"0.0 / 0.0",0.000
1790442316.566,hud,heading,,,,,"0-¦ / 0-¦",0.000
1790442316.566,hud,drift,,,,,"0.00%",0.000
1790442316.566,hud,turns,,,,,"G£ù turns: 2/15",
1790442316.567,hud,calib_s,,,,,"G£ô Buffer 6s",
1790442316.567,marker,gnss,52.46930300,-1.48086100,338.80,true,,
1790442316.568,marker,reconciled,0.00000000,0.00000000,0.00,false,,
1790442316.617,hud,speed,,,,,"0.0 / 0.0",0.000
1790442316.618,hud,heading,,,,,"0-¦ / 0-¦",0.000
1790442316.618,hud,drift,,,,,"0.00%",0.000
1790442316.619,hud,turns,,,,,"G£ù turns: 2/15",
1790442316.619,hud,calib_s,,,,,"G£ô Buffer 6s",
1790442316.619,marker,gnss,52.46930300,-1.48086100,338.80,true,,
1790442316.620,marker,reconciled,0.00000000,0.00000000,0.00,false,,
1790442316.669,hud,speed,,,,,"0.0 / 0.0",0.000
1790442316.669,hud,heading,,,,,"0-¦ / 0-¦",0.000
1790442316.670,hud,drift,,,,,"0.00%",0.000
1790442316.670,hud,turns,,,,,"G£ù turns: 2/15",
1790442316.670,hud,calib_s,,,,,"G£ô Buffer 6s",
1790442316.671,marker,gnss,52.46930300,-1.48086100,338.80,true,,
1790442316.671,marker,reconciled,0.00000000,0.00000000,0.00,false,,
1790442316.722,hud,speed,,,,,"0.0 / 0.0",0.000
1790442316.722,hud,heading,,,,,"0-¦ / 0-¦",0.000
1790442316.723,hud,drift,,,,,"0.00%",0.000
1790442316.723,hud,turns,,,,,"G£ù turns: 2/15",
1790442316.723,hud,calib_s,,,,,"G£ô Buffer 6s",
1790442316.724,marker,gnss,52.46930300,-1.48086100,338.80,true,,
1790442316.724,marker,reconciled,0.00000000,0.00000000,0.00,false,,
1790442316.773,hud,speed,,,,,"0.0 / 0.0",0.000
1790442316.774,hud,heading,,,,,"0-¦ / 0-¦",0.000
1790442316.774,hud,drift,,,,,"0.00%",0.000
1790442316.775,hud,turns,,,,,"G£ù turns: 2/15",
1790442316.775,hud,calib_s,,,,,"G£ô Buffer 6s",
1790442316.776,marker,gnss,52.46930300,-1.48086100,338.80,true,,
1790442316.776,marker,reconciled,0.00000000,0.00000000,0.00,false,,
1790442316.825,hud,speed,,,,,"0.0 / 0.0",0.000
1790442316.825,hud,heading,,,,,"0-¦ / 0-¦",0.000
1790442316.825,hud,drift,,,,,"0.00%",0.000
1790442316.826,hud,turns,,,,,"G£ù turns: 2/15",
1790442316.826,hud,calib_s,,,,,"G£ô Buffer 6s",
1790442316.827,marker,gnss,52.46930300,-1.48086100,338.80,true,,
1790442316.827,marker,reconciled,0.00000000,0.00000000,0.00,false,,
1790442316.876,hud,speed,,,,,"0.0 / 0.0",0.000
1790442316.877,hud,heading,,,,,"0-¦ / 0-¦",0.000
1790442316.877,hud,drift,,,,,"0.00%",0.000
1790442316.877,hud,turns,,,,,"G£ù turns: 2/15",
1790442316.877,hud,calib_s,,,,,"G£ô Buffer 6s",
1790442316.878,marker,gnss,52.46930300,-1.48086100,338.80,true,,
1790442316.879,marker,reconciled,0.00000000,0.00000000,0.00,false,,
1790442316.930,hud,speed,,,,,"0.0 / 0.0",0.000
1790442316.930,hud,heading,,,,,"0-¦ / 0-¦",0.000
1790442316.931,hud,drift,,,,,"0.00%",0.000
1790442316.931,hud,turns,,,,,"G£ù turns: 2/15",
1790442316.931,hud,calib_s,,,,,"G£ô Buffer 6s",
1790442316.932,marker,gnss,52.46930300,-1.48086100,338.80,true,,
1790442316.932,marker,reconciled,0.00000000,0.00000000,0.00,false,,
1790442316.978,hud,speed,,,,,"0.0 / 0.0",0.000
1790442316.978,hud,heading,,,,,"0-¦ / 0-¦",0.000
1790442316.979,hud,drift,,,,,"0.00%",0.000
1790442316.979,hud,turns,,,,,"G£ù turns: 2/15",
1790442316.979,hud,calib_s,,,,,"G£ô Buffer 6s",
1790442316.980,marker,gnss,52.46930300,-1.48086100,338.80,true,,
1790442316.980,marker,reconciled,0.00000000,0.00000000,0.00,false,,
1790442317.031,hud,speed,,,,,"0.0 / 0.0",0.000
1790442317.032,hud,heading,,,,,"0-¦ / 0-¦",0.000
1790442317.032,hud,drift,,,,,"0.00%",0.000
1790442317.033,hud,turns,,,,,"G£ù turns: 2/15",
1790442317.033,hud,calib_s,,,,,"G£ô Buffer 6s",
1790442317.033,marker,gnss,52.46930300,-1.48086100,338.80,true,,
1790442317.034,marker,reconciled,0.00000000,0.00000000,0.00,false,,
1790442317.083,hud,speed,,,,,"0.0 / 0.0",0.000
1790442317.083,hud,heading,,,,,"0-¦ / 0-¦",0.000
1790442317.083,hud,drift,,,,,"0.00%",0.000
1790442317.084,hud,turns,,,,,"G£ù turns: 2/15",
1790442317.084,hud,calib_s,,,,,"G£ô Buffer 6s",
1790442317.084,marker,gnss,52.46930300,-1.48086100,338.80,true,,
1790442317.085,marker,reconciled,0.00000000,0.00000000,0.00,false,,
1790442317.135,hud,speed,,,,,"0.0 / 0.0",0.000
1790442317.135,hud,heading,,,,,"0-¦ / 0-¦",0.000
1790442317.136,hud,drift,,,,,"0.00%",0.000
1790442317.136,hud,turns,,,,,"G£ù turns: 2/15",
1790442317.136,hud,calib_s,,,,,"G£ô Buffer 6s",
1790442317.137,marker,gnss,52.46930300,-1.48086100,338.80,true,,
1790442317.137,marker,reconciled,0.00000000,0.00000000,0.00,false,,
1790442317.192,hud,speed,,,,,"0.0 / 0.0",0.000
1790442317.192,hud,heading,,,,,"0-¦ / 0-¦",0.000
1790442317.192,hud,drift,,,,,"0.00%",0.000
1790442317.192,hud,turns,,,,,"G£ù turns: 2/15",
1790442317.192,hud,calib_s,,,,,"G£ô Buffer 6s",
1790442317.193,marker,gnss,52.46930300,-1.48086100,338.80,true,,
1790442317.193,marker,reconciled,0.00000000,0.00000000,0.00,false,,
1790442317.237,hud,speed,,,,,"0.0 / 0.0",0.000
1790442317.237,hud,heading,,,,,"0-¦ / 0-¦",0.000
1790442317.238,hud,drift,,,,,"0.00%",0.000
1790442317.238,hud,turns,,,,,"G£ù turns: 2/15",
1790442317.238,hud,calib_s,,,,,"G£ô Buffer 6s",
1790442317.239,marker,gnss,52.46930300,-1.48086100,338.80,true,,
1790442317.239,marker,reconciled,0.00000000,0.00000000,0.00,false,,
1790442317.287,hud,speed,,,,,"0.0 / 0.0",0.000
1790442317.288,hud,heading,,,,,"0-¦ / 0-¦",0.000
1790442317.288,hud,drift,,,,,"0.00%",0.000
1790442317.288,hud,turns,,,,,"G£ù turns: 2/15",
1790442317.288,hud,calib_s,,,,,"G£ô Buffer 6s",
1790442317.289,marker,gnss,52.46930300,-1.48086100,338.80,true,,
1790442317.289,marker,reconciled,0.00000000,0.00000000,0.00,false,,
1790442317.337,hud,speed,,,,,"0.0 / 0.0",0.000
1790442317.337,hud,heading,,,,,"0-¦ / 0-¦",0.000
1790442317.337,hud,drift,,,,,"0.00%",0.000
1790442317.338,hud,turns,,,,,"G£ù turns: 2/15",
1790442317.338,hud,calib_s,,,,,"G£ô Buffer 6s",
1790442317.338,marker,gnss,52.46930300,-1.48086100,338.80,true,,
1790442317.338,marker,reconciled,0.00000000,0.00000000,0.00,false,,
1790442317.387,hud,speed,,,,,"0.0 / 0.0",0.000
1790442317.387,hud,heading,,,,,"0-¦ / 0-¦",0.000
1790442317.387,hud,drift,,,,,"0.00%",0.000
1790442317.387,hud,turns,,,,,"G£ù turns: 2/15",
1790442317.388,hud,calib_s,,,,,"G£ô Buffer 6s",
1790442317.388,marker,gnss,52.46930300,-1.48086100,338.80,true,,
1790442317.389,marker,reconciled,0.00000000,0.00000000,0.00,false,,
1790442317.444,hud,speed,,,,,"0.0 / 0.0",0.000
1790442317.444,hud,heading,,,,,"0-¦ / 0-¦",0.000
1790442317.444,hud,drift,,,,,"0.00%",0.000
1790442317.445,hud,turns,,,,,"G£ù turns: 2/15",
1790442317.445,hud,calib_s,,,,,"G£ô Buffer 6s",
1790442317.445,marker,gnss,52.46930300,-1.48086100,338.80,true,,
1790442317.446,marker,reconciled,0.00000000,0.00000000,0.00,false,,
1790442317.491,hud,speed,,,,,"0.0 / 0.0",0.000
1790442317.491,hud,heading,,,,,"0-¦ / 0-¦",0.000
1790442317.492,hud,drift,,,,,"0.00%",0.000
1790442317.492,hud,turns,,,,,"G£ù turns: 2/15",
1790442317.492,hud,calib_s,,,,,"G£ô Buffer 6s",
1790442317.492,marker,gnss,52.46930300,-1.48086100,338.80,true,,
1790442317.493,marker,reconciled,0.00000000,0.00000000,0.00,false,,
1790442317.542,hud,speed,,,,,"0.0 / 0.0",0.000
1790442317.543,hud,heading,,,,,"0-¦ / 0-¦",0.000
1790442317.543,hud,drift,,,,,"0.00%",0.000
1790442317.544,hud,turns,,,,,"G£ù turns: 2/15",
1790442317.544,hud,calib_s,,,,,"G£ô Buffer 6s",
1790442317.546,marker,gnss,52.46930300,-1.48086100,338.80,true,,
1790442317.546,marker,reconciled,0.00000000,0.00000000,0.00,false,,
1790442317.594,hud,speed,,,,,"0.0 / 0.0",0.000
1790442317.595,hud,heading,,,,,"0-¦ / 0-¦",0.000
1790442317.595,hud,drift,,,,,"0.00%",0.000
1790442317.595,hud,turns,,,,,"G£ù turns: 2/15",
1790442317.596,hud,calib_s,,,,,"G£ô Buffer 6s",
1790442317.596,marker,gnss,52.46930300,-1.48086100,338.80,true,,
1790442317.596,marker,reconciled,0.00000000,0.00000000,0.00,false,,
1790442317.643,hud,speed,,,,,"0.0 / 0.0",0.000
1790442317.644,hud,heading,,,,,"0-¦ / 0-¦",0.000
1790442317.644,hud,drift,,,,,"0.00%",0.000
1790442317.644,hud,turns,,,,,"G£ù turns: 2/15",
1790442317.644,hud,calib_s,,,,,"G£ô Buffer 6s",
1790442317.645,marker,gnss,52.46930300,-1.48086100,338.80,true,,
1790442317.645,marker,reconciled,0.00000000,0.00000000,0.00,false,,
1790442317.696,hud,speed,,,,,"0.0 / 0.0",0.000
1790442317.697,hud,heading,,,,,"0-¦ / 0-¦",0.000
1790442317.697,hud,drift,,,,,"0.00%",0.000
1790442317.697,hud,turns,,,,,"G£ù turns: 2/15",
1790442317.697,hud,calib_s,,,,,"G£ô Buffer 6s",
1790442317.698,marker,gnss,52.46930300,-1.48086100,338.80,true,,
1790442317.699,marker,reconciled,0.00000000,0.00000000,0.00,false,,
1790442317.746,hud,speed,,,,,"0.0 / 0.0",0.000
1790442317.746,hud,heading,,,,,"0-¦ / 0-¦",0.000
1790442317.747,hud,drift,,,,,"0.00%",0.000
1790442317.747,hud,turns,,,,,"G£ù turns: 2/15",
1790442317.747,hud,calib_s,,,,,"G£ô Buffer 6s",
1790442317.748,marker,gnss,52.46930300,-1.48086100,338.80,true,,
1790442317.748,marker,reconciled,0.00000000,0.00000000,0.00,false,,
1790442317.797,hud,speed,,,,,"0.0 / 0.0",0.000
1790442317.797,hud,heading,,,,,"0-¦ / 0-¦",0.000
1790442317.797,hud,drift,,,,,"0.00%",0.000
1790442317.798,hud,turns,,,,,"G£ù turns: 2/15",
1790442317.798,hud,calib_s,,,,,"G£ô Buffer 6s",
1790442317.799,marker,gnss,52.46930300,-1.48086100,338.80,true,,
1790442317.799,marker,reconciled,0.00000000,0.00000000,0.00,false,,
1790442317.850,hud,speed,,,,,"0.0 / 0.0",0.000
1790442317.851,hud,heading,,,,,"0-¦ / 0-¦",0.000
1790442317.851,hud,drift,,,,,"0.00%",0.000
1790442317.852,hud,turns,,,,,"G£ù turns: 2/15",
1790442317.852,hud,calib_s,,,,,"G£ô Buffer 6s",
1790442317.852,marker,gnss,52.46930300,-1.48086100,338.80,true,,
1790442317.853,marker,reconciled,0.00000000,0.00000000,0.00,false,,
1790442317.898,hud,speed,,,,,"0.0 / 0.0",0.000
1790442317.899,hud,heading,,,,,"0-¦ / 0-¦",0.000
1790442317.899,hud,drift,,,,,"0.00%",0.000
1790442317.899,hud,turns,,,,,"G£ù turns: 2/15",
1790442317.900,hud,calib_s,,,,,"G£ô Buffer 6s",
1790442317.900,marker,gnss,52.46930300,-1.48086100,338.80,true,,
1790442317.901,marker,reconciled,0.00000000,0.00000000,0.00,false,,
1790442317.952,hud,speed,,,,,"0.0 / 0.0",0.000
1790442317.952,hud,heading,,,,,"0-¦ / 0-¦",0.000
1790442317.952,hud,drift,,,,,"0.00%",0.000
1790442317.953,hud,turns,,,,,"G£ù turns: 2/15",
1790442317.953,hud,calib_s,,,,,"G£ô Buffer 6s",
1790442317.953,marker,gnss,52.46930300,-1.48086100,338.80,true,,
1790442317.954,marker,reconciled,0.00000000,0.00000000,0.00,false,,
1790442318.001,hud,speed,,,,,"0.0 / 0.0",0.000
1790442318.002,hud,heading,,,,,"0-¦ / 0-¦",0.000
1790442318.002,hud,drift,,,,,"0.00%",0.000
1790442318.002,hud,turns,,,,,"G£ù turns: 2/15",
1790442318.003,hud,calib_s,,,,,"G£ô Buffer 6s",
1790442318.003,marker,gnss,52.46930300,-1.48086100,338.80,true,,
1790442318.003,marker,reconciled,0.00000000,0.00000000,0.00,false,,
1790442318.052,hud,speed,,,,,"0.0 / 0.0",0.000
1790442318.052,hud,heading,,,,,"0-¦ / 0-¦",0.000
1790442318.053,hud,drift,,,,,"0.00%",0.000
1790442318.053,hud,turns,,,,,"G£ù turns: 2/15",
1790442318.053,hud,calib_s,,,,,"G£ô Buffer 6s",
1790442318.054,marker,gnss,52.46930300,-1.48086100,338.80,true,,
1790442318.054,marker,reconciled,0.00000000,0.00000000,0.00,false,,
1790442318.106,hud,speed,,,,,"0.0 / 0.0",0.000
1790442318.106,hud,heading,,,,,"0-¦ / 0-¦",0.000
1790442318.107,hud,drift,,,,,"0.00%",0.000
1790442318.107,hud,turns,,,,,"G£ù turns: 2/15",
1790442318.108,hud,calib_s,,,,,"G£ô Buffer 6s",
1790442318.108,marker,gnss,52.46930300,-1.48086100,338.80,true,,
1790442318.109,marker,reconciled,0.00000000,0.00000000,0.00,false,,
1790442318.155,hud,speed,,,,,"0.0 / 0.0",0.000
1790442318.155,hud,heading,,,,,"0-¦ / 0-¦",0.000
1790442318.156,hud,drift,,,,,"0.00%",0.000
1790442318.156,hud,turns,,,,,"G£ù turns: 2/15",
1790442318.156,hud,calib_s,,,,,"G£ô Buffer 6s",
1790442318.157,marker,gnss,52.46930300,-1.48086100,338.80,true,,
1790442318.157,marker,reconciled,0.00000000,0.00000000,0.00,false,,
1790442318.209,hud,speed,,,,,"0.0 / 0.0",0.000
1790442318.209,hud,heading,,,,,"0-¦ / 0-¦",0.000
1790442318.209,hud,drift,,,,,"0.00%",0.000
1790442318.209,hud,turns,,,,,"G£ù turns: 2/15",
1790442318.210,hud,calib_s,,,,,"G£ô Buffer 6s",
1790442318.210,marker,gnss,52.46930300,-1.48086100,338.80,true,,
1790442318.211,marker,reconciled,0.00000000,0.00000000,0.00,false,,
1790442318.257,hud,speed,,,,,"0.0 / 0.0",0.000
1790442318.257,hud,heading,,,,,"0-¦ / 0-¦",0.000
1790442318.257,hud,drift,,,,,"0.00%",0.000
1790442318.257,hud,turns,,,,,"G£ù turns: 2/15",
1790442318.257,hud,calib_s,,,,,"G£ô Buffer 6s",
1790442318.258,marker,gnss,52.46930300,-1.48086100,338.80,true,,
1790442318.258,marker,reconciled,0.00000000,0.00000000,0.00,false,,
1790442318.309,hud,speed,,,,,"0.0 / 0.0",0.000
1790442318.309,hud,heading,,,,,"0-¦ / 0-¦",0.000
1790442318.310,hud,drift,,,,,"0.00%",0.000
1790442318.310,hud,turns,,,,,"G£ù turns: 2/15",
1790442318.311,hud,calib_s,,,,,"G£ô Buffer 6s",
1790442318.311,marker,gnss,52.46930300,-1.48086100,338.80,true,,
1790442318.312,marker,reconciled,0.00000000,0.00000000,0.00,false,,
1790442318.361,hud,speed,,,,,"0.0 / 0.0",0.000
1790442318.361,hud,heading,,,,,"0-¦ / 0-¦",0.000
1790442318.361,hud,drift,,,,,"0.00%",0.000
1790442318.362,hud,turns,,,,,"G£ù turns: 2/15",
1790442318.362,hud,calib_s,,,,,"G£ô Buffer 6s",
1790442318.362,marker,gnss,52.46930300,-1.48086100,338.80,true,,
1790442318.363,marker,reconciled,0.00000000,0.00000000,0.00,false,,
1790442318.413,hud,speed,,,,,"0.0 / 0.0",0.000
1790442318.413,hud,heading,,,,,"0-¦ / 0-¦",0.000
1790442318.414,hud,drift,,,,,"0.00%",0.000
1790442318.414,hud,turns,,,,,"G£ù turns: 2/15",
1790442318.414,hud,calib_s,,,,,"G£ô Buffer 6s",
1790442318.415,marker,gnss,52.46930300,-1.48086100,338.80,true,,
1790442318.416,marker,reconciled,0.00000000,0.00000000,0.00,false,,
1790442318.464,hud,speed,,,,,"0.0 / 0.0",0.000
1790442318.465,hud,heading,,,,,"0-¦ / 0-¦",0.000
1790442318.465,hud,drift,,,,,"0.00%",0.000
1790442318.465,hud,turns,,,,,"G£ù turns: 2/15",
1790442318.465,hud,calib_s,,,,,"G£ô Buffer 6s",
1790442318.466,marker,gnss,52.46930300,-1.48086100,338.80,true,,
1790442318.467,marker,reconciled,0.00000000,0.00000000,0.00,false,,
1790442318.515,hud,speed,,,,,"0.0 / 0.0",0.000
1790442318.515,hud,heading,,,,,"0-¦ / 0-¦",0.000
1790442318.516,hud,drift,,,,,"0.00%",0.000
1790442318.516,hud,turns,,,,,"G£ù turns: 2/15",
1790442318.516,hud,calib_s,,,,,"G£ô Buffer 6s",
1790442318.517,marker,gnss,52.46930300,-1.48086100,338.80,true,,
1790442318.517,marker,reconciled,0.00000000,0.00000000,0.00,false,,
1790442318.565,hud,speed,,,,,"0.0 / 0.0",0.000
1790442318.565,hud,heading,,,,,"0-¦ / 0-¦",0.000
1790442318.566,hud,drift,,,,,"0.00%",0.000
1790442318.566,hud,turns,,,,,"G£ù turns: 2/15",
1790442318.566,hud,calib_s,,,,,"G£ô Buffer 6s",
1790442318.567,marker,gnss,52.46930300,-1.48086100,338.80,true,,
1790442318.567,marker,reconciled,0.00000000,0.00000000,0.00,false,,
1790442318.617,hud,speed,,,,,"0.0 / 0.0",0.000
1790442318.618,hud,heading,,,,,"0-¦ / 0-¦",0.000
1790442318.618,hud,drift,,,,,"0.00%",0.000
1790442318.619,hud,turns,,,,,"G£ù turns: 2/15",
1790442318.619,hud,calib_s,,,,,"G£ô Buffer 6s",
1790442318.620,marker,gnss,52.46930300,-1.48086100,338.80,true,,
1790442318.620,marker,reconciled,0.00000000,0.00000000,0.00,false,,
1790442318.668,hud,speed,,,,,"0.0 / 0.0",0.000
1790442318.669,hud,heading,,,,,"0-¦ / 0-¦",0.000
1790442318.669,hud,drift,,,,,"0.00%",0.000
1790442318.669,hud,turns,,,,,"G£ù turns: 2/15",
1790442318.669,hud,calib_s,,,,,"G£ô Buffer 6s",
1790442318.670,marker,gnss,52.46930300,-1.48086100,338.80,true,,
1790442318.670,marker,reconciled,0.00000000,0.00000000,0.00,false,,
1790442318.724,hud,speed,,,,,"0.0 / 0.0",0.000
1790442318.724,hud,heading,,,,,"0-¦ / 0-¦",0.000
1790442318.725,hud,drift,,,,,"0.00%",0.000
1790442318.725,hud,turns,,,,,"G£ù turns: 2/15",
1790442318.725,hud,calib_s,,,,,"G£ô Buffer 6s",
1790442318.726,marker,gnss,52.46930300,-1.48086100,338.80,true,,
1790442318.726,marker,reconciled,0.00000000,0.00000000,0.00,false,,
1790442318.771,hud,speed,,,,,"0.0 / 0.0",0.000
1790442318.771,hud,heading,,,,,"0-¦ / 0-¦",0.000
1790442318.772,hud,drift,,,,,"0.00%",0.000
1790442318.772,hud,turns,,,,,"G£ù turns: 2/15",
1790442318.772,hud,calib_s,,,,,"G£ô Buffer 6s",
1790442318.773,marker,gnss,52.46930300,-1.48086100,338.80,true,,
1790442318.773,marker,reconciled,0.00000000,0.00000000,0.00,false,,
1790442318.822,hud,speed,,,,,"0.0 / 0.0",0.000
1790442318.822,hud,heading,,,,,"0-¦ / 0-¦",0.000
1790442318.822,hud,drift,,,,,"0.00%",0.000
1790442318.823,hud,turns,,,,,"G£ù turns: 2/15",
1790442318.823,hud,calib_s,,,,,"G£ô Buffer 6s",
1790442318.824,marker,gnss,52.46930300,-1.48086100,338.80,true,,
1790442318.824,marker,reconciled,0.00000000,0.00000000,0.00,false,,
1790442318.875,hud,speed,,,,,"0.0 / 0.0",0.000
1790442318.875,hud,heading,,,,,"0-¦ / 0-¦",0.000
1790442318.876,hud,drift,,,,,"0.00%",0.000
1790442318.876,hud,turns,,,,,"G£ù turns: 2/15",
1790442318.876,hud,calib_s,,,,,"G£ô Buffer 6s",
1790442318.877,marker,gnss,52.46930300,-1.48086100,338.80,true,,
1790442318.877,marker,reconciled,0.00000000,0.00000000,0.00,false,,
1790442318.925,hud,speed,,,,,"0.0 / 0.0",0.000
1790442318.926,hud,heading,,,,,"0-¦ / 0-¦",0.000
1790442318.926,hud,drift,,,,,"0.00%",0.000
1790442318.927,hud,turns,,,,,"G£ù turns: 2/15",
1790442318.927,hud,calib_s,,,,,"G£ô Buffer 6s",
1790442318.928,marker,gnss,52.46930300,-1.48086100,338.80,true,,
1790442318.928,marker,reconciled,0.00000000,0.00000000,0.00,false,,
1790442318.982,hud,speed,,,,,"0.0 / 0.0",0.000
1790442318.983,hud,heading,,,,,"0-¦ / 0-¦",0.000
1790442318.983,hud,drift,,,,,"0.00%",0.000
1790442318.983,hud,turns,,,,,"G£ù turns: 2/15",
1790442318.983,hud,calib_s,,,,,"G£ô Buffer 6s",
1790442318.984,marker,gnss,52.46930300,-1.48086100,338.80,true,,
1790442318.985,marker,reconciled,0.00000000,0.00000000,0.00,false,,
1790442319.032,hud,speed,,,,,"0.0 / 0.0",0.000
1790442319.032,hud,heading,,,,,"0-¦ / 0-¦",0.000
1790442319.032,hud,drift,,,,,"0.00%",0.000
1790442319.033,hud,turns,,,,,"G£ù turns: 2/15",
1790442319.033,hud,calib_s,,,,,"G£ô Buffer 6s",
1790442319.033,marker,gnss,52.46930300,-1.48086100,338.80,true,,
1790442319.034,marker,reconciled,0.00000000,0.00000000,0.00,false,,
1790442319.078,hud,speed,,,,,"0.0 / 0.0",0.000
1790442319.078,hud,heading,,,,,"0-¦ / 0-¦",0.000
1790442319.078,hud,drift,,,,,"0.00%",0.000
1790442319.079,hud,turns,,,,,"G£ù turns: 2/15",
1790442319.079,hud,calib_s,,,,,"G£ô Buffer 6s",
1790442319.079,marker,gnss,52.46930300,-1.48086100,338.80,true,,
1790442319.080,marker,reconciled,0.00000000,0.00000000,0.00,false,,
1790442319.130,hud,speed,,,,,"0.0 / 0.0",0.000
1790442319.130,hud,heading,,,,,"0-¦ / 0-¦",0.000
1790442319.131,hud,drift,,,,,"0.00%",0.000
1790442319.131,hud,turns,,,,,"G£ù turns: 2/15",
1790442319.131,hud,calib_s,,,,,"G£ô Buffer 6s",
1790442319.131,marker,gnss,52.46930300,-1.48086100,338.80,true,,
1790442319.132,marker,reconciled,0.00000000,0.00000000,0.00,false,,
1790442319.181,hud,speed,,,,,"0.0 / 0.0",0.000
1790442319.181,hud,heading,,,,,"0-¦ / 0-¦",0.000
1790442319.182,hud,drift,,,,,"0.00%",0.000
1790442319.182,hud,turns,,,,,"G£ù turns: 2/15",
1790442319.182,hud,calib_s,,,,,"G£ô Buffer 6s",
1790442319.183,marker,gnss,52.46930300,-1.48086100,338.80,true,,
1790442319.183,marker,reconciled,0.00000000,0.00000000,0.00,false,,
1790442319.236,hud,speed,,,,,"0.0 / 0.0",0.000
1790442319.237,hud,heading,,,,,"0-¦ / 0-¦",0.000
1790442319.237,hud,drift,,,,,"0.00%",0.000
1790442319.237,hud,turns,,,,,"G£ù turns: 2/15",
1790442319.237,hud,calib_s,,,,,"G£ô Buffer 6s",
1790442319.238,marker,gnss,52.46930300,-1.48086100,338.80,true,,
1790442319.239,marker,reconciled,0.00000000,0.00000000,0.00,false,,
1790442319.284,hud,speed,,,,,"0.0 / 0.0",0.000
1790442319.284,hud,heading,,,,,"0-¦ / 0-¦",0.000
1790442319.284,hud,drift,,,,,"0.00%",0.000
1790442319.285,hud,turns,,,,,"G£ù turns: 2/15",
1790442319.285,hud,calib_s,,,,,"G£ô Buffer 6s",
1790442319.285,marker,gnss,52.46930300,-1.48086100,338.80,true,,
1790442319.286,marker,reconciled,0.00000000,0.00000000,0.00,false,,
1790442319.333,hud,speed,,,,,"0.0 / 0.0",0.000
1790442319.333,hud,heading,,,,,"0-¦ / 0-¦",0.000
1790442319.334,hud,drift,,,,,"0.00%",0.000
1790442319.334,hud,turns,,,,,"G£ù turns: 2/15",
1790442319.334,hud,calib_s,,,,,"G£ô Buffer 6s",
1790442319.335,marker,gnss,52.46930300,-1.48086100,338.80,true,,
1790442319.335,marker,reconciled,0.00000000,0.00000000,0.00,false,,
1790442319.387,hud,speed,,,,,"0.0 / 0.0",0.000
1790442319.388,hud,heading,,,,,"0-¦ / 0-¦",0.000
1790442319.388,hud,drift,,,,,"0.00%",0.000
1790442319.388,hud,turns,,,,,"G£ù turns: 2/15",
1790442319.389,hud,calib_s,,,,,"G£ô Buffer 6s",
1790442319.389,marker,gnss,52.46930300,-1.48086100,338.80,true,,
1790442319.390,marker,reconciled,0.00000000,0.00000000,0.00,false,,
1790442319.436,hud,speed,,,,,"0.0 / 0.0",0.000
1790442319.436,hud,heading,,,,,"0-¦ / 0-¦",0.000
1790442319.437,hud,drift,,,,,"0.00%",0.000
1790442319.437,hud,turns,,,,,"G£ù turns: 2/15",
1790442319.437,hud,calib_s,,,,,"G£ô Buffer 6s",
1790442319.438,marker,gnss,52.46930300,-1.48086100,338.80,true,,
1790442319.438,marker,reconciled,0.00000000,0.00000000,0.00,false,,
1790442319.489,hud,speed,,,,,"0.0 / 0.0",0.000
1790442319.489,hud,heading,,,,,"0-¦ / 0-¦",0.000
1790442319.490,hud,drift,,,,,"0.00%",0.000
1790442319.490,hud,turns,,,,,"G£ù turns: 2/15",
1790442319.491,hud,calib_s,,,,,"G£ô Buffer 6s",
1790442319.491,marker,gnss,52.46930300,-1.48086100,338.80,true,,
1790442319.492,marker,reconciled,0.00000000,0.00000000,0.00,false,,
1790442319.538,hud,speed,,,,,"0.0 / 0.0",0.000
1790442319.538,hud,heading,,,,,"0-¦ / 0-¦",0.000
1790442319.538,hud,drift,,,,,"0.00%",0.000
1790442319.539,hud,turns,,,,,"G£ù turns: 2/15",
1790442319.539,hud,calib_s,,,,,"G£ô Buffer 6s",
1790442319.539,marker,gnss,52.46930300,-1.48086100,338.80,true,,
1790442319.540,marker,reconciled,0.00000000,0.00000000,0.00,false,,
1790442319.594,hud,speed,,,,,"0.0 / 0.0",0.000
1790442319.595,hud,heading,,,,,"0-¦ / 0-¦",0.000
1790442319.595,hud,drift,,,,,"0.00%",0.000
1790442319.596,hud,turns,,,,,"G£ù turns: 2/15",
1790442319.596,hud,calib_s,,,,,"G£ô Buffer 6s",
1790442319.597,marker,gnss,52.46930300,-1.48086100,338.80,true,,
1790442319.598,marker,reconciled,0.00000000,0.00000000,0.00,false,,
1790442319.643,hud,speed,,,,,"0.0 / 0.0",0.000
1790442319.643,hud,heading,,,,,"0-¦ / 0-¦",0.000
1790442319.643,hud,drift,,,,,"0.00%",0.000
1790442319.644,hud,turns,,,,,"G£ù turns: 2/15",
1790442319.644,hud,calib_s,,,,,"G£ô Buffer 6s",
1790442319.645,marker,gnss,52.46930300,-1.48086100,338.80,true,,
1790442319.645,marker,reconciled,0.00000000,0.00000000,0.00,false,,
1790442319.699,hud,speed,,,,,"0.0 / 0.0",0.000
1790442319.700,hud,heading,,,,,"0-¦ / 0-¦",0.000
1790442319.700,hud,drift,,,,,"0.00%",0.000
1790442319.700,hud,turns,,,,,"G£ù turns: 2/15",
1790442319.701,hud,calib_s,,,,,"G£ô Buffer 6s",
1790442319.701,marker,gnss,52.46930300,-1.48086100,338.80,true,,
1790442319.702,marker,reconciled,0.00000000,0.00000000,0.00,false,,
1790442319.748,hud,speed,,,,,"0.0 / 0.0",0.000
1790442319.748,hud,heading,,,,,"0-¦ / 0-¦",0.000
1790442319.748,hud,drift,,,,,"0.00%",0.000
1790442319.749,hud,turns,,,,,"G£ù turns: 2/15",
1790442319.749,hud,calib_s,,,,,"G£ô Buffer 6s",
1790442319.749,marker,gnss,52.46930300,-1.48086100,338.80,true,,
1790442319.750,marker,reconciled,0.00000000,0.00000000,0.00,false,,
1790442319.799,hud,speed,,,,,"0.0 / 0.0",0.000
1790442319.800,hud,heading,,,,,"0-¦ / 0-¦",0.000
1790442319.800,hud,drift,,,,,"0.00%",0.000
1790442319.800,hud,turns,,,,,"G£ù turns: 2/15",
1790442319.800,hud,calib_s,,,,,"G£ô Buffer 6s",
1790442319.801,marker,gnss,52.46930300,-1.48086100,338.80,true,,
1790442319.801,marker,reconciled,0.00000000,0.00000000,0.00,false,,
1790442319.848,hud,speed,,,,,"0.0 / 0.0",0.000
1790442319.848,hud,heading,,,,,"0-¦ / 0-¦",0.000
1790442319.848,hud,drift,,,,,"0.00%",0.000
1790442319.849,hud,turns,,,,,"G£ù turns: 2/15",
1790442319.849,hud,calib_s,,,,,"G£ô Buffer 6s",
1790442319.849,marker,gnss,52.46930300,-1.48086100,338.80,true,,
1790442319.850,marker,reconciled,0.00000000,0.00000000,0.00,false,,
1790442319.901,hud,speed,,,,,"0.0 / 0.0",0.000
1790442319.901,hud,heading,,,,,"0-¦ / 0-¦",0.000
1790442319.902,hud,drift,,,,,"0.00%",0.000
1790442319.902,hud,turns,,,,,"G£ù turns: 2/15",
1790442319.902,hud,calib_s,,,,,"G£ô Buffer 6s",
1790442319.903,marker,gnss,52.46930300,-1.48086100,338.80,true,,
1790442319.904,marker,reconciled,0.00000000,0.00000000,0.00,false,,
1790442319.951,hud,speed,,,,,"0.0 / 0.0",0.000
1790442319.951,hud,heading,,,,,"0-¦ / 0-¦",0.000
1790442319.952,hud,drift,,,,,"0.00%",0.000
1790442319.952,hud,turns,,,,,"G£ù turns: 2/15",
1790442319.952,hud,calib_s,,,,,"G£ô Buffer 6s",
1790442319.953,marker,gnss,52.46930300,-1.48086100,338.80,true,,
1790442319.953,marker,reconciled,0.00000000,0.00000000,0.00,false,,
1790442320.005,hud,speed,,,,,"0.0 / 0.0",0.000
1790442320.006,hud,heading,,,,,"0-¦ / 0-¦",0.000
1790442320.006,hud,drift,,,,,"0.00%",0.000
1790442320.006,hud,turns,,,,,"G£ù turns: 2/15",
1790442320.007,hud,calib_s,,,,,"G£ô Buffer 6s",
1790442320.007,marker,gnss,52.46930300,-1.48086100,338.80,true,,
1790442320.008,marker,reconciled,0.00000000,0.00000000,0.00,false,,
1790442320.061,hud,speed,,,,,"0.0 / 0.0",0.000
1790442320.061,hud,heading,,,,,"0-¦ / 0-¦",0.000
1790442320.062,hud,drift,,,,,"0.00%",0.000
1790442320.062,hud,turns,,,,,"G£ù turns: 2/15",
1790442320.062,hud,calib_s,,,,,"G£ô Buffer 6s",
1790442320.063,marker,gnss,52.46930300,-1.48086100,338.80,true,,
1790442320.063,marker,reconciled,0.00000000,0.00000000,0.00,false,,
1790442320.115,hud,speed,,,,,"0.0 / 0.0",0.000
1790442320.115,hud,heading,,,,,"0-¦ / 0-¦",0.000
1790442320.116,hud,drift,,,,,"0.00%",0.000
1790442320.116,hud,turns,,,,,"G£ù turns: 2/15",
1790442320.116,hud,calib_s,,,,,"G£ô Buffer 6s",
1790442320.117,marker,gnss,52.46930300,-1.48086100,338.80,true,,
1790442320.117,marker,reconciled,0.00000000,0.00000000,0.00,false,,
1790442320.162,hud,speed,,,,,"0.0 / 0.0",0.000
1790442320.163,hud,heading,,,,,"0-¦ / 0-¦",0.000
1790442320.163,hud,drift,,,,,"0.00%",0.000
1790442320.163,hud,turns,,,,,"G£ù turns: 2/15",
1790442320.164,hud,calib_s,,,,,"G£ô Buffer 6s",
1790442320.164,marker,gnss,52.46930300,-1.48086100,338.80,true,,
1790442320.164,marker,reconciled,0.00000000,0.00000000,0.00,false,,
1790442320.216,hud,speed,,,,,"0.0 / 0.0",0.000
1790442320.216,hud,heading,,,,,"0-¦ / 0-¦",0.000
1790442320.217,hud,drift,,,,,"0.00%",0.000
1790442320.217,hud,turns,,,,,"G£ù turns: 2/15",
1790442320.217,hud,calib_s,,,,,"G£ô Buffer 6s",
1790442320.217,marker,gnss,52.46930300,-1.48086100,338.80,true,,
1790442320.218,marker,reconciled,0.00000000,0.00000000,0.00,false,,
1790442320.268,hud,speed,,,,,"0.0 / 0.0",0.000
1790442320.269,hud,heading,,,,,"0-¦ / 0-¦",0.000
1790442320.269,hud,drift,,,,,"0.00%",0.000
1790442320.269,hud,turns,,,,,"G£ù turns: 2/15",
1790442320.269,hud,calib_s,,,,,"G£ô Buffer 6s",
1790442320.270,marker,gnss,52.46930300,-1.48086100,338.80,true,,
1790442320.270,marker,reconciled,0.00000000,0.00000000,0.00,false,,
1790442320.317,hud,speed,,,,,"0.0 / 0.0",0.000
1790442320.318,hud,heading,,,,,"0-¦ / 0-¦",0.000
1790442320.318,hud,drift,,,,,"0.00%",0.000
1790442320.318,hud,turns,,,,,"G£ù turns: 2/15",
1790442320.319,hud,calib_s,,,,,"G£ô Buffer 6s",
1790442320.319,marker,gnss,52.46930300,-1.48086100,338.80,true,,
1790442320.320,marker,reconciled,0.00000000,0.00000000,0.00,false,,
1790442320.369,hud,speed,,,,,"0.0 / 0.0",0.000
1790442320.369,hud,heading,,,,,"0-¦ / 0-¦",0.000
1790442320.369,hud,drift,,,,,"0.00%",0.000
1790442320.370,hud,turns,,,,,"G£ù turns: 2/15",
1790442320.370,hud,calib_s,,,,,"G£ô Buffer 6s",
1790442320.370,marker,gnss,52.46930300,-1.48086100,338.80,true,,
1790442320.371,marker,reconciled,0.00000000,0.00000000,0.00,false,,
1790442320.423,hud,speed,,,,,"0.0 / 0.0",0.000
1790442320.423,hud,heading,,,,,"0-¦ / 0-¦",0.000
1790442320.424,hud,drift,,,,,"0.00%",0.000
1790442320.424,hud,turns,,,,,"G£ù turns: 2/15",
1790442320.424,hud,calib_s,,,,,"G£ô Buffer 6s",
1790442320.425,marker,gnss,52.46930300,-1.48086100,338.80,true,,
1790442320.425,marker,reconciled,0.00000000,0.00000000,0.00,false,,
1790442320.471,hud,speed,,,,,"0.0 / 0.0",0.000
1790442320.471,hud,heading,,,,,"0-¦ / 0-¦",0.000
1790442320.471,hud,drift,,,,,"0.00%",0.000
1790442320.472,hud,turns,,,,,"G£ù turns: 2/15",
1790442320.472,hud,calib_s,,,,,"G£ô Buffer 6s",
1790442320.472,marker,gnss,52.46930300,-1.48086100,338.80,true,,
1790442320.473,marker,reconciled,0.00000000,0.00000000,0.00,false,,
1790442320.526,hud,speed,,,,,"0.0 / 0.0",0.000
1790442320.526,hud,heading,,,,,"0-¦ / 0-¦",0.000
1790442320.527,hud,drift,,,,,"0.00%",0.000
1790442320.527,hud,turns,,,,,"G£ù turns: 2/15",
1790442320.527,hud,calib_s,,,,,"G£ô Buffer 6s",
1790442320.528,marker,gnss,52.46930300,-1.48086100,338.80,true,,
1790442320.528,marker,reconciled,0.00000000,0.00000000,0.00,false,,
1790442320.573,hud,speed,,,,,"0.0 / 0.0",0.000
1790442320.574,hud,heading,,,,,"0-¦ / 0-¦",0.000
1790442320.574,hud,drift,,,,,"0.00%",0.000
1790442320.574,hud,turns,,,,,"G£ù turns: 2/15",
1790442320.575,hud,calib_s,,,,,"G£ô Buffer 6s",
1790442320.575,marker,gnss,52.46930300,-1.48086100,338.80,true,,
1790442320.576,marker,reconciled,0.00000000,0.00000000,0.00,false,,
1790442320.628,hud,speed,,,,,"0.0 / 0.0",0.000
1790442320.628,hud,heading,,,,,"0-¦ / 0-¦",0.000
1790442320.628,hud,drift,,,,,"0.00%",0.000
1790442320.628,hud,turns,,,,,"G£ù turns: 2/15",
1790442320.629,hud,calib_s,,,,,"G£ô Buffer 6s",
1790442320.629,marker,gnss,52.46930300,-1.48086100,338.80,true,,
1790442320.629,marker,reconciled,0.00000000,0.00000000,0.00,false,,
1790442320.677,hud,speed,,,,,"0.0 / 0.0",0.000
1790442320.678,hud,heading,,,,,"0-¦ / 0-¦",0.000
1790442320.678,hud,drift,,,,,"0.00%",0.000
1790442320.678,hud,turns,,,,,"G£ù turns: 2/15",
1790442320.678,hud,calib_s,,,,,"G£ô Buffer 6s",
1790442320.679,marker,gnss,52.46930300,-1.48086100,338.80,true,,
1790442320.679,marker,reconciled,0.00000000,0.00000000,0.00,false,,
1790442320.777,hud,speed,,,,,"6.4 / 12.0",6.380
1790442320.778,hud,heading,,,,,"24-¦ / 37-¦",23.800
1790442320.778,hud,drift,,,,,"36.37%",36.370
1790442320.778,hud,turns,,,,,"G£ù turns: 3/15",
1790442320.779,hud,calib_s,,,,,"G£ô Buffer 6s",
1790442320.779,marker,gnss,52.47016500,-1.48031300,322.70,true,,
1790442320.780,marker,dr,52.47017654,-1.48030408,336.20,true,,
1790442320.781,marker,reconciled,0.00000000,0.00000000,0.00,false,,
1790442320.819,hud,speed,,,,,"4.1 / 12.0",4.130
1790442320.819,hud,heading,,,,,"24-¦ / 37-¦",24.000
1790442320.820,hud,drift,,,,,"68.29%",68.290
1790442320.820,hud,turns,,,,,"G£ù turns: 3/15",
1790442320.820,hud,calib_s,,,,,"G£ô Buffer 6s",
1790442320.821,marker,gnss,52.47016500,-1.48031300,322.70,true,,
1790442320.821,marker,dr,52.47017995,-1.48030169,336.00,true,,
1790442320.822,marker,reconciled,0.00000000,0.00000000,0.00,false,,
1790442320.865,hud,speed,,,,,"3.2 / 12.0",3.240
1790442320.865,hud,heading,,,,,"24-¦ / 37-¦",24.300
1790442320.866,hud,drift,,,,,"114.08%",114.080
1790442320.866,hud,turns,,,,,"G£ù turns: 3/15",
1790442320.866,hud,calib_s,,,,,"G£ô Buffer 6s",
1790442320.867,marker,gnss,52.47016500,-1.48031300,322.70,true,,
1790442320.867,marker,dr,52.47018266,-1.48029982,335.70,true,,
1790442320.868,marker,reconciled,0.00000000,0.00000000,0.00,false,,
1790442320.912,hud,speed,,,,,"2.8 / 12.0",2.750
1790442320.912,hud,heading,,,,,"24-¦ / 37-¦",24.100
1790442320.912,hud,drift,,,,,"151.06%",151.060
1790442320.912,hud,turns,,,,,"G£ù turns: 3/15",
1790442320.913,hud,calib_s,,,,,"G£ô Buffer 6s",
1790442320.913,marker,gnss,52.47016500,-1.48031300,322.70,true,,
1790442320.914,marker,dr,52.47018495,-1.48029828,335.90,true,,
1790442320.914,marker,reconciled,0.00000000,0.00000000,0.00,false,,
1790442320.957,hud,speed,,,,,"1.8 / 12.0",1.790
1790442320.957,hud,heading,,,,,"24-¦ / 37-¦",24.400
1790442320.957,hud,drift,,,,,"192.13%",192.130
1790442320.957,hud,turns,,,,,"G£ù turns: 3/15",
1790442320.958,hud,calib_s,,,,,"G£ô Buffer 6s",
1790442320.958,marker,gnss,52.47016500,-1.48031300,322.70,true,,
1790442320.959,marker,dr,52.47018645,-1.48029733,335.60,true,,
1790442320.959,marker,reconciled,0.00000000,0.00000000,0.00,false,,
1790442321.002,hud,speed,,,,,"1.2 / 12.0",1.180
1790442321.002,hud,heading,,,,,"24-¦ / 37-¦",24.200
1790442321.003,hud,drift,,,,,"236.59%",236.590
1790442321.003,hud,turns,,,,,"G£ù turns: 3/15",
1790442321.003,hud,calib_s,,,,,"G£ô Buffer 6s",
1790442321.003,marker,gnss,52.47016500,-1.48031300,322.70,true,,
1790442321.004,marker,dr,52.47018748,-1.48029695,335.80,true,,
1790442321.004,marker,reconciled,0.00000000,0.00000000,0.00,false,,
1790442321.053,hud,speed,,,,,"1.0 / 12.0",1.000
1790442321.053,hud,heading,,,,,"25-¦ / 37-¦",24.500
1790442321.053,hud,drift,,,,,"279.26%",279.260
1790442321.054,hud,turns,,,,,"G£ù turns: 3/15",
1790442321.054,hud,calib_s,,,,,"G£ô Buffer 6s",
1790442321.054,marker,gnss,52.47016500,-1.48031300,322.70,true,,
1790442321.055,marker,dr,52.47018836,-1.48029665,335.50,true,,
1790442321.055,marker,reconciled,0.00000000,0.00000000,0.00,false,,
1790442321.101,hud,speed,,,,,"0.7 / 12.0",0.710
1790442321.102,hud,heading,,,,,"25-¦ / 37-¦",24.600
1790442321.102,hud,drift,,,,,"323.21%",323.210
1790442321.102,hud,turns,,,,,"G£ù turns: 3/15",
1790442321.102,hud,calib_s,,,,,"G£ô Buffer 6s",
1790442321.103,marker,gnss,52.47016500,-1.48031300,322.70,true,,
1790442321.103,marker,dr,52.47018899,-1.48029650,335.40,true,,
1790442321.104,marker,reconciled,0.00000000,0.00000000,0.00,false,,
1790442321.154,hud,speed,,,,,"0.5 / 12.0",0.500
1790442321.155,hud,heading,,,,,"25-¦ / 37-¦",24.700
1790442321.155,hud,drift,,,,,"369.15%",369.150
1790442321.155,hud,turns,,,,,"G£ù turns: 3/15",
1790442321.156,hud,calib_s,,,,,"G£ô Buffer 6s",
1790442321.156,marker,gnss,52.47016500,-1.48031300,322.70,true,,
1790442321.157,marker,dr,52.47018943,-1.48029637,335.30,true,,
1790442321.157,marker,reconciled,0.00000000,0.00000000,0.00,false,,
1790442321.205,hud,speed,,,,,"0.3 / 12.0",0.310
1790442321.206,hud,heading,,,,,"25-¦ / 37-¦",25.100
1790442321.206,hud,drift,,,,,"417.79%",417.790
1790442321.206,hud,turns,,,,,"G£ù turns: 3/15",
1790442321.207,hud,calib_s,,,,,"G£ô Buffer 6s",
1790442321.207,marker,gnss,52.47016500,-1.48031300,322.70,true,,
1790442321.208,marker,dr,52.47018971,-1.48029630,334.90,true,,
1790442321.208,marker,reconciled,0.00000000,0.00000000,0.00,false,,
1790442321.257,hud,speed,,,,,"0.3 / 12.0",0.310
1790442321.258,hud,heading,,,,,"25-¦ / 37-¦",24.800
1790442321.258,hud,drift,,,,,"464.33%",464.330
1790442321.258,hud,turns,,,,,"G£ù turns: 3/15",
1790442321.259,hud,calib_s,,,,,"G£ô Buffer 6s",
1790442321.259,marker,gnss,52.47016500,-1.48031300,322.70,true,,
1790442321.260,marker,dr,52.47018998,-1.48029626,335.20,true,,
1790442321.260,marker,reconciled,0.00000000,0.00000000,0.00,false,,
1790442321.309,hud,speed,,,,,"0.0 / 12.0",0.000
1790442321.310,hud,heading,,,,,"25-¦ / 37-¦",25.100
1790442321.310,hud,drift,,,,,"518.26%",518.260
1790442321.310,hud,turns,,,,,"G£ù turns: 3/15",
1790442321.311,hud,calib_s,,,,,"G£ô Buffer 6s",
1790442321.311,marker,gnss,52.47016500,-1.48031300,322.70,true,,
1790442321.312,marker,dr,52.47018998,-1.48029626,334.90,true,,
1790442321.313,marker,reconciled,0.00000000,0.00000000,0.00,false,,
1790442321.360,hud,speed,,,,,"0.2 / 12.0",0.230
1790442321.361,hud,heading,,,,,"25-¦ / 37-¦",24.800
1790442321.361,hud,drift,,,,,"81.40%",81.400
1790442321.361,hud,turns,,,,,"G£ù turns: 3/15",
1790442321.361,hud,calib_s,,,,,"G£ô Buffer 6s",
1790442321.362,marker,gnss,52.47016500,-1.48031300,322.70,true,,
1790442321.363,marker,dr,52.47019016,-1.48029608,335.20,true,,
1790442321.363,marker,reconciled,0.00000000,0.00000000,0.00,false,,
1790442321.412,hud,speed,,,,,"0.0 / 12.0",0.000
1790442321.413,hud,heading,,,,,"25-¦ / 37-¦",25.100
1790442321.413,hud,drift,,,,,"82.71%",82.710
1790442321.413,hud,turns,,,,,"G£ù turns: 3/15",
1790442321.413,hud,calib_s,,,,,"G£ô Buffer 6s",
1790442321.414,marker,gnss,52.47016500,-1.48031300,322.70,true,,
1790442321.415,marker,dr,52.47019016,-1.48029608,334.90,true,,
1790442321.415,marker,reconciled,0.00000000,0.00000000,0.00,false,,
1790442321.461,hud,speed,,,,,"0.0 / 12.0",0.000
1790442321.462,hud,heading,,,,,"25-¦ / 37-¦",25.200
1790442321.462,hud,drift,,,,,"83.86%",83.860
1790442321.462,hud,turns,,,,,"G£ù turns: 3/15",
1790442321.462,hud,calib_s,,,,,"G£ô Buffer 6s",
1790442321.463,marker,gnss,52.47016500,-1.48031300,322.70,true,,
1790442321.464,marker,dr,52.47019016,-1.48029608,334.80,true,,
1790442321.464,marker,reconciled,0.00000000,0.00000000,0.00,false,,
1790442321.514,hud,speed,,,,,"0.0 / 12.0",0.000
1790442321.514,hud,heading,,,,,"25-¦ / 37-¦",25.300
1790442321.514,hud,drift,,,,,"84.85%",84.850
1790442321.514,hud,turns,,,,,"G£ù turns: 3/15",
1790442321.515,hud,calib_s,,,,,"G£ô Buffer 6s",
1790442321.515,marker,gnss,52.47016500,-1.48031300,322.70,true,,
1790442321.516,marker,dr,52.47019016,-1.48029608,334.70,true,,
1790442321.516,marker,reconciled,0.00000000,0.00000000,0.00,false,,
1790442321.560,hud,speed,,,,,"0.0 / 12.0",0.000
1790442321.561,hud,heading,,,,,"25-¦ / 37-¦",25.300
1790442321.561,hud,drift,,,,,"85.75%",85.750
1790442321.561,hud,turns,,,,,"G£ù turns: 3/15",
1790442321.561,hud,calib_s,,,,,"G£ô Buffer 6s",
1790442321.562,marker,gnss,52.47016500,-1.48031300,322.70,true,,
1790442321.563,marker,dr,52.47019016,-1.48029608,334.70,true,,
1790442321.563,marker,reconciled,0.00000000,0.00000000,0.00,false,,
1790442321.613,hud,speed,,,,,"0.0 / 12.0",0.000
1790442321.614,hud,heading,,,,,"25-¦ / 37-¦",25.100
1790442321.614,hud,drift,,,,,"86.53%",86.530
1790442321.614,hud,turns,,,,,"G£ù turns: 3/15",
1790442321.615,hud,calib_s,,,,,"G£ô Buffer 6s",
1790442321.615,marker,gnss,52.47016500,-1.48031300,322.70,true,,
1790442321.616,marker,dr,52.47019016,-1.48029608,334.90,true,,
1790442321.616,marker,reconciled,0.00000000,0.00000000,0.00,false,,
1790442321.666,hud,speed,,,,,"0.0 / 12.0",0.000
1790442321.666,hud,heading,,,,,"26-¦ / 37-¦",25.500
1790442321.666,hud,drift,,,,,"87.23%",87.230
1790442321.667,hud,turns,,,,,"G£ù turns: 3/15",
1790442321.667,hud,calib_s,,,,,"G£ô Buffer 6s",
1790442321.667,marker,gnss,52.47016500,-1.48031300,322.70,true,,
1790442321.668,marker,dr,52.47019016,-1.48029608,334.50,true,,
1790442321.668,marker,reconciled,0.00000000,0.00000000,0.00,false,,
1790442321.719,hud,speed,,,,,"0.0 / 12.0",0.000
1790442321.719,hud,heading,,,,,"25-¦ / 37-¦",25.300
1790442321.719,hud,drift,,,,,"87.87%",87.870
1790442321.720,hud,turns,,,,,"G£ù turns: 3/15",
1790442321.720,hud,calib_s,,,,,"G£ô Buffer 6s",
1790442321.721,marker,gnss,52.47016500,-1.48031300,322.70,true,,
1790442321.721,marker,dr,52.47019016,-1.48029608,334.70,true,,
1790442321.722,marker,reconciled,0.00000000,0.00000000,0.00,false,,
1790442321.772,hud,speed,,,,,"0.0 / 12.0",0.000
1790442321.772,hud,heading,,,,,"25-¦ / 37-¦",25.400
1790442321.773,hud,drift,,,,,"88.45%",88.450
1790442321.773,hud,turns,,,,,"G£ù turns: 3/15",
1790442321.773,hud,calib_s,,,,,"G£ô Buffer 6s",
1790442321.774,marker,gnss,52.47016500,-1.48031300,322.70,true,,
1790442321.774,marker,dr,52.47019016,-1.48029608,334.60,true,,
1790442321.775,marker,reconciled,0.00000000,0.00000000,0.00,false,,
1790442321.822,hud,speed,,,,,"0.0 / 12.0",0.000
1790442321.822,hud,heading,,,,,"26-¦ / 37-¦",25.500
1790442321.823,hud,drift,,,,,"88.97%",88.970
1790442321.823,hud,turns,,,,,"G£ù turns: 3/15",
1790442321.823,hud,calib_s,,,,,"G£ô Buffer 6s",
1790442321.824,marker,gnss,52.47016500,-1.48031300,322.70,true,,
1790442321.824,marker,dr,52.47019016,-1.48029608,334.50,true,,
1790442321.825,marker,reconciled,0.00000000,0.00000000,0.00,false,,
1790442321.870,hud,speed,,,,,"0.0 / 12.0",0.000
1790442321.870,hud,heading,,,,,"26-¦ / 37-¦",25.700
1790442321.870,hud,drift,,,,,"89.45%",89.450
1790442321.870,hud,turns,,,,,"G£ù turns: 3/15",
1790442321.871,hud,calib_s,,,,,"G£ô Buffer 6s",
1790442321.871,marker,gnss,52.47016500,-1.48031300,322.70,true,,
1790442321.872,marker,dr,52.47019016,-1.48029608,334.30,true,,
1790442321.872,marker,reconciled,0.00000000,0.00000000,0.00,false,,
1790442321.923,hud,speed,,,,,"0.0 / 12.0",0.000
1790442321.924,hud,heading,,,,,"26-¦ / 37-¦",25.500
1790442321.924,hud,drift,,,,,"89.88%",89.880
1790442321.924,hud,turns,,,,,"G£ù turns: 3/15",
1790442321.924,hud,calib_s,,,,,"G£ô Buffer 6s",
1790442321.925,marker,gnss,52.47016500,-1.48031300,322.70,true,,
1790442321.926,marker,dr,52.47019016,-1.48029608,334.50,true,,
1790442321.926,marker,reconciled,0.00000000,0.00000000,0.00,false,,
1790442321.972,hud,speed,,,,,"0.0 / 12.0",0.000
1790442321.973,hud,heading,,,,,"26-¦ / 37-¦",25.900
1790442321.973,hud,drift,,,,,"90.29%",90.290
1790442321.973,hud,turns,,,,,"G£ù turns: 3/15",
1790442321.973,hud,calib_s,,,,,"G£ô Buffer 6s",
1790442321.974,marker,gnss,52.47016500,-1.48031300,322.70,true,,
1790442321.974,marker,dr,52.47019016,-1.48029608,334.10,true,,
1790442321.975,marker,reconciled,0.00000000,0.00000000,0.00,false,,
1790442322.027,hud,speed,,,,,"0.0 / 12.0",0.000
1790442322.027,hud,heading,,,,,"27-¦ / 37-¦",26.600
1790442322.028,hud,drift,,,,,"90.66%",90.660
1790442322.028,hud,turns,,,,,"G£ù turns: 3/15",
1790442322.028,hud,calib_s,,,,,"G£ô Buffer 6s",
1790442322.029,marker,gnss,52.47016500,-1.48031300,322.70,true,,
1790442322.029,marker,dr,52.47019016,-1.48029608,333.40,true,,
1790442322.029,marker,reconciled,0.00000000,0.00000000,0.00,false,,
1790442322.076,hud,speed,,,,,"0.0 / 12.0",0.000
1790442322.077,hud,heading,,,,,"27-¦ / 37-¦",26.900
1790442322.077,hud,drift,,,,,"91.00%",91.000
1790442322.077,hud,turns,,,,,"G£ù turns: 3/15",
1790442322.077,hud,calib_s,,,,,"G£ô Buffer 6s",
1790442322.078,marker,gnss,52.47016500,-1.48031300,322.70,true,,
1790442322.079,marker,dr,52.47019016,-1.48029608,333.10,true,,
1790442322.079,marker,reconciled,0.00000000,0.00000000,0.00,false,,
1790442322.129,hud,speed,,,,,"0.0 / 12.0",0.000
1790442322.129,hud,heading,,,,,"27-¦ / 37-¦",27.200
1790442322.129,hud,drift,,,,,"91.33%",91.330
1790442322.130,hud,turns,,,,,"G£ù turns: 3/15",
1790442322.130,hud,calib_s,,,,,"G£ô Buffer 6s",
1790442322.130,marker,gnss,52.47016500,-1.48031300,322.70,true,,
1790442322.131,marker,dr,52.47019016,-1.48029608,332.80,true,,
1790442322.132,marker,reconciled,0.00000000,0.00000000,0.00,false,,
1790442322.179,hud,speed,,,,,"0.0 / 12.0",0.000
1790442322.179,hud,heading,,,,,"27-¦ / 37-¦",27.400
1790442322.180,hud,drift,,,,,"91.62%",91.620
1790442322.180,hud,turns,,,,,"G£ù turns: 3/15",
1790442322.180,hud,calib_s,,,,,"G£ô Buffer 6s",
1790442322.181,marker,gnss,52.47016500,-1.48031300,322.70,true,,
1790442322.181,marker,dr,52.47019016,-1.48029608,332.60,true,,
1790442322.182,marker,reconciled,0.00000000,0.00000000,0.00,false,,
1790442322.229,hud,speed,,,,,"0.0 / 12.0",0.000
1790442322.229,hud,heading,,,,,"28-¦ / 37-¦",27.700
1790442322.229,hud,drift,,,,,"91.90%",91.900
1790442322.229,hud,turns,,,,,"G£ù turns: 3/15",
1790442322.229,hud,calib_s,,,,,"G£ô Buffer 6s",
1790442322.230,marker,gnss,52.47016500,-1.48031300,322.70,true,,
1790442322.231,marker,dr,52.47019016,-1.48029608,332.30,true,,
1790442322.231,marker,reconciled,0.00000000,0.00000000,0.00,false,,
1790442322.284,hud,speed,,,,,"0.0 / 12.0",0.000
1790442322.285,hud,heading,,,,,"28-¦ / 37-¦",27.600
1790442322.285,hud,drift,,,,,"92.16%",92.160
1790442322.285,hud,turns,,,,,"G£ù turns: 3/15",
1790442322.286,hud,calib_s,,,,,"G£ô Buffer 6s",
1790442322.286,marker,gnss,52.47016500,-1.48031300,322.70,true,,
1790442322.287,marker,dr,52.47019016,-1.48029608,332.40,true,,
1790442322.287,marker,reconciled,0.00000000,0.00000000,0.00,false,,
1790442322.333,hud,speed,,,,,"0.0 / 12.0",0.000
1790442322.334,hud,heading,,,,,"28-¦ / 37-¦",28.100
1790442322.334,hud,drift,,,,,"92.41%",92.410
1790442322.335,hud,turns,,,,,"G£ù turns: 3/15",
1790442322.335,hud,calib_s,,,,,"G£ô Buffer 6s",
1790442322.336,marker,gnss,52.47016500,-1.48031300,322.70,true,,
1790442322.336,marker,dr,52.47019016,-1.48029608,331.90,true,,
1790442322.337,marker,reconciled,0.00000000,0.00000000,0.00,false,,
1790442322.386,hud,speed,,,,,"0.0 / 12.0",0.000
1790442322.387,hud,heading,,,,,"29-¦ / 37-¦",28.600
1790442322.387,hud,drift,,,,,"92.63%",92.630
1790442322.387,hud,turns,,,,,"G£ù turns: 3/15",
1790442322.388,hud,calib_s,,,,,"G£ô Buffer 6s",
1790442322.388,marker,gnss,52.47016500,-1.48031300,322.70,true,,
1790442322.389,marker,dr,52.47019016,-1.48029608,331.40,true,,
1790442322.389,marker,reconciled,0.00000000,0.00000000,0.00,false,,
1790442322.437,hud,speed,,,,,"0.0 / 12.0",0.000
1790442322.437,hud,heading,,,,,"29-¦ / 37-¦",28.500
1790442322.437,hud,drift,,,,,"92.85%",92.850
1790442322.438,hud,turns,,,,,"G£ù turns: 3/15",
1790442322.438,hud,calib_s,,,,,"G£ô Buffer 6s",
1790442322.439,marker,gnss,52.47016500,-1.48031300,322.70,true,,
1790442322.439,marker,dr,52.47019016,-1.48029608,331.50,true,,
1790442322.440,marker,reconciled,0.00000000,0.00000000,0.00,false,,
1790442322.486,hud,speed,,,,,"0.0 / 12.0",0.000
1790442322.486,hud,heading,,,,,"28-¦ / 37-¦",28.400
1790442322.486,hud,drift,,,,,"93.06%",93.060
1790442322.487,hud,turns,,,,,"G£ù turns: 3/15",
1790442322.487,hud,calib_s,,,,,"G£ô Buffer 6s",
1790442322.487,marker,gnss,52.47016500,-1.48031300,322.70,true,,
1790442322.488,marker,dr,52.47019016,-1.48029608,331.60,true,,
1790442322.488,marker,reconciled,0.00000000,0.00000000,0.00,false,,
1790442322.540,hud,speed,,,,,"0.0 / 12.0",0.000
1790442322.540,hud,heading,,,,,"29-¦ / 37-¦",28.700
1790442322.540,hud,drift,,,,,"93.25%",93.250
1790442322.541,hud,turns,,,,,"G£ù turns: 3/15",
1790442322.541,hud,calib_s,,,,,"G£ô Buffer 6s",
1790442322.541,marker,gnss,52.47016500,-1.48031300,322.70,true,,
1790442322.542,marker,dr,52.47019016,-1.48029608,331.30,true,,
1790442322.543,marker,reconciled,0.00000000,0.00000000,0.00,false,,
1790442322.589,hud,speed,,,,,"0.0 / 12.0",0.000
1790442322.589,hud,heading,,,,,"29-¦ / 37-¦",28.800
1790442322.590,hud,drift,,,,,"93.43%",93.430
1790442322.590,hud,turns,,,,,"G£ù turns: 3/15",
1790442322.590,hud,calib_s,,,,,"G£ô Buffer 6s",
1790442322.591,marker,gnss,52.47016500,-1.48031300,322.70,true,,
1790442322.592,marker,dr,52.47019016,-1.48029608,331.20,true,,
1790442322.592,marker,reconciled,0.00000000,0.00000000,0.00,false,,
1790442322.640,hud,speed,,,,,"0.0 / 12.0",0.000
1790442322.641,hud,heading,,,,,"29-¦ / 37-¦",28.900
1790442322.641,hud,drift,,,,,"93.60%",93.600
1790442322.641,hud,turns,,,,,"G£ù turns: 3/15",
1790442322.641,hud,calib_s,,,,,"G£ô Buffer 6s",
1790442322.642,marker,gnss,52.47016500,-1.48031300,322.70,true,,
1790442322.643,marker,dr,52.47019016,-1.48029608,331.10,true,,
1790442322.643,marker,reconciled,0.00000000,0.00000000,0.00,false,,
1790442322.692,hud,speed,,,,,"0.0 / 12.0",0.000
1790442322.692,hud,heading,,,,,"29-¦ / 37-¦",29.200
1790442322.692,hud,drift,,,,,"93.77%",93.770
1790442322.693,hud,turns,,,,,"G£ù turns: 3/15",
1790442322.693,hud,calib_s,,,,,"G£ô Buffer 6s",
1790442322.693,marker,gnss,52.47016500,-1.48031300,322.70,true,,
1790442322.694,marker,dr,52.47019016,-1.48029608,330.80,true,,
1790442322.695,marker,reconciled,0.00000000,0.00000000,0.00,false,,
1790442322.745,hud,speed,,,,,"0.0 / 12.0",0.000
1790442322.745,hud,heading,,,,,"29-¦ / 37-¦",29.100
1790442322.746,hud,drift,,,,,"93.92%",93.920
1790442322.746,hud,turns,,,,,"G£ù turns: 3/15",
1790442322.746,hud,calib_s,,,,,"G£ô Buffer 6s",
1790442322.747,marker,gnss,52.47016500,-1.48031300,322.70,true,,
1790442322.748,marker,dr,52.47019016,-1.48029608,330.90,true,,
1790442322.748,marker,reconciled,0.00000000,0.00000000,0.00,false,,
1790442322.798,hud,speed,,,,,"0.0 / 12.0",0.000
1790442322.798,hud,heading,,,,,"29-¦ / 37-¦",29.300
1790442322.799,hud,drift,,,,,"94.07%",94.070
1790442322.799,hud,turns,,,,,"G£ù turns: 3/15",
1790442322.799,hud,calib_s,,,,,"G£ô Buffer 6s",
1790442322.800,marker,gnss,52.47016500,-1.48031300,322.70,true,,
1790442322.800,marker,dr,52.47019016,-1.48029608,330.70,true,,
1790442322.800,marker,reconciled,0.00000000,0.00000000,0.00,false,,
1790442322.844,hud,speed,,,,,"0.0 / 12.0",0.000
1790442322.844,hud,heading,,,,,"29-¦ / 37-¦",29.200
1790442322.844,hud,drift,,,,,"94.21%",94.210
1790442322.844,hud,turns,,,,,"G£ù turns: 3/15",
1790442322.845,hud,calib_s,,,,,"G£ô Buffer 6s",
1790442322.845,marker,gnss,52.47016500,-1.48031300,322.70,true,,
1790442322.845,marker,dr,52.47019016,-1.48029608,330.80,true,,
1790442322.845,marker,reconciled,0.00000000,0.00000000,0.00,false,,
1790442322.897,hud,speed,,,,,"0.0 / 12.0",0.000
1790442322.897,hud,heading,,,,,"30-¦ / 37-¦",29.500
1790442322.897,hud,drift,,,,,"94.34%",94.340
1790442322.898,hud,turns,,,,,"G£ù turns: 3/15",
1790442322.898,hud,calib_s,,,,,"G£ô Buffer 6s",
1790442322.899,marker,gnss,52.47016500,-1.48031300,322.70,true,,
1790442322.899,marker,dr,52.47019016,-1.48029608,330.50,true,,
1790442322.900,marker,reconciled,0.00000000,0.00000000,0.00,false,,
1790442322.949,hud,speed,,,,,"0.0 / 12.0",0.000
1790442322.949,hud,heading,,,,,"30-¦ / 37-¦",29.500
1790442322.949,hud,drift,,,,,"94.47%",94.470
1790442322.950,hud,turns,,,,,"G£ù turns: 3/15",
1790442322.950,hud,calib_s,,,,,"G£ô Buffer 6s",
1790442322.950,marker,gnss,52.47016500,-1.48031300,322.70,true,,
1790442322.951,marker,dr,52.47019016,-1.48029608,330.50,true,,
1790442322.952,marker,reconciled,0.00000000,0.00000000,0.00,false,,
1790442322.998,hud,speed,,,,,"0.0 / 12.0",0.000
1790442322.999,hud,heading,,,,,"30-¦ / 37-¦",29.700
1790442322.999,hud,drift,,,,,"94.60%",94.600
1790442322.999,hud,turns,,,,,"G£ù turns: 3/15",
1790442322.999,hud,calib_s,,,,,"G£ô Buffer 6s",
1790442323.000,marker,gnss,52.47016500,-1.48031300,322.70,true,,
1790442323.000,marker,dr,52.47019016,-1.48029608,330.30,true,,
1790442323.001,marker,reconciled,0.00000000,0.00000000,0.00,false,,
1790442323.054,hud,speed,,,,,"0.0 / 12.0",0.000
1790442323.055,hud,heading,,,,,"30-¦ / 37-¦",29.800
1790442323.055,hud,drift,,,,,"94.71%",94.710
1790442323.055,hud,turns,,,,,"G£ù turns: 3/15",
1790442323.055,hud,calib_s,,,,,"G£ô Buffer 6s",
1790442323.056,marker,gnss,52.47016500,-1.48031300,322.70,true,,
1790442323.057,marker,dr,52.47019016,-1.48029608,330.20,true,,
1790442323.057,marker,reconciled,0.00000000,0.00000000,0.00,false,,
1790442323.103,hud,speed,,,,,"0.0 / 12.0",0.000
1790442323.103,hud,heading,,,,,"30-¦ / 37-¦",30.000
1790442323.104,hud,drift,,,,,"94.82%",94.820
1790442323.104,hud,turns,,,,,"G£ù turns: 3/15",
1790442323.104,hud,calib_s,,,,,"G£ô Buffer 6s",
1790442323.105,marker,gnss,52.47016500,-1.48031300,322.70,true,,
1790442323.105,marker,dr,52.47019016,-1.48029608,330.00,true,,
1790442323.105,marker,reconciled,0.00000000,0.00000000,0.00,false,,
1790442323.155,hud,speed,,,,,"0.0 / 12.0",0.000
1790442323.155,hud,heading,,,,,"30-¦ / 37-¦",30.200
1790442323.156,hud,drift,,,,,"94.93%",94.930
1790442323.156,hud,turns,,,,,"G£ù turns: 3/15",
1790442323.156,hud,calib_s,,,,,"G£ô Buffer 6s",
1790442323.157,marker,gnss,52.47016500,-1.48031300,322.70,true,,
1790442323.157,marker,dr,52.47019016,-1.48029608,329.80,true,,
1790442323.157,marker,reconciled,0.00000000,0.00000000,0.00,false,,
1790442323.205,hud,speed,,,,,"0.0 / 12.0",0.000
1790442323.206,hud,heading,,,,,"30-¦ / 37-¦",30.400
1790442323.206,hud,drift,,,,,"95.04%",95.040
1790442323.207,hud,turns,,,,,"G£ù turns: 3/15",
1790442323.207,hud,calib_s,,,,,"G£ô Buffer 6s",
1790442323.208,marker,gnss,52.47016500,-1.48031300,322.70,true,,
1790442323.208,marker,dr,52.47019016,-1.48029608,329.60,true,,
1790442323.209,marker,reconciled,0.00000000,0.00000000,0.00,false,,
1790442323.257,hud,speed,,,,,"0.0 / 12.0",0.000
1790442323.257,hud,heading,,,,,"31-¦ / 37-¦",30.700
1790442323.258,hud,drift,,,,,"95.13%",95.130
1790442323.258,hud,turns,,,,,"G£ù turns: 3/15",
1790442323.258,hud,calib_s,,,,,"G£ô Buffer 6s",
1790442323.259,marker,gnss,52.47016500,-1.48031300,322.70,true,,
1790442323.260,marker,dr,52.47019016,-1.48029608,329.30,true,,
1790442323.260,marker,reconciled,0.00000000,0.00000000,0.00,false,,
1790442323.308,hud,speed,,,,,"0.0 / 12.0",0.000
1790442323.308,hud,heading,,,,,"31-¦ / 37-¦",31.000
1790442323.309,hud,drift,,,,,"95.23%",95.230
1790442323.309,hud,turns,,,,,"G£ù turns: 3/15",
1790442323.309,hud,calib_s,,,,,"G£ô Buffer 6s",
1790442323.310,marker,gnss,52.47016500,-1.48031300,322.70,true,,
1790442323.310,marker,dr,52.47019016,-1.48029608,329.00,true,,
1790442323.311,marker,reconciled,0.00000000,0.00000000,0.00,false,,
1790442323.359,hud,speed,,,,,"0.0 / 12.0",0.000
1790442323.359,hud,heading,,,,,"31-¦ / 37-¦",31.400
1790442323.359,hud,drift,,,,,"95.32%",95.320
1790442323.360,hud,turns,,,,,"G£ù turns: 3/15",
1790442323.360,hud,calib_s,,,,,"G£ô Buffer 6s",
1790442323.360,marker,gnss,52.47016500,-1.48031300,322.70,true,,
1790442323.361,marker,dr,52.47019016,-1.48029608,328.60,true,,
1790442323.361,marker,reconciled,0.00000000,0.00000000,0.00,false,,
1790442323.412,hud,speed,,,,,"0.0 / 12.0",0.000
1790442323.413,hud,heading,,,,,"31-¦ / 37-¦",31.400
1790442323.413,hud,drift,,,,,"95.41%",95.410
1790442323.413,hud,turns,,,,,"G£ù turns: 3/15",
1790442323.413,hud,calib_s,,,,,"G£ô Buffer 6s",
1790442323.414,marker,gnss,52.47016500,-1.48031300,322.70,true,,
1790442323.415,marker,dr,52.47019016,-1.48029608,328.60,true,,
1790442323.415,marker,reconciled,0.00000000,0.00000000,0.00,false,,
1790442323.461,hud,speed,,,,,"0.0 / 12.0",0.000
1790442323.461,hud,heading,,,,,"32-¦ / 37-¦",31.700
1790442323.462,hud,drift,,,,,"95.49%",95.490
1790442323.462,hud,turns,,,,,"G£ù turns: 3/15",
1790442323.462,hud,calib_s,,,,,"G£ô Buffer 6s",
1790442323.463,marker,gnss,52.47016500,-1.48031300,322.70,true,,
1790442323.463,marker,dr,52.47019016,-1.48029608,328.30,true,,
1790442323.464,marker,reconciled,0.00000000,0.00000000,0.00,false,,
1790442323.512,hud,speed,,,,,"0.0 / 12.0",0.000
1790442323.513,hud,heading,,,,,"31-¦ / 37-¦",31.400
1790442323.513,hud,drift,,,,,"95.58%",95.580
1790442323.513,hud,turns,,,,,"G£ù turns: 3/15",
1790442323.513,hud,calib_s,,,,,"G£ô Buffer 6s",
1790442323.514,marker,gnss,52.47016500,-1.48031300,322.70,true,,
1790442323.515,marker,dr,52.47019016,-1.48029608,328.60,true,,
1790442323.515,marker,reconciled,0.00000000,0.00000000,0.00,false,,
1790442323.567,hud,speed,,,,,"0.0 / 12.0",0.000
1790442323.568,hud,heading,,,,,"32-¦ / 37-¦",31.600
1790442323.568,hud,drift,,,,,"95.66%",95.660
1790442323.568,hud,turns,,,,,"G£ù turns: 3/15",
1790442323.568,hud,calib_s,,,,,"G£ô Buffer 6s",
1790442323.569,marker,gnss,52.47016500,-1.48031300,322.70,true,,
1790442323.569,marker,dr,52.47019016,-1.48029608,328.40,true,,
1790442323.570,marker,reconciled,0.00000000,0.00000000,0.00,false,,
1790442323.617,hud,speed,,,,,"0.0 / 12.0",0.000
1790442323.618,hud,heading,,,,,"32-¦ / 37-¦",31.500
1790442323.618,hud,drift,,,,,"95.73%",95.730
1790442323.618,hud,turns,,,,,"G£ù turns: 3/15",
1790442323.619,hud,calib_s,,,,,"G£ô Buffer 6s",
1790442323.619,marker,gnss,52.47016500,-1.48031300,322.70,true,,
1790442323.620,marker,dr,52.47019016,-1.48029608,328.50,true,,
1790442323.620,marker,reconciled,0.00000000,0.00000000,0.00,false,,
1790442323.668,hud,speed,,,,,"0.0 / 12.0",0.000
1790442323.669,hud,heading,,,,,"32-¦ / 37-¦",31.700
1790442323.669,hud,drift,,,,,"95.80%",95.800
1790442323.669,hud,turns,,,,,"G£ù turns: 3/15",
1790442323.670,hud,calib_s,,,,,"G£ô Buffer 6s",
1790442323.670,marker,gnss,52.47016500,-1.48031300,322.70,true,,
1790442323.671,marker,dr,52.47019016,-1.48029608,328.30,true,,
1790442323.672,marker,reconciled,0.00000000,0.00000000,0.00,false,,
1790442323.720,hud,speed,,,,,"0.0 / 12.0",0.000
1790442323.720,hud,heading,,,,,"31-¦ / 37-¦",31.400
1790442323.720,hud,drift,,,,,"95.88%",95.880
1790442323.721,hud,turns,,,,,"G£ù turns: 3/15",
1790442323.721,hud,calib_s,,,,,"G£ô Buffer 6s",
1790442323.722,marker,gnss,52.47016500,-1.48031300,322.70,true,,
1790442323.722,marker,dr,52.47019016,-1.48029608,328.60,true,,
1790442323.723,marker,reconciled,0.00000000,0.00000000,0.00,false,,
1790442323.771,hud,speed,,,,,"0.0 / 12.0",0.000
1790442323.771,hud,heading,,,,,"32-¦ / 37-¦",31.600
1790442323.772,hud,drift,,,,,"95.94%",95.940
1790442323.772,hud,turns,,,,,"G£ù turns: 3/15",
1790442323.772,hud,calib_s,,,,,"G£ô Buffer 6s",
1790442323.773,marker,gnss,52.47016500,-1.48031300,322.70,true,,
1790442323.773,marker,dr,52.47019016,-1.48029608,328.40,true,,
1790442323.774,marker,reconciled,0.00000000,0.00000000,0.00,false,,
1790442323.823,hud,speed,,,,,"0.0 / 12.0",0.000
1790442323.823,hud,heading,,,,,"32-¦ / 37-¦",31.700
1790442323.824,hud,drift,,,,,"96.01%",96.010
1790442323.824,hud,turns,,,,,"G£ù turns: 3/15",
1790442323.824,hud,calib_s,,,,,"G£ô Buffer 6s",
1790442323.825,marker,gnss,52.47016500,-1.48031300,322.70,true,,
1790442323.825,marker,dr,52.47019016,-1.48029608,328.30,true,,
1790442323.826,marker,reconciled,0.00000000,0.00000000,0.00,false,,
1790442323.875,hud,speed,,,,,"0.0 / 12.0",0.000
1790442323.875,hud,heading,,,,,"32-¦ / 37-¦",32.100
1790442323.875,hud,drift,,,,,"96.08%",96.080
1790442323.876,hud,turns,,,,,"G£ù turns: 3/15",
1790442323.876,hud,calib_s,,,,,"G£ô Buffer 6s",
1790442323.877,marker,gnss,52.47016500,-1.48031300,322.70,true,,
1790442323.877,marker,dr,52.47019016,-1.48029608,327.90,true,,
1790442323.878,marker,reconciled,0.00000000,0.00000000,0.00,false,,
1790442323.924,hud,speed,,,,,"0.0 / 12.0",0.000
1790442323.924,hud,heading,,,,,"32-¦ / 37-¦",32.200
1790442323.924,hud,drift,,,,,"96.14%",96.140
1790442323.925,hud,turns,,,,,"G£ù turns: 3/15",
1790442323.925,hud,calib_s,,,,,"G£ô Buffer 6s",
1790442323.925,marker,gnss,52.47016500,-1.48031300,322.70,true,,
1790442323.925,marker,dr,52.47019016,-1.48029608,327.80,true,,
1790442323.926,marker,reconciled,0.00000000,0.00000000,0.00,false,,
1790442323.977,hud,speed,,,,,"0.0 / 12.0",0.000
1790442323.978,hud,heading,,,,,"32-¦ / 37-¦",32.400
1790442323.978,hud,drift,,,,,"96.20%",96.200
1790442323.979,hud,turns,,,,,"G£ù turns: 3/15",
1790442323.979,hud,calib_s,,,,,"G£ô Buffer 6s",
1790442323.979,marker,gnss,52.47016500,-1.48031300,322.70,true,,
1790442323.980,marker,dr,52.47019016,-1.48029608,327.60,true,,
1790442323.981,marker,reconciled,0.00000000,0.00000000,0.00,false,,
1790442324.027,hud,speed,,,,,"0.0 / 12.0",0.000
1790442324.028,hud,heading,,,,,"32-¦ / 37-¦",32.200
1790442324.028,hud,drift,,,,,"96.26%",96.260
1790442324.029,hud,turns,,,,,"G£ù turns: 3/15",
1790442324.029,hud,calib_s,,,,,"G£ô Buffer 6s",
1790442324.029,marker,gnss,52.47016500,-1.48031300,322.70,true,,
1790442324.030,marker,dr,52.47019016,-1.48029608,327.80,true,,
1790442324.031,marker,reconciled,0.00000000,0.00000000,0.00,false,,
1790442324.082,hud,speed,,,,,"0.0 / 12.0",0.000
1790442324.083,hud,heading,,,,,"32-¦ / 37-¦",32.200
1790442324.083,hud,drift,,,,,"96.31%",96.310
1790442324.083,hud,turns,,,,,"G£ù turns: 3/15",
1790442324.083,hud,calib_s,,,,,"G£ô Buffer 6s",
1790442324.084,marker,gnss,52.47016500,-1.48031300,322.70,true,,
1790442324.085,marker,dr,52.47019016,-1.48029608,327.80,true,,
1790442324.085,marker,reconciled,0.00000000,0.00000000,0.00,false,,
1790442324.128,hud,speed,,,,,"0.0 / 12.0",0.000
1790442324.129,hud,heading,,,,,"33-¦ / 37-¦",32.700
1790442324.129,hud,drift,,,,,"96.37%",96.370
1790442324.129,hud,turns,,,,,"G£ù turns: 3/15",
1790442324.129,hud,calib_s,,,,,"G£ô Buffer 6s",
1790442324.130,marker,gnss,52.47016500,-1.48031300,322.70,true,,
1790442324.131,marker,dr,52.47019016,-1.48029608,327.30,true,,
1790442324.131,marker,reconciled,0.00000000,0.00000000,0.00,false,,
1790442324.209,hud,speed,,,,,"0.0 / 12.0",0.000
1790442324.209,hud,heading,,,,,"33-¦ / 37-¦",32.800
1790442324.210,hud,drift,,,,,"96.42%",96.420
1790442324.210,hud,turns,,,,,"G£ù turns: 3/15",
1790442324.210,hud,calib_s,,,,,"G£ô Buffer 6s",
1790442324.211,marker,gnss,52.47016500,-1.48031300,322.70,true,,
1790442324.212,marker,dr,52.47019016,-1.48029608,327.20,true,,
1790442324.212,marker,reconciled,0.00000000,0.00000000,0.00,false,,
1790442324.243,hud,speed,,,,,"0.0 / 12.0",0.000
1790442324.243,hud,heading,,,,,"33-¦ / 37-¦",33.100
1790442324.243,hud,drift,,,,,"96.47%",96.470
1790442324.243,hud,turns,,,,,"G£ù turns: 3/15",
1790442324.243,hud,calib_s,,,,,"G£ô Buffer 6s",
1790442324.244,marker,gnss,52.47016500,-1.48031300,322.70,true,,
1790442324.244,marker,dr,52.47019016,-1.48029608,326.90,true,,
1790442324.245,marker,reconciled,0.00000000,0.00000000,0.00,false,,
1790442324.290,hud,speed,,,,,"0.0 / 12.0",0.000
1790442324.290,hud,heading,,,,,"33-¦ / 37-¦",33.200
1790442324.290,hud,drift,,,,,"96.52%",96.520
1790442324.290,hud,turns,,,,,"G£ù turns: 3/15",
1790442324.290,hud,calib_s,,,,,"G£ô Buffer 6s",
1790442324.291,marker,gnss,52.47016500,-1.48031300,322.70,true,,
1790442324.291,marker,dr,52.47019016,-1.48029608,326.80,true,,
1790442324.292,marker,reconciled,0.00000000,0.00000000,0.00,false,,
1790442324.405,hud,speed,,,,,"0.0 / 12.0",0.000
1790442324.405,hud,heading,,,,,"34-¦ / 37-¦",33.600
1790442324.406,hud,drift,,,,,"96.57%",96.570
1790442324.406,hud,turns,,,,,"G£ù turns: 3/15",
1790442324.406,hud,calib_s,,,,,"G£ô Buffer 6s",
1790442324.407,marker,gnss,52.47016500,-1.48031300,322.70,true,,
1790442324.407,marker,dr,52.47019016,-1.48029608,326.40,true,,
1790442324.408,marker,reconciled,0.00000000,0.00000000,0.00,false,,
1790442324.449,hud,speed,,,,,"0.0 / 12.0",0.000
1790442324.449,hud,heading,,,,,"34-¦ / 37-¦",33.700
1790442324.450,hud,drift,,,,,"96.62%",96.620
1790442324.450,hud,turns,,,,,"G£ù turns: 3/15",
1790442324.450,hud,calib_s,,,,,"G£ô Buffer 6s",
1790442324.451,marker,gnss,52.47016500,-1.48031300,322.70,true,,
1790442324.451,marker,dr,52.47019016,-1.48029608,326.30,true,,
1790442324.451,marker,reconciled,0.00000000,0.00000000,0.00,false,,
1790442324.472,hud,speed,,,,,"0.0 / 12.0",0.000
1790442324.472,hud,heading,,,,,"34-¦ / 37-¦",33.900
1790442324.473,hud,drift,,,,,"96.67%",96.670
1790442324.473,hud,turns,,,,,"G£ù turns: 3/15",
1790442324.473,hud,calib_s,,,,,"G£ô Buffer 6s",
1790442324.473,marker,gnss,52.47016500,-1.48031300,322.70,true,,
1790442324.474,marker,dr,52.47019016,-1.48029608,326.10,true,,
1790442324.474,marker,reconciled,0.00000000,0.00000000,0.00,false,,
1790442324.508,hud,speed,,,,,"0.0 / 12.0",0.000
1790442324.509,hud,heading,,,,,"34-¦ / 37-¦",33.900
1790442324.509,hud,drift,,,,,"96.71%",96.710
1790442324.509,hud,turns,,,,,"G£ù turns: 3/15",
1790442324.509,hud,calib_s,,,,,"G£ô Buffer 6s",
1790442324.509,marker,gnss,52.47016500,-1.48031300,322.70,true,,
1790442324.510,marker,dr,52.47019016,-1.48029608,326.10,true,,
1790442324.510,marker,reconciled,0.00000000,0.00000000,0.00,false,,
1790442324.564,hud,speed,,,,,"0.0 / 12.0",0.000
1790442324.564,hud,heading,,,,,"34-¦ / 37-¦",34.100
1790442324.564,hud,drift,,,,,"96.75%",96.750
1790442324.564,hud,turns,,,,,"G£ù turns: 3/15",
1790442324.565,hud,calib_s,,,,,"G£ô Buffer 6s",
1790442324.565,marker,gnss,52.47016500,-1.48031300,322.70,true,,
1790442324.565,marker,dr,52.47019016,-1.48029608,325.90,true,,
1790442324.566,marker,reconciled,0.00000000,0.00000000,0.00,false,,
1790442324.615,hud,speed,,,,,"0.0 / 12.0",0.000
1790442324.615,hud,heading,,,,,"34-¦ / 37-¦",34.000
1790442324.616,hud,drift,,,,,"96.80%",96.800
1790442324.616,hud,turns,,,,,"G£ù turns: 3/15",
1790442324.616,hud,calib_s,,,,,"G£ô Buffer 6s",
1790442324.616,marker,gnss,52.47016500,-1.48031300,322.70,true,,
1790442324.617,marker,dr,52.47019016,-1.48029608,326.00,true,,
1790442324.617,marker,reconciled,0.00000000,0.00000000,0.00,false,,
1790442324.665,hud,speed,,,,,"0.0 / 12.0",0.000
1790442324.666,hud,heading,,,,,"35-¦ / 37-¦",34.500
1790442324.666,hud,drift,,,,,"96.84%",96.840
1790442324.666,hud,turns,,,,,"G£ù turns: 3/15",
1790442324.667,hud,calib_s,,,,,"G£ô Buffer 6s",
1790442324.667,marker,gnss,52.47016500,-1.48031300,322.70,true,,
1790442324.667,marker,dr,52.47019016,-1.48029608,325.50,true,,
1790442324.668,marker,reconciled,0.00000000,0.00000000,0.00,false,,
1790442324.716,hud,speed,,,,,"0.0 / 12.0",0.000
1790442324.717,hud,heading,,,,,"35-¦ / 37-¦",34.900
1790442324.717,hud,drift,,,,,"96.88%",96.880
1790442324.717,hud,turns,,,,,"G£ù turns: 3/15",
1790442324.717,hud,calib_s,,,,,"G£ô Buffer 6s",
1790442324.718,marker,gnss,52.47016500,-1.48031300,322.70,true,,
1790442324.719,marker,dr,52.47019016,-1.48029608,325.10,true,,
1790442324.720,marker,reconciled,0.00000000,0.00000000,0.00,false,,
1790442324.799,hud,speed,,,,,"0.0 / 12.0",0.000
1790442324.799,hud,heading,,,,,"35-¦ / 37-¦",35.100
1790442324.800,hud,drift,,,,,"96.92%",96.920
1790442324.800,hud,turns,,,,,"G£ù turns: 3/15",
1790442324.801,hud,calib_s,,,,,"G£ô Buffer 6s",
1790442324.801,marker,gnss,52.47016500,-1.48031300,322.70,true,,
1790442324.802,marker,dr,52.47019016,-1.48029608,324.90,true,,
1790442324.802,marker,reconciled,0.00000000,0.00000000,0.00,false,,
1790442324.877,hud,speed,,,,,"0.0 / 12.0",0.000
1790442324.877,hud,heading,,,,,"35-¦ / 37-¦",35.300
1790442324.877,hud,drift,,,,,"96.96%",96.960
1790442324.877,hud,turns,,,,,"G£ù turns: 3/15",
1790442324.877,hud,calib_s,,,,,"G£ô Buffer 6s",
1790442324.878,marker,gnss,52.47016500,-1.48031300,322.70,true,,
1790442324.878,marker,dr,52.47019016,-1.48029608,324.70,true,,
1790442324.879,marker,reconciled,0.00000000,0.00000000,0.00,false,,
1790442324.929,hud,speed,,,,,"0.0 / 12.0",0.000
1790442324.930,hud,heading,,,,,"36-¦ / 37-¦",35.700
1790442324.930,hud,drift,,,,,"97.00%",97.000
1790442324.930,hud,turns,,,,,"G£ù turns: 3/15",
1790442324.930,hud,calib_s,,,,,"G£ô Buffer 6s",
1790442324.931,marker,gnss,52.47016500,-1.48031300,322.70,true,,
1790442324.931,marker,dr,52.47019016,-1.48029608,324.30,true,,
1790442324.932,marker,reconciled,0.00000000,0.00000000,0.00,false,,
1790442324.973,hud,speed,,,,,"0.0 / 12.0",0.000
1790442324.973,hud,heading,,,,,"36-¦ / 37-¦",36.000
1790442324.974,hud,drift,,,,,"97.03%",97.030
1790442324.974,hud,turns,,,,,"G£ù turns: 3/15",
1790442324.975,hud,calib_s,,,,,"G£ô Buffer 6s",
1790442324.975,marker,gnss,52.47016500,-1.48031300,322.70,true,,
1790442324.976,marker,dr,52.47019016,-1.48029608,324.00,true,,
1790442324.976,marker,reconciled,0.00000000,0.00000000,0.00,false,,
1790442325.014,hud,speed,,,,,"0.0 / 12.0",0.000
1790442325.015,hud,heading,,,,,"36-¦ / 37-¦",36.200
1790442325.015,hud,drift,,,,,"97.07%",97.070
1790442325.015,hud,turns,,,,,"G£ù turns: 3/15",
1790442325.016,hud,calib_s,,,,,"G£ô Buffer 6s",
1790442325.016,marker,gnss,52.47016500,-1.48031300,322.70,true,,
1790442325.017,marker,dr,52.47019016,-1.48029608,323.80,true,,
1790442325.017,marker,reconciled,0.00000000,0.00000000,0.00,false,,
1790442325.062,hud,speed,,,,,"0.0 / 12.0",0.000
1790442325.062,hud,heading,,,,,"36-¦ / 37-¦",36.300
1790442325.063,hud,drift,,,,,"97.10%",97.100
1790442325.063,hud,turns,,,,,"G£ù turns: 3/15",
1790442325.063,hud,calib_s,,,,,"G£ô Buffer 6s",
1790442325.064,marker,gnss,52.47016500,-1.48031300,322.70,true,,
1790442325.064,marker,dr,52.47019016,-1.48029608,323.70,true,,
1790442325.065,marker,reconciled,0.00000000,0.00000000,0.00,false,,
1790442325.088,hud,speed,,,,,"0.0 / 12.0",0.000
1790442325.088,hud,heading,,,,,"37-¦ / 37-¦",36.500
1790442325.088,hud,drift,,,,,"97.14%",97.140
1790442325.088,hud,turns,,,,,"G£ù turns: 3/15",
1790442325.089,hud,calib_s,,,,,"G£ô Buffer 6s",
1790442325.089,marker,gnss,52.47016500,-1.48031300,322.70,true,,
1790442325.089,marker,dr,52.47019016,-1.48029608,323.50,true,,
1790442325.090,marker,reconciled,0.00000000,0.00000000,0.00,false,,
1790442325.135,hud,speed,,,,,"0.0 / 12.0",0.000
1790442325.135,hud,heading,,,,,"36-¦ / 37-¦",36.400
1790442325.135,hud,drift,,,,,"97.17%",97.170
1790442325.135,hud,turns,,,,,"G£ù turns: 3/15",
1790442325.135,hud,calib_s,,,,,"G£ô Buffer 6s",
1790442325.136,marker,gnss,52.47016500,-1.48031300,322.70,true,,
1790442325.136,marker,dr,52.47019016,-1.48029608,323.60,true,,
1790442325.136,marker,reconciled,0.00000000,0.00000000,0.00,false,,
1790442325.187,hud,speed,,,,,"0.0 / 12.0",0.000
1790442325.187,hud,heading,,,,,"37-¦ / 37-¦",36.500
1790442325.187,hud,drift,,,,,"97.20%",97.200
1790442325.188,hud,turns,,,,,"G£ù turns: 3/15",
1790442325.188,hud,calib_s,,,,,"G£ô Buffer 6s",
1790442325.188,marker,gnss,52.47016500,-1.48031300,322.70,true,,
1790442325.189,marker,dr,52.47019016,-1.48029608,323.50,true,,
1790442325.189,marker,reconciled,0.00000000,0.00000000,0.00,false,,
1790442325.237,hud,speed,,,,,"0.0 / 12.0",0.000
1790442325.238,hud,heading,,,,,"37-¦ / 37-¦",36.600
1790442325.238,hud,drift,,,,,"97.24%",97.240
1790442325.238,hud,turns,,,,,"G£ù turns: 3/15",
1790442325.238,hud,calib_s,,,,,"G£ô Buffer 6s",
1790442325.239,marker,gnss,52.47016500,-1.48031300,322.70,true,,
1790442325.239,marker,dr,52.47019016,-1.48029608,323.40,true,,
1790442325.240,marker,reconciled,0.00000000,0.00000000,0.00,false,,
1790442325.303,hud,speed,,,,,"0.0 / 10.8",0.000
1790442325.303,hud,heading,,,,,"37-¦ / 36-¦",36.600
1790442325.303,hud,drift,,,,,"93.33%",93.330
1790442325.304,hud,turns,,,,,"G£ù turns: 3/15",
1790442325.304,hud,calib_s,,,,,"G£ô Buffer 6s",
1790442325.304,marker,gnss,52.47091300,-1.47938000,324.00,true,,
1790442325.304,marker,dr,52.47019016,-1.48029608,323.40,true,,
1790442325.305,marker,reconciled,0.00000000,0.00000000,0.00,false,,
1790442325.338,hud,speed,,,,,"0.0 / 10.8",0.000
1790442325.338,hud,heading,,,,,"36-¦ / 36-¦",36.300
1790442325.339,hud,drift,,,,,"93.39%",93.390
1790442325.339,hud,turns,,,,,"G£ù turns: 3/15",
1790442325.339,hud,calib_s,,,,,"G£ô Buffer 6s",
1790442325.339,marker,gnss,52.47091300,-1.47938000,324.00,true,,
1790442325.340,marker,dr,52.47019016,-1.48029608,323.70,true,,
1790442325.340,marker,reconciled,0.00000000,0.00000000,0.00,false,,
1790442325.384,hud,speed,,,,,"0.0 / 10.8",0.000
1790442325.385,hud,heading,,,,,"36-¦ / 36-¦",36.200
1790442325.385,hud,drift,,,,,"93.46%",93.460
1790442325.385,hud,turns,,,,,"G£ù turns: 3/15",
1790442325.385,hud,calib_s,,,,,"G£ô Buffer 6s",
1790442325.386,marker,gnss,52.47091300,-1.47938000,324.00,true,,
1790442325.386,marker,dr,52.47019016,-1.48029608,323.80,true,,
1790442325.387,marker,reconciled,0.00000000,0.00000000,0.00,false,,
1790442325.440,hud,speed,,,,,"0.0 / 10.8",0.000
1790442325.441,hud,heading,,,,,"36-¦ / 36-¦",36.200
1790442325.441,hud,drift,,,,,"93.52%",93.520
1790442325.441,hud,turns,,,,,"G£ù turns: 3/15",
1790442325.441,hud,calib_s,,,,,"G£ô Buffer 6s",
1790442325.442,marker,gnss,52.47091300,-1.47938000,324.00,true,,
1790442325.443,marker,dr,52.47019016,-1.48029608,323.80,true,,
1790442325.443,marker,reconciled,0.00000000,0.00000000,0.00,false,,
1790442325.490,hud,speed,,,,,"0.0 / 10.8",0.000
1790442325.491,hud,heading,,,,,"37-¦ / 36-¦",36.500
1790442325.491,hud,drift,,,,,"93.58%",93.580
1790442325.491,hud,turns,,,,,"G£ù turns: 3/15",
1790442325.491,hud,calib_s,,,,,"G£ô Buffer 6s",
1790442325.492,marker,gnss,52.47091300,-1.47938000,324.00,true,,
1790442325.492,marker,dr,52.47019016,-1.48029608,323.50,true,,
1790442325.493,marker,reconciled,0.00000000,0.00000000,0.00,false,,
1790442325.541,hud,speed,,,,,"0.0 / 10.8",0.000
1790442325.542,hud,heading,,,,,"36-¦ / 36-¦",36.200
1790442325.542,hud,drift,,,,,"93.64%",93.640
1790442325.542,hud,turns,,,,,"G£ù turns: 3/15",
1790442325.542,hud,calib_s,,,,,"G£ô Buffer 6s",
1790442325.543,marker,gnss,52.47091300,-1.47938000,324.00,true,,
1790442325.544,marker,dr,52.47019016,-1.48029608,323.80,true,,
1790442325.544,marker,reconciled,0.00000000,0.00000000,0.00,false,,
1790442325.593,hud,speed,,,,,"0.0 / 10.8",0.000
1790442325.593,hud,heading,,,,,"36-¦ / 36-¦",35.900
1790442325.594,hud,drift,,,,,"93.70%",93.700
1790442325.594,hud,turns,,,,,"G£ù turns: 3/15",
1790442325.594,hud,calib_s,,,,,"G£ô Buffer 6s",
1790442325.595,marker,gnss,52.47091300,-1.47938000,324.00,true,,
1790442325.595,marker,dr,52.47019016,-1.48029608,324.10,true,,
1790442325.596,marker,reconciled,0.00000000,0.00000000,0.00,false,,
1790442325.644,hud,speed,,,,,"0.0 / 10.8",0.000
1790442325.644,hud,heading,,,,,"36-¦ / 36-¦",35.600
1790442325.645,hud,drift,,,,,"93.76%",93.760
1790442325.645,hud,turns,,,,,"G£ù turns: 3/15",
1790442325.645,hud,calib_s,,,,,"G£ô Buffer 6s",
1790442325.646,marker,gnss,52.47091300,-1.47938000,324.00,true,,
1790442325.646,marker,dr,52.47019016,-1.48029608,324.40,true,,
1790442325.647,marker,reconciled,0.00000000,0.00000000,0.00,false,,
1790442325.696,hud,speed,,,,,"0.0 / 10.8",0.000
1790442325.696,hud,heading,,,,,"36-¦ / 36-¦",35.500
1790442325.696,hud,drift,,,,,"93.82%",93.820
1790442325.697,hud,turns,,,,,"G£ù turns: 3/15",
1790442325.697,hud,calib_s,,,,,"G£ô Buffer 6s",
1790442325.697,marker,gnss,52.47091300,-1.47938000,324.00,true,,
1790442325.698,marker,dr,52.47019016,-1.48029608,324.50,true,,
1790442325.698,marker,reconciled,0.00000000,0.00000000,0.00,false,,
1790442325.759,hud,speed,,,,,"0.0 / 10.8",0.000
1790442325.759,hud,heading,,,,,"36-¦ / 36-¦",35.500
1790442325.759,hud,drift,,,,,"93.93%",93.930
1790442325.759,hud,turns,,,,,"G£ù turns: 3/15",
1790442325.760,hud,calib_s,,,,,"G£ô Buffer 6s",
1790442325.760,marker,gnss,52.47091300,-1.47938000,324.00,true,,
1790442325.760,marker,dr,52.47019016,-1.48029608,324.50,true,,
1790442325.761,marker,reconciled,0.00000000,0.00000000,0.00,false,,
1790442325.795,hud,speed,,,,,"0.0 / 10.8",0.000
1790442325.796,hud,heading,,,,,"35-¦ / 36-¦",35.000
1790442325.796,hud,drift,,,,,"93.98%",93.980
1790442325.796,hud,turns,,,,,"G£ù turns: 3/15",
1790442325.796,hud,calib_s,,,,,"G£ô Buffer 6s",
1790442325.797,marker,gnss,52.47091300,-1.47938000,324.00,true,,
1790442325.797,marker,dr,52.47019016,-1.48029608,325.00,true,,
1790442325.797,marker,reconciled,0.00000000,0.00000000,0.00,false,,
1790442325.847,hud,speed,,,,,"0.0 / 10.8",0.000
1790442325.848,hud,heading,,,,,"34-¦ / 36-¦",34.400
1790442325.848,hud,drift,,,,,"94.04%",94.040
1790442325.848,hud,turns,,,,,"G£ù turns: 3/15",
1790442325.848,hud,calib_s,,,,,"G£ô Buffer 6s",
1790442325.849,marker,gnss,52.47091300,-1.47938000,324.00,true,,
1790442325.850,marker,dr,52.47019016,-1.48029608,325.60,true,,
1790442325.850,marker,reconciled,0.00000000,0.00000000,0.00,false,,
1790442325.899,hud,speed,,,,,"0.0 / 10.8",0.000
1790442325.899,hud,heading,,,,,"34-¦ / 36-¦",33.900
1790442325.900,hud,drift,,,,,"94.09%",94.090
1790442325.900,hud,turns,,,,,"G£ù turns: 3/15",
1790442325.900,hud,calib_s,,,,,"G£ô Buffer 6s",
1790442325.901,marker,gnss,52.47091300,-1.47938000,324.00,true,,
1790442325.901,marker,dr,52.47019016,-1.48029608,326.10,true,,
1790442325.901,marker,reconciled,0.00000000,0.00000000,0.00,false,,
1790442325.948,hud,speed,,,,,"0.0 / 10.8",0.000
1790442325.948,hud,heading,,,,,"34-¦ / 36-¦",33.600
1790442325.949,hud,drift,,,,,"94.14%",94.140
1790442325.949,hud,turns,,,,,"G£ù turns: 3/15",
1790442325.949,hud,calib_s,,,,,"G£ô Buffer 6s",
1790442325.949,marker,gnss,52.47091300,-1.47938000,324.00,true,,
1790442325.950,marker,dr,52.47019016,-1.48029608,326.40,true,,
1790442325.951,marker,reconciled,0.00000000,0.00000000,0.00,false,,
1790442326.005,hud,speed,,,,,"0.0 / 10.8",0.000
1790442326.005,hud,heading,,,,,"33-¦ / 36-¦",33.000
1790442326.006,hud,drift,,,,,"94.19%",94.190
1790442326.006,hud,turns,,,,,"G£ù turns: 3/15",
1790442326.006,hud,calib_s,,,,,"G£ô Buffer 6s",
1790442326.007,marker,gnss,52.47091300,-1.47938000,324.00,true,,
1790442326.007,marker,dr,52.47019016,-1.48029608,327.00,true,,
1790442326.007,marker,reconciled,0.00000000,0.00000000,0.00,false,,
1790442326.051,hud,speed,,,,,"0.0 / 10.8",0.000
1790442326.052,hud,heading,,,,,"33-¦ / 36-¦",32.500
1790442326.052,hud,drift,,,,,"94.24%",94.240
1790442326.052,hud,turns,,,,,"G£ù turns: 3/15",
1790442326.053,hud,calib_s,,,,,"G£ô Buffer 6s",
1790442326.053,marker,gnss,52.47091300,-1.47938000,324.00,true,,
1790442326.053,marker,dr,52.47019016,-1.48029608,327.50,true,,
1790442326.054,marker,reconciled,0.00000000,0.00000000,0.00,false,,
1790442326.126,hud,speed,,,,,"0.0 / 10.8",0.000
1790442326.126,hud,heading,,,,,"33-¦ / 36-¦",32.500
1790442326.127,hud,drift,,,,,"94.29%",94.290
1790442326.127,hud,turns,,,,,"G£ù turns: 3/15",
1790442326.127,hud,calib_s,,,,,"G£ô Buffer 6s",
1790442326.128,marker,gnss,52.47091300,-1.47938000,324.00,true,,
1790442326.128,marker,dr,52.47019016,-1.48029608,327.50,true,,
1790442326.129,marker,reconciled,0.00000000,0.00000000,0.00,false,,
1790442326.183,hud,speed,,,,,"0.0 / 10.8",0.000
1790442326.183,hud,heading,,,,,"32-¦ / 36-¦",31.900
1790442326.184,hud,drift,,,,,"94.34%",94.340
1790442326.184,hud,turns,,,,,"G£ù turns: 3/15",
1790442326.185,hud,calib_s,,,,,"G£ô Buffer 6s",
1790442326.186,marker,gnss,52.47091300,-1.47938000,324.00,true,,
1790442326.187,marker,dr,52.47019016,-1.48029608,328.10,true,,
1790442326.187,marker,reconciled,0.00000000,0.00000000,0.00,false,,
1790442326.241,hud,speed,,,,,"0.0 / 10.8",0.000
1790442326.241,hud,heading,,,,,"31-¦ / 36-¦",31.200
1790442326.241,hud,drift,,,,,"94.38%",94.380
1790442326.242,hud,turns,,,,,"G£ù turns: 3/15",
1790442326.242,hud,calib_s,,,,,"G£ô Buffer 6s",
1790442326.243,marker,gnss,52.47091300,-1.47938000,324.00,true,,
1790442326.243,marker,dr,52.47019016,-1.48029608,328.80,true,,
1790442326.244,marker,reconciled,0.00000000,0.00000000,0.00,false,,
1790442326.304,hud,speed,,,,,"0.0 / 10.8",0.000
1790442326.304,hud,heading,,,,,"31-¦ / 36-¦",30.700
1790442326.305,hud,drift,,,,,"94.43%",94.430
1790442326.305,hud,turns,,,,,"G£ù turns: 3/15",
1790442326.305,hud,calib_s,,,,,"G£ô Buffer 6s",
1790442326.305,marker,gnss,52.47091300,-1.47938000,324.00,true,,
1790442326.306,marker,dr,52.47019016,-1.48029608,329.30,true,,
1790442326.306,marker,reconciled,0.00000000,0.00000000,0.00,false,,
1790442326.349,hud,speed,,,,,"0.0 / 10.8",0.000
1790442326.349,hud,heading,,,,,"30-¦ / 36-¦",30.300
1790442326.349,hud,drift,,,,,"94.47%",94.470
1790442326.350,hud,turns,,,,,"G£ù turns: 3/15",
1790442326.350,hud,calib_s,,,,,"G£ô Buffer 6s",
1790442326.350,marker,gnss,52.47091300,-1.47938000,324.00,true,,
1790442326.351,marker,dr,52.47019016,-1.48029608,329.70,true,,
1790442326.351,marker,reconciled,0.00000000,0.00000000,0.00,false,,
1790442326.393,hud,speed,,,,,"0.0 / 10.8",0.000
1790442326.393,hud,heading,,,,,"30-¦ / 36-¦",30.000
1790442326.394,hud,drift,,,,,"94.52%",94.520
1790442326.394,hud,turns,,,,,"G£ù turns: 3/15",
1790442326.394,hud,calib_s,,,,,"G£ô Buffer 6s",
1790442326.395,marker,gnss,52.47091300,-1.47938000,324.00,true,,
1790442326.396,marker,dr,52.47019016,-1.48029608,330.00,true,,
1790442326.396,marker,reconciled,0.00000000,0.00000000,0.00,false,,
1790442326.436,hud,speed,,,,,"0.0 / 10.8",0.000
1790442326.437,hud,heading,,,,,"30-¦ / 36-¦",29.600
1790442326.437,hud,drift,,,,,"94.56%",94.560
1790442326.438,hud,turns,,,,,"G£ù turns: 3/15",
1790442326.438,hud,calib_s,,,,,"G£ô Buffer 6s",
1790442326.439,marker,gnss,52.47091300,-1.47938000,324.00,true,,
1790442326.440,marker,dr,52.47019016,-1.48029608,330.40,true,,
1790442326.440,marker,reconciled,0.00000000,0.00000000,0.00,false,,
1790442326.461,hud,speed,,,,,"0.0 / 10.8",0.000
1790442326.462,hud,heading,,,,,"29-¦ / 36-¦",29.100
1790442326.462,hud,drift,,,,,"94.61%",94.610
1790442326.462,hud,turns,,,,,"G£ù turns: 3/15",
1790442326.462,hud,calib_s,,,,,"G£ô Buffer 6s",
1790442326.463,marker,gnss,52.47091300,-1.47938000,324.00,true,,
1790442326.463,marker,dr,52.47019016,-1.48029608,330.90,true,,
1790442326.463,marker,reconciled,0.00000000,0.00000000,0.00,false,,
1790442326.504,hud,speed,,,,,"0.0 / 10.8",0.000
1790442326.504,hud,heading,,,,,"29-¦ / 36-¦",28.800
1790442326.505,hud,drift,,,,,"94.65%",94.650
1790442326.505,hud,turns,,,,,"G£ù turns: 3/15",
1790442326.505,hud,calib_s,,,,,"G£ô Buffer 6s",
1790442326.505,marker,gnss,52.47091300,-1.47938000,324.00,true,,
1790442326.506,marker,dr,52.47019016,-1.48029608,331.20,true,,
1790442326.506,marker,reconciled,0.00000000,0.00000000,0.00,false,,
1790442326.559,hud,speed,,,,,"0.0 / 10.8",0.000
1790442326.559,hud,heading,,,,,"28-¦ / 36-¦",28.400
1790442326.560,hud,drift,,,,,"94.69%",94.690
1790442326.560,hud,turns,,,,,"G£ù turns: 3/15",
1790442326.560,hud,calib_s,,,,,"G£ô Buffer 6s",
1790442326.561,marker,gnss,52.47091300,-1.47938000,324.00,true,,
1790442326.561,marker,dr,52.47019016,-1.48029608,331.60,true,,
1790442326.561,marker,reconciled,0.00000000,0.00000000,0.00,false,,
1790442326.608,hud,speed,,,,,"0.0 / 10.8",0.000
1790442326.609,hud,heading,,,,,"28-¦ / 36-¦",28.000
1790442326.609,hud,drift,,,,,"94.73%",94.730
1790442326.609,hud,turns,,,,,"G£ù turns: 3/15",
1790442326.609,hud,calib_s,,,,,"G£ô Buffer 6s",
1790442326.610,marker,gnss,52.47091300,-1.47938000,324.00,true,,
1790442326.611,marker,dr,52.47019016,-1.48029608,332.00,true,,
1790442326.611,marker,reconciled,0.00000000,0.00000000,0.00,false,,
1790442326.659,hud,speed,,,,,"0.0 / 10.8",0.000
1790442326.660,hud,heading,,,,,"28-¦ / 36-¦",27.700
1790442326.660,hud,drift,,,,,"94.77%",94.770
1790442326.660,hud,turns,,,,,"G£ù turns: 3/15",
1790442326.660,hud,calib_s,,,,,"G£ô Buffer 6s",
1790442326.661,marker,gnss,52.47091300,-1.47938000,324.00,true,,
1790442326.662,marker,dr,52.47019016,-1.48029608,332.30,true,,
1790442326.662,marker,reconciled,0.00000000,0.00000000,0.00,false,,
1790442326.711,hud,speed,,,,,"0.0 / 10.8",0.000
1790442326.711,hud,heading,,,,,"27-¦ / 36-¦",27.400
1790442326.712,hud,drift,,,,,"94.81%",94.810
1790442326.712,hud,turns,,,,,"G£ù turns: 3/15",
1790442326.712,hud,calib_s,,,,,"G£ô Buffer 6s",
1790442326.713,marker,gnss,52.47091300,-1.47938000,324.00,true,,
1790442326.713,marker,dr,52.47019016,-1.48029608,332.60,true,,
1790442326.713,marker,reconciled,0.00000000,0.00000000,0.00,false,,
1790442326.762,hud,speed,,,,,"0.0 / 10.8",0.000
1790442326.762,hud,heading,,,,,"27-¦ / 36-¦",27.000
1790442326.763,hud,drift,,,,,"94.85%",94.850
1790442326.763,hud,turns,,,,,"G£ù turns: 3/15",
1790442326.763,hud,calib_s,,,,,"G£ô Buffer 6s",
1790442326.763,marker,gnss,52.47091300,-1.47938000,324.00,true,,
1790442326.764,marker,dr,52.47019016,-1.48029608,333.00,true,,
1790442326.764,marker,reconciled,0.00000000,0.00000000,0.00,false,,
1790442326.814,hud,speed,,,,,"0.0 / 10.8",0.000
1790442326.815,hud,heading,,,,,"27-¦ / 36-¦",26.700
1790442326.815,hud,drift,,,,,"94.89%",94.890
1790442326.815,hud,turns,,,,,"G£ù turns: 3/15",
1790442326.815,hud,calib_s,,,,,"G£ô Buffer 6s",
1790442326.816,marker,gnss,52.47091300,-1.47938000,324.00,true,,
1790442326.816,marker,dr,52.47019016,-1.48029608,333.30,true,,
1790442326.817,marker,reconciled,0.00000000,0.00000000,0.00,false,,
1790442326.865,hud,speed,,,,,"0.0 / 10.8",0.000
1790442326.865,hud,heading,,,,,"26-¦ / 36-¦",26.200
1790442326.865,hud,drift,,,,,"94.93%",94.930
1790442326.866,hud,turns,,,,,"G£ù turns: 3/15",
1790442326.866,hud,calib_s,,,,,"G£ô Buffer 6s",
1790442326.866,marker,gnss,52.47091300,-1.47938000,324.00,true,,
1790442326.867,marker,dr,52.47019016,-1.48029608,333.80,true,,
1790442326.868,marker,reconciled,0.00000000,0.00000000,0.00,false,,
1790442326.915,hud,speed,,,,,"0.0 / 10.8",0.000
1790442326.916,hud,heading,,,,,"26-¦ / 36-¦",25.700
1790442326.916,hud,drift,,,,,"94.97%",94.970
1790442326.916,hud,turns,,,,,"G£ù turns: 3/15",
1790442326.917,hud,calib_s,,,,,"G£ô Buffer 6s",
1790442326.917,marker,gnss,52.47091300,-1.47938000,324.00,true,,
1790442326.918,marker,dr,52.47019016,-1.48029608,334.30,true,,
1790442326.918,marker,reconciled,0.00000000,0.00000000,0.00,false,,
1790442326.996,hud,speed,,,,,"0.0 / 10.8",0.000
1790442326.996,hud,heading,,,,,"25-¦ / 36-¦",25.300
1790442326.997,hud,drift,,,,,"95.01%",95.010
1790442326.997,hud,turns,,,,,"G£ù turns: 3/15",
1790442326.997,hud,calib_s,,,,,"G£ô Buffer 6s",
1790442326.998,marker,gnss,52.47091300,-1.47938000,324.00,true,,
1790442326.998,marker,dr,52.47019016,-1.48029608,334.70,true,,
1790442326.999,marker,reconciled,0.00000000,0.00000000,0.00,false,,
1790442327.047,hud,speed,,,,,"0.0 / 10.8",0.000
1790442327.048,hud,heading,,,,,"25-¦ / 36-¦",25.000
1790442327.048,hud,drift,,,,,"95.04%",95.040
1790442327.048,hud,turns,,,,,"G£ù turns: 3/15",
1790442327.049,hud,calib_s,,,,,"G£ô Buffer 6s",
1790442327.049,marker,gnss,52.47091300,-1.47938000,324.00,true,,
1790442327.050,marker,dr,52.47019016,-1.48029608,335.00,true,,
1790442327.051,marker,reconciled,0.00000000,0.00000000,0.00,false,,
1790442327.114,hud,speed,,,,,"0.0 / 10.8",0.000
1790442327.114,hud,heading,,,,,"25-¦ / 36-¦",24.600
1790442327.114,hud,drift,,,,,"95.08%",95.080
1790442327.115,hud,turns,,,,,"G£ù turns: 3/15",
1790442327.115,hud,calib_s,,,,,"G£ô Buffer 6s",
1790442327.115,marker,gnss,52.47091300,-1.47938000,324.00,true,,
1790442327.116,marker,dr,52.47019016,-1.48029608,335.40,true,,
1790442327.116,marker,reconciled,0.00000000,0.00000000,0.00,false,,
1790442327.152,hud,speed,,,,,"0.0 / 10.8",0.000
1790442327.153,hud,heading,,,,,"24-¦ / 36-¦",24.100
1790442327.153,hud,drift,,,,,"95.11%",95.110
1790442327.153,hud,turns,,,,,"G£ù turns: 3/15",
1790442327.154,hud,calib_s,,,,,"G£ô Buffer 6s",
1790442327.154,marker,gnss,52.47091300,-1.47938000,324.00,true,,
1790442327.155,marker,dr,52.47019016,-1.48029608,335.90,true,,
1790442327.155,marker,reconciled,0.00000000,0.00000000,0.00,false,,
1790442327.175,hud,speed,,,,,"0.0 / 10.8",0.000
1790442327.175,hud,heading,,,,,"24-¦ / 36-¦",23.900
1790442327.175,hud,drift,,,,,"95.15%",95.150
1790442327.176,hud,turns,,,,,"G£ù turns: 3/15",
1790442327.176,hud,calib_s,,,,,"G£ô Buffer 6s",
1790442327.176,marker,gnss,52.47091300,-1.47938000,324.00,true,,
1790442327.177,marker,dr,52.47019016,-1.48029608,336.10,true,,
1790442327.177,marker,reconciled,0.00000000,0.00000000,0.00,false,,
1790442327.219,hud,speed,,,,,"0.0 / 10.8",0.000
1790442327.219,hud,heading,,,,,"24-¦ / 36-¦",23.500
1790442327.220,hud,drift,,,,,"95.18%",95.180
1790442327.220,hud,turns,,,,,"G£ù turns: 3/15",
1790442327.220,hud,calib_s,,,,,"G£ô Buffer 6s",
1790442327.220,marker,gnss,52.47091300,-1.47938000,324.00,true,,
1790442327.221,marker,dr,52.47019016,-1.48029608,336.50,true,,
1790442327.221,marker,reconciled,0.00000000,0.00000000,0.00,false,,
1790442327.266,hud,speed,,,,,"0.0 / 10.8",0.000
1790442327.267,hud,heading,,,,,"23-¦ / 36-¦",23.400
1790442327.267,hud,drift,,,,,"95.22%",95.220
1790442327.267,hud,turns,,,,,"G£ù turns: 3/15",
1790442327.267,hud,calib_s,,,,,"G£ô Buffer 6s",
1790442327.268,marker,gnss,52.47091300,-1.47938000,324.00,true,,
1790442327.268,marker,dr,52.47019016,-1.48029608,336.60,true,,
1790442327.268,marker,reconciled,0.00000000,0.00000000,0.00,false,,
1790442327.321,hud,speed,,,,,"0.0 / 10.8",0.000
1790442327.321,hud,heading,,,,,"23-¦ / 36-¦",22.800
1790442327.321,hud,drift,,,,,"95.25%",95.250
1790442327.321,hud,turns,,,,,"G£ù turns: 3/15",
1790442327.322,hud,calib_s,,,,,"G£ô Buffer 6s",
1790442327.322,marker,gnss,52.47091300,-1.47938000,324.00,true,,
1790442327.323,marker,dr,52.47019016,-1.48029608,337.20,true,,
1790442327.323,marker,reconciled,0.00000000,0.00000000,0.00,false,,
1790442327.368,hud,speed,,,,,"0.0 / 10.8",0.000
1790442327.369,hud,heading,,,,,"23-¦ / 36-¦",22.500
1790442327.369,hud,drift,,,,,"95.29%",95.290
1790442327.369,hud,turns,,,,,"G£ù turns: 3/15",
1790442327.369,hud,calib_s,,,,,"G£ô Buffer 6s",
1790442327.370,marker,gnss,52.47091300,-1.47938000,324.00,true,,
1790442327.370,marker,dr,52.47019016,-1.48029608,337.50,true,,
1790442327.371,marker,reconciled,0.00000000,0.00000000,0.00,false,,
1790442327.424,hud,speed,,,,,"0.0 / 10.8",0.000
1790442327.424,hud,heading,,,,,"22-¦ / 36-¦",22.300
1790442327.424,hud,drift,,,,,"95.32%",95.320
1790442327.425,hud,turns,,,,,"G£ù turns: 3/15",
1790442327.425,hud,calib_s,,,,,"G£ô Buffer 6s",
1790442327.425,marker,gnss,52.47091300,-1.47938000,324.00,true,,
1790442327.426,marker,dr,52.47019016,-1.48029608,337.70,true,,
1790442327.427,marker,reconciled,0.00000000,0.00000000,0.00,false,,
1790442327.475,hud,speed,,,,,"0.0 / 10.8",0.000
1790442327.475,hud,heading,,,,,"22-¦ / 36-¦",22.200
1790442327.476,hud,drift,,,,,"95.35%",95.350
1790442327.476,hud,turns,,,,,"G£ù turns: 3/15",
1790442327.476,hud,calib_s,,,,,"G£ô Buffer 6s",
1790442327.477,marker,gnss,52.47091300,-1.47938000,324.00,true,,
1790442327.477,marker,dr,52.47019016,-1.48029608,337.80,true,,
1790442327.478,marker,reconciled,0.00000000,0.00000000,0.00,false,,
1790442327.527,hud,speed,,,,,"0.0 / 10.8",0.000
1790442327.527,hud,heading,,,,,"22-¦ / 36-¦",22.300
1790442327.528,hud,drift,,,,,"95.38%",95.380
1790442327.528,hud,turns,,,,,"G£ù turns: 3/15",
1790442327.528,hud,calib_s,,,,,"G£ô Buffer 6s",
1790442327.529,marker,gnss,52.47091300,-1.47938000,324.00,true,,
1790442327.529,marker,dr,52.47019016,-1.48029608,337.70,true,,
1790442327.530,marker,reconciled,0.00000000,0.00000000,0.00,false,,
1790442327.578,hud,speed,,,,,"0.0 / 10.8",0.000
1790442327.579,hud,heading,,,,,"22-¦ / 36-¦",22.000
1790442327.579,hud,drift,,,,,"95.41%",95.410
1790442327.579,hud,turns,,,,,"G£ù turns: 3/15",
1790442327.580,hud,calib_s,,,,,"G£ô Buffer 6s",
1790442327.580,marker,gnss,52.47091300,-1.47938000,324.00,true,,
1790442327.581,marker,dr,52.47019016,-1.48029608,338.00,true,,
1790442327.581,marker,reconciled,0.00000000,0.00000000,0.00,false,,
1790442327.629,hud,speed,,,,,"0.0 / 10.8",0.000
1790442327.629,hud,heading,,,,,"22-¦ / 36-¦",22.000
1790442327.630,hud,drift,,,,,"95.44%",95.440
1790442327.630,hud,turns,,,,,"G£ù turns: 3/15",
1790442327.630,hud,calib_s,,,,,"G£ô Buffer 6s",
1790442327.631,marker,gnss,52.47091300,-1.47938000,324.00,true,,
1790442327.631,marker,dr,52.47019016,-1.48029608,338.00,true,,
1790442327.632,marker,reconciled,0.00000000,0.00000000,0.00,false,,
1790442327.680,hud,speed,,,,,"0.0 / 10.8",0.000
1790442327.681,hud,heading,,,,,"22-¦ / 36-¦",21.800
1790442327.681,hud,drift,,,,,"95.47%",95.470
1790442327.681,hud,turns,,,,,"G£ù turns: 3/15",
1790442327.681,hud,calib_s,,,,,"G£ô Buffer 6s",
1790442327.682,marker,gnss,52.47091300,-1.47938000,324.00,true,,
1790442327.683,marker,dr,52.47019016,-1.48029608,338.20,true,,
1790442327.683,marker,reconciled,0.00000000,0.00000000,0.00,false,,
1790442327.730,hud,speed,,,,,"0.0 / 10.8",0.000
1790442327.730,hud,heading,,,,,"21-¦ / 36-¦",21.400
1790442327.731,hud,drift,,,,,"95.51%",95.510
1790442327.731,hud,turns,,,,,"G£ù turns: 3/15",
1790442327.731,hud,calib_s,,,,,"G£ô Buffer 6s",
1790442327.732,marker,gnss,52.47091300,-1.47938000,324.00,true,,
1790442327.732,marker,dr,52.47019016,-1.48029608,338.60,true,,
1790442327.732,marker,reconciled,0.00000000,0.00000000,0.00,false,,
1790442327.781,hud,speed,,,,,"0.0 / 10.8",0.000
1790442327.782,hud,heading,,,,,"21-¦ / 36-¦",21.200
1790442327.782,hud,drift,,,,,"95.53%",95.530
1790442327.782,hud,turns,,,,,"G£ù turns: 3/15",
1790442327.783,hud,calib_s,,,,,"G£ô Buffer 6s",
1790442327.783,marker,gnss,52.47091300,-1.47938000,324.00,true,,
1790442327.784,marker,dr,52.47019016,-1.48029608,338.80,true,,
1790442327.784,marker,reconciled,0.00000000,0.00000000,0.00,false,,
1790442327.833,hud,speed,,,,,"0.0 / 10.8",0.000
1790442327.834,hud,heading,,,,,"21-¦ / 36-¦",21.000
1790442327.834,hud,drift,,,,,"95.56%",95.560
1790442327.835,hud,turns,,,,,"G£ù turns: 3/15",
1790442327.835,hud,calib_s,,,,,"G£ô Buffer 6s",
1790442327.835,marker,gnss,52.47091300,-1.47938000,324.00,true,,
1790442327.836,marker,dr,52.47019016,-1.48029608,339.00,true,,
1790442327.836,marker,reconciled,0.00000000,0.00000000,0.00,false,,
1790442327.882,hud,speed,,,,,"0.0 / 10.8",0.000
1790442327.883,hud,heading,,,,,"21-¦ / 36-¦",21.000
1790442327.883,hud,drift,,,,,"95.59%",95.590
1790442327.883,hud,turns,,,,,"G£ù turns: 3/15",
1790442327.883,hud,calib_s,,,,,"G£ô Buffer 6s",
1790442327.884,marker,gnss,52.47091300,-1.47938000,324.00,true,,
1790442327.884,marker,dr,52.47019016,-1.48029608,339.00,true,,
1790442327.885,marker,reconciled,0.00000000,0.00000000,0.00,false,,
1790442327.933,hud,speed,,,,,"0.0 / 10.8",0.000
1790442327.934,hud,heading,,,,,"21-¦ / 36-¦",20.800
1790442327.934,hud,drift,,,,,"95.62%",95.620
1790442327.934,hud,turns,,,,,"G£ù turns: 3/15",
1790442327.935,hud,calib_s,,,,,"G£ô Buffer 6s",
1790442327.935,marker,gnss,52.47091300,-1.47938000,324.00,true,,
1790442327.936,marker,dr,52.47019016,-1.48029608,339.20,true,,
1790442327.936,marker,reconciled,0.00000000,0.00000000,0.00,false,,
1790442327.984,hud,speed,,,,,"0.0 / 10.8",0.000
1790442327.985,hud,heading,,,,,"21-¦ / 36-¦",20.500
1790442327.985,hud,drift,,,,,"95.65%",95.650
1790442327.985,hud,turns,,,,,"G£ù turns: 3/15",
1790442327.985,hud,calib_s,,,,,"G£ô Buffer 6s",
1790442327.986,marker,gnss,52.47091300,-1.47938000,324.00,true,,
1790442327.987,marker,dr,52.47019016,-1.48029608,339.50,true,,
1790442327.987,marker,reconciled,0.00000000,0.00000000,0.00,false,,
1790442328.036,hud,speed,,,,,"0.0 / 10.8",0.000
1790442328.036,hud,heading,,,,,"20-¦ / 36-¦",20.300
1790442328.036,hud,drift,,,,,"95.68%",95.680
1790442328.036,hud,turns,,,,,"G£ù turns: 3/15",
1790442328.037,hud,calib_s,,,,,"G£ô Buffer 6s",
1790442328.037,marker,gnss,52.47091300,-1.47938000,324.00,true,,
1790442328.037,marker,dr,52.47019016,-1.48029608,339.70,true,,
1790442328.038,marker,reconciled,0.00000000,0.00000000,0.00,false,,
1790442328.087,hud,speed,,,,,"0.0 / 10.8",0.000
1790442328.088,hud,heading,,,,,"20-¦ / 36-¦",19.900
1790442328.088,hud,drift,,,,,"95.71%",95.710
1790442328.088,hud,turns,,,,,"G£ù turns: 3/15",
1790442328.088,hud,calib_s,,,,,"G£ô Buffer 6s",
1790442328.089,marker,gnss,52.47091300,-1.47938000,324.00,true,,
1790442328.089,marker,dr,52.47019016,-1.48029608,340.10,true,,
1790442328.090,marker,reconciled,0.00000000,0.00000000,0.00,false,,
1790442328.137,hud,speed,,,,,"0.0 / 10.8",0.000
1790442328.137,hud,heading,,,,,"20-¦ / 36-¦",20.000
1790442328.137,hud,drift,,,,,"95.73%",95.730
1790442328.138,hud,turns,,,,,"G£ù turns: 3/15",
1790442328.138,hud,calib_s,,,,,"G£ô Buffer 6s",
1790442328.138,marker,gnss,52.47091300,-1.47938000,324.00,true,,
1790442328.139,marker,dr,52.47019016,-1.48029608,340.00,true,,
1790442328.139,marker,reconciled,0.00000000,0.00000000,0.00,false,,
1790442328.189,hud,speed,,,,,"0.0 / 10.8",0.000
1790442328.189,hud,heading,,,,,"20-¦ / 36-¦",19.800
1790442328.190,hud,drift,,,,,"95.76%",95.760
1790442328.190,hud,turns,,,,,"G£ù turns: 3/15",
1790442328.190,hud,calib_s,,,,,"G£ô Buffer 6s",
1790442328.191,marker,gnss,52.47091300,-1.47938000,324.00,true,,
1790442328.191,marker,dr,52.47019016,-1.48029608,340.20,true,,
1790442328.192,marker,reconciled,0.00000000,0.00000000,0.00,false,,
1790442328.237,hud,speed,,,,,"0.0 / 10.8",0.000
1790442328.237,hud,heading,,,,,"20-¦ / 36-¦",19.600
1790442328.237,hud,drift,,,,,"95.79%",95.790
1790442328.238,hud,turns,,,,,"G£ù turns: 3/15",
1790442328.238,hud,calib_s,,,,,"G£ô Buffer 6s",
1790442328.238,marker,gnss,52.47091300,-1.47938000,324.00,true,,
1790442328.239,marker,dr,52.47019016,-1.48029608,340.40,true,,
1790442328.239,marker,reconciled,0.00000000,0.00000000,0.00,false,,
1790442328.294,hud,speed,,,,,"0.0 / 10.8",0.000
1790442328.294,hud,heading,,,,,"19-¦ / 36-¦",19.300
1790442328.294,hud,drift,,,,,"95.81%",95.810
1790442328.295,hud,turns,,,,,"G£ù turns: 3/15",
1790442328.295,hud,calib_s,,,,,"G£ô Buffer 6s",
1790442328.295,marker,gnss,52.47091300,-1.47938000,324.00,true,,
1790442328.296,marker,dr,52.47019016,-1.48029608,340.70,true,,
1790442328.296,marker,reconciled,0.00000000,0.00000000,0.00,false,,
1790442328.342,hud,speed,,,,,"0.0 / 10.8",0.000
1790442328.343,hud,heading,,,,,"19-¦ / 36-¦",18.900
1790442328.343,hud,drift,,,,,"95.84%",95.840
1790442328.343,hud,turns,,,,,"G£ù turns: 3/15",
1790442328.343,hud,calib_s,,,,,"G£ô Buffer 6s",
1790442328.344,marker,gnss,52.47091300,-1.47938000,324.00,true,,
1790442328.344,marker,dr,52.47019016,-1.48029608,341.10,true,,
1790442328.345,marker,reconciled,0.00000000,0.00000000,0.00,false,,
1790442328.390,hud,speed,,,,,"0.0 / 10.8",0.000
1790442328.391,hud,heading,,,,,"19-¦ / 36-¦",18.700
1790442328.391,hud,drift,,,,,"95.86%",95.860
1790442328.391,hud,turns,,,,,"G£ù turns: 3/15",
1790442328.391,hud,calib_s,,,,,"G£ô Buffer 6s",
1790442328.393,marker,gnss,52.47091300,-1.47938000,324.00,true,,
1790442328.394,marker,dr,52.47019016,-1.48029608,341.30,true,,
1790442328.394,marker,reconciled,0.00000000,0.00000000,0.00,false,,
1790442328.442,hud,speed,,,,,"0.0 / 10.8",0.000
1790442328.442,hud,heading,,,,,"19-¦ / 36-¦",18.500
1790442328.442,hud,drift,,,,,"95.89%",95.890
1790442328.443,hud,turns,,,,,"G£ù turns: 3/15",
1790442328.443,hud,calib_s,,,,,"G£ô Buffer 6s",
1790442328.443,marker,gnss,52.47091300,-1.47938000,324.00,true,,
1790442328.444,marker,dr,52.47019016,-1.48029608,341.50,true,,
1790442328.444,marker,reconciled,0.00000000,0.00000000,0.00,false,,
1790442328.495,hud,speed,,,,,"0.0 / 10.8",0.000
1790442328.496,hud,heading,,,,,"19-¦ / 36-¦",18.500
1790442328.496,hud,drift,,,,,"95.91%",95.910
1790442328.496,hud,turns,,,,,"G£ù turns: 3/15",
1790442328.496,hud,calib_s,,,,,"G£ô Buffer 6s",
1790442328.497,marker,gnss,52.47091300,-1.47938000,324.00,true,,
1790442328.497,marker,dr,52.47019016,-1.48029608,341.50,true,,
1790442328.498,marker,reconciled,0.00000000,0.00000000,0.00,false,,
1790442328.547,hud,speed,,,,,"0.0 / 10.8",0.000
1790442328.548,hud,heading,,,,,"18-¦ / 36-¦",18.300
1790442328.548,hud,drift,,,,,"95.94%",95.940
1790442328.548,hud,turns,,,,,"G£ù turns: 3/15",
1790442328.548,hud,calib_s,,,,,"G£ô Buffer 6s",
1790442328.549,marker,gnss,52.47091300,-1.47938000,324.00,true,,
1790442328.549,marker,dr,52.47019016,-1.48029608,341.70,true,,
1790442328.550,marker,reconciled,0.00000000,0.00000000,0.00,false,,
1790442328.599,hud,speed,,,,,"0.0 / 10.8",0.000
1790442328.599,hud,heading,,,,,"18-¦ / 36-¦",18.100
1790442328.600,hud,drift,,,,,"95.96%",95.960
1790442328.600,hud,turns,,,,,"G£ù turns: 3/15",
1790442328.600,hud,calib_s,,,,,"G£ô Buffer 6s",
1790442328.601,marker,gnss,52.47091300,-1.47938000,324.00,true,,
1790442328.601,marker,dr,52.47019016,-1.48029608,341.90,true,,
1790442328.602,marker,reconciled,0.00000000,0.00000000,0.00,false,,
1790442328.645,hud,speed,,,,,"0.0 / 10.8",0.000
1790442328.646,hud,heading,,,,,"18-¦ / 36-¦",18.000
1790442328.646,hud,drift,,,,,"95.99%",95.990
1790442328.647,hud,turns,,,,,"G£ù turns: 3/15",
1790442328.647,hud,calib_s,,,,,"G£ô Buffer 6s",
1790442328.647,marker,gnss,52.47091300,-1.47938000,324.00,true,,
1790442328.648,marker,dr,52.47019016,-1.48029608,342.00,true,,
1790442328.648,marker,reconciled,0.00000000,0.00000000,0.00,false,,
1790442328.699,hud,speed,,,,,"0.0 / 10.8",0.000
1790442328.700,hud,heading,,,,,"18-¦ / 36-¦",17.800
1790442328.700,hud,drift,,,,,"96.01%",96.010
1790442328.700,hud,turns,,,,,"G£ù turns: 3/15",
1790442328.700,hud,calib_s,,,,,"G£ô Buffer 6s",
1790442328.701,marker,gnss,52.47091300,-1.47938000,324.00,true,,
1790442328.701,marker,dr,52.47019016,-1.48029608,342.20,true,,
1790442328.702,marker,reconciled,0.00000000,0.00000000,0.00,false,,
1790442328.751,hud,speed,,,,,"0.0 / 10.8",0.000
1790442328.751,hud,heading,,,,,"17-¦ / 36-¦",17.400
1790442328.752,hud,drift,,,,,"96.03%",96.030
1790442328.752,hud,turns,,,,,"G£ù turns: 3/15",
1790442328.752,hud,calib_s,,,,,"G£ô Buffer 6s",
1790442328.753,marker,gnss,52.47091300,-1.47938000,324.00,true,,
1790442328.754,marker,dr,52.47019016,-1.48029608,342.60,true,,
1790442328.754,marker,reconciled,0.00000000,0.00000000,0.00,false,,
1790442328.814,hud,speed,,,,,"0.0 / 10.8",0.000
1790442328.815,hud,heading,,,,,"17-¦ / 36-¦",16.800
1790442328.815,hud,drift,,,,,"96.08%",96.080
1790442328.815,hud,turns,,,,,"G£ù turns: 3/15",
1790442328.815,hud,calib_s,,,,,"G£ô Buffer 6s",
1790442328.816,marker,gnss,52.47091300,-1.47938000,324.00,true,,
1790442328.816,marker,dr,52.47019016,-1.48029608,343.20,true,,
1790442328.817,marker,reconciled,0.00000000,0.00000000,0.00,false,,
1790442328.848,hud,speed,,,,,"0.0 / 10.8",0.000
1790442328.849,hud,heading,,,,,"17-¦ / 36-¦",16.600
1790442328.849,hud,drift,,,,,"96.10%",96.100
1790442328.849,hud,turns,,,,,"G£ù turns: 3/15",
1790442328.849,hud,calib_s,,,,,"G£ô Buffer 6s",
1790442328.849,marker,gnss,52.47091300,-1.47938000,324.00,true,,
1790442328.850,marker,dr,52.47019016,-1.48029608,343.40,true,,
1790442328.850,marker,reconciled,0.00000000,0.00000000,0.00,false,,
1790442328.902,hud,speed,,,,,"0.0 / 10.8",0.000
1790442328.903,hud,heading,,,,,"17-¦ / 36-¦",16.700
1790442328.903,hud,drift,,,,,"96.12%",96.120
1790442328.903,hud,turns,,,,,"G£ù turns: 3/15",
1790442328.904,hud,calib_s,,,,,"G£ô Buffer 6s",
1790442328.904,marker,gnss,52.47091300,-1.47938000,324.00,true,,
1790442328.905,marker,dr,52.47019016,-1.48029608,343.30,true,,
1790442328.905,marker,reconciled,0.00000000,0.00000000,0.00,false,,
1790442328.953,hud,speed,,,,,"0.0 / 10.8",0.000
1790442328.954,hud,heading,,,,,"17-¦ / 36-¦",16.600
1790442328.954,hud,drift,,,,,"96.15%",96.150
1790442328.954,hud,turns,,,,,"G£ù turns: 3/15",
1790442328.955,hud,calib_s,,,,,"G£ô Buffer 6s",
1790442328.955,marker,gnss,52.47091300,-1.47938000,324.00,true,,
1790442328.956,marker,dr,52.47019016,-1.48029608,343.40,true,,
1790442328.956,marker,reconciled,0.00000000,0.00000000,0.00,false,,
1790442329.006,hud,speed,,,,,"0.0 / 10.8",0.000
1790442329.007,hud,heading,,,,,"17-¦ / 36-¦",16.900
1790442329.007,hud,drift,,,,,"96.17%",96.170
1790442329.007,hud,turns,,,,,"G£ù turns: 3/15",
1790442329.008,hud,calib_s,,,,,"G£ô Buffer 6s",
1790442329.008,marker,gnss,52.47091300,-1.47938000,324.00,true,,
1790442329.009,marker,dr,52.47019016,-1.48029608,343.10,true,,
1790442329.009,marker,reconciled,0.00000000,0.00000000,0.00,false,,
1790442329.060,hud,speed,,,,,"0.0 / 10.8",0.000
1790442329.060,hud,heading,,,,,"17-¦ / 36-¦",16.600
1790442329.060,hud,drift,,,,,"96.19%",96.190
1790442329.061,hud,turns,,,,,"G£ù turns: 3/15",
1790442329.061,hud,calib_s,,,,,"G£ô Buffer 6s",
1790442329.061,marker,gnss,52.47091300,-1.47938000,324.00,true,,
1790442329.062,marker,dr,52.47019016,-1.48029608,343.40,true,,
1790442329.063,marker,reconciled,0.00000000,0.00000000,0.00,false,,
1790442329.109,hud,speed,,,,,"0.0 / 10.8",0.000
1790442329.110,hud,heading,,,,,"16-¦ / 36-¦",15.900
1790442329.110,hud,drift,,,,,"96.21%",96.210
1790442329.111,hud,turns,,,,,"G£ù turns: 3/15",
1790442329.111,hud,calib_s,,,,,"G£ô Buffer 6s",
1790442329.112,marker,gnss,52.47091300,-1.47938000,324.00,true,,
1790442329.112,marker,dr,52.47019016,-1.48029608,344.10,true,,
1790442329.113,marker,reconciled,0.00000000,0.00000000,0.00,false,,
1790442329.162,hud,speed,,,,,"0.0 / 10.8",0.000
1790442329.162,hud,heading,,,,,"16-¦ / 36-¦",15.900
1790442329.163,hud,drift,,,,,"96.23%",96.230
1790442329.163,hud,turns,,,,,"G£ù turns: 3/15",
1790442329.163,hud,calib_s,,,,,"G£ô Buffer 6s",
1790442329.164,marker,gnss,52.47091300,-1.47938000,324.00,true,,
1790442329.165,marker,dr,52.47019016,-1.48029608,344.10,true,,
1790442329.165,marker,reconciled,0.00000000,0.00000000,0.00,false,,
1790442329.211,hud,speed,,,,,"0.0 / 10.8",0.000
1790442329.211,hud,heading,,,,,"15-¦ / 36-¦",15.200
1790442329.211,hud,drift,,,,,"96.25%",96.250
1790442329.212,hud,turns,,,,,"G£ù turns: 3/15",
1790442329.212,hud,calib_s,,,,,"G£ô Buffer 6s",
1790442329.212,marker,gnss,52.47091300,-1.47938000,324.00,true,,
1790442329.213,marker,dr,52.47019016,-1.48029608,344.80,true,,
1790442329.213,marker,reconciled,0.00000000,0.00000000,0.00,false,,
1790442329.266,hud,speed,,,,,"0.0 / 10.8",0.000
1790442329.266,hud,heading,,,,,"15-¦ / 36-¦",14.800
1790442329.267,hud,drift,,,,,"96.27%",96.270
1790442329.267,hud,turns,,,,,"G£ù turns: 3/15",
1790442329.267,hud,calib_s,,,,,"G£ô Buffer 6s",
1790442329.268,marker,gnss,52.47091300,-1.47938000,324.00,true,,
1790442329.269,marker,dr,52.47019016,-1.48029608,345.20,true,,
1790442329.269,marker,reconciled,0.00000000,0.00000000,0.00,false,,
1790442329.319,hud,speed,,,,,"0.0 / 10.8",0.000
1790442329.319,hud,heading,,,,,"14-¦ / 36-¦",14.200
1790442329.319,hud,drift,,,,,"96.29%",96.290
1790442329.320,hud,turns,,,,,"G£ù turns: 3/15",
1790442329.320,hud,calib_s,,,,,"G£ô Buffer 6s",
1790442329.320,marker,gnss,52.47091300,-1.47938000,324.00,true,,
1790442329.321,marker,dr,52.47019016,-1.48029608,345.80,true,,
1790442329.321,marker,reconciled,0.00000000,0.00000000,0.00,false,,
1790442329.368,hud,speed,,,,,"0.0 / 10.8",0.000
1790442329.369,hud,heading,,,,,"14-¦ / 36-¦",13.900
1790442329.369,hud,drift,,,,,"96.31%",96.310
1790442329.370,hud,turns,,,,,"G£ù turns: 3/15",
1790442329.370,hud,calib_s,,,,,"G£ô Buffer 6s",
1790442329.370,marker,gnss,52.47091300,-1.47938000,324.00,true,,
1790442329.371,marker,dr,52.47019016,-1.48029608,346.10,true,,
1790442329.372,marker,reconciled,0.00000000,0.00000000,0.00,false,,
1790442329.417,hud,speed,,,,,"0.0 / 10.8",0.000
1790442329.418,hud,heading,,,,,"14-¦ / 36-¦",13.600
1790442329.418,hud,drift,,,,,"96.33%",96.330
1790442329.418,hud,turns,,,,,"G£ù turns: 3/15",
1790442329.418,hud,calib_s,,,,,"G£ô Buffer 6s",
1790442329.419,marker,gnss,52.47091300,-1.47938000,324.00,true,,
1790442329.419,marker,dr,52.47019016,-1.48029608,346.40,true,,
1790442329.420,marker,reconciled,0.00000000,0.00000000,0.00,false,,
1790442329.471,hud,speed,,,,,"0.0 / 10.8",0.000
1790442329.471,hud,heading,,,,,"14-¦ / 36-¦",13.600
1790442329.472,hud,drift,,,,,"96.35%",96.350
1790442329.472,hud,turns,,,,,"G£ù turns: 3/15",
1790442329.472,hud,calib_s,,,,,"G£ô Buffer 6s",
1790442329.473,marker,gnss,52.47091300,-1.47938000,324.00,true,,
1790442329.473,marker,dr,52.47019016,-1.48029608,346.40,true,,
1790442329.474,marker,reconciled,0.00000000,0.00000000,0.00,false,,
1790442329.524,hud,speed,,,,,"0.0 / 10.8",0.000
1790442329.524,hud,heading,,,,,"13-¦ / 36-¦",13.200
1790442329.524,hud,drift,,,,,"96.37%",96.370
1790442329.525,hud,turns,,,,,"G£ù turns: 3/15",
1790442329.525,hud,calib_s,,,,,"G£ô Buffer 6s",
1790442329.526,marker,gnss,52.47091300,-1.47938000,324.00,true,,
1790442329.526,marker,dr,52.47019016,-1.48029608,346.80,true,,
1790442329.527,marker,reconciled,0.00000000,0.00000000,0.00,false,,
1790442329.575,hud,speed,,,,,"0.0 / 10.8",0.000
1790442329.575,hud,heading,,,,,"13-¦ / 36-¦",12.900
1790442329.576,hud,drift,,,,,"96.39%",96.390
1790442329.576,hud,turns,,,,,"G£ù turns: 3/15",
1790442329.576,hud,calib_s,,,,,"G£ô Buffer 6s",
1790442329.577,marker,gnss,52.47091300,-1.47938000,324.00,true,,
1790442329.577,marker,dr,52.47019016,-1.48029608,347.10,true,,
1790442329.578,marker,reconciled,0.00000000,0.00000000,0.00,false,,
1790442329.625,hud,speed,,,,,"0.0 / 10.8",0.000
1790442329.626,hud,heading,,,,,"13-¦ / 36-¦",12.500
1790442329.626,hud,drift,,,,,"96.41%",96.410
1790442329.627,hud,turns,,,,,"G£ù turns: 3/15",
1790442329.627,hud,calib_s,,,,,"G£ô Buffer 6s",
1790442329.627,marker,gnss,52.47091300,-1.47938000,324.00,true,,
1790442329.628,marker,dr,52.47019016,-1.48029608,347.50,true,,
1790442329.628,marker,reconciled,0.00000000,0.00000000,0.00,false,,
1790442329.679,hud,speed,,,,,"0.0 / 10.8",0.000
1790442329.680,hud,heading,,,,,"12-¦ / 36-¦",12.100
1790442329.680,hud,drift,,,,,"96.43%",96.430
1790442329.680,hud,turns,,,,,"G£ù turns: 3/15",
1790442329.681,hud,calib_s,,,,,"G£ô Buffer 6s",
1790442329.681,marker,gnss,52.47091300,-1.47938000,324.00,true,,
1790442329.682,marker,dr,52.47019016,-1.48029608,347.90,true,,
1790442329.683,marker,reconciled,0.00000000,0.00000000,0.00,false,,
1790442329.727,hud,speed,,,,,"0.0 / 10.8",0.000
1790442329.728,hud,heading,,,,,"12-¦ / 36-¦",12.100
1790442329.728,hud,drift,,,,,"96.45%",96.450
1790442329.728,hud,turns,,,,,"G£ù turns: 3/15",
1790442329.729,hud,calib_s,,,,,"G£ô Buffer 6s",
1790442329.729,marker,gnss,52.47091300,-1.47938000,324.00,true,,
1790442329.730,marker,dr,52.47019016,-1.48029608,347.90,true,,
1790442329.730,marker,reconciled,0.00000000,0.00000000,0.00,false,,
1790442329.785,hud,speed,,,,,"0.0 / 11.2",0.000
1790442329.786,hud,heading,,,,,"12-¦ / 19-¦",11.800
1790442329.786,hud,drift,,,,,"96.47%",96.470
1790442329.786,hud,turns,,,,,"G£ù turns: 3/15",
1790442329.786,hud,calib_s,,,,,"G£ô Buffer 6s",
1790442329.787,marker,gnss,52.47162200,-1.47853600,341.00,true,,
1790442329.788,marker,dr,52.47019016,-1.48029608,348.20,true,,
1790442329.788,marker,reconciled,0.00000000,0.00000000,0.00,false,,
1790442329.832,hud,speed,,,,,"0.0 / 11.2",0.000
1790442329.832,hud,heading,,,,,"11-¦ / 19-¦",11.200
1790442329.832,hud,drift,,,,,"96.46%",96.460
1790442329.833,hud,turns,,,,,"G£ù turns: 3/15",
1790442329.833,hud,calib_s,,,,,"G£ô Buffer 6s",
1790442329.833,marker,gnss,52.47162200,-1.47853600,341.00,true,,
1790442329.834,marker,dr,52.47019016,-1.48029608,348.80,true,,
1790442329.834,marker,reconciled,0.00000000,0.00000000,0.00,false,,
1790442329.885,hud,speed,,,,,"0.0 / 11.2",0.000
1790442329.885,hud,heading,,,,,"11-¦ / 19-¦",10.900
1790442329.886,hud,drift,,,,,"96.46%",96.460
1790442329.886,hud,turns,,,,,"G£ù turns: 3/15",
1790442329.886,hud,calib_s,,,,,"G£ô Buffer 6s",
1790442329.887,marker,gnss,52.47162200,-1.47853600,341.00,true,,
1790442329.888,marker,dr,52.47019016,-1.48029608,349.10,true,,
1790442329.888,marker,reconciled,0.00000000,0.00000000,0.00,false,,
1790442329.939,hud,speed,,,,,"0.0 / 11.2",0.000
1790442329.939,hud,heading,,,,,"10-¦ / 19-¦",10.400
1790442329.940,hud,drift,,,,,"96.45%",96.450
1790442329.940,hud,turns,,,,,"G£ù turns: 3/15",
1790442329.940,hud,calib_s,,,,,"G£ô Buffer 6s",
1790442329.941,marker,gnss,52.47162200,-1.47853600,341.00,true,,
1790442329.941,marker,dr,52.47019016,-1.48029608,349.60,true,,
1790442329.942,marker,reconciled,0.00000000,0.00000000,0.00,false,,
1790442329.991,hud,speed,,,,,"0.0 / 11.2",0.000
1790442329.991,hud,heading,,,,,"10-¦ / 19-¦",10.000
1790442329.992,hud,drift,,,,,"96.44%",96.440
1790442329.992,hud,turns,,,,,"G£ù turns: 3/15",
1790442329.992,hud,calib_s,,,,,"G£ô Buffer 6s",
1790442329.993,marker,gnss,52.47162200,-1.47853600,341.00,true,,
1790442329.994,marker,dr,52.47019016,-1.48029608,350.00,true,,
1790442329.994,marker,reconciled,0.00000000,0.00000000,0.00,false,,
1790442330.040,hud,speed,,,,,"0.0 / 11.2",0.000
1790442330.041,hud,heading,,,,,"10-¦ / 19-¦",9.500
1790442330.041,hud,drift,,,,,"96.44%",96.440
1790442330.041,hud,turns,,,,,"G£ù turns: 3/15",
1790442330.041,hud,calib_s,,,,,"G£ô Buffer 6s",
1790442330.042,marker,gnss,52.47162200,-1.47853600,341.00,true,,
1790442330.043,marker,dr,52.47019016,-1.48029608,350.50,true,,
1790442330.043,marker,reconciled,0.00000000,0.00000000,0.00,false,,
1790442330.095,hud,speed,,,,,"0.0 / 11.2",0.000
1790442330.096,hud,heading,,,,,"9-¦ / 19-¦",9.200
1790442330.096,hud,drift,,,,,"96.43%",96.430
1790442330.096,hud,turns,,,,,"G£ù turns: 3/15",
1790442330.097,hud,calib_s,,,,,"G£ô Buffer 6s",
1790442330.097,marker,gnss,52.47162200,-1.47853600,341.00,true,,
1790442330.098,marker,dr,52.47019016,-1.48029608,350.80,true,,
1790442330.098,marker,reconciled,0.00000000,0.00000000,0.00,false,,
1790442330.145,hud,speed,,,,,"0.0 / 11.2",0.000
1790442330.146,hud,heading,,,,,"9-¦ / 19-¦",8.700
1790442330.146,hud,drift,,,,,"96.43%",96.430
1790442330.146,hud,turns,,,,,"G£ù turns: 3/15",
1790442330.147,hud,calib_s,,,,,"G£ô Buffer 6s",
1790442330.147,marker,gnss,52.47162200,-1.47853600,341.00,true,,
1790442330.148,marker,dr,52.47019016,-1.48029608,351.30,true,,
1790442330.148,marker,reconciled,0.00000000,0.00000000,0.00,false,,
1790442330.196,hud,speed,,,,,"0.0 / 11.2",0.000
1790442330.197,hud,heading,,,,,"8-¦ / 19-¦",8.200
1790442330.197,hud,drift,,,,,"96.42%",96.420
1790442330.197,hud,turns,,,,,"G£ù turns: 3/15",
1790442330.198,hud,calib_s,,,,,"G£ô Buffer 6s",
1790442330.198,marker,gnss,52.47162200,-1.47853600,341.00,true,,
1790442330.199,marker,dr,52.47019016,-1.48029608,351.80,true,,
1790442330.200,marker,reconciled,0.00000000,0.00000000,0.00,false,,
1790442330.245,hud,speed,,,,,"0.0 / 11.2",0.000
1790442330.246,hud,heading,,,,,"8-¦ / 19-¦",8.100
1790442330.246,hud,drift,,,,,"96.42%",96.420
1790442330.246,hud,turns,,,,,"G£ù turns: 3/15",
1790442330.247,hud,calib_s,,,,,"G£ô Buffer 6s",
1790442330.247,marker,gnss,52.47162200,-1.47853600,341.00,true,,
1790442330.248,marker,dr,52.47019016,-1.48029608,351.90,true,,
1790442330.248,marker,reconciled,0.00000000,0.00000000,0.00,false,,
1790442330.298,hud,speed,,,,,"0.0 / 11.2",0.000
1790442330.299,hud,heading,,,,,"8-¦ / 19-¦",7.900
1790442330.299,hud,drift,,,,,"96.41%",96.410
1790442330.300,hud,turns,,,,,"G£ù turns: 3/15",
1790442330.300,hud,calib_s,,,,,"G£ô Buffer 6s",
1790442330.300,marker,gnss,52.47162200,-1.47853600,341.00,true,,
1790442330.301,marker,dr,52.47019016,-1.48029608,352.10,true,,
1790442330.301,marker,reconciled,0.00000000,0.00000000,0.00,false,,
1790442330.358,hud,speed,,,,,"0.0 / 11.2",0.000
1790442330.359,hud,heading,,,,,"7-¦ / 19-¦",7.300
1790442330.359,hud,drift,,,,,"96.41%",96.410
1790442330.359,hud,turns,,,,,"G£ù turns: 3/15",
1790442330.359,hud,calib_s,,,,,"G£ô Buffer 6s",
1790442330.360,marker,gnss,52.47162200,-1.47853600,341.00,true,,
1790442330.360,marker,dr,52.47019016,-1.48029608,352.70,true,,
1790442330.361,marker,reconciled,0.00000000,0.00000000,0.00,false,,
1790442330.404,hud,speed,,,,,"0.0 / 11.2",0.000
1790442330.405,hud,heading,,,,,"7-¦ / 19-¦",7.200
1790442330.405,hud,drift,,,,,"96.41%",96.410
1790442330.405,hud,turns,,,,,"G£ù turns: 3/15",
1790442330.405,hud,calib_s,,,,,"G£ô Buffer 6s",
1790442330.406,marker,gnss,52.47162200,-1.47853600,341.00,true,,
1790442330.406,marker,dr,52.47019016,-1.48029608,352.80,true,,
1790442330.407,marker,reconciled,0.00000000,0.00000000,0.00,false,,
1790442330.457,hud,speed,,,,,"0.0 / 11.2",0.000
1790442330.457,hud,heading,,,,,"7-¦ / 19-¦",7.000
1790442330.457,hud,drift,,,,,"96.40%",96.400
1790442330.457,hud,turns,,,,,"G£ù turns: 3/15",
1790442330.457,hud,calib_s,,,,,"G£ô Buffer 6s",
1790442330.458,marker,gnss,52.47162200,-1.47853600,341.00,true,,
1790442330.458,marker,dr,52.47019016,-1.48029608,353.00,true,,
1790442330.459,marker,reconciled,0.00000000,0.00000000,0.00,false,,
1790442330.505,hud,speed,,,,,"0.0 / 11.2",0.000
1790442330.506,hud,heading,,,,,"7-¦ / 19-¦",6.800
1790442330.506,hud,drift,,,,,"96.40%",96.400
1790442330.506,hud,turns,,,,,"G£ù turns: 3/15",
1790442330.506,hud,calib_s,,,,,"G£ô Buffer 6s",
1790442330.507,marker,gnss,52.47162200,-1.47853600,341.00,true,,
1790442330.507,marker,dr,52.47019016,-1.48029608,353.20,true,,
1790442330.507,marker,reconciled,0.00000000,0.00000000,0.00,false,,
1790442330.557,hud,speed,,,,,"0.0 / 11.2",0.000
1790442330.557,hud,heading,,,,,"7-¦ / 19-¦",6.700
1790442330.557,hud,drift,,,,,"96.40%",96.400
1790442330.558,hud,turns,,,,,"G£ù turns: 3/15",
1790442330.558,hud,calib_s,,,,,"G£ô Buffer 6s",
1790442330.558,marker,gnss,52.47162200,-1.47853600,341.00,true,,
1790442330.559,marker,dr,52.47019016,-1.48029608,353.30,true,,
1790442330.559,marker,reconciled,0.00000000,0.00000000,0.00,false,,
1790442330.612,hud,speed,,,,,"0.0 / 11.2",0.000
1790442330.613,hud,heading,,,,,"6-¦ / 19-¦",6.400
1790442330.613,hud,drift,,,,,"96.40%",96.400
1790442330.613,hud,turns,,,,,"G£ù turns: 3/15",
1790442330.613,hud,calib_s,,,,,"G£ô Buffer 6s",
1790442330.614,marker,gnss,52.47162200,-1.47853600,341.00,true,,
1790442330.614,marker,dr,52.47019016,-1.48029608,353.60,true,,
1790442330.615,marker,reconciled,0.00000000,0.00000000,0.00,false,,
1790442330.659,hud,speed,,,,,"0.0 / 11.2",0.000
1790442330.660,hud,heading,,,,,"6-¦ / 19-¦",6.100
1790442330.660,hud,drift,,,,,"96.39%",96.390
1790442330.660,hud,turns,,,,,"G£ù turns: 3/15",
1790442330.660,hud,calib_s,,,,,"G£ô Buffer 6s",
1790442330.661,marker,gnss,52.47162200,-1.47853600,341.00,true,,
1790442330.661,marker,dr,52.47019016,-1.48029608,353.90,true,,
1790442330.662,marker,reconciled,0.00000000,0.00000000,0.00,false,,
1790442330.713,hud,speed,,,,,"0.0 / 11.2",0.000
1790442330.713,hud,heading,,,,,"6-¦ / 19-¦",6.100
1790442330.713,hud,drift,,,,,"96.39%",96.390
1790442330.713,hud,turns,,,,,"G£ù turns: 3/15",
1790442330.714,hud,calib_s,,,,,"G£ô Buffer 6s",
1790442330.714,marker,gnss,52.47162200,-1.47853600,341.00,true,,
1790442330.715,marker,dr,52.47019016,-1.48029608,353.90,true,,
1790442330.715,marker,reconciled,0.00000000,0.00000000,0.00,false,,
1790442330.769,hud,speed,,,,,"0.0 / 11.2",0.000
1790442330.769,hud,heading,,,,,"6-¦ / 19-¦",5.800
1790442330.769,hud,drift,,,,,"96.39%",96.390
1790442330.770,hud,turns,,,,,"G£ù turns: 3/15",
1790442330.770,hud,calib_s,,,,,"G£ô Buffer 6s",
1790442330.771,marker,gnss,52.47162200,-1.47853600,341.00,true,,
1790442330.771,marker,dr,52.47019016,-1.48029608,354.20,true,,
1790442330.772,marker,reconciled,0.00000000,0.00000000,0.00,false,,
1790442330.814,hud,speed,,,,,"0.0 / 11.2",0.000
1790442330.815,hud,heading,,,,,"6-¦ / 19-¦",5.500
1790442330.815,hud,drift,,,,,"96.39%",96.390
1790442330.815,hud,turns,,,,,"G£ù turns: 3/15",
1790442330.815,hud,calib_s,,,,,"G£ô Buffer 6s",
1790442330.816,marker,gnss,52.47162200,-1.47853600,341.00,true,,
1790442330.816,marker,dr,52.47019016,-1.48029608,354.50,true,,
1790442330.816,marker,reconciled,0.00000000,0.00000000,0.00,false,,
1790442330.867,hud,speed,,,,,"0.0 / 11.2",0.000
1790442330.868,hud,heading,,,,,"5-¦ / 19-¦",5.100
1790442330.868,hud,drift,,,,,"96.39%",96.390
1790442330.868,hud,turns,,,,,"G£ù turns: 3/15",
1790442330.868,hud,calib_s,,,,,"G£ô Buffer 6s",
1790442330.869,marker,gnss,52.47162200,-1.47853600,341.00,true,,
1790442330.869,marker,dr,52.47019016,-1.48029608,354.90,true,,
1790442330.870,marker,reconciled,0.00000000,0.00000000,0.00,false,,
1790442330.917,hud,speed,,,,,"0.0 / 11.2",0.000
1790442330.917,hud,heading,,,,,"5-¦ / 19-¦",5.100
1790442330.917,hud,drift,,,,,"96.39%",96.390
1790442330.918,hud,turns,,,,,"G£ù turns: 3/15",
1790442330.918,hud,calib_s,,,,,"G£ô Buffer 6s",
1790442330.918,marker,gnss,52.47162200,-1.47853600,341.00,true,,
1790442330.919,marker,dr,52.47019016,-1.48029608,354.90,true,,
1790442330.919,marker,reconciled,0.00000000,0.00000000,0.00,false,,
1790442330.967,hud,speed,,,,,"0.0 / 11.2",0.000
1790442330.967,hud,heading,,,,,"5-¦ / 19-¦",5.100
1790442330.968,hud,drift,,,,,"96.38%",96.380
1790442330.968,hud,turns,,,,,"G£ù turns: 3/15",
1790442330.968,hud,calib_s,,,,,"G£ô Buffer 6s",
1790442330.969,marker,gnss,52.47162200,-1.47853600,341.00,true,,
1790442330.969,marker,dr,52.47019016,-1.48029608,354.90,true,,
1790442330.970,marker,reconciled,0.00000000,0.00000000,0.00,false,,
1790442331.016,hud,speed,,,,,"0.0 / 11.2",0.000
1790442331.016,hud,heading,,,,,"5-¦ / 19-¦",5.000
1790442331.017,hud,drift,,,,,"96.38%",96.380
1790442331.017,hud,turns,,,,,"G£ù turns: 3/15",
1790442331.017,hud,calib_s,,,,,"G£ô Buffer 6s",
1790442331.017,marker,gnss,52.47162200,-1.47853600,341.00,true,,
1790442331.018,marker,dr,52.47019016,-1.48029608,355.00,true,,
1790442331.018,marker,reconciled,0.00000000,0.00000000,0.00,false,,
1790442331.069,hud,speed,,,,,"0.0 / 11.2",0.000
1790442331.070,hud,heading,,,,,"5-¦ / 19-¦",4.800
1790442331.070,hud,drift,,,,,"96.38%",96.380
1790442331.071,hud,turns,,,,,"G£ù turns: 3/15",
1790442331.071,hud,calib_s,,,,,"G£ô Buffer 6s",
1790442331.071,marker,gnss,52.47162200,-1.47853600,341.00,true,,
1790442331.072,marker,dr,52.47019016,-1.48029608,355.20,true,,
1790442331.072,marker,reconciled,0.00000000,0.00000000,0.00,false,,
1790442331.123,hud,speed,,,,,"0.0 / 11.2",0.000
1790442331.123,hud,heading,,,,,"5-¦ / 19-¦",4.900
1790442331.124,hud,drift,,,,,"96.38%",96.380
1790442331.124,hud,turns,,,,,"G£ù turns: 3/15",
1790442331.124,hud,calib_s,,,,,"G£ô Buffer 6s",
1790442331.125,marker,gnss,52.47162200,-1.47853600,341.00,true,,
1790442331.125,marker,dr,52.47019016,-1.48029608,355.10,true,,
1790442331.125,marker,reconciled,0.00000000,0.00000000,0.00,false,,
1790442331.172,hud,speed,,,,,"0.0 / 11.2",0.000
1790442331.173,hud,heading,,,,,"5-¦ / 19-¦",5.100
1790442331.173,hud,drift,,,,,"96.38%",96.380
1790442331.173,hud,turns,,,,,"G£ù turns: 3/15",
1790442331.173,hud,calib_s,,,,,"G£ô Buffer 6s",
1790442331.174,marker,gnss,52.47162200,-1.47853600,341.00,true,,
1790442331.175,marker,dr,52.47019016,-1.48029608,354.90,true,,
1790442331.175,marker,reconciled,0.00000000,0.00000000,0.00,false,,
1790442331.226,hud,speed,,,,,"0.0 / 11.2",0.000
1790442331.226,hud,heading,,,,,"5-¦ / 19-¦",4.700
1790442331.227,hud,drift,,,,,"96.38%",96.380
1790442331.227,hud,turns,,,,,"G£ù turns: 3/15",
1790442331.227,hud,calib_s,,,,,"G£ô Buffer 6s",
1790442331.228,marker,gnss,52.47162200,-1.47853600,341.00,true,,
1790442331.229,marker,dr,52.47019016,-1.48029608,355.30,true,,
1790442331.229,marker,reconciled,0.00000000,0.00000000,0.00,false,,
1790442331.279,hud,speed,,,,,"0.0 / 11.2",0.000
1790442331.280,hud,heading,,,,,"5-¦ / 19-¦",4.900
1790442331.280,hud,drift,,,,,"96.38%",96.380
1790442331.280,hud,turns,,,,,"G£ù turns: 3/15",
1790442331.281,hud,calib_s,,,,,"G£ô Buffer 6s",
1790442331.282,marker,gnss,52.47162200,-1.47853600,341.00,true,,
1790442331.282,marker,dr,52.47019016,-1.48029608,355.10,true,,
1790442331.283,marker,reconciled,0.00000000,0.00000000,0.00,false,,
1790442331.322,hud,speed,,,,,"0.0 / 11.2",0.000
1790442331.322,hud,heading,,,,,"5-¦ / 19-¦",4.800
1790442331.323,hud,drift,,,,,"96.38%",96.380
1790442331.323,hud,turns,,,,,"G£ù turns: 3/15",
1790442331.323,hud,calib_s,,,,,"G£ô Buffer 6s",
1790442331.324,marker,gnss,52.47162200,-1.47853600,341.00,true,,
1790442331.324,marker,dr,52.47019016,-1.48029608,355.20,true,,
1790442331.324,marker,reconciled,0.00000000,0.00000000,0.00,false,,
1790442331.378,hud,speed,,,,,"0.0 / 11.2",0.000
1790442331.378,hud,heading,,,,,"5-¦ / 19-¦",4.700
1790442331.379,hud,drift,,,,,"96.38%",96.380
1790442331.379,hud,turns,,,,,"G£ù turns: 3/15",
1790442331.379,hud,calib_s,,,,,"G£ô Buffer 6s",
1790442331.380,marker,gnss,52.47162200,-1.47853600,341.00,true,,
1790442331.380,marker,dr,52.47019016,-1.48029608,355.30,true,,
1790442331.380,marker,reconciled,0.00000000,0.00000000,0.00,false,,
1790442331.429,hud,speed,,,,,"0.0 / 11.2",0.000
1790442331.429,hud,heading,,,,,"5-¦ / 19-¦",4.800
1790442331.430,hud,drift,,,,,"96.38%",96.380
1790442331.430,hud,turns,,,,,"G£ù turns: 3/15",
1790442331.430,hud,calib_s,,,,,"G£ô Buffer 6s",
1790442331.431,marker,gnss,52.47162200,-1.47853600,341.00,true,,
1790442331.432,marker,dr,52.47019016,-1.48029608,355.20,true,,
1790442331.432,marker,reconciled,0.00000000,0.00000000,0.00,false,,
1790442331.478,hud,speed,,,,,"0.0 / 11.2",0.000
1790442331.478,hud,heading,,,,,"5-¦ / 19-¦",4.900
1790442331.478,hud,drift,,,,,"96.38%",96.380
1790442331.478,hud,turns,,,,,"G£ù turns: 3/15",
1790442331.479,hud,calib_s,,,,,"G£ô Buffer 6s",
1790442331.479,marker,gnss,52.47162200,-1.47853600,341.00,true,,
1790442331.480,marker,dr,52.47019016,-1.48029608,355.10,true,,
1790442331.480,marker,reconciled,0.00000000,0.00000000,0.00,false,,
1790442331.534,hud,speed,,,,,"0.0 / 11.2",0.000
1790442331.534,hud,heading,,,,,"5-¦ / 19-¦",4.900
1790442331.535,hud,drift,,,,,"96.38%",96.380
1790442331.535,hud,turns,,,,,"G£ù turns: 3/15",
1790442331.535,hud,calib_s,,,,,"G£ô Buffer 6s",
1790442331.536,marker,gnss,52.47162200,-1.47853600,341.00,true,,
1790442331.537,marker,dr,52.47019016,-1.48029608,355.10,true,,
1790442331.537,marker,reconciled,0.00000000,0.00000000,0.00,false,,
1790442331.580,hud,speed,,,,,"0.0 / 11.2",0.000
1790442331.581,hud,heading,,,,,"5-¦ / 19-¦",5.000
1790442331.581,hud,drift,,,,,"96.39%",96.390
1790442331.581,hud,turns,,,,,"G£ù turns: 3/15",
1790442331.581,hud,calib_s,,,,,"G£ô Buffer 6s",
1790442331.582,marker,gnss,52.47162200,-1.47853600,341.00,true,,
1790442331.582,marker,dr,52.47019016,-1.48029608,355.00,true,,
1790442331.583,marker,reconciled,0.00000000,0.00000000,0.00,false,,
1790442331.635,hud,speed,,,,,"0.0 / 11.2",0.000
1790442331.635,hud,heading,,,,,"5-¦ / 19-¦",5.000
1790442331.635,hud,drift,,,,,"96.39%",96.390
1790442331.636,hud,turns,,,,,"G£ù turns: 3/15",
1790442331.636,hud,calib_s,,,,,"G£ô Buffer 6s",
1790442331.636,marker,gnss,52.47162200,-1.47853600,341.00,true,,
1790442331.637,marker,dr,52.47019016,-1.48029608,355.00,true,,
1790442331.637,marker,reconciled,0.00000000,0.00000000,0.00,false,,
1790442331.685,hud,speed,,,,,"0.0 / 11.2",0.000
1790442331.686,hud,heading,,,,,"5-¦ / 19-¦",5.300
1790442331.686,hud,drift,,,,,"96.39%",96.390
1790442331.686,hud,turns,,,,,"G£ù turns: 3/15",
1790442331.687,hud,calib_s,,,,,"G£ô Buffer 6s",
1790442331.687,marker,gnss,52.47162200,-1.47853600,341.00,true,,
1790442331.688,marker,dr,52.47019016,-1.48029608,354.70,true,,
1790442331.688,marker,reconciled,0.00000000,0.00000000,0.00,false,,
1790442331.738,hud,speed,,,,,"0.0 / 11.2",0.000
1790442331.738,hud,heading,,,,,"5-¦ / 19-¦",5.100
1790442331.739,hud,drift,,,,,"96.39%",96.390
1790442331.739,hud,turns,,,,,"G£ù turns: 3/15",
1790442331.739,hud,calib_s,,,,,"G£ô Buffer 6s",
1790442331.740,marker,gnss,52.47162200,-1.47853600,341.00,true,,
1790442331.740,marker,dr,52.47019016,-1.48029608,354.90,true,,
1790442331.741,marker,reconciled,0.00000000,0.00000000,0.00,false,,
1790442331.789,hud,speed,,,,,"0.0 / 11.2",0.000
1790442331.790,hud,heading,,,,,"5-¦ / 19-¦",4.900
1790442331.790,hud,drift,,,,,"96.39%",96.390
1790442331.790,hud,turns,,,,,"G£ù turns: 3/15",
1790442331.791,hud,calib_s,,,,,"G£ô Buffer 6s",
1790442331.791,marker,gnss,52.47162200,-1.47853600,341.00,true,,
1790442331.792,marker,dr,52.47019016,-1.48029608,355.10,true,,
1790442331.792,marker,reconciled,0.00000000,0.00000000,0.00,false,,
1790442331.841,hud,speed,,,,,"0.0 / 11.2",0.000
1790442331.841,hud,heading,,,,,"5-¦ / 19-¦",5.100
1790442331.842,hud,drift,,,,,"96.39%",96.390
1790442331.842,hud,turns,,,,,"G£ù turns: 3/15",
1790442331.842,hud,calib_s,,,,,"G£ô Buffer 6s",
1790442331.843,marker,gnss,52.47162200,-1.47853600,341.00,true,,
1790442331.844,marker,dr,52.47019016,-1.48029608,354.90,true,,
1790442331.844,marker,reconciled,0.00000000,0.00000000,0.00,false,,
1790442331.893,hud,speed,,,,,"0.0 / 11.2",0.000
1790442331.893,hud,heading,,,,,"5-¦ / 19-¦",5.200
1790442331.894,hud,drift,,,,,"96.39%",96.390
1790442331.894,hud,turns,,,,,"G£ù turns: 3/15",
1790442331.894,hud,calib_s,,,,,"G£ô Buffer 6s",
1790442331.895,marker,gnss,52.47162200,-1.47853600,341.00,true,,
1790442331.896,marker,dr,52.47019016,-1.48029608,354.80,true,,
1790442331.896,marker,reconciled,0.00000000,0.00000000,0.00,false,,
1790442331.941,hud,speed,,,,,"0.0 / 11.2",0.000
1790442331.942,hud,heading,,,,,"5-¦ / 19-¦",5.200
1790442331.942,hud,drift,,,,,"96.39%",96.390
1790442331.942,hud,turns,,,,,"G£ù turns: 3/15",
1790442331.943,hud,calib_s,,,,,"G£ô Buffer 6s",
1790442331.943,marker,gnss,52.47162200,-1.47853600,341.00,true,,
1790442331.944,marker,dr,52.47019016,-1.48029608,354.80,true,,
1790442331.944,marker,reconciled,0.00000000,0.00000000,0.00,false,,
1790442331.993,hud,speed,,,,,"0.0 / 11.2",0.000
1790442331.994,hud,heading,,,,,"5-¦ / 19-¦",5.200
1790442331.994,hud,drift,,,,,"96.40%",96.400
1790442331.995,hud,turns,,,,,"G£ù turns: 3/15",
1790442331.995,hud,calib_s,,,,,"G£ô Buffer 6s",
1790442331.996,marker,gnss,52.47162200,-1.47853600,341.00,true,,
1790442331.996,marker,dr,52.47019016,-1.48029608,354.80,true,,
1790442331.997,marker,reconciled,0.00000000,0.00000000,0.00,false,,
1790442332.042,hud,speed,,,,,"0.0 / 11.2",0.000
1790442332.043,hud,heading,,,,,"5-¦ / 19-¦",5.300
1790442332.043,hud,drift,,,,,"96.40%",96.400
1790442332.043,hud,turns,,,,,"G£ù turns: 3/15",
1790442332.043,hud,calib_s,,,,,"G£ô Buffer 6s",
1790442332.044,marker,gnss,52.47162200,-1.47853600,341.00,true,,
1790442332.044,marker,dr,52.47019016,-1.48029608,354.70,true,,
1790442332.045,marker,reconciled,0.00000000,0.00000000,0.00,false,,
1790442332.097,hud,speed,,,,,"0.0 / 11.2",0.000
1790442332.097,hud,heading,,,,,"6-¦ / 19-¦",5.500
1790442332.097,hud,drift,,,,,"96.40%",96.400
1790442332.098,hud,turns,,,,,"G£ù turns: 3/15",
1790442332.098,hud,calib_s,,,,,"G£ô Buffer 6s",
1790442332.099,marker,gnss,52.47162200,-1.47853600,341.00,true,,
1790442332.099,marker,dr,52.47019016,-1.48029608,354.50,true,,
1790442332.100,marker,reconciled,0.00000000,0.00000000,0.00,false,,
1790442332.148,hud,speed,,,,,"0.0 / 11.2",0.000
1790442332.148,hud,heading,,,,,"5-¦ / 19-¦",5.200
1790442332.148,hud,drift,,,,,"96.40%",96.400
1790442332.149,hud,turns,,,,,"G£ù turns: 3/15",
1790442332.149,hud,calib_s,,,,,"G£ô Buffer 6s",
1790442332.149,marker,gnss,52.47162200,-1.47853600,341.00,true,,
1790442332.150,marker,dr,52.47019016,-1.48029608,354.80,true,,
1790442332.151,marker,reconciled,0.00000000,0.00000000,0.00,false,,
1790442332.198,hud,speed,,,,,"0.0 / 11.2",0.000
1790442332.199,hud,heading,,,,,"5-¦ / 19-¦",5.000
1790442332.199,hud,drift,,,,,"96.41%",96.410
1790442332.199,hud,turns,,,,,"G£ù turns: 3/15",
1790442332.200,hud,calib_s,,,,,"G£ô Buffer 6s",
1790442332.200,marker,gnss,52.47162200,-1.47853600,341.00,true,,
1790442332.201,marker,dr,52.47019016,-1.48029608,355.00,true,,
1790442332.201,marker,reconciled,0.00000000,0.00000000,0.00,false,,
1790442332.251,hud,speed,,,,,"0.0 / 11.2",0.000
1790442332.251,hud,heading,,,,,"5-¦ / 19-¦",5.300
1790442332.252,hud,drift,,,,,"96.41%",96.410
1790442332.252,hud,turns,,,,,"G£ù turns: 3/15",
1790442332.252,hud,calib_s,,,,,"G£ô Buffer 6s",
1790442332.253,marker,gnss,52.47162200,-1.47853600,341.00,true,,
1790442332.253,marker,dr,52.47019016,-1.48029608,354.70,true,,
1790442332.254,marker,reconciled,0.00000000,0.00000000,0.00,false,,
1790442332.316,hud,speed,,,,,"0.0 / 11.2",0.000
1790442332.317,hud,heading,,,,,"6-¦ / 19-¦",5.800
1790442332.317,hud,drift,,,,,"96.41%",96.410
1790442332.318,hud,turns,,,,,"G£ù turns: 3/15",
1790442332.318,hud,calib_s,,,,,"G£ô Buffer 6s",
1790442332.319,marker,gnss,52.47162200,-1.47853600,341.00,true,,
1790442332.320,marker,dr,52.47019016,-1.48029608,354.20,true,,
1790442332.321,marker,reconciled,0.00000000,0.00000000,0.00,false,,
1790442332.349,hud,speed,,,,,"0.0 / 11.2",0.000
1790442332.349,hud,heading,,,,,"6-¦ / 19-¦",5.900
1790442332.349,hud,drift,,,,,"96.42%",96.420
1790442332.349,hud,turns,,,,,"G£ù turns: 3/15",
1790442332.350,hud,calib_s,,,,,"G£ô Buffer 6s",
1790442332.350,marker,gnss,52.47162200,-1.47853600,341.00,true,,
1790442332.351,marker,dr,52.47019016,-1.48029608,354.10,true,,
1790442332.351,marker,reconciled,0.00000000,0.00000000,0.00,false,,
1790442332.400,hud,speed,,,,,"0.0 / 11.2",0.000
1790442332.401,hud,heading,,,,,"6-¦ / 19-¦",6.200
1790442332.401,hud,drift,,,,,"96.42%",96.420
1790442332.401,hud,turns,,,,,"G£ù turns: 3/15",
1790442332.401,hud,calib_s,,,,,"G£ô Buffer 6s",
1790442332.402,marker,gnss,52.47162200,-1.47853600,341.00,true,,
1790442332.403,marker,dr,52.47019016,-1.48029608,353.80,true,,
1790442332.403,marker,reconciled,0.00000000,0.00000000,0.00,false,,
1790442332.453,hud,speed,,,,,"0.0 / 11.2",0.000
1790442332.453,hud,heading,,,,,"6-¦ / 19-¦",6.200
1790442332.454,hud,drift,,,,,"96.42%",96.420
1790442332.454,hud,turns,,,,,"G£ù turns: 3/15",
1790442332.454,hud,calib_s,,,,,"G£ô Buffer 6s",
1790442332.454,marker,gnss,52.47162200,-1.47853600,341.00,true,,
1790442332.455,marker,dr,52.47019016,-1.48029608,353.80,true,,
1790442332.455,marker,reconciled,0.00000000,0.00000000,0.00,false,,
1790442332.506,hud,speed,,,,,"0.0 / 11.2",0.000
1790442332.507,hud,heading,,,,,"6-¦ / 19-¦",6.400
1790442332.507,hud,drift,,,,,"96.42%",96.420
1790442332.507,hud,turns,,,,,"G£ù turns: 3/15",
1790442332.507,hud,calib_s,,,,,"G£ô Buffer 6s",
1790442332.508,marker,gnss,52.47162200,-1.47853600,341.00,true,,
1790442332.508,marker,dr,52.47019016,-1.48029608,353.60,true,,
1790442332.509,marker,reconciled,0.00000000,0.00000000,0.00,false,,
1790442332.557,hud,speed,,,,,"0.0 / 11.2",0.000
1790442332.558,hud,heading,,,,,"7-¦ / 19-¦",6.700
1790442332.558,hud,drift,,,,,"96.43%",96.430
1790442332.558,hud,turns,,,,,"G£ù turns: 3/15",
1790442332.559,hud,calib_s,,,,,"G£ô Buffer 6s",
1790442332.559,marker,gnss,52.47162200,-1.47853600,341.00,true,,
1790442332.560,marker,dr,52.47019016,-1.48029608,353.30,true,,
1790442332.560,marker,reconciled,0.00000000,0.00000000,0.00,false,,
1790442332.610,hud,speed,,,,,"0.0 / 11.2",0.000
1790442332.611,hud,heading,,,,,"7-¦ / 19-¦",7.000
1790442332.611,hud,drift,,,,,"96.43%",96.430
1790442332.611,hud,turns,,,,,"G£ù turns: 3/15",
1790442332.612,hud,calib_s,,,,,"G£ô Buffer 6s",
1790442332.612,marker,gnss,52.47162200,-1.47853600,341.00,true,,
1790442332.613,marker,dr,52.47019016,-1.48029608,353.00,true,,
1790442332.613,marker,reconciled,0.00000000,0.00000000,0.00,false,,
1790442332.659,hud,speed,,,,,"0.0 / 11.2",0.000
1790442332.660,hud,heading,,,,,"7-¦ / 19-¦",6.800
1790442332.660,hud,drift,,,,,"96.43%",96.430
1790442332.660,hud,turns,,,,,"G£ù turns: 3/15",
1790442332.660,hud,calib_s,,,,,"G£ô Buffer 6s",
1790442332.661,marker,gnss,52.47162200,-1.47853600,341.00,true,,
1790442332.661,marker,dr,52.47019016,-1.48029608,353.20,true,,
1790442332.662,marker,reconciled,0.00000000,0.00000000,0.00,false,,
1790442332.710,hud,speed,,,,,"0.0 / 11.2",0.000
1790442332.711,hud,heading,,,,,"7-¦ / 19-¦",7.100
1790442332.711,hud,drift,,,,,"96.44%",96.440
1790442332.711,hud,turns,,,,,"G£ù turns: 3/15",
1790442332.712,hud,calib_s,,,,,"G£ô Buffer 6s",
1790442332.712,marker,gnss,52.47162200,-1.47853600,341.00,true,,
1790442332.713,marker,dr,52.47019016,-1.48029608,352.90,true,,
1790442332.713,marker,reconciled,0.00000000,0.00000000,0.00,false,,
1790442332.761,hud,speed,,,,,"0.0 / 11.2",0.000
1790442332.762,hud,heading,,,,,"7-¦ / 19-¦",6.800
1790442332.762,hud,drift,,,,,"96.44%",96.440
1790442332.763,hud,turns,,,,,"G£ù turns: 3/15",
1790442332.763,hud,calib_s,,,,,"G£ô Buffer 6s",
1790442332.763,marker,gnss,52.47162200,-1.47853600,341.00,true,,
1790442332.764,marker,dr,52.47019016,-1.48029608,353.20,true,,
1790442332.764,marker,reconciled,0.00000000,0.00000000,0.00,false,,
1790442332.813,hud,speed,,,,,"0.0 / 11.2",0.000
1790442332.813,hud,heading,,,,,"6-¦ / 19-¦",6.300
1790442332.814,hud,drift,,,,,"96.44%",96.440
1790442332.814,hud,turns,,,,,"G£ù turns: 3/15",
1790442332.814,hud,calib_s,,,,,"G£ô Buffer 6s",
1790442332.815,marker,gnss,52.47162200,-1.47853600,341.00,true,,
1790442332.816,marker,dr,52.47019016,-1.48029608,353.70,true,,
1790442332.816,marker,reconciled,0.00000000,0.00000000,0.00,false,,
1790442332.864,hud,speed,,,,,"0.0 / 11.2",0.000
1790442332.864,hud,heading,,,,,"6-¦ / 19-¦",6.300
1790442332.864,hud,drift,,,,,"96.45%",96.450
1790442332.865,hud,turns,,,,,"G£ù turns: 3/15",
1790442332.865,hud,calib_s,,,,,"G£ô Buffer 6s",
1790442332.865,marker,gnss,52.47162200,-1.47853600,341.00,true,,
1790442332.866,marker,dr,52.47019016,-1.48029608,353.70,true,,
1790442332.866,marker,reconciled,0.00000000,0.00000000,0.00,false,,
1790442332.916,hud,speed,,,,,"0.0 / 11.2",0.000
1790442332.917,hud,heading,,,,,"6-¦ / 19-¦",6.300
1790442332.917,hud,drift,,,,,"96.45%",96.450
1790442332.917,hud,turns,,,,,"G£ù turns: 3/15",
1790442332.918,hud,calib_s,,,,,"G£ô Buffer 6s",
1790442332.918,marker,gnss,52.47162200,-1.47853600,341.00,true,,
1790442332.919,marker,dr,52.47019016,-1.48029608,353.70,true,,
1790442332.919,marker,reconciled,0.00000000,0.00000000,0.00,false,,
1790442332.965,hud,speed,,,,,"0.0 / 11.2",0.000
1790442332.965,hud,heading,,,,,"6-¦ / 19-¦",6.100
1790442332.965,hud,drift,,,,,"96.45%",96.450
1790442332.966,hud,turns,,,,,"G£ù turns: 3/15",
1790442332.966,hud,calib_s,,,,,"G£ô Buffer 6s",
1790442332.966,marker,gnss,52.47162200,-1.47853600,341.00,true,,
1790442332.967,marker,dr,52.47019016,-1.48029608,353.90,true,,
1790442332.967,marker,reconciled,0.00000000,0.00000000,0.00,false,,
1790442333.020,hud,speed,,,,,"0.0 / 11.2",0.000
1790442333.020,hud,heading,,,,,"6-¦ / 19-¦",5.500
1790442333.021,hud,drift,,,,,"96.46%",96.460
1790442333.021,hud,turns,,,,,"G£ù turns: 3/15",
1790442333.021,hud,calib_s,,,,,"G£ô Buffer 6s",
1790442333.022,marker,gnss,52.47162200,-1.47853600,341.00,true,,
1790442333.022,marker,dr,52.47019016,-1.48029608,354.50,true,,
1790442333.023,marker,reconciled,0.00000000,0.00000000,0.00,false,,
1790442333.072,hud,speed,,,,,"0.0 / 11.2",0.000
1790442333.072,hud,heading,,,,,"6-¦ / 19-¦",5.600
1790442333.073,hud,drift,,,,,"96.46%",96.460
1790442333.073,hud,turns,,,,,"G£ù turns: 3/15",
1790442333.073,hud,calib_s,,,,,"G£ô Buffer 6s",
1790442333.074,marker,gnss,52.47162200,-1.47853600,341.00,true,,
1790442333.074,marker,dr,52.47019016,-1.48029608,354.40,true,,
1790442333.075,marker,reconciled,0.00000000,0.00000000,0.00,false,,
1790442333.123,hud,speed,,,,,"0.0 / 11.2",0.000
1790442333.123,hud,heading,,,,,"5-¦ / 19-¦",5.400
1790442333.123,hud,drift,,,,,"96.46%",96.460
1790442333.124,hud,turns,,,,,"G£ù turns: 3/15",
1790442333.124,hud,calib_s,,,,,"G£ô Buffer 6s",
1790442333.124,marker,gnss,52.47162200,-1.47853600,341.00,true,,
1790442333.125,marker,dr,52.47019016,-1.48029608,354.60,true,,
1790442333.125,marker,reconciled,0.00000000,0.00000000,0.00,false,,
1790442333.170,hud,speed,,,,,"0.0 / 11.2",0.000
1790442333.170,hud,heading,,,,,"5-¦ / 19-¦",5.100
1790442333.171,hud,drift,,,,,"96.47%",96.470
1790442333.171,hud,turns,,,,,"G£ù turns: 3/15",
1790442333.171,hud,calib_s,,,,,"G£ô Buffer 6s",
1790442333.172,marker,gnss,52.47162200,-1.47853600,341.00,true,,
1790442333.172,marker,dr,52.47019016,-1.48029608,354.90,true,,
1790442333.172,marker,reconciled,0.00000000,0.00000000,0.00,false,,
1790442333.222,hud,speed,,,,,"0.0 / 11.2",0.000
1790442333.223,hud,heading,,,,,"5-¦ / 19-¦",5.000
1790442333.223,hud,drift,,,,,"96.47%",96.470
1790442333.223,hud,turns,,,,,"G£ù turns: 3/15",
1790442333.224,hud,calib_s,,,,,"G£ô Buffer 6s",
1790442333.224,marker,gnss,52.47162200,-1.47853600,341.00,true,,
1790442333.225,marker,dr,52.47019016,-1.48029608,355.00,true,,
1790442333.225,marker,reconciled,0.00000000,0.00000000,0.00,false,,
1790442333.276,hud,speed,,,,,"0.0 / 11.2",0.000
1790442333.276,hud,heading,,,,,"5-¦ / 19-¦",5.200
1790442333.276,hud,drift,,,,,"96.48%",96.480
1790442333.277,hud,turns,,,,,"G£ù turns: 3/15",
1790442333.277,hud,calib_s,,,,,"G£ô Buffer 6s",
1790442333.278,marker,gnss,52.47162200,-1.47853600,341.00,true,,
1790442333.278,marker,dr,52.47019016,-1.48029608,354.80,true,,
1790442333.279,marker,reconciled,0.00000000,0.00000000,0.00,false,,
1790442333.339,hud,speed,,,,,"0.0 / 11.2",0.000
1790442333.339,hud,heading,,,,,"5-¦ / 19-¦",5.200
1790442333.340,hud,drift,,,,,"96.48%",96.480
1790442333.340,hud,turns,,,,,"G£ù turns: 3/15",
1790442333.340,hud,calib_s,,,,,"G£ô Buffer 6s",
1790442333.340,marker,gnss,52.47162200,-1.47853600,341.00,true,,
1790442333.341,marker,dr,52.47019016,-1.48029608,354.80,true,,
1790442333.341,marker,reconciled,0.00000000,0.00000000,0.00,false,,
1790442333.371,hud,speed,,,,,"0.0 / 11.2",0.000
1790442333.371,hud,heading,,,,,"5-¦ / 19-¦",4.900
1790442333.371,hud,drift,,,,,"96.49%",96.490
1790442333.372,hud,turns,,,,,"G£ù turns: 3/15",
1790442333.372,hud,calib_s,,,,,"G£ô Buffer 6s",
1790442333.372,marker,gnss,52.47162200,-1.47853600,341.00,true,,
1790442333.373,marker,dr,52.47019016,-1.48029608,355.10,true,,
1790442333.373,marker,reconciled,0.00000000,0.00000000,0.00,false,,
1790442333.426,hud,speed,,,,,"0.0 / 11.2",0.000
1790442333.426,hud,heading,,,,,"5-¦ / 19-¦",4.900
1790442333.427,hud,drift,,,,,"96.49%",96.490
1790442333.427,hud,turns,,,,,"G£ù turns: 3/15",
1790442333.427,hud,calib_s,,,,,"G£ô Buffer 6s",
1790442333.428,marker,gnss,52.47162200,-1.47853600,341.00,true,,
1790442333.428,marker,dr,52.47019016,-1.48029608,355.10,true,,
1790442333.429,marker,reconciled,0.00000000,0.00000000,0.00,false,,
1790442333.478,hud,speed,,,,,"0.0 / 11.2",0.000
1790442333.478,hud,heading,,,,,"5-¦ / 19-¦",4.800
1790442333.479,hud,drift,,,,,"96.50%",96.500
1790442333.479,hud,turns,,,,,"G£ù turns: 3/15",
1790442333.479,hud,calib_s,,,,,"G£ô Buffer 6s",
1790442333.480,marker,gnss,52.47162200,-1.47853600,341.00,true,,
1790442333.480,marker,dr,52.47019016,-1.48029608,355.20,true,,
1790442333.481,marker,reconciled,0.00000000,0.00000000,0.00,false,,
1790442333.530,hud,speed,,,,,"0.0 / 11.2",0.000
1790442333.530,hud,heading,,,,,"5-¦ / 19-¦",4.900
1790442333.531,hud,drift,,,,,"96.50%",96.500
1790442333.531,hud,turns,,,,,"G£ù turns: 3/15",
1790442333.531,hud,calib_s,,,,,"G£ô Buffer 6s",
1790442333.532,marker,gnss,52.47162200,-1.47853600,341.00,true,,
1790442333.532,marker,dr,52.47019016,-1.48029608,355.10,true,,
1790442333.533,marker,reconciled,0.00000000,0.00000000,0.00,false,,
1790442333.586,hud,speed,,,,,"0.0 / 11.2",0.000
1790442333.587,hud,heading,,,,,"5-¦ / 19-¦",4.900
1790442333.587,hud,drift,,,,,"96.50%",96.500
1790442333.587,hud,turns,,,,,"G£ù turns: 3/15",
1790442333.587,hud,calib_s,,,,,"G£ô Buffer 6s",
1790442333.588,marker,gnss,52.47162200,-1.47853600,341.00,true,,
1790442333.588,marker,dr,52.47019016,-1.48029608,355.10,true,,
1790442333.588,marker,reconciled,0.00000000,0.00000000,0.00,false,,
1790442333.634,hud,speed,,,,,"0.0 / 11.2",0.000
1790442333.634,hud,heading,,,,,"5-¦ / 19-¦",4.700
1790442333.635,hud,drift,,,,,"96.51%",96.510
1790442333.635,hud,turns,,,,,"G£ù turns: 3/15",
1790442333.635,hud,calib_s,,,,,"G£ô Buffer 6s",
1790442333.636,marker,gnss,52.47162200,-1.47853600,341.00,true,,
1790442333.636,marker,dr,52.47019016,-1.48029608,355.30,true,,
1790442333.637,marker,reconciled,0.00000000,0.00000000,0.00,false,,
1790442333.685,hud,speed,,,,,"0.0 / 11.2",0.000
1790442333.686,hud,heading,,,,,"5-¦ / 19-¦",4.500
1790442333.686,hud,drift,,,,,"96.51%",96.510
1790442333.686,hud,turns,,,,,"G£ù turns: 3/15",
1790442333.686,hud,calib_s,,,,,"G£ô Buffer 6s",
1790442333.687,marker,gnss,52.47162200,-1.47853600,341.00,true,,
1790442333.687,marker,dr,52.47019016,-1.48029608,355.50,true,,
1790442333.688,marker,reconciled,0.00000000,0.00000000,0.00,false,,
1790442333.737,hud,speed,,,,,"0.0 / 11.2",0.000
1790442333.737,hud,heading,,,,,"5-¦ / 19-¦",4.500
1790442333.737,hud,drift,,,,,"96.52%",96.520
1790442333.738,hud,turns,,,,,"G£ù turns: 3/15",
1790442333.738,hud,calib_s,,,,,"G£ô Buffer 6s",
1790442333.739,marker,gnss,52.47162200,-1.47853600,341.00,true,,
1790442333.739,marker,dr,52.47019016,-1.48029608,355.50,true,,
1790442333.740,marker,reconciled,0.00000000,0.00000000,0.00,false,,
1790442333.789,hud,speed,,,,,"0.0 / 11.2",0.000
1790442333.789,hud,heading,,,,,"4-¦ / 19-¦",4.400
1790442333.789,hud,drift,,,,,"96.52%",96.520
1790442333.790,hud,turns,,,,,"G£ù turns: 3/15",
1790442333.790,hud,calib_s,,,,,"G£ô Buffer 6s",
1790442333.791,marker,gnss,52.47162200,-1.47853600,341.00,true,,
1790442333.791,marker,dr,52.47019016,-1.48029608,355.60,true,,
1790442333.792,marker,reconciled,0.00000000,0.00000000,0.00,false,,
1790442333.843,hud,speed,,,,,"0.0 / 11.2",0.000
1790442333.844,hud,heading,,,,,"5-¦ / 19-¦",4.800
1790442333.844,hud,drift,,,,,"96.53%",96.530
1790442333.844,hud,turns,,,,,"G£ù turns: 3/15",
1790442333.844,hud,calib_s,,,,,"G£ô Buffer 6s",
1790442333.845,marker,gnss,52.47162200,-1.47853600,341.00,true,,
1790442333.845,marker,dr,52.47019016,-1.48029608,355.20,true,,
1790442333.846,marker,reconciled,0.00000000,0.00000000,0.00,false,,
1790442333.892,hud,speed,,,,,"0.0 / 11.2",0.000
1790442333.892,hud,heading,,,,,"5-¦ / 19-¦",4.900
1790442333.892,hud,drift,,,,,"96.53%",96.530
1790442333.893,hud,turns,,,,,"G£ù turns: 3/15",
1790442333.893,hud,calib_s,,,,,"G£ô Buffer 6s",
1790442333.893,marker,gnss,52.47162200,-1.47853600,341.00,true,,
1790442333.894,marker,dr,52.47019016,-1.48029608,355.10,true,,
1790442333.894,marker,reconciled,0.00000000,0.00000000,0.00,false,,
1790442333.945,hud,speed,,,,,"0.0 / 11.2",0.000
1790442333.945,hud,heading,,,,,"5-¦ / 19-¦",4.600
1790442333.945,hud,drift,,,,,"96.53%",96.530
1790442333.946,hud,turns,,,,,"G£ù turns: 3/15",
1790442333.946,hud,calib_s,,,,,"G£ô Buffer 6s",
1790442333.947,marker,gnss,52.47162200,-1.47853600,341.00,true,,
1790442333.948,marker,dr,52.47019016,-1.48029608,355.40,true,,
1790442333.948,marker,reconciled,0.00000000,0.00000000,0.00,false,,
1790442333.996,hud,speed,,,,,"0.0 / 11.2",0.000
1790442333.997,hud,heading,,,,,"5-¦ / 19-¦",4.600
1790442333.997,hud,drift,,,,,"96.54%",96.540
1790442333.997,hud,turns,,,,,"G£ù turns: 3/15",
1790442333.998,hud,calib_s,,,,,"G£ô Buffer 6s",
1790442333.998,marker,gnss,52.47162200,-1.47853600,341.00,true,,
1790442333.999,marker,dr,52.47019016,-1.48029608,355.40,true,,
1790442333.999,marker,reconciled,0.00000000,0.00000000,0.00,false,,
1790442334.048,hud,speed,,,,,"0.0 / 11.2",0.000
1790442334.048,hud,heading,,,,,"5-¦ / 19-¦",4.800
1790442334.048,hud,drift,,,,,"96.54%",96.540
1790442334.049,hud,turns,,,,,"G£ù turns: 3/15",
1790442334.049,hud,calib_s,,,,,"G£ô Buffer 6s",
1790442334.049,marker,gnss,52.47162200,-1.47853600,341.00,true,,
1790442334.050,marker,dr,52.47019016,-1.48029608,355.20,true,,
1790442334.050,marker,reconciled,0.00000000,0.00000000,0.00,false,,
1790442334.099,hud,speed,,,,,"0.0 / 11.2",0.000
1790442334.099,hud,heading,,,,,"5-¦ / 19-¦",5.300
1790442334.100,hud,drift,,,,,"96.55%",96.550
1790442334.100,hud,turns,,,,,"G£ù turns: 3/15",
1790442334.100,hud,calib_s,,,,,"G£ô Buffer 6s",
1790442334.101,marker,gnss,52.47162200,-1.47853600,341.00,true,,
1790442334.101,marker,dr,52.47019016,-1.48029608,354.70,true,,
1790442334.101,marker,reconciled,0.00000000,0.00000000,0.00,false,,
1790442334.150,hud,speed,,,,,"0.0 / 11.2",0.000
1790442334.150,hud,heading,,,,,"5-¦ / 19-¦",5.300
1790442334.151,hud,drift,,,,,"96.55%",96.550
1790442334.151,hud,turns,,,,,"G£ù turns: 3/15",
1790442334.151,hud,calib_s,,,,,"G£ô Buffer 6s",
1790442334.152,marker,gnss,52.47162200,-1.47853600,341.00,true,,
1790442334.152,marker,dr,52.47019016,-1.48029608,354.70,true,,
1790442334.153,marker,reconciled,0.00000000,0.00000000,0.00,false,,
1790442334.201,hud,speed,,,,,"0.0 / 11.2",0.000
1790442334.202,hud,heading,,,,,"5-¦ / 19-¦",5.200
1790442334.202,hud,drift,,,,,"96.56%",96.560
1790442334.203,hud,turns,,,,,"G£ù turns: 3/15",
1790442334.203,hud,calib_s,,,,,"G£ô Buffer 6s",
1790442334.204,marker,gnss,52.47162200,-1.47853600,341.00,true,,
1790442334.204,marker,dr,52.47019016,-1.48029608,354.80,true,,
1790442334.205,marker,reconciled,0.00000000,0.00000000,0.00,false,,
1790442334.251,hud,speed,,,,,"0.0 / 11.2",0.000
1790442334.252,hud,heading,,,,,"5-¦ / 19-¦",5.100
1790442334.252,hud,drift,,,,,"96.56%",96.560
1790442334.252,hud,turns,,,,,"G£ù turns: 3/15",
1790442334.253,hud,calib_s,,,,,"G£ô Buffer 6s",
1790442334.253,marker,gnss,52.47162200,-1.47853600,341.00,true,,
1790442334.254,marker,dr,52.47019016,-1.48029608,354.90,true,,
1790442334.254,marker,reconciled,0.00000000,0.00000000,0.00,false,,
1790442334.306,hud,speed,,,,,"0.0 / 10.6",0.000
1790442334.306,hud,heading,,,,,"5-¦ / 21-¦",4.700
1790442334.307,hud,drift,,,,,"96.56%",96.560
1790442334.307,hud,turns,,,,,"G£ù turns: 3/15",
1790442334.307,hud,calib_s,,,,,"G£ô Buffer 6s",
1790442334.308,marker,gnss,52.47246600,-1.47806000,339.50,true,,
1790442334.309,marker,dr,52.47019016,-1.48029608,355.30,true,,
1790442334.309,marker,reconciled,0.00000000,0.00000000,0.00,false,,
1790442334.355,hud,speed,,,,,"0.0 / 10.6",0.000
1790442334.356,hud,heading,,,,,"5-¦ / 21-¦",5.000
1790442334.356,hud,drift,,,,,"96.57%",96.570
1790442334.356,hud,turns,,,,,"G£ù turns: 3/15",
1790442334.356,hud,calib_s,,,,,"G£ô Buffer 6s",
1790442334.357,marker,gnss,52.47246600,-1.47806000,339.50,true,,
1790442334.357,marker,dr,52.47019016,-1.48029608,355.00,true,,
1790442334.358,marker,reconciled,0.00000000,0.00000000,0.00,false,,
1790442334.405,hud,speed,,,,,"0.0 / 10.6",0.000
1790442334.405,hud,heading,,,,,"5-¦ / 21-¦",5.100
1790442334.406,hud,drift,,,,,"96.57%",96.570
1790442334.406,hud,turns,,,,,"G£ù turns: 3/15",
1790442334.406,hud,calib_s,,,,,"G£ô Buffer 6s",
1790442334.407,marker,gnss,52.47246600,-1.47806000,339.50,true,,
1790442334.407,marker,dr,52.47019016,-1.48029608,354.90,true,,
1790442334.408,marker,reconciled,0.00000000,0.00000000,0.00,false,,
1790442334.453,hud,speed,,,,,"0.0 / 10.6",0.000
1790442334.454,hud,heading,,,,,"6-¦ / 21-¦",5.500
1790442334.454,hud,drift,,,,,"96.58%",96.580
1790442334.454,hud,turns,,,,,"G£ù turns: 3/15",
1790442334.455,hud,calib_s,,,,,"G£ô Buffer 6s",
1790442334.455,marker,gnss,52.47246600,-1.47806000,339.50,true,,
1790442334.456,marker,dr,52.47019016,-1.48029608,354.50,true,,
1790442334.456,marker,reconciled,0.00000000,0.00000000,0.00,false,,
1790442334.510,hud,speed,,,,,"0.0 / 10.6",0.000
1790442334.511,hud,heading,,,,,"6-¦ / 21-¦",5.600
1790442334.511,hud,drift,,,,,"96.59%",96.590
1790442334.511,hud,turns,,,,,"G£ù turns: 3/15",
1790442334.512,hud,calib_s,,,,,"G£ô Buffer 6s",
1790442334.512,marker,gnss,52.47246600,-1.47806000,339.50,true,,
1790442334.513,marker,dr,52.47019016,-1.48029608,354.40,true,,
1790442334.513,marker,reconciled,0.00000000,0.00000000,0.00,false,,
1790442334.558,hud,speed,,,,,"0.0 / 10.6",0.000
1790442334.559,hud,heading,,,,,"6-¦ / 21-¦",5.500
1790442334.559,hud,drift,,,,,"96.59%",96.590
1790442334.559,hud,turns,,,,,"G£ù turns: 3/15",
1790442334.560,hud,calib_s,,,,,"G£ô Buffer 6s",
1790442334.560,marker,gnss,52.47246600,-1.47806000,339.50,true,,
1790442334.561,marker,dr,52.47019016,-1.48029608,354.50,true,,
1790442334.561,marker,reconciled,0.00000000,0.00000000,0.00,false,,
1790442334.609,hud,speed,,,,,"0.0 / 10.6",0.000
1790442334.609,hud,heading,,,,,"6-¦ / 21-¦",5.600
1790442334.610,hud,drift,,,,,"96.60%",96.600
1790442334.610,hud,turns,,,,,"G£ù turns: 3/15",
1790442334.610,hud,calib_s,,,,,"G£ô Buffer 6s",
1790442334.610,marker,gnss,52.47246600,-1.47806000,339.50,true,,
1790442334.611,marker,dr,52.47019016,-1.48029608,354.40,true,,
1790442334.611,marker,reconciled,0.00000000,0.00000000,0.00,false,,
1790442334.661,hud,speed,,,,,"0.0 / 10.6",0.000
1790442334.662,hud,heading,,,,,"6-¦ / 21-¦",5.600
1790442334.662,hud,drift,,,,,"96.61%",96.610
1790442334.662,hud,turns,,,,,"G£ù turns: 3/15",
1790442334.663,hud,calib_s,,,,,"G£ô Buffer 6s",
1790442334.663,marker,gnss,52.47246600,-1.47806000,339.50,true,,
1790442334.664,marker,dr,52.47019016,-1.48029608,354.40,true,,
1790442334.664,marker,reconciled,0.00000000,0.00000000,0.00,false,,
1790442334.714,hud,speed,,,,,"0.0 / 10.6",0.000
1790442334.714,hud,heading,,,,,"5-¦ / 21-¦",5.300
1790442334.715,hud,drift,,,,,"96.61%",96.610
1790442334.715,hud,turns,,,,,"G£ù turns: 3/15",
1790442334.715,hud,calib_s,,,,,"G£ô Buffer 6s",
1790442334.716,marker,gnss,52.47246600,-1.47806000,339.50,true,,
1790442334.716,marker,dr,52.47019016,-1.48029608,354.70,true,,
1790442334.717,marker,reconciled,0.00000000,0.00000000,0.00,false,,
1790442334.782,hud,speed,,,,,"0.0 / 10.6",0.000
1790442334.783,hud,heading,,,,,"6-¦ / 21-¦",5.600
1790442334.783,hud,drift,,,,,"96.62%",96.620
1790442334.784,hud,turns,,,,,"G£ù turns: 3/15",
1790442334.784,hud,calib_s,,,,,"G£ô Buffer 6s",
1790442334.785,marker,gnss,52.47246600,-1.47806000,339.50,true,,
1790442334.785,marker,dr,52.47019016,-1.48029608,354.40,true,,
1790442334.786,marker,reconciled,0.00000000,0.00000000,0.00,false,,
1790442334.811,hud,speed,,,,,"0.0 / 10.6",0.000
1790442334.811,hud,heading,,,,,"6-¦ / 21-¦",5.600
1790442334.811,hud,drift,,,,,"96.63%",96.630
1790442334.812,hud,turns,,,,,"G£ù turns: 3/15",
1790442334.812,hud,calib_s,,,,,"G£ô Buffer 6s",
1790442334.812,marker,gnss,52.47246600,-1.47806000,339.50,true,,
1790442334.812,marker,dr,52.47019016,-1.48029608,354.40,true,,
1790442334.813,marker,reconciled,0.00000000,0.00000000,0.00,false,,
1790442334.866,hud,speed,,,,,"0.0 / 10.6",0.000
1790442334.866,hud,heading,,,,,"6-¦ / 21-¦",5.600
1790442334.866,hud,drift,,,,,"96.64%",96.640
1790442334.867,hud,turns,,,,,"G£ù turns: 3/15",
1790442334.867,hud,calib_s,,,,,"G£ô Buffer 6s",
1790442334.868,marker,gnss,52.47246600,-1.47806000,339.50,true,,
1790442334.868,marker,dr,52.47019016,-1.48029608,354.40,true,,
1790442334.869,marker,reconciled,0.00000000,0.00000000,0.00,false,,
1790442334.919,hud,speed,,,,,"0.0 / 10.6",0.000
1790442334.919,hud,heading,,,,,"6-¦ / 21-¦",5.500
1790442334.920,hud,drift,,,,,"96.64%",96.640
1790442334.920,hud,turns,,,,,"G£ù turns: 3/15",
1790442334.920,hud,calib_s,,,,,"G£ô Buffer 6s",
1790442334.921,marker,gnss,52.47246600,-1.47806000,339.50,true,,
1790442334.921,marker,dr,52.47019016,-1.48029608,354.50,true,,
1790442334.922,marker,reconciled,0.00000000,0.00000000,0.00,false,,
1790442334.969,hud,speed,,,,,"0.0 / 10.6",0.000
1790442334.969,hud,heading,,,,,"6-¦ / 21-¦",5.600
1790442334.970,hud,drift,,,,,"96.65%",96.650
1790442334.970,hud,turns,,,,,"G£ù turns: 3/15",
1790442334.971,hud,calib_s,,,,,"G£ô Buffer 6s",
1790442334.971,marker,gnss,52.47246600,-1.47806000,339.50,true,,
1790442334.972,marker,dr,52.47019016,-1.48029608,354.40,true,,
1790442334.972,marker,reconciled,0.00000000,0.00000000,0.00,false,,
1790442335.022,hud,speed,,,,,"0.0 / 10.6",0.000
1790442335.022,hud,heading,,,,,"6-¦ / 21-¦",5.800
1790442335.023,hud,drift,,,,,"96.65%",96.650
1790442335.023,hud,turns,,,,,"G£ù turns: 3/15",
1790442335.023,hud,calib_s,,,,,"G£ô Buffer 6s",
1790442335.024,marker,gnss,52.47246600,-1.47806000,339.50,true,,
1790442335.024,marker,dr,52.47019016,-1.48029608,354.20,true,,
1790442335.025,marker,reconciled,0.00000000,0.00000000,0.00,false,,
1790442335.074,hud,speed,,,,,"0.0 / 10.6",0.000
1790442335.074,hud,heading,,,,,"6-¦ / 21-¦",5.800
1790442335.075,hud,drift,,,,,"96.66%",96.660
1790442335.075,hud,turns,,,,,"G£ù turns: 3/15",
1790442335.075,hud,calib_s,,,,,"G£ô Buffer 6s",
1790442335.076,marker,gnss,52.47246600,-1.47806000,339.50,true,,
1790442335.076,marker,dr,52.47019016,-1.48029608,354.20,true,,
1790442335.077,marker,reconciled,0.00000000,0.00000000,0.00,false,,
1790442335.120,hud,speed,,,,,"0.0 / 10.6",0.000
1790442335.121,hud,heading,,,,,"6-¦ / 21-¦",5.900
1790442335.121,hud,drift,,,,,"96.67%",96.670
1790442335.121,hud,turns,,,,,"G£ù turns: 3/15",
1790442335.121,hud,calib_s,,,,,"G£ô Buffer 6s",
1790442335.122,marker,gnss,52.47246600,-1.47806000,339.50,true,,
1790442335.122,marker,dr,52.47019016,-1.48029608,354.10,true,,
1790442335.123,marker,reconciled,0.00000000,0.00000000,0.00,false,,
1790442335.174,hud,speed,,,,,"0.0 / 10.6",0.000
1790442335.174,hud,heading,,,,,"6-¦ / 21-¦",6.000
1790442335.175,hud,drift,,,,,"96.67%",96.670
1790442335.175,hud,turns,,,,,"G£ù turns: 3/15",
1790442335.175,hud,calib_s,,,,,"G£ô Buffer 6s",
1790442335.176,marker,gnss,52.47246600,-1.47806000,339.50,true,,
1790442335.177,marker,dr,52.47019016,-1.48029608,354.00,true,,
1790442335.177,marker,reconciled,0.00000000,0.00000000,0.00,false,,
1790442335.224,hud,speed,,,,,"0.0 / 10.6",0.000
1790442335.224,hud,heading,,,,,"6-¦ / 21-¦",6.200
1790442335.225,hud,drift,,,,,"96.68%",96.680
1790442335.225,hud,turns,,,,,"G£ù turns: 3/15",
1790442335.225,hud,calib_s,,,,,"G£ô Buffer 6s",
1790442335.226,marker,gnss,52.47246600,-1.47806000,339.50,true,,
1790442335.226,marker,dr,52.47019016,-1.48029608,353.80,true,,
1790442335.226,marker,reconciled,0.00000000,0.00000000,0.00,false,,
1790442335.278,hud,speed,,,,,"0.0 / 10.6",0.000
1790442335.279,hud,heading,,,,,"7-¦ / 21-¦",6.600
1790442335.279,hud,drift,,,,,"96.69%",96.690
1790442335.280,hud,turns,,,,,"G£ù turns: 3/15",
1790442335.280,hud,calib_s,,,,,"G£ô Buffer 6s",
1790442335.281,marker,gnss,52.47246600,-1.47806000,339.50,true,,
1790442335.281,marker,dr,52.47019016,-1.48029608,353.40,true,,
1790442335.282,marker,reconciled,0.00000000,0.00000000,0.00,false,,
1790442335.334,hud,speed,,,,,"0.0 / 10.6",0.000
1790442335.334,hud,heading,,,,,"7-¦ / 21-¦",6.700
1790442335.335,hud,drift,,,,,"96.69%",96.690
1790442335.335,hud,turns,,,,,"G£ù turns: 3/15",
1790442335.335,hud,calib_s,,,,,"G£ô Buffer 6s",
1790442335.336,marker,gnss,52.47246600,-1.47806000,339.50,true,,
1790442335.337,marker,dr,52.47019016,-1.48029608,353.30,true,,
1790442335.337,marker,reconciled,0.00000000,0.00000000,0.00,false,,
1790442335.377,hud,speed,,,,,"0.0 / 10.6",0.000
1790442335.377,hud,heading,,,,,"7-¦ / 21-¦",6.700
1790442335.377,hud,drift,,,,,"96.70%",96.700
1790442335.378,hud,turns,,,,,"G£ù turns: 3/15",
1790442335.378,hud,calib_s,,,,,"G£ô Buffer 6s",
1790442335.378,marker,gnss,52.47246600,-1.47806000,339.50,true,,
1790442335.379,marker,dr,52.47019016,-1.48029608,353.30,true,,
1790442335.380,marker,reconciled,0.00000000,0.00000000,0.00,false,,
1790442335.429,hud,speed,,,,,"0.0 / 10.6",0.000
1790442335.429,hud,heading,,,,,"7-¦ / 21-¦",6.700
1790442335.429,hud,drift,,,,,"96.70%",96.700
1790442335.430,hud,turns,,,,,"G£ù turns: 3/15",
1790442335.430,hud,calib_s,,,,,"G£ô Buffer 6s",
1790442335.431,marker,gnss,52.47246600,-1.47806000,339.50,true,,
1790442335.431,marker,dr,52.47019016,-1.48029608,353.30,true,,
1790442335.432,marker,reconciled,0.00000000,0.00000000,0.00,false,,
1790442335.478,hud,speed,,,,,"0.0 / 10.6",0.000
1790442335.479,hud,heading,,,,,"7-¦ / 21-¦",6.700
1790442335.479,hud,drift,,,,,"96.71%",96.710
1790442335.479,hud,turns,,,,,"G£ù turns: 3/15",
1790442335.480,hud,calib_s,,,,,"G£ô Buffer 6s",
1790442335.480,marker,gnss,52.47246600,-1.47806000,339.50,true,,
1790442335.481,marker,dr,52.47019016,-1.48029608,353.30,true,,
1790442335.481,marker,reconciled,0.00000000,0.00000000,0.00,false,,
1790442335.529,hud,speed,,,,,"0.0 / 10.6",0.000
1790442335.530,hud,heading,,,,,"7-¦ / 21-¦",7.000
1790442335.530,hud,drift,,,,,"96.72%",96.720
1790442335.530,hud,turns,,,,,"G£ù turns: 3/15",
1790442335.531,hud,calib_s,,,,,"G£ô Buffer 6s",
1790442335.531,marker,gnss,52.47246600,-1.47806000,339.50,true,,
1790442335.532,marker,dr,52.47019016,-1.48029608,353.00,true,,
1790442335.532,marker,reconciled,0.00000000,0.00000000,0.00,false,,
1790442335.583,hud,speed,,,,,"0.0 / 10.6",0.000
1790442335.583,hud,heading,,,,,"7-¦ / 21-¦",7.000
1790442335.584,hud,drift,,,,,"96.72%",96.720
1790442335.584,hud,turns,,,,,"G£ù turns: 3/15",
1790442335.584,hud,calib_s,,,,,"G£ô Buffer 6s",
1790442335.585,marker,gnss,52.47246600,-1.47806000,339.50,true,,
1790442335.585,marker,dr,52.47019016,-1.48029608,353.00,true,,
1790442335.585,marker,reconciled,0.00000000,0.00000000,0.00,false,,
1790442335.632,hud,speed,,,,,"0.0 / 10.6",0.000
1790442335.633,hud,heading,,,,,"7-¦ / 21-¦",7.300
1790442335.633,hud,drift,,,,,"96.73%",96.730
1790442335.633,hud,turns,,,,,"G£ù turns: 3/15",
1790442335.634,hud,calib_s,,,,,"G£ô Buffer 6s",
1790442335.634,marker,gnss,52.47246600,-1.47806000,339.50,true,,
1790442335.635,marker,dr,52.47019016,-1.48029608,352.70,true,,
1790442335.635,marker,reconciled,0.00000000,0.00000000,0.00,false,,
1790442335.685,hud,speed,,,,,"0.0 / 10.6",0.000
1790442335.685,hud,heading,,,,,"8-¦ / 21-¦",7.600
1790442335.685,hud,drift,,,,,"96.73%",96.730
1790442335.686,hud,turns,,,,,"G£ù turns: 3/15",
1790442335.686,hud,calib_s,,,,,"G£ô Buffer 6s",
1790442335.687,marker,gnss,52.47246600,-1.47806000,339.50,true,,
1790442335.687,marker,dr,52.47019016,-1.48029608,352.40,true,,
1790442335.688,marker,reconciled,0.00000000,0.00000000,0.00,false,,
1790442335.736,hud,speed,,,,,"0.0 / 10.6",0.000
1790442335.737,hud,heading,,,,,"8-¦ / 21-¦",8.000
1790442335.737,hud,drift,,,,,"96.74%",96.740
1790442335.737,hud,turns,,,,,"G£ù turns: 3/15",
1790442335.738,hud,calib_s,,,,,"G£ô Buffer 6s",
1790442335.738,marker,gnss,52.47246600,-1.47806000,339.50,true,,
1790442335.739,marker,dr,52.47019016,-1.48029608,352.00,true,,
1790442335.740,marker,reconciled,0.00000000,0.00000000,0.00,false,,
1790442335.784,hud,speed,,,,,"0.0 / 10.6",0.000
1790442335.784,hud,heading,,,,,"8-¦ / 21-¦",8.200
1790442335.784,hud,drift,,,,,"96.75%",96.750
1790442335.784,hud,turns,,,,,"G£ù turns: 3/15",
1790442335.785,hud,calib_s,,,,,"G£ô Buffer 6s",
1790442335.785,marker,gnss,52.47246600,-1.47806000,339.50,true,,
1790442335.785,marker,dr,52.47019016,-1.48029608,351.80,true,,
1790442335.786,marker,reconciled,0.00000000,0.00000000,0.00,false,,
1790442335.838,hud,speed,,,,,"0.0 / 10.6",0.000
1790442335.839,hud,heading,,,,,"9-¦ / 21-¦",8.600
1790442335.839,hud,drift,,,,,"96.75%",96.750
1790442335.840,hud,turns,,,,,"G£ù turns: 3/15",
1790442335.840,hud,calib_s,,,,,"G£ô Buffer 6s",
1790442335.840,marker,gnss,52.47246600,-1.47806000,339.50,true,,
1790442335.841,marker,dr,52.47019016,-1.48029608,351.40,true,,
1790442335.841,marker,reconciled,0.00000000,0.00000000,0.00,false,,
1790442335.895,hud,speed,,,,,"0.0 / 10.6",0.000
1790442335.896,hud,heading,,,,,"9-¦ / 21-¦",8.600
1790442335.896,hud,drift,,,,,"97.89%",97.890
1790442335.896,hud,turns,,,,,"G£ù turns: 3/15",
1790442335.897,hud,calib_s,,,,,"G£ô Buffer 6s",
1790442335.900,marker,gnss,52.47246600,-1.47806000,339.50,true,,
1790442335.901,marker,dr,52.47019016,-1.48029608,351.40,true,,
1790442335.901,marker,reconciled,0.00000000,0.00000000,0.00,false,,
1790442335.952,hud,speed,,,,,"0.0 / 10.6",0.000
1790442335.953,hud,heading,,,,,"9-¦ / 21-¦",8.600
1790442335.953,hud,drift,,,,,"97.89%",97.890
1790442335.953,hud,turns,,,,,"G£ù turns: 3/15",
1790442335.953,hud,calib_s,,,,,"G£ô Buffer 6s",
1790442335.956,marker,gnss,52.47246600,-1.47806000,339.50,true,,
1790442335.956,marker,dr,52.47019016,-1.48029608,351.40,true,,
1790442335.957,marker,reconciled,0.00000000,0.00000000,0.00,false,,
1790442335.987,hud,speed,,,,,"0.0 / 10.6",0.000
1790442335.987,hud,heading,,,,,"9-¦ / 21-¦",8.600
1790442335.987,hud,drift,,,,,"97.89%",97.890
1790442335.988,hud,turns,,,,,"G£ù turns: 3/15",
1790442335.988,hud,calib_s,,,,,"G£ô Buffer 6s",
1790442335.991,marker,gnss,52.47246600,-1.47806000,339.50,true,,
1790442335.992,marker,dr,52.47019016,-1.48029608,351.40,true,,
1790442335.992,marker,reconciled,0.00000000,0.00000000,0.00,false,,
1790442336.040,hud,speed,,,,,"0.0 / 10.6",0.000
1790442336.041,hud,heading,,,,,"9-¦ / 21-¦",8.600
1790442336.041,hud,drift,,,,,"97.89%",97.890
1790442336.041,hud,turns,,,,,"G£ù turns: 3/15",
1790442336.041,hud,calib_s,,,,,"G£ô Buffer 6s",
1790442336.045,marker,gnss,52.47246600,-1.47806000,339.50,true,,
1790442336.046,marker,dr,52.47019016,-1.48029608,351.40,true,,
1790442336.046,marker,reconciled,0.00000000,0.00000000,0.00,false,,
1790442336.092,hud,speed,,,,,"0.0 / 10.6",0.000
1790442336.093,hud,heading,,,,,"9-¦ / 21-¦",8.600
1790442336.093,hud,drift,,,,,"97.89%",97.890
1790442336.093,hud,turns,,,,,"G£ù turns: 3/15",
1790442336.093,hud,calib_s,,,,,"G£ô Buffer 6s",
1790442336.097,marker,gnss,52.47246600,-1.47806000,339.50,true,,
1790442336.098,marker,dr,52.47019016,-1.48029608,351.40,true,,
1790442336.099,marker,reconciled,0.00000000,0.00000000,0.00,false,,
1790442336.143,hud,speed,,,,,"0.0 / 10.6",0.000
1790442336.144,hud,heading,,,,,"9-¦ / 21-¦",8.600
1790442336.144,hud,drift,,,,,"97.89%",97.890
1790442336.144,hud,turns,,,,,"G£ù turns: 3/15",
1790442336.145,hud,calib_s,,,,,"G£ô Buffer 6s",
1790442336.149,marker,gnss,52.47246600,-1.47806000,339.50,true,,
1790442336.149,marker,dr,52.47019016,-1.48029608,351.40,true,,
1790442336.150,marker,reconciled,0.00000000,0.00000000,0.00,false,,
1790442336.194,hud,speed,,,,,"0.0 / 10.6",0.000
1790442336.194,hud,heading,,,,,"9-¦ / 21-¦",8.600
1790442336.195,hud,drift,,,,,"97.89%",97.890
1790442336.195,hud,turns,,,,,"G£ù turns: 3/15",
1790442336.195,hud,calib_s,,,,,"G£ô Buffer 6s",
1790442336.199,marker,gnss,52.47246600,-1.47806000,339.50,true,,
1790442336.200,marker,dr,52.47019016,-1.48029608,351.40,true,,
1790442336.201,marker,reconciled,0.00000000,0.00000000,0.00,false,,
1790442336.246,hud,speed,,,,,"0.0 / 10.6",0.000
1790442336.246,hud,heading,,,,,"9-¦ / 21-¦",8.600
1790442336.247,hud,drift,,,,,"97.89%",97.890
1790442336.247,hud,turns,,,,,"G£ù turns: 3/15",
1790442336.247,hud,calib_s,,,,,"G£ô Buffer 6s",
1790442336.251,marker,gnss,52.47246600,-1.47806000,339.50,true,,
1790442336.252,marker,dr,52.47019016,-1.48029608,351.40,true,,
1790442336.252,marker,reconciled,0.00000000,0.00000000,0.00,false,,
1790442336.297,hud,speed,,,,,"0.0 / 10.6",0.000
1790442336.298,hud,heading,,,,,"9-¦ / 21-¦",8.600
1790442336.298,hud,drift,,,,,"97.89%",97.890
1790442336.298,hud,turns,,,,,"G£ù turns: 3/15",
1790442336.299,hud,calib_s,,,,,"G£ô Buffer 6s",
1790442336.303,marker,gnss,52.47246600,-1.47806000,339.50,true,,
1790442336.303,marker,dr,52.47019016,-1.48029608,351.40,true,,
1790442336.304,marker,reconciled,0.00000000,0.00000000,0.00,false,,
1790442336.349,hud,speed,,,,,"0.0 / 10.6",0.000
1790442336.350,hud,heading,,,,,"9-¦ / 21-¦",8.600
1790442336.350,hud,drift,,,,,"97.89%",97.890
1790442336.351,hud,turns,,,,,"G£ù turns: 3/15",
1790442336.351,hud,calib_s,,,,,"G£ô Buffer 6s",
1790442336.355,marker,gnss,52.47246600,-1.47806000,339.50,true,,
1790442336.356,marker,dr,52.47019016,-1.48029608,351.40,true,,
1790442336.356,marker,reconciled,0.00000000,0.00000000,0.00,false,,
1790442336.398,hud,speed,,,,,"0.0 / 10.6",0.000
1790442336.399,hud,heading,,,,,"9-¦ / 21-¦",8.600
1790442336.399,hud,drift,,,,,"97.89%",97.890
1790442336.399,hud,turns,,,,,"G£ù turns: 3/15",
1790442336.399,hud,calib_s,,,,,"G£ô Buffer 6s",
1790442336.403,marker,gnss,52.47246600,-1.47806000,339.50,true,,
1790442336.404,marker,dr,52.47019016,-1.48029608,351.40,true,,
1790442336.404,marker,reconciled,0.00000000,0.00000000,0.00,false,,
1790442336.448,hud,speed,,,,,"0.0 / 10.6",0.000
1790442336.449,hud,heading,,,,,"9-¦ / 21-¦",8.600
1790442336.449,hud,drift,,,,,"97.89%",97.890
1790442336.449,hud,turns,,,,,"G£ù turns: 3/15",
1790442336.449,hud,calib_s,,,,,"G£ô Buffer 6s",
1790442336.453,marker,gnss,52.47246600,-1.47806000,339.50,true,,
1790442336.454,marker,dr,52.47019016,-1.48029608,351.40,true,,
1790442336.454,marker,reconciled,0.00000000,0.00000000,0.00,false,,
1790442336.502,hud,speed,,,,,"0.0 / 10.6",0.000
1790442336.502,hud,heading,,,,,"9-¦ / 21-¦",8.600
1790442336.503,hud,drift,,,,,"97.89%",97.890
1790442336.503,hud,turns,,,,,"G£ù turns: 3/15",
1790442336.503,hud,calib_s,,,,,"G£ô Buffer 6s",
1790442336.507,marker,gnss,52.47246600,-1.47806000,339.50,true,,
1790442336.508,marker,dr,52.47019016,-1.48029608,351.40,true,,
1790442336.509,marker,reconciled,0.00000000,0.00000000,0.00,false,,
1790442336.553,hud,speed,,,,,"0.0 / 10.6",0.000
1790442336.554,hud,heading,,,,,"9-¦ / 21-¦",8.600
1790442336.554,hud,drift,,,,,"97.89%",97.890
1790442336.555,hud,turns,,,,,"G£ù turns: 3/15",
1790442336.555,hud,calib_s,,,,,"G£ô Buffer 6s",
1790442336.560,marker,gnss,52.47246600,-1.47806000,339.50,true,,
1790442336.560,marker,dr,52.47019016,-1.48029608,351.40,true,,
1790442336.561,marker,reconciled,0.00000000,0.00000000,0.00,false,,
1790442336.604,hud,speed,,,,,"0.0 / 10.6",0.000
1790442336.604,hud,heading,,,,,"9-¦ / 21-¦",8.600
1790442336.605,hud,drift,,,,,"97.89%",97.890
1790442336.605,hud,turns,,,,,"G£ù turns: 3/15",
1790442336.605,hud,calib_s,,,,,"G£ô Buffer 6s",
1790442336.609,marker,gnss,52.47246600,-1.47806000,339.50,true,,
1790442336.610,marker,dr,52.47019016,-1.48029608,351.40,true,,
1790442336.611,marker,reconciled,0.00000000,0.00000000,0.00,false,,
1790442336.656,hud,speed,,,,,"0.0 / 10.6",0.000
1790442336.656,hud,heading,,,,,"9-¦ / 21-¦",8.600
1790442336.656,hud,drift,,,,,"97.89%",97.890
1790442336.657,hud,turns,,,,,"G£ù turns: 3/15",
1790442336.657,hud,calib_s,,,,,"G£ô Buffer 6s",
1790442336.660,marker,gnss,52.47246600,-1.47806000,339.50,true,,
1790442336.661,marker,dr,52.47019016,-1.48029608,351.40,true,,
1790442336.661,marker,reconciled,0.00000000,0.00000000,0.00,false,,
1790442336.707,hud,speed,,,,,"0.0 / 10.6",0.000
1790442336.707,hud,heading,,,,,"9-¦ / 21-¦",8.600
1790442336.708,hud,drift,,,,,"97.89%",97.890
1790442336.708,hud,turns,,,,,"G£ù turns: 3/15",
1790442336.708,hud,calib_s,,,,,"G£ô Buffer 6s",
1790442336.712,marker,gnss,52.47246600,-1.47806000,339.50,true,,
1790442336.713,marker,dr,52.47019016,-1.48029608,351.40,true,,
1790442336.713,marker,reconciled,0.00000000,0.00000000,0.00,false,,
1790442336.756,hud,speed,,,,,"0.0 / 10.6",0.000
1790442336.756,hud,heading,,,,,"9-¦ / 21-¦",8.600
1790442336.756,hud,drift,,,,,"97.89%",97.890
1790442336.757,hud,turns,,,,,"G£ù turns: 3/15",
1790442336.757,hud,calib_s,,,,,"G£ô Buffer 6s",
1790442336.760,marker,gnss,52.47246600,-1.47806000,339.50,true,,
1790442336.761,marker,dr,52.47019016,-1.48029608,351.40,true,,
1790442336.761,marker,reconciled,0.00000000,0.00000000,0.00,false,,
1790442336.809,hud,speed,,,,,"0.0 / 10.6",0.000
1790442336.810,hud,heading,,,,,"9-¦ / 21-¦",8.600
1790442336.810,hud,drift,,,,,"97.89%",97.890
1790442336.811,hud,turns,,,,,"G£ù turns: 3/15",
1790442336.811,hud,calib_s,,,,,"G£ô Buffer 6s",
1790442336.815,marker,gnss,52.47246600,-1.47806000,339.50,true,,
1790442336.816,marker,dr,52.47019016,-1.48029608,351.40,true,,
1790442336.817,marker,reconciled,0.00000000,0.00000000,0.00,false,,
1790442336.860,hud,speed,,,,,"0.0 / 10.6",0.000
1790442336.861,hud,heading,,,,,"9-¦ / 21-¦",8.600
1790442336.861,hud,drift,,,,,"97.89%",97.890
1790442336.861,hud,turns,,,,,"G£ù turns: 3/15",
1790442336.861,hud,calib_s,,,,,"G£ô Buffer 6s",
1790442336.865,marker,gnss,52.47246600,-1.47806000,339.50,true,,
1790442336.865,marker,dr,52.47019016,-1.48029608,351.40,true,,
1790442336.866,marker,reconciled,0.00000000,0.00000000,0.00,false,,
1790442336.910,hud,speed,,,,,"0.0 / 10.6",0.000
1790442336.910,hud,heading,,,,,"9-¦ / 21-¦",8.600
1790442336.910,hud,drift,,,,,"97.89%",97.890
1790442336.910,hud,turns,,,,,"G£ù turns: 3/15",
1790442336.911,hud,calib_s,,,,,"G£ô Buffer 6s",
1790442336.914,marker,gnss,52.47246600,-1.47806000,339.50,true,,
1790442336.915,marker,dr,52.47019016,-1.48029608,351.40,true,,
1790442336.916,marker,reconciled,0.00000000,0.00000000,0.00,false,,
1790442336.962,hud,speed,,,,,"0.0 / 10.6",0.000
1790442336.962,hud,heading,,,,,"9-¦ / 21-¦",8.600
1790442336.963,hud,drift,,,,,"97.89%",97.890
1790442336.963,hud,turns,,,,,"G£ù turns: 3/15",
1790442336.963,hud,calib_s,,,,,"G£ô Buffer 6s",
1790442336.967,marker,gnss,52.47246600,-1.47806000,339.50,true,,
1790442336.968,marker,dr,52.47019016,-1.48029608,351.40,true,,
1790442336.969,marker,reconciled,0.00000000,0.00000000,0.00,false,,
1790442337.014,hud,speed,,,,,"0.0 / 10.6",0.000
1790442337.014,hud,heading,,,,,"9-¦ / 21-¦",8.600
1790442337.015,hud,drift,,,,,"97.89%",97.890
1790442337.015,hud,turns,,,,,"G£ù turns: 3/15",
1790442337.015,hud,calib_s,,,,,"G£ô Buffer 6s",
1790442337.019,marker,gnss,52.47246600,-1.47806000,339.50,true,,
1790442337.020,marker,dr,52.47019016,-1.48029608,351.40,true,,
1790442337.021,marker,reconciled,0.00000000,0.00000000,0.00,false,,
1790442337.065,hud,speed,,,,,"0.0 / 10.6",0.000
1790442337.066,hud,heading,,,,,"9-¦ / 21-¦",8.600
1790442337.066,hud,drift,,,,,"97.89%",97.890
1790442337.067,hud,turns,,,,,"G£ù turns: 3/15",
1790442337.067,hud,calib_s,,,,,"G£ô Buffer 6s",
1790442337.071,marker,gnss,52.47246600,-1.47806000,339.50,true,,
1790442337.072,marker,dr,52.47019016,-1.48029608,351.40,true,,
1790442337.072,marker,reconciled,0.00000000,0.00000000,0.00,false,,
1790442337.118,hud,speed,,,,,"0.0 / 10.6",0.000
1790442337.118,hud,heading,,,,,"9-¦ / 21-¦",8.600
1790442337.119,hud,drift,,,,,"97.89%",97.890
1790442337.119,hud,turns,,,,,"G£ù turns: 3/15",
1790442337.119,hud,calib_s,,,,,"G£ô Buffer 6s",
1790442337.124,marker,gnss,52.47246600,-1.47806000,339.50,true,,
1790442337.124,marker,dr,52.47019016,-1.48029608,351.40,true,,
1790442337.125,marker,reconciled,0.00000000,0.00000000,0.00,false,,
1790442337.166,hud,speed,,,,,"0.0 / 10.6",0.000
1790442337.166,hud,heading,,,,,"9-¦ / 21-¦",8.600
1790442337.167,hud,drift,,,,,"97.89%",97.890
1790442337.167,hud,turns,,,,,"G£ù turns: 3/15",
1790442337.167,hud,calib_s,,,,,"G£ô Buffer 6s",
1790442337.171,marker,gnss,52.47246600,-1.47806000,339.50,true,,
1790442337.172,marker,dr,52.47019016,-1.48029608,351.40,true,,
1790442337.173,marker,reconciled,0.00000000,0.00000000,0.00,false,,
1790442337.219,hud,speed,,,,,"0.0 / 10.6",0.000
1790442337.220,hud,heading,,,,,"9-¦ / 21-¦",8.600
1790442337.220,hud,drift,,,,,"97.89%",97.890
1790442337.220,hud,turns,,,,,"G£ù turns: 3/15",
1790442337.220,hud,calib_s,,,,,"G£ô Buffer 6s",
1790442337.225,marker,gnss,52.47246600,-1.47806000,339.50,true,,
1790442337.225,marker,dr,52.47019016,-1.48029608,351.40,true,,
1790442337.226,marker,reconciled,0.00000000,0.00000000,0.00,false,,
1790442337.275,hud,speed,,,,,"0.0 / 10.6",0.000
1790442337.276,hud,heading,,,,,"9-¦ / 21-¦",8.600
1790442337.276,hud,drift,,,,,"97.89%",97.890
1790442337.276,hud,turns,,,,,"G£ù turns: 3/15",
1790442337.277,hud,calib_s,,,,,"G£ô Buffer 6s",
1790442337.280,marker,gnss,52.47246600,-1.47806000,339.50,true,,
1790442337.280,marker,dr,52.47019016,-1.48029608,351.40,true,,
1790442337.281,marker,reconciled,0.00000000,0.00000000,0.00,false,,
1790442337.322,hud,speed,,,,,"0.0 / 10.6",0.000
1790442337.322,hud,heading,,,,,"9-¦ / 21-¦",8.600
1790442337.323,hud,drift,,,,,"97.89%",97.890
1790442337.323,hud,turns,,,,,"G£ù turns: 3/15",
1790442337.324,hud,calib_s,,,,,"G£ô Buffer 6s",
1790442337.328,marker,gnss,52.47246600,-1.47806000,339.50,true,,
1790442337.329,marker,dr,52.47019016,-1.48029608,351.40,true,,
1790442337.329,marker,reconciled,0.00000000,0.00000000,0.00,false,,
1790442337.375,hud,speed,,,,,"0.0 / 10.6",0.000
1790442337.375,hud,heading,,,,,"9-¦ / 21-¦",8.600
1790442337.375,hud,drift,,,,,"97.89%",97.890
1790442337.376,hud,turns,,,,,"G£ù turns: 3/15",
1790442337.376,hud,calib_s,,,,,"G£ô Buffer 6s",
1790442337.376,marker,gnss,52.47246600,-1.47806000,339.50,true,,
1790442337.377,marker,dr,52.47019016,-1.48029608,351.40,true,,
1790442337.377,marker,reconciled,0.00000000,0.00000000,0.00,false,,
1790442337.421,hud,speed,,,,,"0.0 / 10.6",0.000
1790442337.422,hud,heading,,,,,"9-¦ / 21-¦",8.600
1790442337.422,hud,drift,,,,,"97.89%",97.890
1790442337.422,hud,turns,,,,,"G£ù turns: 3/15",
1790442337.422,hud,calib_s,,,,,"G£ô Buffer 6s",
1790442337.423,marker,gnss,52.47246600,-1.47806000,339.50,true,,
1790442337.423,marker,dr,52.47019016,-1.48029608,351.40,true,,
1790442337.424,marker,reconciled,0.00000000,0.00000000,0.00,false,,
1790442337.473,hud,speed,,,,,"0.0 / 10.6",0.000
1790442337.474,hud,heading,,,,,"9-¦ / 21-¦",8.600
1790442337.474,hud,drift,,,,,"97.89%",97.890
1790442337.475,hud,turns,,,,,"G£ù turns: 3/15",
1790442337.475,hud,calib_s,,,,,"G£ô Buffer 6s",
1790442337.475,marker,gnss,52.47246600,-1.47806000,339.50,true,,
1790442337.476,marker,dr,52.47019016,-1.48029608,351.40,true,,
1790442337.476,marker,reconciled,0.00000000,0.00000000,0.00,false,,
1790442337.525,hud,speed,,,,,"0.0 / 10.6",0.000
1790442337.526,hud,heading,,,,,"9-¦ / 21-¦",8.600
1790442337.526,hud,drift,,,,,"97.89%",97.890
1790442337.527,hud,turns,,,,,"G£ù turns: 3/15",
1790442337.527,hud,calib_s,,,,,"G£ô Buffer 6s",
1790442337.527,marker,gnss,52.47246600,-1.47806000,339.50,true,,
1790442337.528,marker,dr,52.47019016,-1.48029608,351.40,true,,
1790442337.528,marker,reconciled,0.00000000,0.00000000,0.00,false,,
1790442337.576,hud,speed,,,,,"0.0 / 10.6",0.000
1790442337.576,hud,heading,,,,,"9-¦ / 21-¦",8.600
1790442337.576,hud,drift,,,,,"97.89%",97.890
1790442337.577,hud,turns,,,,,"G£ù turns: 3/15",
1790442337.577,hud,calib_s,,,,,"G£ô Buffer 6s",
1790442337.577,marker,gnss,52.47246600,-1.47806000,339.50,true,,
1790442337.578,marker,dr,52.47019016,-1.48029608,351.40,true,,
1790442337.578,marker,reconciled,0.00000000,0.00000000,0.00,false,,
1790442337.629,hud,speed,,,,,"0.0 / 10.6",0.000
1790442337.629,hud,heading,,,,,"9-¦ / 21-¦",8.600
1790442337.629,hud,drift,,,,,"97.89%",97.890
1790442337.630,hud,turns,,,,,"G£ù turns: 3/15",
1790442337.630,hud,calib_s,,,,,"G£ô Buffer 6s",
1790442337.631,marker,gnss,52.47246600,-1.47806000,339.50,true,,
1790442337.632,marker,dr,52.47019016,-1.48029608,351.40,true,,
1790442337.632,marker,reconciled,0.00000000,0.00000000,0.00,false,,
1790442337.682,hud,speed,,,,,"0.0 / 10.6",0.000
1790442337.682,hud,heading,,,,,"9-¦ / 21-¦",8.600
1790442337.683,hud,drift,,,,,"97.89%",97.890
1790442337.683,hud,turns,,,,,"G£ù turns: 3/15",
1790442337.683,hud,calib_s,,,,,"G£ô Buffer 6s",
1790442337.683,marker,gnss,52.47246600,-1.47806000,339.50,true,,
1790442337.684,marker,dr,52.47019016,-1.48029608,351.40,true,,
1790442337.684,marker,reconciled,0.00000000,0.00000000,0.00,false,,
1790442337.727,hud,speed,,,,,"0.0 / 10.6",0.000
1790442337.727,hud,heading,,,,,"9-¦ / 21-¦",8.600
1790442337.728,hud,drift,,,,,"97.89%",97.890
1790442337.728,hud,turns,,,,,"G£ù turns: 3/15",
1790442337.728,hud,calib_s,,,,,"G£ô Buffer 6s",
1790442337.729,marker,gnss,52.47246600,-1.47806000,339.50,true,,
1790442337.729,marker,dr,52.47019016,-1.48029608,351.40,true,,
1790442337.729,marker,reconciled,0.00000000,0.00000000,0.00,false,,
1790442337.792,hud,speed,,,,,"0.0 / 10.6",0.000
1790442337.792,hud,heading,,,,,"9-¦ / 21-¦",8.600
1790442337.793,hud,drift,,,,,"97.89%",97.890
1790442337.793,hud,turns,,,,,"G£ù turns: 3/15",
1790442337.793,hud,calib_s,,,,,"G£ô Buffer 6s",
1790442337.793,marker,gnss,52.47246600,-1.47806000,339.50,true,,
1790442337.794,marker,dr,52.47019016,-1.48029608,351.40,true,,
1790442337.794,marker,reconciled,0.00000000,0.00000000,0.00,false,,
1790442337.830,hud,speed,,,,,"0.0 / 10.6",0.000
1790442337.831,hud,heading,,,,,"9-¦ / 21-¦",8.600
1790442337.831,hud,drift,,,,,"97.89%",97.890
1790442337.831,hud,turns,,,,,"G£ù turns: 3/15",
1790442337.831,hud,calib_s,,,,,"G£ô Buffer 6s",
1790442337.832,marker,gnss,52.47246600,-1.47806000,339.50,true,,
1790442337.832,marker,dr,52.47019016,-1.48029608,351.40,true,,
1790442337.833,marker,reconciled,0.00000000,0.00000000,0.00,false,,
1790442337.881,hud,speed,,,,,"0.0 / 10.6",0.000
1790442337.881,hud,heading,,,,,"9-¦ / 21-¦",8.600
1790442337.882,hud,drift,,,,,"97.89%",97.890
1790442337.882,hud,turns,,,,,"G£ù turns: 3/15",
1790442337.882,hud,calib_s,,,,,"G£ô Buffer 6s",
1790442337.883,marker,gnss,52.47246600,-1.47806000,339.50,true,,
1790442337.883,marker,dr,52.47019016,-1.48029608,351.40,true,,
1790442337.884,marker,reconciled,0.00000000,0.00000000,0.00,false,,
1790442337.936,hud,speed,,,,,"0.0 / 10.6",0.000
1790442337.936,hud,heading,,,,,"9-¦ / 21-¦",8.600
1790442337.937,hud,drift,,,,,"97.89%",97.890
1790442337.937,hud,turns,,,,,"G£ù turns: 3/15",
1790442337.937,hud,calib_s,,,,,"G£ô Buffer 6s",
1790442337.938,marker,gnss,52.47246600,-1.47806000,339.50,true,,
1790442337.939,marker,dr,52.47019016,-1.48029608,351.40,true,,
1790442337.939,marker,reconciled,0.00000000,0.00000000,0.00,false,,
1790442337.987,hud,speed,,,,,"0.0 / 10.6",0.000
1790442337.987,hud,heading,,,,,"9-¦ / 21-¦",8.600
1790442337.987,hud,drift,,,,,"97.89%",97.890
1790442337.988,hud,turns,,,,,"G£ù turns: 3/15",
1790442337.988,hud,calib_s,,,,,"G£ô Buffer 6s",
1790442337.989,marker,gnss,52.47246600,-1.47806000,339.50,true,,
1790442337.989,marker,dr,52.47019016,-1.48029608,351.40,true,,
1790442337.990,marker,reconciled,0.00000000,0.00000000,0.00,false,,
1790442338.038,hud,speed,,,,,"0.0 / 10.6",0.000
1790442338.038,hud,heading,,,,,"9-¦ / 21-¦",8.600
1790442338.039,hud,drift,,,,,"97.89%",97.890
1790442338.039,hud,turns,,,,,"G£ù turns: 3/15",
1790442338.039,hud,calib_s,,,,,"G£ô Buffer 6s",
1790442338.040,marker,gnss,52.47246600,-1.47806000,339.50,true,,
1790442338.041,marker,dr,52.47019016,-1.48029608,351.40,true,,
1790442338.041,marker,reconciled,0.00000000,0.00000000,0.00,false,,
1790442338.091,hud,speed,,,,,"0.0 / 10.6",0.000
1790442338.092,hud,heading,,,,,"9-¦ / 21-¦",8.600
1790442338.092,hud,drift,,,,,"97.89%",97.890
1790442338.092,hud,turns,,,,,"G£ù turns: 3/15",
1790442338.093,hud,calib_s,,,,,"G£ô Buffer 6s",
1790442338.093,marker,gnss,52.47246600,-1.47806000,339.50,true,,
1790442338.094,marker,dr,52.47019016,-1.48029608,351.40,true,,
1790442338.094,marker,reconciled,0.00000000,0.00000000,0.00,false,,
1790442338.138,hud,speed,,,,,"0.0 / 10.6",0.000
1790442338.138,hud,heading,,,,,"9-¦ / 21-¦",8.600
1790442338.139,hud,drift,,,,,"97.89%",97.890
1790442338.139,hud,turns,,,,,"G£ù turns: 3/15",
1790442338.139,hud,calib_s,,,,,"G£ô Buffer 6s",
1790442338.140,marker,gnss,52.47246600,-1.47806000,339.50,true,,
1790442338.140,marker,dr,52.47019016,-1.48029608,351.40,true,,
1790442338.141,marker,reconciled,0.00000000,0.00000000,0.00,false,,
1790442338.191,hud,speed,,,,,"0.0 / 10.6",0.000
1790442338.192,hud,heading,,,,,"9-¦ / 21-¦",8.600
1790442338.192,hud,drift,,,,,"97.89%",97.890
1790442338.192,hud,turns,,,,,"G£ù turns: 3/15",
1790442338.193,hud,calib_s,,,,,"G£ô Buffer 6s",
1790442338.193,marker,gnss,52.47246600,-1.47806000,339.50,true,,
1790442338.194,marker,dr,52.47019016,-1.48029608,351.40,true,,
1790442338.195,marker,reconciled,0.00000000,0.00000000,0.00,false,,
1790442338.242,hud,speed,,,,,"0.0 / 10.6",0.000
1790442338.242,hud,heading,,,,,"9-¦ / 21-¦",8.600
1790442338.243,hud,drift,,,,,"97.89%",97.890
1790442338.243,hud,turns,,,,,"G£ù turns: 3/15",
1790442338.243,hud,calib_s,,,,,"G£ô Buffer 6s",
1790442338.244,marker,gnss,52.47246600,-1.47806000,339.50,true,,
1790442338.245,marker,dr,52.47019016,-1.48029608,351.40,true,,
1790442338.245,marker,reconciled,0.00000000,0.00000000,0.00,false,,
1790442338.290,hud,speed,,,,,"0.0 / 10.6",0.000
1790442338.291,hud,heading,,,,,"9-¦ / 21-¦",8.600
1790442338.291,hud,drift,,,,,"97.89%",97.890
1790442338.291,hud,turns,,,,,"G£ù turns: 3/15",
1790442338.291,hud,calib_s,,,,,"G£ô Buffer 6s",
1790442338.292,marker,gnss,52.47246600,-1.47806000,339.50,true,,
1790442338.293,marker,dr,52.47019016,-1.48029608,351.40,true,,
1790442338.293,marker,reconciled,0.00000000,0.00000000,0.00,false,,
1790442338.855,hud,speed,,,,,"0.0 / 0.0",0.000
1790442338.855,hud,heading,,,,,"0-¦ / 0-¦",0.000
1790442338.856,hud,drift,,,,,"0.00%",0.000
1790442338.856,hud,turns,,,,,"G£ù turns: 0/15",
1790442338.856,hud,calib_s,,,,,"G£ù Buffer (need 6s)",
1790442338.856,marker,dr,52.47019016,-1.48029608,351.40,false,,
1790442338.857,marker,reconciled,0.00000000,0.00000000,0.00,false,,
1790442338.945,hud,speed,,,,,"0.0 / 0.0",0.000
1790442338.945,hud,heading,,,,,"0-¦ / 0-¦",0.000
1790442338.945,hud,drift,,,,,"0.00%",0.000
1790442338.946,hud,turns,,,,,"G£ù turns: 0/15",
1790442338.946,hud,calib_s,,,,,"G£ù Buffer (need 6s)",
1790442338.946,marker,dr,52.47019016,-1.48029608,351.40,false,,
1790442338.946,marker,reconciled,0.00000000,0.00000000,0.00,false,,
1790442339.045,hud,speed,,,,,"0.0 / 0.0",0.000
1790442339.046,hud,heading,,,,,"0-¦ / 0-¦",0.000
1790442339.046,hud,drift,,,,,"0.00%",0.000
1790442339.046,hud,turns,,,,,"G£ù turns: 0/15",
1790442339.047,hud,calib_s,,,,,"G£ù Buffer (need 6s)",
1790442339.047,marker,dr,52.47019016,-1.48029608,351.40,false,,
1790442339.047,marker,reconciled,0.00000000,0.00000000,0.00,false,,
1790442339.147,hud,speed,,,,,"0.0 / 0.0",0.000
1790442339.148,hud,heading,,,,,"0-¦ / 0-¦",0.000
1790442339.148,hud,drift,,,,,"0.00%",0.000
1790442339.149,hud,turns,,,,,"G£ù turns: 0/15",
1790442339.149,hud,calib_s,,,,,"G£ù Buffer (need 6s)",
1790442339.150,marker,dr,52.47019016,-1.48029608,351.40,false,,
1790442339.150,marker,reconciled,0.00000000,0.00000000,0.00,false,,
1790442339.265,hud,speed,,,,,"0.0 / 0.0",0.000
1790442339.266,hud,heading,,,,,"0-¦ / 0-¦",0.000
1790442339.267,hud,drift,,,,,"0.00%",0.000
1790442339.267,hud,turns,,,,,"G£ù turns: 0/15",
1790442339.268,hud,calib_s,,,,,"G£ù Buffer (need 6s)",
1790442339.269,marker,dr,52.47019016,-1.48029608,351.40,false,,
1790442339.269,marker,reconciled,0.00000000,0.00000000,0.00,false,,
1790442339.355,hud,speed,,,,,"0.0 / 0.0",0.000
1790442339.356,hud,heading,,,,,"0-¦ / 0-¦",0.000
1790442339.356,hud,drift,,,,,"0.00%",0.000
1790442339.357,hud,turns,,,,,"G£ù turns: 0/15",
1790442339.357,hud,calib_s,,,,,"G£ù Buffer (need 6s)",
1790442339.357,marker,dr,52.47019016,-1.48029608,351.40,false,,
1790442339.357,marker,reconciled,0.00000000,0.00000000,0.00,false,,
1790442339.453,hud,speed,,,,,"0.0 / 0.0",0.000
1790442339.454,hud,heading,,,,,"0-¦ / 0-¦",0.000
1790442339.455,hud,drift,,,,,"0.00%",0.000
1790442339.455,hud,turns,,,,,"G£ù turns: 0/15",
1790442339.455,hud,calib_s,,,,,"G£ù Buffer (need 6s)",
1790442339.456,marker,dr,52.47019016,-1.48029608,351.40,false,,
1790442339.456,marker,reconciled,0.00000000,0.00000000,0.00,false,,
1790442339.553,hud,speed,,,,,"0.0 / 0.0",0.000
1790442339.554,hud,heading,,,,,"0-¦ / 0-¦",0.000
1790442339.555,hud,drift,,,,,"0.00%",0.000
1790442339.555,hud,turns,,,,,"G£ù turns: 0/15",
1790442339.556,hud,calib_s,,,,,"G£ù Buffer (need 6s)",
1790442339.556,marker,dr,52.47019016,-1.48029608,351.40,false,,
1790442339.556,marker,reconciled,0.00000000,0.00000000,0.00,false,,
1790442339.672,hud,speed,,,,,"0.0 / 0.0",0.000
1790442339.673,hud,heading,,,,,"0-¦ / 0-¦",0.000
1790442339.673,hud,drift,,,,,"0.00%",0.000
1790442339.674,hud,turns,,,,,"G£ù turns: 0/15",
1790442339.674,hud,calib_s,,,,,"G£ù Buffer (need 6s)",
1790442339.675,marker,dr,52.47019016,-1.48029608,351.40,false,,
1790442339.676,marker,reconciled,0.00000000,0.00000000,0.00,false,,
1790442339.757,hud,speed,,,,,"0.0 / 0.0",0.000
1790442339.758,hud,heading,,,,,"0-¦ / 0-¦",0.000
1790442339.759,hud,drift,,,,,"0.00%",0.000
1790442339.759,hud,turns,,,,,"G£ù turns: 0/15",
1790442339.759,hud,calib_s,,,,,"G£ù Buffer (need 6s)",
1790442339.760,marker,dr,52.47019016,-1.48029608,351.40,false,,
1790442339.760,marker,reconciled,0.00000000,0.00000000,0.00,false,,
1790442339.857,hud,speed,,,,,"0.0 / 0.0",0.000
1790442339.858,hud,heading,,,,,"0-¦ / 0-¦",0.000
1790442339.858,hud,drift,,,,,"0.00%",0.000
1790442339.858,hud,turns,,,,,"G£ù turns: 0/15",
1790442339.858,hud,calib_s,,,,,"G£ù Buffer (need 6s)",
1790442339.859,marker,dr,52.47019016,-1.48029608,351.40,false,,
1790442339.859,marker,reconciled,0.00000000,0.00000000,0.00,false,,
1790442339.960,hud,speed,,,,,"0.0 / 0.0",0.000
1790442339.961,hud,heading,,,,,"0-¦ / 0-¦",0.000
1790442339.962,hud,drift,,,,,"0.00%",0.000
1790442339.962,hud,turns,,,,,"G£ù turns: 0/15",
1790442339.963,hud,calib_s,,,,,"G£ù Buffer (need 6s)",
1790442339.963,marker,dr,52.47019016,-1.48029608,351.40,false,,
1790442339.963,marker,reconciled,0.00000000,0.00000000,0.00,false,,
1790442340.080,hud,speed,,,,,"0.0 / 0.0",0.000
1790442340.080,hud,heading,,,,,"0-¦ / 0-¦",0.000
1790442340.081,hud,drift,,,,,"0.00%",0.000
1790442340.081,hud,turns,,,,,"G£ù turns: 0/15",
1790442340.081,hud,calib_s,,,,,"G£ù Buffer (need 6s)",
1790442340.081,marker,dr,52.47019016,-1.48029608,351.40,false,,
1790442340.082,marker,reconciled,0.00000000,0.00000000,0.00,false,,
1790442340.161,hud,speed,,,,,"0.0 / 0.0",0.000
1790442340.162,hud,heading,,,,,"0-¦ / 0-¦",0.000
1790442340.162,hud,drift,,,,,"0.00%",0.000
1790442340.163,hud,turns,,,,,"G£ù turns: 0/15",
1790442340.163,hud,calib_s,,,,,"G£ù Buffer (need 6s)",
1790442340.163,marker,dr,52.47019016,-1.48029608,351.40,false,,
1790442340.164,marker,reconciled,0.00000000,0.00000000,0.00,false,,
1790442340.264,hud,speed,,,,,"0.0 / 0.0",0.000
1790442340.265,hud,heading,,,,,"0-¦ / 0-¦",0.000
1790442340.266,hud,drift,,,,,"0.00%",0.000
1790442340.267,hud,turns,,,,,"G£ù turns: 0/15",
1790442340.267,hud,calib_s,,,,,"G£ù Buffer (need 6s)",
1790442340.268,marker,dr,52.47019016,-1.48029608,351.40,false,,
1790442340.268,marker,reconciled,0.00000000,0.00000000,0.00,false,,
1790442340.365,hud,speed,,,,,"0.0 / 0.0",0.000
1790442340.365,hud,heading,,,,,"0-¦ / 0-¦",0.000
1790442340.365,hud,drift,,,,,"0.00%",0.000
1790442340.366,hud,turns,,,,,"G£ù turns: 0/15",
1790442340.366,hud,calib_s,,,,,"G£ù Buffer (need 6s)",
1790442340.367,marker,dr,52.47019016,-1.48029608,351.40,false,,
1790442340.367,marker,reconciled,0.00000000,0.00000000,0.00,false,,
1790442340.486,hud,speed,,,,,"0.0 / 0.0",0.000
1790442340.486,hud,heading,,,,,"0-¦ / 0-¦",0.000
1790442340.487,hud,drift,,,,,"0.00%",0.000
1790442340.487,hud,turns,,,,,"G£ù turns: 0/15",
1790442340.488,hud,calib_s,,,,,"G£ù Buffer (need 6s)",
1790442340.488,marker,dr,52.47019016,-1.48029608,351.40,false,,
1790442340.489,marker,reconciled,0.00000000,0.00000000,0.00,false,,
1790442340.566,hud,speed,,,,,"0.0 / 0.0",0.000
1790442340.567,hud,heading,,,,,"0-¦ / 0-¦",0.000
1790442340.567,hud,drift,,,,,"0.00%",0.000
1790442340.567,hud,turns,,,,,"G£ù turns: 0/15",
1790442340.568,hud,calib_s,,,,,"G£ù Buffer (need 6s)",
1790442340.568,marker,dr,52.47019016,-1.48029608,351.40,false,,
1790442340.568,marker,reconciled,0.00000000,0.00000000,0.00,false,,
1790442340.672,hud,speed,,,,,"0.0 / 0.0",0.000
1790442340.673,hud,heading,,,,,"0-¦ / 0-¦",0.000
1790442340.673,hud,drift,,,,,"0.00%",0.000
1790442340.674,hud,turns,,,,,"G£ù turns: 0/15",
1790442340.675,hud,calib_s,,,,,"G£ù Buffer (need 6s)",
1790442340.676,marker,dr,52.47019016,-1.48029608,351.40,false,,
1790442340.676,marker,reconciled,0.00000000,0.00000000,0.00,false,,
1790442340.789,hud,speed,,,,,"0.0 / 0.0",0.000
1790442340.790,hud,heading,,,,,"0-¦ / 0-¦",0.000
1790442340.791,hud,drift,,,,,"0.00%",0.000
1790442340.791,hud,turns,,,,,"G£ù turns: 0/15",
1790442340.791,hud,calib_s,,,,,"G£ù Buffer (need 6s)",
1790442340.791,marker,dr,52.47019016,-1.48029608,351.40,false,,
1790442340.792,marker,reconciled,0.00000000,0.00000000,0.00,false,,
1790442340.872,hud,speed,,,,,"0.0 / 0.0",0.000
1790442340.873,hud,heading,,,,,"0-¦ / 0-¦",0.000
1790442340.873,hud,drift,,,,,"0.00%",0.000
1790442340.874,hud,turns,,,,,"G£ù turns: 0/15",
1790442340.874,hud,calib_s,,,,,"G£ù Buffer (need 6s)",
1790442340.875,marker,dr,52.47019016,-1.48029608,351.40,false,,
1790442340.875,marker,reconciled,0.00000000,0.00000000,0.00,false,,
1790442340.971,hud,speed,,,,,"0.0 / 0.0",0.000
1790442340.971,hud,heading,,,,,"0-¦ / 0-¦",0.000
1790442340.972,hud,drift,,,,,"0.00%",0.000
1790442340.972,hud,turns,,,,,"G£ù turns: 0/15",
1790442340.972,hud,calib_s,,,,,"G£ù Buffer (need 6s)",
1790442340.972,marker,dr,52.47019016,-1.48029608,351.40,false,,
1790442340.973,marker,reconciled,0.00000000,0.00000000,0.00,false,,
1790442341.073,hud,speed,,,,,"0.0 / 0.0",0.000
1790442341.073,hud,heading,,,,,"0-¦ / 0-¦",0.000
1790442341.073,hud,drift,,,,,"0.00%",0.000
1790442341.073,hud,turns,,,,,"G£ù turns: 0/15",
1790442341.074,hud,calib_s,,,,,"G£ù Buffer (need 6s)",
1790442341.074,marker,dr,52.47019016,-1.48029608,351.40,false,,
1790442341.074,marker,reconciled,0.00000000,0.00000000,0.00,false,,
1790442341.197,hud,speed,,,,,"0.0 / 0.0",0.000
1790442341.197,hud,heading,,,,,"0-¦ / 0-¦",0.000
1790442341.198,hud,drift,,,,,"0.00%",0.000
1790442341.199,hud,turns,,,,,"G£ù turns: 0/15",
1790442341.199,hud,calib_s,,,,,"G£ù Buffer (need 6s)",
1790442341.200,marker,dr,52.47019016,-1.48029608,351.40,false,,
1790442341.200,marker,reconciled,0.00000000,0.00000000,0.00,false,,
1790442341.280,hud,speed,,,,,"0.0 / 0.0",0.000
1790442341.281,hud,heading,,,,,"0-¦ / 0-¦",0.000
1790442341.282,hud,drift,,,,,"0.00%",0.000
1790442341.282,hud,turns,,,,,"G£ù turns: 0/15",
1790442341.283,hud,calib_s,,,,,"G£ù Buffer (need 6s)",
1790442341.283,marker,dr,52.47019016,-1.48029608,351.40,false,,
1790442341.283,marker,reconciled,0.00000000,0.00000000,0.00,false,,
1790442341.385,hud,speed,,,,,"0.0 / 0.0",0.000
1790442341.385,hud,heading,,,,,"0-¦ / 0-¦",0.000
1790442341.386,hud,drift,,,,,"0.00%",0.000
1790442341.386,hud,turns,,,,,"G£ù turns: 0/15",
1790442341.387,hud,calib_s,,,,,"G£ù Buffer (need 6s)",
1790442341.387,marker,dr,52.47019016,-1.48029608,351.40,false,,
1790442341.388,marker,reconciled,0.00000000,0.00000000,0.00,false,,
1790442341.487,hud,speed,,,,,"0.0 / 0.0",0.000
1790442341.488,hud,heading,,,,,"0-¦ / 0-¦",0.000
1790442341.488,hud,drift,,,,,"0.00%",0.000
1790442341.489,hud,turns,,,,,"G£ù turns: 0/15",
1790442341.489,hud,calib_s,,,,,"G£ù Buffer (need 6s)",
1790442341.490,marker,dr,52.47019016,-1.48029608,351.40,false,,
1790442341.491,marker,reconciled,0.00000000,0.00000000,0.00,false,,
1790442341.604,hud,speed,,,,,"0.0 / 0.0",0.000
1790442341.604,hud,heading,,,,,"0-¦ / 0-¦",0.000
1790442341.605,hud,drift,,,,,"0.00%",0.000
1790442341.605,hud,turns,,,,,"G£ù turns: 0/15",
1790442341.606,hud,calib_s,,,,,"G£ù Buffer (need 6s)",
1790442341.606,marker,dr,52.47019016,-1.48029608,351.40,false,,
1790442341.607,marker,reconciled,0.00000000,0.00000000,0.00,false,,
1790442341.684,hud,speed,,,,,"0.0 / 0.0",0.000
1790442341.685,hud,heading,,,,,"0-¦ / 0-¦",0.000
1790442341.685,hud,drift,,,,,"0.00%",0.000
1790442341.686,hud,turns,,,,,"G£ù turns: 0/15",
1790442341.686,hud,calib_s,,,,,"G£ù Buffer (need 6s)",
1790442341.686,marker,dr,52.47019016,-1.48029608,351.40,false,,
1790442341.687,marker,reconciled,0.00000000,0.00000000,0.00,false,,
1790442341.787,hud,speed,,,,,"0.0 / 0.0",0.000
1790442341.788,hud,heading,,,,,"0-¦ / 0-¦",0.000
1790442341.789,hud,drift,,,,,"0.00%",0.000
1790442341.789,hud,turns,,,,,"G£ù turns: 0/15",
1790442341.789,hud,calib_s,,,,,"G£ù Buffer (need 6s)",
1790442341.790,marker,dr,52.47019016,-1.48029608,351.40,false,,
1790442341.791,marker,reconciled,0.00000000,0.00000000,0.00,false,,
1790442341.892,hud,speed,,,,,"0.0 / 0.0",0.000
1790442341.893,hud,heading,,,,,"0-¦ / 0-¦",0.000
1790442341.893,hud,drift,,,,,"0.00%",0.000
1790442341.893,hud,turns,,,,,"G£ù turns: 0/15",
1790442341.894,hud,calib_s,,,,,"G£ù Buffer (need 6s)",
1790442341.894,marker,dr,52.47019016,-1.48029608,351.40,false,,
1790442341.895,marker,reconciled,0.00000000,0.00000000,0.00,false,,
1790442342.012,hud,speed,,,,,"0.0 / 0.0",0.000
1790442342.012,hud,heading,,,,,"0-¦ / 0-¦",0.000
1790442342.013,hud,drift,,,,,"0.00%",0.000
1790442342.013,hud,turns,,,,,"G£ù turns: 0/15",
1790442342.014,hud,calib_s,,,,,"G£ù Buffer (need 6s)",
1790442342.014,marker,dr,52.47019016,-1.48029608,351.40,false,,
1790442342.015,marker,reconciled,0.00000000,0.00000000,0.00,false,,
1790442342.095,hud,speed,,,,,"0.0 / 0.0",0.000
1790442342.095,hud,heading,,,,,"0-¦ / 0-¦",0.000
1790442342.095,hud,drift,,,,,"0.00%",0.000
1790442342.096,hud,turns,,,,,"G£ù turns: 0/15",
1790442342.096,hud,calib_s,,,,,"G£ù Buffer (need 6s)",
1790442342.096,marker,dr,52.47019016,-1.48029608,351.40,false,,
1790442342.097,marker,reconciled,0.00000000,0.00000000,0.00,false,,
1790442342.195,hud,speed,,,,,"0.0 / 0.0",0.000
1790442342.196,hud,heading,,,,,"0-¦ / 0-¦",0.000
1790442342.197,hud,drift,,,,,"0.00%",0.000
1790442342.197,hud,turns,,,,,"G£ù turns: 0/15",
1790442342.198,hud,calib_s,,,,,"G£ù Buffer (need 6s)",
1790442342.198,marker,dr,52.47019016,-1.48029608,351.40,false,,
1790442342.199,marker,reconciled,0.00000000,0.00000000,0.00,false,,
1790442342.320,hud,speed,,,,,"0.0 / 0.0",0.000
1790442342.321,hud,heading,,,,,"0-¦ / 0-¦",0.000
1790442342.321,hud,drift,,,,,"0.00%",0.000
1790442342.321,hud,turns,,,,,"G£ù turns: 0/15",
1790442342.322,hud,calib_s,,,,,"G£ù Buffer (need 6s)",
1790442342.323,marker,dr,52.47019016,-1.48029608,351.40,false,,
1790442342.323,marker,reconciled,0.00000000,0.00000000,0.00,false,,
1790442342.406,hud,speed,,,,,"0.0 / 0.0",0.000
1790442342.407,hud,heading,,,,,"0-¦ / 0-¦",0.000
1790442342.408,hud,drift,,,,,"0.00%",0.000
1790442342.408,hud,turns,,,,,"G£ù turns: 0/15",
1790442342.408,hud,calib_s,,,,,"G£ù Buffer (need 6s)",
1790442342.408,marker,dr,52.47019016,-1.48029608,351.40,false,,
1790442342.409,marker,reconciled,0.00000000,0.00000000,0.00,false,,
1790442342.499,hud,speed,,,,,"0.0 / 0.0",0.000
1790442342.499,hud,heading,,,,,"0-¦ / 0-¦",0.000
1790442342.500,hud,drift,,,,,"0.00%",0.000
1790442342.500,hud,turns,,,,,"G£ù turns: 0/15",
1790442342.500,hud,calib_s,,,,,"G£ù Buffer (need 6s)",
1790442342.501,marker,dr,52.47019016,-1.48029608,351.40,false,,
1790442342.501,marker,reconciled,0.00000000,0.00000000,0.00,false,,
1790442342.605,hud,speed,,,,,"0.0 / 0.0",0.000
1790442342.606,hud,heading,,,,,"0-¦ / 0-¦",0.000
1790442342.607,hud,drift,,,,,"0.00%",0.000
1790442342.607,hud,turns,,,,,"G£ù turns: 0/15",
1790442342.608,hud,calib_s,,,,,"G£ù Buffer (need 6s)",
1790442342.608,marker,dr,52.47019016,-1.48029608,351.40,false,,
1790442342.608,marker,reconciled,0.00000000,0.00000000,0.00,false,,
1790442342.720,hud,speed,,,,,"0.0 / 0.0",0.000
1790442342.721,hud,heading,,,,,"0-¦ / 0-¦",0.000
1790442342.721,hud,drift,,,,,"0.00%",0.000
1790442342.722,hud,turns,,,,,"G£ù turns: 0/15",
1790442342.723,hud,calib_s,,,,,"G£ù Buffer (need 6s)",
1790442342.723,marker,dr,52.47019016,-1.48029608,351.40,false,,
1790442342.724,marker,reconciled,0.00000000,0.00000000,0.00,false,,
1790442342.804,hud,speed,,,,,"0.0 / 0.0",0.000
1790442342.805,hud,heading,,,,,"0-¦ / 0-¦",0.000
1790442342.805,hud,drift,,,,,"0.00%",0.000
1790442342.805,hud,turns,,,,,"G£ù turns: 0/15",
1790442342.805,hud,calib_s,,,,,"G£ù Buffer (need 6s)",
1790442342.805,marker,dr,52.47019016,-1.48029608,351.40,false,,
1790442342.806,marker,reconciled,0.00000000,0.00000000,0.00,false,,
1790442342.905,hud,speed,,,,,"0.0 / 0.0",0.000
1790442342.906,hud,heading,,,,,"0-¦ / 0-¦",0.000
1790442342.907,hud,drift,,,,,"0.00%",0.000
1790442342.907,hud,turns,,,,,"G£ù turns: 0/15",
1790442342.908,hud,calib_s,,,,,"G£ù Buffer (need 6s)",
1790442342.908,marker,dr,52.47019016,-1.48029608,351.40,false,,
1790442342.909,marker,reconciled,0.00000000,0.00000000,0.00,false,,
1790442343.008,hud,speed,,,,,"0.0 / 0.0",0.000
1790442343.009,hud,heading,,,,,"0-¦ / 0-¦",0.000
1790442343.009,hud,drift,,,,,"0.00%",0.000
1790442343.010,hud,turns,,,,,"G£ù turns: 0/15",
1790442343.010,hud,calib_s,,,,,"G£ù Buffer (need 6s)",
1790442343.011,marker,dr,52.47019016,-1.48029608,351.40,false,,
1790442343.011,marker,reconciled,0.00000000,0.00000000,0.00,false,,
1790442343.129,hud,speed,,,,,"0.0 / 0.0",0.000
1790442343.130,hud,heading,,,,,"0-¦ / 0-¦",0.000
1790442343.131,hud,drift,,,,,"0.00%",0.000
1790442343.131,hud,turns,,,,,"G£ù turns: 0/15",
1790442343.131,hud,calib_s,,,,,"G£ù Buffer (need 6s)",
1790442343.132,marker,dr,52.47019016,-1.48029608,351.40,false,,
1790442343.132,marker,reconciled,0.00000000,0.00000000,0.00,false,,
1790442343.216,hud,speed,,,,,"0.0 / 0.0",0.000
1790442343.216,hud,heading,,,,,"0-¦ / 0-¦",0.000
1790442343.217,hud,drift,,,,,"0.00%",0.000
1790442343.217,hud,turns,,,,,"G£ù turns: 0/15",
1790442343.217,hud,calib_s,,,,,"G£ù Buffer (need 6s)",
1790442343.217,marker,dr,52.47019016,-1.48029608,351.40,false,,
1790442343.218,marker,reconciled,0.00000000,0.00000000,0.00,false,,
1790442343.312,hud,speed,,,,,"0.0 / 0.0",0.000
1790442343.313,hud,heading,,,,,"0-¦ / 0-¦",0.000
1790442343.313,hud,drift,,,,,"0.00%",0.000
1790442343.313,hud,turns,,,,,"G£ù turns: 0/15",
1790442343.314,hud,calib_s,,,,,"G£ù Buffer (need 6s)",
1790442343.314,marker,dr,52.47019016,-1.48029608,351.40,false,,
1790442343.315,marker,reconciled,0.00000000,0.00000000,0.00,false,,
1790442343.413,hud,speed,,,,,"0.0 / 0.0",0.000
1790442343.414,hud,heading,,,,,"0-¦ / 0-¦",0.000
1790442343.414,hud,drift,,,,,"0.00%",0.000
1790442343.414,hud,turns,,,,,"G£ù turns: 0/15",
1790442343.415,hud,calib_s,,,,,"G£ù Buffer (need 6s)",
1790442343.415,marker,dr,52.47019016,-1.48029608,351.40,false,,
1790442343.415,marker,reconciled,0.00000000,0.00000000,0.00,false,,
1790442343.533,hud,speed,,,,,"0.0 / 0.0",0.000
1790442343.534,hud,heading,,,,,"0-¦ / 0-¦",0.000
1790442343.535,hud,drift,,,,,"0.00%",0.000
1790442343.535,hud,turns,,,,,"G£ù turns: 0/15",
1790442343.535,hud,calib_s,,,,,"G£ô Buffer 6s",
1790442343.535,marker,dr,52.47019016,-1.48029608,351.40,false,,
1790442343.536,marker,reconciled,0.00000000,0.00000000,0.00,false,,
1790442343.622,hud,speed,,,,,"0.0 / 0.0",0.000
1790442343.623,hud,heading,,,,,"0-¦ / 0-¦",0.000
1790442343.623,hud,drift,,,,,"0.00%",0.000
1790442343.623,hud,turns,,,,,"G£ù turns: 0/15",
1790442343.624,hud,calib_s,,,,,"G£ô Buffer 6s",
1790442343.624,marker,dr,52.47019016,-1.48029608,351.40,false,,
1790442343.625,marker,reconciled,0.00000000,0.00000000,0.00,false,,
1790442343.716,hud,speed,,,,,"0.0 / 0.0",0.000
1790442343.717,hud,heading,,,,,"0-¦ / 0-¦",0.000
1790442343.717,hud,drift,,,,,"0.00%",0.000
1790442343.718,hud,turns,,,,,"G£ù turns: 0/15",
1790442343.718,hud,calib_s,,,,,"G£ô Buffer 6s",
1790442343.718,marker,dr,52.47019016,-1.48029608,351.40,false,,
1790442343.719,marker,reconciled,0.00000000,0.00000000,0.00,false,,
1790442343.823,hud,speed,,,,,"0.0 / 0.0",0.000
1790442343.823,hud,heading,,,,,"0-¦ / 0-¦",0.000
1790442343.824,hud,drift,,,,,"0.00%",0.000
1790442343.824,hud,turns,,,,,"G£ù turns: 0/15",
1790442343.825,hud,calib_s,,,,,"G£ô Buffer 6s",
1790442343.825,marker,dr,52.47019016,-1.48029608,351.40,false,,
1790442343.825,marker,reconciled,0.00000000,0.00000000,0.00,false,,
1790442343.941,hud,speed,,,,,"0.0 / 0.0",0.000
1790442343.942,hud,heading,,,,,"0-¦ / 0-¦",0.000
1790442343.942,hud,drift,,,,,"0.00%",0.000
1790442343.943,hud,turns,,,,,"G£ù turns: 0/15",
1790442343.943,hud,calib_s,,,,,"G£ô Buffer 6s",
1790442343.943,marker,dr,52.47019016,-1.48029608,351.40,false,,
1790442343.943,marker,reconciled,0.00000000,0.00000000,0.00,false,,
1790442344.023,hud,speed,,,,,"0.0 / 0.0",0.000
1790442344.023,hud,heading,,,,,"0-¦ / 0-¦",0.000
1790442344.024,hud,drift,,,,,"0.00%",0.000
1790442344.024,hud,turns,,,,,"G£ù turns: 0/15",
1790442344.024,hud,calib_s,,,,,"G£ô Buffer 6s",
1790442344.025,marker,dr,52.47019016,-1.48029608,351.40,false,,
1790442344.025,marker,reconciled,0.00000000,0.00000000,0.00,false,,
1790442344.122,hud,speed,,,,,"0.0 / 0.0",0.000
1790442344.123,hud,heading,,,,,"0-¦ / 0-¦",0.000
1790442344.123,hud,drift,,,,,"0.00%",0.000
1790442344.123,hud,turns,,,,,"G£ù turns: 0/15",
1790442344.124,hud,calib_s,,,,,"G£ô Buffer 6s",
1790442344.124,marker,dr,52.47019016,-1.48029608,351.40,false,,
1790442344.124,marker,reconciled,0.00000000,0.00000000,0.00,false,,
1790442344.245,hud,speed,,,,,"0.0 / 0.0",0.000
1790442344.245,hud,heading,,,,,"0-¦ / 0-¦",0.000
1790442344.246,hud,drift,,,,,"0.00%",0.000
1790442344.246,hud,turns,,,,,"G£ù turns: 0/15",
1790442344.247,hud,calib_s,,,,,"G£ô Buffer 6s",
1790442344.247,marker,dr,52.47019016,-1.48029608,351.40,false,,
1790442344.247,marker,reconciled,0.00000000,0.00000000,0.00,false,,
1790442344.324,hud,speed,,,,,"0.0 / 0.0",0.000
1790442344.325,hud,heading,,,,,"0-¦ / 0-¦",0.000
1790442344.325,hud,drift,,,,,"0.00%",0.000
1790442344.325,hud,turns,,,,,"G£ù turns: 0/15",
1790442344.326,hud,calib_s,,,,,"G£ô Buffer 6s",
1790442344.326,marker,dr,52.47019016,-1.48029608,351.40,false,,
1790442344.326,marker,reconciled,0.00000000,0.00000000,0.00,false,,
1790442344.433,hud,speed,,,,,"0.0 / 0.0",0.000
1790442344.433,hud,heading,,,,,"0-¦ / 0-¦",0.000
1790442344.434,hud,drift,,,,,"0.00%",0.000
1790442344.435,hud,turns,,,,,"G£ù turns: 0/15",
1790442344.435,hud,calib_s,,,,,"G£ô Buffer 6s",
1790442344.435,marker,dr,52.47019016,-1.48029608,351.40,false,,
1790442344.436,marker,reconciled,0.00000000,0.00000000,0.00,false,,
1790442344.528,hud,speed,,,,,"0.0 / 0.0",0.000
1790442344.529,hud,heading,,,,,"0-¦ / 0-¦",0.000
1790442344.529,hud,drift,,,,,"0.00%",0.000
1790442344.530,hud,turns,,,,,"G£ù turns: 0/15",
1790442344.530,hud,calib_s,,,,,"G£ô Buffer 6s",
1790442344.530,marker,dr,52.47019016,-1.48029608,351.40,false,,
1790442344.531,marker,reconciled,0.00000000,0.00000000,0.00,false,,
1790442344.649,hud,speed,,,,,"0.0 / 0.0",0.000
1790442344.650,hud,heading,,,,,"0-¦ / 0-¦",0.000
1790442344.650,hud,drift,,,,,"0.00%",0.000
1790442344.651,hud,turns,,,,,"G£ù turns: 0/15",
1790442344.651,hud,calib_s,,,,,"G£ô Buffer 6s",
1790442344.651,marker,dr,52.47019016,-1.48029608,351.40,false,,
1790442344.652,marker,reconciled,0.00000000,0.00000000,0.00,false,,
1790442344.730,hud,speed,,,,,"0.0 / 0.0",0.000
1790442344.730,hud,heading,,,,,"0-¦ / 0-¦",0.000
1790442344.730,hud,drift,,,,,"0.00%",0.000
1790442344.731,hud,turns,,,,,"G£ù turns: 0/15",
1790442344.731,hud,calib_s,,,,,"G£ô Buffer 6s",
1790442344.731,marker,dr,52.47019016,-1.48029608,351.40,false,,
1790442344.731,marker,reconciled,0.00000000,0.00000000,0.00,false,,
1790442344.837,hud,speed,,,,,"0.0 / 0.0",0.000
1790442344.837,hud,heading,,,,,"0-¦ / 0-¦",0.000
1790442344.838,hud,drift,,,,,"0.00%",0.000
1790442344.838,hud,turns,,,,,"G£ù turns: 0/15",
1790442344.839,hud,calib_s,,,,,"G£ô Buffer 6s",
1790442344.839,marker,dr,52.47019016,-1.48029608,351.40,false,,
1790442344.839,marker,reconciled,0.00000000,0.00000000,0.00,false,,
1790442344.932,hud,speed,,,,,"0.0 / 0.0",0.000
1790442344.933,hud,heading,,,,,"0-¦ / 0-¦",0.000
1790442344.933,hud,drift,,,,,"0.00%",0.000
1790442344.933,hud,turns,,,,,"G£ù turns: 0/15",
1790442344.933,hud,calib_s,,,,,"G£ô Buffer 6s",
1790442344.933,marker,dr,52.47019016,-1.48029608,351.40,false,,
1790442344.933,marker,reconciled,0.00000000,0.00000000,0.00,false,,
1790442345.055,hud,speed,,,,,"0.0 / 0.0",0.000
1790442345.056,hud,heading,,,,,"0-¦ / 0-¦",0.000
1790442345.056,hud,drift,,,,,"0.00%",0.000
1790442345.056,hud,turns,,,,,"G£ù turns: 0/15",
1790442345.056,hud,calib_s,,,,,"G£ô Buffer 6s",
1790442345.057,marker,dr,52.47019016,-1.48029608,351.40,false,,
1790442345.057,marker,reconciled,0.00000000,0.00000000,0.00,false,,
1790442345.138,hud,speed,,,,,"0.0 / 0.0",0.000
1790442345.139,hud,heading,,,,,"0-¦ / 0-¦",0.000
1790442345.140,hud,drift,,,,,"0.00%",0.000
1790442345.140,hud,turns,,,,,"G£ù turns: 0/15",
1790442345.140,hud,calib_s,,,,,"G£ô Buffer 6s",
1790442345.141,marker,dr,52.47019016,-1.48029608,351.40,false,,
1790442345.141,marker,reconciled,0.00000000,0.00000000,0.00,false,,
1790442345.239,hud,speed,,,,,"0.0 / 0.0",0.000
1790442345.240,hud,heading,,,,,"0-¦ / 0-¦",0.000
1790442345.241,hud,drift,,,,,"0.00%",0.000
1790442345.241,hud,turns,,,,,"G£ù turns: 0/15",
1790442345.242,hud,calib_s,,,,,"G£ô Buffer 6s",
1790442345.242,marker,dr,52.47019016,-1.48029608,351.40,false,,
1790442345.243,marker,reconciled,0.00000000,0.00000000,0.00,false,,
1790442345.340,hud,speed,,,,,"0.0 / 0.0",0.000
1790442345.341,hud,heading,,,,,"0-¦ / 0-¦",0.000
1790442345.342,hud,drift,,,,,"0.00%",0.000
1790442345.343,hud,turns,,,,,"G£ù turns: 0/15",
1790442345.343,hud,calib_s,,,,,"G£ô Buffer 6s",
1790442345.344,marker,dr,52.47019016,-1.48029608,351.40,false,,
1790442345.344,marker,reconciled,0.00000000,0.00000000,0.00,false,,
1790442345.461,hud,speed,,,,,"0.0 / 0.0",0.000
1790442345.461,hud,heading,,,,,"0-¦ / 0-¦",0.000
1790442345.462,hud,drift,,,,,"0.00%",0.000
1790442345.462,hud,turns,,,,,"G£ù turns: 0/15",
1790442345.462,hud,calib_s,,,,,"G£ô Buffer 6s",
1790442345.463,marker,dr,52.47019016,-1.48029608,351.40,false,,
1790442345.463,marker,reconciled,0.00000000,0.00000000,0.00,false,,
1790442345.567,hud,speed,,,,,"0.0 / 0.0",0.000
1790442345.567,hud,heading,,,,,"0-¦ / 0-¦",0.000
1790442345.567,hud,drift,,,,,"0.00%",0.000
1790442345.567,hud,turns,,,,,"G£ù turns: 0/15",
1790442345.568,hud,calib_s,,,,,"G£ô Buffer 6s",
1790442345.568,marker,dr,52.47019016,-1.48029608,351.40,false,,
1790442345.568,marker,reconciled,0.00000000,0.00000000,0.00,false,,
1790442345.641,hud,speed,,,,,"0.0 / 0.0",0.000
1790442345.642,hud,heading,,,,,"0-¦ / 0-¦",0.000
1790442345.642,hud,drift,,,,,"0.00%",0.000
1790442345.643,hud,turns,,,,,"G£ù turns: 0/15",
1790442345.643,hud,calib_s,,,,,"G£ô Buffer 6s",
1790442345.643,marker,dr,52.47019016,-1.48029608,351.40,false,,
1790442345.644,marker,reconciled,0.00000000,0.00000000,0.00,false,,
1790442345.744,hud,speed,,,,,"0.0 / 0.0",0.000
1790442345.745,hud,heading,,,,,"0-¦ / 0-¦",0.000
1790442345.745,hud,drift,,,,,"0.00%",0.000
1790442345.746,hud,turns,,,,,"G£ù turns: 0/15",
1790442345.746,hud,calib_s,,,,,"G£ô Buffer 6s",
1790442345.746,marker,dr,52.47019016,-1.48029608,351.40,false,,
1790442345.747,marker,reconciled,0.00000000,0.00000000,0.00,false,,
1790442345.857,hud,speed,,,,,"0.0 / 0.0",0.000
1790442345.858,hud,heading,,,,,"0-¦ / 0-¦",0.000
1790442345.858,hud,drift,,,,,"0.00%",0.000
1790442345.858,hud,turns,,,,,"G£ù turns: 0/15",
1790442345.859,hud,calib_s,,,,,"G£ô Buffer 6s",
1790442345.859,marker,dr,52.47019016,-1.48029608,351.40,false,,
1790442345.859,marker,reconciled,0.00000000,0.00000000,0.00,false,,
1790442345.947,hud,speed,,,,,"0.0 / 0.0",0.000
1790442345.948,hud,heading,,,,,"0-¦ / 0-¦",0.000
1790442345.948,hud,drift,,,,,"0.00%",0.000
1790442345.948,hud,turns,,,,,"G£ù turns: 0/15",
1790442345.949,hud,calib_s,,,,,"G£ô Buffer 6s",
1790442345.949,marker,dr,52.47019016,-1.48029608,351.40,false,,
1790442345.949,marker,reconciled,0.00000000,0.00000000,0.00,false,,
1790442346.049,hud,speed,,,,,"0.0 / 0.0",0.000
1790442346.049,hud,heading,,,,,"0-¦ / 0-¦",0.000
1790442346.049,hud,drift,,,,,"0.00%",0.000
1790442346.049,hud,turns,,,,,"G£ù turns: 0/15",
1790442346.050,hud,calib_s,,,,,"G£ô Buffer 6s",
1790442346.050,marker,dr,52.47019016,-1.48029608,351.40,false,,
1790442346.050,marker,reconciled,0.00000000,0.00000000,0.00,false,,
1790442346.146,hud,speed,,,,,"0.0 / 0.0",0.000
1790442346.146,hud,heading,,,,,"0-¦ / 0-¦",0.000
1790442346.146,hud,drift,,,,,"0.00%",0.000
1790442346.147,hud,turns,,,,,"G£ù turns: 0/15",
1790442346.147,hud,calib_s,,,,,"G£ô Buffer 6s",
1790442346.147,marker,dr,52.47019016,-1.48029608,351.40,false,,
1790442346.147,marker,reconciled,0.00000000,0.00000000,0.00,false,,
1790442346.264,hud,speed,,,,,"0.0 / 0.0",0.000
1790442346.265,hud,heading,,,,,"0-¦ / 0-¦",0.000
1790442346.265,hud,drift,,,,,"0.00%",0.000
1790442346.266,hud,turns,,,,,"G£ù turns: 0/15",
1790442346.266,hud,calib_s,,,,,"G£ô Buffer 6s",
1790442346.267,marker,dr,52.47019016,-1.48029608,351.40,false,,
1790442346.268,marker,reconciled,0.00000000,0.00000000,0.00,false,,
1790442346.349,hud,speed,,,,,"0.0 / 0.0",0.000
1790442346.349,hud,heading,,,,,"0-¦ / 0-¦",0.000
1790442346.350,hud,drift,,,,,"0.00%",0.000
1790442346.350,hud,turns,,,,,"G£ù turns: 0/15",
1790442346.350,hud,calib_s,,,,,"G£ô Buffer 6s",
1790442346.350,marker,dr,52.47019016,-1.48029608,351.40,false,,
1790442346.351,marker,reconciled,0.00000000,0.00000000,0.00,false,,
1790442346.454,hud,speed,,,,,"0.0 / 0.0",0.000
1790442346.455,hud,heading,,,,,"0-¦ / 0-¦",0.000
1790442346.456,hud,drift,,,,,"0.00%",0.000
1790442346.457,hud,turns,,,,,"G£ù turns: 0/15",
1790442346.457,hud,calib_s,,,,,"G£ô Buffer 6s",
1790442346.458,marker,dr,52.47019016,-1.48029608,351.40,false,,
1790442346.458,marker,reconciled,0.00000000,0.00000000,0.00,false,,
1790442346.560,hud,speed,,,,,"0.0 / 0.0",0.000
1790442346.560,hud,heading,,,,,"0-¦ / 0-¦",0.000
1790442346.560,hud,drift,,,,,"0.00%",0.000
1790442346.561,hud,turns,,,,,"G£ù turns: 0/15",
1790442346.561,hud,calib_s,,,,,"G£ô Buffer 6s",
1790442346.561,marker,dr,52.47019016,-1.48029608,351.40,false,,
1790442346.561,marker,reconciled,0.00000000,0.00000000,0.00,false,,
1790442346.663,hud,speed,,,,,"0.0 / 0.0",0.000
1790442346.663,hud,heading,,,,,"0-¦ / 0-¦",0.000
1790442346.664,hud,drift,,,,,"0.00%",0.000
1790442346.664,hud,turns,,,,,"G£ù turns: 0/15",
1790442346.664,hud,calib_s,,,,,"G£ô Buffer 6s",
1790442346.665,marker,dr,52.47019016,-1.48029608,351.40,false,,
1790442346.665,marker,reconciled,0.00000000,0.00000000,0.00,false,,
1790442346.754,hud,speed,,,,,"0.0 / 0.0",0.000
1790442346.755,hud,heading,,,,,"0-¦ / 0-¦",0.000
1790442346.755,hud,drift,,,,,"0.00%",0.000
1790442346.755,hud,turns,,,,,"G£ù turns: 0/15",
1790442346.756,hud,calib_s,,,,,"G£ô Buffer 6s",
1790442346.756,marker,dr,52.47019016,-1.48029608,351.40,false,,
1790442346.756,marker,reconciled,0.00000000,0.00000000,0.00,false,,
1790442346.857,hud,speed,,,,,"0.0 / 0.0",0.000
1790442346.857,hud,heading,,,,,"0-¦ / 0-¦",0.000
1790442346.858,hud,drift,,,,,"0.00%",0.000
1790442346.858,hud,turns,,,,,"G£ù turns: 0/15",
1790442346.859,hud,calib_s,,,,,"G£ô Buffer 6s",
1790442346.859,marker,dr,52.47019016,-1.48029608,351.40,false,,
1790442346.859,marker,reconciled,0.00000000,0.00000000,0.00,false,,
1790442346.971,hud,speed,,,,,"0.0 / 0.0",0.000
1790442346.972,hud,heading,,,,,"0-¦ / 0-¦",0.000
1790442346.972,hud,drift,,,,,"0.00%",0.000
1790442346.972,hud,turns,,,,,"G£ù turns: 0/15",
1790442346.973,hud,calib_s,,,,,"G£ô Buffer 6s",
1790442346.973,marker,dr,52.47019016,-1.48029608,351.40,false,,
1790442346.973,marker,reconciled,0.00000000,0.00000000,0.00,false,,
1790442347.056,hud,speed,,,,,"0.0 / 0.0",0.000
1790442347.057,hud,heading,,,,,"0-¦ / 0-¦",0.000
1790442347.058,hud,drift,,,,,"0.00%",0.000
1790442347.058,hud,turns,,,,,"G£ù turns: 0/15",
1790442347.059,hud,calib_s,,,,,"G£ô Buffer 6s",
1790442347.059,marker,dr,52.47019016,-1.48029608,351.40,false,,
1790442347.060,marker,reconciled,0.00000000,0.00000000,0.00,false,,
1790442347.157,hud,speed,,,,,"0.0 / 0.0",0.000
1790442347.158,hud,heading,,,,,"0-¦ / 0-¦",0.000
1790442347.159,hud,drift,,,,,"0.00%",0.000
1790442347.159,hud,turns,,,,,"G£ù turns: 0/15",
1790442347.159,hud,calib_s,,,,,"G£ô Buffer 6s",
1790442347.160,marker,dr,52.47019016,-1.48029608,351.40,false,,
1790442347.160,marker,reconciled,0.00000000,0.00000000,0.00,false,,
1790442347.262,hud,speed,,,,,"0.0 / 0.0",0.000
1790442347.262,hud,heading,,,,,"0-¦ / 0-¦",0.000
1790442347.263,hud,drift,,,,,"0.00%",0.000
1790442347.263,hud,turns,,,,,"G£ù turns: 0/15",
1790442347.263,hud,calib_s,,,,,"G£ô Buffer 6s",
1790442347.264,marker,dr,52.47019016,-1.48029608,351.40,false,,
1790442347.264,marker,reconciled,0.00000000,0.00000000,0.00,false,,
1790442347.375,hud,speed,,,,,"0.0 / 0.0",0.000
1790442347.376,hud,heading,,,,,"0-¦ / 0-¦",0.000
1790442347.376,hud,drift,,,,,"0.00%",0.000
1790442347.377,hud,turns,,,,,"G£ù turns: 0/15",
1790442347.377,hud,calib_s,,,,,"G£ô Buffer 6s",
1790442347.377,marker,dr,52.47019016,-1.48029608,351.40,false,,
1790442347.377,marker,reconciled,0.00000000,0.00000000,0.00,false,,
1790442347.460,hud,speed,,,,,"0.0 / 0.0",0.000
1790442347.460,hud,heading,,,,,"0-¦ / 0-¦",0.000
1790442347.461,hud,drift,,,,,"0.00%",0.000
1790442347.461,hud,turns,,,,,"G£ù turns: 0/15",
1790442347.461,hud,calib_s,,,,,"G£ô Buffer 6s",
1790442347.461,marker,dr,52.47019016,-1.48029608,351.40,false,,
1790442347.461,marker,reconciled,0.00000000,0.00000000,0.00,false,,
1790442347.562,hud,speed,,,,,"0.0 / 0.0",0.000
1790442347.563,hud,heading,,,,,"0-¦ / 0-¦",0.000
1790442347.563,hud,drift,,,,,"0.00%",0.000
1790442347.563,hud,turns,,,,,"G£ù turns: 0/15",
1790442347.564,hud,calib_s,,,,,"G£ô Buffer 6s",
1790442347.564,marker,dr,52.47019016,-1.48029608,351.40,false,,
1790442347.564,marker,reconciled,0.00000000,0.00000000,0.00,false,,
1790442347.673,hud,speed,,,,,"0.0 / 0.0",0.000
1790442347.673,hud,heading,,,,,"0-¦ / 0-¦",0.000
1790442347.673,hud,drift,,,,,"0.00%",0.000
1790442347.674,hud,turns,,,,,"G£ù turns: 0/15",
1790442347.674,hud,calib_s,,,,,"G£ô Buffer 6s",
1790442347.674,marker,dr,52.47019016,-1.48029608,351.40,false,,
1790442347.675,marker,reconciled,0.00000000,0.00000000,0.00,false,,
1790442347.780,hud,speed,,,,,"0.0 / 0.0",0.000
1790442347.780,hud,heading,,,,,"0-¦ / 0-¦",0.000
1790442347.781,hud,drift,,,,,"0.00%",0.000
1790442347.781,hud,turns,,,,,"G£ù turns: 0/15",
1790442347.781,hud,calib_s,,,,,"G£ô Buffer 6s",
1790442347.781,marker,dr,52.47019016,-1.48029608,351.40,false,,
1790442347.782,marker,reconciled,0.00000000,0.00000000,0.00,false,,
1790442347.864,hud,speed,,,,,"0.0 / 0.0",0.000
1790442347.864,hud,heading,,,,,"0-¦ / 0-¦",0.000
1790442347.865,hud,drift,,,,,"0.00%",0.000
1790442347.865,hud,turns,,,,,"G£ù turns: 0/15",
1790442347.865,hud,calib_s,,,,,"G£ô Buffer 6s",
1790442347.866,marker,dr,52.47019016,-1.48029608,351.40,false,,
1790442347.866,marker,reconciled,0.00000000,0.00000000,0.00,false,,
1790442347.972,hud,speed,,,,,"0.0 / 0.0",0.000
1790442347.972,hud,heading,,,,,"0-¦ / 0-¦",0.000
1790442347.973,hud,drift,,,,,"0.00%",0.000
1790442347.974,hud,turns,,,,,"G£ù turns: 0/15",
1790442347.974,hud,calib_s,,,,,"G£ô Buffer 6s",
1790442347.975,marker,dr,52.47019016,-1.48029608,351.40,false,,
1790442347.975,marker,reconciled,0.00000000,0.00000000,0.00,false,,
1790442348.075,hud,speed,,,,,"0.0 / 0.0",0.000
1790442348.076,hud,heading,,,,,"0-¦ / 0-¦",0.000
1790442348.076,hud,drift,,,,,"0.00%",0.000
1790442348.077,hud,turns,,,,,"G£ù turns: 0/15",
1790442348.078,hud,calib_s,,,,,"G£ô Buffer 6s",
1790442348.078,marker,dr,52.47019016,-1.48029608,351.40,false,,
1790442348.079,marker,reconciled,0.00000000,0.00000000,0.00,false,,
1790442348.187,hud,speed,,,,,"0.0 / 0.0",0.000
1790442348.188,hud,heading,,,,,"0-¦ / 0-¦",0.000
1790442348.188,hud,drift,,,,,"0.00%",0.000
1790442348.189,hud,turns,,,,,"G£ù turns: 0/15",
1790442348.189,hud,calib_s,,,,,"G£ô Buffer 6s",
1790442348.190,marker,dr,52.47019016,-1.48029608,351.40,false,,
1790442348.191,marker,reconciled,0.00000000,0.00000000,0.00,false,,
1790442348.276,hud,speed,,,,,"0.0 / 0.0",0.000
1790442348.276,hud,heading,,,,,"0-¦ / 0-¦",0.000
1790442348.276,hud,drift,,,,,"0.00%",0.000
1790442348.277,hud,turns,,,,,"G£ù turns: 0/15",
1790442348.277,hud,calib_s,,,,,"G£ô Buffer 6s",
1790442348.277,marker,dr,52.47019016,-1.48029608,351.40,false,,
1790442348.278,marker,reconciled,0.00000000,0.00000000,0.00,false,,
1790442348.376,hud,speed,,,,,"0.0 / 0.0",0.000
1790442348.376,hud,heading,,,,,"0-¦ / 0-¦",0.000
1790442348.377,hud,drift,,,,,"0.00%",0.000
1790442348.377,hud,turns,,,,,"G£ù turns: 0/15",
1790442348.378,hud,calib_s,,,,,"G£ô Buffer 6s",
1790442348.378,marker,dr,52.47019016,-1.48029608,351.40,false,,
1790442348.379,marker,reconciled,0.00000000,0.00000000,0.00,false,,
1790442348.481,hud,speed,,,,,"0.0 / 0.0",0.000
1790442348.481,hud,heading,,,,,"0-¦ / 0-¦",0.000
1790442348.482,hud,drift,,,,,"0.00%",0.000
1790442348.482,hud,turns,,,,,"G£ù turns: 0/15",
1790442348.483,hud,calib_s,,,,,"G£ô Buffer 6s",
1790442348.483,marker,dr,52.47019016,-1.48029608,351.40,false,,
1790442348.483,marker,reconciled,0.00000000,0.00000000,0.00,false,,
1790442348.596,hud,speed,,,,,"0.0 / 0.0",0.000
1790442348.596,hud,heading,,,,,"0-¦ / 0-¦",0.000
1790442348.597,hud,drift,,,,,"0.00%",0.000
1790442348.597,hud,turns,,,,,"G£ù turns: 0/15",
1790442348.597,hud,calib_s,,,,,"G£ô Buffer 6s",
1790442348.598,marker,dr,52.47019016,-1.48029608,351.40,false,,
1790442348.598,marker,reconciled,0.00000000,0.00000000,0.00,false,,
1790442348.677,hud,speed,,,,,"0.0 / 0.0",0.000
1790442348.678,hud,heading,,,,,"0-¦ / 0-¦",0.000
1790442348.678,hud,drift,,,,,"0.00%",0.000
1790442348.678,hud,turns,,,,,"G£ù turns: 0/15",
1790442348.679,hud,calib_s,,,,,"G£ô Buffer 6s",
1790442348.679,marker,dr,52.47019016,-1.48029608,351.40,false,,
1790442348.679,marker,reconciled,0.00000000,0.00000000,0.00,false,,
1790442348.780,hud,speed,,,,,"0.0 / 0.0",0.000
1790442348.781,hud,heading,,,,,"0-¦ / 0-¦",0.000
1790442348.781,hud,drift,,,,,"0.00%",0.000
1790442348.781,hud,turns,,,,,"G£ù turns: 0/15",
1790442348.782,hud,calib_s,,,,,"G£ô Buffer 6s",
1790442348.782,marker,dr,52.47019016,-1.48029608,351.40,false,,
1790442348.783,marker,reconciled,0.00000000,0.00000000,0.00,false,,
1790442348.884,hud,speed,,,,,"0.0 / 0.0",0.000
1790442348.884,hud,heading,,,,,"0-¦ / 0-¦",0.000
1790442348.884,hud,drift,,,,,"0.00%",0.000
1790442348.885,hud,turns,,,,,"G£ù turns: 0/15",
1790442348.885,hud,calib_s,,,,,"G£ô Buffer 6s",
1790442348.885,marker,dr,52.47019016,-1.48029608,351.40,false,,
1790442348.886,marker,reconciled,0.00000000,0.00000000,0.00,false,,
1790442348.999,hud,speed,,,,,"0.0 / 0.0",0.000
1790442348.999,hud,heading,,,,,"0-¦ / 0-¦",0.000
1790442349.000,hud,drift,,,,,"0.00%",0.000
1790442349.000,hud,turns,,,,,"G£ù turns: 0/15",
1790442349.000,hud,calib_s,,,,,"G£ô Buffer 6s",
1790442349.001,marker,dr,52.47019016,-1.48029608,351.40,false,,
1790442349.001,marker,reconciled,0.00000000,0.00000000,0.00,false,,
1790442349.085,hud,speed,,,,,"0.0 / 0.0",0.000
1790442349.086,hud,heading,,,,,"0-¦ / 0-¦",0.000
1790442349.087,hud,drift,,,,,"0.00%",0.000
1790442349.087,hud,turns,,,,,"G£ù turns: 0/15",
1790442349.087,hud,calib_s,,,,,"G£ô Buffer 6s",
1790442349.088,marker,dr,52.47019016,-1.48029608,351.40,false,,
1790442349.088,marker,reconciled,0.00000000,0.00000000,0.00,false,,
1790442349.186,hud,speed,,,,,"0.0 / 0.0",0.000
1790442349.187,hud,heading,,,,,"0-¦ / 0-¦",0.000
1790442349.187,hud,drift,,,,,"0.00%",0.000
1790442349.188,hud,turns,,,,,"G£ù turns: 0/15",
1790442349.188,hud,calib_s,,,,,"G£ô Buffer 6s",
1790442349.188,marker,dr,52.47019016,-1.48029608,351.40,false,,
1790442349.188,marker,reconciled,0.00000000,0.00000000,0.00,false,,
1790442349.307,hud,speed,,,,,"0.0 / 0.0",0.000
1790442349.308,hud,heading,,,,,"0-¦ / 0-¦",0.000
1790442349.308,hud,drift,,,,,"0.00%",0.000
1790442349.309,hud,turns,,,,,"G£ù turns: 0/15",
1790442349.309,hud,calib_s,,,,,"G£ô Buffer 6s",
1790442349.309,marker,dr,52.47019016,-1.48029608,351.40,false,,
1790442349.310,marker,reconciled,0.00000000,0.00000000,0.00,false,,
1790442349.387,hud,speed,,,,,"0.0 / 0.0",0.000
1790442349.387,hud,heading,,,,,"0-¦ / 0-¦",0.000
1790442349.387,hud,drift,,,,,"0.00%",0.000
1790442349.388,hud,turns,,,,,"G£ù turns: 0/15",
1790442349.388,hud,calib_s,,,,,"G£ô Buffer 6s",
1790442349.388,marker,dr,52.47019016,-1.48029608,351.40,false,,
1790442349.388,marker,reconciled,0.00000000,0.00000000,0.00,false,,
1790442349.488,hud,speed,,,,,"0.0 / 0.0",0.000
1790442349.489,hud,heading,,,,,"0-¦ / 0-¦",0.000
1790442349.489,hud,drift,,,,,"0.00%",0.000
1790442349.490,hud,turns,,,,,"G£ù turns: 0/15",
1790442349.490,hud,calib_s,,,,,"G£ô Buffer 6s",
1790442349.490,marker,dr,52.47019016,-1.48029608,351.40,false,,
1790442349.491,marker,reconciled,0.00000000,0.00000000,0.00,false,,
1790442349.591,hud,speed,,,,,"0.0 / 0.0",0.000
1790442349.592,hud,heading,,,,,"0-¦ / 0-¦",0.000
1790442349.592,hud,drift,,,,,"0.00%",0.000
1790442349.593,hud,turns,,,,,"G£ù turns: 0/15",
1790442349.593,hud,calib_s,,,,,"G£ô Buffer 6s",
1790442349.594,marker,dr,52.47019016,-1.48029608,351.40,false,,
1790442349.594,marker,reconciled,0.00000000,0.00000000,0.00,false,,
1790442349.696,hud,speed,,,,,"0.0 / 0.0",0.000
1790442349.696,hud,heading,,,,,"0-¦ / 0-¦",0.000
1790442349.697,hud,drift,,,,,"0.00%",0.000
1790442349.697,hud,turns,,,,,"G£ù turns: 0/15",
1790442349.697,hud,calib_s,,,,,"G£ô Buffer 6s",
1790442349.698,marker,dr,52.47019016,-1.48029608,351.40,false,,
1790442349.698,marker,reconciled,0.00000000,0.00000000,0.00,false,,
1790442349.816,hud,speed,,,,,"0.0 / 0.0",0.000
1790442349.817,hud,heading,,,,,"0-¦ / 0-¦",0.000
1790442349.817,hud,drift,,,,,"0.00%",0.000
1790442349.817,hud,turns,,,,,"G£ù turns: 0/15",
1790442349.818,hud,calib_s,,,,,"G£ô Buffer 6s",
1790442349.818,marker,dr,52.47019016,-1.48029608,351.40,false,,
1790442349.818,marker,reconciled,0.00000000,0.00000000,0.00,false,,
1790442349.894,hud,speed,,,,,"0.0 / 0.0",0.000
1790442349.894,hud,heading,,,,,"0-¦ / 0-¦",0.000
1790442349.895,hud,drift,,,,,"0.00%",0.000
1790442349.895,hud,turns,,,,,"G£ù turns: 0/15",
1790442349.895,hud,calib_s,,,,,"G£ô Buffer 6s",
1790442349.895,marker,dr,52.47019016,-1.48029608,351.40,false,,
1790442349.896,marker,reconciled,0.00000000,0.00000000,0.00,false,,
1790442350.004,hud,speed,,,,,"0.0 / 0.0",0.000
1790442350.005,hud,heading,,,,,"0-¦ / 0-¦",0.000
1790442350.005,hud,drift,,,,,"0.00%",0.000
1790442350.006,hud,turns,,,,,"G£ù turns: 0/15",
1790442350.006,hud,calib_s,,,,,"G£ô Buffer 6s",
1790442350.006,marker,dr,52.47019016,-1.48029608,351.40,false,,
1790442350.007,marker,reconciled,0.00000000,0.00000000,0.00,false,,
1790442350.112,hud,speed,,,,,"0.0 / 0.0",0.000
1790442350.113,hud,heading,,,,,"0-¦ / 0-¦",0.000
1790442350.113,hud,drift,,,,,"0.00%",0.000
1790442350.113,hud,turns,,,,,"G£ù turns: 0/15",
1790442350.113,hud,calib_s,,,,,"G£ô Buffer 6s",
1790442350.113,marker,dr,52.47019016,-1.48029608,351.40,false,,
1790442350.114,marker,reconciled,0.00000000,0.00000000,0.00,false,,
1790442350.200,hud,speed,,,,,"0.0 / 0.0",0.000
1790442350.200,hud,heading,,,,,"0-¦ / 0-¦",0.000
1790442350.200,hud,drift,,,,,"0.00%",0.000
1790442350.201,hud,turns,,,,,"G£ù turns: 0/15",
1790442350.201,hud,calib_s,,,,,"G£ô Buffer 6s",
1790442350.201,marker,dr,52.47019016,-1.48029608,351.40,false,,
1790442350.201,marker,reconciled,0.00000000,0.00000000,0.00,false,,
1790442350.303,hud,speed,,,,,"0.0 / 0.0",0.000
1790442350.304,hud,heading,,,,,"0-¦ / 0-¦",0.000
1790442350.304,hud,drift,,,,,"0.00%",0.000
1790442350.304,hud,turns,,,,,"G£ù turns: 0/15",
1790442350.304,hud,calib_s,,,,,"G£ô Buffer 6s",
1790442350.305,marker,dr,52.47019016,-1.48029608,351.40,false,,
1790442350.305,marker,reconciled,0.00000000,0.00000000,0.00,false,,
1790442350.405,hud,speed,,,,,"0.0 / 0.0",0.000
1790442350.406,hud,heading,,,,,"0-¦ / 0-¦",0.000
1790442350.406,hud,drift,,,,,"0.00%",0.000
1790442350.406,hud,turns,,,,,"G£ù turns: 0/15",
1790442350.407,hud,calib_s,,,,,"G£ô Buffer 6s",
1790442350.407,marker,dr,52.47019016,-1.48029608,351.40,false,,
1790442350.407,marker,reconciled,0.00000000,0.00000000,0.00,false,,
1790442350.527,hud,speed,,,,,"0.0 / 0.0",0.000
1790442350.528,hud,heading,,,,,"0-¦ / 0-¦",0.000
1790442350.528,hud,drift,,,,,"0.00%",0.000
1790442350.529,hud,turns,,,,,"G£ù turns: 0/15",
1790442350.529,hud,calib_s,,,,,"G£ô Buffer 6s",
1790442350.530,marker,dr,52.47019016,-1.48029608,351.40,false,,
1790442350.531,marker,reconciled,0.00000000,0.00000000,0.00,false,,
1790442350.607,hud,speed,,,,,"0.0 / 0.0",0.000
1790442350.608,hud,heading,,,,,"0-¦ / 0-¦",0.000
1790442350.608,hud,drift,,,,,"0.00%",0.000
1790442350.608,hud,turns,,,,,"G£ù turns: 0/15",
1790442350.609,hud,calib_s,,,,,"G£ô Buffer 6s",
1790442350.609,marker,dr,52.47019016,-1.48029608,351.40,false,,
1790442350.609,marker,reconciled,0.00000000,0.00000000,0.00,false,,
1790442350.707,hud,speed,,,,,"0.0 / 0.0",0.000
1790442350.708,hud,heading,,,,,"0-¦ / 0-¦",0.000
1790442350.708,hud,drift,,,,,"0.00%",0.000
1790442350.708,hud,turns,,,,,"G£ù turns: 0/15",
1790442350.708,hud,calib_s,,,,,"G£ô Buffer 6s",
1790442350.708,marker,dr,52.47019016,-1.48029608,351.40,false,,
1790442350.709,marker,reconciled,0.00000000,0.00000000,0.00,false,,
1790442350.830,hud,speed,,,,,"0.0 / 0.0",0.000
1790442350.830,hud,heading,,,,,"0-¦ / 0-¦",0.000
1790442350.831,hud,drift,,,,,"0.00%",0.000
1790442350.831,hud,turns,,,,,"G£ù turns: 0/15",
1790442350.831,hud,calib_s,,,,,"G£ô Buffer 6s",
1790442350.832,marker,dr,52.47019016,-1.48029608,351.40,false,,
1790442350.832,marker,reconciled,0.00000000,0.00000000,0.00,false,,
1790442350.912,hud,speed,,,,,"0.0 / 0.0",0.000
1790442350.913,hud,heading,,,,,"0-¦ / 0-¦",0.000
1790442350.913,hud,drift,,,,,"0.00%",0.000
1790442350.914,hud,turns,,,,,"G£ù turns: 0/15",
1790442350.914,hud,calib_s,,,,,"G£ô Buffer 6s",
1790442350.915,marker,dr,52.47019016,-1.48029608,351.40,false,,
1790442350.915,marker,reconciled,0.00000000,0.00000000,0.00,false,,
1790442351.016,hud,speed,,,,,"0.0 / 0.0",0.000
1790442351.016,hud,heading,,,,,"0-¦ / 0-¦",0.000
1790442351.016,hud,drift,,,,,"0.00%",0.000
1790442351.017,hud,turns,,,,,"G£ù turns: 0/15",
1790442351.017,hud,calib_s,,,,,"G£ô Buffer 6s",
1790442351.017,marker,dr,52.47019016,-1.48029608,351.40,false,,
1790442351.017,marker,reconciled,0.00000000,0.00000000,0.00,false,,
1790442351.117,hud,speed,,,,,"0.0 / 0.0",0.000
1790442351.117,hud,heading,,,,,"0-¦ / 0-¦",0.000
1790442351.117,hud,drift,,,,,"0.00%",0.000
1790442351.117,hud,turns,,,,,"G£ù turns: 0/15",
1790442351.117,hud,calib_s,,,,,"G£ô Buffer 6s",
1790442351.118,marker,dr,52.47019016,-1.48029608,351.40,false,,
1790442351.118,marker,reconciled,0.00000000,0.00000000,0.00,false,,
1790442351.240,hud,speed,,,,,"0.0 / 0.0",0.000
1790442351.240,hud,heading,,,,,"0-¦ / 0-¦",0.000
1790442351.241,hud,drift,,,,,"0.00%",0.000
1790442351.241,hud,turns,,,,,"G£ù turns: 0/15",
1790442351.241,hud,calib_s,,,,,"G£ô Buffer 6s",
1790442351.242,marker,dr,52.47019016,-1.48029608,351.40,false,,
1790442351.242,marker,reconciled,0.00000000,0.00000000,0.00,false,,
1790442351.317,hud,speed,,,,,"0.0 / 0.0",0.000
1790442351.317,hud,heading,,,,,"0-¦ / 0-¦",0.000
1790442351.318,hud,drift,,,,,"0.00%",0.000
1790442351.318,hud,turns,,,,,"G£ù turns: 0/15",
1790442351.318,hud,calib_s,,,,,"G£ô Buffer 6s",
1790442351.318,marker,dr,52.47019016,-1.48029608,351.40,false,,
1790442351.319,marker,reconciled,0.00000000,0.00000000,0.00,false,,
1790442351.427,hud,speed,,,,,"0.0 / 0.0",0.000
1790442351.428,hud,heading,,,,,"0-¦ / 0-¦",0.000
1790442351.428,hud,drift,,,,,"0.00%",0.000
1790442351.428,hud,turns,,,,,"G£ù turns: 0/15",
1790442351.429,hud,calib_s,,,,,"G£ô Buffer 6s",
1790442351.429,marker,dr,52.47019016,-1.48029608,351.40,false,,
1790442351.430,marker,reconciled,0.00000000,0.00000000,0.00,false,,
1790442351.525,hud,speed,,,,,"0.0 / 0.0",0.000
1790442351.526,hud,heading,,,,,"0-¦ / 0-¦",0.000
1790442351.527,hud,drift,,,,,"0.00%",0.000
1790442351.527,hud,turns,,,,,"G£ù turns: 0/15",
1790442351.528,hud,calib_s,,,,,"G£ô Buffer 6s",
1790442351.528,marker,dr,52.47019016,-1.48029608,351.40,false,,
1790442351.528,marker,reconciled,0.00000000,0.00000000,0.00,false,,
1790442351.643,hud,speed,,,,,"0.0 / 0.0",0.000
1790442351.644,hud,heading,,,,,"0-¦ / 0-¦",0.000
1790442351.644,hud,drift,,,,,"0.00%",0.000
1790442351.645,hud,turns,,,,,"G£ù turns: 0/15",
1790442351.645,hud,calib_s,,,,,"G£ô Buffer 6s",
1790442351.646,marker,dr,52.47019016,-1.48029608,351.40,false,,
1790442351.646,marker,reconciled,0.00000000,0.00000000,0.00,false,,
1790442351.725,hud,speed,,,,,"0.0 / 0.0",0.000
1790442351.726,hud,heading,,,,,"0-¦ / 0-¦",0.000
1790442351.726,hud,drift,,,,,"0.00%",0.000
1790442351.727,hud,turns,,,,,"G£ù turns: 0/15",
1790442351.727,hud,calib_s,,,,,"G£ô Buffer 6s",
1790442351.727,marker,dr,52.47019016,-1.48029608,351.40,false,,
1790442351.727,marker,reconciled,0.00000000,0.00000000,0.00,false,,
1790442351.824,hud,speed,,,,,"0.0 / 0.0",0.000
1790442351.824,hud,heading,,,,,"0-¦ / 0-¦",0.000
1790442351.825,hud,drift,,,,,"0.00%",0.000
1790442351.825,hud,turns,,,,,"G£ù turns: 0/15",
1790442351.825,hud,calib_s,,,,,"G£ô Buffer 6s",
1790442351.826,marker,dr,52.47019016,-1.48029608,351.40,false,,
1790442351.826,marker,reconciled,0.00000000,0.00000000,0.00,false,,
1790442351.925,hud,speed,,,,,"0.0 / 0.0",0.000
1790442351.925,hud,heading,,,,,"0-¦ / 0-¦",0.000
1790442351.925,hud,drift,,,,,"0.00%",0.000
1790442351.925,hud,turns,,,,,"G£ù turns: 0/15",
1790442351.925,hud,calib_s,,,,,"G£ô Buffer 6s",
1790442351.926,marker,dr,52.47019016,-1.48029608,351.40,false,,
1790442351.926,marker,reconciled,0.00000000,0.00000000,0.00,false,,
1790442352.047,hud,speed,,,,,"0.0 / 0.0",0.000
1790442352.047,hud,heading,,,,,"0-¦ / 0-¦",0.000
1790442352.048,hud,drift,,,,,"0.00%",0.000
1790442352.048,hud,turns,,,,,"G£ù turns: 0/15",
1790442352.048,hud,calib_s,,,,,"G£ô Buffer 6s",
1790442352.048,marker,dr,52.47019016,-1.48029608,351.40,false,,
1790442352.049,marker,reconciled,0.00000000,0.00000000,0.00,false,,
1790442352.133,hud,speed,,,,,"0.0 / 0.0",0.000
1790442352.133,hud,heading,,,,,"0-¦ / 0-¦",0.000
1790442352.134,hud,drift,,,,,"0.00%",0.000
1790442352.135,hud,turns,,,,,"G£ù turns: 0/15",
1790442352.135,hud,calib_s,,,,,"G£ô Buffer 6s",
1790442352.135,marker,dr,52.47019016,-1.48029608,351.40,false,,
1790442352.136,marker,reconciled,0.00000000,0.00000000,0.00,false,,
1790442352.229,hud,speed,,,,,"0.0 / 0.0",0.000
1790442352.230,hud,heading,,,,,"0-¦ / 0-¦",0.000
1790442352.230,hud,drift,,,,,"0.00%",0.000
1790442352.231,hud,turns,,,,,"G£ù turns: 0/15",
1790442352.231,hud,calib_s,,,,,"G£ô Buffer 6s",
1790442352.232,marker,dr,52.47019016,-1.48029608,351.40,false,,
1790442352.232,marker,reconciled,0.00000000,0.00000000,0.00,false,,
1790442352.333,hud,speed,,,,,"0.0 / 0.0",0.000
1790442352.333,hud,heading,,,,,"0-¦ / 0-¦",0.000
1790442352.333,hud,drift,,,,,"0.00%",0.000
1790442352.334,hud,turns,,,,,"G£ù turns: 0/15",
1790442352.334,hud,calib_s,,,,,"G£ô Buffer 6s",
1790442352.334,marker,dr,52.47019016,-1.48029608,351.40,false,,
1790442352.334,marker,reconciled,0.00000000,0.00000000,0.00,false,,
1790442352.456,hud,speed,,,,,"0.0 / 0.0",0.000
1790442352.458,hud,heading,,,,,"0-¦ / 0-¦",0.000
1790442352.459,hud,drift,,,,,"0.00%",0.000
1790442352.459,hud,turns,,,,,"G£ù turns: 0/15",
1790442352.460,hud,calib_s,,,,,"G£ô Buffer 6s",
1790442352.460,marker,dr,52.47019016,-1.48029608,351.40,false,,
1790442352.460,marker,reconciled,0.00000000,0.00000000,0.00,false,,
1790442352.534,hud,speed,,,,,"0.0 / 0.0",0.000
1790442352.535,hud,heading,,,,,"0-¦ / 0-¦",0.000
1790442352.535,hud,drift,,,,,"0.00%",0.000
1790442352.536,hud,turns,,,,,"G£ù turns: 0/15",
1790442352.536,hud,calib_s,,,,,"G£ô Buffer 6s",
1790442352.536,marker,dr,52.47019016,-1.48029608,351.40,false,,
1790442352.537,marker,reconciled,0.00000000,0.00000000,0.00,false,,
1790442352.636,hud,speed,,,,,"0.0 / 0.0",0.000
1790442352.636,hud,heading,,,,,"0-¦ / 0-¦",0.000
1790442352.636,hud,drift,,,,,"0.00%",0.000
1790442352.637,hud,turns,,,,,"G£ù turns: 0/15",
1790442352.637,hud,calib_s,,,,,"G£ô Buffer 6s",
1790442352.637,marker,dr,52.47019016,-1.48029608,351.40,false,,
1790442352.638,marker,reconciled,0.00000000,0.00000000,0.00,false,,
1790442352.759,hud,speed,,,,,"0.0 / 0.0",0.000
1790442352.760,hud,heading,,,,,"0-¦ / 0-¦",0.000
1790442352.760,hud,drift,,,,,"0.00%",0.000
1790442352.760,hud,turns,,,,,"G£ù turns: 0/15",
1790442352.761,hud,calib_s,,,,,"G£ô Buffer 6s",
1790442352.761,marker,dr,52.47019016,-1.48029608,351.40,false,,
1790442352.761,marker,reconciled,0.00000000,0.00000000,0.00,false,,
1790442352.846,hud,speed,,,,,"0.0 / 0.0",0.000
1790442352.847,hud,heading,,,,,"0-¦ / 0-¦",0.000
1790442352.848,hud,drift,,,,,"0.00%",0.000
1790442352.848,hud,turns,,,,,"G£ù turns: 0/15",
1790442352.848,hud,calib_s,,,,,"G£ô Buffer 6s",
1790442352.849,marker,dr,52.47019016,-1.48029608,351.40,false,,
1790442352.850,marker,reconciled,0.00000000,0.00000000,0.00,false,,
1790442352.948,hud,speed,,,,,"0.0 / 0.0",0.000
1790442352.948,hud,heading,,,,,"0-¦ / 0-¦",0.000
1790442352.949,hud,drift,,,,,"0.00%",0.000
1790442352.949,hud,turns,,,,,"G£ù turns: 0/15",
1790442352.949,hud,calib_s,,,,,"G£ô Buffer 6s",
1790442352.950,marker,dr,52.47019016,-1.48029608,351.40,false,,
1790442352.950,marker,reconciled,0.00000000,0.00000000,0.00,false,,
1790442353.049,hud,speed,,,,,"0.0 / 0.0",0.000
1790442353.050,hud,heading,,,,,"0-¦ / 0-¦",0.000
1790442353.051,hud,drift,,,,,"0.00%",0.000
1790442353.051,hud,turns,,,,,"G£ù turns: 0/15",
1790442353.052,hud,calib_s,,,,,"G£ô Buffer 6s",
1790442353.052,marker,dr,52.47019016,-1.48029608,351.40,false,,
1790442353.053,marker,reconciled,0.00000000,0.00000000,0.00,false,,
1790442353.160,hud,speed,,,,,"0.0 / 0.0",0.000
1790442353.161,hud,heading,,,,,"0-¦ / 0-¦",0.000
1790442353.161,hud,drift,,,,,"0.00%",0.000
1790442353.162,hud,turns,,,,,"G£ù turns: 0/15",
1790442353.162,hud,calib_s,,,,,"G£ô Buffer 6s",
1790442353.162,marker,dr,52.47019016,-1.48029608,351.40,false,,
1790442353.163,marker,reconciled,0.00000000,0.00000000,0.00,false,,
1790442353.254,hud,speed,,,,,"0.0 / 0.0",0.000
1790442353.255,hud,heading,,,,,"0-¦ / 0-¦",0.000
1790442353.256,hud,drift,,,,,"0.00%",0.000
1790442353.256,hud,turns,,,,,"G£ù turns: 0/15",
1790442353.256,hud,calib_s,,,,,"G£ô Buffer 6s",
1790442353.257,marker,dr,52.47019016,-1.48029608,351.40,false,,
1790442353.257,marker,reconciled,0.00000000,0.00000000,0.00,false,,
1790442353.352,hud,speed,,,,,"0.0 / 0.0",0.000
1790442353.352,hud,heading,,,,,"0-¦ / 0-¦",0.000
1790442353.353,hud,drift,,,,,"0.00%",0.000
1790442353.353,hud,turns,,,,,"G£ù turns: 0/15",
1790442353.353,hud,calib_s,,,,,"G£ô Buffer 6s",
1790442353.354,marker,dr,52.47019016,-1.48029608,351.40,false,,
1790442353.354,marker,reconciled,0.00000000,0.00000000,0.00,false,,
1790442353.451,hud,speed,,,,,"0.0 / 0.0",0.000
1790442353.451,hud,heading,,,,,"0-¦ / 0-¦",0.000
1790442353.452,hud,drift,,,,,"0.00%",0.000
1790442353.452,hud,turns,,,,,"G£ù turns: 0/15",
1790442353.452,hud,calib_s,,,,,"G£ô Buffer 6s",
1790442353.453,marker,dr,52.47019016,-1.48029608,351.40,false,,
1790442353.453,marker,reconciled,0.00000000,0.00000000,0.00,false,,
1790442353.569,hud,speed,,,,,"0.0 / 0.0",0.000
1790442353.570,hud,heading,,,,,"0-¦ / 0-¦",0.000
1790442353.570,hud,drift,,,,,"0.00%",0.000
1790442353.571,hud,turns,,,,,"G£ù turns: 0/15",
1790442353.571,hud,calib_s,,,,,"G£ô Buffer 6s",
1790442353.572,marker,dr,52.47019016,-1.48029608,351.40,false,,
1790442353.572,marker,reconciled,0.00000000,0.00000000,0.00,false,,
1790442353.661,hud,speed,,,,,"0.0 / 0.0",0.000
1790442353.661,hud,heading,,,,,"0-¦ / 0-¦",0.000
1790442353.662,hud,drift,,,,,"0.00%",0.000
1790442353.662,hud,turns,,,,,"G£ù turns: 0/15",
1790442353.663,hud,calib_s,,,,,"G£ô Buffer 6s",
1790442353.663,marker,dr,52.47019016,-1.48029608,351.40,false,,
1790442353.663,marker,reconciled,0.00000000,0.00000000,0.00,false,,
1790442353.756,hud,speed,,,,,"0.0 / 0.0",0.000
1790442353.757,hud,heading,,,,,"0-¦ / 0-¦",0.000
1790442353.757,hud,drift,,,,,"0.00%",0.000
1790442353.757,hud,turns,,,,,"G£ù turns: 0/15",
1790442353.758,hud,calib_s,,,,,"G£ô Buffer 6s",
1790442353.758,marker,dr,52.47019016,-1.48029608,351.40,false,,
1790442353.759,marker,reconciled,0.00000000,0.00000000,0.00,false,,
1790442353.861,hud,speed,,,,,"0.0 / 0.0",0.000
1790442353.862,hud,heading,,,,,"0-¦ / 0-¦",0.000
1790442353.862,hud,drift,,,,,"0.00%",0.000
1790442353.863,hud,turns,,,,,"G£ù turns: 0/15",
1790442353.863,hud,calib_s,,,,,"G£ô Buffer 6s",
1790442353.863,marker,dr,52.47019016,-1.48029608,351.40,false,,
1790442353.863,marker,reconciled,0.00000000,0.00000000,0.00,false,,
1790442353.973,hud,speed,,,,,"0.0 / 0.0",0.000
1790442353.974,hud,heading,,,,,"0-¦ / 0-¦",0.000
1790442353.974,hud,drift,,,,,"0.00%",0.000
1790442353.975,hud,turns,,,,,"G£ù turns: 0/15",
1790442353.975,hud,calib_s,,,,,"G£ô Buffer 6s",
1790442353.976,marker,dr,52.47019016,-1.48029608,351.40,false,,
1790442353.976,marker,reconciled,0.00000000,0.00000000,0.00,false,,
1790442354.066,hud,speed,,,,,"0.0 / 0.0",0.000
1790442354.067,hud,heading,,,,,"0-¦ / 0-¦",0.000
1790442354.067,hud,drift,,,,,"0.00%",0.000
1790442354.068,hud,turns,,,,,"G£ù turns: 0/15",
1790442354.068,hud,calib_s,,,,,"G£ô Buffer 6s",
1790442354.069,marker,dr,52.47019016,-1.48029608,351.40,false,,
1790442354.069,marker,reconciled,0.00000000,0.00000000,0.00,false,,
1790442354.159,hud,speed,,,,,"0.0 / 0.0",0.000
1790442354.159,hud,heading,,,,,"0-¦ / 0-¦",0.000
1790442354.160,hud,drift,,,,,"0.00%",0.000
1790442354.160,hud,turns,,,,,"G£ù turns: 0/15",
1790442354.160,hud,calib_s,,,,,"G£ô Buffer 6s",
1790442354.161,marker,dr,52.47019016,-1.48029608,351.40,false,,
1790442354.161,marker,reconciled,0.00000000,0.00000000,0.00,false,,
1790442354.265,hud,speed,,,,,"0.0 / 0.0",0.000
1790442354.265,hud,heading,,,,,"0-¦ / 0-¦",0.000
1790442354.265,hud,drift,,,,,"0.00%",0.000
1790442354.266,hud,turns,,,,,"G£ù turns: 0/15",
1790442354.266,hud,calib_s,,,,,"G£ô Buffer 6s",
1790442354.267,marker,dr,52.47019016,-1.48029608,351.40,false,,
1790442354.269,marker,reconciled,0.00000000,0.00000000,0.00,false,,
1790442354.382,hud,speed,,,,,"0.0 / 0.0",0.000
1790442354.382,hud,heading,,,,,"0-¦ / 0-¦",0.000
1790442354.383,hud,drift,,,,,"0.00%",0.000
1790442354.383,hud,turns,,,,,"G£ù turns: 0/15",
1790442354.384,hud,calib_s,,,,,"G£ô Buffer 6s",
1790442354.384,marker,dr,52.47019016,-1.48029608,351.40,false,,
1790442354.385,marker,reconciled,0.00000000,0.00000000,0.00,false,,
1790442354.470,hud,speed,,,,,"0.0 / 0.0",0.000
1790442354.471,hud,heading,,,,,"0-¦ / 0-¦",0.000
1790442354.472,hud,drift,,,,,"0.00%",0.000
1790442354.472,hud,turns,,,,,"G£ù turns: 0/15",
1790442354.472,hud,calib_s,,,,,"G£ô Buffer 6s",
1790442354.473,marker,dr,52.47019016,-1.48029608,351.40,false,,
1790442354.473,marker,reconciled,0.00000000,0.00000000,0.00,false,,
1790442354.575,hud,speed,,,,,"0.0 / 0.0",0.000
1790442354.576,hud,heading,,,,,"0-¦ / 0-¦",0.000
1790442354.576,hud,drift,,,,,"0.00%",0.000
1790442354.576,hud,turns,,,,,"G£ù turns: 0/15",
1790442354.577,hud,calib_s,,,,,"G£ô Buffer 6s",
1790442354.577,marker,dr,52.47019016,-1.48029608,351.40,false,,
1790442354.578,marker,reconciled,0.00000000,0.00000000,0.00,false,,
1790442354.684,hud,speed,,,,,"0.0 / 0.0",0.000
1790442354.684,hud,heading,,,,,"0-¦ / 0-¦",0.000
1790442354.685,hud,drift,,,,,"0.00%",0.000
1790442354.685,hud,turns,,,,,"G£ù turns: 0/15",
1790442354.686,hud,calib_s,,,,,"G£ô Buffer 6s",
1790442354.686,marker,dr,52.47019016,-1.48029608,351.40,false,,
1790442354.687,marker,reconciled,0.00000000,0.00000000,0.00,false,,
1790442354.769,hud,speed,,,,,"0.0 / 0.0",0.000
1790442354.769,hud,heading,,,,,"0-¦ / 0-¦",0.000
1790442354.769,hud,drift,,,,,"0.00%",0.000
1790442354.770,hud,turns,,,,,"G£ù turns: 0/15",
1790442354.770,hud,calib_s,,,,,"G£ô Buffer 6s",
1790442354.770,marker,dr,52.47019016,-1.48029608,351.40,false,,
1790442354.770,marker,reconciled,0.00000000,0.00000000,0.00,false,,
1790442354.876,hud,speed,,,,,"0.0 / 0.0",0.000
1790442354.876,hud,heading,,,,,"0-¦ / 0-¦",0.000
1790442354.876,hud,drift,,,,,"0.00%",0.000
1790442354.877,hud,turns,,,,,"G£ù turns: 0/15",
1790442354.877,hud,calib_s,,,,,"G£ô Buffer 6s",
1790442354.877,marker,dr,52.47019016,-1.48029608,351.40,false,,
1790442354.878,marker,reconciled,0.00000000,0.00000000,0.00,false,,
1790442354.979,hud,speed,,,,,"0.0 / 0.0",0.000
1790442354.979,hud,heading,,,,,"0-¦ / 0-¦",0.000
1790442354.980,hud,drift,,,,,"0.00%",0.000
1790442354.980,hud,turns,,,,,"G£ù turns: 0/15",
1790442354.981,hud,calib_s,,,,,"G£ô Buffer 6s",
1790442354.981,marker,dr,52.47019016,-1.48029608,351.40,false,,
1790442354.982,marker,reconciled,0.00000000,0.00000000,0.00,false,,
1790442355.092,hud,speed,,,,,"0.0 / 0.0",0.000
1790442355.093,hud,heading,,,,,"0-¦ / 0-¦",0.000
1790442355.093,hud,drift,,,,,"0.00%",0.000
1790442355.093,hud,turns,,,,,"G£ù turns: 0/15",
1790442355.094,hud,calib_s,,,,,"G£ô Buffer 6s",
1790442355.094,marker,dr,52.47019016,-1.48029608,351.40,false,,
1790442355.095,marker,reconciled,0.00000000,0.00000000,0.00,false,,
1790442355.177,hud,speed,,,,,"0.0 / 0.0",0.000
1790442355.178,hud,heading,,,,,"0-¦ / 0-¦",0.000
1790442355.179,hud,drift,,,,,"0.00%",0.000
1790442355.179,hud,turns,,,,,"G£ù turns: 0/15",
1790442355.180,hud,calib_s,,,,,"G£ô Buffer 6s",
1790442355.180,marker,dr,52.47019016,-1.48029608,351.40,false,,
1790442355.180,marker,reconciled,0.00000000,0.00000000,0.00,false,,
1790442355.283,hud,speed,,,,,"0.0 / 0.0",0.000
1790442355.284,hud,heading,,,,,"0-¦ / 0-¦",0.000
1790442355.284,hud,drift,,,,,"0.00%",0.000
1790442355.284,hud,turns,,,,,"G£ù turns: 0/15",
1790442355.284,hud,calib_s,,,,,"G£ô Buffer 6s",
1790442355.285,marker,dr,52.47019016,-1.48029608,351.40,false,,
1790442355.285,marker,reconciled,0.00000000,0.00000000,0.00,false,,
1790442355.381,hud,speed,,,,,"0.0 / 0.0",0.000
1790442355.382,hud,heading,,,,,"0-¦ / 0-¦",0.000
1790442355.382,hud,drift,,,,,"0.00%",0.000
1790442355.383,hud,turns,,,,,"G£ù turns: 0/15",
1790442355.383,hud,calib_s,,,,,"G£ô Buffer 6s",
1790442355.383,marker,dr,52.47019016,-1.48029608,351.40,false,,
1790442355.384,marker,reconciled,0.00000000,0.00000000,0.00,false,,
1790442355.499,hud,speed,,,,,"0.0 / 0.0",0.000
1790442355.499,hud,heading,,,,,"0-¦ / 0-¦",0.000
1790442355.500,hud,drift,,,,,"0.00%",0.000
1790442355.500,hud,turns,,,,,"G£ù turns: 0/15",
1790442355.500,hud,calib_s,,,,,"G£ô Buffer 6s",
1790442355.501,marker,dr,52.47019016,-1.48029608,351.40,false,,
1790442355.501,marker,reconciled,0.00000000,0.00000000,0.00,false,,
1790442355.582,hud,speed,,,,,"0.0 / 0.0",0.000
1790442355.582,hud,heading,,,,,"0-¦ / 0-¦",0.000
1790442355.583,hud,drift,,,,,"0.00%",0.000
1790442355.583,hud,turns,,,,,"G£ù turns: 0/15",
1790442355.583,hud,calib_s,,,,,"G£ô Buffer 6s",
1790442355.583,marker,dr,52.47019016,-1.48029608,351.40,false,,
1790442355.584,marker,reconciled,0.00000000,0.00000000,0.00,false,,
1790442355.689,hud,speed,,,,,"0.0 / 0.0",0.000
1790442355.690,hud,heading,,,,,"0-¦ / 0-¦",0.000
1790442355.690,hud,drift,,,,,"0.00%",0.000
1790442355.691,hud,turns,,,,,"G£ù turns: 0/15",
1790442355.691,hud,calib_s,,,,,"G£ô Buffer 6s",
1790442355.691,marker,dr,52.47019016,-1.48029608,351.40,false,,
1790442355.692,marker,reconciled,0.00000000,0.00000000,0.00,false,,
1790442355.783,hud,speed,,,,,"0.0 / 0.0",0.000
1790442355.784,hud,heading,,,,,"0-¦ / 0-¦",0.000
1790442355.784,hud,drift,,,,,"0.00%",0.000
1790442355.784,hud,turns,,,,,"G£ù turns: 0/15",
1790442355.784,hud,calib_s,,,,,"G£ô Buffer 6s",
1790442355.784,marker,dr,52.47019016,-1.48029608,351.40,false,,
1790442355.785,marker,reconciled,0.00000000,0.00000000,0.00,false,,
1790442355.904,hud,speed,,,,,"0.0 / 0.0",0.000
1790442355.904,hud,heading,,,,,"0-¦ / 0-¦",0.000
1790442355.905,hud,drift,,,,,"0.00%",0.000
1790442355.905,hud,turns,,,,,"G£ù turns: 0/15",
1790442355.906,hud,calib_s,,,,,"G£ô Buffer 6s",
1790442355.906,marker,dr,52.47019016,-1.48029608,351.40,false,,
1790442355.907,marker,reconciled,0.00000000,0.00000000,0.00,false,,
1790442355.986,hud,speed,,,,,"0.0 / 0.0",0.000
1790442355.987,hud,heading,,,,,"0-¦ / 0-¦",0.000
1790442355.988,hud,drift,,,,,"0.00%",0.000
1790442355.988,hud,turns,,,,,"G£ù turns: 0/15",
1790442355.988,hud,calib_s,,,,,"G£ô Buffer 6s",
1790442355.988,marker,dr,52.47019016,-1.48029608,351.40,false,,
1790442355.989,marker,reconciled,0.00000000,0.00000000,0.00,false,,
1790442356.089,hud,speed,,,,,"0.0 / 0.0",0.000
1790442356.090,hud,heading,,,,,"0-¦ / 0-¦",0.000
1790442356.090,hud,drift,,,,,"0.00%",0.000
1790442356.091,hud,turns,,,,,"G£ù turns: 0/15",
1790442356.091,hud,calib_s,,,,,"G£ô Buffer 6s",
1790442356.091,marker,dr,52.47019016,-1.48029608,351.40,false,,
1790442356.091,marker,reconciled,0.00000000,0.00000000,0.00,false,,
1790442356.188,hud,speed,,,,,"0.0 / 0.0",0.000
1790442356.188,hud,heading,,,,,"0-¦ / 0-¦",0.000
1790442356.189,hud,drift,,,,,"0.00%",0.000
1790442356.189,hud,turns,,,,,"G£ù turns: 0/15",
1790442356.189,hud,calib_s,,,,,"G£ô Buffer 6s",
1790442356.189,marker,dr,52.47019016,-1.48029608,351.40,false,,
1790442356.189,marker,reconciled,0.00000000,0.00000000,0.00,false,,
1790442356.311,hud,speed,,,,,"0.0 / 0.0",0.000
1790442356.312,hud,heading,,,,,"0-¦ / 0-¦",0.000
1790442356.312,hud,drift,,,,,"0.00%",0.000
1790442356.312,hud,turns,,,,,"G£ù turns: 0/15",
1790442356.313,hud,calib_s,,,,,"G£ô Buffer 6s",
1790442356.313,marker,dr,52.47019016,-1.48029608,351.40,false,,
1790442356.313,marker,reconciled,0.00000000,0.00000000,0.00,false,,
1790442356.394,hud,speed,,,,,"0.0 / 0.0",0.000
1790442356.395,hud,heading,,,,,"0-¦ / 0-¦",0.000
1790442356.395,hud,drift,,,,,"0.00%",0.000
1790442356.395,hud,turns,,,,,"G£ù turns: 0/15",
1790442356.395,hud,calib_s,,,,,"G£ô Buffer 6s",
1790442356.396,marker,dr,52.47019016,-1.48029608,351.40,false,,
1790442356.396,marker,reconciled,0.00000000,0.00000000,0.00,false,,
1790442356.501,hud,speed,,,,,"0.0 / 0.0",0.000
1790442356.502,hud,heading,,,,,"0-¦ / 0-¦",0.000
1790442356.503,hud,drift,,,,,"0.00%",0.000
1790442356.504,hud,turns,,,,,"G£ù turns: 0/15",
1790442356.504,hud,calib_s,,,,,"G£ô Buffer 6s",
1790442356.505,marker,dr,52.47019016,-1.48029608,351.40,false,,
1790442356.505,marker,reconciled,0.00000000,0.00000000,0.00,false,,
1790442356.615,hud,speed,,,,,"0.0 / 0.0",0.000
1790442356.616,hud,heading,,,,,"0-¦ / 0-¦",0.000
1790442356.617,hud,drift,,,,,"0.00%",0.000
1790442356.617,hud,turns,,,,,"G£ù turns: 0/15",
1790442356.618,hud,calib_s,,,,,"G£ô Buffer 6s",
1790442356.619,marker,dr,52.47019016,-1.48029608,351.40,false,,
1790442356.619,marker,reconciled,0.00000000,0.00000000,0.00,false,,
1790442356.696,hud,speed,,,,,"0.0 / 0.0",0.000
1790442356.696,hud,heading,,,,,"0-¦ / 0-¦",0.000
1790442356.696,hud,drift,,,,,"0.00%",0.000
1790442356.697,hud,turns,,,,,"G£ù turns: 0/15",
1790442356.697,hud,calib_s,,,,,"G£ô Buffer 6s",
1790442356.697,marker,dr,52.47019016,-1.48029608,351.40,false,,
1790442356.697,marker,reconciled,0.00000000,0.00000000,0.00,false,,
1790442356.803,hud,speed,,,,,"0.0 / 0.0",0.000
1790442356.804,hud,heading,,,,,"0-¦ / 0-¦",0.000
1790442356.805,hud,drift,,,,,"0.00%",0.000
1790442356.805,hud,turns,,,,,"G£ù turns: 0/15",
1790442356.805,hud,calib_s,,,,,"G£ô Buffer 6s",
1790442356.806,marker,dr,52.47019016,-1.48029608,351.40,false,,
1790442356.806,marker,reconciled,0.00000000,0.00000000,0.00,false,,
1790442356.906,hud,speed,,,,,"0.0 / 0.0",0.000
1790442356.907,hud,heading,,,,,"0-¦ / 0-¦",0.000
1790442356.907,hud,drift,,,,,"0.00%",0.000
1790442356.908,hud,turns,,,,,"G£ù turns: 0/15",
1790442356.908,hud,calib_s,,,,,"G£ô Buffer 6s",
1790442356.908,marker,dr,52.47019016,-1.48029608,351.40,false,,
1790442356.909,marker,reconciled,0.00000000,0.00000000,0.00,false,,
1790442357.021,hud,speed,,,,,"0.0 / 0.0",0.000
1790442357.021,hud,heading,,,,,"0-¦ / 0-¦",0.000
1790442357.022,hud,drift,,,,,"0.00%",0.000
1790442357.022,hud,turns,,,,,"G£ù turns: 0/15",
1790442357.022,hud,calib_s,,,,,"G£ô Buffer 6s",
1790442357.023,marker,dr,52.47019016,-1.48029608,351.40,false,,
1790442357.023,marker,reconciled,0.00000000,0.00000000,0.00,false,,
1790442357.104,hud,speed,,,,,"0.0 / 0.0",0.000
1790442357.104,hud,heading,,,,,"0-¦ / 0-¦",0.000
1790442357.105,hud,drift,,,,,"0.00%",0.000
1790442357.105,hud,turns,,,,,"G£ù turns: 0/15",
1790442357.106,hud,calib_s,,,,,"G£ô Buffer 6s",
1790442357.106,marker,dr,52.47019016,-1.48029608,351.40,false,,
1790442357.107,marker,reconciled,0.00000000,0.00000000,0.00,false,,
1790442357.206,hud,speed,,,,,"0.0 / 0.0",0.000
1790442357.207,hud,heading,,,,,"0-¦ / 0-¦",0.000
1790442357.207,hud,drift,,,,,"0.00%",0.000
1790442357.208,hud,turns,,,,,"G£ù turns: 0/15",
1790442357.208,hud,calib_s,,,,,"G£ô Buffer 6s",
1790442357.208,marker,dr,52.47019016,-1.48029608,351.40,false,,
1790442357.209,marker,reconciled,0.00000000,0.00000000,0.00,false,,
1790442357.312,hud,speed,,,,,"0.0 / 0.0",0.000
1790442357.313,hud,heading,,,,,"0-¦ / 0-¦",0.000
1790442357.313,hud,drift,,,,,"0.00%",0.000
1790442357.314,hud,turns,,,,,"G£ù turns: 0/15",
1790442357.314,hud,calib_s,,,,,"G£ô Buffer 6s",
1790442357.315,marker,dr,52.47019016,-1.48029608,351.40,false,,
1790442357.315,marker,reconciled,0.00000000,0.00000000,0.00,false,,
1790442357.425,hud,speed,,,,,"0.0 / 0.0",0.000
1790442357.425,hud,heading,,,,,"0-¦ / 0-¦",0.000
1790442357.426,hud,drift,,,,,"0.00%",0.000
1790442357.426,hud,turns,,,,,"G£ù turns: 0/15",
1790442357.427,hud,calib_s,,,,,"G£ô Buffer 6s",
1790442357.427,marker,dr,52.47019016,-1.48029608,351.40,false,,
1790442357.427,marker,reconciled,0.00000000,0.00000000,0.00,false,,
1790442357.513,hud,speed,,,,,"0.0 / 0.0",0.000
1790442357.514,hud,heading,,,,,"0-¦ / 0-¦",0.000
1790442357.514,hud,drift,,,,,"0.00%",0.000
1790442357.515,hud,turns,,,,,"G£ù turns: 0/15",
1790442357.515,hud,calib_s,,,,,"G£ô Buffer 6s",
1790442357.516,marker,dr,52.47019016,-1.48029608,351.40,false,,
1790442357.516,marker,reconciled,0.00000000,0.00000000,0.00,false,,
1790442357.613,hud,speed,,,,,"0.0 / 0.0",0.000
1790442357.614,hud,heading,,,,,"0-¦ / 0-¦",0.000
1790442357.614,hud,drift,,,,,"0.00%",0.000
1790442357.614,hud,turns,,,,,"G£ù turns: 0/15",
1790442357.615,hud,calib_s,,,,,"G£ô Buffer 6s",
1790442357.615,marker,dr,52.47019016,-1.48029608,351.40,false,,
1790442357.615,marker,reconciled,0.00000000,0.00000000,0.00,false,,
1790442357.720,hud,speed,,,,,"0.0 / 0.0",0.000
1790442357.721,hud,heading,,,,,"0-¦ / 0-¦",0.000
1790442357.721,hud,drift,,,,,"0.00%",0.000
1790442357.721,hud,turns,,,,,"G£ù turns: 0/15",
1790442357.722,hud,calib_s,,,,,"G£ô Buffer 6s",
1790442357.722,marker,dr,52.47019016,-1.48029608,351.40,false,,
1790442357.723,marker,reconciled,0.00000000,0.00000000,0.00,false,,
1790442357.830,hud,speed,,,,,"0.0 / 0.0",0.000
1790442357.830,hud,heading,,,,,"0-¦ / 0-¦",0.000
1790442357.831,hud,drift,,,,,"0.00%",0.000
1790442357.831,hud,turns,,,,,"G£ù turns: 0/15",
1790442357.832,hud,calib_s,,,,,"G£ô Buffer 6s",
1790442357.832,marker,dr,52.47019016,-1.48029608,351.40,false,,
1790442357.832,marker,reconciled,0.00000000,0.00000000,0.00,false,,
1790442357.913,hud,speed,,,,,"0.0 / 0.0",0.000
1790442357.913,hud,heading,,,,,"0-¦ / 0-¦",0.000
1790442357.913,hud,drift,,,,,"0.00%",0.000
1790442357.913,hud,turns,,,,,"G£ù turns: 0/15",
1790442357.913,hud,calib_s,,,,,"G£ô Buffer 6s",
1790442357.914,marker,dr,52.47019016,-1.48029608,351.40,false,,
1790442357.914,marker,reconciled,0.00000000,0.00000000,0.00,false,,
1790442358.019,hud,speed,,,,,"0.0 / 0.0",0.000
1790442358.020,hud,heading,,,,,"0-¦ / 0-¦",0.000
1790442358.020,hud,drift,,,,,"0.00%",0.000
1790442358.020,hud,turns,,,,,"G£ù turns: 0/15",
1790442358.021,hud,calib_s,,,,,"G£ô Buffer 6s",
1790442358.021,marker,dr,52.47019016,-1.48029608,351.40,false,,
1790442358.022,marker,reconciled,0.00000000,0.00000000,0.00,false,,
1790442358.120,hud,speed,,,,,"0.0 / 0.0",0.000
1790442358.120,hud,heading,,,,,"0-¦ / 0-¦",0.000
1790442358.121,hud,drift,,,,,"0.00%",0.000
1790442358.121,hud,turns,,,,,"G£ù turns: 0/15",
1790442358.121,hud,calib_s,,,,,"G£ô Buffer 6s",
1790442358.121,marker,dr,52.47019016,-1.48029608,351.40,false,,
1790442358.122,marker,reconciled,0.00000000,0.00000000,0.00,false,,
1790442358.240,hud,speed,,,,,"0.0 / 0.0",0.000
1790442358.240,hud,heading,,,,,"0-¦ / 0-¦",0.000
1790442358.241,hud,drift,,,,,"0.00%",0.000
1790442358.241,hud,turns,,,,,"G£ù turns: 0/15",
1790442358.241,hud,calib_s,,,,,"G£ô Buffer 6s",
1790442358.242,marker,dr,52.47019016,-1.48029608,351.40,false,,
1790442358.242,marker,reconciled,0.00000000,0.00000000,0.00,false,,
1790442358.322,hud,speed,,,,,"0.0 / 0.0",0.000
1790442358.322,hud,heading,,,,,"0-¦ / 0-¦",0.000
1790442358.323,hud,drift,,,,,"0.00%",0.000
1790442358.323,hud,turns,,,,,"G£ù turns: 0/15",
1790442358.324,hud,calib_s,,,,,"G£ô Buffer 6s",
1790442358.324,marker,dr,52.47019016,-1.48029608,351.40,false,,
1790442358.324,marker,reconciled,0.00000000,0.00000000,0.00,false,,
1790442358.425,hud,speed,,,,,"0.0 / 0.0",0.000
1790442358.425,hud,heading,,,,,"0-¦ / 0-¦",0.000
1790442358.426,hud,drift,,,,,"0.00%",0.000
1790442358.426,hud,turns,,,,,"G£ù turns: 0/15",
1790442358.426,hud,calib_s,,,,,"G£ô Buffer 6s",
1790442358.426,marker,dr,52.47019016,-1.48029608,351.40,false,,
1790442358.427,marker,reconciled,0.00000000,0.00000000,0.00,false,,
1790442358.543,hud,speed,,,,,"0.0 / 0.0",0.000
1790442358.544,hud,heading,,,,,"0-¦ / 0-¦",0.000
1790442358.544,hud,drift,,,,,"0.00%",0.000
1790442358.544,hud,turns,,,,,"G£ù turns: 0/15",
1790442358.545,hud,calib_s,,,,,"G£ô Buffer 6s",
1790442358.545,marker,dr,52.47019016,-1.48029608,351.40,false,,
1790442358.546,marker,reconciled,0.00000000,0.00000000,0.00,false,,
1790442358.623,hud,speed,,,,,"0.0 / 0.0",0.000
1790442358.624,hud,heading,,,,,"0-¦ / 0-¦",0.000
1790442358.624,hud,drift,,,,,"0.00%",0.000
1790442358.625,hud,turns,,,,,"G£ù turns: 0/15",
1790442358.625,hud,calib_s,,,,,"G£ô Buffer 6s",
1790442358.625,marker,dr,52.47019016,-1.48029608,351.40,false,,
1790442358.625,marker,reconciled,0.00000000,0.00000000,0.00,false,,
1790442358.728,hud,speed,,,,,"0.0 / 0.0",0.000
1790442358.728,hud,heading,,,,,"0-¦ / 0-¦",0.000
1790442358.729,hud,drift,,,,,"0.00%",0.000
1790442358.729,hud,turns,,,,,"G£ù turns: 0/15",
1790442358.729,hud,calib_s,,,,,"G£ô Buffer 6s",
1790442358.730,marker,dr,52.47019016,-1.48029608,351.40,false,,
1790442358.730,marker,reconciled,0.00000000,0.00000000,0.00,false,,
1790442358.828,hud,speed,,,,,"0.0 / 0.0",0.000
1790442358.828,hud,heading,,,,,"0-¦ / 0-¦",0.000
1790442358.829,hud,drift,,,,,"0.00%",0.000
1790442358.829,hud,turns,,,,,"G£ù turns: 0/15",
1790442358.829,hud,calib_s,,,,,"G£ô Buffer 6s",
1790442358.829,marker,dr,52.47019016,-1.48029608,351.40,false,,
1790442358.830,marker,reconciled,0.00000000,0.00000000,0.00,false,,
1790442358.950,hud,speed,,,,,"0.0 / 0.0",0.000
1790442358.950,hud,heading,,,,,"0-¦ / 0-¦",0.000
1790442358.951,hud,drift,,,,,"0.00%",0.000
1790442358.951,hud,turns,,,,,"G£ù turns: 0/15",
1790442358.951,hud,calib_s,,,,,"G£ô Buffer 6s",
1790442358.952,marker,dr,52.47019016,-1.48029608,351.40,false,,
1790442358.952,marker,reconciled,0.00000000,0.00000000,0.00,false,,
1790442359.028,hud,speed,,,,,"0.0 / 0.0",0.000
1790442359.028,hud,heading,,,,,"0-¦ / 0-¦",0.000
1790442359.029,hud,drift,,,,,"0.00%",0.000
1790442359.029,hud,turns,,,,,"G£ù turns: 0/15",
1790442359.029,hud,calib_s,,,,,"G£ô Buffer 6s",
1790442359.029,marker,dr,52.47019016,-1.48029608,351.40,false,,
1790442359.029,marker,reconciled,0.00000000,0.00000000,0.00,false,,
1790442359.130,hud,speed,,,,,"0.0 / 0.0",0.000
1790442359.130,hud,heading,,,,,"0-¦ / 0-¦",0.000
1790442359.131,hud,drift,,,,,"0.00%",0.000
1790442359.131,hud,turns,,,,,"G£ù turns: 0/15",
1790442359.131,hud,calib_s,,,,,"G£ô Buffer 6s",
1790442359.132,marker,dr,52.47019016,-1.48029608,351.40,false,,
1790442359.132,marker,reconciled,0.00000000,0.00000000,0.00,false,,
1790442359.232,hud,speed,,,,,"0.0 / 0.0",0.000
1790442359.232,hud,heading,,,,,"0-¦ / 0-¦",0.000
1790442359.232,hud,drift,,,,,"0.00%",0.000
1790442359.233,hud,turns,,,,,"G£ù turns: 0/15",
1790442359.233,hud,calib_s,,,,,"G£ô Buffer 6s",
1790442359.233,marker,dr,52.47019016,-1.48029608,351.40,false,,
1790442359.233,marker,reconciled,0.00000000,0.00000000,0.00,false,,
1790442359.355,hud,speed,,,,,"0.0 / 0.0",0.000
1790442359.356,hud,heading,,,,,"0-¦ / 0-¦",0.000
1790442359.356,hud,drift,,,,,"0.00%",0.000
1790442359.357,hud,turns,,,,,"G£ù turns: 0/15",
1790442359.357,hud,calib_s,,,,,"G£ô Buffer 6s",
1790442359.357,marker,dr,52.47019016,-1.48029608,351.40,false,,
1790442359.358,marker,reconciled,0.00000000,0.00000000,0.00,false,,
1790442359.435,hud,speed,,,,,"0.0 / 0.0",0.000
1790442359.436,hud,heading,,,,,"0-¦ / 0-¦",0.000
1790442359.436,hud,drift,,,,,"0.00%",0.000
1790442359.437,hud,turns,,,,,"G£ù turns: 0/15",
1790442359.437,hud,calib_s,,,,,"G£ô Buffer 6s",
1790442359.437,marker,dr,52.47019016,-1.48029608,351.40,false,,
1790442359.438,marker,reconciled,0.00000000,0.00000000,0.00,false,,
1790442359.537,hud,speed,,,,,"0.0 / 0.0",0.000
1790442359.538,hud,heading,,,,,"0-¦ / 0-¦",0.000
1790442359.539,hud,drift,,,,,"0.00%",0.000
1790442359.539,hud,turns,,,,,"G£ù turns: 0/15",
1790442359.540,hud,calib_s,,,,,"G£ô Buffer 6s",
1790442359.540,marker,dr,52.47019016,-1.48029608,351.40,false,,
1790442359.541,marker,reconciled,0.00000000,0.00000000,0.00,false,,
1790442359.641,hud,speed,,,,,"0.0 / 0.0",0.000
1790442359.642,hud,heading,,,,,"0-¦ / 0-¦",0.000
1790442359.643,hud,drift,,,,,"0.00%",0.000
1790442359.643,hud,turns,,,,,"G£ù turns: 0/15",
1790442359.643,hud,calib_s,,,,,"G£ô Buffer 6s",
1790442359.643,marker,dr,52.47019016,-1.48029608,351.40,false,,
1790442359.644,marker,reconciled,0.00000000,0.00000000,0.00,false,,
1790442359.759,hud,speed,,,,,"0.0 / 0.0",0.000
1790442359.760,hud,heading,,,,,"0-¦ / 0-¦",0.000
1790442359.760,hud,drift,,,,,"0.00%",0.000
1790442359.761,hud,turns,,,,,"G£ù turns: 0/15",
1790442359.761,hud,calib_s,,,,,"G£ô Buffer 6s",
1790442359.761,marker,dr,52.47019016,-1.48029608,351.40,false,,
1790442359.762,marker,reconciled,0.00000000,0.00000000,0.00,false,,
1790442359.840,hud,speed,,,,,"0.0 / 0.0",0.000
1790442359.840,hud,heading,,,,,"0-¦ / 0-¦",0.000
1790442359.841,hud,drift,,,,,"0.00%",0.000
1790442359.841,hud,turns,,,,,"G£ù turns: 0/15",
1790442359.841,hud,calib_s,,,,,"G£ô Buffer 6s",
1790442359.841,marker,dr,52.47019016,-1.48029608,351.40,false,,
1790442359.842,marker,reconciled,0.00000000,0.00000000,0.00,false,,
1790442359.943,hud,speed,,,,,"0.0 / 0.0",0.000
1790442359.943,hud,heading,,,,,"0-¦ / 0-¦",0.000
1790442359.944,hud,drift,,,,,"0.00%",0.000
1790442359.944,hud,turns,,,,,"G£ù turns: 0/15",
1790442359.944,hud,calib_s,,,,,"G£ô Buffer 6s",
1790442359.944,marker,dr,52.47019016,-1.48029608,351.40,false,,
1790442359.945,marker,reconciled,0.00000000,0.00000000,0.00,false,,
1790442360.043,hud,speed,,,,,"0.0 / 0.0",0.000
1790442360.044,hud,heading,,,,,"0-¦ / 0-¦",0.000
1790442360.044,hud,drift,,,,,"0.00%",0.000
1790442360.044,hud,turns,,,,,"G£ù turns: 0/15",
1790442360.044,hud,calib_s,,,,,"G£ô Buffer 6s",
1790442360.044,marker,dr,52.47019016,-1.48029608,351.40,false,,
1790442360.044,marker,reconciled,0.00000000,0.00000000,0.00,false,,
1790442360.166,hud,speed,,,,,"0.0 / 0.0",0.000
1790442360.167,hud,heading,,,,,"0-¦ / 0-¦",0.000
1790442360.168,hud,drift,,,,,"0.00%",0.000
1790442360.168,hud,turns,,,,,"G£ù turns: 0/15",
1790442360.168,hud,calib_s,,,,,"G£ô Buffer 6s",
1790442360.169,marker,dr,52.47019016,-1.48029608,351.40,false,,
1790442360.169,marker,reconciled,0.00000000,0.00000000,0.00,false,,
1790442360.249,hud,speed,,,,,"0.0 / 0.0",0.000
1790442360.250,hud,heading,,,,,"0-¦ / 0-¦",0.000
1790442360.251,hud,drift,,,,,"0.00%",0.000
1790442360.251,hud,turns,,,,,"G£ù turns: 0/15",
1790442360.252,hud,calib_s,,,,,"G£ô Buffer 6s",
1790442360.252,marker,dr,52.47019016,-1.48029608,351.40,false,,
1790442360.252,marker,reconciled,0.00000000,0.00000000,0.00,false,,
1790442360.351,hud,speed,,,,,"0.0 / 0.0",0.000
1790442360.351,hud,heading,,,,,"0-¦ / 0-¦",0.000
1790442360.352,hud,drift,,,,,"0.00%",0.000
1790442360.352,hud,turns,,,,,"G£ù turns: 0/15",
1790442360.352,hud,calib_s,,,,,"G£ô Buffer 6s",
1790442360.352,marker,dr,52.47019016,-1.48029608,351.40,false,,
1790442360.353,marker,reconciled,0.00000000,0.00000000,0.00,false,,
1790442360.469,hud,speed,,,,,"0.0 / 0.0",0.000
1790442360.470,hud,heading,,,,,"0-¦ / 0-¦",0.000
1790442360.470,hud,drift,,,,,"0.00%",0.000
1790442360.471,hud,turns,,,,,"G£ù turns: 0/15",
1790442360.471,hud,calib_s,,,,,"G£ô Buffer 6s",
1790442360.471,marker,dr,52.47019016,-1.48029608,351.40,false,,
1790442360.471,marker,reconciled,0.00000000,0.00000000,0.00,false,,
1790442360.553,hud,speed,,,,,"0.0 / 0.0",0.000
1790442360.554,hud,heading,,,,,"0-¦ / 0-¦",0.000
1790442360.554,hud,drift,,,,,"0.00%",0.000
1790442360.555,hud,turns,,,,,"G£ù turns: 0/15",
1790442360.555,hud,calib_s,,,,,"G£ô Buffer 6s",
1790442360.555,marker,dr,52.47019016,-1.48029608,351.40,false,,
1790442360.556,marker,reconciled,0.00000000,0.00000000,0.00,false,,
1790442360.652,hud,speed,,,,,"0.0 / 0.0",0.000
1790442360.653,hud,heading,,,,,"0-¦ / 0-¦",0.000
1790442360.653,hud,drift,,,,,"0.00%",0.000
1790442360.654,hud,turns,,,,,"G£ù turns: 0/15",
1790442360.654,hud,calib_s,,,,,"G£ô Buffer 6s",
1790442360.655,marker,dr,52.47019016,-1.48029608,351.40,false,,
1790442360.656,marker,reconciled,0.00000000,0.00000000,0.00,false,,
1790442360.753,hud,speed,,,,,"0.0 / 0.0",0.000
1790442360.754,hud,heading,,,,,"0-¦ / 0-¦",0.000
1790442360.754,hud,drift,,,,,"0.00%",0.000
1790442360.755,hud,turns,,,,,"G£ù turns: 0/15",
1790442360.755,hud,calib_s,,,,,"G£ô Buffer 6s",
1790442360.755,marker,dr,52.47019016,-1.48029608,351.40,false,,
1790442360.755,marker,reconciled,0.00000000,0.00000000,0.00,false,,
1790442360.878,hud,speed,,,,,"0.0 / 0.0",0.000
1790442360.878,hud,heading,,,,,"0-¦ / 0-¦",0.000
1790442360.879,hud,drift,,,,,"0.00%",0.000
1790442360.879,hud,turns,,,,,"G£ù turns: 0/15",
1790442360.879,hud,calib_s,,,,,"G£ô Buffer 6s",
1790442360.880,marker,dr,52.47019016,-1.48029608,351.40,false,,
1790442360.880,marker,reconciled,0.00000000,0.00000000,0.00,false,,
1790442360.954,hud,speed,,,,,"0.0 / 0.0",0.000
1790442360.955,hud,heading,,,,,"0-¦ / 0-¦",0.000
1790442360.955,hud,drift,,,,,"0.00%",0.000
1790442360.955,hud,turns,,,,,"G£ù turns: 0/15",
1790442360.955,hud,calib_s,,,,,"G£ô Buffer 6s",
1790442360.956,marker,dr,52.47019016,-1.48029608,351.40,false,,
1790442360.956,marker,reconciled,0.00000000,0.00000000,0.00,false,,
1790442361.056,hud,speed,,,,,"0.0 / 0.0",0.000
1790442361.057,hud,heading,,,,,"0-¦ / 0-¦",0.000
1790442361.057,hud,drift,,,,,"0.00%",0.000
1790442361.057,hud,turns,,,,,"G£ù turns: 0/15",
1790442361.057,hud,calib_s,,,,,"G£ô Buffer 6s",
1790442361.057,marker,dr,52.47019016,-1.48029608,351.40,false,,
1790442361.058,marker,reconciled,0.00000000,0.00000000,0.00,false,,
1790442361.160,hud,speed,,,,,"0.0 / 0.0",0.000
1790442361.161,hud,heading,,,,,"0-¦ / 0-¦",0.000
1790442361.161,hud,drift,,,,,"0.00%",0.000
1790442361.162,hud,turns,,,,,"G£ù turns: 0/15",
1790442361.162,hud,calib_s,,,,,"G£ô Buffer 6s",
1790442361.162,marker,dr,52.47019016,-1.48029608,351.40,false,,
1790442361.163,marker,reconciled,0.00000000,0.00000000,0.00,false,,
1790442361.279,hud,speed,,,,,"0.0 / 0.0",0.000
1790442361.280,hud,heading,,,,,"0-¦ / 0-¦",0.000
1790442361.280,hud,drift,,,,,"0.00%",0.000
1790442361.280,hud,turns,,,,,"G£ù turns: 0/15",
1790442361.281,hud,calib_s,,,,,"G£ô Buffer 6s",
1790442361.281,marker,dr,52.47019016,-1.48029608,351.40,false,,
1790442361.281,marker,reconciled,0.00000000,0.00000000,0.00,false,,
1790442361.360,hud,speed,,,,,"0.0 / 0.0",0.000
1790442361.360,hud,heading,,,,,"0-¦ / 0-¦",0.000
1790442361.360,hud,drift,,,,,"0.00%",0.000
1790442361.361,hud,turns,,,,,"G£ù turns: 0/15",
1790442361.361,hud,calib_s,,,,,"G£ô Buffer 6s",
1790442361.361,marker,dr,52.47019016,-1.48029608,351.40,false,,
1790442361.362,marker,reconciled,0.00000000,0.00000000,0.00,false,,
1790442361.462,hud,speed,,,,,"0.0 / 0.0",0.000
1790442361.463,hud,heading,,,,,"0-¦ / 0-¦",0.000
1790442361.463,hud,drift,,,,,"0.00%",0.000
1790442361.463,hud,turns,,,,,"G£ù turns: 0/15",
1790442361.464,hud,calib_s,,,,,"G£ô Buffer 6s",
1790442361.464,marker,dr,52.47019016,-1.48029608,351.40,false,,
1790442361.465,marker,reconciled,0.00000000,0.00000000,0.00,false,,
1790442361.563,hud,speed,,,,,"0.0 / 0.0",0.000
1790442361.564,hud,heading,,,,,"0-¦ / 0-¦",0.000
1790442361.565,hud,drift,,,,,"0.00%",0.000
1790442361.565,hud,turns,,,,,"G£ù turns: 0/15",
1790442361.565,hud,calib_s,,,,,"G£ô Buffer 6s",
1790442361.566,marker,dr,52.47019016,-1.48029608,351.40,false,,
1790442361.567,marker,reconciled,0.00000000,0.00000000,0.00,false,,
1790442361.685,hud,speed,,,,,"0.0 / 0.0",0.000
1790442361.686,hud,heading,,,,,"0-¦ / 0-¦",0.000
1790442361.687,hud,drift,,,,,"0.00%",0.000
1790442361.687,hud,turns,,,,,"G£ù turns: 0/15",
1790442361.687,hud,calib_s,,,,,"G£ô Buffer 6s",
1790442361.688,marker,dr,52.47019016,-1.48029608,351.40,false,,
1790442361.688,marker,reconciled,0.00000000,0.00000000,0.00,false,,
1790442361.769,hud,speed,,,,,"0.0 / 0.0",0.000
1790442361.769,hud,heading,,,,,"0-¦ / 0-¦",0.000
1790442361.770,hud,drift,,,,,"0.00%",0.000
1790442361.770,hud,turns,,,,,"G£ù turns: 0/15",
1790442361.771,hud,calib_s,,,,,"G£ô Buffer 6s",
1790442361.772,marker,dr,52.47019016,-1.48029608,351.40,false,,
1790442361.772,marker,reconciled,0.00000000,0.00000000,0.00,false,,
1790442361.868,hud,speed,,,,,"0.0 / 0.0",0.000
1790442361.869,hud,heading,,,,,"0-¦ / 0-¦",0.000
1790442361.869,hud,drift,,,,,"0.00%",0.000
1790442361.870,hud,turns,,,,,"G£ù turns: 0/15",
1790442361.870,hud,calib_s,,,,,"G£ô Buffer 6s",
1790442361.870,marker,dr,52.47019016,-1.48029608,351.40,false,,
1790442361.871,marker,reconciled,0.00000000,0.00000000,0.00,false,,
1790442361.968,hud,speed,,,,,"0.0 / 0.0",0.000
1790442361.969,hud,heading,,,,,"0-¦ / 0-¦",0.000
1790442361.969,hud,drift,,,,,"0.00%",0.000
1790442361.969,hud,turns,,,,,"G£ù turns: 0/15",
1790442361.970,hud,calib_s,,,,,"G£ô Buffer 6s",
1790442361.970,marker,dr,52.47019016,-1.48029608,351.40,false,,
1790442361.970,marker,reconciled,0.00000000,0.00000000,0.00,false,,
1790442362.091,hud,speed,,,,,"0.0 / 0.0",0.000
1790442362.092,hud,heading,,,,,"0-¦ / 0-¦",0.000
1790442362.092,hud,drift,,,,,"0.00%",0.000
1790442362.093,hud,turns,,,,,"G£ù turns: 0/15",
1790442362.093,hud,calib_s,,,,,"G£ô Buffer 6s",
1790442362.093,marker,dr,52.47019016,-1.48029608,351.40,false,,
1790442362.094,marker,reconciled,0.00000000,0.00000000,0.00,false,,
1790442362.172,hud,speed,,,,,"0.0 / 0.0",0.000
1790442362.172,hud,heading,,,,,"0-¦ / 0-¦",0.000
1790442362.172,hud,drift,,,,,"0.00%",0.000
1790442362.173,hud,turns,,,,,"G£ù turns: 0/15",
1790442362.173,hud,calib_s,,,,,"G£ô Buffer 6s",
1790442362.173,marker,dr,52.47019016,-1.48029608,351.40,false,,
1790442362.173,marker,reconciled,0.00000000,0.00000000,0.00,false,,
1790442362.277,hud,speed,,,,,"0.0 / 0.0",0.000
1790442362.277,hud,heading,,,,,"0-¦ / 0-¦",0.000
1790442362.278,hud,drift,,,,,"0.00%",0.000
1790442362.278,hud,turns,,,,,"G£ù turns: 0/15",
1790442362.278,hud,calib_s,,,,,"G£ô Buffer 6s",
1790442362.279,marker,dr,52.47019016,-1.48029608,351.40,false,,
1790442362.279,marker,reconciled,0.00000000,0.00000000,0.00,false,,
1790442362.375,hud,speed,,,,,"0.0 / 0.0",0.000
1790442362.376,hud,heading,,,,,"0-¦ / 0-¦",0.000
1790442362.376,hud,drift,,,,,"0.00%",0.000
1790442362.377,hud,turns,,,,,"G£ù turns: 0/15",
1790442362.377,hud,calib_s,,,,,"G£ô Buffer 6s",
1790442362.377,marker,dr,52.47019016,-1.48029608,351.40,false,,
1790442362.378,marker,reconciled,0.00000000,0.00000000,0.00,false,,
1790442362.499,hud,speed,,,,,"0.0 / 0.0",0.000
1790442362.500,hud,heading,,,,,"0-¦ / 0-¦",0.000
1790442362.501,hud,drift,,,,,"0.00%",0.000
1790442362.502,hud,turns,,,,,"G£ù turns: 0/15",
1790442362.502,hud,calib_s,,,,,"G£ô Buffer 6s",
1790442362.502,marker,dr,52.47019016,-1.48029608,351.40,false,,
1790442362.503,marker,reconciled,0.00000000,0.00000000,0.00,false,,
1790442362.580,hud,speed,,,,,"0.0 / 0.0",0.000
1790442362.580,hud,heading,,,,,"0-¦ / 0-¦",0.000
1790442362.581,hud,drift,,,,,"0.00%",0.000
1790442362.581,hud,turns,,,,,"G£ù turns: 0/15",
1790442362.581,hud,calib_s,,,,,"G£ô Buffer 6s",
1790442362.582,marker,dr,52.47019016,-1.48029608,351.40,false,,
1790442362.582,marker,reconciled,0.00000000,0.00000000,0.00,false,,
1790442362.678,hud,speed,,,,,"0.0 / 0.0",0.000
1790442362.679,hud,heading,,,,,"0-¦ / 0-¦",0.000
1790442362.679,hud,drift,,,,,"0.00%",0.000
1790442362.680,hud,turns,,,,,"G£ù turns: 0/15",
1790442362.680,hud,calib_s,,,,,"G£ô Buffer 6s",
1790442362.680,marker,dr,52.47019016,-1.48029608,351.40,false,,
1790442362.680,marker,reconciled,0.00000000,0.00000000,0.00,false,,
1790442362.800,hud,speed,,,,,"0.0 / 0.0",0.000
1790442362.801,hud,heading,,,,,"0-¦ / 0-¦",0.000
1790442362.801,hud,drift,,,,,"0.00%",0.000
1790442362.802,hud,turns,,,,,"G£ù turns: 0/15",
1790442362.802,hud,calib_s,,,,,"G£ô Buffer 6s",
1790442362.802,marker,dr,52.47019016,-1.48029608,351.40,false,,
1790442362.803,marker,reconciled,0.00000000,0.00000000,0.00,false,,
1790442362.886,hud,speed,,,,,"0.0 / 0.0",0.000
1790442362.887,hud,heading,,,,,"0-¦ / 0-¦",0.000
1790442362.887,hud,drift,,,,,"0.00%",0.000
1790442362.888,hud,turns,,,,,"G£ù turns: 0/15",
1790442362.888,hud,calib_s,,,,,"G£ô Buffer 6s",
1790442362.888,marker,dr,52.47019016,-1.48029608,351.40,false,,
1790442362.889,marker,reconciled,0.00000000,0.00000000,0.00,false,,
1790442362.984,hud,speed,,,,,"0.0 / 0.0",0.000
1790442362.984,hud,heading,,,,,"0-¦ / 0-¦",0.000
1790442362.985,hud,drift,,,,,"0.00%",0.000
1790442362.985,hud,turns,,,,,"G£ù turns: 0/15",
1790442362.985,hud,calib_s,,,,,"G£ô Buffer 6s",
1790442362.986,marker,dr,52.47019016,-1.48029608,351.40,false,,
1790442362.986,marker,reconciled,0.00000000,0.00000000,0.00,false,,
1790442363.084,hud,speed,,,,,"0.0 / 0.0",0.000
1790442363.085,hud,heading,,,,,"0-¦ / 0-¦",0.000
1790442363.085,hud,drift,,,,,"0.00%",0.000
1790442363.085,hud,turns,,,,,"G£ù turns: 0/15",
1790442363.086,hud,calib_s,,,,,"G£ô Buffer 6s",
1790442363.086,marker,dr,52.47019016,-1.48029608,351.40,false,,
1790442363.086,marker,reconciled,0.00000000,0.00000000,0.00,false,,
1790442363.201,hud,speed,,,,,"0.0 / 0.0",0.000
1790442363.201,hud,heading,,,,,"0-¦ / 0-¦",0.000
1790442363.202,hud,drift,,,,,"0.00%",0.000
1790442363.202,hud,turns,,,,,"G£ù turns: 0/15",
1790442363.203,hud,calib_s,,,,,"G£ô Buffer 6s",
1790442363.203,marker,dr,52.47019016,-1.48029608,351.40,false,,
1790442363.203,marker,reconciled,0.00000000,0.00000000,0.00,false,,
1790442363.294,hud,speed,,,,,"0.0 / 0.0",0.000
1790442363.295,hud,heading,,,,,"0-¦ / 0-¦",0.000
1790442363.296,hud,drift,,,,,"0.00%",0.000
1790442363.296,hud,turns,,,,,"G£ù turns: 0/15",
1790442363.296,hud,calib_s,,,,,"G£ô Buffer 6s",
1790442363.297,marker,dr,52.47019016,-1.48029608,351.40,false,,
1790442363.297,marker,reconciled,0.00000000,0.00000000,0.00,false,,
1790442363.386,hud,speed,,,,,"0.0 / 0.0",0.000
1790442363.387,hud,heading,,,,,"0-¦ / 0-¦",0.000
1790442363.387,hud,drift,,,,,"0.00%",0.000
1790442363.387,hud,turns,,,,,"G£ù turns: 0/15",
1790442363.388,hud,calib_s,,,,,"G£ô Buffer 6s",
1790442363.388,marker,dr,52.47019016,-1.48029608,351.40,false,,
1790442363.388,marker,reconciled,0.00000000,0.00000000,0.00,false,,
1790442363.491,hud,speed,,,,,"0.0 / 0.0",0.000
1790442363.492,hud,heading,,,,,"0-¦ / 0-¦",0.000
1790442363.492,hud,drift,,,,,"0.00%",0.000
1790442363.493,hud,turns,,,,,"G£ù turns: 0/15",
1790442363.493,hud,calib_s,,,,,"G£ô Buffer 6s",
1790442363.493,marker,dr,52.47019016,-1.48029608,351.40,false,,
1790442363.494,marker,reconciled,0.00000000,0.00000000,0.00,false,,
1790442363.609,hud,speed,,,,,"0.0 / 0.0",0.000
1790442363.610,hud,heading,,,,,"0-¦ / 0-¦",0.000
1790442363.610,hud,drift,,,,,"0.00%",0.000
1790442363.610,hud,turns,,,,,"G£ù turns: 0/15",
1790442363.611,hud,calib_s,,,,,"G£ô Buffer 6s",
1790442363.611,marker,dr,52.47019016,-1.48029608,351.40,false,,
1790442363.612,marker,reconciled,0.00000000,0.00000000,0.00,false,,
1790442363.697,hud,speed,,,,,"0.0 / 0.0",0.000
1790442363.697,hud,heading,,,,,"0-¦ / 0-¦",0.000
1790442363.698,hud,drift,,,,,"0.00%",0.000
1790442363.698,hud,turns,,,,,"G£ù turns: 0/15",
1790442363.699,hud,calib_s,,,,,"G£ô Buffer 6s",
1790442363.699,marker,dr,52.47019016,-1.48029608,351.40,false,,
1790442363.699,marker,reconciled,0.00000000,0.00000000,0.00,false,,
1790442363.794,hud,speed,,,,,"0.0 / 0.0",0.000
1790442363.794,hud,heading,,,,,"0-¦ / 0-¦",0.000
1790442363.795,hud,drift,,,,,"0.00%",0.000
1790442363.795,hud,turns,,,,,"G£ù turns: 0/15",
1790442363.795,hud,calib_s,,,,,"G£ô Buffer 6s",
1790442363.796,marker,dr,52.47019016,-1.48029608,351.40,false,,
1790442363.796,marker,reconciled,0.00000000,0.00000000,0.00,false,,
1790442363.896,hud,speed,,,,,"0.0 / 0.0",0.000
1790442363.897,hud,heading,,,,,"0-¦ / 0-¦",0.000
1790442363.897,hud,drift,,,,,"0.00%",0.000
1790442363.897,hud,turns,,,,,"G£ù turns: 0/15",
1790442363.898,hud,calib_s,,,,,"G£ô Buffer 6s",
1790442363.898,marker,dr,52.47019016,-1.48029608,351.40,false,,
1790442363.898,marker,reconciled,0.00000000,0.00000000,0.00,false,,
1790442364.016,hud,speed,,,,,"0.0 / 0.0",0.000
1790442364.016,hud,heading,,,,,"0-¦ / 0-¦",0.000
1790442364.017,hud,drift,,,,,"0.00%",0.000
1790442364.017,hud,turns,,,,,"G£ù turns: 0/15",
1790442364.018,hud,calib_s,,,,,"G£ô Buffer 6s",
1790442364.018,marker,dr,52.47019016,-1.48029608,351.40,false,,
1790442364.019,marker,reconciled,0.00000000,0.00000000,0.00,false,,
1790442364.099,hud,speed,,,,,"0.0 / 0.0",0.000
1790442364.099,hud,heading,,,,,"0-¦ / 0-¦",0.000
1790442364.099,hud,drift,,,,,"0.00%",0.000
1790442364.100,hud,turns,,,,,"G£ù turns: 0/15",
1790442364.100,hud,calib_s,,,,,"G£ô Buffer 6s",
1790442364.100,marker,dr,52.47019016,-1.48029608,351.40,false,,
1790442364.100,marker,reconciled,0.00000000,0.00000000,0.00,false,,
1790442364.201,hud,speed,,,,,"0.0 / 0.0",0.000
1790442364.202,hud,heading,,,,,"0-¦ / 0-¦",0.000
1790442364.203,hud,drift,,,,,"0.00%",0.000
1790442364.203,hud,turns,,,,,"G£ù turns: 0/15",
1790442364.203,hud,calib_s,,,,,"G£ô Buffer 6s",
1790442364.204,marker,dr,52.47019016,-1.48029608,351.40,false,,
1790442364.204,marker,reconciled,0.00000000,0.00000000,0.00,false,,
1790442364.301,hud,speed,,,,,"0.0 / 0.0",0.000
1790442364.301,hud,heading,,,,,"0-¦ / 0-¦",0.000
1790442364.302,hud,drift,,,,,"0.00%",0.000
1790442364.302,hud,turns,,,,,"G£ù turns: 0/15",
1790442364.303,hud,calib_s,,,,,"G£ô Buffer 6s",
1790442364.303,marker,dr,52.47019016,-1.48029608,351.40,false,,
1790442364.304,marker,reconciled,0.00000000,0.00000000,0.00,false,,
1790442364.420,hud,speed,,,,,"0.0 / 0.0",0.000
1790442364.420,hud,heading,,,,,"0-¦ / 0-¦",0.000
1790442364.420,hud,drift,,,,,"0.00%",0.000
1790442364.421,hud,turns,,,,,"G£ù turns: 0/15",
1790442364.421,hud,calib_s,,,,,"G£ô Buffer 6s",
1790442364.421,marker,dr,52.47019016,-1.48029608,351.40,false,,
1790442364.422,marker,reconciled,0.00000000,0.00000000,0.00,false,,
1790442364.505,hud,speed,,,,,"0.0 / 0.0",0.000
1790442364.506,hud,heading,,,,,"0-¦ / 0-¦",0.000
1790442364.507,hud,drift,,,,,"0.00%",0.000
1790442364.507,hud,turns,,,,,"G£ù turns: 0/15",
1790442364.508,hud,calib_s,,,,,"G£ô Buffer 6s",
1790442364.508,marker,dr,52.47019016,-1.48029608,351.40,false,,
1790442364.508,marker,reconciled,0.00000000,0.00000000,0.00,false,,
1790442364.609,hud,speed,,,,,"0.0 / 0.0",0.000
1790442364.609,hud,heading,,,,,"0-¦ / 0-¦",0.000
1790442364.610,hud,drift,,,,,"0.00%",0.000
1790442364.610,hud,turns,,,,,"G£ù turns: 0/15",
1790442364.610,hud,calib_s,,,,,"G£ô Buffer 6s",
1790442364.611,marker,dr,52.47019016,-1.48029608,351.40,false,,
1790442364.611,marker,reconciled,0.00000000,0.00000000,0.00,false,,
1790442364.725,hud,speed,,,,,"0.0 / 0.0",0.000
1790442364.725,hud,heading,,,,,"0-¦ / 0-¦",0.000
1790442364.726,hud,drift,,,,,"0.00%",0.000
1790442364.727,hud,turns,,,,,"G£ù turns: 0/15",
1790442364.727,hud,calib_s,,,,,"G£ô Buffer 6s",
1790442364.727,marker,dr,52.47019016,-1.48029608,351.40,false,,
1790442364.727,marker,reconciled,0.00000000,0.00000000,0.00,false,,
1790442364.811,hud,speed,,,,,"0.0 / 0.0",0.000
1790442364.812,hud,heading,,,,,"0-¦ / 0-¦",0.000
1790442364.812,hud,drift,,,,,"0.00%",0.000
1790442364.813,hud,turns,,,,,"G£ù turns: 0/15",
1790442364.813,hud,calib_s,,,,,"G£ô Buffer 6s",
1790442364.813,marker,dr,52.47019016,-1.48029608,351.40,false,,
1790442364.814,marker,reconciled,0.00000000,0.00000000,0.00,false,,
1790442364.914,hud,speed,,,,,"0.0 / 0.0",0.000
1790442364.915,hud,heading,,,,,"0-¦ / 0-¦",0.000
1790442364.915,hud,drift,,,,,"0.00%",0.000
1790442364.916,hud,turns,,,,,"G£ù turns: 0/15",
1790442364.916,hud,calib_s,,,,,"G£ô Buffer 6s",
1790442364.916,marker,dr,52.47019016,-1.48029608,351.40,false,,
1790442364.916,marker,reconciled,0.00000000,0.00000000,0.00,false,,
1790442365.012,hud,speed,,,,,"0.0 / 0.0",0.000
1790442365.013,hud,heading,,,,,"0-¦ / 0-¦",0.000
1790442365.013,hud,drift,,,,,"0.00%",0.000
1790442365.013,hud,turns,,,,,"G£ù turns: 0/15",
1790442365.013,hud,calib_s,,,,,"G£ô Buffer 6s",
1790442365.014,marker,dr,52.47019016,-1.48029608,351.40,false,,
1790442365.014,marker,reconciled,0.00000000,0.00000000,0.00,false,,
1790442365.129,hud,speed,,,,,"0.0 / 0.0",0.000
1790442365.130,hud,heading,,,,,"0-¦ / 0-¦",0.000
1790442365.131,hud,drift,,,,,"0.00%",0.000
1790442365.131,hud,turns,,,,,"G£ù turns: 0/15",
1790442365.131,hud,calib_s,,,,,"G£ô Buffer 6s",
1790442365.132,marker,dr,52.47019016,-1.48029608,351.40,false,,
1790442365.132,marker,reconciled,0.00000000,0.00000000,0.00,false,,
1790442365.210,hud,speed,,,,,"0.0 / 0.0",0.000
1790442365.211,hud,heading,,,,,"0-¦ / 0-¦",0.000
1790442365.211,hud,drift,,,,,"0.00%",0.000
1790442365.212,hud,turns,,,,,"G£ù turns: 0/15",
1790442365.212,hud,calib_s,,,,,"G£ô Buffer 6s",
1790442365.212,marker,dr,52.47019016,-1.48029608,351.40,false,,
1790442365.212,marker,reconciled,0.00000000,0.00000000,0.00,false,,
1790442365.318,hud,speed,,,,,"0.0 / 0.0",0.000
1790442365.318,hud,heading,,,,,"0-¦ / 0-¦",0.000
1790442365.319,hud,drift,,,,,"0.00%",0.000
1790442365.319,hud,turns,,,,,"G£ù turns: 0/15",
1790442365.320,hud,calib_s,,,,,"G£ô Buffer 6s",
1790442365.320,marker,dr,52.47019016,-1.48029608,351.40,false,,
1790442365.320,marker,reconciled,0.00000000,0.00000000,0.00,false,,
1790442365.414,hud,speed,,,,,"0.0 / 0.0",0.000
1790442365.414,hud,heading,,,,,"0-¦ / 0-¦",0.000
1790442365.414,hud,drift,,,,,"0.00%",0.000
1790442365.415,hud,turns,,,,,"G£ù turns: 0/15",
1790442365.415,hud,calib_s,,,,,"G£ô Buffer 6s",
1790442365.415,marker,dr,52.47019016,-1.48029608,351.40,false,,
1790442365.415,marker,reconciled,0.00000000,0.00000000,0.00,false,,
1790442365.534,hud,speed,,,,,"0.0 / 0.0",0.000
1790442365.535,hud,heading,,,,,"0-¦ / 0-¦",0.000
1790442365.535,hud,drift,,,,,"0.00%",0.000
1790442365.536,hud,turns,,,,,"G£ù turns: 0/15",
1790442365.536,hud,calib_s,,,,,"G£ô Buffer 6s",
1790442365.536,marker,dr,52.47019016,-1.48029608,351.40,false,,
1790442365.537,marker,reconciled,0.00000000,0.00000000,0.00,false,,
1790442365.615,hud,speed,,,,,"0.0 / 0.0",0.000
1790442365.616,hud,heading,,,,,"0-¦ / 0-¦",0.000
1790442365.616,hud,drift,,,,,"0.00%",0.000
1790442365.616,hud,turns,,,,,"G£ù turns: 0/15",
1790442365.616,hud,calib_s,,,,,"G£ô Buffer 6s",
1790442365.616,marker,dr,52.47019016,-1.48029608,351.40,false,,
1790442365.616,marker,reconciled,0.00000000,0.00000000,0.00,false,,
1790442365.724,hud,speed,,,,,"0.0 / 0.0",0.000
1790442365.724,hud,heading,,,,,"0-¦ / 0-¦",0.000
1790442365.725,hud,drift,,,,,"0.00%",0.000
1790442365.725,hud,turns,,,,,"G£ù turns: 0/15",
1790442365.726,hud,calib_s,,,,,"G£ô Buffer 6s",
1790442365.726,marker,dr,52.47019016,-1.48029608,351.40,false,,
1790442365.727,marker,reconciled,0.00000000,0.00000000,0.00,false,,
1790442365.824,hud,speed,,,,,"0.0 / 0.0",0.000
1790442365.824,hud,heading,,,,,"0-¦ / 0-¦",0.000
1790442365.824,hud,drift,,,,,"0.00%",0.000
1790442365.825,hud,turns,,,,,"G£ù turns: 0/15",
1790442365.825,hud,calib_s,,,,,"G£ô Buffer 6s",
1790442365.825,marker,dr,52.47019016,-1.48029608,351.40,false,,
1790442365.825,marker,reconciled,0.00000000,0.00000000,0.00,false,,
1790442365.942,hud,speed,,,,,"0.0 / 0.0",0.000
1790442365.943,hud,heading,,,,,"0-¦ / 0-¦",0.000
1790442365.943,hud,drift,,,,,"0.00%",0.000
1790442365.943,hud,turns,,,,,"G£ù turns: 0/15",
1790442365.944,hud,calib_s,,,,,"G£ô Buffer 6s",
1790442365.944,marker,dr,52.47019016,-1.48029608,351.40,false,,
1790442365.944,marker,reconciled,0.00000000,0.00000000,0.00,false,,
1790442366.024,hud,speed,,,,,"0.0 / 0.0",0.000
1790442366.025,hud,heading,,,,,"0-¦ / 0-¦",0.000
1790442366.026,hud,drift,,,,,"0.00%",0.000
1790442366.026,hud,turns,,,,,"G£ù turns: 0/15",
1790442366.027,hud,calib_s,,,,,"G£ô Buffer 6s",
1790442366.027,marker,dr,52.47019016,-1.48029608,351.40,false,,
1790442366.027,marker,reconciled,0.00000000,0.00000000,0.00,false,,
1790442366.128,hud,speed,,,,,"0.0 / 0.0",0.000
1790442366.129,hud,heading,,,,,"0-¦ / 0-¦",0.000
1790442366.129,hud,drift,,,,,"0.00%",0.000
1790442366.129,hud,turns,,,,,"G£ù turns: 0/15",
1790442366.129,hud,calib_s,,,,,"G£ô Buffer 6s",
1790442366.130,marker,dr,52.47019016,-1.48029608,351.40,false,,
1790442366.131,marker,reconciled,0.00000000,0.00000000,0.00,false,,
1790442366.226,hud,speed,,,,,"0.0 / 0.0",0.000
1790442366.227,hud,heading,,,,,"0-¦ / 0-¦",0.000
1790442366.227,hud,drift,,,,,"0.00%",0.000
1790442366.227,hud,turns,,,,,"G£ù turns: 0/15",
1790442366.227,hud,calib_s,,,,,"G£ô Buffer 6s",
1790442366.228,marker,dr,52.47019016,-1.48029608,351.40,false,,
1790442366.228,marker,reconciled,0.00000000,0.00000000,0.00,false,,
1790442366.347,hud,speed,,,,,"0.0 / 0.0",0.000
1790442366.348,hud,heading,,,,,"0-¦ / 0-¦",0.000
1790442366.348,hud,drift,,,,,"0.00%",0.000
1790442366.348,hud,turns,,,,,"G£ù turns: 0/15",
1790442366.349,hud,calib_s,,,,,"G£ô Buffer 6s",
1790442366.349,marker,dr,52.47019016,-1.48029608,351.40,false,,
1790442366.349,marker,reconciled,0.00000000,0.00000000,0.00,false,,
1790442366.432,hud,speed,,,,,"0.0 / 0.0",0.000
1790442366.433,hud,heading,,,,,"0-¦ / 0-¦",0.000
1790442366.434,hud,drift,,,,,"0.00%",0.000
1790442366.434,hud,turns,,,,,"G£ù turns: 0/15",
1790442366.435,hud,calib_s,,,,,"G£ô Buffer 6s",
1790442366.435,marker,dr,52.47019016,-1.48029608,351.40,false,,
1790442366.435,marker,reconciled,0.00000000,0.00000000,0.00,false,,
1790442366.533,hud,speed,,,,,"0.0 / 0.0",0.000
1790442366.533,hud,heading,,,,,"0-¦ / 0-¦",0.000
1790442366.534,hud,drift,,,,,"0.00%",0.000
1790442366.534,hud,turns,,,,,"G£ù turns: 0/15",
1790442366.535,hud,calib_s,,,,,"G£ô Buffer 6s",
1790442366.535,marker,dr,52.47019016,-1.48029608,351.40,false,,
1790442366.535,marker,reconciled,0.00000000,0.00000000,0.00,false,,
1790442366.632,hud,speed,,,,,"0.0 / 0.0",0.000
1790442366.633,hud,heading,,,,,"0-¦ / 0-¦",0.000
1790442366.633,hud,drift,,,,,"0.00%",0.000
1790442366.634,hud,turns,,,,,"G£ù turns: 0/15",
1790442366.634,hud,calib_s,,,,,"G£ô Buffer 6s",
1790442366.635,marker,dr,52.47019016,-1.48029608,351.40,false,,
1790442366.635,marker,reconciled,0.00000000,0.00000000,0.00,false,,
1790442366.754,hud,speed,,,,,"0.0 / 0.0",0.000
1790442366.755,hud,heading,,,,,"0-¦ / 0-¦",0.000
1790442366.756,hud,drift,,,,,"0.00%",0.000
1790442366.756,hud,turns,,,,,"G£ù turns: 0/15",
1790442366.756,hud,calib_s,,,,,"G£ô Buffer 6s",
1790442366.757,marker,dr,52.47019016,-1.48029608,351.40,false,,
1790442366.757,marker,reconciled,0.00000000,0.00000000,0.00,false,,
1790442366.836,hud,speed,,,,,"0.0 / 0.0",0.000
1790442366.836,hud,heading,,,,,"0-¦ / 0-¦",0.000
1790442366.836,hud,drift,,,,,"0.00%",0.000
1790442366.837,hud,turns,,,,,"G£ù turns: 0/15",
1790442366.837,hud,calib_s,,,,,"G£ô Buffer 6s",
1790442366.837,marker,dr,52.47019016,-1.48029608,351.40,false,,
1790442366.838,marker,reconciled,0.00000000,0.00000000,0.00,false,,
1790442366.941,hud,speed,,,,,"0.0 / 0.0",0.000
1790442366.942,hud,heading,,,,,"0-¦ / 0-¦",0.000
1790442366.942,hud,drift,,,,,"0.00%",0.000
1790442366.942,hud,turns,,,,,"G£ù turns: 0/15",
1790442366.943,hud,calib_s,,,,,"G£ô Buffer 6s",
1790442366.943,marker,dr,52.47019016,-1.48029608,351.40,false,,
1790442366.943,marker,reconciled,0.00000000,0.00000000,0.00,false,,
1790442367.056,hud,speed,,,,,"0.0 / 0.0",0.000
1790442367.057,hud,heading,,,,,"0-¦ / 0-¦",0.000
1790442367.057,hud,drift,,,,,"0.00%",0.000
1790442367.058,hud,turns,,,,,"G£ù turns: 0/15",
1790442367.058,hud,calib_s,,,,,"G£ô Buffer 6s",
1790442367.059,marker,dr,52.47019016,-1.48029608,351.40,false,,
1790442367.059,marker,reconciled,0.00000000,0.00000000,0.00,false,,
1790442367.141,hud,speed,,,,,"0.0 / 0.0",0.000
1790442367.142,hud,heading,,,,,"0-¦ / 0-¦",0.000
1790442367.142,hud,drift,,,,,"0.00%",0.000
1790442367.142,hud,turns,,,,,"G£ù turns: 0/15",
1790442367.142,hud,calib_s,,,,,"G£ô Buffer 6s",
1790442367.143,marker,dr,52.47019016,-1.48029608,351.40,false,,
1790442367.143,marker,reconciled,0.00000000,0.00000000,0.00,false,,
1790442367.240,hud,speed,,,,,"0.0 / 0.0",0.000
1790442367.241,hud,heading,,,,,"0-¦ / 0-¦",0.000
1790442367.241,hud,drift,,,,,"0.00%",0.000
1790442367.241,hud,turns,,,,,"G£ù turns: 0/15",
1790442367.242,hud,calib_s,,,,,"G£ô Buffer 6s",
1790442367.242,marker,dr,52.47019016,-1.48029608,351.40,false,,
1790442367.243,marker,reconciled,0.00000000,0.00000000,0.00,false,,
1790442367.344,hud,speed,,,,,"0.0 / 0.0",0.000
1790442367.345,hud,heading,,,,,"0-¦ / 0-¦",0.000
1790442367.345,hud,drift,,,,,"0.00%",0.000
1790442367.345,hud,turns,,,,,"G£ù turns: 0/15",
1790442367.345,hud,calib_s,,,,,"G£ô Buffer 6s",
1790442367.346,marker,dr,52.47019016,-1.48029608,351.40,false,,
1790442367.347,marker,reconciled,0.00000000,0.00000000,0.00,false,,
1790442367.461,hud,speed,,,,,"0.0 / 0.0",0.000
1790442367.462,hud,heading,,,,,"0-¦ / 0-¦",0.000
1790442367.463,hud,drift,,,,,"0.00%",0.000
1790442367.463,hud,turns,,,,,"G£ù turns: 0/15",
1790442367.463,hud,calib_s,,,,,"G£ô Buffer 6s",
1790442367.463,marker,dr,52.47019016,-1.48029608,351.40,false,,
1790442367.464,marker,reconciled,0.00000000,0.00000000,0.00,false,,
1790442367.546,hud,speed,,,,,"0.0 / 0.0",0.000
1790442367.547,hud,heading,,,,,"0-¦ / 0-¦",0.000
1790442367.547,hud,drift,,,,,"0.00%",0.000
1790442367.547,hud,turns,,,,,"G£ù turns: 0/15",
1790442367.548,hud,calib_s,,,,,"G£ô Buffer 6s",
1790442367.549,marker,dr,52.47019016,-1.48029608,351.40,false,,
1790442367.549,marker,reconciled,0.00000000,0.00000000,0.00,false,,
1790442367.645,hud,speed,,,,,"0.0 / 0.0",0.000
1790442367.646,hud,heading,,,,,"0-¦ / 0-¦",0.000
1790442367.647,hud,drift,,,,,"0.00%",0.000
1790442367.647,hud,turns,,,,,"G£ù turns: 0/15",
1790442367.648,hud,calib_s,,,,,"G£ô Buffer 6s",
1790442367.648,marker,dr,52.47019016,-1.48029608,351.40,false,,
1790442367.649,marker,reconciled,0.00000000,0.00000000,0.00,false,,
1790442367.749,hud,speed,,,,,"0.0 / 0.0",0.000
1790442367.750,hud,heading,,,,,"0-¦ / 0-¦",0.000
1790442367.750,hud,drift,,,,,"0.00%",0.000
1790442367.750,hud,turns,,,,,"G£ù turns: 0/15",
1790442367.751,hud,calib_s,,,,,"G£ô Buffer 6s",
1790442367.751,marker,dr,52.47019016,-1.48029608,351.40,false,,
1790442367.751,marker,reconciled,0.00000000,0.00000000,0.00,false,,
1790442367.869,hud,speed,,,,,"0.0 / 0.0",0.000
1790442367.870,hud,heading,,,,,"0-¦ / 0-¦",0.000
1790442367.870,hud,drift,,,,,"0.00%",0.000
1790442367.871,hud,turns,,,,,"G£ù turns: 0/15",
1790442367.871,hud,calib_s,,,,,"G£ô Buffer 6s",
1790442367.871,marker,dr,52.47019016,-1.48029608,351.40,false,,
1790442367.872,marker,reconciled,0.00000000,0.00000000,0.00,false,,
1790442367.947,hud,speed,,,,,"0.0 / 0.0",0.000
1790442367.947,hud,heading,,,,,"0-¦ / 0-¦",0.000
1790442367.948,hud,drift,,,,,"0.00%",0.000
1790442367.948,hud,turns,,,,,"G£ù turns: 0/15",
1790442367.948,hud,calib_s,,,,,"G£ô Buffer 6s",
1790442367.948,marker,dr,52.47019016,-1.48029608,351.40,false,,
1790442367.949,marker,reconciled,0.00000000,0.00000000,0.00,false,,
1790442368.053,hud,speed,,,,,"0.0 / 0.0",0.000
1790442368.053,hud,heading,,,,,"0-¦ / 0-¦",0.000
1790442368.054,hud,drift,,,,,"0.00%",0.000
1790442368.054,hud,turns,,,,,"G£ù turns: 0/15",
1790442368.055,hud,calib_s,,,,,"G£ô Buffer 6s",
1790442368.055,marker,dr,52.47019016,-1.48029608,351.40,false,,
1790442368.055,marker,reconciled,0.00000000,0.00000000,0.00,false,,
1790442368.155,hud,speed,,,,,"0.0 / 0.0",0.000
1790442368.156,hud,heading,,,,,"0-¦ / 0-¦",0.000
1790442368.156,hud,drift,,,,,"0.00%",0.000
1790442368.156,hud,turns,,,,,"G£ù turns: 0/15",
1790442368.156,hud,calib_s,,,,,"G£ô Buffer 6s",
1790442368.157,marker,dr,52.47019016,-1.48029608,351.40,false,,
1790442368.157,marker,reconciled,0.00000000,0.00000000,0.00,false,,
1790442368.275,hud,speed,,,,,"0.0 / 0.0",0.000
1790442368.276,hud,heading,,,,,"0-¦ / 0-¦",0.000
1790442368.276,hud,drift,,,,,"0.00%",0.000
1790442368.277,hud,turns,,,,,"G£ù turns: 0/15",
1790442368.277,hud,calib_s,,,,,"G£ô Buffer 6s",
1790442368.278,marker,dr,52.47019016,-1.48029608,351.40,false,,
1790442368.278,marker,reconciled,0.00000000,0.00000000,0.00,false,,
1790442368.356,hud,speed,,,,,"0.0 / 0.0",0.000
1790442368.356,hud,heading,,,,,"0-¦ / 0-¦",0.000
1790442368.357,hud,drift,,,,,"0.00%",0.000
1790442368.357,hud,turns,,,,,"G£ù turns: 0/15",
1790442368.357,hud,calib_s,,,,,"G£ô Buffer 6s",
1790442368.358,marker,dr,52.47019016,-1.48029608,351.40,false,,
1790442368.358,marker,reconciled,0.00000000,0.00000000,0.00,false,,
1790442368.456,hud,speed,,,,,"0.0 / 0.0",0.000
1790442368.457,hud,heading,,,,,"0-¦ / 0-¦",0.000
1790442368.457,hud,drift,,,,,"0.00%",0.000
1790442368.457,hud,turns,,,,,"G£ù turns: 0/15",
1790442368.457,hud,calib_s,,,,,"G£ô Buffer 6s",
1790442368.457,marker,dr,52.47019016,-1.48029608,351.40,false,,
1790442368.457,marker,reconciled,0.00000000,0.00000000,0.00,false,,
1790442368.562,hud,speed,,,,,"0.0 / 0.0",0.000
1790442368.563,hud,heading,,,,,"0-¦ / 0-¦",0.000
1790442368.563,hud,drift,,,,,"0.00%",0.000
1790442368.563,hud,turns,,,,,"G£ù turns: 0/15",
1790442368.563,hud,calib_s,,,,,"G£ô Buffer 6s",
1790442368.564,marker,dr,52.47019016,-1.48029608,351.40,false,,
1790442368.564,marker,reconciled,0.00000000,0.00000000,0.00,false,,
1790442368.678,hud,speed,,,,,"0.0 / 0.0",0.000
1790442368.678,hud,heading,,,,,"0-¦ / 0-¦",0.000
1790442368.679,hud,drift,,,,,"0.00%",0.000
1790442368.679,hud,turns,,,,,"G£ù turns: 0/15",
1790442368.680,hud,calib_s,,,,,"G£ô Buffer 6s",
1790442368.680,marker,dr,52.47019016,-1.48029608,351.40,false,,
1790442368.680,marker,reconciled,0.00000000,0.00000000,0.00,false,,
1790442368.760,hud,speed,,,,,"0.0 / 0.0",0.000
1790442368.760,hud,heading,,,,,"0-¦ / 0-¦",0.000
1790442368.761,hud,drift,,,,,"0.00%",0.000
1790442368.761,hud,turns,,,,,"G£ù turns: 0/15",
1790442368.761,hud,calib_s,,,,,"G£ô Buffer 6s",
1790442368.762,marker,dr,52.47019016,-1.48029608,351.40,false,,
1790442368.762,marker,reconciled,0.00000000,0.00000000,0.00,false,,
1790442368.864,hud,speed,,,,,"0.0 / 0.0",0.000
1790442368.865,hud,heading,,,,,"0-¦ / 0-¦",0.000
1790442368.865,hud,drift,,,,,"0.00%",0.000
1790442368.865,hud,turns,,,,,"G£ù turns: 0/15",
1790442368.866,hud,calib_s,,,,,"G£ô Buffer 6s",
1790442368.866,marker,dr,52.47019016,-1.48029608,351.40,false,,
1790442368.866,marker,reconciled,0.00000000,0.00000000,0.00,false,,
1790442368.982,hud,speed,,,,,"0.0 / 0.0",0.000
1790442368.983,hud,heading,,,,,"0-¦ / 0-¦",0.000
1790442368.983,hud,drift,,,,,"0.00%",0.000
1790442368.984,hud,turns,,,,,"G£ù turns: 0/15",
1790442368.984,hud,calib_s,,,,,"G£ô Buffer 6s",
1790442368.984,marker,dr,52.47019016,-1.48029608,351.40,false,,
1790442368.985,marker,reconciled,0.00000000,0.00000000,0.00,false,,
1790442369.064,hud,speed,,,,,"0.0 / 0.0",0.000
1790442369.064,hud,heading,,,,,"0-¦ / 0-¦",0.000
1790442369.065,hud,drift,,,,,"0.00%",0.000
1790442369.065,hud,turns,,,,,"G£ù turns: 0/15",
1790442369.065,hud,calib_s,,,,,"G£ô Buffer 6s",
1790442369.065,marker,dr,52.47019016,-1.48029608,351.40,false,,
1790442369.066,marker,reconciled,0.00000000,0.00000000,0.00,false,,
1790442369.165,hud,speed,,,,,"0.0 / 0.0",0.000
1790442369.165,hud,heading,,,,,"0-¦ / 0-¦",0.000
1790442369.166,hud,drift,,,,,"0.00%",0.000
1790442369.166,hud,turns,,,,,"G£ù turns: 0/15",
1790442369.166,hud,calib_s,,,,,"G£ô Buffer 6s",
1790442369.167,marker,dr,52.47019016,-1.48029608,351.40,false,,
1790442369.167,marker,reconciled,0.00000000,0.00000000,0.00,false,,
1790442369.268,hud,speed,,,,,"0.0 / 0.0",0.000
1790442369.269,hud,heading,,,,,"0-¦ / 0-¦",0.000
1790442369.269,hud,drift,,,,,"0.00%",0.000
1790442369.270,hud,turns,,,,,"G£ù turns: 0/15",
1790442369.271,hud,calib_s,,,,,"G£ô Buffer 6s",
1790442369.271,marker,dr,52.47019016,-1.48029608,351.40,false,,
1790442369.272,marker,reconciled,0.00000000,0.00000000,0.00,false,,
1790442369.391,hud,speed,,,,,"0.0 / 0.0",0.000
1790442369.392,hud,heading,,,,,"0-¦ / 0-¦",0.000
1790442369.392,hud,drift,,,,,"0.00%",0.000
1790442369.393,hud,turns,,,,,"G£ù turns: 0/15",
1790442369.393,hud,calib_s,,,,,"G£ô Buffer 6s",
1790442369.393,marker,dr,52.47019016,-1.48029608,351.40,false,,
1790442369.394,marker,reconciled,0.00000000,0.00000000,0.00,false,,
1790442369.467,hud,speed,,,,,"0.0 / 0.0",0.000
1790442369.467,hud,heading,,,,,"0-¦ / 0-¦",0.000
1790442369.468,hud,drift,,,,,"0.00%",0.000
1790442369.468,hud,turns,,,,,"G£ù turns: 0/15",
1790442369.468,hud,calib_s,,,,,"G£ô Buffer 6s",
1790442369.468,marker,dr,52.47019016,-1.48029608,351.40,false,,
1790442369.468,marker,reconciled,0.00000000,0.00000000,0.00,false,,
1790442369.570,hud,speed,,,,,"0.0 / 0.0",0.000
1790442369.570,hud,heading,,,,,"0-¦ / 0-¦",0.000
1790442369.570,hud,drift,,,,,"0.00%",0.000
1790442369.570,hud,turns,,,,,"G£ù turns: 0/15",
1790442369.570,hud,calib_s,,,,,"G£ô Buffer 6s",
1790442369.571,marker,dr,52.47019016,-1.48029608,351.40,false,,
1790442369.571,marker,reconciled,0.00000000,0.00000000,0.00,false,,
1790442369.675,hud,speed,,,,,"0.0 / 0.0",0.000
1790442369.676,hud,heading,,,,,"0-¦ / 0-¦",0.000
1790442369.677,hud,drift,,,,,"0.00%",0.000
1790442369.677,hud,turns,,,,,"G£ù turns: 0/15",
1790442369.678,hud,calib_s,,,,,"G£ô Buffer 6s",
1790442369.678,marker,dr,52.47019016,-1.48029608,351.40,false,,
1790442369.679,marker,reconciled,0.00000000,0.00000000,0.00,false,,
1790442369.795,hud,speed,,,,,"0.0 / 0.0",0.000
1790442369.795,hud,heading,,,,,"0-¦ / 0-¦",0.000
1790442369.796,hud,drift,,,,,"0.00%",0.000
1790442369.796,hud,turns,,,,,"G£ù turns: 0/15",
1790442369.797,hud,calib_s,,,,,"G£ô Buffer 6s",
1790442369.797,marker,dr,52.47019016,-1.48029608,351.40,false,,
1790442369.798,marker,reconciled,0.00000000,0.00000000,0.00,false,,
1790442369.873,hud,speed,,,,,"0.0 / 0.0",0.000
1790442369.874,hud,heading,,,,,"0-¦ / 0-¦",0.000
1790442369.874,hud,drift,,,,,"0.00%",0.000
1790442369.875,hud,turns,,,,,"G£ù turns: 0/15",
1790442369.875,hud,calib_s,,,,,"G£ô Buffer 6s",
1790442369.875,marker,dr,52.47019016,-1.48029608,351.40,false,,
1790442369.875,marker,reconciled,0.00000000,0.00000000,0.00,false,,
1790442369.975,hud,speed,,,,,"0.0 / 0.0",0.000
1790442369.976,hud,heading,,,,,"0-¦ / 0-¦",0.000
1790442369.976,hud,drift,,,,,"0.00%",0.000
1790442369.977,hud,turns,,,,,"G£ù turns: 0/15",
1790442369.977,hud,calib_s,,,,,"G£ô Buffer 6s",
1790442369.978,marker,dr,52.47019016,-1.48029608,351.40,false,,
1790442369.979,marker,reconciled,0.00000000,0.00000000,0.00,false,,
1790442370.078,hud,speed,,,,,"0.0 / 0.0",0.000
1790442370.079,hud,heading,,,,,"0-¦ / 0-¦",0.000
1790442370.079,hud,drift,,,,,"0.00%",0.000
1790442370.079,hud,turns,,,,,"G£ù turns: 0/15",
1790442370.080,hud,calib_s,,,,,"G£ô Buffer 6s",
1790442370.080,marker,dr,52.47019016,-1.48029608,351.40,false,,
1790442370.080,marker,reconciled,0.00000000,0.00000000,0.00,false,,
1790442370.195,hud,speed,,,,,"0.0 / 0.0",0.000
1790442370.195,hud,heading,,,,,"0-¦ / 0-¦",0.000
1790442370.195,hud,drift,,,,,"0.00%",0.000
1790442370.196,hud,turns,,,,,"G£ù turns: 0/15",
1790442370.196,hud,calib_s,,,,,"G£ô Buffer 6s",
1790442370.197,marker,dr,52.47019016,-1.48029608,351.40,false,,
1790442370.197,marker,reconciled,0.00000000,0.00000000,0.00,false,,
1790442370.279,hud,speed,,,,,"0.0 / 0.0",0.000
1790442370.279,hud,heading,,,,,"0-¦ / 0-¦",0.000
1790442370.280,hud,drift,,,,,"0.00%",0.000
1790442370.280,hud,turns,,,,,"G£ù turns: 0/15",
1790442370.280,hud,calib_s,,,,,"G£ô Buffer 6s",
1790442370.281,marker,dr,52.47019016,-1.48029608,351.40,false,,
1790442370.281,marker,reconciled,0.00000000,0.00000000,0.00,false,,
1790442370.383,hud,speed,,,,,"0.0 / 0.0",0.000
1790442370.383,hud,heading,,,,,"0-¦ / 0-¦",0.000
1790442370.384,hud,drift,,,,,"0.00%",0.000
1790442370.384,hud,turns,,,,,"G£ù turns: 0/15",
1790442370.384,hud,calib_s,,,,,"G£ô Buffer 6s",
1790442370.385,marker,dr,52.47019016,-1.48029608,351.40,false,,
1790442370.385,marker,reconciled,0.00000000,0.00000000,0.00,false,,
1790442370.486,hud,speed,,,,,"0.0 / 0.0",0.000
1790442370.486,hud,heading,,,,,"0-¦ / 0-¦",0.000
1790442370.487,hud,drift,,,,,"0.00%",0.000
1790442370.487,hud,turns,,,,,"G£ù turns: 0/15",
1790442370.487,hud,calib_s,,,,,"G£ô Buffer 6s",
1790442370.488,marker,dr,52.47019016,-1.48029608,351.40,false,,
1790442370.488,marker,reconciled,0.00000000,0.00000000,0.00,false,,
1790442370.605,hud,speed,,,,,"0.0 / 0.0",0.000
1790442370.605,hud,heading,,,,,"0-¦ / 0-¦",0.000
1790442370.606,hud,drift,,,,,"0.00%",0.000
1790442370.606,hud,turns,,,,,"G£ù turns: 0/15",
1790442370.606,hud,calib_s,,,,,"G£ô Buffer 6s",
1790442370.607,marker,dr,52.47019016,-1.48029608,351.40,false,,
1790442370.607,marker,reconciled,0.00000000,0.00000000,0.00,false,,
1790442370.684,hud,speed,,,,,"0.0 / 0.0",0.000
1790442370.684,hud,heading,,,,,"0-¦ / 0-¦",0.000
1790442370.685,hud,drift,,,,,"0.00%",0.000
1790442370.685,hud,turns,,,,,"G£ù turns: 0/15",
1790442370.685,hud,calib_s,,,,,"G£ô Buffer 6s",
1790442370.685,marker,dr,52.47019016,-1.48029608,351.40,false,,
1790442370.685,marker,reconciled,0.00000000,0.00000000,0.00,false,,
1790442370.790,hud,speed,,,,,"0.0 / 0.0",0.000
1790442370.791,hud,heading,,,,,"0-¦ / 0-¦",0.000
1790442370.792,hud,drift,,,,,"0.00%",0.000
1790442370.792,hud,turns,,,,,"G£ù turns: 0/15",
1790442370.792,hud,calib_s,,,,,"G£ô Buffer 6s",
1790442370.792,marker,dr,52.47019016,-1.48029608,351.40,false,,
1790442370.793,marker,reconciled,0.00000000,0.00000000,0.00,false,,
1790442370.892,hud,speed,,,,,"0.0 / 0.0",0.000
1790442370.893,hud,heading,,,,,"0-¦ / 0-¦",0.000
1790442370.893,hud,drift,,,,,"0.00%",0.000
1790442370.893,hud,turns,,,,,"G£ù turns: 0/15",
1790442370.894,hud,calib_s,,,,,"G£ô Buffer 6s",
1790442370.894,marker,dr,52.47019016,-1.48029608,351.40,false,,
1790442370.894,marker,reconciled,0.00000000,0.00000000,0.00,false,,
1790442371.012,hud,speed,,,,,"0.0 / 0.0",0.000
1790442371.013,hud,heading,,,,,"0-¦ / 0-¦",0.000
1790442371.013,hud,drift,,,,,"0.00%",0.000
1790442371.014,hud,turns,,,,,"G£ù turns: 0/15",
1790442371.014,hud,calib_s,,,,,"G£ô Buffer 6s",
1790442371.015,marker,dr,52.47019016,-1.48029608,351.40,false,,
1790442371.015,marker,reconciled,0.00000000,0.00000000,0.00,false,,
1790442371.095,hud,speed,,,,,"0.0 / 0.0",0.000
1790442371.095,hud,heading,,,,,"0-¦ / 0-¦",0.000
1790442371.096,hud,drift,,,,,"0.00%",0.000
1790442371.096,hud,turns,,,,,"G£ù turns: 0/15",
1790442371.096,hud,calib_s,,,,,"G£ô Buffer 6s",
1790442371.096,marker,dr,52.47019016,-1.48029608,351.40,false,,
1790442371.097,marker,reconciled,0.00000000,0.00000000,0.00,false,,
1790442371.192,hud,speed,,,,,"0.0 / 0.0",0.000
1790442371.193,hud,heading,,,,,"0-¦ / 0-¦",0.000
1790442371.193,hud,drift,,,,,"0.00%",0.000
1790442371.193,hud,turns,,,,,"G£ù turns: 0/15",
1790442371.193,hud,calib_s,,,,,"G£ô Buffer 6s",
1790442371.194,marker,dr,52.47019016,-1.48029608,351.40,false,,
1790442371.194,marker,reconciled,0.00000000,0.00000000,0.00,false,,
1790442371.317,hud,speed,,,,,"0.0 / 0.0",0.000
1790442371.318,hud,heading,,,,,"0-¦ / 0-¦",0.000
1790442371.318,hud,drift,,,,,"0.00%",0.000
1790442371.319,hud,turns,,,,,"G£ù turns: 0/15",
1790442371.319,hud,calib_s,,,,,"G£ô Buffer 6s",
1790442371.320,marker,dr,52.47019016,-1.48029608,351.40,false,,
1790442371.320,marker,reconciled,0.00000000,0.00000000,0.00,false,,
1790442371.396,hud,speed,,,,,"0.0 / 0.0",0.000
1790442371.396,hud,heading,,,,,"0-¦ / 0-¦",0.000
1790442371.397,hud,drift,,,,,"0.00%",0.000
1790442371.397,hud,turns,,,,,"G£ù turns: 0/15",
1790442371.397,hud,calib_s,,,,,"G£ô Buffer 6s",
1790442371.398,marker,dr,52.47019016,-1.48029608,351.40,false,,
1790442371.398,marker,reconciled,0.00000000,0.00000000,0.00,false,,
1790442371.502,hud,speed,,,,,"0.0 / 0.0",0.000
1790442371.503,hud,heading,,,,,"0-¦ / 0-¦",0.000
1790442371.504,hud,drift,,,,,"0.00%",0.000
1790442371.504,hud,turns,,,,,"G£ù turns: 0/15",
1790442371.504,hud,calib_s,,,,,"G£ô Buffer 6s",
1790442371.505,marker,dr,52.47019016,-1.48029608,351.40,false,,
1790442371.505,marker,reconciled,0.00000000,0.00000000,0.00,false,,
1790442371.600,hud,speed,,,,,"0.0 / 0.0",0.000
1790442371.600,hud,heading,,,,,"0-¦ / 0-¦",0.000
1790442371.600,hud,drift,,,,,"0.00%",0.000
1790442371.601,hud,turns,,,,,"G£ù turns: 0/15",
1790442371.601,hud,calib_s,,,,,"G£ô Buffer 6s",
1790442371.601,marker,dr,52.47019016,-1.48029608,351.40,false,,
1790442371.602,marker,reconciled,0.00000000,0.00000000,0.00,false,,
1790442371.720,hud,speed,,,,,"0.0 / 0.0",0.000
1790442371.720,hud,heading,,,,,"0-¦ / 0-¦",0.000
1790442371.721,hud,drift,,,,,"0.00%",0.000
1790442371.721,hud,turns,,,,,"G£ù turns: 0/15",
1790442371.721,hud,calib_s,,,,,"G£ô Buffer 6s",
1790442371.722,marker,dr,52.47019016,-1.48029608,351.40,false,,
1790442371.722,marker,reconciled,0.00000000,0.00000000,0.00,false,,
1790442371.799,hud,speed,,,,,"0.0 / 0.0",0.000
1790442371.799,hud,heading,,,,,"0-¦ / 0-¦",0.000
1790442371.800,hud,drift,,,,,"0.00%",0.000
1790442371.800,hud,turns,,,,,"G£ù turns: 0/15",
1790442371.800,hud,calib_s,,,,,"G£ô Buffer 6s",
1790442371.800,marker,dr,52.47019016,-1.48029608,351.40,false,,
1790442371.800,marker,reconciled,0.00000000,0.00000000,0.00,false,,
1790442371.903,hud,speed,,,,,"0.0 / 0.0",0.000
1790442371.903,hud,heading,,,,,"0-¦ / 0-¦",0.000
1790442371.904,hud,drift,,,,,"0.00%",0.000
1790442371.904,hud,turns,,,,,"G£ù turns: 0/15",
1790442371.905,hud,calib_s,,,,,"G£ô Buffer 6s",
1790442371.905,marker,dr,52.47019016,-1.48029608,351.40,false,,
1790442371.906,marker,reconciled,0.00000000,0.00000000,0.00,false,,
1790442372.003,hud,speed,,,,,"0.0 / 0.0",0.000
1790442372.004,hud,heading,,,,,"0-¦ / 0-¦",0.000
1790442372.004,hud,drift,,,,,"0.00%",0.000
1790442372.004,hud,turns,,,,,"G£ù turns: 0/15",
1790442372.004,hud,calib_s,,,,,"G£ô Buffer 6s",
1790442372.004,marker,dr,52.47019016,-1.48029608,351.40,false,,
1790442372.005,marker,reconciled,0.00000000,0.00000000,0.00,false,,
1790442372.126,hud,speed,,,,,"0.0 / 0.0",0.000
1790442372.126,hud,heading,,,,,"0-¦ / 0-¦",0.000
1790442372.127,hud,drift,,,,,"0.00%",0.000
1790442372.127,hud,turns,,,,,"G£ù turns: 0/15",
1790442372.128,hud,calib_s,,,,,"G£ô Buffer 6s",
1790442372.128,marker,dr,52.47019016,-1.48029608,351.40,false,,
1790442372.129,marker,reconciled,0.00000000,0.00000000,0.00,false,,
1790442372.208,hud,speed,,,,,"0.0 / 0.0",0.000
1790442372.209,hud,heading,,,,,"0-¦ / 0-¦",0.000
1790442372.209,hud,drift,,,,,"0.00%",0.000
1790442372.210,hud,turns,,,,,"G£ù turns: 0/15",
1790442372.210,hud,calib_s,,,,,"G£ô Buffer 6s",
1790442372.210,marker,dr,52.47019016,-1.48029608,351.40,false,,
1790442372.211,marker,reconciled,0.00000000,0.00000000,0.00,false,,
1790442372.310,hud,speed,,,,,"0.0 / 0.0",0.000
1790442372.310,hud,heading,,,,,"0-¦ / 0-¦",0.000
1790442372.310,hud,drift,,,,,"0.00%",0.000
1790442372.311,hud,turns,,,,,"G£ù turns: 0/15",
1790442372.311,hud,calib_s,,,,,"G£ô Buffer 6s",
1790442372.311,marker,dr,52.47019016,-1.48029608,351.40,false,,
1790442372.311,marker,reconciled,0.00000000,0.00000000,0.00,false,,
1790442372.411,hud,speed,,,,,"0.0 / 0.0",0.000
1790442372.411,hud,heading,,,,,"0-¦ / 0-¦",0.000
1790442372.411,hud,drift,,,,,"0.00%",0.000
1790442372.412,hud,turns,,,,,"G£ù turns: 0/15",
1790442372.412,hud,calib_s,,,,,"G£ô Buffer 6s",
1790442372.412,marker,dr,52.47019016,-1.48029608,351.40,false,,
1790442372.412,marker,reconciled,0.00000000,0.00000000,0.00,false,,
1790442372.532,hud,speed,,,,,"0.0 / 0.0",0.000
1790442372.533,hud,heading,,,,,"0-¦ / 0-¦",0.000
1790442372.533,hud,drift,,,,,"0.00%",0.000
1790442372.534,hud,turns,,,,,"G£ù turns: 0/15",
1790442372.534,hud,calib_s,,,,,"G£ô Buffer 6s",
1790442372.535,marker,dr,52.47019016,-1.48029608,351.40,false,,
1790442372.535,marker,reconciled,0.00000000,0.00000000,0.00,false,,
1790442372.615,hud,speed,,,,,"0.0 / 0.0",0.000
1790442372.615,hud,heading,,,,,"0-¦ / 0-¦",0.000
1790442372.616,hud,drift,,,,,"0.00%",0.000
1790442372.616,hud,turns,,,,,"G£ù turns: 0/15",
1790442372.617,hud,calib_s,,,,,"G£ô Buffer 6s",
1790442372.617,marker,dr,52.47019016,-1.48029608,351.40,false,,
1790442372.617,marker,reconciled,0.00000000,0.00000000,0.00,false,,
1790442372.712,hud,speed,,,,,"0.0 / 0.0",0.000
1790442372.712,hud,heading,,,,,"0-¦ / 0-¦",0.000
1790442372.712,hud,drift,,,,,"0.00%",0.000
1790442372.712,hud,turns,,,,,"G£ù turns: 0/15",
1790442372.713,hud,calib_s,,,,,"G£ô Buffer 6s",
1790442372.713,marker,dr,52.47019016,-1.48029608,351.40,false,,
1790442372.713,marker,reconciled,0.00000000,0.00000000,0.00,false,,
1790442372.815,hud,speed,,,,,"0.0 / 0.0",0.000
1790442372.815,hud,heading,,,,,"0-¦ / 0-¦",0.000
1790442372.816,hud,drift,,,,,"0.00%",0.000
1790442372.816,hud,turns,,,,,"G£ù turns: 0/15",
1790442372.816,hud,calib_s,,,,,"G£ô Buffer 6s",
1790442372.817,marker,dr,52.47019016,-1.48029608,351.40,false,,
1790442372.817,marker,reconciled,0.00000000,0.00000000,0.00,false,,
1790442372.938,hud,speed,,,,,"0.0 / 0.0",0.000
1790442372.938,hud,heading,,,,,"0-¦ / 0-¦",0.000
1790442372.939,hud,drift,,,,,"0.00%",0.000
1790442372.939,hud,turns,,,,,"G£ù turns: 0/15",
1790442372.940,hud,calib_s,,,,,"G£ô Buffer 6s",
1790442372.940,marker,dr,52.47019016,-1.48029608,351.40,false,,
1790442372.941,marker,reconciled,0.00000000,0.00000000,0.00,false,,
1790442373.017,hud,speed,,,,,"0.0 / 0.0",0.000
1790442373.017,hud,heading,,,,,"0-¦ / 0-¦",0.000
1790442373.017,hud,drift,,,,,"0.00%",0.000
1790442373.017,hud,turns,,,,,"G£ù turns: 0/15",
1790442373.018,hud,calib_s,,,,,"G£ô Buffer 6s",
1790442373.018,marker,dr,52.47019016,-1.48029608,351.40,false,,
1790442373.018,marker,reconciled,0.00000000,0.00000000,0.00,false,,
1790442373.126,hud,speed,,,,,"0.0 / 0.0",0.000
1790442373.127,hud,heading,,,,,"0-¦ / 0-¦",0.000
1790442373.127,hud,drift,,,,,"0.00%",0.000
1790442373.127,hud,turns,,,,,"G£ù turns: 0/15",
1790442373.128,hud,calib_s,,,,,"G£ô Buffer 6s",
1790442373.128,marker,dr,52.47019016,-1.48029608,351.40,false,,
1790442373.129,marker,reconciled,0.00000000,0.00000000,0.00,false,,
1790442373.239,hud,speed,,,,,"0.0 / 0.0",0.000
1790442373.240,hud,heading,,,,,"0-¦ / 0-¦",0.000
1790442373.240,hud,drift,,,,,"0.00%",0.000
1790442373.240,hud,turns,,,,,"G£ù turns: 0/15",
1790442373.241,hud,calib_s,,,,,"G£ô Buffer 6s",
1790442373.241,marker,dr,52.47019016,-1.48029608,351.40,false,,
1790442373.241,marker,reconciled,0.00000000,0.00000000,0.00,false,,
1790442373.329,hud,speed,,,,,"0.0 / 0.0",0.000
1790442373.330,hud,heading,,,,,"0-¦ / 0-¦",0.000
1790442373.331,hud,drift,,,,,"0.00%",0.000
1790442373.332,hud,turns,,,,,"G£ù turns: 0/15",
1790442373.332,hud,calib_s,,,,,"G£ô Buffer 6s",
1790442373.332,marker,dr,52.47019016,-1.48029608,351.40,false,,
1790442373.333,marker,reconciled,0.00000000,0.00000000,0.00,false,,
1790442373.425,hud,speed,,,,,"0.0 / 0.0",0.000
1790442373.427,hud,heading,,,,,"0-¦ / 0-¦",0.000
1790442373.427,hud,drift,,,,,"0.00%",0.000
1790442373.428,hud,turns,,,,,"G£ù turns: 0/15",
1790442373.428,hud,calib_s,,,,,"G£ô Buffer 6s",
1790442373.428,marker,dr,52.47019016,-1.48029608,351.40,false,,
1790442373.429,marker,reconciled,0.00000000,0.00000000,0.00,false,,
1790442373.528,hud,speed,,,,,"0.0 / 0.0",0.000
1790442373.528,hud,heading,,,,,"0-¦ / 0-¦",0.000
1790442373.529,hud,drift,,,,,"0.00%",0.000
1790442373.529,hud,turns,,,,,"G£ù turns: 0/15",
1790442373.529,hud,calib_s,,,,,"G£ô Buffer 6s",
1790442373.529,marker,dr,52.47019016,-1.48029608,351.40,false,,
1790442373.530,marker,reconciled,0.00000000,0.00000000,0.00,false,,
1790442373.644,hud,speed,,,,,"0.0 / 0.0",0.000
1790442373.644,hud,heading,,,,,"0-¦ / 0-¦",0.000
1790442373.645,hud,drift,,,,,"0.00%",0.000
1790442373.645,hud,turns,,,,,"G£ù turns: 0/15",
1790442373.646,hud,calib_s,,,,,"G£ô Buffer 6s",
1790442373.646,marker,dr,52.47019016,-1.48029608,351.40,false,,
1790442373.647,marker,reconciled,0.00000000,0.00000000,0.00,false,,
1790442373.732,hud,speed,,,,,"0.0 / 0.0",0.000
1790442373.732,hud,heading,,,,,"0-¦ / 0-¦",0.000
1790442373.733,hud,drift,,,,,"0.00%",0.000
1790442373.733,hud,turns,,,,,"G£ù turns: 0/15",
1790442373.733,hud,calib_s,,,,,"G£ô Buffer 6s",
1790442373.734,marker,dr,52.47019016,-1.48029608,351.40,false,,
1790442373.734,marker,reconciled,0.00000000,0.00000000,0.00,false,,
1790442373.829,hud,speed,,,,,"0.0 / 0.0",0.000
1790442373.830,hud,heading,,,,,"0-¦ / 0-¦",0.000
1790442373.830,hud,drift,,,,,"0.00%",0.000
1790442373.830,hud,turns,,,,,"G£ù turns: 0/15",
1790442373.831,hud,calib_s,,,,,"G£ô Buffer 6s",
1790442373.831,marker,dr,52.47019016,-1.48029608,351.40,false,,
1790442373.831,marker,reconciled,0.00000000,0.00000000,0.00,false,,
1790442373.929,hud,speed,,,,,"0.0 / 0.0",0.000
1790442373.929,hud,heading,,,,,"0-¦ / 0-¦",0.000
1790442373.929,hud,drift,,,,,"0.00%",0.000
1790442373.930,hud,turns,,,,,"G£ù turns: 0/15",
1790442373.930,hud,calib_s,,,,,"G£ô Buffer 6s",
1790442373.931,marker,dr,52.47019016,-1.48029608,351.40,false,,
1790442373.931,marker,reconciled,0.00000000,0.00000000,0.00,false,,
1790442374.048,hud,speed,,,,,"0.0 / 0.0",0.000
1790442374.048,hud,heading,,,,,"0-¦ / 0-¦",0.000
1790442374.048,hud,drift,,,,,"0.00%",0.000
1790442374.049,hud,turns,,,,,"G£ù turns: 0/15",
1790442374.049,hud,calib_s,,,,,"G£ô Buffer 6s",
1790442374.049,marker,dr,52.47019016,-1.48029608,351.40,false,,
1790442374.050,marker,reconciled,0.00000000,0.00000000,0.00,false,,
1790442374.137,hud,speed,,,,,"0.0 / 0.0",0.000
1790442374.138,hud,heading,,,,,"0-¦ / 0-¦",0.000
1790442374.138,hud,drift,,,,,"0.00%",0.000
1790442374.139,hud,turns,,,,,"G£ù turns: 0/15",
1790442374.139,hud,calib_s,,,,,"G£ô Buffer 6s",
1790442374.140,marker,dr,52.47019016,-1.48029608,351.40,false,,
1790442374.140,marker,reconciled,0.00000000,0.00000000,0.00,false,,
1790442374.232,hud,speed,,,,,"0.0 / 0.0",0.000
1790442374.233,hud,heading,,,,,"0-¦ / 0-¦",0.000
1790442374.233,hud,drift,,,,,"0.00%",0.000
1790442374.234,hud,turns,,,,,"G£ù turns: 0/15",
1790442374.235,hud,calib_s,,,,,"G£ô Buffer 6s",
1790442374.235,marker,dr,52.47019016,-1.48029608,351.40,false,,
1790442374.236,marker,reconciled,0.00000000,0.00000000,0.00,false,,
1790442374.336,hud,speed,,,,,"0.0 / 0.0",0.000
1790442374.336,hud,heading,,,,,"0-¦ / 0-¦",0.000
1790442374.337,hud,drift,,,,,"0.00%",0.000
1790442374.337,hud,turns,,,,,"G£ù turns: 0/15",
1790442374.337,hud,calib_s,,,,,"G£ô Buffer 6s",
1790442374.338,marker,dr,52.47019016,-1.48029608,351.40,false,,
1790442374.339,marker,reconciled,0.00000000,0.00000000,0.00,false,,
1790442374.457,hud,speed,,,,,"0.0 / 0.0",0.000
1790442374.457,hud,heading,,,,,"0-¦ / 0-¦",0.000
1790442374.457,hud,drift,,,,,"0.00%",0.000
1790442374.458,hud,turns,,,,,"G£ù turns: 0/15",
1790442374.458,hud,calib_s,,,,,"G£ô Buffer 6s",
1790442374.458,marker,dr,52.47019016,-1.48029608,351.40,false,,
1790442374.459,marker,reconciled,0.00000000,0.00000000,0.00,false,,
1790442374.540,hud,speed,,,,,"0.0 / 0.0",0.000
1790442374.541,hud,heading,,,,,"0-¦ / 0-¦",0.000
1790442374.541,hud,drift,,,,,"0.00%",0.000
1790442374.541,hud,turns,,,,,"G£ù turns: 0/15",
1790442374.542,hud,calib_s,,,,,"G£ô Buffer 6s",
1790442374.542,marker,dr,52.47019016,-1.48029608,351.40,false,,
1790442374.542,marker,reconciled,0.00000000,0.00000000,0.00,false,,
1790442374.639,hud,speed,,,,,"0.0 / 0.0",0.000
1790442374.640,hud,heading,,,,,"0-¦ / 0-¦",0.000
1790442374.640,hud,drift,,,,,"0.00%",0.000
1790442374.640,hud,turns,,,,,"G£ù turns: 0/15",
1790442374.641,hud,calib_s,,,,,"G£ô Buffer 6s",
1790442374.641,marker,dr,52.47019016,-1.48029608,351.40,false,,
1790442374.641,marker,reconciled,0.00000000,0.00000000,0.00,false,,
1790442374.742,hud,speed,,,,,"0.0 / 0.0",0.000
1790442374.743,hud,heading,,,,,"0-¦ / 0-¦",0.000
1790442374.743,hud,drift,,,,,"0.00%",0.000
1790442374.743,hud,turns,,,,,"G£ù turns: 0/15",
1790442374.743,hud,calib_s,,,,,"G£ô Buffer 6s",
1790442374.744,marker,dr,52.47019016,-1.48029608,351.40,false,,
1790442374.744,marker,reconciled,0.00000000,0.00000000,0.00,false,,
1790442374.860,hud,speed,,,,,"0.0 / 0.0",0.000
1790442374.860,hud,heading,,,,,"0-¦ / 0-¦",0.000
1790442374.861,hud,drift,,,,,"0.00%",0.000
1790442374.861,hud,turns,,,,,"G£ù turns: 0/15",
1790442374.861,hud,calib_s,,,,,"G£ô Buffer 6s",
1790442374.862,marker,dr,52.47019016,-1.48029608,351.40,false,,
1790442374.862,marker,reconciled,0.00000000,0.00000000,0.00,false,,
1790442374.948,hud,speed,,,,,"0.0 / 0.0",0.000
1790442374.948,hud,heading,,,,,"0-¦ / 0-¦",0.000
1790442374.949,hud,drift,,,,,"0.00%",0.000
1790442374.949,hud,turns,,,,,"G£ù turns: 0/15",
1790442374.949,hud,calib_s,,,,,"G£ô Buffer 6s",
1790442374.950,marker,dr,52.47019016,-1.48029608,351.40,false,,
1790442374.950,marker,reconciled,0.00000000,0.00000000,0.00,false,,
1790442375.043,hud,speed,,,,,"0.0 / 0.0",0.000
1790442375.044,hud,heading,,,,,"0-¦ / 0-¦",0.000
1790442375.044,hud,drift,,,,,"0.00%",0.000
1790442375.045,hud,turns,,,,,"G£ù turns: 0/15",
1790442375.045,hud,calib_s,,,,,"G£ô Buffer 6s",
1790442375.045,marker,dr,52.47019016,-1.48029608,351.40,false,,
1790442375.046,marker,reconciled,0.00000000,0.00000000,0.00,false,,
1790442375.147,hud,speed,,,,,"0.0 / 0.0",0.000
1790442375.148,hud,heading,,,,,"0-¦ / 0-¦",0.000
1790442375.148,hud,drift,,,,,"0.00%",0.000
1790442375.148,hud,turns,,,,,"G£ù turns: 0/15",
1790442375.148,hud,calib_s,,,,,"G£ô Buffer 6s",
1790442375.149,marker,dr,52.47019016,-1.48029608,351.40,false,,
1790442375.149,marker,reconciled,0.00000000,0.00000000,0.00,false,,
1790442375.268,hud,speed,,,,,"0.0 / 0.0",0.000
1790442375.268,hud,heading,,,,,"0-¦ / 0-¦",0.000
1790442375.269,hud,drift,,,,,"0.00%",0.000
1790442375.270,hud,turns,,,,,"G£ù turns: 0/15",
1790442375.270,hud,calib_s,,,,,"G£ô Buffer 6s",
1790442375.271,marker,dr,52.47019016,-1.48029608,351.40,false,,
1790442375.272,marker,reconciled,0.00000000,0.00000000,0.00,false,,
1790442375.351,hud,speed,,,,,"0.0 / 0.0",0.000
1790442375.352,hud,heading,,,,,"0-¦ / 0-¦",0.000
1790442375.352,hud,drift,,,,,"0.00%",0.000
1790442375.353,hud,turns,,,,,"G£ù turns: 0/15",
1790442375.353,hud,calib_s,,,,,"G£ô Buffer 6s",
1790442375.353,marker,dr,52.47019016,-1.48029608,351.40,false,,
1790442375.354,marker,reconciled,0.00000000,0.00000000,0.00,false,,
1790442375.448,hud,speed,,,,,"0.0 / 0.0",0.000
1790442375.448,hud,heading,,,,,"0-¦ / 0-¦",0.000
1790442375.449,hud,drift,,,,,"0.00%",0.000
1790442375.449,hud,turns,,,,,"G£ù turns: 0/15",
1790442375.449,hud,calib_s,,,,,"G£ô Buffer 6s",
1790442375.449,marker,dr,52.47019016,-1.48029608,351.40,false,,
1790442375.450,marker,reconciled,0.00000000,0.00000000,0.00,false,,
1790442375.569,hud,speed,,,,,"0.0 / 0.0",0.000
1790442375.570,hud,heading,,,,,"0-¦ / 0-¦",0.000
1790442375.571,hud,drift,,,,,"0.00%",0.000
1790442375.571,hud,turns,,,,,"G£ù turns: 0/15",
1790442375.571,hud,calib_s,,,,,"G£ô Buffer 6s",
1790442375.572,marker,dr,52.47019016,-1.48029608,351.40,false,,
1790442375.572,marker,reconciled,0.00000000,0.00000000,0.00,false,,
1790442375.654,hud,speed,,,,,"0.0 / 0.0",0.000
1790442375.654,hud,heading,,,,,"0-¦ / 0-¦",0.000
1790442375.655,hud,drift,,,,,"0.00%",0.000
1790442375.655,hud,turns,,,,,"G£ù turns: 0/15",
1790442375.655,hud,calib_s,,,,,"G£ô Buffer 6s",
1790442375.655,marker,dr,52.47019016,-1.48029608,351.40,false,,
1790442375.656,marker,reconciled,0.00000000,0.00000000,0.00,false,,
1790442375.759,hud,speed,,,,,"0.0 / 0.0",0.000
1790442375.760,hud,heading,,,,,"0-¦ / 0-¦",0.000
1790442375.760,hud,drift,,,,,"0.00%",0.000
1790442375.761,hud,turns,,,,,"G£ù turns: 0/15",
1790442375.761,hud,calib_s,,,,,"G£ô Buffer 6s",
1790442375.761,marker,dr,52.47019016,-1.48029608,351.40,false,,
1790442375.762,marker,reconciled,0.00000000,0.00000000,0.00,false,,
1790442375.855,hud,speed,,,,,"0.0 / 0.0",0.000
1790442375.855,hud,heading,,,,,"0-¦ / 0-¦",0.000
1790442375.855,hud,drift,,,,,"0.00%",0.000
1790442375.856,hud,turns,,,,,"G£ù turns: 0/15",
1790442375.856,hud,calib_s,,,,,"G£ô Buffer 6s",
1790442375.856,marker,dr,52.47019016,-1.48029608,351.40,false,,
1790442375.857,marker,reconciled,0.00000000,0.00000000,0.00,false,,
1790442375.976,hud,speed,,,,,"0.0 / 0.0",0.000
1790442375.976,hud,heading,,,,,"0-¦ / 0-¦",0.000
1790442375.977,hud,drift,,,,,"0.00%",0.000
1790442375.977,hud,turns,,,,,"G£ù turns: 0/15",
1790442375.977,hud,calib_s,,,,,"G£ô Buffer 6s",
1790442375.977,marker,dr,52.47019016,-1.48029608,351.40,false,,
1790442375.978,marker,reconciled,0.00000000,0.00000000,0.00,false,,
1790442376.061,hud,speed,,,,,"0.0 / 0.0",0.000
1790442376.062,hud,heading,,,,,"0-¦ / 0-¦",0.000
1790442376.063,hud,drift,,,,,"0.00%",0.000
1790442376.063,hud,turns,,,,,"G£ù turns: 0/15",
1790442376.063,hud,calib_s,,,,,"G£ô Buffer 6s",
1790442376.064,marker,dr,52.47019016,-1.48029608,351.40,false,,
1790442376.064,marker,reconciled,0.00000000,0.00000000,0.00,false,,
1790442376.166,hud,speed,,,,,"0.0 / 0.0",0.000
1790442376.167,hud,heading,,,,,"0-¦ / 0-¦",0.000
1790442376.167,hud,drift,,,,,"0.00%",0.000
1790442376.167,hud,turns,,,,,"G£ù turns: 0/15",
1790442376.168,hud,calib_s,,,,,"G£ô Buffer 6s",
1790442376.168,marker,dr,52.47019016,-1.48029608,351.40,false,,
1790442376.168,marker,reconciled,0.00000000,0.00000000,0.00,false,,
1790442376.259,hud,speed,,,,,"0.0 / 0.0",0.000
1790442376.259,hud,heading,,,,,"0-¦ / 0-¦",0.000
1790442376.259,hud,drift,,,,,"0.00%",0.000
1790442376.260,hud,turns,,,,,"G£ù turns: 0/15",
1790442376.260,hud,calib_s,,,,,"G£ô Buffer 6s",
1790442376.260,marker,dr,52.47019016,-1.48029608,351.40,false,,
1790442376.261,marker,reconciled,0.00000000,0.00000000,0.00,false,,
1790442376.380,hud,speed,,,,,"0.0 / 0.0",0.000
1790442376.380,hud,heading,,,,,"0-¦ / 0-¦",0.000
1790442376.380,hud,drift,,,,,"0.00%",0.000
1790442376.381,hud,turns,,,,,"G£ù turns: 0/15",
1790442376.381,hud,calib_s,,,,,"G£ô Buffer 6s",
1790442376.381,marker,dr,52.47019016,-1.48029608,351.40,false,,
1790442376.382,marker,reconciled,0.00000000,0.00000000,0.00,false,,
1790442376.464,hud,speed,,,,,"0.0 / 0.0",0.000
1790442376.465,hud,heading,,,,,"0-¦ / 0-¦",0.000
1790442376.466,hud,drift,,,,,"0.00%",0.000
1790442376.466,hud,turns,,,,,"G£ù turns: 0/15",
1790442376.467,hud,calib_s,,,,,"G£ô Buffer 6s",
1790442376.467,marker,dr,52.47019016,-1.48029608,351.40,false,,
1790442376.467,marker,reconciled,0.00000000,0.00000000,0.00,false,,
1790442376.572,hud,speed,,,,,"0.0 / 0.0",0.000
1790442376.572,hud,heading,,,,,"0-¦ / 0-¦",0.000
1790442376.573,hud,drift,,,,,"0.00%",0.000
1790442376.573,hud,turns,,,,,"G£ù turns: 0/15",
1790442376.574,hud,calib_s,,,,,"G£ô Buffer 6s",
1790442376.574,marker,dr,52.47019016,-1.48029608,351.40,false,,
1790442376.575,marker,reconciled,0.00000000,0.00000000,0.00,false,,
1790442376.665,hud,speed,,,,,"0.0 / 0.0",0.000
1790442376.666,hud,heading,,,,,"0-¦ / 0-¦",0.000
1790442376.666,hud,drift,,,,,"0.00%",0.000
1790442376.666,hud,turns,,,,,"G£ù turns: 0/15",
1790442376.667,hud,calib_s,,,,,"G£ô Buffer 6s",
1790442376.667,marker,dr,52.47019016,-1.48029608,351.40,false,,
1790442376.667,marker,reconciled,0.00000000,0.00000000,0.00,false,,
1790442376.784,hud,speed,,,,,"0.0 / 0.0",0.000
1790442376.785,hud,heading,,,,,"0-¦ / 0-¦",0.000
1790442376.785,hud,drift,,,,,"0.00%",0.000
1790442376.785,hud,turns,,,,,"G£ù turns: 0/15",
1790442376.786,hud,calib_s,,,,,"G£ô Buffer 6s",
1790442376.786,marker,dr,52.47019016,-1.48029608,351.40,false,,
1790442376.787,marker,reconciled,0.00000000,0.00000000,0.00,false,,
1790442376.873,hud,speed,,,,,"0.0 / 0.0",0.000
1790442376.873,hud,heading,,,,,"0-¦ / 0-¦",0.000
1790442376.874,hud,drift,,,,,"0.00%",0.000
1790442376.875,hud,turns,,,,,"G£ù turns: 0/15",
1790442376.875,hud,calib_s,,,,,"G£ô Buffer 6s",
1790442376.875,marker,dr,52.47019016,-1.48029608,351.40,false,,
1790442376.876,marker,reconciled,0.00000000,0.00000000,0.00,false,,
1790442376.975,hud,speed,,,,,"0.0 / 0.0",0.000
1790442376.976,hud,heading,,,,,"0-¦ / 0-¦",0.000
1790442376.976,hud,drift,,,,,"0.00%",0.000
1790442376.977,hud,turns,,,,,"G£ù turns: 0/15",
1790442376.977,hud,calib_s,,,,,"G£ô Buffer 6s",
1790442376.977,marker,dr,52.47019016,-1.48029608,351.40,false,,
1790442376.978,marker,reconciled,0.00000000,0.00000000,0.00,false,,
1790442377.074,hud,speed,,,,,"0.0 / 0.0",0.000
1790442377.075,hud,heading,,,,,"0-¦ / 0-¦",0.000
1790442377.075,hud,drift,,,,,"0.00%",0.000
1790442377.075,hud,turns,,,,,"G£ù turns: 0/15",
1790442377.075,hud,calib_s,,,,,"G£ô Buffer 6s",
1790442377.075,marker,dr,52.47019016,-1.48029608,351.40,false,,
1790442377.076,marker,reconciled,0.00000000,0.00000000,0.00,false,,
1790442377.193,hud,speed,,,,,"0.0 / 0.0",0.000
1790442377.193,hud,heading,,,,,"0-¦ / 0-¦",0.000
1790442377.194,hud,drift,,,,,"0.00%",0.000
1790442377.194,hud,turns,,,,,"G£ù turns: 0/15",
1790442377.195,hud,calib_s,,,,,"G£ô Buffer 6s",
1790442377.195,marker,dr,52.47019016,-1.48029608,351.40,false,,
1790442377.195,marker,reconciled,0.00000000,0.00000000,0.00,false,,
1790442377.277,hud,speed,,,,,"0.0 / 0.0",0.000
1790442377.278,hud,heading,,,,,"0-¦ / 0-¦",0.000
1790442377.278,hud,drift,,,,,"0.00%",0.000
1790442377.279,hud,turns,,,,,"G£ù turns: 0/15",
1790442377.279,hud,calib_s,,,,,"G£ô Buffer 6s",
1790442377.279,marker,dr,52.47019016,-1.48029608,351.40,false,,
1790442377.279,marker,reconciled,0.00000000,0.00000000,0.00,false,,
1790442377.401,hud,speed,,,,,"0.0 / 0.0",0.000
1790442377.402,hud,heading,,,,,"0-¦ / 0-¦",0.000
1790442377.403,hud,drift,,,,,"0.00%",0.000
1790442377.403,hud,turns,,,,,"G£ù turns: 0/15",
1790442377.403,hud,calib_s,,,,,"G£ô Buffer 6s",
1790442377.403,marker,dr,52.47019016,-1.48029608,351.40,false,,
1790442377.404,marker,reconciled,0.00000000,0.00000000,0.00,false,,
1790442377.501,hud,speed,,,,,"0.0 / 0.0",0.000
1790442377.502,hud,heading,,,,,"0-¦ / 0-¦",0.000
1790442377.503,hud,drift,,,,,"0.00%",0.000
1790442377.503,hud,turns,,,,,"G£ù turns: 0/15",
1790442377.503,hud,calib_s,,,,,"G£ô Buffer 6s",
1790442377.504,marker,dr,52.47019016,-1.48029608,351.40,false,,
1790442377.504,marker,reconciled,0.00000000,0.00000000,0.00,false,,
1790442377.585,hud,speed,,,,,"0.0 / 0.0",0.000
1790442377.585,hud,heading,,,,,"0-¦ / 0-¦",0.000
1790442377.586,hud,drift,,,,,"0.00%",0.000
1790442377.587,hud,turns,,,,,"G£ù turns: 0/15",
1790442377.587,hud,calib_s,,,,,"G£ô Buffer 6s",
1790442377.588,marker,dr,52.47019016,-1.48029608,351.40,false,,
1790442377.588,marker,reconciled,0.00000000,0.00000000,0.00,false,,
1790442377.684,hud,speed,,,,,"0.0 / 0.0",0.000
1790442377.685,hud,heading,,,,,"0-¦ / 0-¦",0.000
1790442377.686,hud,drift,,,,,"0.00%",0.000
1790442377.686,hud,turns,,,,,"G£ù turns: 0/15",
1790442377.687,hud,calib_s,,,,,"G£ô Buffer 6s",
1790442377.687,marker,dr,52.47019016,-1.48029608,351.40,false,,
1790442377.688,marker,reconciled,0.00000000,0.00000000,0.00,false,,
1790442377.791,hud,speed,,,,,"0.0 / 0.0",0.000
1790442377.792,hud,heading,,,,,"0-¦ / 0-¦",0.000
1790442377.792,hud,drift,,,,,"0.00%",0.000
1790442377.792,hud,turns,,,,,"G£ù turns: 0/15",
1790442377.793,hud,calib_s,,,,,"G£ô Buffer 6s",
1790442377.793,marker,dr,52.47019016,-1.48029608,351.40,false,,
1790442377.793,marker,reconciled,0.00000000,0.00000000,0.00,false,,
1790442377.905,hud,speed,,,,,"0.0 / 0.0",0.000
1790442377.905,hud,heading,,,,,"0-¦ / 0-¦",0.000
1790442377.906,hud,drift,,,,,"0.00%",0.000
1790442377.906,hud,turns,,,,,"G£ù turns: 0/15",
1790442377.907,hud,calib_s,,,,,"G£ô Buffer 6s",
1790442377.907,marker,dr,52.47019016,-1.48029608,351.40,false,,
1790442377.907,marker,reconciled,0.00000000,0.00000000,0.00,false,,
1790442377.990,hud,speed,,,,,"0.0 / 0.0",0.000
1790442377.991,hud,heading,,,,,"0-¦ / 0-¦",0.000
1790442377.991,hud,drift,,,,,"0.00%",0.000
1790442377.991,hud,turns,,,,,"G£ù turns: 0/15",
1790442377.992,hud,calib_s,,,,,"G£ô Buffer 6s",
1790442377.992,marker,dr,52.47019016,-1.48029608,351.40,false,,
1790442377.992,marker,reconciled,0.00000000,0.00000000,0.00,false,,
1790442378.087,hud,speed,,,,,"0.0 / 0.0",0.000
1790442378.088,hud,heading,,,,,"0-¦ / 0-¦",0.000
1790442378.088,hud,drift,,,,,"0.00%",0.000
1790442378.089,hud,turns,,,,,"G£ù turns: 0/15",
1790442378.090,hud,calib_s,,,,,"G£ô Buffer 6s",
1790442378.090,marker,dr,52.47019016,-1.48029608,351.40,false,,
1790442378.091,marker,reconciled,0.00000000,0.00000000,0.00,false,,
1790442378.192,hud,speed,,,,,"0.0 / 0.0",0.000
1790442378.192,hud,heading,,,,,"0-¦ / 0-¦",0.000
1790442378.193,hud,drift,,,,,"0.00%",0.000
1790442378.193,hud,turns,,,,,"G£ù turns: 0/15",
1790442378.193,hud,calib_s,,,,,"G£ô Buffer 6s",
1790442378.193,marker,dr,52.47019016,-1.48029608,351.40,false,,
1790442378.194,marker,reconciled,0.00000000,0.00000000,0.00,false,,
1790442378.313,hud,speed,,,,,"0.0 / 0.0",0.000
1790442378.314,hud,heading,,,,,"0-¦ / 0-¦",0.000
1790442378.314,hud,drift,,,,,"0.00%",0.000
1790442378.315,hud,turns,,,,,"G£ù turns: 0/15",
1790442378.315,hud,calib_s,,,,,"G£ô Buffer 6s",
1790442378.315,marker,dr,52.47019016,-1.48029608,351.40,false,,
1790442378.315,marker,reconciled,0.00000000,0.00000000,0.00,false,,
1790442378.394,hud,speed,,,,,"0.0 / 0.0",0.000
1790442378.395,hud,heading,,,,,"0-¦ / 0-¦",0.000
1790442378.396,hud,drift,,,,,"0.00%",0.000
1790442378.396,hud,turns,,,,,"G£ù turns: 0/15",
1790442378.396,hud,calib_s,,,,,"G£ô Buffer 6s",
1790442378.397,marker,dr,52.47019016,-1.48029608,351.40,false,,
1790442378.397,marker,reconciled,0.00000000,0.00000000,0.00,false,,
1790442378.497,hud,speed,,,,,"0.0 / 0.0",0.000
1790442378.498,hud,heading,,,,,"0-¦ / 0-¦",0.000
1790442378.499,hud,drift,,,,,"0.00%",0.000
1790442378.499,hud,turns,,,,,"G£ù turns: 0/15",
1790442378.499,hud,calib_s,,,,,"G£ô Buffer 6s",
1790442378.500,marker,dr,52.47019016,-1.48029608,351.40,false,,
1790442378.500,marker,reconciled,0.00000000,0.00000000,0.00,false,,
1790442378.598,hud,speed,,,,,"0.0 / 0.0",0.000
1790442378.599,hud,heading,,,,,"0-¦ / 0-¦",0.000
1790442378.599,hud,drift,,,,,"0.00%",0.000
1790442378.599,hud,turns,,,,,"G£ù turns: 0/15",
1790442378.599,hud,calib_s,,,,,"G£ô Buffer 6s",
1790442378.599,marker,dr,52.47019016,-1.48029608,351.40,false,,
1790442378.599,marker,reconciled,0.00000000,0.00000000,0.00,false,,
1790442378.717,hud,speed,,,,,"0.0 / 0.0",0.000
1790442378.717,hud,heading,,,,,"0-¦ / 0-¦",0.000
1790442378.718,hud,drift,,,,,"0.00%",0.000
1790442378.718,hud,turns,,,,,"G£ù turns: 0/15",
1790442378.719,hud,calib_s,,,,,"G£ô Buffer 6s",
1790442378.719,marker,dr,52.47019016,-1.48029608,351.40,false,,
1790442378.719,marker,reconciled,0.00000000,0.00000000,0.00,false,,
1790442378.797,hud,speed,,,,,"0.0 / 0.0",0.000
1790442378.798,hud,heading,,,,,"0-¦ / 0-¦",0.000
1790442378.798,hud,drift,,,,,"0.00%",0.000
1790442378.799,hud,turns,,,,,"G£ù turns: 0/15",
1790442378.799,hud,calib_s,,,,,"G£ô Buffer 6s",
1790442378.799,marker,dr,52.47019016,-1.48029608,351.40,false,,
1790442378.800,marker,reconciled,0.00000000,0.00000000,0.00,false,,
1790442378.902,hud,speed,,,,,"0.0 / 0.0",0.000
1790442378.903,hud,heading,,,,,"0-¦ / 0-¦",0.000
1790442378.903,hud,drift,,,,,"0.00%",0.000
1790442378.903,hud,turns,,,,,"G£ù turns: 0/15",
1790442378.904,hud,calib_s,,,,,"G£ô Buffer 6s",
1790442378.904,marker,dr,52.47019016,-1.48029608,351.40,false,,
1790442378.904,marker,reconciled,0.00000000,0.00000000,0.00,false,,
1790442379.024,hud,speed,,,,,"0.0 / 0.0",0.000
1790442379.025,hud,heading,,,,,"0-¦ / 0-¦",0.000
1790442379.025,hud,drift,,,,,"0.00%",0.000
1790442379.026,hud,turns,,,,,"G£ù turns: 0/15",
1790442379.026,hud,calib_s,,,,,"G£ô Buffer 6s",
1790442379.026,marker,dr,52.47019016,-1.48029608,351.40,false,,
1790442379.027,marker,reconciled,0.00000000,0.00000000,0.00,false,,
1790442379.108,hud,speed,,,,,"0.0 / 0.0",0.000
1790442379.108,hud,heading,,,,,"0-¦ / 0-¦",0.000
1790442379.109,hud,drift,,,,,"0.00%",0.000
1790442379.109,hud,turns,,,,,"G£ù turns: 0/15",
1790442379.109,hud,calib_s,,,,,"G£ô Buffer 6s",
1790442379.110,marker,dr,52.47019016,-1.48029608,351.40,false,,
1790442379.110,marker,reconciled,0.00000000,0.00000000,0.00,false,,
1790442379.204,hud,speed,,,,,"0.0 / 0.0",0.000
1790442379.204,hud,heading,,,,,"0-¦ / 0-¦",0.000
1790442379.205,hud,drift,,,,,"0.00%",0.000
1790442379.205,hud,turns,,,,,"G£ù turns: 0/15",
1790442379.205,hud,calib_s,,,,,"G£ô Buffer 6s",
1790442379.205,marker,dr,52.47019016,-1.48029608,351.40,false,,
1790442379.206,marker,reconciled,0.00000000,0.00000000,0.00,false,,
1790442379.304,hud,speed,,,,,"0.0 / 0.0",0.000
1790442379.305,hud,heading,,,,,"0-¦ / 0-¦",0.000
1790442379.305,hud,drift,,,,,"0.00%",0.000
1790442379.305,hud,turns,,,,,"G£ù turns: 0/15",
1790442379.305,hud,calib_s,,,,,"G£ô Buffer 6s",
1790442379.305,marker,dr,52.47019016,-1.48029608,351.40,false,,
1790442379.306,marker,reconciled,0.00000000,0.00000000,0.00,false,,
1790442379.427,hud,speed,,,,,"0.0 / 0.0",0.000
1790442379.427,hud,heading,,,,,"0-¦ / 0-¦",0.000
1790442379.428,hud,drift,,,,,"0.00%",0.000
1790442379.428,hud,turns,,,,,"G£ù turns: 0/15",
1790442379.429,hud,calib_s,,,,,"G£ô Buffer 6s",
1790442379.429,marker,dr,52.47019016,-1.48029608,351.40,false,,
1790442379.429,marker,reconciled,0.00000000,0.00000000,0.00,false,,
1790442379.507,hud,speed,,,,,"0.0 / 0.0",0.000
1790442379.508,hud,heading,,,,,"0-¦ / 0-¦",0.000
1790442379.508,hud,drift,,,,,"0.00%",0.000
1790442379.508,hud,turns,,,,,"G£ù turns: 0/15",
1790442379.509,hud,calib_s,,,,,"G£ô Buffer 6s",
1790442379.509,marker,dr,52.47019016,-1.48029608,351.40,false,,
1790442379.509,marker,reconciled,0.00000000,0.00000000,0.00,false,,
1790442379.608,hud,speed,,,,,"0.0 / 0.0",0.000
1790442379.608,hud,heading,,,,,"0-¦ / 0-¦",0.000
1790442379.609,hud,drift,,,,,"0.00%",0.000
1790442379.609,hud,turns,,,,,"G£ù turns: 0/15",
1790442379.609,hud,calib_s,,,,,"G£ô Buffer 6s",
1790442379.609,marker,dr,52.47019016,-1.48029608,351.40,false,,
1790442379.609,marker,reconciled,0.00000000,0.00000000,0.00,false,,
1790442379.714,hud,speed,,,,,"0.0 / 0.0",0.000
1790442379.715,hud,heading,,,,,"0-¦ / 0-¦",0.000
1790442379.715,hud,drift,,,,,"0.00%",0.000
1790442379.716,hud,turns,,,,,"G£ù turns: 0/15",
1790442379.716,hud,calib_s,,,,,"G£ô Buffer 6s",
1790442379.716,marker,dr,52.47019016,-1.48029608,351.40,false,,
1790442379.717,marker,reconciled,0.00000000,0.00000000,0.00,false,,
1790442379.834,hud,speed,,,,,"0.0 / 0.0",0.000
1790442379.835,hud,heading,,,,,"0-¦ / 0-¦",0.000
1790442379.835,hud,drift,,,,,"0.00%",0.000
1790442379.836,hud,turns,,,,,"G£ù turns: 0/15",
1790442379.837,hud,calib_s,,,,,"G£ô Buffer 6s",
1790442379.837,marker,dr,52.47019016,-1.48029608,351.40,false,,
1790442379.838,marker,reconciled,0.00000000,0.00000000,0.00,false,,
1790442379.917,hud,speed,,,,,"0.0 / 0.0",0.000
1790442379.918,hud,heading,,,,,"0-¦ / 0-¦",0.000
1790442379.918,hud,drift,,,,,"0.00%",0.000
1790442379.919,hud,turns,,,,,"G£ù turns: 0/15",
1790442379.919,hud,calib_s,,,,,"G£ô Buffer 6s",
1790442379.919,marker,dr,52.47019016,-1.48029608,351.40,false,,
1790442379.920,marker,reconciled,0.00000000,0.00000000,0.00,false,,
1790442380.016,hud,speed,,,,,"0.0 / 0.0",0.000
1790442380.017,hud,heading,,,,,"0-¦ / 0-¦",0.000
1790442380.017,hud,drift,,,,,"0.00%",0.000
1790442380.018,hud,turns,,,,,"G£ù turns: 0/15",
1790442380.018,hud,calib_s,,,,,"G£ô Buffer 6s",
1790442380.018,marker,dr,52.47019016,-1.48029608,351.40,false,,
1790442380.019,marker,reconciled,0.00000000,0.00000000,0.00,false,,
1790442380.116,hud,speed,,,,,"0.0 / 0.0",0.000
1790442380.117,hud,heading,,,,,"0-¦ / 0-¦",0.000
1790442380.118,hud,drift,,,,,"0.00%",0.000
1790442380.118,hud,turns,,,,,"G£ù turns: 0/15",
1790442380.119,hud,calib_s,,,,,"G£ô Buffer 6s",
1790442380.119,marker,dr,52.47019016,-1.48029608,351.40,false,,
1790442380.119,marker,reconciled,0.00000000,0.00000000,0.00,false,,
1790442380.237,hud,speed,,,,,"0.0 / 0.0",0.000
1790442380.237,hud,heading,,,,,"0-¦ / 0-¦",0.000
1790442380.238,hud,drift,,,,,"0.00%",0.000
1790442380.239,hud,turns,,,,,"G£ù turns: 0/15",
1790442380.239,hud,calib_s,,,,,"G£ô Buffer 6s",
1790442380.239,marker,dr,52.47019016,-1.48029608,351.40,false,,
1790442380.240,marker,reconciled,0.00000000,0.00000000,0.00,false,,
1790442380.320,hud,speed,,,,,"0.0 / 0.0",0.000
1790442380.321,hud,heading,,,,,"0-¦ / 0-¦",0.000
1790442380.321,hud,drift,,,,,"0.00%",0.000
1790442380.321,hud,turns,,,,,"G£ù turns: 0/15",
1790442380.322,hud,calib_s,,,,,"G£ô Buffer 6s",
1790442380.322,marker,dr,52.47019016,-1.48029608,351.40,false,,
1790442380.322,marker,reconciled,0.00000000,0.00000000,0.00,false,,
1790442380.421,hud,speed,,,,,"0.0 / 0.0",0.000
1790442380.422,hud,heading,,,,,"0-¦ / 0-¦",0.000
1790442380.422,hud,drift,,,,,"0.00%",0.000
1790442380.422,hud,turns,,,,,"G£ù turns: 0/15",
1790442380.423,hud,calib_s,,,,,"G£ô Buffer 6s",
1790442380.423,marker,dr,52.47019016,-1.48029608,351.40,false,,
1790442380.423,marker,reconciled,0.00000000,0.00000000,0.00,false,,
1790442380.524,hud,speed,,,,,"0.0 / 0.0",0.000
1790442380.524,hud,heading,,,,,"0-¦ / 0-¦",0.000
1790442380.525,hud,drift,,,,,"0.00%",0.000
1790442380.525,hud,turns,,,,,"G£ù turns: 0/15",
1790442380.525,hud,calib_s,,,,,"G£ô Buffer 6s",
1790442380.525,marker,dr,52.47019016,-1.48029608,351.40,false,,
1790442380.526,marker,reconciled,0.00000000,0.00000000,0.00,false,,
1790442380.644,hud,speed,,,,,"0.0 / 0.0",0.000
1790442380.645,hud,heading,,,,,"0-¦ / 0-¦",0.000
1790442380.646,hud,drift,,,,,"0.00%",0.000
1790442380.646,hud,turns,,,,,"G£ù turns: 0/15",
1790442380.647,hud,calib_s,,,,,"G£ô Buffer 6s",
1790442380.647,marker,dr,52.47019016,-1.48029608,351.40,false,,
1790442380.648,marker,reconciled,0.00000000,0.00000000,0.00,false,,
1790442380.725,hud,speed,,,,,"0.0 / 0.0",0.000
1790442380.725,hud,heading,,,,,"0-¦ / 0-¦",0.000
1790442380.726,hud,drift,,,,,"0.00%",0.000
1790442380.727,hud,turns,,,,,"G£ù turns: 0/15",
1790442380.727,hud,calib_s,,,,,"G£ô Buffer 6s",
1790442380.727,marker,dr,52.47019016,-1.48029608,351.40,false,,
1790442380.728,marker,reconciled,0.00000000,0.00000000,0.00,false,,
1790442380.826,hud,speed,,,,,"0.0 / 0.0",0.000
1790442380.826,hud,heading,,,,,"0-¦ / 0-¦",0.000
1790442380.827,hud,drift,,,,,"0.00%",0.000
1790442380.827,hud,turns,,,,,"G£ù turns: 0/15",
1790442380.827,hud,calib_s,,,,,"G£ô Buffer 6s",
1790442380.827,marker,dr,52.47019016,-1.48029608,351.40,false,,
1790442380.828,marker,reconciled,0.00000000,0.00000000,0.00,false,,
1790442380.934,hud,speed,,,,,"0.0 / 0.0",0.000
1790442380.934,hud,heading,,,,,"0-¦ / 0-¦",0.000
1790442380.935,hud,drift,,,,,"0.00%",0.000
1790442380.935,hud,turns,,,,,"G£ù turns: 0/15",
1790442380.936,hud,calib_s,,,,,"G£ô Buffer 6s",
1790442380.936,marker,dr,52.47019016,-1.48029608,351.40,false,,
1790442380.936,marker,reconciled,0.00000000,0.00000000,0.00,false,,
1790442381.050,hud,speed,,,,,"0.0 / 0.0",0.000
1790442381.051,hud,heading,,,,,"0-¦ / 0-¦",0.000
1790442381.051,hud,drift,,,,,"0.00%",0.000
1790442381.051,hud,turns,,,,,"G£ù turns: 0/15",
1790442381.052,hud,calib_s,,,,,"G£ô Buffer 6s",
1790442381.052,marker,dr,52.47019016,-1.48029608,351.40,false,,
1790442381.053,marker,reconciled,0.00000000,0.00000000,0.00,false,,
1790442381.128,hud,speed,,,,,"0.0 / 0.0",0.000
1790442381.128,hud,heading,,,,,"0-¦ / 0-¦",0.000
1790442381.129,hud,drift,,,,,"0.00%",0.000
1790442381.129,hud,turns,,,,,"G£ù turns: 0/15",
1790442381.129,hud,calib_s,,,,,"G£ô Buffer 6s",
1790442381.129,marker,dr,52.47019016,-1.48029608,351.40,false,,
1790442381.129,marker,reconciled,0.00000000,0.00000000,0.00,false,,
1790442381.232,hud,speed,,,,,"0.0 / 0.0",0.000
1790442381.232,hud,heading,,,,,"0-¦ / 0-¦",0.000
1790442381.233,hud,drift,,,,,"0.00%",0.000
1790442381.233,hud,turns,,,,,"G£ù turns: 0/15",
1790442381.233,hud,calib_s,,,,,"G£ô Buffer 6s",
1790442381.233,marker,dr,52.47019016,-1.48029608,351.40,false,,
1790442381.233,marker,reconciled,0.00000000,0.00000000,0.00,false,,
1790442381.353,hud,speed,,,,,"0.0 / 0.0",0.000
1790442381.354,hud,heading,,,,,"0-¦ / 0-¦",0.000
1790442381.354,hud,drift,,,,,"0.00%",0.000
1790442381.354,hud,turns,,,,,"G£ù turns: 0/15",
1790442381.355,hud,calib_s,,,,,"G£ô Buffer 6s",
1790442381.355,marker,dr,52.47019016,-1.48029608,351.40,false,,
1790442381.355,marker,reconciled,0.00000000,0.00000000,0.00,false,,
1790442381.434,hud,speed,,,,,"0.0 / 0.0",0.000
1790442381.435,hud,heading,,,,,"0-¦ / 0-¦",0.000
1790442381.436,hud,drift,,,,,"0.00%",0.000
1790442381.436,hud,turns,,,,,"G£ù turns: 0/15",
1790442381.436,hud,calib_s,,,,,"G£ô Buffer 6s",
1790442381.437,marker,dr,52.47019016,-1.48029608,351.40,false,,
1790442381.437,marker,reconciled,0.00000000,0.00000000,0.00,false,,
1790442381.535,hud,speed,,,,,"0.0 / 0.0",0.000
1790442381.536,hud,heading,,,,,"0-¦ / 0-¦",0.000
1790442381.536,hud,drift,,,,,"0.00%",0.000
1790442381.537,hud,turns,,,,,"G£ù turns: 0/15",
1790442381.537,hud,calib_s,,,,,"G£ô Buffer 6s",
1790442381.537,marker,dr,52.47019016,-1.48029608,351.40,false,,
1790442381.537,marker,reconciled,0.00000000,0.00000000,0.00,false,,
1790442381.640,hud,speed,,,,,"0.0 / 0.0",0.000
1790442381.641,hud,heading,,,,,"0-¦ / 0-¦",0.000
1790442381.641,hud,drift,,,,,"0.00%",0.000
1790442381.641,hud,turns,,,,,"G£ù turns: 0/15",
1790442381.642,hud,calib_s,,,,,"G£ô Buffer 6s",
1790442381.642,marker,dr,52.47019016,-1.48029608,351.40,false,,
1790442381.643,marker,reconciled,0.00000000,0.00000000,0.00,false,,
1790442381.760,hud,speed,,,,,"0.0 / 0.0",0.000
1790442381.761,hud,heading,,,,,"0-¦ / 0-¦",0.000
1790442381.762,hud,drift,,,,,"0.00%",0.000
1790442381.762,hud,turns,,,,,"G£ù turns: 0/15",
1790442381.763,hud,calib_s,,,,,"G£ô Buffer 6s",
1790442381.763,marker,dr,52.47019016,-1.48029608,351.40,false,,
1790442381.763,marker,reconciled,0.00000000,0.00000000,0.00,false,,
1790442381.841,hud,speed,,,,,"0.0 / 0.0",0.000
1790442381.841,hud,heading,,,,,"0-¦ / 0-¦",0.000
1790442381.842,hud,drift,,,,,"0.00%",0.000
1790442381.843,hud,turns,,,,,"G£ù turns: 0/15",
1790442381.843,hud,calib_s,,,,,"G£ô Buffer 6s",
1790442381.844,marker,dr,52.47019016,-1.48029608,351.40,false,,
1790442381.844,marker,reconciled,0.00000000,0.00000000,0.00,false,,
1790442381.940,hud,speed,,,,,"0.0 / 0.0",0.000
1790442381.940,hud,heading,,,,,"0-¦ / 0-¦",0.000
1790442381.940,hud,drift,,,,,"0.00%",0.000
1790442381.941,hud,turns,,,,,"G£ù turns: 0/15",
1790442381.941,hud,calib_s,,,,,"G£ô Buffer 6s",
1790442381.942,marker,dr,52.47019016,-1.48029608,351.40,false,,
1790442381.943,marker,reconciled,0.00000000,0.00000000,0.00,false,,
1790442382.045,hud,speed,,,,,"0.0 / 0.0",0.000
1790442382.046,hud,heading,,,,,"0-¦ / 0-¦",0.000
1790442382.046,hud,drift,,,,,"0.00%",0.000
1790442382.047,hud,turns,,,,,"G£ù turns: 0/15",
1790442382.047,hud,calib_s,,,,,"G£ô Buffer 6s",
1790442382.048,marker,dr,52.47019016,-1.48029608,351.40,false,,
1790442382.048,marker,reconciled,0.00000000,0.00000000,0.00,false,,
1790442382.167,hud,speed,,,,,"0.0 / 0.0",0.000
1790442382.168,hud,heading,,,,,"0-¦ / 0-¦",0.000
1790442382.168,hud,drift,,,,,"0.00%",0.000
1790442382.168,hud,turns,,,,,"G£ù turns: 0/15",
1790442382.169,hud,calib_s,,,,,"G£ô Buffer 6s",
1790442382.169,marker,dr,52.47019016,-1.48029608,351.40,false,,
1790442382.169,marker,reconciled,0.00000000,0.00000000,0.00,false,,
1790442382.250,hud,speed,,,,,"0.0 / 0.0",0.000
1790442382.251,hud,heading,,,,,"0-¦ / 0-¦",0.000
1790442382.252,hud,drift,,,,,"0.00%",0.000
1790442382.252,hud,turns,,,,,"G£ù turns: 0/15",
1790442382.253,hud,calib_s,,,,,"G£ô Buffer 6s",
1790442382.253,marker,dr,52.47019016,-1.48029608,351.40,false,,
1790442382.254,marker,reconciled,0.00000000,0.00000000,0.00,false,,
1790442382.349,hud,speed,,,,,"0.0 / 0.0",0.000
1790442382.349,hud,heading,,,,,"0-¦ / 0-¦",0.000
1790442382.350,hud,drift,,,,,"0.00%",0.000
1790442382.350,hud,turns,,,,,"G£ù turns: 0/15",
1790442382.351,hud,calib_s,,,,,"G£ô Buffer 6s",
1790442382.351,marker,dr,52.47019016,-1.48029608,351.40,false,,
1790442382.352,marker,reconciled,0.00000000,0.00000000,0.00,false,,
1790442382.449,hud,speed,,,,,"0.0 / 0.0",0.000
1790442382.450,hud,heading,,,,,"0-¦ / 0-¦",0.000
1790442382.451,hud,drift,,,,,"0.00%",0.000
1790442382.451,hud,turns,,,,,"G£ù turns: 0/15",
1790442382.451,hud,calib_s,,,,,"G£ô Buffer 6s",
1790442382.452,marker,dr,52.47019016,-1.48029608,351.40,false,,
1790442382.452,marker,reconciled,0.00000000,0.00000000,0.00,false,,
1790442382.570,hud,speed,,,,,"0.0 / 0.0",0.000
1790442382.571,hud,heading,,,,,"0-¦ / 0-¦",0.000
1790442382.571,hud,drift,,,,,"0.00%",0.000
1790442382.571,hud,turns,,,,,"G£ù turns: 0/15",
1790442382.572,hud,calib_s,,,,,"G£ô Buffer 6s",
1790442382.572,marker,dr,52.47019016,-1.48029608,351.40,false,,
1790442382.572,marker,reconciled,0.00000000,0.00000000,0.00,false,,
1790442382.651,hud,speed,,,,,"0.0 / 0.0",0.000
1790442382.652,hud,heading,,,,,"0-¦ / 0-¦",0.000
1790442382.652,hud,drift,,,,,"0.00%",0.000
1790442382.652,hud,turns,,,,,"G£ù turns: 0/15",
1790442382.653,hud,calib_s,,,,,"G£ô Buffer 6s",
1790442382.653,marker,dr,52.47019016,-1.48029608,351.40,false,,
1790442382.653,marker,reconciled,0.00000000,0.00000000,0.00,false,,
1790442382.752,hud,speed,,,,,"0.0 / 0.0",0.000
1790442382.752,hud,heading,,,,,"0-¦ / 0-¦",0.000
1790442382.753,hud,drift,,,,,"0.00%",0.000
1790442382.753,hud,turns,,,,,"G£ù turns: 0/15",
1790442382.753,hud,calib_s,,,,,"G£ô Buffer 6s",
1790442382.753,marker,dr,52.47019016,-1.48029608,351.40,false,,
1790442382.753,marker,reconciled,0.00000000,0.00000000,0.00,false,,
1790442382.853,hud,speed,,,,,"0.0 / 0.0",0.000
1790442382.854,hud,heading,,,,,"0-¦ / 0-¦",0.000
1790442382.854,hud,drift,,,,,"0.00%",0.000
1790442382.855,hud,turns,,,,,"G£ù turns: 0/15",
1790442382.855,hud,calib_s,,,,,"G£ô Buffer 6s",
1790442382.856,marker,dr,52.47019016,-1.48029608,351.40,false,,
1790442382.856,marker,reconciled,0.00000000,0.00000000,0.00,false,,
1790442382.976,hud,speed,,,,,"0.0 / 0.0",0.000
1790442382.977,hud,heading,,,,,"0-¦ / 0-¦",0.000
1790442382.977,hud,drift,,,,,"0.00%",0.000
1790442382.978,hud,turns,,,,,"G£ù turns: 0/15",
1790442382.978,hud,calib_s,,,,,"G£ô Buffer 6s",
1790442382.978,marker,dr,52.47019016,-1.48029608,351.40,false,,
1790442382.979,marker,reconciled,0.00000000,0.00000000,0.00,false,,
1790442383.059,hud,speed,,,,,"0.0 / 0.0",0.000
1790442383.060,hud,heading,,,,,"0-¦ / 0-¦",0.000
1790442383.060,hud,drift,,,,,"0.00%",0.000
1790442383.060,hud,turns,,,,,"G£ù turns: 0/15",
1790442383.061,hud,calib_s,,,,,"G£ô Buffer 6s",
1790442383.061,marker,dr,52.47019016,-1.48029608,351.40,false,,
1790442383.061,marker,reconciled,0.00000000,0.00000000,0.00,false,,
1790442383.158,hud,speed,,,,,"0.0 / 0.0",0.000
1790442383.159,hud,heading,,,,,"0-¦ / 0-¦",0.000
1790442383.159,hud,drift,,,,,"0.00%",0.000
1790442383.159,hud,turns,,,,,"G£ù turns: 0/15",
1790442383.160,hud,calib_s,,,,,"G£ô Buffer 6s",
1790442383.160,marker,dr,52.47019016,-1.48029608,351.40,false,,
1790442383.160,marker,reconciled,0.00000000,0.00000000,0.00,false,,
1790442383.278,hud,speed,,,,,"0.0 / 0.0",0.000
1790442383.278,hud,heading,,,,,"0-¦ / 0-¦",0.000
1790442383.278,hud,drift,,,,,"0.00%",0.000
1790442383.279,hud,turns,,,,,"G£ù turns: 0/15",
1790442383.279,hud,calib_s,,,,,"G£ô Buffer 6s",
1790442383.279,marker,dr,52.47019016,-1.48029608,351.40,false,,
1790442383.279,marker,reconciled,0.00000000,0.00000000,0.00,false,,
1790442383.360,hud,speed,,,,,"0.0 / 0.0",0.000
1790442383.361,hud,heading,,,,,"0-¦ / 0-¦",0.000
1790442383.361,hud,drift,,,,,"0.00%",0.000
1790442383.361,hud,turns,,,,,"G£ù turns: 0/15",
1790442383.361,hud,calib_s,,,,,"G£ô Buffer 6s",
1790442383.361,marker,dr,52.47019016,-1.48029608,351.40,false,,
1790442383.362,marker,reconciled,0.00000000,0.00000000,0.00,false,,
1790442383.461,hud,speed,,,,,"0.0 / 0.0",0.000
1790442383.462,hud,heading,,,,,"0-¦ / 0-¦",0.000
1790442383.463,hud,drift,,,,,"0.00%",0.000
1790442383.463,hud,turns,,,,,"G£ù turns: 0/15",
1790442383.464,hud,calib_s,,,,,"G£ô Buffer 6s",
1790442383.464,marker,dr,52.47019016,-1.48029608,351.40,false,,
1790442383.464,marker,reconciled,0.00000000,0.00000000,0.00,false,,
1790442383.563,hud,speed,,,,,"0.0 / 0.0",0.000
1790442383.564,hud,heading,,,,,"0-¦ / 0-¦",0.000
1790442383.564,hud,drift,,,,,"0.00%",0.000
1790442383.564,hud,turns,,,,,"G£ù turns: 0/15",
1790442383.565,hud,calib_s,,,,,"G£ô Buffer 6s",
1790442383.565,marker,dr,52.47019016,-1.48029608,351.40,false,,
1790442383.566,marker,reconciled,0.00000000,0.00000000,0.00,false,,
1790442383.682,hud,speed,,,,,"0.0 / 0.0",0.000
1790442383.682,hud,heading,,,,,"0-¦ / 0-¦",0.000
1790442383.683,hud,drift,,,,,"0.00%",0.000
1790442383.683,hud,turns,,,,,"G£ù turns: 0/15",
1790442383.683,hud,calib_s,,,,,"G£ô Buffer 6s",
1790442383.684,marker,dr,52.47019016,-1.48029608,351.40,false,,
1790442383.684,marker,reconciled,0.00000000,0.00000000,0.00,false,,
1790442383.770,hud,speed,,,,,"0.0 / 0.0",0.000
1790442383.771,hud,heading,,,,,"0-¦ / 0-¦",0.000
1790442383.772,hud,drift,,,,,"0.00%",0.000
1790442383.772,hud,turns,,,,,"G£ù turns: 0/15",
1790442383.772,hud,calib_s,,,,,"G£ô Buffer 6s",
1790442383.772,marker,dr,52.47019016,-1.48029608,351.40,false,,
1790442383.773,marker,reconciled,0.00000000,0.00000000,0.00,false,,
1790442383.867,hud,speed,,,,,"0.0 / 0.0",0.000
1790442383.868,hud,heading,,,,,"0-¦ / 0-¦",0.000
1790442383.868,hud,drift,,,,,"0.00%",0.000
1790442383.868,hud,turns,,,,,"G£ù turns: 0/15",
1790442383.868,hud,calib_s,,,,,"G£ô Buffer 6s",
1790442383.869,marker,dr,52.47019016,-1.48029608,351.40,false,,
1790442383.869,marker,reconciled,0.00000000,0.00000000,0.00,false,,
1790442383.967,hud,speed,,,,,"0.0 / 0.0",0.000
1790442383.968,hud,heading,,,,,"0-¦ / 0-¦",0.000
1790442383.968,hud,drift,,,,,"0.00%",0.000
1790442383.969,hud,turns,,,,,"G£ù turns: 0/15",
1790442383.969,hud,calib_s,,,,,"G£ô Buffer 6s",
1790442383.969,marker,dr,52.47019016,-1.48029608,351.40,false,,
1790442383.969,marker,reconciled,0.00000000,0.00000000,0.00,false,,
1790442384.088,hud,speed,,,,,"0.0 / 0.0",0.000
1790442384.089,hud,heading,,,,,"0-¦ / 0-¦",0.000
1790442384.090,hud,drift,,,,,"0.00%",0.000
1790442384.090,hud,turns,,,,,"G£ù turns: 0/15",
1790442384.091,hud,calib_s,,,,,"G£ô Buffer 6s",
1790442384.092,marker,dr,52.47019016,-1.48029608,351.40,false,,
1790442384.092,marker,reconciled,0.00000000,0.00000000,0.00,false,,
1790442384.179,hud,speed,,,,,"0.0 / 0.0",0.000
1790442384.179,hud,heading,,,,,"0-¦ / 0-¦",0.000
1790442384.180,hud,drift,,,,,"0.00%",0.000
1790442384.180,hud,turns,,,,,"G£ù turns: 0/15",
1790442384.180,hud,calib_s,,,,,"G£ô Buffer 6s",
1790442384.181,marker,dr,52.47019016,-1.48029608,351.40,false,,
1790442384.181,marker,reconciled,0.00000000,0.00000000,0.00,false,,
1790442384.274,hud,speed,,,,,"0.0 / 0.0",0.000
1790442384.274,hud,heading,,,,,"0-¦ / 0-¦",0.000
1790442384.275,hud,drift,,,,,"0.00%",0.000
1790442384.275,hud,turns,,,,,"G£ù turns: 0/15",
1790442384.275,hud,calib_s,,,,,"G£ô Buffer 6s",
1790442384.275,marker,dr,52.47019016,-1.48029608,351.40,false,,
1790442384.275,marker,reconciled,0.00000000,0.00000000,0.00,false,,
1790442384.374,hud,speed,,,,,"0.0 / 0.0",0.000
1790442384.374,hud,heading,,,,,"0-¦ / 0-¦",0.000
1790442384.375,hud,drift,,,,,"0.00%",0.000
1790442384.375,hud,turns,,,,,"G£ù turns: 0/15",
1790442384.375,hud,calib_s,,,,,"G£ô Buffer 6s",
1790442384.376,marker,dr,52.47019016,-1.48029608,351.40,false,,
1790442384.376,marker,reconciled,0.00000000,0.00000000,0.00,false,,
1790442384.493,hud,speed,,,,,"0.0 / 0.0",0.000
1790442384.494,hud,heading,,,,,"0-¦ / 0-¦",0.000
1790442384.495,hud,drift,,,,,"0.00%",0.000
1790442384.495,hud,turns,,,,,"G£ù turns: 0/15",
1790442384.496,hud,calib_s,,,,,"G£ô Buffer 6s",
1790442384.496,marker,dr,52.47019016,-1.48029608,351.40,false,,
1790442384.497,marker,reconciled,0.00000000,0.00000000,0.00,false,,
1790442384.582,hud,speed,,,,,"0.0 / 0.0",0.000
1790442384.583,hud,heading,,,,,"0-¦ / 0-¦",0.000
1790442384.583,hud,drift,,,,,"0.00%",0.000
1790442384.584,hud,turns,,,,,"G£ù turns: 0/15",
1790442384.584,hud,calib_s,,,,,"G£ô Buffer 6s",
1790442384.584,marker,dr,52.47019016,-1.48029608,351.40,false,,
1790442384.585,marker,reconciled,0.00000000,0.00000000,0.00,false,,
1790442384.679,hud,speed,,,,,"0.0 / 0.0",0.000
1790442384.679,hud,heading,,,,,"0-¦ / 0-¦",0.000
1790442384.680,hud,drift,,,,,"0.00%",0.000
1790442384.680,hud,turns,,,,,"G£ù turns: 0/15",
1790442384.680,hud,calib_s,,,,,"G£ô Buffer 6s",
1790442384.680,marker,dr,52.47019016,-1.48029608,351.40,false,,
1790442384.681,marker,reconciled,0.00000000,0.00000000,0.00,false,,
1790442384.783,hud,speed,,,,,"0.0 / 0.0",0.000
1790442384.784,hud,heading,,,,,"0-¦ / 0-¦",0.000
1790442384.784,hud,drift,,,,,"0.00%",0.000
1790442384.785,hud,turns,,,,,"G£ù turns: 0/15",
1790442384.785,hud,calib_s,,,,,"G£ô Buffer 6s",
1790442384.785,marker,dr,52.47019016,-1.48029608,351.40,false,,
1790442384.786,marker,reconciled,0.00000000,0.00000000,0.00,false,,
1790442384.899,hud,speed,,,,,"0.0 / 0.0",0.000
1790442384.900,hud,heading,,,,,"0-¦ / 0-¦",0.000
1790442384.900,hud,drift,,,,,"0.00%",0.000
1790442384.900,hud,turns,,,,,"G£ù turns: 0/15",
1790442384.901,hud,calib_s,,,,,"G£ô Buffer 6s",
1790442384.901,marker,dr,52.47019016,-1.48029608,351.40,false,,
1790442384.902,marker,reconciled,0.00000000,0.00000000,0.00,false,,
1790442384.983,hud,speed,,,,,"0.0 / 0.0",0.000
1790442384.983,hud,heading,,,,,"0-¦ / 0-¦",0.000
1790442384.984,hud,drift,,,,,"0.00%",0.000
1790442384.984,hud,turns,,,,,"G£ù turns: 0/15",
1790442384.984,hud,calib_s,,,,,"G£ô Buffer 6s",
1790442384.985,marker,dr,52.47019016,-1.48029608,351.40,false,,
1790442384.985,marker,reconciled,0.00000000,0.00000000,0.00,false,,
1790442385.085,hud,speed,,,,,"0.0 / 0.0",0.000
1790442385.085,hud,heading,,,,,"0-¦ / 0-¦",0.000
1790442385.086,hud,drift,,,,,"0.00%",0.000
1790442385.086,hud,turns,,,,,"G£ù turns: 0/15",
1790442385.087,hud,calib_s,,,,,"G£ô Buffer 6s",
1790442385.087,marker,dr,52.47019016,-1.48029608,351.40,false,,
1790442385.087,marker,reconciled,0.00000000,0.00000000,0.00,false,,
1790442385.205,hud,speed,,,,,"0.0 / 0.0",0.000
1790442385.205,hud,heading,,,,,"0-¦ / 0-¦",0.000
1790442385.206,hud,drift,,,,,"0.00%",0.000
1790442385.207,hud,turns,,,,,"G£ù turns: 0/15",
1790442385.207,hud,calib_s,,,,,"G£ô Buffer 6s",
1790442385.207,marker,dr,52.47019016,-1.48029608,351.40,false,,
1790442385.208,marker,reconciled,0.00000000,0.00000000,0.00,false,,
1790442385.285,hud,speed,,,,,"0.0 / 0.0",0.000
1790442385.286,hud,heading,,,,,"0-¦ / 0-¦",0.000
1790442385.286,hud,drift,,,,,"0.00%",0.000
1790442385.286,hud,turns,,,,,"G£ù turns: 0/15",
1790442385.287,hud,calib_s,,,,,"G£ô Buffer 6s",
1790442385.287,marker,dr,52.47019016,-1.48029608,351.40,false,,
1790442385.287,marker,reconciled,0.00000000,0.00000000,0.00,false,,
1790442385.394,hud,speed,,,,,"0.0 / 0.0",0.000
1790442385.394,hud,heading,,,,,"0-¦ / 0-¦",0.000
1790442385.394,hud,drift,,,,,"0.00%",0.000
1790442385.395,hud,turns,,,,,"G£ù turns: 0/15",
1790442385.395,hud,calib_s,,,,,"G£ô Buffer 6s",
1790442385.395,marker,dr,52.47019016,-1.48029608,351.40,false,,
1790442385.396,marker,reconciled,0.00000000,0.00000000,0.00,false,,
1790442385.489,hud,speed,,,,,"0.0 / 0.0",0.000
1790442385.489,hud,heading,,,,,"0-¦ / 0-¦",0.000
1790442385.490,hud,drift,,,,,"0.00%",0.000
1790442385.490,hud,turns,,,,,"G£ù turns: 0/15",
1790442385.490,hud,calib_s,,,,,"G£ô Buffer 6s",
1790442385.491,marker,dr,52.47019016,-1.48029608,351.40,false,,
1790442385.491,marker,reconciled,0.00000000,0.00000000,0.00,false,,
1790442385.610,hud,speed,,,,,"0.0 / 0.0",0.000
1790442385.610,hud,heading,,,,,"0-¦ / 0-¦",0.000
1790442385.611,hud,drift,,,,,"0.00%",0.000
1790442385.611,hud,turns,,,,,"G£ù turns: 0/15",
1790442385.611,hud,calib_s,,,,,"G£ô Buffer 6s",
1790442385.611,marker,dr,52.47019016,-1.48029608,351.40,false,,
1790442385.612,marker,reconciled,0.00000000,0.00000000,0.00,false,,
1790442385.690,hud,speed,,,,,"0.0 / 0.0",0.000
1790442385.691,hud,heading,,,,,"0-¦ / 0-¦",0.000
1790442385.691,hud,drift,,,,,"0.00%",0.000
1790442385.691,hud,turns,,,,,"G£ù turns: 0/15",
1790442385.692,hud,calib_s,,,,,"G£ô Buffer 6s",
1790442385.692,marker,dr,52.47019016,-1.48029608,351.40,false,,
1790442385.692,marker,reconciled,0.00000000,0.00000000,0.00,false,,
1790442385.800,hud,speed,,,,,"0.0 / 0.0",0.000
1790442385.801,hud,heading,,,,,"0-¦ / 0-¦",0.000
1790442385.801,hud,drift,,,,,"0.00%",0.000
1790442385.802,hud,turns,,,,,"G£ù turns: 0/15",
1790442385.802,hud,calib_s,,,,,"G£ô Buffer 6s",
1790442385.803,marker,dr,52.47019016,-1.48029608,351.40,false,,
1790442385.803,marker,reconciled,0.00000000,0.00000000,0.00,false,,
1790442385.900,hud,speed,,,,,"0.0 / 0.0",0.000
1790442385.901,hud,heading,,,,,"0-¦ / 0-¦",0.000
1790442385.901,hud,drift,,,,,"0.00%",0.000
1790442385.902,hud,turns,,,,,"G£ù turns: 0/15",
1790442385.902,hud,calib_s,,,,,"G£ô Buffer 6s",
1790442385.902,marker,dr,52.47019016,-1.48029608,351.40,false,,
1790442385.903,marker,reconciled,0.00000000,0.00000000,0.00,false,,
1790442386.013,hud,speed,,,,,"0.0 / 0.0",0.000
1790442386.014,hud,heading,,,,,"0-¦ / 0-¦",0.000
1790442386.015,hud,drift,,,,,"0.00%",0.000
1790442386.015,hud,turns,,,,,"G£ù turns: 0/15",
1790442386.015,hud,calib_s,,,,,"G£ô Buffer 6s",
1790442386.015,marker,dr,52.47019016,-1.48029608,351.40,false,,
1790442386.016,marker,reconciled,0.00000000,0.00000000,0.00,false,,
1790442386.095,hud,speed,,,,,"0.0 / 0.0",0.000
1790442386.096,hud,heading,,,,,"0-¦ / 0-¦",0.000
1790442386.096,hud,drift,,,,,"0.00%",0.000
1790442386.097,hud,turns,,,,,"G£ù turns: 0/15",
1790442386.097,hud,calib_s,,,,,"G£ô Buffer 6s",
1790442386.097,marker,dr,52.47019016,-1.48029608,351.40,false,,
1790442386.098,marker,reconciled,0.00000000,0.00000000,0.00,false,,
1790442386.205,hud,speed,,,,,"0.0 / 0.0",0.000
1790442386.205,hud,heading,,,,,"0-¦ / 0-¦",0.000
1790442386.206,hud,drift,,,,,"0.00%",0.000
1790442386.206,hud,turns,,,,,"G£ù turns: 0/15",
1790442386.207,hud,calib_s,,,,,"G£ô Buffer 6s",
1790442386.207,marker,dr,52.47019016,-1.48029608,351.40,false,,
1790442386.207,marker,reconciled,0.00000000,0.00000000,0.00,false,,
1790442386.298,hud,speed,,,,,"0.0 / 0.0",0.000
1790442386.298,hud,heading,,,,,"0-¦ / 0-¦",0.000
1790442386.299,hud,drift,,,,,"0.00%",0.000
1790442386.299,hud,turns,,,,,"G£ù turns: 0/15",
1790442386.299,hud,calib_s,,,,,"G£ô Buffer 6s",
1790442386.300,marker,dr,52.47019016,-1.48029608,351.40,false,,
1790442386.300,marker,reconciled,0.00000000,0.00000000,0.00,false,,
1790442386.422,hud,speed,,,,,"0.0 / 0.0",0.000
1790442386.423,hud,heading,,,,,"0-¦ / 0-¦",0.000
1790442386.424,hud,drift,,,,,"0.00%",0.000
1790442386.424,hud,turns,,,,,"G£ù turns: 0/15",
1790442386.425,hud,calib_s,,,,,"G£ô Buffer 6s",
1790442386.425,marker,dr,52.47019016,-1.48029608,351.40,false,,
1790442386.425,marker,reconciled,0.00000000,0.00000000,0.00,false,,
1790442386.501,hud,speed,,,,,"0.0 / 0.0",0.000
1790442386.501,hud,heading,,,,,"0-¦ / 0-¦",0.000
1790442386.502,hud,drift,,,,,"0.00%",0.000
1790442386.502,hud,turns,,,,,"G£ù turns: 0/15",
1790442386.503,hud,calib_s,,,,,"G£ô Buffer 6s",
1790442386.503,marker,dr,52.47019016,-1.48029608,351.40,false,,
1790442386.503,marker,reconciled,0.00000000,0.00000000,0.00,false,,
1790442386.611,hud,speed,,,,,"0.0 / 0.0",0.000
1790442386.612,hud,heading,,,,,"0-¦ / 0-¦",0.000
1790442386.612,hud,drift,,,,,"0.00%",0.000
1790442386.613,hud,turns,,,,,"G£ù turns: 0/15",
1790442386.613,hud,calib_s,,,,,"G£ô Buffer 6s",
1790442386.613,marker,dr,52.47019016,-1.48029608,351.40,false,,
1790442386.614,marker,reconciled,0.00000000,0.00000000,0.00,false,,
1790442386.705,hud,speed,,,,,"0.0 / 0.0",0.000
1790442386.705,hud,heading,,,,,"0-¦ / 0-¦",0.000
1790442386.706,hud,drift,,,,,"0.00%",0.000
1790442386.706,hud,turns,,,,,"G£ù turns: 0/15",
1790442386.706,hud,calib_s,,,,,"G£ô Buffer 6s",
1790442386.706,marker,dr,52.47019016,-1.48029608,351.40,false,,
1790442386.707,marker,reconciled,0.00000000,0.00000000,0.00,false,,
1790442386.825,hud,speed,,,,,"0.0 / 0.0",0.000
1790442386.825,hud,heading,,,,,"0-¦ / 0-¦",0.000
1790442386.826,hud,drift,,,,,"0.00%",0.000
1790442386.827,hud,turns,,,,,"G£ù turns: 0/15",
1790442386.827,hud,calib_s,,,,,"G£ô Buffer 6s",
1790442386.828,marker,dr,52.47019016,-1.48029608,351.40,false,,
1790442386.828,marker,reconciled,0.00000000,0.00000000,0.00,false,,
1790442386.907,hud,speed,,,,,"0.0 / 0.0",0.000
1790442386.908,hud,heading,,,,,"0-¦ / 0-¦",0.000
1790442386.908,hud,drift,,,,,"0.00%",0.000
1790442386.908,hud,turns,,,,,"G£ù turns: 0/15",
1790442386.908,hud,calib_s,,,,,"G£ô Buffer 6s",
1790442386.908,marker,dr,52.47019016,-1.48029608,351.40,false,,
1790442386.909,marker,reconciled,0.00000000,0.00000000,0.00,false,,
1790442387.014,hud,speed,,,,,"0.0 / 0.0",0.000
1790442387.015,hud,heading,,,,,"0-¦ / 0-¦",0.000
1790442387.015,hud,drift,,,,,"0.00%",0.000
1790442387.016,hud,turns,,,,,"G£ù turns: 0/15",
1790442387.016,hud,calib_s,,,,,"G£ô Buffer 6s",
1790442387.016,marker,dr,52.47019016,-1.48029608,351.40,false,,
1790442387.016,marker,reconciled,0.00000000,0.00000000,0.00,false,,
1790442387.115,hud,speed,,,,,"0.0 / 0.0",0.000
1790442387.116,hud,heading,,,,,"0-¦ / 0-¦",0.000
1790442387.116,hud,drift,,,,,"0.00%",0.000
1790442387.117,hud,turns,,,,,"G£ù turns: 0/15",
1790442387.117,hud,calib_s,,,,,"G£ô Buffer 6s",
1790442387.117,marker,dr,52.47019016,-1.48029608,351.40,false,,
1790442387.118,marker,reconciled,0.00000000,0.00000000,0.00,false,,
1790442387.232,hud,speed,,,,,"0.0 / 0.0",0.000
1790442387.233,hud,heading,,,,,"0-¦ / 0-¦",0.000
1790442387.233,hud,drift,,,,,"0.00%",0.000
1790442387.233,hud,turns,,,,,"G£ù turns: 0/15",
1790442387.234,hud,calib_s,,,,,"G£ô Buffer 6s",
1790442387.234,marker,dr,52.47019016,-1.48029608,351.40,false,,
1790442387.235,marker,reconciled,0.00000000,0.00000000,0.00,false,,
1790442387.314,hud,speed,,,,,"0.0 / 0.0",0.000
1790442387.315,hud,heading,,,,,"0-¦ / 0-¦",0.000
1790442387.315,hud,drift,,,,,"0.00%",0.000
1790442387.315,hud,turns,,,,,"G£ù turns: 0/15",
1790442387.315,hud,calib_s,,,,,"G£ô Buffer 6s",
1790442387.316,marker,dr,52.47019016,-1.48029608,351.40,false,,
1790442387.316,marker,reconciled,0.00000000,0.00000000,0.00,false,,
1790442387.417,hud,speed,,,,,"0.0 / 0.0",0.000
1790442387.418,hud,heading,,,,,"0-¦ / 0-¦",0.000
1790442387.418,hud,drift,,,,,"0.00%",0.000
1790442387.418,hud,turns,,,,,"G£ù turns: 0/15",
1790442387.418,hud,calib_s,,,,,"G£ô Buffer 6s",
1790442387.419,marker,dr,52.47019016,-1.48029608,351.40,false,,
1790442387.419,marker,reconciled,0.00000000,0.00000000,0.00,false,,
1790442387.534,hud,speed,,,,,"0.0 / 0.0",0.000
1790442387.534,hud,heading,,,,,"0-¦ / 0-¦",0.000
1790442387.535,hud,drift,,,,,"0.00%",0.000
1790442387.535,hud,turns,,,,,"G£ù turns: 0/15",
1790442387.536,hud,calib_s,,,,,"G£ô Buffer 6s",
1790442387.536,marker,dr,52.47019016,-1.48029608,351.40,false,,
1790442387.536,marker,reconciled,0.00000000,0.00000000,0.00,false,,
1790442387.619,hud,speed,,,,,"0.0 / 0.0",0.000
1790442387.620,hud,heading,,,,,"0-¦ / 0-¦",0.000
1790442387.620,hud,drift,,,,,"0.00%",0.000
1790442387.621,hud,turns,,,,,"G£ù turns: 0/15",
1790442387.621,hud,calib_s,,,,,"G£ô Buffer 6s",
1790442387.621,marker,dr,52.47019016,-1.48029608,351.40,false,,
1790442387.622,marker,reconciled,0.00000000,0.00000000,0.00,false,,
1790442387.718,hud,speed,,,,,"0.0 / 0.0",0.000
1790442387.719,hud,heading,,,,,"0-¦ / 0-¦",0.000
1790442387.719,hud,drift,,,,,"0.00%",0.000
1790442387.720,hud,turns,,,,,"G£ù turns: 0/15",
1790442387.720,hud,calib_s,,,,,"G£ô Buffer 6s",
1790442387.720,marker,dr,52.47019016,-1.48029608,351.40,false,,
1790442387.720,marker,reconciled,0.00000000,0.00000000,0.00,false,,
1790442387.828,hud,speed,,,,,"0.0 / 0.0",0.000
1790442387.828,hud,heading,,,,,"0-¦ / 0-¦",0.000
1790442387.828,hud,drift,,,,,"0.00%",0.000
1790442387.829,hud,turns,,,,,"G£ù turns: 0/15",
1790442387.829,hud,calib_s,,,,,"G£ô Buffer 6s",
1790442387.829,marker,dr,52.47019016,-1.48029608,351.40,false,,
1790442387.829,marker,reconciled,0.00000000,0.00000000,0.00,false,,
1790442387.944,hud,speed,,,,,"0.0 / 0.0",0.000
1790442387.945,hud,heading,,,,,"0-¦ / 0-¦",0.000
1790442387.945,hud,drift,,,,,"0.00%",0.000
1790442387.945,hud,turns,,,,,"G£ù turns: 0/15",
1790442387.946,hud,calib_s,,,,,"G£ô Buffer 6s",
1790442387.946,marker,dr,52.47019016,-1.48029608,351.40,false,,
1790442387.947,marker,reconciled,0.00000000,0.00000000,0.00,false,,
1790442388.025,hud,speed,,,,,"0.0 / 0.0",0.000
1790442388.027,hud,heading,,,,,"0-¦ / 0-¦",0.000
1790442388.027,hud,drift,,,,,"0.00%",0.000
1790442388.028,hud,turns,,,,,"G£ù turns: 0/15",
1790442388.028,hud,calib_s,,,,,"G£ô Buffer 6s",
1790442388.029,marker,dr,52.47019016,-1.48029608,351.40,false,,
1790442388.029,marker,reconciled,0.00000000,0.00000000,0.00,false,,
1790442388.124,hud,speed,,,,,"0.0 / 0.0",0.000
1790442388.125,hud,heading,,,,,"0-¦ / 0-¦",0.000
1790442388.125,hud,drift,,,,,"0.00%",0.000
1790442388.125,hud,turns,,,,,"G£ù turns: 0/15",
1790442388.126,hud,calib_s,,,,,"G£ô Buffer 6s",
1790442388.126,marker,dr,52.47019016,-1.48029608,351.40,false,,
1790442388.127,marker,reconciled,0.00000000,0.00000000,0.00,false,,
1790442388.231,hud,speed,,,,,"0.0 / 0.0",0.000
1790442388.231,hud,heading,,,,,"0-¦ / 0-¦",0.000
1790442388.232,hud,drift,,,,,"0.00%",0.000
1790442388.232,hud,turns,,,,,"G£ù turns: 0/15",
1790442388.232,hud,calib_s,,,,,"G£ô Buffer 6s",
1790442388.232,marker,dr,52.47019016,-1.48029608,351.40,false,,
1790442388.233,marker,reconciled,0.00000000,0.00000000,0.00,false,,
1790442388.348,hud,speed,,,,,"0.0 / 0.0",0.000
1790442388.349,hud,heading,,,,,"0-¦ / 0-¦",0.000
1790442388.350,hud,drift,,,,,"0.00%",0.000
1790442388.351,hud,turns,,,,,"G£ù turns: 0/15",
1790442388.351,hud,calib_s,,,,,"G£ô Buffer 6s",
1790442388.351,marker,dr,52.47019016,-1.48029608,351.40,false,,
1790442388.351,marker,reconciled,0.00000000,0.00000000,0.00,false,,
1790442388.430,hud,speed,,,,,"0.0 / 0.0",0.000
1790442388.430,hud,heading,,,,,"0-¦ / 0-¦",0.000
1790442388.431,hud,drift,,,,,"0.00%",0.000
1790442388.432,hud,turns,,,,,"G£ù turns: 0/15",
1790442388.432,hud,calib_s,,,,,"G£ô Buffer 6s",
1790442388.433,marker,dr,52.47019016,-1.48029608,351.40,false,,
1790442388.433,marker,reconciled,0.00000000,0.00000000,0.00,false,,
1790442388.532,hud,speed,,,,,"0.0 / 0.0",0.000
1790442388.533,hud,heading,,,,,"0-¦ / 0-¦",0.000
1790442388.533,hud,drift,,,,,"0.00%",0.000
1790442388.534,hud,turns,,,,,"G£ù turns: 0/15",
1790442388.535,hud,calib_s,,,,,"G£ô Buffer 6s",
1790442388.535,marker,dr,52.47019016,-1.48029608,351.40,false,,
1790442388.535,marker,reconciled,0.00000000,0.00000000,0.00,false,,
1790442388.636,hud,speed,,,,,"0.0 / 0.0",0.000
1790442388.636,hud,heading,,,,,"0-¦ / 0-¦",0.000
1790442388.637,hud,drift,,,,,"0.00%",0.000
1790442388.637,hud,turns,,,,,"G£ù turns: 0/15",
1790442388.638,hud,calib_s,,,,,"G£ô Buffer 6s",
1790442388.638,marker,dr,52.47019016,-1.48029608,351.40,false,,
1790442388.639,marker,reconciled,0.00000000,0.00000000,0.00,false,,
1790442388.752,hud,speed,,,,,"0.0 / 0.0",0.000
1790442388.753,hud,heading,,,,,"0-¦ / 0-¦",0.000
1790442388.753,hud,drift,,,,,"0.00%",0.000
1790442388.754,hud,turns,,,,,"G£ù turns: 0/15",
1790442388.754,hud,calib_s,,,,,"G£ô Buffer 6s",
1790442388.754,marker,dr,52.47019016,-1.48029608,351.40,false,,
1790442388.755,marker,reconciled,0.00000000,0.00000000,0.00,false,,
1790442388.837,hud,speed,,,,,"0.0 / 0.0",0.000
1790442388.837,hud,heading,,,,,"0-¦ / 0-¦",0.000
1790442388.838,hud,drift,,,,,"0.00%",0.000
1790442388.838,hud,turns,,,,,"G£ù turns: 0/15",
1790442388.839,hud,calib_s,,,,,"G£ô Buffer 6s",
1790442388.839,marker,dr,52.47019016,-1.48029608,351.40,false,,
1790442388.840,marker,reconciled,0.00000000,0.00000000,0.00,false,,
1790442388.935,hud,speed,,,,,"0.0 / 0.0",0.000
1790442388.936,hud,heading,,,,,"0-¦ / 0-¦",0.000
1790442388.936,hud,drift,,,,,"0.00%",0.000
1790442388.936,hud,turns,,,,,"G£ù turns: 0/15",
1790442388.936,hud,calib_s,,,,,"G£ô Buffer 6s",
1790442388.936,marker,dr,52.47019016,-1.48029608,351.40,false,,
1790442388.937,marker,reconciled,0.00000000,0.00000000,0.00,false,,
1790442389.044,hud,speed,,,,,"0.0 / 0.0",0.000
1790442389.044,hud,heading,,,,,"0-¦ / 0-¦",0.000
1790442389.044,hud,drift,,,,,"0.00%",0.000
1790442389.045,hud,turns,,,,,"G£ù turns: 0/15",
1790442389.045,hud,calib_s,,,,,"G£ô Buffer 6s",
1790442389.045,marker,dr,52.47019016,-1.48029608,351.40,false,,
1790442389.046,marker,reconciled,0.00000000,0.00000000,0.00,false,,
1790442389.158,hud,speed,,,,,"0.0 / 0.0",0.000
1790442389.158,hud,heading,,,,,"0-¦ / 0-¦",0.000
1790442389.159,hud,drift,,,,,"0.00%",0.000
1790442389.159,hud,turns,,,,,"G£ù turns: 0/15",
1790442389.159,hud,calib_s,,,,,"G£ô Buffer 6s",
1790442389.160,marker,dr,52.47019016,-1.48029608,351.40,false,,
1790442389.160,marker,reconciled,0.00000000,0.00000000,0.00,false,,
1790442389.243,hud,speed,,,,,"0.0 / 0.0",0.000
1790442389.243,hud,heading,,,,,"0-¦ / 0-¦",0.000
1790442389.243,hud,drift,,,,,"0.00%",0.000
1790442389.243,hud,turns,,,,,"G£ù turns: 0/15",
1790442389.244,hud,calib_s,,,,,"G£ô Buffer 6s",
1790442389.244,marker,dr,52.47019016,-1.48029608,351.40,false,,
1790442389.244,marker,reconciled,0.00000000,0.00000000,0.00,false,,
1790442389.345,hud,speed,,,,,"0.0 / 0.0",0.000
1790442389.346,hud,heading,,,,,"0-¦ / 0-¦",0.000
1790442389.346,hud,drift,,,,,"0.00%",0.000
1790442389.347,hud,turns,,,,,"G£ù turns: 0/15",
1790442389.347,hud,calib_s,,,,,"G£ô Buffer 6s",
1790442389.347,marker,dr,52.47019016,-1.48029608,351.40,false,,
1790442389.348,marker,reconciled,0.00000000,0.00000000,0.00,false,,
1790442389.464,hud,speed,,,,,"0.0 / 0.0",0.000
1790442389.464,hud,heading,,,,,"0-¦ / 0-¦",0.000
1790442389.465,hud,drift,,,,,"0.00%",0.000
1790442389.465,hud,turns,,,,,"G£ù turns: 0/15",
1790442389.465,hud,calib_s,,,,,"G£ô Buffer 6s",
1790442389.466,marker,dr,52.47019016,-1.48029608,351.40,false,,
1790442389.466,marker,reconciled,0.00000000,0.00000000,0.00,false,,
1790442389.545,hud,speed,,,,,"0.0 / 0.0",0.000
1790442389.545,hud,heading,,,,,"0-¦ / 0-¦",0.000
1790442389.545,hud,drift,,,,,"0.00%",0.000
1790442389.546,hud,turns,,,,,"G£ù turns: 0/15",
1790442389.546,hud,calib_s,,,,,"G£ô Buffer 6s",
1790442389.546,marker,dr,52.47019016,-1.48029608,351.40,false,,
1790442389.547,marker,reconciled,0.00000000,0.00000000,0.00,false,,
1790442389.647,hud,speed,,,,,"0.0 / 0.0",0.000
1790442389.648,hud,heading,,,,,"0-¦ / 0-¦",0.000
1790442389.648,hud,drift,,,,,"0.00%",0.000
1790442389.648,hud,turns,,,,,"G£ù turns: 0/15",
1790442389.648,hud,calib_s,,,,,"G£ô Buffer 6s",
1790442389.649,marker,dr,52.47019016,-1.48029608,351.40,false,,
1790442389.649,marker,reconciled,0.00000000,0.00000000,0.00,false,,
1790442389.752,hud,speed,,,,,"0.0 / 0.0",0.000
1790442389.752,hud,heading,,,,,"0-¦ / 0-¦",0.000
1790442389.753,hud,drift,,,,,"0.00%",0.000
1790442389.753,hud,turns,,,,,"G£ù turns: 0/15",
1790442389.754,hud,calib_s,,,,,"G£ô Buffer 6s",
1790442389.754,marker,dr,52.47019016,-1.48029608,351.40,false,,
1790442389.755,marker,reconciled,0.00000000,0.00000000,0.00,false,,
1790442389.870,hud,speed,,,,,"0.0 / 0.0",0.000
1790442389.870,hud,heading,,,,,"0-¦ / 0-¦",0.000
1790442389.871,hud,drift,,,,,"0.00%",0.000
1790442389.871,hud,turns,,,,,"G£ù turns: 0/15",
1790442389.872,hud,calib_s,,,,,"G£ô Buffer 6s",
1790442389.872,marker,dr,52.47019016,-1.48029608,351.40,false,,
1790442389.872,marker,reconciled,0.00000000,0.00000000,0.00,false,,
1790442389.946,hud,speed,,,,,"0.0 / 0.0",0.000
1790442389.947,hud,heading,,,,,"0-¦ / 0-¦",0.000
1790442389.947,hud,drift,,,,,"0.00%",0.000
1790442389.947,hud,turns,,,,,"G£ù turns: 0/15",
1790442389.948,hud,calib_s,,,,,"G£ô Buffer 6s",
1790442389.948,marker,dr,52.47019016,-1.48029608,351.40,false,,
1790442389.948,marker,reconciled,0.00000000,0.00000000,0.00,false,,
1790442390.051,hud,speed,,,,,"0.0 / 0.0",0.000
1790442390.051,hud,heading,,,,,"0-¦ / 0-¦",0.000
1790442390.052,hud,drift,,,,,"0.00%",0.000
1790442390.052,hud,turns,,,,,"G£ù turns: 0/15",
1790442390.052,hud,calib_s,,,,,"G£ô Buffer 6s",
1790442390.053,marker,dr,52.47019016,-1.48029608,351.40,false,,
1790442390.053,marker,reconciled,0.00000000,0.00000000,0.00,false,,
1790442390.152,hud,speed,,,,,"0.0 / 0.0",0.000
1790442390.152,hud,heading,,,,,"0-¦ / 0-¦",0.000
1790442390.153,hud,drift,,,,,"0.00%",0.000
1790442390.153,hud,turns,,,,,"G£ù turns: 0/15",
1790442390.153,hud,calib_s,,,,,"G£ô Buffer 6s",
1790442390.153,marker,dr,52.47019016,-1.48029608,351.40,false,,
1790442390.154,marker,reconciled,0.00000000,0.00000000,0.00,false,,
1790442390.277,hud,speed,,,,,"0.0 / 0.0",0.000
1790442390.277,hud,heading,,,,,"0-¦ / 0-¦",0.000
1790442390.278,hud,drift,,,,,"0.00%",0.000
1790442390.278,hud,turns,,,,,"G£ù turns: 0/15",
1790442390.278,hud,calib_s,,,,,"G£ô Buffer 6s",
1790442390.279,marker,dr,52.47019016,-1.48029608,351.40,false,,
1790442390.279,marker,reconciled,0.00000000,0.00000000,0.00,false,,
1790442390.353,hud,speed,,,,,"0.0 / 0.0",0.000
1790442390.354,hud,heading,,,,,"0-¦ / 0-¦",0.000
1790442390.354,hud,drift,,,,,"0.00%",0.000
1790442390.355,hud,turns,,,,,"G£ù turns: 0/15",
1790442390.355,hud,calib_s,,,,,"G£ô Buffer 6s",
1790442390.355,marker,dr,52.47019016,-1.48029608,351.40,false,,
1790442390.356,marker,reconciled,0.00000000,0.00000000,0.00,false,,
1790442390.455,hud,speed,,,,,"0.0 / 0.0",0.000
1790442390.456,hud,heading,,,,,"0-¦ / 0-¦",0.000
1790442390.456,hud,drift,,,,,"0.00%",0.000
1790442390.456,hud,turns,,,,,"G£ù turns: 0/15",
1790442390.457,hud,calib_s,,,,,"G£ô Buffer 6s",
1790442390.457,marker,dr,52.47019016,-1.48029608,351.40,false,,
1790442390.458,marker,reconciled,0.00000000,0.00000000,0.00,false,,
1790442390.559,hud,speed,,,,,"0.0 / 0.0",0.000
1790442390.560,hud,heading,,,,,"0-¦ / 0-¦",0.000
1790442390.560,hud,drift,,,,,"0.00%",0.000
1790442390.561,hud,turns,,,,,"G£ù turns: 0/15",
1790442390.561,hud,calib_s,,,,,"G£ô Buffer 6s",
1790442390.561,marker,dr,52.47019016,-1.48029608,351.40,false,,
1790442390.562,marker,reconciled,0.00000000,0.00000000,0.00,false,,
1790442390.681,hud,speed,,,,,"0.0 / 0.0",0.000
1790442390.682,hud,heading,,,,,"0-¦ / 0-¦",0.000
1790442390.682,hud,drift,,,,,"0.00%",0.000
1790442390.683,hud,turns,,,,,"G£ù turns: 0/15",
1790442390.683,hud,calib_s,,,,,"G£ô Buffer 6s",
1790442390.683,marker,dr,52.47019016,-1.48029608,351.40,false,,
1790442390.684,marker,reconciled,0.00000000,0.00000000,0.00,false,,
1790442390.764,hud,speed,,,,,"0.0 / 0.0",0.000
1790442390.765,hud,heading,,,,,"0-¦ / 0-¦",0.000
1790442390.765,hud,drift,,,,,"0.00%",0.000
1790442390.765,hud,turns,,,,,"G£ù turns: 0/15",
1790442390.766,hud,calib_s,,,,,"G£ô Buffer 6s",
1790442390.766,marker,dr,52.47019016,-1.48029608,351.40,false,,
1790442390.767,marker,reconciled,0.00000000,0.00000000,0.00,false,,
1790442390.862,hud,speed,,,,,"0.0 / 0.0",0.000
1790442390.862,hud,heading,,,,,"0-¦ / 0-¦",0.000
1790442390.863,hud,drift,,,,,"0.00%",0.000
1790442390.863,hud,turns,,,,,"G£ù turns: 0/15",
1790442390.863,hud,calib_s,,,,,"G£ô Buffer 6s",
1790442390.863,marker,dr,52.47019016,-1.48029608,351.40,false,,
1790442390.863,marker,reconciled,0.00000000,0.00000000,0.00,false,,
1790442390.967,hud,speed,,,,,"0.0 / 0.0",0.000
1790442390.967,hud,heading,,,,,"0-¦ / 0-¦",0.000
1790442390.968,hud,drift,,,,,"0.00%",0.000
1790442390.968,hud,turns,,,,,"G£ù turns: 0/15",
1790442390.969,hud,calib_s,,,,,"G£ô Buffer 6s",
1790442390.969,marker,dr,52.47019016,-1.48029608,351.40,false,,
1790442390.969,marker,reconciled,0.00000000,0.00000000,0.00,false,,
1790442391.085,hud,speed,,,,,"0.0 / 0.0",0.000
1790442391.086,hud,heading,,,,,"0-¦ / 0-¦",0.000
1790442391.086,hud,drift,,,,,"0.00%",0.000
1790442391.087,hud,turns,,,,,"G£ù turns: 0/15",
1790442391.087,hud,calib_s,,,,,"G£ô Buffer 6s",
1790442391.088,marker,dr,52.47019016,-1.48029608,351.40,false,,
1790442391.088,marker,reconciled,0.00000000,0.00000000,0.00,false,,
1790442391.167,hud,speed,,,,,"0.0 / 0.0",0.000
1790442391.168,hud,heading,,,,,"0-¦ / 0-¦",0.000
1790442391.169,hud,drift,,,,,"0.00%",0.000
1790442391.169,hud,turns,,,,,"G£ù turns: 0/15",
1790442391.169,hud,calib_s,,,,,"G£ô Buffer 6s",
1790442391.170,marker,dr,52.47019016,-1.48029608,351.40,false,,
1790442391.170,marker,reconciled,0.00000000,0.00000000,0.00,false,,
1790442391.270,hud,speed,,,,,"0.0 / 0.0",0.000
1790442391.271,hud,heading,,,,,"0-¦ / 0-¦",0.000
1790442391.271,hud,drift,,,,,"0.00%",0.000
1790442391.272,hud,turns,,,,,"G£ù turns: 0/15",
1790442391.272,hud,calib_s,,,,,"G£ô Buffer 6s",
1790442391.273,marker,dr,52.47019016,-1.48029608,351.40,false,,
1790442391.273,marker,reconciled,0.00000000,0.00000000,0.00,false,,
1790442391.370,hud,speed,,,,,"0.0 / 0.0",0.000
1790442391.370,hud,heading,,,,,"0-¦ / 0-¦",0.000
1790442391.371,hud,drift,,,,,"0.00%",0.000
1790442391.371,hud,turns,,,,,"G£ù turns: 0/15",
1790442391.371,hud,calib_s,,,,,"G£ô Buffer 6s",
1790442391.372,marker,dr,52.47019016,-1.48029608,351.40,false,,
1790442391.372,marker,reconciled,0.00000000,0.00000000,0.00,false,,
1790442391.494,hud,speed,,,,,"0.0 / 0.0",0.000
1790442391.494,hud,heading,,,,,"0-¦ / 0-¦",0.000
1790442391.495,hud,drift,,,,,"0.00%",0.000
1790442391.495,hud,turns,,,,,"G£ù turns: 0/15",
1790442391.496,hud,calib_s,,,,,"G£ô Buffer 6s",
1790442391.496,marker,dr,52.47019016,-1.48029608,351.40,false,,
1790442391.496,marker,reconciled,0.00000000,0.00000000,0.00,false,,
1790442391.568,hud,speed,,,,,"0.0 / 0.0",0.000
1790442391.569,hud,heading,,,,,"0-¦ / 0-¦",0.000
1790442391.569,hud,drift,,,,,"0.00%",0.000
1790442391.569,hud,turns,,,,,"G£ù turns: 0/15",
1790442391.569,hud,calib_s,,,,,"G£ô Buffer 6s",
1790442391.570,marker,dr,52.47019016,-1.48029608,351.40,false,,
1790442391.570,marker,reconciled,0.00000000,0.00000000,0.00,false,,
1790442391.672,hud,speed,,,,,"0.0 / 0.0",0.000
1790442391.673,hud,heading,,,,,"0-¦ / 0-¦",0.000
1790442391.673,hud,drift,,,,,"0.00%",0.000
1790442391.673,hud,turns,,,,,"G£ù turns: 0/15",
1790442391.674,hud,calib_s,,,,,"G£ô Buffer 6s",
1790442391.674,marker,dr,52.47019016,-1.48029608,351.40,false,,
1790442391.675,marker,reconciled,0.00000000,0.00000000,0.00,false,,
1790442391.797,hud,speed,,,,,"0.0 / 0.0",0.000
1790442391.798,hud,heading,,,,,"0-¦ / 0-¦",0.000
1790442391.798,hud,drift,,,,,"0.00%",0.000
1790442391.799,hud,turns,,,,,"G£ù turns: 0/15",
1790442391.799,hud,calib_s,,,,,"G£ô Buffer 6s",
1790442391.799,marker,dr,52.47019016,-1.48029608,351.40,false,,
1790442391.800,marker,reconciled,0.00000000,0.00000000,0.00,false,,
1790442391.876,hud,speed,,,,,"0.0 / 0.0",0.000
1790442391.877,hud,heading,,,,,"0-¦ / 0-¦",0.000
1790442391.877,hud,drift,,,,,"0.00%",0.000
1790442391.877,hud,turns,,,,,"G£ù turns: 0/15",
1790442391.878,hud,calib_s,,,,,"G£ô Buffer 6s",
1790442391.878,marker,dr,52.47019016,-1.48029608,351.40,false,,
1790442391.878,marker,reconciled,0.00000000,0.00000000,0.00,false,,
1790442391.978,hud,speed,,,,,"0.0 / 0.0",0.000
1790442391.978,hud,heading,,,,,"0-¦ / 0-¦",0.000
1790442391.979,hud,drift,,,,,"0.00%",0.000
1790442391.979,hud,turns,,,,,"G£ù turns: 0/15",
1790442391.979,hud,calib_s,,,,,"G£ô Buffer 6s",
1790442391.979,marker,dr,52.47019016,-1.48029608,351.40,false,,
1790442391.980,marker,reconciled,0.00000000,0.00000000,0.00,false,,
1790442392.077,hud,speed,,,,,"0.0 / 0.0",0.000
1790442392.078,hud,heading,,,,,"0-¦ / 0-¦",0.000
1790442392.078,hud,drift,,,,,"0.00%",0.000
1790442392.079,hud,turns,,,,,"G£ù turns: 0/15",
1790442392.079,hud,calib_s,,,,,"G£ô Buffer 6s",
1790442392.079,marker,dr,52.47019016,-1.48029608,351.40,false,,
1790442392.079,marker,reconciled,0.00000000,0.00000000,0.00,false,,
1790442392.201,hud,speed,,,,,"0.0 / 0.0",0.000
1790442392.201,hud,heading,,,,,"0-¦ / 0-¦",0.000
1790442392.202,hud,drift,,,,,"0.00%",0.000
1790442392.202,hud,turns,,,,,"G£ù turns: 0/15",
1790442392.203,hud,calib_s,,,,,"G£ô Buffer 6s",
1790442392.203,marker,dr,52.47019016,-1.48029608,351.40,false,,
1790442392.203,marker,reconciled,0.00000000,0.00000000,0.00,false,,
1790442392.282,hud,speed,,,,,"0.0 / 0.0",0.000
1790442392.282,hud,heading,,,,,"0-¦ / 0-¦",0.000
1790442392.283,hud,drift,,,,,"0.00%",0.000
1790442392.283,hud,turns,,,,,"G£ù turns: 0/15",
1790442392.283,hud,calib_s,,,,,"G£ô Buffer 6s",
1790442392.283,marker,dr,52.47019016,-1.48029608,351.40,false,,
1790442392.283,marker,reconciled,0.00000000,0.00000000,0.00,false,,
1790442392.380,hud,speed,,,,,"0.0 / 0.0",0.000
1790442392.380,hud,heading,,,,,"0-¦ / 0-¦",0.000
1790442392.380,hud,drift,,,,,"0.00%",0.000
1790442392.380,hud,turns,,,,,"G£ù turns: 0/15",
1790442392.380,hud,calib_s,,,,,"G£ô Buffer 6s",
1790442392.381,marker,dr,52.47019016,-1.48029608,351.40,false,,
1790442392.381,marker,reconciled,0.00000000,0.00000000,0.00,false,,
1790442392.483,hud,speed,,,,,"0.0 / 0.0",0.000
1790442392.484,hud,heading,,,,,"0-¦ / 0-¦",0.000
1790442392.484,hud,drift,,,,,"0.00%",0.000
1790442392.484,hud,turns,,,,,"G£ù turns: 0/15",
1790442392.485,hud,calib_s,,,,,"G£ô Buffer 6s",
1790442392.485,marker,dr,52.47019016,-1.48029608,351.40,false,,
1790442392.486,marker,reconciled,0.00000000,0.00000000,0.00,false,,
1790442392.605,hud,speed,,,,,"0.0 / 0.0",0.000
1790442392.606,hud,heading,,,,,"0-¦ / 0-¦",0.000
1790442392.606,hud,drift,,,,,"0.00%",0.000
1790442392.607,hud,turns,,,,,"G£ù turns: 0/15",
1790442392.607,hud,calib_s,,,,,"G£ô Buffer 6s",
1790442392.607,marker,dr,52.47019016,-1.48029608,351.40,false,,
1790442392.608,marker,reconciled,0.00000000,0.00000000,0.00,false,,
1790442392.685,hud,speed,,,,,"0.0 / 0.0",0.000
1790442392.685,hud,heading,,,,,"0-¦ / 0-¦",0.000
1790442392.685,hud,drift,,,,,"0.00%",0.000
1790442392.687,hud,turns,,,,,"G£ù turns: 0/15",
1790442392.687,hud,calib_s,,,,,"G£ô Buffer 6s",
1790442392.688,marker,dr,52.47019016,-1.48029608,351.40,false,,
1790442392.688,marker,reconciled,0.00000000,0.00000000,0.00,false,,
1790442392.788,hud,speed,,,,,"0.0 / 0.0",0.000
1790442392.788,hud,heading,,,,,"0-¦ / 0-¦",0.000
1790442392.789,hud,drift,,,,,"0.00%",0.000
1790442392.789,hud,turns,,,,,"G£ù turns: 0/15",
1790442392.789,hud,calib_s,,,,,"G£ô Buffer 6s",
1790442392.790,marker,dr,52.47019016,-1.48029608,351.40,false,,
1790442392.790,marker,reconciled,0.00000000,0.00000000,0.00,false,,
1790442392.890,hud,speed,,,,,"0.0 / 0.0",0.000
1790442392.890,hud,heading,,,,,"0-¦ / 0-¦",0.000
1790442392.891,hud,drift,,,,,"0.00%",0.000
1790442392.891,hud,turns,,,,,"G£ù turns: 0/15",
1790442392.891,hud,calib_s,,,,,"G£ô Buffer 6s",
1790442392.892,marker,dr,52.47019016,-1.48029608,351.40,false,,
1790442392.892,marker,reconciled,0.00000000,0.00000000,0.00,false,,
1790442393.010,hud,speed,,,,,"0.0 / 0.0",0.000
1790442393.010,hud,heading,,,,,"0-¦ / 0-¦",0.000
1790442393.011,hud,drift,,,,,"0.00%",0.000
1790442393.011,hud,turns,,,,,"G£ù turns: 0/15",
1790442393.011,hud,calib_s,,,,,"G£ô Buffer 6s",
1790442393.011,marker,dr,52.47019016,-1.48029608,351.40,false,,
1790442393.012,marker,reconciled,0.00000000,0.00000000,0.00,false,,
1790442393.096,hud,speed,,,,,"0.0 / 0.0",0.000
1790442393.096,hud,heading,,,,,"0-¦ / 0-¦",0.000
1790442393.097,hud,drift,,,,,"0.00%",0.000
1790442393.097,hud,turns,,,,,"G£ù turns: 0/15",
1790442393.098,hud,calib_s,,,,,"G£ô Buffer 6s",
1790442393.098,marker,dr,52.47019016,-1.48029608,351.40,false,,
1790442393.099,marker,reconciled,0.00000000,0.00000000,0.00,false,,
1790442393.192,hud,speed,,,,,"0.0 / 0.0",0.000
1790442393.193,hud,heading,,,,,"0-¦ / 0-¦",0.000
1790442393.193,hud,drift,,,,,"0.00%",0.000
1790442393.193,hud,turns,,,,,"G£ù turns: 0/15",
1790442393.193,hud,calib_s,,,,,"G£ô Buffer 6s",
1790442393.193,marker,dr,52.47019016,-1.48029608,351.40,false,,
1790442393.194,marker,reconciled,0.00000000,0.00000000,0.00,false,,
1790442393.300,hud,speed,,,,,"0.0 / 0.0",0.000
1790442393.300,hud,heading,,,,,"0-¦ / 0-¦",0.000
1790442393.301,hud,drift,,,,,"0.00%",0.000
1790442393.301,hud,turns,,,,,"G£ù turns: 0/15",
1790442393.301,hud,calib_s,,,,,"G£ô Buffer 6s",
1790442393.302,marker,dr,52.47019016,-1.48029608,351.40,false,,
1790442393.303,marker,reconciled,0.00000000,0.00000000,0.00,false,,
1790442393.419,hud,speed,,,,,"0.0 / 0.0",0.000
1790442393.420,hud,heading,,,,,"0-¦ / 0-¦",0.000
1790442393.420,hud,drift,,,,,"0.00%",0.000
1790442393.420,hud,turns,,,,,"G£ù turns: 0/15",
1790442393.421,hud,calib_s,,,,,"G£ô Buffer 6s",
1790442393.421,marker,dr,52.47019016,-1.48029608,351.40,false,,
1790442393.421,marker,reconciled,0.00000000,0.00000000,0.00,false,,
1790442393.499,hud,speed,,,,,"0.0 / 0.0",0.000
1790442393.500,hud,heading,,,,,"0-¦ / 0-¦",0.000
1790442393.500,hud,drift,,,,,"0.00%",0.000
1790442393.501,hud,turns,,,,,"G£ù turns: 0/15",
1790442393.501,hud,calib_s,,,,,"G£ô Buffer 6s",
1790442393.501,marker,dr,52.47019016,-1.48029608,351.40,false,,
1790442393.502,marker,reconciled,0.00000000,0.00000000,0.00,false,,
1790442393.599,hud,speed,,,,,"0.0 / 0.0",0.000
1790442393.599,hud,heading,,,,,"0-¦ / 0-¦",0.000
1790442393.600,hud,drift,,,,,"0.00%",0.000
1790442393.600,hud,turns,,,,,"G£ù turns: 0/15",
1790442393.600,hud,calib_s,,,,,"G£ô Buffer 6s",
1790442393.600,marker,dr,52.47019016,-1.48029608,351.40,false,,
1790442393.601,marker,reconciled,0.00000000,0.00000000,0.00,false,,
1790442393.721,hud,speed,,,,,"0.0 / 0.0",0.000
1790442393.721,hud,heading,,,,,"0-¦ / 0-¦",0.000
1790442393.722,hud,drift,,,,,"0.00%",0.000
1790442393.722,hud,turns,,,,,"G£ù turns: 0/15",
1790442393.722,hud,calib_s,,,,,"G£ô Buffer 6s",
1790442393.723,marker,dr,52.47019016,-1.48029608,351.40,false,,
1790442393.723,marker,reconciled,0.00000000,0.00000000,0.00,false,,
1790442393.803,hud,speed,,,,,"0.0 / 0.0",0.000
1790442393.804,hud,heading,,,,,"0-¦ / 0-¦",0.000
1790442393.804,hud,drift,,,,,"0.00%",0.000
1790442393.805,hud,turns,,,,,"G£ù turns: 0/15",
1790442393.805,hud,calib_s,,,,,"G£ô Buffer 6s",
1790442393.805,marker,dr,52.47019016,-1.48029608,351.40,false,,
1790442393.805,marker,reconciled,0.00000000,0.00000000,0.00,false,,
1790442393.905,hud,speed,,,,,"0.0 / 0.0",0.000
1790442393.906,hud,heading,,,,,"0-¦ / 0-¦",0.000
1790442393.906,hud,drift,,,,,"0.00%",0.000
1790442393.907,hud,turns,,,,,"G£ù turns: 0/15",
1790442393.907,hud,calib_s,,,,,"G£ô Buffer 6s",
1790442393.907,marker,dr,52.47019016,-1.48029608,351.40,false,,
1790442393.908,marker,reconciled,0.00000000,0.00000000,0.00,false,,
1790442394.010,hud,speed,,,,,"0.0 / 0.0",0.000
1790442394.011,hud,heading,,,,,"0-¦ / 0-¦",0.000
1790442394.011,hud,drift,,,,,"0.00%",0.000
1790442394.012,hud,turns,,,,,"G£ù turns: 0/15",
1790442394.012,hud,calib_s,,,,,"G£ô Buffer 6s",
1790442394.012,marker,dr,52.47019016,-1.48029608,351.40,false,,
1790442394.013,marker,reconciled,0.00000000,0.00000000,0.00,false,,
1790442394.125,hud,speed,,,,,"0.0 / 0.0",0.000
1790442394.126,hud,heading,,,,,"0-¦ / 0-¦",0.000
1790442394.126,hud,drift,,,,,"0.00%",0.000
1790442394.127,hud,turns,,,,,"G£ù turns: 0/15",
1790442394.127,hud,calib_s,,,,,"G£ô Buffer 6s",
1790442394.128,marker,dr,52.47019016,-1.48029608,351.40,false,,
1790442394.128,marker,reconciled,0.00000000,0.00000000,0.00,false,,
1790442394.206,hud,speed,,,,,"0.0 / 0.0",0.000
1790442394.206,hud,heading,,,,,"0-¦ / 0-¦",0.000
1790442394.207,hud,drift,,,,,"0.00%",0.000
1790442394.207,hud,turns,,,,,"G£ù turns: 0/15",
1790442394.207,hud,calib_s,,,,,"G£ô Buffer 6s",
1790442394.207,marker,dr,52.47019016,-1.48029608,351.40,false,,
1790442394.208,marker,reconciled,0.00000000,0.00000000,0.00,false,,
1790442394.315,hud,speed,,,,,"0.0 / 0.0",0.000
1790442394.316,hud,heading,,,,,"0-¦ / 0-¦",0.000
1790442394.316,hud,drift,,,,,"0.00%",0.000
1790442394.316,hud,turns,,,,,"G£ù turns: 0/15",
1790442394.317,hud,calib_s,,,,,"G£ô Buffer 6s",
1790442394.317,marker,dr,52.47019016,-1.48029608,351.40,false,,
1790442394.317,marker,reconciled,0.00000000,0.00000000,0.00,false,,
1790442394.410,hud,speed,,,,,"0.0 / 0.0",0.000
1790442394.410,hud,heading,,,,,"0-¦ / 0-¦",0.000
1790442394.411,hud,drift,,,,,"0.00%",0.000
1790442394.412,hud,turns,,,,,"G£ù turns: 0/15",
1790442394.413,hud,calib_s,,,,,"G£ô Buffer 6s",
1790442394.413,marker,dr,52.47019016,-1.48029608,351.40,false,,
1790442394.414,marker,reconciled,0.00000000,0.00000000,0.00,false,,
1790442394.529,hud,speed,,,,,"0.0 / 0.0",0.000
1790442394.530,hud,heading,,,,,"0-¦ / 0-¦",0.000
1790442394.530,hud,drift,,,,,"0.00%",0.000
1790442394.531,hud,turns,,,,,"G£ù turns: 0/15",
1790442394.531,hud,calib_s,,,,,"G£ô Buffer 6s",
1790442394.531,marker,dr,52.47019016,-1.48029608,351.40,false,,
1790442394.532,marker,reconciled,0.00000000,0.00000000,0.00,false,,
1790442394.619,hud,speed,,,,,"0.0 / 0.0",0.000
1790442394.620,hud,heading,,,,,"0-¦ / 0-¦",0.000
1790442394.621,hud,drift,,,,,"0.00%",0.000
1790442394.621,hud,turns,,,,,"G£ù turns: 0/15",
1790442394.621,hud,calib_s,,,,,"G£ô Buffer 6s",
1790442394.621,marker,dr,52.47019016,-1.48029608,351.40,false,,
1790442394.622,marker,reconciled,0.00000000,0.00000000,0.00,false,,
1790442394.712,hud,speed,,,,,"0.0 / 0.0",0.000
1790442394.713,hud,heading,,,,,"0-¦ / 0-¦",0.000
1790442394.713,hud,drift,,,,,"0.00%",0.000
1790442394.714,hud,turns,,,,,"G£ù turns: 0/15",
1790442394.714,hud,calib_s,,,,,"G£ô Buffer 6s",
1790442394.715,marker,dr,52.47019016,-1.48029608,351.40,false,,
1790442394.715,marker,reconciled,0.00000000,0.00000000,0.00,false,,
1790442394.816,hud,speed,,,,,"0.0 / 0.0",0.000
1790442394.816,hud,heading,,,,,"0-¦ / 0-¦",0.000
1790442394.817,hud,drift,,,,,"0.00%",0.000
1790442394.817,hud,turns,,,,,"G£ù turns: 0/15",
1790442394.817,hud,calib_s,,,,,"G£ô Buffer 6s",
1790442394.817,marker,dr,52.47019016,-1.48029608,351.40,false,,
1790442394.817,marker,reconciled,0.00000000,0.00000000,0.00,false,,
1790442394.931,hud,speed,,,,,"0.0 / 0.0",0.000
1790442394.932,hud,heading,,,,,"0-¦ / 0-¦",0.000
1790442394.932,hud,drift,,,,,"0.00%",0.000
1790442394.932,hud,turns,,,,,"G£ù turns: 0/15",
1790442394.933,hud,calib_s,,,,,"G£ô Buffer 6s",
1790442394.933,marker,dr,52.47019016,-1.48029608,351.40,false,,
1790442394.933,marker,reconciled,0.00000000,0.00000000,0.00,false,,
1790442395.023,hud,speed,,,,,"0.0 / 0.0",0.000
1790442395.023,hud,heading,,,,,"0-¦ / 0-¦",0.000
1790442395.024,hud,drift,,,,,"0.00%",0.000
1790442395.025,hud,turns,,,,,"G£ù turns: 0/15",
1790442395.025,hud,calib_s,,,,,"G£ô Buffer 6s",
1790442395.025,marker,dr,52.47019016,-1.48029608,351.40,false,,
1790442395.026,marker,reconciled,0.00000000,0.00000000,0.00,false,,
1790442395.120,hud,speed,,,,,"0.0 / 0.0",0.000
1790442395.120,hud,heading,,,,,"0-¦ / 0-¦",0.000
1790442395.120,hud,drift,,,,,"0.00%",0.000
1790442395.120,hud,turns,,,,,"G£ù turns: 0/15",
1790442395.120,hud,calib_s,,,,,"G£ô Buffer 6s",
1790442395.121,marker,dr,52.47019016,-1.48029608,351.40,false,,
1790442395.121,marker,reconciled,0.00000000,0.00000000,0.00,false,,
1790442395.224,hud,speed,,,,,"0.0 / 0.0",0.000
1790442395.224,hud,heading,,,,,"0-¦ / 0-¦",0.000
1790442395.225,hud,drift,,,,,"0.00%",0.000
1790442395.225,hud,turns,,,,,"G£ù turns: 0/15",
1790442395.225,hud,calib_s,,,,,"G£ô Buffer 6s",
1790442395.226,marker,dr,52.47019016,-1.48029608,351.40,false,,
1790442395.226,marker,reconciled,0.00000000,0.00000000,0.00,false,,
1790442395.340,hud,speed,,,,,"0.0 / 0.0",0.000
1790442395.341,hud,heading,,,,,"0-¦ / 0-¦",0.000
1790442395.341,hud,drift,,,,,"0.00%",0.000
1790442395.341,hud,turns,,,,,"G£ù turns: 0/15",
1790442395.342,hud,calib_s,,,,,"G£ô Buffer 6s",
1790442395.342,marker,dr,52.47019016,-1.48029608,351.40,false,,
1790442395.343,marker,reconciled,0.00000000,0.00000000,0.00,false,,
1790442395.427,hud,speed,,,,,"0.0 / 0.0",0.000
1790442395.428,hud,heading,,,,,"0-¦ / 0-¦",0.000
1790442395.428,hud,drift,,,,,"0.00%",0.000
1790442395.429,hud,turns,,,,,"G£ù turns: 0/15",
1790442395.429,hud,calib_s,,,,,"G£ô Buffer 6s",
1790442395.429,marker,dr,52.47019016,-1.48029608,351.40,false,,
1790442395.430,marker,reconciled,0.00000000,0.00000000,0.00,false,,
1790442395.523,hud,speed,,,,,"0.0 / 0.0",0.000
1790442395.524,hud,heading,,,,,"0-¦ / 0-¦",0.000
1790442395.525,hud,drift,,,,,"0.00%",0.000
1790442395.525,hud,turns,,,,,"G£ù turns: 0/15",
1790442395.525,hud,calib_s,,,,,"G£ô Buffer 6s",
1790442395.526,marker,dr,52.47019016,-1.48029608,351.40,false,,
1790442395.526,marker,reconciled,0.00000000,0.00000000,0.00,false,,
1790442395.645,hud,speed,,,,,"0.0 / 0.0",0.000
1790442395.645,hud,heading,,,,,"0-¦ / 0-¦",0.000
1790442395.646,hud,drift,,,,,"0.00%",0.000
1790442395.647,hud,turns,,,,,"G£ù turns: 0/15",
1790442395.647,hud,calib_s,,,,,"G£ô Buffer 6s",
1790442395.648,marker,dr,52.47019016,-1.48029608,351.40,false,,
1790442395.648,marker,reconciled,0.00000000,0.00000000,0.00,false,,
1790442395.732,hud,speed,,,,,"0.0 / 0.0",0.000
1790442395.733,hud,heading,,,,,"0-¦ / 0-¦",0.000
1790442395.734,hud,drift,,,,,"0.00%",0.000
1790442395.735,hud,turns,,,,,"G£ù turns: 0/15",
1790442395.735,hud,calib_s,,,,,"G£ô Buffer 6s",
1790442395.736,marker,dr,52.47019016,-1.48029608,351.40,false,,
1790442395.736,marker,reconciled,0.00000000,0.00000000,0.00,false,,
1790442395.835,hud,speed,,,,,"0.0 / 0.0",0.000
1790442395.836,hud,heading,,,,,"0-¦ / 0-¦",0.000
1790442395.837,hud,drift,,,,,"0.00%",0.000
1790442395.837,hud,turns,,,,,"G£ù turns: 0/15",
1790442395.837,hud,calib_s,,,,,"G£ô Buffer 6s",
1790442395.838,marker,dr,52.47019016,-1.48029608,351.40,false,,
1790442395.839,marker,reconciled,0.00000000,0.00000000,0.00,false,,
1790442395.931,hud,speed,,,,,"0.0 / 0.0",0.000
1790442395.931,hud,heading,,,,,"0-¦ / 0-¦",0.000
1790442395.931,hud,drift,,,,,"0.00%",0.000
1790442395.932,hud,turns,,,,,"G£ù turns: 0/15",
1790442395.932,hud,calib_s,,,,,"G£ô Buffer 6s",
1790442395.932,marker,dr,52.47019016,-1.48029608,351.40,false,,
1790442395.932,marker,reconciled,0.00000000,0.00000000,0.00,false,,
1790442396.050,hud,speed,,,,,"0.0 / 0.0",0.000
1790442396.051,hud,heading,,,,,"0-¦ / 0-¦",0.000
1790442396.051,hud,drift,,,,,"0.00%",0.000
1790442396.052,hud,turns,,,,,"G£ù turns: 0/15",
1790442396.052,hud,calib_s,,,,,"G£ô Buffer 6s",
1790442396.052,marker,dr,52.47019016,-1.48029608,351.40,false,,
1790442396.052,marker,reconciled,0.00000000,0.00000000,0.00,false,,
1790442396.132,hud,speed,,,,,"0.0 / 0.0",0.000
1790442396.132,hud,heading,,,,,"0-¦ / 0-¦",0.000
1790442396.133,hud,drift,,,,,"0.00%",0.000
1790442396.133,hud,turns,,,,,"G£ù turns: 0/15",
1790442396.133,hud,calib_s,,,,,"G£ô Buffer 6s",
1790442396.133,marker,dr,52.47019016,-1.48029608,351.40,false,,
1790442396.133,marker,reconciled,0.00000000,0.00000000,0.00,false,,
1790442396.236,hud,speed,,,,,"0.0 / 0.0",0.000
1790442396.237,hud,heading,,,,,"0-¦ / 0-¦",0.000
1790442396.237,hud,drift,,,,,"0.00%",0.000
1790442396.238,hud,turns,,,,,"G£ù turns: 0/15",
1790442396.238,hud,calib_s,,,,,"G£ô Buffer 6s",
1790442396.239,marker,dr,52.47019016,-1.48029608,351.40,false,,
1790442396.239,marker,reconciled,0.00000000,0.00000000,0.00,false,,
1790442396.335,hud,speed,,,,,"0.0 / 0.0",0.000
1790442396.336,hud,heading,,,,,"0-¦ / 0-¦",0.000
1790442396.336,hud,drift,,,,,"0.00%",0.000
1790442396.336,hud,turns,,,,,"G£ù turns: 0/15",
1790442396.337,hud,calib_s,,,,,"G£ô Buffer 6s",
1790442396.337,marker,dr,52.47019016,-1.48029608,351.40,false,,
1790442396.337,marker,reconciled,0.00000000,0.00000000,0.00,false,,
1790442396.457,hud,speed,,,,,"0.0 / 0.0",0.000
1790442396.457,hud,heading,,,,,"0-¦ / 0-¦",0.000
1790442396.458,hud,drift,,,,,"0.00%",0.000
1790442396.458,hud,turns,,,,,"G£ù turns: 0/15",
1790442396.459,hud,calib_s,,,,,"G£ô Buffer 6s",
1790442396.459,marker,dr,52.47019016,-1.48029608,351.40,false,,
1790442396.459,marker,reconciled,0.00000000,0.00000000,0.00,false,,
1790442396.536,hud,speed,,,,,"0.0 / 0.0",0.000
1790442396.536,hud,heading,,,,,"0-¦ / 0-¦",0.000
1790442396.537,hud,drift,,,,,"0.00%",0.000
1790442396.537,hud,turns,,,,,"G£ù turns: 0/15",
1790442396.537,hud,calib_s,,,,,"G£ô Buffer 6s",
1790442396.537,marker,dr,52.47019016,-1.48029608,351.40,false,,
1790442396.537,marker,reconciled,0.00000000,0.00000000,0.00,false,,
1790442396.644,hud,speed,,,,,"0.0 / 0.0",0.000
1790442396.644,hud,heading,,,,,"0-¦ / 0-¦",0.000
1790442396.645,hud,drift,,,,,"0.00%",0.000
1790442396.645,hud,turns,,,,,"G£ù turns: 0/15",
1790442396.645,hud,calib_s,,,,,"G£ô Buffer 6s",
1790442396.646,marker,dr,52.47019016,-1.48029608,351.40,false,,
1790442396.646,marker,reconciled,0.00000000,0.00000000,0.00,false,,
1790442396.739,hud,speed,,,,,"0.0 / 0.0",0.000
1790442396.739,hud,heading,,,,,"0-¦ / 0-¦",0.000
1790442396.740,hud,drift,,,,,"0.00%",0.000
1790442396.740,hud,turns,,,,,"G£ù turns: 0/15",
1790442396.740,hud,calib_s,,,,,"G£ô Buffer 6s",
1790442396.740,marker,dr,52.47019016,-1.48029608,351.40,false,,
1790442396.740,marker,reconciled,0.00000000,0.00000000,0.00,false,,
1790442396.861,hud,speed,,,,,"0.0 / 0.0",0.000
1790442396.861,hud,heading,,,,,"0-¦ / 0-¦",0.000
1790442396.862,hud,drift,,,,,"0.00%",0.000
1790442396.862,hud,turns,,,,,"G£ù turns: 0/15",
1790442396.863,hud,calib_s,,,,,"G£ô Buffer 6s",
1790442396.863,marker,dr,52.47019016,-1.48029608,351.40,false,,
1790442396.863,marker,reconciled,0.00000000,0.00000000,0.00,false,,
1790442396.945,hud,speed,,,,,"0.0 / 0.0",0.000
1790442396.945,hud,heading,,,,,"0-¦ / 0-¦",0.000
1790442396.946,hud,drift,,,,,"0.00%",0.000
1790442396.946,hud,turns,,,,,"G£ù turns: 0/15",
1790442396.946,hud,calib_s,,,,,"G£ô Buffer 6s",
1790442396.947,marker,dr,52.47019016,-1.48029608,351.40,false,,
1790442396.947,marker,reconciled,0.00000000,0.00000000,0.00,false,,
1790442397.051,hud,speed,,,,,"0.0 / 0.0",0.000
1790442397.052,hud,heading,,,,,"0-¦ / 0-¦",0.000
1790442397.052,hud,drift,,,,,"0.00%",0.000
1790442397.053,hud,turns,,,,,"G£ù turns: 0/15",
1790442397.053,hud,calib_s,,,,,"G£ô Buffer 6s",
1790442397.054,marker,dr,52.47019016,-1.48029608,351.40,false,,
1790442397.054,marker,reconciled,0.00000000,0.00000000,0.00,false,,
1790442397.152,hud,speed,,,,,"0.0 / 0.0",0.000
1790442397.153,hud,heading,,,,,"0-¦ / 0-¦",0.000
1790442397.153,hud,drift,,,,,"0.00%",0.000
1790442397.154,hud,turns,,,,,"G£ù turns: 0/15",
1790442397.154,hud,calib_s,,,,,"G£ô Buffer 6s",
1790442397.155,marker,dr,52.47019016,-1.48029608,351.40,false,,
1790442397.155,marker,reconciled,0.00000000,0.00000000,0.00,false,,
1790442397.271,hud,speed,,,,,"0.0 / 0.0",0.000
1790442397.272,hud,heading,,,,,"0-¦ / 0-¦",0.000
1790442397.273,hud,drift,,,,,"0.00%",0.000
1790442397.273,hud,turns,,,,,"G£ù turns: 0/15",
1790442397.274,hud,calib_s,,,,,"G£ô Buffer 6s",
1790442397.275,marker,dr,52.47019016,-1.48029608,351.40,false,,
1790442397.275,marker,reconciled,0.00000000,0.00000000,0.00,false,,
1790442397.348,hud,speed,,,,,"0.0 / 0.0",0.000
1790442397.348,hud,heading,,,,,"0-¦ / 0-¦",0.000
1790442397.349,hud,drift,,,,,"0.00%",0.000
1790442397.349,hud,turns,,,,,"G£ù turns: 0/15",
1790442397.349,hud,calib_s,,,,,"G£ô Buffer 6s",
1790442397.349,marker,dr,52.47019016,-1.48029608,351.40,false,,
1790442397.349,marker,reconciled,0.00000000,0.00000000,0.00,false,,
1790442397.452,hud,speed,,,,,"0.0 / 0.0",0.000
1790442397.453,hud,heading,,,,,"0-¦ / 0-¦",0.000
1790442397.453,hud,drift,,,,,"0.00%",0.000
1790442397.453,hud,turns,,,,,"G£ù turns: 0/15",
1790442397.453,hud,calib_s,,,,,"G£ô Buffer 6s",
1790442397.453,marker,dr,52.47019016,-1.48029608,351.40,false,,
1790442397.454,marker,reconciled,0.00000000,0.00000000,0.00,false,,
1790442397.556,hud,speed,,,,,"0.0 / 0.0",0.000
1790442397.556,hud,heading,,,,,"0-¦ / 0-¦",0.000
1790442397.556,hud,drift,,,,,"0.00%",0.000
1790442397.557,hud,turns,,,,,"G£ù turns: 0/15",
1790442397.557,hud,calib_s,,,,,"G£ô Buffer 6s",
1790442397.557,marker,dr,52.47019016,-1.48029608,351.40,false,,
1790442397.557,marker,reconciled,0.00000000,0.00000000,0.00,false,,
1790442397.673,hud,speed,,,,,"0.0 / 0.0",0.000
1790442397.674,hud,heading,,,,,"0-¦ / 0-¦",0.000
1790442397.674,hud,drift,,,,,"0.00%",0.000
1790442397.675,hud,turns,,,,,"G£ù turns: 0/15",
1790442397.676,hud,calib_s,,,,,"G£ô Buffer 6s",
1790442397.676,marker,dr,52.47019016,-1.48029608,351.40,false,,
1790442397.676,marker,reconciled,0.00000000,0.00000000,0.00,false,,
1790442397.754,hud,speed,,,,,"0.0 / 0.0",0.000
1790442397.755,hud,heading,,,,,"0-¦ / 0-¦",0.000
1790442397.755,hud,drift,,,,,"0.00%",0.000
1790442397.755,hud,turns,,,,,"G£ù turns: 0/15",
1790442397.756,hud,calib_s,,,,,"G£ô Buffer 6s",
1790442397.756,marker,dr,52.47019016,-1.48029608,351.40,false,,
1790442397.756,marker,reconciled,0.00000000,0.00000000,0.00,false,,
1790442397.863,hud,speed,,,,,"0.0 / 0.0",0.000
1790442397.863,hud,heading,,,,,"0-¦ / 0-¦",0.000
1790442397.864,hud,drift,,,,,"0.00%",0.000
1790442397.864,hud,turns,,,,,"G£ù turns: 0/15",
1790442397.865,hud,calib_s,,,,,"G£ô Buffer 6s",
1790442397.865,marker,dr,52.47019016,-1.48029608,351.40,false,,
1790442397.865,marker,reconciled,0.00000000,0.00000000,0.00,false,,
1790442397.977,hud,speed,,,,,"0.0 / 0.0",0.000
1790442397.978,hud,heading,,,,,"0-¦ / 0-¦",0.000
1790442397.978,hud,drift,,,,,"0.00%",0.000
1790442397.979,hud,turns,,,,,"G£ù turns: 0/15",
1790442397.979,hud,calib_s,,,,,"G£ô Buffer 6s",
1790442397.979,marker,dr,52.47019016,-1.48029608,351.40,false,,
1790442397.980,marker,reconciled,0.00000000,0.00000000,0.00,false,,
1790442398.062,hud,speed,,,,,"0.0 / 0.0",0.000
1790442398.062,hud,heading,,,,,"0-¦ / 0-¦",0.000
1790442398.063,hud,drift,,,,,"0.00%",0.000
1790442398.063,hud,turns,,,,,"G£ù turns: 0/15",
1790442398.063,hud,calib_s,,,,,"G£ô Buffer 6s",
1790442398.063,marker,dr,52.47019016,-1.48029608,351.40,false,,
1790442398.064,marker,reconciled,0.00000000,0.00000000,0.00,false,,
1790442398.161,hud,speed,,,,,"0.0 / 0.0",0.000
1790442398.162,hud,heading,,,,,"0-¦ / 0-¦",0.000
1790442398.162,hud,drift,,,,,"0.00%",0.000
1790442398.162,hud,turns,,,,,"G£ù turns: 0/15",
1790442398.163,hud,calib_s,,,,,"G£ô Buffer 6s",
1790442398.163,marker,dr,52.47019016,-1.48029608,351.40,false,,
1790442398.164,marker,reconciled,0.00000000,0.00000000,0.00,false,,
1790442398.272,hud,speed,,,,,"0.0 / 0.0",0.000
1790442398.273,hud,heading,,,,,"0-¦ / 0-¦",0.000
1790442398.274,hud,drift,,,,,"0.00%",0.000
1790442398.275,hud,turns,,,,,"G£ù turns: 0/15",
1790442398.275,hud,calib_s,,,,,"G£ô Buffer 6s",
1790442398.276,marker,dr,52.47019016,-1.48029608,351.40,false,,
1790442398.277,marker,reconciled,0.00000000,0.00000000,0.00,false,,
1790442398.384,hud,speed,,,,,"0.0 / 0.0",0.000
1790442398.385,hud,heading,,,,,"0-¦ / 0-¦",0.000
1790442398.385,hud,drift,,,,,"0.00%",0.000
1790442398.386,hud,turns,,,,,"G£ù turns: 0/15",
1790442398.386,hud,calib_s,,,,,"G£ô Buffer 6s",
1790442398.386,marker,dr,52.47019016,-1.48029608,351.40,false,,
1790442398.387,marker,reconciled,0.00000000,0.00000000,0.00,false,,
1790442398.467,hud,speed,,,,,"0.0 / 0.0",0.000
1790442398.468,hud,heading,,,,,"0-¦ / 0-¦",0.000
1790442398.469,hud,drift,,,,,"0.00%",0.000
1790442398.469,hud,turns,,,,,"G£ù turns: 0/15",
1790442398.470,hud,calib_s,,,,,"G£ô Buffer 6s",
1790442398.470,marker,dr,52.47019016,-1.48029608,351.40,false,,
1790442398.471,marker,reconciled,0.00000000,0.00000000,0.00,false,,
1790442398.567,hud,speed,,,,,"0.0 / 0.0",0.000
1790442398.567,hud,heading,,,,,"0-¦ / 0-¦",0.000
1790442398.568,hud,drift,,,,,"0.00%",0.000
1790442398.568,hud,turns,,,,,"G£ù turns: 0/15",
1790442398.568,hud,calib_s,,,,,"G£ô Buffer 6s",
1790442398.569,marker,dr,52.47019016,-1.48029608,351.40,false,,
1790442398.569,marker,reconciled,0.00000000,0.00000000,0.00,false,,
1790442398.677,hud,speed,,,,,"0.0 / 0.0",0.000
1790442398.677,hud,heading,,,,,"0-¦ / 0-¦",0.000
1790442398.678,hud,drift,,,,,"0.00%",0.000
1790442398.679,hud,turns,,,,,"G£ù turns: 0/15",
1790442398.679,hud,calib_s,,,,,"G£ô Buffer 6s",
1790442398.680,marker,dr,52.47019016,-1.48029608,351.40,false,,
1790442398.680,marker,reconciled,0.00000000,0.00000000,0.00,false,,
1790442398.791,hud,speed,,,,,"0.0 / 0.0",0.000
1790442398.791,hud,heading,,,,,"0-¦ / 0-¦",0.000
1790442398.791,hud,drift,,,,,"0.00%",0.000
1790442398.792,hud,turns,,,,,"G£ù turns: 0/15",
1790442398.792,hud,calib_s,,,,,"G£ô Buffer 6s",
1790442398.792,marker,dr,52.47019016,-1.48029608,351.40,false,,
1790442398.792,marker,reconciled,0.00000000,0.00000000,0.00,false,,
1790442398.869,hud,speed,,,,,"0.0 / 0.0",0.000
1790442398.870,hud,heading,,,,,"0-¦ / 0-¦",0.000
1790442398.870,hud,drift,,,,,"0.00%",0.000
1790442398.871,hud,turns,,,,,"G£ù turns: 0/15",
1790442398.871,hud,calib_s,,,,,"G£ô Buffer 6s",
1790442398.871,marker,dr,52.47019016,-1.48029608,351.40,false,,
1790442398.872,marker,reconciled,0.00000000,0.00000000,0.00,false,,
1790442398.972,hud,speed,,,,,"0.0 / 0.0",0.000
1790442398.973,hud,heading,,,,,"0-¦ / 0-¦",0.000
1790442398.973,hud,drift,,,,,"0.00%",0.000
1790442398.973,hud,turns,,,,,"G£ù turns: 0/15",
1790442398.973,hud,calib_s,,,,,"G£ô Buffer 6s",
1790442398.974,marker,dr,52.47019016,-1.48029608,351.40,false,,
1790442398.974,marker,reconciled,0.00000000,0.00000000,0.00,false,,
1790442399.081,hud,speed,,,,,"0.0 / 0.0",0.000
1790442399.082,hud,heading,,,,,"0-¦ / 0-¦",0.000
1790442399.083,hud,drift,,,,,"0.00%",0.000
1790442399.083,hud,turns,,,,,"G£ù turns: 0/15",
1790442399.083,hud,calib_s,,,,,"G£ô Buffer 6s",
1790442399.084,marker,dr,52.47019016,-1.48029608,351.40,false,,
1790442399.084,marker,reconciled,0.00000000,0.00000000,0.00,false,,
1790442399.197,hud,speed,,,,,"0.0 / 0.0",0.000
1790442399.197,hud,heading,,,,,"0-¦ / 0-¦",0.000
1790442399.198,hud,drift,,,,,"0.00%",0.000
1790442399.199,hud,turns,,,,,"G£ù turns: 0/15",
1790442399.199,hud,calib_s,,,,,"G£ô Buffer 6s",
1790442399.199,marker,dr,52.47019016,-1.48029608,351.40,false,,
1790442399.199,marker,reconciled,0.00000000,0.00000000,0.00,false,,
1790442399.277,hud,speed,,,,,"0.0 / 0.0",0.000
1790442399.278,hud,heading,,,,,"0-¦ / 0-¦",0.000
1790442399.278,hud,drift,,,,,"0.00%",0.000
1790442399.279,hud,turns,,,,,"G£ù turns: 0/15",
1790442399.279,hud,calib_s,,,,,"G£ô Buffer 6s",
1790442399.279,marker,dr,52.47019016,-1.48029608,351.40,false,,
1790442399.280,marker,reconciled,0.00000000,0.00000000,0.00,false,,
1790442399.378,hud,speed,,,,,"0.0 / 0.0",0.000
1790442399.378,hud,heading,,,,,"0-¦ / 0-¦",0.000
1790442399.378,hud,drift,,,,,"0.00%",0.000
1790442399.379,hud,turns,,,,,"G£ù turns: 0/15",
1790442399.379,hud,calib_s,,,,,"G£ô Buffer 6s",
1790442399.379,marker,dr,52.47019016,-1.48029608,351.40,false,,
1790442399.380,marker,reconciled,0.00000000,0.00000000,0.00,false,,
1790442399.482,hud,speed,,,,,"0.0 / 0.0",0.000
1790442399.483,hud,heading,,,,,"0-¦ / 0-¦",0.000
1790442399.483,hud,drift,,,,,"0.00%",0.000
1790442399.483,hud,turns,,,,,"G£ù turns: 0/15",
1790442399.484,hud,calib_s,,,,,"G£ô Buffer 6s",
1790442399.484,marker,dr,52.47019016,-1.48029608,351.40,false,,
1790442399.484,marker,reconciled,0.00000000,0.00000000,0.00,false,,
1790442399.601,hud,speed,,,,,"0.0 / 0.0",0.000
1790442399.602,hud,heading,,,,,"0-¦ / 0-¦",0.000
1790442399.602,hud,drift,,,,,"0.00%",0.000
1790442399.603,hud,turns,,,,,"G£ù turns: 0/15",
1790442399.603,hud,calib_s,,,,,"G£ô Buffer 6s",
1790442399.604,marker,dr,52.47019016,-1.48029608,351.40,false,,
1790442399.604,marker,reconciled,0.00000000,0.00000000,0.00,false,,
1790442399.687,hud,speed,,,,,"0.0 / 0.0",0.000
1790442399.687,hud,heading,,,,,"0-¦ / 0-¦",0.000
1790442399.688,hud,drift,,,,,"0.00%",0.000
1790442399.688,hud,turns,,,,,"G£ù turns: 0/15",
1790442399.688,hud,calib_s,,,,,"G£ô Buffer 6s",
1790442399.689,marker,dr,52.47019016,-1.48029608,351.40,false,,
1790442399.689,marker,reconciled,0.00000000,0.00000000,0.00,false,,
1790442399.788,hud,speed,,,,,"0.0 / 0.0",0.000
1790442399.789,hud,heading,,,,,"0-¦ / 0-¦",0.000
1790442399.789,hud,drift,,,,,"0.00%",0.000
1790442399.789,hud,turns,,,,,"G£ù turns: 0/15",
1790442399.789,hud,calib_s,,,,,"G£ô Buffer 6s",
1790442399.789,marker,dr,52.47019016,-1.48029608,351.40,false,,
1790442399.790,marker,reconciled,0.00000000,0.00000000,0.00,false,,
1790442399.905,hud,speed,,,,,"0.0 / 0.0",0.000
1790442399.905,hud,heading,,,,,"0-¦ / 0-¦",0.000
1790442399.906,hud,drift,,,,,"0.00%",0.000
1790442399.907,hud,turns,,,,,"G£ù turns: 0/15",
1790442399.907,hud,calib_s,,,,,"G£ô Buffer 6s",
1790442399.907,marker,dr,52.47019016,-1.48029608,351.40,false,,
1790442399.908,marker,reconciled,0.00000000,0.00000000,0.00,false,,
1790442399.987,hud,speed,,,,,"0.0 / 0.0",0.000
1790442399.987,hud,heading,,,,,"0-¦ / 0-¦",0.000
1790442399.988,hud,drift,,,,,"0.00%",0.000
1790442399.988,hud,turns,,,,,"G£ù turns: 0/15",
1790442399.989,hud,calib_s,,,,,"G£ô Buffer 6s",
1790442399.989,marker,dr,52.47019016,-1.48029608,351.40,false,,
1790442399.989,marker,reconciled,0.00000000,0.00000000,0.00,false,,
1790442400.086,hud,speed,,,,,"0.0 / 0.0",0.000
1790442400.086,hud,heading,,,,,"0-¦ / 0-¦",0.000
1790442400.086,hud,drift,,,,,"0.00%",0.000
1790442400.087,hud,turns,,,,,"G£ù turns: 0/15",
1790442400.087,hud,calib_s,,,,,"G£ô Buffer 6s",
1790442400.087,marker,dr,52.47019016,-1.48029608,351.40,false,,
1790442400.088,marker,reconciled,0.00000000,0.00000000,0.00,false,,
1790442400.193,hud,speed,,,,,"0.0 / 0.0",0.000
1790442400.194,hud,heading,,,,,"0-¦ / 0-¦",0.000
1790442400.195,hud,drift,,,,,"0.00%",0.000
1790442400.196,hud,turns,,,,,"G£ù turns: 0/15",
1790442400.196,hud,calib_s,,,,,"G£ô Buffer 6s",
1790442400.197,marker,dr,52.47019016,-1.48029608,351.40,false,,
1790442400.197,marker,reconciled,0.00000000,0.00000000,0.00,false,,
1790442400.315,hud,speed,,,,,"0.0 / 0.0",0.000
1790442400.315,hud,heading,,,,,"0-¦ / 0-¦",0.000
1790442400.316,hud,drift,,,,,"0.00%",0.000
1790442400.317,hud,turns,,,,,"G£ù turns: 0/15",
1790442400.317,hud,calib_s,,,,,"G£ô Buffer 6s",
1790442400.317,marker,dr,52.47019016,-1.48029608,351.40,false,,
1790442400.317,marker,reconciled,0.00000000,0.00000000,0.00,false,,
1790442400.399,hud,speed,,,,,"0.0 / 0.0",0.000
1790442400.400,hud,heading,,,,,"0-¦ / 0-¦",0.000
1790442400.400,hud,drift,,,,,"0.00%",0.000
1790442400.400,hud,turns,,,,,"G£ù turns: 0/15",
1790442400.400,hud,calib_s,,,,,"G£ô Buffer 6s",
1790442400.401,marker,dr,52.47019016,-1.48029608,351.40,false,,
1790442400.401,marker,reconciled,0.00000000,0.00000000,0.00,false,,
1790442400.496,hud,speed,,,,,"0.0 / 0.0",0.000
1790442400.496,hud,heading,,,,,"0-¦ / 0-¦",0.000
1790442400.497,hud,drift,,,,,"0.00%",0.000
1790442400.497,hud,turns,,,,,"G£ù turns: 0/15",
1790442400.497,hud,calib_s,,,,,"G£ô Buffer 6s",
1790442400.497,marker,dr,52.47019016,-1.48029608,351.40,false,,
1790442400.497,marker,reconciled,0.00000000,0.00000000,0.00,false,,
1790442400.598,hud,speed,,,,,"0.0 / 0.0",0.000
1790442400.599,hud,heading,,,,,"0-¦ / 0-¦",0.000
1790442400.599,hud,drift,,,,,"0.00%",0.000
1790442400.600,hud,turns,,,,,"G£ù turns: 0/15",
1790442400.600,hud,calib_s,,,,,"G£ô Buffer 6s",
1790442400.601,marker,dr,52.47019016,-1.48029608,351.40,false,,
1790442400.601,marker,reconciled,0.00000000,0.00000000,0.00,false,,
1790442400.719,hud,speed,,,,,"0.0 / 0.0",0.000
1790442400.719,hud,heading,,,,,"0-¦ / 0-¦",0.000
1790442400.720,hud,drift,,,,,"0.00%",0.000
1790442400.720,hud,turns,,,,,"G£ù turns: 0/15",
1790442400.720,hud,calib_s,,,,,"G£ô Buffer 6s",
1790442400.720,marker,dr,52.47019016,-1.48029608,351.40,false,,
1790442400.721,marker,reconciled,0.00000000,0.00000000,0.00,false,,
1790442400.803,hud,speed,,,,,"0.0 / 0.0",0.000
1790442400.804,hud,heading,,,,,"0-¦ / 0-¦",0.000
1790442400.804,hud,drift,,,,,"0.00%",0.000
1790442400.805,hud,turns,,,,,"G£ù turns: 0/15",
1790442400.806,hud,calib_s,,,,,"G£ô Buffer 6s",
1790442400.806,marker,dr,52.47019016,-1.48029608,351.40,false,,
1790442400.807,marker,reconciled,0.00000000,0.00000000,0.00,false,,
1790442400.904,hud,speed,,,,,"0.0 / 0.0",0.000
1790442400.904,hud,heading,,,,,"0-¦ / 0-¦",0.000
1790442400.905,hud,drift,,,,,"0.00%",0.000
1790442400.905,hud,turns,,,,,"G£ù turns: 0/15",
1790442400.905,hud,calib_s,,,,,"G£ô Buffer 6s",
1790442400.906,marker,dr,52.47019016,-1.48029608,351.40,false,,
1790442400.906,marker,reconciled,0.00000000,0.00000000,0.00,false,,
1790442401.005,hud,speed,,,,,"0.0 / 0.0",0.000
1790442401.006,hud,heading,,,,,"0-¦ / 0-¦",0.000
1790442401.007,hud,drift,,,,,"0.00%",0.000
1790442401.007,hud,turns,,,,,"G£ù turns: 0/15",
1790442401.007,hud,calib_s,,,,,"G£ô Buffer 6s",
1790442401.008,marker,dr,52.47019016,-1.48029608,351.40,false,,
1790442401.008,marker,reconciled,0.00000000,0.00000000,0.00,false,,
1790442401.124,hud,speed,,,,,"0.0 / 0.0",0.000
1790442401.125,hud,heading,,,,,"0-¦ / 0-¦",0.000
1790442401.125,hud,drift,,,,,"0.00%",0.000
1790442401.126,hud,turns,,,,,"G£ù turns: 0/15",
1790442401.126,hud,calib_s,,,,,"G£ô Buffer 6s",
1790442401.126,marker,dr,52.47019016,-1.48029608,351.40,false,,
1790442401.127,marker,reconciled,0.00000000,0.00000000,0.00,false,,
1790442401.205,hud,speed,,,,,"0.0 / 0.0",0.000
1790442401.206,hud,heading,,,,,"0-¦ / 0-¦",0.000
1790442401.207,hud,drift,,,,,"0.00%",0.000
1790442401.208,hud,turns,,,,,"G£ù turns: 0/15",
1790442401.208,hud,calib_s,,,,,"G£ô Buffer 6s",
1790442401.208,marker,dr,52.47019016,-1.48029608,351.40,false,,
1790442401.209,marker,reconciled,0.00000000,0.00000000,0.00,false,,
1790442401.308,hud,speed,,,,,"0.0 / 0.0",0.000
1790442401.309,hud,heading,,,,,"0-¦ / 0-¦",0.000
1790442401.309,hud,drift,,,,,"0.00%",0.000
1790442401.310,hud,turns,,,,,"G£ù turns: 0/15",
1790442401.310,hud,calib_s,,,,,"G£ô Buffer 6s",
1790442401.310,marker,dr,52.47019016,-1.48029608,351.40,false,,
1790442401.311,marker,reconciled,0.00000000,0.00000000,0.00,false,,
1790442401.431,hud,speed,,,,,"0.0 / 0.0",0.000
1790442401.431,hud,heading,,,,,"0-¦ / 0-¦",0.000
1790442401.432,hud,drift,,,,,"0.00%",0.000
1790442401.432,hud,turns,,,,,"G£ù turns: 0/15",
1790442401.432,hud,calib_s,,,,,"G£ô Buffer 6s",
1790442401.432,marker,dr,52.47019016,-1.48029608,351.40,false,,
1790442401.433,marker,reconciled,0.00000000,0.00000000,0.00,false,,
1790442401.512,hud,speed,,,,,"0.0 / 0.0",0.000
1790442401.512,hud,heading,,,,,"0-¦ / 0-¦",0.000
1790442401.513,hud,drift,,,,,"0.00%",0.000
1790442401.513,hud,turns,,,,,"G£ù turns: 0/15",
1790442401.513,hud,calib_s,,,,,"G£ô Buffer 6s",
1790442401.513,marker,dr,52.47019016,-1.48029608,351.40,false,,
1790442401.513,marker,reconciled,0.00000000,0.00000000,0.00,false,,
1790442401.612,hud,speed,,,,,"0.0 / 0.0",0.000
1790442401.612,hud,heading,,,,,"0-¦ / 0-¦",0.000
1790442401.613,hud,drift,,,,,"0.00%",0.000
1790442401.613,hud,turns,,,,,"G£ù turns: 0/15",
1790442401.613,hud,calib_s,,,,,"G£ô Buffer 6s",
1790442401.613,marker,dr,52.47019016,-1.48029608,351.40,false,,
1790442401.614,marker,reconciled,0.00000000,0.00000000,0.00,false,,
1790442401.712,hud,speed,,,,,"0.0 / 0.0",0.000
1790442401.713,hud,heading,,,,,"0-¦ / 0-¦",0.000
1790442401.713,hud,drift,,,,,"0.00%",0.000
1790442401.713,hud,turns,,,,,"G£ù turns: 0/15",
1790442401.714,hud,calib_s,,,,,"G£ô Buffer 6s",
1790442401.714,marker,dr,52.47019016,-1.48029608,351.40,false,,
1790442401.715,marker,reconciled,0.00000000,0.00000000,0.00,false,,
1790442401.836,hud,speed,,,,,"0.0 / 0.0",0.000
1790442401.837,hud,heading,,,,,"0-¦ / 0-¦",0.000
1790442401.837,hud,drift,,,,,"0.00%",0.000
1790442401.838,hud,turns,,,,,"G£ù turns: 0/15",
1790442401.838,hud,calib_s,,,,,"G£ô Buffer 6s",
1790442401.838,marker,dr,52.47019016,-1.48029608,351.40,false,,
1790442401.839,marker,reconciled,0.00000000,0.00000000,0.00,false,,
1790442401.914,hud,speed,,,,,"0.0 / 0.0",0.000
1790442401.914,hud,heading,,,,,"0-¦ / 0-¦",0.000
1790442401.915,hud,drift,,,,,"0.00%",0.000
1790442401.915,hud,turns,,,,,"G£ù turns: 0/15",
1790442401.915,hud,calib_s,,,,,"G£ô Buffer 6s",
1790442401.915,marker,dr,52.47019016,-1.48029608,351.40,false,,
1790442401.916,marker,reconciled,0.00000000,0.00000000,0.00,false,,
1790442402.017,hud,speed,,,,,"0.0 / 0.0",0.000
1790442402.017,hud,heading,,,,,"0-¦ / 0-¦",0.000
1790442402.017,hud,drift,,,,,"0.00%",0.000
1790442402.018,hud,turns,,,,,"G£ù turns: 0/15",
1790442402.018,hud,calib_s,,,,,"G£ô Buffer 6s",
1790442402.018,marker,dr,52.47019016,-1.48029608,351.40,false,,
1790442402.019,marker,reconciled,0.00000000,0.00000000,0.00,false,,
1790442402.116,hud,speed,,,,,"0.0 / 0.0",0.000
1790442402.117,hud,heading,,,,,"0-¦ / 0-¦",0.000
1790442402.117,hud,drift,,,,,"0.00%",0.000
1790442402.117,hud,turns,,,,,"G£ù turns: 0/15",
1790442402.117,hud,calib_s,,,,,"G£ô Buffer 6s",
1790442402.117,marker,dr,52.47019016,-1.48029608,351.40,false,,
1790442402.117,marker,reconciled,0.00000000,0.00000000,0.00,false,,
1790442402.241,hud,speed,,,,,"0.0 / 0.0",0.000
1790442402.242,hud,heading,,,,,"0-¦ / 0-¦",0.000
1790442402.242,hud,drift,,,,,"0.00%",0.000
1790442402.243,hud,turns,,,,,"G£ù turns: 0/15",
1790442402.243,hud,calib_s,,,,,"G£ô Buffer 6s",
1790442402.244,marker,dr,52.47019016,-1.48029608,351.40,false,,
1790442402.244,marker,reconciled,0.00000000,0.00000000,0.00,false,,
1790442402.323,hud,speed,,,,,"0.0 / 0.0",0.000
1790442402.323,hud,heading,,,,,"0-¦ / 0-¦",0.000
1790442402.324,hud,drift,,,,,"0.00%",0.000
1790442402.324,hud,turns,,,,,"G£ù turns: 0/15",
1790442402.325,hud,calib_s,,,,,"G£ô Buffer 6s",
1790442402.325,marker,dr,52.47019016,-1.48029608,351.40,false,,
1790442402.325,marker,reconciled,0.00000000,0.00000000,0.00,false,,
1790442402.422,hud,speed,,,,,"0.0 / 0.0",0.000
1790442402.423,hud,heading,,,,,"0-¦ / 0-¦",0.000
1790442402.424,hud,drift,,,,,"0.00%",0.000
1790442402.424,hud,turns,,,,,"G£ù turns: 0/15",
1790442402.424,hud,calib_s,,,,,"G£ô Buffer 6s",
1790442402.425,marker,dr,52.47019016,-1.48029608,351.40,false,,
1790442402.425,marker,reconciled,0.00000000,0.00000000,0.00,false,,
1790442402.524,hud,speed,,,,,"0.0 / 0.0",0.000
1790442402.524,hud,heading,,,,,"0-¦ / 0-¦",0.000
1790442402.525,hud,drift,,,,,"0.00%",0.000
1790442402.525,hud,turns,,,,,"G£ù turns: 0/15",
1790442402.525,hud,calib_s,,,,,"G£ô Buffer 6s",
1790442402.525,marker,dr,52.47019016,-1.48029608,351.40,false,,
1790442402.526,marker,reconciled,0.00000000,0.00000000,0.00,false,,
1790442402.646,hud,speed,,,,,"0.0 / 0.0",0.000
1790442402.647,hud,heading,,,,,"0-¦ / 0-¦",0.000
1790442402.647,hud,drift,,,,,"0.00%",0.000
1790442402.647,hud,turns,,,,,"G£ù turns: 0/15",
1790442402.647,hud,calib_s,,,,,"G£ô Buffer 6s",
1790442402.648,marker,dr,52.47019016,-1.48029608,351.40,false,,
1790442402.648,marker,reconciled,0.00000000,0.00000000,0.00,false,,
1790442402.726,hud,speed,,,,,"0.0 / 0.0",0.000
1790442402.727,hud,heading,,,,,"0-¦ / 0-¦",0.000
1790442402.727,hud,drift,,,,,"0.00%",0.000
1790442402.728,hud,turns,,,,,"G£ù turns: 0/15",
1790442402.728,hud,calib_s,,,,,"G£ô Buffer 6s",
1790442402.728,marker,dr,52.47019016,-1.48029608,351.40,false,,
1790442402.729,marker,reconciled,0.00000000,0.00000000,0.00,false,,
1790442402.827,hud,speed,,,,,"0.0 / 0.0",0.000
1790442402.828,hud,heading,,,,,"0-¦ / 0-¦",0.000
1790442402.828,hud,drift,,,,,"0.00%",0.000
1790442402.828,hud,turns,,,,,"G£ù turns: 0/15",
1790442402.829,hud,calib_s,,,,,"G£ô Buffer 6s",
1790442402.829,marker,dr,52.47019016,-1.48029608,351.40,false,,
1790442402.829,marker,reconciled,0.00000000,0.00000000,0.00,false,,
1790442402.928,hud,speed,,,,,"0.0 / 0.0",0.000
1790442402.929,hud,heading,,,,,"0-¦ / 0-¦",0.000
1790442402.929,hud,drift,,,,,"0.00%",0.000
1790442402.929,hud,turns,,,,,"G£ù turns: 0/15",
1790442402.929,hud,calib_s,,,,,"G£ô Buffer 6s",
1790442402.930,marker,dr,52.47019016,-1.48029608,351.40,false,,
1790442402.930,marker,reconciled,0.00000000,0.00000000,0.00,false,,
1790442403.052,hud,speed,,,,,"0.0 / 0.0",0.000
1790442403.053,hud,heading,,,,,"0-¦ / 0-¦",0.000
1790442403.053,hud,drift,,,,,"0.00%",0.000
1790442403.054,hud,turns,,,,,"G£ù turns: 0/15",
1790442403.054,hud,calib_s,,,,,"G£ô Buffer 6s",
1790442403.055,marker,dr,52.47019016,-1.48029608,351.40,false,,
1790442403.055,marker,reconciled,0.00000000,0.00000000,0.00,false,,
1790442403.131,hud,speed,,,,,"0.0 / 0.0",0.000
1790442403.131,hud,heading,,,,,"0-¦ / 0-¦",0.000
1790442403.131,hud,drift,,,,,"0.00%",0.000
1790442403.132,hud,turns,,,,,"G£ù turns: 0/15",
1790442403.132,hud,calib_s,,,,,"G£ô Buffer 6s",
1790442403.132,marker,dr,52.47019016,-1.48029608,351.40,false,,
1790442403.133,marker,reconciled,0.00000000,0.00000000,0.00,false,,
1790442403.231,hud,speed,,,,,"0.0 / 0.0",0.000
1790442403.232,hud,heading,,,,,"0-¦ / 0-¦",0.000
1790442403.232,hud,drift,,,,,"0.00%",0.000
1790442403.232,hud,turns,,,,,"G£ù turns: 0/15",
1790442403.232,hud,calib_s,,,,,"G£ô Buffer 6s",
1790442403.232,marker,dr,52.47019016,-1.48029608,351.40,false,,
1790442403.232,marker,reconciled,0.00000000,0.00000000,0.00,false,,
1790442403.337,hud,speed,,,,,"0.0 / 0.0",0.000
1790442403.337,hud,heading,,,,,"0-¦ / 0-¦",0.000
1790442403.338,hud,drift,,,,,"0.00%",0.000
1790442403.338,hud,turns,,,,,"G£ù turns: 0/15",
1790442403.339,hud,calib_s,,,,,"G£ô Buffer 6s",
1790442403.339,marker,dr,52.47019016,-1.48029608,351.40,false,,
1790442403.340,marker,reconciled,0.00000000,0.00000000,0.00,false,,
1790442403.460,hud,speed,,,,,"0.0 / 0.0",0.000
1790442403.460,hud,heading,,,,,"0-¦ / 0-¦",0.000
1790442403.460,hud,drift,,,,,"0.00%",0.000
1790442403.461,hud,turns,,,,,"G£ù turns: 0/15",
1790442403.461,hud,calib_s,,,,,"G£ô Buffer 6s",
1790442403.461,marker,dr,52.47019016,-1.48029608,351.40,false,,
1790442403.462,marker,reconciled,0.00000000,0.00000000,0.00,false,,
1790442403.538,hud,speed,,,,,"0.0 / 0.0",0.000
1790442403.538,hud,heading,,,,,"0-¦ / 0-¦",0.000
1790442403.539,hud,drift,,,,,"0.00%",0.000
1790442403.539,hud,turns,,,,,"G£ù turns: 0/15",
1790442403.540,hud,calib_s,,,,,"G£ô Buffer 6s",
1790442403.540,marker,dr,52.47019016,-1.48029608,351.40,false,,
1790442403.541,marker,reconciled,0.00000000,0.00000000,0.00,false,,
1790442403.638,hud,speed,,,,,"0.0 / 0.0",0.000
1790442403.639,hud,heading,,,,,"0-¦ / 0-¦",0.000
1790442403.639,hud,drift,,,,,"0.00%",0.000
1790442403.639,hud,turns,,,,,"G£ù turns: 0/15",
1790442403.640,hud,calib_s,,,,,"G£ô Buffer 6s",
1790442403.640,marker,dr,52.47019016,-1.48029608,351.40,false,,
1790442403.640,marker,reconciled,0.00000000,0.00000000,0.00,false,,
1790442403.760,hud,speed,,,,,"0.0 / 0.0",0.000
1790442403.760,hud,heading,,,,,"0-¦ / 0-¦",0.000
1790442403.760,hud,drift,,,,,"0.00%",0.000
1790442403.761,hud,turns,,,,,"G£ù turns: 0/15",
1790442403.761,hud,calib_s,,,,,"G£ô Buffer 6s",
1790442403.761,marker,dr,52.47019016,-1.48029608,351.40,false,,
1790442403.762,marker,reconciled,0.00000000,0.00000000,0.00,false,,
1790442403.845,hud,speed,,,,,"0.0 / 0.0",0.000
1790442403.845,hud,heading,,,,,"0-¦ / 0-¦",0.000
1790442403.846,hud,drift,,,,,"0.00%",0.000
1790442403.847,hud,turns,,,,,"G£ù turns: 0/15",
1790442403.847,hud,calib_s,,,,,"G£ô Buffer 6s",
1790442403.847,marker,dr,52.47019016,-1.48029608,351.40,false,,
1790442403.848,marker,reconciled,0.00000000,0.00000000,0.00,false,,
1790442403.943,hud,speed,,,,,"0.0 / 0.0",0.000
1790442403.944,hud,heading,,,,,"0-¦ / 0-¦",0.000
1790442403.944,hud,drift,,,,,"0.00%",0.000
1790442403.944,hud,turns,,,,,"G£ù turns: 0/15",
1790442403.945,hud,calib_s,,,,,"G£ô Buffer 6s",
1790442403.945,marker,dr,52.47019016,-1.48029608,351.40,false,,
1790442403.945,marker,reconciled,0.00000000,0.00000000,0.00,false,,
1790442404.045,hud,speed,,,,,"0.0 / 0.0",0.000
1790442404.046,hud,heading,,,,,"0-¦ / 0-¦",0.000
1790442404.046,hud,drift,,,,,"0.00%",0.000
1790442404.047,hud,turns,,,,,"G£ù turns: 0/15",
1790442404.047,hud,calib_s,,,,,"G£ô Buffer 6s",
1790442404.047,marker,dr,52.47019016,-1.48029608,351.40,false,,
1790442404.047,marker,reconciled,0.00000000,0.00000000,0.00,false,,
1790442404.166,hud,speed,,,,,"0.0 / 0.0",0.000
1790442404.166,hud,heading,,,,,"0-¦ / 0-¦",0.000
1790442404.167,hud,drift,,,,,"0.00%",0.000
1790442404.167,hud,turns,,,,,"G£ù turns: 0/15",
1790442404.167,hud,calib_s,,,,,"G£ô Buffer 6s",
1790442404.167,marker,dr,52.47019016,-1.48029608,351.40,false,,
1790442404.168,marker,reconciled,0.00000000,0.00000000,0.00,false,,
1790442404.252,hud,speed,,,,,"0.0 / 0.0",0.000
1790442404.253,hud,heading,,,,,"0-¦ / 0-¦",0.000
1790442404.253,hud,drift,,,,,"0.00%",0.000
1790442404.253,hud,turns,,,,,"G£ù turns: 0/15",
1790442404.254,hud,calib_s,,,,,"G£ô Buffer 6s",
1790442404.254,marker,dr,52.47019016,-1.48029608,351.40,false,,
1790442404.255,marker,reconciled,0.00000000,0.00000000,0.00,false,,
1790442404.347,hud,speed,,,,,"0.0 / 0.0",0.000
1790442404.348,hud,heading,,,,,"0-¦ / 0-¦",0.000
1790442404.348,hud,drift,,,,,"0.00%",0.000
1790442404.348,hud,turns,,,,,"G£ù turns: 0/15",
1790442404.348,hud,calib_s,,,,,"G£ô Buffer 6s",
1790442404.348,marker,dr,52.47019016,-1.48029608,351.40,false,,
1790442404.349,marker,reconciled,0.00000000,0.00000000,0.00,false,,
1790442404.455,hud,speed,,,,,"0.0 / 0.0",0.000
1790442404.456,hud,heading,,,,,"0-¦ / 0-¦",0.000
1790442404.456,hud,drift,,,,,"0.00%",0.000
1790442404.456,hud,turns,,,,,"G£ù turns: 0/15",
1790442404.457,hud,calib_s,,,,,"G£ô Buffer 6s",
1790442404.457,marker,dr,52.47019016,-1.48029608,351.40,false,,
1790442404.457,marker,reconciled,0.00000000,0.00000000,0.00,false,,
1790442404.572,hud,speed,,,,,"0.0 / 0.0",0.000
1790442404.573,hud,heading,,,,,"0-¦ / 0-¦",0.000
1790442404.574,hud,drift,,,,,"0.00%",0.000
1790442404.574,hud,turns,,,,,"G£ù turns: 0/15",
1790442404.575,hud,calib_s,,,,,"G£ô Buffer 6s",
1790442404.575,marker,dr,52.47019016,-1.48029608,351.40,false,,
1790442404.575,marker,reconciled,0.00000000,0.00000000,0.00,false,,
1790442404.659,hud,speed,,,,,"0.0 / 0.0",0.000
1790442404.660,hud,heading,,,,,"0-¦ / 0-¦",0.000
1790442404.660,hud,drift,,,,,"0.00%",0.000
1790442404.661,hud,turns,,,,,"G£ù turns: 0/15",
1790442404.661,hud,calib_s,,,,,"G£ô Buffer 6s",
1790442404.662,marker,dr,52.47019016,-1.48029608,351.40,false,,
1790442404.662,marker,reconciled,0.00000000,0.00000000,0.00,false,,
1790442404.753,hud,speed,,,,,"0.0 / 0.0",0.000
1790442404.753,hud,heading,,,,,"0-¦ / 0-¦",0.000
1790442404.754,hud,drift,,,,,"0.00%",0.000
1790442404.754,hud,turns,,,,,"G£ù turns: 0/15",
1790442404.755,hud,calib_s,,,,,"G£ô Buffer 6s",
1790442404.755,marker,dr,52.47019016,-1.48029608,351.40,false,,
1790442404.756,marker,reconciled,0.00000000,0.00000000,0.00,false,,
1790442404.856,hud,speed,,,,,"0.0 / 0.0",0.000
1790442404.857,hud,heading,,,,,"0-¦ / 0-¦",0.000
1790442404.857,hud,drift,,,,,"0.00%",0.000
1790442404.858,hud,turns,,,,,"G£ù turns: 0/15",
1790442404.858,hud,calib_s,,,,,"G£ô Buffer 6s",
1790442404.858,marker,dr,52.47019016,-1.48029608,351.40,false,,
1790442404.859,marker,reconciled,0.00000000,0.00000000,0.00,false,,
1790442404.975,hud,speed,,,,,"0.0 / 0.0",0.000
1790442404.975,hud,heading,,,,,"0-¦ / 0-¦",0.000
1790442404.976,hud,drift,,,,,"0.00%",0.000
1790442404.976,hud,turns,,,,,"G£ù turns: 0/15",
1790442404.976,hud,calib_s,,,,,"G£ô Buffer 6s",
1790442404.977,marker,dr,52.47019016,-1.48029608,351.40,false,,
1790442404.977,marker,reconciled,0.00000000,0.00000000,0.00,false,,
1790442405.063,hud,speed,,,,,"0.0 / 0.0",0.000
1790442405.063,hud,heading,,,,,"0-¦ / 0-¦",0.000
1790442405.064,hud,drift,,,,,"0.00%",0.000
1790442405.064,hud,turns,,,,,"G£ù turns: 0/15",
1790442405.064,hud,calib_s,,,,,"G£ô Buffer 6s",
1790442405.065,marker,dr,52.47019016,-1.48029608,351.40,false,,
1790442405.065,marker,reconciled,0.00000000,0.00000000,0.00,false,,
1790442405.164,hud,speed,,,,,"0.0 / 0.0",0.000
1790442405.164,hud,heading,,,,,"0-¦ / 0-¦",0.000
1790442405.165,hud,drift,,,,,"0.00%",0.000
1790442405.165,hud,turns,,,,,"G£ù turns: 0/15",
1790442405.165,hud,calib_s,,,,,"G£ô Buffer 6s",
1790442405.166,marker,dr,52.47019016,-1.48029608,351.40,false,,
1790442405.166,marker,reconciled,0.00000000,0.00000000,0.00,false,,
1790442405.261,hud,speed,,,,,"0.0 / 0.0",0.000
1790442405.261,hud,heading,,,,,"0-¦ / 0-¦",0.000
1790442405.262,hud,drift,,,,,"0.00%",0.000
1790442405.262,hud,turns,,,,,"G£ù turns: 0/15",
1790442405.263,hud,calib_s,,,,,"G£ô Buffer 6s",
1790442405.263,marker,dr,52.47019016,-1.48029608,351.40,false,,
1790442405.263,marker,reconciled,0.00000000,0.00000000,0.00,false,,
1790442405.382,hud,speed,,,,,"0.0 / 0.0",0.000
1790442405.382,hud,heading,,,,,"0-¦ / 0-¦",0.000
1790442405.383,hud,drift,,,,,"0.00%",0.000
1790442405.383,hud,turns,,,,,"G£ù turns: 0/15",
1790442405.383,hud,calib_s,,,,,"G£ô Buffer 6s",
1790442405.384,marker,dr,52.47019016,-1.48029608,351.40,false,,
1790442405.384,marker,reconciled,0.00000000,0.00000000,0.00,false,,
1790442405.472,hud,speed,,,,,"0.0 / 0.0",0.000
1790442405.472,hud,heading,,,,,"0-¦ / 0-¦",0.000
1790442405.473,hud,drift,,,,,"0.00%",0.000
1790442405.473,hud,turns,,,,,"G£ù turns: 0/15",
1790442405.473,hud,calib_s,,,,,"G£ô Buffer 6s",
1790442405.474,marker,dr,52.47019016,-1.48029608,351.40,false,,
1790442405.475,marker,reconciled,0.00000000,0.00000000,0.00,false,,
1790442405.569,hud,speed,,,,,"0.0 / 0.0",0.000
1790442405.570,hud,heading,,,,,"0-¦ / 0-¦",0.000
1790442405.570,hud,drift,,,,,"0.00%",0.000
1790442405.571,hud,turns,,,,,"G£ù turns: 0/15",
1790442405.571,hud,calib_s,,,,,"G£ô Buffer 6s",
1790442405.571,marker,dr,52.47019016,-1.48029608,351.40,false,,
1790442405.571,marker,reconciled,0.00000000,0.00000000,0.00,false,,
1790442405.685,hud,speed,,,,,"0.0 / 0.0",0.000
1790442405.685,hud,heading,,,,,"0-¦ / 0-¦",0.000
1790442405.686,hud,drift,,,,,"0.00%",0.000
1790442405.686,hud,turns,,,,,"G£ù turns: 0/15",
1790442405.687,hud,calib_s,,,,,"G£ô Buffer 6s",
1790442405.687,marker,dr,52.47019016,-1.48029608,351.40,false,,
1790442405.687,marker,reconciled,0.00000000,0.00000000,0.00,false,,
1790442405.769,hud,speed,,,,,"0.0 / 0.0",0.000
1790442405.770,hud,heading,,,,,"0-¦ / 0-¦",0.000
1790442405.770,hud,drift,,,,,"0.00%",0.000
1790442405.771,hud,turns,,,,,"G£ù turns: 0/15",
1790442405.771,hud,calib_s,,,,,"G£ô Buffer 6s",
1790442405.771,marker,dr,52.47019016,-1.48029608,351.40,false,,
1790442405.771,marker,reconciled,0.00000000,0.00000000,0.00,false,,
1790442405.878,hud,speed,,,,,"0.0 / 0.0",0.000
1790442405.878,hud,heading,,,,,"0-¦ / 0-¦",0.000
1790442405.878,hud,drift,,,,,"0.00%",0.000
1790442405.879,hud,turns,,,,,"G£ù turns: 0/15",
1790442405.879,hud,calib_s,,,,,"G£ô Buffer 6s",
1790442405.879,marker,dr,52.47019016,-1.48029608,351.40,false,,
1790442405.880,marker,reconciled,0.00000000,0.00000000,0.00,false,,
1790442405.972,hud,speed,,,,,"0.0 / 0.0",0.000
1790442405.972,hud,heading,,,,,"0-¦ / 0-¦",0.000
1790442405.973,hud,drift,,,,,"0.00%",0.000
1790442405.973,hud,turns,,,,,"G£ù turns: 0/15",
1790442405.973,hud,calib_s,,,,,"G£ô Buffer 6s",
1790442405.973,marker,dr,52.47019016,-1.48029608,351.40,false,,
1790442405.974,marker,reconciled,0.00000000,0.00000000,0.00,false,,
1790442406.093,hud,speed,,,,,"0.0 / 0.0",0.000
1790442406.093,hud,heading,,,,,"0-¦ / 0-¦",0.000
1790442406.094,hud,drift,,,,,"0.00%",0.000
1790442406.094,hud,turns,,,,,"G£ù turns: 0/15",
1790442406.095,hud,calib_s,,,,,"G£ô Buffer 6s",
1790442406.095,marker,dr,52.47019016,-1.48029608,351.40,false,,
1790442406.095,marker,reconciled,0.00000000,0.00000000,0.00,false,,
1790442406.171,hud,speed,,,,,"0.0 / 0.0",0.000
1790442406.171,hud,heading,,,,,"0-¦ / 0-¦",0.000
1790442406.171,hud,drift,,,,,"0.00%",0.000
1790442406.172,hud,turns,,,,,"G£ù turns: 0/15",
1790442406.172,hud,calib_s,,,,,"G£ô Buffer 6s",
1790442406.172,marker,dr,52.47019016,-1.48029608,351.40,false,,
1790442406.172,marker,reconciled,0.00000000,0.00000000,0.00,false,,
1790442406.281,hud,speed,,,,,"0.0 / 0.0",0.000
1790442406.281,hud,heading,,,,,"0-¦ / 0-¦",0.000
1790442406.282,hud,drift,,,,,"0.00%",0.000
1790442406.283,hud,turns,,,,,"G£ù turns: 0/15",
1790442406.283,hud,calib_s,,,,,"G£ô Buffer 6s",
1790442406.283,marker,dr,52.47019016,-1.48029608,351.40,false,,
1790442406.284,marker,reconciled,0.00000000,0.00000000,0.00,false,,
1790442406.376,hud,speed,,,,,"0.0 / 0.0",0.000
1790442406.376,hud,heading,,,,,"0-¦ / 0-¦",0.000
1790442406.376,hud,drift,,,,,"0.00%",0.000
1790442406.377,hud,turns,,,,,"G£ù turns: 0/15",
1790442406.377,hud,calib_s,,,,,"G£ô Buffer 6s",
1790442406.377,marker,dr,52.47019016,-1.48029608,351.40,false,,
1790442406.377,marker,reconciled,0.00000000,0.00000000,0.00,false,,
1790442406.497,hud,speed,,,,,"0.0 / 0.0",0.000
1790442406.498,hud,heading,,,,,"0-¦ / 0-¦",0.000
1790442406.499,hud,drift,,,,,"0.00%",0.000
1790442406.499,hud,turns,,,,,"G£ù turns: 0/15",
1790442406.499,hud,calib_s,,,,,"G£ô Buffer 6s",
1790442406.499,marker,dr,52.47019016,-1.48029608,351.40,false,,
1790442406.500,marker,reconciled,0.00000000,0.00000000,0.00,false,,
1790442406.579,hud,speed,,,,,"0.0 / 0.0",0.000
1790442406.580,hud,heading,,,,,"0-¦ / 0-¦",0.000
1790442406.580,hud,drift,,,,,"0.00%",0.000
1790442406.581,hud,turns,,,,,"G£ù turns: 0/15",
1790442406.581,hud,calib_s,,,,,"G£ô Buffer 6s",
1790442406.581,marker,dr,52.47019016,-1.48029608,351.40,false,,
1790442406.582,marker,reconciled,0.00000000,0.00000000,0.00,false,,
1790442406.684,hud,speed,,,,,"0.0 / 0.0",0.000
1790442406.685,hud,heading,,,,,"0-¦ / 0-¦",0.000
1790442406.685,hud,drift,,,,,"0.00%",0.000
1790442406.685,hud,turns,,,,,"G£ù turns: 0/15",
1790442406.686,hud,calib_s,,,,,"G£ô Buffer 6s",
1790442406.686,marker,dr,52.47019016,-1.48029608,351.40,false,,
1790442406.687,marker,reconciled,0.00000000,0.00000000,0.00,false,,
1790442406.785,hud,speed,,,,,"0.0 / 0.0",0.000
1790442406.787,hud,heading,,,,,"0-¦ / 0-¦",0.000
1790442406.787,hud,drift,,,,,"0.00%",0.000
1790442406.788,hud,turns,,,,,"G£ù turns: 0/15",
1790442406.788,hud,calib_s,,,,,"G£ô Buffer 6s",
1790442406.789,marker,dr,52.47019016,-1.48029608,351.40,false,,
1790442406.789,marker,reconciled,0.00000000,0.00000000,0.00,false,,
1790442406.902,hud,speed,,,,,"0.0 / 0.0",0.000
1790442406.902,hud,heading,,,,,"0-¦ / 0-¦",0.000
1790442406.903,hud,drift,,,,,"0.00%",0.000
1790442406.903,hud,turns,,,,,"G£ù turns: 0/15",
1790442406.903,hud,calib_s,,,,,"G£ô Buffer 6s",
1790442406.904,marker,dr,52.47019016,-1.48029608,351.40,false,,
1790442406.904,marker,reconciled,0.00000000,0.00000000,0.00,false,,
1790442406.983,hud,speed,,,,,"0.0 / 0.0",0.000
1790442406.983,hud,heading,,,,,"0-¦ / 0-¦",0.000
1790442406.984,hud,drift,,,,,"0.00%",0.000
1790442406.984,hud,turns,,,,,"G£ù turns: 0/15",
1790442406.984,hud,calib_s,,,,,"G£ô Buffer 6s",
1790442406.984,marker,dr,52.47019016,-1.48029608,351.40,false,,
1790442406.985,marker,reconciled,0.00000000,0.00000000,0.00,false,,
1790442407.091,hud,speed,,,,,"0.0 / 0.0",0.000
1790442407.091,hud,heading,,,,,"0-¦ / 0-¦",0.000
1790442407.092,hud,drift,,,,,"0.00%",0.000
1790442407.092,hud,turns,,,,,"G£ù turns: 0/15",
1790442407.092,hud,calib_s,,,,,"G£ô Buffer 6s",
1790442407.092,marker,dr,52.47019016,-1.48029608,351.40,false,,
1790442407.092,marker,reconciled,0.00000000,0.00000000,0.00,false,,
1790442407.190,hud,speed,,,,,"0.0 / 0.0",0.000
1790442407.190,hud,heading,,,,,"0-¦ / 0-¦",0.000
1790442407.191,hud,drift,,,,,"0.00%",0.000
1790442407.191,hud,turns,,,,,"G£ù turns: 0/15",
1790442407.191,hud,calib_s,,,,,"G£ô Buffer 6s",
1790442407.191,marker,dr,52.47019016,-1.48029608,351.40,false,,
1790442407.191,marker,reconciled,0.00000000,0.00000000,0.00,false,,
1790442407.308,hud,speed,,,,,"0.0 / 0.0",0.000
1790442407.309,hud,heading,,,,,"0-¦ / 0-¦",0.000
1790442407.309,hud,drift,,,,,"0.00%",0.000
1790442407.310,hud,turns,,,,,"G£ù turns: 0/15",
1790442407.310,hud,calib_s,,,,,"G£ô Buffer 6s",
1790442407.310,marker,dr,52.47019016,-1.48029608,351.40,false,,
1790442407.311,marker,reconciled,0.00000000,0.00000000,0.00,false,,
1790442407.389,hud,speed,,,,,"0.0 / 0.0",0.000
1790442407.390,hud,heading,,,,,"0-¦ / 0-¦",0.000
1790442407.391,hud,drift,,,,,"0.00%",0.000
1790442407.391,hud,turns,,,,,"G£ù turns: 0/15",
1790442407.392,hud,calib_s,,,,,"G£ô Buffer 6s",
1790442407.392,marker,dr,52.47019016,-1.48029608,351.40,false,,
1790442407.393,marker,reconciled,0.00000000,0.00000000,0.00,false,,
1790442407.500,hud,speed,,,,,"0.0 / 0.0",0.000
1790442407.501,hud,heading,,,,,"0-¦ / 0-¦",0.000
1790442407.501,hud,drift,,,,,"0.00%",0.000
1790442407.502,hud,turns,,,,,"G£ù turns: 0/15",
1790442407.503,hud,calib_s,,,,,"G£ô Buffer 6s",
1790442407.503,marker,dr,52.47019016,-1.48029608,351.40,false,,
1790442407.504,marker,reconciled,0.00000000,0.00000000,0.00,false,,
1790442407.614,hud,speed,,,,,"0.0 / 0.0",0.000
1790442407.615,hud,heading,,,,,"0-¦ / 0-¦",0.000
1790442407.615,hud,drift,,,,,"0.00%",0.000
1790442407.615,hud,turns,,,,,"G£ù turns: 0/15",
1790442407.616,hud,calib_s,,,,,"G£ô Buffer 6s",
1790442407.616,marker,dr,52.47019016,-1.48029608,351.40,false,,
1790442407.616,marker,reconciled,0.00000000,0.00000000,0.00,false,,
1790442407.692,hud,speed,,,,,"0.0 / 0.0",0.000
1790442407.692,hud,heading,,,,,"0-¦ / 0-¦",0.000
1790442407.693,hud,drift,,,,,"0.00%",0.000
1790442407.693,hud,turns,,,,,"G£ù turns: 0/15",
1790442407.693,hud,calib_s,,,,,"G£ô Buffer 6s",
1790442407.693,marker,dr,52.47019016,-1.48029608,351.40,false,,
1790442407.693,marker,reconciled,0.00000000,0.00000000,0.00,false,,
1790442407.795,hud,speed,,,,,"0.0 / 0.0",0.000
1790442407.796,hud,heading,,,,,"0-¦ / 0-¦",0.000
1790442407.796,hud,drift,,,,,"0.00%",0.000
1790442407.797,hud,turns,,,,,"G£ù turns: 0/15",
1790442407.797,hud,calib_s,,,,,"G£ô Buffer 6s",
1790442407.797,marker,dr,52.47019016,-1.48029608,351.40,false,,
1790442407.798,marker,reconciled,0.00000000,0.00000000,0.00,false,,
1790442407.898,hud,speed,,,,,"0.0 / 0.0",0.000
1790442407.898,hud,heading,,,,,"0-¦ / 0-¦",0.000
1790442407.899,hud,drift,,,,,"0.00%",0.000
1790442407.899,hud,turns,,,,,"G£ù turns: 0/15",
1790442407.899,hud,calib_s,,,,,"G£ô Buffer 6s",
1790442407.900,marker,dr,52.47019016,-1.48029608,351.40,false,,
1790442407.900,marker,reconciled,0.00000000,0.00000000,0.00,false,,
1790442408.019,hud,speed,,,,,"0.0 / 0.0",0.000
1790442408.019,hud,heading,,,,,"0-¦ / 0-¦",0.000
1790442408.020,hud,drift,,,,,"0.00%",0.000
1790442408.020,hud,turns,,,,,"G£ù turns: 0/15",
1790442408.020,hud,calib_s,,,,,"G£ô Buffer 6s",
1790442408.021,marker,dr,52.47019016,-1.48029608,351.40,false,,
1790442408.021,marker,reconciled,0.00000000,0.00000000,0.00,false,,
1790442408.100,hud,speed,,,,,"0.0 / 0.0",0.000
1790442408.101,hud,heading,,,,,"0-¦ / 0-¦",0.000
1790442408.101,hud,drift,,,,,"0.00%",0.000
1790442408.101,hud,turns,,,,,"G£ù turns: 0/15",
1790442408.102,hud,calib_s,,,,,"G£ô Buffer 6s",
1790442408.102,marker,dr,52.47019016,-1.48029608,351.40,false,,
1790442408.103,marker,reconciled,0.00000000,0.00000000,0.00,false,,
1790442408.199,hud,speed,,,,,"0.0 / 0.0",0.000
1790442408.199,hud,heading,,,,,"0-¦ / 0-¦",0.000
1790442408.200,hud,drift,,,,,"0.00%",0.000
1790442408.200,hud,turns,,,,,"G£ù turns: 0/15",
1790442408.200,hud,calib_s,,,,,"G£ô Buffer 6s",
1790442408.200,marker,dr,52.47019016,-1.48029608,351.40,false,,
1790442408.200,marker,reconciled,0.00000000,0.00000000,0.00,false,,
1790442408.309,hud,speed,,,,,"0.0 / 0.0",0.000
1790442408.310,hud,heading,,,,,"0-¦ / 0-¦",0.000
1790442408.310,hud,drift,,,,,"0.00%",0.000
1790442408.311,hud,turns,,,,,"G£ù turns: 0/15",
1790442408.311,hud,calib_s,,,,,"G£ô Buffer 6s",
1790442408.311,marker,dr,52.47019016,-1.48029608,351.40,false,,
1790442408.312,marker,reconciled,0.00000000,0.00000000,0.00,false,,
1790442408.420,hud,speed,,,,,"0.0 / 0.0",0.000
1790442408.421,hud,heading,,,,,"0-¦ / 0-¦",0.000
1790442408.421,hud,drift,,,,,"0.00%",0.000
1790442408.422,hud,turns,,,,,"G£ù turns: 0/15",
1790442408.422,hud,calib_s,,,,,"G£ô Buffer 6s",
1790442408.423,marker,dr,52.47019016,-1.48029608,351.40,false,,
1790442408.423,marker,reconciled,0.00000000,0.00000000,0.00,false,,
1790442408.508,hud,speed,,,,,"0.0 / 0.0",0.000
1790442408.509,hud,heading,,,,,"0-¦ / 0-¦",0.000
1790442408.509,hud,drift,,,,,"0.00%",0.000
1790442408.510,hud,turns,,,,,"G£ù turns: 0/15",
1790442408.511,hud,calib_s,,,,,"G£ô Buffer 6s",
1790442408.511,marker,dr,52.47019016,-1.48029608,351.40,false,,
1790442408.512,marker,reconciled,0.00000000,0.00000000,0.00,false,,
1790442408.605,hud,speed,,,,,"0.0 / 0.0",0.000
1790442408.606,hud,heading,,,,,"0-¦ / 0-¦",0.000
1790442408.606,hud,drift,,,,,"0.00%",0.000
1790442408.607,hud,turns,,,,,"G£ù turns: 0/15",
1790442408.607,hud,calib_s,,,,,"G£ô Buffer 6s",
1790442408.607,marker,dr,52.47019016,-1.48029608,351.40,false,,
1790442408.608,marker,reconciled,0.00000000,0.00000000,0.00,false,,
1790442408.713,hud,speed,,,,,"0.0 / 0.0",0.000
1790442408.713,hud,heading,,,,,"0-¦ / 0-¦",0.000
1790442408.714,hud,drift,,,,,"0.00%",0.000
1790442408.715,hud,turns,,,,,"G£ù turns: 0/15",
1790442408.715,hud,calib_s,,,,,"G£ô Buffer 6s",
1790442408.716,marker,dr,52.47019016,-1.48029608,351.40,false,,
1790442408.716,marker,reconciled,0.00000000,0.00000000,0.00,false,,
1790442408.829,hud,speed,,,,,"0.0 / 0.0",0.000
1790442408.830,hud,heading,,,,,"0-¦ / 0-¦",0.000
1790442408.830,hud,drift,,,,,"0.00%",0.000
1790442408.831,hud,turns,,,,,"G£ù turns: 0/15",
1790442408.831,hud,calib_s,,,,,"G£ô Buffer 6s",
1790442408.831,marker,dr,52.47019016,-1.48029608,351.40,false,,
1790442408.831,marker,reconciled,0.00000000,0.00000000,0.00,false,,
1790442408.916,hud,speed,,,,,"0.0 / 0.0",0.000
1790442408.916,hud,heading,,,,,"0-¦ / 0-¦",0.000
1790442408.917,hud,drift,,,,,"0.00%",0.000
1790442408.917,hud,turns,,,,,"G£ù turns: 0/15",
1790442408.918,hud,calib_s,,,,,"G£ô Buffer 6s",
1790442408.918,marker,dr,52.47019016,-1.48029608,351.40,false,,
1790442408.919,marker,reconciled,0.00000000,0.00000000,0.00,false,,
1790442409.016,hud,speed,,,,,"0.0 / 0.0",0.000
1790442409.016,hud,heading,,,,,"0-¦ / 0-¦",0.000
1790442409.017,hud,drift,,,,,"0.00%",0.000
1790442409.017,hud,turns,,,,,"G£ù turns: 0/15",
1790442409.018,hud,calib_s,,,,,"G£ô Buffer 6s",
1790442409.018,marker,dr,52.47019016,-1.48029608,351.40,false,,
1790442409.019,marker,reconciled,0.00000000,0.00000000,0.00,false,,
1790442409.121,hud,speed,,,,,"0.0 / 0.0",0.000
1790442409.122,hud,heading,,,,,"0-¦ / 0-¦",0.000
1790442409.123,hud,drift,,,,,"0.00%",0.000
1790442409.123,hud,turns,,,,,"G£ù turns: 0/15",
1790442409.123,hud,calib_s,,,,,"G£ô Buffer 6s",
1790442409.124,marker,dr,52.47019016,-1.48029608,351.40,false,,
1790442409.124,marker,reconciled,0.00000000,0.00000000,0.00,false,,
1790442409.233,hud,speed,,,,,"0.0 / 0.0",0.000
1790442409.234,hud,heading,,,,,"0-¦ / 0-¦",0.000
1790442409.234,hud,drift,,,,,"0.00%",0.000
1790442409.235,hud,turns,,,,,"G£ù turns: 0/15",
1790442409.235,hud,calib_s,,,,,"G£ô Buffer 6s",
1790442409.235,marker,dr,52.47019016,-1.48029608,351.40,false,,
1790442409.236,marker,reconciled,0.00000000,0.00000000,0.00,false,,
1790442409.321,hud,speed,,,,,"0.0 / 0.0",0.000
1790442409.322,hud,heading,,,,,"0-¦ / 0-¦",0.000
1790442409.322,hud,drift,,,,,"0.00%",0.000
1790442409.323,hud,turns,,,,,"G£ù turns: 0/15",
1790442409.323,hud,calib_s,,,,,"G£ô Buffer 6s",
1790442409.324,marker,dr,52.47019016,-1.48029608,351.40,false,,
1790442409.324,marker,reconciled,0.00000000,0.00000000,0.00,false,,
1790442409.416,hud,speed,,,,,"0.0 / 0.0",0.000
1790442409.417,hud,heading,,,,,"0-¦ / 0-¦",0.000
1790442409.417,hud,drift,,,,,"0.00%",0.000
1790442409.417,hud,turns,,,,,"G£ù turns: 0/15",
1790442409.417,hud,calib_s,,,,,"G£ô Buffer 6s",
1790442409.417,marker,dr,52.47019016,-1.48029608,351.40,false,,
1790442409.418,marker,reconciled,0.00000000,0.00000000,0.00,false,,
1790442409.543,hud,speed,,,,,"0.0 / 0.0",0.000
1790442409.543,hud,heading,,,,,"0-¦ / 0-¦",0.000
1790442409.544,hud,drift,,,,,"0.00%",0.000
1790442409.544,hud,turns,,,,,"G£ù turns: 0/15",
1790442409.544,hud,calib_s,,,,,"G£ô Buffer 6s",
1790442409.544,marker,dr,52.47019016,-1.48029608,351.40,false,,
1790442409.545,marker,reconciled,0.00000000,0.00000000,0.00,false,,
1790442409.623,hud,speed,,,,,"0.0 / 0.0",0.000
1790442409.624,hud,heading,,,,,"0-¦ / 0-¦",0.000
1790442409.624,hud,drift,,,,,"0.00%",0.000
1790442409.624,hud,turns,,,,,"G£ù turns: 0/15",
1790442409.624,hud,calib_s,,,,,"G£ô Buffer 6s",
1790442409.625,marker,dr,52.47019016,-1.48029608,351.40,false,,
1790442409.625,marker,reconciled,0.00000000,0.00000000,0.00,false,,
1790442409.725,hud,speed,,,,,"0.0 / 0.0",0.000
1790442409.726,hud,heading,,,,,"0-¦ / 0-¦",0.000
1790442409.727,hud,drift,,,,,"0.00%",0.000
1790442409.727,hud,turns,,,,,"G£ù turns: 0/15",
1790442409.727,hud,calib_s,,,,,"G£ô Buffer 6s",
1790442409.728,marker,dr,52.47019016,-1.48029608,351.40,false,,
1790442409.728,marker,reconciled,0.00000000,0.00000000,0.00,false,,
1790442409.824,hud,speed,,,,,"0.0 / 0.0",0.000
1790442409.825,hud,heading,,,,,"0-¦ / 0-¦",0.000
1790442409.825,hud,drift,,,,,"0.00%",0.000
1790442409.825,hud,turns,,,,,"G£ù turns: 0/15",
1790442409.825,hud,calib_s,,,,,"G£ô Buffer 6s",
1790442409.826,marker,dr,52.47019016,-1.48029608,351.40,false,,
1790442409.826,marker,reconciled,0.00000000,0.00000000,0.00,false,,
1790442409.945,hud,speed,,,,,"0.0 / 0.0",0.000
1790442409.946,hud,heading,,,,,"0-¦ / 0-¦",0.000
1790442409.946,hud,drift,,,,,"0.00%",0.000
1790442409.947,hud,turns,,,,,"G£ù turns: 0/15",
1790442409.947,hud,calib_s,,,,,"G£ô Buffer 6s",
1790442409.947,marker,dr,52.47019016,-1.48029608,351.40,false,,
1790442409.948,marker,reconciled,0.00000000,0.00000000,0.00,false,,
1790442410.025,hud,speed,,,,,"0.0 / 0.0",0.000
1790442410.026,hud,heading,,,,,"0-¦ / 0-¦",0.000
1790442410.027,hud,drift,,,,,"0.00%",0.000
1790442410.027,hud,turns,,,,,"G£ù turns: 0/15",
1790442410.027,hud,calib_s,,,,,"G£ô Buffer 6s",
1790442410.028,marker,dr,52.47019016,-1.48029608,351.40,false,,
1790442410.028,marker,reconciled,0.00000000,0.00000000,0.00,false,,
1790442410.127,hud,speed,,,,,"0.0 / 0.0",0.000
1790442410.128,hud,heading,,,,,"0-¦ / 0-¦",0.000
1790442410.128,hud,drift,,,,,"0.00%",0.000
1790442410.129,hud,turns,,,,,"G£ù turns: 0/15",
1790442410.129,hud,calib_s,,,,,"G£ô Buffer 6s",
1790442410.129,marker,dr,52.47019016,-1.48029608,351.40,false,,
1790442410.130,marker,reconciled,0.00000000,0.00000000,0.00,false,,
1790442410.229,hud,speed,,,,,"0.0 / 0.0",0.000
1790442410.230,hud,heading,,,,,"0-¦ / 0-¦",0.000
1790442410.230,hud,drift,,,,,"0.00%",0.000
1790442410.230,hud,turns,,,,,"G£ù turns: 0/15",
1790442410.231,hud,calib_s,,,,,"G£ô Buffer 6s",
1790442410.231,marker,dr,52.47019016,-1.48029608,351.40,false,,
1790442410.231,marker,reconciled,0.00000000,0.00000000,0.00,false,,
1790442410.351,hud,speed,,,,,"0.0 / 0.0",0.000
1790442410.352,hud,heading,,,,,"0-¦ / 0-¦",0.000
1790442410.352,hud,drift,,,,,"0.00%",0.000
1790442410.353,hud,turns,,,,,"G£ù turns: 0/15",
1790442410.353,hud,calib_s,,,,,"G£ô Buffer 6s",
1790442410.353,marker,dr,52.47019016,-1.48029608,351.40,false,,
1790442410.354,marker,reconciled,0.00000000,0.00000000,0.00,false,,
1790442410.435,hud,speed,,,,,"0.0 / 0.0",0.000
1790442410.436,hud,heading,,,,,"0-¦ / 0-¦",0.000
1790442410.436,hud,drift,,,,,"0.00%",0.000
1790442410.436,hud,turns,,,,,"G£ù turns: 0/15",
1790442410.437,hud,calib_s,,,,,"G£ô Buffer 6s",
1790442410.437,marker,dr,52.47019016,-1.48029608,351.40,false,,
1790442410.437,marker,reconciled,0.00000000,0.00000000,0.00,false,,
1790442410.534,hud,speed,,,,,"0.0 / 0.0",0.000
1790442410.534,hud,heading,,,,,"0-¦ / 0-¦",0.000
1790442410.535,hud,drift,,,,,"0.00%",0.000
1790442410.535,hud,turns,,,,,"G£ù turns: 0/15",
1790442410.535,hud,calib_s,,,,,"G£ô Buffer 6s",
1790442410.535,marker,dr,52.47019016,-1.48029608,351.40,false,,
1790442410.536,marker,reconciled,0.00000000,0.00000000,0.00,false,,
1790442410.636,hud,speed,,,,,"0.0 / 0.0",0.000
1790442410.637,hud,heading,,,,,"0-¦ / 0-¦",0.000
1790442410.637,hud,drift,,,,,"0.00%",0.000
1790442410.638,hud,turns,,,,,"G£ù turns: 0/15",
1790442410.638,hud,calib_s,,,,,"G£ô Buffer 6s",
1790442410.638,marker,dr,52.47019016,-1.48029608,351.40,false,,
1790442410.639,marker,reconciled,0.00000000,0.00000000,0.00,false,,
1790442410.758,hud,speed,,,,,"0.0 / 0.0",0.000
1790442410.759,hud,heading,,,,,"0-¦ / 0-¦",0.000
1790442410.759,hud,drift,,,,,"0.00%",0.000
1790442410.759,hud,turns,,,,,"G£ù turns: 0/15",
1790442410.760,hud,calib_s,,,,,"G£ô Buffer 6s",
1790442410.760,marker,dr,52.47019016,-1.48029608,351.40,false,,
1790442410.760,marker,reconciled,0.00000000,0.00000000,0.00,false,,
1790442410.840,hud,speed,,,,,"0.0 / 0.0",0.000
1790442410.840,hud,heading,,,,,"0-¦ / 0-¦",0.000
1790442410.841,hud,drift,,,,,"0.00%",0.000
1790442410.841,hud,turns,,,,,"G£ù turns: 0/15",
1790442410.841,hud,calib_s,,,,,"G£ô Buffer 6s",
1790442410.842,marker,dr,52.47019016,-1.48029608,351.40,false,,
1790442410.842,marker,reconciled,0.00000000,0.00000000,0.00,false,,
1790442410.940,hud,speed,,,,,"0.0 / 0.0",0.000
1790442410.941,hud,heading,,,,,"0-¦ / 0-¦",0.000
1790442410.941,hud,drift,,,,,"0.00%",0.000
1790442410.942,hud,turns,,,,,"G£ù turns: 0/15",
1790442410.942,hud,calib_s,,,,,"G£ô Buffer 6s",
1790442410.942,marker,dr,52.47019016,-1.48029608,351.40,false,,
1790442410.943,marker,reconciled,0.00000000,0.00000000,0.00,false,,
1790442411.040,hud,speed,,,,,"0.0 / 0.0",0.000
1790442411.041,hud,heading,,,,,"0-¦ / 0-¦",0.000
1790442411.041,hud,drift,,,,,"0.00%",0.000
1790442411.041,hud,turns,,,,,"G£ù turns: 0/15",
1790442411.041,hud,calib_s,,,,,"G£ô Buffer 6s",
1790442411.042,marker,dr,52.47019016,-1.48029608,351.40,false,,
1790442411.042,marker,reconciled,0.00000000,0.00000000,0.00,false,,
1790442411.161,hud,speed,,,,,"0.0 / 0.0",0.000
1790442411.162,hud,heading,,,,,"0-¦ / 0-¦",0.000
1790442411.163,hud,drift,,,,,"0.00%",0.000
1790442411.163,hud,turns,,,,,"G£ù turns: 0/15",
1790442411.164,hud,calib_s,,,,,"G£ô Buffer 6s",
1790442411.164,marker,dr,52.47019016,-1.48029608,351.40,false,,
1790442411.165,marker,reconciled,0.00000000,0.00000000,0.00,false,,
1790442411.245,hud,speed,,,,,"0.0 / 0.0",0.000
1790442411.246,hud,heading,,,,,"0-¦ / 0-¦",0.000
1790442411.247,hud,drift,,,,,"0.00%",0.000
1790442411.247,hud,turns,,,,,"G£ù turns: 0/15",
1790442411.248,hud,calib_s,,,,,"G£ô Buffer 6s",
1790442411.248,marker,dr,52.47019016,-1.48029608,351.40,false,,
1790442411.248,marker,reconciled,0.00000000,0.00000000,0.00,false,,
1790442411.349,hud,speed,,,,,"0.0 / 0.0",0.000
1790442411.350,hud,heading,,,,,"0-¦ / 0-¦",0.000
1790442411.351,hud,drift,,,,,"0.00%",0.000
1790442411.351,hud,turns,,,,,"G£ù turns: 0/15",
1790442411.352,hud,calib_s,,,,,"G£ô Buffer 6s",
1790442411.352,marker,dr,52.47019016,-1.48029608,351.40,false,,
1790442411.353,marker,reconciled,0.00000000,0.00000000,0.00,false,,
1790442411.444,hud,speed,,,,,"0.0 / 0.0",0.000
1790442411.444,hud,heading,,,,,"0-¦ / 0-¦",0.000
1790442411.445,hud,drift,,,,,"0.00%",0.000
1790442411.445,hud,turns,,,,,"G£ù turns: 0/15",
1790442411.445,hud,calib_s,,,,,"G£ô Buffer 6s",
1790442411.445,marker,dr,52.47019016,-1.48029608,351.40,false,,
1790442411.445,marker,reconciled,0.00000000,0.00000000,0.00,false,,
1790442411.569,hud,speed,,,,,"0.0 / 0.0",0.000
1790442411.570,hud,heading,,,,,"0-¦ / 0-¦",0.000
1790442411.570,hud,drift,,,,,"0.00%",0.000
1790442411.571,hud,turns,,,,,"G£ù turns: 0/15",
1790442411.571,hud,calib_s,,,,,"G£ô Buffer 6s",
1790442411.571,marker,dr,52.47019016,-1.48029608,351.40,false,,
1790442411.572,marker,reconciled,0.00000000,0.00000000,0.00,false,,
1790442411.651,hud,speed,,,,,"0.0 / 0.0",0.000
1790442411.651,hud,heading,,,,,"0-¦ / 0-¦",0.000
1790442411.651,hud,drift,,,,,"0.00%",0.000
1790442411.652,hud,turns,,,,,"G£ù turns: 0/15",
1790442411.652,hud,calib_s,,,,,"G£ô Buffer 6s",
1790442411.652,marker,dr,52.47019016,-1.48029608,351.40,false,,
1790442411.653,marker,reconciled,0.00000000,0.00000000,0.00,false,,
1790442411.749,hud,speed,,,,,"0.0 / 0.0",0.000
1790442411.749,hud,heading,,,,,"0-¦ / 0-¦",0.000
1790442411.750,hud,drift,,,,,"0.00%",0.000
1790442411.750,hud,turns,,,,,"G£ù turns: 0/15",
1790442411.750,hud,calib_s,,,,,"G£ô Buffer 6s",
1790442411.751,marker,dr,52.47019016,-1.48029608,351.40,false,,
1790442411.751,marker,reconciled,0.00000000,0.00000000,0.00,false,,
1790442411.870,hud,speed,,,,,"0.0 / 0.0",0.000
1790442411.870,hud,heading,,,,,"0-¦ / 0-¦",0.000
1790442411.871,hud,drift,,,,,"0.00%",0.000
1790442411.871,hud,turns,,,,,"G£ù turns: 0/15",
1790442411.871,hud,calib_s,,,,,"G£ô Buffer 6s",
1790442411.872,marker,dr,52.47019016,-1.48029608,351.40,false,,
1790442411.872,marker,reconciled,0.00000000,0.00000000,0.00,false,,
1790442411.951,hud,speed,,,,,"0.0 / 0.0",0.000
1790442411.952,hud,heading,,,,,"0-¦ / 0-¦",0.000
1790442411.952,hud,drift,,,,,"0.00%",0.000
1790442411.953,hud,turns,,,,,"G£ù turns: 0/15",
1790442411.953,hud,calib_s,,,,,"G£ô Buffer 6s",
1790442411.954,marker,dr,52.47019016,-1.48029608,351.40,false,,
1790442411.954,marker,reconciled,0.00000000,0.00000000,0.00,false,,
1790442412.056,hud,speed,,,,,"0.0 / 0.0",0.000
1790442412.056,hud,heading,,,,,"0-¦ / 0-¦",0.000
1790442412.057,hud,drift,,,,,"0.00%",0.000
1790442412.057,hud,turns,,,,,"G£ù turns: 0/15",
1790442412.057,hud,calib_s,,,,,"G£ô Buffer 6s",
1790442412.058,marker,dr,52.47019016,-1.48029608,351.40,false,,
1790442412.058,marker,reconciled,0.00000000,0.00000000,0.00,false,,
1790442412.153,hud,speed,,,,,"0.0 / 0.0",0.000
1790442412.154,hud,heading,,,,,"0-¦ / 0-¦",0.000
1790442412.154,hud,drift,,,,,"0.00%",0.000
1790442412.154,hud,turns,,,,,"G£ù turns: 0/15",
1790442412.155,hud,calib_s,,,,,"G£ô Buffer 6s",
1790442412.155,marker,dr,52.47019016,-1.48029608,351.40,false,,
1790442412.155,marker,reconciled,0.00000000,0.00000000,0.00,false,,
1790442412.277,hud,speed,,,,,"0.0 / 0.0",0.000
1790442412.278,hud,heading,,,,,"0-¦ / 0-¦",0.000
1790442412.278,hud,drift,,,,,"0.00%",0.000
1790442412.279,hud,turns,,,,,"G£ù turns: 0/15",
1790442412.279,hud,calib_s,,,,,"G£ô Buffer 6s",
1790442412.279,marker,dr,52.47019016,-1.48029608,351.40,false,,
1790442412.280,marker,reconciled,0.00000000,0.00000000,0.00,false,,
1790442412.355,hud,speed,,,,,"0.0 / 0.0",0.000
1790442412.356,hud,heading,,,,,"0-¦ / 0-¦",0.000
1790442412.356,hud,drift,,,,,"0.00%",0.000
1790442412.356,hud,turns,,,,,"G£ù turns: 0/15",
1790442412.356,hud,calib_s,,,,,"G£ô Buffer 6s",
1790442412.356,marker,dr,52.47019016,-1.48029608,351.40,false,,
1790442412.356,marker,reconciled,0.00000000,0.00000000,0.00,false,,
1790442412.465,hud,speed,,,,,"0.0 / 0.0",0.000
1790442412.466,hud,heading,,,,,"0-¦ / 0-¦",0.000
1790442412.466,hud,drift,,,,,"0.00%",0.000
1790442412.467,hud,turns,,,,,"G£ù turns: 0/15",
1790442412.467,hud,calib_s,,,,,"G£ô Buffer 6s",
1790442412.467,marker,dr,52.47019016,-1.48029608,351.40,false,,
1790442412.468,marker,reconciled,0.00000000,0.00000000,0.00,false,,
1790442412.559,hud,speed,,,,,"0.0 / 0.0",0.000
1790442412.559,hud,heading,,,,,"0-¦ / 0-¦",0.000
1790442412.559,hud,drift,,,,,"0.00%",0.000
1790442412.560,hud,turns,,,,,"G£ù turns: 0/15",
1790442412.560,hud,calib_s,,,,,"G£ô Buffer 6s",
1790442412.560,marker,dr,52.47019016,-1.48029608,351.40,false,,
1790442412.560,marker,reconciled,0.00000000,0.00000000,0.00,false,,
1790442412.680,hud,speed,,,,,"0.0 / 0.0",0.000
1790442412.680,hud,heading,,,,,"0-¦ / 0-¦",0.000
1790442412.680,hud,drift,,,,,"0.00%",0.000
1790442412.680,hud,turns,,,,,"G£ù turns: 0/15",
1790442412.681,hud,calib_s,,,,,"G£ô Buffer 6s",
1790442412.681,marker,dr,52.47019016,-1.48029608,351.40,false,,
1790442412.681,marker,reconciled,0.00000000,0.00000000,0.00,false,,
1790442412.764,hud,speed,,,,,"0.0 / 0.0",0.000
1790442412.765,hud,heading,,,,,"0-¦ / 0-¦",0.000
1790442412.765,hud,drift,,,,,"0.00%",0.000
1790442412.766,hud,turns,,,,,"G£ù turns: 0/15",
1790442412.766,hud,calib_s,,,,,"G£ô Buffer 6s",
1790442412.766,marker,dr,52.47019016,-1.48029608,351.40,false,,
1790442412.767,marker,reconciled,0.00000000,0.00000000,0.00,false,,
1790442412.864,hud,speed,,,,,"0.0 / 0.0",0.000
1790442412.865,hud,heading,,,,,"0-¦ / 0-¦",0.000
1790442412.865,hud,drift,,,,,"0.00%",0.000
1790442412.866,hud,turns,,,,,"G£ù turns: 0/15",
1790442412.866,hud,calib_s,,,,,"G£ô Buffer 6s",
1790442412.866,marker,dr,52.47019016,-1.48029608,351.40,false,,
1790442412.867,marker,reconciled,0.00000000,0.00000000,0.00,false,,
1790442412.967,hud,speed,,,,,"0.0 / 0.0",0.000
1790442412.967,hud,heading,,,,,"0-¦ / 0-¦",0.000
1790442412.967,hud,drift,,,,,"0.00%",0.000
1790442412.968,hud,turns,,,,,"G£ù turns: 0/15",
1790442412.968,hud,calib_s,,,,,"G£ô Buffer 6s",
1790442412.968,marker,dr,52.47019016,-1.48029608,351.40,false,,
1790442412.969,marker,reconciled,0.00000000,0.00000000,0.00,false,,
1790442413.087,hud,speed,,,,,"0.0 / 0.0",0.000
1790442413.087,hud,heading,,,,,"0-¦ / 0-¦",0.000
1790442413.088,hud,drift,,,,,"0.00%",0.000
1790442413.088,hud,turns,,,,,"G£ù turns: 0/15",
1790442413.088,hud,calib_s,,,,,"G£ô Buffer 6s",
1790442413.088,marker,dr,52.47019016,-1.48029608,351.40,false,,
1790442413.089,marker,reconciled,0.00000000,0.00000000,0.00,false,,
1790442413.172,hud,speed,,,,,"0.0 / 0.0",0.000
1790442413.173,hud,heading,,,,,"0-¦ / 0-¦",0.000
1790442413.173,hud,drift,,,,,"0.00%",0.000
1790442413.174,hud,turns,,,,,"G£ù turns: 0/15",
1790442413.174,hud,calib_s,,,,,"G£ô Buffer 6s",
1790442413.175,marker,dr,52.47019016,-1.48029608,351.40,false,,
1790442413.175,marker,reconciled,0.00000000,0.00000000,0.00,false,,
1790442413.271,hud,speed,,,,,"0.0 / 0.0",0.000
1790442413.271,hud,heading,,,,,"0-¦ / 0-¦",0.000
1790442413.272,hud,drift,,,,,"0.00%",0.000
1790442413.272,hud,turns,,,,,"G£ù turns: 0/15",
1790442413.272,hud,calib_s,,,,,"G£ô Buffer 6s",
1790442413.272,marker,dr,52.47019016,-1.48029608,351.40,false,,
1790442413.272,marker,reconciled,0.00000000,0.00000000,0.00,false,,
1790442413.376,hud,speed,,,,,"0.0 / 0.0",0.000
1790442413.376,hud,heading,,,,,"0-¦ / 0-¦",0.000
1790442413.377,hud,drift,,,,,"0.00%",0.000
1790442413.377,hud,turns,,,,,"G£ù turns: 0/15",
1790442413.377,hud,calib_s,,,,,"G£ô Buffer 6s",
1790442413.377,marker,dr,52.47019016,-1.48029608,351.40,false,,
1790442413.378,marker,reconciled,0.00000000,0.00000000,0.00,false,,
1790442413.493,hud,speed,,,,,"0.0 / 0.0",0.000
1790442413.493,hud,heading,,,,,"0-¦ / 0-¦",0.000
1790442413.494,hud,drift,,,,,"0.00%",0.000
1790442413.494,hud,turns,,,,,"G£ù turns: 0/15",
1790442413.495,hud,calib_s,,,,,"G£ô Buffer 6s",
1790442413.495,marker,dr,52.47019016,-1.48029608,351.40,false,,
1790442413.495,marker,reconciled,0.00000000,0.00000000,0.00,false,,
1790442413.577,hud,speed,,,,,"0.0 / 0.0",0.000
1790442413.578,hud,heading,,,,,"0-¦ / 0-¦",0.000
1790442413.578,hud,drift,,,,,"0.00%",0.000
1790442413.578,hud,turns,,,,,"G£ù turns: 0/15",
1790442413.579,hud,calib_s,,,,,"G£ô Buffer 6s",
1790442413.579,marker,dr,52.47019016,-1.48029608,351.40,false,,
1790442413.579,marker,reconciled,0.00000000,0.00000000,0.00,false,,
1790442413.679,hud,speed,,,,,"0.0 / 0.0",0.000
1790442413.680,hud,heading,,,,,"0-¦ / 0-¦",0.000
1790442413.680,hud,drift,,,,,"0.00%",0.000
1790442413.680,hud,turns,,,,,"G£ù turns: 0/15",
1790442413.680,hud,calib_s,,,,,"G£ô Buffer 6s",
1790442413.680,marker,dr,52.47019016,-1.48029608,351.40,false,,
1790442413.681,marker,reconciled,0.00000000,0.00000000,0.00,false,,
1790442413.797,hud,speed,,,,,"0.0 / 0.0",0.000
1790442413.797,hud,heading,,,,,"0-¦ / 0-¦",0.000
1790442413.798,hud,drift,,,,,"0.00%",0.000
1790442413.798,hud,turns,,,,,"G£ù turns: 0/15",
1790442413.798,hud,calib_s,,,,,"G£ô Buffer 6s",
1790442413.799,marker,dr,52.47019016,-1.48029608,351.40,false,,
1790442413.799,marker,reconciled,0.00000000,0.00000000,0.00,false,,
1790442413.884,hud,speed,,,,,"0.0 / 0.0",0.000
1790442413.885,hud,heading,,,,,"0-¦ / 0-¦",0.000
1790442413.886,hud,drift,,,,,"0.00%",0.000
1790442413.887,hud,turns,,,,,"G£ù turns: 0/15",
1790442413.887,hud,calib_s,,,,,"G£ô Buffer 6s",
1790442413.887,marker,dr,52.47019016,-1.48029608,351.40,false,,
1790442413.888,marker,reconciled,0.00000000,0.00000000,0.00,false,,
1790442413.980,hud,speed,,,,,"0.0 / 0.0",0.000
1790442413.980,hud,heading,,,,,"0-¦ / 0-¦",0.000
1790442413.981,hud,drift,,,,,"0.00%",0.000
1790442413.981,hud,turns,,,,,"G£ù turns: 0/15",
1790442413.981,hud,calib_s,,,,,"G£ô Buffer 6s",
1790442413.981,marker,dr,52.47019016,-1.48029608,351.40,false,,
1790442413.982,marker,reconciled,0.00000000,0.00000000,0.00,false,,
1790442414.083,hud,speed,,,,,"0.0 / 0.0",0.000
1790442414.083,hud,heading,,,,,"0-¦ / 0-¦",0.000
1790442414.084,hud,drift,,,,,"0.00%",0.000
1790442414.084,hud,turns,,,,,"G£ù turns: 0/15",
1790442414.085,hud,calib_s,,,,,"G£ô Buffer 6s",
1790442414.085,marker,dr,52.47019016,-1.48029608,351.40,false,,
1790442414.085,marker,reconciled,0.00000000,0.00000000,0.00,false,,
1790442414.204,hud,speed,,,,,"0.0 / 0.0",0.000
1790442414.204,hud,heading,,,,,"0-¦ / 0-¦",0.000
1790442414.205,hud,drift,,,,,"0.00%",0.000
1790442414.205,hud,turns,,,,,"G£ù turns: 0/15",
1790442414.205,hud,calib_s,,,,,"G£ô Buffer 6s",
1790442414.205,marker,dr,52.47019016,-1.48029608,351.40,false,,
1790442414.206,marker,reconciled,0.00000000,0.00000000,0.00,false,,
1790442414.298,hud,speed,,,,,"0.0 / 0.0",0.000
1790442414.299,hud,heading,,,,,"0-¦ / 0-¦",0.000
1790442414.300,hud,drift,,,,,"0.00%",0.000
1790442414.300,hud,turns,,,,,"G£ù turns: 0/15",
1790442414.300,hud,calib_s,,,,,"G£ô Buffer 6s",
1790442414.300,marker,dr,52.47019016,-1.48029608,351.40,false,,
1790442414.301,marker,reconciled,0.00000000,0.00000000,0.00,false,,
1790442414.389,hud,speed,,,,,"0.0 / 0.0",0.000
1790442414.390,hud,heading,,,,,"0-¦ / 0-¦",0.000
1790442414.391,hud,drift,,,,,"0.00%",0.000
1790442414.391,hud,turns,,,,,"G£ù turns: 0/15",
1790442414.391,hud,calib_s,,,,,"G£ô Buffer 6s",
1790442414.392,marker,dr,52.47019016,-1.48029608,351.40,false,,
1790442414.392,marker,reconciled,0.00000000,0.00000000,0.00,false,,
1790442414.488,hud,speed,,,,,"0.0 / 0.0",0.000
1790442414.488,hud,heading,,,,,"0-¦ / 0-¦",0.000
1790442414.489,hud,drift,,,,,"0.00%",0.000
1790442414.489,hud,turns,,,,,"G£ù turns: 0/15",
1790442414.489,hud,calib_s,,,,,"G£ô Buffer 6s",
1790442414.490,marker,dr,52.47019016,-1.48029608,351.40,false,,
1790442414.491,marker,reconciled,0.00000000,0.00000000,0.00,false,,
1790442414.608,hud,speed,,,,,"0.0 / 0.0",0.000
1790442414.609,hud,heading,,,,,"0-¦ / 0-¦",0.000
1790442414.609,hud,drift,,,,,"0.00%",0.000
1790442414.610,hud,turns,,,,,"G£ù turns: 0/15",
1790442414.611,hud,calib_s,,,,,"G£ô Buffer 6s",
1790442414.611,marker,dr,52.47019016,-1.48029608,351.40,false,,
1790442414.612,marker,reconciled,0.00000000,0.00000000,0.00,false,,
1790442414.696,hud,speed,,,,,"0.0 / 0.0",0.000
1790442414.697,hud,heading,,,,,"0-¦ / 0-¦",0.000
1790442414.697,hud,drift,,,,,"0.00%",0.000
1790442414.698,hud,turns,,,,,"G£ù turns: 0/15",
1790442414.698,hud,calib_s,,,,,"G£ô Buffer 6s",
1790442414.699,marker,dr,52.47019016,-1.48029608,351.40,false,,
1790442414.699,marker,reconciled,0.00000000,0.00000000,0.00,false,,
1790442414.796,hud,speed,,,,,"0.0 / 0.0",0.000
1790442414.797,hud,heading,,,,,"0-¦ / 0-¦",0.000
1790442414.798,hud,drift,,,,,"0.00%",0.000
1790442414.798,hud,turns,,,,,"G£ù turns: 0/15",
1790442414.799,hud,calib_s,,,,,"G£ô Buffer 6s",
1790442414.799,marker,dr,52.47019016,-1.48029608,351.40,false,,
1790442414.799,marker,reconciled,0.00000000,0.00000000,0.00,false,,
1790442414.892,hud,speed,,,,,"0.0 / 0.0",0.000
1790442414.893,hud,heading,,,,,"0-¦ / 0-¦",0.000
1790442414.894,hud,drift,,,,,"0.00%",0.000
1790442414.894,hud,turns,,,,,"G£ù turns: 0/15",
1790442414.895,hud,calib_s,,,,,"G£ô Buffer 6s",
1790442414.895,marker,dr,52.47019016,-1.48029608,351.40,false,,
1790442414.896,marker,reconciled,0.00000000,0.00000000,0.00,false,,
1790442415.013,hud,speed,,,,,"0.0 / 0.0",0.000
1790442415.013,hud,heading,,,,,"0-¦ / 0-¦",0.000
1790442415.014,hud,drift,,,,,"0.00%",0.000
1790442415.014,hud,turns,,,,,"G£ù turns: 0/15",
1790442415.015,hud,calib_s,,,,,"G£ô Buffer 6s",
1790442415.015,marker,dr,52.47019016,-1.48029608,351.40,false,,
1790442415.016,marker,reconciled,0.00000000,0.00000000,0.00,false,,
1790442415.102,hud,speed,,,,,"0.0 / 0.0",0.000
1790442415.103,hud,heading,,,,,"0-¦ / 0-¦",0.000
1790442415.103,hud,drift,,,,,"0.00%",0.000
1790442415.103,hud,turns,,,,,"G£ù turns: 0/15",
1790442415.104,hud,calib_s,,,,,"G£ô Buffer 6s",
1790442415.104,marker,dr,52.47019016,-1.48029608,351.40,false,,
1790442415.104,marker,reconciled,0.00000000,0.00000000,0.00,false,,
1790442415.200,hud,speed,,,,,"0.0 / 0.0",0.000
1790442415.201,hud,heading,,,,,"0-¦ / 0-¦",0.000
1790442415.201,hud,drift,,,,,"0.00%",0.000
1790442415.202,hud,turns,,,,,"G£ù turns: 0/15",
1790442415.202,hud,calib_s,,,,,"G£ô Buffer 6s",
1790442415.203,marker,dr,52.47019016,-1.48029608,351.40,false,,
1790442415.203,marker,reconciled,0.00000000,0.00000000,0.00,false,,
1790442415.304,hud,speed,,,,,"0.0 / 0.0",0.000
1790442415.305,hud,heading,,,,,"0-¦ / 0-¦",0.000
1790442415.305,hud,drift,,,,,"0.00%",0.000
1790442415.305,hud,turns,,,,,"G£ù turns: 0/15",
1790442415.306,hud,calib_s,,,,,"G£ô Buffer 6s",
1790442415.306,marker,dr,52.47019016,-1.48029608,351.40,false,,
1790442415.307,marker,reconciled,0.00000000,0.00000000,0.00,false,,
1790442415.420,hud,speed,,,,,"0.0 / 0.0",0.000
1790442415.420,hud,heading,,,,,"0-¦ / 0-¦",0.000
1790442415.421,hud,drift,,,,,"0.00%",0.000
1790442415.421,hud,turns,,,,,"G£ù turns: 0/15",
1790442415.422,hud,calib_s,,,,,"G£ô Buffer 6s",
1790442415.422,marker,dr,52.47019016,-1.48029608,351.40,false,,
1790442415.422,marker,reconciled,0.00000000,0.00000000,0.00,false,,
1790442415.509,hud,speed,,,,,"0.0 / 0.0",0.000
1790442415.510,hud,heading,,,,,"0-¦ / 0-¦",0.000
1790442415.510,hud,drift,,,,,"0.00%",0.000
1790442415.511,hud,turns,,,,,"G£ù turns: 0/15",
1790442415.511,hud,calib_s,,,,,"G£ô Buffer 6s",
1790442415.512,marker,dr,52.47019016,-1.48029608,351.40,false,,
1790442415.512,marker,reconciled,0.00000000,0.00000000,0.00,false,,
1790442415.604,hud,speed,,,,,"0.0 / 0.0",0.000
1790442415.605,hud,heading,,,,,"0-¦ / 0-¦",0.000
1790442415.605,hud,drift,,,,,"0.00%",0.000
1790442415.605,hud,turns,,,,,"G£ù turns: 0/15",
1790442415.605,hud,calib_s,,,,,"G£ô Buffer 6s",
1790442415.606,marker,dr,52.47019016,-1.48029608,351.40,false,,
1790442415.607,marker,reconciled,0.00000000,0.00000000,0.00,false,,
1790442415.723,hud,speed,,,,,"0.0 / 0.0",0.000
1790442415.724,hud,heading,,,,,"0-¦ / 0-¦",0.000
1790442415.724,hud,drift,,,,,"0.00%",0.000
1790442415.725,hud,turns,,,,,"G£ù turns: 0/15",
1790442415.725,hud,calib_s,,,,,"G£ô Buffer 6s",
1790442415.725,marker,dr,52.47019016,-1.48029608,351.40,false,,
1790442415.726,marker,reconciled,0.00000000,0.00000000,0.00,false,,
1790442415.805,hud,speed,,,,,"0.0 / 0.0",0.000
1790442415.805,hud,heading,,,,,"0-¦ / 0-¦",0.000
1790442415.806,hud,drift,,,,,"0.00%",0.000
1790442415.806,hud,turns,,,,,"G£ù turns: 0/15",
1790442415.807,hud,calib_s,,,,,"G£ô Buffer 6s",
1790442415.807,marker,dr,52.47019016,-1.48029608,351.40,false,,
1790442415.807,marker,reconciled,0.00000000,0.00000000,0.00,false,,
1790442415.908,hud,speed,,,,,"0.0 / 0.0",0.000
1790442415.908,hud,heading,,,,,"0-¦ / 0-¦",0.000
1790442415.909,hud,drift,,,,,"0.00%",0.000
1790442415.909,hud,turns,,,,,"G£ù turns: 0/15",
1790442415.909,hud,calib_s,,,,,"G£ô Buffer 6s",
1790442415.909,marker,dr,52.47019016,-1.48029608,351.40,false,,
1790442415.910,marker,reconciled,0.00000000,0.00000000,0.00,false,,
1790442416.009,hud,speed,,,,,"0.0 / 0.0",0.000
1790442416.010,hud,heading,,,,,"0-¦ / 0-¦",0.000
1790442416.011,hud,drift,,,,,"0.00%",0.000
1790442416.011,hud,turns,,,,,"G£ù turns: 0/15",
1790442416.012,hud,calib_s,,,,,"G£ô Buffer 6s",
1790442416.012,marker,dr,52.47019016,-1.48029608,351.40,false,,
1790442416.012,marker,reconciled,0.00000000,0.00000000,0.00,false,,
1790442416.129,hud,speed,,,,,"0.0 / 0.0",0.000
1790442416.129,hud,heading,,,,,"0-¦ / 0-¦",0.000
1790442416.130,hud,drift,,,,,"0.00%",0.000
1790442416.130,hud,turns,,,,,"G£ù turns: 0/15",
1790442416.131,hud,calib_s,,,,,"G£ô Buffer 6s",
1790442416.131,marker,dr,52.47019016,-1.48029608,351.40,false,,
1790442416.131,marker,reconciled,0.00000000,0.00000000,0.00,false,,
1790442416.214,hud,speed,,,,,"0.0 / 0.0",0.000
1790442416.215,hud,heading,,,,,"0-¦ / 0-¦",0.000
1790442416.215,hud,drift,,,,,"0.00%",0.000
1790442416.216,hud,turns,,,,,"G£ù turns: 0/15",
1790442416.216,hud,calib_s,,,,,"G£ô Buffer 6s",
1790442416.216,marker,dr,52.47019016,-1.48029608,351.40,false,,
1790442416.217,marker,reconciled,0.00000000,0.00000000,0.00,false,,
1790442416.320,hud,speed,,,,,"0.0 / 0.0",0.000
1790442416.321,hud,heading,,,,,"0-¦ / 0-¦",0.000
1790442416.321,hud,drift,,,,,"0.00%",0.000
1790442416.321,hud,turns,,,,,"G£ù turns: 0/15",
1790442416.322,hud,calib_s,,,,,"G£ô Buffer 6s",
1790442416.322,marker,dr,52.47019016,-1.48029608,351.40,false,,
1790442416.323,marker,reconciled,0.00000000,0.00000000,0.00,false,,
1790442416.415,hud,speed,,,,,"0.0 / 0.0",0.000
1790442416.416,hud,heading,,,,,"0-¦ / 0-¦",0.000
1790442416.416,hud,drift,,,,,"0.00%",0.000
1790442416.417,hud,turns,,,,,"G£ù turns: 0/15",
1790442416.417,hud,calib_s,,,,,"G£ô Buffer 6s",
1790442416.417,marker,dr,52.47019016,-1.48029608,351.40,false,,
1790442416.418,marker,reconciled,0.00000000,0.00000000,0.00,false,,
1790442416.533,hud,speed,,,,,"0.0 / 0.0",0.000
1790442416.533,hud,heading,,,,,"0-¦ / 0-¦",0.000
1790442416.534,hud,drift,,,,,"0.00%",0.000
1790442416.534,hud,turns,,,,,"G£ù turns: 0/15",
1790442416.535,hud,calib_s,,,,,"G£ô Buffer 6s",
1790442416.535,marker,dr,52.47019016,-1.48029608,351.40,false,,
1790442416.535,marker,reconciled,0.00000000,0.00000000,0.00,false,,
1790442416.615,hud,speed,,,,,"0.0 / 0.0",0.000
1790442416.616,hud,heading,,,,,"0-¦ / 0-¦",0.000
1790442416.616,hud,drift,,,,,"0.00%",0.000
1790442416.617,hud,turns,,,,,"G£ù turns: 0/15",
1790442416.617,hud,calib_s,,,,,"G£ô Buffer 6s",
1790442416.617,marker,dr,52.47019016,-1.48029608,351.40,false,,
1790442416.617,marker,reconciled,0.00000000,0.00000000,0.00,false,,
1790442416.725,hud,speed,,,,,"0.0 / 0.0",0.000
1790442416.726,hud,heading,,,,,"0-¦ / 0-¦",0.000
1790442416.726,hud,drift,,,,,"0.00%",0.000
1790442416.727,hud,turns,,,,,"G£ù turns: 0/15",
1790442416.727,hud,calib_s,,,,,"G£ô Buffer 6s",
1790442416.728,marker,dr,52.47019016,-1.48029608,351.40,false,,
1790442416.728,marker,reconciled,0.00000000,0.00000000,0.00,false,,
1790442416.821,hud,speed,,,,,"0.0 / 0.0",0.000
1790442416.822,hud,heading,,,,,"0-¦ / 0-¦",0.000
1790442416.822,hud,drift,,,,,"0.00%",0.000
1790442416.823,hud,turns,,,,,"G£ù turns: 0/15",
1790442416.823,hud,calib_s,,,,,"G£ô Buffer 6s",
1790442416.823,marker,dr,52.47019016,-1.48029608,351.40,false,,
1790442416.824,marker,reconciled,0.00000000,0.00000000,0.00,false,,
1790442416.937,hud,speed,,,,,"0.0 / 0.0",0.000
1790442416.938,hud,heading,,,,,"0-¦ / 0-¦",0.000
1790442416.939,hud,drift,,,,,"0.00%",0.000
1790442416.939,hud,turns,,,,,"G£ù turns: 0/15",
1790442416.939,hud,calib_s,,,,,"G£ô Buffer 6s",
1790442416.940,marker,dr,52.47019016,-1.48029608,351.40,false,,
1790442416.940,marker,reconciled,0.00000000,0.00000000,0.00,false,,
1790442417.025,hud,speed,,,,,"0.0 / 0.0",0.000
1790442417.026,hud,heading,,,,,"0-¦ / 0-¦",0.000
1790442417.027,hud,drift,,,,,"0.00%",0.000
1790442417.027,hud,turns,,,,,"G£ù turns: 0/15",
1790442417.027,hud,calib_s,,,,,"G£ô Buffer 6s",
1790442417.028,marker,dr,52.47019016,-1.48029608,351.40,false,,
1790442417.028,marker,reconciled,0.00000000,0.00000000,0.00,false,,
1790442417.131,hud,speed,,,,,"0.0 / 0.0",0.000
1790442417.131,hud,heading,,,,,"0-¦ / 0-¦",0.000
1790442417.132,hud,drift,,,,,"0.00%",0.000
1790442417.132,hud,turns,,,,,"G£ù turns: 0/15",
1790442417.132,hud,calib_s,,,,,"G£ô Buffer 6s",
1790442417.133,marker,dr,52.47019016,-1.48029608,351.40,false,,
1790442417.133,marker,reconciled,0.00000000,0.00000000,0.00,false,,
1790442417.224,hud,speed,,,,,"0.0 / 0.0",0.000
1790442417.224,hud,heading,,,,,"0-¦ / 0-¦",0.000
1790442417.225,hud,drift,,,,,"0.00%",0.000
1790442417.225,hud,turns,,,,,"G£ù turns: 0/15",
1790442417.225,hud,calib_s,,,,,"G£ô Buffer 6s",
1790442417.225,marker,dr,52.47019016,-1.48029608,351.40,false,,
1790442417.226,marker,reconciled,0.00000000,0.00000000,0.00,false,,
1790442417.344,hud,speed,,,,,"0.0 / 0.0",0.000
1790442417.345,hud,heading,,,,,"0-¦ / 0-¦",0.000
1790442417.345,hud,drift,,,,,"0.00%",0.000
1790442417.345,hud,turns,,,,,"G£ù turns: 0/15",
1790442417.346,hud,calib_s,,,,,"G£ô Buffer 6s",
1790442417.346,marker,dr,52.47019016,-1.48029608,351.40,false,,
1790442417.347,marker,reconciled,0.00000000,0.00000000,0.00,false,,
1790442417.433,hud,speed,,,,,"0.0 / 0.0",0.000
1790442417.433,hud,heading,,,,,"0-¦ / 0-¦",0.000
1790442417.434,hud,drift,,,,,"0.00%",0.000
1790442417.434,hud,turns,,,,,"G£ù turns: 0/15",
1790442417.435,hud,calib_s,,,,,"G£ô Buffer 6s",
1790442417.435,marker,dr,52.47019016,-1.48029608,351.40,false,,
1790442417.436,marker,reconciled,0.00000000,0.00000000,0.00,false,,
1790442417.533,hud,speed,,,,,"0.0 / 0.0",0.000
1790442417.533,hud,heading,,,,,"0-¦ / 0-¦",0.000
1790442417.534,hud,drift,,,,,"0.00%",0.000
1790442417.534,hud,turns,,,,,"G£ù turns: 0/15",
1790442417.535,hud,calib_s,,,,,"G£ô Buffer 6s",
1790442417.535,marker,dr,52.47019016,-1.48029608,351.40,false,,
1790442417.536,marker,reconciled,0.00000000,0.00000000,0.00,false,,
1790442417.631,hud,speed,,,,,"0.0 / 0.0",0.000
1790442417.632,hud,heading,,,,,"0-¦ / 0-¦",0.000
1790442417.632,hud,drift,,,,,"0.00%",0.000
1790442417.633,hud,turns,,,,,"G£ù turns: 0/15",
1790442417.633,hud,calib_s,,,,,"G£ô Buffer 6s",
1790442417.633,marker,dr,52.47019016,-1.48029608,351.40,false,,
1790442417.634,marker,reconciled,0.00000000,0.00000000,0.00,false,,
1790442417.752,hud,speed,,,,,"0.0 / 0.0",0.000
1790442417.753,hud,heading,,,,,"0-¦ / 0-¦",0.000
1790442417.754,hud,drift,,,,,"0.00%",0.000
1790442417.754,hud,turns,,,,,"G£ù turns: 0/15",
1790442417.755,hud,calib_s,,,,,"G£ô Buffer 6s",
1790442417.755,marker,dr,52.47019016,-1.48029608,351.40,false,,
1790442417.756,marker,reconciled,0.00000000,0.00000000,0.00,false,,
1790442417.837,hud,speed,,,,,"0.0 / 0.0",0.000
1790442417.837,hud,heading,,,,,"0-¦ / 0-¦",0.000
1790442417.838,hud,drift,,,,,"0.00%",0.000
1790442417.838,hud,turns,,,,,"G£ù turns: 0/15",
1790442417.839,hud,calib_s,,,,,"G£ô Buffer 6s",
1790442417.839,marker,dr,52.47019016,-1.48029608,351.40,false,,
1790442417.839,marker,reconciled,0.00000000,0.00000000,0.00,false,,
1790442417.939,hud,speed,,,,,"0.0 / 0.0",0.000
1790442417.940,hud,heading,,,,,"0-¦ / 0-¦",0.000
1790442417.940,hud,drift,,,,,"0.00%",0.000
1790442417.940,hud,turns,,,,,"G£ù turns: 0/15",
1790442417.941,hud,calib_s,,,,,"G£ô Buffer 6s",
1790442417.941,marker,dr,52.47019016,-1.48029608,351.40,false,,
1790442417.942,marker,reconciled,0.00000000,0.00000000,0.00,false,,
1790442418.055,hud,speed,,,,,"0.0 / 0.0",0.000
1790442418.055,hud,heading,,,,,"0-¦ / 0-¦",0.000
1790442418.056,hud,drift,,,,,"0.00%",0.000
1790442418.056,hud,turns,,,,,"G£ù turns: 0/15",
1790442418.056,hud,calib_s,,,,,"G£ô Buffer 6s",
1790442418.057,marker,dr,52.47019016,-1.48029608,351.40,false,,
1790442418.057,marker,reconciled,0.00000000,0.00000000,0.00,false,,
1790442418.140,hud,speed,,,,,"0.0 / 0.0",0.000
1790442418.141,hud,heading,,,,,"0-¦ / 0-¦",0.000
1790442418.141,hud,drift,,,,,"0.00%",0.000
1790442418.142,hud,turns,,,,,"G£ù turns: 0/15",
1790442418.143,hud,calib_s,,,,,"G£ô Buffer 6s",
1790442418.143,marker,dr,52.47019016,-1.48029608,351.40,false,,
1790442418.144,marker,reconciled,0.00000000,0.00000000,0.00,false,,
1790442418.240,hud,speed,,,,,"0.0 / 0.0",0.000
1790442418.240,hud,heading,,,,,"0-¦ / 0-¦",0.000
1790442418.241,hud,drift,,,,,"0.00%",0.000
1790442418.241,hud,turns,,,,,"G£ù turns: 0/15",
1790442418.241,hud,calib_s,,,,,"G£ô Buffer 6s",
1790442418.241,marker,dr,52.47019016,-1.48029608,351.40,false,,
1790442418.242,marker,reconciled,0.00000000,0.00000000,0.00,false,,
1790442418.344,hud,speed,,,,,"0.0 / 0.0",0.000
1790442418.345,hud,heading,,,,,"0-¦ / 0-¦",0.000
1790442418.346,hud,drift,,,,,"0.00%",0.000
1790442418.346,hud,turns,,,,,"G£ù turns: 0/15",
1790442418.347,hud,calib_s,,,,,"G£ô Buffer 6s",
1790442418.347,marker,dr,52.47019016,-1.48029608,351.40,false,,
1790442418.347,marker,reconciled,0.00000000,0.00000000,0.00,false,,
1790442418.460,hud,speed,,,,,"0.0 / 0.0",0.000
1790442418.460,hud,heading,,,,,"0-¦ / 0-¦",0.000
1790442418.461,hud,drift,,,,,"0.00%",0.000
1790442418.461,hud,turns,,,,,"G£ù turns: 0/15",
1790442418.461,hud,calib_s,,,,,"G£ô Buffer 6s",
1790442418.461,marker,dr,52.47019016,-1.48029608,351.40,false,,
1790442418.462,marker,reconciled,0.00000000,0.00000000,0.00,false,,
1790442418.541,hud,speed,,,,,"0.0 / 0.0",0.000
1790442418.541,hud,heading,,,,,"0-¦ / 0-¦",0.000
1790442418.542,hud,drift,,,,,"0.00%",0.000
1790442418.542,hud,turns,,,,,"G£ù turns: 0/15",
1790442418.542,hud,calib_s,,,,,"G£ô Buffer 6s",
1790442418.543,marker,dr,52.47019016,-1.48029608,351.40,false,,
1790442418.543,marker,reconciled,0.00000000,0.00000000,0.00,false,,
1790442418.643,hud,speed,,,,,"0.0 / 0.0",0.000
1790442418.644,hud,heading,,,,,"0-¦ / 0-¦",0.000
1790442418.644,hud,drift,,,,,"0.00%",0.000
1790442418.645,hud,turns,,,,,"G£ù turns: 0/15",
1790442418.645,hud,calib_s,,,,,"G£ô Buffer 6s",
1790442418.645,marker,dr,52.47019016,-1.48029608,351.40,false,,
1790442418.646,marker,reconciled,0.00000000,0.00000000,0.00,false,,
1790442418.747,hud,speed,,,,,"0.0 / 0.0",0.000
1790442418.747,hud,heading,,,,,"0-¦ / 0-¦",0.000
1790442418.748,hud,drift,,,,,"0.00%",0.000
1790442418.748,hud,turns,,,,,"G£ù turns: 0/15",
1790442418.748,hud,calib_s,,,,,"G£ô Buffer 6s",
1790442418.748,marker,dr,52.47019016,-1.48029608,351.40,false,,
1790442418.749,marker,reconciled,0.00000000,0.00000000,0.00,false,,
1790442418.864,hud,speed,,,,,"0.0 / 0.0",0.000
1790442418.865,hud,heading,,,,,"0-¦ / 0-¦",0.000
1790442418.865,hud,drift,,,,,"0.00%",0.000
1790442418.865,hud,turns,,,,,"G£ù turns: 0/15",
1790442418.866,hud,calib_s,,,,,"G£ô Buffer 6s",
1790442418.867,marker,dr,52.47019016,-1.48029608,351.40,false,,
1790442418.867,marker,reconciled,0.00000000,0.00000000,0.00,false,,
1790442418.947,hud,speed,,,,,"0.0 / 0.0",0.000
1790442418.948,hud,heading,,,,,"0-¦ / 0-¦",0.000
1790442418.948,hud,drift,,,,,"0.00%",0.000
1790442418.948,hud,turns,,,,,"G£ù turns: 0/15",
1790442418.949,hud,calib_s,,,,,"G£ô Buffer 6s",
1790442418.949,marker,dr,52.47019016,-1.48029608,351.40,false,,
1790442418.949,marker,reconciled,0.00000000,0.00000000,0.00,false,,
1790442419.051,hud,speed,,,,,"0.0 / 0.0",0.000
1790442419.051,hud,heading,,,,,"0-¦ / 0-¦",0.000
1790442419.051,hud,drift,,,,,"0.00%",0.000
1790442419.052,hud,turns,,,,,"G£ù turns: 0/15",
1790442419.052,hud,calib_s,,,,,"G£ô Buffer 6s",
1790442419.052,marker,dr,52.47019016,-1.48029608,351.40,false,,
1790442419.052,marker,reconciled,0.00000000,0.00000000,0.00,false,,
1790442419.155,hud,speed,,,,,"0.0 / 0.0",0.000
1790442419.155,hud,heading,,,,,"0-¦ / 0-¦",0.000
1790442419.155,hud,drift,,,,,"0.00%",0.000
1790442419.156,hud,turns,,,,,"G£ù turns: 0/15",
1790442419.156,hud,calib_s,,,,,"G£ô Buffer 6s",
1790442419.157,marker,dr,52.47019016,-1.48029608,351.40,false,,
1790442419.157,marker,reconciled,0.00000000,0.00000000,0.00,false,,
1790442419.270,hud,speed,,,,,"0.0 / 0.0",0.000
1790442419.271,hud,heading,,,,,"0-¦ / 0-¦",0.000
1790442419.271,hud,drift,,,,,"0.00%",0.000
1790442419.272,hud,turns,,,,,"G£ù turns: 0/15",
1790442419.272,hud,calib_s,,,,,"G£ô Buffer 6s",
1790442419.273,marker,dr,52.47019016,-1.48029608,351.40,false,,
1790442419.273,marker,reconciled,0.00000000,0.00000000,0.00,false,,
1790442419.352,hud,speed,,,,,"0.0 / 0.0",0.000
1790442419.352,hud,heading,,,,,"0-¦ / 0-¦",0.000
1790442419.353,hud,drift,,,,,"0.00%",0.000
1790442419.353,hud,turns,,,,,"G£ù turns: 0/15",
1790442419.353,hud,calib_s,,,,,"G£ô Buffer 6s",
1790442419.353,marker,dr,52.47019016,-1.48029608,351.40,false,,
1790442419.354,marker,reconciled,0.00000000,0.00000000,0.00,false,,
1790442419.459,hud,speed,,,,,"0.0 / 0.0",0.000
1790442419.459,hud,heading,,,,,"0-¦ / 0-¦",0.000
1790442419.460,hud,drift,,,,,"0.00%",0.000
1790442419.460,hud,turns,,,,,"G£ù turns: 0/15",
1790442419.461,hud,calib_s,,,,,"G£ô Buffer 6s",
1790442419.461,marker,dr,52.47019016,-1.48029608,351.40,false,,
1790442419.461,marker,reconciled,0.00000000,0.00000000,0.00,false,,
1790442419.561,hud,speed,,,,,"0.0 / 0.0",0.000
1790442419.561,hud,heading,,,,,"0-¦ / 0-¦",0.000
1790442419.562,hud,drift,,,,,"0.00%",0.000
1790442419.562,hud,turns,,,,,"G£ù turns: 0/15",
1790442419.562,hud,calib_s,,,,,"G£ô Buffer 6s",
1790442419.563,marker,dr,52.47019016,-1.48029608,351.40,false,,
1790442419.563,marker,reconciled,0.00000000,0.00000000,0.00,false,,
1790442419.678,hud,speed,,,,,"0.0 / 0.0",0.000
1790442419.678,hud,heading,,,,,"0-¦ / 0-¦",0.000
1790442419.679,hud,drift,,,,,"0.00%",0.000
1790442419.679,hud,turns,,,,,"G£ù turns: 0/15",
1790442419.680,hud,calib_s,,,,,"G£ô Buffer 6s",
1790442419.680,marker,dr,52.47019016,-1.48029608,351.40,false,,
1790442419.680,marker,reconciled,0.00000000,0.00000000,0.00,false,,
1790442419.763,hud,speed,,,,,"0.0 / 0.0",0.000
1790442419.764,hud,heading,,,,,"0-¦ / 0-¦",0.000
1790442419.764,hud,drift,,,,,"0.00%",0.000
1790442419.764,hud,turns,,,,,"G£ù turns: 0/15",
1790442419.765,hud,calib_s,,,,,"G£ô Buffer 6s",
1790442419.765,marker,dr,52.47019016,-1.48029608,351.40,false,,
1790442419.765,marker,reconciled,0.00000000,0.00000000,0.00,false,,
1790442419.861,hud,speed,,,,,"0.0 / 0.0",0.000
1790442419.862,hud,heading,,,,,"0-¦ / 0-¦",0.000
1790442419.862,hud,drift,,,,,"0.00%",0.000
1790442419.862,hud,turns,,,,,"G£ù turns: 0/15",
1790442419.863,hud,calib_s,,,,,"G£ô Buffer 6s",
1790442419.863,marker,dr,52.47019016,-1.48029608,351.40,false,,
1790442419.863,marker,reconciled,0.00000000,0.00000000,0.00,false,,
1790442419.982,hud,speed,,,,,"0.0 / 0.0",0.000
1790442419.983,hud,heading,,,,,"0-¦ / 0-¦",0.000
1790442419.983,hud,drift,,,,,"0.00%",0.000
1790442419.983,hud,turns,,,,,"G£ù turns: 0/15",
1790442419.984,hud,calib_s,,,,,"G£ô Buffer 6s",
1790442419.984,marker,dr,52.47019016,-1.48029608,351.40,false,,
1790442419.984,marker,reconciled,0.00000000,0.00000000,0.00,false,,
1790442420.062,hud,speed,,,,,"0.0 / 0.0",0.000
1790442420.062,hud,heading,,,,,"0-¦ / 0-¦",0.000
1790442420.063,hud,drift,,,,,"0.00%",0.000
1790442420.063,hud,turns,,,,,"G£ù turns: 0/15",
1790442420.063,hud,calib_s,,,,,"G£ô Buffer 6s",
1790442420.063,marker,dr,52.47019016,-1.48029608,351.40,false,,
1790442420.064,marker,reconciled,0.00000000,0.00000000,0.00,false,,
1790442420.167,hud,speed,,,,,"0.0 / 0.0",0.000
1790442420.168,hud,heading,,,,,"0-¦ / 0-¦",0.000
1790442420.168,hud,drift,,,,,"0.00%",0.000
1790442420.169,hud,turns,,,,,"G£ù turns: 0/15",
1790442420.169,hud,calib_s,,,,,"G£ô Buffer 6s",
1790442420.169,marker,dr,52.47019016,-1.48029608,351.40,false,,
1790442420.170,marker,reconciled,0.00000000,0.00000000,0.00,false,,
1790442420.267,hud,speed,,,,,"0.0 / 0.0",0.000
1790442420.268,hud,heading,,,,,"0-¦ / 0-¦",0.000
1790442420.268,hud,drift,,,,,"0.00%",0.000
1790442420.269,hud,turns,,,,,"G£ù turns: 0/15",
1790442420.269,hud,calib_s,,,,,"G£ô Buffer 6s",
1790442420.270,marker,dr,52.47019016,-1.48029608,351.40,false,,
1790442420.270,marker,reconciled,0.00000000,0.00000000,0.00,false,,
1790442420.386,hud,speed,,,,,"0.0 / 0.0",0.000
1790442420.387,hud,heading,,,,,"0-¦ / 0-¦",0.000
1790442420.387,hud,drift,,,,,"0.00%",0.000
1790442420.388,hud,turns,,,,,"G£ù turns: 0/15",
1790442420.388,hud,calib_s,,,,,"G£ô Buffer 6s",
1790442420.388,marker,dr,52.47019016,-1.48029608,351.40,false,,
1790442420.389,marker,reconciled,0.00000000,0.00000000,0.00,false,,
1790442420.471,hud,speed,,,,,"0.0 / 0.0",0.000
1790442420.472,hud,heading,,,,,"0-¦ / 0-¦",0.000
1790442420.472,hud,drift,,,,,"0.00%",0.000
1790442420.472,hud,turns,,,,,"G£ù turns: 0/15",
1790442420.473,hud,calib_s,,,,,"G£ô Buffer 6s",
1790442420.473,marker,dr,52.47019016,-1.48029608,351.40,false,,
1790442420.474,marker,reconciled,0.00000000,0.00000000,0.00,false,,
1790442420.570,hud,speed,,,,,"0.0 / 0.0",0.000
1790442420.571,hud,heading,,,,,"0-¦ / 0-¦",0.000
1790442420.571,hud,drift,,,,,"0.00%",0.000
1790442420.572,hud,turns,,,,,"G£ù turns: 0/15",
1790442420.572,hud,calib_s,,,,,"G£ô Buffer 6s",
1790442420.572,marker,dr,52.47019016,-1.48029608,351.40,false,,
1790442420.573,marker,reconciled,0.00000000,0.00000000,0.00,false,,
1790442420.671,hud,speed,,,,,"0.0 / 0.0",0.000
1790442420.672,hud,heading,,,,,"0-¦ / 0-¦",0.000
1790442420.672,hud,drift,,,,,"0.00%",0.000
1790442420.673,hud,turns,,,,,"G£ù turns: 0/15",
1790442420.673,hud,calib_s,,,,,"G£ô Buffer 6s",
1790442420.673,marker,dr,52.47019016,-1.48029608,351.40,false,,
1790442420.673,marker,reconciled,0.00000000,0.00000000,0.00,false,,
1790442420.793,hud,speed,,,,,"0.0 / 0.0",0.000
1790442420.793,hud,heading,,,,,"0-¦ / 0-¦",0.000
1790442420.794,hud,drift,,,,,"0.00%",0.000
1790442420.795,hud,turns,,,,,"G£ù turns: 0/15",
1790442420.795,hud,calib_s,,,,,"G£ô Buffer 6s",
1790442420.795,marker,dr,52.47019016,-1.48029608,351.40,false,,
1790442420.796,marker,reconciled,0.00000000,0.00000000,0.00,false,,
1790442420.872,hud,speed,,,,,"0.0 / 0.0",0.000
1790442420.873,hud,heading,,,,,"0-¦ / 0-¦",0.000
1790442420.873,hud,drift,,,,,"0.00%",0.000
1790442420.873,hud,turns,,,,,"G£ù turns: 0/15",
1790442420.874,hud,calib_s,,,,,"G£ô Buffer 6s",
1790442420.874,marker,dr,52.47019016,-1.48029608,351.40,false,,
1790442420.875,marker,reconciled,0.00000000,0.00000000,0.00,false,,
1790442420.975,hud,speed,,,,,"0.0 / 0.0",0.000
1790442420.975,hud,heading,,,,,"0-¦ / 0-¦",0.000
1790442420.976,hud,drift,,,,,"0.00%",0.000
1790442420.976,hud,turns,,,,,"G£ù turns: 0/15",
1790442420.976,hud,calib_s,,,,,"G£ô Buffer 6s",
1790442420.977,marker,dr,52.47019016,-1.48029608,351.40,false,,
1790442420.977,marker,reconciled,0.00000000,0.00000000,0.00,false,,
1790442421.076,hud,speed,,,,,"0.0 / 0.0",0.000
1790442421.077,hud,heading,,,,,"0-¦ / 0-¦",0.000
1790442421.077,hud,drift,,,,,"0.00%",0.000
1790442421.077,hud,turns,,,,,"G£ù turns: 0/15",
1790442421.078,hud,calib_s,,,,,"G£ô Buffer 6s",
1790442421.078,marker,dr,52.47019016,-1.48029608,351.40,false,,
1790442421.078,marker,reconciled,0.00000000,0.00000000,0.00,false,,
1790442421.196,hud,speed,,,,,"0.0 / 0.0",0.000
1790442421.197,hud,heading,,,,,"0-¦ / 0-¦",0.000
1790442421.197,hud,drift,,,,,"0.00%",0.000
1790442421.197,hud,turns,,,,,"G£ù turns: 0/15",
1790442421.198,hud,calib_s,,,,,"G£ô Buffer 6s",
1790442421.198,marker,dr,52.47019016,-1.48029608,351.40,false,,
1790442421.199,marker,reconciled,0.00000000,0.00000000,0.00,false,,
1790442421.280,hud,speed,,,,,"0.0 / 0.0",0.000
1790442421.280,hud,heading,,,,,"0-¦ / 0-¦",0.000
1790442421.281,hud,drift,,,,,"0.00%",0.000
1790442421.281,hud,turns,,,,,"G£ù turns: 0/15",
1790442421.281,hud,calib_s,,,,,"G£ô Buffer 6s",
1790442421.281,marker,dr,52.47019016,-1.48029608,351.40,false,,
1790442421.282,marker,reconciled,0.00000000,0.00000000,0.00,false,,
1790442421.384,hud,speed,,,,,"0.0 / 0.0",0.000
1790442421.385,hud,heading,,,,,"0-¦ / 0-¦",0.000
1790442421.385,hud,drift,,,,,"0.00%",0.000
1790442421.386,hud,turns,,,,,"G£ù turns: 0/15",
1790442421.386,hud,calib_s,,,,,"G£ô Buffer 6s",
1790442421.387,marker,dr,52.47019016,-1.48029608,351.40,false,,
1790442421.387,marker,reconciled,0.00000000,0.00000000,0.00,false,,
1790442421.482,hud,speed,,,,,"0.0 / 0.0",0.000
1790442421.483,hud,heading,,,,,"0-¦ / 0-¦",0.000
1790442421.483,hud,drift,,,,,"0.00%",0.000
1790442421.483,hud,turns,,,,,"G£ù turns: 0/15",
1790442421.484,hud,calib_s,,,,,"G£ô Buffer 6s",
1790442421.484,marker,dr,52.47019016,-1.48029608,351.40,false,,
1790442421.484,marker,reconciled,0.00000000,0.00000000,0.00,false,,
1790442421.605,hud,speed,,,,,"0.0 / 0.0",0.000
1790442421.606,hud,heading,,,,,"0-¦ / 0-¦",0.000
1790442421.606,hud,drift,,,,,"0.00%",0.000
1790442421.607,hud,turns,,,,,"G£ù turns: 0/15",
1790442421.607,hud,calib_s,,,,,"G£ô Buffer 6s",
1790442421.607,marker,dr,52.47019016,-1.48029608,351.40,false,,
1790442421.608,marker,reconciled,0.00000000,0.00000000,0.00,false,,
1790442421.684,hud,speed,,,,,"0.0 / 0.0",0.000
1790442421.684,hud,heading,,,,,"0-¦ / 0-¦",0.000
1790442421.685,hud,drift,,,,,"0.00%",0.000
1790442421.685,hud,turns,,,,,"G£ù turns: 0/15",
1790442421.685,hud,calib_s,,,,,"G£ô Buffer 6s",
1790442421.686,marker,dr,52.47019016,-1.48029608,351.40,false,,
1790442421.686,marker,reconciled,0.00000000,0.00000000,0.00,false,,
1790442421.787,hud,speed,,,,,"0.0 / 0.0",0.000
1790442421.787,hud,heading,,,,,"0-¦ / 0-¦",0.000
1790442421.787,hud,drift,,,,,"0.00%",0.000
1790442421.788,hud,turns,,,,,"G£ù turns: 0/15",
1790442421.788,hud,calib_s,,,,,"G£ô Buffer 6s",
1790442421.788,marker,dr,52.47019016,-1.48029608,351.40,false,,
1790442421.788,marker,reconciled,0.00000000,0.00000000,0.00,false,,
1790442421.909,hud,speed,,,,,"0.0 / 0.0",0.000
1790442421.910,hud,heading,,,,,"0-¦ / 0-¦",0.000
1790442421.910,hud,drift,,,,,"0.00%",0.000
1790442421.911,hud,turns,,,,,"G£ù turns: 0/15",
1790442421.911,hud,calib_s,,,,,"G£ô Buffer 6s",
1790442421.911,marker,dr,52.47019016,-1.48029608,351.40,false,,
1790442421.911,marker,reconciled,0.00000000,0.00000000,0.00,false,,
1790442421.992,hud,speed,,,,,"0.0 / 0.0",0.000
1790442421.992,hud,heading,,,,,"0-¦ / 0-¦",0.000
1790442421.993,hud,drift,,,,,"0.00%",0.000
1790442421.993,hud,turns,,,,,"G£ù turns: 0/15",
1790442421.994,hud,calib_s,,,,,"G£ô Buffer 6s",
1790442421.994,marker,dr,52.47019016,-1.48029608,351.40,false,,
1790442421.995,marker,reconciled,0.00000000,0.00000000,0.00,false,,
1790442422.090,hud,speed,,,,,"0.0 / 0.0",0.000
1790442422.090,hud,heading,,,,,"0-¦ / 0-¦",0.000
1790442422.091,hud,drift,,,,,"0.00%",0.000
1790442422.091,hud,turns,,,,,"G£ù turns: 0/15",
1790442422.091,hud,calib_s,,,,,"G£ô Buffer 6s",
1790442422.091,marker,dr,52.47019016,-1.48029608,351.40,false,,
1790442422.091,marker,reconciled,0.00000000,0.00000000,0.00,false,,
1790442422.192,hud,speed,,,,,"0.0 / 0.0",0.000
1790442422.193,hud,heading,,,,,"0-¦ / 0-¦",0.000
1790442422.193,hud,drift,,,,,"0.00%",0.000
1790442422.193,hud,turns,,,,,"G£ù turns: 0/15",
1790442422.194,hud,calib_s,,,,,"G£ô Buffer 6s",
1790442422.194,marker,dr,52.47019016,-1.48029608,351.40,false,,
1790442422.194,marker,reconciled,0.00000000,0.00000000,0.00,false,,
1790442422.316,hud,speed,,,,,"0.0 / 0.0",0.000
1790442422.316,hud,heading,,,,,"0-¦ / 0-¦",0.000
1790442422.317,hud,drift,,,,,"0.00%",0.000
1790442422.317,hud,turns,,,,,"G£ù turns: 0/15",
1790442422.318,hud,calib_s,,,,,"G£ô Buffer 6s",
1790442422.318,marker,dr,52.47019016,-1.48029608,351.40,false,,
1790442422.319,marker,reconciled,0.00000000,0.00000000,0.00,false,,
1790442422.396,hud,speed,,,,,"0.0 / 0.0",0.000
1790442422.397,hud,heading,,,,,"0-¦ / 0-¦",0.000
1790442422.398,hud,drift,,,,,"0.00%",0.000
1790442422.398,hud,turns,,,,,"G£ù turns: 0/15",
1790442422.399,hud,calib_s,,,,,"G£ô Buffer 6s",
1790442422.399,marker,dr,52.47019016,-1.48029608,351.40,false,,
1790442422.400,marker,reconciled,0.00000000,0.00000000,0.00,false,,
1790442422.496,hud,speed,,,,,"0.0 / 0.0",0.000
1790442422.497,hud,heading,,,,,"0-¦ / 0-¦",0.000
1790442422.497,hud,drift,,,,,"0.00%",0.000
1790442422.497,hud,turns,,,,,"G£ù turns: 0/15",
1790442422.497,hud,calib_s,,,,,"G£ô Buffer 6s",
1790442422.498,marker,dr,52.47019016,-1.48029608,351.40,false,,
1790442422.499,marker,reconciled,0.00000000,0.00000000,0.00,false,,
1790442422.601,hud,speed,,,,,"0.0 / 0.0",0.000
1790442422.602,hud,heading,,,,,"0-¦ / 0-¦",0.000
1790442422.602,hud,drift,,,,,"0.00%",0.000
1790442422.602,hud,turns,,,,,"G£ù turns: 0/15",
1790442422.603,hud,calib_s,,,,,"G£ô Buffer 6s",
1790442422.603,marker,dr,52.47019016,-1.48029608,351.40,false,,
1790442422.603,marker,reconciled,0.00000000,0.00000000,0.00,false,,
1790442422.721,hud,speed,,,,,"0.0 / 0.0",0.000
1790442422.721,hud,heading,,,,,"0-¦ / 0-¦",0.000
1790442422.722,hud,drift,,,,,"0.00%",0.000
1790442422.723,hud,turns,,,,,"G£ù turns: 0/15",
1790442422.723,hud,calib_s,,,,,"G£ô Buffer 6s",
1790442422.723,marker,dr,52.47019016,-1.48029608,351.40,false,,
1790442422.724,marker,reconciled,0.00000000,0.00000000,0.00,false,,
1790442422.801,hud,speed,,,,,"0.0 / 0.0",0.000
1790442422.801,hud,heading,,,,,"0-¦ / 0-¦",0.000
1790442422.802,hud,drift,,,,,"0.00%",0.000
1790442422.803,hud,turns,,,,,"G£ù turns: 0/15",
1790442422.803,hud,calib_s,,,,,"G£ô Buffer 6s",
1790442422.804,marker,dr,52.47019016,-1.48029608,351.40,false,,
1790442422.804,marker,reconciled,0.00000000,0.00000000,0.00,false,,
1790442422.901,hud,speed,,,,,"0.0 / 0.0",0.000
1790442422.901,hud,heading,,,,,"0-¦ / 0-¦",0.000
1790442422.902,hud,drift,,,,,"0.00%",0.000
1790442422.902,hud,turns,,,,,"G£ù turns: 0/15",
1790442422.902,hud,calib_s,,,,,"G£ô Buffer 6s",
1790442422.903,marker,dr,52.47019016,-1.48029608,351.40,false,,
1790442422.903,marker,reconciled,0.00000000,0.00000000,0.00,false,,
1790442423.005,hud,speed,,,,,"0.0 / 0.0",0.000
1790442423.006,hud,heading,,,,,"0-¦ / 0-¦",0.000
1790442423.006,hud,drift,,,,,"0.00%",0.000
1790442423.007,hud,turns,,,,,"G£ù turns: 0/15",
1790442423.007,hud,calib_s,,,,,"G£ô Buffer 6s",
1790442423.008,marker,dr,52.47019016,-1.48029608,351.40,false,,
1790442423.008,marker,reconciled,0.00000000,0.00000000,0.00,false,,
1790442423.125,hud,speed,,,,,"0.0 / 0.0",0.000
1790442423.125,hud,heading,,,,,"0-¦ / 0-¦",0.000
1790442423.126,hud,drift,,,,,"0.00%",0.000
1790442423.126,hud,turns,,,,,"G£ù turns: 0/15",
1790442423.127,hud,calib_s,,,,,"G£ô Buffer 6s",
1790442423.127,marker,dr,52.47019016,-1.48029608,351.40,false,,
1790442423.127,marker,reconciled,0.00000000,0.00000000,0.00,false,,
1790442423.204,hud,speed,,,,,"0.0 / 0.0",0.000
1790442423.205,hud,heading,,,,,"0-¦ / 0-¦",0.000
1790442423.205,hud,drift,,,,,"0.00%",0.000
1790442423.205,hud,turns,,,,,"G£ù turns: 0/15",
1790442423.206,hud,calib_s,,,,,"G£ô Buffer 6s",
1790442423.206,marker,dr,52.47019016,-1.48029608,351.40,false,,
1790442423.206,marker,reconciled,0.00000000,0.00000000,0.00,false,,
1790442423.305,hud,speed,,,,,"0.0 / 0.0",0.000
1790442423.306,hud,heading,,,,,"0-¦ / 0-¦",0.000
1790442423.306,hud,drift,,,,,"0.00%",0.000
1790442423.306,hud,turns,,,,,"G£ù turns: 0/15",
1790442423.307,hud,calib_s,,,,,"G£ô Buffer 6s",
1790442423.307,marker,dr,52.47019016,-1.48029608,351.40,false,,
1790442423.307,marker,reconciled,0.00000000,0.00000000,0.00,false,,
1790442423.407,hud,speed,,,,,"0.0 / 0.0",0.000
1790442423.408,hud,heading,,,,,"0-¦ / 0-¦",0.000
1790442423.408,hud,drift,,,,,"0.00%",0.000
1790442423.408,hud,turns,,,,,"G£ù turns: 0/15",
1790442423.409,hud,calib_s,,,,,"G£ô Buffer 6s",
1790442423.409,marker,dr,52.47019016,-1.48029608,351.40,false,,
1790442423.409,marker,reconciled,0.00000000,0.00000000,0.00,false,,
1790442423.531,hud,speed,,,,,"0.0 / 0.0",0.000
1790442423.531,hud,heading,,,,,"0-¦ / 0-¦",0.000
1790442423.532,hud,drift,,,,,"0.00%",0.000
1790442423.532,hud,turns,,,,,"G£ù turns: 0/15",
1790442423.532,hud,calib_s,,,,,"G£ô Buffer 6s",
1790442423.533,marker,dr,52.47019016,-1.48029608,351.40,false,,
1790442423.533,marker,reconciled,0.00000000,0.00000000,0.00,false,,
1790442423.607,hud,speed,,,,,"0.0 / 0.0",0.000
1790442423.607,hud,heading,,,,,"0-¦ / 0-¦",0.000
1790442423.608,hud,drift,,,,,"0.00%",0.000
1790442423.608,hud,turns,,,,,"G£ù turns: 0/15",
1790442423.608,hud,calib_s,,,,,"G£ô Buffer 6s",
1790442423.608,marker,dr,52.47019016,-1.48029608,351.40,false,,
1790442423.608,marker,reconciled,0.00000000,0.00000000,0.00,false,,
1790442423.719,hud,speed,,,,,"0.0 / 0.0",0.000
1790442423.719,hud,heading,,,,,"0-¦ / 0-¦",0.000
1790442423.720,hud,drift,,,,,"0.00%",0.000
1790442423.720,hud,turns,,,,,"G£ù turns: 0/15",
1790442423.721,hud,calib_s,,,,,"G£ô Buffer 6s",
1790442423.721,marker,dr,52.47019016,-1.48029608,351.40,false,,
1790442423.722,marker,reconciled,0.00000000,0.00000000,0.00,false,,
1790442423.812,hud,speed,,,,,"0.0 / 0.0",0.000
1790442423.813,hud,heading,,,,,"0-¦ / 0-¦",0.000
1790442423.813,hud,drift,,,,,"0.00%",0.000
1790442423.814,hud,turns,,,,,"G£ù turns: 0/15",
1790442423.814,hud,calib_s,,,,,"G£ô Buffer 6s",
1790442423.815,marker,dr,52.47019016,-1.48029608,351.40,false,,
1790442423.815,marker,reconciled,0.00000000,0.00000000,0.00,false,,
1790442423.936,hud,speed,,,,,"0.0 / 0.0",0.000
1790442423.937,hud,heading,,,,,"0-¦ / 0-¦",0.000
1790442423.937,hud,drift,,,,,"0.00%",0.000
1790442423.938,hud,turns,,,,,"G£ù turns: 0/15",
1790442423.938,hud,calib_s,,,,,"G£ô Buffer 6s",
1790442423.939,marker,dr,52.47019016,-1.48029608,351.40,false,,
1790442423.939,marker,reconciled,0.00000000,0.00000000,0.00,false,,
1790442424.014,hud,speed,,,,,"0.0 / 0.0",0.000
1790442424.015,hud,heading,,,,,"0-¦ / 0-¦",0.000
1790442424.015,hud,drift,,,,,"0.00%",0.000
1790442424.015,hud,turns,,,,,"G£ù turns: 0/15",
1790442424.016,hud,calib_s,,,,,"G£ô Buffer 6s",
1790442424.016,marker,dr,52.47019016,-1.48029608,351.40,false,,
1790442424.016,marker,reconciled,0.00000000,0.00000000,0.00,false,,
1790442424.116,hud,speed,,,,,"0.0 / 0.0",0.000
1790442424.117,hud,heading,,,,,"0-¦ / 0-¦",0.000
1790442424.117,hud,drift,,,,,"0.00%",0.000
1790442424.117,hud,turns,,,,,"G£ù turns: 0/15",
1790442424.118,hud,calib_s,,,,,"G£ô Buffer 6s",
1790442424.118,marker,dr,52.47019016,-1.48029608,351.40,false,,
1790442424.119,marker,reconciled,0.00000000,0.00000000,0.00,false,,
1790442424.237,hud,speed,,,,,"0.0 / 0.0",0.000
1790442424.238,hud,heading,,,,,"0-¦ / 0-¦",0.000
1790442424.238,hud,drift,,,,,"0.00%",0.000
1790442424.239,hud,turns,,,,,"G£ù turns: 0/15",
1790442424.239,hud,calib_s,,,,,"G£ô Buffer 6s",
1790442424.239,marker,dr,52.47019016,-1.48029608,351.40,false,,
1790442424.239,marker,reconciled,0.00000000,0.00000000,0.00,false,,
1790442424.323,hud,speed,,,,,"0.0 / 0.0",0.000
1790442424.324,hud,heading,,,,,"0-¦ / 0-¦",0.000
1790442424.324,hud,drift,,,,,"0.00%",0.000
1790442424.325,hud,turns,,,,,"G£ù turns: 0/15",
1790442424.325,hud,calib_s,,,,,"G£ô Buffer 6s",
1790442424.326,marker,dr,52.47019016,-1.48029608,351.40,false,,
1790442424.326,marker,reconciled,0.00000000,0.00000000,0.00,false,,
1790442424.425,hud,speed,,,,,"0.0 / 0.0",0.000
1790442424.425,hud,heading,,,,,"0-¦ / 0-¦",0.000
1790442424.426,hud,drift,,,,,"0.00%",0.000
1790442424.427,hud,turns,,,,,"G£ù turns: 0/15",
1790442424.427,hud,calib_s,,,,,"G£ô Buffer 6s",
1790442424.427,marker,dr,52.47019016,-1.48029608,351.40,false,,
1790442424.428,marker,reconciled,0.00000000,0.00000000,0.00,false,,
1790442424.522,hud,speed,,,,,"0.0 / 0.0",0.000
1790442424.523,hud,heading,,,,,"0-¦ / 0-¦",0.000
1790442424.523,hud,drift,,,,,"0.00%",0.000
1790442424.524,hud,turns,,,,,"G£ù turns: 0/15",
1790442424.524,hud,calib_s,,,,,"G£ô Buffer 6s",
1790442424.524,marker,dr,52.47019016,-1.48029608,351.40,false,,
1790442424.524,marker,reconciled,0.00000000,0.00000000,0.00,false,,
1790442424.643,hud,speed,,,,,"0.0 / 0.0",0.000
1790442424.643,hud,heading,,,,,"0-¦ / 0-¦",0.000
1790442424.644,hud,drift,,,,,"0.00%",0.000
1790442424.644,hud,turns,,,,,"G£ù turns: 0/15",
1790442424.644,hud,calib_s,,,,,"G£ô Buffer 6s",
1790442424.645,marker,dr,52.47019016,-1.48029608,351.40,false,,
1790442424.645,marker,reconciled,0.00000000,0.00000000,0.00,false,,
1790442424.725,hud,speed,,,,,"0.0 / 0.0",0.000
1790442424.726,hud,heading,,,,,"0-¦ / 0-¦",0.000
1790442424.726,hud,drift,,,,,"0.00%",0.000
1790442424.727,hud,turns,,,,,"G£ù turns: 0/15",
1790442424.727,hud,calib_s,,,,,"G£ô Buffer 6s",
1790442424.727,marker,dr,52.47019016,-1.48029608,351.40,false,,
1790442424.728,marker,reconciled,0.00000000,0.00000000,0.00,false,,
1790442424.827,hud,speed,,,,,"0.0 / 0.0",0.000
1790442424.828,hud,heading,,,,,"0-¦ / 0-¦",0.000
1790442424.829,hud,drift,,,,,"0.00%",0.000
1790442424.829,hud,turns,,,,,"G£ù turns: 0/15",
1790442424.830,hud,calib_s,,,,,"G£ô Buffer 6s",
1790442424.831,marker,dr,52.47019016,-1.48029608,351.40,false,,
1790442424.832,marker,reconciled,0.00000000,0.00000000,0.00,false,,
1790442424.929,hud,speed,,,,,"0.0 / 0.0",0.000
1790442424.929,hud,heading,,,,,"0-¦ / 0-¦",0.000
1790442424.929,hud,drift,,,,,"0.00%",0.000
1790442424.929,hud,turns,,,,,"G£ù turns: 0/15",
1790442424.930,hud,calib_s,,,,,"G£ô Buffer 6s",
1790442424.930,marker,dr,52.47019016,-1.48029608,351.40,false,,
1790442424.930,marker,reconciled,0.00000000,0.00000000,0.00,false,,
1790442425.049,hud,speed,,,,,"0.0 / 0.0",0.000
1790442425.050,hud,heading,,,,,"0-¦ / 0-¦",0.000
1790442425.051,hud,drift,,,,,"0.00%",0.000
1790442425.051,hud,turns,,,,,"G£ù turns: 0/15",
1790442425.052,hud,calib_s,,,,,"G£ô Buffer 6s",
1790442425.052,marker,dr,52.47019016,-1.48029608,351.40,false,,
1790442425.052,marker,reconciled,0.00000000,0.00000000,0.00,false,,
1790442425.136,hud,speed,,,,,"0.0 / 0.0",0.000
1790442425.137,hud,heading,,,,,"0-¦ / 0-¦",0.000
1790442425.138,hud,drift,,,,,"0.00%",0.000
1790442425.138,hud,turns,,,,,"G£ù turns: 0/15",
1790442425.139,hud,calib_s,,,,,"G£ô Buffer 6s",
1790442425.139,marker,dr,52.47019016,-1.48029608,351.40,false,,
1790442425.140,marker,reconciled,0.00000000,0.00000000,0.00,false,,
1790442425.231,hud,speed,,,,,"0.0 / 0.0",0.000
1790442425.232,hud,heading,,,,,"0-¦ / 0-¦",0.000
1790442425.232,hud,drift,,,,,"0.00%",0.000
1790442425.233,hud,turns,,,,,"G£ù turns: 0/15",
1790442425.233,hud,calib_s,,,,,"G£ô Buffer 6s",
1790442425.233,marker,dr,52.47019016,-1.48029608,351.40,false,,
1790442425.233,marker,reconciled,0.00000000,0.00000000,0.00,false,,
1790442425.337,hud,speed,,,,,"0.0 / 0.0",0.000
1790442425.338,hud,heading,,,,,"0-¦ / 0-¦",0.000
1790442425.338,hud,drift,,,,,"0.00%",0.000
1790442425.339,hud,turns,,,,,"G£ù turns: 0/15",
1790442425.339,hud,calib_s,,,,,"G£ô Buffer 6s",
1790442425.339,marker,dr,52.47019016,-1.48029608,351.40,false,,
1790442425.340,marker,reconciled,0.00000000,0.00000000,0.00,false,,
1790442425.455,hud,speed,,,,,"0.0 / 0.0",0.000
1790442425.456,hud,heading,,,,,"0-¦ / 0-¦",0.000
1790442425.456,hud,drift,,,,,"0.00%",0.000
1790442425.456,hud,turns,,,,,"G£ù turns: 0/15",
1790442425.457,hud,calib_s,,,,,"G£ô Buffer 6s",
1790442425.457,marker,dr,52.47019016,-1.48029608,351.40,false,,
1790442425.457,marker,reconciled,0.00000000,0.00000000,0.00,false,,
1790442425.541,hud,speed,,,,,"0.0 / 0.0",0.000
1790442425.541,hud,heading,,,,,"0-¦ / 0-¦",0.000
1790442425.542,hud,drift,,,,,"0.00%",0.000
1790442425.542,hud,turns,,,,,"G£ù turns: 0/15",
1790442425.543,hud,calib_s,,,,,"G£ô Buffer 6s",
1790442425.543,marker,dr,52.47019016,-1.48029608,351.40,false,,
1790442425.544,marker,reconciled,0.00000000,0.00000000,0.00,false,,
1790442425.639,hud,speed,,,,,"0.0 / 0.0",0.000
1790442425.639,hud,heading,,,,,"0-¦ / 0-¦",0.000
1790442425.640,hud,drift,,,,,"0.00%",0.000
1790442425.640,hud,turns,,,,,"G£ù turns: 0/15",
1790442425.641,hud,calib_s,,,,,"G£ô Buffer 6s",
1790442425.641,marker,dr,52.47019016,-1.48029608,351.40,false,,
1790442425.641,marker,reconciled,0.00000000,0.00000000,0.00,false,,
1790442425.744,hud,speed,,,,,"0.0 / 0.0",0.000
1790442425.744,hud,heading,,,,,"0-¦ / 0-¦",0.000
1790442425.745,hud,drift,,,,,"0.00%",0.000
1790442425.745,hud,turns,,,,,"G£ù turns: 0/15",
1790442425.745,hud,calib_s,,,,,"G£ô Buffer 6s",
1790442425.746,marker,dr,52.47019016,-1.48029608,351.40,false,,
1790442425.746,marker,reconciled,0.00000000,0.00000000,0.00,false,,
1790442425.861,hud,speed,,,,,"0.0 / 0.0",0.000
1790442425.862,hud,heading,,,,,"0-¦ / 0-¦",0.000
1790442425.863,hud,drift,,,,,"0.00%",0.000
1790442425.863,hud,turns,,,,,"G£ù turns: 0/15",
1790442425.864,hud,calib_s,,,,,"G£ô Buffer 6s",
1790442425.864,marker,dr,52.47019016,-1.48029608,351.40,false,,
1790442425.864,marker,reconciled,0.00000000,0.00000000,0.00,false,,
1790442425.950,hud,speed,,,,,"0.0 / 0.0",0.000
1790442425.950,hud,heading,,,,,"0-¦ / 0-¦",0.000
1790442425.951,hud,drift,,,,,"0.00%",0.000
1790442425.951,hud,turns,,,,,"G£ù turns: 0/15",
1790442425.952,hud,calib_s,,,,,"G£ô Buffer 6s",
1790442425.952,marker,dr,52.47019016,-1.48029608,351.40,false,,
1790442425.952,marker,reconciled,0.00000000,0.00000000,0.00,false,,
1790442426.044,hud,speed,,,,,"0.0 / 0.0",0.000
1790442426.045,hud,heading,,,,,"0-¦ / 0-¦",0.000
1790442426.045,hud,drift,,,,,"0.00%",0.000
1790442426.046,hud,turns,,,,,"G£ù turns: 0/15",
1790442426.046,hud,calib_s,,,,,"G£ô Buffer 6s",
1790442426.046,marker,dr,52.47019016,-1.48029608,351.40,false,,
1790442426.047,marker,reconciled,0.00000000,0.00000000,0.00,false,,
1790442426.167,hud,speed,,,,,"0.0 / 0.0",0.000
1790442426.167,hud,heading,,,,,"0-¦ / 0-¦",0.000
1790442426.167,hud,drift,,,,,"0.00%",0.000
1790442426.168,hud,turns,,,,,"G£ù turns: 0/15",
1790442426.168,hud,calib_s,,,,,"G£ô Buffer 6s",
1790442426.168,marker,dr,52.47019016,-1.48029608,351.40,false,,
1790442426.169,marker,reconciled,0.00000000,0.00000000,0.00,false,,
1790442426.248,hud,speed,,,,,"0.0 / 0.0",0.000
1790442426.248,hud,heading,,,,,"0-¦ / 0-¦",0.000
1790442426.248,hud,drift,,,,,"0.00%",0.000
1790442426.248,hud,turns,,,,,"G£ù turns: 0/15",
1790442426.249,hud,calib_s,,,,,"G£ô Buffer 6s",
1790442426.249,marker,dr,52.47019016,-1.48029608,351.40,false,,
1790442426.249,marker,reconciled,0.00000000,0.00000000,0.00,false,,
1790442426.350,hud,speed,,,,,"0.0 / 0.0",0.000
1790442426.351,hud,heading,,,,,"0-¦ / 0-¦",0.000
1790442426.351,hud,drift,,,,,"0.00%",0.000
1790442426.351,hud,turns,,,,,"G£ù turns: 0/15",
1790442426.351,hud,calib_s,,,,,"G£ô Buffer 6s",
1790442426.351,marker,dr,52.47019016,-1.48029608,351.40,false,,
1790442426.351,marker,reconciled,0.00000000,0.00000000,0.00,false,,
1790442426.449,hud,speed,,,,,"0.0 / 0.0",0.000
1790442426.449,hud,heading,,,,,"0-¦ / 0-¦",0.000
1790442426.450,hud,drift,,,,,"0.00%",0.000
1790442426.450,hud,turns,,,,,"G£ù turns: 0/15",
1790442426.450,hud,calib_s,,,,,"G£ô Buffer 6s",
1790442426.451,marker,dr,52.47019016,-1.48029608,351.40,false,,
1790442426.451,marker,reconciled,0.00000000,0.00000000,0.00,false,,
1790442426.571,hud,speed,,,,,"0.0 / 0.0",0.000
1790442426.572,hud,heading,,,,,"0-¦ / 0-¦",0.000
1790442426.573,hud,drift,,,,,"0.00%",0.000
1790442426.573,hud,turns,,,,,"G£ù turns: 0/15",
1790442426.573,hud,calib_s,,,,,"G£ô Buffer 6s",
1790442426.574,marker,dr,52.47019016,-1.48029608,351.40,false,,
1790442426.574,marker,reconciled,0.00000000,0.00000000,0.00,false,,
1790442426.652,hud,speed,,,,,"0.0 / 0.0",0.000
1790442426.652,hud,heading,,,,,"0-¦ / 0-¦",0.000
1790442426.653,hud,drift,,,,,"0.00%",0.000
1790442426.653,hud,turns,,,,,"G£ù turns: 0/15",
1790442426.653,hud,calib_s,,,,,"G£ô Buffer 6s",
1790442426.653,marker,dr,52.47019016,-1.48029608,351.40,false,,
1790442426.654,marker,reconciled,0.00000000,0.00000000,0.00,false,,
1790442426.758,hud,speed,,,,,"0.0 / 0.0",0.000
1790442426.759,hud,heading,,,,,"0-¦ / 0-¦",0.000
1790442426.759,hud,drift,,,,,"0.00%",0.000
1790442426.759,hud,turns,,,,,"G£ù turns: 0/15",
1790442426.760,hud,calib_s,,,,,"G£ô Buffer 6s",
1790442426.760,marker,dr,52.47019016,-1.48029608,351.40,false,,
1790442426.760,marker,reconciled,0.00000000,0.00000000,0.00,false,,
1790442426.855,hud,speed,,,,,"0.0 / 0.0",0.000
1790442426.856,hud,heading,,,,,"0-¦ / 0-¦",0.000
1790442426.856,hud,drift,,,,,"0.00%",0.000
1790442426.856,hud,turns,,,,,"G£ù turns: 0/15",
1790442426.857,hud,calib_s,,,,,"G£ô Buffer 6s",
1790442426.857,marker,dr,52.47019016,-1.48029608,351.40,false,,
1790442426.858,marker,reconciled,0.00000000,0.00000000,0.00,false,,
1790442426.977,hud,speed,,,,,"0.0 / 0.0",0.000
1790442426.977,hud,heading,,,,,"0-¦ / 0-¦",0.000
1790442426.978,hud,drift,,,,,"0.00%",0.000
1790442426.979,hud,turns,,,,,"G£ù turns: 0/15",
1790442426.979,hud,calib_s,,,,,"G£ô Buffer 6s",
1790442426.979,marker,dr,52.47019016,-1.48029608,351.40,false,,
1790442426.980,marker,reconciled,0.00000000,0.00000000,0.00,false,,
1790442427.061,hud,speed,,,,,"0.0 / 0.0",0.000
1790442427.063,hud,heading,,,,,"0-¦ / 0-¦",0.000
1790442427.063,hud,drift,,,,,"0.00%",0.000
1790442427.064,hud,turns,,,,,"G£ù turns: 0/15",
1790442427.064,hud,calib_s,,,,,"G£ô Buffer 6s",
1790442427.064,marker,dr,52.47019016,-1.48029608,351.40,false,,
1790442427.065,marker,reconciled,0.00000000,0.00000000,0.00,false,,
1790442427.165,hud,speed,,,,,"0.0 / 0.0",0.000
1790442427.166,hud,heading,,,,,"0-¦ / 0-¦",0.000
1790442427.167,hud,drift,,,,,"0.00%",0.000
1790442427.167,hud,turns,,,,,"G£ù turns: 0/15",
1790442427.168,hud,calib_s,,,,,"G£ô Buffer 6s",
1790442427.168,marker,dr,52.47019016,-1.48029608,351.40,false,,
1790442427.169,marker,reconciled,0.00000000,0.00000000,0.00,false,,
1790442427.269,hud,speed,,,,,"0.0 / 0.0",0.000
1790442427.270,hud,heading,,,,,"0-¦ / 0-¦",0.000
1790442427.271,hud,drift,,,,,"0.00%",0.000
1790442427.271,hud,turns,,,,,"G£ù turns: 0/15",
1790442427.272,hud,calib_s,,,,,"G£ô Buffer 6s",
1790442427.273,marker,dr,52.47019016,-1.48029608,351.40,false,,
1790442427.273,marker,reconciled,0.00000000,0.00000000,0.00,false,,
1790442427.383,hud,speed,,,,,"0.0 / 0.0",0.000
1790442427.384,hud,heading,,,,,"0-¦ / 0-¦",0.000
1790442427.384,hud,drift,,,,,"0.00%",0.000
1790442427.385,hud,turns,,,,,"G£ù turns: 0/15",
1790442427.385,hud,calib_s,,,,,"G£ô Buffer 6s",
1790442427.385,marker,dr,52.47019016,-1.48029608,351.40,false,,
1790442427.386,marker,reconciled,0.00000000,0.00000000,0.00,false,,
1790442427.463,hud,speed,,,,,"0.0 / 0.0",0.000
1790442427.464,hud,heading,,,,,"0-¦ / 0-¦",0.000
1790442427.464,hud,drift,,,,,"0.00%",0.000
1790442427.464,hud,turns,,,,,"G£ù turns: 0/15",
1790442427.464,hud,calib_s,,,,,"G£ô Buffer 6s",
1790442427.464,marker,dr,52.47019016,-1.48029608,351.40,false,,
1790442427.465,marker,reconciled,0.00000000,0.00000000,0.00,false,,
1790442427.572,hud,speed,,,,,"0.0 / 0.0",0.000
1790442427.572,hud,heading,,,,,"0-¦ / 0-¦",0.000
1790442427.572,hud,drift,,,,,"0.00%",0.000
1790442427.573,hud,turns,,,,,"G£ù turns: 0/15",
1790442427.573,hud,calib_s,,,,,"G£ô Buffer 6s",
1790442427.573,marker,dr,52.47019016,-1.48029608,351.40,false,,
1790442427.574,marker,reconciled,0.00000000,0.00000000,0.00,false,,
1790442427.668,hud,speed,,,,,"0.0 / 0.0",0.000
1790442427.669,hud,heading,,,,,"0-¦ / 0-¦",0.000
1790442427.669,hud,drift,,,,,"0.00%",0.000
1790442427.669,hud,turns,,,,,"G£ù turns: 0/15",
1790442427.670,hud,calib_s,,,,,"G£ô Buffer 6s",
1790442427.670,marker,dr,52.47019016,-1.48029608,351.40,false,,
1790442427.670,marker,reconciled,0.00000000,0.00000000,0.00,false,,
1790442427.789,hud,speed,,,,,"0.0 / 0.0",0.000
1790442427.789,hud,heading,,,,,"0-¦ / 0-¦",0.000
1790442427.790,hud,drift,,,,,"0.00%",0.000
1790442427.790,hud,turns,,,,,"G£ù turns: 0/15",
1790442427.791,hud,calib_s,,,,,"G£ô Buffer 6s",
1790442427.791,marker,dr,52.47019016,-1.48029608,351.40,false,,
1790442427.792,marker,reconciled,0.00000000,0.00000000,0.00,false,,
1790442427.872,hud,speed,,,,,"0.0 / 0.0",0.000
1790442427.872,hud,heading,,,,,"0-¦ / 0-¦",0.000
1790442427.873,hud,drift,,,,,"0.00%",0.000
1790442427.873,hud,turns,,,,,"G£ù turns: 0/15",
1790442427.874,hud,calib_s,,,,,"G£ô Buffer 6s",
1790442427.874,marker,dr,52.47019016,-1.48029608,351.40,false,,
1790442427.875,marker,reconciled,0.00000000,0.00000000,0.00,false,,
1790442427.975,hud,speed,,,,,"0.0 / 0.0",0.000
1790442427.975,hud,heading,,,,,"0-¦ / 0-¦",0.000
1790442427.976,hud,drift,,,,,"0.00%",0.000
1790442427.976,hud,turns,,,,,"G£ù turns: 0/15",
1790442427.976,hud,calib_s,,,,,"G£ô Buffer 6s",
1790442427.976,marker,dr,52.47019016,-1.48029608,351.40,false,,
1790442427.977,marker,reconciled,0.00000000,0.00000000,0.00,false,,
1790442428.093,hud,speed,,,,,"0.0 / 0.0",0.000
1790442428.094,hud,heading,,,,,"0-¦ / 0-¦",0.000
1790442428.094,hud,drift,,,,,"0.00%",0.000
1790442428.095,hud,turns,,,,,"G£ù turns: 0/15",
1790442428.095,hud,calib_s,,,,,"G£ô Buffer 6s",
1790442428.095,marker,dr,52.47019016,-1.48029608,351.40,false,,
1790442428.095,marker,reconciled,0.00000000,0.00000000,0.00,false,,
1790442428.172,hud,speed,,,,,"0.0 / 0.0",0.000
1790442428.172,hud,heading,,,,,"0-¦ / 0-¦",0.000
1790442428.172,hud,drift,,,,,"0.00%",0.000
1790442428.173,hud,turns,,,,,"G£ù turns: 0/15",
1790442428.173,hud,calib_s,,,,,"G£ô Buffer 6s",
1790442428.174,marker,dr,52.47019016,-1.48029608,351.40,false,,
1790442428.175,marker,reconciled,0.00000000,0.00000000,0.00,false,,
1790442428.278,hud,speed,,,,,"0.0 / 0.0",0.000
1790442428.278,hud,heading,,,,,"0-¦ / 0-¦",0.000
1790442428.278,hud,drift,,,,,"0.00%",0.000
1790442428.278,hud,turns,,,,,"G£ù turns: 0/15",
1790442428.278,hud,calib_s,,,,,"G£ô Buffer 6s",
1790442428.279,marker,dr,52.47019016,-1.48029608,351.40,false,,
1790442428.279,marker,reconciled,0.00000000,0.00000000,0.00,false,,
1790442428.385,hud,speed,,,,,"0.0 / 0.0",0.000
1790442428.385,hud,heading,,,,,"0-¦ / 0-¦",0.000
1790442428.386,hud,drift,,,,,"0.00%",0.000
1790442428.386,hud,turns,,,,,"G£ù turns: 0/15",
1790442428.386,hud,calib_s,,,,,"G£ô Buffer 6s",
1790442428.387,marker,dr,52.47019016,-1.48029608,351.40,false,,
1790442428.387,marker,reconciled,0.00000000,0.00000000,0.00,false,,
1790442428.496,hud,speed,,,,,"0.0 / 0.0",0.000
1790442428.497,hud,heading,,,,,"0-¦ / 0-¦",0.000
1790442428.497,hud,drift,,,,,"0.00%",0.000
1790442428.497,hud,turns,,,,,"G£ù turns: 0/15",
1790442428.498,hud,calib_s,,,,,"G£ô Buffer 6s",
1790442428.498,marker,dr,52.47019016,-1.48029608,351.40,false,,
1790442428.499,marker,reconciled,0.00000000,0.00000000,0.00,false,,
1790442428.581,hud,speed,,,,,"0.0 / 0.0",0.000
1790442428.582,hud,heading,,,,,"0-¦ / 0-¦",0.000
1790442428.583,hud,drift,,,,,"0.00%",0.000
1790442428.583,hud,turns,,,,,"G£ù turns: 0/15",
1790442428.584,hud,calib_s,,,,,"G£ô Buffer 6s",
1790442428.584,marker,dr,52.47019016,-1.48029608,351.40,false,,
1790442428.585,marker,reconciled,0.00000000,0.00000000,0.00,false,,
1790442428.681,hud,speed,,,,,"0.0 / 0.0",0.000
1790442428.682,hud,heading,,,,,"0-¦ / 0-¦",0.000
1790442428.682,hud,drift,,,,,"0.00%",0.000
1790442428.683,hud,turns,,,,,"G£ù turns: 0/15",
1790442428.683,hud,calib_s,,,,,"G£ô Buffer 6s",
1790442428.683,marker,dr,52.47019016,-1.48029608,351.40,false,,
1790442428.684,marker,reconciled,0.00000000,0.00000000,0.00,false,,
1790442428.789,hud,speed,,,,,"0.0 / 0.0",0.000
1790442428.790,hud,heading,,,,,"0-¦ / 0-¦",0.000
1790442428.790,hud,drift,,,,,"0.00%",0.000
1790442428.791,hud,turns,,,,,"G£ù turns: 0/15",
1790442428.791,hud,calib_s,,,,,"G£ô Buffer 6s",
1790442428.791,marker,dr,52.47019016,-1.48029608,351.40,false,,
1790442428.792,marker,reconciled,0.00000000,0.00000000,0.00,false,,
1790442428.904,hud,speed,,,,,"0.0 / 0.0",0.000
1790442428.905,hud,heading,,,,,"0-¦ / 0-¦",0.000
1790442428.905,hud,drift,,,,,"0.00%",0.000
1790442428.906,hud,turns,,,,,"G£ù turns: 0/15",
1790442428.906,hud,calib_s,,,,,"G£ô Buffer 6s",
1790442428.907,marker,dr,52.47019016,-1.48029608,351.40,false,,
1790442428.907,marker,reconciled,0.00000000,0.00000000,0.00,false,,
1790442428.989,hud,speed,,,,,"0.0 / 0.0",0.000
1790442428.989,hud,heading,,,,,"0-¦ / 0-¦",0.000
1790442428.990,hud,drift,,,,,"0.00%",0.000
1790442428.991,hud,turns,,,,,"G£ù turns: 0/15",
1790442428.991,hud,calib_s,,,,,"G£ô Buffer 6s",
1790442428.991,marker,dr,52.47019016,-1.48029608,351.40,false,,
1790442428.992,marker,reconciled,0.00000000,0.00000000,0.00,false,,
1790442429.087,hud,speed,,,,,"0.0 / 0.0",0.000
1790442429.088,hud,heading,,,,,"0-¦ / 0-¦",0.000
1790442429.088,hud,drift,,,,,"0.00%",0.000
1790442429.088,hud,turns,,,,,"G£ù turns: 0/15",
1790442429.088,hud,calib_s,,,,,"G£ô Buffer 6s",
1790442429.089,marker,dr,52.47019016,-1.48029608,351.40,false,,
1790442429.089,marker,reconciled,0.00000000,0.00000000,0.00,false,,
1790442429.194,hud,speed,,,,,"0.0 / 0.0",0.000
1790442429.195,hud,heading,,,,,"0-¦ / 0-¦",0.000
1790442429.195,hud,drift,,,,,"0.00%",0.000
1790442429.196,hud,turns,,,,,"G£ù turns: 0/15",
1790442429.196,hud,calib_s,,,,,"G£ô Buffer 6s",
1790442429.196,marker,dr,52.47019016,-1.48029608,351.40,false,,
1790442429.197,marker,reconciled,0.00000000,0.00000000,0.00,false,,
1790442429.312,hud,speed,,,,,"0.0 / 0.0",0.000
1790442429.313,hud,heading,,,,,"0-¦ / 0-¦",0.000
1790442429.314,hud,drift,,,,,"0.00%",0.000
1790442429.314,hud,turns,,,,,"G£ù turns: 0/15",
1790442429.314,hud,calib_s,,,,,"G£ô Buffer 6s",
1790442429.315,marker,dr,52.47019016,-1.48029608,351.40,false,,
1790442429.315,marker,reconciled,0.00000000,0.00000000,0.00,false,,
1790442429.390,hud,speed,,,,,"0.0 / 0.0",0.000
1790442429.390,hud,heading,,,,,"0-¦ / 0-¦",0.000
1790442429.391,hud,drift,,,,,"0.00%",0.000
1790442429.391,hud,turns,,,,,"G£ù turns: 0/15",
1790442429.391,hud,calib_s,,,,,"G£ô Buffer 6s",
1790442429.391,marker,dr,52.47019016,-1.48029608,351.40,false,,
1790442429.391,marker,reconciled,0.00000000,0.00000000,0.00,false,,
1790442429.493,hud,speed,,,,,"0.0 / 0.0",0.000
1790442429.493,hud,heading,,,,,"0-¦ / 0-¦",0.000
1790442429.494,hud,drift,,,,,"0.00%",0.000
1790442429.494,hud,turns,,,,,"G£ù turns: 0/15",
1790442429.495,hud,calib_s,,,,,"G£ô Buffer 6s",
1790442429.495,marker,dr,52.47019016,-1.48029608,351.40,false,,
1790442429.495,marker,reconciled,0.00000000,0.00000000,0.00,false,,
1790442429.600,hud,speed,,,,,"0.0 / 0.0",0.000
1790442429.601,hud,heading,,,,,"0-¦ / 0-¦",0.000
1790442429.601,hud,drift,,,,,"0.00%",0.000
1790442429.602,hud,turns,,,,,"G£ù turns: 0/15",
1790442429.602,hud,calib_s,,,,,"G£ô Buffer 6s",
1790442429.603,marker,dr,52.47019016,-1.48029608,351.40,false,,
1790442429.603,marker,reconciled,0.00000000,0.00000000,0.00,false,,
1790442429.717,hud,speed,,,,,"0.0 / 0.0",0.000
1790442429.718,hud,heading,,,,,"0-¦ / 0-¦",0.000
1790442429.719,hud,drift,,,,,"0.00%",0.000
1790442429.719,hud,turns,,,,,"G£ù turns: 0/15",
1790442429.720,hud,calib_s,,,,,"G£ô Buffer 6s",
1790442429.720,marker,dr,52.47019016,-1.48029608,351.40,false,,
1790442429.720,marker,reconciled,0.00000000,0.00000000,0.00,false,,
1790442429.800,hud,speed,,,,,"0.0 / 0.0",0.000
1790442429.801,hud,heading,,,,,"0-¦ / 0-¦",0.000
1790442429.801,hud,drift,,,,,"0.00%",0.000
1790442429.801,hud,turns,,,,,"G£ù turns: 0/15",
1790442429.801,hud,calib_s,,,,,"G£ô Buffer 6s",
1790442429.802,marker,dr,52.47019016,-1.48029608,351.40,false,,
1790442429.802,marker,reconciled,0.00000000,0.00000000,0.00,false,,
1790442429.899,hud,speed,,,,,"0.0 / 0.0",0.000
1790442429.899,hud,heading,,,,,"0-¦ / 0-¦",0.000
1790442429.900,hud,drift,,,,,"0.00%",0.000
1790442429.900,hud,turns,,,,,"G£ù turns: 0/15",
1790442429.900,hud,calib_s,,,,,"G£ô Buffer 6s",
1790442429.900,marker,dr,52.47019016,-1.48029608,351.40,false,,
1790442429.901,marker,reconciled,0.00000000,0.00000000,0.00,false,,
1790442430.023,hud,speed,,,,,"0.0 / 0.0",0.000
1790442430.023,hud,heading,,,,,"0-¦ / 0-¦",0.000
1790442430.024,hud,drift,,,,,"0.00%",0.000
1790442430.024,hud,turns,,,,,"G£ù turns: 0/15",
1790442430.025,hud,calib_s,,,,,"G£ô Buffer 6s",
1790442430.025,marker,dr,52.47019016,-1.48029608,351.40,false,,
1790442430.025,marker,reconciled,0.00000000,0.00000000,0.00,false,,
1790442430.103,hud,speed,,,,,"0.0 / 0.0",0.000
1790442430.104,hud,heading,,,,,"0-¦ / 0-¦",0.000
1790442430.104,hud,drift,,,,,"0.00%",0.000
1790442430.105,hud,turns,,,,,"G£ù turns: 0/15",
1790442430.105,hud,calib_s,,,,,"G£ô Buffer 6s",
1790442430.105,marker,dr,52.47019016,-1.48029608,351.40,false,,
1790442430.106,marker,reconciled,0.00000000,0.00000000,0.00,false,,
1790442430.203,hud,speed,,,,,"0.0 / 0.0",0.000
1790442430.204,hud,heading,,,,,"0-¦ / 0-¦",0.000
1790442430.204,hud,drift,,,,,"0.00%",0.000
1790442430.205,hud,turns,,,,,"G£ù turns: 0/15",
1790442430.205,hud,calib_s,,,,,"G£ô Buffer 6s",
1790442430.205,marker,dr,52.47019016,-1.48029608,351.40,false,,
1790442430.206,marker,reconciled,0.00000000,0.00000000,0.00,false,,
1790442430.306,hud,speed,,,,,"0.0 / 0.0",0.000
1790442430.307,hud,heading,,,,,"0-¦ / 0-¦",0.000
1790442430.307,hud,drift,,,,,"0.00%",0.000
1790442430.308,hud,turns,,,,,"G£ù turns: 0/15",
1790442430.308,hud,calib_s,,,,,"G£ô Buffer 6s",
1790442430.308,marker,dr,52.47019016,-1.48029608,351.40,false,,
1790442430.309,marker,reconciled,0.00000000,0.00000000,0.00,false,,
1790442430.424,hud,speed,,,,,"0.0 / 0.0",0.000
1790442430.425,hud,heading,,,,,"0-¦ / 0-¦",0.000
1790442430.425,hud,drift,,,,,"0.00%",0.000
1790442430.426,hud,turns,,,,,"G£ù turns: 0/15",
1790442430.426,hud,calib_s,,,,,"G£ô Buffer 6s",
1790442430.427,marker,dr,52.47019016,-1.48029608,351.40,false,,
1790442430.427,marker,reconciled,0.00000000,0.00000000,0.00,false,,
1790442430.505,hud,speed,,,,,"0.0 / 0.0",0.000
1790442430.505,hud,heading,,,,,"0-¦ / 0-¦",0.000
1790442430.505,hud,drift,,,,,"0.00%",0.000
1790442430.505,hud,turns,,,,,"G£ù turns: 0/15",
1790442430.506,hud,calib_s,,,,,"G£ô Buffer 6s",
1790442430.506,marker,dr,52.47019016,-1.48029608,351.40,false,,
1790442430.507,marker,reconciled,0.00000000,0.00000000,0.00,false,,
1790442430.607,hud,speed,,,,,"0.0 / 0.0",0.000
1790442430.608,hud,heading,,,,,"0-¦ / 0-¦",0.000
1790442430.608,hud,drift,,,,,"0.00%",0.000
1790442430.609,hud,turns,,,,,"G£ù turns: 0/15",
1790442430.609,hud,calib_s,,,,,"G£ô Buffer 6s",
1790442430.609,marker,dr,52.47019016,-1.48029608,351.40,false,,
1790442430.610,marker,reconciled,0.00000000,0.00000000,0.00,false,,
1790442430.708,hud,speed,,,,,"0.0 / 0.0",0.000
1790442430.709,hud,heading,,,,,"0-¦ / 0-¦",0.000
1790442430.709,hud,drift,,,,,"0.00%",0.000
1790442430.709,hud,turns,,,,,"G£ù turns: 0/15",
1790442430.709,hud,calib_s,,,,,"G£ô Buffer 6s",
1790442430.709,marker,dr,52.47019016,-1.48029608,351.40,false,,
1790442430.710,marker,reconciled,0.00000000,0.00000000,0.00,false,,
1790442430.832,hud,speed,,,,,"0.0 / 0.0",0.000
1790442430.833,hud,heading,,,,,"0-¦ / 0-¦",0.000
1790442430.834,hud,drift,,,,,"0.00%",0.000
1790442430.834,hud,turns,,,,,"G£ù turns: 0/15",
1790442430.834,hud,calib_s,,,,,"G£ô Buffer 6s",
1790442430.835,marker,dr,52.47019016,-1.48029608,351.40,false,,
1790442430.835,marker,reconciled,0.00000000,0.00000000,0.00,false,,
1790442430.910,hud,speed,,,,,"0.0 / 0.0",0.000
1790442430.910,hud,heading,,,,,"0-¦ / 0-¦",0.000
1790442430.911,hud,drift,,,,,"0.00%",0.000
1790442430.911,hud,turns,,,,,"G£ù turns: 0/15",
1790442430.911,hud,calib_s,,,,,"G£ô Buffer 6s",
1790442430.912,marker,dr,52.47019016,-1.48029608,351.40,false,,
1790442430.912,marker,reconciled,0.00000000,0.00000000,0.00,false,,
1790442431.012,hud,speed,,,,,"0.0 / 0.0",0.000
1790442431.013,hud,heading,,,,,"0-¦ / 0-¦",0.000
1790442431.013,hud,drift,,,,,"0.00%",0.000
1790442431.013,hud,turns,,,,,"G£ù turns: 0/15",
1790442431.014,hud,calib_s,,,,,"G£ô Buffer 6s",
1790442431.014,marker,dr,52.47019016,-1.48029608,351.40,false,,
1790442431.015,marker,reconciled,0.00000000,0.00000000,0.00,false,,
1790442431.118,hud,speed,,,,,"0.0 / 0.0",0.000
1790442431.118,hud,heading,,,,,"0-¦ / 0-¦",0.000
1790442431.119,hud,drift,,,,,"0.00%",0.000
1790442431.119,hud,turns,,,,,"G£ù turns: 0/15",
1790442431.119,hud,calib_s,,,,,"G£ô Buffer 6s",
1790442431.120,marker,dr,52.47019016,-1.48029608,351.40,false,,
1790442431.120,marker,reconciled,0.00000000,0.00000000,0.00,false,,
1790442431.237,hud,speed,,,,,"0.0 / 0.0",0.000
1790442431.238,hud,heading,,,,,"0-¦ / 0-¦",0.000
1790442431.238,hud,drift,,,,,"0.00%",0.000
1790442431.239,hud,turns,,,,,"G£ù turns: 0/15",
1790442431.239,hud,calib_s,,,,,"G£ô Buffer 6s",
1790442431.239,marker,dr,52.47019016,-1.48029608,351.40,false,,
1790442431.240,marker,reconciled,0.00000000,0.00000000,0.00,false,,
1790442431.319,hud,speed,,,,,"0.0 / 0.0",0.000
1790442431.319,hud,heading,,,,,"0-¦ / 0-¦",0.000
1790442431.320,hud,drift,,,,,"0.00%",0.000
1790442431.320,hud,turns,,,,,"G£ù turns: 0/15",
1790442431.320,hud,calib_s,,,,,"G£ô Buffer 6s",
1790442431.321,marker,dr,52.47019016,-1.48029608,351.40,false,,
1790442431.321,marker,reconciled,0.00000000,0.00000000,0.00,false,,
1790442431.418,hud,speed,,,,,"0.0 / 0.0",0.000
1790442431.419,hud,heading,,,,,"0-¦ / 0-¦",0.000
1790442431.420,hud,drift,,,,,"0.00%",0.000
1790442431.420,hud,turns,,,,,"G£ù turns: 0/15",
1790442431.420,hud,calib_s,,,,,"G£ô Buffer 6s",
1790442431.421,marker,dr,52.47019016,-1.48029608,351.40,false,,
1790442431.421,marker,reconciled,0.00000000,0.00000000,0.00,false,,
1790442431.520,hud,speed,,,,,"0.0 / 0.0",0.000
1790442431.521,hud,heading,,,,,"0-¦ / 0-¦",0.000
1790442431.521,hud,drift,,,,,"0.00%",0.000
1790442431.521,hud,turns,,,,,"G£ù turns: 0/15",
1790442431.521,hud,calib_s,,,,,"G£ô Buffer 6s",
1790442431.522,marker,dr,52.47019016,-1.48029608,351.40,false,,
1790442431.522,marker,reconciled,0.00000000,0.00000000,0.00,false,,
1790442431.643,hud,speed,,,,,"0.0 / 0.0",0.000
1790442431.643,hud,heading,,,,,"0-¦ / 0-¦",0.000
1790442431.643,hud,drift,,,,,"0.00%",0.000
1790442431.644,hud,turns,,,,,"G£ù turns: 0/15",
1790442431.644,hud,calib_s,,,,,"G£ô Buffer 6s",
1790442431.644,marker,dr,52.47019016,-1.48029608,351.40,false,,
1790442431.645,marker,reconciled,0.00000000,0.00000000,0.00,false,,
1790442431.728,hud,speed,,,,,"0.0 / 0.0",0.000
1790442431.729,hud,heading,,,,,"0-¦ / 0-¦",0.000
1790442431.729,hud,drift,,,,,"0.00%",0.000
1790442431.729,hud,turns,,,,,"G£ù turns: 0/15",
1790442431.730,hud,calib_s,,,,,"G£ô Buffer 6s",
1790442431.730,marker,dr,52.47019016,-1.48029608,351.40,false,,
1790442431.731,marker,reconciled,0.00000000,0.00000000,0.00,false,,
1790442431.823,hud,speed,,,,,"0.0 / 0.0",0.000
1790442431.823,hud,heading,,,,,"0-¦ / 0-¦",0.000
1790442431.824,hud,drift,,,,,"0.00%",0.000
1790442431.824,hud,turns,,,,,"G£ù turns: 0/15",
1790442431.825,hud,calib_s,,,,,"G£ô Buffer 6s",
1790442431.825,marker,dr,52.47019016,-1.48029608,351.40,false,,
1790442431.826,marker,reconciled,0.00000000,0.00000000,0.00,false,,
1790442431.930,hud,speed,,,,,"0.0 / 0.0",0.000
1790442431.931,hud,heading,,,,,"0-¦ / 0-¦",0.000
1790442431.931,hud,drift,,,,,"0.00%",0.000
1790442431.931,hud,turns,,,,,"G£ù turns: 0/15",
1790442431.931,hud,calib_s,,,,,"G£ô Buffer 6s",
1790442431.932,marker,dr,52.47019016,-1.48029608,351.40,false,,
1790442431.932,marker,reconciled,0.00000000,0.00000000,0.00,false,,
1790442432.049,hud,speed,,,,,"0.0 / 0.0",0.000
1790442432.049,hud,heading,,,,,"0-¦ / 0-¦",0.000
1790442432.050,hud,drift,,,,,"0.00%",0.000
1790442432.050,hud,turns,,,,,"G£ù turns: 0/15",
1790442432.051,hud,calib_s,,,,,"G£ô Buffer 6s",
1790442432.051,marker,dr,52.47019016,-1.48029608,351.40,false,,
1790442432.051,marker,reconciled,0.00000000,0.00000000,0.00,false,,
1790442432.131,hud,speed,,,,,"0.0 / 0.0",0.000
1790442432.131,hud,heading,,,,,"0-¦ / 0-¦",0.000
1790442432.132,hud,drift,,,,,"0.00%",0.000
1790442432.132,hud,turns,,,,,"G£ù turns: 0/15",
1790442432.133,hud,calib_s,,,,,"G£ô Buffer 6s",
1790442432.133,marker,dr,52.47019016,-1.48029608,351.40,false,,
1790442432.133,marker,reconciled,0.00000000,0.00000000,0.00,false,,
1790442432.230,hud,speed,,,,,"0.0 / 0.0",0.000
1790442432.230,hud,heading,,,,,"0-¦ / 0-¦",0.000
1790442432.230,hud,drift,,,,,"0.00%",0.000
1790442432.231,hud,turns,,,,,"G£ù turns: 0/15",
1790442432.231,hud,calib_s,,,,,"G£ô Buffer 6s",
1790442432.231,marker,dr,52.47019016,-1.48029608,351.40,false,,
1790442432.231,marker,reconciled,0.00000000,0.00000000,0.00,false,,
1790442432.349,hud,speed,,,,,"0.0 / 0.0",0.000
1790442432.350,hud,heading,,,,,"0-¦ / 0-¦",0.000
1790442432.351,hud,drift,,,,,"0.00%",0.000
1790442432.351,hud,turns,,,,,"G£ù turns: 0/15",
1790442432.351,hud,calib_s,,,,,"G£ô Buffer 6s",
1790442432.352,marker,dr,52.47019016,-1.48029608,351.40,false,,
1790442432.352,marker,reconciled,0.00000000,0.00000000,0.00,false,,
1790442432.433,hud,speed,,,,,"0.0 / 0.0",0.000
1790442432.433,hud,heading,,,,,"0-¦ / 0-¦",0.000
1790442432.434,hud,drift,,,,,"0.00%",0.000
1790442432.434,hud,turns,,,,,"G£ù turns: 0/15",
1790442432.434,hud,calib_s,,,,,"G£ô Buffer 6s",
1790442432.434,marker,dr,52.47019016,-1.48029608,351.40,false,,
1790442432.435,marker,reconciled,0.00000000,0.00000000,0.00,false,,
1790442432.536,hud,speed,,,,,"0.0 / 0.0",0.000
1790442432.536,hud,heading,,,,,"0-¦ / 0-¦",0.000
1790442432.537,hud,drift,,,,,"0.00%",0.000
1790442432.538,hud,turns,,,,,"G£ù turns: 0/15",
1790442432.539,hud,calib_s,,,,,"G£ô Buffer 6s",
1790442432.539,marker,dr,52.47019016,-1.48029608,351.40,false,,
1790442432.540,marker,reconciled,0.00000000,0.00000000,0.00,false,,
1790442432.634,hud,speed,,,,,"0.0 / 0.0",0.000
1790442432.635,hud,heading,,,,,"0-¦ / 0-¦",0.000
1790442432.635,hud,drift,,,,,"0.00%",0.000
1790442432.636,hud,turns,,,,,"G£ù turns: 0/15",
1790442432.636,hud,calib_s,,,,,"G£ô Buffer 6s",
1790442432.636,marker,dr,52.47019016,-1.48029608,351.40,false,,
1790442432.636,marker,reconciled,0.00000000,0.00000000,0.00,false,,
1790442432.757,hud,speed,,,,,"0.0 / 0.0",0.000
1790442432.757,hud,heading,,,,,"0-¦ / 0-¦",0.000
1790442432.758,hud,drift,,,,,"0.00%",0.000
1790442432.758,hud,turns,,,,,"G£ù turns: 0/15",
1790442432.759,hud,calib_s,,,,,"G£ô Buffer 6s",
1790442432.759,marker,dr,52.47019016,-1.48029608,351.40,false,,
1790442432.759,marker,reconciled,0.00000000,0.00000000,0.00,false,,
1790442432.836,hud,speed,,,,,"0.0 / 0.0",0.000
1790442432.836,hud,heading,,,,,"0-¦ / 0-¦",0.000
1790442432.836,hud,drift,,,,,"0.00%",0.000
1790442432.837,hud,turns,,,,,"G£ù turns: 0/15",
1790442432.837,hud,calib_s,,,,,"G£ô Buffer 6s",
1790442432.837,marker,dr,52.47019016,-1.48029608,351.40,false,,
1790442432.837,marker,reconciled,0.00000000,0.00000000,0.00,false,,
1790442432.939,hud,speed,,,,,"0.0 / 0.0",0.000
1790442432.939,hud,heading,,,,,"0-¦ / 0-¦",0.000
1790442432.940,hud,drift,,,,,"0.00%",0.000
1790442432.940,hud,turns,,,,,"G£ù turns: 0/15",
1790442432.941,hud,calib_s,,,,,"G£ô Buffer 6s",
1790442432.942,marker,dr,52.47019016,-1.48029608,351.40,false,,
1790442432.942,marker,reconciled,0.00000000,0.00000000,0.00,false,,
1790442433.038,hud,speed,,,,,"0.0 / 0.0",0.000
1790442433.039,hud,heading,,,,,"0-¦ / 0-¦",0.000
1790442433.039,hud,drift,,,,,"0.00%",0.000
1790442433.040,hud,turns,,,,,"G£ù turns: 0/15",
1790442433.040,hud,calib_s,,,,,"G£ô Buffer 6s",
1790442433.040,marker,dr,52.47019016,-1.48029608,351.40,false,,
1790442433.041,marker,reconciled,0.00000000,0.00000000,0.00,false,,
1790442433.160,hud,speed,,,,,"0.0 / 0.0",0.000
1790442433.161,hud,heading,,,,,"0-¦ / 0-¦",0.000
1790442433.161,hud,drift,,,,,"0.00%",0.000
1790442433.163,hud,turns,,,,,"G£ù turns: 0/15",
1790442433.163,hud,calib_s,,,,,"G£ô Buffer 6s",
1790442433.163,marker,dr,52.47019016,-1.48029608,351.40,false,,
1790442433.163,marker,reconciled,0.00000000,0.00000000,0.00,false,,
1790442433.244,hud,speed,,,,,"0.0 / 0.0",0.000
1790442433.245,hud,heading,,,,,"0-¦ / 0-¦",0.000
1790442433.245,hud,drift,,,,,"0.00%",0.000
1790442433.246,hud,turns,,,,,"G£ù turns: 0/15",
1790442433.246,hud,calib_s,,,,,"G£ô Buffer 6s",
1790442433.246,marker,dr,52.47019016,-1.48029608,351.40,false,,
1790442433.247,marker,reconciled,0.00000000,0.00000000,0.00,false,,
1790442433.345,hud,speed,,,,,"0.0 / 0.0",0.000
1790442433.346,hud,heading,,,,,"0-¦ / 0-¦",0.000
1790442433.346,hud,drift,,,,,"0.00%",0.000
1790442433.347,hud,turns,,,,,"G£ù turns: 0/15",
1790442433.347,hud,calib_s,,,,,"G£ô Buffer 6s",
1790442433.347,marker,dr,52.47019016,-1.48029608,351.40,false,,
1790442433.348,marker,reconciled,0.00000000,0.00000000,0.00,false,,
1790442433.446,hud,speed,,,,,"0.0 / 0.0",0.000
1790442433.447,hud,heading,,,,,"0-¦ / 0-¦",0.000
1790442433.447,hud,drift,,,,,"0.00%",0.000
1790442433.447,hud,turns,,,,,"G£ù turns: 0/15",
1790442433.448,hud,calib_s,,,,,"G£ô Buffer 6s",
1790442433.448,marker,dr,52.47019016,-1.48029608,351.40,false,,
1790442433.448,marker,reconciled,0.00000000,0.00000000,0.00,false,,
1790442433.568,hud,speed,,,,,"0.0 / 0.0",0.000
1790442433.568,hud,heading,,,,,"0-¦ / 0-¦",0.000
1790442433.569,hud,drift,,,,,"0.00%",0.000
1790442433.569,hud,turns,,,,,"G£ù turns: 0/15",
1790442433.569,hud,calib_s,,,,,"G£ô Buffer 6s",
1790442433.570,marker,dr,52.47019016,-1.48029608,351.40,false,,
1790442433.570,marker,reconciled,0.00000000,0.00000000,0.00,false,,
1790442433.650,hud,speed,,,,,"0.0 / 0.0",0.000
1790442433.651,hud,heading,,,,,"0-¦ / 0-¦",0.000
1790442433.651,hud,drift,,,,,"0.00%",0.000
1790442433.652,hud,turns,,,,,"G£ù turns: 0/15",
1790442433.653,hud,calib_s,,,,,"G£ô Buffer 6s",
1790442433.653,marker,dr,52.47019016,-1.48029608,351.40,false,,
1790442433.653,marker,reconciled,0.00000000,0.00000000,0.00,false,,
1790442433.748,hud,speed,,,,,"0.0 / 0.0",0.000
1790442433.749,hud,heading,,,,,"0-¦ / 0-¦",0.000
1790442433.749,hud,drift,,,,,"0.00%",0.000
1790442433.749,hud,turns,,,,,"G£ù turns: 0/15",
1790442433.749,hud,calib_s,,,,,"G£ô Buffer 6s",
1790442433.750,marker,dr,52.47019016,-1.48029608,351.40,false,,
1790442433.750,marker,reconciled,0.00000000,0.00000000,0.00,false,,
1790442433.855,hud,speed,,,,,"0.0 / 0.0",0.000
1790442433.855,hud,heading,,,,,"0-¦ / 0-¦",0.000
1790442433.856,hud,drift,,,,,"0.00%",0.000
1790442433.856,hud,turns,,,,,"G£ù turns: 0/15",
1790442433.856,hud,calib_s,,,,,"G£ô Buffer 6s",
1790442433.856,marker,dr,52.47019016,-1.48029608,351.40,false,,
1790442433.857,marker,reconciled,0.00000000,0.00000000,0.00,false,,
1790442433.974,hud,speed,,,,,"0.0 / 0.0",0.000
1790442433.975,hud,heading,,,,,"0-¦ / 0-¦",0.000
1790442433.975,hud,drift,,,,,"0.00%",0.000
1790442433.976,hud,turns,,,,,"G£ù turns: 0/15",
1790442433.976,hud,calib_s,,,,,"G£ô Buffer 6s",
1790442433.977,marker,dr,52.47019016,-1.48029608,351.40,false,,
1790442433.977,marker,reconciled,0.00000000,0.00000000,0.00,false,,
1790442434.054,hud,speed,,,,,"0.0 / 0.0",0.000
1790442434.055,hud,heading,,,,,"0-¦ / 0-¦",0.000
1790442434.055,hud,drift,,,,,"0.00%",0.000
1790442434.056,hud,turns,,,,,"G£ù turns: 0/15",
1790442434.056,hud,calib_s,,,,,"G£ô Buffer 6s",
1790442434.056,marker,dr,52.47019016,-1.48029608,351.40,false,,
1790442434.057,marker,reconciled,0.00000000,0.00000000,0.00,false,,
1790442434.155,hud,speed,,,,,"0.0 / 0.0",0.000
1790442434.155,hud,heading,,,,,"0-¦ / 0-¦",0.000
1790442434.156,hud,drift,,,,,"0.00%",0.000
1790442434.156,hud,turns,,,,,"G£ù turns: 0/15",
1790442434.156,hud,calib_s,,,,,"G£ô Buffer 6s",
1790442434.156,marker,dr,52.47019016,-1.48029608,351.40,false,,
1790442434.157,marker,reconciled,0.00000000,0.00000000,0.00,false,,
1790442434.274,hud,speed,,,,,"0.0 / 0.0",0.000
1790442434.274,hud,heading,,,,,"0-¦ / 0-¦",0.000
1790442434.275,hud,drift,,,,,"0.00%",0.000
1790442434.275,hud,turns,,,,,"G£ù turns: 0/15",
1790442434.276,hud,calib_s,,,,,"G£ô Buffer 6s",
1790442434.276,marker,dr,52.47019016,-1.48029608,351.40,false,,
1790442434.277,marker,reconciled,0.00000000,0.00000000,0.00,false,,
1790442434.361,hud,speed,,,,,"0.0 / 0.0",0.000
1790442434.361,hud,heading,,,,,"0-¦ / 0-¦",0.000
1790442434.362,hud,drift,,,,,"0.00%",0.000
1790442434.362,hud,turns,,,,,"G£ù turns: 0/15",
1790442434.362,hud,calib_s,,,,,"G£ô Buffer 6s",
1790442434.363,marker,dr,52.47019016,-1.48029608,351.40,false,,
1790442434.363,marker,reconciled,0.00000000,0.00000000,0.00,false,,
1790442434.460,hud,speed,,,,,"0.0 / 0.0",0.000
1790442434.460,hud,heading,,,,,"0-¦ / 0-¦",0.000
1790442434.461,hud,drift,,,,,"0.00%",0.000
1790442434.461,hud,turns,,,,,"G£ù turns: 0/15",
1790442434.461,hud,calib_s,,,,,"G£ô Buffer 6s",
1790442434.461,marker,dr,52.47019016,-1.48029608,351.40,false,,
1790442434.462,marker,reconciled,0.00000000,0.00000000,0.00,false,,
1790442434.564,hud,speed,,,,,"0.0 / 0.0",0.000
1790442434.564,hud,heading,,,,,"0-¦ / 0-¦",0.000
1790442434.565,hud,drift,,,,,"0.00%",0.000
1790442434.565,hud,turns,,,,,"G£ù turns: 0/15",
1790442434.565,hud,calib_s,,,,,"G£ô Buffer 6s",
1790442434.565,marker,dr,52.47019016,-1.48029608,351.40,false,,
1790442434.566,marker,reconciled,0.00000000,0.00000000,0.00,false,,
1790442434.680,hud,speed,,,,,"0.0 / 0.0",0.000
1790442434.681,hud,heading,,,,,"0-¦ / 0-¦",0.000
1790442434.681,hud,drift,,,,,"0.00%",0.000
1790442434.682,hud,turns,,,,,"G£ù turns: 0/15",
1790442434.682,hud,calib_s,,,,,"G£ô Buffer 6s",
1790442434.682,marker,dr,52.47019016,-1.48029608,351.40,false,,
1790442434.683,marker,reconciled,0.00000000,0.00000000,0.00,false,,
1790442434.767,hud,speed,,,,,"0.0 / 0.0",0.000
1790442434.768,hud,heading,,,,,"0-¦ / 0-¦",0.000
1790442434.768,hud,drift,,,,,"0.00%",0.000
1790442434.769,hud,turns,,,,,"G£ù turns: 0/15",
1790442434.769,hud,calib_s,,,,,"G£ô Buffer 6s",
1790442434.769,marker,dr,52.47019016,-1.48029608,351.40,false,,
1790442434.769,marker,reconciled,0.00000000,0.00000000,0.00,false,,
1790442434.864,hud,speed,,,,,"0.0 / 0.0",0.000
1790442434.864,hud,heading,,,,,"0-¦ / 0-¦",0.000
1790442434.865,hud,drift,,,,,"0.00%",0.000
1790442434.865,hud,turns,,,,,"G£ù turns: 0/15",
1790442434.865,hud,calib_s,,,,,"G£ô Buffer 6s",
1790442434.866,marker,dr,52.47019016,-1.48029608,351.40,false,,
1790442434.866,marker,reconciled,0.00000000,0.00000000,0.00,false,,
1790442434.965,hud,speed,,,,,"0.0 / 0.0",0.000
1790442434.966,hud,heading,,,,,"0-¦ / 0-¦",0.000
1790442434.966,hud,drift,,,,,"0.00%",0.000
1790442434.967,hud,turns,,,,,"G£ù turns: 0/15",
1790442434.967,hud,calib_s,,,,,"G£ô Buffer 6s",
1790442434.967,marker,dr,52.47019016,-1.48029608,351.40,false,,
1790442434.968,marker,reconciled,0.00000000,0.00000000,0.00,false,,
1790442435.089,hud,speed,,,,,"0.0 / 0.0",0.000
1790442435.090,hud,heading,,,,,"0-¦ / 0-¦",0.000
1790442435.090,hud,drift,,,,,"0.00%",0.000
1790442435.091,hud,turns,,,,,"G£ù turns: 0/15",
1790442435.091,hud,calib_s,,,,,"G£ô Buffer 6s",
1790442435.091,marker,dr,52.47019016,-1.48029608,351.40,false,,
1790442435.092,marker,reconciled,0.00000000,0.00000000,0.00,false,,
1790442435.173,hud,speed,,,,,"0.0 / 0.0",0.000
1790442435.174,hud,heading,,,,,"0-¦ / 0-¦",0.000
1790442435.174,hud,drift,,,,,"0.00%",0.000
1790442435.174,hud,turns,,,,,"G£ù turns: 0/15",
1790442435.175,hud,calib_s,,,,,"G£ô Buffer 6s",
1790442435.175,marker,dr,52.47019016,-1.48029608,351.40,false,,
1790442435.175,marker,reconciled,0.00000000,0.00000000,0.00,false,,
1790442435.274,hud,speed,,,,,"0.0 / 0.0",0.000
1790442435.275,hud,heading,,,,,"0-¦ / 0-¦",0.000
1790442435.275,hud,drift,,,,,"0.00%",0.000
1790442435.276,hud,turns,,,,,"G£ù turns: 0/15",
1790442435.276,hud,calib_s,,,,,"G£ô Buffer 6s",
1790442435.277,marker,dr,52.47019016,-1.48029608,351.40,false,,
1790442435.277,marker,reconciled,0.00000000,0.00000000,0.00,false,,
1790442435.371,hud,speed,,,,,"0.0 / 0.0",0.000
1790442435.371,hud,heading,,,,,"0-¦ / 0-¦",0.000
1790442435.372,hud,drift,,,,,"0.00%",0.000
1790442435.372,hud,turns,,,,,"G£ù turns: 0/15",
1790442435.372,hud,calib_s,,,,,"G£ô Buffer 6s",
1790442435.372,marker,dr,52.47019016,-1.48029608,351.40,false,,
1790442435.373,marker,reconciled,0.00000000,0.00000000,0.00,false,,
1790442435.491,hud,speed,,,,,"0.0 / 0.0",0.000
1790442435.492,hud,heading,,,,,"0-¦ / 0-¦",0.000
1790442435.493,hud,drift,,,,,"0.00%",0.000
1790442435.493,hud,turns,,,,,"G£ù turns: 0/15",
1790442435.493,hud,calib_s,,,,,"G£ô Buffer 6s",
1790442435.494,marker,dr,52.47019016,-1.48029608,351.40,false,,
1790442435.494,marker,reconciled,0.00000000,0.00000000,0.00,false,,
1790442435.579,hud,speed,,,,,"0.0 / 0.0",0.000
1790442435.580,hud,heading,,,,,"0-¦ / 0-¦",0.000
1790442435.580,hud,drift,,,,,"0.00%",0.000
1790442435.581,hud,turns,,,,,"G£ù turns: 0/15",
1790442435.581,hud,calib_s,,,,,"G£ô Buffer 6s",
1790442435.582,marker,dr,52.47019016,-1.48029608,351.40,false,,
1790442435.582,marker,reconciled,0.00000000,0.00000000,0.00,false,,
1790442435.674,hud,speed,,,,,"0.0 / 0.0",0.000
1790442435.674,hud,heading,,,,,"0-¦ / 0-¦",0.000
1790442435.674,hud,drift,,,,,"0.00%",0.000
1790442435.675,hud,turns,,,,,"G£ù turns: 0/15",
1790442435.675,hud,calib_s,,,,,"G£ô Buffer 6s",
1790442435.675,marker,dr,52.47019016,-1.48029608,351.40,false,,
1790442435.675,marker,reconciled,0.00000000,0.00000000,0.00,false,,
1790442435.780,hud,speed,,,,,"0.0 / 0.0",0.000
1790442435.781,hud,heading,,,,,"0-¦ / 0-¦",0.000
1790442435.781,hud,drift,,,,,"0.00%",0.000
1790442435.781,hud,turns,,,,,"G£ù turns: 0/15",
1790442435.781,hud,calib_s,,,,,"G£ô Buffer 6s",
1790442435.782,marker,dr,52.47019016,-1.48029608,351.40,false,,
1790442435.782,marker,reconciled,0.00000000,0.00000000,0.00,false,,
1790442435.898,hud,speed,,,,,"0.0 / 0.0",0.000
1790442435.899,hud,heading,,,,,"0-¦ / 0-¦",0.000
1790442435.899,hud,drift,,,,,"0.00%",0.000
1790442435.900,hud,turns,,,,,"G£ù turns: 0/15",
1790442435.900,hud,calib_s,,,,,"G£ô Buffer 6s",
1790442435.900,marker,dr,52.47019016,-1.48029608,351.40,false,,
1790442435.900,marker,reconciled,0.00000000,0.00000000,0.00,false,,
1790442435.983,hud,speed,,,,,"0.0 / 0.0",0.000
1790442435.983,hud,heading,,,,,"0-¦ / 0-¦",0.000
1790442435.984,hud,drift,,,,,"0.00%",0.000
1790442435.984,hud,turns,,,,,"G£ù turns: 0/15",
1790442435.984,hud,calib_s,,,,,"G£ô Buffer 6s",
1790442435.985,marker,dr,52.47019016,-1.48029608,351.40,false,,
1790442435.985,marker,reconciled,0.00000000,0.00000000,0.00,false,,
1790442436.087,hud,speed,,,,,"0.0 / 0.0",0.000
1790442436.087,hud,heading,,,,,"0-¦ / 0-¦",0.000
1790442436.088,hud,drift,,,,,"0.00%",0.000
1790442436.089,hud,turns,,,,,"G£ù turns: 0/15",
1790442436.089,hud,calib_s,,,,,"G£ô Buffer 6s",
1790442436.089,marker,dr,52.47019016,-1.48029608,351.40,false,,
1790442436.090,marker,reconciled,0.00000000,0.00000000,0.00,false,,
1790442436.201,hud,speed,,,,,"0.0 / 0.0",0.000
1790442436.201,hud,heading,,,,,"0-¦ / 0-¦",0.000
1790442436.202,hud,drift,,,,,"0.00%",0.000
1790442436.202,hud,turns,,,,,"G£ù turns: 0/15",
1790442436.203,hud,calib_s,,,,,"G£ô Buffer 6s",
1790442436.203,marker,dr,52.47019016,-1.48029608,351.40,false,,
1790442436.203,marker,reconciled,0.00000000,0.00000000,0.00,false,,
1790442436.287,hud,speed,,,,,"0.0 / 0.0",0.000
1790442436.287,hud,heading,,,,,"0-¦ / 0-¦",0.000
1790442436.288,hud,drift,,,,,"0.00%",0.000
1790442436.288,hud,turns,,,,,"G£ù turns: 0/15",
1790442436.288,hud,calib_s,,,,,"G£ô Buffer 6s",
1790442436.289,marker,dr,52.47019016,-1.48029608,351.40,false,,
1790442436.289,marker,reconciled,0.00000000,0.00000000,0.00,false,,
1790442436.391,hud,speed,,,,,"0.0 / 0.0",0.000
1790442436.392,hud,heading,,,,,"0-¦ / 0-¦",0.000
1790442436.392,hud,drift,,,,,"0.00%",0.000
1790442436.393,hud,turns,,,,,"G£ù turns: 0/15",
1790442436.393,hud,calib_s,,,,,"G£ô Buffer 6s",
1790442436.394,marker,dr,52.47019016,-1.48029608,351.40,false,,
1790442436.395,marker,reconciled,0.00000000,0.00000000,0.00,false,,
1790442436.489,hud,speed,,,,,"0.0 / 0.0",0.000
1790442436.489,hud,heading,,,,,"0-¦ / 0-¦",0.000
1790442436.490,hud,drift,,,,,"0.00%",0.000
1790442436.490,hud,turns,,,,,"G£ù turns: 0/15",
1790442436.491,hud,calib_s,,,,,"G£ô Buffer 6s",
1790442436.491,marker,dr,52.47019016,-1.48029608,351.40,false,,
1790442436.491,marker,reconciled,0.00000000,0.00000000,0.00,false,,
1790442436.609,hud,speed,,,,,"0.0 / 0.0",0.000
1790442436.609,hud,heading,,,,,"0-¦ / 0-¦",0.000
1790442436.610,hud,drift,,,,,"0.00%",0.000
1790442436.610,hud,turns,,,,,"G£ù turns: 0/15",
1790442436.611,hud,calib_s,,,,,"G£ô Buffer 6s",
1790442436.611,marker,dr,52.47019016,-1.48029608,351.40,false,,
1790442436.611,marker,reconciled,0.00000000,0.00000000,0.00,false,,
1790442436.688,hud,speed,,,,,"0.0 / 0.0",0.000
1790442436.688,hud,heading,,,,,"0-¦ / 0-¦",0.000
1790442436.688,hud,drift,,,,,"0.00%",0.000
1790442436.689,hud,turns,,,,,"G£ù turns: 0/15",
1790442436.689,hud,calib_s,,,,,"G£ô Buffer 6s",
1790442436.689,marker,dr,52.47019016,-1.48029608,351.40,false,,
1790442436.689,marker,reconciled,0.00000000,0.00000000,0.00,false,,
1790442436.797,hud,speed,,,,,"0.0 / 0.0",0.000
1790442436.797,hud,heading,,,,,"0-¦ / 0-¦",0.000
1790442436.798,hud,drift,,,,,"0.00%",0.000
1790442436.799,hud,turns,,,,,"G£ù turns: 0/15",
1790442436.799,hud,calib_s,,,,,"G£ô Buffer 6s",
1790442436.799,marker,dr,52.47019016,-1.48029608,351.40,false,,
1790442436.800,marker,reconciled,0.00000000,0.00000000,0.00,false,,
1790442436.891,hud,speed,,,,,"0.0 / 0.0",0.000
1790442436.892,hud,heading,,,,,"0-¦ / 0-¦",0.000
1790442436.892,hud,drift,,,,,"0.00%",0.000
1790442436.892,hud,turns,,,,,"G£ù turns: 0/15",
1790442436.893,hud,calib_s,,,,,"G£ô Buffer 6s",
1790442436.893,marker,dr,52.47019016,-1.48029608,351.40,false,,
1790442436.893,marker,reconciled,0.00000000,0.00000000,0.00,false,,
1790442437.012,hud,speed,,,,,"0.0 / 0.0",0.000
1790442437.013,hud,heading,,,,,"0-¦ / 0-¦",0.000
1790442437.013,hud,drift,,,,,"0.00%",0.000
1790442437.014,hud,turns,,,,,"G£ù turns: 0/15",
1790442437.014,hud,calib_s,,,,,"G£ô Buffer 6s",
1790442437.015,marker,dr,52.47019016,-1.48029608,351.40,false,,
1790442437.015,marker,reconciled,0.00000000,0.00000000,0.00,false,,
1790442437.092,hud,speed,,,,,"0.0 / 0.0",0.000
1790442437.093,hud,heading,,,,,"0-¦ / 0-¦",0.000
1790442437.093,hud,drift,,,,,"0.00%",0.000
1790442437.093,hud,turns,,,,,"G£ù turns: 0/15",
1790442437.093,hud,calib_s,,,,,"G£ô Buffer 6s",
1790442437.093,marker,dr,52.47019016,-1.48029608,351.40,false,,
1790442437.094,marker,reconciled,0.00000000,0.00000000,0.00,false,,
1790442437.200,hud,speed,,,,,"0.0 / 0.0",0.000
1790442437.201,hud,heading,,,,,"0-¦ / 0-¦",0.000
1790442437.201,hud,drift,,,,,"0.00%",0.000
1790442437.201,hud,turns,,,,,"G£ù turns: 0/15",
1790442437.202,hud,calib_s,,,,,"G£ô Buffer 6s",
1790442437.202,marker,dr,52.47019016,-1.48029608,351.40,false,,
1790442437.203,marker,reconciled,0.00000000,0.00000000,0.00,false,,
1790442437.304,hud,speed,,,,,"0.0 / 0.0",0.000
1790442437.304,hud,heading,,,,,"0-¦ / 0-¦",0.000
1790442437.305,hud,drift,,,,,"0.00%",0.000
1790442437.305,hud,turns,,,,,"G£ù turns: 0/15",
1790442437.305,hud,calib_s,,,,,"G£ô Buffer 6s",
1790442437.306,marker,dr,52.47019016,-1.48029608,351.40,false,,
1790442437.306,marker,reconciled,0.00000000,0.00000000,0.00,false,,
1790442437.419,hud,speed,,,,,"0.0 / 0.0",0.000
1790442437.419,hud,heading,,,,,"0-¦ / 0-¦",0.000
1790442437.420,hud,drift,,,,,"0.00%",0.000
1790442437.420,hud,turns,,,,,"G£ù turns: 0/15",
1790442437.420,hud,calib_s,,,,,"G£ô Buffer 6s",
1790442437.421,marker,dr,52.47019016,-1.48029608,351.40,false,,
1790442437.421,marker,reconciled,0.00000000,0.00000000,0.00,false,,
1790442437.506,hud,speed,,,,,"0.0 / 0.0",0.000
1790442437.507,hud,heading,,,,,"0-¦ / 0-¦",0.000
1790442437.507,hud,drift,,,,,"0.00%",0.000
1790442437.508,hud,turns,,,,,"G£ù turns: 0/15",
1790442437.508,hud,calib_s,,,,,"G£ô Buffer 6s",
1790442437.508,marker,dr,52.47019016,-1.48029608,351.40,false,,
1790442437.509,marker,reconciled,0.00000000,0.00000000,0.00,false,,
1790442437.609,hud,speed,,,,,"0.0 / 0.0",0.000
1790442437.610,hud,heading,,,,,"0-¦ / 0-¦",0.000
1790442437.610,hud,drift,,,,,"0.00%",0.000
1790442437.611,hud,turns,,,,,"G£ù turns: 0/15",
1790442437.611,hud,calib_s,,,,,"G£ô Buffer 6s",
1790442437.612,marker,dr,52.47019016,-1.48029608,351.40,false,,
1790442437.612,marker,reconciled,0.00000000,0.00000000,0.00,false,,
1790442437.703,hud,speed,,,,,"0.0 / 0.0",0.000
1790442437.704,hud,heading,,,,,"0-¦ / 0-¦",0.000
1790442437.705,hud,drift,,,,,"0.00%",0.000
1790442437.705,hud,turns,,,,,"G£ù turns: 0/15",
1790442437.706,hud,calib_s,,,,,"G£ô Buffer 6s",
1790442437.706,marker,dr,52.47019016,-1.48029608,351.40,false,,
1790442437.707,marker,reconciled,0.00000000,0.00000000,0.00,false,,
1790442437.825,hud,speed,,,,,"0.0 / 0.0",0.000
1790442437.825,hud,heading,,,,,"0-¦ / 0-¦",0.000
1790442437.826,hud,drift,,,,,"0.00%",0.000
1790442437.826,hud,turns,,,,,"G£ù turns: 0/15",
1790442437.827,hud,calib_s,,,,,"G£ô Buffer 6s",
1790442437.827,marker,dr,52.47019016,-1.48029608,351.40,false,,
1790442437.827,marker,reconciled,0.00000000,0.00000000,0.00,false,,
1790442437.909,hud,speed,,,,,"0.0 / 0.0",0.000
1790442437.910,hud,heading,,,,,"0-¦ / 0-¦",0.000
1790442437.911,hud,drift,,,,,"0.00%",0.000
1790442437.911,hud,turns,,,,,"G£ù turns: 0/15",
1790442437.911,hud,calib_s,,,,,"G£ô Buffer 6s",
1790442437.912,marker,dr,52.47019016,-1.48029608,351.40,false,,
1790442437.912,marker,reconciled,0.00000000,0.00000000,0.00,false,,
1790442438.015,hud,speed,,,,,"0.0 / 0.0",0.000
1790442438.016,hud,heading,,,,,"0-¦ / 0-¦",0.000
1790442438.016,hud,drift,,,,,"0.00%",0.000
1790442438.017,hud,turns,,,,,"G£ù turns: 0/15",
1790442438.017,hud,calib_s,,,,,"G£ô Buffer 6s",
1790442438.018,marker,dr,52.47019016,-1.48029608,351.40,false,,
1790442438.018,marker,reconciled,0.00000000,0.00000000,0.00,false,,
1790442438.133,hud,speed,,,,,"0.0 / 0.0",0.000
1790442438.133,hud,heading,,,,,"0-¦ / 0-¦",0.000
1790442438.134,hud,drift,,,,,"0.00%",0.000
1790442438.134,hud,turns,,,,,"G£ù turns: 0/15",
1790442438.134,hud,calib_s,,,,,"G£ô Buffer 6s",
1790442438.135,marker,dr,52.47019016,-1.48029608,351.40,false,,
1790442438.135,marker,reconciled,0.00000000,0.00000000,0.00,false,,
1790442438.216,hud,speed,,,,,"0.0 / 0.0",0.000
1790442438.216,hud,heading,,,,,"0-¦ / 0-¦",0.000
1790442438.217,hud,drift,,,,,"0.00%",0.000
1790442438.217,hud,turns,,,,,"G£ù turns: 0/15",
1790442438.217,hud,calib_s,,,,,"G£ô Buffer 6s",
1790442438.218,marker,dr,52.47019016,-1.48029608,351.40,false,,
1790442438.218,marker,reconciled,0.00000000,0.00000000,0.00,false,,
1790442438.316,hud,speed,,,,,"0.0 / 0.0",0.000
1790442438.316,hud,heading,,,,,"0-¦ / 0-¦",0.000
1790442438.317,hud,drift,,,,,"0.00%",0.000
1790442438.317,hud,turns,,,,,"G£ù turns: 0/15",
1790442438.318,hud,calib_s,,,,,"G£ô Buffer 6s",
1790442438.318,marker,dr,52.47019016,-1.48029608,351.40,false,,
1790442438.319,marker,reconciled,0.00000000,0.00000000,0.00,false,,
1790442438.419,hud,speed,,,,,"0.0 / 0.0",0.000
1790442438.419,hud,heading,,,,,"0-¦ / 0-¦",0.000
1790442438.419,hud,drift,,,,,"0.00%",0.000
1790442438.419,hud,turns,,,,,"G£ù turns: 0/15",
1790442438.420,hud,calib_s,,,,,"G£ô Buffer 6s",
1790442438.420,marker,dr,52.47019016,-1.48029608,351.40,false,,
1790442438.420,marker,reconciled,0.00000000,0.00000000,0.00,false,,
1790442438.538,hud,speed,,,,,"0.0 / 0.0",0.000
1790442438.538,hud,heading,,,,,"0-¦ / 0-¦",0.000
1790442438.539,hud,drift,,,,,"0.00%",0.000
1790442438.539,hud,turns,,,,,"G£ù turns: 0/15",
1790442438.540,hud,calib_s,,,,,"G£ô Buffer 6s",
1790442438.540,marker,dr,52.47019016,-1.48029608,351.40,false,,
1790442438.540,marker,reconciled,0.00000000,0.00000000,0.00,false,,
1790442438.617,hud,speed,,,,,"0.0 / 0.0",0.000
1790442438.617,hud,heading,,,,,"0-¦ / 0-¦",0.000
1790442438.617,hud,drift,,,,,"0.00%",0.000
1790442438.618,hud,turns,,,,,"G£ù turns: 0/15",
1790442438.618,hud,calib_s,,,,,"G£ô Buffer 6s",
1790442438.618,marker,dr,52.47019016,-1.48029608,351.40,false,,
1790442438.618,marker,reconciled,0.00000000,0.00000000,0.00,false,,
1790442438.718,hud,speed,,,,,"0.0 / 0.0",0.000
1790442438.719,hud,heading,,,,,"0-¦ / 0-¦",0.000
1790442438.719,hud,drift,,,,,"0.00%",0.000
1790442438.719,hud,turns,,,,,"G£ù turns: 0/15",
1790442438.720,hud,calib_s,,,,,"G£ô Buffer 6s",
1790442438.720,marker,dr,52.47019016,-1.48029608,351.40,false,,
1790442438.720,marker,reconciled,0.00000000,0.00000000,0.00,false,,
1790442438.825,hud,speed,,,,,"0.0 / 0.0",0.000
1790442438.826,hud,heading,,,,,"0-¦ / 0-¦",0.000
1790442438.827,hud,drift,,,,,"0.00%",0.000
1790442438.827,hud,turns,,,,,"G£ù turns: 0/15",
1790442438.828,hud,calib_s,,,,,"G£ô Buffer 6s",
1790442438.828,marker,dr,52.47019016,-1.48029608,351.40,false,,
1790442438.829,marker,reconciled,0.00000000,0.00000000,0.00,false,,
1790442438.940,hud,speed,,,,,"0.0 / 0.0",0.000
1790442438.940,hud,heading,,,,,"0-¦ / 0-¦",0.000
1790442438.941,hud,drift,,,,,"0.00%",0.000
1790442438.941,hud,turns,,,,,"G£ù turns: 0/15",
1790442438.941,hud,calib_s,,,,,"G£ô Buffer 6s",
1790442438.942,marker,dr,52.47019016,-1.48029608,351.40,false,,
1790442438.943,marker,reconciled,0.00000000,0.00000000,0.00,false,,
1790442439.025,hud,speed,,,,,"0.0 / 0.0",0.000
1790442439.026,hud,heading,,,,,"0-¦ / 0-¦",0.000
1790442439.026,hud,drift,,,,,"0.00%",0.000
1790442439.027,hud,turns,,,,,"G£ù turns: 0/15",
1790442439.027,hud,calib_s,,,,,"G£ô Buffer 6s",
1790442439.027,marker,dr,52.47019016,-1.48029608,351.40,false,,
1790442439.028,marker,reconciled,0.00000000,0.00000000,0.00,false,,
1790442439.124,hud,speed,,,,,"0.0 / 0.0",0.000
1790442439.125,hud,heading,,,,,"0-¦ / 0-¦",0.000
1790442439.125,hud,drift,,,,,"0.00%",0.000
1790442439.126,hud,turns,,,,,"G£ù turns: 0/15",
1790442439.126,hud,calib_s,,,,,"G£ô Buffer 6s",
1790442439.126,marker,dr,52.47019016,-1.48029608,351.40,false,,
1790442439.127,marker,reconciled,0.00000000,0.00000000,0.00,false,,
1790442439.232,hud,speed,,,,,"0.0 / 0.0",0.000
1790442439.233,hud,heading,,,,,"0-¦ / 0-¦",0.000
1790442439.234,hud,drift,,,,,"0.00%",0.000
1790442439.235,hud,turns,,,,,"G£ù turns: 0/15",
1790442439.235,hud,calib_s,,,,,"G£ô Buffer 6s",
1790442439.235,marker,dr,52.47019016,-1.48029608,351.40,false,,
1790442439.236,marker,reconciled,0.00000000,0.00000000,0.00,false,,
1790442439.344,hud,speed,,,,,"0.0 / 0.0",0.000
1790442439.345,hud,heading,,,,,"0-¦ / 0-¦",0.000
1790442439.345,hud,drift,,,,,"0.00%",0.000
1790442439.346,hud,turns,,,,,"G£ù turns: 0/15",
1790442439.346,hud,calib_s,,,,,"G£ô Buffer 6s",
1790442439.347,marker,dr,52.47019016,-1.48029608,351.40,false,,
1790442439.347,marker,reconciled,0.00000000,0.00000000,0.00,false,,
1790442439.427,hud,speed,,,,,"0.0 / 0.0",0.000
1790442439.427,hud,heading,,,,,"0-¦ / 0-¦",0.000
1790442439.428,hud,drift,,,,,"0.00%",0.000
1790442439.428,hud,turns,,,,,"G£ù turns: 0/15",
1790442439.428,hud,calib_s,,,,,"G£ô Buffer 6s",
1790442439.428,marker,dr,52.47019016,-1.48029608,351.40,false,,
1790442439.429,marker,reconciled,0.00000000,0.00000000,0.00,false,,
1790442439.528,hud,speed,,,,,"0.0 / 0.0",0.000
1790442439.529,hud,heading,,,,,"0-¦ / 0-¦",0.000
1790442439.529,hud,drift,,,,,"0.00%",0.000
1790442439.529,hud,turns,,,,,"G£ù turns: 0/15",
1790442439.530,hud,calib_s,,,,,"G£ô Buffer 6s",
1790442439.530,marker,dr,52.47019016,-1.48029608,351.40,false,,
1790442439.530,marker,reconciled,0.00000000,0.00000000,0.00,false,,
1790442439.637,hud,speed,,,,,"0.0 / 0.0",0.000
1790442439.638,hud,heading,,,,,"0-¦ / 0-¦",0.000
1790442439.638,hud,drift,,,,,"0.00%",0.000
1790442439.639,hud,turns,,,,,"G£ù turns: 0/15",
1790442439.639,hud,calib_s,,,,,"G£ô Buffer 6s",
1790442439.639,marker,dr,52.47019016,-1.48029608,351.40,false,,
1790442439.640,marker,reconciled,0.00000000,0.00000000,0.00,false,,
1790442439.750,hud,speed,,,,,"0.0 / 0.0",0.000
1790442439.750,hud,heading,,,,,"0-¦ / 0-¦",0.000
1790442439.751,hud,drift,,,,,"0.00%",0.000
1790442439.751,hud,turns,,,,,"G£ù turns: 0/15",
1790442439.752,hud,calib_s,,,,,"G£ô Buffer 6s",
1790442439.752,marker,dr,52.47019016,-1.48029608,351.40,false,,
1790442439.752,marker,reconciled,0.00000000,0.00000000,0.00,false,,
1790442439.832,hud,speed,,,,,"0.0 / 0.0",0.000
1790442439.832,hud,heading,,,,,"0-¦ / 0-¦",0.000
1790442439.832,hud,drift,,,,,"0.00%",0.000
1790442439.832,hud,turns,,,,,"G£ù turns: 0/15",
1790442439.833,hud,calib_s,,,,,"G£ô Buffer 6s",
1790442439.833,marker,dr,52.47019016,-1.48029608,351.40,false,,
1790442439.833,marker,reconciled,0.00000000,0.00000000,0.00,false,,
1790442439.938,hud,speed,,,,,"0.0 / 0.0",0.000
1790442439.939,hud,heading,,,,,"0-¦ / 0-¦",0.000
1790442439.939,hud,drift,,,,,"0.00%",0.000
1790442439.940,hud,turns,,,,,"G£ù turns: 0/15",
1790442439.940,hud,calib_s,,,,,"G£ô Buffer 6s",
1790442439.940,marker,dr,52.47019016,-1.48029608,351.40,false,,
1790442439.940,marker,reconciled,0.00000000,0.00000000,0.00,false,,
1790442440.041,hud,speed,,,,,"0.0 / 0.0",0.000
1790442440.041,hud,heading,,,,,"0-¦ / 0-¦",0.000
1790442440.041,hud,drift,,,,,"0.00%",0.000
1790442440.042,hud,turns,,,,,"G£ù turns: 0/15",
1790442440.042,hud,calib_s,,,,,"G£ô Buffer 6s",
1790442440.043,marker,dr,52.47019016,-1.48029608,351.40,false,,
1790442440.044,marker,reconciled,0.00000000,0.00000000,0.00,false,,
1790442440.155,hud,speed,,,,,"0.0 / 0.0",0.000
1790442440.155,hud,heading,,,,,"0-¦ / 0-¦",0.000
1790442440.156,hud,drift,,,,,"0.00%",0.000
1790442440.156,hud,turns,,,,,"G£ù turns: 0/15",
1790442440.157,hud,calib_s,,,,,"G£ô Buffer 6s",
1790442440.157,marker,dr,52.47019016,-1.48029608,351.40,false,,
1790442440.157,marker,reconciled,0.00000000,0.00000000,0.00,false,,
1790442440.242,hud,speed,,,,,"0.0 / 0.0",0.000
1790442440.242,hud,heading,,,,,"0-¦ / 0-¦",0.000
1790442440.243,hud,drift,,,,,"0.00%",0.000
1790442440.243,hud,turns,,,,,"G£ù turns: 0/15",
1790442440.244,hud,calib_s,,,,,"G£ô Buffer 6s",
1790442440.244,marker,dr,52.47019016,-1.48029608,351.40,false,,
1790442440.244,marker,reconciled,0.00000000,0.00000000,0.00,false,,
1790442440.339,hud,speed,,,,,"0.0 / 0.0",0.000
1790442440.340,hud,heading,,,,,"0-¦ / 0-¦",0.000
1790442440.340,hud,drift,,,,,"0.00%",0.000
1790442440.341,hud,turns,,,,,"G£ù turns: 0/15",
1790442440.341,hud,calib_s,,,,,"G£ô Buffer 6s",
1790442440.341,marker,dr,52.47019016,-1.48029608,351.40,false,,
1790442440.341,marker,reconciled,0.00000000,0.00000000,0.00,false,,
1790442440.462,hud,speed,,,,,"0.0 / 0.0",0.000
1790442440.463,hud,heading,,,,,"0-¦ / 0-¦",0.000
1790442440.463,hud,drift,,,,,"0.00%",0.000
1790442440.464,hud,turns,,,,,"G£ù turns: 0/15",
1790442440.464,hud,calib_s,,,,,"G£ô Buffer 6s",
1790442440.464,marker,dr,52.47019016,-1.48029608,351.40,false,,
1790442440.465,marker,reconciled,0.00000000,0.00000000,0.00,false,,
1790442440.541,hud,speed,,,,,"0.0 / 0.0",0.000
1790442440.541,hud,heading,,,,,"0-¦ / 0-¦",0.000
1790442440.541,hud,drift,,,,,"0.00%",0.000
1790442440.542,hud,turns,,,,,"G£ù turns: 0/15",
1790442440.542,hud,calib_s,,,,,"G£ô Buffer 6s",
1790442440.542,marker,dr,52.47019016,-1.48029608,351.40,false,,
1790442440.542,marker,reconciled,0.00000000,0.00000000,0.00,false,,
1790442440.644,hud,speed,,,,,"0.0 / 0.0",0.000
1790442440.644,hud,heading,,,,,"0-¦ / 0-¦",0.000
1790442440.644,hud,drift,,,,,"0.00%",0.000
1790442440.645,hud,turns,,,,,"G£ù turns: 0/15",
1790442440.645,hud,calib_s,,,,,"G£ô Buffer 6s",
1790442440.645,marker,dr,52.47019016,-1.48029608,351.40,false,,
1790442440.645,marker,reconciled,0.00000000,0.00000000,0.00,false,,
1790442440.745,hud,speed,,,,,"0.0 / 0.0",0.000
1790442440.745,hud,heading,,,,,"0-¦ / 0-¦",0.000
1790442440.745,hud,drift,,,,,"0.00%",0.000
1790442440.745,hud,turns,,,,,"G£ù turns: 0/15",
1790442440.746,hud,calib_s,,,,,"G£ô Buffer 6s",
1790442440.746,marker,dr,52.47019016,-1.48029608,351.40,false,,
1790442440.746,marker,reconciled,0.00000000,0.00000000,0.00,false,,
1790442440.867,hud,speed,,,,,"0.0 / 0.0",0.000
1790442440.868,hud,heading,,,,,"0-¦ / 0-¦",0.000
1790442440.868,hud,drift,,,,,"0.00%",0.000
1790442440.869,hud,turns,,,,,"G£ù turns: 0/15",
1790442440.869,hud,calib_s,,,,,"G£ô Buffer 6s",
1790442440.869,marker,dr,52.47019016,-1.48029608,351.40,false,,
1790442440.869,marker,reconciled,0.00000000,0.00000000,0.00,false,,
1790442440.947,hud,speed,,,,,"0.0 / 0.0",0.000
1790442440.948,hud,heading,,,,,"0-¦ / 0-¦",0.000
1790442440.948,hud,drift,,,,,"0.00%",0.000
1790442440.948,hud,turns,,,,,"G£ù turns: 0/15",
1790442440.949,hud,calib_s,,,,,"G£ô Buffer 6s",
1790442440.949,marker,dr,52.47019016,-1.48029608,351.40,false,,
1790442440.949,marker,reconciled,0.00000000,0.00000000,0.00,false,,
1790442441.048,hud,speed,,,,,"0.0 / 0.0",0.000
1790442441.049,hud,heading,,,,,"0-¦ / 0-¦",0.000
1790442441.050,hud,drift,,,,,"0.00%",0.000
1790442441.050,hud,turns,,,,,"G£ù turns: 0/15",
1790442441.051,hud,calib_s,,,,,"G£ô Buffer 6s",
1790442441.051,marker,dr,52.47019016,-1.48029608,351.40,false,,
1790442441.051,marker,reconciled,0.00000000,0.00000000,0.00,false,,
1790442441.151,hud,speed,,,,,"0.0 / 0.0",0.000
1790442441.152,hud,heading,,,,,"0-¦ / 0-¦",0.000
1790442441.152,hud,drift,,,,,"0.00%",0.000
1790442441.152,hud,turns,,,,,"G£ù turns: 0/15",
1790442441.153,hud,calib_s,,,,,"G£ô Buffer 6s",
1790442441.153,marker,dr,52.47019016,-1.48029608,351.40,false,,
1790442441.154,marker,reconciled,0.00000000,0.00000000,0.00,false,,
1790442441.275,hud,speed,,,,,"0.0 / 0.0",0.000
1790442441.275,hud,heading,,,,,"0-¦ / 0-¦",0.000
1790442441.276,hud,drift,,,,,"0.00%",0.000
1790442441.276,hud,turns,,,,,"G£ù turns: 0/15",
1790442441.277,hud,calib_s,,,,,"G£ô Buffer 6s",
1790442441.278,marker,dr,52.47019016,-1.48029608,351.40,false,,
1790442441.278,marker,reconciled,0.00000000,0.00000000,0.00,false,,
1790442441.356,hud,speed,,,,,"0.0 / 0.0",0.000
1790442441.357,hud,heading,,,,,"0-¦ / 0-¦",0.000
1790442441.357,hud,drift,,,,,"0.00%",0.000
1790442441.358,hud,turns,,,,,"G£ù turns: 0/15",
1790442441.358,hud,calib_s,,,,,"G£ô Buffer 6s",
1790442441.359,marker,dr,52.47019016,-1.48029608,351.40,false,,
1790442441.359,marker,reconciled,0.00000000,0.00000000,0.00,false,,
1790442441.457,hud,speed,,,,,"0.0 / 0.0",0.000
1790442441.457,hud,heading,,,,,"0-¦ / 0-¦",0.000
1790442441.458,hud,drift,,,,,"0.00%",0.000
1790442441.459,hud,turns,,,,,"G£ù turns: 0/15",
1790442441.459,hud,calib_s,,,,,"G£ô Buffer 6s",
1790442441.459,marker,dr,52.47019016,-1.48029608,351.40,false,,
1790442441.460,marker,reconciled,0.00000000,0.00000000,0.00,false,,
1790442441.558,hud,speed,,,,,"0.0 / 0.0",0.000
1790442441.559,hud,heading,,,,,"0-¦ / 0-¦",0.000
1790442441.559,hud,drift,,,,,"0.00%",0.000
1790442441.559,hud,turns,,,,,"G£ù turns: 0/15",
1790442441.559,hud,calib_s,,,,,"G£ô Buffer 6s",
1790442441.559,marker,dr,52.47019016,-1.48029608,351.40,false,,
1790442441.560,marker,reconciled,0.00000000,0.00000000,0.00,false,,
1790442441.680,hud,speed,,,,,"0.0 / 0.0",0.000
1790442441.681,hud,heading,,,,,"0-¦ / 0-¦",0.000
1790442441.681,hud,drift,,,,,"0.00%",0.000
1790442441.681,hud,turns,,,,,"G£ù turns: 0/15",
1790442441.682,hud,calib_s,,,,,"G£ô Buffer 6s",
1790442441.682,marker,dr,52.47019016,-1.48029608,351.40,false,,
1790442441.683,marker,reconciled,0.00000000,0.00000000,0.00,false,,
1790442441.760,hud,speed,,,,,"0.0 / 0.0",0.000
1790442441.761,hud,heading,,,,,"0-¦ / 0-¦",0.000
1790442441.761,hud,drift,,,,,"0.00%",0.000
1790442441.761,hud,turns,,,,,"G£ù turns: 0/15",
1790442441.761,hud,calib_s,,,,,"G£ô Buffer 6s",
1790442441.762,marker,dr,52.47019016,-1.48029608,351.40,false,,
1790442441.762,marker,reconciled,0.00000000,0.00000000,0.00,false,,
1790442441.860,hud,speed,,,,,"0.0 / 0.0",0.000
1790442441.860,hud,heading,,,,,"0-¦ / 0-¦",0.000
1790442441.860,hud,drift,,,,,"0.00%",0.000
1790442441.861,hud,turns,,,,,"G£ù turns: 0/15",
1790442441.861,hud,calib_s,,,,,"G£ô Buffer 6s",
1790442441.862,marker,dr,52.47019016,-1.48029608,351.40,false,,
1790442441.862,marker,reconciled,0.00000000,0.00000000,0.00,false,,
1790442441.961,hud,speed,,,,,"0.0 / 0.0",0.000
1790442441.962,hud,heading,,,,,"0-¦ / 0-¦",0.000
1790442441.962,hud,drift,,,,,"0.00%",0.000
1790442441.962,hud,turns,,,,,"G£ù turns: 0/15",
1790442441.963,hud,calib_s,,,,,"G£ô Buffer 6s",
1790442441.963,marker,dr,52.47019016,-1.48029608,351.40,false,,
1790442441.963,marker,reconciled,0.00000000,0.00000000,0.00,false,,
1790442442.084,hud,speed,,,,,"0.0 / 0.0",0.000
1790442442.085,hud,heading,,,,,"0-¦ / 0-¦",0.000
1790442442.085,hud,drift,,,,,"0.00%",0.000
1790442442.086,hud,turns,,,,,"G£ù turns: 0/15",
1790442442.086,hud,calib_s,,,,,"G£ô Buffer 6s",
1790442442.087,marker,dr,52.47019016,-1.48029608,351.40,false,,
1790442442.087,marker,reconciled,0.00000000,0.00000000,0.00,false,,
1790442442.163,hud,speed,,,,,"0.0 / 0.0",0.000
1790442442.163,hud,heading,,,,,"0-¦ / 0-¦",0.000
1790442442.163,hud,drift,,,,,"0.00%",0.000
1790442442.164,hud,turns,,,,,"G£ù turns: 0/15",
1790442442.164,hud,calib_s,,,,,"G£ô Buffer 6s",
1790442442.165,marker,dr,52.47019016,-1.48029608,351.40,false,,
1790442442.165,marker,reconciled,0.00000000,0.00000000,0.00,false,,
1790442442.269,hud,speed,,,,,"0.0 / 0.0",0.000
1790442442.270,hud,heading,,,,,"0-¦ / 0-¦",0.000
1790442442.270,hud,drift,,,,,"0.00%",0.000
1790442442.271,hud,turns,,,,,"G£ù turns: 0/15",
1790442442.272,hud,calib_s,,,,,"G£ô Buffer 6s",
1790442442.272,marker,dr,52.47019016,-1.48029608,351.40,false,,
1790442442.273,marker,reconciled,0.00000000,0.00000000,0.00,false,,
1790442442.387,hud,speed,,,,,"0.0 / 0.0",0.000
1790442442.388,hud,heading,,,,,"0-¦ / 0-¦",0.000
1790442442.388,hud,drift,,,,,"0.00%",0.000
1790442442.389,hud,turns,,,,,"G£ù turns: 0/15",
1790442442.389,hud,calib_s,,,,,"G£ô Buffer 6s",
1790442442.389,marker,dr,52.47019016,-1.48029608,351.40,false,,
1790442442.390,marker,reconciled,0.00000000,0.00000000,0.00,false,,
1790442442.471,hud,speed,,,,,"0.0 / 0.0",0.000
1790442442.472,hud,heading,,,,,"0-¦ / 0-¦",0.000
1790442442.472,hud,drift,,,,,"0.00%",0.000
1790442442.473,hud,turns,,,,,"G£ù turns: 0/15",
1790442442.473,hud,calib_s,,,,,"G£ô Buffer 6s",
1790442442.473,marker,dr,52.47019016,-1.48029608,351.40,false,,
1790442442.474,marker,reconciled,0.00000000,0.00000000,0.00,false,,
1790442442.570,hud,speed,,,,,"0.0 / 0.0",0.000
1790442442.571,hud,heading,,,,,"0-¦ / 0-¦",0.000
1790442442.571,hud,drift,,,,,"0.00%",0.000
1790442442.571,hud,turns,,,,,"G£ù turns: 0/15",
1790442442.572,hud,calib_s,,,,,"G£ô Buffer 6s",
1790442442.572,marker,dr,52.47019016,-1.48029608,351.40,false,,
1790442442.573,marker,reconciled,0.00000000,0.00000000,0.00,false,,
1790442442.673,hud,speed,,,,,"0.0 / 0.0",0.000
1790442442.675,hud,heading,,,,,"0-¦ / 0-¦",0.000
1790442442.676,hud,drift,,,,,"0.00%",0.000
1790442442.676,hud,turns,,,,,"G£ù turns: 0/15",
1790442442.677,hud,calib_s,,,,,"G£ô Buffer 6s",
1790442442.677,marker,dr,52.47019016,-1.48029608,351.40,false,,
1790442442.677,marker,reconciled,0.00000000,0.00000000,0.00,false,,
1790442442.795,hud,speed,,,,,"0.0 / 0.0",0.000
1790442442.795,hud,heading,,,,,"0-¦ / 0-¦",0.000
1790442442.796,hud,drift,,,,,"0.00%",0.000
1790442442.796,hud,turns,,,,,"G£ù turns: 0/15",
1790442442.796,hud,calib_s,,,,,"G£ô Buffer 6s",
1790442442.796,marker,dr,52.47019016,-1.48029608,351.40,false,,
1790442442.797,marker,reconciled,0.00000000,0.00000000,0.00,false,,
1790442442.873,hud,speed,,,,,"0.0 / 0.0",0.000
1790442442.874,hud,heading,,,,,"0-¦ / 0-¦",0.000
1790442442.875,hud,drift,,,,,"0.00%",0.000
1790442442.875,hud,turns,,,,,"G£ù turns: 0/15",
1790442442.875,hud,calib_s,,,,,"G£ô Buffer 6s",
1790442442.876,marker,dr,52.47019016,-1.48029608,351.40,false,,
1790442442.876,marker,reconciled,0.00000000,0.00000000,0.00,false,,
1790442442.973,hud,speed,,,,,"0.0 / 0.0",0.000
1790442442.974,hud,heading,,,,,"0-¦ / 0-¦",0.000
1790442442.974,hud,drift,,,,,"0.00%",0.000
1790442442.974,hud,turns,,,,,"G£ù turns: 0/15",
1790442442.975,hud,calib_s,,,,,"G£ô Buffer 6s",
1790442442.975,marker,dr,52.47019016,-1.48029608,351.40,false,,
1790442442.975,marker,reconciled,0.00000000,0.00000000,0.00,false,,
1790442443.076,hud,speed,,,,,"0.0 / 0.0",0.000
1790442443.076,hud,heading,,,,,"0-¦ / 0-¦",0.000
1790442443.076,hud,drift,,,,,"0.00%",0.000
1790442443.076,hud,turns,,,,,"G£ù turns: 0/15",
1790442443.076,hud,calib_s,,,,,"G£ô Buffer 6s",
1790442443.077,marker,dr,52.47019016,-1.48029608,351.40,false,,
1790442443.077,marker,reconciled,0.00000000,0.00000000,0.00,false,,
1790442443.200,hud,speed,,,,,"0.0 / 0.0",0.000
1790442443.200,hud,heading,,,,,"0-¦ / 0-¦",0.000
1790442443.201,hud,drift,,,,,"0.00%",0.000
1790442443.201,hud,turns,,,,,"G£ù turns: 0/15",
1790442443.202,hud,calib_s,,,,,"G£ô Buffer 6s",
1790442443.202,marker,dr,52.47019016,-1.48029608,351.40,false,,
1790442443.203,marker,reconciled,0.00000000,0.00000000,0.00,false,,
1790442443.277,hud,speed,,,,,"0.0 / 0.0",0.000
1790442443.277,hud,heading,,,,,"0-¦ / 0-¦",0.000
1790442443.278,hud,drift,,,,,"0.00%",0.000
1790442443.278,hud,turns,,,,,"G£ù turns: 0/15",
1790442443.278,hud,calib_s,,,,,"G£ô Buffer 6s",
1790442443.278,marker,dr,52.47019016,-1.48029608,351.40,false,,
1790442443.279,marker,reconciled,0.00000000,0.00000000,0.00,false,,
1790442443.383,hud,speed,,,,,"0.0 / 0.0",0.000
1790442443.384,hud,heading,,,,,"0-¦ / 0-¦",0.000
1790442443.384,hud,drift,,,,,"0.00%",0.000
1790442443.384,hud,turns,,,,,"G£ù turns: 0/15",
1790442443.385,hud,calib_s,,,,,"G£ô Buffer 6s",
1790442443.385,marker,dr,52.47019016,-1.48029608,351.40,false,,
1790442443.385,marker,reconciled,0.00000000,0.00000000,0.00,false,,
1790442443.481,hud,speed,,,,,"0.0 / 0.0",0.000
1790442443.482,hud,heading,,,,,"0-¦ / 0-¦",0.000
1790442443.483,hud,drift,,,,,"0.00%",0.000
1790442443.483,hud,turns,,,,,"G£ù turns: 0/15",
1790442443.483,hud,calib_s,,,,,"G£ô Buffer 6s",
1790442443.483,marker,dr,52.47019016,-1.48029608,351.40,false,,
1790442443.484,marker,reconciled,0.00000000,0.00000000,0.00,false,,
1790442443.603,hud,speed,,,,,"0.0 / 0.0",0.000
1790442443.604,hud,heading,,,,,"0-¦ / 0-¦",0.000
1790442443.605,hud,drift,,,,,"0.00%",0.000
1790442443.605,hud,turns,,,,,"G£ù turns: 0/15",
1790442443.605,hud,calib_s,,,,,"G£ô Buffer 6s",
1790442443.606,marker,dr,52.47019016,-1.48029608,351.40,false,,
1790442443.607,marker,reconciled,0.00000000,0.00000000,0.00,false,,
1790442443.682,hud,speed,,,,,"0.0 / 0.0",0.000
1790442443.682,hud,heading,,,,,"0-¦ / 0-¦",0.000
1790442443.683,hud,drift,,,,,"0.00%",0.000
1790442443.684,hud,turns,,,,,"G£ù turns: 0/15",
1790442443.684,hud,calib_s,,,,,"G£ô Buffer 6s",
1790442443.685,marker,dr,52.47019016,-1.48029608,351.40,false,,
1790442443.685,marker,reconciled,0.00000000,0.00000000,0.00,false,,
1790442443.789,hud,speed,,,,,"0.0 / 0.0",0.000
1790442443.790,hud,heading,,,,,"0-¦ / 0-¦",0.000
1790442443.790,hud,drift,,,,,"0.00%",0.000
1790442443.791,hud,turns,,,,,"G£ù turns: 0/15",
1790442443.791,hud,calib_s,,,,,"G£ô Buffer 6s",
1790442443.792,marker,dr,52.47019016,-1.48029608,351.40,false,,
1790442443.792,marker,reconciled,0.00000000,0.00000000,0.00,false,,
1790442443.893,hud,speed,,,,,"0.0 / 0.0",0.000
1790442443.894,hud,heading,,,,,"0-¦ / 0-¦",0.000
1790442443.895,hud,drift,,,,,"0.00%",0.000
1790442443.895,hud,turns,,,,,"G£ù turns: 0/15",
1790442443.896,hud,calib_s,,,,,"G£ô Buffer 6s",
1790442443.896,marker,dr,52.47019016,-1.48029608,351.40,false,,
1790442443.896,marker,reconciled,0.00000000,0.00000000,0.00,false,,
1790442444.011,hud,speed,,,,,"0.0 / 0.0",0.000
1790442444.011,hud,heading,,,,,"0-¦ / 0-¦",0.000
1790442444.012,hud,drift,,,,,"0.00%",0.000
1790442444.012,hud,turns,,,,,"G£ù turns: 0/15",
1790442444.013,hud,calib_s,,,,,"G£ô Buffer 6s",
1790442444.013,marker,dr,52.47019016,-1.48029608,351.40,false,,
1790442444.014,marker,reconciled,0.00000000,0.00000000,0.00,false,,
1790442444.099,hud,speed,,,,,"0.0 / 0.0",0.000
1790442444.099,hud,heading,,,,,"0-¦ / 0-¦",0.000
1790442444.100,hud,drift,,,,,"0.00%",0.000
1790442444.100,hud,turns,,,,,"G£ù turns: 0/15",
1790442444.100,hud,calib_s,,,,,"G£ô Buffer 6s",
1790442444.100,marker,dr,52.47019016,-1.48029608,351.40,false,,
1790442444.101,marker,reconciled,0.00000000,0.00000000,0.00,false,,
1790442444.194,hud,speed,,,,,"0.0 / 0.0",0.000
1790442444.195,hud,heading,,,,,"0-¦ / 0-¦",0.000
1790442444.195,hud,drift,,,,,"0.00%",0.000
1790442444.196,hud,turns,,,,,"G£ù turns: 0/15",
1790442444.196,hud,calib_s,,,,,"G£ô Buffer 6s",
1790442444.197,marker,dr,52.47019016,-1.48029608,351.40,false,,
1790442444.197,marker,reconciled,0.00000000,0.00000000,0.00,false,,
1790442444.316,hud,speed,,,,,"0.0 / 0.0",0.000
1790442444.316,hud,heading,,,,,"0-¦ / 0-¦",0.000
1790442444.317,hud,drift,,,,,"0.00%",0.000
1790442444.317,hud,turns,,,,,"G£ù turns: 0/15",
1790442444.317,hud,calib_s,,,,,"G£ô Buffer 6s",
1790442444.318,marker,dr,52.47019016,-1.48029608,351.40,false,,
1790442444.318,marker,reconciled,0.00000000,0.00000000,0.00,false,,
1790442444.404,hud,speed,,,,,"0.0 / 0.0",0.000
1790442444.405,hud,heading,,,,,"0-¦ / 0-¦",0.000
1790442444.405,hud,drift,,,,,"0.00%",0.000
1790442444.406,hud,turns,,,,,"G£ù turns: 0/15",
1790442444.406,hud,calib_s,,,,,"G£ô Buffer 6s",
1790442444.407,marker,dr,52.47019016,-1.48029608,351.40,false,,
1790442444.407,marker,reconciled,0.00000000,0.00000000,0.00,false,,
1790442444.502,hud,speed,,,,,"0.0 / 0.0",0.000
1790442444.503,hud,heading,,,,,"0-¦ / 0-¦",0.000
1790442444.503,hud,drift,,,,,"0.00%",0.000
1790442444.504,hud,turns,,,,,"G£ù turns: 0/15",
1790442444.504,hud,calib_s,,,,,"G£ô Buffer 6s",
1790442444.504,marker,dr,52.47019016,-1.48029608,351.40,false,,
1790442444.505,marker,reconciled,0.00000000,0.00000000,0.00,false,,
1790442444.603,hud,speed,,,,,"0.0 / 0.0",0.000
1790442444.604,hud,heading,,,,,"0-¦ / 0-¦",0.000
1790442444.604,hud,drift,,,,,"0.00%",0.000
1790442444.605,hud,turns,,,,,"G£ù turns: 0/15",
1790442444.605,hud,calib_s,,,,,"G£ô Buffer 6s",
1790442444.605,marker,dr,52.47019016,-1.48029608,351.40,false,,
1790442444.605,marker,reconciled,0.00000000,0.00000000,0.00,false,,
1790442444.721,hud,speed,,,,,"0.0 / 0.0",0.000
1790442444.721,hud,heading,,,,,"0-¦ / 0-¦",0.000
1790442444.722,hud,drift,,,,,"0.00%",0.000
1790442444.723,hud,turns,,,,,"G£ù turns: 0/15",
1790442444.723,hud,calib_s,,,,,"G£ô Buffer 6s",
1790442444.723,marker,dr,52.47019016,-1.48029608,351.40,false,,
1790442444.723,marker,reconciled,0.00000000,0.00000000,0.00,false,,
1790442444.809,hud,speed,,,,,"0.0 / 0.0",0.000
1790442444.810,hud,heading,,,,,"0-¦ / 0-¦",0.000
1790442444.811,hud,drift,,,,,"0.00%",0.000
1790442444.811,hud,turns,,,,,"G£ù turns: 0/15",
1790442444.811,hud,calib_s,,,,,"G£ô Buffer 6s",
1790442444.811,marker,dr,52.47019016,-1.48029608,351.40,false,,
1790442444.812,marker,reconciled,0.00000000,0.00000000,0.00,false,,
1790442444.904,hud,speed,,,,,"0.0 / 0.0",0.000
1790442444.904,hud,heading,,,,,"0-¦ / 0-¦",0.000
1790442444.905,hud,drift,,,,,"0.00%",0.000
1790442444.905,hud,turns,,,,,"G£ù turns: 0/15",
1790442444.905,hud,calib_s,,,,,"G£ô Buffer 6s",
1790442444.905,marker,dr,52.47019016,-1.48029608,351.40,false,,
1790442444.905,marker,reconciled,0.00000000,0.00000000,0.00,false,,
1790442445.008,hud,speed,,,,,"0.0 / 0.0",0.000
1790442445.008,hud,heading,,,,,"0-¦ / 0-¦",0.000
1790442445.009,hud,drift,,,,,"0.00%",0.000
1790442445.009,hud,turns,,,,,"G£ù turns: 0/15",
1790442445.010,hud,calib_s,,,,,"G£ô Buffer 6s",
1790442445.010,marker,dr,52.47019016,-1.48029608,351.40,false,,
1790442445.010,marker,reconciled,0.00000000,0.00000000,0.00,false,,
1790442445.129,hud,speed,,,,,"0.0 / 0.0",0.000
1790442445.129,hud,heading,,,,,"0-¦ / 0-¦",0.000
1790442445.130,hud,drift,,,,,"0.00%",0.000
1790442445.130,hud,turns,,,,,"G£ù turns: 0/15",
1790442445.131,hud,calib_s,,,,,"G£ô Buffer 6s",
1790442445.131,marker,dr,52.47019016,-1.48029608,351.40,false,,
1790442445.131,marker,reconciled,0.00000000,0.00000000,0.00,false,,
1790442445.213,hud,speed,,,,,"0.0 / 0.0",0.000
1790442445.213,hud,heading,,,,,"0-¦ / 0-¦",0.000
1790442445.214,hud,drift,,,,,"0.00%",0.000
1790442445.215,hud,turns,,,,,"G£ù turns: 0/15",
1790442445.215,hud,calib_s,,,,,"G£ô Buffer 6s",
1790442445.215,marker,dr,52.47019016,-1.48029608,351.40,false,,
1790442445.216,marker,reconciled,0.00000000,0.00000000,0.00,false,,
1790442445.312,hud,speed,,,,,"0.0 / 0.0",0.000
1790442445.313,hud,heading,,,,,"0-¦ / 0-¦",0.000
1790442445.313,hud,drift,,,,,"0.00%",0.000
1790442445.313,hud,turns,,,,,"G£ù turns: 0/15",
1790442445.314,hud,calib_s,,,,,"G£ô Buffer 6s",
1790442445.314,marker,dr,52.47019016,-1.48029608,351.40,false,,
1790442445.315,marker,reconciled,0.00000000,0.00000000,0.00,false,,
1790442445.417,hud,speed,,,,,"0.0 / 0.0",0.000
1790442445.418,hud,heading,,,,,"0-¦ / 0-¦",0.000
1790442445.419,hud,drift,,,,,"0.00%",0.000
1790442445.419,hud,turns,,,,,"G£ù turns: 0/15",
1790442445.419,hud,calib_s,,,,,"G£ô Buffer 6s",
1790442445.419,marker,dr,52.47019016,-1.48029608,351.40,false,,
1790442445.420,marker,reconciled,0.00000000,0.00000000,0.00,false,,
1790442445.534,hud,speed,,,,,"0.0 / 0.0",0.000
1790442445.535,hud,heading,,,,,"0-¦ / 0-¦",0.000
1790442445.535,hud,drift,,,,,"0.00%",0.000
1790442445.536,hud,turns,,,,,"G£ù turns: 0/15",
1790442445.536,hud,calib_s,,,,,"G£ô Buffer 6s",
1790442445.536,marker,dr,52.47019016,-1.48029608,351.40,false,,
1790442445.537,marker,reconciled,0.00000000,0.00000000,0.00,false,,
1790442445.617,hud,speed,,,,,"0.0 / 0.0",0.000
1790442445.618,hud,heading,,,,,"0-¦ / 0-¦",0.000
1790442445.618,hud,drift,,,,,"0.00%",0.000
1790442445.619,hud,turns,,,,,"G£ù turns: 0/15",
1790442445.619,hud,calib_s,,,,,"G£ô Buffer 6s",
1790442445.620,marker,dr,52.47019016,-1.48029608,351.40,false,,
1790442445.620,marker,reconciled,0.00000000,0.00000000,0.00,false,,
1790442445.716,hud,speed,,,,,"0.0 / 0.0",0.000
1790442445.716,hud,heading,,,,,"0-¦ / 0-¦",0.000
1790442445.717,hud,drift,,,,,"0.00%",0.000
1790442445.717,hud,turns,,,,,"G£ù turns: 0/15",
1790442445.717,hud,calib_s,,,,,"G£ô Buffer 6s",
1790442445.717,marker,dr,52.47019016,-1.48029608,351.40,false,,
1790442445.718,marker,reconciled,0.00000000,0.00000000,0.00,false,,
1790442445.816,hud,speed,,,,,"0.0 / 0.0",0.000
1790442445.816,hud,heading,,,,,"0-¦ / 0-¦",0.000
1790442445.816,hud,drift,,,,,"0.00%",0.000
1790442445.816,hud,turns,,,,,"G£ù turns: 0/15",
1790442445.817,hud,calib_s,,,,,"G£ô Buffer 6s",
1790442445.817,marker,dr,52.47019016,-1.48029608,351.40,false,,
1790442445.817,marker,reconciled,0.00000000,0.00000000,0.00,false,,
1790442445.939,hud,speed,,,,,"0.0 / 0.0",0.000
1790442445.939,hud,heading,,,,,"0-¦ / 0-¦",0.000
1790442445.940,hud,drift,,,,,"0.00%",0.000
1790442445.940,hud,turns,,,,,"G£ù turns: 0/15",
1790442445.940,hud,calib_s,,,,,"G£ô Buffer 6s",
1790442445.941,marker,dr,52.47019016,-1.48029608,351.40,false,,
1790442445.941,marker,reconciled,0.00000000,0.00000000,0.00,false,,
1790442446.027,hud,speed,,,,,"0.0 / 0.0",0.000
1790442446.028,hud,heading,,,,,"0-¦ / 0-¦",0.000
1790442446.028,hud,drift,,,,,"0.00%",0.000
1790442446.028,hud,turns,,,,,"G£ù turns: 0/15",
1790442446.029,hud,calib_s,,,,,"G£ô Buffer 6s",
1790442446.029,marker,dr,52.47019016,-1.48029608,351.40,false,,
1790442446.029,marker,reconciled,0.00000000,0.00000000,0.00,false,,
1790442446.124,hud,speed,,,,,"0.0 / 0.0",0.000
1790442446.125,hud,heading,,,,,"0-¦ / 0-¦",0.000
1790442446.125,hud,drift,,,,,"0.00%",0.000
1790442446.126,hud,turns,,,,,"G£ù turns: 0/15",
1790442446.126,hud,calib_s,,,,,"G£ô Buffer 6s",
1790442446.126,marker,dr,52.47019016,-1.48029608,351.40,false,,
1790442446.127,marker,reconciled,0.00000000,0.00000000,0.00,false,,
1790442446.241,hud,speed,,,,,"0.0 / 0.0",0.000
1790442446.242,hud,heading,,,,,"0-¦ / 0-¦",0.000
1790442446.242,hud,drift,,,,,"0.00%",0.000
1790442446.243,hud,turns,,,,,"G£ù turns: 0/15",
1790442446.243,hud,calib_s,,,,,"G£ô Buffer 6s",
1790442446.244,marker,dr,52.47019016,-1.48029608,351.40,false,,
1790442446.244,marker,reconciled,0.00000000,0.00000000,0.00,false,,
1790442446.323,hud,speed,,,,,"0.0 / 0.0",0.000
1790442446.324,hud,heading,,,,,"0-¦ / 0-¦",0.000
1790442446.324,hud,drift,,,,,"0.00%",0.000
1790442446.324,hud,turns,,,,,"G£ù turns: 0/15",
1790442446.324,hud,calib_s,,,,,"G£ô Buffer 6s",
1790442446.325,marker,dr,52.47019016,-1.48029608,351.40,false,,
1790442446.325,marker,reconciled,0.00000000,0.00000000,0.00,false,,
1790442446.428,hud,speed,,,,,"0.0 / 0.0",0.000
1790442446.428,hud,heading,,,,,"0-¦ / 0-¦",0.000
1790442446.428,hud,drift,,,,,"0.00%",0.000
1790442446.429,hud,turns,,,,,"G£ù turns: 0/15",
1790442446.429,hud,calib_s,,,,,"G£ô Buffer 6s",
1790442446.429,marker,dr,52.47019016,-1.48029608,351.40,false,,
1790442446.430,marker,reconciled,0.00000000,0.00000000,0.00,false,,
1790442446.528,hud,speed,,,,,"0.0 / 0.0",0.000
1790442446.529,hud,heading,,,,,"0-¦ / 0-¦",0.000
1790442446.529,hud,drift,,,,,"0.00%",0.000
1790442446.530,hud,turns,,,,,"G£ù turns: 0/15",
1790442446.531,hud,calib_s,,,,,"G£ô Buffer 6s",
1790442446.531,marker,dr,52.47019016,-1.48029608,351.40,false,,
1790442446.531,marker,reconciled,0.00000000,0.00000000,0.00,false,,
1790442446.648,hud,speed,,,,,"0.0 / 0.0",0.000
1790442446.648,hud,heading,,,,,"0-¦ / 0-¦",0.000
1790442446.649,hud,drift,,,,,"0.00%",0.000
1790442446.649,hud,turns,,,,,"G£ù turns: 0/15",
1790442446.649,hud,calib_s,,,,,"G£ô Buffer 6s",
1790442446.650,marker,dr,52.47019016,-1.48029608,351.40,false,,
1790442446.651,marker,reconciled,0.00000000,0.00000000,0.00,false,,
1790442446.728,hud,speed,,,,,"0.0 / 0.0",0.000
1790442446.728,hud,heading,,,,,"0-¦ / 0-¦",0.000
1790442446.728,hud,drift,,,,,"0.00%",0.000
1790442446.728,hud,turns,,,,,"G£ù turns: 0/15",
1790442446.729,hud,calib_s,,,,,"G£ô Buffer 6s",
1790442446.729,marker,dr,52.47019016,-1.48029608,351.40,false,,
1790442446.729,marker,reconciled,0.00000000,0.00000000,0.00,false,,
1790442446.835,hud,speed,,,,,"0.0 / 0.0",0.000
1790442446.836,hud,heading,,,,,"0-¦ / 0-¦",0.000
1790442446.836,hud,drift,,,,,"0.00%",0.000
1790442446.836,hud,turns,,,,,"G£ù turns: 0/15",
1790442446.836,hud,calib_s,,,,,"G£ô Buffer 6s",
1790442446.836,marker,dr,52.47019016,-1.48029608,351.40,false,,
1790442446.836,marker,reconciled,0.00000000,0.00000000,0.00,false,,
1790442446.933,hud,speed,,,,,"0.0 / 0.0",0.000
1790442446.934,hud,heading,,,,,"0-¦ / 0-¦",0.000
1790442446.934,hud,drift,,,,,"0.00%",0.000
1790442446.934,hud,turns,,,,,"G£ù turns: 0/15",
1790442446.935,hud,calib_s,,,,,"G£ô Buffer 6s",
1790442446.935,marker,dr,52.47019016,-1.48029608,351.40,false,,
1790442446.936,marker,reconciled,0.00000000,0.00000000,0.00,false,,
1790442447.053,hud,speed,,,,,"0.0 / 0.0",0.000
1790442447.053,hud,heading,,,,,"0-¦ / 0-¦",0.000
1790442447.054,hud,drift,,,,,"0.00%",0.000
1790442447.054,hud,turns,,,,,"G£ù turns: 0/15",
1790442447.054,hud,calib_s,,,,,"G£ô Buffer 6s",
1790442447.055,marker,dr,52.47019016,-1.48029608,351.40,false,,
1790442447.055,marker,reconciled,0.00000000,0.00000000,0.00,false,,
1790442447.140,hud,speed,,,,,"0.0 / 0.0",0.000
1790442447.141,hud,heading,,,,,"0-¦ / 0-¦",0.000
1790442447.141,hud,drift,,,,,"0.00%",0.000
1790442447.141,hud,turns,,,,,"G£ù turns: 0/15",
1790442447.142,hud,calib_s,,,,,"G£ô Buffer 6s",
1790442447.143,marker,dr,52.47019016,-1.48029608,351.40,false,,
1790442447.143,marker,reconciled,0.00000000,0.00000000,0.00,false,,
1790442447.244,hud,speed,,,,,"0.0 / 0.0",0.000
1790442447.245,hud,heading,,,,,"0-¦ / 0-¦",0.000
1790442447.245,hud,drift,,,,,"0.00%",0.000
1790442447.246,hud,turns,,,,,"G£ù turns: 0/15",
1790442447.246,hud,calib_s,,,,,"G£ô Buffer 6s",
1790442447.246,marker,dr,52.47019016,-1.48029608,351.40,false,,
1790442447.247,marker,reconciled,0.00000000,0.00000000,0.00,false,,
1790442447.340,hud,speed,,,,,"0.0 / 0.0",0.000
1790442447.341,hud,heading,,,,,"0-¦ / 0-¦",0.000
1790442447.341,hud,drift,,,,,"0.00%",0.000
1790442447.341,hud,turns,,,,,"G£ù turns: 0/15",
1790442447.342,hud,calib_s,,,,,"G£ô Buffer 6s",
1790442447.342,marker,dr,52.47019016,-1.48029608,351.40,false,,
1790442447.342,marker,reconciled,0.00000000,0.00000000,0.00,false,,
1790442447.461,hud,speed,,,,,"0.0 / 0.0",0.000
1790442447.461,hud,heading,,,,,"0-¦ / 0-¦",0.000
1790442447.461,hud,drift,,,,,"0.00%",0.000
1790442447.462,hud,turns,,,,,"G£ù turns: 0/15",
1790442447.462,hud,calib_s,,,,,"G£ô Buffer 6s",
1790442447.463,marker,dr,52.47019016,-1.48029608,351.40,false,,
1790442447.463,marker,reconciled,0.00000000,0.00000000,0.00,false,,
1790442447.543,hud,speed,,,,,"0.0 / 0.0",0.000
1790442447.544,hud,heading,,,,,"0-¦ / 0-¦",0.000
1790442447.544,hud,drift,,,,,"0.00%",0.000
1790442447.545,hud,turns,,,,,"G£ù turns: 0/15",
1790442447.545,hud,calib_s,,,,,"G£ô Buffer 6s",
1790442447.545,marker,dr,52.47019016,-1.48029608,351.40,false,,
1790442447.546,marker,reconciled,0.00000000,0.00000000,0.00,false,,
1790442447.648,hud,speed,,,,,"0.0 / 0.0",0.000
1790442447.649,hud,heading,,,,,"0-¦ / 0-¦",0.000
1790442447.649,hud,drift,,,,,"0.00%",0.000
1790442447.650,hud,turns,,,,,"G£ù turns: 0/15",
1790442447.650,hud,calib_s,,,,,"G£ô Buffer 6s",
1790442447.651,marker,dr,52.47019016,-1.48029608,351.40,false,,
1790442447.651,marker,reconciled,0.00000000,0.00000000,0.00,false,,
1790442447.744,hud,speed,,,,,"0.0 / 0.0",0.000
1790442447.744,hud,heading,,,,,"0-¦ / 0-¦",0.000
1790442447.744,hud,drift,,,,,"0.00%",0.000
1790442447.745,hud,turns,,,,,"G£ù turns: 0/15",
1790442447.745,hud,calib_s,,,,,"G£ô Buffer 6s",
1790442447.745,marker,dr,52.47019016,-1.48029608,351.40,false,,
1790442447.746,marker,reconciled,0.00000000,0.00000000,0.00,false,,
1790442447.865,hud,speed,,,,,"0.0 / 0.0",0.000
1790442447.865,hud,heading,,,,,"0-¦ / 0-¦",0.000
1790442447.866,hud,drift,,,,,"0.00%",0.000
1790442447.867,hud,turns,,,,,"G£ù turns: 0/15",
1790442447.867,hud,calib_s,,,,,"G£ô Buffer 6s",
1790442447.867,marker,dr,52.47019016,-1.48029608,351.40,false,,
1790442447.868,marker,reconciled,0.00000000,0.00000000,0.00,false,,
1790442447.951,hud,speed,,,,,"0.0 / 0.0",0.000
1790442447.951,hud,heading,,,,,"0-¦ / 0-¦",0.000
1790442447.952,hud,drift,,,,,"0.00%",0.000
1790442447.952,hud,turns,,,,,"G£ù turns: 0/15",
1790442447.952,hud,calib_s,,,,,"G£ô Buffer 6s",
1790442447.953,marker,dr,52.47019016,-1.48029608,351.40,false,,
1790442447.953,marker,reconciled,0.00000000,0.00000000,0.00,false,,
1790442448.051,hud,speed,,,,,"0.0 / 0.0",0.000
1790442448.051,hud,heading,,,,,"0-¦ / 0-¦",0.000
1790442448.051,hud,drift,,,,,"0.00%",0.000
1790442448.052,hud,turns,,,,,"G£ù turns: 0/15",
1790442448.052,hud,calib_s,,,,,"G£ô Buffer 6s",
1790442448.052,marker,dr,52.47019016,-1.48029608,351.40,false,,
1790442448.052,marker,reconciled,0.00000000,0.00000000,0.00,false,,
1790442448.157,hud,speed,,,,,"0.0 / 0.0",0.000
1790442448.158,hud,heading,,,,,"0-¦ / 0-¦",0.000
1790442448.158,hud,drift,,,,,"0.00%",0.000
1790442448.159,hud,turns,,,,,"G£ù turns: 0/15",
1790442448.159,hud,calib_s,,,,,"G£ô Buffer 6s",
1790442448.159,marker,dr,52.47019016,-1.48029608,351.40,false,,
1790442448.159,marker,reconciled,0.00000000,0.00000000,0.00,false,,
1790442448.246,hud,speed,,,,,"0.0 / 0.0",0.000
1790442448.246,hud,heading,,,,,"0-¦ / 0-¦",0.000
1790442448.246,hud,drift,,,,,"0.00%",0.000
1790442448.247,hud,turns,,,,,"G£ù turns: 0/15",
1790442448.247,hud,calib_s,,,,,"G£ô Buffer 6s",
1790442448.247,marker,dr,52.47019016,-1.48029608,351.40,false,,
1790442448.247,marker,reconciled,0.00000000,0.00000000,0.00,false,,
1790442448.347,hud,speed,,,,,"0.0 / 0.0",0.000
1790442448.347,hud,heading,,,,,"0-¦ / 0-¦",0.000
1790442448.347,hud,drift,,,,,"0.00%",0.000
1790442448.348,hud,turns,,,,,"G£ù turns: 0/15",
1790442448.348,hud,calib_s,,,,,"G£ô Buffer 6s",
1790442448.348,marker,dr,52.47019016,-1.48029608,351.40,false,,
1790442448.349,marker,reconciled,0.00000000,0.00000000,0.00,false,,
1790442448.449,hud,speed,,,,,"0.0 / 0.0",0.000
1790442448.450,hud,heading,,,,,"0-¦ / 0-¦",0.000
1790442448.450,hud,drift,,,,,"0.00%",0.000
1790442448.450,hud,turns,,,,,"G£ù turns: 0/15",
1790442448.451,hud,calib_s,,,,,"G£ô Buffer 6s",
1790442448.451,marker,dr,52.47019016,-1.48029608,351.40,false,,
1790442448.451,marker,reconciled,0.00000000,0.00000000,0.00,false,,
1790442448.561,hud,speed,,,,,"0.0 / 0.0",0.000
1790442448.562,hud,heading,,,,,"0-¦ / 0-¦",0.000
1790442448.562,hud,drift,,,,,"0.00%",0.000
1790442448.562,hud,turns,,,,,"G£ù turns: 0/15",
1790442448.563,hud,calib_s,,,,,"G£ô Buffer 6s",
1790442448.563,marker,dr,52.47019016,-1.48029608,351.40,false,,
1790442448.563,marker,reconciled,0.00000000,0.00000000,0.00,false,,
1790442448.650,hud,speed,,,,,"0.0 / 0.0",0.000
1790442448.650,hud,heading,,,,,"0-¦ / 0-¦",0.000
1790442448.651,hud,drift,,,,,"0.00%",0.000
1790442448.651,hud,turns,,,,,"G£ù turns: 0/15",
1790442448.651,hud,calib_s,,,,,"G£ô Buffer 6s",
1790442448.651,marker,dr,52.47019016,-1.48029608,351.40,false,,
1790442448.652,marker,reconciled,0.00000000,0.00000000,0.00,false,,
1790442448.750,hud,speed,,,,,"0.0 / 0.0",0.000
1790442448.751,hud,heading,,,,,"0-¦ / 0-¦",0.000
1790442448.751,hud,drift,,,,,"0.00%",0.000
1790442448.751,hud,turns,,,,,"G£ù turns: 0/15",
1790442448.751,hud,calib_s,,,,,"G£ô Buffer 6s",
1790442448.752,marker,dr,52.47019016,-1.48029608,351.40,false,,
1790442448.752,marker,reconciled,0.00000000,0.00000000,0.00,false,,
1790442448.853,hud,speed,,,,,"0.0 / 0.0",0.000
1790442448.853,hud,heading,,,,,"0-¦ / 0-¦",0.000
1790442448.853,hud,drift,,,,,"0.00%",0.000
1790442448.854,hud,turns,,,,,"G£ù turns: 0/15",
1790442448.854,hud,calib_s,,,,,"G£ô Buffer 6s",
1790442448.854,marker,dr,52.47019016,-1.48029608,351.40,false,,
1790442448.855,marker,reconciled,0.00000000,0.00000000,0.00,false,,
1790442448.964,hud,speed,,,,,"0.0 / 0.0",0.000
1790442448.964,hud,heading,,,,,"0-¦ / 0-¦",0.000
1790442448.965,hud,drift,,,,,"0.00%",0.000
1790442448.965,hud,turns,,,,,"G£ù turns: 0/15",
1790442448.965,hud,calib_s,,,,,"G£ô Buffer 6s",
1790442448.965,marker,dr,52.47019016,-1.48029608,351.40,false,,
1790442448.966,marker,reconciled,0.00000000,0.00000000,0.00,false,,
1790442449.053,hud,speed,,,,,"0.0 / 0.0",0.000
1790442449.054,hud,heading,,,,,"0-¦ / 0-¦",0.000
1790442449.054,hud,drift,,,,,"0.00%",0.000
1790442449.054,hud,turns,,,,,"G£ù turns: 0/15",
1790442449.055,hud,calib_s,,,,,"G£ô Buffer 6s",
1790442449.055,marker,dr,52.47019016,-1.48029608,351.40,false,,
1790442449.055,marker,reconciled,0.00000000,0.00000000,0.00,false,,
1790442449.156,hud,speed,,,,,"0.0 / 0.0",0.000
1790442449.156,hud,heading,,,,,"0-¦ / 0-¦",0.000
1790442449.156,hud,drift,,,,,"0.00%",0.000
1790442449.157,hud,turns,,,,,"G£ù turns: 0/15",
1790442449.157,hud,calib_s,,,,,"G£ô Buffer 6s",
1790442449.157,marker,dr,52.47019016,-1.48029608,351.40,false,,
1790442449.157,marker,reconciled,0.00000000,0.00000000,0.00,false,,
1790442449.260,hud,speed,,,,,"0.0 / 0.0",0.000
1790442449.260,hud,heading,,,,,"0-¦ / 0-¦",0.000
1790442449.260,hud,drift,,,,,"0.00%",0.000
1790442449.261,hud,turns,,,,,"G£ù turns: 0/15",
1790442449.261,hud,calib_s,,,,,"G£ô Buffer 6s",
1790442449.261,marker,dr,52.47019016,-1.48029608,351.40,false,,
1790442449.262,marker,reconciled,0.00000000,0.00000000,0.00,false,,
1790442449.369,hud,speed,,,,,"0.0 / 0.0",0.000
1790442449.369,hud,heading,,,,,"0-¦ / 0-¦",0.000
1790442449.370,hud,drift,,,,,"0.00%",0.000
1790442449.370,hud,turns,,,,,"G£ù turns: 0/15",
1790442449.370,hud,calib_s,,,,,"G£ô Buffer 6s",
1790442449.371,marker,dr,52.47019016,-1.48029608,351.40,false,,
1790442449.371,marker,reconciled,0.00000000,0.00000000,0.00,false,,
1790442449.458,hud,speed,,,,,"0.0 / 0.0",0.000
1790442449.458,hud,heading,,,,,"0-¦ / 0-¦",0.000
1790442449.458,hud,drift,,,,,"0.00%",0.000
1790442449.459,hud,turns,,,,,"G£ù turns: 0/15",
1790442449.459,hud,calib_s,,,,,"G£ô Buffer 6s",
1790442449.459,marker,dr,52.47019016,-1.48029608,351.40,false,,
1790442449.459,marker,reconciled,0.00000000,0.00000000,0.00,false,,
1790442449.559,hud,speed,,,,,"0.0 / 0.0",0.000
1790442449.560,hud,heading,,,,,"0-¦ / 0-¦",0.000
1790442449.560,hud,drift,,,,,"0.00%",0.000
1790442449.560,hud,turns,,,,,"G£ù turns: 0/15",
1790442449.560,hud,calib_s,,,,,"G£ô Buffer 6s",
1790442449.561,marker,dr,52.47019016,-1.48029608,351.40,false,,
1790442449.561,marker,reconciled,0.00000000,0.00000000,0.00,false,,
1790442449.663,hud,speed,,,,,"0.0 / 0.0",0.000
1790442449.663,hud,heading,,,,,"0-¦ / 0-¦",0.000
1790442449.663,hud,drift,,,,,"0.00%",0.000
1790442449.664,hud,turns,,,,,"G£ù turns: 0/15",
1790442449.664,hud,calib_s,,,,,"G£ô Buffer 6s",
1790442449.664,marker,dr,52.47019016,-1.48029608,351.40,false,,
1790442449.664,marker,reconciled,0.00000000,0.00000000,0.00,false,,
1790442449.773,hud,speed,,,,,"0.0 / 0.0",0.000
1790442449.774,hud,heading,,,,,"0-¦ / 0-¦",0.000
1790442449.774,hud,drift,,,,,"0.00%",0.000
1790442449.774,hud,turns,,,,,"G£ù turns: 0/15",
1790442449.774,hud,calib_s,,,,,"G£ô Buffer 6s",
1790442449.775,marker,dr,52.47019016,-1.48029608,351.40,false,,
1790442449.775,marker,reconciled,0.00000000,0.00000000,0.00,false,,
1790442449.861,hud,speed,,,,,"0.0 / 0.0",0.000
1790442449.862,hud,heading,,,,,"0-¦ / 0-¦",0.000
1790442449.862,hud,drift,,,,,"0.00%",0.000
1790442449.863,hud,turns,,,,,"G£ù turns: 0/15",
1790442449.863,hud,calib_s,,,,,"G£ô Buffer 6s",
1790442449.863,marker,dr,52.47019016,-1.48029608,351.40,false,,
1790442449.863,marker,reconciled,0.00000000,0.00000000,0.00,false,,
1790442449.963,hud,speed,,,,,"0.0 / 0.0",0.000
1790442449.963,hud,heading,,,,,"0-¦ / 0-¦",0.000
1790442449.964,hud,drift,,,,,"0.00%",0.000
1790442449.964,hud,turns,,,,,"G£ù turns: 0/15",
1790442449.964,hud,calib_s,,,,,"G£ô Buffer 6s",
1790442449.965,marker,dr,52.47019016,-1.48029608,351.40,false,,
1790442449.965,marker,reconciled,0.00000000,0.00000000,0.00,false,,
1790442450.065,hud,speed,,,,,"0.0 / 0.0",0.000
1790442450.065,hud,heading,,,,,"0-¦ / 0-¦",0.000
1790442450.065,hud,drift,,,,,"0.00%",0.000
1790442450.066,hud,turns,,,,,"G£ù turns: 0/15",
1790442450.066,hud,calib_s,,,,,"G£ô Buffer 6s",
1790442450.066,marker,dr,52.47019016,-1.48029608,351.40,false,,
1790442450.066,marker,reconciled,0.00000000,0.00000000,0.00,false,,
1790442450.176,hud,speed,,,,,"0.0 / 0.0",0.000
1790442450.176,hud,heading,,,,,"0-¦ / 0-¦",0.000
1790442450.177,hud,drift,,,,,"0.00%",0.000
1790442450.177,hud,turns,,,,,"G£ù turns: 0/15",
1790442450.177,hud,calib_s,,,,,"G£ô Buffer 6s",
1790442450.177,marker,dr,52.47019016,-1.48029608,351.40,false,,
1790442450.178,marker,reconciled,0.00000000,0.00000000,0.00,false,,
1790442450.267,hud,speed,,,,,"0.0 / 0.0",0.000
1790442450.267,hud,heading,,,,,"0-¦ / 0-¦",0.000
1790442450.267,hud,drift,,,,,"0.00%",0.000
1790442450.268,hud,turns,,,,,"G£ù turns: 0/15",
1790442450.268,hud,calib_s,,,,,"G£ô Buffer 6s",
1790442450.269,marker,dr,52.47019016,-1.48029608,351.40,false,,
1790442450.269,marker,reconciled,0.00000000,0.00000000,0.00,false,,
1790442450.367,hud,speed,,,,,"0.0 / 0.0",0.000
1790442450.367,hud,heading,,,,,"0-¦ / 0-¦",0.000
1790442450.367,hud,drift,,,,,"0.00%",0.000
1790442450.367,hud,turns,,,,,"G£ù turns: 0/15",
1790442450.368,hud,calib_s,,,,,"G£ô Buffer 6s",
1790442450.368,marker,dr,52.47019016,-1.48029608,351.40,false,,
1790442450.368,marker,reconciled,0.00000000,0.00000000,0.00,false,,
1790442450.469,hud,speed,,,,,"0.0 / 0.0",0.000
1790442450.470,hud,heading,,,,,"0-¦ / 0-¦",0.000
1790442450.470,hud,drift,,,,,"0.00%",0.000
1790442450.470,hud,turns,,,,,"G£ù turns: 0/15",
1790442450.471,hud,calib_s,,,,,"G£ô Buffer 6s",
1790442450.471,marker,dr,52.47019016,-1.48029608,351.40,false,,
1790442450.471,marker,reconciled,0.00000000,0.00000000,0.00,false,,
1790442450.579,hud,speed,,,,,"0.0 / 0.0",0.000
1790442450.580,hud,heading,,,,,"0-¦ / 0-¦",0.000
1790442450.580,hud,drift,,,,,"0.00%",0.000
1790442450.580,hud,turns,,,,,"G£ù turns: 0/15",
1790442450.581,hud,calib_s,,,,,"G£ô Buffer 6s",
1790442450.581,marker,dr,52.47019016,-1.48029608,351.40,false,,
1790442450.581,marker,reconciled,0.00000000,0.00000000,0.00,false,,
1790442450.669,hud,speed,,,,,"0.0 / 0.0",0.000
1790442450.670,hud,heading,,,,,"0-¦ / 0-¦",0.000
1790442450.670,hud,drift,,,,,"0.00%",0.000
1790442450.670,hud,turns,,,,,"G£ù turns: 0/15",
1790442450.670,hud,calib_s,,,,,"G£ô Buffer 6s",
1790442450.670,marker,dr,52.47019016,-1.48029608,351.40,false,,
1790442450.671,marker,reconciled,0.00000000,0.00000000,0.00,false,,
1790442450.771,hud,speed,,,,,"0.0 / 0.0",0.000
1790442450.771,hud,heading,,,,,"0-¦ / 0-¦",0.000
1790442450.772,hud,drift,,,,,"0.00%",0.000
1790442450.772,hud,turns,,,,,"G£ù turns: 0/15",
1790442450.772,hud,calib_s,,,,,"G£ô Buffer 6s",
1790442450.773,marker,dr,52.47019016,-1.48029608,351.40,false,,
1790442450.773,marker,reconciled,0.00000000,0.00000000,0.00,false,,
1790442450.874,hud,speed,,,,,"0.0 / 0.0",0.000
1790442450.874,hud,heading,,,,,"0-¦ / 0-¦",0.000
1790442450.874,hud,drift,,,,,"0.00%",0.000
1790442450.874,hud,turns,,,,,"G£ù turns: 0/15",
1790442450.875,hud,calib_s,,,,,"G£ô Buffer 6s",
1790442450.875,marker,dr,52.47019016,-1.48029608,351.40,false,,
1790442450.875,marker,reconciled,0.00000000,0.00000000,0.00,false,,
1790442450.993,hud,speed,,,,,"0.0 / 0.0",0.000
1790442450.994,hud,heading,,,,,"0-¦ / 0-¦",0.000
1790442450.994,hud,drift,,,,,"0.00%",0.000
1790442450.995,hud,turns,,,,,"G£ù turns: 0/15",
1790442450.995,hud,calib_s,,,,,"G£ô Buffer 6s",
1790442450.995,marker,dr,52.47019016,-1.48029608,351.40,false,,
1790442450.995,marker,reconciled,0.00000000,0.00000000,0.00,false,,
1790442451.079,hud,speed,,,,,"0.0 / 0.0",0.000
1790442451.079,hud,heading,,,,,"0-¦ / 0-¦",0.000
1790442451.080,hud,drift,,,,,"0.00%",0.000
1790442451.080,hud,turns,,,,,"G£ù turns: 0/15",
1790442451.080,hud,calib_s,,,,,"G£ô Buffer 6s",
1790442451.080,marker,dr,52.47019016,-1.48029608,351.40,false,,
1790442451.081,marker,reconciled,0.00000000,0.00000000,0.00,false,,
1790442451.180,hud,speed,,,,,"0.0 / 0.0",0.000
1790442451.180,hud,heading,,,,,"0-¦ / 0-¦",0.000
1790442451.181,hud,drift,,,,,"0.00%",0.000
1790442451.182,hud,turns,,,,,"G£ù turns: 0/15",
1790442451.183,hud,calib_s,,,,,"G£ô Buffer 6s",
1790442451.183,marker,dr,52.47019016,-1.48029608,351.40,false,,
1790442451.184,marker,reconciled,0.00000000,0.00000000,0.00,false,,
1790442451.305,hud,speed,,,,,"0.0 / 0.0",0.000
1790442451.306,hud,heading,,,,,"0-¦ / 0-¦",0.000
1790442451.307,hud,drift,,,,,"0.00%",0.000
1790442451.307,hud,turns,,,,,"G£ù turns: 0/15",
1790442451.307,hud,calib_s,,,,,"G£ô Buffer 6s",
1790442451.308,marker,dr,52.47019016,-1.48029608,351.40,false,,
1790442451.308,marker,reconciled,0.00000000,0.00000000,0.00,false,,
1790442451.385,hud,speed,,,,,"0.0 / 0.0",0.000
1790442451.386,hud,heading,,,,,"0-¦ / 0-¦",0.000
1790442451.386,hud,drift,,,,,"0.00%",0.000
1790442451.386,hud,turns,,,,,"G£ù turns: 0/15",
1790442451.387,hud,calib_s,,,,,"G£ô Buffer 6s",
1790442451.387,marker,dr,52.47019016,-1.48029608,351.40,false,,
1790442451.387,marker,reconciled,0.00000000,0.00000000,0.00,false,,
1790442451.486,hud,speed,,,,,"0.0 / 0.0",0.000
1790442451.487,hud,heading,,,,,"0-¦ / 0-¦",0.000
1790442451.487,hud,drift,,,,,"0.00%",0.000
1790442451.488,hud,turns,,,,,"G£ù turns: 0/15",
1790442451.488,hud,calib_s,,,,,"G£ô Buffer 6s",
1790442451.488,marker,dr,52.47019016,-1.48029608,351.40,false,,
1790442451.488,marker,reconciled,0.00000000,0.00000000,0.00,false,,
1790442451.590,hud,speed,,,,,"0.0 / 0.0",0.000
1790442451.591,hud,heading,,,,,"0-¦ / 0-¦",0.000
1790442451.591,hud,drift,,,,,"0.00%",0.000
1790442451.592,hud,turns,,,,,"G£ù turns: 0/15",
1790442451.592,hud,calib_s,,,,,"G£ô Buffer 6s",
1790442451.592,marker,dr,52.47019016,-1.48029608,351.40,false,,
1790442451.593,marker,reconciled,0.00000000,0.00000000,0.00,false,,
1790442451.708,hud,speed,,,,,"0.0 / 0.0",0.000
1790442451.708,hud,heading,,,,,"0-¦ / 0-¦",0.000
1790442451.709,hud,drift,,,,,"0.00%",0.000
1790442451.709,hud,turns,,,,,"G£ù turns: 0/15",
1790442451.709,hud,calib_s,,,,,"G£ô Buffer 6s",
1790442451.710,marker,dr,52.47019016,-1.48029608,351.40,false,,
1790442451.710,marker,reconciled,0.00000000,0.00000000,0.00,false,,
1790442451.791,hud,speed,,,,,"0.0 / 0.0",0.000
1790442451.792,hud,heading,,,,,"0-¦ / 0-¦",0.000
1790442451.792,hud,drift,,,,,"0.00%",0.000
1790442451.793,hud,turns,,,,,"G£ù turns: 0/15",
1790442451.793,hud,calib_s,,,,,"G£ô Buffer 6s",
1790442451.793,marker,dr,52.47019016,-1.48029608,351.40,false,,
1790442451.794,marker,reconciled,0.00000000,0.00000000,0.00,false,,
1790442451.891,hud,speed,,,,,"0.0 / 0.0",0.000
1790442451.892,hud,heading,,,,,"0-¦ / 0-¦",0.000
1790442451.892,hud,drift,,,,,"0.00%",0.000
1790442451.893,hud,turns,,,,,"G£ù turns: 0/15",
1790442451.893,hud,calib_s,,,,,"G£ô Buffer 6s",
1790442451.893,marker,dr,52.47019016,-1.48029608,351.40,false,,
1790442451.894,marker,reconciled,0.00000000,0.00000000,0.00,false,,
1790442451.991,hud,speed,,,,,"0.0 / 0.0",0.000
1790442451.992,hud,heading,,,,,"0-¦ / 0-¦",0.000
1790442451.992,hud,drift,,,,,"0.00%",0.000
1790442451.993,hud,turns,,,,,"G£ù turns: 0/15",
1790442451.993,hud,calib_s,,,,,"G£ô Buffer 6s",
1790442451.993,marker,dr,52.47019016,-1.48029608,351.40,false,,
1790442451.994,marker,reconciled,0.00000000,0.00000000,0.00,false,,
1790442452.113,hud,speed,,,,,"0.0 / 0.0",0.000
1790442452.114,hud,heading,,,,,"0-¦ / 0-¦",0.000
1790442452.115,hud,drift,,,,,"0.00%",0.000
1790442452.115,hud,turns,,,,,"G£ù turns: 0/15",
1790442452.116,hud,calib_s,,,,,"G£ô Buffer 6s",
1790442452.116,marker,dr,52.47019016,-1.48029608,351.40,false,,
1790442452.116,marker,reconciled,0.00000000,0.00000000,0.00,false,,
1790442452.195,hud,speed,,,,,"0.0 / 0.0",0.000
1790442452.195,hud,heading,,,,,"0-¦ / 0-¦",0.000
1790442452.196,hud,drift,,,,,"0.00%",0.000
1790442452.197,hud,turns,,,,,"G£ù turns: 0/15",
1790442452.197,hud,calib_s,,,,,"G£ô Buffer 6s",
1790442452.197,marker,dr,52.47019016,-1.48029608,351.40,false,,
1790442452.198,marker,reconciled,0.00000000,0.00000000,0.00,false,,
1790442452.296,hud,speed,,,,,"0.0 / 0.0",0.000
1790442452.296,hud,heading,,,,,"0-¦ / 0-¦",0.000
1790442452.296,hud,drift,,,,,"0.00%",0.000
1790442452.297,hud,turns,,,,,"G£ù turns: 0/15",
1790442452.297,hud,calib_s,,,,,"G£ô Buffer 6s",
1790442452.297,marker,dr,52.47019016,-1.48029608,351.40,false,,
1790442452.298,marker,reconciled,0.00000000,0.00000000,0.00,false,,
1790442452.396,hud,speed,,,,,"0.0 / 0.0",0.000
1790442452.396,hud,heading,,,,,"0-¦ / 0-¦",0.000
1790442452.397,hud,drift,,,,,"0.00%",0.000
1790442452.398,hud,turns,,,,,"G£ù turns: 0/15",
1790442452.399,hud,calib_s,,,,,"G£ô Buffer 6s",
1790442452.399,marker,dr,52.47019016,-1.48029608,351.40,false,,
1790442452.400,marker,reconciled,0.00000000,0.00000000,0.00,false,,
1790442452.519,hud,speed,,,,,"0.0 / 0.0",0.000
1790442452.520,hud,heading,,,,,"0-¦ / 0-¦",0.000
1790442452.520,hud,drift,,,,,"0.00%",0.000
1790442452.521,hud,turns,,,,,"G£ù turns: 0/15",
1790442452.521,hud,calib_s,,,,,"G£ô Buffer 6s",
1790442452.521,marker,dr,52.47019016,-1.48029608,351.40,false,,
1790442452.521,marker,reconciled,0.00000000,0.00000000,0.00,false,,
1790442452.603,hud,speed,,,,,"0.0 / 0.0",0.000
1790442452.604,hud,heading,,,,,"0-¦ / 0-¦",0.000
1790442452.604,hud,drift,,,,,"0.00%",0.000
1790442452.605,hud,turns,,,,,"G£ù turns: 0/15",
1790442452.605,hud,calib_s,,,,,"G£ô Buffer 6s",
1790442452.606,marker,dr,52.47019016,-1.48029608,351.40,false,,
1790442452.606,marker,reconciled,0.00000000,0.00000000,0.00,false,,
1790442452.701,hud,speed,,,,,"0.0 / 0.0",0.000
1790442452.702,hud,heading,,,,,"0-¦ / 0-¦",0.000
1790442452.702,hud,drift,,,,,"0.00%",0.000
1790442452.703,hud,turns,,,,,"G£ù turns: 0/15",
1790442452.703,hud,calib_s,,,,,"G£ô Buffer 6s",
1790442452.703,marker,dr,52.47019016,-1.48029608,351.40,false,,
1790442452.704,marker,reconciled,0.00000000,0.00000000,0.00,false,,
1790442452.805,hud,speed,,,,,"0.0 / 0.0",0.000
1790442452.806,hud,heading,,,,,"0-¦ / 0-¦",0.000
1790442452.807,hud,drift,,,,,"0.00%",0.000
1790442452.807,hud,turns,,,,,"G£ù turns: 0/15",
1790442452.807,hud,calib_s,,,,,"G£ô Buffer 6s",
1790442452.807,marker,dr,52.47019016,-1.48029608,351.40,false,,
1790442452.808,marker,reconciled,0.00000000,0.00000000,0.00,false,,
1790442452.925,hud,speed,,,,,"0.0 / 0.0",0.000
1790442452.926,hud,heading,,,,,"0-¦ / 0-¦",0.000
1790442452.926,hud,drift,,,,,"0.00%",0.000
1790442452.927,hud,turns,,,,,"G£ù turns: 0/15",
1790442452.927,hud,calib_s,,,,,"G£ô Buffer 6s",
1790442452.927,marker,dr,52.47019016,-1.48029608,351.40,false,,
1790442452.928,marker,reconciled,0.00000000,0.00000000,0.00,false,,
1790442453.009,hud,speed,,,,,"0.0 / 0.0",0.000
1790442453.009,hud,heading,,,,,"0-¦ / 0-¦",0.000
1790442453.010,hud,drift,,,,,"0.00%",0.000
1790442453.010,hud,turns,,,,,"G£ù turns: 0/15",
1790442453.010,hud,calib_s,,,,,"G£ô Buffer 6s",
1790442453.011,marker,dr,52.47019016,-1.48029608,351.40,false,,
1790442453.011,marker,reconciled,0.00000000,0.00000000,0.00,false,,
1790442453.111,hud,speed,,,,,"0.0 / 0.0",0.000
1790442453.112,hud,heading,,,,,"0-¦ / 0-¦",0.000
1790442453.112,hud,drift,,,,,"0.00%",0.000
1790442453.113,hud,turns,,,,,"G£ù turns: 0/15",
1790442453.113,hud,calib_s,,,,,"G£ô Buffer 6s",
1790442453.113,marker,dr,52.47019016,-1.48029608,351.40,false,,
1790442453.114,marker,reconciled,0.00000000,0.00000000,0.00,false,,
1790442453.208,hud,speed,,,,,"0.0 / 0.0",0.000
1790442453.209,hud,heading,,,,,"0-¦ / 0-¦",0.000
1790442453.209,hud,drift,,,,,"0.00%",0.000
1790442453.209,hud,turns,,,,,"G£ù turns: 0/15",
1790442453.209,hud,calib_s,,,,,"G£ô Buffer 6s",
1790442453.210,marker,dr,52.47019016,-1.48029608,351.40,false,,
1790442453.210,marker,reconciled,0.00000000,0.00000000,0.00,false,,
1790442453.329,hud,speed,,,,,"0.0 / 0.0",0.000
1790442453.330,hud,heading,,,,,"0-¦ / 0-¦",0.000
1790442453.331,hud,drift,,,,,"0.00%",0.000
1790442453.331,hud,turns,,,,,"G£ù turns: 0/15",
1790442453.331,hud,calib_s,,,,,"G£ô Buffer 6s",
1790442453.331,marker,dr,52.47019016,-1.48029608,351.40,false,,
1790442453.332,marker,reconciled,0.00000000,0.00000000,0.00,false,,
1790442453.409,hud,speed,,,,,"0.0 / 0.0",0.000
1790442453.409,hud,heading,,,,,"0-¦ / 0-¦",0.000
1790442453.410,hud,drift,,,,,"0.00%",0.000
1790442453.410,hud,turns,,,,,"G£ù turns: 0/15",
1790442453.411,hud,calib_s,,,,,"G£ô Buffer 6s",
1790442453.411,marker,dr,52.47019016,-1.48029608,351.40,false,,
1790442453.411,marker,reconciled,0.00000000,0.00000000,0.00,false,,
1790442453.513,hud,speed,,,,,"0.0 / 0.0",0.000
1790442453.513,hud,heading,,,,,"0-¦ / 0-¦",0.000
1790442453.513,hud,drift,,,,,"0.00%",0.000
1790442453.514,hud,turns,,,,,"G£ù turns: 0/15",
1790442453.514,hud,calib_s,,,,,"G£ô Buffer 6s",
1790442453.515,marker,dr,52.47019016,-1.48029608,351.40,false,,
1790442453.515,marker,reconciled,0.00000000,0.00000000,0.00,false,,
1790442453.633,hud,speed,,,,,"0.0 / 0.0",0.000
1790442453.634,hud,heading,,,,,"0-¦ / 0-¦",0.000
1790442453.634,hud,drift,,,,,"0.00%",0.000
1790442453.635,hud,turns,,,,,"G£ù turns: 0/15",
1790442453.635,hud,calib_s,,,,,"G£ô Buffer 6s",
1790442453.636,marker,dr,52.47019016,-1.48029608,351.40,false,,
1790442453.636,marker,reconciled,0.00000000,0.00000000,0.00,false,,
1790442453.715,hud,speed,,,,,"0.0 / 0.0",0.000
1790442453.716,hud,heading,,,,,"0-¦ / 0-¦",0.000
1790442453.716,hud,drift,,,,,"0.00%",0.000
1790442453.716,hud,turns,,,,,"G£ù turns: 0/15",
1790442453.717,hud,calib_s,,,,,"G£ô Buffer 6s",
1790442453.717,marker,dr,52.47019016,-1.48029608,351.40,false,,
1790442453.717,marker,reconciled,0.00000000,0.00000000,0.00,false,,
1790442453.822,hud,speed,,,,,"0.0 / 0.0",0.000
1790442453.823,hud,heading,,,,,"0-¦ / 0-¦",0.000
1790442453.823,hud,drift,,,,,"0.00%",0.000
1790442453.823,hud,turns,,,,,"G£ù turns: 0/15",
1790442453.824,hud,calib_s,,,,,"G£ô Buffer 6s",
1790442453.824,marker,dr,52.47019016,-1.48029608,351.40,false,,
1790442453.825,marker,reconciled,0.00000000,0.00000000,0.00,false,,
1790442453.920,hud,speed,,,,,"0.0 / 0.0",0.000
1790442453.920,hud,heading,,,,,"0-¦ / 0-¦",0.000
1790442453.921,hud,drift,,,,,"0.00%",0.000
1790442453.921,hud,turns,,,,,"G£ù turns: 0/15",
1790442453.921,hud,calib_s,,,,,"G£ô Buffer 6s",
1790442453.921,marker,dr,52.47019016,-1.48029608,351.40,false,,
1790442453.922,marker,reconciled,0.00000000,0.00000000,0.00,false,,
1790442454.041,hud,speed,,,,,"0.0 / 0.0",0.000
1790442454.042,hud,heading,,,,,"0-¦ / 0-¦",0.000
1790442454.042,hud,drift,,,,,"0.00%",0.000
1790442454.043,hud,turns,,,,,"G£ù turns: 0/15",
1790442454.043,hud,calib_s,,,,,"G£ô Buffer 6s",
1790442454.043,marker,dr,52.47019016,-1.48029608,351.40,false,,
1790442454.044,marker,reconciled,0.00000000,0.00000000,0.00,false,,
1790442454.123,hud,speed,,,,,"0.0 / 0.0",0.000
1790442454.123,hud,heading,,,,,"0-¦ / 0-¦",0.000
1790442454.124,hud,drift,,,,,"0.00%",0.000
1790442454.124,hud,turns,,,,,"G£ù turns: 0/15",
1790442454.124,hud,calib_s,,,,,"G£ô Buffer 6s",
1790442454.125,marker,dr,52.47019016,-1.48029608,351.40,false,,
1790442454.125,marker,reconciled,0.00000000,0.00000000,0.00,false,,
1790442454.225,hud,speed,,,,,"0.0 / 0.0",0.000
1790442454.225,hud,heading,,,,,"0-¦ / 0-¦",0.000
1790442454.226,hud,drift,,,,,"0.00%",0.000
1790442454.226,hud,turns,,,,,"G£ù turns: 0/15",
1790442454.227,hud,calib_s,,,,,"G£ô Buffer 6s",
1790442454.227,marker,dr,52.47019016,-1.48029608,351.40,false,,
1790442454.227,marker,reconciled,0.00000000,0.00000000,0.00,false,,
1790442454.329,hud,speed,,,,,"0.0 / 0.0",0.000
1790442454.329,hud,heading,,,,,"0-¦ / 0-¦",0.000
1790442454.330,hud,drift,,,,,"0.00%",0.000
1790442454.330,hud,turns,,,,,"G£ù turns: 0/15",
1790442454.331,hud,calib_s,,,,,"G£ô Buffer 6s",
1790442454.331,marker,dr,52.47019016,-1.48029608,351.40,false,,
1790442454.332,marker,reconciled,0.00000000,0.00000000,0.00,false,,
1790442454.449,hud,speed,,,,,"0.0 / 0.0",0.000
1790442454.450,hud,heading,,,,,"0-¦ / 0-¦",0.000
1790442454.450,hud,drift,,,,,"0.00%",0.000
1790442454.451,hud,turns,,,,,"G£ù turns: 0/15",
1790442454.451,hud,calib_s,,,,,"G£ô Buffer 6s",
1790442454.451,marker,dr,52.47019016,-1.48029608,351.40,false,,
1790442454.451,marker,reconciled,0.00000000,0.00000000,0.00,false,,
1790442454.530,hud,speed,,,,,"0.0 / 0.0",0.000
1790442454.531,hud,heading,,,,,"0-¦ / 0-¦",0.000
1790442454.532,hud,drift,,,,,"0.00%",0.000
1790442454.532,hud,turns,,,,,"G£ù turns: 0/15",
1790442454.532,hud,calib_s,,,,,"G£ô Buffer 6s",
1790442454.533,marker,dr,52.47019016,-1.48029608,351.40,false,,
1790442454.533,marker,reconciled,0.00000000,0.00000000,0.00,false,,
1790442454.634,hud,speed,,,,,"0.0 / 0.0",0.000
1790442454.635,hud,heading,,,,,"0-¦ / 0-¦",0.000
1790442454.635,hud,drift,,,,,"0.00%",0.000
1790442454.636,hud,turns,,,,,"G£ù turns: 0/15",
1790442454.636,hud,calib_s,,,,,"G£ô Buffer 6s",
1790442454.636,marker,dr,52.47019016,-1.48029608,351.40,false,,
1790442454.637,marker,reconciled,0.00000000,0.00000000,0.00,false,,
1790442454.731,hud,speed,,,,,"0.0 / 0.0",0.000
1790442454.731,hud,heading,,,,,"0-¦ / 0-¦",0.000
1790442454.732,hud,drift,,,,,"0.00%",0.000
1790442454.732,hud,turns,,,,,"G£ù turns: 0/15",
1790442454.733,hud,calib_s,,,,,"G£ô Buffer 6s",
1790442454.733,marker,dr,52.47019016,-1.48029608,351.40,false,,
1790442454.733,marker,reconciled,0.00000000,0.00000000,0.00,false,,
1790442454.852,hud,speed,,,,,"0.0 / 0.0",0.000
1790442454.853,hud,heading,,,,,"0-¦ / 0-¦",0.000
1790442454.853,hud,drift,,,,,"0.00%",0.000
1790442454.853,hud,turns,,,,,"G£ù turns: 0/15",
1790442454.854,hud,calib_s,,,,,"G£ô Buffer 6s",
1790442454.854,marker,dr,52.47019016,-1.48029608,351.40,false,,
1790442454.855,marker,reconciled,0.00000000,0.00000000,0.00,false,,
1790442454.934,hud,speed,,,,,"0.0 / 0.0",0.000
1790442454.935,hud,heading,,,,,"0-¦ / 0-¦",0.000
1790442454.935,hud,drift,,,,,"0.00%",0.000
1790442454.936,hud,turns,,,,,"G£ù turns: 0/15",
1790442454.936,hud,calib_s,,,,,"G£ô Buffer 6s",
1790442454.936,marker,dr,52.47019016,-1.48029608,351.40,false,,
1790442454.937,marker,reconciled,0.00000000,0.00000000,0.00,false,,
1790442455.037,hud,speed,,,,,"0.0 / 0.0",0.000
1790442455.037,hud,heading,,,,,"0-¦ / 0-¦",0.000
1790442455.038,hud,drift,,,,,"0.00%",0.000
1790442455.038,hud,turns,,,,,"G£ù turns: 0/15",
1790442455.038,hud,calib_s,,,,,"G£ô Buffer 6s",
1790442455.039,marker,dr,52.47019016,-1.48029608,351.40,false,,
1790442455.039,marker,reconciled,0.00000000,0.00000000,0.00,false,,
1790442455.137,hud,speed,,,,,"0.0 / 0.0",0.000
1790442455.137,hud,heading,,,,,"0-¦ / 0-¦",0.000
1790442455.138,hud,drift,,,,,"0.00%",0.000
1790442455.138,hud,turns,,,,,"G£ù turns: 0/15",
1790442455.139,hud,calib_s,,,,,"G£ô Buffer 6s",
1790442455.139,marker,dr,52.47019016,-1.48029608,351.40,false,,
1790442455.139,marker,reconciled,0.00000000,0.00000000,0.00,false,,
1790442455.258,hud,speed,,,,,"0.0 / 0.0",0.000
1790442455.258,hud,heading,,,,,"0-¦ / 0-¦",0.000
1790442455.259,hud,drift,,,,,"0.00%",0.000
1790442455.259,hud,turns,,,,,"G£ù turns: 0/15",
1790442455.259,hud,calib_s,,,,,"G£ô Buffer 6s",
1790442455.260,marker,dr,52.47019016,-1.48029608,351.40,false,,
1790442455.260,marker,reconciled,0.00000000,0.00000000,0.00,false,,
1790442455.340,hud,speed,,,,,"0.0 / 0.0",0.000
1790442455.340,hud,heading,,,,,"0-¦ / 0-¦",0.000
1790442455.340,hud,drift,,,,,"0.00%",0.000
1790442455.341,hud,turns,,,,,"G£ù turns: 0/15",
1790442455.341,hud,calib_s,,,,,"G£ô Buffer 6s",
1790442455.341,marker,dr,52.47019016,-1.48029608,351.40,false,,
1790442455.342,marker,reconciled,0.00000000,0.00000000,0.00,false,,
1790442455.440,hud,speed,,,,,"0.0 / 0.0",0.000
1790442455.440,hud,heading,,,,,"0-¦ / 0-¦",0.000
1790442455.441,hud,drift,,,,,"0.00%",0.000
1790442455.441,hud,turns,,,,,"G£ù turns: 0/15",
1790442455.441,hud,calib_s,,,,,"G£ô Buffer 6s",
1790442455.442,marker,dr,52.47019016,-1.48029608,351.40,false,,
1790442455.442,marker,reconciled,0.00000000,0.00000000,0.00,false,,
1790442455.560,hud,speed,,,,,"0.0 / 0.0",0.000
1790442455.561,hud,heading,,,,,"0-¦ / 0-¦",0.000
1790442455.561,hud,drift,,,,,"0.00%",0.000
1790442455.561,hud,turns,,,,,"G£ù turns: 0/15",
1790442455.562,hud,calib_s,,,,,"G£ô Buffer 6s",
1790442455.562,marker,dr,52.47019016,-1.48029608,351.40,false,,
1790442455.563,marker,reconciled,0.00000000,0.00000000,0.00,false,,
1790442455.648,hud,speed,,,,,"0.0 / 0.0",0.000
1790442455.648,hud,heading,,,,,"0-¦ / 0-¦",0.000
1790442455.649,hud,drift,,,,,"0.00%",0.000
1790442455.649,hud,turns,,,,,"G£ù turns: 0/15",
1790442455.650,hud,calib_s,,,,,"G£ô Buffer 6s",
1790442455.650,marker,dr,52.47019016,-1.48029608,351.40,false,,
1790442455.651,marker,reconciled,0.00000000,0.00000000,0.00,false,,
1790442455.746,hud,speed,,,,,"0.0 / 0.0",0.000
1790442455.747,hud,heading,,,,,"0-¦ / 0-¦",0.000
1790442455.747,hud,drift,,,,,"0.00%",0.000
1790442455.747,hud,turns,,,,,"G£ù turns: 0/15",
1790442455.747,hud,calib_s,,,,,"G£ô Buffer 6s",
1790442455.747,marker,dr,52.47019016,-1.48029608,351.40,false,,
1790442455.747,marker,reconciled,0.00000000,0.00000000,0.00,false,,
1790442455.846,hud,speed,,,,,"0.0 / 0.0",0.000
1790442455.847,hud,heading,,,,,"0-¦ / 0-¦",0.000
1790442455.847,hud,drift,,,,,"0.00%",0.000
1790442455.847,hud,turns,,,,,"G£ù turns: 0/15",
1790442455.848,hud,calib_s,,,,,"G£ô Buffer 6s",
1790442455.848,marker,dr,52.47019016,-1.48029608,351.40,false,,
1790442455.848,marker,reconciled,0.00000000,0.00000000,0.00,false,,
1790442455.966,hud,speed,,,,,"0.0 / 0.0",0.000
1790442455.967,hud,heading,,,,,"0-¦ / 0-¦",0.000
1790442455.967,hud,drift,,,,,"0.00%",0.000
1790442455.968,hud,turns,,,,,"G£ù turns: 0/15",
1790442455.968,hud,calib_s,,,,,"G£ô Buffer 6s",
1790442455.968,marker,dr,52.47019016,-1.48029608,351.40,false,,
1790442455.969,marker,reconciled,0.00000000,0.00000000,0.00,false,,
1790442456.052,hud,speed,,,,,"0.0 / 0.0",0.000
1790442456.053,hud,heading,,,,,"0-¦ / 0-¦",0.000
1790442456.053,hud,drift,,,,,"0.00%",0.000
1790442456.054,hud,turns,,,,,"G£ù turns: 0/15",
1790442456.054,hud,calib_s,,,,,"G£ô Buffer 6s",
1790442456.055,marker,dr,52.47019016,-1.48029608,351.40,false,,
1790442456.055,marker,reconciled,0.00000000,0.00000000,0.00,false,,
1790442456.150,hud,speed,,,,,"0.0 / 0.0",0.000
1790442456.151,hud,heading,,,,,"0-¦ / 0-¦",0.000
1790442456.151,hud,drift,,,,,"0.00%",0.000
1790442456.151,hud,turns,,,,,"G£ù turns: 0/15",
1790442456.152,hud,calib_s,,,,,"G£ô Buffer 6s",
1790442456.152,marker,dr,52.47019016,-1.48029608,351.40,false,,
1790442456.152,marker,reconciled,0.00000000,0.00000000,0.00,false,,
1790442456.253,hud,speed,,,,,"0.0 / 0.0",0.000
1790442456.254,hud,heading,,,,,"0-¦ / 0-¦",0.000
1790442456.254,hud,drift,,,,,"0.00%",0.000
1790442456.255,hud,turns,,,,,"G£ù turns: 0/15",
1790442456.255,hud,calib_s,,,,,"G£ô Buffer 6s",
1790442456.256,marker,dr,52.47019016,-1.48029608,351.40,false,,
1790442456.257,marker,reconciled,0.00000000,0.00000000,0.00,false,,
